game_id,season,week,home_team,station,kickoff_utc,gfs_wind_d1,gfs_wind_d0,gfs_run_d0,nbs_wind_d1,nbs_gust_d1,nbs_wind_d0,nbs_gust_d0,nbs_run_d0,jma_wind_d2,jma_wind_d1,jma_wind_d0
2018_01_ATL_PHI,2018,1,PHI,KPHL,2018-09-07T00:20Z,5.5,7.1,2018-09-06T18Z,,,,,,2.6,2.8,4.1
2018_01_TEN_MIA,2018,1,MIA,KMIA,2018-09-09T17:00Z,8.6,8.9,2018-09-09T12Z,,,,,,8.3,7.9,8.1
2018_01_BUF_BAL,2018,1,BAL,KBWI,2018-09-09T17:00Z,16.6,18.1,2018-09-09T12Z,,,,,,6.3,8.8,11.2
2018_01_JAX_NYG,2018,1,NYG,KTEB,2018-09-09T17:00Z,11.6,9.2,2018-09-09T12Z,,,,,,9.8,10.1,8.3
2018_01_HOU_NE,2018,1,NE,KOWD,2018-09-09T17:00Z,11.0,10.7,2018-09-09T12Z,,,,,,5.9,6.0,6.7
2018_01_PIT_CLE,2018,1,CLE,KBKL,2018-09-09T17:00Z,31.7,26.1,2018-09-09T12Z,,,,,,10.2,10.9,11.5
2018_01_KC_LAC,2018,1,LAC,KTOA,2018-09-09T20:05Z,13.0,13.8,2018-09-09T12Z,,,,,,8.0,7.9,7.6
2018_01_DAL_CAR,2018,1,CAR,KCLT,2018-09-09T20:25Z,6.5,6.1,2018-09-09T12Z,,,,,,2.8,2.8,3.2
2018_01_SEA_DEN,2018,1,DEN,KDEN,2018-09-09T20:25Z,8.7,7.9,2018-09-09T12Z,,,,,,0.9,4.0,1.8
2018_01_CHI_GB,2018,1,GB,KGRB,2018-09-10T00:20Z,7.1,6.6,2018-09-09T18Z,,,,,,5.2,3.2,4.0
2018_01_LA_OAK,2018,1,LV,KOAK,2018-09-11T02:20Z,11.3,9.7,2018-09-10T18Z,,,,,,9.6,9.7,9.9
2018_02_BAL_CIN,2018,2,CIN,KLUK,2018-09-14T00:20Z,1.4,0.9,2018-09-13T18Z,,,,,,1.8,2.3,1.3
2018_02_KC_PIT,2018,2,PIT,KPIT,2018-09-16T17:00Z,14.4,10.4,2018-09-16T12Z,,,,,,5.6,5.9,4.7
2018_02_MIA_NYJ,2018,2,NYJ,KTEB,2018-09-16T17:00Z,6.7,6.0,2018-09-16T12Z,,,,,,5.9,6.3,6.0
2018_02_LAC_BUF,2018,2,BUF,KBUF,2018-09-16T17:00Z,7.6,6.0,2018-09-16T12Z,,,,,,4.1,5.0,4.6
2018_02_MIN_GB,2018,2,GB,KGRB,2018-09-16T17:00Z,8.2,7.5,2018-09-16T12Z,,,,,,4.2,4.9,3.9
2018_02_PHI_TB,2018,2,TB,KTPA,2018-09-16T17:00Z,10.0,12.7,2018-09-16T12Z,,,,,,6.9,8.2,6.6
2018_02_HOU_TEN,2018,2,TEN,KBNA,2018-09-16T17:00Z,16.9,20.2,2018-09-16T12Z,,,,,,5.5,4.8,5.7
2018_02_IND_WAS,2018,2,WAS,KDCA,2018-09-16T17:00Z,10.2,8.9,2018-09-16T12Z,,,,,,11.2,11.8,9.9
2018_02_ARI_LA,2018,2,LA,KCQT,2018-09-16T20:05Z,2.5,2.5,2018-09-16T12Z,,,,,,10.9,10.6,11.4
2018_02_DET_SF,2018,2,SF,KSJC,2018-09-16T20:05Z,11.4,11.5,2018-09-16T12Z,,,,,,10.5,10.5,9.8
2018_02_NE_JAX,2018,2,JAX,KJAX,2018-09-16T20:25Z,10.3,10.6,2018-09-16T12Z,,,,,,6.9,7.8,8.1
2018_02_OAK_DEN,2018,2,DEN,KDEN,2018-09-16T20:25Z,9.9,8.8,2018-09-16T12Z,,,,,,4.8,4.5,4.2
2018_02_SEA_CHI,2018,2,CHI,KMDW,2018-09-18T00:15Z,4.9,5.4,2018-09-17T18Z,,,,,,6.3,5.5,6.1
2018_03_NYJ_CLE,2018,3,CLE,KBKL,2018-09-21T00:20Z,11.5,11.8,2018-09-20T18Z,,,,,,5.9,6.5,8.1
2018_03_GB_WAS,2018,3,WAS,KDCA,2018-09-23T17:00Z,6.4,7.5,2018-09-23T12Z,,,,,,4.1,7.6,6.9
2018_03_DEN_BAL,2018,3,BAL,KBWI,2018-09-23T17:00Z,7.3,8.1,2018-09-23T12Z,,,,,,0.9,3.6,2.8
2018_03_OAK_MIA,2018,3,MIA,KMIA,2018-09-23T17:00Z,9.4,9.5,2018-09-23T12Z,,,,,,9.9,9.3,10.3
2018_03_IND_PHI,2018,3,PHI,KPHL,2018-09-23T17:00Z,5.8,6.0,2018-09-23T12Z,,,,,,1.3,2.2,3.2
2018_03_CIN_CAR,2018,3,CAR,KCLT,2018-09-23T17:00Z,5.8,5.2,2018-09-23T12Z,,,,,,3.2,2.2,1.7
2018_03_TEN_JAX,2018,3,JAX,KJAX,2018-09-23T17:00Z,11.7,10.4,2018-09-23T12Z,,,,,,7.6,6.3,3.9
2018_03_SF_KC,2018,3,KC,KMCI,2018-09-23T17:00Z,8.2,9.5,2018-09-23T12Z,,,,,,6.7,5.5,5.8
2018_03_LAC_LA,2018,3,LA,KCQT,2018-09-23T20:05Z,2.5,3.2,2018-09-23T12Z,,,,,,12.6,11.0,11.0
2018_03_DAL_SEA,2018,3,SEA,KBFI,2018-09-23T20:25Z,5.4,5.8,2018-09-23T12Z,,,,,,1.3,1.4,1.0
2018_03_PIT_TB,2018,3,TB,KTPA,2018-09-25T00:15Z,4.4,5.6,2018-09-24T18Z,,,,,,1.1,1.6,1.8
2018_04_MIN_LA,2018,4,LA,KCQT,2018-09-28T00:20Z,2.1,3.4,2018-09-27T18Z,,,,,,10.0,9.1,9.1
2018_04_TB_CHI,2018,4,CHI,KMDW,2018-09-30T17:00Z,6.7,6.6,2018-09-30T12Z,,,,,,3.4,5.2,5.9
2018_04_NYJ_JAX,2018,4,JAX,KJAX,2018-09-30T17:00Z,11.2,14.1,2018-09-30T12Z,,,,,,9.1,8.5,10.3
2018_04_BUF_GB,2018,4,GB,KGRB,2018-09-30T17:00Z,8.2,8.1,2018-09-30T12Z,,,,,,2.4,2.1,2.7
2018_04_MIA_NE,2018,4,NE,KOWD,2018-09-30T17:00Z,7.1,8.1,2018-09-30T12Z,,,,,,3.2,2.9,3.1
2018_04_PHI_TEN,2018,4,TEN,KBNA,2018-09-30T17:00Z,3.1,2.6,2018-09-30T12Z,,,,,,1.4,1.1,1.5
2018_04_CLE_OAK,2018,4,LV,KOAK,2018-09-30T20:05Z,8.2,8.7,2018-09-30T12Z,,,,,,5.7,6.1,5.7
2018_04_SF_LAC,2018,4,LAC,KTOA,2018-09-30T20:25Z,13.7,14.0,2018-09-30T12Z,,,,,,10.1,10.4,9.2
2018_04_NO_NYG,2018,4,NYG,KTEB,2018-09-30T20:25Z,6.9,6.1,2018-09-30T12Z,,,,,,8.7,6.6,7.1
2018_04_BAL_PIT,2018,4,PIT,KPIT,2018-10-01T00:20Z,1.2,1.9,2018-09-30T18Z,,,,,,1.0,1.5,1.2
2018_04_KC_DEN,2018,4,DEN,KDEN,2018-10-02T00:15Z,11.3,11.3,2018-10-01T18Z,,,,,,2.1,4.1,2.2
2018_05_IND_NE,2018,5,NE,KOWD,2018-10-05T00:20Z,3.5,3.5,2018-10-04T18Z,,,,,,2.9,2.9,3.1
2018_05_TEN_BUF,2018,5,BUF,KBUF,2018-10-07T17:00Z,5.8,5.2,2018-10-07T12Z,,,,,,8.2,7.7,7.6
2018_05_NYG_CAR,2018,5,CAR,KCLT,2018-10-07T17:00Z,4.6,5.2,2018-10-07T12Z,,,,,,1.6,1.3,1.3
2018_05_JAX_KC,2018,5,KC,KMCI,2018-10-07T17:00Z,8.1,6.3,2018-10-07T12Z,,,,,,6.3,5.7,4.0
2018_05_DEN_NYJ,2018,5,NYJ,KTEB,2018-10-07T17:00Z,8.0,6.9,2018-10-07T12Z,,,,,,6.4,6.0,5.8
2018_05_BAL_CLE,2018,5,CLE,KBKL,2018-10-07T17:00Z,9.0,8.6,2018-10-07T12Z,,,,,,5.5,6.6,5.0
2018_05_ATL_PIT,2018,5,PIT,KPIT,2018-10-07T17:00Z,5.4,5.5,2018-10-07T12Z,,,,,,2.3,3.7,3.0
2018_05_MIA_CIN,2018,5,CIN,KLUK,2018-10-07T17:00Z,3.4,4.6,2018-10-07T12Z,,,,,,,,
2018_05_OAK_LAC,2018,5,LAC,KTOA,2018-10-07T20:05Z,12.8,10.3,2018-10-07T12Z,,,,,,12.7,12.0,10.7
2018_05_ARI_SF,2018,5,SF,KSJC,2018-10-07T20:25Z,16.3,17.2,2018-10-07T12Z,,,,,,13.2,10.8,10.0
2018_05_LA_SEA,2018,5,SEA,KBFI,2018-10-07T20:25Z,4.6,4.6,2018-10-07T12Z,,,,,,3.6,3.7,2.7
2018_05_MIN_PHI,2018,5,PHI,KPHL,2018-10-07T20:25Z,6.1,4.7,2018-10-07T12Z,,,,,,5.6,4.7,3.2
2018_06_PHI_NYG,2018,6,NYG,KTEB,2018-10-12T00:20Z,4.4,4.0,2018-10-11T18Z,,,,,,6.9,7.1,5.3
2018_06_TB_ATL,2018,6,ATL,KATL,2018-10-14T17:00Z,7.9,6.9,2018-10-14T12Z,,,,,,6.3,5.0,5.6
2018_06_PIT_CIN,2018,6,CIN,KLUK,2018-10-14T17:00Z,4.5,4.6,2018-10-14T12Z,,,,,,4.8,4.2,5.3
2018_06_LAC_CLE,2018,6,CLE,KBKL,2018-10-14T17:00Z,8.8,8.3,2018-10-14T12Z,,,,,,5.7,3.7,4.8
2018_06_CHI_MIA,2018,6,MIA,KMIA,2018-10-14T17:00Z,10.1,8.3,2018-10-14T12Z,,,,,,8.5,9.4,6.5
2018_06_IND_NYJ,2018,6,NYJ,KTEB,2018-10-14T17:00Z,6.9,6.3,2018-10-14T12Z,,,,,,8.2,7.9,10.3
2018_06_CAR_WAS,2018,6,WAS,KDCA,2018-10-14T17:00Z,6.7,6.3,2018-10-14T12Z,,,,,,6.4,3.6,5.1
2018_06_LA_DEN,2018,6,DEN,KDEN,2018-10-14T20:05Z,11.1,9.9,2018-10-14T12Z,,,,,,8.1,6.2,4.1
2018_06_BAL_TEN,2018,6,TEN,KBNA,2018-10-14T20:25Z,7.4,10.4,2018-10-14T12Z,,,,,,,,
2018_06_KC_NE,2018,6,NE,KOWD,2018-10-15T00:20Z,1.6,1.6,2018-10-14T18Z,,,,,,3.6,3.1,3.0
2018_06_SF_GB,2018,6,GB,KGRB,2018-10-16T00:15Z,9.2,10.3,2018-10-15T18Z,,,,,,5.4,5.5,5.9
2018_07_NE_CHI,2018,7,CHI,KMDW,2018-10-21T17:00Z,9.8,10.6,2018-10-21T12Z,,,,,,13.3,15.4,14.4
2018_07_DET_MIA,2018,7,MIA,KMIA,2018-10-21T17:00Z,9.5,9.5,2018-10-21T12Z,,,,,,11.7,12.8,11.4
2018_07_MIN_NYJ,2018,7,NYJ,KTEB,2018-10-21T17:00Z,19.6,19.3,2018-10-21T12Z,,,,,,20.8,20.3,19.8
2018_07_HOU_JAX,2018,7,JAX,KJAX,2018-10-21T17:00Z,15.9,15.2,2018-10-21T12Z,,,,,,15.6,15.6,14.4
2018_07_CAR_PHI,2018,7,PHI,KPHL,2018-10-21T17:00Z,21.3,20.4,2018-10-21T12Z,,,,,,20.0,19.8,19.5
2018_07_CLE_TB,2018,7,TB,KTPA,2018-10-21T17:00Z,9.2,8.1,2018-10-21T12Z,,,,,,,,
2018_07_NO_BAL,2018,7,BAL,KBWI,2018-10-21T20:05Z,15.1,14.0,2018-10-21T12Z,,,,,,,,
2018_07_DAL_WAS,2018,7,WAS,KDCA,2018-10-21T20:25Z,16.8,14.3,2018-10-21T12Z,,,,,,14.8,14.6,14.9
2018_07_LA_SF,2018,7,SF,KSJC,2018-10-21T20:25Z,6.7,6.3,2018-10-21T12Z,,,,,,,,
2018_07_CIN_KC,2018,7,KC,KMCI,2018-10-22T00:20Z,12.6,12.9,2018-10-21T18Z,,,,,,8.6,9.3,9.7
2018_07_NYG_ATL,2018,7,ATL,KATL,2018-10-23T00:15Z,3.4,3.5,2018-10-22T18Z,,,,,,2.5,2.0,1.9
2018_08_BAL_CAR,2018,8,CAR,KCLT,2018-10-28T17:00Z,10.7,11.2,2018-10-28T12Z,,,,,,4.4,5.4,5.2
2018_08_NYJ_CHI,2018,8,CHI,KMDW,2018-10-28T17:00Z,18.2,20.4,2018-10-28T12Z,,,,,,21.9,27.5,27.3
2018_08_TB_CIN,2018,8,CIN,KLUK,2018-10-28T17:00Z,16.4,19.5,2018-10-28T12Z,,,,,,8.2,10.5,11.3
2018_08_CLE_PIT,2018,8,PIT,KPIT,2018-10-28T17:00Z,11.2,10.7,2018-10-28T12Z,,,,,,7.5,5.9,6.3
2018_08_WAS_NYG,2018,8,NYG,KTEB,2018-10-28T17:00Z,10.2,10.4,2018-10-28T12Z,,,,,,8.4,7.6,8.0
2018_08_DEN_KC,2018,8,KC,KMCI,2018-10-28T17:00Z,12.1,13.0,2018-10-28T12Z,,,,,,,,
2018_08_IND_OAK,2018,8,LV,KOAK,2018-10-28T20:05Z,9.3,8.8,2018-10-28T12Z,,,,,,8.0,7.9,8.7
2018_08_GB_LA,2018,8,LA,KCQT,2018-10-28T20:25Z,1.9,1.9,2018-10-28T12Z,,,,,,8.4,8.1,7.7
2018_08_NE_BUF,2018,8,BUF,KBUF,2018-10-30T00:15Z,13.4,12.5,2018-10-29T18Z,,,,,,10.4,11.0,10.7
2018_09_OAK_SF,2018,9,SF,KSJC,2018-11-02T00:20Z,6.4,6.4,2018-11-01T18Z,,,,,,4.2,4.3,3.4
2018_09_ATL_WAS,2018,9,WAS,KDCA,2018-11-04T18:00Z,6.3,6.9,2018-11-04T12Z,,,,,,8.2,7.8,7.5
2018_09_NYJ_MIA,2018,9,MIA,KMIA,2018-11-04T18:00Z,13.8,14.4,2018-11-04T12Z,,,,,,14.6,13.6,12.0
2018_09_KC_CLE,2018,9,CLE,KBKL,2018-11-04T18:00Z,16.1,16.1,2018-11-04T12Z,,,,,,9.1,9.1,8.5
2018_09_TB_CAR,2018,9,CAR,KCLT,2018-11-04T18:00Z,8.1,8.6,2018-11-04T12Z,,,,,,4.5,4.1,3.7
2018_09_CHI_BUF,2018,9,BUF,KBUF,2018-11-04T18:00Z,11.5,10.9,2018-11-04T12Z,,,,,,7.2,7.7,8.2
2018_09_PIT_BAL,2018,9,BAL,KBWI,2018-11-04T18:00Z,5.8,6.3,2018-11-04T12Z,,,,,,4.7,4.6,4.3
2018_09_LAC_SEA,2018,9,SEA,KBFI,2018-11-04T21:05Z,12.0,11.4,2018-11-04T12Z,,,,,,5.8,5.1,5.5
2018_09_HOU_DEN,2018,9,DEN,KDEN,2018-11-04T21:05Z,9.2,10.3,2018-11-04T12Z,,,,,,,,
2018_09_GB_NE,2018,9,NE,KOWD,2018-11-05T01:20Z,0.0,0.2,2018-11-04T18Z,,,,,,1.0,0.8,2.0
2018_10_CAR_PIT,2018,10,PIT,KPIT,2018-11-09T01:20Z,7.0,7.2,2018-11-08T18Z,,,,,2018-11-08T18Z,3.7,3.3,4.1
2018_10_ATL_CLE,2018,10,CLE,KBKL,2018-11-11T18:00Z,10.9,10.4,2018-11-11T12Z,9.2,15.0,8.6,12.7,2018-11-11T12Z,6.3,6.7,6.5
2018_10_DET_CHI,2018,10,CHI,KMDW,2018-11-11T18:00Z,10.9,9.8,2018-11-11T12Z,7.5,18.4,6.3,16.1,2018-11-11T12Z,17.9,16.1,15.9
2018_10_NE_TEN,2018,10,TEN,KBNA,2018-11-11T18:00Z,5.8,5.2,2018-11-11T12Z,1.7,9.2,1.2,8.1,2018-11-11T12Z,,,
2018_10_WAS_TB,2018,10,TB,KTPA,2018-11-11T18:00Z,8.1,6.3,2018-11-11T12Z,8.6,12.7,5.8,8.1,2018-11-11T12Z,,,
2018_10_BUF_NYJ,2018,10,NYJ,KTEB,2018-11-11T18:00Z,9.2,8.6,2018-11-11T12Z,3.5,13.8,2.9,12.7,2018-11-11T12Z,,,
2018_10_ARI_KC,2018,10,KC,KMCI,2018-11-11T18:00Z,6.3,5.2,2018-11-11T12Z,2.9,9.2,1.7,8.1,2018-11-11T12Z,,,
2018_10_NO_CIN,2018,10,CIN,KLUK,2018-11-11T18:00Z,5.2,5.2,2018-11-11T12Z,1.2,6.9,0.0,4.6,2018-11-11T12Z,,,
2018_10_LAC_OAK,2018,10,LV,KOAK,2018-11-11T21:05Z,7.9,7.9,2018-11-11T12Z,5.1,10.2,6.2,12.5,2018-11-11T12Z,,,
2018_10_SEA_LA,2018,10,LA,KCQT,2018-11-11T21:25Z,0.4,0.0,2018-11-11T12Z,5.7,12.7,5.7,12.7,2018-11-11T12Z,14.4,13.7,12.0
2018_10_MIA_GB,2018,10,GB,KGRB,2018-11-11T21:25Z,7.8,6.7,2018-11-11T12Z,6.6,15.0,5.5,14.5,2018-11-11T12Z,,,
2018_10_DAL_PHI,2018,10,PHI,KPHL,2018-11-12T01:20Z,2.6,3.6,2018-11-11T18Z,0.0,1.2,,,2018-11-11T18Z,3.4,3.9,4.1
2018_10_NYG_SF,2018,10,SF,KSJC,2018-11-13T01:15Z,2.4,3.1,2018-11-12T18Z,0.6,3.6,,,2018-11-12T18Z,2.2,2.5,1.7
2018_11_GB_SEA,2018,11,SEA,KBFI,2018-11-16T01:20Z,6.6,7.9,2018-11-15T18Z,3.8,16.0,,,2018-11-15T18Z,6.4,4.7,5.7
2018_11_TB_NYG,2018,11,NYG,KTEB,2018-11-18T18:00Z,4.6,3.5,2018-11-18T12Z,0.6,5.8,1.2,6.9,2018-11-18T12Z,2.2,3.5,4.1
2018_11_PIT_JAX,2018,11,JAX,KJAX,2018-11-18T18:00Z,8.6,7.5,2018-11-18T12Z,4.0,8.1,4.0,6.9,2018-11-18T12Z,7.5,5.8,5.5
2018_11_CIN_BAL,2018,11,BAL,KBWI,2018-11-18T18:00Z,5.8,5.8,2018-11-18T12Z,2.3,5.8,2.9,10.4,2018-11-18T12Z,3.8,4.8,4.7
2018_11_DAL_ATL,2018,11,ATL,KATL,2018-11-18T18:00Z,2.3,3.5,2018-11-18T12Z,0.0,3.5,0.0,2.3,2018-11-18T12Z,1.0,1.5,1.6
2018_11_HOU_WAS,2018,11,WAS,KDCA,2018-11-18T18:00Z,6.9,6.3,2018-11-18T12Z,2.3,6.9,3.5,11.5,2018-11-18T12Z,,,
2018_11_DEN_LAC,2018,11,LAC,KTOA,2018-11-18T21:05Z,11.5,10.9,2018-11-18T12Z,,,,,2018-11-18T12Z,10.7,8.2,6.1
2018_11_MIN_CHI,2018,11,CHI,KMDW,2018-11-19T01:20Z,5.0,4.5,2018-11-18T18Z,1.4,4.7,,,2018-11-18T18Z,11.3,11.1,12.2
2018_11_KC_LA,2018,11,LA,KCQT,2018-11-20T01:15Z,0.2,0.2,2018-11-19T18Z,1.6,7.8,,,2018-11-19T18Z,6.6,5.6,2.7
2018_12_NYG_PHI,2018,12,PHI,KPHL,2018-11-25T18:00Z,9.8,9.2,2018-11-25T12Z,4.0,15.0,3.5,12.7,2018-11-25T12Z,8.1,8.3,7.9
2018_12_CLE_CIN,2018,12,CIN,KLUK,2018-11-25T18:00Z,9.8,7.5,2018-11-25T12Z,6.9,23.0,3.5,13.8,2018-11-25T12Z,6.3,5.5,5.8
2018_12_NE_NYJ,2018,12,NYJ,KTEB,2018-11-25T18:00Z,9.2,8.1,2018-11-25T12Z,5.2,18.4,2.9,11.5,2018-11-25T12Z,10.3,8.4,7.6
2018_12_SF_TB,2018,12,TB,KTPA,2018-11-25T18:00Z,7.5,7.5,2018-11-25T12Z,4.0,6.9,5.2,9.2,2018-11-25T12Z,5.5,5.4,6.2
2018_12_JAX_BUF,2018,12,BUF,KBUF,2018-11-25T18:00Z,10.9,12.7,2018-11-25T12Z,4.0,15.0,5.8,16.1,2018-11-25T12Z,6.7,9.6,8.6
2018_12_OAK_BAL,2018,12,BAL,KBWI,2018-11-25T18:00Z,6.9,6.9,2018-11-25T12Z,3.5,12.7,3.5,12.7,2018-11-25T12Z,3.4,3.1,3.2
2018_12_SEA_CAR,2018,12,CAR,KCLT,2018-11-25T18:00Z,5.8,4.0,2018-11-25T12Z,1.7,5.8,0.6,4.6,2018-11-25T12Z,1.6,1.7,1.8
2018_12_ARI_LAC,2018,12,LAC,KTOA,2018-11-25T21:05Z,10.3,9.8,2018-11-25T12Z,,,,,2018-11-25T12Z,7.2,4.6,2.9
2018_12_PIT_DEN,2018,12,DEN,KDEN,2018-11-25T21:25Z,9.4,9.4,2018-11-25T12Z,3.2,12.9,4.4,14.8,2018-11-25T12Z,3.4,3.6,3.0
2018_13_BAL_ATL,2018,13,ATL,KATL,2018-12-02T18:00Z,10.9,10.4,2018-12-02T12Z,6.3,20.7,5.2,19.6,2018-12-02T12Z,7.0,7.4,7.2
2018_13_DEN_CIN,2018,13,CIN,KLUK,2018-12-02T18:00Z,20.1,22.4,2018-12-02T12Z,12.1,34.5,12.7,32.2,2018-12-02T12Z,7.8,9.3,10.4
2018_13_ARI_GB,2018,13,GB,KGRB,2018-12-02T18:00Z,20.1,20.1,2018-12-02T12Z,17.3,33.4,17.8,34.5,2018-12-02T12Z,10.5,11.3,11.2
2018_13_IND_JAX,2018,13,JAX,KJAX,2018-12-02T18:00Z,13.8,12.7,2018-12-02T12Z,10.9,28.8,12.1,29.9,2018-12-02T12Z,8.6,10.5,10.1
2018_13_BUF_MIA,2018,13,MIA,KMIA,2018-12-02T18:00Z,12.7,13.2,2018-12-02T12Z,10.9,19.6,10.4,19.6,2018-12-02T12Z,12.8,13.6,14.5
2018_13_CHI_NYG,2018,13,NYG,KTEB,2018-12-02T18:00Z,5.2,4.6,2018-12-02T12Z,2.9,9.2,2.9,9.2,2018-12-02T12Z,4.9,6.2,3.5
2018_13_CAR_TB,2018,13,TB,KTPA,2018-12-02T18:00Z,13.8,15.0,2018-12-02T12Z,13.8,26.5,14.4,26.5,2018-12-02T12Z,10.3,11.2,10.9
2018_13_KC_OAK,2018,13,LV,KOAK,2018-12-02T21:05Z,5.7,5.8,2018-12-02T12Z,2.8,4.6,2.8,4.5,2018-12-02T12Z,0.8,0.6,2.5
2018_13_NYJ_TEN,2018,13,TEN,KBNA,2018-12-02T21:05Z,14.2,15.4,2018-12-02T12Z,9.1,27.4,9.6,28.4,2018-12-02T12Z,6.1,6.5,7.5
2018_13_SF_SEA,2018,13,SEA,KBFI,2018-12-02T21:25Z,3.4,3.8,2018-12-02T12Z,0.4,1.0,0.4,1.2,2018-12-02T12Z,1.8,1.2,0.6
2018_13_MIN_NE,2018,13,NE,KOWD,2018-12-02T21:25Z,6.7,6.0,2018-12-02T12Z,4.6,14.6,5.0,15.8,2018-12-02T12Z,1.6,3.5,3.9
2018_13_LAC_PIT,2018,13,PIT,KPIT,2018-12-03T01:20Z,11.7,12.3,2018-12-02T18Z,6.9,21.4,,,2018-12-02T18Z,5.5,7.5,8.5
2018_13_WAS_PHI,2018,13,PHI,KPHL,2018-12-04T01:15Z,11.3,10.4,2018-12-03T18Z,6.8,14.5,,,2018-12-03T18Z,15.0,13.8,14.2
2018_14_JAX_TEN,2018,14,TEN,KBNA,2018-12-07T01:20Z,5.6,4.8,2018-12-06T18Z,2.5,6.4,,,2018-12-06T18Z,,,
2018_14_NE_MIA,2018,14,MIA,KMIA,2018-12-09T18:00Z,13.8,14.4,2018-12-09T12Z,11.5,21.9,13.2,25.3,2018-12-09T12Z,20.3,19.7,19.4
2018_14_BAL_KC,2018,14,KC,KMCI,2018-12-09T18:00Z,4.0,3.5,2018-12-09T12Z,0.0,2.3,0.0,2.3,2018-12-09T12Z,3.1,3.0,2.4
2018_14_CAR_CLE,2018,14,CLE,KBKL,2018-12-09T18:00Z,6.3,5.2,2018-12-09T12Z,2.9,4.6,2.9,4.6,2018-12-09T12Z,0.7,0.9,1.6
2018_14_ATL_GB,2018,14,GB,KGRB,2018-12-09T18:00Z,9.2,9.2,2018-12-09T12Z,8.1,17.3,8.6,16.1,2018-12-09T12Z,5.4,6.0,6.2
2018_14_NO_TB,2018,14,TB,KTPA,2018-12-09T18:00Z,11.5,15.0,2018-12-09T12Z,11.5,25.3,12.7,24.2,2018-12-09T12Z,10.3,9.5,8.2
2018_14_NYG_WAS,2018,14,WAS,KDCA,2018-12-09T18:00Z,7.5,6.9,2018-12-09T12Z,2.9,8.1,4.0,9.2,2018-12-09T12Z,5.0,5.7,6.7
2018_14_NYJ_BUF,2018,14,BUF,KBUF,2018-12-09T18:00Z,14.4,12.7,2018-12-09T12Z,7.5,20.7,7.5,19.6,2018-12-09T12Z,11.4,11.4,10.4
2018_14_CIN_LAC,2018,14,LAC,KTOA,2018-12-09T21:05Z,10.4,10.4,2018-12-09T12Z,,,,,2018-12-09T12Z,7.2,8.6,3.7
2018_14_DEN_SF,2018,14,SF,KSJC,2018-12-09T21:05Z,3.5,3.0,2018-12-09T12Z,1.1,2.3,0.5,2.3,2018-12-09T12Z,3.3,2.7,3.7
2018_14_PIT_OAK,2018,14,LV,KOAK,2018-12-09T21:25Z,4.6,2.8,2018-12-09T12Z,2.3,4.6,2.3,3.5,2018-12-09T12Z,2.0,1.8,2.4
2018_14_LA_CHI,2018,14,CHI,KMDW,2018-12-10T01:20Z,3.9,4.3,2018-12-09T18Z,0.2,2.3,,,2018-12-09T18Z,9.6,9.1,7.8
2018_14_MIN_SEA,2018,14,SEA,KBFI,2018-12-11T01:15Z,5.1,7.4,2018-12-10T18Z,4.4,13.8,,,2018-12-10T18Z,4.5,5.2,4.3
2018_15_LAC_KC,2018,15,KC,KMCI,2018-12-14T01:20Z,16.1,15.8,2018-12-13T18Z,12.7,25.4,,,2018-12-13T18Z,14.5,13.9,14.1
2018_15_HOU_NYJ,2018,15,NYJ,KTEB,2018-12-15T21:30Z,5.8,5.5,2018-12-15T12Z,6.9,19.2,5.8,16.9,2018-12-15T12Z,,,
2018_15_CLE_DEN,2018,15,DEN,KDEN,2018-12-16T01:20Z,9.6,9.6,2018-12-15T18Z,4.3,10.2,,,2018-12-15T18Z,,,
2018_15_TB_BAL,2018,15,BAL,KBWI,2018-12-16T18:00Z,7.5,7.5,2018-12-16T12Z,8.6,19.6,9.2,19.6,2018-12-16T12Z,8.0,7.9,7.9
2018_15_GB_CHI,2018,15,CHI,KMDW,2018-12-16T18:00Z,8.1,8.1,2018-12-16T12Z,4.6,11.5,4.6,11.5,2018-12-16T12Z,11.9,13.2,12.2
2018_15_WAS_JAX,2018,15,JAX,KJAX,2018-12-16T18:00Z,10.9,10.9,2018-12-16T12Z,7.5,13.8,8.1,13.8,2018-12-16T12Z,7.0,8.1,8.4
2018_15_TEN_NYG,2018,15,NYG,KTEB,2018-12-16T18:00Z,11.5,11.5,2018-12-16T12Z,11.5,32.2,10.9,32.2,2018-12-16T12Z,13.0,16.0,16.0
2018_15_OAK_CIN,2018,15,CIN,KLUK,2018-12-16T18:00Z,8.1,7.5,2018-12-16T12Z,2.9,8.1,2.9,9.2,2018-12-16T12Z,,,
2018_15_DET_BUF,2018,15,BUF,KBUF,2018-12-16T18:00Z,4.6,6.3,2018-12-16T12Z,1.2,3.5,1.2,3.5,2018-12-16T12Z,,,
2018_15_SEA_SF,2018,15,SF,KSJC,2018-12-16T21:05Z,12.0,10.9,2018-12-16T12Z,8.1,19.5,8.0,23.0,2018-12-16T12Z,11.4,12.8,8.6
2018_15_NE_PIT,2018,15,PIT,KPIT,2018-12-16T21:25Z,5.0,5.8,2018-12-16T12Z,2.3,7.6,3.5,8.9,2018-12-16T12Z,1.2,3.8,4.3
2018_15_PHI_LA,2018,15,LA,KCQT,2018-12-17T01:20Z,0.6,0.5,2018-12-16T18Z,2.0,9.1,,,2018-12-16T18Z,,,
2018_15_NO_CAR,2018,15,CAR,KCLT,2018-12-18T01:15Z,2.5,2.5,2018-12-17T18Z,1.4,7.8,,,2018-12-17T18Z,2.8,2.5,3.4
2018_16_WAS_TEN,2018,16,TEN,KBNA,2018-12-22T21:30Z,6.3,6.6,2018-12-22T12Z,3.9,9.0,3.9,8.8,2018-12-22T12Z,2.2,3.2,3.7
2018_16_BAL_LAC,2018,16,LAC,KTOA,2018-12-23T01:20Z,20.2,18.6,2018-12-22T18Z,,,,,2018-12-22T18Z,5.0,4.7,3.9
2018_16_JAX_MIA,2018,16,MIA,KMIA,2018-12-23T18:00Z,7.5,6.9,2018-12-23T12Z,4.6,10.4,4.6,10.4,2018-12-23T12Z,8.7,8.6,8.8
2018_16_ATL_CAR,2018,16,CAR,KCLT,2018-12-23T18:00Z,7.5,7.5,2018-12-23T12Z,5.2,17.3,3.5,12.7,2018-12-23T12Z,5.4,5.0,4.6
2018_16_CIN_CLE,2018,16,CLE,KBKL,2018-12-23T18:00Z,9.2,9.8,2018-12-23T12Z,5.8,9.2,5.8,9.2,2018-12-23T12Z,5.7,5.9,5.4
2018_16_GB_NYJ,2018,16,NYJ,KTEB,2018-12-23T18:00Z,7.5,7.5,2018-12-23T12Z,3.5,11.5,3.5,11.5,2018-12-23T12Z,3.9,5.9,6.8
2018_16_BUF_NE,2018,16,NE,KOWD,2018-12-23T18:00Z,8.6,8.6,2018-12-23T12Z,4.6,12.7,3.5,12.7,2018-12-23T12Z,2.4,2.9,3.5
2018_16_HOU_PHI,2018,16,PHI,KPHL,2018-12-23T18:00Z,6.9,6.3,2018-12-23T12Z,2.9,8.1,2.3,6.9,2018-12-23T12Z,,,
2018_16_CHI_SF,2018,16,SF,KSJC,2018-12-23T21:05Z,5.7,5.2,2018-12-23T12Z,2.3,6.9,2.3,4.6,2018-12-23T12Z,4.7,3.7,4.9
2018_16_KC_SEA,2018,16,SEA,KBFI,2018-12-24T01:20Z,5.4,7.0,2018-12-23T18Z,3.7,12.7,,,2018-12-23T18Z,5.6,4.5,3.6
2018_16_DEN_OAK,2018,16,LV,KOAK,2018-12-25T01:15Z,18.4,13.0,2018-12-24T18Z,12.5,25.3,,,2018-12-24T18Z,10.9,9.4,10.1
2018_17_NYJ_NE,2018,17,NE,KOWD,2018-12-30T18:00Z,4.0,2.3,2018-12-30T12Z,0.6,5.8,1.2,6.9,2018-12-30T12Z,0.6,1.7,1.0
2018_17_DAL_NYG,2018,17,NYG,KTEB,2018-12-30T18:00Z,7.5,5.2,2018-12-30T12Z,2.9,10.4,2.9,9.2,2018-12-30T12Z,1.2,3.3,3.1
2018_17_MIA_BUF,2018,17,BUF,KBUF,2018-12-30T18:00Z,15.5,13.8,2018-12-30T12Z,8.6,20.7,9.2,20.7,2018-12-30T12Z,8.5,13.0,13.5
2018_17_DET_GB,2018,17,GB,KGRB,2018-12-30T18:00Z,12.1,12.1,2018-12-30T12Z,12.7,27.6,10.9,24.2,2018-12-30T12Z,7.0,7.3,7.7
2018_17_ATL_TB,2018,17,TB,KTPA,2018-12-30T18:00Z,7.5,7.5,2018-12-30T12Z,2.9,5.8,2.9,4.6,2018-12-30T12Z,,,
2018_17_ARI_SEA,2018,17,SEA,KBFI,2018-12-30T21:25Z,4.3,5.0,2018-12-30T12Z,0.4,4.4,1.2,8.0,2018-12-30T12Z,1.0,1.2,0.8
2018_17_PHI_WAS,2018,17,WAS,KDCA,2018-12-30T21:25Z,5.0,3.4,2018-12-30T12Z,0.4,4.1,1.1,2.1,2018-12-30T12Z,3.9,3.5,3.8
2018_17_SF_LA,2018,17,LA,KCQT,2018-12-30T21:25Z,1.9,1.2,2018-12-30T12Z,4.1,9.2,4.1,9.2,2018-12-30T12Z,7.5,7.2,5.3
2018_17_CIN_PIT,2018,17,PIT,KPIT,2018-12-30T21:25Z,6.3,5.4,2018-12-30T12Z,3.2,11.2,3.2,11.7,2018-12-30T12Z,2.6,2.6,2.2
2018_17_OAK_KC,2018,17,KC,KMCI,2018-12-30T21:25Z,13.3,14.2,2018-12-30T12Z,8.9,23.5,7.8,20.1,2018-12-30T12Z,11.3,10.9,10.3
2018_17_LAC_DEN,2018,17,DEN,KDEN,2018-12-30T21:25Z,6.9,7.8,2018-12-30T12Z,4.6,13.5,3.9,11.0,2018-12-30T12Z,3.2,3.5,1.9
2018_17_CLE_BAL,2018,17,BAL,KBWI,2018-12-30T21:25Z,3.6,1.8,2018-12-30T12Z,0.4,5.3,1.1,4.3,2018-12-30T12Z,1.7,1.5,2.1
2018_17_IND_TEN,2018,17,TEN,KBNA,2018-12-31T01:20Z,4.4,5.2,2018-12-30T18Z,1.4,5.0,,,2018-12-30T18Z,2.7,2.5,3.0
2018_18_LAC_BAL,2018,18,BAL,KBWI,2019-01-06T18:05Z,14.3,,2019-01-06T12Z,10.3,23.0,10.3,24.0,2019-01-06T12Z,6.9,7.4,8.9
2018_18_PHI_CHI,2018,18,CHI,KMDW,2019-01-06T21:40Z,13.4,,2019-01-06T12Z,7.8,18.0,7.8,19.7,2019-01-06T12Z,20.0,19.9,19.2
2018_19_IND_KC,2018,19,KC,KMCI,2019-01-12T21:35Z,11.9,13.8,2019-01-12T12Z,7.3,18.0,8.1,17.0,2019-01-12T12Z,10.9,10.7,11.9
2018_19_DAL_LA,2018,19,LA,KCQT,2019-01-13T01:15Z,0.4,2.4,2019-01-12T18Z,1.8,8.9,,,2019-01-12T18Z,4.2,3.4,1.8
2018_19_LAC_NE,2018,19,NE,KOWD,2019-01-13T18:05Z,4.0,5.7,2019-01-13T12Z,3.4,6.9,3.5,8.1,2019-01-13T12Z,3.0,2.9,3.7
2018_20_NE_KC,2018,20,KC,KMCI,2019-01-20T23:40Z,9.0,11.5,2019-01-20T18Z,4.4,9.7,,,2019-01-20T18Z,8.7,9.7,11.2
2019_01_GB_CHI,2019,1,CHI,KMDW,2019-09-06T00:20Z,7.2,6.2,2019-09-05T18Z,2.8,6.5,,,2019-09-05T18Z,9.6,9.3,9.4
2019_01_WAS_PHI,2019,1,PHI,KPHL,2019-09-08T17:00Z,7.2,8.1,2019-09-08T12Z,3.4,9.2,3.5,10.4,2019-09-08T12Z,6.4,6.1,4.4
2019_01_BUF_NYJ,2019,1,NYJ,KTEB,2019-09-08T17:00Z,7.9,8.9,2019-09-08T12Z,4.5,12.7,4.3,15.0,2019-09-08T12Z,5.9,8.1,5.5
2019_01_BAL_MIA,2019,1,MIA,KMIA,2019-09-08T17:00Z,9.2,8.9,2019-09-08T12Z,5.9,12.7,6.9,13.8,2019-09-08T12Z,7.5,9.2,7.7
2019_01_TEN_CLE,2019,1,CLE,KBKL,2019-09-08T17:00Z,7.9,11.0,2019-09-08T12Z,5.7,9.2,7.5,10.4,2019-09-08T12Z,5.5,5.5,7.0
2019_01_LA_CAR,2019,1,CAR,KCLT,2019-09-08T17:00Z,4.1,3.7,2019-09-08T12Z,1.3,6.9,0.0,4.2,2019-09-08T12Z,3.5,2.8,1.8
2019_01_KC_JAX,2019,1,JAX,KJAX,2019-09-08T17:00Z,6.2,7.2,2019-09-08T12Z,4.3,8.8,3.1,8.1,2019-09-08T12Z,3.8,4.5,5.0
2019_01_IND_LAC,2019,1,LAC,KTOA,2019-09-08T20:05Z,11.7,12.7,2019-09-08T12Z,,,,,2019-09-08T12Z,12.3,12.2,12.4
2019_01_CIN_SEA,2019,1,SEA,KBFI,2019-09-08T20:05Z,6.7,8.6,2019-09-08T12Z,5.8,13.1,5.8,11.2,2019-09-08T12Z,6.0,4.5,5.3
2019_01_SF_TB,2019,1,TB,KTPA,2019-09-08T20:25Z,7.7,8.5,2019-09-08T12Z,4.6,8.0,5.3,8.0,2019-09-08T12Z,4.5,5.3,4.7
2019_01_PIT_NE,2019,1,NE,KOWD,2019-09-09T00:20Z,0.9,1.4,2019-09-08T18Z,1.2,8.1,,,2019-09-08T18Z,2.6,3.1,2.5
2019_02_TB_CAR,2019,2,CAR,KCLT,2019-09-13T00:20Z,3.2,3.0,2019-09-12T18Z,1.2,3.4,,,2019-09-12T18Z,1.5,0.7,0.8
2019_02_SEA_PIT,2019,2,PIT,KPIT,2019-09-15T17:00Z,5.9,4.0,2019-09-15T12Z,2.2,6.5,2.3,6.5,2019-09-15T12Z,1.4,3.2,1.4
2019_02_SF_CIN,2019,2,CIN,KLUK,2019-09-15T17:00Z,6.9,6.0,2019-09-15T12Z,2.3,6.9,2.3,9.2,2019-09-15T12Z,3.6,4.8,1.8
2019_02_ARI_BAL,2019,2,BAL,KBWI,2019-09-15T17:00Z,5.8,6.9,2019-09-15T12Z,3.3,7.7,2.3,6.9,2019-09-15T12Z,4.3,3.2,2.1
2019_02_DAL_WAS,2019,2,WAS,KDCA,2019-09-15T17:00Z,5.8,7.2,2019-09-15T12Z,3.3,8.4,2.3,6.9,2019-09-15T12Z,6.9,4.8,3.1
2019_02_NE_MIA,2019,2,MIA,KMIA,2019-09-15T17:00Z,10.3,8.9,2019-09-15T12Z,6.7,19.6,4.9,13.8,2019-09-15T12Z,11.3,10.8,11.8
2019_02_BUF_NYG,2019,2,NYG,KTEB,2019-09-15T17:00Z,6.2,6.0,2019-09-15T12Z,2.7,10.0,2.3,9.2,2019-09-15T12Z,5.3,4.7,4.3
2019_02_IND_TEN,2019,2,TEN,KBNA,2019-09-15T17:00Z,4.4,4.6,2019-09-15T12Z,3.6,8.1,2.6,6.9,2019-09-15T12Z,,,
2019_02_MIN_GB,2019,2,GB,KGRB,2019-09-15T17:00Z,6.0,4.6,2019-09-15T12Z,4.6,10.0,2.3,5.8,2019-09-15T12Z,,,
2019_02_CHI_DEN,2019,2,DEN,KDEN,2019-09-15T20:25Z,11.0,12.5,2019-09-15T12Z,6.8,18.7,7.9,19.8,2019-09-15T12Z,11.9,11.2,9.7
2019_02_NO_LA,2019,2,LA,KCQT,2019-09-15T20:25Z,2.7,2.6,2019-09-15T12Z,6.4,15.0,6.8,15.0,2019-09-15T12Z,10.5,8.6,9.0
2019_02_PHI_ATL,2019,2,ATL,KATL,2019-09-16T00:20Z,7.1,6.0,2019-09-15T18Z,1.2,6.6,,,2019-09-15T18Z,2.6,2.4,1.1
2019_02_CLE_NYJ,2019,2,NYJ,KTEB,2019-09-17T00:15Z,3.3,4.0,2019-09-16T18Z,3.5,9.4,,,2019-09-16T18Z,5.0,3.9,3.2
2019_03_TEN_JAX,2019,3,JAX,KJAX,2019-09-20T00:20Z,11.3,11.7,2019-09-19T18Z,9.4,20.2,,,2019-09-19T18Z,13.9,14.2,16.1
2019_03_BAL_KC,2019,3,KC,KMCI,2019-09-22T17:00Z,12.5,13.0,2019-09-22T12Z,6.9,20.7,8.1,19.2,2019-09-22T12Z,8.5,13.0,9.6
2019_03_DET_PHI,2019,3,PHI,KPHL,2019-09-22T17:00Z,9.3,8.9,2019-09-22T12Z,5.5,11.5,5.8,10.4,2019-09-22T12Z,8.6,7.6,7.3
2019_03_NYJ_NE,2019,3,NE,KOWD,2019-09-22T17:00Z,11.5,11.8,2019-09-22T12Z,7.6,19.6,6.6,17.3,2019-09-22T12Z,5.2,5.2,5.5
2019_03_CIN_BUF,2019,3,BUF,KBUF,2019-09-22T17:00Z,19.2,18.4,2019-09-22T12Z,12.2,27.6,12.4,26.5,2019-09-22T12Z,12.7,11.1,11.7
2019_03_DEN_GB,2019,3,GB,KGRB,2019-09-22T17:00Z,8.9,9.5,2019-09-22T12Z,7.8,17.3,6.4,16.1,2019-09-22T12Z,4.6,5.8,6.8
2019_03_NYG_TB,2019,3,TB,KTPA,2019-09-22T20:05Z,9.7,10.2,2019-09-22T12Z,11.0,18.3,10.7,17.6,2019-09-22T12Z,10.0,9.6,8.7
2019_03_HOU_LAC,2019,3,LAC,KTOA,2019-09-22T20:25Z,14.1,14.4,2019-09-22T12Z,,,,,2019-09-22T12Z,10.1,7.7,6.2
2019_03_NO_SEA,2019,3,SEA,KBFI,2019-09-22T20:25Z,7.0,6.1,2019-09-22T12Z,6.9,16.3,6.1,16.3,2019-09-22T12Z,2.9,4.7,3.6
2019_03_PIT_SF,2019,3,SF,KSJC,2019-09-22T20:25Z,9.0,9.4,2019-09-22T12Z,6.4,13.4,6.4,13.6,2019-09-22T12Z,9.3,8.8,7.9
2019_03_LA_CLE,2019,3,CLE,KBKL,2019-09-23T00:20Z,20.8,18.0,2019-09-22T18Z,11.1,21.2,,,2019-09-22T18Z,10.9,9.2,9.5
2019_03_CHI_WAS,2019,3,WAS,KDCA,2019-09-24T00:15Z,6.8,9.5,2019-09-23T18Z,4.6,14.6,,,2019-09-23T18Z,,,
2019_04_PHI_GB,2019,4,GB,KGRB,2019-09-27T00:20Z,5.5,6.0,2019-09-26T18Z,4.6,12.1,,,2019-09-26T18Z,4.9,4.2,3.6
2019_04_LAC_MIA,2019,4,MIA,KMIA,2019-09-29T17:00Z,17.4,16.7,2019-09-29T12Z,12.5,23.8,12.9,24.2,2019-09-29T12Z,19.6,20.4,19.2
2019_04_NE_BUF,2019,4,BUF,KBUF,2019-09-29T17:00Z,10.8,12.7,2019-09-29T12Z,5.8,10.4,6.9,12.7,2019-09-29T12Z,7.2,7.1,8.3
2019_04_CLE_BAL,2019,4,BAL,KBWI,2019-09-29T17:00Z,9.7,11.2,2019-09-29T12Z,5.6,11.1,6.6,11.5,2019-09-29T12Z,5.1,4.8,4.3
2019_04_WAS_NYG,2019,4,NYG,KTEB,2019-09-29T17:00Z,8.7,10.1,2019-09-29T12Z,6.8,17.6,7.8,17.3,2019-09-29T12Z,,,
2019_04_TB_LA,2019,4,LA,KCQT,2019-09-29T20:05Z,5.5,6.3,2019-09-29T12Z,8.0,16.9,6.9,16.9,2019-09-29T12Z,10.9,12.5,13.2
2019_04_JAX_DEN,2019,4,DEN,KDEN,2019-09-29T20:25Z,29.3,27.4,2019-09-29T12Z,19.2,37.9,21.0,39.0,2019-09-29T12Z,12.9,13.7,14.8
2019_04_MIN_CHI,2019,4,CHI,KMDW,2019-09-29T20:25Z,11.1,9.2,2019-09-29T12Z,4.6,13.1,3.1,9.0,2019-09-29T12Z,,,
2019_04_CIN_PIT,2019,4,PIT,KPIT,2019-10-01T00:15Z,3.5,1.8,2019-09-30T18Z,3.0,5.8,,,2019-09-30T18Z,2.9,3.8,4.2
2019_05_LA_SEA,2019,5,SEA,KBFI,2019-10-04T00:20Z,5.7,7.1,2019-10-03T18Z,5.1,13.6,,,2019-10-03T18Z,5.8,4.6,4.3
2019_05_BAL_PIT,2019,5,PIT,KPIT,2019-10-06T17:00Z,11.2,10.1,2019-10-06T12Z,8.7,21.9,7.8,19.6,2019-10-06T12Z,6.4,7.5,7.2
2019_05_NE_WAS,2019,5,WAS,KDCA,2019-10-06T17:00Z,11.7,13.5,2019-10-06T12Z,7.7,19.6,7.8,20.7,2019-10-06T12Z,13.1,14.2,13.6
2019_05_NYJ_PHI,2019,5,PHI,KPHL,2019-10-06T17:00Z,10.6,11.2,2019-10-06T12Z,8.9,21.9,8.9,20.7,2019-10-06T12Z,13.8,14.8,15.3
2019_05_MIN_NYG,2019,5,NYG,KTEB,2019-10-06T17:00Z,11.5,11.5,2019-10-06T12Z,10.2,26.5,8.7,24.2,2019-10-06T12Z,16.9,18.2,16.5
2019_05_ARI_CIN,2019,5,CIN,KLUK,2019-10-06T17:00Z,8.7,8.4,2019-10-06T12Z,3.3,15.0,4.1,17.3,2019-10-06T12Z,4.6,5.1,5.4
2019_05_JAX_CAR,2019,5,CAR,KCLT,2019-10-06T17:00Z,4.7,4.6,2019-10-06T12Z,2.3,6.9,1.4,8.1,2019-10-06T12Z,2.5,2.5,2.4
2019_05_BUF_TEN,2019,5,TEN,KBNA,2019-10-06T17:00Z,9.6,11.8,2019-10-06T12Z,6.7,15.7,7.5,19.6,2019-10-06T12Z,,,
2019_05_DEN_LAC,2019,5,LAC,KTOA,2019-10-06T20:05Z,14.0,13.2,2019-10-06T12Z,,,,,2019-10-06T12Z,11.3,10.6,9.6
2019_05_IND_KC,2019,5,KC,KMCI,2019-10-07T00:20Z,3.5,3.9,2019-10-06T18Z,1.8,5.8,,,2019-10-06T18Z,2.8,2.2,1.3
2019_05_CLE_SF,2019,5,SF,KSJC,2019-10-08T00:15Z,6.5,8.2,2019-10-07T18Z,3.3,8.8,,,2019-10-07T18Z,6.6,7.1,5.4
2019_06_NYG_NE,2019,6,NE,KOWD,2019-10-11T00:20Z,14.7,12.9,2019-10-10T18Z,16.6,35.5,,,2019-10-10T18Z,14.7,12.7,10.7
2019_06_NO_JAX,2019,6,JAX,KJAX,2019-10-13T17:00Z,7.3,8.6,2019-10-13T12Z,4.8,8.8,5.4,11.1,2019-10-13T12Z,4.5,5.4,5.2
2019_06_HOU_KC,2019,6,KC,KMCI,2019-10-13T17:00Z,7.1,7.5,2019-10-13T12Z,2.2,8.8,1.2,8.1,2019-10-13T12Z,6.8,6.7,4.7
2019_06_WAS_MIA,2019,6,MIA,KMIA,2019-10-13T17:00Z,12.2,12.7,2019-10-13T12Z,8.9,16.1,8.9,16.9,2019-10-13T12Z,12.5,13.8,12.6
2019_06_CIN_BAL,2019,6,BAL,KBWI,2019-10-13T17:00Z,4.0,5.8,2019-10-13T12Z,1.7,7.3,1.7,6.9,2019-10-13T12Z,4.2,4.9,4.0
2019_06_SEA_CLE,2019,6,CLE,KBKL,2019-10-13T17:00Z,20.9,21.3,2019-10-13T12Z,14.0,26.5,15.5,27.6,2019-10-13T12Z,,,
2019_06_SF_LA,2019,6,LA,KCQT,2019-10-13T20:05Z,3.0,3.0,2019-10-13T12Z,5.8,14.6,6.6,15.0,2019-10-13T12Z,9.2,9.4,10.3
2019_06_TEN_DEN,2019,6,DEN,KDEN,2019-10-13T20:25Z,6.9,6.9,2019-10-13T12Z,3.1,9.2,3.1,10.3,2019-10-13T12Z,7.2,7.6,7.6
2019_06_DAL_NYJ,2019,6,NYJ,KTEB,2019-10-13T20:25Z,4.9,4.2,2019-10-13T12Z,1.5,6.8,1.8,6.8,2019-10-13T12Z,8.6,7.1,5.8
2019_06_PIT_LAC,2019,6,LAC,KTOA,2019-10-14T00:20Z,10.9,11.4,2019-10-13T18Z,,,,,2019-10-13T18Z,7.5,7.3,9.1
2019_06_DET_GB,2019,6,GB,KGRB,2019-10-15T00:15Z,3.3,3.9,2019-10-14T18Z,1.6,4.5,,,2019-10-14T18Z,3.5,3.2,3.4
2019_07_KC_DEN,2019,7,DEN,KDEN,2019-10-18T00:20Z,11.8,11.3,2019-10-17T18Z,5.8,12.0,,,2019-10-17T18Z,3.3,3.0,4.8
2019_07_SF_WAS,2019,7,WAS,KDCA,2019-10-20T17:00Z,8.2,13.5,2019-10-20T12Z,6.8,21.9,8.1,21.9,2019-10-20T12Z,12.0,13.8,15.9
2019_07_ARI_NYG,2019,7,NYG,KTEB,2019-10-20T17:00Z,4.5,3.7,2019-10-20T12Z,2.8,13.0,1.4,9.2,2019-10-20T12Z,9.9,7.1,3.9
2019_07_HOU_IND,2019,7,IND,KIND,2019-10-20T17:00Z,6.1,1.7,2019-10-20T12Z,0.0,8.4,0.0,6.5,2019-10-20T12Z,1.2,1.4,0.7
2019_07_JAX_CIN,2019,7,CIN,KLUK,2019-10-20T17:00Z,4.7,2.6,2019-10-20T12Z,0.0,5.8,0.0,4.6,2019-10-20T12Z,3.0,1.4,2.0
2019_07_MIA_BUF,2019,7,BUF,KBUF,2019-10-20T17:00Z,4.7,5.5,2019-10-20T12Z,2.1,6.9,1.8,5.8,2019-10-20T12Z,2.6,3.1,3.7
2019_07_LA_ATL,2019,7,ATL,KATL,2019-10-20T17:00Z,4.7,8.9,2019-10-20T12Z,1.3,11.1,2.9,13.8,2019-10-20T12Z,3.4,4.6,5.3
2019_07_OAK_GB,2019,7,GB,KGRB,2019-10-20T17:00Z,5.6,3.7,2019-10-20T12Z,2.3,5.8,2.0,5.8,2019-10-20T12Z,,,
2019_07_LAC_TEN,2019,7,TEN,KBNA,2019-10-20T20:05Z,5.8,4.3,2019-10-20T12Z,3.5,9.1,2.3,6.8,2019-10-20T12Z,2.3,2.1,1.4
2019_07_NO_CHI,2019,7,CHI,KMDW,2019-10-20T20:25Z,8.0,7.3,2019-10-20T12Z,3.4,6.0,3.5,6.9,2019-10-20T12Z,9.6,10.2,10.7
2019_07_BAL_SEA,2019,7,SEA,KBFI,2019-10-20T20:25Z,5.7,6.6,2019-10-20T12Z,5.8,20.3,6.1,18.7,2019-10-20T12Z,5.1,7.9,5.7
2019_07_NE_NYJ,2019,7,NYJ,KTEB,2019-10-22T00:15Z,3.9,2.8,2019-10-21T18Z,1.2,4.6,,,2019-10-21T18Z,4.4,5.0,4.5
2019_08_SEA_ATL,2019,8,ATL,KATL,2019-10-27T17:00Z,8.3,9.5,2019-10-27T12Z,2.4,10.7,2.3,11.5,2019-10-27T12Z,5.4,4.7,5.5
2019_08_TB_TEN,2019,8,TEN,KBNA,2019-10-27T17:00Z,1.9,2.6,2019-10-27T12Z,1.2,3.8,1.2,4.6,2019-10-27T12Z,1.2,0.9,1.5
2019_08_DEN_IND,2019,8,IND,KIND,2019-10-27T17:00Z,10.2,11.2,2019-10-27T12Z,4.2,16.1,3.2,13.8,2019-10-27T12Z,5.5,6.0,6.1
2019_08_LAC_CHI,2019,8,CHI,KMDW,2019-10-27T17:00Z,9.6,9.5,2019-10-27T12Z,5.6,13.0,4.9,12.7,2019-10-27T12Z,11.3,10.5,12.4
2019_08_NYJ_JAX,2019,8,JAX,KJAX,2019-10-27T17:00Z,8.9,8.7,2019-10-27T12Z,7.2,17.6,7.2,16.1,2019-10-27T12Z,6.7,5.9,6.6
2019_08_PHI_BUF,2019,8,BUF,KBUF,2019-10-27T17:00Z,24.1,24.4,2019-10-27T12Z,17.8,39.1,19.9,41.4,2019-10-27T12Z,17.6,19.4,23.7
2019_08_CAR_SF,2019,8,SF,KSJC,2019-10-27T20:05Z,16.7,18.7,2019-10-27T12Z,13.4,27.6,14.5,28.7,2019-10-27T12Z,12.8,14.7,14.8
2019_08_CLE_NE,2019,8,NE,KOWD,2019-10-27T20:25Z,11.5,12.7,2019-10-27T12Z,8.8,30.9,7.3,29.9,2019-10-27T12Z,4.8,6.4,6.7
2019_08_GB_KC,2019,8,KC,KMCI,2019-10-28T00:20Z,11.7,11.7,2019-10-27T18Z,6.7,15.2,,,2019-10-27T18Z,,,
2019_08_MIA_PIT,2019,8,PIT,KPIT,2019-10-29T00:15Z,3.5,3.5,2019-10-28T18Z,1.8,2.6,,,2019-10-28T18Z,2.2,2.4,2.2
2019_09_WAS_BUF,2019,9,BUF,KBUF,2019-11-03T18:00Z,17.8,20.1,2019-11-03T12Z,10.4,19.6,10.4,19.6,2019-11-03T12Z,13.1,13.0,13.8
2019_09_TEN_CAR,2019,9,CAR,KCLT,2019-11-03T18:00Z,4.0,4.0,2019-11-03T12Z,0.6,5.8,0.6,5.8,2019-11-03T12Z,2.3,1.9,0.7
2019_09_MIN_KC,2019,9,KC,KMCI,2019-11-03T18:00Z,13.8,16.7,2019-11-03T12Z,7.5,15.0,10.4,24.2,2019-11-03T12Z,11.3,10.0,10.9
2019_09_CHI_PHI,2019,9,PHI,KPHL,2019-11-03T18:00Z,12.1,12.7,2019-11-03T12Z,7.5,15.0,7.5,16.1,2019-11-03T12Z,11.8,11.9,11.8
2019_09_NYJ_MIA,2019,9,MIA,KMIA,2019-11-03T18:00Z,10.4,9.8,2019-11-03T12Z,6.3,15.0,5.2,11.5,2019-11-03T12Z,13.3,12.8,11.5
2019_09_IND_PIT,2019,9,PIT,KPIT,2019-11-03T18:00Z,10.9,12.7,2019-11-03T12Z,6.9,15.0,6.9,18.4,2019-11-03T12Z,5.1,5.1,4.7
2019_09_TB_SEA,2019,9,SEA,KBFI,2019-11-03T21:05Z,2.3,2.8,2019-11-03T12Z,1.2,4.6,2.3,5.7,2019-11-03T12Z,2.3,0.8,1.5
2019_09_CLE_DEN,2019,9,DEN,KDEN,2019-11-03T21:25Z,8.5,7.4,2019-11-03T12Z,4.1,9.0,3.7,8.1,2019-11-03T12Z,4.9,3.7,3.0
2019_09_GB_LAC,2019,9,LAC,KTOA,2019-11-03T21:25Z,12.8,11.7,2019-11-03T12Z,,,,,2019-11-03T12Z,9.4,9.9,7.6
2019_09_NE_BAL,2019,9,BAL,KBWI,2019-11-04T01:20Z,0.4,0.4,2019-11-03T18Z,0.4,4.7,,,2019-11-03T18Z,1.5,1.7,0.7
2019_09_DAL_NYG,2019,9,NYG,KTEB,2019-11-05T01:15Z,5.8,6.1,2019-11-04T18Z,4.5,13.7,,,2019-11-04T18Z,9.6,9.7,11.2
2019_10_DET_CHI,2019,10,CHI,KMDW,2019-11-10T18:00Z,9.8,9.8,2019-11-10T12Z,6.3,12.7,6.9,13.8,2019-11-10T12Z,15.2,16.6,14.7
2019_10_BAL_CIN,2019,10,CIN,KLUK,2019-11-10T18:00Z,10.9,10.9,2019-11-10T12Z,4.0,16.1,4.6,17.3,2019-11-10T12Z,5.5,5.3,5.7
2019_10_NYG_NYJ,2019,10,NYJ,KTEB,2019-11-10T18:00Z,12.1,10.4,2019-11-10T12Z,6.9,18.4,6.3,17.3,2019-11-10T12Z,10.5,9.9,9.6
2019_10_ARI_TB,2019,10,TB,KTPA,2019-11-10T18:00Z,8.1,8.1,2019-11-10T12Z,6.9,10.4,6.9,9.2,2019-11-10T12Z,6.7,5.2,5.2
2019_10_KC_TEN,2019,10,TEN,KBNA,2019-11-10T18:00Z,14.4,14.4,2019-11-10T12Z,8.6,20.7,8.6,19.6,2019-11-10T12Z,5.0,5.5,6.2
2019_10_BUF_CLE,2019,10,CLE,KBKL,2019-11-10T18:00Z,11.5,10.4,2019-11-10T12Z,7.5,12.7,6.9,12.7,2019-11-10T12Z,6.4,7.4,5.1
2019_10_CAR_GB,2019,10,GB,KGRB,2019-11-10T21:25Z,11.7,10.8,2019-11-10T12Z,8.9,16.0,8.5,13.6,2019-11-10T12Z,6.4,6.1,6.6
2019_10_LA_PIT,2019,10,PIT,KPIT,2019-11-10T21:25Z,5.2,5.5,2019-11-10T12Z,3.2,12.9,3.2,12.5,2019-11-10T12Z,3.4,3.4,2.8
2019_10_SEA_SF,2019,10,SF,KSJC,2019-11-12T01:15Z,3.9,4.1,2019-11-11T18Z,1.4,4.3,,,2019-11-11T18Z,2.7,2.7,2.8
2019_11_PIT_CLE,2019,11,CLE,KBKL,2019-11-15T01:20Z,15.4,13.9,2019-11-14T18Z,6.9,12.5,,,2019-11-14T18Z,6.6,6.9,7.8
2019_11_HOU_BAL,2019,11,BAL,KBWI,2019-11-17T18:00Z,9.8,11.5,2019-11-17T12Z,10.4,21.9,8.1,16.1,2019-11-17T12Z,7.5,6.7,6.0
2019_11_BUF_MIA,2019,11,MIA,KMIA,2019-11-17T18:00Z,7.5,8.1,2019-11-17T12Z,6.3,16.1,5.2,13.8,2019-11-17T12Z,14.1,14.8,14.5
2019_11_NO_TB,2019,11,TB,KTPA,2019-11-17T18:00Z,8.6,9.2,2019-11-17T12Z,8.1,12.7,6.9,11.5,2019-11-17T12Z,5.9,5.2,4.7
2019_11_ATL_CAR,2019,11,CAR,KCLT,2019-11-17T18:00Z,11.5,9.8,2019-11-17T12Z,6.9,20.7,6.9,18.4,2019-11-17T12Z,5.5,5.2,5.0
2019_11_NYJ_WAS,2019,11,WAS,KDCA,2019-11-17T18:00Z,10.9,11.5,2019-11-17T12Z,8.1,19.6,6.3,15.0,2019-11-17T12Z,13.8,11.4,10.5
2019_11_ARI_SF,2019,11,SF,KSJC,2019-11-17T21:05Z,6.9,6.9,2019-11-17T12Z,3.4,6.8,3.4,6.8,2019-11-17T12Z,5.4,5.7,6.6
2019_11_NE_PHI,2019,11,PHI,KPHL,2019-11-17T21:25Z,12.6,13.8,2019-11-17T12Z,11.9,24.8,9.6,19.2,2019-11-17T12Z,16.6,14.4,14.5
2019_11_CHI_LA,2019,11,LA,KCQT,2019-11-18T01:20Z,2.6,0.8,2019-11-17T18Z,3.7,11.1,,,2019-11-17T18Z,12.9,10.1,10.0
2019_12_DET_WAS,2019,12,WAS,KDCA,2019-11-24T18:00Z,16.7,18.4,2019-11-24T12Z,10.9,29.9,9.8,28.8,2019-11-24T12Z,17.4,18.7,19.1
2019_12_SEA_PHI,2019,12,PHI,KPHL,2019-11-24T18:00Z,18.4,21.3,2019-11-24T12Z,13.2,31.1,12.7,32.2,2019-11-24T12Z,16.3,20.0,21.2
2019_12_PIT_CIN,2019,12,CIN,KLUK,2019-11-24T18:00Z,12.7,13.8,2019-11-24T12Z,5.2,15.0,6.3,19.6,2019-11-24T12Z,5.9,7.1,6.9
2019_12_DEN_BUF,2019,12,BUF,KBUF,2019-11-24T18:00Z,17.3,17.3,2019-11-24T12Z,10.4,20.7,11.5,23.0,2019-11-24T12Z,10.1,12.8,14.2
2019_12_NYG_CHI,2019,12,CHI,KMDW,2019-11-24T18:00Z,10.9,12.1,2019-11-24T12Z,8.1,17.3,8.1,18.4,2019-11-24T12Z,13.0,15.2,16.2
2019_12_MIA_CLE,2019,12,CLE,KBKL,2019-11-24T18:00Z,19.6,19.0,2019-11-24T12Z,12.7,19.6,12.7,20.7,2019-11-24T12Z,8.8,9.9,10.9
2019_12_OAK_NYJ,2019,12,NYJ,KTEB,2019-11-24T18:00Z,17.3,17.8,2019-11-24T12Z,13.2,33.4,13.8,32.2,2019-11-24T12Z,21.4,23.3,21.9
2019_12_JAX_TEN,2019,12,TEN,KBNA,2019-11-24T21:05Z,6.2,6.8,2019-11-24T12Z,4.5,11.4,4.5,10.3,2019-11-24T12Z,3.7,3.8,3.2
2019_12_DAL_NE,2019,12,NE,KOWD,2019-11-24T21:25Z,11.6,14.8,2019-11-24T12Z,10.2,28.6,13.3,34.5,2019-11-24T12Z,11.7,10.3,10.1
2019_12_GB_SF,2019,12,SF,KSJC,2019-11-25T01:20Z,4.6,5.0,2019-11-24T18Z,1.6,4.2,,,2019-11-24T18Z,2.4,1.4,2.0
2019_12_BAL_LA,2019,12,LA,KCQT,2019-11-26T01:15Z,1.3,2.0,2019-11-25T18Z,4.0,11.9,,,2019-11-25T18Z,6.6,6.9,7.5
2019_13_PHI_MIA,2019,13,MIA,KMIA,2019-12-01T18:00Z,11.5,10.9,2019-12-01T12Z,8.1,16.1,8.6,18.4,2019-12-01T12Z,14.8,16.1,14.9
2019_13_SF_BAL,2019,13,BAL,KBWI,2019-12-01T18:00Z,5.2,6.9,2019-12-01T12Z,5.2,17.3,5.2,17.3,2019-12-01T12Z,7.0,6.3,4.8
2019_13_CLE_PIT,2019,13,PIT,KPIT,2019-12-01T18:00Z,10.4,9.8,2019-12-01T12Z,5.2,16.1,4.6,17.3,2019-12-01T12Z,5.4,4.0,3.6
2019_13_TB_JAX,2019,13,JAX,KJAX,2019-12-01T18:00Z,18.4,17.8,2019-12-01T12Z,17.3,36.8,16.1,35.7,2019-12-01T12Z,15.5,15.4,15.2
2019_13_NYJ_CIN,2019,13,CIN,KLUK,2019-12-01T18:00Z,19.0,17.8,2019-12-01T12Z,9.8,24.2,9.2,23.0,2019-12-01T12Z,9.7,9.7,11.1
2019_13_GB_NYG,2019,13,NYG,KTEB,2019-12-01T18:00Z,10.4,8.1,2019-12-01T12Z,9.2,27.6,9.2,26.5,2019-12-01T12Z,,,
2019_13_WAS_CAR,2019,13,CAR,KCLT,2019-12-01T18:00Z,15.5,15.5,2019-12-01T12Z,12.1,32.2,12.1,31.1,2019-12-01T12Z,,,
2019_13_LAC_DEN,2019,13,DEN,KDEN,2019-12-01T21:25Z,6.5,5.6,2019-12-01T12Z,4.6,10.3,3.9,10.3,2019-12-01T12Z,4.4,4.1,4.0
2019_13_OAK_KC,2019,13,KC,KMCI,2019-12-01T21:25Z,20.1,20.1,2019-12-01T12Z,18.0,35.0,17.4,33.1,2019-12-01T12Z,17.2,16.4,16.5
2019_13_MIN_SEA,2019,13,SEA,KBFI,2019-12-03T01:15Z,1.2,1.3,2019-12-02T18Z,0.3,3.0,,,2019-12-02T18Z,,,
2019_14_DAL_CHI,2019,14,CHI,KMDW,2019-12-06T01:20Z,6.1,8.3,2019-12-05T18Z,4.6,12.3,,,2019-12-05T18Z,17.8,15.2,14.4
2019_14_IND_TB,2019,14,TB,KTPA,2019-12-08T18:00Z,7.5,6.9,2019-12-08T12Z,4.6,8.1,5.8,11.5,2019-12-08T12Z,6.3,6.5,5.5
2019_14_MIA_NYJ,2019,14,NYJ,KTEB,2019-12-08T18:00Z,9.2,7.5,2019-12-08T12Z,4.6,11.5,4.6,12.7,2019-12-08T12Z,5.1,5.3,5.4
2019_14_WAS_GB,2019,14,GB,KGRB,2019-12-08T18:00Z,9.2,8.6,2019-12-08T12Z,7.5,19.6,6.3,19.6,2019-12-08T12Z,7.1,6.3,5.7
2019_14_BAL_BUF,2019,14,BUF,KBUF,2019-12-08T18:00Z,20.7,19.0,2019-12-08T12Z,12.7,32.2,12.1,29.9,2019-12-08T12Z,15.7,16.5,16.3
2019_14_CIN_CLE,2019,14,CLE,KBKL,2019-12-08T18:00Z,20.1,19.6,2019-12-08T12Z,15.0,31.1,15.0,28.8,2019-12-08T12Z,12.8,13.4,13.7
2019_14_LAC_JAX,2019,14,JAX,KJAX,2019-12-08T21:05Z,9.1,8.5,2019-12-08T12Z,6.8,15.9,6.8,17.1,2019-12-08T12Z,5.2,6.9,11.5
2019_14_KC_NE,2019,14,NE,KOWD,2019-12-08T21:25Z,9.6,7.3,2019-12-08T12Z,4.6,15.6,4.6,13.5,2019-12-08T12Z,4.9,5.2,5.0
2019_14_SEA_LA,2019,14,LA,KCQT,2019-12-09T01:20Z,4.2,5.4,2019-12-08T18Z,4.6,15.2,,,2019-12-08T18Z,9.7,9.5,9.3
2019_14_NYG_PHI,2019,14,PHI,KPHL,2019-12-10T01:15Z,13.6,14.1,2019-12-09T18Z,12.1,26.5,,,2019-12-09T18Z,20.3,18.5,20.5
2019_15_NYJ_BAL,2019,15,BAL,KBWI,2019-12-13T01:20Z,0.2,1.2,2019-12-12T18Z,0.8,4.5,,,2019-12-12T18Z,2.1,2.7,3.1
2019_15_MIA_NYG,2019,15,NYG,KTEB,2019-12-15T18:00Z,19.6,20.1,2019-12-15T12Z,12.7,27.6,12.7,28.8,2019-12-15T12Z,19.5,18.6,18.8
2019_15_HOU_TEN,2019,15,TEN,KBNA,2019-12-15T18:00Z,6.9,8.6,2019-12-15T12Z,3.5,10.4,3.5,10.4,2019-12-15T12Z,3.7,3.0,4.8
2019_15_SEA_CAR,2019,15,CAR,KCLT,2019-12-15T18:00Z,6.3,6.3,2019-12-15T12Z,2.3,9.2,2.3,9.2,2019-12-15T12Z,2.7,3.1,2.7
2019_15_CHI_GB,2019,15,GB,KGRB,2019-12-15T18:00Z,8.1,6.9,2019-12-15T12Z,4.0,8.1,5.8,10.4,2019-12-15T12Z,4.2,4.7,4.8
2019_15_NE_CIN,2019,15,CIN,KLUK,2019-12-15T18:00Z,4.0,2.9,2019-12-15T12Z,0.0,5.8,0.0,4.6,2019-12-15T12Z,1.5,1.3,0.8
2019_15_DEN_KC,2019,15,KC,KMCI,2019-12-15T18:00Z,9.8,9.8,2019-12-15T12Z,6.9,15.0,5.8,12.7,2019-12-15T12Z,11.4,8.1,9.4
2019_15_PHI_WAS,2019,15,WAS,KDCA,2019-12-15T18:00Z,12.7,12.1,2019-12-15T12Z,6.3,19.6,6.9,19.6,2019-12-15T12Z,,,
2019_15_MIN_LAC,2019,15,LAC,KTOA,2019-12-15T21:05Z,10.9,12.1,2019-12-15T12Z,,,,,2019-12-15T12Z,16.9,16.6,16.7
2019_15_ATL_SF,2019,15,SF,KSJC,2019-12-15T21:25Z,11.4,11.0,2019-12-15T12Z,5.7,10.3,5.7,10.2,2019-12-15T12Z,5.6,5.9,6.0
2019_15_BUF_PIT,2019,15,PIT,KPIT,2019-12-16T01:20Z,2.6,2.9,2019-12-15T18Z,1.4,4.7,,,2019-12-15T18Z,0.6,1.6,1.2
2019_16_HOU_TB,2019,16,TB,KTPA,2019-12-21T18:00Z,10.4,9.8,2019-12-21T12Z,12.1,21.9,12.1,21.9,2019-12-21T12Z,10.3,11.1,12.1
2019_16_BUF_NE,2019,16,NE,KOWD,2019-12-21T21:30Z,3.1,1.6,2019-12-21T12Z,0.0,3.3,0.0,3.3,2019-12-21T12Z,0.9,3.0,2.1
2019_16_LA_SF,2019,16,SF,KSJC,2019-12-22T01:15Z,12.0,10.2,2019-12-21T18Z,6.9,15.2,,,2019-12-21T18Z,9.2,8.8,7.7
2019_16_NYG_WAS,2019,16,WAS,KDCA,2019-12-22T18:00Z,4.6,5.2,2019-12-22T12Z,0.6,1.2,0.6,2.3,2019-12-22T12Z,3.4,3.5,3.2
2019_16_PIT_NYJ,2019,16,NYJ,KTEB,2019-12-22T18:00Z,5.8,8.1,2019-12-22T12Z,4.0,12.7,4.0,12.7,2019-12-22T12Z,7.9,7.5,9.5
2019_16_NO_TEN,2019,16,TEN,KBNA,2019-12-22T18:00Z,6.9,8.6,2019-12-22T12Z,4.0,12.7,4.0,10.4,2019-12-22T12Z,4.5,3.9,4.1
2019_16_BAL_CLE,2019,16,CLE,KBKL,2019-12-22T18:00Z,12.7,10.4,2019-12-22T12Z,7.5,13.8,7.5,12.7,2019-12-22T12Z,6.9,7.8,8.4
2019_16_CIN_MIA,2019,16,MIA,KMIA,2019-12-22T18:00Z,17.3,17.3,2019-12-22T12Z,11.5,21.9,11.5,24.2,2019-12-22T12Z,15.9,17.9,21.8
2019_16_DET_DEN,2019,16,DEN,KDEN,2019-12-22T21:05Z,6.4,6.4,2019-12-22T12Z,4.6,10.3,4.1,8.1,2019-12-22T12Z,9.1,8.6,7.6
2019_16_OAK_LAC,2019,16,LAC,KTOA,2019-12-22T21:05Z,8.6,10.3,2019-12-22T12Z,,,,,2019-12-22T12Z,15.7,14.5,16.5
2019_16_DAL_PHI,2019,16,PHI,KPHL,2019-12-22T21:25Z,5.7,6.9,2019-12-22T12Z,2.7,4.4,2.7,5.6,2019-12-22T12Z,6.5,8.5,9.0
2019_16_ARI_SEA,2019,16,SEA,KBFI,2019-12-22T21:25Z,3.4,4.5,2019-12-22T12Z,3.4,12.5,4.6,16.0,2019-12-22T12Z,5.9,5.9,4.7
2019_16_KC_CHI,2019,16,CHI,KMDW,2019-12-23T01:20Z,10.1,10.1,2019-12-22T18Z,6.9,12.7,,,2019-12-22T18Z,14.7,15.1,18.5
2019_17_CLE_CIN,2019,17,CIN,KLUK,2019-12-29T18:00Z,6.9,10.4,2019-12-29T12Z,5.8,23.0,5.2,18.4,2019-12-29T12Z,4.7,5.8,4.6
2019_17_LAC_KC,2019,17,KC,KMCI,2019-12-29T18:00Z,12.1,15.0,2019-12-29T12Z,9.8,21.9,10.9,18.4,2019-12-29T12Z,13.7,14.0,15.9
2019_17_ATL_TB,2019,17,TB,KTPA,2019-12-29T18:00Z,11.5,11.5,2019-12-29T12Z,9.2,18.4,8.6,16.1,2019-12-29T12Z,8.5,6.5,7.9
2019_17_MIA_NE,2019,17,NE,KOWD,2019-12-29T18:00Z,2.9,2.9,2019-12-29T12Z,0.0,3.5,0.6,3.5,2019-12-29T12Z,0.3,0.9,0.3
2019_17_NYJ_BUF,2019,17,BUF,KBUF,2019-12-29T18:00Z,9.8,9.2,2019-12-29T12Z,4.6,12.7,5.2,12.7,2019-12-29T12Z,6.9,8.1,4.9
2019_17_NO_CAR,2019,17,CAR,KCLT,2019-12-29T18:00Z,9.8,8.6,2019-12-29T12Z,4.6,15.0,6.3,20.7,2019-12-29T12Z,4.9,4.3,5.1
2019_17_PHI_NYG,2019,17,NYG,KTEB,2019-12-29T21:25Z,4.2,4.2,2019-12-29T12Z,1.2,4.4,2.3,7.5,2019-12-29T12Z,7.0,7.6,7.3
2019_17_ARI_LA,2019,17,LA,KCQT,2019-12-29T21:25Z,1.2,0.7,2019-12-29T12Z,3.0,8.1,3.0,8.0,2019-12-29T12Z,6.1,5.6,4.5
2019_17_IND_JAX,2019,17,JAX,KJAX,2019-12-29T21:25Z,11.5,11.0,2019-12-29T12Z,7.3,16.0,6.2,13.5,2019-12-29T12Z,9.1,10.1,7.2
2019_17_OAK_DEN,2019,17,DEN,KDEN,2019-12-29T21:25Z,19.0,17.9,2019-12-29T12Z,8.6,20.9,8.4,24.7,2019-12-29T12Z,2.6,4.6,5.2
2019_17_PIT_BAL,2019,17,BAL,KBWI,2019-12-29T21:25Z,4.6,4.1,2019-12-29T12Z,3.4,7.9,3.9,10.2,2019-12-29T12Z,,,
2019_17_SF_SEA,2019,17,SEA,KBFI,2019-12-30T01:20Z,2.2,2.4,2019-12-29T18Z,1.0,4.6,,,2019-12-29T18Z,0.6,0.4,1.4
2019_18_TEN_NE,2019,18,NE,KOWD,2020-01-05T01:15Z,3.5,2.6,2020-01-04T18Z,3.3,7.7,,,2020-01-04T18Z,3.6,4.5,4.9
2019_18_SEA_PHI,2019,18,PHI,KPHL,2020-01-05T21:40Z,10.5,11.3,2020-01-05T12Z,6.0,17.3,5.2,16.1,2020-01-05T12Z,11.7,12.1,13.6
2019_19_MIN_SF,2019,19,SF,KSJC,2020-01-11T21:35Z,12.9,13.3,2020-01-11T12Z,7.9,13.6,8.3,15.4,2020-01-11T12Z,9.8,8.1,8.7
2019_19_TEN_BAL,2019,19,BAL,KBWI,2020-01-12T01:15Z,11.9,13.6,2020-01-11T18Z,11.4,29.3,,,2020-01-11T18Z,13.6,13.3,13.2
2019_19_HOU_KC,2019,19,KC,KMCI,2020-01-12T20:05Z,11.5,12.1,2020-01-12T12Z,5.9,19.4,6.9,18.3,2020-01-12T12Z,9.5,7.5,8.5
2019_19_SEA_GB,2019,19,GB,KGRB,2020-01-12T23:40Z,6.9,5.5,2020-01-12T18Z,3.9,6.8,,,2020-01-12T18Z,2.7,3.1,2.7
2019_20_TEN_KC,2019,20,KC,KMCI,2020-01-19T20:05Z,11.1,10.6,2020-01-19T12Z,8.4,17.6,8.3,16.5,2020-01-19T12Z,9.6,10.5,8.8
2019_20_GB_SF,2019,20,SF,KSJC,2020-01-19T23:40Z,3.6,3.7,2020-01-19T18Z,0.7,1.3,,,2020-01-19T18Z,0.9,0.7,3.8
2019_21_SF_KC,2019,21,KC,KMIA,2020-02-02T23:30Z,3.8,3.8,2020-02-02T18Z,2.0,9.8,,,2020-02-02T18Z,,,
2020_01_HOU_KC,2020,1,KC,KMCI,2020-09-11T00:20Z,5.5,5.5,2020-09-10T18Z,,,,,2020-09-10T18Z,6.2,7.1,5.6
2020_01_CLE_BAL,2020,1,BAL,KBWI,2020-09-13T17:00Z,5.9,5.8,2020-09-13T12Z,,,,,2020-09-13T12Z,5.4,6.0,5.4
2020_01_LV_CAR,2020,1,CAR,KCLT,2020-09-13T17:00Z,4.7,4.6,2020-09-13T12Z,,,,,2020-09-13T12Z,2.5,2.3,2.8
2020_01_MIA_NE,2020,1,NE,KOWD,2020-09-13T17:00Z,8.2,10.1,2020-09-13T12Z,,,,,2020-09-13T12Z,5.5,5.8,5.8
2020_01_NYJ_BUF,2020,1,BUF,KBUF,2020-09-13T17:00Z,22.3,19.6,2020-09-13T12Z,,,,,2020-09-13T12Z,12.1,13.1,13.8
2020_01_PHI_WAS,2020,1,WAS,KDCA,2020-09-13T17:00Z,6.8,5.8,2020-09-13T12Z,,,,,2020-09-13T12Z,5.8,6.1,5.5
2020_01_IND_JAX,2020,1,JAX,KJAX,2020-09-13T17:00Z,14.3,15.2,2020-09-13T12Z,,,,,2020-09-13T12Z,8.2,10.5,9.8
2020_01_LAC_CIN,2020,1,CIN,KLUK,2020-09-13T20:05Z,7.2,6.5,2020-09-13T12Z,,,,,2020-09-13T12Z,4.4,4.2,2.9
2020_01_ARI_SF,2020,1,SF,KSJC,2020-09-13T20:25Z,10.2,9.4,2020-09-13T12Z,,,,,2020-09-13T12Z,9.6,9.7,8.9
2020_01_PIT_NYG,2020,1,NYG,KTEB,2020-09-14T23:15Z,12.0,13.1,2020-09-14T18Z,,,,,2020-09-14T18Z,12.8,9.6,12.2
2020_01_TEN_DEN,2020,1,DEN,KDEN,2020-09-15T02:10Z,17.3,16.3,2020-09-14T18Z,,,,,2020-09-14T18Z,8.1,7.6,7.6
2020_02_CIN_CLE,2020,2,CLE,KBKL,2020-09-18T00:20Z,19.8,16.3,2020-09-17T18Z,,,,,2020-09-17T18Z,6.6,6.4,5.5
2020_02_NYG_CHI,2020,2,CHI,KMDW,2020-09-20T17:00Z,12.2,12.7,2020-09-20T12Z,,,,,2020-09-20T12Z,12.8,12.6,12.1
2020_02_DET_GB,2020,2,GB,KGRB,2020-09-20T17:00Z,15.0,13.2,2020-09-20T12Z,,,,,2020-09-20T12Z,8.2,7.3,7.1
2020_02_BUF_MIA,2020,2,MIA,KMIA,2020-09-20T17:00Z,6.9,8.3,2020-09-20T12Z,,,,,2020-09-20T12Z,6.0,5.4,5.2
2020_02_SF_NYJ,2020,2,NYJ,KTEB,2020-09-20T17:00Z,11.8,12.1,2020-09-20T12Z,,,,,2020-09-20T12Z,8.3,8.2,8.4
2020_02_LA_PHI,2020,2,PHI,KPHL,2020-09-20T17:00Z,11.5,12.7,2020-09-20T12Z,,,,,2020-09-20T12Z,10.2,10.2,10.3
2020_02_DEN_PIT,2020,2,PIT,KPIT,2020-09-20T17:00Z,9.5,10.1,2020-09-20T12Z,,,,,2020-09-20T12Z,3.6,4.2,4.6
2020_02_JAX_TEN,2020,2,TEN,KBNA,2020-09-20T17:00Z,6.7,10.4,2020-09-20T12Z,,,,,2020-09-20T12Z,4.2,4.6,4.5
2020_02_CAR_TB,2020,2,TB,KTPA,2020-09-20T17:00Z,9.8,12.3,2020-09-20T12Z,,,,,2020-09-20T12Z,12.4,11.8,11.0
2020_02_NE_SEA,2020,2,SEA,KBFI,2020-09-21T00:20Z,4.4,3.7,2020-09-20T18Z,,,,,2020-09-20T18Z,2.7,2.8,1.3
2020_03_MIA_JAX,2020,3,JAX,KJAX,2020-09-25T00:20Z,10.1,11.0,2020-09-24T18Z,,,,,2020-09-24T18Z,10.2,9.6,9.7
2020_03_HOU_PIT,2020,3,PIT,KPIT,2020-09-27T17:00Z,11.2,11.0,2020-09-27T12Z,,,,,2020-09-27T12Z,6.4,6.4,6.7
2020_03_SF_NYG,2020,3,NYG,KTEB,2020-09-27T17:00Z,5.9,4.9,2020-09-27T12Z,,,,,2020-09-27T12Z,7.6,7.3,7.0
2020_03_CIN_PHI,2020,3,PHI,KPHL,2020-09-27T17:00Z,5.4,5.8,2020-09-27T12Z,,,,,2020-09-27T12Z,5.5,3.5,3.4
2020_03_LA_BUF,2020,3,BUF,KBUF,2020-09-27T17:00Z,19.1,19.6,2020-09-27T12Z,,,,,2020-09-27T12Z,11.5,11.1,11.9
2020_03_LV_NE,2020,3,NE,KOWD,2020-09-27T17:00Z,9.0,8.1,2020-09-27T12Z,,,,,2020-09-27T12Z,4.7,4.6,4.7
2020_03_WAS_CLE,2020,3,CLE,KBKL,2020-09-27T17:00Z,19.0,19.8,2020-09-27T12Z,,,,,2020-09-27T12Z,8.1,7.9,9.5
2020_03_TB_DEN,2020,3,DEN,KDEN,2020-09-27T20:25Z,22.2,17.1,2020-09-27T12Z,,,,,2020-09-27T12Z,10.2,14.0,9.9
2020_03_DAL_SEA,2020,3,SEA,KBFI,2020-09-27T20:25Z,4.2,4.2,2020-09-27T12Z,,,,,2020-09-27T12Z,3.4,3.6,3.9
2020_03_KC_BAL,2020,3,BAL,KBWI,2020-09-29T00:15Z,7.2,6.7,2020-09-28T18Z,,,,,2020-09-28T18Z,7.2,6.7,7.6
2020_04_DEN_NYJ,2020,4,NYJ,KTEB,2020-10-02T00:20Z,3.7,3.2,2020-10-01T18Z,,,,,2020-10-01T18Z,4.7,5.7,7.7
2020_04_LAC_TB,2020,4,TB,KTPA,2020-10-04T17:00Z,7.8,7.5,2020-10-04T12Z,,,,,2020-10-04T12Z,5.3,7.8,7.2
2020_04_SEA_MIA,2020,4,MIA,KMIA,2020-10-04T17:00Z,14.6,16.4,2020-10-04T12Z,,,,,2020-10-04T12Z,13.2,13.4,13.9
2020_04_JAX_CIN,2020,4,CIN,KLUK,2020-10-04T17:00Z,6.7,9.2,2020-10-04T12Z,,,,,2020-10-04T12Z,4.6,5.0,7.5
2020_04_ARI_CAR,2020,4,CAR,KCLT,2020-10-04T17:00Z,5.9,5.2,2020-10-04T12Z,,,,,2020-10-04T12Z,1.6,2.8,3.2
2020_04_BAL_WAS,2020,4,WAS,KDCA,2020-10-04T17:00Z,6.7,6.0,2020-10-04T12Z,,,,,2020-10-04T12Z,10.2,5.5,4.4
2020_04_IND_CHI,2020,4,CHI,KMDW,2020-10-04T20:25Z,12.2,13.0,2020-10-04T12Z,,,,,2020-10-04T12Z,23.0,16.8,15.7
2020_04_PHI_SF,2020,4,SF,KSJC,2020-10-05T00:20Z,8.3,8.7,2020-10-04T18Z,,,,,2020-10-04T18Z,6.0,5.7,4.5
2020_04_NE_KC,2020,4,KC,KMCI,2020-10-05T23:05Z,15.4,15.0,2020-10-05T18Z,,,,,2020-10-05T18Z,10.0,9.1,10.8
2020_04_ATL_GB,2020,4,GB,KGRB,2020-10-06T01:00Z,14.2,14.2,2020-10-05T18Z,,,,,2020-10-05T18Z,8.7,8.7,8.6
2020_05_TB_CHI,2020,5,CHI,KMDW,2020-10-09T00:20Z,6.9,7.2,2020-10-08T18Z,,,,,2020-10-08T18Z,,,
2020_05_LA_WAS,2020,5,WAS,KDCA,2020-10-11T17:00Z,4.9,3.7,2020-10-11T12Z,,,,,2020-10-11T12Z,10.8,7.8,8.0
2020_05_LV_KC,2020,5,KC,KMCI,2020-10-11T17:00Z,18.5,21.0,2020-10-11T12Z,,,,,2020-10-11T12Z,9.8,9.9,11.9
2020_05_CIN_BAL,2020,5,BAL,KBWI,2020-10-11T17:00Z,4.2,2.3,2020-10-11T12Z,,,,,2020-10-11T12Z,5.0,4.9,6.0
2020_05_PHI_PIT,2020,5,PIT,KPIT,2020-10-11T17:00Z,8.0,8.1,2020-10-11T12Z,,,,,2020-10-11T12Z,4.8,4.5,4.6
2020_05_ARI_NYJ,2020,5,NYJ,KTEB,2020-10-11T17:00Z,7.2,6.9,2020-10-11T12Z,,,,,2020-10-11T12Z,8.9,8.3,7.9
2020_05_MIA_SF,2020,5,SF,KSJC,2020-10-11T20:05Z,10.6,11.7,2020-10-11T12Z,,,,,2020-10-11T12Z,8.2,8.4,8.1
2020_05_IND_CLE,2020,5,CLE,KBKL,2020-10-11T20:25Z,14.9,15.6,2020-10-11T12Z,,,,,2020-10-11T12Z,8.5,8.2,7.5
2020_05_MIN_SEA,2020,5,SEA,KBFI,2020-10-12T00:20Z,9.6,12.5,2020-10-11T18Z,,,,,2020-10-11T18Z,,,
2020_05_BUF_TEN,2020,5,TEN,KBNA,2020-10-13T23:00Z,3.3,2.0,2020-10-13T18Z,,,,,2020-10-13T18Z,,,
2020_06_CHI_CAR,2020,6,CAR,KCLT,2020-10-18T17:00Z,4.4,4.3,2020-10-18T12Z,,,,,2020-10-18T12Z,2.0,2.1,3.3
2020_06_BAL_PHI,2020,6,PHI,KPHL,2020-10-18T17:00Z,8.8,8.9,2020-10-18T12Z,,,,,2020-10-18T12Z,7.9,8.7,8.3
2020_06_HOU_TEN,2020,6,TEN,KBNA,2020-10-18T17:00Z,11.6,10.7,2020-10-18T12Z,,,,,2020-10-18T12Z,5.6,2.3,4.2
2020_06_DET_JAX,2020,6,JAX,KJAX,2020-10-18T17:00Z,13.0,16.1,2020-10-18T12Z,,,,,2020-10-18T12Z,13.6,10.6,13.5
2020_06_CLE_PIT,2020,6,PIT,KPIT,2020-10-18T17:00Z,10.4,11.6,2020-10-18T12Z,,,,,2020-10-18T12Z,6.8,6.7,7.5
2020_06_DEN_NE,2020,6,NE,KOWD,2020-10-18T17:00Z,7.9,7.8,2020-10-18T12Z,,,,,2020-10-18T12Z,,,
2020_06_WAS_NYG,2020,6,NYG,KTEB,2020-10-18T17:00Z,9.0,8.3,2020-10-18T12Z,,,,,2020-10-18T12Z,,,
2020_06_NYJ_MIA,2020,6,MIA,KMIA,2020-10-18T20:05Z,11.2,12.1,2020-10-18T12Z,,,,,2020-10-18T12Z,18.6,20.1,18.6
2020_06_GB_TB,2020,6,TB,KTPA,2020-10-18T20:25Z,8.8,10.7,2020-10-18T12Z,,,,,2020-10-18T12Z,10.7,10.6,11.0
2020_06_LA_SF,2020,6,SF,KSJC,2020-10-19T00:20Z,5.0,6.0,2020-10-18T18Z,,,,,2020-10-18T18Z,4.8,4.6,5.2
2020_06_KC_BUF,2020,6,BUF,KBUF,2020-10-19T21:00Z,8.6,6.3,2020-10-19T12Z,,,,,2020-10-19T12Z,6.8,5.6,6.4
2020_07_NYG_PHI,2020,7,PHI,KPHL,2020-10-23T00:20Z,3.7,3.2,2020-10-22T18Z,,,,,2020-10-22T18Z,4.7,4.8,3.8
2020_07_BUF_NYJ,2020,7,NYJ,KTEB,2020-10-25T17:00Z,6.9,7.5,2020-10-25T12Z,,,,,2020-10-25T12Z,3.9,6.0,7.0
2020_07_CLE_CIN,2020,7,CIN,KLUK,2020-10-25T17:00Z,6.7,6.6,2020-10-25T12Z,,,,,2020-10-25T12Z,4.8,4.6,4.5
2020_07_PIT_TEN,2020,7,TEN,KBNA,2020-10-25T17:00Z,2.7,2.3,2020-10-25T12Z,,,,,2020-10-25T12Z,1.6,1.6,1.2
2020_07_DAL_WAS,2020,7,WAS,KDCA,2020-10-25T17:00Z,7.5,8.1,2020-10-25T12Z,,,,,2020-10-25T12Z,,,
2020_07_KC_DEN,2020,7,DEN,KDEN,2020-10-25T20:25Z,12.7,12.7,2020-10-25T12Z,,,,,2020-10-25T12Z,,,
2020_07_SF_NE,2020,7,NE,KOWD,2020-10-25T20:25Z,5.0,5.7,2020-10-25T12Z,,,,,2020-10-25T12Z,,,
2020_08_ATL_CAR,2020,8,CAR,KCLT,2020-10-30T00:20Z,8.5,12.2,2020-10-29T18Z,,,,,2020-10-29T18Z,,,
2020_08_LA_MIA,2020,8,MIA,KMIA,2020-11-01T18:00Z,8.6,10.4,2020-11-01T12Z,,,,,2020-11-01T12Z,10.0,10.1,9.7
2020_08_NYJ_KC,2020,8,KC,KMCI,2020-11-01T18:00Z,11.5,12.1,2020-11-01T12Z,,,,,2020-11-01T12Z,9.5,9.9,8.2
2020_08_MIN_GB,2020,8,GB,KGRB,2020-11-01T18:00Z,25.9,27.6,2020-11-01T12Z,,,,,2020-11-01T12Z,11.6,11.8,11.7
2020_08_TEN_CIN,2020,8,CIN,KLUK,2020-11-01T18:00Z,24.7,24.7,2020-11-01T12Z,,,,,2020-11-01T12Z,12.0,12.6,12.2
2020_08_NE_BUF,2020,8,BUF,KBUF,2020-11-01T18:00Z,23.0,27.6,2020-11-01T12Z,,,,,2020-11-01T12Z,17.9,17.4,18.8
2020_08_PIT_BAL,2020,8,BAL,KBWI,2020-11-01T18:00Z,7.5,9.8,2020-11-01T12Z,,,,,2020-11-01T12Z,10.5,7.7,8.1
2020_08_LV_CLE,2020,8,CLE,KBKL,2020-11-01T18:00Z,32.8,36.8,2020-11-01T12Z,,,,,2020-11-01T12Z,18.0,17.4,23.7
2020_08_LAC_DEN,2020,8,DEN,KDEN,2020-11-01T21:05Z,5.8,5.2,2020-11-01T12Z,,,,,2020-11-01T12Z,2.1,2.6,3.2
2020_08_NO_CHI,2020,8,CHI,KMDW,2020-11-01T21:25Z,21.2,20.5,2020-11-01T12Z,,,,,2020-11-01T12Z,,,
2020_08_SF_SEA,2020,8,SEA,KBFI,2020-11-01T21:25Z,2.7,2.7,2020-11-01T12Z,,,,,2020-11-01T12Z,,,
2020_08_DAL_PHI,2020,8,PHI,KPHL,2020-11-02T01:20Z,18.7,19.5,2020-11-01T18Z,,,,,2020-11-01T18Z,18.5,20.6,17.9
2020_08_TB_NYG,2020,8,NYG,KTEB,2020-11-03T01:15Z,16.0,14.4,2020-11-02T18Z,,,,,2020-11-02T18Z,13.8,13.7,14.6
2020_09_GB_SF,2020,9,SF,KSJC,2020-11-06T01:20Z,6.0,7.2,2020-11-05T18Z,,,,,2020-11-05T18Z,5.5,5.0,3.6
2020_09_NYG_WAS,2020,9,WAS,KDCA,2020-11-08T18:00Z,3.5,3.5,2020-11-08T12Z,,,,,2020-11-08T12Z,2.8,3.8,3.4
2020_09_CHI_TEN,2020,9,TEN,KBNA,2020-11-08T18:00Z,11.5,11.5,2020-11-08T12Z,,,,,2020-11-08T12Z,5.0,4.2,4.5
2020_09_SEA_BUF,2020,9,BUF,KBUF,2020-11-08T18:00Z,8.1,7.5,2020-11-08T12Z,,,,,2020-11-08T12Z,5.5,5.3,4.2
2020_09_HOU_JAX,2020,9,JAX,KJAX,2020-11-08T18:00Z,18.4,16.7,2020-11-08T12Z,,,,,2020-11-08T12Z,14.7,16.0,15.5
2020_09_CAR_KC,2020,9,KC,KMCI,2020-11-08T18:00Z,22.4,23.0,2020-11-08T12Z,,,,,2020-11-08T12Z,13.8,14.4,14.0
2020_09_NO_TB,2020,9,TB,KTPA,2020-11-09T01:20Z,14.7,11.0,2020-11-08T18Z,,,,,2020-11-08T18Z,14.2,14.5,15.0
2020_09_NE_NYJ,2020,9,NYJ,KTEB,2020-11-10T01:15Z,2.2,1.6,2020-11-09T18Z,,,,,2020-11-09T18Z,7.7,7.5,4.4
2020_10_IND_TEN,2020,10,TEN,KBNA,2020-11-13T01:20Z,1.6,2.8,2020-11-12T18Z,,,,,2020-11-12T18Z,0.6,0.5,0.4
2020_10_HOU_CLE,2020,10,CLE,KBKL,2020-11-15T18:00Z,42.6,36.2,2020-11-15T12Z,,,,,2020-11-15T12Z,19.7,17.5,20.0
2020_10_JAX_GB,2020,10,GB,KGRB,2020-11-15T18:00Z,28.8,27.0,2020-11-15T12Z,,,,,2020-11-15T12Z,12.7,13.7,14.2
2020_10_TB_CAR,2020,10,CAR,KCLT,2020-11-15T18:00Z,15.5,16.1,2020-11-15T12Z,,,,,2020-11-15T12Z,8.1,8.1,8.1
2020_10_PHI_NYG,2020,10,NYG,KTEB,2020-11-15T18:00Z,15.5,13.8,2020-11-15T12Z,,,,,2020-11-15T12Z,27.3,27.3,26.9
2020_10_LAC_MIA,2020,10,MIA,KMIA,2020-11-15T21:05Z,8.0,8.0,2020-11-15T12Z,,,,,2020-11-15T12Z,7.1,7.3,7.4
2020_10_CIN_PIT,2020,10,PIT,KPIT,2020-11-15T21:25Z,22.2,24.7,2020-11-15T12Z,,,,,2020-11-15T12Z,10.8,13.7,13.3
2020_10_BAL_NE,2020,10,NE,KOWD,2020-11-16T01:20Z,15.9,17.5,2020-11-15T18Z,,,,,2020-11-15T18Z,6.3,5.4,6.9
2020_10_MIN_CHI,2020,10,CHI,KMDW,2020-11-17T01:15Z,13.0,12.3,2020-11-16T18Z,,,,,2020-11-16T18Z,21.9,22.8,15.5
2020_11_ARI_SEA,2020,11,SEA,KBFI,2020-11-20T01:20Z,6.8,8.3,2020-11-19T18Z,,,,,2020-11-19T18Z,5.2,6.3,5.8
2020_11_PIT_JAX,2020,11,JAX,KJAX,2020-11-22T18:00Z,6.9,6.9,2020-11-22T12Z,,,,,2020-11-22T12Z,6.3,4.6,4.2
2020_11_CIN_WAS,2020,11,WAS,KDCA,2020-11-22T18:00Z,5.8,6.3,2020-11-22T12Z,,,,,2020-11-22T12Z,9.1,9.6,8.8
2020_11_TEN_BAL,2020,11,BAL,KBWI,2020-11-22T18:00Z,5.8,7.5,2020-11-22T12Z,,,,,2020-11-22T12Z,5.7,5.8,5.3
2020_11_DET_CAR,2020,11,CAR,KCLT,2020-11-22T18:00Z,4.0,2.9,2020-11-22T12Z,,,,,2020-11-22T12Z,2.7,2.8,2.0
2020_11_PHI_CLE,2020,11,CLE,KBKL,2020-11-22T18:00Z,10.9,12.1,2020-11-22T12Z,,,,,2020-11-22T12Z,2.9,2.3,4.1
2020_11_MIA_DEN,2020,11,DEN,KDEN,2020-11-22T21:05Z,11.6,11.6,2020-11-22T12Z,,,,,2020-11-22T12Z,2.8,2.9,3.0
2020_11_LA_TB,2020,11,TB,KTPA,2020-11-24T01:15Z,4.8,4.7,2020-11-23T18Z,,,,,2020-11-23T18Z,4.9,5.7,4.1
2020_12_MIA_NYJ,2020,12,NYJ,KTEB,2020-11-29T18:00Z,6.3,7.5,2020-11-29T12Z,,,,,2020-11-29T12Z,6.7,6.9,6.1
2020_12_ARI_NE,2020,12,NE,KOWD,2020-11-29T18:00Z,6.9,6.9,2020-11-29T12Z,,,,,2020-11-29T12Z,3.1,3.3,3.0
2020_12_LAC_BUF,2020,12,BUF,KBUF,2020-11-29T18:00Z,15.0,13.8,2020-11-29T12Z,,,,,2020-11-29T12Z,11.3,11.5,12.1
2020_12_NYG_CIN,2020,12,CIN,KLUK,2020-11-29T18:00Z,5.2,4.0,2020-11-29T12Z,,,,,2020-11-29T12Z,1.3,1.3,1.9
2020_12_CLE_JAX,2020,12,JAX,KJAX,2020-11-29T18:00Z,4.6,4.6,2020-11-29T12Z,,,,,2020-11-29T12Z,1.5,1.3,4.7
2020_12_NO_DEN,2020,12,DEN,KDEN,2020-11-29T21:05Z,7.4,6.9,2020-11-29T12Z,,,,,2020-11-29T12Z,2.2,1.8,0.8
2020_12_KC_TB,2020,12,TB,KTPA,2020-11-29T21:25Z,7.8,7.8,2020-11-29T12Z,,,,,2020-11-29T12Z,5.4,5.8,4.2
2020_12_CHI_GB,2020,12,GB,KGRB,2020-11-30T01:20Z,13.4,15.7,2020-11-29T18Z,,,,,2020-11-29T18Z,8.3,7.3,8.8
2020_12_SEA_PHI,2020,12,PHI,KPHL,2020-12-01T01:15Z,7.9,6.7,2020-11-30T18Z,,,,,2020-11-30T18Z,13.5,9.5,10.7
2020_12_BAL_PIT,2020,12,PIT,KPIT,2020-12-02T20:40Z,12.0,12.0,2020-12-02T12Z,,,,,2020-12-02T12Z,7.4,6.7,6.8
2020_13_CLE_TEN,2020,13,TEN,KBNA,2020-12-06T18:00Z,6.3,5.2,2020-12-06T12Z,,,,,2020-12-06T12Z,2.3,1.9,0.7
2020_13_DET_CHI,2020,13,CHI,KMDW,2020-12-06T18:00Z,5.2,5.8,2020-12-06T12Z,,,,,2020-12-06T12Z,5.0,6.0,6.1
2020_13_LV_NYJ,2020,13,NYJ,KTEB,2020-12-06T18:00Z,15.5,17.3,2020-12-06T12Z,,,,,2020-12-06T12Z,14.8,15.5,16.4
2020_13_CIN_MIA,2020,13,MIA,KMIA,2020-12-06T18:00Z,8.6,8.6,2020-12-06T12Z,,,,,2020-12-06T12Z,5.8,7.2,3.9
2020_13_NYG_SEA,2020,13,SEA,KBFI,2020-12-06T21:05Z,6.3,6.2,2020-12-06T12Z,,,,,2020-12-06T12Z,5.6,4.6,5.4
2020_13_PHI_GB,2020,13,GB,KGRB,2020-12-06T21:25Z,3.6,4.1,2020-12-06T12Z,,,,,2020-12-06T12Z,2.6,3.5,2.5
2020_13_DEN_KC,2020,13,KC,KMCI,2020-12-07T01:20Z,4.1,4.3,2020-12-06T18Z,,,,,2020-12-06T18Z,4.6,4.8,6.2
2020_13_WAS_PIT,2020,13,PIT,KPIT,2020-12-07T22:00Z,11.7,12.8,2020-12-07T12Z,,,,,2020-12-07T12Z,6.3,6.2,6.8
2020_13_DAL_BAL,2020,13,BAL,KBWI,2020-12-09T01:05Z,5.0,6.4,2020-12-08T18Z,,,,,2020-12-08T18Z,6.6,6.0,6.5
2020_14_KC_MIA,2020,14,MIA,KMIA,2020-12-13T18:00Z,6.9,8.1,2020-12-13T12Z,,,,,2020-12-13T12Z,6.7,5.3,5.0
2020_14_ARI_NYG,2020,14,NYG,KTEB,2020-12-13T18:00Z,11.5,9.8,2020-12-13T12Z,,,,,2020-12-13T12Z,11.0,12.1,11.1
2020_14_TEN_JAX,2020,14,JAX,KJAX,2020-12-13T18:00Z,5.8,4.6,2020-12-13T12Z,,,,,2020-12-13T12Z,3.0,2.5,1.9
2020_14_MIN_TB,2020,14,TB,KTPA,2020-12-13T18:00Z,6.9,6.9,2020-12-13T12Z,,,,,2020-12-13T12Z,3.3,1.1,1.2
2020_14_DEN_CAR,2020,14,CAR,KCLT,2020-12-13T18:00Z,5.8,5.2,2020-12-13T12Z,,,,,2020-12-13T12Z,2.3,2.3,2.2
2020_14_HOU_CHI,2020,14,CHI,KMDW,2020-12-13T18:00Z,5.8,5.2,2020-12-13T12Z,,,,,2020-12-13T12Z,8.7,6.3,6.9
2020_14_DAL_CIN,2020,14,CIN,KLUK,2020-12-13T18:00Z,2.9,3.5,2020-12-13T12Z,,,,,2020-12-13T12Z,2.8,2.2,1.9
2020_14_NYJ_SEA,2020,14,SEA,KBFI,2020-12-13T21:05Z,5.2,5.7,2020-12-13T12Z,,,,,2020-12-13T12Z,3.0,2.5,2.2
2020_14_NO_PHI,2020,14,PHI,KPHL,2020-12-13T21:25Z,8.2,8.9,2020-12-13T12Z,,,,,2020-12-13T12Z,8.7,8.6,9.1
2020_14_PIT_BUF,2020,14,BUF,KBUF,2020-12-14T01:20Z,8.5,7.0,2020-12-13T18Z,,,,,2020-12-13T18Z,,,
2020_14_BAL_CLE,2020,14,CLE,KBKL,2020-12-15T01:15Z,19.9,18.4,2020-12-14T18Z,,,,,2020-12-14T18Z,,,
2020_15_BUF_DEN,2020,15,DEN,KDEN,2020-12-19T21:30Z,16.4,15.3,2020-12-19T12Z,,,,,2020-12-19T12Z,,,
2020_15_CAR_GB,2020,15,GB,KGRB,2020-12-20T01:15Z,2.4,1.9,2020-12-19T18Z,,,,,2020-12-19T18Z,,,
2020_15_JAX_BAL,2020,15,BAL,KBWI,2020-12-20T18:00Z,4.0,5.2,2020-12-20T12Z,,,,,2020-12-20T12Z,3.5,5.1,5.5
2020_15_NE_MIA,2020,15,MIA,KMIA,2020-12-20T18:00Z,8.6,12.1,2020-12-20T12Z,,,,,2020-12-20T12Z,,,
2020_15_DET_TEN,2020,15,TEN,KBNA,2020-12-20T18:00Z,5.2,5.2,2020-12-20T12Z,,,,,2020-12-20T12Z,,,
2020_15_SEA_WAS,2020,15,WAS,KDCA,2020-12-20T18:00Z,5.8,7.5,2020-12-20T12Z,,,,,2020-12-20T12Z,,,
2020_15_CLE_NYG,2020,15,NYG,KTEB,2020-12-21T01:20Z,2.4,1.0,2020-12-20T18Z,,,,,2020-12-20T18Z,3.3,3.5,1.9
2020_15_PIT_CIN,2020,15,CIN,KLUK,2020-12-22T01:15Z,13.0,11.9,2020-12-21T18Z,,,,,2020-12-21T18Z,8.9,9.9,9.6
2020_16_NYG_BAL,2020,16,BAL,KBWI,2020-12-27T18:00Z,5.2,4.0,2020-12-27T12Z,,,,,2020-12-27T12Z,,,
2020_16_CHI_JAX,2020,16,JAX,KJAX,2020-12-27T18:00Z,5.2,5.2,2020-12-27T12Z,,,,,2020-12-27T12Z,4.0,3.3,4.2
2020_16_IND_PIT,2020,16,PIT,KPIT,2020-12-27T18:00Z,9.8,9.8,2020-12-27T12Z,,,,,2020-12-27T12Z,5.5,5.1,5.8
2020_16_ATL_KC,2020,16,KC,KMCI,2020-12-27T18:00Z,16.7,13.2,2020-12-27T12Z,,,,,2020-12-27T12Z,,,
2020_16_CLE_NYJ,2020,16,NYJ,KTEB,2020-12-27T18:00Z,6.3,5.8,2020-12-27T12Z,,,,,2020-12-27T12Z,,,
2020_16_CAR_WAS,2020,16,WAS,KDCA,2020-12-27T21:05Z,6.9,6.9,2020-12-27T12Z,,,,,2020-12-27T12Z,,,
2020_16_LA_SEA,2020,16,SEA,KBFI,2020-12-27T21:25Z,4.6,4.1,2020-12-27T12Z,,,,,2020-12-27T12Z,,,
2020_16_TEN_GB,2020,16,GB,KGRB,2020-12-28T01:20Z,14.3,14.6,2020-12-27T18Z,,,,,2020-12-27T18Z,5.4,6.7,7.0
2020_16_BUF_NE,2020,16,NE,KOWD,2020-12-29T01:15Z,6.0,5.3,2020-12-28T18Z,,,,,2020-12-28T18Z,4.6,4.5,4.3
2020_17_ATL_TB,2020,17,TB,KTPA,2021-01-03T18:00Z,9.2,8.6,2021-01-03T12Z,,,,,2021-01-03T12Z,7.4,6.2,6.8
2020_17_DAL_NYG,2020,17,NYG,KTEB,2021-01-03T18:00Z,7.5,7.5,2021-01-03T12Z,,,,,2021-01-03T12Z,10.2,10.3,10.0
2020_17_NYJ_NE,2020,17,NE,KOWD,2021-01-03T18:00Z,5.8,5.8,2021-01-03T12Z,,,,,2021-01-03T12Z,3.9,3.4,3.9
2020_17_BAL_CIN,2020,17,CIN,KLUK,2021-01-03T18:00Z,9.8,10.9,2021-01-03T12Z,,,,,2021-01-03T12Z,6.2,5.7,5.9
2020_17_MIA_BUF,2020,17,BUF,KBUF,2021-01-03T18:00Z,4.0,4.6,2021-01-03T12Z,,,,,2021-01-03T12Z,2.3,3.2,4.2
2020_17_PIT_CLE,2020,17,CLE,KBKL,2021-01-03T18:00Z,10.9,10.9,2021-01-03T12Z,,,,,2021-01-03T12Z,7.2,8.0,8.2
2020_17_NO_CAR,2020,17,CAR,KCLT,2021-01-03T21:25Z,7.8,5.8,2021-01-03T12Z,,,,,2021-01-03T12Z,3.6,3.5,3.2
2020_17_LV_DEN,2020,17,DEN,KDEN,2021-01-03T21:25Z,8.9,7.7,2021-01-03T12Z,,,,,2021-01-03T12Z,5.7,4.1,2.7
2020_17_GB_CHI,2020,17,CHI,KMDW,2021-01-03T21:25Z,7.3,6.7,2021-01-03T12Z,,,,,2021-01-03T12Z,14.1,12.9,10.7
2020_17_LAC_KC,2020,17,KC,KMCI,2021-01-03T21:25Z,7.1,6.4,2021-01-03T12Z,,,,,2021-01-03T12Z,7.3,6.1,6.6
2020_17_WAS_PHI,2020,17,PHI,KPHL,2021-01-04T01:20Z,7.9,8.1,2021-01-03T18Z,,,,,2021-01-03T18Z,9.7,11.3,10.5
2020_18_IND_BUF,2020,18,BUF,KBUF,2021-01-09T18:05Z,9.8,9.3,2021-01-09T12Z,,,,,2021-01-09T12Z,6.0,6.1,5.9
2020_18_LA_SEA,2020,18,SEA,KBFI,2021-01-09T21:40Z,4.6,4.9,2021-01-09T12Z,,,,,2021-01-09T12Z,0.5,0.3,1.3
2020_18_TB_WAS,2020,18,WAS,KDCA,2021-01-10T01:15Z,11.5,13.8,2021-01-09T18Z,,,,,2021-01-09T18Z,11.1,12.1,13.9
2020_18_BAL_TEN,2020,18,TEN,KBNA,2021-01-10T18:05Z,3.5,4.1,2021-01-10T12Z,,,,,2021-01-10T12Z,1.8,1.7,1.4
2020_18_CLE_PIT,2020,18,PIT,KPIT,2021-01-11T01:15Z,0.1,0.0,2021-01-10T18Z,,,,,2021-01-10T18Z,0.8,0.9,0.9
2020_19_LA_GB,2020,19,GB,KGRB,2021-01-16T21:35Z,8.9,9.2,2021-01-16T12Z,,,,,2021-01-16T12Z,,,
2020_19_BAL_BUF,2020,19,BUF,KBUF,2021-01-17T01:15Z,17.2,18.1,2021-01-16T18Z,,,,,2021-01-16T18Z,17.0,11.9,14.4
2020_19_CLE_KC,2020,19,KC,KMCI,2021-01-17T20:05Z,13.4,13.5,2021-01-17T12Z,,,,,2021-01-17T12Z,10.4,9.3,10.2
2020_20_TB_GB,2020,20,GB,KGRB,2021-01-24T20:05Z,7.2,7.2,2021-01-24T12Z,,,,,2021-01-24T12Z,,,
2020_20_BUF_KC,2020,20,KC,KMCI,2021-01-24T23:40Z,12.6,9.0,2021-01-24T18Z,,,,,2021-01-24T18Z,,,
2021_01_DAL_TB,2021,1,TB,KTPA,2021-09-10T00:20Z,6.7,8.0,2021-09-09T18Z,,,,,2021-09-09T18Z,,,
2021_01_PIT_BUF,2021,1,BUF,KBUF,2021-09-12T17:00Z,14.3,14.7,2021-09-12T12Z,,,,,2021-09-12T12Z,7.0,8.3,12.3
2021_01_PHI_ATL,2021,1,ATL,KATL,2021-09-12T17:00Z,5.7,4.9,2021-09-12T12Z,,,,,2021-09-12T12Z,3.1,2.9,3.2
2021_01_LAC_WAS,2021,1,WAS,KDCA,2021-09-12T17:00Z,13.2,13.8,2021-09-12T12Z,,,,,2021-09-12T12Z,,,
2021_01_ARI_TEN,2021,1,TEN,KBNA,2021-09-12T17:00Z,9.8,10.7,2021-09-12T12Z,,,,,2021-09-12T12Z,,,
2021_01_MIN_CIN,2021,1,CIN,KLUK,2021-09-12T17:00Z,13.7,15.8,2021-09-12T12Z,,,,,2021-09-12T12Z,,,
2021_01_NYJ_CAR,2021,1,CAR,KCLT,2021-09-12T17:00Z,4.9,4.0,2021-09-12T12Z,,,,,2021-09-12T12Z,,,
2021_01_CLE_KC,2021,1,KC,KMCI,2021-09-12T20:25Z,15.0,13.8,2021-09-12T12Z,,,,,2021-09-12T12Z,5.0,5.7,7.6
2021_01_MIA_NE,2021,1,NE,KOWD,2021-09-12T20:25Z,13.8,11.9,2021-09-12T12Z,,,,,2021-09-12T12Z,6.1,5.9,5.8
2021_01_GB_NO,2021,1,NO,KJAX,2021-09-12T20:25Z,9.2,10.4,2021-09-12T12Z,,,,,2021-09-12T12Z,8.1,7.2,7.8
2021_01_DEN_NYG,2021,1,NYG,KTEB,2021-09-12T20:25Z,14.2,12.7,2021-09-12T12Z,,,,,2021-09-12T12Z,12.4,12.7,11.5
2021_02_NYG_WAS,2021,2,WAS,KDCA,2021-09-17T00:20Z,6.7,6.7,2021-09-16T18Z,,,,,2021-09-16T18Z,4.0,4.1,5.8
2021_02_LV_PIT,2021,2,PIT,KPIT,2021-09-19T17:00Z,5.8,4.6,2021-09-19T12Z,,,,,2021-09-19T12Z,1.3,2.6,2.4
2021_02_SF_PHI,2021,2,PHI,KPHL,2021-09-19T17:00Z,8.2,7.8,2021-09-19T12Z,,,,,2021-09-19T12Z,5.6,5.1,5.9
2021_02_NE_NYJ,2021,2,NYJ,KTEB,2021-09-19T17:00Z,7.6,9.5,2021-09-19T12Z,,,,,2021-09-19T12Z,7.3,4.9,7.2
2021_02_BUF_MIA,2021,2,MIA,KMIA,2021-09-19T17:00Z,7.7,7.8,2021-09-19T12Z,,,,,2021-09-19T12Z,8.6,7.0,6.1
2021_02_HOU_CLE,2021,2,CLE,KBKL,2021-09-19T17:00Z,13.4,12.9,2021-09-19T12Z,,,,,2021-09-19T12Z,4.5,3.6,4.2
2021_02_CIN_CHI,2021,2,CHI,KMDW,2021-09-19T17:00Z,9.2,7.5,2021-09-19T12Z,,,,,2021-09-19T12Z,10.2,7.6,7.9
2021_02_NO_CAR,2021,2,CAR,KCLT,2021-09-19T17:00Z,7.6,8.9,2021-09-19T12Z,,,,,2021-09-19T12Z,2.9,3.1,3.8
2021_02_DEN_JAX,2021,2,JAX,KJAX,2021-09-19T17:00Z,9.2,9.5,2021-09-19T12Z,,,,,2021-09-19T12Z,7.4,6.3,5.6
2021_02_ATL_TB,2021,2,TB,KTPA,2021-09-19T20:05Z,7.2,7.4,2021-09-19T12Z,,,,,2021-09-19T12Z,1.8,2.5,4.3
2021_02_TEN_SEA,2021,2,SEA,KBFI,2021-09-19T20:25Z,9.2,11.1,2021-09-19T12Z,,,,,2021-09-19T12Z,6.1,7.4,8.8
2021_02_KC_BAL,2021,2,BAL,KBWI,2021-09-20T00:20Z,2.5,2.5,2021-09-19T18Z,,,,,2021-09-19T18Z,1.3,0.8,1.1
2021_02_DET_GB,2021,2,GB,KGRB,2021-09-21T00:15Z,16.9,13.6,2021-09-20T18Z,,,,,2021-09-20T18Z,5.7,7.9,7.4
2021_03_ATL_NYG,2021,3,NYG,KTEB,2021-09-26T17:00Z,16.4,18.1,2021-09-26T12Z,,,,,2021-09-26T12Z,11.3,11.8,12.9
2021_03_ARI_JAX,2021,3,JAX,KJAX,2021-09-26T17:00Z,7.4,8.6,2021-09-26T12Z,,,,,2021-09-26T12Z,5.1,6.4,7.6
2021_03_CHI_CLE,2021,3,CLE,KBKL,2021-09-26T17:00Z,17.2,16.7,2021-09-26T12Z,,,,,2021-09-26T12Z,10.0,9.1,9.9
2021_03_IND_TEN,2021,3,TEN,KBNA,2021-09-26T17:00Z,4.2,4.3,2021-09-26T12Z,,,,,2021-09-26T12Z,,,
2021_03_CIN_PIT,2021,3,PIT,KPIT,2021-09-26T17:00Z,14.2,12.4,2021-09-26T12Z,,,,,2021-09-26T12Z,,,
2021_03_NO_NE,2021,3,NE,KOWD,2021-09-26T17:00Z,13.9,12.3,2021-09-26T12Z,,,,,2021-09-26T12Z,,,
2021_03_LAC_KC,2021,3,KC,KMCI,2021-09-26T17:00Z,17.7,19.6,2021-09-26T12Z,,,,,2021-09-26T12Z,10.2,11.3,12.8
2021_03_WAS_BUF,2021,3,BUF,KBUF,2021-09-26T17:00Z,17.7,18.1,2021-09-26T12Z,,,,,2021-09-26T12Z,,,
2021_03_NYJ_DEN,2021,3,DEN,KDEN,2021-09-26T20:05Z,8.3,8.3,2021-09-26T12Z,,,,,2021-09-26T12Z,5.9,5.8,5.6
2021_03_GB_SF,2021,3,SF,KSJC,2021-09-27T00:20Z,9.2,9.6,2021-09-26T18Z,,,,,2021-09-26T18Z,8.4,8.1,8.4
2021_03_PHI_DAL,2021,3,DAL,KDFW,2021-09-28T00:15Z,9.2,8.5,2021-09-27T18Z,,,,,2021-09-27T18Z,8.1,8.2,7.4
2021_04_JAX_CIN,2021,4,CIN,KLUK,2021-10-01T00:20Z,1.2,0.5,2021-09-30T18Z,,,,,2021-09-30T18Z,4.1,4.0,3.6
2021_04_DET_CHI,2021,4,CHI,KMDW,2021-10-03T17:00Z,5.5,4.9,2021-10-03T12Z,,,,,2021-10-03T12Z,9.3,1.4,6.3
2021_04_KC_PHI,2021,4,PHI,KPHL,2021-10-03T17:00Z,5.6,5.8,2021-10-03T12Z,,,,,2021-10-03T12Z,5.9,5.5,5.6
2021_04_TEN_NYJ,2021,4,NYJ,KTEB,2021-10-03T17:00Z,5.3,5.8,2021-10-03T12Z,,,,,2021-10-03T12Z,9.0,5.1,2.4
2021_04_HOU_BUF,2021,4,BUF,KBUF,2021-10-03T17:00Z,9.8,8.7,2021-10-03T12Z,,,,,2021-10-03T12Z,10.5,5.1,6.8
2021_04_IND_MIA,2021,4,MIA,KMIA,2021-10-03T17:00Z,12.3,13.0,2021-10-03T12Z,,,,,2021-10-03T12Z,13.4,13.8,12.3
2021_04_WAS_ATL,2021,4,ATL,KATL,2021-10-03T17:00Z,5.4,7.2,2021-10-03T12Z,,,,,2021-10-03T12Z,3.6,5.0,6.0
2021_04_SEA_SF,2021,4,SF,KSJC,2021-10-03T20:05Z,6.3,6.3,2021-10-03T12Z,,,,,2021-10-03T12Z,8.1,8.5,8.4
2021_04_BAL_DEN,2021,4,DEN,KDEN,2021-10-03T20:25Z,6.1,6.1,2021-10-03T12Z,,,,,2021-10-03T12Z,6.7,6.9,6.8
2021_04_PIT_GB,2021,4,GB,KGRB,2021-10-03T20:25Z,6.1,4.2,2021-10-03T12Z,,,,,2021-10-03T12Z,3.9,2.2,1.3
2021_04_TB_NE,2021,4,NE,KOWD,2021-10-04T00:20Z,1.2,2.3,2021-10-03T18Z,,,,,2021-10-03T18Z,4.0,4.0,3.2
2021_05_LA_SEA,2021,5,SEA,KBFI,2021-10-08T00:20Z,3.0,2.8,2021-10-07T18Z,,,,,2021-10-07T18Z,3.4,2.5,4.2
2021_05_MIA_TB,2021,5,TB,KTPA,2021-10-10T17:00Z,7.1,8.3,2021-10-10T12Z,,,,,2021-10-10T12Z,3.3,3.8,4.4
2021_05_DEN_PIT,2021,5,PIT,KPIT,2021-10-10T17:00Z,8.6,9.3,2021-10-10T12Z,,,,,2021-10-10T12Z,5.0,5.3,5.1
2021_05_NO_WAS,2021,5,WAS,KDCA,2021-10-10T17:00Z,12.1,11.5,2021-10-10T12Z,,,,,2021-10-10T12Z,10.0,11.9,11.4
2021_05_GB_CIN,2021,5,CIN,KLUK,2021-10-10T17:00Z,9.0,12.4,2021-10-10T12Z,,,,,2021-10-10T12Z,,,
2021_05_PHI_CAR,2021,5,CAR,KCLT,2021-10-10T17:00Z,8.8,10.4,2021-10-10T12Z,,,,,2021-10-10T12Z,,,
2021_05_TEN_JAX,2021,5,JAX,KJAX,2021-10-10T17:00Z,9.6,9.8,2021-10-10T12Z,,,,,2021-10-10T12Z,,,
2021_05_BUF_KC,2021,5,KC,KMCI,2021-10-11T00:20Z,9.5,11.5,2021-10-10T18Z,,,,,2021-10-10T18Z,2.5,2.4,3.0
2021_05_IND_BAL,2021,5,BAL,KBWI,2021-10-12T00:15Z,2.8,2.8,2021-10-11T18Z,,,,,2021-10-11T18Z,1.6,3.6,4.1
2021_06_TB_PHI,2021,6,PHI,KPHL,2021-10-15T00:20Z,4.4,3.9,2021-10-14T18Z,,,,,2021-10-14T18Z,1.7,1.5,3.0
2021_06_LA_NYG,2021,6,NYG,KTEB,2021-10-17T17:00Z,14.2,15.0,2021-10-17T12Z,,,,,2021-10-17T12Z,15.0,15.8,13.5
2021_06_MIN_CAR,2021,6,CAR,KCLT,2021-10-17T17:00Z,10.0,10.1,2021-10-17T12Z,,,,,2021-10-17T12Z,3.8,4.3,4.0
2021_06_KC_WAS,2021,6,WAS,KDCA,2021-10-17T17:00Z,17.3,18.1,2021-10-17T12Z,,,,,2021-10-17T12Z,14.0,15.9,16.1
2021_06_LAC_BAL,2021,6,BAL,KBWI,2021-10-17T17:00Z,16.5,18.1,2021-10-17T12Z,,,,,2021-10-17T12Z,8.6,9.5,8.9
2021_06_GB_CHI,2021,6,CHI,KMDW,2021-10-17T17:00Z,10.2,9.5,2021-10-17T12Z,,,,,2021-10-17T12Z,13.7,15.4,12.1
2021_06_HOU_IND,2021,6,IND,KIND,2021-10-17T17:00Z,11.9,11.2,2021-10-17T12Z,,,,,2021-10-17T12Z,8.0,7.8,7.6
2021_06_ARI_CLE,2021,6,CLE,KBKL,2021-10-17T20:05Z,22.0,21.5,2021-10-17T12Z,,,,,2021-10-17T12Z,13.1,12.8,11.8
2021_06_LV_DEN,2021,6,DEN,KDEN,2021-10-17T20:25Z,7.6,7.6,2021-10-17T12Z,,,,,2021-10-17T12Z,5.1,4.8,5.7
2021_06_DAL_NE,2021,6,NE,KOWD,2021-10-17T20:25Z,7.4,9.6,2021-10-17T12Z,,,,,2021-10-17T12Z,6.3,6.1,5.4
2021_06_SEA_PIT,2021,6,PIT,KPIT,2021-10-18T00:20Z,9.2,6.3,2021-10-17T18Z,,,,,2021-10-17T18Z,5.4,5.9,6.0
2021_06_BUF_TEN,2021,6,TEN,KBNA,2021-10-19T00:15Z,2.3,1.8,2021-10-18T18Z,,,,,2021-10-18T18Z,2.2,2.0,2.1
2021_07_DEN_CLE,2021,7,CLE,KBKL,2021-10-22T00:20Z,21.4,19.8,2021-10-21T18Z,,,,,2021-10-21T18Z,8.6,11.4,14.7
2021_07_CAR_NYG,2021,7,NYG,KTEB,2021-10-24T17:00Z,6.8,5.8,2021-10-24T12Z,,,,,2021-10-24T12Z,7.3,7.9,6.7
2021_07_CIN_BAL,2021,7,BAL,KBWI,2021-10-24T17:00Z,8.0,6.0,2021-10-24T12Z,,,,,2021-10-24T12Z,5.8,6.2,5.4
2021_07_ATL_MIA,2021,7,MIA,KMIA,2021-10-24T17:00Z,8.8,9.8,2021-10-24T12Z,,,,,2021-10-24T12Z,7.4,5.6,8.1
2021_07_NYJ_NE,2021,7,NE,KOWD,2021-10-24T17:00Z,9.7,9.5,2021-10-24T12Z,,,,,2021-10-24T12Z,3.9,3.3,3.3
2021_07_KC_TEN,2021,7,TEN,KBNA,2021-10-24T17:00Z,14.1,18.5,2021-10-24T12Z,,,,,2021-10-24T12Z,10.0,9.2,8.9
2021_07_WAS_GB,2021,7,GB,KGRB,2021-10-24T17:00Z,11.5,10.0,2021-10-24T12Z,,,,,2021-10-24T12Z,,,
2021_07_CHI_TB,2021,7,TB,KTPA,2021-10-24T20:25Z,5.4,5.7,2021-10-24T12Z,,,,,2021-10-24T12Z,,,
2021_07_IND_SF,2021,7,SF,KSJC,2021-10-25T00:20Z,9.7,12.5,2021-10-24T18Z,,,,,2021-10-24T18Z,14.6,7.9,13.3
2021_07_NO_SEA,2021,7,SEA,KBFI,2021-10-26T00:15Z,18.2,17.3,2021-10-25T18Z,,,,,2021-10-25T18Z,13.9,13.8,12.4
2021_08_GB_ARI,2021,8,ARI,KPHX,2021-10-29T00:20Z,4.4,4.9,2021-10-28T18Z,,,,,2021-10-28T18Z,3.6,4.6,4.1
2021_08_SF_CHI,2021,8,CHI,KMDW,2021-10-31T17:00Z,13.7,15.0,2021-10-31T12Z,,,,,2021-10-31T12Z,17.9,17.9,19.3
2021_08_PIT_CLE,2021,8,CLE,KBKL,2021-10-31T17:00Z,20.1,19.2,2021-10-31T12Z,,,,,2021-10-31T12Z,11.9,12.8,12.3
2021_08_CAR_ATL,2021,8,ATL,KATL,2021-10-31T17:00Z,12.9,14.4,2021-10-31T12Z,,,,,2021-10-31T12Z,6.3,6.3,7.1
2021_08_CIN_NYJ,2021,8,NYJ,KTEB,2021-10-31T17:00Z,13.2,13.8,2021-10-31T12Z,,,,,2021-10-31T12Z,12.8,14.1,11.9
2021_08_MIA_BUF,2021,8,BUF,KBUF,2021-10-31T17:00Z,13.0,13.5,2021-10-31T12Z,,,,,2021-10-31T12Z,10.7,11.0,10.4
2021_08_TEN_IND,2021,8,IND,KIND,2021-10-31T17:00Z,13.5,13.8,2021-10-31T12Z,,,,,2021-10-31T12Z,,,
2021_08_JAX_SEA,2021,8,SEA,KBFI,2021-10-31T20:05Z,3.7,5.3,2021-10-31T12Z,,,,,2021-10-31T12Z,3.7,4.6,4.1
2021_08_WAS_DEN,2021,8,DEN,KDEN,2021-10-31T20:25Z,8.4,7.8,2021-10-31T12Z,,,,,2021-10-31T12Z,,,
2021_08_NYG_KC,2021,8,KC,KMCI,2021-11-02T00:15Z,4.0,4.6,2021-11-01T18Z,,,,,2021-11-01T18Z,4.2,3.1,3.7
2021_09_HOU_MIA,2021,9,MIA,KMIA,2021-11-07T18:00Z,10.9,9.2,2021-11-07T12Z,,,,,2021-11-07T12Z,14.1,15.3,16.1
2021_09_BUF_JAX,2021,9,JAX,KJAX,2021-11-07T18:00Z,14.4,12.1,2021-11-07T12Z,,,,,2021-11-07T12Z,11.4,9.4,10.2
2021_09_NE_CAR,2021,9,CAR,KCLT,2021-11-07T18:00Z,10.9,10.9,2021-11-07T12Z,,,,,2021-11-07T12Z,5.8,5.0,5.0
2021_09_CLE_CIN,2021,9,CIN,KLUK,2021-11-07T18:00Z,4.0,4.6,2021-11-07T12Z,,,,,2021-11-07T12Z,1.9,2.6,2.1
2021_09_MIN_BAL,2021,9,BAL,KBWI,2021-11-07T18:00Z,5.8,7.5,2021-11-07T12Z,,,,,2021-11-07T12Z,3.5,3.6,4.5
2021_09_LV_NYG,2021,9,NYG,KTEB,2021-11-07T18:00Z,4.6,5.2,2021-11-07T12Z,,,,,2021-11-07T12Z,1.3,1.7,3.7
2021_09_LAC_PHI,2021,9,PHI,KPHL,2021-11-07T21:05Z,6.3,8.1,2021-11-07T12Z,,,,,2021-11-07T12Z,6.9,5.2,5.8
2021_09_GB_KC,2021,9,KC,KMCI,2021-11-07T21:25Z,18.9,18.8,2021-11-07T12Z,,,,,2021-11-07T12Z,9.3,9.6,10.9
2021_09_ARI_SF,2021,9,SF,KSJC,2021-11-07T21:25Z,11.9,11.7,2021-11-07T12Z,,,,,2021-11-07T12Z,7.8,8.2,7.2
2021_09_CHI_PIT,2021,9,PIT,KPIT,2021-11-09T01:15Z,2.3,4.5,2021-11-08T18Z,,,,,2021-11-08T18Z,4.8,5.1,5.1
2021_10_BAL_MIA,2021,10,MIA,KMIA,2021-11-12T01:20Z,8.9,8.9,2021-11-11T18Z,,,,,2021-11-11T18Z,,,
2021_10_NO_TEN,2021,10,TEN,KBNA,2021-11-14T18:00Z,13.2,15.0,2021-11-14T12Z,,,,,2021-11-14T12Z,7.7,7.7,8.2
2021_10_BUF_NYJ,2021,10,NYJ,KTEB,2021-11-14T18:00Z,8.6,9.2,2021-11-14T12Z,,,,,2021-11-14T12Z,9.7,9.5,7.6
2021_10_DET_PIT,2021,10,PIT,KPIT,2021-11-14T18:00Z,9.8,9.2,2021-11-14T12Z,,,,,2021-11-14T12Z,6.8,7.3,7.7
2021_10_TB_WAS,2021,10,WAS,KDCA,2021-11-14T18:00Z,8.6,9.8,2021-11-14T12Z,,,,,2021-11-14T12Z,,,
2021_10_CLE_NE,2021,10,NE,KOWD,2021-11-14T18:00Z,8.6,8.6,2021-11-14T12Z,,,,,2021-11-14T12Z,,,
2021_10_SEA_GB,2021,10,GB,KGRB,2021-11-14T21:25Z,11.7,12.5,2021-11-14T12Z,,,,,2021-11-14T12Z,7.1,7.5,8.2
2021_10_PHI_DEN,2021,10,DEN,KDEN,2021-11-14T21:25Z,15.5,15.4,2021-11-14T12Z,,,,,2021-11-14T12Z,5.4,9.3,12.5
2021_10_LA_SF,2021,10,SF,KSJC,2021-11-16T01:15Z,4.8,4.8,2021-11-15T18Z,,,,,2021-11-15T18Z,7.6,5.8,4.2
2021_11_HOU_TEN,2021,11,TEN,KBNA,2021-11-21T18:00Z,10.9,12.1,2021-11-21T12Z,,,,,2021-11-21T12Z,6.0,6.5,6.7
2021_11_MIA_NYJ,2021,11,NYJ,KTEB,2021-11-21T18:00Z,6.9,7.5,2021-11-21T12Z,,,,,2021-11-21T12Z,9.4,9.4,8.1
2021_11_BAL_CHI,2021,11,CHI,KMDW,2021-11-21T18:00Z,10.9,13.8,2021-11-21T12Z,,,,,2021-11-21T12Z,17.3,16.9,19.2
2021_11_WAS_CAR,2021,11,CAR,KCLT,2021-11-21T18:00Z,4.6,5.2,2021-11-21T12Z,,,,,2021-11-21T12Z,1.6,1.8,2.3
2021_11_IND_BUF,2021,11,BUF,KBUF,2021-11-21T18:00Z,12.7,13.8,2021-11-21T12Z,,,,,2021-11-21T12Z,9.6,10.9,13.1
2021_11_SF_JAX,2021,11,JAX,KJAX,2021-11-21T18:00Z,9.2,9.8,2021-11-21T12Z,,,,,2021-11-21T12Z,10.9,9.3,9.3
2021_11_NO_PHI,2021,11,PHI,KPHL,2021-11-21T18:00Z,6.9,7.5,2021-11-21T12Z,,,,,2021-11-21T12Z,10.1,10.1,7.3
2021_11_DET_CLE,2021,11,CLE,KBKL,2021-11-21T18:00Z,17.3,16.1,2021-11-21T12Z,,,,,2021-11-21T12Z,,,
2021_11_ARI_SEA,2021,11,SEA,KBFI,2021-11-21T21:25Z,1.8,1.6,2021-11-21T12Z,,,,,2021-11-21T12Z,1.2,0.8,0.8
2021_11_DAL_KC,2021,11,KC,KMCI,2021-11-21T21:25Z,13.0,11.6,2021-11-21T12Z,,,,,2021-11-21T12Z,,,
2021_11_NYG_TB,2021,11,TB,KTPA,2021-11-23T01:15Z,8.5,8.4,2021-11-22T18Z,,,,,2021-11-22T18Z,7.6,6.9,7.5
2021_12_PIT_CIN,2021,12,CIN,KLUK,2021-11-28T18:00Z,13.8,17.3,2021-11-28T12Z,,,,,2021-11-28T12Z,8.7,7.1,7.8
2021_12_ATL_JAX,2021,12,JAX,KJAX,2021-11-28T18:00Z,6.9,6.9,2021-11-28T12Z,,,,,2021-11-28T12Z,7.6,7.3,6.6
2021_12_CAR_MIA,2021,12,MIA,KMIA,2021-11-28T18:00Z,6.3,5.8,2021-11-28T12Z,,,,,2021-11-28T12Z,7.4,6.2,2.4
2021_12_TEN_NE,2021,12,NE,KOWD,2021-11-28T18:00Z,4.6,6.3,2021-11-28T12Z,,,,,2021-11-28T12Z,1.6,2.5,2.2
2021_12_PHI_NYG,2021,12,NYG,KTEB,2021-11-28T18:00Z,8.1,5.2,2021-11-28T12Z,,,,,2021-11-28T12Z,2.4,4.4,2.7
2021_12_LAC_DEN,2021,12,DEN,KDEN,2021-11-28T21:05Z,7.0,6.4,2021-11-28T12Z,,,,,2021-11-28T12Z,3.7,3.9,3.6
2021_12_MIN_SF,2021,12,SF,KSJC,2021-11-28T21:25Z,4.8,5.5,2021-11-28T12Z,,,,,2021-11-28T12Z,4.3,4.0,4.6
2021_12_LA_GB,2021,12,GB,KGRB,2021-11-28T21:25Z,9.5,9.5,2021-11-28T12Z,,,,,2021-11-28T12Z,6.4,5.6,5.6
2021_12_CLE_BAL,2021,12,BAL,KBWI,2021-11-29T01:20Z,7.4,6.4,2021-11-28T18Z,,,,,2021-11-28T18Z,7.0,6.8,6.7
2021_12_SEA_WAS,2021,12,WAS,KDCA,2021-11-30T01:15Z,6.2,5.7,2021-11-29T18Z,,,,,2021-11-29T18Z,7.1,6.8,5.9
2021_13_LAC_CIN,2021,13,CIN,KLUK,2021-12-05T18:00Z,6.9,9.8,2021-12-05T12Z,,,,,2021-12-05T12Z,6.5,6.0,7.6
2021_13_NYG_MIA,2021,13,MIA,KMIA,2021-12-05T18:00Z,9.8,8.6,2021-12-05T12Z,,,,,2021-12-05T12Z,9.7,9.0,9.9
2021_13_PHI_NYJ,2021,13,NYJ,KTEB,2021-12-05T18:00Z,4.6,4.0,2021-12-05T12Z,,,,,2021-12-05T12Z,2.6,3.5,2.4
2021_13_ARI_CHI,2021,13,CHI,KMDW,2021-12-05T18:00Z,10.9,9.8,2021-12-05T12Z,,,,,2021-12-05T12Z,24.1,14.3,17.2
2021_13_SF_SEA,2021,13,SEA,KBFI,2021-12-05T21:25Z,2.3,1.1,2021-12-05T12Z,,,,,2021-12-05T12Z,1.3,1.2,1.8
2021_13_BAL_PIT,2021,13,PIT,KPIT,2021-12-05T21:25Z,10.6,11.4,2021-12-05T12Z,,,,,2021-12-05T12Z,8.0,8.1,9.4
2021_13_DEN_KC,2021,13,KC,KMCI,2021-12-06T01:20Z,20.4,20.0,2021-12-05T18Z,,,,,2021-12-05T18Z,12.6,13.3,16.5
2021_13_NE_BUF,2021,13,BUF,KBUF,2021-12-07T01:15Z,27.7,27.9,2021-12-06T18Z,,,,,2021-12-06T18Z,,,
2021_14_JAX_TEN,2021,14,TEN,KBNA,2021-12-12T18:00Z,4.6,5.2,2021-12-12T12Z,,,,,2021-12-12T12Z,1.9,2.0,2.4
2021_14_DAL_WAS,2021,14,WAS,KDCA,2021-12-12T18:00Z,10.4,11.5,2021-12-12T12Z,,,,,2021-12-12T12Z,9.5,9.3,9.8
2021_14_SEA_HOU,2021,14,HOU,KHOU,2021-12-12T18:00Z,5.2,5.8,2021-12-12T12Z,,,,,2021-12-12T12Z,5.7,5.8,5.2
2021_14_BAL_CLE,2021,14,CLE,KBKL,2021-12-12T18:00Z,20.7,20.7,2021-12-12T12Z,,,,,2021-12-12T12Z,9.5,10.9,10.7
2021_14_ATL_CAR,2021,14,CAR,KCLT,2021-12-12T18:00Z,5.2,6.9,2021-12-12T12Z,,,,,2021-12-12T12Z,3.5,3.0,3.8
2021_14_LV_KC,2021,14,KC,KMCI,2021-12-12T18:00Z,19.0,18.4,2021-12-12T12Z,,,,,2021-12-12T12Z,12.1,11.4,11.5
2021_14_NO_NYJ,2021,14,NYJ,KTEB,2021-12-12T18:00Z,13.2,13.2,2021-12-12T12Z,,,,,2021-12-12T12Z,,,
2021_14_DET_DEN,2021,14,DEN,KDEN,2021-12-12T21:05Z,8.1,8.7,2021-12-12T12Z,,,,,2021-12-12T12Z,6.2,5.8,5.3
2021_14_BUF_TB,2021,14,TB,KTPA,2021-12-12T21:25Z,8.1,8.0,2021-12-12T12Z,,,,,2021-12-12T12Z,3.1,2.9,2.5
2021_14_SF_CIN,2021,14,CIN,KLUK,2021-12-12T21:25Z,5.2,6.1,2021-12-12T12Z,,,,,2021-12-12T12Z,4.9,5.0,4.5
2021_14_CHI_GB,2021,14,GB,KGRB,2021-12-13T01:20Z,11.2,9.8,2021-12-12T18Z,,,,,2021-12-12T18Z,8.5,8.5,8.8
2021_14_LA_ARI,2021,14,ARI,KPHX,2021-12-14T01:15Z,3.6,3.6,2021-12-13T18Z,,,,,2021-12-13T18Z,4.7,4.4,3.2
2021_15_TEN_PIT,2021,15,PIT,KPIT,2021-12-19T18:00Z,10.4,11.5,2021-12-19T12Z,,,,,2021-12-19T12Z,5.6,5.6,5.9
2021_15_NYJ_MIA,2021,15,MIA,KMIA,2021-12-19T18:00Z,11.5,10.9,2021-12-19T12Z,,,,,2021-12-19T12Z,8.9,9.9,9.6
2021_15_DAL_NYG,2021,15,NYG,KTEB,2021-12-19T18:00Z,15.5,16.1,2021-12-19T12Z,,,,,2021-12-19T12Z,15.1,15.8,14.0
2021_15_CAR_BUF,2021,15,BUF,KBUF,2021-12-19T18:00Z,8.1,8.1,2021-12-19T12Z,,,,,2021-12-19T12Z,6.8,5.6,5.0
2021_15_HOU_JAX,2021,15,JAX,KJAX,2021-12-19T18:00Z,9.2,9.8,2021-12-19T12Z,,,,,2021-12-19T12Z,5.8,7.4,6.6
2021_15_CIN_DEN,2021,15,DEN,KDEN,2021-12-19T21:05Z,6.4,6.4,2021-12-19T12Z,,,,,2021-12-19T12Z,5.9,6.4,6.6
2021_15_ATL_SF,2021,15,SF,KSJC,2021-12-19T21:05Z,6.4,6.4,2021-12-19T12Z,,,,,2021-12-19T12Z,5.8,5.8,4.7
2021_15_GB_BAL,2021,15,BAL,KBWI,2021-12-19T21:25Z,10.9,9.8,2021-12-19T12Z,,,,,2021-12-19T12Z,6.8,8.4,8.2
2021_15_NO_TB,2021,15,TB,KTPA,2021-12-20T01:20Z,4.9,6.0,2021-12-19T18Z,,,,,2021-12-19T18Z,3.7,3.8,3.9
2021_15_LV_CLE,2021,15,CLE,KBKL,2021-12-20T22:00Z,14.6,15.3,2021-12-20T12Z,,,,,2021-12-20T12Z,8.7,7.9,9.5
2021_15_MIN_CHI,2021,15,CHI,KMDW,2021-12-21T01:15Z,8.2,7.9,2021-12-20T18Z,,,,,2021-12-20T18Z,10.1,10.4,11.3
2021_15_WAS_PHI,2021,15,PHI,KPHL,2021-12-22T00:00Z,4.0,2.9,2021-12-21T18Z,,,,,2021-12-21T18Z,5.0,5.0,5.0
2021_16_SF_TEN,2021,16,TEN,KBNA,2021-12-24T01:20Z,12.5,13.7,2021-12-23T18Z,,,,,2021-12-23T18Z,,,
2021_16_CLE_GB,2021,16,GB,KGRB,2021-12-25T21:30Z,5.8,5.5,2021-12-25T12Z,,,,,2021-12-25T12Z,3.3,3.5,3.1
2021_16_JAX_NYJ,2021,16,NYJ,KTEB,2021-12-26T18:00Z,13.8,12.7,2021-12-26T12Z,,,,,2021-12-26T12Z,11.6,13.2,11.7
2021_16_BUF_NE,2021,16,NE,KOWD,2021-12-26T18:00Z,10.9,10.9,2021-12-26T12Z,,,,,2021-12-26T12Z,5.2,5.4,5.5
2021_16_DET_ATL,2021,16,ATL,KATL,2021-12-26T18:00Z,6.3,6.9,2021-12-26T12Z,,,,,2021-12-26T12Z,2.3,2.9,2.7
2021_16_TB_CAR,2021,16,CAR,KCLT,2021-12-26T18:00Z,4.0,4.0,2021-12-26T12Z,,,,,2021-12-26T12Z,2.4,2.0,0.8
2021_16_BAL_CIN,2021,16,CIN,KLUK,2021-12-26T18:00Z,4.0,4.6,2021-12-26T12Z,,,,,2021-12-26T12Z,1.7,2.4,2.1
2021_16_NYG_PHI,2021,16,PHI,KPHL,2021-12-26T18:00Z,13.8,13.2,2021-12-26T12Z,,,,,2021-12-26T12Z,,,
2021_16_CHI_SEA,2021,16,SEA,KBFI,2021-12-26T21:05Z,6.9,7.5,2021-12-26T12Z,,,,,2021-12-26T12Z,6.1,5.7,7.5
2021_16_PIT_KC,2021,16,KC,KMCI,2021-12-26T21:25Z,18.9,18.1,2021-12-26T12Z,,,,,2021-12-26T12Z,12.9,11.8,14.0
2021_17_TB_NYJ,2021,17,NYJ,KTEB,2022-01-02T18:00Z,8.6,9.2,2022-01-02T12Z,,,,,2022-01-02T12Z,4.7,10.5,13.8
2021_17_PHI_WAS,2021,17,WAS,KDCA,2022-01-02T18:00Z,13.2,11.5,2022-01-02T12Z,,,,,2022-01-02T12Z,5.5,11.2,12.1
2021_17_ATL_BUF,2021,17,BUF,KBUF,2022-01-02T18:00Z,9.2,9.8,2022-01-02T12Z,,,,,2022-01-02T12Z,10.4,10.6,9.6
2021_17_LA_BAL,2021,17,BAL,KBWI,2022-01-02T18:00Z,13.2,10.9,2022-01-02T12Z,,,,,2022-01-02T12Z,3.9,6.2,6.3
2021_17_MIA_TEN,2021,17,TEN,KBNA,2022-01-02T18:00Z,9.2,10.9,2022-01-02T12Z,,,,,2022-01-02T12Z,11.2,7.2,7.3
2021_17_JAX_NE,2021,17,NE,KOWD,2022-01-02T18:00Z,5.2,6.3,2022-01-02T12Z,,,,,2022-01-02T12Z,,,
2021_17_NYG_CHI,2021,17,CHI,KMDW,2022-01-02T18:00Z,10.9,10.9,2022-01-02T12Z,,,,,2022-01-02T12Z,,,
2021_17_KC_CIN,2021,17,CIN,KLUK,2022-01-02T18:00Z,8.6,10.4,2022-01-02T12Z,,,,,2022-01-02T12Z,,,
2021_17_HOU_SF,2021,17,SF,KSJC,2022-01-02T21:05Z,5.8,5.8,2022-01-02T12Z,,,,,2022-01-02T12Z,4.4,5.5,4.6
2021_17_DET_SEA,2021,17,SEA,KBFI,2022-01-02T21:25Z,13.7,15.4,2022-01-02T12Z,,,,,2022-01-02T12Z,13.9,13.6,13.1
2021_17_MIN_GB,2021,17,GB,KGRB,2022-01-03T01:20Z,4.4,3.5,2022-01-02T18Z,,,,,2022-01-02T18Z,5.2,4.4,4.7
2021_17_CLE_PIT,2021,17,PIT,KPIT,2022-01-04T01:15Z,4.1,4.2,2022-01-03T18Z,,,,,2022-01-03T18Z,2.6,3.9,3.7
2021_18_KC_DEN,2021,18,DEN,KDEN,2022-01-08T21:30Z,10.7,11.5,2022-01-08T12Z,,,,,2022-01-08T12Z,1.7,3.5,2.7
2021_18_DAL_PHI,2021,18,PHI,KPHL,2022-01-09T01:15Z,4.7,3.7,2022-01-08T18Z,,,,,2022-01-08T18Z,9.4,8.7,8.8
2021_18_PIT_BAL,2021,18,BAL,KBWI,2022-01-09T18:00Z,4.6,5.8,2022-01-09T12Z,,,,,2022-01-09T12Z,7.5,6.8,7.3
2021_18_CIN_CLE,2021,18,CLE,KBKL,2022-01-09T18:00Z,26.5,24.2,2022-01-09T12Z,,,,,2022-01-09T12Z,13.8,14.9,15.6
2021_18_WAS_NYG,2021,18,NYG,KTEB,2022-01-09T18:00Z,12.7,12.7,2022-01-09T12Z,,,,,2022-01-09T12Z,14.9,15.3,15.0
2021_18_IND_JAX,2021,18,JAX,KJAX,2022-01-09T18:00Z,11.5,10.9,2022-01-09T12Z,,,,,2022-01-09T12Z,8.9,9.1,8.5
2021_18_NE_MIA,2021,18,MIA,KMIA,2022-01-09T21:25Z,11.9,11.6,2022-01-09T12Z,,,,,2022-01-09T12Z,15.8,14.1,14.9
2021_18_NYJ_BUF,2021,18,BUF,KBUF,2022-01-09T21:25Z,22.6,23.2,2022-01-09T12Z,,,,,2022-01-09T12Z,17.8,19.3,19.2
2021_18_CAR_TB,2021,18,TB,KTPA,2022-01-09T21:25Z,6.6,6.6,2022-01-09T12Z,,,,,2022-01-09T12Z,3.7,1.7,1.5
2021_18_SEA_ARI,2021,18,ARI,KPHX,2022-01-09T21:25Z,5.8,6.2,2022-01-09T12Z,,,,,2022-01-09T12Z,5.4,5.9,7.5
2021_19_LV_CIN,2021,19,CIN,KLUK,2022-01-15T21:30Z,9.6,10.3,2022-01-15T12Z,,,,,2022-01-15T12Z,6.7,7.2,6.5
2021_19_NE_BUF,2021,19,BUF,KBUF,2022-01-16T01:15Z,5.0,4.8,2022-01-15T18Z,,,,,2022-01-15T18Z,4.7,5.2,6.6
2021_19_PHI_TB,2021,19,TB,KTPA,2022-01-16T18:00Z,24.7,22.4,2022-01-16T12Z,,,,,2022-01-16T12Z,17.3,18.8,17.5
2021_19_PIT_KC,2021,19,KC,KMCI,2022-01-17T01:15Z,8.9,10.5,2022-01-16T18Z,,,,,2022-01-16T18Z,10.6,9.7,9.7
2021_20_CIN_TEN,2021,20,TEN,KBNA,2022-01-22T21:30Z,5.4,4.7,2022-01-22T12Z,,,,,2022-01-22T12Z,3.6,2.6,2.5
2021_20_SF_GB,2021,20,GB,KGRB,2022-01-23T01:15Z,6.9,7.3,2022-01-22T18Z,,,,,2022-01-22T18Z,6.5,4.8,4.6
2021_20_LA_TB,2021,20,TB,KTPA,2022-01-23T20:00Z,10.0,11.6,2022-01-23T12Z,,,,,2022-01-23T12Z,6.3,6.7,6.7
2021_20_BUF_KC,2021,20,KC,KMCI,2022-01-23T23:30Z,6.3,6.7,2022-01-23T18Z,,,,,2022-01-23T18Z,3.8,4.3,4.8
2021_21_CIN_KC,2021,21,KC,KMCI,2022-01-30T20:00Z,3.3,3.9,2022-01-30T12Z,,,,,2022-01-30T12Z,1.1,1.2,1.9
2022_01_BAL_NYJ,2022,1,NYJ,KTEB,2022-09-11T17:00Z,5.8,3.7,2022-09-11T12Z,,,,,2022-09-11T12Z,7.7,7.4,3.1
2022_01_JAX_WAS,2022,1,WAS,KDCA,2022-09-11T17:00Z,8.0,7.8,2022-09-11T12Z,,,,,2022-09-11T12Z,9.2,5.7,5.4
2022_01_NE_MIA,2022,1,MIA,KMIA,2022-09-11T17:00Z,9.6,10.7,2022-09-11T12Z,,,,,2022-09-11T12Z,7.3,7.7,4.8
2022_01_CLE_CAR,2022,1,CAR,KCLT,2022-09-11T17:00Z,5.0,6.0,2022-09-11T12Z,,,,,2022-09-11T12Z,1.8,2.8,2.8
2022_01_PIT_CIN,2022,1,CIN,KLUK,2022-09-11T17:00Z,5.9,7.2,2022-09-11T12Z,,,,,2022-09-11T12Z,3.7,4.0,3.3
2022_01_SF_CHI,2022,1,CHI,KMDW,2022-09-11T17:00Z,10.4,9.2,2022-09-11T12Z,,,,,2022-09-11T12Z,16.7,22.3,13.4
2022_01_NYG_TEN,2022,1,TEN,KBNA,2022-09-11T20:25Z,7.8,7.4,2022-09-11T12Z,,,,,2022-09-11T12Z,4.8,5.0,4.9
2022_01_DEN_SEA,2022,1,SEA,KBFI,2022-09-13T00:15Z,5.1,4.9,2022-09-12T18Z,,,,,2022-09-12T18Z,4.2,0.8,2.6
2022_02_LAC_KC,2022,2,KC,KMCI,2022-09-16T00:15Z,11.9,12.0,2022-09-15T18Z,,,,,2022-09-15T18Z,6.9,6.6,7.4
2022_02_NYJ_CLE,2022,2,CLE,KBKL,2022-09-18T17:00Z,13.9,14.7,2022-09-18T12Z,,,,,2022-09-18T12Z,7.2,7.8,8.5
2022_02_MIA_BAL,2022,2,BAL,KBWI,2022-09-18T17:00Z,6.8,6.9,2022-09-18T12Z,,,,,2022-09-18T12Z,5.7,6.4,6.0
2022_02_IND_JAX,2022,2,JAX,KJAX,2022-09-18T17:00Z,14.7,13.2,2022-09-18T12Z,,,,,2022-09-18T12Z,11.2,6.9,7.1
2022_02_CAR_NYG,2022,2,NYG,KTEB,2022-09-18T17:00Z,11.5,13.5,2022-09-18T12Z,,,,,2022-09-18T12Z,12.4,11.8,12.5
2022_02_NE_PIT,2022,2,PIT,KPIT,2022-09-18T17:00Z,9.9,8.9,2022-09-18T12Z,,,,,2022-09-18T12Z,6.1,6.3,6.3
2022_02_SEA_SF,2022,2,SF,KSJC,2022-09-18T20:05Z,7.5,8.8,2022-09-18T12Z,,,,,2022-09-18T12Z,11.4,15.0,14.6
2022_02_HOU_DEN,2022,2,DEN,KDEN,2022-09-18T20:25Z,9.6,8.7,2022-09-18T12Z,,,,,2022-09-18T12Z,5.0,7.7,7.3
2022_02_CHI_GB,2022,2,GB,KGRB,2022-09-19T00:20Z,5.1,5.5,2022-09-18T18Z,,,,,2022-09-18T18Z,5.1,4.7,4.6
2022_02_TEN_BUF,2022,2,BUF,KBUF,2022-09-19T23:15Z,11.1,13.2,2022-09-19T18Z,,,,,2022-09-19T18Z,10.3,8.7,9.4
2022_02_MIN_PHI,2022,2,PHI,KPHL,2022-09-20T00:30Z,7.7,7.7,2022-09-19T18Z,,,,,2022-09-19T18Z,11.5,8.7,8.5
2022_03_PIT_CLE,2022,3,CLE,KBKL,2022-09-23T00:15Z,23.1,24.1,2022-09-22T18Z,,,,,2022-09-22T18Z,12.6,13.4,14.0
2022_03_NO_CAR,2022,3,CAR,KCLT,2022-09-25T17:00Z,10.5,11.0,2022-09-25T12Z,,,,,2022-09-25T12Z,8.7,9.1,5.8
2022_03_HOU_CHI,2022,3,CHI,KMDW,2022-09-25T17:00Z,18.4,15.8,2022-09-25T12Z,,,,,2022-09-25T12Z,14.6,17.5,17.8
2022_03_KC_IND,2022,3,IND,KIND,2022-09-25T17:00Z,18.6,19.0,2022-09-25T12Z,,,,,2022-09-25T12Z,9.9,9.4,9.9
2022_03_BUF_MIA,2022,3,MIA,KMIA,2022-09-25T17:00Z,9.3,9.2,2022-09-25T12Z,,,,,2022-09-25T12Z,8.4,7.5,7.2
2022_03_BAL_NE,2022,3,NE,KOWD,2022-09-25T17:00Z,11.0,9.8,2022-09-25T12Z,,,,,2022-09-25T12Z,5.7,6.5,5.6
2022_03_CIN_NYJ,2022,3,NYJ,KTEB,2022-09-25T17:00Z,12.2,12.7,2022-09-25T12Z,,,,,2022-09-25T12Z,9.2,12.3,12.7
2022_03_PHI_WAS,2022,3,WAS,KDCA,2022-09-25T17:00Z,12.4,14.7,2022-09-25T12Z,,,,,2022-09-25T12Z,11.0,13.5,13.5
2022_03_LV_TEN,2022,3,TEN,KBNA,2022-09-25T17:00Z,12.8,13.5,2022-09-25T12Z,,,,,2022-09-25T12Z,7.9,4.3,6.1
2022_03_ATL_SEA,2022,3,SEA,KBFI,2022-09-25T20:25Z,6.8,6.8,2022-09-25T12Z,,,,,2022-09-25T12Z,6.7,6.9,6.8
2022_03_GB_TB,2022,3,TB,KTPA,2022-09-25T20:25Z,7.6,7.3,2022-09-25T12Z,,,,,2022-09-25T12Z,3.3,4.5,3.1
2022_03_SF_DEN,2022,3,DEN,KDEN,2022-09-26T00:20Z,9.3,7.6,2022-09-25T18Z,,,,,2022-09-25T18Z,3.0,3.1,3.3
2022_03_DAL_NYG,2022,3,NYG,KTEB,2022-09-27T00:15Z,7.4,7.2,2022-09-26T18Z,,,,,2022-09-26T18Z,10.9,8.7,9.9
2022_04_MIA_CIN,2022,4,CIN,KLUK,2022-09-30T00:15Z,2.6,3.8,2022-09-29T18Z,,,,,2022-09-29T18Z,4.9,5.2,5.4
2022_04_BUF_BAL,2022,4,BAL,KBWI,2022-10-02T17:00Z,14.1,15.2,2022-10-02T12Z,,,,,2022-10-02T12Z,9.7,9.9,10.9
2022_04_CLE_ATL,2022,4,ATL,KATL,2022-10-02T17:00Z,12.4,14.7,2022-10-02T12Z,,,,,2022-10-02T12Z,6.7,7.8,8.2
2022_04_TEN_IND,2022,4,IND,KIND,2022-10-02T17:00Z,12.6,13.8,2022-10-02T12Z,,,,,2022-10-02T12Z,8.2,7.9,8.6
2022_04_CHI_NYG,2022,4,NYG,KTEB,2022-10-02T17:00Z,14.9,13.8,2022-10-02T12Z,,,,,2022-10-02T12Z,17.0,16.7,14.6
2022_04_JAX_PHI,2022,4,PHI,KPHL,2022-10-02T17:00Z,17.1,17.5,2022-10-02T12Z,,,,,2022-10-02T12Z,21.3,20.8,21.0
2022_04_NYJ_PIT,2022,4,PIT,KPIT,2022-10-02T17:00Z,15.3,14.1,2022-10-02T12Z,,,,,2022-10-02T12Z,6.8,7.6,6.3
2022_04_ARI_CAR,2022,4,CAR,KCLT,2022-10-02T20:05Z,9.4,9.8,2022-10-02T12Z,,,,,2022-10-02T12Z,5.5,5.1,5.6
2022_04_NE_GB,2022,4,GB,KGRB,2022-10-02T20:25Z,6.9,7.3,2022-10-02T12Z,,,,,2022-10-02T12Z,3.7,3.5,3.5
2022_04_KC_TB,2022,4,TB,KTPA,2022-10-03T00:20Z,6.0,4.8,2022-10-02T18Z,,,,,2022-10-02T18Z,3.6,4.0,4.8
2022_04_LA_SF,2022,4,SF,KSJC,2022-10-04T00:15Z,10.8,12.4,2022-10-03T18Z,,,,,2022-10-03T18Z,8.2,8.3,8.4
2022_05_IND_DEN,2022,5,DEN,KDEN,2022-10-07T00:15Z,9.2,7.3,2022-10-06T18Z,,,,,2022-10-06T18Z,2.4,1.8,2.2
2022_05_PIT_BUF,2022,5,BUF,KBUF,2022-10-09T17:00Z,14.9,15.0,2022-10-09T12Z,,,,,2022-10-09T12Z,11.4,11.9,14.8
2022_05_LAC_CLE,2022,5,CLE,KBKL,2022-10-09T17:00Z,18.6,16.1,2022-10-09T12Z,,,,,2022-10-09T12Z,8.5,8.1,9.3
2022_05_HOU_JAX,2022,5,JAX,KJAX,2022-10-09T17:00Z,8.1,7.5,2022-10-09T12Z,,,,,2022-10-09T12Z,7.5,7.5,6.9
2022_05_DET_NE,2022,5,NE,KOWD,2022-10-09T17:00Z,13.2,13.0,2022-10-09T12Z,,,,,2022-10-09T12Z,5.2,5.0,5.5
2022_05_MIA_NYJ,2022,5,NYJ,KTEB,2022-10-09T17:00Z,13.5,13.5,2022-10-09T12Z,,,,,2022-10-09T12Z,11.6,10.6,11.5
2022_05_TEN_WAS,2022,5,WAS,KDCA,2022-10-09T17:00Z,8.8,8.9,2022-10-09T12Z,,,,,2022-10-09T12Z,6.7,6.9,7.4
2022_05_ATL_TB,2022,5,TB,KTPA,2022-10-09T17:00Z,8.0,8.3,2022-10-09T12Z,,,,,2022-10-09T12Z,,,
2022_05_SF_CAR,2022,5,CAR,KCLT,2022-10-09T20:05Z,4.3,3.5,2022-10-09T12Z,,,,,2022-10-09T12Z,1.8,1.8,1.3
2022_05_CIN_BAL,2022,5,BAL,KBWI,2022-10-10T00:20Z,0.5,1.6,2022-10-09T18Z,,,,,2022-10-09T18Z,1.6,2.3,2.5
2022_05_LV_KC,2022,5,KC,KMCI,2022-10-11T00:15Z,9.1,10.1,2022-10-10T18Z,,,,,2022-10-10T18Z,5.9,6.1,6.6
2022_06_WAS_CHI,2022,6,CHI,KMDW,2022-10-14T00:15Z,7.7,8.3,2022-10-13T18Z,,,,,2022-10-13T18Z,,,
2022_06_SF_ATL,2022,6,ATL,KATL,2022-10-16T17:00Z,8.8,7.8,2022-10-16T12Z,,,,,2022-10-16T12Z,5.7,5.1,4.2
2022_06_JAX_IND,2022,6,IND,KIND,2022-10-16T17:00Z,14.0,13.2,2022-10-16T12Z,,,,,2022-10-16T12Z,5.2,7.3,8.3
2022_06_MIN_MIA,2022,6,MIA,KMIA,2022-10-16T17:00Z,11.3,12.1,2022-10-16T12Z,,,,,2022-10-16T12Z,16.5,16.2,14.5
2022_06_NYJ_GB,2022,6,GB,KGRB,2022-10-16T17:00Z,13.6,10.9,2022-10-16T12Z,,,,,2022-10-16T12Z,7.2,6.3,6.6
2022_06_BAL_NYG,2022,6,NYG,KTEB,2022-10-16T17:00Z,5.9,5.8,2022-10-16T12Z,,,,,2022-10-16T12Z,4.7,4.6,3.0
2022_06_TB_PIT,2022,6,PIT,KPIT,2022-10-16T17:00Z,12.4,10.7,2022-10-16T12Z,,,,,2022-10-16T12Z,4.9,5.4,5.5
2022_06_NE_CLE,2022,6,CLE,KBKL,2022-10-16T17:00Z,17.9,13.5,2022-10-16T12Z,,,,,2022-10-16T12Z,6.7,5.6,6.0
2022_06_ARI_SEA,2022,6,SEA,KBFI,2022-10-16T20:05Z,4.8,5.8,2022-10-16T12Z,,,,,2022-10-16T12Z,3.2,3.7,3.6
2022_06_BUF_KC,2022,6,KC,KMCI,2022-10-16T20:25Z,12.9,14.5,2022-10-16T12Z,,,,,2022-10-16T12Z,9.1,8.3,9.4
2022_06_DAL_PHI,2022,6,PHI,KPHL,2022-10-17T00:20Z,3.9,4.1,2022-10-16T18Z,,,,,2022-10-16T18Z,5.3,5.1,6.5
2022_07_NO_ARI,2022,7,ARI,KPHX,2022-10-21T00:15Z,4.0,4.6,2022-10-20T18Z,,,,,2022-10-20T18Z,3.3,3.6,3.3
2022_07_ATL_CIN,2022,7,CIN,KLUK,2022-10-23T17:00Z,9.0,10.6,2022-10-23T12Z,,,,,2022-10-23T12Z,7.7,6.6,6.5
2022_07_TB_CAR,2022,7,CAR,KCLT,2022-10-23T17:00Z,4.3,6.4,2022-10-23T12Z,,,,,2022-10-23T12Z,3.6,3.5,3.4
2022_07_NYG_JAX,2022,7,JAX,KJAX,2022-10-23T17:00Z,10.5,9.2,2022-10-23T12Z,,,,,2022-10-23T12Z,8.4,8.7,8.2
2022_07_GB_WAS,2022,7,WAS,KDCA,2022-10-23T17:00Z,7.2,10.1,2022-10-23T12Z,,,,,2022-10-23T12Z,6.3,7.2,9.9
2022_07_CLE_BAL,2022,7,BAL,KBWI,2022-10-23T17:00Z,6.8,7.8,2022-10-23T12Z,,,,,2022-10-23T12Z,3.7,5.0,6.0
2022_07_IND_TEN,2022,7,TEN,KBNA,2022-10-23T17:00Z,12.7,15.0,2022-10-23T12Z,,,,,2022-10-23T12Z,8.2,8.2,7.7
2022_07_NYJ_DEN,2022,7,DEN,KDEN,2022-10-23T20:05Z,24.3,22.1,2022-10-23T12Z,,,,,2022-10-23T12Z,9.5,12.1,16.8
2022_07_KC_SF,2022,7,SF,KSJC,2022-10-23T20:25Z,14.5,15.9,2022-10-23T12Z,,,,,2022-10-23T12Z,11.9,10.6,10.7
2022_07_PIT_MIA,2022,7,MIA,KMIA,2022-10-24T00:20Z,7.1,7.1,2022-10-23T18Z,,,,,2022-10-23T18Z,,,
2022_07_CHI_NE,2022,7,NE,KOWD,2022-10-25T00:15Z,1.1,1.1,2022-10-24T18Z,,,,,2022-10-24T18Z,2.3,2.8,2.3
2022_08_BAL_TB,2022,8,TB,KTPA,2022-10-28T00:15Z,4.4,3.8,2022-10-27T18Z,,,,,2022-10-27T18Z,2.8,1.5,1.1
2022_08_CHI_DAL,2022,8,DAL,KDFW,2022-10-30T17:00Z,9.3,10.1,2022-10-30T12Z,,,,,2022-10-30T12Z,8.2,8.0,6.9
2022_08_NE_NYJ,2022,8,NYJ,KTEB,2022-10-30T17:00Z,4.4,3.1,2022-10-30T12Z,,,,,2022-10-30T12Z,4.2,3.4,2.8
2022_08_PIT_PHI,2022,8,PHI,KPHL,2022-10-30T17:00Z,4.7,4.0,2022-10-30T12Z,,,,,2022-10-30T12Z,,,
2022_08_NYG_SEA,2022,8,SEA,KBFI,2022-10-30T20:25Z,8.1,9.0,2022-10-30T12Z,,,,,2022-10-30T12Z,11.9,10.9,13.0
2022_08_GB_BUF,2022,8,BUF,KBUF,2022-10-31T00:20Z,5.3,4.6,2022-10-30T18Z,,,,,2022-10-30T18Z,1.7,2.9,2.1
2022_08_CIN_CLE,2022,8,CLE,KBKL,2022-11-01T00:15Z,9.4,8.1,2022-10-31T18Z,,,,,2022-10-31T18Z,4.6,6.7,6.7
2022_09_BUF_NYJ,2022,9,NYJ,KTEB,2022-11-06T18:00Z,9.8,10.9,2022-11-06T12Z,,,,,2022-11-06T12Z,15.4,13.4,12.2
2022_09_LV_JAX,2022,9,JAX,KJAX,2022-11-06T18:00Z,9.8,9.8,2022-11-06T12Z,,,,,2022-11-06T12Z,7.7,6.8,7.5
2022_09_MIN_WAS,2022,9,WAS,KDCA,2022-11-06T18:00Z,10.4,11.5,2022-11-06T12Z,,,,,2022-11-06T12Z,13.2,10.4,10.8
2022_09_LAC_ATL,2022,9,ATL,KATL,2022-11-06T18:00Z,5.2,4.6,2022-11-06T12Z,,,,,2022-11-06T12Z,4.4,3.7,2.9
2022_09_CAR_CIN,2022,9,CIN,KLUK,2022-11-06T18:00Z,11.5,14.4,2022-11-06T12Z,,,,,2022-11-06T12Z,4.4,6.2,5.6
2022_09_IND_NE,2022,9,NE,KOWD,2022-11-06T18:00Z,11.5,13.8,2022-11-06T12Z,,,,,2022-11-06T12Z,8.4,8.2,7.7
2022_09_MIA_CHI,2022,9,CHI,KMDW,2022-11-06T18:00Z,12.1,13.8,2022-11-06T12Z,,,,,2022-11-06T12Z,16.7,20.9,20.1
2022_09_SEA_ARI,2022,9,ARI,KPHX,2022-11-06T21:05Z,4.6,3.5,2022-11-06T12Z,,,,,2022-11-06T12Z,3.3,4.1,3.5
2022_09_LA_TB,2022,9,TB,KTPA,2022-11-06T21:25Z,7.3,8.7,2022-11-06T12Z,,,,,2022-11-06T12Z,6.8,6.1,7.0
2022_09_TEN_KC,2022,9,KC,KMCI,2022-11-07T01:20Z,7.2,9.3,2022-11-06T18Z,,,,,2022-11-06T18Z,5.5,6.2,7.9
2022_10_ATL_CAR,2022,10,CAR,KCLT,2022-11-11T01:15Z,14.1,16.0,2022-11-10T18Z,,,,,2022-11-10T18Z,6.8,8.0,8.2
2022_10_NO_PIT,2022,10,PIT,KPIT,2022-11-13T18:00Z,16.1,15.0,2022-11-13T12Z,,,,,2022-11-13T12Z,7.9,7.9,8.0
2022_10_JAX_KC,2022,10,KC,KMCI,2022-11-13T18:00Z,8.6,8.1,2022-11-13T12Z,,,,,2022-11-13T12Z,4.7,5.3,5.8
2022_10_DEN_TEN,2022,10,TEN,KBNA,2022-11-13T18:00Z,8.6,9.2,2022-11-13T12Z,,,,,2022-11-13T12Z,3.7,4.0,4.2
2022_10_HOU_NYG,2022,10,NYG,KTEB,2022-11-13T18:00Z,15.0,16.1,2022-11-13T12Z,,,,,2022-11-13T12Z,11.3,14.3,15.3
2022_10_MIN_BUF,2022,10,BUF,KBUF,2022-11-13T18:00Z,14.4,12.1,2022-11-13T12Z,,,,,2022-11-13T12Z,10.6,11.3,8.9
2022_10_DET_CHI,2022,10,CHI,KMDW,2022-11-13T18:00Z,9.2,8.6,2022-11-13T12Z,,,,,2022-11-13T12Z,8.8,8.7,8.8
2022_10_CLE_MIA,2022,10,MIA,KMIA,2022-11-13T18:00Z,8.1,7.5,2022-11-13T12Z,,,,,2022-11-13T12Z,7.8,8.6,5.6
2022_10_DAL_GB,2022,10,GB,KGRB,2022-11-13T21:25Z,5.6,5.2,2022-11-13T12Z,,,,,2022-11-13T12Z,1.8,2.0,2.3
2022_10_LAC_SF,2022,10,SF,KSJC,2022-11-14T01:20Z,4.2,6.0,2022-11-13T18Z,,,,,2022-11-13T18Z,2.1,2.3,2.1
2022_10_WAS_PHI,2022,10,PHI,KPHL,2022-11-15T01:15Z,3.7,3.7,2022-11-14T18Z,,,,,2022-11-14T18Z,,,
2022_11_TEN_GB,2022,11,GB,KGRB,2022-11-18T01:15Z,11.9,10.9,2022-11-17T18Z,,,,,2022-11-17T18Z,,,
2022_11_CAR_BAL,2022,11,BAL,KBWI,2022-11-20T18:00Z,17.8,19.0,2022-11-20T12Z,,,,,2022-11-20T12Z,9.2,8.8,8.6
2022_11_NYJ_NE,2022,11,NE,KOWD,2022-11-20T18:00Z,20.7,21.3,2022-11-20T12Z,,,,,2022-11-20T12Z,8.9,9.3,8.5
2022_11_DET_NYG,2022,11,NYG,KTEB,2022-11-20T18:00Z,20.1,20.7,2022-11-20T12Z,,,,,2022-11-20T12Z,19.3,19.4,18.6
2022_11_LV_DEN,2022,11,DEN,KDEN,2022-11-20T21:05Z,5.8,6.4,2022-11-20T12Z,,,,,2022-11-20T12Z,5.0,4.8,4.5
2022_11_CIN_PIT,2022,11,PIT,KPIT,2022-11-20T21:25Z,9.5,9.1,2022-11-20T12Z,,,,,2022-11-20T12Z,6.7,5.8,4.8
2022_12_CIN_TEN,2022,12,TEN,KBNA,2022-11-27T18:00Z,15.0,19.0,2022-11-27T12Z,,,,,2022-11-27T12Z,9.2,10.7,10.3
2022_12_BAL_JAX,2022,12,JAX,KJAX,2022-11-27T18:00Z,13.8,13.2,2022-11-27T12Z,,,,,2022-11-27T12Z,11.7,12.0,11.8
2022_12_ATL_WAS,2022,12,WAS,KDCA,2022-11-27T18:00Z,7.5,9.2,2022-11-27T12Z,,,,,2022-11-27T12Z,10.3,9.8,9.7
2022_12_CHI_NYJ,2022,12,NYJ,KTEB,2022-11-27T18:00Z,8.1,8.1,2022-11-27T12Z,,,,,2022-11-27T12Z,10.0,5.4,8.2
2022_12_TB_CLE,2022,12,CLE,KBKL,2022-11-27T18:00Z,13.8,16.1,2022-11-27T12Z,,,,,2022-11-27T12Z,10.2,3.5,10.3
2022_12_DEN_CAR,2022,12,CAR,KCLT,2022-11-27T18:00Z,16.1,17.3,2022-11-27T12Z,,,,,2022-11-27T12Z,9.6,10.2,9.8
2022_12_HOU_MIA,2022,12,MIA,KMIA,2022-11-27T18:00Z,10.9,10.9,2022-11-27T12Z,,,,,2022-11-27T12Z,12.5,11.9,11.5
2022_12_LV_SEA,2022,12,SEA,KBFI,2022-11-27T21:05Z,10.3,10.3,2022-11-27T12Z,,,,,2022-11-27T12Z,3.8,3.5,3.1
2022_12_LA_KC,2022,12,KC,KMCI,2022-11-27T21:25Z,7.4,7.9,2022-11-27T12Z,,,,,2022-11-27T12Z,6.6,6.3,6.1
2022_12_NO_SF,2022,12,SF,KSJC,2022-11-27T21:25Z,5.5,5.5,2022-11-27T12Z,,,,,2022-11-27T12Z,4.7,5.5,5.7
2022_12_GB_PHI,2022,12,PHI,KPHL,2022-11-28T01:20Z,16.5,15.4,2022-11-27T18Z,,,,,2022-11-27T18Z,19.1,11.6,16.4
2022_13_BUF_NE,2022,13,NE,KOWD,2022-12-02T01:15Z,7.5,8.4,2022-12-01T18Z,,,,,2022-12-01T18Z,4.9,5.6,5.0
2022_13_TEN_PHI,2022,13,PHI,KPHL,2022-12-04T18:00Z,9.2,8.1,2022-12-04T12Z,,,,,2022-12-04T12Z,5.2,5.6,6.3
2022_13_WAS_NYG,2022,13,NYG,KTEB,2022-12-04T18:00Z,8.6,8.1,2022-12-04T12Z,,,,,2022-12-04T12Z,6.0,4.9,5.4
2022_13_DEN_BAL,2022,13,BAL,KBWI,2022-12-04T18:00Z,7.5,6.9,2022-12-04T12Z,,,,,2022-12-04T12Z,2.3,2.4,3.1
2022_13_GB_CHI,2022,13,CHI,KMDW,2022-12-04T18:00Z,10.4,12.1,2022-12-04T12Z,,,,,2022-12-04T12Z,18.3,19.1,19.4
2022_13_MIA_SF,2022,13,SF,KSJC,2022-12-04T21:05Z,6.3,8.6,2022-12-04T12Z,,,,,2022-12-04T12Z,6.4,6.9,5.1
2022_13_KC_CIN,2022,13,CIN,KLUK,2022-12-04T21:25Z,3.2,4.0,2022-12-04T12Z,,,,,2022-12-04T12Z,2.6,3.0,2.0
2022_13_NO_TB,2022,13,TB,KTPA,2022-12-06T01:15Z,3.8,2.8,2022-12-05T18Z,,,,,2022-12-05T18Z,1.5,1.3,1.1
2022_14_BAL_PIT,2022,14,PIT,KPIT,2022-12-11T18:00Z,9.2,9.2,2022-12-11T12Z,,,,,2022-12-11T12Z,4.4,4.7,5.5
2022_14_NYJ_BUF,2022,14,BUF,KBUF,2022-12-11T18:00Z,8.6,8.6,2022-12-11T12Z,,,,,2022-12-11T12Z,10.2,9.0,9.8
2022_14_JAX_TEN,2022,14,TEN,KBNA,2022-12-11T18:00Z,6.3,6.9,2022-12-11T12Z,,,,,2022-12-11T12Z,3.9,4.7,4.8
2022_14_CLE_CIN,2022,14,CIN,KLUK,2022-12-11T18:00Z,5.8,6.9,2022-12-11T12Z,,,,,2022-12-11T12Z,2.9,3.2,2.7
2022_14_PHI_NYG,2022,14,NYG,KTEB,2022-12-11T18:00Z,6.9,6.9,2022-12-11T12Z,,,,,2022-12-11T12Z,8.2,10.7,9.4
2022_14_KC_DEN,2022,14,DEN,KDEN,2022-12-11T21:05Z,8.7,9.3,2022-12-11T12Z,,,,,2022-12-11T12Z,7.8,7.8,8.7
2022_14_TB_SF,2022,14,SF,KSJC,2022-12-11T21:25Z,12.7,11.4,2022-12-11T12Z,,,,,2022-12-11T12Z,12.9,8.0,8.2
2022_14_CAR_SEA,2022,14,SEA,KBFI,2022-12-11T21:25Z,3.0,3.4,2022-12-11T12Z,,,,,2022-12-11T12Z,3.5,3.6,2.2
2022_15_SF_SEA,2022,15,SEA,KBFI,2022-12-16T01:15Z,2.6,1.6,2022-12-15T18Z,,,,,2022-12-15T18Z,5.3,4.6,4.8
2022_15_BAL_CLE,2022,15,CLE,KBKL,2022-12-17T21:30Z,18.2,16.6,2022-12-17T12Z,,,,,2022-12-17T12Z,9.3,8.5,8.3
2022_15_MIA_BUF,2022,15,BUF,KBUF,2022-12-18T01:15Z,12.4,11.1,2022-12-17T18Z,,,,,2022-12-17T18Z,10.7,9.1,10.2
2022_15_PHI_CHI,2022,15,CHI,KMDW,2022-12-18T18:00Z,12.1,12.1,2022-12-18T12Z,,,,,2022-12-18T12Z,17.3,19.2,19.4
2022_15_PIT_CAR,2022,15,CAR,KCLT,2022-12-18T18:00Z,8.1,7.5,2022-12-18T12Z,,,,,2022-12-18T12Z,3.3,4.7,4.5
2022_15_DAL_JAX,2022,15,JAX,KJAX,2022-12-18T18:00Z,11.5,11.5,2022-12-18T12Z,,,,,2022-12-18T12Z,6.6,7.6,7.4
2022_15_DET_NYJ,2022,15,NYJ,KTEB,2022-12-18T18:00Z,12.1,12.7,2022-12-18T12Z,,,,,2022-12-18T12Z,12.5,10.5,11.5
2022_15_ARI_DEN,2022,15,DEN,KDEN,2022-12-18T21:05Z,5.8,4.7,2022-12-18T12Z,,,,,2022-12-18T12Z,3.5,2.4,2.6
2022_15_CIN_TB,2022,15,TB,KTPA,2022-12-18T21:25Z,8.2,8.9,2022-12-18T12Z,,,,,2022-12-18T12Z,6.3,6.8,7.2
2022_15_NYG_WAS,2022,15,WAS,KDCA,2022-12-19T01:20Z,11.8,14.0,2022-12-18T18Z,,,,,2022-12-18T18Z,10.4,10.8,12.0
2022_15_LA_GB,2022,15,GB,KGRB,2022-12-20T01:15Z,2.2,4.0,2022-12-19T18Z,,,,,2022-12-19T18Z,1.4,1.7,3.0
2022_16_JAX_NYJ,2022,16,NYJ,KTEB,2022-12-23T01:15Z,16.9,12.9,2022-12-22T18Z,,,,,2022-12-22T18Z,21.3,23.0,23.0
2022_16_ATL_BAL,2022,16,BAL,KBWI,2022-12-24T18:00Z,16.1,15.5,2022-12-24T12Z,,,,,2022-12-24T12Z,10.1,9.8,9.2
2022_16_DET_CAR,2022,16,CAR,KCLT,2022-12-24T18:00Z,9.8,9.8,2022-12-24T12Z,,,,,2022-12-24T12Z,5.8,5.6,5.6
2022_16_BUF_CHI,2022,16,CHI,KMDW,2022-12-24T18:00Z,17.3,18.4,2022-12-24T12Z,,,,,2022-12-24T12Z,28.9,27.7,29.0
2022_16_SEA_KC,2022,16,KC,KMCI,2022-12-24T18:00Z,12.1,10.9,2022-12-24T12Z,,,,,2022-12-24T12Z,9.5,8.3,9.9
2022_16_NO_CLE,2022,16,CLE,KBKL,2022-12-24T18:00Z,35.1,33.4,2022-12-24T12Z,,,,,2022-12-24T12Z,19.6,19.9,19.1
2022_16_CIN_NE,2022,16,NE,KOWD,2022-12-24T18:00Z,17.8,17.3,2022-12-24T12Z,,,,,2022-12-24T12Z,7.0,7.3,6.8
2022_16_HOU_TEN,2022,16,TEN,KBNA,2022-12-24T19:00Z,12.3,13.0,2022-12-24T12Z,,,,,2022-12-24T12Z,7.6,6.9,6.7
2022_16_WAS_SF,2022,16,SF,KSJC,2022-12-24T21:05Z,4.6,4.7,2022-12-24T12Z,,,,,2022-12-24T12Z,3.8,4.3,3.6
2022_16_LV_PIT,2022,16,PIT,KPIT,2022-12-25T01:15Z,17.4,20.4,2022-12-24T18Z,,,,,2022-12-24T18Z,10.4,10.6,10.1
2022_16_GB_MIA,2022,16,MIA,KMIA,2022-12-25T18:00Z,7.5,6.9,2022-12-25T12Z,,,,,2022-12-25T12Z,13.6,13.2,16.1
2022_16_TB_ARI,2022,16,ARI,KPHX,2022-12-26T01:20Z,2.0,2.2,2022-12-25T18Z,,,,,2022-12-25T18Z,1.5,1.4,1.8
2022_17_DAL_TEN,2022,17,TEN,KBNA,2022-12-30T01:15Z,16.7,16.5,2022-12-29T18Z,,,,,2022-12-29T18Z,8.5,9.0,8.7
2022_17_MIA_NE,2022,17,NE,KOWD,2023-01-01T18:00Z,11.5,11.5,2023-01-01T12Z,,,,,2023-01-01T12Z,5.2,5.5,5.1
2022_17_IND_NYG,2022,17,NYG,KTEB,2023-01-01T18:00Z,8.6,8.1,2023-01-01T12Z,,,,,2023-01-01T12Z,11.5,9.8,10.0
2022_17_NO_PHI,2022,17,PHI,KPHL,2023-01-01T18:00Z,8.1,8.6,2023-01-01T12Z,,,,,2023-01-01T12Z,10.2,9.9,9.5
2022_17_CAR_TB,2022,17,TB,KTPA,2023-01-01T18:00Z,6.9,6.9,2023-01-01T12Z,,,,,2023-01-01T12Z,4.5,3.9,2.7
2022_17_CLE_WAS,2022,17,WAS,KDCA,2023-01-01T18:00Z,5.2,5.2,2023-01-01T12Z,,,,,2023-01-01T12Z,5.9,5.2,5.8
2022_17_DEN_KC,2022,17,KC,KMCI,2023-01-01T18:00Z,6.9,7.5,2023-01-01T12Z,,,,,2023-01-01T12Z,3.2,4.2,4.9
2022_17_NYJ_SEA,2022,17,SEA,KBFI,2023-01-01T21:05Z,2.4,2.8,2023-01-01T12Z,,,,,2023-01-01T12Z,1.8,0.7,2.6
2022_17_MIN_GB,2022,17,GB,KGRB,2023-01-01T21:25Z,4.5,5.9,2023-01-01T12Z,,,,,2023-01-01T12Z,3.1,5.8,5.7
2022_17_PIT_BAL,2022,17,BAL,KBWI,2023-01-02T01:20Z,1.4,0.9,2023-01-01T18Z,,,,,2023-01-01T18Z,1.7,2.3,2.9
2022_18_TEN_JAX,2022,18,JAX,KJAX,2023-01-08T01:15Z,0.4,0.0,2023-01-07T18Z,,,,,2023-01-07T18Z,2.8,1.0,1.0
2022_18_CLE_PIT,2022,18,PIT,KPIT,2023-01-08T18:00Z,4.0,4.0,2023-01-08T12Z,,,,,2023-01-08T12Z,2.0,2.7,3.1
2022_18_NYJ_MIA,2022,18,MIA,KMIA,2023-01-08T18:00Z,9.8,8.6,2023-01-08T12Z,,,,,2023-01-08T12Z,10.0,7.6,9.1
2022_18_NE_BUF,2022,18,BUF,KBUF,2023-01-08T18:00Z,4.0,6.3,2023-01-08T12Z,,,,,2023-01-08T12Z,5.9,7.2,5.0
2022_18_BAL_CIN,2022,18,CIN,KLUK,2023-01-08T18:00Z,2.3,2.9,2023-01-08T12Z,,,,,2023-01-08T12Z,1.0,1.3,1.4
2022_18_MIN_CHI,2022,18,CHI,KMDW,2023-01-08T18:00Z,3.5,4.0,2023-01-08T12Z,,,,,2023-01-08T12Z,5.1,5.1,4.8
2022_18_LAC_DEN,2022,18,DEN,KDEN,2023-01-08T21:25Z,6.5,6.7,2023-01-08T12Z,,,,,2023-01-08T12Z,6.0,6.0,6.6
2022_18_NYG_PHI,2022,18,PHI,KPHL,2023-01-08T21:25Z,5.3,5.1,2023-01-08T12Z,,,,,2023-01-08T12Z,6.2,5.8,5.6
2022_18_ARI_SF,2022,18,SF,KSJC,2023-01-08T21:25Z,9.6,8.8,2023-01-08T12Z,,,,,2023-01-08T12Z,7.8,6.6,6.8
2022_18_LA_SEA,2022,18,SEA,KBFI,2023-01-08T21:25Z,8.6,12.0,2023-01-08T12Z,,,,,2023-01-08T12Z,10.1,10.2,10.0
2022_18_DAL_WAS,2022,18,WAS,KDCA,2023-01-08T21:25Z,6.2,6.9,2023-01-08T12Z,,,,,2023-01-08T12Z,6.8,7.2,8.1
2022_18_DET_GB,2022,18,GB,KGRB,2023-01-09T01:20Z,5.6,5.7,2023-01-08T18Z,,,,,2023-01-08T18Z,6.2,6.3,6.8
2022_19_SEA_SF,2022,19,SF,KSJC,2023-01-14T21:30Z,13.4,12.8,2023-01-14T12Z,,,,,2023-01-14T12Z,10.0,11.3,11.1
2022_19_LAC_JAX,2022,19,JAX,KJAX,2023-01-15T01:15Z,4.9,5.0,2023-01-14T18Z,,,,,2023-01-14T18Z,10.0,10.2,10.0
2022_19_MIA_BUF,2022,19,BUF,KBUF,2023-01-15T18:00Z,4.6,4.6,2023-01-15T12Z,,,,,2023-01-15T12Z,2.0,2.8,2.2
2022_19_BAL_CIN,2022,19,CIN,KLUK,2023-01-16T01:15Z,0.2,1.0,2023-01-15T18Z,,,,,2023-01-15T18Z,5.4,4.7,4.8
2022_19_DAL_TB,2022,19,TB,KTPA,2023-01-17T01:15Z,2.7,1.8,2023-01-16T18Z,,,,,2023-01-16T18Z,0.8,0.6,0.7
2022_20_JAX_KC,2022,20,KC,KMCI,2023-01-21T21:30Z,6.4,5.3,2023-01-21T12Z,,,,,2023-01-21T12Z,4.8,3.6,3.0
2022_20_NYG_PHI,2022,20,PHI,KPHL,2023-01-22T01:15Z,1.9,1.7,2023-01-21T18Z,,,,,2023-01-21T18Z,2.1,1.9,1.5
2022_20_CIN_BUF,2022,20,BUF,KBUF,2023-01-22T20:00Z,4.6,4.7,2023-01-22T12Z,,,,,2023-01-22T12Z,3.2,4.0,1.6
2022_20_DAL_SF,2022,20,SF,KSJC,2023-01-22T23:30Z,13.6,14.4,2023-01-22T18Z,,,,,2023-01-22T18Z,15.6,15.0,14.6
2022_21_SF_PHI,2022,21,PHI,KPHL,2023-01-29T20:00Z,9.5,10.6,2023-01-29T12Z,,,,,2023-01-29T12Z,15.3,14.6,15.7
2022_21_CIN_KC,2022,21,KC,KMCI,2023-01-29T23:30Z,13.8,13.8,2023-01-29T18Z,,,,,2023-01-29T18Z,10.5,9.0,10.4
2023_01_DET_KC,2023,1,KC,KMCI,2023-09-08T00:20Z,10.7,6.9,2023-09-07T18Z,,,,,2023-09-07T18Z,2.9,4.5,5.0
2023_01_ARI_WAS,2023,1,WAS,KDCA,2023-09-10T17:00Z,6.8,6.3,2023-09-10T12Z,,,,,2023-09-10T12Z,4.3,7.2,2.6
2023_01_SF_PIT,2023,1,PIT,KPIT,2023-09-10T17:00Z,5.9,6.0,2023-09-10T12Z,,,,,2023-09-10T12Z,2.0,3.5,2.4
2023_01_HOU_BAL,2023,1,BAL,KBWI,2023-09-10T17:00Z,5.8,6.0,2023-09-10T12Z,,,,,2023-09-10T12Z,3.6,4.4,2.4
2023_01_CIN_CLE,2023,1,CLE,KBKL,2023-09-10T17:00Z,8.1,8.1,2023-09-10T12Z,,,,,2023-09-10T12Z,9.9,8.6,6.7
2023_01_GB_CHI,2023,1,CHI,KMDW,2023-09-10T20:25Z,10.6,10.6,2023-09-10T12Z,,,,,2023-09-10T12Z,3.5,3.2,7.2
2023_01_LA_SEA,2023,1,SEA,KBFI,2023-09-10T20:25Z,9.5,8.3,2023-09-10T12Z,,,,,2023-09-10T12Z,7.8,8.5,8.1
2023_01_LV_DEN,2023,1,DEN,KDEN,2023-09-10T20:25Z,10.0,9.5,2023-09-10T12Z,,,,,2023-09-10T12Z,7.7,4.2,4.7
2023_01_PHI_NE,2023,1,NE,KOWD,2023-09-10T20:25Z,2.3,3.1,2023-09-10T12Z,,,,,2023-09-10T12Z,,,
2023_01_DAL_NYG,2023,1,NYG,KTEB,2023-09-11T00:20Z,1.6,3.2,2023-09-10T18Z,,,,,2023-09-10T18Z,4.5,2.9,1.7
2023_01_BUF_NYJ,2023,1,NYJ,KTEB,2023-09-12T00:15Z,3.3,3.3,2023-09-11T18Z,,,,,2023-09-11T18Z,1.8,1.3,1.3
2023_02_MIN_PHI,2023,2,PHI,KPHL,2023-09-15T00:15Z,13.8,14.6,2023-09-14T18Z,,,,,2023-09-14T18Z,8.8,9.4,11.5
2023_02_LAC_TEN,2023,2,TEN,KBNA,2023-09-17T17:00Z,8.7,8.7,2023-09-17T12Z,,,,,2023-09-17T12Z,4.9,2.5,2.9
2023_02_CHI_TB,2023,2,TB,KTPA,2023-09-17T17:00Z,11.7,10.4,2023-09-17T12Z,,,,,2023-09-17T12Z,5.8,5.5,5.7
2023_02_BAL_CIN,2023,2,CIN,KLUK,2023-09-17T17:00Z,6.8,6.9,2023-09-17T12Z,,,,,2023-09-17T12Z,8.8,5.1,3.3
2023_02_IND_HOU,2023,2,HOU,KHOU,2023-09-17T17:00Z,6.8,8.1,2023-09-17T12Z,,,,,2023-09-17T12Z,7.5,5.1,5.9
2023_02_LV_BUF,2023,2,BUF,KBUF,2023-09-17T17:00Z,5.7,5.2,2023-09-17T12Z,,,,,2023-09-17T12Z,3.3,2.5,1.4
2023_02_GB_ATL,2023,2,ATL,KATL,2023-09-17T17:00Z,8.6,11.8,2023-09-17T12Z,,,,,2023-09-17T12Z,7.7,6.0,8.2
2023_02_KC_JAX,2023,2,JAX,KJAX,2023-09-17T17:00Z,8.4,8.1,2023-09-17T12Z,,,,,2023-09-17T12Z,2.5,2.9,3.0
2023_02_NYJ_DAL,2023,2,DAL,KDFW,2023-09-17T20:25Z,8.8,7.2,2023-09-17T12Z,,,,,2023-09-17T12Z,7.3,6.1,5.4
2023_02_WAS_DEN,2023,2,DEN,KDEN,2023-09-17T20:25Z,8.8,7.7,2023-09-17T12Z,,,,,2023-09-17T12Z,3.4,3.6,4.6
2023_02_MIA_NE,2023,2,NE,KOWD,2023-09-18T00:20Z,3.9,4.3,2023-09-17T18Z,,,,,2023-09-17T18Z,3.8,3.8,3.7
2023_02_NO_CAR,2023,2,CAR,KCLT,2023-09-18T23:15Z,4.4,3.5,2023-09-18T18Z,,,,,2023-09-18T18Z,1.0,0.6,0.5
2023_02_CLE_PIT,2023,2,PIT,KPIT,2023-09-19T00:15Z,6.1,7.2,2023-09-18T18Z,,,,,2023-09-18T18Z,5.9,5.4,5.5
2023_03_NYG_SF,2023,3,SF,KSJC,2023-09-22T00:15Z,10.7,10.6,2023-09-21T18Z,,,,,2023-09-21T18Z,8.4,8.2,9.2
2023_03_HOU_JAX,2023,3,JAX,KJAX,2023-09-24T17:00Z,7.4,8.6,2023-09-24T12Z,,,,,2023-09-24T12Z,6.4,5.8,3.8
2023_03_DEN_MIA,2023,3,MIA,KMIA,2023-09-24T17:00Z,8.2,8.9,2023-09-24T12Z,,,,,2023-09-24T12Z,8.4,8.9,8.3
2023_03_TEN_CLE,2023,3,CLE,KBKL,2023-09-24T17:00Z,15.9,15.2,2023-09-24T12Z,,,,,2023-09-24T12Z,8.0,9.8,7.6
2023_03_IND_BAL,2023,3,BAL,KBWI,2023-09-24T17:00Z,9.1,6.6,2023-09-24T12Z,,,,,2023-09-24T12Z,3.4,0.6,3.5
2023_03_NE_NYJ,2023,3,NYJ,KTEB,2023-09-24T17:00Z,12.2,12.4,2023-09-24T12Z,,,,,2023-09-24T12Z,15.4,16.6,12.9
2023_03_BUF_WAS,2023,3,WAS,KDCA,2023-09-24T17:00Z,11.0,8.9,2023-09-24T12Z,,,,,2023-09-24T12Z,7.5,10.0,4.4
2023_03_NO_GB,2023,3,GB,KGRB,2023-09-24T17:00Z,11.3,11.2,2023-09-24T12Z,,,,,2023-09-24T12Z,7.2,5.9,6.9
2023_03_CAR_SEA,2023,3,SEA,KBFI,2023-09-24T20:05Z,7.0,5.6,2023-09-24T12Z,,,,,2023-09-24T12Z,1.9,3.3,3.2
2023_03_CHI_KC,2023,3,KC,KMCI,2023-09-24T20:25Z,6.6,8.0,2023-09-24T12Z,,,,,2023-09-24T12Z,2.4,3.4,1.7
2023_03_DAL_ARI,2023,3,ARI,KPHX,2023-09-24T20:25Z,6.8,5.0,2023-09-24T12Z,,,,,2023-09-24T12Z,4.8,4.3,3.0
2023_03_PHI_TB,2023,3,TB,KTPA,2023-09-25T23:15Z,4.0,4.9,2023-09-25T18Z,,,,,2023-09-25T18Z,2.4,2.8,3.9
2023_03_LA_CIN,2023,3,CIN,KLUK,2023-09-26T00:15Z,3.8,2.1,2023-09-25T18Z,,,,,2023-09-25T18Z,3.1,4.0,4.3
2023_04_DET_GB,2023,4,GB,KGRB,2023-09-29T00:15Z,6.1,4.3,2023-09-28T18Z,,,,,2023-09-28T18Z,1.6,1.4,2.6
2023_04_WAS_PHI,2023,4,PHI,KPHL,2023-10-01T17:00Z,9.8,9.8,2023-10-01T12Z,,,,,2023-10-01T12Z,9.7,7.3,7.0
2023_04_LA_IND,2023,4,IND,KIND,2023-10-01T17:00Z,8.0,7.2,2023-10-01T12Z,,,,,2023-10-01T12Z,2.6,2.6,2.5
2023_04_CIN_TEN,2023,4,TEN,KBNA,2023-10-01T17:00Z,5.7,4.9,2023-10-01T12Z,,,,,2023-10-01T12Z,4.1,4.1,4.2
2023_04_PIT_HOU,2023,4,HOU,KHOU,2023-10-01T17:00Z,16.2,15.0,2023-10-01T12Z,,,,,2023-10-01T12Z,13.6,14.4,13.7
2023_04_DEN_CHI,2023,4,CHI,KMDW,2023-10-01T17:00Z,7.7,7.2,2023-10-01T12Z,,,,,2023-10-01T12Z,6.9,7.6,6.4
2023_04_BAL_CLE,2023,4,CLE,KBKL,2023-10-01T17:00Z,8.2,5.2,2023-10-01T12Z,,,,,2023-10-01T12Z,5.8,5.2,5.4
2023_04_MIA_BUF,2023,4,BUF,KBUF,2023-10-01T17:00Z,7.3,6.9,2023-10-01T12Z,,,,,2023-10-01T12Z,3.0,3.4,3.4
2023_04_MIN_CAR,2023,4,CAR,KCLT,2023-10-01T17:00Z,8.1,7.5,2023-10-01T12Z,,,,,2023-10-01T12Z,3.7,4.7,4.9
2023_04_ARI_SF,2023,4,SF,KSJC,2023-10-01T20:25Z,10.2,8.4,2023-10-01T12Z,,,,,2023-10-01T12Z,8.8,10.2,10.5
2023_04_KC_NYJ,2023,4,NYJ,KTEB,2023-10-02T00:20Z,2.3,2.6,2023-10-01T18Z,,,,,2023-10-01T18Z,10.1,9.8,8.6
2023_04_SEA_NYG,2023,4,NYG,KTEB,2023-10-03T00:15Z,1.6,3.3,2023-10-02T18Z,,,,,2023-10-02T18Z,2.7,3.2,1.2
2023_05_CHI_WAS,2023,5,WAS,KDCA,2023-10-06T00:15Z,6.2,5.6,2023-10-05T18Z,,,,,2023-10-05T18Z,6.6,7.0,5.1
2023_05_BAL_PIT,2023,5,PIT,KPIT,2023-10-08T17:00Z,17.5,18.1,2023-10-08T12Z,,,,,2023-10-08T12Z,9.9,9.8,10.1
2023_05_NYG_MIA,2023,5,MIA,KMIA,2023-10-08T17:00Z,7.6,7.8,2023-10-08T12Z,,,,,2023-10-08T12Z,1.9,4.2,3.1
2023_05_NO_NE,2023,5,NE,KOWD,2023-10-08T17:00Z,14.8,15.0,2023-10-08T12Z,,,,,2023-10-08T12Z,8.7,6.9,6.4
2023_05_TEN_IND,2023,5,IND,KIND,2023-10-08T17:00Z,14.4,14.7,2023-10-08T12Z,,,,,2023-10-08T12Z,7.4,7.7,7.6
2023_05_HOU_ATL,2023,5,ATL,KATL,2023-10-08T17:00Z,12.4,12.9,2023-10-08T12Z,,,,,2023-10-08T12Z,,,
2023_05_NYJ_DEN,2023,5,DEN,KDEN,2023-10-08T20:25Z,7.6,7.7,2023-10-08T12Z,,,,,2023-10-08T12Z,4.8,4.3,4.4
2023_05_DAL_SF,2023,5,SF,KSJC,2023-10-09T00:20Z,11.5,11.2,2023-10-08T18Z,,,,,2023-10-08T18Z,8.5,9.3,8.0
2023_06_DEN_KC,2023,6,KC,KMCI,2023-10-13T00:15Z,25.1,24.6,2023-10-12T18Z,,,,,2023-10-12T18Z,12.8,11.5,11.1
2023_06_CAR_MIA,2023,6,MIA,KMIA,2023-10-15T17:00Z,9.2,8.6,2023-10-15T12Z,,,,,2023-10-15T12Z,9.1,6.8,10.5
2023_06_MIN_CHI,2023,6,CHI,KMDW,2023-10-15T17:00Z,16.3,15.5,2023-10-15T12Z,,,,,2023-10-15T12Z,21.1,19.3,17.2
2023_06_SEA_CIN,2023,6,CIN,KLUK,2023-10-15T17:00Z,10.3,10.9,2023-10-15T12Z,,,,,2023-10-15T12Z,6.8,6.7,6.7
2023_06_IND_JAX,2023,6,JAX,KJAX,2023-10-15T17:00Z,13.7,14.7,2023-10-15T12Z,,,,,2023-10-15T12Z,7.4,6.7,7.1
2023_06_SF_CLE,2023,6,CLE,KBKL,2023-10-15T17:00Z,17.8,18.7,2023-10-15T12Z,,,,,2023-10-15T12Z,13.9,14.6,14.9
2023_06_PHI_NYJ,2023,6,NYJ,KTEB,2023-10-15T20:25Z,12.6,12.2,2023-10-15T12Z,,,,,2023-10-15T12Z,11.1,11.4,11.9
2023_06_DET_TB,2023,6,TB,KTPA,2023-10-15T20:25Z,15.3,14.9,2023-10-15T12Z,,,,,2023-10-15T12Z,,,
2023_06_NYG_BUF,2023,6,BUF,KBUF,2023-10-16T00:20Z,9.2,9.2,2023-10-15T18Z,,,,,2023-10-15T18Z,5.6,7.0,7.1
2023_07_DET_BAL,2023,7,BAL,KBWI,2023-10-22T17:00Z,21.8,20.2,2023-10-22T12Z,,,,,2023-10-22T12Z,8.6,8.8,8.8
2023_07_LV_CHI,2023,7,CHI,KMDW,2023-10-22T17:00Z,7.1,6.6,2023-10-22T12Z,,,,,2023-10-22T12Z,6.1,6.0,6.0
2023_07_CLE_IND,2023,7,IND,KIND,2023-10-22T17:00Z,9.3,8.1,2023-10-22T12Z,,,,,2023-10-22T12Z,4.4,4.2,4.4
2023_07_BUF_NE,2023,7,NE,KOWD,2023-10-22T17:00Z,16.5,15.6,2023-10-22T12Z,,,,,2023-10-22T12Z,8.5,8.8,7.8
2023_07_WAS_NYG,2023,7,NYG,KTEB,2023-10-22T17:00Z,18.3,17.5,2023-10-22T12Z,,,,,2023-10-22T12Z,16.1,15.3,15.9
2023_07_ATL_TB,2023,7,TB,KTPA,2023-10-22T17:00Z,7.0,7.2,2023-10-22T12Z,,,,,2023-10-22T12Z,0.9,1.9,0.8
2023_07_ARI_SEA,2023,7,SEA,KBFI,2023-10-22T20:05Z,5.5,3.7,2023-10-22T12Z,,,,,2023-10-22T12Z,5.7,4.1,5.1
2023_07_LAC_KC,2023,7,KC,KMCI,2023-10-22T20:25Z,14.9,15.6,2023-10-22T12Z,,,,,2023-10-22T12Z,9.3,9.2,9.4
2023_07_GB_DEN,2023,7,DEN,KDEN,2023-10-22T20:25Z,9.1,8.4,2023-10-22T12Z,,,,,2023-10-22T12Z,6.3,7.0,6.2
2023_07_MIA_PHI,2023,7,PHI,KPHL,2023-10-23T00:20Z,19.1,16.8,2023-10-22T18Z,,,,,2023-10-22T18Z,14.4,16.0,16.0
2023_08_TB_BUF,2023,8,BUF,KBUF,2023-10-27T00:15Z,11.7,10.5,2023-10-26T18Z,,,,,2023-10-26T18Z,8.6,7.5,7.7
2023_08_PHI_WAS,2023,8,WAS,KDCA,2023-10-29T17:00Z,5.8,5.8,2023-10-29T12Z,,,,,2023-10-29T12Z,7.6,8.6,1.4
2023_08_HOU_CAR,2023,8,CAR,KCLT,2023-10-29T17:00Z,7.8,8.1,2023-10-29T12Z,,,,,2023-10-29T12Z,5.2,5.4,4.8
2023_08_NE_MIA,2023,8,MIA,KMIA,2023-10-29T17:00Z,15.8,17.0,2023-10-29T12Z,,,,,2023-10-29T12Z,18.7,18.4,18.8
2023_08_JAX_PIT,2023,8,PIT,KPIT,2023-10-29T17:00Z,6.4,5.8,2023-10-29T12Z,,,,,2023-10-29T12Z,1.1,5.2,1.9
2023_08_MIN_GB,2023,8,GB,KGRB,2023-10-29T17:00Z,9.5,9.2,2023-10-29T12Z,,,,,2023-10-29T12Z,3.8,3.5,4.1
2023_08_NYJ_NYG,2023,8,NYG,KTEB,2023-10-29T17:00Z,5.4,7.8,2023-10-29T12Z,,,,,2023-10-29T12Z,6.2,7.3,8.5
2023_08_ATL_TEN,2023,8,TEN,KBNA,2023-10-29T17:00Z,5.7,7.8,2023-10-29T12Z,,,,,2023-10-29T12Z,6.1,4.5,5.3
2023_08_CLE_SEA,2023,8,SEA,KBFI,2023-10-29T20:05Z,4.8,5.7,2023-10-29T12Z,,,,,2023-10-29T12Z,6.2,6.2,5.4
2023_08_CIN_SF,2023,8,SF,KSJC,2023-10-29T20:25Z,7.6,7.6,2023-10-29T12Z,,,,,2023-10-29T12Z,6.9,6.8,7.3
2023_08_KC_DEN,2023,8,DEN,KDEN,2023-10-29T20:25Z,9.2,8.1,2023-10-29T12Z,,,,,2023-10-29T12Z,2.7,2.8,2.5
2023_09_TEN_PIT,2023,9,PIT,KPIT,2023-11-03T00:15Z,3.5,3.5,2023-11-02T18Z,,,,,2023-11-02T18Z,5.1,5.1,5.1
2023_09_ARI_CLE,2023,9,CLE,KBKL,2023-11-05T18:00Z,7.5,6.9,2023-11-05T12Z,,,,,2023-11-05T12Z,5.1,3.9,5.0
2023_09_LA_GB,2023,9,GB,KGRB,2023-11-05T18:00Z,8.6,5.8,2023-11-05T12Z,,,,,2023-11-05T12Z,5.2,4.3,4.9
2023_09_WAS_NE,2023,9,NE,KOWD,2023-11-05T18:00Z,6.3,5.8,2023-11-05T12Z,,,,,2023-11-05T12Z,4.1,3.9,4.3
2023_09_MIN_ATL,2023,9,ATL,KATL,2023-11-05T18:00Z,9.8,10.4,2023-11-05T12Z,,,,,2023-11-05T12Z,6.1,6.4,6.6
2023_09_SEA_BAL,2023,9,BAL,KBWI,2023-11-05T18:00Z,7.5,9.2,2023-11-05T12Z,,,,,2023-11-05T12Z,3.1,3.9,3.8
2023_09_IND_CAR,2023,9,CAR,KCLT,2023-11-05T21:05Z,2.8,4.6,2023-11-05T12Z,,,,,2023-11-05T12Z,0.8,1.4,0.6
2023_09_DAL_PHI,2023,9,PHI,KPHL,2023-11-05T21:25Z,6.9,8.8,2023-11-05T12Z,,,,,2023-11-05T12Z,7.7,9.8,10.5
2023_09_BUF_CIN,2023,9,CIN,KLUK,2023-11-06T01:20Z,1.2,1.2,2023-11-05T18Z,,,,,2023-11-05T18Z,1.7,2.0,2.0
2023_09_LAC_NYJ,2023,9,NYJ,KTEB,2023-11-07T01:15Z,6.7,5.5,2023-11-06T18Z,,,,,2023-11-06T18Z,9.4,8.7,7.7
2023_10_CAR_CHI,2023,10,CHI,KMDW,2023-11-10T01:15Z,9.5,9.0,2023-11-09T18Z,,,,,2023-11-09T18Z,15.1,16.2,17.9
2023_10_CLE_BAL,2023,10,BAL,KBWI,2023-11-12T18:00Z,6.9,8.6,2023-11-12T12Z,,,,,2023-11-12T12Z,1.7,1.8,2.6
2023_10_GB_PIT,2023,10,PIT,KPIT,2023-11-12T18:00Z,4.6,5.8,2023-11-12T12Z,,,,,2023-11-12T12Z,2.3,3.2,2.5
2023_10_SF_JAX,2023,10,JAX,KJAX,2023-11-12T18:00Z,12.7,12.7,2023-11-12T12Z,,,,,2023-11-12T12Z,10.8,11.6,10.3
2023_10_TEN_TB,2023,10,TB,KTPA,2023-11-12T18:00Z,7.5,7.5,2023-11-12T12Z,,,,,2023-11-12T12Z,1.3,1.3,4.4
2023_10_HOU_CIN,2023,10,CIN,KLUK,2023-11-12T18:00Z,5.2,6.3,2023-11-12T12Z,,,,,2023-11-12T12Z,1.9,1.8,2.8
2023_10_WAS_SEA,2023,10,SEA,KBFI,2023-11-12T21:25Z,5.3,3.5,2023-11-12T12Z,,,,,2023-11-12T12Z,2.5,2.7,0.9
2023_10_DEN_BUF,2023,10,BUF,KBUF,2023-11-14T01:15Z,11.8,10.8,2023-11-13T18Z,,,,,2023-11-13T18Z,9.4,9.0,10.1
2023_11_CIN_BAL,2023,11,BAL,KBWI,2023-11-17T01:15Z,0.3,1.2,2023-11-16T18Z,,,,,2023-11-16T18Z,1.1,1.9,2.5
2023_11_NYG_WAS,2023,11,WAS,KDCA,2023-11-19T18:00Z,9.8,8.6,2023-11-19T12Z,,,,,2023-11-19T12Z,9.8,9.4,7.9
2023_11_TEN_JAX,2023,11,JAX,KJAX,2023-11-19T18:00Z,7.5,8.1,2023-11-19T12Z,,,,,2023-11-19T12Z,6.6,7.7,5.3
2023_11_PIT_CLE,2023,11,CLE,KBKL,2023-11-19T18:00Z,10.9,11.5,2023-11-19T12Z,,,,,2023-11-19T12Z,7.1,6.7,7.4
2023_11_DAL_CAR,2023,11,CAR,KCLT,2023-11-19T18:00Z,4.0,3.5,2023-11-19T12Z,,,,,2023-11-19T12Z,2.1,2.1,2.2
2023_11_LV_MIA,2023,11,MIA,KMIA,2023-11-19T18:00Z,9.8,8.6,2023-11-19T12Z,,,,,2023-11-19T12Z,11.4,12.5,12.2
2023_11_LAC_GB,2023,11,GB,KGRB,2023-11-19T18:00Z,7.5,6.3,2023-11-19T12Z,,,,,2023-11-19T12Z,2.5,2.6,2.9
2023_11_TB_SF,2023,11,SF,KSJC,2023-11-19T21:05Z,17.8,15.6,2023-11-19T12Z,,,,,2023-11-19T12Z,9.8,9.0,8.9
2023_11_NYJ_BUF,2023,11,BUF,KBUF,2023-11-19T21:25Z,10.9,9.8,2023-11-19T12Z,,,,,2023-11-19T12Z,5.6,6.3,6.9
2023_11_MIN_DEN,2023,11,DEN,KDEN,2023-11-20T01:20Z,9.3,10.6,2023-11-19T18Z,,,,,2023-11-19T18Z,3.6,1.6,2.9
2023_11_PHI_KC,2023,11,KC,KMCI,2023-11-21T01:15Z,15.5,14.2,2023-11-20T18Z,,,,,2023-11-20T18Z,8.9,10.3,10.1
2023_12_SF_SEA,2023,12,SEA,KBFI,2023-11-24T01:20Z,2.8,2.6,2023-11-23T18Z,,,,,2023-11-23T18Z,,,
2023_12_MIA_NYJ,2023,12,NYJ,KTEB,2023-11-24T20:00Z,13.3,14.5,2023-11-24T12Z,,,,,2023-11-24T12Z,11.7,11.1,12.1
2023_12_NE_NYG,2023,12,NYG,KTEB,2023-11-26T18:00Z,7.5,8.1,2023-11-26T12Z,,,,,2023-11-26T12Z,5.0,7.9,8.9
2023_12_CAR_TEN,2023,12,TEN,KBNA,2023-11-26T18:00Z,10.4,10.9,2023-11-26T12Z,,,,,2023-11-26T12Z,4.3,5.3,6.1
2023_12_PIT_CIN,2023,12,CIN,KLUK,2023-11-26T18:00Z,10.4,8.6,2023-11-26T12Z,,,,,2023-11-26T12Z,5.1,7.3,6.6
2023_12_CLE_DEN,2023,12,DEN,KDEN,2023-11-26T21:05Z,6.3,5.8,2023-11-26T12Z,,,,,2023-11-26T12Z,1.6,1.6,1.8
2023_12_BUF_PHI,2023,12,PHI,KPHL,2023-11-26T21:25Z,6.9,8.4,2023-11-26T12Z,,,,,2023-11-26T12Z,6.3,9.1,11.5
2023_13_LAC_NE,2023,13,NE,KOWD,2023-12-03T18:00Z,8.6,8.6,2023-12-03T12Z,,,,,2023-12-03T12Z,4.5,7.2,6.8
2023_13_ATL_NYJ,2023,13,NYJ,KTEB,2023-12-03T18:00Z,7.5,6.9,2023-12-03T12Z,,,,,2023-12-03T12Z,5.3,13.2,10.8
2023_13_IND_TEN,2023,13,TEN,KBNA,2023-12-03T18:00Z,10.4,9.8,2023-12-03T12Z,,,,,2023-12-03T12Z,3.7,5.9,4.9
2023_13_MIA_WAS,2023,13,WAS,KDCA,2023-12-03T18:00Z,4.6,4.6,2023-12-03T12Z,,,,,2023-12-03T12Z,4.4,3.6,3.4
2023_13_ARI_PIT,2023,13,PIT,KPIT,2023-12-03T18:00Z,12.1,13.2,2023-12-03T12Z,,,,,2023-12-03T12Z,4.9,8.2,7.4
2023_13_CAR_TB,2023,13,TB,KTPA,2023-12-03T21:05Z,7.3,6.2,2023-12-03T12Z,,,,,2023-12-03T12Z,4.0,5.3,2.8
2023_13_SF_PHI,2023,13,PHI,KPHL,2023-12-03T21:25Z,6.2,5.0,2023-12-03T12Z,,,,,2023-12-03T12Z,7.8,2.9,2.3
2023_13_KC_GB,2023,13,GB,KGRB,2023-12-04T01:20Z,7.0,7.4,2023-12-03T18Z,,,,,2023-12-03T18Z,2.7,3.8,4.8
2023_13_CIN_JAX,2023,13,JAX,KJAX,2023-12-05T01:15Z,2.5,2.3,2023-12-04T18Z,,,,,2023-12-04T18Z,5.7,5.6,5.7
2023_14_NE_PIT,2023,14,PIT,KPIT,2023-12-08T01:15Z,4.8,3.7,2023-12-07T18Z,,,,,2023-12-07T18Z,4.6,4.7,4.3
2023_14_HOU_NYJ,2023,14,NYJ,KTEB,2023-12-10T18:00Z,8.1,7.5,2023-12-10T12Z,,,,,2023-12-10T12Z,19.6,11.4,11.5
2023_14_JAX_CLE,2023,14,CLE,KBKL,2023-12-10T18:00Z,13.8,13.8,2023-12-10T12Z,,,,,2023-12-10T12Z,10.8,9.9,8.0
2023_14_LA_BAL,2023,14,BAL,KBWI,2023-12-10T18:00Z,9.2,7.5,2023-12-10T12Z,,,,,2023-12-10T12Z,6.1,4.6,4.5
2023_14_IND_CIN,2023,14,CIN,KLUK,2023-12-10T18:00Z,9.2,10.9,2023-12-10T12Z,,,,,2023-12-10T12Z,7.6,6.7,6.1
2023_14_DET_CHI,2023,14,CHI,KMDW,2023-12-10T18:00Z,12.7,12.7,2023-12-10T12Z,,,,,2023-12-10T12Z,14.8,10.8,13.2
2023_14_SEA_SF,2023,14,SF,KSJC,2023-12-10T21:05Z,7.0,6.4,2023-12-10T12Z,,,,,2023-12-10T12Z,3.5,4.3,4.3
2023_14_BUF_KC,2023,14,KC,KMCI,2023-12-10T21:25Z,7.6,6.9,2023-12-10T12Z,,,,,2023-12-10T12Z,3.9,4.7,4.2
2023_14_TEN_MIA,2023,14,MIA,KMIA,2023-12-12T01:15Z,9.1,7.2,2023-12-11T18Z,,,,,2023-12-11T18Z,20.1,20.9,19.9
2023_14_GB_NYG,2023,14,NYG,KTEB,2023-12-12T01:15Z,11.7,13.1,2023-12-11T18Z,,,,,2023-12-11T18Z,9.9,10.6,11.3
2023_15_MIN_CIN,2023,15,CIN,KLUK,2023-12-16T18:00Z,7.5,6.9,2023-12-16T12Z,,,,,2023-12-16T12Z,5.0,4.4,5.4
2023_15_HOU_TEN,2023,15,TEN,KBNA,2023-12-17T18:00Z,8.6,7.5,2023-12-17T12Z,,,,,2023-12-17T12Z,4.0,4.2,3.8
2023_15_KC_NE,2023,15,NE,KOWD,2023-12-17T18:00Z,4.6,5.2,2023-12-17T12Z,,,,,2023-12-17T12Z,3.3,3.9,4.8
2023_15_NYJ_MIA,2023,15,MIA,KMIA,2023-12-17T18:00Z,16.1,15.5,2023-12-17T12Z,,,,,2023-12-17T12Z,23.1,25.4,22.9
2023_15_TB_GB,2023,15,GB,KGRB,2023-12-17T18:00Z,10.4,10.9,2023-12-17T12Z,,,,,2023-12-17T12Z,8.0,7.8,8.9
2023_15_CHI_CLE,2023,15,CLE,KBKL,2023-12-17T18:00Z,13.8,15.0,2023-12-17T12Z,,,,,2023-12-17T12Z,11.6,12.6,13.4
2023_15_ATL_CAR,2023,15,CAR,KCLT,2023-12-17T18:00Z,17.3,16.1,2023-12-17T12Z,,,,,2023-12-17T12Z,6.9,7.7,8.4
2023_15_SF_ARI,2023,15,ARI,KPHX,2023-12-17T21:05Z,4.1,3.5,2023-12-17T12Z,,,,,2023-12-17T12Z,2.9,3.4,2.9
2023_15_DAL_BUF,2023,15,BUF,KBUF,2023-12-17T21:25Z,11.2,11.2,2023-12-17T12Z,,,,,2023-12-17T12Z,7.3,11.3,9.5
2023_15_BAL_JAX,2023,15,JAX,KJAX,2023-12-18T01:20Z,16.9,18.5,2023-12-17T18Z,,,,,2023-12-17T18Z,13.6,17.6,13.5
2023_15_PHI_SEA,2023,15,SEA,KBFI,2023-12-19T01:15Z,4.1,2.6,2023-12-18T18Z,,,,,2023-12-18T18Z,4.2,0.9,1.7
2023_16_CIN_PIT,2023,16,PIT,KPIT,2023-12-23T21:30Z,5.7,5.4,2023-12-23T12Z,,,,,2023-12-23T12Z,4.5,3.9,5.5
2023_16_WAS_NYJ,2023,16,NYJ,KTEB,2023-12-24T18:00Z,2.3,1.7,2023-12-24T12Z,,,,,2023-12-24T12Z,3.4,1.9,1.9
2023_16_SEA_TEN,2023,16,TEN,KBNA,2023-12-24T18:00Z,14.4,14.4,2023-12-24T12Z,,,,,2023-12-24T12Z,6.5,5.2,5.0
2023_16_GB_CAR,2023,16,CAR,KCLT,2023-12-24T18:00Z,5.8,5.2,2023-12-24T12Z,,,,,2023-12-24T12Z,1.8,1.6,2.1
2023_16_JAX_TB,2023,16,TB,KTPA,2023-12-24T21:05Z,9.2,8.6,2023-12-24T12Z,,,,,2023-12-24T12Z,8.5,10.4,11.0
2023_16_ARI_CHI,2023,16,CHI,KMDW,2023-12-24T21:25Z,13.1,11.9,2023-12-24T12Z,,,,,2023-12-24T12Z,16.4,15.1,14.6
2023_16_DAL_MIA,2023,16,MIA,KMIA,2023-12-24T21:25Z,15.8,15.8,2023-12-24T12Z,,,,,2023-12-24T12Z,19.6,21.3,21.0
2023_16_NE_DEN,2023,16,DEN,KDEN,2023-12-25T01:15Z,10.8,11.0,2023-12-24T18Z,,,,,2023-12-24T18Z,0.3,1.5,1.7
2023_16_LV_KC,2023,16,KC,KMCI,2023-12-25T18:00Z,15.0,13.8,2023-12-25T12Z,,,,,2023-12-25T12Z,11.5,10.5,11.7
2023_16_NYG_PHI,2023,16,PHI,KPHL,2023-12-25T21:30Z,5.7,5.3,2023-12-25T12Z,,,,,2023-12-25T12Z,5.5,6.5,5.8
2023_16_BAL_SF,2023,16,SF,KSJC,2023-12-26T01:15Z,4.8,5.4,2023-12-25T18Z,,,,,2023-12-25T18Z,3.1,3.3,2.5
2023_17_NYJ_CLE,2023,17,CLE,KBKL,2023-12-29T01:15Z,8.5,9.7,2023-12-28T18Z,,,,,2023-12-28T18Z,1.2,2.1,5.7
2023_17_NE_BUF,2023,17,BUF,KBUF,2023-12-31T18:00Z,6.3,4.6,2023-12-31T12Z,,,,,2023-12-31T12Z,1.7,1.9,2.5
2023_17_NO_TB,2023,17,TB,KTPA,2023-12-31T18:00Z,7.5,8.1,2023-12-31T12Z,,,,,2023-12-31T12Z,1.7,3.9,2.5
2023_17_SF_WAS,2023,17,WAS,KDCA,2023-12-31T18:00Z,8.1,6.9,2023-12-31T12Z,,,,,2023-12-31T12Z,6.3,6.5,4.9
2023_17_ARI_PHI,2023,17,PHI,KPHL,2023-12-31T18:00Z,10.4,8.6,2023-12-31T12Z,,,,,2023-12-31T12Z,8.5,8.1,6.6
2023_17_MIA_BAL,2023,17,BAL,KBWI,2023-12-31T18:00Z,8.1,5.8,2023-12-31T12Z,,,,,2023-12-31T12Z,3.4,3.4,3.0
2023_17_CAR_JAX,2023,17,JAX,KJAX,2023-12-31T18:00Z,8.1,8.6,2023-12-31T12Z,,,,,2023-12-31T12Z,4.3,4.1,5.0
2023_17_ATL_CHI,2023,17,CHI,KMDW,2023-12-31T18:00Z,12.7,11.5,2023-12-31T12Z,,,,,2023-12-31T12Z,14.7,15.6,17.3
2023_17_LA_NYG,2023,17,NYG,KTEB,2023-12-31T18:00Z,9.8,9.2,2023-12-31T12Z,,,,,2023-12-31T12Z,5.4,5.4,5.8
2023_17_PIT_SEA,2023,17,SEA,KBFI,2023-12-31T21:05Z,4.0,2.8,2023-12-31T12Z,,,,,2023-12-31T12Z,1.3,1.8,0.8
2023_17_LAC_DEN,2023,17,DEN,KDEN,2023-12-31T21:25Z,6.2,6.9,2023-12-31T12Z,,,,,2023-12-31T12Z,0.9,1.5,1.5
2023_17_CIN_KC,2023,17,KC,KMCI,2023-12-31T21:25Z,9.3,9.8,2023-12-31T12Z,,,,,2023-12-31T12Z,7.2,7.4,6.8
2023_18_PIT_BAL,2023,18,BAL,KBWI,2024-01-06T21:30Z,11.3,12.2,2024-01-06T12Z,,,,,2024-01-06T12Z,7.9,8.3,7.1
2023_18_NYJ_NE,2023,18,NE,KOWD,2024-01-07T18:00Z,13.8,13.2,2024-01-07T12Z,,,,,2024-01-07T12Z,8.3,7.8,10.0
2023_18_TB_CAR,2023,18,CAR,KCLT,2024-01-07T18:00Z,13.8,13.8,2024-01-07T12Z,,,,,2024-01-07T12Z,6.4,6.6,6.7
2023_18_JAX_TEN,2023,18,TEN,KBNA,2024-01-07T18:00Z,12.1,10.4,2024-01-07T12Z,,,,,2024-01-07T12Z,4.0,5.0,4.9
2023_18_CLE_CIN,2023,18,CIN,KLUK,2024-01-07T18:00Z,12.7,12.7,2024-01-07T12Z,,,,,2024-01-07T12Z,7.9,8.4,8.9
2023_18_DAL_WAS,2023,18,WAS,KDCA,2024-01-07T21:25Z,15.4,14.2,2024-01-07T12Z,,,,,2024-01-07T12Z,14.5,15.3,13.7
2023_18_PHI_NYG,2023,18,NYG,KTEB,2024-01-07T21:25Z,8.5,9.6,2024-01-07T12Z,,,,,2024-01-07T12Z,12.7,13.7,9.6
2023_18_LA_SF,2023,18,SF,KSJC,2024-01-07T21:25Z,17.1,15.6,2024-01-07T12Z,,,,,2024-01-07T12Z,6.4,5.3,5.1
2023_18_CHI_GB,2023,18,GB,KGRB,2024-01-07T21:25Z,8.2,8.2,2024-01-07T12Z,,,,,2024-01-07T12Z,4.0,4.4,5.9
2023_18_BUF_MIA,2023,18,MIA,KMIA,2024-01-08T01:20Z,7.2,7.0,2024-01-07T18Z,,,,,2024-01-07T18Z,15.8,16.8,14.3
2023_19_MIA_KC,2023,19,KC,KMCI,2024-01-14T01:00Z,16.3,14.4,2024-01-13T18Z,,,,,2024-01-13T18Z,12.6,13.1,13.3
2023_19_PIT_BUF,2023,19,BUF,KBUF,2024-01-15T21:30Z,13.1,11.9,2024-01-15T12Z,,,,,2024-01-15T12Z,9.7,10.5,10.8
2023_19_PHI_TB,2023,19,TB,KTPA,2024-01-16T01:00Z,4.5,3.5,2024-01-15T18Z,,,,,2024-01-15T18Z,7.1,1.3,1.9
2023_20_HOU_BAL,2023,20,BAL,KBWI,2024-01-20T21:30Z,18.1,18.8,2024-01-20T12Z,,,,,2024-01-20T12Z,8.6,9.1,9.7
2023_20_GB_SF,2023,20,SF,KSJC,2024-01-21T01:15Z,10.5,8.4,2024-01-20T18Z,,,,,2024-01-20T18Z,9.0,8.4,7.0
2023_20_KC_BUF,2023,20,BUF,KBUF,2024-01-21T23:30Z,10.0,11.2,2024-01-21T18Z,,,,,2024-01-21T18Z,,,
2023_21_KC_BAL,2023,21,BAL,KBWI,2024-01-28T20:00Z,9.3,10.5,2024-01-28T12Z,,,,,2024-01-28T12Z,5.7,5.7,5.7
2023_21_DET_SF,2023,21,SF,KSJC,2024-01-28T23:30Z,5.3,4.9,2024-01-28T18Z,,,,,2024-01-28T18Z,2.8,3.0,3.4
2024_01_BAL_KC,2024,1,KC,KMCI,2024-09-06T00:20Z,10.3,8.7,2024-09-05T18Z,,,,,2024-09-05T18Z,1.9,7.0,5.7
2024_01_NE_CIN,2024,1,CIN,KLUK,2024-09-08T17:00Z,6.7,4.9,2024-09-08T12Z,,,,,2024-09-08T12Z,2.7,3.3,2.9
2024_01_JAX_MIA,2024,1,MIA,KMIA,2024-09-08T17:00Z,14.2,13.5,2024-09-08T12Z,,,,,2024-09-08T12Z,11.0,12.0,12.9
2024_01_MIN_NYG,2024,1,NYG,KTEB,2024-09-08T17:00Z,14.9,15.2,2024-09-08T12Z,,,,,2024-09-08T12Z,7.9,9.8,10.1
2024_01_TEN_CHI,2024,1,CHI,KMDW,2024-09-08T17:00Z,11.6,11.8,2024-09-08T12Z,,,,,2024-09-08T12Z,13.5,13.6,11.5
2024_01_ARI_BUF,2024,1,BUF,KBUF,2024-09-08T17:00Z,21.8,22.1,2024-09-08T12Z,,,,,2024-09-08T12Z,9.7,10.2,10.3
2024_01_DEN_SEA,2024,1,SEA,KBFI,2024-09-08T20:05Z,8.8,6.8,2024-09-08T12Z,,,,,2024-09-08T12Z,,,
2024_01_DAL_CLE,2024,1,CLE,KBKL,2024-09-08T20:25Z,10.4,10.8,2024-09-08T12Z,,,,,2024-09-08T12Z,7.3,7.6,8.3
2024_01_WAS_TB,2024,1,TB,KTPA,2024-09-08T20:25Z,7.3,7.2,2024-09-08T12Z,,,,,2024-09-08T12Z,2.6,1.9,2.2
2024_01_NYJ_SF,2024,1,SF,KSJC,2024-09-10T00:15Z,11.3,11.8,2024-09-09T18Z,,,,,2024-09-09T18Z,9.4,9.7,9.8
2024_02_BUF_MIA,2024,2,MIA,KMIA,2024-09-13T00:15Z,2.6,3.3,2024-09-12T18Z,,,,,2024-09-12T18Z,4.8,4.5,5.5
2024_02_LAC_CAR,2024,2,CAR,KCLT,2024-09-15T17:00Z,15.7,16.7,2024-09-15T12Z,,,,,2024-09-15T12Z,6.4,7.4,7.4
2024_02_CLE_JAX,2024,2,JAX,KJAX,2024-09-15T17:00Z,15.2,14.1,2024-09-15T12Z,,,,,2024-09-15T12Z,10.2,14.1,14.3
2024_02_SEA_NE,2024,2,NE,KOWD,2024-09-15T17:00Z,6.2,6.3,2024-09-15T12Z,,,,,2024-09-15T12Z,4.2,5.1,5.2
2024_02_LV_BAL,2024,2,BAL,KBWI,2024-09-15T17:00Z,13.1,14.4,2024-09-15T12Z,,,,,2024-09-15T12Z,4.6,4.3,4.7
2024_02_IND_GB,2024,2,GB,KGRB,2024-09-15T17:00Z,10.1,9.2,2024-09-15T12Z,,,,,2024-09-15T12Z,3.5,4.4,4.3
2024_02_NYG_WAS,2024,2,WAS,KDCA,2024-09-15T17:00Z,13.3,12.1,2024-09-15T12Z,,,,,2024-09-15T12Z,8.4,9.8,9.8
2024_02_NYJ_TEN,2024,2,TEN,KBNA,2024-09-15T17:00Z,10.9,9.8,2024-09-15T12Z,,,,,2024-09-15T12Z,,,
2024_02_PIT_DEN,2024,2,DEN,KDEN,2024-09-15T20:25Z,15.3,14.5,2024-09-15T12Z,,,,,2024-09-15T12Z,5.4,8.2,9.9
2024_02_CIN_KC,2024,2,KC,KMCI,2024-09-15T20:25Z,13.4,10.7,2024-09-15T12Z,,,,,2024-09-15T12Z,5.8,4.9,5.5
2024_02_ATL_PHI,2024,2,PHI,KPHL,2024-09-17T00:15Z,9.7,9.5,2024-09-16T18Z,,,,,2024-09-16T18Z,8.4,7.2,7.9
2024_03_NE_NYJ,2024,3,NYJ,KTEB,2024-09-20T00:15Z,7.4,4.6,2024-09-19T18Z,,,,,2024-09-19T18Z,8.6,5.4,5.3
2024_03_DEN_TB,2024,3,TB,KTPA,2024-09-22T17:00Z,7.9,8.3,2024-09-22T12Z,,,,,2024-09-22T12Z,7.1,5.4,5.0
2024_03_GB_TEN,2024,3,TEN,KBNA,2024-09-22T17:00Z,7.0,8.1,2024-09-22T12Z,,,,,2024-09-22T12Z,2.7,1.7,2.5
2024_03_NYG_CLE,2024,3,CLE,KBKL,2024-09-22T17:00Z,7.7,6.8,2024-09-22T12Z,,,,,2024-09-22T12Z,1.7,3.0,2.1
2024_03_LAC_PIT,2024,3,PIT,KPIT,2024-09-22T17:00Z,3.7,3.7,2024-09-22T12Z,,,,,2024-09-22T12Z,2.7,1.8,2.3
2024_03_MIA_SEA,2024,3,SEA,KBFI,2024-09-22T20:05Z,6.8,5.1,2024-09-22T12Z,,,,,2024-09-22T12Z,5.9,2.5,1.0
2024_03_JAX_BUF,2024,3,BUF,KBUF,2024-09-23T23:30Z,9.3,7.6,2024-09-23T18Z,,,,,2024-09-23T18Z,7.1,5.6,1.9
2024_03_WAS_CIN,2024,3,CIN,KLUK,2024-09-24T00:15Z,2.8,1.6,2024-09-23T18Z,,,,,2024-09-23T18Z,2.4,1.0,1.0
2024_04_DAL_NYG,2024,4,NYG,KTEB,2024-09-27T00:15Z,5.7,3.9,2024-09-26T18Z,,,,,2024-09-26T18Z,6.9,4.6,3.2
2024_04_DEN_NYJ,2024,4,NYJ,KTEB,2024-09-29T17:00Z,7.9,6.6,2024-09-29T12Z,,,,,2024-09-29T12Z,7.5,7.7,6.8
2024_04_PHI_TB,2024,4,TB,KTPA,2024-09-29T17:00Z,9.8,10.6,2024-09-29T12Z,,,,,2024-09-29T12Z,5.4,6.1,4.6
2024_04_CIN_CAR,2024,4,CAR,KCLT,2024-09-29T17:00Z,9.0,8.3,2024-09-29T12Z,,,,,2024-09-29T12Z,2.5,2.5,3.8
2024_04_MIN_GB,2024,4,GB,KGRB,2024-09-29T17:00Z,15.7,15.0,2024-09-29T12Z,,,,,2024-09-29T12Z,6.9,6.3,7.2
2024_04_LA_CHI,2024,4,CHI,KMDW,2024-09-29T17:00Z,17.2,16.4,2024-09-29T12Z,,,,,2024-09-29T12Z,21.4,20.5,18.2
2024_04_NE_SF,2024,4,SF,KSJC,2024-09-29T20:05Z,9.7,10.5,2024-09-29T12Z,,,,,2024-09-29T12Z,8.5,8.6,8.2
2024_04_BUF_BAL,2024,4,BAL,KBWI,2024-09-30T00:20Z,12.7,10.4,2024-09-29T18Z,,,,,2024-09-29T18Z,5.7,5.6,5.2
2024_04_TEN_MIA,2024,4,MIA,KMIA,2024-09-30T23:30Z,8.8,7.6,2024-09-30T18Z,,,,,2024-09-30T18Z,11.4,9.9,10.7
2024_05_CAR_CHI,2024,5,CHI,KMDW,2024-10-06T17:00Z,19.5,18.7,2024-10-06T12Z,,,,,2024-10-06T12Z,16.6,16.3,19.8
2024_05_BAL_CIN,2024,5,CIN,KLUK,2024-10-06T17:00Z,15.9,15.6,2024-10-06T12Z,,,,,2024-10-06T12Z,7.8,8.1,7.7
2024_05_IND_JAX,2024,5,JAX,KJAX,2024-10-06T17:00Z,5.5,6.9,2024-10-06T12Z,,,,,2024-10-06T12Z,7.0,8.4,7.4
2024_05_CLE_WAS,2024,5,WAS,KDCA,2024-10-06T17:00Z,7.8,7.2,2024-10-06T12Z,,,,,2024-10-06T12Z,9.9,8.0,6.7
2024_05_MIA_NE,2024,5,NE,KOWD,2024-10-06T17:00Z,5.8,6.0,2024-10-06T12Z,,,,,2024-10-06T12Z,2.7,3.7,2.6
2024_05_ARI_SF,2024,5,SF,KSJC,2024-10-06T20:05Z,7.7,7.7,2024-10-06T12Z,,,,,2024-10-06T12Z,11.2,8.3,6.5
2024_05_LV_DEN,2024,5,DEN,KDEN,2024-10-06T20:05Z,11.9,13.1,2024-10-06T12Z,,,,,2024-10-06T12Z,3.8,4.5,3.9
2024_05_NYG_SEA,2024,5,SEA,KBFI,2024-10-06T20:25Z,5.0,5.7,2024-10-06T12Z,,,,,2024-10-06T12Z,3.6,3.2,2.7
2024_05_DAL_PIT,2024,5,PIT,KPIT,2024-10-07T00:20Z,8.7,7.8,2024-10-06T18Z,,,,,2024-10-06T18Z,9.6,4.9,6.6
2024_05_NO_KC,2024,5,KC,KMCI,2024-10-08T00:15Z,7.4,6.2,2024-10-07T18Z,,,,,2024-10-07T18Z,2.2,1.6,1.3
2024_06_SF_SEA,2024,6,SEA,KBFI,2024-10-11T00:15Z,4.3,3.6,2024-10-10T18Z,,,,,2024-10-10T18Z,9.7,9.3,9.9
2024_06_WAS_BAL,2024,6,BAL,KBWI,2024-10-13T17:00Z,12.6,12.1,2024-10-13T12Z,,,,,2024-10-13T12Z,8.3,8.3,7.9
2024_06_IND_TEN,2024,6,TEN,KBNA,2024-10-13T17:00Z,13.2,13.3,2024-10-13T12Z,,,,,2024-10-13T12Z,7.6,6.1,6.5
2024_06_ARI_GB,2024,6,GB,KGRB,2024-10-13T17:00Z,11.1,9.4,2024-10-13T12Z,,,,,2024-10-13T12Z,7.6,3.6,7.5
2024_06_HOU_NE,2024,6,NE,KOWD,2024-10-13T17:00Z,4.7,4.9,2024-10-13T12Z,,,,,2024-10-13T12Z,3.4,5.1,2.9
2024_06_CLE_PHI,2024,6,PHI,KPHL,2024-10-13T17:00Z,16.0,13.5,2024-10-13T12Z,,,,,2024-10-13T12Z,14.3,15.0,11.0
2024_06_LAC_DEN,2024,6,DEN,KDEN,2024-10-13T20:05Z,8.7,10.4,2024-10-13T12Z,,,,,2024-10-13T12Z,6.0,6.1,5.5
2024_06_ATL_CAR,2024,6,CAR,KCLT,2024-10-13T20:25Z,9.1,9.5,2024-10-13T12Z,,,,,2024-10-13T12Z,5.2,5.5,5.3
2024_06_CIN_NYG,2024,6,NYG,KTEB,2024-10-14T00:20Z,9.0,8.5,2024-10-13T18Z,,,,,2024-10-13T18Z,6.1,11.0,1.8
2024_06_BUF_NYJ,2024,6,NYJ,KTEB,2024-10-15T00:15Z,11.0,16.2,2024-10-14T18Z,,,,,2024-10-14T18Z,12.8,16.1,15.0
2024_07_CIN_CLE,2024,7,CLE,KBKL,2024-10-20T17:00Z,9.9,10.4,2024-10-20T12Z,,,,,2024-10-20T12Z,5.9,6.3,6.3
2024_07_HOU_GB,2024,7,GB,KGRB,2024-10-20T17:00Z,14.6,13.5,2024-10-20T12Z,,,,,2024-10-20T12Z,7.6,7.9,8.5
2024_07_PHI_NYG,2024,7,NYG,KTEB,2024-10-20T17:00Z,7.8,7.5,2024-10-20T12Z,,,,,2024-10-20T12Z,4.8,6.1,5.4
2024_07_TEN_BUF,2024,7,BUF,KBUF,2024-10-20T17:00Z,14.4,15.0,2024-10-20T12Z,,,,,2024-10-20T12Z,,,
2024_07_CAR_WAS,2024,7,WAS,KDCA,2024-10-20T20:05Z,5.5,5.4,2024-10-20T12Z,,,,,2024-10-20T12Z,1.7,1.8,2.8
2024_07_KC_SF,2024,7,SF,KSJC,2024-10-20T20:25Z,5.7,5.7,2024-10-20T12Z,,,,,2024-10-20T12Z,,,
2024_07_NYJ_PIT,2024,7,PIT,KPIT,2024-10-21T00:20Z,1.8,1.6,2024-10-20T18Z,,,,,2024-10-20T18Z,1.8,2.5,2.2
2024_07_BAL_TB,2024,7,TB,KTPA,2024-10-22T00:15Z,9.7,9.0,2024-10-21T18Z,,,,,2024-10-21T18Z,8.1,8.2,8.2
2024_08_ATL_TB,2024,8,TB,KTPA,2024-10-27T17:00Z,8.0,6.9,2024-10-27T12Z,,,,,2024-10-27T12Z,5.2,5.9,5.3
2024_08_NYJ_NE,2024,8,NE,KOWD,2024-10-27T17:00Z,12.2,11.8,2024-10-27T12Z,,,,,2024-10-27T12Z,4.4,6.0,5.7
2024_08_ARI_MIA,2024,8,MIA,KMIA,2024-10-27T17:00Z,14.0,15.0,2024-10-27T12Z,,,,,2024-10-27T12Z,17.1,17.0,16.6
2024_08_GB_JAX,2024,8,JAX,KJAX,2024-10-27T17:00Z,6.1,7.5,2024-10-27T12Z,,,,,2024-10-27T12Z,6.6,6.8,6.2
2024_08_BAL_CLE,2024,8,CLE,KBKL,2024-10-27T17:00Z,6.4,7.5,2024-10-27T12Z,,,,,2024-10-27T12Z,4.2,3.4,2.3
2024_08_PHI_CIN,2024,8,CIN,KLUK,2024-10-27T17:00Z,5.4,5.8,2024-10-27T12Z,,,,,2024-10-27T12Z,3.3,2.9,2.8
2024_08_BUF_SEA,2024,8,SEA,KBFI,2024-10-27T20:05Z,10.2,12.1,2024-10-27T12Z,,,,,2024-10-27T12Z,11.4,10.8,10.8
2024_08_CAR_DEN,2024,8,DEN,KDEN,2024-10-27T20:25Z,10.4,10.4,2024-10-27T12Z,,,,,2024-10-27T12Z,1.5,0.9,1.0
2024_08_CHI_WAS,2024,8,WAS,KDCA,2024-10-27T20:25Z,5.3,4.6,2024-10-27T12Z,,,,,2024-10-27T12Z,0.5,1.7,0.9
2024_08_DAL_SF,2024,8,SF,KSJC,2024-10-28T00:20Z,9.2,11.0,2024-10-27T18Z,,,,,2024-10-27T18Z,7.6,7.4,7.8
2024_08_NYG_PIT,2024,8,PIT,KPIT,2024-10-29T00:15Z,2.8,2.8,2024-10-28T18Z,,,,,2024-10-28T18Z,2.7,3.2,3.1
2024_09_HOU_NYJ,2024,9,NYJ,KTEB,2024-11-01T00:15Z,8.7,8.7,2024-10-31T18Z,,,,,2024-10-31T18Z,12.8,12.2,11.9
2024_09_LAC_CLE,2024,9,CLE,KBKL,2024-11-03T18:00Z,13.2,14.4,2024-11-03T12Z,,,,,2024-11-03T12Z,6.0,7.5,8.5
2024_09_LV_CIN,2024,9,CIN,KLUK,2024-11-03T18:00Z,8.1,8.1,2024-11-03T12Z,,,,,2024-11-03T12Z,4.6,4.4,5.1
2024_09_WAS_NYG,2024,9,NYG,KTEB,2024-11-03T18:00Z,6.9,6.9,2024-11-03T12Z,,,,,2024-11-03T12Z,4.2,5.8,4.8
2024_09_MIA_BUF,2024,9,BUF,KBUF,2024-11-03T18:00Z,9.8,10.4,2024-11-03T12Z,,,,,2024-11-03T12Z,5.1,5.4,5.8
2024_09_NO_CAR,2024,9,CAR,KCLT,2024-11-03T18:00Z,9.2,9.2,2024-11-03T12Z,,,,,2024-11-03T12Z,4.5,4.7,4.8
2024_09_DEN_BAL,2024,9,BAL,KBWI,2024-11-03T18:00Z,5.8,5.8,2024-11-03T12Z,,,,,2024-11-03T12Z,1.9,2.0,1.8
2024_09_NE_TEN,2024,9,TEN,KBNA,2024-11-03T18:00Z,14.4,16.1,2024-11-03T12Z,,,,,2024-11-03T12Z,5.8,6.5,6.9
2024_09_JAX_PHI,2024,9,PHI,KPHL,2024-11-03T21:05Z,6.3,6.9,2024-11-03T12Z,,,,,2024-11-03T12Z,4.0,5.3,6.0
2024_09_LA_SEA,2024,9,SEA,KBFI,2024-11-03T21:25Z,6.4,5.7,2024-11-03T12Z,,,,,2024-11-03T12Z,2.3,4.3,3.2
2024_09_DET_GB,2024,9,GB,KGRB,2024-11-03T21:25Z,18.8,17.6,2024-11-03T12Z,,,,,2024-11-03T12Z,,,
2024_09_TB_KC,2024,9,KC,KMCI,2024-11-05T01:15Z,8.2,8.3,2024-11-04T18Z,,,,,2024-11-04T18Z,9.9,4.0,5.4
2024_10_CIN_BAL,2024,10,BAL,KBWI,2024-11-08T01:15Z,5.0,5.8,2024-11-07T18Z,,,,,2024-11-07T18Z,4.9,3.4,3.9
2024_10_PIT_WAS,2024,10,WAS,KDCA,2024-11-10T18:00Z,10.9,12.1,2024-11-10T12Z,,,,,2024-11-10T12Z,13.2,13.0,12.8
2024_10_DEN_KC,2024,10,KC,KMCI,2024-11-10T18:00Z,10.9,10.9,2024-11-10T12Z,,,,,2024-11-10T12Z,6.7,6.7,7.6
2024_10_NE_CHI,2024,10,CHI,KMDW,2024-11-10T18:00Z,21.3,20.1,2024-11-10T12Z,,,,,2024-11-10T12Z,14.4,15.2,16.8
2024_10_MIN_JAX,2024,10,JAX,KJAX,2024-11-10T18:00Z,13.8,13.8,2024-11-10T12Z,,,,,2024-11-10T12Z,7.3,8.0,12.3
2024_10_SF_TB,2024,10,TB,KTPA,2024-11-10T18:00Z,8.6,8.1,2024-11-10T12Z,,,,,2024-11-10T12Z,7.2,7.3,8.1
2024_11_WAS_PHI,2024,11,PHI,KPHL,2024-11-15T01:15Z,8.3,7.3,2024-11-14T18Z,,,,,2024-11-14T18Z,6.3,8.4,8.1
2024_11_GB_CHI,2024,11,CHI,KMDW,2024-11-17T18:00Z,11.5,10.9,2024-11-17T12Z,,,,,2024-11-17T12Z,16.6,14.6,13.5
2024_11_IND_NYJ,2024,11,NYJ,KTEB,2024-11-17T18:00Z,8.1,8.1,2024-11-17T12Z,,,,,2024-11-17T12Z,4.0,5.5,5.4
2024_11_LA_NE,2024,11,NE,KOWD,2024-11-17T18:00Z,6.9,6.9,2024-11-17T12Z,,,,,2024-11-17T12Z,3.9,4.2,4.5
2024_11_BAL_PIT,2024,11,PIT,KPIT,2024-11-17T18:00Z,6.9,8.1,2024-11-17T12Z,,,,,2024-11-17T12Z,4.5,4.3,4.4
2024_11_LV_MIA,2024,11,MIA,KMIA,2024-11-17T18:00Z,13.2,13.2,2024-11-17T12Z,,,,,2024-11-17T12Z,14.1,14.1,14.7
2024_11_MIN_TEN,2024,11,TEN,KBNA,2024-11-17T18:00Z,8.1,8.6,2024-11-17T12Z,,,,,2024-11-17T12Z,3.2,3.5,3.6
2024_11_SEA_SF,2024,11,SF,KSJC,2024-11-17T21:05Z,4.6,3.5,2024-11-17T12Z,,,,,2024-11-17T12Z,1.6,1.1,1.3
2024_11_ATL_DEN,2024,11,DEN,KDEN,2024-11-17T21:05Z,8.1,8.1,2024-11-17T12Z,,,,,2024-11-17T12Z,0.6,1.2,1.2
2024_11_KC_BUF,2024,11,BUF,KBUF,2024-11-17T21:25Z,8.4,8.8,2024-11-17T12Z,,,,,2024-11-17T12Z,6.1,6.8,6.8
2024_12_PIT_CLE,2024,12,CLE,KBKL,2024-11-22T01:15Z,16.9,11.9,2024-11-21T18Z,,,,,2024-11-21T18Z,6.7,6.6,10.3
2024_12_KC_CAR,2024,12,CAR,KCLT,2024-11-24T18:00Z,5.8,5.8,2024-11-24T12Z,,,,,2024-11-24T12Z,2.6,2.9,2.6
2024_12_MIN_CHI,2024,12,CHI,KMDW,2024-11-24T18:00Z,10.9,11.5,2024-11-24T12Z,,,,,2024-11-24T12Z,11.0,10.7,14.2
2024_12_NE_MIA,2024,12,MIA,KMIA,2024-11-24T18:00Z,8.1,7.5,2024-11-24T12Z,,,,,2024-11-24T12Z,9.0,6.4,7.0
2024_12_TB_NYG,2024,12,NYG,KTEB,2024-11-24T18:00Z,19.0,17.8,2024-11-24T12Z,,,,,2024-11-24T12Z,13.0,15.1,13.5
2024_12_DAL_WAS,2024,12,WAS,KDCA,2024-11-24T18:00Z,11.5,9.2,2024-11-24T12Z,,,,,2024-11-24T12Z,9.5,9.6,8.7
2024_12_SF_GB,2024,12,GB,KGRB,2024-11-24T21:25Z,9.2,10.8,2024-11-24T12Z,,,,,2024-11-24T12Z,6.0,6.7,7.9
2024_12_ARI_SEA,2024,12,SEA,KBFI,2024-11-24T21:25Z,5.3,5.0,2024-11-24T12Z,,,,,2024-11-24T12Z,2.3,2.6,3.3
2024_13_MIA_GB,2024,13,GB,KGRB,2024-11-29T01:20Z,14.6,13.7,2024-11-28T18Z,,,,,2024-11-28T18Z,7.5,8.0,9.2
2024_13_LV_KC,2024,13,KC,KMCI,2024-11-29T20:00Z,5.8,5.6,2024-11-29T12Z,,,,,2024-11-29T12Z,1.6,1.7,1.3
2024_13_TEN_WAS,2024,13,WAS,KDCA,2024-12-01T18:00Z,9.2,10.4,2024-12-01T12Z,,,,,2024-12-01T12Z,6.5,8.5,8.6
2024_13_SEA_NYJ,2024,13,NYJ,KTEB,2024-12-01T18:00Z,14.4,13.8,2024-12-01T12Z,,,,,2024-12-01T12Z,9.5,9.9,10.6
2024_13_IND_NE,2024,13,NE,KOWD,2024-12-01T18:00Z,14.4,13.2,2024-12-01T12Z,,,,,2024-12-01T12Z,4.0,4.1,4.4
2024_13_PIT_CIN,2024,13,CIN,KLUK,2024-12-01T18:00Z,10.4,10.9,2024-12-01T12Z,,,,,2024-12-01T12Z,5.4,6.0,6.1
2024_13_HOU_JAX,2024,13,JAX,KJAX,2024-12-01T18:00Z,9.2,8.6,2024-12-01T12Z,,,,,2024-12-01T12Z,4.6,5.3,5.8
2024_13_TB_CAR,2024,13,CAR,KCLT,2024-12-01T21:05Z,6.8,6.8,2024-12-01T12Z,,,,,2024-12-01T12Z,3.8,2.1,2.4
2024_13_PHI_BAL,2024,13,BAL,KBWI,2024-12-01T21:25Z,5.9,7.1,2024-12-01T12Z,,,,,2024-12-01T12Z,2.0,4.1,4.3
2024_13_SF_BUF,2024,13,BUF,KBUF,2024-12-02T01:20Z,11.6,10.5,2024-12-01T18Z,,,,,2024-12-01T18Z,7.7,8.8,9.2
2024_13_CLE_DEN,2024,13,DEN,KDEN,2024-12-03T01:15Z,8.0,8.8,2024-12-02T18Z,,,,,2024-12-02T18Z,4.7,4.6,5.5
2024_14_NYJ_MIA,2024,14,MIA,KMIA,2024-12-08T18:00Z,10.9,10.9,2024-12-08T12Z,,,,,2024-12-08T12Z,12.9,13.0,12.7
2024_14_CAR_PHI,2024,14,PHI,KPHL,2024-12-08T18:00Z,15.5,17.3,2024-12-08T12Z,,,,,2024-12-08T12Z,12.6,14.8,13.7
2024_14_CLE_PIT,2024,14,PIT,KPIT,2024-12-08T18:00Z,11.5,12.1,2024-12-08T12Z,,,,,2024-12-08T12Z,7.1,7.5,7.1
2024_14_JAX_TEN,2024,14,TEN,KBNA,2024-12-08T18:00Z,9.8,9.8,2024-12-08T12Z,,,,,2024-12-08T12Z,5.2,5.6,6.1
2024_14_LV_TB,2024,14,TB,KTPA,2024-12-08T18:00Z,5.8,5.8,2024-12-08T12Z,,,,,2024-12-08T12Z,2.4,2.7,3.1
2024_14_NO_NYG,2024,14,NYG,KTEB,2024-12-08T18:00Z,15.0,15.0,2024-12-08T12Z,,,,,2024-12-08T12Z,9.6,12.4,12.1
2024_14_CHI_SF,2024,14,SF,KSJC,2024-12-08T21:25Z,8.7,7.5,2024-12-08T12Z,,,,,2024-12-08T12Z,3.9,3.8,3.6
2024_14_LAC_KC,2024,14,KC,KMCI,2024-12-09T01:20Z,10.7,11.6,2024-12-08T18Z,,,,,2024-12-08T18Z,9.4,7.7,8.9
2024_15_LA_SF,2024,15,SF,KSJC,2024-12-13T01:15Z,7.3,7.5,2024-12-12T18Z,,,,,2024-12-12T18Z,6.1,8.8,6.7
2024_15_DAL_CAR,2024,15,CAR,KCLT,2024-12-15T18:00Z,6.9,7.5,2024-12-15T12Z,,,,,2024-12-15T12Z,3.3,2.9,3.2
2024_15_KC_CLE,2024,15,CLE,KBKL,2024-12-15T18:00Z,15.5,16.1,2024-12-15T12Z,,,,,2024-12-15T12Z,12.7,13.5,14.6
2024_15_BAL_NYG,2024,15,NYG,KTEB,2024-12-15T18:00Z,6.3,5.2,2024-12-15T12Z,,,,,2024-12-15T12Z,5.0,6.1,7.1
2024_15_CIN_TEN,2024,15,TEN,KBNA,2024-12-15T18:00Z,12.1,12.7,2024-12-15T12Z,,,,,2024-12-15T12Z,5.2,4.7,5.7
2024_15_NYJ_JAX,2024,15,JAX,KJAX,2024-12-15T18:00Z,13.2,10.9,2024-12-15T12Z,,,,,2024-12-15T12Z,9.5,9.0,7.8
2024_15_IND_DEN,2024,15,DEN,KDEN,2024-12-15T21:25Z,23.2,20.9,2024-12-15T12Z,,,,,2024-12-15T12Z,1.2,1.9,3.1
2024_15_PIT_PHI,2024,15,PHI,KPHL,2024-12-15T21:25Z,8.7,7.2,2024-12-15T12Z,,,,,2024-12-15T12Z,6.1,6.4,5.9
2024_15_GB_SEA,2024,15,SEA,KBFI,2024-12-16T01:20Z,3.6,3.9,2024-12-15T18Z,,,,,2024-12-15T18Z,4.9,2.7,2.3
2024_16_HOU_KC,2024,16,KC,KMCI,2024-12-21T18:00Z,8.6,6.9,2024-12-21T12Z,,,,,2024-12-21T12Z,4.1,4.0,3.7
2024_16_PIT_BAL,2024,16,BAL,KBWI,2024-12-21T21:30Z,14.2,15.3,2024-12-21T12Z,,,,,2024-12-21T12Z,8.7,7.1,7.1
2024_16_ARI_CAR,2024,16,CAR,KCLT,2024-12-22T18:00Z,5.2,5.2,2024-12-22T12Z,,,,,2024-12-22T12Z,2.2,2.5,2.4
2024_16_DET_CHI,2024,16,CHI,KMDW,2024-12-22T18:00Z,13.8,13.8,2024-12-22T12Z,,,,,2024-12-22T12Z,18.0,18.1,18.9
2024_16_CLE_CIN,2024,16,CIN,KLUK,2024-12-22T18:00Z,5.8,5.2,2024-12-22T12Z,,,,,2024-12-22T12Z,2.5,2.3,1.9
2024_16_LA_NYJ,2024,16,NYJ,KTEB,2024-12-22T18:00Z,11.5,12.1,2024-12-22T12Z,,,,,2024-12-22T12Z,7.3,7.3,8.4
2024_16_PHI_WAS,2024,16,WAS,KDCA,2024-12-22T18:00Z,9.8,9.8,2024-12-22T12Z,,,,,2024-12-22T12Z,5.6,5.9,7.4
2024_16_MIN_SEA,2024,16,SEA,KBFI,2024-12-22T21:05Z,5.2,5.2,2024-12-22T12Z,,,,,2024-12-22T12Z,3.6,4.2,5.7
2024_16_NE_BUF,2024,16,BUF,KBUF,2024-12-22T21:25Z,4.6,4.9,2024-12-22T12Z,,,,,2024-12-22T12Z,2.8,3.8,4.0
2024_16_SF_MIA,2024,16,MIA,KMIA,2024-12-22T21:25Z,7.1,7.0,2024-12-22T12Z,,,,,2024-12-22T12Z,16.5,11.8,10.6
2024_16_NO_GB,2024,16,GB,KGRB,2024-12-24T01:15Z,6.9,7.4,2024-12-23T18Z,,,,,2024-12-23T18Z,4.4,4.7,6.1
2024_17_KC_PIT,2024,17,PIT,KPIT,2024-12-25T18:00Z,2.9,2.3,2024-12-25T12Z,,,,,2024-12-25T12Z,1.2,1.5,1.1
2024_17_SEA_CHI,2024,17,CHI,KMDW,2024-12-27T01:15Z,8.7,8.2,2024-12-26T18Z,,,,,2024-12-26T18Z,10.9,11.2,13.8
2024_17_LAC_NE,2024,17,NE,KOWD,2024-12-28T18:00Z,0.6,1.2,2024-12-28T12Z,,,,,2024-12-28T12Z,3.2,4.1,4.1
2024_17_DEN_CIN,2024,17,CIN,KLUK,2024-12-28T21:30Z,3.1,3.8,2024-12-28T12Z,,,,,2024-12-28T12Z,1.7,2.1,4.2
2024_17_NYJ_BUF,2024,17,BUF,KBUF,2024-12-29T18:00Z,16.1,16.1,2024-12-29T12Z,,,,,2024-12-29T12Z,8.7,6.2,14.9
2024_17_IND_NYG,2024,17,NYG,KTEB,2024-12-29T18:00Z,5.8,5.8,2024-12-29T12Z,,,,,2024-12-29T12Z,5.1,8.2,11.9
2024_17_DAL_PHI,2024,17,PHI,KPHL,2024-12-29T18:00Z,12.7,13.8,2024-12-29T12Z,,,,,2024-12-29T12Z,17.2,16.5,16.1
2024_17_CAR_TB,2024,17,TB,KTPA,2024-12-29T18:00Z,13.8,9.8,2024-12-29T12Z,,,,,2024-12-29T12Z,10.6,11.0,5.4
2024_17_TEN_JAX,2024,17,JAX,KJAX,2024-12-29T18:00Z,15.0,10.9,2024-12-29T12Z,,,,,2024-12-29T12Z,11.0,9.3,8.6
2024_17_MIA_CLE,2024,17,CLE,KBKL,2024-12-29T21:05Z,28.4,17.2,2024-12-29T12Z,,,,,2024-12-29T12Z,10.2,13.2,14.5
2024_17_ATL_WAS,2024,17,WAS,KDCA,2024-12-30T01:20Z,14.1,17.2,2024-12-29T18Z,,,,,2024-12-29T18Z,19.1,18.8,17.7
2024_17_DET_SF,2024,17,SF,KSJC,2024-12-31T01:15Z,7.6,8.4,2024-12-30T18Z,,,,,2024-12-30T18Z,2.7,2.1,1.7
2024_18_CLE_BAL,2024,18,BAL,KBWI,2025-01-04T21:30Z,17.2,18.4,2025-01-04T12Z,,,,,2025-01-04T12Z,,,
2024_18_CIN_PIT,2024,18,PIT,KPIT,2025-01-05T01:00Z,13.6,13.7,2025-01-04T18Z,,,,,2025-01-04T18Z,8.0,8.8,9.7
2024_18_NO_TB,2024,18,TB,KTPA,2025-01-05T18:00Z,9.2,8.6,2025-01-05T12Z,,,,,2025-01-05T12Z,7.0,7.3,6.0
2024_18_HOU_TEN,2024,18,TEN,KBNA,2025-01-05T18:00Z,15.0,13.2,2025-01-05T12Z,,,,,2025-01-05T12Z,5.5,6.5,6.6
2024_18_CHI_GB,2024,18,GB,KGRB,2025-01-05T18:00Z,9.8,12.1,2025-01-05T12Z,,,,,2025-01-05T12Z,5.7,6.0,6.4
