group,season,week,side,opponent,venue,line (our side),model margin (our side),edge,score (ours-theirs),result,margin vs line,QB pull,ratings pull,injury pull,QB-out pull,offseason turnover pull,home pull,weather pull,out-of-race pull,six other models' pull,top three inputs,ridge spread (our side),success spread (our side),split spread (our side),plays spread (our side),alpha3 spread (our side),alpha30 spread (our side),trees spread (our side),seven models SD,trees' edge,our games this season,opp games this season,our QB changed,opp QB changed,our last QB out,opp last QB out,our skill value out,opp skill value out,our offense snaps out,opp defense snaps out,"opener (home line, 2015-21)",close minus opener toward us,vs line after Q3,vs line with 5:00 left,decided late,luck toward us (postmortem),our QB lost in game,game_id
favourite 5+,2015,3,CLE,LV,home,-3.5,8.63,5.13,20-27,L,-10.5,1.36,3.46,1.16,-0.0,0.39,2.69,0.0,0.0,-0.42,opp defense points +3.5; home +2.7; QB rating +1.4,9.05,8.24,9.06,8.21,9.12,8.87,7.87,0.51,4.37,2.0,2.0,True,False,0.0,0.0,0.0,0.0,0.0,1.79,4.5,-1.0,,,,2.51,False,2015_03_OAK_CLE
favourite 5+,2015,3,GB,KC,home,-4.5,10.4,5.9,38-28,W,5.5,2.21,0.81,3.61,-0.0,0.37,2.69,0.0,0.0,0.72,opp skill players out +3.1; home +2.7; offense points +2.3,9.69,10.57,9.73,10.4,9.7,9.62,13.1,1.25,8.6,2.0,2.0,False,False,0.0,0.0,0.0,0.02,0.63,0.97,6.5,-2.0,,,,-3.61,False,2015_03_KC_GB
favourite 5+,2015,8,HOU,TEN,home,-3.5,9.5,6.0,20-6,W,10.5,2.16,2.19,2.68,-0.0,0.26,2.55,0.0,0.0,-0.33,home +2.5; QB rating +2.2; offense points +2.1,9.84,8.75,10.37,11.22,9.88,9.72,6.76,1.42,3.26,7.0,6.0,False,False,0.0,0.0,-0.01,0.0,0.0,1.75,4.5,-1.0,,,,8.84,False,2015_08_TEN_HOU
favourite 5+,2015,9,LAC,CHI,home,-3.5,11.21,7.71,19-22,L,-6.5,1.32,1.65,5.35,-0.0,0.0,2.65,0.0,0.0,0.25,opp skill players out +3.0; home +2.6; offense snaps out +1.8,10.96,11.62,11.21,12.56,10.96,10.95,10.22,0.72,6.72,8.0,7.0,False,False,0.0,0.0,0.01,0.06,0.67,1.76,4.5,-1.0,,,,7.18,False,2015_09_CHI_SD
favourite 5+,2015,11,ATL,IND,home,-3.5,8.61,5.11,21-24,L,-6.5,3.85,0.42,1.67,2.27,0.0,2.52,0.0,0.0,0.15,home +2.5; QB out +2.3; offense snaps out +1.6,8.46,10.19,8.63,8.91,8.47,8.42,7.18,0.89,3.68,9.0,9.0,False,True,0.0,1.0,0.0,0.01,0.0,0.38,6.5,-3.0,,,,-2.77,False,2015_11_IND_ATL
favourite 5+,2015,13,WAS,DAL,home,-2.0,7.05,5.05,16-19,L,-5.0,3.61,-1.35,0.9,2.28,0.0,2.49,0.0,2.07,-0.68,home +2.5; QB out +2.3; out of the race +1.6,7.73,6.68,7.7,7.83,7.77,7.6,4.03,1.39,2.03,11.0,11.0,False,True,0.0,1.0,-0.0,0.02,0.13,1.02,5.0,-3.0,,,,2.06,False,2015_13_DAL_WAS
favourite 5+,2015,14,GB,DAL,home,-6.0,11.65,5.65,28-7,W,15.0,3.31,2.6,1.37,-0.0,0.0,2.36,0.0,2.05,-0.04,QB rating +3.3; home +2.4; offense points +1.8,11.69,10.88,12.05,11.63,11.73,11.58,12.01,0.39,6.01,12.0,12.0,False,False,0.0,0.0,0.0,0.02,0.42,1.21,7.0,-1.0,,,,15.5,False,2015_14_DAL_GB
favourite 5+,2016,17,PIT,CLE,home,-3.5,11.21,7.71,27-24,L,-0.5,-1.31,8.85,-0.34,-0.0,0.0,2.45,0.0,2.26,-0.7,opp defense points +4.5; offense points +3.8; home +2.4,11.91,12.85,11.85,12.14,11.9,11.93,5.86,2.38,2.36,15.0,15.0,True,False,0.0,0.0,0.01,-0.0,0.0,0.0,12.5,-9.0,-10.5,3.5,lost in last 5 min,4.89,False,2016_17_CLE_PIT
favourite 5+,2017,4,DAL,LA,home,-5.0,10.79,5.79,30-35,L,-10.0,3.49,3.46,0.16,-0.0,0.37,2.55,0.0,0.0,0.77,QB rating +3.5; home +2.5; opp defense points +2.2,10.02,10.96,10.26,10.07,10.05,9.94,14.23,1.56,9.23,3.0,3.0,False,False,0.0,0.0,0.0,0.0,0.0,0.27,8.0,-3.0,-7.0,-7.0,,-6.96,False,2017_04_LA_DAL
favourite 5+,2017,6,JAX,LA,home,-1.0,7.0,6.0,17-27,L,-11.0,0.81,3.32,-0.05,-0.0,0.59,2.48,0.0,0.0,-0.15,home +2.5; opp defense points +2.2; offense points +1.0,7.15,7.83,7.98,7.4,7.16,7.11,4.36,1.21,3.36,5.0,5.0,False,False,0.0,0.0,0.01,0.0,0.0,0.03,0.0,1.0,-8.0,-8.0,,-12.28,False,2017_06_LA_JAX
favourite 5+,2017,17,PIT,CLE,home,-5.0,12.51,7.51,28-24,L,-1.0,1.53,7.51,-0.61,-0.0,0.0,2.52,0.0,2.15,-0.59,offense points +5.7; opp defense points +3.2; home +2.5,13.09,12.8,13.93,13.61,13.09,13.1,7.93,2.05,2.93,15.0,15.0,True,False,0.0,0.0,0.03,-0.0,0.0,0.0,14.0,-9.0,-1.0,-1.0,,0.65,False,2017_17_CLE_PIT
favourite 5+,2018,2,DAL,NYG,home,-3.0,8.33,5.33,20-13,W,4.0,1.53,2.55,-0.12,-0.0,1.65,2.46,0.0,0.0,0.26,home +2.5; opp defense points +1.6; QB rating +1.5,8.07,9.03,7.97,7.77,8.1,7.98,9.41,0.63,6.41,1.0,1.0,False,False,0.0,0.0,-0.0,0.0,0.0,0.0,3.5,-0.5,7.0,14.0,,2.04,False,2018_02_NYG_DAL
favourite 5+,2018,7,ATL,NYG,home,-4.5,10.63,6.13,23-20,L,-1.5,3.08,2.35,0.07,-0.0,2.19,2.53,0.0,0.0,0.41,QB rating +3.1; home +2.5; offense points +2.4,10.22,11.0,10.51,9.98,10.26,10.1,12.35,0.83,7.85,6.0,6.0,False,False,0.0,0.0,0.02,0.01,0.0,0.03,3.5,1.0,2.5,9.5,lost in last 5 min,-5.99,False,2018_07_NYG_ATL
favourite 5+,2019,8,NE,CLE,home,-9.5,16.69,7.19,27-13,W,4.5,3.0,9.51,1.12,-0.0,0.8,2.14,0.0,0.0,0.12,opp defense points +5.0; QB rating +3.0; offense points +2.9,16.58,16.58,16.5,18.3,16.6,16.5,15.79,0.77,6.29,7.0,6.0,False,False,0.0,0.0,0.01,0.03,0.0,0.98,11.0,-1.5,4.5,7.5,,3.69,False,2019_08_CLE_NE
favourite 5+,2020,1,BAL,CLE,home,-7.0,12.75,5.75,38-6,W,25.0,2.36,5.46,0.95,-0.0,1.23,2.05,0.0,0.0,0.7,offense points +2.6; QB rating +2.4; opp defense points +2.4,12.05,11.99,11.95,12.75,12.07,12.02,16.43,1.64,9.43,0.0,0.0,False,False,0.0,0.0,0.0,0.0,0.59,1.91,8.5,-1.5,18.0,25.0,,23.09,False,2020_01_CLE_BAL
favourite 5+,2020,5,ATL,CAR,home,-2.5,7.74,5.24,16-23,L,-9.5,1.18,1.24,1.43,-0.0,2.39,2.0,0.0,0.0,-0.49,home +2.0; offseason turnover (opp def) +1.5; skill players out +1.2,8.23,8.06,8.2,8.36,8.27,8.13,4.95,1.24,2.45,4.0,4.0,False,False,0.0,0.0,0.0,0.04,0.0,0.0,3.5,-1.0,-12.5,-9.5,,-3.26,False,2020_05_CAR_ATL
favourite 5+,2020,6,PIT,CLE,home,-3.0,8.24,5.24,38-7,W,28.0,1.98,1.83,0.82,-0.0,1.42,1.97,0.0,0.0,0.22,opp defense points +2.6; QB rating +2.0; home +2.0,8.02,6.94,7.85,8.14,8.05,7.94,10.72,1.17,7.72,4.0,5.0,False,False,0.0,0.0,0.01,0.02,0.37,0.82,4.0,-1.0,21.0,28.0,,16.93,False,2020_06_CLE_PIT
favourite 5+,2021,12,HOU,NYJ,home,-3.0,8.87,5.87,14-21,L,-10.0,4.78,1.98,0.69,0.93,0.0,1.66,0.0,0.0,-0.23,QB rating +3.8; opp defense points +1.8; home +1.7,9.11,8.79,8.5,8.66,9.12,9.06,8.88,0.24,5.88,10.0,10.0,False,True,0.0,1.0,-0.0,0.01,0.0,0.0,3.0,0.0,-7.0,-7.0,,-3.34,False,2021_12_NYJ_HOU
favourite 5+,2022,4,PIT,NYJ,home,-3.0,8.24,5.24,20-24,L,-7.0,2.92,2.41,0.25,-0.0,1.35,1.76,0.0,0.0,-0.45,QB rating +2.9; home +1.8; opp defense points +1.6,8.69,8.74,8.83,7.75,8.71,8.62,6.34,0.92,3.34,3.0,3.0,False,True,0.0,0.0,0.0,0.0,0.0,0.69,,,0.0,0.0,,-7.9,True,2022_04_NYJ_PIT
favourite 5+,2022,14,TEN,JAX,home,-3.0,8.61,5.61,22-36,L,-17.0,1.58,2.68,0.63,-0.0,0.0,1.76,0.0,1.91,0.05,opp defense points +2.1; home +1.8; QB rating +1.6,8.56,7.71,8.88,8.32,8.57,8.52,9.7,0.6,6.7,12.0,12.0,False,False,0.0,0.0,0.0,0.03,0.47,0.76,,,-22.0,-17.0,,-12.61,False,2022_14_JAX_TEN
favourite 5+,2022,16,CLE,NO,home,-3.0,10.55,7.55,10-17,L,-10.0,1.89,0.19,2.82,-0.0,0.0,1.76,2.26,1.7,-0.06,warm team in cold +2.3; QB rating +1.9; home +1.8,10.62,10.55,11.65,11.56,10.63,10.59,8.29,1.1,5.29,14.0,14.0,False,False,0.0,0.0,0.0,0.05,0.0,0.74,,,-10.0,-10.0,,-1.46,False,2022_16_NO_CLE
favourite 5+,2023,3,JAX,HOU,home,-7.5,12.67,5.17,17-37,L,-27.5,1.46,3.84,1.09,-0.0,4.2,1.77,0.0,0.0,0.3,offseason turnover (opp def) +2.3; offseason turnover (off) +1.9; home +1.8,12.37,12.97,12.98,11.88,12.4,12.26,13.83,0.64,6.33,2.0,2.0,False,False,0.0,0.0,0.01,0.0,0.66,2.7,,,-21.5,-24.5,,-22.7,False,2023_03_HOU_JAX
favourite 5+,2024,1,NO,CAR,home,-3.5,11.92,8.42,47-10,W,33.5,4.0,4.13,-0.08,-0.0,2.23,1.89,0.0,0.0,-0.25,QB rating +4.0; offense points +3.0; offseason turnover (opp def) +2.1,12.16,12.04,12.04,11.7,12.19,12.08,11.2,0.36,7.7,0.0,0.0,False,False,0.0,0.0,0.0,0.01,1.36,0.02,,,23.5,33.5,,26.04,False,2024_01_CAR_NO
favourite 5+,2024,1,TB,WAS,home,-4.0,12.56,8.56,37-20,W,13.0,2.65,4.51,0.07,-0.0,3.51,1.89,0.0,0.0,-0.06,opp defense points +3.4; QB rating +2.6; offseason turnover (off) +2.5,12.63,12.11,12.38,12.69,12.66,12.53,12.94,0.26,8.94,0.0,0.0,False,True,0.0,0.0,0.0,0.01,0.22,0.0,,,5.0,12.0,,0.08,False,2024_01_WAS_TB
favourite 5+,2024,3,NO,PHI,home,-2.5,9.14,6.64,12-15,L,-5.5,-1.01,5.05,1.75,-0.0,1.31,1.86,0.0,0.0,0.17,opp defense points +2.6; home +1.9; offense points +1.7,8.97,8.82,9.09,9.12,8.98,8.94,10.07,0.42,7.57,2.0,2.0,False,False,0.0,0.0,0.0,0.04,0.0,0.0,,,0.5,-3.5,,6.47,False,2024_03_PHI_NO
favourite 4-5,2015,1,GB,CHI,away,-5.5,9.51,4.01,31-23,W,2.5,3.32,5.29,3.23,0.0,0.72,-2.7,-0.0,-0.0,-0.35,offense points +3.6; QB rating +3.3; home -2.7,9.86,10.4,9.63,9.9,9.89,9.76,7.13,1.08,1.63,0.0,0.0,False,False,0.0,0.0,0.0,0.03,0.39,0.62,-5.0,0.5,,,,3.46,False,2015_01_GB_CHI
favourite 4-5,2015,2,ARI,CHI,away,-2.0,6.38,4.38,48-23,W,23.0,0.86,3.97,4.08,0.0,0.6,-2.68,-0.0,-0.0,-0.46,opp defense points +3.4; home -2.7; offense snaps out +1.9,6.83,4.95,6.62,6.36,6.86,6.76,6.27,0.67,4.27,1.0,1.0,False,False,0.0,0.0,0.01,0.03,0.63,1.8,-2.0,-0.0,,,,13.34,False,2015_02_ARI_CHI
favourite 4-5,2015,4,GB,SF,away,-7.5,12.12,4.62,17-3,W,6.5,3.8,5.46,4.56,1.3,0.64,-2.64,-0.0,-0.0,0.3,offense points +4.7; home -2.6; QB rating +2.5,11.82,11.77,11.76,11.41,11.83,11.78,14.44,1.03,6.94,3.0,3.0,False,False,0.0,1.0,0.0,0.02,0.87,2.29,-7.0,0.5,,,,3.22,False,2015_04_GB_SF
favourite 4-5,2015,5,ATL,WAS,home,-7.5,11.68,4.18,25-19,L,-1.5,1.55,3.41,3.85,-0.0,-0.0,2.63,0.0,0.0,0.24,offense points +3.5; home +2.6; opp skill players out +2.1,11.44,13.83,11.54,10.78,11.51,11.27,11.41,0.98,3.91,4.0,4.0,False,False,0.0,0.0,0.0,0.02,0.18,2.26,8.0,-0.5,,,,-2.58,False,2015_05_WAS_ATL
favourite 4-5,2015,5,DEN,LV,away,-5.0,9.21,4.21,16-10,W,1.0,2.89,6.57,2.17,0.0,-0.01,-2.63,-0.0,-0.0,0.21,opp defense points +3.4; QB rating +2.9; offense points +2.7,9.0,8.41,9.38,9.22,9.05,8.86,10.55,0.66,5.55,4.0,4.0,False,False,0.0,0.0,0.0,0.0,0.04,3.05,-5.5,-0.5,,,,5.62,False,2015_05_DEN_OAK
favourite 4-5,2015,6,DET,CHI,home,-3.5,7.99,4.49,37-34,L,-0.5,0.25,2.66,2.59,-0.0,0.17,2.52,0.0,0.0,-0.2,home +2.5; opp defense points +2.1; opp skill players out +2.0,8.19,8.66,8.15,8.75,8.22,8.1,5.86,0.97,2.36,5.0,5.0,False,False,0.0,0.0,0.0,0.03,1.9,1.36,,,,,,-2.48,False,2015_06_CHI_DET
favourite 4-5,2015,6,BAL,SF,away,-2.5,7.19,4.69,20-25,L,-7.5,1.05,3.68,5.4,1.11,0.35,-2.52,-0.0,-0.0,-0.77,offense points +3.1; offense snaps out +2.5; home -2.5,7.96,8.06,8.14,8.03,7.97,7.94,2.2,2.2,-0.3,5.0,5.0,False,False,0.0,1.0,-0.0,0.02,0.26,2.15,,,,,,3.98,False,2015_06_BAL_SF
favourite 4-5,2015,8,MIN,CHI,away,-1.0,5.93,4.93,23-20,W,2.0,-0.16,4.73,3.36,0.0,0.27,-2.55,-0.0,-0.0,0.28,opp defense points +4.2; home -2.5; opp skill players out +1.7,5.65,5.21,5.29,5.33,5.64,5.66,8.72,1.24,7.72,6.0,6.0,False,False,0.0,0.0,0.0,0.03,0.47,0.51,-2.5,-1.5,,,,3.73,False,2015_08_MIN_CHI
favourite 4-5,2015,8,LA,SF,home,-8.0,12.24,4.24,27-6,W,13.0,1.09,3.69,4.25,1.81,0.36,2.55,0.0,0.0,0.29,home +2.5; offense snaps out +2.3; QB out +1.8,11.95,13.24,12.15,11.41,12.0,11.8,13.12,0.68,5.12,6.0,7.0,False,False,0.0,1.0,0.0,0.02,0.0,1.43,9.0,-1.0,,,,1.57,False,2015_08_SF_STL
favourite 4-5,2015,12,CAR,DAL,away,-1.0,5.61,4.61,33-14,W,18.0,0.93,3.62,1.66,2.07,-0.0,-2.43,-0.0,1.75,0.08,home -2.4; offense points +2.3; QB out +2.1,5.53,5.19,5.6,5.88,5.52,5.56,5.97,0.26,4.97,10.0,10.0,False,False,0.0,1.0,0.0,0.02,0.0,1.19,1.0,2.0,,,,11.74,False,2015_12_CAR_DAL
favourite 4-5,2015,12,GB,CHI,home,-7.5,12.01,4.51,13-17,L,-11.5,2.21,3.93,2.59,-0.0,0.0,2.43,0.0,1.75,-0.9,home +2.4; QB rating +2.2; offense points +2.0,12.91,12.62,13.18,12.73,12.92,12.85,6.82,2.29,-0.68,10.0,10.0,False,False,0.0,0.0,0.0,0.04,0.0,0.58,9.0,-1.5,,,,-4.45,False,2015_12_CHI_GB
favourite 4-5,2015,12,ARI,SF,away,-7.5,11.54,4.04,19-13,L,-1.5,3.42,6.28,1.7,0.0,-0.0,-2.43,-0.0,1.75,0.82,offense points +5.1; QB rating +3.4; home -2.4,10.72,10.8,10.57,11.04,10.77,10.6,16.3,2.1,8.8,10.0,10.0,False,False,0.0,0.0,0.0,0.01,0.0,0.73,-10.5,-3.0,,,,5.45,False,2015_12_ARI_SF
favourite 4-5,2015,17,HOU,JAX,home,-5.0,9.91,4.91,30-6,W,19.0,0.23,4.56,0.28,-0.0,0.0,2.41,0.0,2.01,0.42,opp defense points +4.5; home +2.4; out of the race +1.5,9.49,9.69,9.23,11.09,9.51,9.44,10.91,0.76,5.91,15.0,15.0,True,False,0.0,0.0,-0.0,0.0,0.0,0.49,6.0,-1.0,,,,9.22,False,2015_17_JAX_HOU
favourite 4-5,2015,17,IND,TEN,home,-3.5,8.46,4.96,30-24,W,2.5,0.84,3.34,-0.01,-0.0,0.0,2.41,0.0,2.01,-0.13,home +2.4; offense points +1.6; out of the race +1.5,8.59,7.86,9.08,8.41,8.61,8.52,8.15,0.38,4.65,15.0,15.0,True,True,0.0,0.0,0.0,0.01,0.44,0.0,4.0,-0.5,,,,-1.85,False,2015_17_TEN_IND
favourite 4-5,2015,17,KC,LV,home,-6.5,11.0,4.5,23-17,L,-0.5,2.18,6.47,0.0,-0.0,0.0,2.41,0.0,0.0,-0.06,opp defense points +4.6; home +2.4; QB rating +2.2,11.06,10.27,11.48,10.25,11.09,10.97,11.87,0.59,5.37,15.0,15.0,False,False,0.0,0.0,0.0,0.0,0.0,0.0,7.0,-0.5,,,,-10.92,False,2015_17_OAK_KC
favourite 4-5,2016,4,MIN,NYG,home,-3.5,7.75,4.25,24-10,W,10.5,-0.86,4.65,0.55,-0.0,1.4,2.49,0.0,0.0,-0.47,opp defense points +3.8; home +2.5; offseason turnover (opp def) +1.5,8.22,7.67,7.91,7.78,8.25,8.12,6.29,0.68,2.79,3.0,3.0,False,False,0.0,0.0,0.02,0.01,0.0,1.13,3.5,0.0,10.5,10.5,,9.21,False,2016_04_NYG_MIN
favourite 4-5,2016,15,HOU,JAX,home,-3.5,7.58,4.08,21-20,L,-2.5,0.08,3.09,0.05,-0.0,0.0,2.46,0.0,2.28,-0.39,opp defense points +3.5; home +2.5; out of the race +1.3,7.96,9.12,8.16,8.58,7.99,7.89,3.35,1.92,-0.15,13.0,13.0,False,False,0.0,0.0,0.0,0.01,1.4,0.0,6.0,-2.5,-12.5,-9.5,,-8.56,True,2016_15_JAX_HOU
favourite 4-5,2017,3,IND,CLE,home,-1.0,5.3,4.3,31-28,W,2.0,0.54,2.13,0.22,-0.0,-0.06,2.51,0.0,0.0,-0.04,home +2.5; offense points +1.6; offseason turnover (opp def) -0.8,5.33,6.37,5.29,5.3,5.36,5.27,4.17,0.64,3.17,2.0,2.0,False,False,0.0,0.0,0.0,0.02,0.15,0.81,-2.5,3.5,13.0,9.0,,-7.27,False,2017_03_CLE_IND
favourite 4-5,2018,1,NE,HOU,home,-6.0,10.39,4.39,27-20,W,1.0,2.4,4.99,-0.62,-0.0,0.5,2.51,0.0,0.0,0.6,offense points +3.2; opp defense points +2.8; home +2.5,9.79,10.07,9.98,9.41,9.81,9.72,13.98,1.59,7.98,0.0,0.0,False,True,0.0,0.0,0.03,0.0,0.0,0.0,6.5,-0.5,5.0,8.0,,1.78,False,2018_01_HOU_NE
favourite 4-5,2018,1,LAC,KC,home,-3.5,7.63,4.13,28-38,L,-13.5,2.99,1.17,0.14,-0.0,0.98,2.51,0.0,0.0,-0.16,QB rating +3.0; home +2.5; opp defense points +1.7,7.79,7.6,7.65,8.24,7.82,7.71,6.62,0.49,3.12,0.0,0.0,False,True,0.0,0.0,0.01,0.0,0.0,0.96,3.0,0.5,-22.5,-13.5,,-10.19,False,2018_01_KC_LAC
favourite 4-5,2018,6,PHI,NYG,away,-1.5,6.1,4.6,34-13,W,19.5,1.5,4.64,-0.45,0.0,2.25,-2.56,-0.0,-0.0,0.72,home -2.6; offense points +2.5; opp defense points +2.2,5.38,5.69,5.1,5.5,5.42,5.28,10.31,1.87,8.81,5.0,5.0,False,False,0.0,0.0,0.03,0.01,0.49,0.0,-2.5,-1.0,16.5,19.5,,10.29,False,2018_06_PHI_NYG
favourite 4-5,2018,8,WAS,NYG,away,-1.0,5.08,4.08,20-13,W,6.0,1.89,2.47,0.45,0.0,2.41,-2.47,-0.0,-0.0,0.34,home -2.5; QB rating +1.9; offseason turnover (opp def) +1.5,4.74,5.77,4.5,4.31,4.79,4.62,6.81,0.9,5.81,6.0,7.0,False,False,0.0,0.0,0.01,0.01,0.0,1.0,-1.0,-0.0,6.0,9.0,,-0.28,False,2018_08_WAS_NYG
favourite 4-5,2020,4,KC,NE,home,-7.0,11.79,4.79,26-10,W,9.0,6.1,1.07,0.66,-0.0,2.08,2.02,0.0,0.0,-0.15,QB rating +6.1; home +2.0; offense points +1.9,11.94,11.0,11.54,11.03,11.98,11.81,13.2,0.74,6.2,3.0,3.0,False,True,0.0,0.0,0.0,0.02,0.0,0.0,,,3.0,9.0,,8.52,False,2020_04_NE_KC
favourite 4-5,2021,5,ATL,NYJ,home,-3.0,7.99,4.99,27-20,W,4.0,5.21,1.29,-2.29,-0.0,1.81,1.75,0.0,0.0,0.21,QB rating +5.2; offense points +2.1; home +1.8,7.77,7.6,8.01,8.61,7.81,7.68,8.43,0.39,5.43,4.0,4.0,False,False,0.0,0.0,0.03,0.0,0.96,0.26,,,8.0,0.0,,1.52,False,2021_05_NYJ_ATL
favourite 4-5,2021,13,PHI,NYJ,away,-5.0,9.25,4.25,33-18,W,10.0,3.41,5.08,0.41,0.0,-0.0,-1.68,-0.0,1.76,0.27,QB rating +3.4; opp defense points +2.8; offense points +1.9,8.98,8.99,9.03,9.04,8.99,8.96,10.76,0.67,5.76,12.0,11.0,True,False,0.0,0.0,0.01,0.01,0.69,0.51,-6.5,-1.5,4.0,10.0,,6.68,False,2021_13_PHI_NYJ
favourite 4-5,2022,5,GB,NYG,home,-8.5,13.02,4.52,22-27,L,-13.5,3.72,3.24,1.42,-0.0,2.71,1.75,0.0,0.0,0.19,QB rating +3.7; offense points +2.0; home +1.8,12.83,13.29,12.5,13.54,12.86,12.76,13.38,0.38,4.88,4.0,4.0,False,False,0.0,0.0,0.01,0.02,0.0,0.77,,,-1.5,-15.5,,2.56,False,2022_05_NYG_GB
favourite 4-5,2022,5,MIA,NYJ,away,-3.0,7.39,4.39,17-40,L,-26.0,3.75,3.64,0.11,0.0,1.53,-1.75,-0.0,-0.0,0.11,QB rating +3.8; opp defense points +2.0; home -1.8,7.28,7.28,6.92,7.12,7.29,7.24,8.61,0.55,5.61,4.0,4.0,True,False,0.0,0.0,0.0,0.0,0.39,0.0,,,-5.0,-19.0,,-17.94,True,2022_05_MIA_NYJ
favourite 4-5,2022,11,NE,NYJ,home,-3.5,8.46,4.96,10-3,W,3.5,2.57,2.72,0.74,-0.0,0.0,1.77,0.0,0.0,0.66,QB rating +2.6; home +1.8; opp defense points +1.3,7.8,8.06,7.66,8.34,7.81,7.76,11.8,1.49,8.3,9.0,9.0,False,False,0.0,0.0,0.01,0.02,0.0,0.16,,,-3.5,-3.5,won in last 5 min,6.88,False,2022_11_NYJ_NE
favourite 4-5,2022,13,TB,NO,home,-3.5,7.65,4.15,17-16,L,-2.5,2.24,1.5,0.42,-0.0,0.0,1.74,0.0,1.95,-0.21,QB rating +2.2; home +1.7; opp out of the race +1.3,7.86,7.61,8.23,7.86,7.87,7.83,6.31,0.62,2.81,11.0,12.0,False,False,0.0,0.0,0.0,0.03,0.99,0.01,,,-13.5,-16.5,,-1.86,False,2022_13_NO_TB
favourite 4-5,2022,15,DAL,JAX,away,-4.0,8.88,4.88,34-40,L,-10.0,1.58,6.28,0.88,0.0,-0.0,-1.75,-0.0,1.81,0.09,offense points +2.9; opp defense points +2.1; home -1.8,8.8,8.37,9.45,8.79,8.81,8.77,9.2,0.35,5.2,13.0,13.0,False,False,0.0,0.0,0.0,0.03,0.57,0.0,,,-1.0,-8.0,,3.07,False,2022_15_DAL_JAX
favourite 4-5,2023,9,KC,MIA,home,-1.0,5.88,4.88,21-14,W,6.0,2.15,1.23,0.61,-0.0,0.0,1.82,0.0,0.0,0.07,opp defense points +2.4; QB rating +2.1; home +1.8,5.81,5.75,5.52,5.83,5.81,5.81,6.64,0.35,5.64,8.0,8.0,False,False,0.0,0.0,0.01,0.01,0.03,1.0,,,6.0,6.0,,-3.49,False,2023_09_MIA_KC
favourite 4-5,2023,15,MIA,NYJ,home,-7.5,11.72,4.22,30-0,W,22.5,4.92,3.4,0.08,-0.0,0.0,1.82,0.0,1.61,-0.12,offense points +5.5; QB rating +4.9; home +1.8,11.84,12.26,12.26,12.4,11.84,11.82,9.62,0.95,2.12,13.0,13.0,False,False,0.0,0.0,0.0,0.02,0.08,0.0,,,19.5,22.5,,25.74,False,2023_15_NYJ_MIA
favourite 4-5,2024,7,GB,HOU,home,-3.0,7.83,4.83,24-22,L,-1.0,0.5,1.4,1.9,-0.0,2.65,1.83,0.0,0.0,-0.45,home +1.8; offseason turnover (opp def) +1.8; opp defense snaps out +1.1,8.28,8.62,8.6,8.16,8.29,8.23,4.61,1.43,1.61,6.0,6.0,False,False,0.0,0.0,0.01,0.03,0.0,1.94,,,-1.0,-1.0,,-7.43,False,2024_07_HOU_GB
favourite 4-5,2024,16,KC,HOU,home,-3.5,8.28,4.78,27-19,W,4.5,2.69,1.43,0.35,-0.0,0.0,1.83,2.05,0.0,-0.06,QB rating +2.7; warm team in cold +2.0; home +1.8,8.34,9.12,8.57,8.59,8.34,8.33,6.64,0.77,3.14,14.0,14.0,False,False,0.0,0.0,0.02,0.03,0.0,0.09,,,4.5,4.5,,1.86,False,2024_16_HOU_KC
favourite 4-5,2024,17,TB,CAR,home,-9.5,14.1,4.6,48-14,W,24.5,3.63,6.63,0.58,-0.0,0.0,1.85,0.0,1.71,-0.29,QB rating +3.6; offense points +3.3; opp defense points +2.6,14.4,14.46,14.38,14.65,14.4,14.39,12.05,0.91,2.55,15.0,15.0,False,False,0.0,0.0,0.05,0.03,0.33,2.63,,,17.5,24.5,,20.86,False,2024_17_CAR_TB
favourite 4-5,2025,4,DET,CLE,home,-10.0,14.28,4.28,34-10,W,14.0,4.08,6.46,0.52,-0.0,1.76,1.91,0.0,0.0,-0.46,offense points +5.6; QB rating +4.1; home +1.9,14.74,15.04,14.31,14.69,14.75,14.69,11.72,1.15,1.72,3.0,3.0,False,False,0.0,0.0,0.0,0.01,0.0,0.0,,,0.0,7.0,,18.36,False,2025_04_CLE_DET
favourite 4-5,2025,12,GB,MIN,home,-6.5,11.22,4.72,23-6,W,10.5,6.43,2.14,-0.87,-0.0,0.0,1.93,0.0,1.78,-0.19,QB rating +6.4; home +1.9; opp out of the race +1.3,11.41,10.97,11.42,11.41,11.41,11.4,10.52,0.35,4.02,10.0,10.0,False,False,0.0,0.0,0.02,0.01,0.0,0.0,,,4.5,10.5,,10.09,False,2025_12_MIN_GB
favourite 3-4,2015,1,ARI,NO,home,-2.0,5.55,3.55,31-19,W,10.0,-1.58,1.83,2.54,-0.0,0.67,2.7,0.0,0.0,-0.61,home +2.7; opp defense points +2.6; offense points -2.0,6.17,4.85,6.32,5.79,6.21,6.04,3.49,1.03,1.49,0.0,0.0,True,False,0.0,0.0,0.0,0.02,0.0,0.9,2.5,-0.5,,,,,,2015_01_NO_ARI
favourite 3-4,2015,1,TB,TEN,home,-3.0,6.95,3.95,14-42,L,-31.0,2.0,1.71,1.14,2.0,0.01,2.7,0.0,0.0,-0.6,home +2.7; QB out +2.0; opp defense points +1.2,7.55,7.11,7.64,7.78,7.57,7.49,3.48,1.54,0.48,0.0,0.0,True,True,0.0,1.0,0.0,0.0,0.19,2.54,3.0,0.0,,,,,,2015_01_TEN_TB
favourite 3-4,2015,2,CIN,LAC,home,-3.5,7.36,3.86,24-19,W,1.5,-1.43,1.48,5.15,-0.0,0.48,2.68,0.0,0.0,-1.0,home +2.7; offense snaps out +2.6; opp skill players out +1.6,8.37,8.12,8.82,8.0,8.39,8.27,1.55,2.57,-1.95,1.0,1.0,False,False,0.0,0.0,0.0,0.02,0.0,3.87,3.5,0.0,,,,,,2015_02_SD_CIN
favourite 3-4,2015,2,LA,WAS,away,-3.0,6.37,3.37,10-24,L,-17.0,1.61,4.16,2.76,0.0,0.36,-2.68,-0.0,-0.0,0.16,home -2.7; offense points +2.0; opp defense points +1.6,6.21,7.73,6.2,5.28,6.3,5.98,6.88,0.77,3.88,1.0,1.0,False,False,0.0,0.0,0.0,0.01,0.0,1.12,-3.0,-0.0,,,,,,2015_02_STL_WAS
favourite 3-4,2015,3,NYG,WAS,home,-3.0,6.27,3.27,32-21,W,8.0,1.05,1.68,0.62,-0.0,-0.09,2.69,0.0,0.0,0.34,home +2.7; offense points +2.1; opp skill players out +1.4,5.93,6.33,6.06,5.71,5.98,5.8,8.08,0.82,5.08,2.0,2.0,False,False,0.0,0.0,0.0,0.01,2.75,1.15,4.0,-1.0,,,,,,2015_03_WAS_NYG
favourite 3-4,2015,3,LA,PIT,home,-1.5,4.81,3.31,6-12,L,-7.5,-1.61,-0.83,4.1,-0.0,0.24,2.69,0.0,0.0,0.22,opp skill players out +3.9; home +2.7; offense points -2.5,4.59,5.48,4.7,4.15,4.69,4.35,5.72,0.58,4.22,2.0,2.0,False,False,0.0,0.0,0.0,0.03,0.0,1.06,-2.5,4.0,,,,,,2015_03_PIT_STL
favourite 3-4,2015,3,MIA,BUF,home,-1.0,4.76,3.76,14-41,L,-28.0,1.27,-1.81,2.42,-0.0,0.09,2.69,0.0,0.0,0.1,home +2.7; QB rating +1.3; opp skill players out +1.2,4.65,6.31,4.78,4.94,4.68,4.57,3.36,0.86,2.36,2.0,2.0,False,False,0.0,0.0,0.0,0.01,1.06,2.65,2.5,-1.5,,,,,,2015_03_BUF_MIA
favourite 3-4,2015,4,IND,JAX,home,-4.0,7.87,3.87,16-13,L,-1.0,0.59,4.1,0.99,-0.0,-0.1,2.64,0.0,0.0,-0.35,offense points +2.8; home +2.6; opp defense points +1.1,8.21,9.36,8.19,8.5,8.24,8.14,4.44,1.57,0.44,3.0,3.0,True,False,0.0,0.0,0.0,0.01,1.12,1.35,8.5,-4.5,,,,,,2015_04_JAX_IND
favourite 3-4,2015,5,NYG,SF,home,-7.5,11.48,3.98,30-27,L,-4.5,1.54,3.62,3.69,1.42,-0.01,2.63,0.0,0.0,0.01,offense points +3.3; home +2.6; opp skill players out +1.8,11.48,10.64,11.25,11.49,11.51,11.37,12.66,0.6,5.16,4.0,4.0,False,False,0.0,1.0,0.0,0.02,2.07,3.28,7.0,0.5,,,,,,2015_05_SF_NYG
favourite 3-4,2015,6,GB,LAC,home,-10.5,13.87,3.37,27-20,L,-3.5,1.66,4.88,4.41,-0.0,0.24,2.52,0.0,0.0,0.17,home +2.5; opp defense points +2.5; offense points +2.4,13.7,13.66,13.8,13.03,13.76,13.55,15.59,0.8,5.09,5.0,5.0,False,False,0.0,0.0,0.0,0.02,0.98,3.14,,,,,,,,2015_06_SD_GB
favourite 3-4,2015,8,BAL,LAC,home,-4.5,8.19,3.69,29-26,L,-1.5,-0.7,2.14,4.3,-0.0,0.31,2.55,0.0,0.0,-0.41,home +2.5; offense snaps out +1.7; opp skill players out +1.6,8.6,8.47,8.58,7.48,8.63,8.51,7.07,0.64,2.57,7.0,7.0,False,False,0.0,0.0,0.0,0.02,0.8,2.24,3.5,1.0,,,,,,2015_08_SD_BAL
favourite 3-4,2015,9,PIT,LV,home,-6.0,9.9,3.9,38-35,L,-3.0,2.3,3.2,1.5,-0.0,0.0,2.65,0.0,0.0,0.25,opp defense points +3.0; home +2.6; QB rating +2.3,9.65,10.11,9.8,9.76,9.7,9.51,10.78,0.43,4.78,8.0,7.0,False,False,0.0,0.0,0.0,0.0,0.31,1.68,6.0,0.0,,,,,,2015_09_OAK_PIT
favourite 3-4,2015,10,BAL,JAX,home,-4.0,7.97,3.97,20-22,L,-6.0,1.67,3.34,0.54,-0.0,0.0,2.65,0.0,0.0,-0.23,home +2.6; offense points +2.1; QB rating +1.7,8.2,8.31,8.03,8.2,8.24,8.1,6.73,0.55,2.73,8.0,8.0,False,False,0.0,0.0,0.0,0.0,0.0,1.05,6.0,-2.0,,,,,,2015_10_JAX_BAL
favourite 3-4,2015,10,LA,CHI,home,-7.5,11.02,3.52,13-37,L,-31.5,-0.42,5.16,3.65,-0.0,0.0,2.65,0.0,0.0,-0.01,opp defense points +3.7; home +2.6; offense snaps out +1.5,11.03,11.2,11.11,9.78,11.09,10.86,12.08,0.67,4.58,8.0,8.0,False,False,0.0,0.0,0.0,0.04,0.0,1.46,7.0,0.5,,,,,,2015_10_CHI_STL
favourite 3-4,2015,12,HOU,NO,home,-3.5,6.9,3.4,24-6,W,14.5,-1.82,4.12,0.9,-0.0,0.0,2.43,0.0,1.75,-0.48,opp defense points +4.3; home +2.4; QB rating -1.8,7.38,7.69,7.47,7.82,7.38,7.34,3.2,1.64,-0.3,10.0,10.0,True,False,0.0,0.0,0.0,0.02,0.0,0.0,3.0,0.5,,,,,,2015_12_NO_HOU
favourite 3-4,2015,12,KC,BUF,home,-4.5,7.57,3.07,30-22,W,3.5,0.78,2.18,2.37,-0.0,0.0,2.43,0.0,0.0,-0.2,home +2.4; opp defense points +1.3; offense snaps out +1.2,7.76,7.71,8.36,7.6,7.79,7.69,6.05,0.71,1.55,10.0,10.0,False,False,0.0,0.0,0.0,0.01,0.02,2.09,5.5,-1.0,,,,,,2015_12_BUF_KC
favourite 3-4,2015,13,CAR,NO,away,-5.5,9.02,3.52,41-38,L,-2.5,-0.63,7.76,1.32,0.0,-0.0,-2.49,-0.0,2.07,1.0,opp defense points +4.6; home -2.5; offense points +1.6,8.02,8.33,8.1,7.97,8.02,8.02,14.7,2.51,9.2,11.0,11.0,False,False,0.0,0.0,0.0,0.02,0.0,0.7,-6.0,-0.5,,,,,,2015_13_CAR_NO
favourite 3-4,2015,15,NYJ,DAL,away,-3.0,6.97,3.97,19-16,P,-0.0,2.86,2.44,1.75,0.0,-0.0,-2.37,-0.0,1.87,0.42,QB rating +2.9; home -2.4; out of the race +1.4,6.55,4.79,6.38,7.53,6.55,6.53,10.47,1.74,7.47,13.0,13.0,False,False,0.0,0.0,-0.0,0.02,0.48,2.84,-3.0,-0.0,,,,,,2015_15_NYJ_DAL
favourite 3-4,2015,16,KC,CLE,home,-11.5,15.28,3.78,17-13,L,-7.5,2.34,8.96,-0.0,-0.0,0.0,2.37,0.0,2.03,-0.41,opp defense points +4.6; offense points +3.2; home +2.4,15.69,15.42,15.94,14.66,15.74,15.54,13.99,0.7,2.49,14.0,14.0,False,False,0.0,0.0,0.0,-0.0,0.0,0.0,12.5,-1.0,,,,,,2015_16_CLE_KC
favourite 3-4,2015,16,HOU,TEN,away,-3.5,6.77,3.27,34-6,W,24.5,1.77,5.09,0.11,0.0,-0.0,-2.37,-0.0,2.03,0.14,opp defense points +3.2; home -2.4; QB rating +1.8,6.63,6.26,7.58,7.59,6.64,6.62,6.07,0.6,2.57,14.0,14.0,True,True,0.0,0.0,-0.0,0.0,0.28,0.0,4.5,8.0,,,,,,2015_16_HOU_TEN
favourite 3-4,2016,4,HOU,TEN,home,-4.0,7.02,3.02,27-20,W,3.0,0.01,4.12,-0.24,-0.0,0.41,2.49,0.0,0.0,0.24,home +2.5; opp defense points +2.3; opp defense EPA +1.5,6.78,6.82,6.56,7.86,6.8,6.74,7.58,0.49,3.58,3.0,3.0,False,False,0.0,0.0,0.0,0.0,0.36,0.57,6.5,-2.5,3.0,3.0,,,,2016_04_TEN_HOU
favourite 3-4,2016,17,DEN,LV,home,-1.0,4.85,3.85,24-6,W,17.0,3.01,0.5,-0.49,1.74,0.0,2.45,0.0,0.0,-0.62,opp defense points +2.9; home +2.4; offense points -2.4,5.47,5.17,5.74,4.43,5.49,5.42,2.21,1.24,1.21,15.0,15.0,False,True,0.0,1.0,0.02,0.0,0.0,0.0,3.5,-2.5,17.0,17.0,,,,2016_17_OAK_DEN
favourite 3-4,2017,8,NO,CHI,home,-7.5,10.91,3.41,20-12,W,0.5,4.86,3.07,-0.06,-0.0,-0.12,2.47,0.0,0.0,0.69,QB rating +4.9; offense points +4.1; home +2.5,10.22,10.0,10.5,10.8,10.25,10.13,14.5,1.6,7.0,6.0,7.0,False,False,0.0,0.0,0.0,0.0,0.47,0.06,9.0,-1.5,0.5,3.5,,,,2017_08_CHI_NO
favourite 3-4,2017,12,BAL,HOU,home,-7.5,10.59,3.09,23-16,L,-0.5,3.07,3.0,0.16,-0.0,0.0,2.46,0.0,2.11,-0.21,opp defense points +3.4; QB rating +3.1; home +2.5,10.8,11.64,11.32,10.18,10.85,10.67,8.65,0.97,1.15,10.0,10.0,False,False,0.0,0.0,0.01,0.01,0.0,0.0,7.0,0.5,-3.5,-3.5,,,,2017_12_HOU_BAL
favourite 3-4,2017,16,WAS,DEN,home,-3.0,6.03,3.03,27-11,W,13.0,2.14,-0.2,-0.37,-0.0,0.0,2.49,0.0,2.13,-0.17,home +2.5; QB rating +2.1; offense points +2.0,6.19,6.57,6.96,4.66,6.21,6.15,5.45,0.76,2.45,14.0,14.0,False,True,0.0,0.0,0.03,0.0,0.08,0.7,4.0,-1.0,7.0,14.0,,,,2017_16_DEN_WAS
favourite 3-4,2018,5,LAC,LV,home,-5.5,8.98,3.48,26-10,W,10.5,1.74,3.14,-0.13,-0.0,1.7,2.5,0.0,0.0,0.02,home +2.5; opp defense points +1.9; QB rating +1.7,8.96,9.2,9.18,8.57,8.97,8.94,9.05,0.21,3.55,4.0,4.0,False,False,0.0,0.0,0.01,0.0,0.07,0.0,7.5,-2.0,11.5,10.5,,,,2018_05_OAK_LAC
favourite 3-4,2018,8,PIT,CLE,home,-8.5,11.5,3.0,33-18,W,6.5,4.42,3.48,-0.29,-0.0,1.63,2.47,0.0,0.0,-0.2,QB rating +4.4; offense points +3.7; home +2.5,11.7,10.61,12.46,11.97,11.74,11.59,10.44,0.73,1.94,6.0,7.0,False,False,0.0,0.0,0.0,0.0,1.0,0.0,7.5,1.0,2.5,5.5,,,,2018_08_CLE_PIT
favourite 3-4,2018,13,HOU,CLE,home,-5.0,8.07,3.07,29-13,W,11.0,1.55,2.57,-0.26,-0.0,0.0,2.47,0.0,1.84,-0.1,home +2.5; QB rating +1.6; offense points +1.2,8.17,6.48,8.66,8.57,8.19,8.12,8.31,0.73,3.31,11.0,11.0,False,False,0.0,0.0,0.01,0.0,0.0,0.0,6.5,-1.5,14.0,17.0,,,,2018_13_CLE_HOU
favourite 3-4,2018,15,DEN,CLE,home,-1.0,4.86,3.86,16-17,L,-2.0,0.07,2.17,-1.05,-0.0,0.0,2.47,0.0,1.77,-0.58,home +2.5; opp defense points +1.9; opp out of the race +1.0,5.43,4.59,6.12,6.19,5.44,5.43,0.79,1.87,-0.21,13.0,13.0,False,False,0.0,0.0,0.02,0.0,0.0,0.0,3.0,-2.0,2.0,-2.0,,,,2018_15_CLE_DEN
favourite 3-4,2018,17,NO,CAR,home,-8.0,11.9,3.9,14-33,L,-27.0,2.9,5.88,-0.26,1.57,0.0,2.46,0.0,1.67,-0.75,offense points +3.6; home +2.5; opp defense points +1.9,12.65,12.96,12.36,11.84,12.67,12.6,8.19,1.67,0.19,15.0,15.0,True,True,0.0,1.0,0.02,0.01,1.58,0.0,9.0,-1.0,-38.0,-34.0,,,,2018_17_CAR_NO
favourite 3-4,2019,1,DET,ARI,away,-2.5,5.62,3.12,27-27,L,-2.5,2.61,3.05,0.16,0.0,1.69,-2.39,-0.0,-0.0,0.5,QB rating +2.6; home -2.4; opp defense points +1.8,5.11,4.3,4.73,6.09,5.12,5.09,8.87,1.53,6.37,0.0,0.0,False,True,0.0,0.0,0.01,0.0,0.0,1.0,0.0,2.5,8.5,5.5,lost in last 5 min,,,2019_01_DET_ARI
favourite 3-4,2019,5,TEN,BUF,home,-3.5,7.03,3.53,7-14,L,-10.5,1.34,1.44,-0.01,-0.0,1.99,2.22,0.0,0.0,0.04,home +2.2; offseason turnover (off) +1.4; QB rating +1.3,6.99,6.53,7.2,6.01,7.02,6.88,8.55,0.78,5.05,4.0,4.0,False,False,0.0,0.0,-0.0,-0.0,0.0,0.0,2.5,1.0,-3.5,-10.5,,,,2019_05_BUF_TEN
favourite 3-4,2019,5,LAC,DEN,home,-4.0,7.16,3.16,13-20,L,-11.0,2.31,2.87,-0.78,-0.0,1.34,2.22,0.0,0.0,-0.81,QB rating +2.3; home +2.2; offense points +1.8,7.97,8.36,7.59,7.67,7.99,7.89,2.64,2.01,-1.36,4.0,4.0,False,False,0.0,0.0,0.02,0.0,1.33,0.87,6.5,-2.5,-14.0,-11.0,,,,2019_05_DEN_LAC
favourite 3-4,2019,5,DAL,GB,home,-3.5,7.45,3.95,24-34,L,-13.5,-0.26,1.87,2.19,-0.0,1.9,2.22,0.0,0.0,-0.46,home +2.2; skill players out +1.6; opp defense points +1.6,7.91,8.44,7.44,8.15,7.93,7.85,4.4,1.38,0.9,4.0,4.0,False,False,0.0,0.0,-0.0,0.05,0.86,0.89,4.0,-0.5,-24.5,-13.5,,,,2019_05_GB_DAL
favourite 3-4,2019,7,DAL,PHI,home,-3.0,6.28,3.28,37-10,W,24.0,0.38,0.34,0.99,-0.0,1.8,2.2,0.0,0.0,0.57,home +2.2; offseason turnover (opp def) +1.3; opp defense points +1.0,5.71,6.35,5.73,6.15,5.72,5.68,8.64,1.07,5.64,6.0,6.0,False,False,0.0,0.0,-0.0,0.02,0.0,0.39,3.0,0.0,14.0,24.0,,,,2019_07_PHI_DAL
favourite 3-4,2019,7,NE,NYJ,away,-9.5,13.1,3.6,33-0,W,23.5,3.26,10.23,-0.27,0.0,1.69,-2.2,-0.0,-0.0,0.39,opp defense points +5.2; offense points +4.1; QB rating +3.3,12.71,12.72,12.88,14.26,12.73,12.66,13.71,0.63,4.21,6.0,5.0,False,False,0.0,0.0,0.01,0.0,1.71,1.0,-10.0,-0.5,16.5,23.5,,,,2019_07_NE_NYJ
favourite 3-4,2019,10,GB,CAR,home,-5.0,8.86,3.86,24-16,W,3.0,3.11,0.77,0.6,-0.0,0.0,2.17,2.05,0.0,0.16,QB rating +3.1; home +2.2; warm team in cold +2.1,8.7,8.58,8.94,8.21,8.72,8.67,10.23,0.64,5.23,9.0,8.0,False,False,0.0,0.0,0.0,0.02,0.0,0.0,6.0,-1.0,9.0,3.0,,,,2019_10_CAR_GB
favourite 3-4,2020,5,KC,LV,home,-11.0,14.22,3.22,32-40,L,-19.0,3.52,6.95,0.38,-0.0,1.66,2.0,0.0,0.0,-0.29,opp defense points +3.7; QB rating +3.5; offense points +2.6,14.51,14.02,14.92,13.34,14.54,14.42,13.8,0.53,2.8,4.0,4.0,False,False,0.0,0.0,0.0,0.01,0.0,0.0,11.5,-0.5,-11.0,-27.0,,,,2020_05_LV_KC
favourite 3-4,2020,7,ATL,DET,home,-1.0,4.76,3.76,22-23,L,-2.0,0.82,0.86,0.03,-0.0,1.1,1.97,0.0,0.0,-0.02,home +2.0; QB rating +0.8; offseason turnover (opp def) +0.8,4.78,5.32,4.61,5.78,4.79,4.74,3.29,0.77,2.29,6.0,5.0,False,False,0.0,0.0,0.0,-0.0,0.0,0.08,2.0,-1.0,0.0,0.0,,,,2020_07_DET_ATL
favourite 3-4,2020,7,NO,CAR,home,-7.0,10.48,3.48,27-24,L,-4.0,2.29,3.32,-0.04,-0.0,2.72,1.97,0.0,0.0,0.22,offense points +2.6; QB rating +2.3; home +2.0,10.27,10.02,10.27,9.6,10.3,10.18,12.76,1.03,5.76,5.0,6.0,False,False,0.0,0.0,0.05,0.04,0.46,0.65,6.5,0.5,-7.0,-4.0,,,,2020_07_CAR_NO
favourite 3-4,2020,8,BUF,NE,home,-4.0,7.27,3.27,24-21,L,-1.0,0.9,-0.75,1.81,-0.0,2.7,1.93,0.0,0.0,0.69,home +1.9; offseason turnover (off) +1.7; offseason turnover (opp def) +1.0,6.58,6.23,5.92,6.13,6.6,6.53,12.89,2.49,8.89,7.0,6.0,False,False,0.0,0.0,0.0,0.04,0.0,0.17,3.0,1.0,-4.0,-4.0,,,,2020_08_NE_BUF
favourite 3-4,2020,13,CHI,DET,home,-3.0,6.67,3.67,30-34,L,-7.0,-1.16,2.95,1.43,-0.0,0.0,1.91,0.0,1.55,-0.0,opp defense points +3.1; home +1.9; QB rating -1.2,6.67,5.54,6.71,6.97,6.68,6.66,7.46,0.58,4.46,11.0,11.0,False,False,0.0,0.0,0.0,0.02,0.0,0.93,3.0,0.0,0.0,7.0,lost in last 5 min,,,2020_13_DET_CHI
favourite 3-4,2020,13,KC,DEN,home,-13.0,16.05,3.05,22-16,L,-7.0,6.67,5.69,0.39,-0.0,0.0,1.91,0.0,1.55,-0.15,QB rating +6.7; offense points +4.2; home +1.9,16.2,16.65,15.95,16.27,16.21,16.19,14.89,0.55,1.89,11.0,11.0,False,True,0.0,0.0,0.01,0.02,0.0,0.58,14.0,-1.0,-10.0,-10.0,,,,2020_13_DEN_KC
favourite 3-4,2020,13,PIT,WAS,home,-5.5,8.5,3.0,17-23,L,-11.5,1.74,5.13,-1.44,-0.0,0.0,1.91,0.0,1.55,-0.38,opp defense points +2.8; home +1.9; QB rating +1.7,8.88,8.29,8.6,8.81,8.9,8.85,7.17,0.63,1.67,11.0,11.0,False,False,0.0,0.0,0.02,0.0,0.0,0.0,9.0,-3.5,1.5,-5.5,,,,2020_13_WAS_PIT
favourite 3-4,2020,15,GB,CAR,home,-9.5,12.56,3.06,24-16,L,-1.5,2.13,3.46,1.68,-0.0,0.0,1.84,2.37,1.75,-0.68,warm team in cold +2.4; QB rating +2.1; offense points +2.0,13.24,12.83,12.89,13.49,13.25,13.21,9.01,1.58,-0.49,13.0,13.0,False,False,0.0,0.0,0.01,0.04,0.0,0.0,9.5,0.0,1.5,-1.5,,,,2020_15_CAR_GB
favourite 3-4,2020,16,ARI,SF,home,-6.0,9.32,3.32,12-20,L,-14.0,4.03,0.14,2.35,1.08,0.0,1.83,0.0,1.77,-0.8,QB rating +2.9; home +1.8; opp out of the race +1.1,10.13,9.73,10.73,9.15,10.14,10.08,5.31,1.83,-0.69,14.0,14.0,False,True,0.0,1.0,0.0,0.03,0.0,1.69,3.0,3.0,-14.0,-14.0,,,,2020_16_SF_ARI
favourite 3-4,2020,16,BAL,NYG,home,-10.0,13.83,3.83,27-13,W,4.0,3.42,5.44,1.57,-0.0,0.0,1.83,0.0,1.77,-0.2,offense points +3.9; QB rating +3.4; home +1.8,14.03,13.49,14.4,14.01,14.04,13.99,12.82,0.52,2.82,14.0,14.0,False,True,0.0,0.0,0.0,0.03,0.0,0.0,10.0,0.0,4.0,4.0,,,,2020_16_NYG_BAL
favourite 3-4,2021,3,PIT,CIN,home,-2.5,6.44,3.94,10-24,L,-16.5,1.19,3.03,-0.11,-0.0,0.57,1.75,0.0,0.0,0.01,home +1.7; offense points +1.3; opp defense points +1.2,6.44,5.91,6.47,6.19,6.44,6.42,7.23,0.4,4.73,2.0,2.0,False,False,0.0,0.0,0.01,0.01,0.88,0.0,6.5,-4.0,-19.5,-16.5,,,,2021_03_CIN_PIT
favourite 3-4,2021,8,ATL,CAR,home,-2.5,6.38,3.88,13-19,L,-8.5,3.1,-1.32,2.16,-0.0,1.11,1.76,0.0,0.0,-0.43,QB rating +3.1; home +1.8; opp defense points -1.5,6.81,6.84,6.94,6.75,6.83,6.75,3.73,1.17,1.23,6.0,7.0,False,False,0.0,0.0,0.0,0.04,0.0,0.31,,,-4.5,-11.5,,,,2021_08_CAR_ATL
favourite 3-4,2021,12,NE,TEN,home,-7.5,10.56,3.06,36-13,W,15.5,-1.5,2.66,5.8,-0.0,0.0,1.66,2.65,0.0,-0.71,opp defense points +2.8; skill players out +2.8; warm team in cold +2.6,11.27,11.78,11.62,11.94,11.28,11.24,4.81,2.55,-2.69,11.0,11.0,False,False,0.0,0.0,0.01,0.1,0.0,1.31,2.5,5.0,5.5,8.5,,,,2021_12_TEN_NE
favourite 3-4,2022,1,TEN,NYG,home,-5.5,8.66,3.16,20-21,L,-6.5,2.46,3.72,-0.6,-0.0,1.04,1.77,0.0,0.0,0.27,QB rating +2.5; offense points +2.2; home +1.8,8.39,7.87,7.82,8.87,8.4,8.35,10.91,1.06,5.41,0.0,0.0,False,True,0.0,0.0,-0.0,-0.0,0.04,0.78,,,1.5,1.5,lost in last 5 min,,,2022_01_NYG_TEN
favourite 3-4,2022,2,KC,LAC,home,-4.0,7.42,3.42,27-24,L,-1.0,1.85,2.69,1.01,-0.0,-0.34,1.75,0.0,0.0,0.47,QB rating +1.8; home +1.7; opp defense points +1.4,6.96,7.07,7.42,6.86,6.96,6.95,9.75,1.04,5.75,1.0,1.0,False,False,0.0,0.0,0.0,0.02,0.0,0.0,,,-4.0,3.0,lost in last 5 min,,,2022_02_LAC_KC
favourite 3-4,2022,6,GB,NYJ,home,-7.5,11.2,3.7,10-27,L,-24.5,5.28,3.04,-0.11,-0.0,1.06,1.75,0.0,0.0,0.18,QB rating +5.3; opp defense points +2.1; home +1.8,11.02,11.63,11.08,11.71,11.04,10.97,10.95,0.33,3.45,5.0,5.0,False,False,0.0,0.0,0.01,0.0,0.29,0.22,,,-14.5,-21.5,,,,2022_06_NYJ_GB
favourite 3-4,2022,7,DAL,DET,home,-7.0,10.74,3.74,24-6,W,11.0,1.55,5.84,0.6,-0.0,1.63,1.75,0.0,0.0,-0.64,opp defense points +4.2; home +1.8; offseason turnover (opp def) +1.6,11.37,11.4,11.42,10.88,11.39,11.32,7.39,1.49,0.39,6.0,5.0,True,False,0.0,0.0,0.0,0.01,0.0,0.46,,,-3.0,-3.0,won in last 5 min,,,2022_07_DET_DAL
favourite 3-4,2022,10,KC,JAX,home,-10.0,13.35,3.35,27-17,P,0.0,4.54,3.93,0.62,-0.0,0.0,1.77,2.6,0.0,-0.1,QB rating +4.5; offense points +3.5; warm team in cold +2.6,13.45,13.07,13.67,13.45,13.46,13.4,12.95,0.25,2.95,8.0,9.0,False,False,0.0,0.0,0.01,0.03,0.54,0.0,,,7.0,0.0,,,,2022_10_JAX_KC
favourite 3-4,2022,11,BUF,CLE,home,-7.5,11.39,3.89,31-23,W,0.5,2.95,5.41,0.8,-0.0,0.0,1.77,0.0,0.0,0.47,QB rating +2.9; opp defense points +2.5; offense points +2.1,10.92,11.23,10.67,10.35,10.93,10.9,14.7,1.49,7.2,9.0,9.0,False,False,0.0,0.0,0.01,0.02,0.11,1.01,,,4.5,10.5,,,,2022_11_CLE_BUF
favourite 3-4,2022,12,IND,PIT,home,-2.5,6.21,3.71,17-24,L,-9.5,2.0,2.07,0.19,-0.0,0.0,1.73,0.0,0.0,0.22,QB rating +2.0; home +1.7; opp defense points +1.4,5.99,6.39,5.71,6.09,6.0,5.95,7.31,0.53,4.81,11.0,10.0,True,False,0.0,0.0,0.0,0.0,0.0,0.0,,,-1.5,-9.5,,,,2022_12_PIT_IND
favourite 3-4,2022,17,TB,CAR,home,-3.5,7.37,3.87,30-24,W,2.5,2.89,1.13,-0.25,-0.0,0.0,1.77,0.0,1.67,0.17,QB rating +2.9; home +1.8; opp out of the race +1.2,7.19,7.76,6.74,7.19,7.2,7.17,8.3,0.51,4.8,15.0,15.0,False,False,0.0,0.0,0.0,0.0,0.2,0.65,,,-7.5,-0.5,won in last 5 min,,,2022_17_CAR_TB
favourite 3-4,2023,1,JAX,IND,away,-4.0,7.01,3.01,31-21,W,6.0,2.28,3.34,0.95,0.0,2.19,-1.8,-0.0,-0.0,0.06,QB rating +2.3; home -1.8; offense points +1.6,6.95,7.02,7.0,6.52,6.97,6.91,7.72,0.36,3.72,0.0,0.0,False,True,0.0,0.0,0.0,0.03,0.0,0.0,,,-8.0,-1.0,won in last 5 min,,,2023_01_JAX_IND
favourite 3-4,2023,3,CIN,LA,home,-3.0,6.72,3.72,19-16,P,0.0,0.25,1.56,1.46,-0.0,2.72,1.77,0.0,0.0,-1.04,offseason turnover (opp def) +1.9; home +1.8; skill players out +1.2,7.76,7.92,7.7,7.03,7.79,7.69,1.16,2.47,-1.84,2.0,2.0,False,False,0.0,0.0,0.0,0.05,0.77,0.0,,,4.0,7.0,,,,2023_03_LA_CIN
favourite 3-4,2023,6,KC,DEN,home,-10.5,13.74,3.24,19-8,W,0.5,3.51,6.95,0.23,-0.0,1.57,1.78,0.0,0.0,-0.31,opp defense points +3.8; QB rating +3.5; offense points +2.2,14.05,14.05,13.99,13.86,14.06,14.01,12.18,0.69,1.68,5.0,5.0,False,False,0.0,0.0,0.01,0.01,0.0,0.35,,,5.5,-2.5,won in last 5 min,,,2023_06_DEN_KC
favourite 3-4,2023,7,KC,LAC,home,-5.5,8.75,3.25,31-17,W,8.5,2.45,3.11,0.44,-0.0,1.12,1.79,0.0,0.0,-0.16,QB rating +2.5; home +1.8; opp defense points +1.7,8.91,9.06,8.77,8.86,8.92,8.88,7.88,0.4,2.38,6.0,5.0,False,False,0.0,0.0,0.01,0.02,0.39,0.02,,,1.5,1.5,,,,2023_07_LAC_KC
favourite 3-4,2023,8,KC,DEN,away,-7.0,10.68,3.68,9-24,L,-22.0,3.79,6.75,0.06,0.0,1.45,-1.82,-0.0,-0.0,0.44,QB rating +3.8; opp defense points +3.5; offense points +2.5,10.24,10.26,9.74,10.32,10.25,10.22,13.72,1.36,6.72,7.0,7.0,False,False,0.0,0.0,0.01,0.01,0.25,0.77,,,-12.0,-19.0,,,,2023_08_KC_DEN
favourite 3-4,2023,14,NO,CAR,home,-5.5,8.72,3.22,28-6,W,16.5,3.62,2.88,-0.94,-0.0,0.0,1.8,0.0,1.76,-0.39,QB rating +3.6; home +1.8; offense points +1.6,9.11,9.22,8.94,8.85,9.12,9.09,6.74,0.88,1.24,12.0,12.0,False,False,0.0,0.0,0.02,0.01,0.0,0.21,,,2.5,9.5,,,,2023_14_CAR_NO
favourite 3-4,2023,15,NO,NYG,home,-6.0,9.25,3.25,24-6,W,12.0,2.87,3.17,-0.14,-0.0,0.0,1.82,0.0,1.61,-0.08,QB rating +2.9; offense points +1.9; home +1.8,9.33,9.19,9.65,9.61,9.34,9.3,8.33,0.44,2.33,13.0,13.0,False,False,0.0,0.0,0.02,0.02,0.0,0.0,,,5.0,12.0,,,,2023_15_NYG_NO
favourite 3-4,2023,15,LA,WAS,home,-6.5,10.25,3.75,28-20,W,1.5,2.27,3.96,0.8,-0.0,0.0,1.82,0.0,1.61,-0.21,opp defense points +2.4; QB rating +2.3; home +1.8,10.46,10.41,10.7,9.83,10.46,10.44,9.46,0.44,2.96,13.0,13.0,False,False,0.0,0.0,0.0,0.01,0.25,0.9,,,6.5,7.5,,,,2023_15_WAS_LA
favourite 3-4,2024,1,BUF,ARI,home,-6.5,9.62,3.12,34-28,L,-0.5,2.68,3.86,0.55,-0.0,0.59,1.89,0.0,0.0,0.05,QB rating +2.7; opp defense points +1.9; home +1.9,9.58,9.98,9.41,9.77,9.58,9.56,9.48,0.19,2.98,0.0,0.0,False,False,0.0,0.0,0.0,0.0,0.0,0.73,,,0.5,-3.5,,,,2024_01_ARI_BUF
favourite 3-4,2024,3,IND,CHI,home,-1.5,4.61,3.11,21-16,W,3.5,3.01,-1.34,1.7,-0.0,-0.18,1.86,0.0,0.0,-0.45,QB rating +3.0; home +1.9; opp defense points -1.2,5.05,4.97,4.63,4.38,5.06,5.04,3.12,0.71,1.62,2.0,2.0,False,False,0.0,0.0,0.0,0.04,0.0,0.11,,,9.5,10.5,,,,2024_03_CHI_IND
favourite 3-4,2024,3,TB,DEN,home,-6.0,9.33,3.33,7-26,L,-25.0,3.85,2.31,-0.08,-0.0,1.55,1.86,0.0,0.0,-0.16,QB rating +3.8; home +1.9; opp defense points +1.3,9.49,9.23,9.27,9.08,9.51,9.44,9.28,0.16,3.28,2.0,2.0,False,False,0.0,0.0,0.0,0.0,0.0,0.18,,,-19.0,-25.0,,,,2024_03_DEN_TB
favourite 3-4,2024,3,SEA,MIA,home,-4.0,7.61,3.61,24-3,W,17.0,5.23,-0.2,0.97,1.0,0.08,1.86,0.0,0.0,-0.32,QB rating +4.2; home +1.9; QB out +1.0,7.94,7.85,7.94,6.89,7.95,7.9,6.82,0.52,2.82,2.0,2.0,False,True,0.0,1.0,0.01,0.03,0.0,0.0,,,10.0,17.0,,,,2024_03_MIA_SEA
favourite 3-4,2024,3,BUF,JAX,home,-4.0,7.01,3.01,47-10,W,33.0,3.0,2.99,0.16,-0.0,-0.87,1.86,0.0,0.0,-0.14,QB rating +3.0; offense points +2.3; home +1.9,7.15,7.37,7.57,7.39,7.15,7.17,5.3,0.77,1.3,2.0,2.0,False,False,0.0,0.0,0.0,0.01,0.0,0.0,,,23.0,26.0,,,,2024_03_JAX_BUF
favourite 3-4,2024,16,ARI,CAR,away,-5.5,8.59,3.09,30-36,L,-11.5,3.56,4.47,0.75,0.0,-0.0,-1.83,-0.0,1.61,0.03,QB rating +3.6; opp defense points +2.2; home -1.8,8.56,8.55,8.48,9.03,8.56,8.56,8.42,0.2,2.92,14.0,14.0,False,False,0.0,0.0,0.0,0.01,1.1,0.73,,,-8.5,-8.5,,,,2024_16_ARI_CAR
favourite 3-4,2025,1,DEN,TEN,home,-8.5,12.33,3.83,20-12,L,-0.5,4.09,4.17,-0.1,1.2,2.59,1.88,0.0,0.0,-0.3,QB rating +2.9; opp defense points +2.1; home +1.9,12.63,12.47,12.9,12.0,12.66,12.57,11.09,0.61,2.59,0.0,0.0,False,True,0.0,1.0,0.0,0.0,0.31,0.0,,,-7.5,-0.5,,,,2025_01_TEN_DEN
favourite 3-4,2025,2,DET,CHI,home,-6.0,9.36,3.36,52-21,W,25.0,3.33,3.57,0.01,-0.0,0.37,1.89,0.0,0.0,0.19,QB rating +3.3; offense points +3.2; home +1.9,9.17,9.42,9.68,9.28,9.18,9.14,9.67,0.23,3.67,1.0,1.0,False,False,0.0,0.0,0.0,0.0,0.0,0.0,,,18.0,25.0,,,,2025_02_CHI_DET
favourite 3-4,2025,2,ARI,CAR,home,-7.0,10.19,3.19,27-22,L,-2.0,2.96,4.19,0.3,-0.0,0.95,1.89,0.0,0.0,-0.1,QB rating +3.0; opp defense points +2.8; home +1.9,10.29,10.42,10.33,10.53,10.3,10.26,9.2,0.45,2.2,1.0,1.0,False,False,0.0,0.0,-0.0,0.01,0.52,0.3,,,11.0,5.0,lost in last 5 min,,,2025_02_CAR_ARI
favourite 3-4,2025,5,ARI,TEN,home,-7.5,11.27,3.77,21-22,L,-8.5,4.59,4.81,-1.8,-0.0,1.54,1.94,0.0,0.0,0.19,QB rating +4.6; opp defense points +2.5; home +1.9,11.08,11.0,11.47,10.47,11.09,11.03,12.73,0.71,5.23,4.0,4.0,False,False,0.0,0.0,0.02,-0.0,1.55,0.0,,,7.5,1.5,lost in last 5 min,,,2025_05_TEN_ARI
favourite 3-4,2025,8,DEN,DAL,home,-3.5,6.68,3.18,44-24,W,16.5,-1.04,3.02,0.49,-0.0,2.48,1.94,0.0,0.0,-0.2,opp defense points +3.4; offseason turnover (opp def) +2.4; home +1.9,6.89,6.65,7.18,6.76,6.9,6.85,5.56,0.52,2.06,7.0,7.0,False,False,0.0,0.0,0.0,0.0,0.0,0.97,,,9.5,23.5,,,,2025_08_DAL_DEN
favourite 3-4,2025,9,DET,MIN,home,-9.5,13.43,3.93,24-27,L,-12.5,7.29,3.54,0.68,0.92,0.0,1.95,0.0,0.0,-0.04,QB rating +6.4; offense points +2.8; home +1.9,13.46,13.18,14.02,13.52,13.47,13.46,12.89,0.34,3.39,7.0,7.0,False,True,0.0,1.0,0.0,0.01,0.0,0.15,,,-16.5,-16.5,,,,2025_09_MIN_DET
favourite 3-4,2025,13,BAL,CIN,home,-7.0,10.77,3.77,14-32,L,-25.0,0.9,5.44,1.01,-0.0,0.0,1.94,0.0,1.75,-0.27,opp defense points +3.9; home +1.9; opp out of the race +1.3,11.04,10.73,10.89,11.31,11.04,11.04,9.33,0.66,2.33,11.0,11.0,False,True,0.0,0.0,0.0,0.03,0.25,0.01,,,-19.0,-22.0,,,,2025_13_CIN_BAL
favourite 3-4,2025,14,BUF,CIN,home,-6.0,9.53,3.53,39-34,L,-1.0,1.54,5.31,-0.85,-0.0,0.0,1.92,0.0,1.81,-0.2,opp defense points +3.1; home +1.9; QB rating +1.5,9.73,9.39,9.48,10.45,9.73,9.74,8.19,0.68,2.19,12.0,12.0,False,False,0.0,0.0,0.01,0.0,0.0,0.0,,,-9.0,-2.0,,,,2025_14_CIN_BUF
favourite 3-4,2025,15,PHI,LV,home,-12.5,15.82,3.32,31-0,W,18.5,3.87,6.45,0.72,0.97,0.0,1.91,1.67,1.87,-0.67,QB rating +2.9; offense points +2.8; opp defense points +2.7,16.49,15.83,17.57,16.02,16.48,16.49,11.83,1.84,-0.67,13.0,13.0,False,True,0.0,1.0,-0.0,0.01,0.0,0.07,,,11.5,18.5,,,,2025_15_LV_PHI
favourite 3-4,2026,1,LA,SF,home,-3.5,6.94,3.44,7-27,L,-23.5,-0.73,2.57,1.65,-0.0,1.12,1.89,0.0,0.0,0.43,home +1.9; offense points +1.7; QB rating -0.7,6.51,6.58,6.68,6.15,6.52,6.5,9.63,1.2,6.13,0.0,0.0,False,False,0.0,0.0,0.0,0.02,0.0,0.98,,,-13.5,-23.5,,,,2026_01_SF_LA
dog 5+,2015,1,ATL,PHI,home,3.5,1.9,5.4,26-24,W,5.5,1.55,-2.68,0.14,-0.0,-0.05,2.7,0.0,0.0,0.23,home +2.7; offense points -2.0; QB rating +1.6,1.67,2.4,1.59,1.84,1.65,1.7,2.43,0.36,5.93,0.0,0.0,False,True,0.0,0.0,0.0,0.0,1.42,1.43,-1.0,-2.5,,,,6.99,False,2015_01_PHI_ATL
dog 5+,2015,4,NYG,BUF,away,6.0,-0.92,5.08,24-10,W,20.0,0.44,-3.41,3.85,0.0,-0.15,-2.64,-0.0,-0.0,0.99,opp skill players out +3.8; home -2.6; opp defense points -2.4,-1.91,-1.45,-1.93,-0.7,-1.95,-1.82,3.31,1.92,9.31,3.0,3.0,False,False,0.0,0.0,0.0,0.04,2.42,1.68,5.5,-0.5,,,,4.05,False,2015_04_NYG_BUF
dog 5+,2015,7,JAX,BUF,home,3.5,2.33,5.83,34-31,W,6.5,0.11,-5.05,4.02,-0.0,0.11,2.52,0.0,0.0,0.61,opp defense points -3.1; home +2.5; offense snaps out +2.3,1.72,2.22,2.27,2.6,1.74,1.67,4.12,0.86,7.62,6.0,6.0,False,False,0.0,0.0,0.0,0.02,0.64,1.75,,,,,,-5.1,False,2015_07_BUF_JAX
dog 5+,2015,7,BAL,ARI,away,10.0,-4.87,5.13,18-26,W,2.0,-0.4,-2.3,0.2,0.0,-0.0,-2.52,-0.0,-0.0,0.14,home -2.5; opp defense points -1.7; QB rating -0.4,-5.02,-4.25,-5.03,-4.2,-5.03,-4.97,-5.62,0.5,4.38,6.0,6.0,False,False,0.0,0.0,0.0,0.0,0.25,0.0,7.0,-3.0,,,,2.51,False,2015_07_BAL_ARI
dog 5+,2015,10,MIN,LV,away,3.0,2.59,5.59,30-14,W,19.0,0.34,2.94,1.65,0.0,-0.0,-2.65,-0.0,-0.0,0.31,opp defense points +3.7; home -2.6; offense points -1.1,2.28,2.12,2.22,2.73,2.29,2.24,4.27,0.76,7.27,8.0,8.0,False,False,0.0,0.0,0.0,0.0,0.65,1.57,3.0,-0.0,,,,17.67,False,2015_10_MIN_OAK
dog 5+,2015,11,DET,LV,home,2.0,3.49,5.49,18-13,W,7.0,0.51,0.4,0.62,-0.0,0.0,2.52,0.0,0.0,-0.56,home +2.5; opp defense points +1.3; offense points -1.2,4.05,3.93,3.98,4.8,4.09,3.96,-0.37,1.73,1.63,9.0,9.0,False,False,0.0,0.0,-0.0,0.0,1.71,1.72,0.0,-2.0,,,,-1.57,False,2015_11_OAK_DET
dog 5+,2015,12,BAL,CLE,away,6.0,0.74,6.74,33-27,W,12.0,-0.72,3.26,0.23,0.0,-0.0,-2.43,-0.0,-0.0,0.4,home -2.4; offense points +2.1; opp defense points +1.1,0.34,1.0,-0.03,0.55,0.32,0.4,2.63,0.89,8.63,10.0,10.0,True,True,0.0,0.0,0.0,0.0,0.63,0.03,0.0,-6.0,,,,2.68,False,2015_12_BAL_CLE
dog 5+,2016,7,LA,NYG,home,3.0,2.21,5.21,10-17,L,-4.0,-1.52,0.62,-0.39,-0.0,0.74,2.49,0.0,0.0,0.26,home +2.5; QB rating -1.5; opp defense points +1.5,1.94,2.19,1.94,1.84,1.97,1.87,3.68,0.66,6.68,6.0,6.0,False,False,0.0,0.0,0.0,0.01,1.0,0.0,,,3.0,-4.0,,-9.09,False,2016_07_NYG_LA
dog 5+,2016,12,HOU,LAC,home,2.5,5.44,7.94,13-21,L,-5.5,-2.02,1.05,1.65,-0.0,0.0,2.46,0.0,2.0,0.3,opp defense points +3.2; home +2.5; offense points -2.4,5.14,4.93,5.39,5.86,5.14,5.15,6.44,0.53,8.94,10.0,10.0,False,False,0.0,0.0,0.0,0.04,0.0,1.3,1.0,-3.5,-4.5,-8.5,,-3.34,False,2016_12_SD_HOU
dog 5+,2016,17,DAL,PHI,away,6.5,2.99,9.49,13-27,L,-7.5,-0.64,3.3,0.32,0.0,-0.0,-2.45,-0.0,2.26,0.2,home -2.4; opp defense points +2.1; opp out of the race +1.1,2.78,3.63,2.57,2.34,2.76,2.84,3.98,0.59,10.48,15.0,15.0,True,False,0.0,0.0,0.0,0.02,0.74,0.0,-3.5,-10.0,2.5,2.5,lost in last 5 min,-9.99,False,2016_17_DAL_PHI
dog 5+,2016,17,NYG,WAS,away,10.0,-4.02,5.98,19-10,W,19.0,-1.52,0.13,0.08,0.0,-0.0,-2.45,-0.0,-0.0,-0.26,opp defense points +2.5; home -2.4; offense points -2.3,-3.77,-5.0,-4.2,-3.72,-3.77,-3.76,-3.96,0.46,6.04,15.0,15.0,False,False,0.0,0.0,0.01,0.0,0.0,0.49,5.0,-5.0,17.0,10.0,,9.65,False,2016_17_NYG_WAS
dog 5+,2017,2,NYJ,LV,away,14.0,-7.94,6.06,20-45,L,-11.0,-0.79,-3.21,-0.1,0.0,-1.25,-2.51,-0.0,-0.0,-0.07,offense points -2.5; home -2.5; QB rating -0.8,-7.87,-7.98,-7.97,-8.03,-7.91,-7.76,-8.05,0.1,5.95,1.0,1.0,False,False,0.0,0.0,0.0,0.0,0.22,0.0,13.5,-0.5,-1.0,-8.0,,-14.3,False,2017_02_NYJ_OAK
dog 5+,2017,2,WAS,LA,away,3.0,2.72,5.72,27-20,W,10.0,4.49,0.85,0.01,0.0,0.03,-2.51,-0.0,-0.0,-0.14,QB rating +4.5; home -2.5; offense points +1.8,2.86,3.5,3.35,2.68,2.86,2.86,0.93,0.84,3.93,1.0,1.0,False,False,0.0,0.0,0.0,0.0,0.0,0.0,2.5,-0.5,6.0,3.0,,4.65,False,2017_02_WAS_LA
dog 5+,2017,3,WAS,LV,home,3.5,1.76,5.26,27-10,W,20.5,0.99,-1.83,0.0,-0.0,-0.88,2.51,0.0,0.0,0.96,home +2.5; QB rating +1.0; offense points -1.0,0.8,1.34,1.04,0.64,0.78,0.83,6.88,2.27,10.38,2.0,2.0,False,False,0.0,0.0,0.0,0.0,0.0,0.0,-3.5,0.0,20.5,20.5,,-0.34,False,2017_03_OAK_WAS
dog 5+,2017,5,SEA,LA,away,2.0,4.11,6.11,16-10,W,8.0,3.1,3.31,-0.35,0.0,0.45,-2.52,-0.0,-0.0,0.12,opp defense points +3.3; QB rating +3.1; home -2.5,3.99,4.12,4.58,4.59,3.99,3.98,3.51,0.38,5.51,4.0,4.0,False,False,0.0,0.0,0.0,0.0,0.51,0.0,1.0,-1.0,5.0,5.0,,12.91,False,2017_05_SEA_LA
dog 5+,2017,6,NYG,DEN,away,14.0,-7.17,6.83,23-10,W,27.0,0.06,-2.62,-1.64,0.0,0.13,-2.48,-0.0,-0.0,-0.62,home -2.5; offense points -1.2; opp defense points -1.2,-6.55,-6.62,-6.37,-6.89,-6.56,-6.54,-10.69,1.56,3.31,5.0,4.0,False,False,0.0,0.0,0.05,0.0,1.61,0.0,10.0,-4.0,31.0,31.0,,8.77,False,2017_06_NYG_DEN
dog 5+,2017,9,NYG,LA,home,5.5,0.13,5.63,17-51,L,-28.5,1.12,-1.1,-1.68,-0.0,0.0,2.48,0.0,0.0,-0.69,home +2.5; offense points -1.9; opp defense snaps out -1.2,0.82,0.93,0.5,0.36,0.83,0.81,-3.3,1.53,2.2,7.0,7.0,False,False,0.0,0.0,0.04,0.0,0.41,0.0,-4.0,-1.5,-32.5,-25.5,,-25.93,False,2017_09_LA_NYG
dog 5+,2017,10,HOU,LA,away,12.0,-6.1,5.9,7-33,L,-14.0,-2.82,-1.62,0.32,0.0,-0.0,-2.48,-0.0,-0.0,0.49,QB rating -2.8; home -2.5; opp defense points -1.3,-6.6,-5.77,-6.53,-5.6,-6.63,-6.49,-5.11,0.61,6.89,8.0,8.0,False,False,0.0,0.0,0.01,-0.0,0.31,0.53,10.0,-2.0,-11.0,-14.0,,-26.68,False,2017_10_HOU_LA
dog 5+,2017,11,NYG,KC,home,10.0,-3.46,6.54,12-9,W,13.0,-1.62,-4.19,-0.33,-0.0,0.0,2.48,0.0,0.0,0.2,offense points -3.6; home +2.5; QB rating -1.6,-3.66,-4.62,-4.3,-3.06,-3.67,-3.63,-1.28,1.09,8.72,9.0,9.0,False,False,0.0,0.0,0.04,0.02,0.42,0.77,-12.5,2.5,13.0,10.0,,5.34,False,2017_11_KC_NYG
dog 5+,2017,11,DAL,PHI,home,6.0,0.89,6.89,9-37,L,-22.0,1.08,-1.78,-0.64,-0.0,0.0,2.48,0.0,0.0,-0.24,home +2.5; offense points -1.1; QB rating +1.1,1.13,1.68,1.39,0.47,1.13,1.14,-0.7,0.79,5.3,9.0,9.0,False,False,0.0,0.0,0.04,0.01,0.0,0.0,-3.5,-2.5,-8.0,-22.0,,-15.65,False,2017_11_PHI_DAL
dog 5+,2017,15,SEA,LA,home,1.0,4.09,5.09,7-42,L,-34.0,1.79,0.04,-0.34,-0.0,0.0,2.48,0.0,0.0,0.13,home +2.5; QB rating +1.8; opp defense points +1.3,3.97,3.48,3.87,4.71,3.97,3.97,4.69,0.45,5.69,13.0,13.0,False,False,0.0,0.0,0.0,0.0,0.0,0.21,-1.5,0.5,-32.0,-34.0,,-24.13,False,2017_15_LA_SEA
dog 5+,2017,17,PHI,DAL,home,3.5,3.19,6.69,0-6,L,-2.5,-3.12,3.73,-0.25,-0.0,0.0,2.52,0.7,0.0,-0.39,QB rating -3.1; offense points +2.8; home +2.5,3.58,2.77,3.45,4.18,3.57,3.59,1.2,0.97,4.7,15.0,15.0,True,False,0.0,0.0,0.01,0.0,0.0,0.39,2.0,-5.5,3.5,-2.5,,-1.01,False,2017_17_DAL_PHI
dog 5+,2017,17,KC,DEN,away,3.0,2.61,5.61,27-24,W,6.0,0.49,2.91,-0.5,0.0,-0.0,-2.52,-0.0,2.15,0.09,offense points +3.4; home -2.5; offense EPA -1.3,2.53,2.94,3.5,1.11,2.51,2.58,3.14,0.76,6.14,15.0,15.0,True,True,0.0,0.0,0.03,0.02,0.85,0.4,-3.0,-6.0,17.0,10.0,,3.31,False,2017_17_KC_DEN
dog 5+,2017,17,LA,SF,home,6.5,5.25,11.75,13-34,L,-14.5,-5.19,6.1,0.28,-0.0,0.0,2.52,0.0,2.15,-0.61,QB rating -5.2; offense points +3.4; opp defense points +2.6,5.85,5.21,6.21,5.18,5.85,5.86,2.57,1.24,9.07,15.0,15.0,True,False,0.0,0.0,0.0,0.02,0.0,0.0,3.5,-10.0,-14.5,-14.5,,-5.42,False,2017_17_SF_LA
dog 5+,2018,1,LV,LA,home,6.0,-0.01,5.99,13-33,L,-14.0,0.11,-3.26,1.04,-0.0,-0.65,2.51,0.0,0.0,0.24,offense points -2.9; home +2.5; opp defense snaps out +0.7,-0.25,0.22,-0.42,0.05,-0.26,-0.24,0.84,0.43,6.84,0.0,0.0,False,False,0.0,0.0,0.0,0.0,0.13,1.68,-1.0,-5.0,-1.0,-4.0,,-12.59,False,2018_01_LA_OAK
dog 5+,2018,2,ARI,LA,away,13.5,-7.92,5.58,0-34,L,-20.5,-0.24,-3.55,-0.21,0.0,-1.1,-2.46,-0.0,-0.0,-0.37,offense points -3.8; home -2.5; offseason turnover (off) -1.0,-7.55,-7.15,-7.87,-7.04,-7.57,-7.5,-10.74,1.28,2.76,1.0,1.0,False,False,0.0,0.0,-0.0,-0.0,0.55,0.0,13.0,-0.5,-13.5,-13.5,,-21.01,False,2018_02_ARI_LA
dog 5+,2018,3,BUF,MIN,away,16.5,-10.85,5.65,27-6,W,37.5,-2.78,-5.16,0.88,0.0,-1.22,-2.46,-0.0,-0.0,-0.11,QB rating -2.8; opp defense points -2.7; offense points -2.6,-10.74,-10.92,-10.6,-11.22,-10.77,-10.65,-11.01,0.22,5.49,2.0,2.0,False,False,0.0,0.0,0.0,0.0,0.0,0.9,16.0,-0.5,43.5,43.5,,6.78,False,2018_03_BUF_MIN
dog 5+,2018,3,ARI,CHI,home,6.0,-0.48,5.52,14-16,W,4.0,1.4,-2.36,0.2,-0.0,-1.5,2.46,0.0,0.0,-0.68,home +2.5; opp defense points -1.5; QB rating +1.4,0.2,0.29,-0.13,0.21,0.2,0.2,-4.32,1.7,1.68,2.0,2.0,False,False,0.0,0.0,-0.0,0.01,0.0,0.0,-5.5,-0.5,7.0,4.0,,-1.51,False,2018_03_CHI_ARI
dog 5+,2018,5,SEA,LA,home,7.5,-1.85,5.65,31-33,W,5.5,-0.1,-2.47,-1.04,-0.0,-0.85,2.5,0.0,0.0,0.12,offense points -2.8; home +2.5; opp defense snaps out -0.9,-1.97,-1.59,-2.16,-2.12,-1.96,-1.99,-1.18,0.35,6.32,4.0,4.0,False,False,0.0,0.0,0.0,-0.0,0.12,0.0,-7.0,-0.5,14.5,5.5,,3.47,False,2018_05_LA_SEA
dog 5+,2018,6,BUF,HOU,away,10.5,-5.38,5.12,13-20,W,3.5,-3.26,0.03,0.1,0.0,0.02,-2.56,-0.0,-0.0,0.3,QB rating -3.3; home -2.6; offense points -2.3,-5.68,-4.84,-5.83,-6.1,-5.69,-5.63,-3.87,0.77,6.63,5.0,5.0,False,False,0.0,0.0,0.0,0.0,0.0,0.03,9.5,-1.0,6.5,13.5,,-2.58,False,2018_06_BUF_HOU
dog 5+,2018,6,MIA,CHI,home,7.5,-2.12,5.38,31-28,W,10.5,-0.26,-3.29,0.13,-0.0,-0.65,2.56,0.0,0.0,-0.59,home +2.6; opp defense points -2.4; offense points -0.9,-1.52,-1.44,-1.21,-2.14,-1.52,-1.52,-5.45,1.5,2.05,5.0,4.0,True,False,0.0,0.0,0.0,0.01,0.0,0.0,-2.0,-5.5,-0.5,7.5,,0.68,False,2018_06_CHI_MIA
dog 5+,2018,10,SEA,LA,away,10.0,-4.72,5.28,31-36,W,5.0,-0.19,-1.89,-0.18,0.0,-0.0,-2.44,-0.0,-0.0,-0.02,offense points -3.3; home -2.4; opp defense points +1.1,-4.71,-4.78,-5.85,-4.83,-4.71,-4.7,-3.49,0.68,6.51,8.0,9.0,False,False,0.0,0.0,0.0,-0.0,0.0,0.0,9.5,-0.5,11.0,-2.0,won in last 5 min,-2.14,False,2018_10_SEA_LA
dog 5+,2018,12,CIN,CLE,home,1.0,4.88,5.88,20-35,L,-14.0,1.6,-0.11,-0.53,-0.0,0.0,2.44,0.0,1.75,-0.27,home +2.4; QB rating +1.6; offense points +1.4,5.15,5.26,5.85,4.09,5.17,5.11,3.55,0.78,4.55,10.0,10.0,False,False,0.0,0.0,0.01,0.0,0.0,0.0,3.0,-4.0,-20.0,-14.0,,-1.99,True,2018_12_CLE_CIN
dog 5+,2018,13,DET,LA,home,10.5,-5.42,5.08,16-30,L,-3.5,-1.22,-4.22,-0.74,-0.0,0.0,2.47,0.0,-1.84,0.13,offense points -4.6; home +2.5; QB rating -1.2,-5.55,-5.86,-6.17,-5.33,-5.55,-5.57,-3.92,0.72,6.58,11.0,11.0,False,False,0.0,0.0,0.03,0.01,0.47,0.0,-10.0,-0.5,7.5,0.5,lost in last 5 min,-6.48,False,2018_13_LA_DET
dog 5+,2018,14,WAS,NYG,home,3.0,3.01,6.01,16-40,L,-21.0,-1.34,1.16,-0.44,-0.0,0.0,2.49,0.0,1.89,-0.76,home +2.5; opp defense points +1.6; QB rating -1.3,3.76,4.77,3.5,3.69,3.77,3.74,-2.2,2.33,0.8,12.0,12.0,True,False,0.0,0.0,0.02,0.01,1.04,0.87,0.0,-3.0,-37.0,-21.0,,-14.05,True,2018_14_NYG_WAS
dog 5+,2018,14,CHI,LA,home,3.0,2.32,5.32,15-6,W,12.0,-1.18,-0.83,0.39,-0.0,0.0,2.49,1.28,0.0,0.18,offense points -3.1; home +2.5; opp defense points +1.9,2.14,2.21,1.57,1.54,2.15,2.09,4.51,1.01,7.51,12.0,12.0,True,False,0.0,0.0,0.01,0.02,0.0,0.0,-3.0,0.0,12.0,12.0,,-2.27,False,2018_14_LA_CHI
dog 5+,2018,15,WAS,JAX,away,7.5,-2.24,5.26,16-13,W,10.5,0.52,-1.57,-0.37,0.0,-0.0,-2.47,-0.0,1.77,-0.13,home -2.5; opp defense points -1.7; opp out of the race +1.0,-2.12,-1.13,-2.05,-2.99,-2.13,-2.09,-3.19,0.68,4.31,13.0,13.0,True,False,0.0,0.0,0.03,0.01,0.11,0.17,6.5,-1.0,3.5,7.5,,1.77,False,2018_15_WAS_JAX
dog 5+,2018,16,WAS,TEN,away,12.5,-6.19,6.31,16-25,W,3.5,-0.76,-2.51,-0.8,0.0,-0.0,-2.5,-0.0,-0.0,0.38,home -2.5; opp defense points -2.1; skill players out -0.9,-6.57,-6.16,-7.09,-6.41,-6.58,-6.53,-3.98,1.01,8.52,14.0,14.0,False,False,0.0,0.0,0.03,0.01,0.0,0.88,10.5,-2.0,13.5,16.5,,-7.99,False,2018_16_WAS_TEN
dog 5+,2018,17,DET,GB,away,7.5,-2.18,5.32,31-0,W,38.5,3.01,-0.95,-0.43,0.0,-0.0,-2.46,-1.91,-0.0,0.56,QB rating +3.0; home -2.5; offense points -2.0,-2.74,-3.39,-3.08,-2.53,-2.72,-2.79,2.01,1.87,9.51,15.0,15.0,False,True,0.0,0.0,0.03,0.02,0.17,0.0,8.0,0.5,31.5,38.5,,18.9,False,2018_17_DET_GB
dog 5+,2018,17,DAL,NYG,away,7.5,4.5,12.0,36-35,W,8.5,0.87,2.4,1.51,0.0,-0.0,-2.46,-0.0,1.67,0.52,opp defense points +2.6; home -2.5; skill players out +1.2,3.98,5.35,3.92,4.86,3.98,3.97,5.45,0.7,12.95,15.0,15.0,False,False,0.0,0.0,0.01,0.04,0.0,0.01,3.0,-4.5,10.5,10.5,,6.85,False,2018_17_DAL_NYG
dog 5+,2019,1,TEN,CLE,away,5.5,0.97,6.47,43-13,W,35.5,0.17,0.83,1.05,0.0,0.89,-2.39,-0.0,-0.0,0.42,home -2.4; opp defense points +1.3; skill players out +1.0,0.55,0.35,0.76,0.85,0.57,0.51,3.2,1.0,8.7,0.0,0.0,True,False,0.0,0.0,-0.0,0.03,1.08,0.0,5.0,-0.5,14.5,28.5,,31.27,False,2019_01_TEN_CLE
dog 5+,2019,1,MIA,BAL,home,7.0,-1.01,5.99,10-59,L,-42.0,2.05,-4.4,0.22,-0.0,-0.99,2.39,0.0,0.0,-0.27,opp defense points -3.1; home +2.4; QB rating +2.0,-0.73,-0.54,-0.91,-1.83,-0.72,-0.77,-1.54,0.48,5.46,0.0,0.0,True,False,0.0,0.0,-0.0,0.01,0.0,0.0,-3.5,-3.5,-35.0,-42.0,,-33.02,False,2019_01_BAL_MIA
dog 5+,2019,2,MIA,NE,home,18.0,-11.12,6.88,0-43,L,-25.0,-1.78,-8.99,-0.66,-0.0,-1.55,2.35,0.0,0.0,-0.49,opp defense points -5.6; offense points -2.8; home +2.3,-10.63,-10.35,-10.99,-11.95,-10.64,-10.6,-12.69,0.87,5.31,1.0,1.0,False,False,0.0,0.0,0.0,0.01,1.12,0.0,-15.0,-3.0,-5.0,-19.0,,-25.76,True,2019_02_NE_MIA
dog 5+,2019,2,NYJ,CLE,home,6.5,-0.76,5.74,3-23,L,-13.5,-2.23,-0.66,0.4,-1.38,-0.8,2.35,0.0,0.0,0.18,home +2.3; QB out -1.4; QB rating -0.8,-0.94,-1.08,-1.12,-0.81,-0.94,-0.97,0.53,0.58,7.03,1.0,1.0,True,False,1.0,0.0,0.0,0.03,1.92,1.03,-2.5,-4.0,-13.5,-13.5,,-7.61,True,2019_02_CLE_NYJ
dog 5+,2019,6,SEA,CLE,away,1.0,4.09,5.09,32-28,W,5.0,2.6,2.65,0.9,0.0,0.43,-2.2,-0.0,-0.0,-0.29,QB rating +2.6; home -2.2; offense points +2.1,4.37,4.48,3.91,5.15,4.38,4.35,1.98,1.0,2.98,5.0,5.0,False,False,0.0,0.0,0.0,0.03,1.12,0.0,2.5,1.5,6.0,-2.0,won in last 5 min,8.2,False,2019_06_SEA_CLE
dog 5+,2019,7,MIA,BUF,away,17.0,-10.16,6.84,21-31,W,7.0,1.52,-7.1,-0.75,0.0,-1.48,-2.2,-0.0,-0.0,-0.15,opp defense points -5.0; home -2.2; offseason turnover (opp def) -2.0,-10.01,-10.08,-10.13,-11.01,-10.0,-10.03,-9.88,0.38,7.12,5.0,5.0,True,False,0.0,0.0,-0.0,-0.0,0.99,0.0,17.0,-0.0,22.0,7.0,,-4.32,False,2019_07_MIA_BUF
dog 5+,2019,9,MIA,NYJ,home,3.5,2.41,5.91,26-18,W,11.5,2.13,-2.16,0.38,-0.0,0.0,2.15,0.0,0.0,-0.08,home +2.1; QB rating +2.1; opp defense points -1.5,2.49,2.77,2.42,3.17,2.5,2.47,1.04,0.66,4.54,7.0,7.0,False,False,0.0,0.0,-0.0,0.0,0.0,1.13,-5.5,2.0,12.5,14.5,,-1.54,False,2019_09_NYJ_MIA
dog 5+,2019,9,DEN,CLE,home,4.0,2.23,6.23,24-19,W,9.0,-2.76,1.29,1.17,-1.38,0.0,2.15,0.0,0.0,0.39,opp defense points +2.3; home +2.1; QB rating -1.4,1.84,1.85,2.14,2.9,1.84,1.85,3.21,0.58,7.21,8.0,7.0,True,False,1.0,0.0,0.0,0.03,1.57,0.91,1.0,-5.0,16.0,9.0,,-2.46,False,2019_09_CLE_DEN
dog 5+,2019,12,MIA,CLE,away,11.0,-5.9,5.1,24-41,L,-6.0,0.8,-5.07,0.46,0.0,-0.0,-2.13,-0.0,-0.0,0.04,opp defense points -3.1; home -2.1; offense points -1.4,-5.94,-5.85,-6.09,-6.11,-5.93,-5.96,-5.39,0.24,5.61,10.0,10.0,False,False,0.0,0.0,0.0,0.0,0.01,2.11,12.5,1.5,-0.0,-6.0,,-0.93,False,2019_12_MIA_CLE
dog 5+,2019,13,MIA,PHI,home,10.5,-4.36,6.14,37-31,W,16.5,-0.23,-6.11,0.83,-0.0,0.0,2.15,0.0,-1.57,0.57,opp defense points -3.9; home +2.1; offense points -1.4,-4.93,-4.5,-5.23,-5.93,-4.92,-4.97,-0.04,1.95,10.46,11.0,11.0,False,False,0.0,0.0,0.0,0.02,0.05,0.0,-9.0,-1.5,8.5,16.5,,-6.08,False,2019_13_PHI_MIA
dog 5+,2019,17,BUF,NYJ,home,1.5,8.36,9.86,6-13,L,-5.5,-0.14,4.36,0.39,-0.0,0.0,2.07,0.0,1.53,0.14,opp defense points +3.4; home +2.1; opp out of the race +1.0,8.22,8.94,8.23,9.08,8.21,8.25,7.61,0.5,9.11,15.0,15.0,True,False,0.0,0.0,-0.0,0.01,0.24,0.0,5.5,-7.0,1.5,-5.5,,-3.34,False,2019_17_NYJ_BUF
dog 5+,2019,17,MIN,CHI,home,5.5,0.75,6.25,19-21,W,3.5,-2.67,2.28,-0.7,-0.0,0.0,2.07,0.0,0.0,-0.23,offense points +2.7; QB rating -2.7; home +2.1,0.99,1.97,0.44,0.37,0.98,1.01,-0.48,0.76,5.02,15.0,15.0,True,False,0.0,0.0,0.02,0.01,0.0,0.02,,,-6.5,3.5,,-4.17,False,2019_17_CHI_MIN
dog 5+,2019,17,BAL,PIT,home,2.0,7.91,9.91,28-10,W,20.0,1.08,5.19,-0.28,-0.0,0.0,2.07,0.0,0.0,-0.15,offense points +5.1; home +2.1; QB rating +1.1,8.07,8.21,8.35,8.81,8.04,8.13,5.81,0.97,7.81,15.0,15.0,True,False,0.0,0.0,0.02,0.01,0.41,0.0,2.5,-4.5,8.0,11.0,,5.52,False,2019_17_PIT_BAL
dog 5+,2019,17,HOU,TEN,home,10.0,-1.17,8.83,14-35,L,-11.0,-2.24,-0.75,-0.31,-0.0,0.0,2.07,0.0,0.0,0.05,QB rating -2.2; home +2.1; opp defense points -0.3,-1.22,-1.89,-1.49,-0.38,-1.23,-1.21,-0.79,0.48,9.21,15.0,15.0,True,False,0.0,0.0,0.02,0.02,0.29,0.0,,,3.0,-4.0,,-14.92,False,2019_17_TEN_HOU
dog 5+,2020,5,IND,CLE,away,1.0,4.02,5.02,23-32,L,-8.0,1.67,2.8,-0.46,0.0,1.0,-2.0,-0.0,-0.0,1.02,opp defense points +3.0; home -2.0; QB rating +1.7,3.01,2.62,3.29,3.86,3.03,2.96,9.41,2.41,10.41,4.0,4.0,False,False,0.0,0.0,0.02,0.02,0.94,0.35,-2.5,-3.5,-6.0,-8.0,,2.04,False,2020_05_IND_CLE
dog 5+,2020,5,TEN,BUF,home,3.0,2.63,5.63,42-16,W,29.0,-0.38,0.14,0.35,-0.0,0.39,2.0,0.0,0.0,0.13,home +2.0; offense points +0.9; opp defense points -0.6,2.5,2.68,2.52,1.73,2.51,2.49,4.01,0.68,7.01,3.0,4.0,False,False,0.0,0.0,0.0,0.0,0.0,0.82,-2.0,-1.0,21.0,15.0,,22.01,False,2020_05_BUF_TEN
dog 5+,2020,6,CHI,CAR,away,2.0,3.53,5.53,23-16,W,9.0,-1.15,2.24,1.94,0.0,2.48,-1.97,-0.0,-0.0,-0.02,opp defense points +2.8; home -2.0; offseason turnover (opp def) +1.3,3.55,2.37,3.45,3.21,3.57,3.48,5.07,0.8,7.07,5.0,5.0,False,False,0.0,0.0,0.0,0.04,0.51,0.88,2.5,0.5,16.0,9.0,,4.48,False,2020_06_CHI_CAR
dog 5+,2020,7,ARI,SEA,home,3.5,1.66,5.16,37-34,W,6.5,-1.82,0.27,0.73,-0.0,0.34,1.97,0.0,0.0,0.17,home +2.0; QB rating -1.8; opp defense points +1.0,1.49,1.27,1.9,1.74,1.49,1.48,2.22,0.32,5.72,6.0,5.0,False,False,0.0,0.0,0.0,0.02,0.0,0.0,-3.5,0.0,0.5,-6.5,won in last 5 min,7.23,False,2020_07_SEA_ARI
dog 5+,2020,8,ATL,CAR,away,1.5,4.35,5.85,25-17,W,9.5,1.09,1.04,1.67,0.0,2.54,-1.93,-0.0,-0.0,-0.07,home -1.9; offseason turnover (opp def) +1.5; offense points +1.2,4.41,4.39,4.34,4.98,4.44,4.34,3.55,0.42,5.05,7.0,7.0,False,False,0.0,0.0,0.0,0.04,0.0,0.0,3.0,1.5,3.5,9.5,,0.26,False,2020_08_ATL_CAR
dog 5+,2020,8,DAL,PHI,away,10.0,-3.72,6.28,9-23,L,-4.0,-4.15,-1.4,2.73,-1.38,0.01,-1.93,-0.0,-0.0,1.02,QB rating -2.8; home -1.9; opp defense points -1.7,-4.74,-3.73,-4.74,-4.86,-4.76,-4.69,1.51,2.34,11.51,7.0,7.0,True,False,1.0,0.0,0.01,0.06,0.79,1.57,4.0,-6.0,4.0,-2.0,,-0.68,False,2020_08_DAL_PHI
dog 5+,2020,9,DAL,PIT,home,14.0,-7.61,6.39,19-24,W,9.0,-4.6,-5.04,-0.48,-0.0,0.0,1.94,0.0,0.0,0.56,QB rating -4.6; opp defense points -3.8; home +1.9,-8.17,-7.19,-7.89,-7.41,-8.19,-8.11,-6.29,0.7,7.71,8.0,7.0,True,False,0.0,0.0,0.01,-0.0,0.0,0.07,-13.5,-0.5,24.0,15.0,,-3.61,False,2020_09_PIT_DAL
dog 5+,2020,12,DEN,NO,home,17.0,-6.57,10.43,3-31,L,-11.0,-1.55,-5.0,-0.27,-0.0,0.0,1.94,0.0,-1.62,-0.06,offense points -3.1; home +1.9; opp defense points -1.6,-6.51,-6.98,-6.4,-6.98,-6.51,-6.52,-6.08,0.32,10.92,10.0,10.0,True,False,0.0,0.0,0.02,0.0,0.02,0.0,-5.5,-11.5,-4.0,-11.0,,-17.19,False,2020_12_NO_DEN
dog 5+,2020,13,NYJ,LV,home,7.5,-2.16,5.34,28-31,W,4.5,-2.82,-2.31,1.92,-0.0,0.0,1.91,0.0,-1.55,0.69,offense points -2.8; QB rating -2.8; home +1.9,-2.85,-3.06,-2.74,-3.42,-2.85,-2.85,2.67,2.14,10.17,11.0,11.0,False,False,0.0,0.0,0.0,0.02,0.0,1.58,-9.0,1.5,-3.5,11.5,,-3.77,False,2020_13_LV_NYJ
dog 5+,2020,14,CHI,HOU,home,1.0,4.04,5.04,36-7,W,30.0,-2.66,0.27,1.83,-0.0,0.0,1.84,1.86,1.61,-0.72,QB rating -2.7; warm team in cold +1.9; home +1.8,4.76,3.88,4.91,5.57,4.77,4.71,-0.33,1.99,0.67,12.0,12.0,False,False,0.0,0.0,0.0,0.05,0.07,0.0,-3.0,2.0,27.0,30.0,,22.38,False,2020_14_HOU_CHI
dog 5+,2020,14,NYJ,SEA,away,16.5,-10.86,5.64,3-40,L,-20.5,-3.77,-4.27,0.22,0.0,-0.0,-1.84,-0.0,-1.61,0.41,QB rating -3.8; offense points -3.4; home -1.8,-11.27,-11.84,-11.39,-11.4,-11.28,-11.25,-7.59,1.46,8.91,12.0,12.0,False,False,0.0,0.0,0.0,0.02,1.0,0.0,14.0,-2.5,-17.5,-17.5,,-23.83,False,2020_14_NYJ_SEA
dog 5+,2020,17,BUF,MIA,home,3.5,5.45,8.95,56-26,W,33.5,2.68,1.51,-0.24,-0.0,0.0,1.8,0.0,0.0,-0.29,QB rating +2.7; home +1.8; offense points +1.6,5.74,5.74,6.07,5.55,5.74,5.74,3.57,0.84,7.07,15.0,15.0,False,False,0.0,0.0,0.02,0.02,0.66,0.32,5.5,-9.0,25.5,40.5,,17.2,False,2020_17_MIA_BUF
dog 5+,2020,17,PIT,CLE,away,10.5,-1.02,9.48,22-24,W,8.5,-3.93,3.87,1.05,-1.04,-0.0,-1.8,-0.0,-0.0,-0.2,opp defense points +3.0; QB rating -2.9; home -1.8,-0.82,-1.07,-0.98,-0.82,-0.81,-0.82,-1.78,0.35,8.72,15.0,15.0,True,False,1.0,0.0,0.01,0.02,1.81,3.52,4.0,-6.5,2.5,2.5,,-0.86,False,2020_17_PIT_CLE
dog 5+,2020,17,KC,LAC,home,7.0,2.76,9.76,21-38,L,-10.0,-3.48,5.18,-2.22,-0.0,0.0,1.8,0.0,1.76,-0.28,QB rating -3.5; offense points +2.6; opp defense points +2.4,3.04,3.25,3.47,2.34,3.03,3.07,1.1,0.81,8.1,15.0,15.0,True,False,0.0,0.0,0.07,0.04,2.4,0.42,1.5,-8.5,-10.0,-10.0,,-4.49,False,2020_17_LAC_KC
dog 5+,2021,1,DET,SF,home,9.5,-3.6,5.9,33-41,W,1.5,-0.85,-3.41,1.23,-0.0,-2.03,1.79,0.0,0.0,-0.32,opp defense points -2.3; home +1.8; offseason turnover (off) -1.1,-3.27,-3.29,-3.21,-3.68,-3.29,-3.23,-5.2,0.73,4.3,0.0,0.0,True,True,0.0,0.0,0.0,0.01,1.14,1.02,-9.0,-0.5,-11.5,-14.5,won in last 5 min,8.49,False,2021_01_SF_DET
dog 5+,2021,1,HOU,JAX,home,3.5,1.9,5.4,37-21,W,19.5,1.05,1.67,-0.93,-1.07,-1.08,1.79,0.0,0.0,-0.59,QB rating +2.1; home +1.8; offense points +1.3,2.49,2.82,2.44,2.23,2.49,2.5,-1.65,1.58,1.85,0.0,0.0,True,True,1.0,0.0,0.0,-0.0,2.0,1.0,-0.0,-3.5,23.5,26.5,,10.8,False,2021_01_JAX_HOU
dog 5+,2021,1,MIA,NE,away,3.5,2.26,5.76,17-16,W,4.5,1.23,1.33,-1.14,0.0,1.97,-1.79,-0.0,-0.0,0.66,home -1.8; QB rating +1.2; offseason turnover (opp def) +1.1,1.6,1.56,1.04,1.85,1.61,1.55,6.63,1.94,10.13,0.0,0.0,False,True,0.0,0.0,0.03,-0.0,1.17,0.33,1.0,-2.5,7.5,4.5,,4.08,False,2021_01_MIA_NE
dog 5+,2021,1,NYG,DEN,home,3.0,2.9,5.9,13-27,L,-11.0,-1.38,1.26,0.31,-0.0,0.56,1.79,0.0,0.0,0.36,home +1.8; opp defense points +1.8; QB rating -1.4,2.54,3.07,2.28,2.06,2.53,2.55,5.28,1.09,8.28,0.0,0.0,False,True,0.0,0.0,0.0,0.0,1.09,0.97,-0.0,-3.0,-7.0,-10.0,,-5.23,False,2021_01_DEN_NYG
dog 5+,2021,2,HOU,CLE,away,13.5,-3.71,9.79,21-31,W,3.5,-1.11,-0.81,1.15,0.0,-1.45,-1.77,-0.0,-0.0,0.28,home -1.8; offseason turnover (off) -1.7; QB rating -1.1,-4.0,-3.7,-4.34,-4.03,-4.02,-3.93,-1.98,0.79,11.52,1.0,1.0,False,False,0.0,0.0,0.0,0.02,0.0,0.95,13.0,-0.5,3.5,3.5,,-0.66,True,2021_02_HOU_CLE
dog 5+,2021,3,NO,NE,away,3.0,2.76,5.76,28-13,W,18.0,2.11,3.26,-1.71,0.0,0.55,-1.75,-0.0,-0.0,0.3,QB rating +2.1; offense points +1.8; home -1.7,2.46,2.15,1.94,2.34,2.47,2.43,5.53,1.24,8.53,2.0,2.0,False,False,0.0,0.0,0.04,-0.0,0.0,0.0,0.0,-3.0,18.0,11.0,,4.77,False,2021_03_NO_NE
dog 5+,2021,5,BUF,KC,away,2.5,2.53,5.03,38-20,W,20.5,-3.04,5.0,0.08,0.0,1.86,-1.75,-0.0,-0.0,0.37,QB rating -3.0; opp defense points +3.0; home -1.8,2.16,1.72,2.31,2.37,2.18,2.11,4.88,1.06,7.38,4.0,4.0,False,False,0.0,0.0,0.0,-0.0,0.0,0.22,4.0,1.5,20.5,20.5,,13.05,False,2021_05_BUF_KC
dog 5+,2021,7,DEN,CLE,away,2.0,4.6,6.6,14-17,L,-1.0,2.79,-0.58,2.68,0.8,0.88,-1.72,-0.0,-0.0,0.55,QB rating +2.0; home -1.7; offense points -1.7,4.05,4.26,3.69,4.55,4.06,4.02,7.58,1.34,9.58,6.0,6.0,False,True,0.0,1.0,0.0,0.05,0.0,0.85,6.0,4.0,-8.0,-1.0,,-0.18,False,2021_07_DEN_CLE
dog 5+,2021,7,HOU,ARI,away,20.5,-15.48,5.02,5-31,L,-5.5,-4.12,-7.29,-0.19,0.0,-1.67,-1.72,-0.0,-0.0,-0.51,QB rating -4.1; opp defense points -3.3; offense points -2.9,-14.98,-15.23,-15.62,-14.88,-15.01,-14.89,-17.77,1.04,2.73,6.0,6.0,False,False,0.0,0.0,0.0,0.0,0.0,0.2,14.5,-6.0,1.5,-5.5,,-11.98,False,2021_07_HOU_ARI
dog 5+,2021,8,PIT,CLE,away,5.5,-0.1,5.4,15-10,W,10.5,-0.06,1.0,0.35,0.0,0.51,-1.76,-0.0,-0.0,-0.14,offseason turnover (opp def) +1.9; home -1.8; offseason turnover (off) -1.4,0.03,0.02,-0.47,-0.27,0.05,0.0,-0.08,0.2,5.42,6.0,7.0,False,True,0.0,0.0,0.02,0.02,0.45,0.78,2.5,-3.0,4.5,10.5,,2.91,False,2021_08_PIT_CLE
dog 5+,2021,9,DEN,DAL,away,10.5,-5.13,5.37,30-16,W,24.5,-0.97,-2.13,-0.02,0.0,-0.0,-1.74,-0.0,-0.0,-0.27,offense points -3.1; home -1.7; opp defense points +1.2,-4.85,-5.72,-4.89,-5.07,-4.86,-4.84,-5.66,0.39,4.84,8.0,7.0,False,True,0.0,0.0,0.01,0.01,1.71,0.0,7.5,-3.0,29.5,40.5,,1.2,False,2021_09_DEN_DAL
dog 5+,2021,11,HOU,TEN,away,10.5,-5.47,5.03,22-13,W,19.5,-1.91,-5.76,4.43,0.0,-0.0,-1.71,-0.0,-0.0,-0.52,offense points -3.7; skill players out +2.2; QB rating -1.9,-4.95,-4.78,-5.26,-4.34,-4.95,-4.94,-9.04,1.6,1.46,9.0,10.0,False,False,0.0,0.0,-0.0,0.08,0.06,0.01,10.5,-0.0,23.5,16.5,,17.84,False,2021_11_HOU_TEN
dog 5+,2021,12,GB,LA,home,2.0,4.24,6.24,36-28,W,10.0,1.41,0.52,0.24,-0.0,0.0,1.66,0.0,0.0,0.42,home +1.7; QB rating +1.4; opp defense points +0.9,3.83,3.8,4.01,4.26,3.82,3.83,6.15,0.86,8.15,11.0,10.0,False,False,0.0,0.0,0.01,0.02,0.83,0.0,1.5,-3.5,21.0,13.0,,-2.66,False,2021_12_LA_GB
dog 5+,2021,17,HOU,SF,away,14.0,-7.05,6.95,7-23,L,-2.0,0.5,-5.0,0.5,1.02,-0.0,-1.69,-0.0,-1.94,0.58,offense points -2.3; opp defense points -2.1; home -1.7,-7.62,-6.99,-7.89,-8.39,-7.61,-7.66,-3.17,1.76,10.83,15.0,15.0,False,True,0.0,1.0,0.02,0.03,2.11,0.81,15.0,1.0,11.0,4.0,lost in last 5 min,-6.73,False,2021_17_HOU_SF
dog 5+,2022,1,SEA,DEN,home,6.0,0.11,6.11,17-16,W,7.0,-2.86,0.67,1.11,-0.0,-0.32,1.77,0.0,0.0,-0.26,QB rating -2.9; home +1.8; offense points +1.3,0.37,0.09,0.81,-0.71,0.36,0.41,-0.56,0.55,5.44,0.0,0.0,True,True,0.0,0.0,0.0,0.01,0.0,0.96,,,10.0,7.0,,2.2,False,2022_01_DEN_SEA
dog 5+,2022,2,SEA,SF,away,8.5,-1.8,6.7,7-27,L,-11.5,0.29,-0.96,0.81,0.0,-0.37,-1.75,-0.0,-0.0,0.18,home -1.7; opp defense points -0.9; offseason turnover (opp def) -0.5,-1.99,-1.68,-1.35,-3.17,-1.99,-1.98,-0.47,0.81,8.03,1.0,1.0,False,False,0.0,0.0,0.0,0.02,0.0,0.0,,,-4.5,-4.5,,-19.23,False,2022_02_SEA_SF
dog 5+,2022,2,ARI,LV,away,5.5,1.33,6.83,29-23,W,11.5,0.05,0.23,0.04,0.0,2.94,-1.75,-0.0,-0.0,-0.18,offseason turnover (opp def) +2.0; home -1.7; offseason turnover (off) +0.9,1.51,1.53,1.36,1.89,1.52,1.47,0.04,0.59,5.54,1.0,1.0,False,False,0.0,0.0,0.02,0.0,0.32,1.27,,,-10.5,-2.5,won in last 5 min,10.45,False,2022_02_ARI_LV
dog 5+,2022,3,PIT,CLE,away,4.5,0.85,5.35,17-29,L,-7.5,0.56,-0.09,1.33,0.0,0.89,-1.78,-0.0,-0.0,-0.05,home -1.8; offseason turnover (opp def) +0.7; QB rating +0.6,0.9,1.11,0.73,-0.12,0.92,0.85,1.58,0.51,6.08,2.0,2.0,False,False,0.0,0.0,0.0,0.02,0.0,0.86,,,2.5,-4.5,,-0.73,False,2022_03_PIT_CLE
dog 5+,2022,3,NE,BAL,home,2.5,3.75,6.25,26-37,L,-8.5,-1.36,1.96,0.42,-0.0,0.7,1.78,0.0,0.0,0.25,home +1.8; opp defense points +1.4; QB rating -1.4,3.5,4.34,3.6,3.94,3.5,3.5,3.88,0.32,6.38,2.0,2.0,False,False,0.0,0.0,0.01,0.02,0.0,0.01,,,-8.5,-2.5,,-8.67,False,2022_03_BAL_NE
dog 5+,2022,3,TEN,LV,home,1.5,4.73,6.23,24-22,W,3.5,0.69,1.22,0.24,-0.0,0.95,1.78,0.0,0.0,-0.15,home +1.8; opp defense points +1.0; offseason turnover (opp def) +0.9,4.88,4.51,4.69,5.32,4.89,4.85,3.97,0.42,5.47,2.0,2.0,False,False,0.0,0.0,-0.0,0.01,0.25,0.0,,,12.5,12.5,,-10.86,False,2022_03_LV_TEN
dog 5+,2022,3,DAL,NYG,away,1.0,4.43,5.43,23-16,W,8.0,-0.13,3.98,0.5,0.0,1.21,-1.78,-0.0,-0.0,0.65,offense points +2.7; home -1.8; opp defense points +0.8,3.78,3.52,2.95,3.72,3.78,3.78,9.45,2.23,10.45,2.0,2.0,False,False,0.0,0.0,0.0,0.0,0.0,0.59,,,1.0,11.0,,1.59,False,2022_03_DAL_NYG
dog 5+,2022,5,CIN,BAL,away,3.0,2.22,5.22,17-19,W,1.0,-0.34,1.92,1.24,0.0,1.62,-1.75,-0.0,-0.0,-0.46,home -1.8; opp defense points +1.3; offseason turnover (opp def) +1.3,2.69,2.3,1.97,2.7,2.69,2.66,0.57,0.78,3.57,4.0,4.0,False,False,0.0,0.0,0.0,0.02,0.0,0.0,,,-0.0,-3.0,won in last 5 min,-4.24,False,2022_05_CIN_BAL
dog 5+,2022,8,LA,SF,home,1.0,5.19,6.19,14-31,L,-16.0,-0.53,-0.24,3.0,-0.0,1.54,1.74,0.0,0.0,-0.32,home +1.7; skill players out +1.4; offseason turnover (opp def) +1.2,5.51,5.97,5.48,5.94,5.53,5.47,2.47,1.22,3.47,6.0,7.0,False,False,0.0,0.0,-0.01,0.04,0.14,0.56,,,-2.0,-16.0,,-7.5,False,2022_08_SF_LA
dog 5+,2022,9,HOU,PHI,home,14.0,-8.17,5.83,17-29,W,2.0,-3.79,-5.4,-0.18,-0.0,0.0,1.76,0.0,0.0,-0.56,QB rating -3.8; offense points -2.9; home +1.8,-7.61,-8.14,-7.57,-7.79,-7.6,-7.63,-10.83,1.19,3.17,7.0,7.0,False,False,0.0,0.0,0.0,0.0,0.69,0.25,,,10.0,2.0,,-1.68,False,2022_09_PHI_HOU
dog 5+,2022,9,ATL,LAC,home,2.5,2.73,5.23,17-20,L,-0.5,-0.92,-0.74,2.69,-0.0,0.0,1.76,0.0,0.0,-0.06,home +1.8; skill players out +1.2; QB rating -0.9,2.79,3.28,3.07,1.72,2.8,2.78,2.69,0.49,5.19,8.0,7.0,False,False,0.0,0.0,0.0,0.05,1.0,1.18,,,5.5,2.5,lost in last 5 min,-4.0,False,2022_09_LAC_ATL
dog 5+,2022,11,ARI,SF,home,10.0,-4.11,5.89,10-38,L,-18.0,-3.0,-2.35,-0.76,-0.0,0.0,1.77,0.0,0.0,0.23,QB rating -3.0; opp defense points -2.3; home +1.8,-4.33,-3.85,-3.84,-4.29,-4.33,-4.33,-3.78,0.27,6.22,10.0,9.0,False,False,0.0,0.0,0.03,0.01,0.13,0.0,,,-11.0,-18.0,,-17.94,False,2022_11_SF_ARI
dog 5+,2022,12,HOU,MIA,away,14.0,-8.91,5.09,15-30,L,-1.0,-2.82,-3.86,1.09,0.0,-0.0,-1.73,-0.0,-1.97,0.37,QB rating -2.8; offense points -2.5; home -1.7,-9.28,-9.44,-9.04,-9.83,-9.28,-9.29,-6.21,1.21,7.79,10.0,10.0,True,False,0.0,0.0,0.0,0.02,0.0,0.15,,,-10.0,-1.0,,-3.57,False,2022_12_HOU_MIA
dog 5+,2022,13,ATL,PIT,home,1.0,4.78,5.78,16-19,L,-2.0,1.88,-0.37,-0.29,-0.0,0.0,1.74,0.0,1.95,-0.14,QB rating +1.9; home +1.7; opp out of the race +1.3,4.93,5.42,4.97,4.26,4.94,4.9,4.07,0.46,5.07,12.0,11.0,False,False,0.0,0.0,0.01,0.0,0.0,0.0,,,-5.0,-2.0,,-3.78,False,2022_13_PIT_ATL
dog 5+,2022,15,DET,NYJ,away,2.0,3.22,5.22,20-17,W,5.0,4.42,-0.85,1.12,1.3,-0.0,-1.75,-0.0,-0.0,0.28,QB rating +3.1; opp defense points -2.0; home -1.8,2.94,3.34,2.69,2.89,2.94,2.93,4.82,0.73,6.82,13.0,13.0,False,True,0.0,1.0,0.0,0.02,0.0,0.0,,,5.0,5.0,,6.7,False,2022_15_DET_NYJ
dog 5+,2023,1,LV,DEN,away,3.0,2.13,5.13,17-16,W,4.0,1.74,0.43,1.11,0.0,0.2,-1.8,-0.0,-0.0,0.45,home -1.8; QB rating +1.7; offense points +1.1,1.68,1.87,1.69,1.79,1.68,1.67,4.5,1.05,7.5,0.0,0.0,True,False,0.0,0.0,-0.0,0.01,0.0,1.16,,,-0.0,4.0,,0.08,False,2023_01_LV_DEN
dog 5+,2023,8,NYG,NYJ,home,3.0,2.65,5.65,10-13,P,0.0,2.78,-2.43,0.57,-0.0,-0.04,1.82,0.0,0.0,-0.05,QB rating +2.8; home +1.8; opp defense points -1.6,2.7,3.13,2.41,3.6,2.7,2.7,1.31,0.71,4.31,7.0,6.0,False,False,0.0,0.0,-0.0,0.01,0.0,0.0,,,6.0,6.0,,-3.76,True,2023_08_NYJ_NYG
dog 5+,2023,11,LV,MIA,away,14.0,-7.69,6.31,13-20,W,7.0,-3.72,-2.33,0.38,0.0,-0.0,-1.84,-0.0,-0.0,-0.19,QB rating -3.7; offense points -3.3; home -1.8,-7.5,-7.08,-7.86,-7.76,-7.5,-7.49,-8.63,0.48,5.37,10.0,9.0,False,False,0.0,0.0,0.0,0.0,0.0,0.0,,,7.0,7.0,,1.58,False,2023_11_LV_MIA
dog 5+,2023,13,CIN,JAX,away,10.0,-4.92,5.08,34-31,W,13.0,-2.46,-0.81,-0.08,0.0,-0.0,-1.82,-0.0,-0.0,0.26,QB rating -2.5; home -1.8; offense points -0.6,-5.18,-5.03,-4.97,-5.41,-5.2,-5.12,-3.54,0.63,6.46,11.0,11.0,False,False,0.0,0.0,0.0,0.0,0.0,0.0,,,3.0,10.0,,1.51,False,2023_13_CIN_JAX
dog 5+,2024,4,NO,ATL,away,2.5,2.76,5.26,24-26,W,0.5,-0.21,4.28,-0.65,0.0,0.48,-1.86,-0.0,-0.0,0.72,offense points +2.7; home -1.9; opp defense points +1.4,2.04,1.48,2.12,2.38,2.04,2.04,7.22,1.99,9.72,3.0,3.0,False,False,0.0,0.0,0.0,0.0,1.03,0.0,,,-0.5,-3.5,won in last 5 min,-5.84,False,2024_04_NO_ATL
dog 5+,2024,4,TB,PHI,home,1.0,4.66,5.66,33-16,W,18.0,-1.3,1.39,1.18,-0.0,1.79,1.86,0.0,0.0,-0.26,home +1.9; opp defense points +1.8; QB rating -1.3,4.92,4.97,4.68,4.6,4.94,4.86,3.64,0.47,4.64,3.0,3.0,False,False,0.0,0.0,0.0,0.03,0.77,0.0,,,15.0,18.0,,13.37,False,2024_04_PHI_TB
dog 5+,2024,8,ARI,MIA,away,4.0,1.91,5.91,28-27,W,5.0,4.59,-0.73,0.66,1.1,-0.54,-1.82,-0.0,-0.0,-0.24,QB rating +3.5; home -1.8; offseason turnover (off) -1.4,2.15,2.15,2.6,1.75,2.15,2.17,0.41,0.71,4.41,7.0,6.0,False,False,0.0,1.0,0.0,0.0,0.0,1.63,,,2.0,2.0,,3.9,False,2024_08_ARI_MIA
dog 5+,2024,10,CAR,NYG,home,6.5,-1.08,5.42,20-17,W,9.5,-0.03,-3.17,-0.05,-0.0,0.0,1.84,0.0,0.0,0.32,opp defense points -2.6; home +1.8; opp defense EPA -0.3,-1.41,-1.21,-1.02,-1.66,-1.4,-1.42,0.53,0.74,7.03,9.0,9.0,True,False,0.0,0.0,0.03,0.03,0.0,0.0,,,16.5,9.5,,10.69,True,2024_10_NYG_CAR
dog 5+,2025,2,ATL,MIN,away,3.5,2.55,6.05,22-6,W,19.5,2.93,-1.81,1.45,0.0,2.02,-1.89,-0.0,-0.0,-0.14,QB rating +2.9; home -1.9; offseason turnover (off) +1.6,2.69,2.73,2.85,2.87,2.71,2.65,1.35,0.54,4.85,1.0,1.0,False,False,0.0,0.0,0.0,0.01,0.95,1.79,,,9.5,12.5,,13.9,False,2025_02_ATL_MIN
dog 5+,2025,2,TB,HOU,away,2.5,3.53,6.03,20-19,W,3.5,1.4,1.57,0.75,0.0,1.56,-1.89,-0.0,-0.0,0.15,offense points +2.0; home -1.9; QB rating +1.4,3.38,3.57,3.47,3.2,3.39,3.37,4.33,0.37,6.83,1.0,1.0,False,False,0.0,0.0,0.03,0.04,0.0,0.0,,,6.5,3.5,,-2.54,False,2025_02_TB_HOU
dog 5+,2025,3,ARI,SF,away,1.5,3.8,5.3,15-16,W,0.5,1.68,1.06,1.58,0.0,1.22,-1.88,-0.0,-0.0,0.15,home -1.9; skill players out +1.7; QB rating +1.7,3.66,3.55,4.2,3.23,3.67,3.61,4.71,0.49,6.21,2.0,2.0,False,False,0.0,0.0,-0.0,0.05,0.0,0.0,,,1.5,1.5,,-1.32,False,2025_03_ARI_SF
dog 5+,2025,4,PIT,MIN,home,2.5,3.22,5.72,24-21,W,5.5,1.37,-2.16,1.5,-0.0,0.56,1.91,0.0,0.0,0.03,home +1.9; QB rating +1.4; opp defense points -0.9,3.19,2.58,2.74,2.91,3.2,3.17,4.77,0.72,7.27,3.0,3.0,False,False,0.0,0.0,0.0,0.03,0.0,0.14,,,17.5,12.5,,-2.35,False,2025_04_MIN_PIT
dog 5+,2025,6,BAL,LA,home,7.0,-1.72,5.28,3-17,L,-7.0,-3.49,-0.32,0.24,-0.0,0.16,1.92,0.0,0.0,-0.23,QB rating -3.5; opp defense points -2.0; home +1.9,-1.5,-1.9,-1.11,-1.36,-1.5,-1.48,-3.2,0.69,3.8,5.0,5.0,False,False,0.0,0.0,0.0,0.0,0.0,0.44,,,-7.0,-7.0,,-3.46,True,2025_06_LA_BAL
dog 5+,2025,7,MIA,CLE,away,2.5,3.5,6.0,6-31,L,-22.5,4.19,2.23,-0.59,0.0,-0.14,-1.93,-0.0,-0.0,-0.26,QB rating +4.2; offense points +2.5; home -1.9,3.76,3.91,2.61,3.41,3.76,3.76,3.29,0.45,5.79,6.0,6.0,False,False,0.0,0.0,0.03,0.01,0.0,0.0,,,-15.5,-22.5,,-16.79,False,2025_07_MIA_CLE
dog 5+,2025,10,NYJ,CLE,home,1.5,4.58,6.08,27-20,W,8.5,2.66,0.46,-0.03,-0.0,0.0,1.92,0.0,0.0,-0.42,QB rating +2.7; home +1.9; offense points +1.6,5.0,5.55,4.11,4.73,5.01,5.0,2.69,0.94,4.19,8.0,8.0,True,False,0.0,0.0,0.0,0.01,0.0,0.0,,,1.5,11.5,,3.12,True,2025_10_CLE_NYJ
dog 5+,2025,11,NYJ,NE,away,12.5,-6.52,5.98,14-27,L,-0.5,-1.87,-3.12,0.44,0.0,-0.0,-1.92,-0.0,-0.0,-0.04,home -1.9; QB rating -1.9; opp defense points -1.7,-6.48,-6.31,-5.64,-6.78,-6.48,-6.48,-7.45,0.54,5.05,9.0,10.0,False,False,0.0,0.0,0.01,0.02,0.39,0.68,,,5.5,-0.5,,-4.9,True,2025_11_NYJ_NE
dog 5+,2025,15,IND,SEA,away,13.5,-5.73,7.77,16-18,W,11.5,0.9,-3.51,-1.33,0.0,-0.0,-1.91,-0.0,-0.0,0.11,opp defense points -2.5; home -1.9; QB rating +0.9,-5.85,-6.01,-5.02,-6.14,-5.85,-5.83,-5.44,0.38,8.06,13.0,13.0,True,False,0.0,0.0,0.01,0.0,0.79,0.0,,,17.5,14.5,,0.81,False,2025_15_IND_SEA
dog 5+,2025,16,IND,SF,home,4.5,1.76,6.26,27-48,L,-16.5,-1.77,0.33,1.24,-0.0,0.0,1.91,0.0,0.0,0.04,home +1.9; QB rating -1.8; opp defense snaps out +0.6,1.71,1.4,2.49,1.0,1.71,1.72,2.26,0.5,6.76,14.0,14.0,False,False,0.0,0.0,0.01,0.03,0.57,0.98,,,-9.5,-9.5,,-16.26,False,2025_16_SF_IND
dog 5+,2025,17,KC,DEN,home,13.5,-4.61,8.89,13-20,W,6.5,-3.98,-0.87,0.15,-0.0,0.0,1.89,0.0,-1.84,0.03,QB rating -4.0; home +1.9; opp out of the race -1.3,-4.64,-4.34,-4.87,-3.99,-4.65,-4.62,-5.15,0.37,8.35,15.0,15.0,True,False,0.0,0.0,0.03,0.03,0.4,0.71,,,10.5,13.5,,1.46,False,2025_17_DEN_KC
dog 5+,2026,2,ATL,CAR,home,2.5,5.9,8.4,3-34,L,-28.5,2.06,1.65,0.24,-0.0,0.3,1.88,0.0,0.0,-0.22,QB rating +2.1; home +1.9; opp defense points +1.3,6.12,6.27,6.65,5.99,6.13,6.1,4.06,0.84,6.56,1.0,1.0,True,False,0.0,0.0,-0.0,-0.0,0.0,0.52,,,-28.5,-28.5,,-30.24,True,2026_02_CAR_ATL
dog 4-5,2015,1,CLE,NYJ,away,3.5,0.52,4.02,10-31,L,-17.5,1.27,1.06,1.56,2.0,0.38,-2.7,-0.0,-0.0,-1.05,home -2.7; QB out +2.0; offense snaps out +1.5,1.56,0.89,1.69,0.54,1.56,1.59,-4.2,2.12,-0.7,0.0,0.0,True,True,0.0,1.0,0.0,0.0,0.0,0.0,2.5,-1.0,,,,-18.32,True,2015_01_CLE_NYJ
dog 4-5,2015,2,DEN,KC,away,3.0,1.2,4.2,31-24,W,10.0,1.14,0.47,2.39,0.0,0.01,-2.68,-0.0,-0.0,-0.14,home -2.7; opp skill players out +2.4; offense points +1.7,1.34,1.38,1.5,2.52,1.33,1.34,-1.01,1.07,1.99,1.0,1.0,False,False,0.0,0.0,0.0,0.03,1.0,1.0,2.5,-0.5,,,,11.49,False,2015_02_DEN_KC
dog 4-5,2015,2,NE,BUF,away,2.0,2.98,4.98,40-32,W,10.0,3.71,1.14,0.05,0.0,0.02,-2.68,-0.0,-0.0,0.74,QB rating +3.7; offense points +3.2; home -2.7,2.23,3.05,2.68,2.52,2.26,2.17,5.93,1.34,7.93,1.0,1.0,False,False,0.0,0.0,0.02,0.01,2.17,2.11,-1.5,-3.5,,,,-1.7,False,2015_02_NE_BUF
dog 4-5,2015,2,DAL,PHI,away,7.0,-2.61,4.39,20-10,W,17.0,1.67,0.53,-2.44,-0.96,0.07,-2.68,-0.0,-0.0,0.24,home -2.7; QB rating +2.6; opp skill players out -1.6,-2.85,-3.37,-3.36,-3.38,-2.86,-2.82,0.35,1.33,7.35,1.0,1.0,False,False,1.0,0.0,0.02,0.0,3.02,1.67,5.0,-2.0,,,,3.14,False,2015_02_DAL_PHI
dog 4-5,2015,4,CLE,LAC,away,4.5,0.49,4.99,27-30,W,1.5,-0.92,-0.59,4.37,0.0,0.71,-2.64,-0.0,-0.0,-0.45,home -2.6; opp skill players out +2.1; offense snaps out +1.6,0.94,-0.47,1.09,0.09,0.95,0.91,-0.08,0.63,4.42,3.0,3.0,False,False,0.0,0.0,0.0,0.02,0.0,2.33,7.0,2.5,,,,-1.77,False,2015_04_CLE_SD
dog 4-5,2015,5,DAL,NE,home,8.0,-3.13,4.87,6-30,L,-16.0,-3.07,-3.43,1.38,-0.0,-0.03,2.63,0.0,0.0,-0.61,QB rating -3.1; home +2.6; offense points -2.5,-2.52,-2.34,-3.21,-2.93,-2.59,-2.36,-5.95,1.28,2.05,4.0,3.0,False,False,0.0,0.0,0.01,0.02,0.79,0.86,-7.0,-1.0,,,,-19.64,False,2015_05_NE_DAL
dog 4-5,2015,6,HOU,JAX,away,2.5,1.53,4.03,31-20,W,13.5,0.92,3.19,-0.35,0.0,0.14,-2.52,-0.0,-0.0,0.14,home -2.5; opp defense points +1.5; offense points +1.3,1.39,1.31,1.29,2.54,1.39,1.4,1.36,0.45,3.86,5.0,5.0,True,False,0.0,0.0,0.01,0.0,0.0,0.39,,,,,,4.3,False,2015_06_HOU_JAX
dog 4-5,2015,6,CAR,SEA,away,7.0,-2.76,4.24,27-23,W,11.0,-0.82,-2.07,1.68,0.0,-0.03,-2.52,-0.0,-0.0,1.01,home -2.5; opp defense points -1.7; opp skill players out +1.2,-3.77,-4.36,-3.71,-3.56,-3.76,-3.77,3.64,2.83,10.64,4.0,5.0,False,False,0.0,0.0,0.0,0.02,0.02,0.46,,,,,,-3.47,False,2015_06_CAR_SEA
dog 4-5,2015,6,IND,NE,home,8.0,-3.59,4.41,27-34,W,1.0,-1.72,-5.04,0.7,-0.0,0.06,2.52,0.0,0.0,-0.12,offense points -3.8; home +2.5; QB rating -1.7,-3.47,-3.68,-3.68,-3.24,-3.49,-3.43,-4.15,0.29,3.85,5.0,4.0,True,False,0.0,0.0,0.01,0.02,1.77,1.28,,,,,,6.06,False,2015_06_NE_IND
dog 4-5,2015,7,HOU,MIA,away,4.5,-0.38,4.12,26-44,L,-13.5,0.22,0.38,1.3,0.0,0.25,-2.52,-0.0,-0.0,-0.02,home -2.5; opp skill players out +0.8; opp defense snaps out +0.4,-0.36,-2.03,-0.11,0.98,-0.39,-0.29,-0.44,0.88,4.06,6.0,5.0,False,False,0.0,0.0,-0.01,0.01,0.78,1.42,5.5,1.0,,,,0.9,False,2015_07_HOU_MIA
dog 4-5,2015,10,HOU,CIN,away,10.0,-5.55,4.45,10-6,W,14.0,-0.96,-2.95,0.37,0.0,-0.0,-2.65,-0.0,-0.0,0.64,home -2.6; opp defense points -2.1; offense points -1.6,-6.18,-6.52,-6.09,-4.85,-6.2,-6.13,-2.86,1.3,7.14,8.0,8.0,False,False,0.0,0.0,0.0,0.0,0.0,0.93,12.0,2.0,,,,2.02,False,2015_10_HOU_CIN
dog 4-5,2015,12,TEN,LV,home,1.0,3.63,4.63,21-24,L,-2.0,0.46,-0.7,1.65,-0.0,0.0,2.43,0.0,0.0,-0.2,home +2.4; offense points -2.2; opp defense points +1.1,3.83,4.7,3.46,4.51,3.86,3.75,1.31,1.11,2.31,10.0,10.0,False,False,0.0,0.0,0.0,0.0,0.17,1.75,-2.0,1.0,,,,1.4,False,2015_12_OAK_TEN
dog 4-5,2015,13,BAL,MIA,away,3.5,0.61,4.11,13-15,W,1.5,-0.26,2.43,0.45,0.0,-0.0,-2.49,-0.0,-0.0,0.48,home -2.5; opp defense points +1.1; offense points +0.9,0.13,-0.02,-0.15,0.87,0.12,0.15,3.15,1.17,6.65,11.0,11.0,False,False,0.0,0.0,0.0,0.01,0.25,0.68,3.5,-0.0,,,,-4.09,False,2015_13_BAL_MIA
dog 4-5,2015,14,BAL,SEA,home,10.5,-6.11,4.39,6-35,L,-18.5,-4.45,-4.28,1.43,-0.0,0.0,2.36,0.0,-2.05,0.88,QB rating -4.5; opp defense points -2.4; home +2.4,-6.99,-6.73,-7.17,-6.61,-6.99,-6.97,-1.3,2.13,9.2,12.0,12.0,True,False,0.0,0.0,0.0,0.04,0.28,0.0,-10.0,-0.5,,,,-17.03,False,2015_14_SEA_BAL
dog 4-5,2015,16,NYG,MIN,away,7.0,-2.73,4.27,17-49,L,-25.0,0.58,-1.36,0.01,0.0,-0.0,-2.37,0.52,-0.0,-0.1,opp defense points -2.8; home -2.4; offense points +1.8,-2.63,-2.39,-2.54,-3.05,-2.61,-2.66,-3.23,0.3,3.77,14.0,14.0,False,False,0.0,0.0,0.0,0.0,0.0,0.0,6.5,-0.5,,,,-24.11,False,2015_16_NYG_MIN
dog 4-5,2015,17,WAS,DAL,away,3.0,1.87,4.87,34-23,W,14.0,2.89,0.11,-0.58,0.0,-0.0,-2.41,-0.0,2.01,-0.15,QB rating +2.9; home -2.4; offense points +1.8,2.02,1.63,1.42,2.33,2.03,2.0,1.64,0.32,4.64,15.0,15.0,False,False,0.0,0.0,-0.0,0.0,0.0,0.0,1.0,-2.0,,,,11.8,True,2015_17_WAS_DAL
dog 4-5,2016,1,BUF,BAL,away,3.0,1.06,4.06,7-13,L,-3.0,0.42,1.52,0.8,0.0,0.13,-2.4,-0.0,-0.0,0.59,home -2.4; opp defense points +0.9; offense points +0.8,0.47,0.01,0.7,0.06,0.44,0.52,5.19,1.84,8.19,0.0,0.0,False,True,0.0,0.0,0.0,0.01,0.47,1.36,2.5,-0.5,-0.0,-3.0,,1.36,False,2016_01_BUF_BAL
dog 4-5,2016,5,SF,ARI,home,3.5,0.66,4.16,21-33,L,-8.5,1.76,-4.11,0.72,2.05,-0.1,2.48,0.0,0.0,-0.1,home +2.5; offense points -2.1; QB out +2.0,0.76,0.51,1.41,0.01,0.76,0.75,0.4,0.43,3.9,4.0,4.0,False,True,0.0,1.0,-0.0,0.01,0.0,0.83,-2.5,-1.0,-3.5,-6.5,,-10.94,False,2016_05_ARI_SF
dog 4-5,2016,5,CLE,NE,home,10.0,-5.86,4.14,13-33,L,-10.0,-0.83,-6.17,0.17,2.05,-1.6,2.48,0.0,0.0,0.09,opp defense points -4.0; QB rating -2.9; home +2.5,-5.95,-5.3,-5.93,-4.63,-6.02,-5.79,-7.39,0.84,2.61,4.0,4.0,False,True,0.0,1.0,0.0,0.01,1.1,0.33,-10.0,0.0,-13.0,-10.0,,-5.6,True,2016_05_NE_CLE
dog 4-5,2016,8,BUF,NE,home,5.5,-0.91,4.59,25-41,L,-10.5,-1.31,-1.8,-0.93,-0.0,0.05,2.46,0.0,0.0,0.62,home +2.5; opp defense points -1.6; QB rating -1.3,-1.53,-1.58,-1.37,-1.57,-1.52,-1.55,2.74,1.61,8.24,7.0,7.0,False,False,0.0,0.0,0.05,0.01,0.94,0.0,-5.5,0.0,-15.5,-18.5,,-7.11,False,2016_08_NE_BUF
dog 4-5,2016,10,HOU,JAX,away,3.0,1.08,4.08,24-21,W,6.0,-0.46,3.2,0.13,0.0,-0.0,-2.43,-0.0,-0.0,0.64,opp defense points +3.6; home -2.4; offense points -0.8,0.44,1.06,0.23,1.3,0.44,0.43,3.67,1.2,6.67,8.0,8.0,False,False,0.0,0.0,0.0,0.0,0.19,0.0,-1.5,-4.5,11.0,14.0,,-0.75,False,2016_10_HOU_JAX
dog 4-5,2017,1,WAS,PHI,home,2.0,2.87,4.87,17-30,L,-11.0,2.01,-0.48,-0.36,-0.0,-0.82,2.55,0.0,0.0,-0.04,home +2.5; QB rating +2.0; offseason turnover (opp def) -0.9,2.91,3.26,3.2,2.08,2.91,2.91,2.8,0.38,4.8,0.0,0.0,False,False,0.0,0.0,0.0,0.0,0.0,0.0,3.0,-5.0,0.0,0.0,,-8.09,False,2017_01_PHI_WAS
dog 4-5,2017,3,SF,LA,home,3.0,1.09,4.09,39-41,W,1.0,2.12,-1.79,-0.34,-0.0,-0.74,2.51,0.0,0.0,-0.67,home +2.5; QB rating +2.1; opp defense points -0.8,1.76,1.68,2.05,1.53,1.76,1.77,-2.9,1.77,0.1,2.0,2.0,False,False,0.0,0.0,-0.0,0.0,0.0,0.0,-2.5,-0.5,-11.0,-5.0,won in last 5 min,-6.03,False,2017_03_LA_SF
dog 4-5,2017,3,NYJ,MIA,home,5.5,-1.19,4.31,20-6,W,19.5,-0.34,-2.98,0.11,-0.0,-0.64,2.51,0.0,0.0,0.14,home +2.5; offense points -1.5; opp defense points -1.5,-1.33,-2.01,-1.15,-0.91,-1.33,-1.33,-0.27,0.52,5.23,2.0,1.0,False,False,0.0,0.0,0.0,0.0,0.25,0.36,-6.5,1.0,25.5,25.5,,3.4,False,2017_03_MIA_NYJ
dog 4-5,2017,3,ARI,DAL,home,3.0,1.4,4.4,17-28,L,-8.0,-0.93,0.14,0.09,-0.0,-0.23,2.51,0.0,0.0,-0.18,home +2.5; QB rating -0.9; opp defense points -0.6,1.58,1.17,1.8,1.53,1.59,1.56,0.56,0.41,3.56,2.0,2.0,False,False,0.0,0.0,0.03,0.0,0.0,0.38,-3.5,0.5,3.0,-8.0,,-3.19,False,2017_03_DAL_ARI
dog 4-5,2017,4,IND,SEA,away,12.5,-8.0,4.5,18-46,L,-15.5,-2.42,-2.46,0.13,0.0,-0.87,-2.55,-0.0,-0.0,0.16,opp defense points -3.0; home -2.5; QB rating -2.4,-8.16,-7.42,-8.45,-8.49,-8.18,-8.1,-7.18,0.51,5.32,3.0,3.0,False,False,0.0,0.0,0.0,0.0,0.0,0.0,13.0,0.5,-1.5,-8.5,,-14.56,False,2017_04_IND_SEA
dog 4-5,2017,6,MIA,ATL,away,14.0,-9.6,4.4,20-17,W,17.0,-3.01,-3.66,0.19,0.0,-0.7,-2.48,-0.0,-0.0,0.05,offense points -5.2; QB rating -3.0; home -2.5,-9.66,-9.97,-10.08,-9.5,-9.68,-9.59,-8.73,0.44,5.27,4.0,4.0,False,False,0.0,0.0,0.01,0.01,0.05,0.2,10.0,-4.0,11.0,14.0,,7.51,False,2017_06_MIA_ATL
dog 4-5,2017,7,LAC,DEN,home,1.0,3.4,4.4,21-0,W,22.0,1.42,-2.05,0.74,-0.0,0.35,2.44,0.0,0.0,0.5,home +2.4; opp defense points -2.1; QB rating +1.4,2.9,3.28,3.42,2.73,2.9,2.9,5.66,1.03,6.66,6.0,5.0,False,False,0.0,0.0,-0.0,0.02,0.0,0.19,-1.0,0.0,15.0,22.0,,12.87,False,2017_07_DEN_LAC
dog 4-5,2017,8,CLE,MIN,home,11.0,-6.93,4.07,16-33,L,-6.0,-2.07,-5.51,-0.07,-0.0,-1.33,2.47,0.0,0.0,-0.42,opp defense points -3.5; home +2.5; QB rating -2.1,-6.51,-6.76,-6.16,-6.35,-6.54,-6.44,-9.77,1.26,1.23,7.0,7.0,False,False,0.0,0.0,0.02,0.01,0.59,1.0,-8.5,-2.5,4.0,-3.0,,-14.75,False,2017_08_MIN_CLE
dog 4-5,2017,12,DAL,LAC,home,1.0,3.33,4.33,6-28,L,-21.0,0.3,-0.64,-0.77,-0.0,0.0,2.46,0.0,2.11,-0.13,home +2.5; opp out of the race +1.2; out of the race +0.9,3.46,3.72,3.43,3.67,3.48,3.42,2.12,0.55,3.12,10.0,10.0,False,False,0.0,0.0,0.04,-0.0,0.0,0.0,1.0,-2.0,-15.0,-21.0,,-7.73,False,2017_12_LAC_DAL
dog 4-5,2017,13,ARI,LA,home,7.5,-2.71,4.79,16-32,L,-8.5,-1.87,-3.38,-0.21,-0.0,0.0,2.45,0.0,0.0,0.3,home +2.4; opp defense points -2.2; QB rating -1.9,-3.01,-2.26,-2.74,-2.6,-3.03,-2.98,-2.35,0.32,5.15,11.0,11.0,False,False,0.0,0.0,0.03,0.01,0.0,0.3,-7.5,0.0,-2.5,-5.5,,-12.19,False,2017_13_LA_ARI
dog 4-5,2017,15,CIN,MIN,away,12.5,-8.25,4.25,7-34,L,-14.5,0.47,-3.95,0.38,0.0,-0.0,-2.48,-0.0,-1.91,-0.77,home -2.5; offense points -2.4; opp defense points -1.7,-7.49,-7.66,-7.22,-9.58,-7.49,-7.46,-10.88,1.41,1.62,13.0,13.0,False,False,0.0,0.0,0.02,0.01,0.0,0.23,10.0,-2.5,-14.5,-14.5,,-11.84,False,2017_15_CIN_MIN
dog 4-5,2017,15,TEN,SF,away,2.5,2.0,4.5,23-25,W,0.5,-0.55,2.51,0.39,0.0,-0.0,-2.48,-0.0,1.91,0.23,home -2.5; opp defense points +1.2; offense points +1.2,1.77,2.43,2.27,1.02,1.77,1.76,2.98,0.62,5.48,13.0,13.0,False,False,0.0,0.0,0.0,0.02,0.0,0.0,1.0,-1.5,-0.5,3.5,,-2.51,False,2017_15_TEN_SF
dog 4-5,2018,2,TEN,HOU,home,3.5,1.46,4.96,20-17,W,6.5,-2.84,1.59,-0.02,-0.0,0.79,2.46,0.0,0.0,-0.52,QB rating -2.8; home +2.5; opp defense points +1.5,1.98,3.26,2.04,1.47,1.99,1.97,-2.48,1.82,1.02,1.0,1.0,True,False,0.0,0.0,0.01,0.0,1.09,0.87,-2.5,-1.0,7.5,3.5,,2.32,True,2018_02_HOU_TEN
dog 4-5,2018,3,WAS,GB,home,2.5,2.42,4.92,31-17,W,16.5,-0.64,1.08,-0.18,-0.0,-0.19,2.46,0.0,0.0,-0.12,home +2.5; opp defense points +1.2; QB rating -0.6,2.54,2.82,2.8,2.61,2.54,2.53,1.06,0.61,3.56,2.0,2.0,False,False,0.0,0.0,0.0,0.0,1.01,0.36,-3.0,0.5,13.5,13.5,,7.0,False,2018_03_GB_WAS
dog 4-5,2018,3,DET,NE,home,7.0,-2.34,4.66,26-10,W,23.0,-2.34,-3.13,1.3,-0.0,-0.47,2.46,0.0,0.0,-0.17,opp defense points -2.5; home +2.5; QB rating -2.3,-2.18,-1.24,-2.17,-2.14,-2.17,-2.18,-4.32,0.94,2.68,2.0,2.0,False,False,0.0,0.0,0.0,0.04,0.0,0.58,-6.5,-0.5,17.0,20.0,,4.21,False,2018_03_NE_DET
dog 4-5,2018,4,IND,HOU,home,1.0,3.3,4.3,34-37,L,-2.0,-0.06,1.1,0.0,-0.0,-0.18,2.46,0.0,0.0,-0.03,home +2.5; opp defense points +1.6; offense points -0.6,3.33,4.57,3.28,2.87,3.34,3.3,2.41,0.66,3.41,3.0,3.0,False,False,0.0,0.0,0.01,0.0,0.53,0.31,2.5,-3.5,-10.0,-4.0,,-7.63,False,2018_04_HOU_IND
dog 4-5,2018,6,LAC,CLE,away,1.0,3.99,4.99,38-14,W,25.0,3.43,2.34,-0.25,0.0,1.28,-2.56,-0.0,-0.0,-0.25,QB rating +3.4; home -2.6; offense points +2.2,4.24,4.27,4.3,4.32,4.23,4.26,2.32,0.74,3.32,5.0,5.0,False,False,0.0,0.0,0.01,0.0,0.0,0.0,-2.0,-3.0,30.0,25.0,,13.43,False,2018_06_LAC_CLE
dog 4-5,2018,8,BUF,NE,home,13.5,-8.68,4.82,6-25,L,-5.5,-5.46,-5.47,0.47,-0.0,-0.96,2.47,0.0,0.0,0.27,offense points -6.5; QB rating -5.5; home +2.5,-8.95,-8.35,-9.1,-8.53,-8.97,-8.88,-7.99,0.4,5.51,7.0,7.0,False,False,0.0,0.0,0.0,0.02,0.0,0.34,-13.5,0.0,7.5,-5.5,,-13.71,False,2018_08_NE_BUF
dog 4-5,2018,9,SF,LV,home,1.5,2.62,4.12,34-3,W,32.5,-2.27,1.98,0.15,-0.0,0.0,2.46,0.0,0.0,0.3,home +2.5; QB rating -2.3; offense points +1.2,2.32,2.91,2.5,2.5,2.32,2.32,3.48,0.43,4.98,8.0,7.0,True,False,0.0,0.0,0.0,0.03,0.0,0.0,2.5,-4.0,29.5,29.5,,18.76,False,2018_09_OAK_SF
dog 4-5,2018,9,NO,LA,home,2.5,1.62,4.12,45-35,W,12.5,1.43,-1.44,-0.68,-0.0,0.0,2.46,0.0,0.0,-0.15,home +2.5; QB rating +1.4; opp defense points -1.2,1.77,2.14,1.65,1.27,1.78,1.72,0.99,0.38,3.49,7.0,8.0,False,False,0.0,0.0,0.01,-0.0,0.0,0.0,-2.5,0.0,10.5,5.5,,-1.41,False,2018_09_LA_NO
dog 4-5,2018,10,MIA,GB,away,13.0,-8.03,4.97,12-31,L,-6.0,-3.02,-1.22,-0.21,0.0,-0.0,-2.44,-1.31,-0.0,0.17,QB rating -3.0; home -2.4; warm team in cold -1.3,-8.2,-8.08,-8.4,-9.01,-8.21,-8.17,-6.13,0.89,6.87,9.0,8.0,False,False,0.0,0.0,0.01,0.01,1.0,0.34,9.0,-4.0,-3.0,-6.0,,-10.7,False,2018_10_MIA_GB
dog 4-5,2018,11,WAS,HOU,home,3.0,1.26,4.26,21-23,W,1.0,0.18,-0.46,-0.73,-0.0,0.0,2.42,0.0,0.0,-0.15,home +2.4; offense points -1.4; opp defense points +0.9,1.41,2.27,1.74,1.18,1.41,1.41,-0.61,0.9,2.39,9.0,9.0,False,False,0.0,0.0,0.03,0.01,0.05,0.0,-2.0,-1.0,-3.0,1.0,,-1.6,False,2018_11_HOU_WAS
dog 4-5,2018,12,NYJ,NE,home,13.0,-8.31,4.69,13-27,L,-1.0,-3.19,-5.04,-0.51,-0.0,0.0,2.44,0.0,-1.75,-0.26,offense points -4.0; QB rating -3.2; home +2.4,-8.05,-8.58,-8.82,-8.55,-8.04,-8.06,-8.06,0.33,4.94,10.0,10.0,False,False,0.0,0.0,0.01,0.01,1.0,0.0,-9.0,-4.0,6.0,-1.0,,-8.1,False,2018_12_NE_NYJ
dog 4-5,2018,15,PIT,NE,home,2.5,1.98,4.48,17-10,W,9.5,-0.29,-0.79,0.17,-0.0,0.0,2.47,0.0,0.0,0.42,home +2.5; opp defense points -0.6; QB rating -0.3,1.56,1.33,1.82,1.79,1.56,1.56,4.23,1.01,6.73,13.0,13.0,False,False,0.0,0.0,0.0,0.01,0.0,0.0,-1.0,-1.5,6.5,6.5,,-3.36,False,2018_15_NE_PIT
dog 4-5,2018,16,CIN,CLE,away,10.0,-5.91,4.09,18-26,W,2.0,-0.53,-1.4,-2.18,0.0,-0.0,-2.5,-0.0,-0.0,0.7,home -2.5; skill players out -1.8; opp defense points -1.8,-6.61,-6.51,-6.03,-6.53,-6.62,-6.57,-2.5,1.52,7.5,14.0,14.0,False,False,0.0,0.0,0.05,0.0,0.49,0.0,7.0,-3.0,-10.0,-13.0,won in last 5 min,7.51,False,2018_16_CIN_CLE
dog 4-5,2018,16,ARI,LA,home,14.5,-10.48,4.02,9-31,L,-7.5,-5.38,-6.55,0.54,-0.0,0.0,2.5,0.0,-1.81,0.22,offense points -6.2; QB rating -5.4; home +2.5,-10.71,-10.5,-10.82,-11.52,-10.7,-10.71,-8.43,0.96,6.07,14.0,14.0,False,False,0.0,0.0,0.0,0.02,0.0,0.0,-14.0,-0.5,-0.5,-7.5,,-7.15,False,2018_16_LA_ARI
dog 4-5,2018,17,WAS,PHI,home,6.0,-1.21,4.79,0-24,L,-18.0,-0.41,-2.61,-0.4,-0.0,0.0,2.46,0.0,0.0,-0.26,offense points -2.5; home +2.5; QB rating -0.4,-0.95,-0.66,-1.19,-0.84,-0.95,-0.97,-2.93,0.78,3.07,15.0,15.0,False,False,0.0,0.0,0.04,0.03,0.0,0.0,-7.0,1.0,-11.0,-18.0,,-12.36,False,2018_17_PHI_WAS
dog 4-5,2019,1,BUF,NYJ,away,2.5,1.78,4.28,17-16,W,3.5,0.29,1.8,1.21,0.0,0.63,-2.39,-0.0,-0.0,0.24,home -2.4; opp defense points +1.9; offseason turnover (opp def) +1.0,1.54,2.07,1.59,2.27,1.53,1.57,1.9,0.3,4.4,0.0,0.0,False,False,0.0,0.0,-0.0,0.0,0.48,1.59,3.5,1.0,-10.5,-3.5,won in last 5 min,-13.74,False,2019_01_BUF_NYJ
dog 4-5,2019,1,WAS,PHI,away,10.5,-6.47,4.03,27-32,W,5.5,-1.55,-2.32,-0.28,0.0,-0.43,-2.39,-0.0,-0.0,0.5,home -2.4; QB rating -1.6; offense points -1.5,-6.97,-6.53,-7.15,-6.98,-6.98,-6.92,-3.75,1.21,6.75,0.0,0.0,True,True,0.0,0.0,0.01,0.0,0.24,0.93,8.0,-2.5,9.5,1.5,,5.26,False,2019_01_WAS_PHI
dog 4-5,2019,3,MIA,DAL,away,22.0,-17.21,4.79,6-31,L,-3.0,-6.18,-7.19,1.03,0.0,-3.03,-2.28,-0.0,-0.0,0.44,QB rating -6.2; opp defense points -4.5; home -2.3,-17.65,-17.82,-18.0,-18.46,-17.7,-17.51,-13.32,1.74,8.68,2.0,2.0,True,False,0.0,0.0,0.0,0.01,0.0,1.57,17.0,-5.0,4.0,4.0,lost in last 5 min,-12.38,False,2019_03_MIA_DAL
dog 4-5,2019,4,DET,KC,home,7.5,-2.5,5.0,30-34,W,3.5,-3.77,-2.54,0.9,-0.0,0.63,2.26,0.0,0.0,0.01,offense points -4.3; QB rating -3.8; home +2.3,-2.51,-3.22,-3.09,-1.42,-2.51,-2.54,-2.24,0.59,5.26,3.0,3.0,False,False,0.0,0.0,0.01,0.03,0.0,0.0,-6.0,-1.5,10.5,3.5,,-0.47,False,2019_04_KC_DET
dog 4-5,2019,4,CHI,MIN,home,1.0,3.13,4.13,16-6,W,11.0,0.04,1.0,-0.16,-0.0,0.22,2.26,0.0,0.0,-0.23,home +2.3; opp defense points +1.3; offense points -0.4,3.36,3.22,3.91,3.49,3.37,3.35,1.21,0.88,2.21,3.0,3.0,False,False,0.0,0.0,0.01,0.0,0.73,0.14,3.0,-4.0,17.0,17.0,,1.31,True,2019_04_MIN_CHI
dog 4-5,2019,5,PIT,BAL,home,3.5,0.8,4.3,23-26,W,0.5,-1.61,-0.99,-0.04,-0.0,1.24,2.22,0.0,0.0,-0.03,home +2.2; QB rating -1.6; offense points -1.1,0.82,1.63,1.13,-0.59,0.84,0.79,0.96,0.68,4.46,4.0,4.0,False,False,0.0,0.0,0.0,0.0,0.0,0.0,-3.5,0.0,6.5,3.5,,-1.39,True,2019_05_BAL_PIT
dog 4-5,2019,6,NO,JAX,away,2.5,1.82,4.32,13-6,W,9.5,0.12,2.61,0.07,0.0,1.34,-2.2,-0.0,-0.0,-0.13,offense points +2.3; home -2.2; offseason turnover (opp def) +0.9,1.95,2.42,1.58,1.73,1.95,1.94,1.15,0.39,3.65,5.0,5.0,False,False,0.0,0.0,0.0,0.0,0.26,0.0,2.5,-0.0,2.5,9.5,,3.02,False,2019_06_NO_JAX
dog 4-5,2019,8,WAS,MIN,away,16.5,-12.22,4.28,9-19,W,6.5,-1.05,-6.67,-0.51,0.0,-2.48,-2.14,-0.0,-0.0,0.64,offense points -3.9; home -2.1; opp defense points -2.0,-12.86,-13.06,-12.06,-13.05,-12.88,-12.78,-8.82,1.54,7.68,7.0,7.0,False,False,0.0,0.0,0.03,0.02,0.0,0.0,14.0,-2.5,9.5,6.5,,-3.24,False,2019_08_WAS_MIN
dog 4-5,2019,8,KC,GB,home,5.0,-0.3,4.7,24-31,L,-2.0,-3.24,2.09,1.3,-0.0,-1.96,2.14,0.0,0.0,-0.63,QB rating -3.2; home +2.1; offense points +2.1,0.33,0.91,0.09,-0.88,0.31,0.41,-3.28,1.42,1.72,7.0,7.0,True,False,0.0,0.0,-0.0,0.04,0.33,0.0,-3.5,-1.5,5.0,-2.0,,-5.23,False,2019_08_GB_KC
dog 4-5,2019,9,KC,MIN,home,5.5,-0.78,4.72,26-23,W,8.5,-1.67,-0.9,-0.36,-0.0,0.0,2.15,0.0,0.0,0.01,opp defense points -2.5; offense points +2.2; home +2.1,-0.78,-0.71,0.39,-1.91,-0.79,-0.76,-0.88,0.66,4.62,8.0,8.0,False,False,0.0,0.0,-0.0,0.0,0.81,0.0,-4.0,-1.5,9.5,2.5,,-1.7,False,2019_09_MIN_KC
dog 4-5,2019,9,CHI,PHI,away,5.0,-0.97,4.03,14-22,L,-3.0,-1.02,2.08,0.15,0.0,-0.0,-2.15,-0.0,-0.0,-0.04,opp defense points +2.5; home -2.1; QB rating -1.0,-0.94,-0.79,-0.68,-1.19,-0.94,-0.91,-1.38,0.24,3.62,7.0,8.0,False,False,0.0,0.0,-0.0,0.0,0.0,0.0,3.0,-2.0,-7.0,-0.0,,-2.67,False,2019_09_CHI_PHI
dog 4-5,2019,9,LAC,GB,home,4.0,0.96,4.96,26-11,W,19.0,-0.25,-0.26,-0.75,-0.0,0.0,2.15,0.0,0.0,0.06,home +2.1; offense points -1.3; opp defense points +0.9,0.89,1.37,0.47,0.86,0.9,0.86,1.33,0.31,5.33,8.0,8.0,False,False,0.0,0.0,0.01,0.0,0.0,0.0,-3.5,-0.5,20.0,19.0,,0.21,False,2019_09_GB_LAC
dog 4-5,2019,10,ATL,NO,away,14.0,-9.71,4.29,26-9,W,31.0,-0.89,-6.4,-0.24,0.0,-0.0,-2.17,-0.0,-0.0,-0.02,opp defense points -4.3; home -2.2; offense points -1.2,-9.7,-9.2,-10.08,-9.73,-9.7,-9.67,-9.92,0.27,4.08,8.0,8.0,True,False,0.0,0.0,0.0,0.0,1.0,0.0,13.0,-1.0,18.0,28.0,,5.81,False,2019_10_ATL_NO
dog 4-5,2019,10,NYJ,NYG,home,3.0,1.93,4.93,34-27,W,10.0,0.22,-1.64,1.15,-0.0,0.0,2.17,0.0,0.0,0.02,home +2.2; offense points -1.9; skill players out +0.8,1.9,1.75,2.02,0.99,1.92,1.86,3.03,0.6,6.03,8.0,9.0,False,False,0.0,0.0,0.0,0.02,0.0,0.0,0.0,-3.0,0.0,10.0,,3.4,False,2019_10_NYG_NYJ
dog 4-5,2019,10,MIA,IND,away,11.0,-6.3,4.7,16-12,W,15.0,1.78,-7.22,1.08,0.0,-0.0,-2.17,-0.0,-0.0,0.23,opp defense points -4.0; offense points -2.6; home -2.2,-6.52,-6.98,-7.0,-7.21,-6.5,-6.59,-3.27,1.36,7.73,8.0,8.0,False,True,0.0,0.0,-0.0,0.03,1.48,0.0,16.0,5.0,15.0,12.0,,5.49,False,2019_10_MIA_IND
dog 4-5,2019,11,PIT,CLE,away,3.0,1.47,4.47,7-21,L,-11.0,0.01,3.22,-0.01,0.0,-0.0,-2.14,-0.0,-0.0,0.38,home -2.1; opp defense points +1.8; offense points +0.9,1.08,1.43,0.81,0.61,1.09,1.08,4.17,1.22,7.17,9.0,9.0,False,False,0.0,0.0,0.0,0.0,0.05,0.0,2.5,-0.5,-4.0,-11.0,,-14.05,False,2019_11_PIT_CLE
dog 4-5,2019,11,MIA,BUF,home,7.0,-2.16,4.84,20-37,L,-10.0,1.0,-5.2,-0.04,-0.0,0.0,2.14,0.0,0.0,-0.05,opp defense points -3.8; home +2.1; QB rating +1.0,-2.11,-2.07,-2.24,-2.77,-2.09,-2.17,-1.7,0.32,5.3,9.0,9.0,False,False,0.0,0.0,-0.0,-0.0,0.0,0.0,-7.5,0.5,-9.0,-10.0,,-6.7,False,2019_11_BUF_MIA
dog 4-5,2019,11,CIN,LV,away,13.0,-8.55,4.45,10-17,W,6.0,-4.17,-2.4,0.17,0.0,-0.0,-2.14,-0.0,-0.0,-0.01,QB rating -4.2; home -2.1; offense points -1.7,-8.54,-8.11,-8.16,-8.23,-8.55,-8.53,-9.74,0.56,3.26,9.0,9.0,False,False,0.0,0.0,0.02,0.01,0.11,1.91,9.0,-4.0,9.0,6.0,,2.04,False,2019_11_CIN_OAK
dog 4-5,2019,11,LAC,KC,home,5.5,-0.88,4.62,17-24,L,-1.5,-2.5,-0.64,-0.08,-0.0,0.0,2.14,0.0,0.0,0.2,offense points -3.0; QB rating -2.5; opp defense points +2.2,-1.08,-0.75,-1.26,0.12,-1.08,-1.08,-1.0,0.46,4.5,10.0,10.0,False,False,0.0,0.0,0.01,-0.0,0.0,0.46,-4.0,-1.5,-1.5,-1.5,,-8.95,False,2019_11_KC_LAC
dog 4-5,2019,14,MIA,NYJ,away,5.0,-0.68,4.32,21-22,W,4.0,1.29,-2.98,2.5,0.0,-0.0,-2.13,-0.0,-0.0,0.64,opp defense points -2.5; home -2.1; QB rating +1.3,-1.32,-0.63,-1.38,-0.95,-1.32,-1.32,2.18,1.29,7.18,12.0,12.0,False,False,0.0,0.0,-0.0,0.03,0.15,2.06,7.5,2.5,1.0,7.0,,1.86,False,2019_14_MIA_NYJ
dog 4-5,2019,16,MIA,CIN,home,1.5,2.9,4.4,38-35,W,4.5,0.71,-1.3,1.07,-0.0,0.0,2.1,0.0,0.0,0.32,opp defense points -2.3; home +2.1; offense points +1.1,2.58,2.71,2.02,2.3,2.59,2.56,5.57,1.2,7.07,14.0,14.0,False,False,0.0,0.0,-0.0,0.02,0.0,0.0,2.5,-4.0,17.5,17.5,,-13.8,False,2019_16_CIN_MIA
dog 4-5,2020,6,TB,GB,home,3.0,1.08,4.08,38-10,W,31.0,-0.79,-0.51,-0.07,-0.0,0.37,1.97,0.0,0.0,0.11,home +2.0; opp defense points -1.0; offseason turnover (opp def) +0.9,0.97,0.24,0.8,0.82,0.98,0.94,2.79,0.8,5.79,5.0,4.0,False,False,0.0,0.0,0.01,0.01,0.0,0.0,2.5,-5.5,31.0,31.0,,21.38,False,2020_06_GB_TB
dog 4-5,2020,7,CIN,CLE,home,4.5,-0.39,4.11,34-37,W,1.5,-0.15,-0.78,0.0,-0.0,-1.19,1.97,0.0,0.0,-0.23,home +2.0; offense points -1.5; opp defense points +0.9,-0.16,-1.1,0.16,0.3,-0.16,-0.15,-1.59,0.69,2.91,6.0,6.0,False,False,0.0,0.0,0.02,0.03,0.53,0.0,-4.5,0.0,7.5,7.5,,-4.87,False,2020_07_CLE_CIN
dog 4-5,2020,8,CHI,NO,home,5.5,-1.42,4.08,23-26,W,2.5,-3.59,-0.9,2.59,-0.0,-1.4,1.93,0.0,0.0,-0.05,QB rating -3.6; offense points -3.6; opp defense points +2.3,-1.37,-2.05,-1.42,-1.49,-1.38,-1.34,-0.87,0.35,4.63,7.0,6.0,False,False,0.0,0.0,0.0,0.06,0.59,0.0,-2.5,-3.0,2.5,-4.5,won in last 5 min,-3.64,False,2020_08_NO_CHI
dog 4-5,2020,9,SF,GB,home,6.0,-1.62,4.38,17-34,L,-11.0,-3.23,2.24,-2.59,-1.48,0.0,1.94,0.0,0.0,0.02,home +1.9; QB rating -1.8; skill players out -1.5,-1.64,-1.64,-1.74,-1.87,-1.64,-1.65,-1.16,0.22,4.84,8.0,7.0,True,False,1.0,0.0,0.08,0.02,4.1,0.97,-0.0,-6.0,-22.0,-18.0,,-6.2,False,2020_09_GB_SF
dog 4-5,2020,9,BUF,SEA,home,3.0,1.37,4.37,44-34,W,13.0,-1.36,-0.63,1.51,-0.0,0.0,1.94,0.0,0.0,-0.08,offense points -2.5; home +1.9; opp defense points +1.7,1.45,1.66,1.39,2.37,1.45,1.47,-0.18,0.77,2.82,8.0,7.0,False,False,0.0,0.0,0.0,0.04,0.05,0.31,-1.5,-1.5,10.0,20.0,,11.24,False,2020_09_SEA_BUF
dog 4-5,2020,9,NYJ,NE,home,9.5,-5.13,4.37,27-30,W,6.5,-2.61,-5.05,0.85,-1.48,0.0,1.94,0.0,0.0,-0.26,opp defense points -2.4; offense points -2.3; home +1.9,-4.88,-5.86,-5.57,-5.56,-4.86,-4.93,-4.27,0.55,5.23,8.0,7.0,True,False,1.0,0.0,0.01,0.04,1.39,0.0,-7.0,-2.5,19.5,16.5,,-1.76,False,2020_09_NE_NYJ
dog 4-5,2020,10,HOU,CLE,away,4.5,-0.17,4.33,7-10,W,1.5,1.65,-0.38,0.42,0.0,-0.0,-1.91,-0.0,-0.0,0.05,home -1.9; QB rating +1.7; opp defense EPA -0.3,-0.21,-0.76,-0.22,-0.27,-0.21,-0.22,0.74,0.45,5.24,8.0,8.0,False,False,0.0,0.0,0.01,0.02,0.34,0.0,2.0,-2.5,1.5,1.5,,-0.92,False,2020_10_HOU_CLE
dog 4-5,2020,11,NYJ,LAC,away,10.0,-5.84,4.16,28-34,W,4.0,-1.81,-3.29,0.61,0.0,-0.0,-1.92,-0.0,-0.0,0.58,offense points -2.8; home -1.9; QB rating -1.8,-6.41,-6.42,-6.3,-7.55,-6.41,-6.42,-1.36,2.02,8.64,9.0,9.0,False,False,0.0,0.0,0.01,0.02,0.0,0.81,10.0,-0.0,-2.0,-5.0,won in last 5 min,7.84,False,2020_11_NYJ_LAC
dog 4-5,2020,12,ATL,LV,home,3.5,0.8,4.3,43-6,W,40.5,0.49,0.1,-0.46,-0.0,0.0,1.94,0.0,-1.62,0.36,home +1.9; opp out of the race -1.1; out of the race -0.5,0.44,0.48,0.25,0.89,0.45,0.41,2.67,0.85,6.17,10.0,10.0,False,False,0.0,0.0,0.02,0.01,0.37,0.0,-0.0,-3.5,27.5,40.5,,30.29,False,2020_12_LV_ATL
dog 4-5,2020,12,CIN,NYG,home,6.5,-1.78,4.72,17-19,W,4.5,-3.03,-1.2,0.39,-1.32,0.0,1.94,0.0,0.0,0.12,home +1.9; QB rating -1.7; QB out -1.3,-1.9,-2.1,-1.73,-1.21,-1.9,-1.91,-1.74,0.28,4.76,10.0,10.0,True,False,1.0,0.0,0.02,0.03,0.74,0.0,2.5,-9.0,3.5,0.5,,-4.47,False,2020_12_NYG_CIN
dog 4-5,2020,15,DAL,SF,home,4.0,0.0,4.0,41-33,W,12.0,0.15,-3.23,1.51,-0.0,0.0,1.84,0.0,0.0,-0.26,opp defense points -2.1; home +1.8; skill players out +0.7,0.26,0.47,0.66,-0.06,0.27,0.24,-1.8,0.83,2.2,13.0,13.0,False,False,0.0,0.0,0.01,0.04,0.0,0.0,-2.5,-1.5,4.0,7.0,,5.69,False,2020_15_SF_DAL
dog 4-5,2020,16,DET,TB,home,12.0,-7.01,4.99,7-47,L,-28.0,-0.78,-5.82,-0.1,-0.0,0.0,1.83,0.0,-1.77,-0.37,opp defense points -3.1; home +1.8; offense points -1.8,-6.64,-5.71,-7.08,-6.55,-6.64,-6.64,-9.82,1.3,2.18,14.0,14.0,False,False,0.0,0.0,0.02,0.01,0.0,0.62,-7.5,-4.5,-28.0,-28.0,,-30.39,True,2020_16_TB_DET
dog 4-5,2020,16,PIT,IND,home,1.0,3.67,4.67,28-24,W,5.0,-0.62,1.38,1.48,-0.0,0.0,1.83,0.0,0.0,-0.39,opp defense points +2.1; home +1.8; offense points -1.3,4.07,3.23,3.8,4.07,4.08,4.04,2.44,0.62,3.44,14.0,14.0,False,False,0.0,0.0,-0.0,0.02,0.0,0.0,3.0,-4.0,-9.0,5.0,,6.63,False,2020_16_IND_PIT
dog 4-5,2020,16,DAL,PHI,home,3.0,1.53,4.53,37-17,W,23.0,0.37,-0.84,0.09,-0.0,0.0,1.83,0.0,0.0,0.09,home +1.8; opp defense points -1.8; offense points +1.1,1.44,2.56,1.47,1.29,1.44,1.44,1.07,0.48,4.07,14.0,14.0,False,False,0.0,0.0,0.01,0.01,0.0,1.44,-0.0,-3.0,16.0,16.0,,11.23,False,2020_16_PHI_DAL
dog 4-5,2020,16,NE,BUF,home,7.0,-2.6,4.4,9-38,L,-22.0,-1.59,-1.15,-0.97,-0.0,0.0,1.83,0.0,0.0,-0.72,offense points -2.2; home +1.8; QB rating -1.6,-1.88,-2.07,-1.05,-1.52,-1.87,-1.92,-7.89,2.36,-0.89,14.0,14.0,False,False,0.0,0.0,0.03,0.01,0.0,0.0,-4.5,-2.5,-15.0,-22.0,,-13.82,True,2020_16_BUF_NE
dog 4-5,2021,2,PHI,SF,home,3.0,1.35,4.35,11-17,L,-3.0,-1.99,-0.12,1.5,-0.0,0.16,1.77,0.0,0.0,0.03,QB rating -2.0; home +1.8; opp defense points +0.9,1.32,0.93,1.64,1.53,1.33,1.31,1.4,0.22,4.4,1.0,1.0,False,False,0.0,0.0,-0.0,0.02,0.0,1.05,-4.5,1.5,-1.0,-11.0,,2.52,False,2021_02_SF_PHI
dog 4-5,2021,3,GB,SF,away,3.5,0.6,4.1,30-28,W,5.5,1.03,0.85,1.0,0.0,0.27,-1.75,-0.0,-0.0,-0.8,home -1.7; QB rating +1.0; offense points +0.9,1.4,1.63,1.58,1.9,1.39,1.4,-5.11,2.53,-1.61,2.0,2.0,False,False,0.0,0.0,0.0,0.02,1.45,0.09,3.0,-0.5,6.5,6.5,,7.3,False,2021_03_GB_SF
dog 4-5,2021,5,PIT,DEN,home,2.0,2.09,4.09,27-19,W,10.0,0.08,0.25,-0.42,-0.0,0.34,1.75,0.0,0.0,0.09,home +1.8; offense points +0.5; offseason turnover (opp def) +0.4,2.0,1.85,2.24,1.85,2.02,1.97,2.72,0.31,4.72,4.0,4.0,False,False,0.0,0.0,0.0,0.01,0.82,0.0,-1.5,-0.5,20.0,7.0,,-2.08,False,2021_05_DEN_PIT
dog 4-5,2021,6,ARI,CLE,away,3.0,1.75,4.75,37-14,W,26.0,-0.12,1.87,0.83,0.0,1.16,-1.74,-0.0,-0.0,-0.24,home -1.7; opp defense points +1.3; offseason turnover (opp def) +1.3,2.0,3.0,1.78,1.64,2.01,1.96,-0.11,0.93,2.89,5.0,5.0,False,False,0.0,0.0,0.01,0.04,1.03,0.13,3.0,-0.0,19.0,19.0,,13.55,False,2021_06_ARI_CLE
dog 4-5,2021,9,ATL,NO,away,7.0,-2.61,4.39,27-25,W,9.0,3.01,-5.36,0.9,0.0,-0.0,-1.74,-0.0,-0.0,0.59,QB rating +3.0; opp defense points -2.8; home -1.7,-3.2,-2.89,-2.83,-3.02,-3.19,-3.21,0.07,1.19,7.07,7.0,7.0,False,True,0.0,0.0,0.03,0.04,0.0,0.26,5.5,-1.5,21.0,18.0,,1.97,False,2021_09_ATL_NO
dog 4-5,2021,10,DET,PIT,away,9.0,-4.34,4.66,16-16,W,9.0,2.31,-6.04,0.74,1.0,-0.0,-1.7,-0.0,-0.0,0.35,opp defense points -3.9; home -1.7; QB rating +1.3,-4.69,-4.06,-4.53,-4.32,-4.69,-4.68,-3.38,0.48,5.62,8.0,8.0,False,True,0.0,1.0,0.02,0.02,0.0,0.0,,,12.0,9.0,,2.6,False,2021_10_DET_PIT
dog 4-5,2021,11,CHI,BAL,home,5.0,-0.89,4.11,13-16,W,2.0,0.88,-3.39,0.37,-0.0,0.0,1.71,0.0,0.0,-0.46,offense points -2.1; home +1.7; opp defense points -1.1,-0.43,-0.26,-0.86,-0.89,-0.41,-0.47,-2.87,0.91,2.13,9.0,9.0,False,True,0.0,0.0,0.02,0.03,0.77,0.36,,,6.0,6.0,,-3.24,True,2021_11_BAL_CHI
dog 4-5,2021,13,ATL,TB,home,11.0,-7.0,4.0,17-30,L,-2.0,-1.5,-6.55,0.18,-0.0,0.0,1.68,0.0,0.0,-0.81,offense points -4.4; opp defense points -1.8; home +1.7,-6.19,-6.42,-6.79,-6.32,-6.18,-6.21,-10.86,1.72,0.14,11.0,11.0,False,False,0.0,0.0,0.03,0.02,0.0,1.53,-9.5,-1.5,1.0,1.0,lost in last 5 min,-1.15,False,2021_13_TB_ATL
dog 4-5,2021,14,CIN,SF,home,2.5,1.79,4.29,23-26,L,-0.5,-1.13,-0.52,1.95,-0.0,0.0,1.66,0.0,0.0,-0.18,home +1.7; QB rating -1.1; skill players out +1.0,1.97,2.56,2.2,1.89,1.98,1.92,-0.03,0.83,2.47,12.0,12.0,False,False,0.0,0.0,0.0,0.03,0.0,0.13,,,-11.5,-4.5,,-2.8,False,2021_14_SF_CIN
dog 4-5,2021,16,CAR,TB,home,11.5,-7.16,4.34,6-32,L,-14.5,-4.14,-5.05,2.58,-0.0,0.0,1.67,0.0,-1.96,-0.26,QB rating -4.1; offense points -3.6; home +1.7,-6.91,-7.01,-7.11,-6.12,-6.9,-6.91,-9.18,0.95,2.32,14.0,14.0,True,False,0.0,0.0,0.04,0.08,1.71,1.85,-11.5,0.0,-11.5,-14.5,,-16.12,False,2021_16_TB_CAR
dog 4-5,2021,16,JAX,NYJ,away,2.5,2.1,4.6,21-26,L,-2.5,1.85,-0.15,1.83,0.0,-0.0,-1.67,-0.0,-0.0,0.25,QB rating +1.9; home -1.7; offense points -1.6,1.85,1.71,1.6,2.14,1.85,1.86,3.7,0.73,6.2,14.0,14.0,False,False,0.0,0.0,0.02,0.03,1.67,4.13,1.0,-1.5,1.5,0.5,lost in last 5 min,-8.42,False,2021_16_JAX_NYJ
dog 4-5,2022,1,CHI,SF,home,6.5,-1.78,4.72,19-10,W,15.5,-1.43,-3.06,1.33,-0.0,-0.16,1.77,0.0,0.0,-0.22,home +1.8; opp defense points -1.6; QB rating -1.4,-1.56,-1.18,-1.27,-0.73,-1.56,-1.56,-4.58,1.27,1.92,0.0,0.0,True,True,0.0,0.0,0.01,0.01,0.0,1.0,,,3.5,15.5,,1.8,False,2022_01_SF_CHI
dog 4-5,2022,1,DAL,TB,home,2.5,1.54,4.04,3-19,L,-13.5,-0.78,0.07,-0.72,-0.0,1.16,1.77,0.0,0.0,0.03,home +1.8; offseason turnover (opp def) +0.8; QB rating -0.8,1.51,1.25,1.08,1.69,1.52,1.48,2.24,0.37,4.74,0.0,0.0,False,False,0.0,0.0,0.01,-0.0,1.0,0.0,,,-13.5,-13.5,,-6.26,False,2022_01_TB_DAL
dog 4-5,2022,2,HOU,DEN,away,10.5,-6.49,4.01,9-16,W,3.5,-3.73,-2.43,1.08,0.0,0.26,-1.75,-0.0,-0.0,0.09,QB rating -3.7; opp defense points -1.9; home -1.7,-6.58,-6.64,-6.55,-7.48,-6.58,-6.57,-5.03,0.72,5.47,1.0,1.0,False,False,0.0,0.0,0.0,0.01,1.0,1.0,,,13.5,6.5,,2.42,False,2022_02_HOU_DEN
dog 4-5,2022,4,DEN,LV,away,2.5,1.93,4.43,23-32,L,-6.5,0.41,2.17,0.52,0.0,0.14,-1.76,-0.0,-0.0,0.46,opp defense points +2.7; home -1.8; offense points -1.1,1.48,1.22,1.13,1.9,1.47,1.48,4.86,1.32,7.36,3.0,3.0,False,False,0.0,0.0,0.01,0.02,0.0,0.0,,,-3.5,0.5,lost in last 5 min,-10.59,False,2022_04_DEN_LV
dog 4-5,2022,5,PIT,BUF,away,14.0,-9.95,4.05,3-38,L,-21.0,-4.34,-6.04,1.35,0.0,0.88,-1.75,-0.0,-0.0,-0.06,QB rating -4.3; offense points -2.9; opp defense points -2.2,-9.89,-10.07,-9.52,-11.32,-9.89,-9.91,-9.07,0.69,4.93,4.0,4.0,True,False,0.0,0.0,0.0,0.01,0.0,1.0,,,-14.0,-21.0,,-16.7,False,2022_05_PIT_BUF
dog 4-5,2022,5,DAL,LA,away,5.5,-1.14,4.36,22-10,W,17.5,-2.25,1.4,0.53,0.0,1.13,-1.75,-0.0,-0.0,-0.21,QB rating -2.2; home -1.8; offseason turnover (opp def) +1.0,-0.94,-1.34,-0.7,-1.36,-0.94,-0.94,-1.8,0.37,3.7,4.0,4.0,False,False,0.0,0.0,0.0,0.0,0.34,0.74,,,14.5,17.5,,17.66,False,2022_05_DAL_LA
dog 4-5,2022,7,CAR,TB,home,13.0,-8.79,4.21,21-3,W,31.0,-6.05,-5.29,0.41,-0.0,0.17,1.75,0.0,0.0,0.21,QB rating -6.1; offense points -2.3; opp defense points -2.3,-9.01,-9.5,-8.57,-8.53,-9.01,-9.01,-7.93,0.5,5.07,6.0,6.0,False,False,0.0,0.0,0.0,0.02,1.0,0.0,,,27.0,31.0,,3.54,False,2022_07_TB_CAR
dog 4-5,2022,7,DEN,NYJ,home,2.0,2.72,4.72,9-16,L,-5.0,0.5,1.38,-0.31,-0.0,-0.13,1.75,0.0,0.0,-0.48,opp defense points +2.5; home +1.8; offense points -1.6,3.2,3.09,2.39,3.05,3.19,3.2,0.92,0.84,2.92,6.0,6.0,True,False,0.0,0.0,0.02,0.01,0.0,0.0,,,1.0,-5.0,,-5.7,False,2022_07_NYJ_DEN
dog 4-5,2022,10,IND,LV,away,4.5,0.24,4.74,25-20,W,9.5,-0.46,0.98,1.33,0.0,-0.0,-1.77,-0.0,-0.0,0.15,home -1.8; opp defense points +1.6; offense points -1.1,0.09,0.28,0.12,0.34,0.1,0.08,0.7,0.22,5.2,9.0,8.0,True,False,0.0,0.0,-0.0,0.03,0.92,0.94,,,9.5,9.5,,-1.65,False,2022_10_IND_LV
dog 4-5,2022,14,LA,LV,home,6.5,-2.05,4.45,17-16,W,7.5,-1.09,0.14,-1.04,-0.0,0.0,1.76,0.0,-1.91,0.09,home +1.8; offense points -1.3; opp out of the race -1.3,-2.14,-2.17,-2.41,-2.02,-2.14,-2.12,-1.34,0.33,5.16,12.0,12.0,True,False,0.0,0.0,0.06,0.03,0.0,1.19,,,-3.5,-6.5,won in last 5 min,0.8,False,2022_14_LV_LA
dog 4-5,2022,14,TB,SF,away,3.5,0.67,4.17,7-35,L,-24.5,3.37,-2.39,1.26,0.0,-0.0,-1.76,-0.0,-0.0,0.19,QB rating +3.4; home -1.8; opp defense points -1.1,0.48,0.65,0.88,0.11,0.48,0.45,1.61,0.48,5.11,12.0,12.0,False,True,0.0,0.0,0.0,0.02,0.0,0.57,,,-24.5,-24.5,,-12.72,False,2022_14_TB_SF
dog 4-5,2023,6,TEN,BAL,home,5.5,-1.15,4.35,16-24,L,-2.5,-0.34,-2.24,0.61,-0.0,-0.71,1.78,0.0,0.0,-0.25,home +1.8; opp defense points -1.0; offseason turnover (off) -0.9,-0.9,-1.54,-1.13,-0.68,-0.9,-0.89,-2.01,0.47,3.49,5.0,5.0,False,False,0.0,0.0,0.0,0.02,0.0,0.0,,,0.5,-2.5,,-7.64,False,2023_06_BAL_TEN
dog 4-5,2023,10,LV,NYJ,home,1.0,3.3,4.3,16-12,W,5.0,1.95,-0.65,0.44,-0.0,0.0,1.84,0.0,0.0,-0.27,QB rating +1.9; home +1.8; opp defense points -1.4,3.57,4.22,3.2,3.9,3.58,3.56,1.1,1.02,2.1,9.0,8.0,False,False,0.0,0.0,0.0,0.01,1.0,0.0,,,1.0,5.0,,-3.86,False,2023_10_NYJ_LV
dog 4-5,2023,16,HOU,CLE,home,3.0,1.82,4.82,22-36,L,-11.0,0.31,-1.52,1.57,-0.0,0.0,1.85,0.0,0.0,-0.4,home +1.9; skill players out +1.1; opp defense EPA -0.7,2.22,2.04,1.73,1.38,2.22,2.22,0.96,0.5,3.96,14.0,14.0,False,False,0.0,0.0,0.01,0.05,0.0,0.0,,,-18.0,-18.0,,2.63,True,2023_16_CLE_HOU
dog 4-5,2024,1,GB,PHI,away,2.0,2.58,4.58,29-34,L,-3.0,-0.26,2.34,0.78,0.0,1.66,-1.89,-0.0,-0.0,-0.05,home -1.9; opp defense points +1.6; offseason turnover (opp def) +1.3,2.63,2.56,2.23,2.81,2.63,2.62,2.59,0.17,4.59,0.0,0.0,False,False,0.0,0.0,0.01,0.01,0.0,1.1,,,-3.0,-0.0,,0.33,False,2024_01_GB_PHI
dog 4-5,2024,1,DAL,CLE,away,2.5,1.71,4.21,33-17,W,18.5,1.34,1.98,0.95,0.0,-0.51,-1.89,-0.0,-0.0,-0.18,home -1.9; offense points +1.6; QB rating +1.3,1.88,2.26,1.79,1.74,1.87,1.91,0.48,0.56,2.98,0.0,0.0,False,True,0.0,0.0,0.0,0.04,0.0,0.0,,,22.5,25.5,,6.48,False,2024_01_DAL_CLE
dog 4-5,2024,2,BUF,MIA,away,2.5,2.28,4.78,31-10,W,23.5,1.61,1.18,1.41,0.0,-0.43,-1.88,-0.0,-0.0,0.39,home -1.9; QB rating +1.6; skill players out +0.9,1.89,2.37,1.94,2.19,1.88,1.9,3.8,0.69,6.3,1.0,1.0,False,False,0.0,0.0,0.0,0.04,0.0,0.0,,,23.5,23.5,,8.81,False,2024_02_BUF_MIA
dog 4-5,2024,2,NO,DAL,away,6.5,-2.3,4.2,44-19,W,31.5,-1.4,0.09,0.51,0.0,0.53,-1.88,-0.0,-0.0,-0.15,home -1.9; QB rating -1.4; offense points -0.6,-2.15,-2.53,-2.17,-2.3,-2.15,-2.15,-2.64,0.21,3.86,1.0,1.0,False,False,0.0,0.0,0.0,0.01,0.0,0.0,,,28.5,31.5,,14.56,False,2024_02_NO_DAL
dog 4-5,2024,2,TB,DET,away,7.5,-2.94,4.56,20-16,W,11.5,-0.52,0.18,-0.54,0.0,0.13,-1.88,-0.0,-0.0,-0.29,home -1.9; opp defense points +1.5; offense points -1.5,-2.65,-3.05,-3.51,-2.79,-2.64,-2.65,-3.29,0.35,4.21,1.0,1.0,False,False,0.0,0.0,0.0,0.0,1.0,0.63,,,11.5,11.5,,4.91,False,2024_02_TB_DET
dog 4-5,2024,2,GB,IND,home,3.0,1.49,4.49,16-10,W,9.0,-2.98,1.69,0.5,-0.0,0.99,1.88,0.0,0.0,-0.6,QB rating -3.0; home +1.9; opp defense snaps out +1.0,2.09,2.06,1.91,2.28,2.08,2.11,-2.09,1.58,0.91,1.0,1.0,True,False,0.0,0.0,0.01,0.0,0.0,1.78,,,13.0,16.0,,-2.7,False,2024_02_IND_GB
dog 4-5,2024,2,NE,SEA,home,3.5,0.81,4.31,20-23,W,0.5,-0.14,-0.23,0.21,-0.0,-0.84,1.88,0.0,0.0,-0.09,home +1.9; offense points -1.8; offseason turnover (off) -1.2,0.89,1.07,1.28,1.49,0.89,0.9,-0.88,0.78,2.62,1.0,1.0,False,False,0.0,0.0,0.01,0.01,0.0,0.0,,,-0.5,6.5,,-5.21,False,2024_02_SEA_NE
dog 4-5,2024,2,NYG,WAS,away,1.5,3.19,4.69,18-21,L,-1.5,0.21,1.6,-0.41,0.0,2.68,-1.88,-0.0,-0.0,0.99,opp defense points +2.3; home -1.9; offseason turnover (opp def) +1.8,2.19,2.02,1.88,2.34,2.22,2.13,9.53,2.8,11.03,1.0,1.0,False,False,0.0,0.0,0.01,0.01,0.0,0.55,,,-1.5,1.5,lost in last 5 min,-4.74,False,2024_02_NYG_WAS
dog 4-5,2024,4,LAC,KC,home,7.5,-3.2,4.3,10-17,W,0.5,-2.18,-1.67,0.57,-0.0,-1.89,1.86,0.0,0.0,0.11,QB rating -2.2; home +1.9; offseason turnover (opp def) -1.1,-3.31,-3.47,-3.35,-3.01,-3.32,-3.29,-2.63,0.29,4.87,3.0,3.0,False,False,0.0,0.0,0.01,0.03,0.65,0.72,,,7.5,0.5,,4.81,False,2024_04_KC_LAC
dog 4-5,2024,5,BUF,HOU,away,1.0,3.08,4.08,20-23,L,-2.0,2.15,2.7,-0.24,0.0,0.29,-1.86,-0.0,-0.0,0.04,QB rating +2.1; offense points +2.0; home -1.9,3.04,3.51,3.53,3.08,3.04,3.04,2.29,0.41,3.29,4.0,4.0,False,False,0.0,0.0,0.01,0.02,0.59,0.5,,,-2.0,-2.0,,-0.74,False,2024_05_BUF_HOU
dog 4-5,2024,6,NE,HOU,home,6.5,-2.49,4.01,21-41,L,-13.5,-3.57,-2.17,1.65,-0.0,-0.37,1.87,0.0,0.0,0.09,QB rating -3.6; offense points -2.5; home +1.9,-2.58,-1.9,-1.51,-2.87,-2.58,-2.57,-3.43,0.63,3.07,5.0,5.0,True,False,0.0,0.0,0.01,0.03,0.47,1.2,,,-6.5,-13.5,,-13.62,False,2024_06_HOU_NE
dog 4-5,2024,6,DAL,DET,home,3.5,1.01,4.51,9-47,L,-34.5,0.77,-0.02,-1.0,-0.0,-0.76,1.87,0.0,0.0,0.15,home +1.9; QB rating +0.8; offseason turnover (off) -0.7,0.86,0.67,0.42,1.2,0.87,0.85,2.21,0.58,5.71,5.0,4.0,False,False,0.0,0.0,0.01,0.0,0.0,0.0,,,-24.5,-34.5,,-37.44,False,2024_06_DET_DAL
dog 4-5,2024,7,PIT,NYJ,home,3.0,1.79,4.79,37-15,W,25.0,-1.21,1.64,-0.19,-0.0,0.09,1.83,0.0,0.0,-0.36,home +1.8; QB rating -1.2; opp defense points +1.1,2.15,2.36,2.42,2.03,2.15,2.16,-0.76,1.13,2.24,6.0,6.0,True,False,0.0,0.0,0.0,0.0,0.72,0.14,,,11.0,18.0,,24.07,False,2024_07_NYJ_PIT
dog 4-5,2024,7,TB,BAL,home,4.5,0.29,4.79,31-41,L,-5.5,-1.31,-1.27,-0.03,-0.0,0.96,1.83,0.0,0.0,0.1,home +1.8; QB rating -1.3; offense points -1.0,0.19,0.22,-0.13,-0.22,0.2,0.15,1.62,0.61,6.12,6.0,6.0,False,False,0.0,0.0,0.0,0.01,0.31,0.0,,,-19.5,-18.5,,1.03,False,2024_07_BAL_TB
dog 4-5,2024,10,JAX,MIN,home,7.0,-2.86,4.14,7-12,W,2.0,-0.65,-3.47,-0.7,-0.0,0.0,1.84,0.0,0.0,0.11,opp defense points -2.4; home +1.8; opp defense EPA -0.7,-2.98,-3.27,-2.8,-2.86,-2.97,-2.98,-2.18,0.34,4.82,9.0,8.0,True,False,0.0,0.0,0.01,0.0,0.61,0.0,,,8.0,5.0,,0.86,False,2024_10_MIN_JAX
dog 4-5,2024,10,TB,SF,home,6.5,-2.41,4.09,20-23,W,3.5,-2.15,-1.45,-0.76,-0.0,0.0,1.84,0.0,0.0,0.1,QB rating -2.2; home +1.8; skill players out -1.0,-2.51,-2.64,-2.63,-3.05,-2.51,-2.52,-1.02,0.64,5.48,9.0,8.0,False,False,0.0,0.0,0.06,0.03,0.0,0.94,,,3.5,3.5,,4.83,False,2024_10_SF_TB
dog 4-5,2024,11,NO,CLE,home,1.0,3.45,4.45,35-14,W,22.0,0.29,1.21,0.27,-0.0,0.0,1.83,0.0,0.0,-0.15,home +1.8; offense points +1.2; QB rating +0.3,3.6,3.64,3.37,2.88,3.6,3.61,3.47,0.27,4.47,10.0,9.0,False,False,0.0,0.0,0.02,0.02,0.0,0.44,,,1.0,15.0,,15.97,False,2024_11_CLE_NO
dog 4-5,2024,11,DAL,HOU,home,7.5,-2.77,4.73,10-34,L,-16.5,-2.92,-1.77,0.09,-0.0,0.0,1.83,0.0,0.0,-0.0,QB rating -2.9; home +1.8; opp defense points -1.4,-2.77,-1.83,-2.44,-2.52,-2.77,-2.77,-4.31,0.75,3.19,9.0,10.0,False,False,0.0,0.0,0.02,0.03,0.27,0.34,,,-2.5,-9.5,,-13.71,False,2024_11_HOU_DAL
dog 4-5,2024,15,DAL,CAR,away,2.5,1.56,4.06,30-14,W,18.5,0.28,2.59,0.25,0.0,-0.0,-1.84,-0.0,-0.0,0.28,offense points +1.9; home -1.8; opp defense points +0.5,1.28,1.37,0.79,1.79,1.28,1.27,3.14,0.75,5.64,13.0,13.0,False,True,0.0,0.0,0.0,0.01,0.4,0.66,,,19.5,18.5,,14.53,False,2024_15_DAL_CAR
dog 4-5,2024,16,MIA,SF,home,2.0,2.64,4.64,29-17,W,14.0,-1.1,-1.02,2.78,-0.0,0.0,1.83,0.0,0.0,0.15,skill players out +2.0; home +1.8; QB rating -1.1,2.49,2.96,1.73,2.76,2.49,2.46,3.58,0.56,5.58,14.0,14.0,False,False,0.0,0.0,0.02,0.08,0.54,0.0,,,11.0,4.0,,16.21,False,2024_16_SF_MIA
dog 4-5,2025,1,LAC,KC,home,3.0,1.29,4.29,27-21,W,9.0,-1.55,0.74,0.02,-0.0,-0.06,1.88,0.0,0.0,0.26,home +1.9; QB rating -1.6; opp defense points +0.3,1.03,0.87,1.13,1.15,1.03,1.02,2.81,0.68,5.81,0.0,0.0,False,False,0.0,0.0,0.01,0.02,1.0,0.2,,,11.0,12.0,,-2.79,False,2025_01_KC_LAC
dog 4-5,2025,1,BUF,BAL,home,1.5,3.34,4.84,41-40,W,2.5,0.51,-0.85,1.29,-0.0,0.34,1.88,0.0,0.0,0.16,home +1.9; opp defense points -0.8; opp defense snaps out +0.7,3.18,3.12,3.34,3.26,3.19,3.16,4.14,0.36,5.64,0.0,0.0,False,False,0.0,0.0,0.0,0.01,0.0,1.2,,,-13.5,-13.5,won in last 5 min,1.09,False,2025_01_BAL_BUF
dog 4-5,2025,3,CIN,MIN,away,3.0,1.41,4.41,10-48,L,-35.0,1.77,0.31,1.48,1.11,0.83,-1.88,-0.0,-0.0,-1.1,home -1.9; offense points +1.3; QB out +1.1,2.51,2.29,1.99,2.31,2.51,2.51,-4.26,2.51,-1.26,2.0,2.0,True,True,0.0,1.0,0.0,0.04,0.3,0.0,,,-42.0,-35.0,,-34.35,False,2025_03_CIN_MIN
dog 4-5,2025,9,MIA,BAL,home,7.5,-2.72,4.78,6-28,L,-14.5,-1.69,-1.33,-1.95,-0.0,0.0,1.95,0.0,0.0,0.3,home +1.9; QB rating -1.7; offense points -1.4,-3.02,-3.12,-3.16,-2.5,-3.02,-3.03,-1.18,0.71,6.32,8.0,7.0,False,True,0.0,0.0,0.04,0.0,0.0,0.0,,,-14.5,-14.5,,-20.05,False,2025_09_BAL_MIA
dog 4-5,2025,9,BUF,KC,home,2.5,1.75,4.25,28-21,W,9.5,0.29,0.07,-0.65,-0.0,0.0,1.95,0.0,0.0,0.09,home +1.9; offense points +1.5; opp defense points -1.3,1.65,1.46,2.07,1.38,1.66,1.64,2.36,0.35,4.86,7.0,8.0,False,False,0.0,0.0,0.01,0.0,0.0,0.0,,,17.5,9.5,,-0.82,False,2025_09_KC_BUF
dog 4-5,2025,11,CHI,MIN,away,3.0,1.38,4.38,19-17,W,5.0,3.33,-0.91,0.7,0.0,-0.0,-1.92,-0.0,-0.0,0.19,QB rating +3.3; home -1.9; opp defense points -1.1,1.19,0.74,1.34,1.35,1.19,1.2,2.62,0.59,5.62,9.0,9.0,False,False,0.0,0.0,0.0,0.01,0.0,0.51,,,16.0,9.0,,8.24,False,2025_11_CHI_MIN
dog 4-5,2025,16,NYJ,NO,away,6.5,-2.24,4.26,6-29,L,-16.5,0.78,-1.62,0.11,0.0,-0.0,-1.91,-0.0,-0.0,0.4,opp defense points -2.1; home -1.9; offense points +1.0,-2.64,-2.68,-2.04,-2.57,-2.63,-2.65,-0.48,0.81,6.02,14.0,14.0,True,False,0.0,0.0,0.01,0.02,0.0,0.0,,,-3.5,-9.5,,-13.39,True,2025_16_NYJ_NO
dog 4-5,2025,16,MIA,CIN,home,3.5,1.14,4.64,21-45,L,-20.5,-3.98,2.63,-0.92,-0.0,0.0,1.91,0.0,1.94,-0.44,QB rating -4.0; opp defense points +3.1; home +1.9,1.58,1.3,1.14,1.52,1.57,1.61,-0.72,0.84,2.78,14.0,14.0,True,False,0.0,0.0,0.03,0.0,0.0,1.29,,,-20.5,-27.5,,-19.83,False,2025_16_CIN_MIA
dog 4-5,2025,17,NYJ,NE,home,12.5,-8.2,4.3,10-42,L,-19.5,-2.39,-5.93,0.03,-0.0,0.0,1.89,0.0,-1.84,0.04,opp defense points -2.7; offense points -2.5; QB rating -2.4,-8.24,-8.08,-7.29,-8.63,-8.24,-8.25,-8.69,0.46,3.81,15.0,15.0,False,False,0.0,0.0,0.03,0.02,0.0,0.99,,,-26.5,-19.5,,-13.56,True,2025_17_NE_NYJ
dog 4-5,2026,1,DEN,KC,away,2.5,1.98,4.48,10-31,L,-18.5,-0.35,1.35,0.38,1.05,2.75,-1.89,-0.0,-0.0,-0.26,home -1.9; offseason turnover (opp def) +1.7; QB rating -1.4,2.24,2.18,1.74,1.84,2.26,2.22,1.38,0.34,3.88,0.0,0.0,True,True,0.0,1.0,0.0,-0.0,0.09,1.18,,,-11.5,-18.5,,-5.78,False,2026_01_DEN_KC
dog 4-5,2026,3,CLE,CAR,home,2.5,1.56,4.06,21-18,W,5.5,0.47,-0.86,0.48,-0.0,-0.47,1.87,0.0,0.0,0.07,home +1.9; offense points -1.7; offseason turnover (off) -0.8,1.49,1.39,1.79,1.78,1.5,1.49,1.48,0.16,3.98,2.0,2.0,False,False,0.0,0.0,0.0,-0.0,0.0,0.78,,,3.5,3.5,,,False,2026_03_CAR_CLE
