game_id,kind,window,season,week,home_team,away_team,bet,spread_line,total_line,model_spread,model_total,edge,p_cover_home,p_under,home_score,away_score,result,total,win,push,units,cover,miss,luck,events,residual,c_turnovers,c_returns,c_kicks,c_garbage,c_qb_lost,c_weather,c_overtime,c_pace,c_penalties,c_fourth,loss_class,win_class,knowable_pattern,reason,c_garbage_backdoor,luck_backdoor_only,loss_class_backdoor,to_h,to_a,to_epa_h,to_epa_a,pot_h,pot_a,def_td_h,def_td_a,st_td_h,st_td_a,blk_td_h,blk_td_a,fg_miss_h,fg_miss_a,xp_miss_h,xp_miss_a,blk_h,blk_a,kick_epa_h,kick_epa_a,gb_h,gb_a,gbL_h,gbT_h,gbL_a,gbT_a,qb_wrong_h,qb_wrong_a,qb_share_h,qb_share_a,wind,wind_real,temp,temp_real,wx_src,d_wind,d_cold,pen_epa_h,pen_yds_h,pen_yds_a,fd_att_h,fd_att_a,fd_epa_h,overtime,ot_h,ot_a,plays,exp_plays,d_plays,bet_home,side_line,inj_margin,injq_margin,edge_wo_injq,blend_sd,trees_edge,primetime,div_game,h_dome,side_rest,opp_rest,side_net,opp_net,has_pbp
2015_01_GB_CHI,spread,2015-18,2015,1,CHI,GB,GB -5.5,-5.5,48.5,-9.509,46.222,4.009,0.4,0.581,23.0,31.0,-8.0,54.0,True,False,1.0,2.5,-1.509,3.464,-0.346,-4.627,3.03,0.003,-0.558,0.989,-0.002,-0.0,0.009,0.159,0.249,-0.762,,luck,,covered anyway (miss -1.5 inside the edge),-7.016,-4.541,,1.0,0.0,-6.046,0.0,0.0,7.0,0.0,0.0,0.0,0.0,0.0,0.0,0.0,0.0,0.0,0.0,0.0,0.0,2.384,0.693,7.0,7.0,0.0,7.0,7.0,0.0,0.0,0.0,1.0,1.0,11.0,7.6,72.0,63.9,archive,-3.4,0.0,-1.664,64.0,74.0,3.0,1.0,2.134,0.0,0.0,0.0,121.0,125.313,-4.313,False,-5.5,-3.231,-3.231,0.778,0.996,-1.631,False,1,0.0,7,7,0.034,0.011,True
2015_01_CLE_NYJ,spread,2015-18,2015,1,NYJ,CLE,CLE +3.5,3.5,39.0,-0.519,36.145,4.019,0.382,0.605,31.0,10.0,21.0,41.0,False,False,-1.1,-17.5,-21.519,-18.32,-2.611,-0.588,-10.207,0.003,-0.009,-8.107,-3.009,-0.0,0.009,0.012,-0.689,1.066,luck,,opp_qb_out,turnovers 4-1 (-10.2); garbage time (-8.1),-0.649,-10.862,knowable,1.0,4.0,1.529,-18.753,21.0,0.0,0.0,0.0,0.0,0.0,0.0,0.0,0.0,0.0,0.0,0.0,0.0,0.0,0.583,0.375,10.0,0.0,10.0,0.0,0.0,0.0,0.0,0.0,1.0,0.256,8.0,5.5,77.0,71.2,archive,-2.5,0.0,5.386,30.0,109.0,1.0,2.0,-3.216,0.0,0.0,0.0,122.0,126.997,-4.997,False,3.5,-1.556,-3.551,0.468,1.967,0.699,False,0,0.0,7,7,-0.036,-0.004,True
2015_01_PHI_ATL,spread,2015-18,2015,1,ATL,PHI,ATL +3.5,-3.5,55.0,1.896,51.333,5.396,0.694,0.629,26.0,24.0,2.0,50.0,True,False,1.0,5.5,0.104,6.992,-0.678,-6.21,-1.073,-0.003,2.691,5.378,0.002,0.0,-0.009,-0.032,0.222,-0.862,,luck,,covered anyway (miss +0.1 inside the edge),0.649,2.263,,2.0,2.0,-9.883,-7.729,7.0,7.0,0.0,0.0,0.0,0.0,0.0,0.0,0.0,1.0,0.0,0.0,0.0,0.0,3.897,-3.551,7.0,0.0,7.0,0.0,0.0,0.0,0.0,0.0,1.0,1.0,,,,72.0,pbp_text,0.0,0.0,1.879,57.0,88.0,0.0,1.0,-2.617,0.0,0.0,0.0,135.0,130.777,4.223,True,3.5,0.144,0.144,5.252,0.335,5.927,True,0,1.0,7,7,0.027,-0.003,True
2015_02_DEN_KC,spread,2015-18,2015,2,KC,DEN,DEN +3,3.0,42.0,-1.2,40.793,4.2,0.386,0.555,24.0,31.0,-7.0,55.0,True,False,1.0,10.0,5.8,11.494,-1.298,-4.397,8.852,0.003,0.74,1.898,-0.002,-0.0,0.009,-0.002,0.148,-1.451,,luck,,covered anyway (miss +5.8 inside the edge),-0.649,8.946,,5.0,1.0,-26.455,-8.829,7.0,14.0,1.0,1.0,0.0,0.0,0.0,0.0,0.0,0.0,0.0,0.0,0.0,0.0,0.588,2.403,0.0,1.0,0.0,0.0,1.0,0.0,0.0,0.0,0.941,1.0,13.0,2.4,87.0,84.8,archive,-10.6,0.0,-0.907,60.0,85.0,0.0,1.0,4.151,0.0,0.0,0.0,128.0,126.892,1.108,False,3.0,-2.393,-2.393,1.808,0.987,-1.987,True,1,0.0,4,4,-0.021,0.0,True
2015_02_NE_BUF,spread,2015-18,2015,2,BUF,NE,NE +2,2.0,45.0,-2.976,47.637,4.976,0.381,0.436,32.0,40.0,-8.0,72.0,True,False,1.0,10.0,5.024,-1.7,-3.328,10.052,-2.39,0.003,1.517,-0.83,-0.002,-0.0,0.009,-0.145,-0.342,-2.848,,earned,,covered anyway (miss +5.0 inside the edge),-17.022,-17.891,,3.0,2.0,-6.457,-11.191,7.0,7.0,0.0,0.0,0.0,0.0,0.0,0.0,0.0,0.0,1.0,0.0,0.0,0.0,-0.797,3.117,18.0,16.0,0.0,18.0,16.0,0.0,0.0,0.0,1.0,1.0,7.0,6.3,62.0,62.5,archive,-0.7,0.0,2.781,140.0,119.0,1.0,2.0,8.24,0.0,0.0,0.0,140.0,126.821,13.179,False,2.0,-0.055,-0.055,4.922,1.238,-7.928,False,1,0.0,10,7,0.058,-0.026,True
2015_02_ARI_CHI,spread,2015-18,2015,2,CHI,ARI,ARI -2,-2.0,45.5,-6.38,44.473,4.38,0.364,0.553,23.0,48.0,-25.0,71.0,True,False,1.0,23.0,18.62,13.337,5.085,0.198,0.16,4.226,-1.134,10.084,3.005,-0.0,0.009,0.298,0.572,1.202,,earned,,covered anyway (miss +18.6 inside the edge),-3.378,-0.126,,2.0,2.0,-9.788,-9.45,6.0,14.0,0.0,1.0,0.0,1.0,0.0,0.0,0.0,0.0,0.0,1.0,0.0,0.0,2.718,-0.527,3.0,13.0,0.0,3.0,13.0,0.0,0.0,0.0,0.316,1.0,6.0,5.5,70.0,65.3,archive,-0.5,0.0,-4.089,170.0,58.0,1.0,1.0,-3.613,0.0,0.0,0.0,112.0,124.004,-12.004,False,-2.0,-4.079,-4.079,0.3,0.62,-4.273,False,0,0.0,7,7,-0.025,0.029,True
2015_02_DAL_PHI,spread,2015-18,2015,2,PHI,DAL,DAL +7,7.0,53.0,2.613,44.052,4.387,0.348,0.749,10.0,20.0,-10.0,30.0,True,False,1.0,17.0,12.613,3.141,-2.195,11.666,2.887,0.003,1.991,-1.74,-0.002,-0.0,0.009,-0.056,-0.661,-1.485,,earned,,covered anyway (miss +12.6 inside the edge),-9.745,-4.864,,3.0,2.0,-17.203,-11.442,0.0,7.0,0.0,0.0,0.0,0.0,0.0,0.0,0.0,0.0,0.0,0.0,1.0,0.0,-4.93,0.263,10.0,7.0,0.0,10.0,7.0,0.0,0.0,0.0,1.0,0.795,15.0,6.5,77.0,77.2,archive,-8.5,0.0,5.179,60.0,142.0,1.0,0.0,4.251,0.0,0.0,0.0,123.0,129.024,-6.024,False,7.0,2.438,3.397,7.784,1.234,-7.35,False,1,0.0,7,6,0.044,-0.002,True
2015_03_OAK_CLE,spread,2015-18,2015,3,CLE,LV,CLE -3.5,3.5,43.5,8.634,44.269,5.134,0.644,0.516,20.0,27.0,-7.0,47.0,False,False,-1.1,-10.5,-15.634,2.509,1.135,-19.278,-1.171,-0.003,0.123,3.559,0.002,0.0,-0.009,-0.067,0.231,0.978,variance,,,"outplayed, no luck (residual -19.3)",14.293,13.242,variance,2.0,1.0,-5.662,-3.315,7.0,0.0,0.0,0.0,0.0,0.0,0.0,0.0,0.0,0.0,0.0,0.0,0.0,0.0,1.034,0.518,15.0,10.0,0.0,15.0,10.0,0.0,0.0,0.0,1.0,1.0,16.0,10.0,75.0,67.5,archive,-6.0,0.0,1.947,50.0,85.0,1.0,0.0,2.767,0.0,0.0,0.0,129.0,127.008,1.992,True,-3.5,1.157,1.157,3.977,0.473,4.373,False,0,0.0,7,7,-0.033,-0.001,True
2015_03_KC_GB,spread,2015-18,2015,3,GB,KC,GB -4.5,4.5,47.0,10.401,49.54,5.901,0.655,0.445,38.0,28.0,10.0,66.0,True,False,1.0,5.5,-0.401,-3.611,-2.936,6.146,2.446,-0.003,0.393,-6.446,0.002,0.0,-0.009,-0.404,-0.252,-2.274,,earned,,covered anyway; garbage time (-6.4),-18.451,-15.616,,0.0,1.0,0.0,-4.846,7.0,0.0,0.0,0.0,0.0,0.0,0.0,0.0,0.0,0.0,0.0,0.0,0.0,0.0,1.377,0.135,15.0,21.0,15.0,0.0,0.0,21.0,0.0,0.0,1.0,1.0,5.0,5.2,67.0,70.9,archive,0.2,0.0,-1.682,89.0,38.0,1.0,2.0,-6.75,0.0,0.0,0.0,135.0,124.921,10.079,True,-4.5,3.607,3.607,2.294,1.157,8.599,True,0,0.0,8,11,0.048,-0.016,True
2015_04_NYG_BUF,spread,2015-18,2015,4,BUF,NYG,NYG +6,6.0,46.5,0.922,47.334,5.078,0.342,0.51,10.0,24.0,-14.0,34.0,True,False,1.0,20.0,14.922,4.048,1.291,9.584,0.587,0.003,0.649,2.808,-0.002,-0.0,0.009,0.011,0.319,0.954,,earned,,covered anyway (miss +14.9 inside the edge),-0.649,0.591,,2.0,1.0,-6.276,-5.089,0.0,6.0,0.0,0.0,0.0,0.0,0.0,0.0,1.0,0.0,0.0,1.0,0.0,0.0,-1.128,0.443,0.0,2.0,0.0,0.0,2.0,0.0,0.0,0.0,1.0,1.0,8.0,5.8,60.0,58.9,archive,-2.2,0.0,-2.192,120.0,85.0,3.0,0.0,-2.887,0.0,0.0,0.0,131.0,128.651,2.349,False,6.0,-3.846,-3.846,1.232,1.776,-9.306,False,0,0.0,10,7,0.026,-0.017,True
2015_04_CLE_SD,spread,2015-18,2015,4,LAC,CLE,CLE +4.5,4.5,44.5,-0.49,41.401,4.99,0.347,0.613,30.0,27.0,3.0,57.0,True,False,1.0,1.5,-3.49,-1.773,-0.365,-1.352,-2.31,0.003,-0.455,0.989,-0.002,-0.0,0.009,-0.002,-0.338,-0.033,,earned,,covered anyway (miss -3.5 inside the edge),-0.649,-3.411,,0.0,1.0,0.0,-4.576,0.0,0.0,0.0,0.0,0.0,0.0,0.0,0.0,0.0,0.0,0.0,0.0,0.0,0.0,2.816,1.405,0.0,0.0,0.0,0.0,0.0,0.0,0.0,0.0,1.0,1.0,11.0,5.2,68.0,68.4,archive,-5.8,0.0,2.747,31.0,91.0,0.0,0.0,0.0,0.0,0.0,0.0,128.0,125.592,2.408,False,4.5,-4.374,-4.374,0.616,0.579,-4.422,False,0,0.0,7,7,-0.018,0.002,True
2015_04_GB_SF,spread,2015-18,2015,4,SF,GB,GB -7.5,-7.5,48.0,-12.116,43.298,4.616,0.385,0.658,3.0,17.0,-14.0,20.0,True,False,1.0,6.5,1.884,3.216,2.425,-3.757,0.277,0.003,-0.781,3.717,-0.002,-0.0,0.009,0.329,-0.415,2.505,,earned,opp_qb_out,covered anyway (miss +1.9 inside the edge),-0.649,-1.151,,1.0,0.0,-0.569,0.0,0.0,0.0,0.0,0.0,0.0,0.0,0.0,0.0,0.0,1.0,0.0,0.0,0.0,0.0,0.264,-2.028,0.0,3.0,0.0,0.0,3.0,0.0,0.0,0.0,1.0,1.0,5.0,0.9,74.0,72.8,archive,-4.1,0.0,3.33,30.0,65.0,1.0,2.0,-7.428,0.0,0.0,0.0,118.0,125.039,-7.039,False,-7.5,-4.557,-5.855,-1.239,0.957,-6.937,False,0,0.0,6,7,0.052,0.002,True
2015_05_WAS_ATL,spread,2015-18,2015,5,ATL,WAS,ATL -7.5,7.5,48.5,11.683,52.295,4.183,0.591,0.395,25.0,19.0,6.0,44.0,False,False,-1.1,-1.5,-5.683,-2.583,2.941,-6.041,-0.84,-0.003,-0.751,-0.989,0.002,0.0,1.178,-0.454,-0.379,2.594,luck,,,nothing stands out: ordinary miss (residual -6.0),0.649,-0.945,variance,3.0,2.0,-14.765,-13.075,7.0,3.0,1.0,0.0,0.0,0.0,0.0,0.0,2.0,1.0,0.0,0.0,0.0,0.0,-4.86,-3.016,0.0,0.0,0.0,0.0,0.0,0.0,0.0,0.0,1.0,1.0,,,,,none,0.0,0.0,-2.643,62.0,51.0,3.0,1.0,7.497,1.0,6.0,0.0,136.0,125.824,10.176,True,-7.5,3.853,3.853,0.33,0.909,3.909,False,0,1.0,7,7,0.046,0.008,True
2015_05_NE_DAL,spread,2015-18,2015,5,DAL,NE,DAL +8,-8.0,51.0,-3.131,59.143,4.869,0.669,0.29,6.0,30.0,-24.0,36.0,False,False,-1.1,-16.0,-20.869,-19.635,2.205,-3.44,-5.342,-0.003,-0.567,-13.723,0.002,0.0,-0.009,-0.091,0.681,1.623,luck,,,garbage time (-13.7); turnovers 2-0 (-5.3),3.378,-2.534,variance,2.0,0.0,-10.644,0.0,0.0,3.0,0.0,0.0,0.0,0.0,0.0,0.0,0.0,0.0,0.0,0.0,0.0,0.0,1.634,2.982,3.0,17.0,0.0,3.0,17.0,0.0,0.0,0.0,1.0,1.0,,,,,none,0.0,0.0,5.324,50.0,64.0,2.0,1.0,4.654,0.0,0.0,0.0,118.0,125.405,-7.405,True,8.0,1.384,1.384,3.485,1.189,2.046,False,0,1.0,7,14,0.042,0.068,True
2015_05_DEN_OAK,spread,2015-18,2015,5,LV,DEN,DEN -5,-5.0,44.5,-9.209,42.273,4.209,0.393,0.578,10.0,16.0,-6.0,26.0,True,False,1.0,1.0,-3.209,5.622,0.429,-9.259,4.739,0.003,2.619,-1.74,-0.002,-0.0,0.009,0.192,0.318,-0.088,,luck,,covered anyway (miss -3.2 inside the edge),-3.378,3.984,,3.0,2.0,-15.656,-6.212,0.0,10.0,0.0,1.0,0.0,0.0,0.0,0.0,2.0,0.0,0.0,0.0,1.0,0.0,-4.876,2.014,3.0,0.0,0.0,3.0,0.0,0.0,0.0,0.0,1.0,1.0,10.0,2.9,72.0,86.3,archive,-7.1,0.0,-2.182,41.0,103.0,2.0,0.0,0.163,0.0,0.0,0.0,122.0,127.488,-5.488,False,-5.0,-2.168,-2.168,2.041,0.615,-5.546,False,1,0.0,7,7,-0.036,0.002,True
2015_06_CHI_DET,spread,2015-18,2015,6,DET,CHI,DET -3.5,3.5,45.0,7.99,45.985,4.49,0.619,0.501,37.0,34.0,3.0,71.0,False,False,-1.1,-0.5,-4.99,-2.476,1.129,-3.644,-4.278,-0.003,0.066,1.74,0.002,0.0,0.585,-0.809,-0.103,1.455,luck,,,turnovers 3-1 (-4.3),0.649,-3.566,luck,3.0,1.0,-15.018,-6.489,0.0,18.0,0.0,0.0,0.0,0.0,0.0,0.0,0.0,0.0,0.0,0.0,0.0,0.0,1.089,0.727,3.0,0.0,3.0,0.0,0.0,0.0,0.0,0.0,1.0,1.0,,,,68.0,pbp_text,0.0,0.0,-0.569,98.0,76.0,1.0,0.0,4.164,1.0,3.0,0.0,150.0,123.83,26.17,True,-3.5,2.593,2.593,1.897,0.901,2.363,False,1,1.0,7,7,-0.019,0.007,True
2015_06_HOU_JAX,spread,2015-18,2015,6,JAX,HOU,HOU +2.5,2.5,43.5,-1.526,43.773,4.026,0.412,0.522,20.0,31.0,-11.0,51.0,True,False,1.0,13.5,9.474,4.3,-3.235,8.41,7.081,0.003,0.775,-3.559,-0.002,-0.0,0.009,-0.057,-0.632,-2.553,,earned,,covered anyway; garbage time (-3.6),-6.107,1.753,,3.0,0.0,-14.104,0.0,0.0,7.0,0.0,1.0,0.0,0.0,0.0,0.0,0.0,0.0,1.0,0.0,0.0,0.0,-0.83,1.079,6.0,1.0,0.0,6.0,1.0,0.0,0.0,0.0,1.0,1.0,18.0,16.5,73.0,70.8,archive,-1.5,0.0,4.957,64.0,69.0,2.0,2.0,7.378,0.0,0.0,0.0,142.0,131.185,10.815,False,2.5,0.347,0.347,4.372,0.415,-3.858,False,1,0.0,10,7,-0.035,-0.012,True
2015_06_CAR_SEA,spread,2015-18,2015,6,SEA,CAR,CAR +7,7.0,41.0,2.756,39.991,4.244,0.345,0.552,23.0,27.0,-4.0,50.0,True,False,1.0,11.0,6.756,-3.469,-1.008,11.232,-3.11,0.003,-1.351,0.989,-0.002,-0.0,0.009,0.062,-0.189,-0.887,,earned,,covered anyway; turnovers 2-0 (-3.1),-0.649,-5.107,,0.0,2.0,0.0,-6.166,6.0,0.0,0.0,0.0,0.0,0.0,0.0,0.0,0.0,0.0,0.0,1.0,0.0,0.0,3.101,-0.73,0.0,0.0,0.0,0.0,0.0,0.0,0.0,0.0,1.0,1.0,5.0,4.3,61.0,57.4,archive,-0.7,0.0,1.633,48.0,25.0,0.0,1.0,2.502,0.0,0.0,0.0,130.0,124.389,5.611,False,7.0,-1.677,-1.677,2.567,2.62,-10.638,False,0,0.0,14,7,-0.018,-0.019,True
2015_06_BAL_SF,spread,2015-18,2015,6,SF,BAL,BAL -2.5,-2.5,43.5,-7.185,42.057,4.685,0.356,0.56,25.0,20.0,5.0,45.0,False,False,-1.1,-7.5,-12.185,3.98,1.159,-17.324,-5.454,0.003,-2.473,11.904,-0.002,-0.0,0.009,-0.074,-0.061,1.287,knowable,,opp_qb_out,turnovers 2-0 (-5.5); and outplayed (-17.3),10.265,2.342,knowable,0.0,2.0,0.0,-10.829,6.0,0.0,0.0,0.0,0.0,0.0,0.0,0.0,0.0,1.0,0.0,0.0,0.0,0.0,3.521,-3.337,0.0,12.0,0.0,0.0,0.0,12.0,0.0,0.0,1.0,1.0,7.0,7.2,69.0,66.9,archive,0.2,0.0,0.665,25.0,15.0,0.0,1.0,-3.861,0.0,0.0,0.0,130.0,127.142,2.858,False,-2.5,-5.396,-6.509,-1.824,2.035,0.297,False,0,0.0,7,7,0.009,0.016,True
2015_06_NE_IND,spread,2015-18,2015,6,IND,NE,IND +8,-8.0,53.5,-3.591,51.073,4.409,0.659,0.579,27.0,34.0,-7.0,61.0,True,False,1.0,1.0,-3.409,6.062,-1.625,-7.846,3.254,-0.003,-0.748,3.559,0.002,0.0,-0.009,0.099,-0.081,-1.636,,luck,,covered anyway (miss -3.4 inside the edge),6.107,8.609,,0.0,1.0,0.0,-6.452,7.0,0.0,1.0,0.0,0.0,0.0,0.0,0.0,0.0,0.0,1.0,0.0,1.0,0.0,-0.726,1.111,6.0,1.0,0.0,6.0,1.0,0.0,0.0,0.0,1.0,1.0,,4.0,,52.0,pbp_text,0.0,0.0,-0.4,103.0,72.0,3.0,1.0,-4.882,0.0,0.0,0.0,136.0,128.414,7.586,True,8.0,0.704,0.704,3.706,0.269,3.848,True,0,1.0,10,7,-0.005,0.056,True
2015_07_BUF_JAX,spread,2015-18,2015,7,JAX,BUF,JAX +3.5,-3.5,41.0,2.334,44.621,5.834,0.699,0.398,34.0,31.0,3.0,65.0,True,False,1.0,6.5,0.666,-5.095,-0.151,5.912,7.409,-0.003,-0.597,-11.904,0.002,0.0,-0.009,-0.071,0.114,-0.187,,earned,,covered anyway; garbage time (-11.9),-16.632,-9.824,,1.0,4.0,-6.267,-20.984,20.0,7.0,2.0,1.0,0.0,0.0,0.0,0.0,0.0,0.0,1.0,0.0,0.0,0.0,-0.662,0.766,7.0,19.0,7.0,0.0,0.0,19.0,0.0,0.0,1.0,1.0,2.0,4.6,48.0,69.8,archive,2.6,0.0,1.067,66.0,87.0,1.0,1.0,-0.642,0.0,0.0,0.0,134.0,126.213,7.787,True,3.5,4.025,4.025,1.809,0.797,7.618,False,0,0.0,7,7,-0.003,-0.009,True
2015_07_HOU_MIA,spread,2015-18,2015,7,MIA,HOU,HOU +4.5,4.5,46.5,0.379,42.363,4.121,0.367,0.64,44.0,26.0,18.0,70.0,False,False,-1.1,-13.5,-17.621,0.898,-0.749,-17.77,-1.067,0.003,-0.846,2.808,-0.002,-0.0,0.009,0.009,0.274,-1.039,variance,,,"outplayed, no luck (residual -17.8)",22.999,21.09,variance,1.0,1.0,-4.742,-6.845,7.0,6.0,1.0,0.0,0.0,0.0,0.0,0.0,0.0,0.0,1.0,1.0,0.0,0.0,1.669,-0.797,24.0,26.0,24.0,0.0,0.0,26.0,0.0,0.0,0.96,1.0,13.0,9.3,84.0,81.2,archive,-3.7,0.0,-1.849,52.0,25.0,0.0,1.0,2.946,0.0,0.0,0.0,135.0,130.435,4.565,False,4.5,-1.303,-1.303,2.818,0.815,-4.059,False,0,0.0,7,7,-0.026,0.012,True
2015_07_BAL_ARI,spread,2015-18,2015,7,ARI,BAL,BAL +10,10.0,49.5,4.874,50.296,5.126,0.322,0.507,26.0,18.0,8.0,44.0,True,False,1.0,2.0,-3.126,2.513,-0.637,-5.002,-4.084,0.003,3.786,2.808,-0.002,-0.0,0.009,-0.146,-0.736,0.238,,luck,,covered anyway; turnovers 2-0 (-4.1),6.627,6.333,,0.0,2.0,0.0,-8.103,7.0,0.0,0.0,0.0,0.0,0.0,0.0,0.0,1.0,0.0,1.0,0.0,1.0,0.0,-9.165,0.874,6.0,8.0,6.0,0.0,0.0,8.0,0.0,0.0,1.0,1.0,,,,,none,0.0,0.0,5.74,40.0,64.0,0.0,1.0,-0.792,0.0,0.0,0.0,117.0,125.005,-8.005,False,10.0,-0.203,-0.203,4.923,0.46,-4.382,True,0,1.0,8,8,0.012,-0.015,True
2015_08_MIN_CHI,spread,2015-18,2015,8,CHI,MIN,MIN -1,-1.0,43.5,-5.929,44.337,4.929,0.35,0.502,20.0,23.0,-3.0,43.0,True,False,1.0,2.0,-2.929,3.728,-0.379,-6.278,-1.757,3.306,1.19,0.989,-0.002,-0.0,0.009,0.2,-0.018,-0.568,,luck,,covered anyway (miss -2.9 inside the edge),-0.649,2.089,,0.0,1.0,0.0,-3.476,7.0,0.0,0.0,0.0,0.0,1.0,0.0,0.0,1.0,0.0,0.0,0.0,0.0,0.0,-0.278,2.752,0.0,0.0,0.0,0.0,0.0,0.0,0.0,0.0,1.0,1.0,11.0,10.6,62.0,56.0,archive,-0.4,0.0,0.345,38.0,35.0,1.0,0.0,1.566,0.0,0.0,0.0,115.0,123.618,-8.618,False,-1.0,-3.363,-3.363,1.566,1.151,-7.715,False,1,0.0,7,14,-0.009,0.014,True
2015_08_TEN_HOU,spread,2015-18,2015,8,HOU,TEN,HOU -3.5,3.5,43.0,9.504,47.65,6.004,0.663,0.369,20.0,6.0,14.0,26.0,True,False,1.0,10.5,4.496,8.842,0.457,-4.803,7.32,-0.003,-0.215,1.74,0.002,0.0,-0.009,0.327,-0.093,0.23,,earned,,covered anyway (miss +4.5 inside the edge),0.649,7.751,,0.0,3.0,0.0,-14.541,3.0,0.0,0.0,0.0,0.0,0.0,0.0,0.0,0.0,0.0,0.0,0.0,0.0,0.0,0.746,1.144,3.0,0.0,3.0,0.0,0.0,0.0,0.0,0.0,1.0,1.0,,0.0,,70.0,pbp_text,0.0,0.0,-0.489,85.0,45.0,1.0,1.0,0.578,0.0,0.0,0.0,118.0,127.23,-9.23,True,-3.5,2.68,2.68,3.324,1.315,3.257,False,1,1.0,7,7,-0.017,-0.023,True
2015_08_SF_STL,spread,2015-18,2015,8,LA,SF,LA -8,8.0,41.0,12.24,35.864,4.24,0.597,0.667,27.0,6.0,21.0,33.0,True,False,1.0,13.0,8.76,1.568,0.867,6.324,-2.962,-0.003,-1.753,6.288,0.002,0.0,-0.009,-0.274,-0.026,1.174,,earned,opp_qb_out,covered anyway (miss +8.8 inside the edge),0.649,-4.07,,1.0,0.0,-5.911,0.0,0.0,0.0,0.0,0.0,0.0,0.0,0.0,0.0,1.0,0.0,0.0,0.0,1.0,0.0,-2.837,1.715,8.0,0.0,8.0,0.0,0.0,0.0,0.0,0.0,1.0,1.0,,,,,none,0.0,0.0,0.011,93.0,88.0,0.0,1.0,3.341,0.0,0.0,0.0,126.0,120.419,5.581,True,-8.0,4.247,6.054,-1.814,0.633,5.121,False,1,1.0,7,10,-0.078,0.01,True
2015_09_CHI_SD,spread,2015-18,2015,9,LAC,CHI,LAC -3.5,3.5,49.0,11.212,50.178,7.712,0.704,0.487,19.0,22.0,-3.0,41.0,False,False,-1.1,-6.5,-14.212,7.18,-1.109,-20.283,5.565,-0.003,2.608,-0.989,0.002,0.0,-0.009,-0.253,-0.072,-0.777,variance,,,"outplayed, no luck (residual -20.3)",0.649,8.818,variance,1.0,2.0,-3.526,-14.576,7.0,0.0,1.0,0.0,0.0,0.0,0.0,0.0,0.0,2.0,1.0,0.0,0.0,0.0,-0.639,-7.862,0.0,0.0,0.0,0.0,0.0,0.0,0.0,0.0,1.0,1.0,9.0,11.2,63.0,64.5,archive,2.2,0.0,-0.331,54.0,55.0,1.0,0.0,-2.369,0.0,0.0,0.0,131.0,125.15,5.85,True,-3.5,5.346,5.346,2.365,0.67,6.722,True,0,0.0,8,8,0.039,0.017,True
2015_10_MIN_OAK,spread,2015-18,2015,10,LV,MIN,MIN +3,3.0,44.0,-2.592,41.262,5.592,0.338,0.602,14.0,30.0,-16.0,44.0,True,False,1.0,19.0,13.408,17.672,0.583,-4.847,5.259,4.112,-1.784,10.084,-0.002,-0.0,0.009,0.03,0.578,-0.033,,earned,,covered anyway (miss +13.4 inside the edge),-0.649,6.938,,2.0,0.0,-10.478,0.0,0.0,10.0,0.0,0.0,0.0,1.0,0.0,0.0,0.0,2.0,0.0,0.0,0.0,1.0,0.135,-4.864,0.0,10.0,0.0,0.0,10.0,0.0,0.0,0.0,1.0,1.0,31.0,10.5,62.0,64.4,archive,-20.5,0.0,-4.137,82.0,15.0,0.0,0.0,0.0,0.0,0.0,0.0,123.0,125.817,-2.817,False,3.0,-1.65,-1.65,3.942,0.706,-7.265,False,0,0.0,7,7,-0.012,0.014,True
2015_10_HOU_CIN,spread,2015-18,2015,10,CIN,HOU,HOU +10,10.0,46.5,5.548,50.185,4.452,0.339,0.396,6.0,10.0,-4.0,16.0,True,False,1.0,14.0,9.548,2.015,0.603,6.929,1.413,0.003,-0.39,0.989,-0.002,-0.0,0.009,-0.158,0.244,0.511,,earned,,covered anyway (miss +9.5 inside the edge),-0.649,0.377,,2.0,1.0,-2.897,-0.067,0.0,0.0,0.0,0.0,0.0,0.0,0.0,0.0,0.0,0.0,0.0,0.0,0.0,0.0,1.347,0.111,0.0,0.0,0.0,0.0,0.0,0.0,0.0,0.0,1.0,0.676,4.0,3.8,53.0,52.2,archive,-0.2,0.0,-1.622,70.0,54.0,1.0,1.0,-1.59,0.0,0.0,0.0,121.0,128.81,-7.81,False,10.0,-0.372,-0.372,4.081,1.202,-7.141,True,0,0.0,15,11,-0.037,0.018,True
2015_11_IND_ATL,spread,2015-18,2015,11,ATL,IND,ATL -3.5,3.5,47.5,8.608,43.87,5.108,0.63,0.628,21.0,24.0,-3.0,45.0,False,False,-1.1,-6.5,-11.608,-2.768,-0.189,-8.651,-1.139,-0.003,-1.547,-0.079,0.002,0.0,-0.009,-0.065,-0.124,0.007,knowable,,opp_qb_out,"outplayed, no luck (residual -8.7)",0.649,-2.039,knowable,4.0,3.0,-17.5,-15.217,0.0,7.0,0.0,1.0,0.0,0.0,0.0,0.0,1.0,0.0,0.0,0.0,0.0,0.0,-3.101,0.893,1.0,0.0,1.0,0.0,0.0,0.0,0.0,0.0,1.0,1.0,,,,,none,0.0,0.0,-0.723,69.0,42.0,1.0,0.0,-0.076,0.0,0.0,0.0,132.0,130.034,1.966,True,-3.5,1.674,3.944,1.165,0.821,3.677,False,0,1.0,14,14,0.013,-0.006,True
2015_11_OAK_DET,spread,2015-18,2015,11,DET,LV,DET +2,-2.0,50.0,3.491,51.18,5.491,0.654,0.485,18.0,13.0,5.0,31.0,True,False,1.0,7.0,1.509,-1.571,0.105,2.975,0.01,-0.003,-0.589,-0.989,0.002,0.0,-0.009,0.168,-0.088,0.033,,earned,,covered anyway (miss +1.5 inside the edge),0.649,0.067,,0.0,0.0,0.0,0.0,0.0,0.0,0.0,0.0,0.0,0.0,0.0,0.0,0.0,0.0,0.0,0.0,0.0,0.0,1.828,3.235,0.0,0.0,0.0,0.0,0.0,0.0,0.0,0.0,1.0,1.0,,,,68.0,pbp_text,0.0,0.0,-0.455,55.0,31.0,0.0,0.0,0.0,0.0,0.0,0.0,115.0,128.112,-13.112,True,2.0,0.621,0.621,4.87,1.601,1.63,False,0,1.0,7,7,-0.008,0.022,True
2015_12_CAR_DAL,spread,2015-18,2015,12,DAL,CAR,CAR -1,-1.0,44.5,-5.608,43.784,4.608,0.358,0.545,14.0,33.0,-19.0,47.0,True,False,1.0,18.0,13.392,11.739,3.159,-1.505,9.376,0.003,-0.449,2.808,3.005,-0.0,0.009,0.08,0.081,-0.016,,earned,opp_qb_out,covered anyway (miss +13.4 inside the edge),-10.655,-1.724,,3.0,0.0,-18.668,0.0,0.0,17.0,0.0,2.0,0.0,0.0,0.0,0.0,0.0,1.0,0.0,0.0,0.0,1.0,1.319,-0.076,11.0,13.0,0.0,11.0,13.0,0.0,0.0,0.0,0.5,1.0,,,,,none,0.0,0.0,-0.401,40.0,53.0,1.0,0.0,-0.048,0.0,0.0,0.0,120.0,123.547,-3.547,False,-1.0,-1.657,-3.724,0.884,0.237,-4.97,True,0,1.0,4,4,-0.031,0.021,True
2015_12_CHI_GB,spread,2015-18,2015,12,GB,CHI,GB -7.5,7.5,45.0,12.006,47.179,4.506,0.595,0.458,13.0,17.0,-4.0,30.0,False,False,-1.1,-11.5,-16.006,-4.454,-1.7,-9.853,-3.757,-0.003,0.295,-0.989,0.002,0.0,-0.009,-0.431,0.573,-1.835,knowable,,trees_disagree,turnovers 2-0 (-3.8); and outplayed (-9.9),0.649,-2.816,knowable,2.0,0.0,-7.492,0.0,0.0,7.0,0.0,0.0,0.0,0.0,0.0,0.0,0.0,0.0,0.0,0.0,0.0,0.0,1.15,0.17,0.0,0.0,0.0,0.0,0.0,0.0,0.0,0.0,1.0,1.0,19.0,15.1,39.0,40.6,archive,-3.9,0.0,4.517,38.0,95.0,2.0,0.0,-5.467,0.0,0.0,0.0,135.0,125.627,9.373,True,-7.5,2.591,2.591,1.915,2.122,-0.677,True,1,0.0,4,4,0.03,0.011,True
2015_12_OAK_TEN,spread,2015-18,2015,12,TEN,LV,TEN +1,-1.0,45.0,3.632,49.042,4.632,0.633,0.39,21.0,24.0,-3.0,45.0,False,False,-1.1,-2.0,-6.632,1.402,1.519,-9.554,2.88,-0.003,-0.486,-0.989,0.002,0.0,-0.009,-0.038,0.602,0.962,knowable,,side_dead,"outplayed, no luck (residual -9.6)",0.649,3.04,knowable,2.0,2.0,-4.803,-10.512,7.0,0.0,0.0,0.0,0.0,0.0,0.0,0.0,0.0,0.0,1.0,0.0,1.0,0.0,-0.865,0.265,0.0,0.0,0.0,0.0,0.0,0.0,0.0,0.0,1.0,0.976,4.0,4.4,56.0,58.7,archive,0.4,0.0,4.731,25.0,94.0,1.0,1.0,2.721,0.0,0.0,0.0,125.0,122.527,2.473,True,1.0,1.649,1.649,2.983,1.032,2.307,False,0,0.0,10,7,-0.025,0.022,True
2015_12_ARI_SF,spread,2015-18,2015,12,SF,ARI,ARI -7.5,-7.5,45.0,-11.543,49.388,4.043,0.407,0.379,13.0,19.0,-6.0,32.0,False,False,-1.1,-1.5,-5.543,5.45,-0.36,-10.633,5.016,0.003,-0.558,0.989,-0.002,-0.0,0.009,-0.033,1.107,-1.441,variance,,,"outplayed, no luck (residual -10.6)",-0.649,3.812,variance,2.0,0.0,-9.996,0.0,0.0,6.0,0.0,0.0,0.0,0.0,0.0,0.0,0.0,0.0,0.0,1.0,0.0,0.0,1.58,-0.109,0.0,0.0,0.0,0.0,0.0,0.0,0.0,0.0,1.0,1.0,4.0,3.4,54.0,56.2,archive,-0.6,0.0,-8.109,81.0,47.0,2.0,1.0,4.122,0.0,0.0,0.0,123.0,122.206,0.794,False,-7.5,-1.699,-1.699,2.343,1.946,-8.797,False,1,0.0,7,7,0.008,0.011,True
2015_12_BAL_CLE,spread,2015-18,2015,12,CLE,BAL,BAL +6,6.0,41.0,-0.744,43.189,6.744,0.287,0.458,27.0,33.0,-6.0,60.0,True,False,1.0,12.0,5.256,2.684,-0.262,2.834,-5.488,3.242,3.941,0.989,-0.002,-0.0,0.009,0.011,-0.303,0.023,,earned,side_dead,covered anyway; turnovers 2-0 (-5.5),-0.649,1.045,,0.0,2.0,0.0,-10.896,7.0,0.0,1.0,0.0,0.0,1.0,0.0,0.0,1.0,0.0,0.0,0.0,1.0,0.0,-8.455,2.003,0.0,0.0,0.0,0.0,0.0,0.0,0.0,0.0,0.774,1.0,9.0,9.0,45.0,41.8,archive,0.0,0.0,2.483,15.0,50.0,2.0,2.0,-0.163,0.0,0.0,0.0,126.0,129.077,-3.077,False,6.0,-0.229,-0.229,6.515,0.822,-8.629,True,1,0.0,8,15,0.003,-0.012,True
2015_13_BAL_MIA,spread,2015-18,2015,13,MIA,BAL,BAL +3.5,3.5,43.0,-0.607,44.966,4.107,0.368,0.47,15.0,13.0,2.0,28.0,True,False,1.0,1.5,-2.607,-4.091,-1.187,2.671,-4.329,0.003,-0.754,0.989,-0.002,-0.0,0.009,0.015,0.032,-1.242,,earned,side_dead,covered anyway; turnovers 2-1 (-4.3),-0.649,-5.729,,1.0,2.0,-3.917,-12.509,14.0,0.0,1.0,0.0,0.0,0.0,0.0,0.0,0.0,1.0,0.0,0.0,0.0,0.0,0.068,-2.15,0.0,0.0,0.0,0.0,0.0,0.0,0.0,0.0,1.0,1.0,21.0,13.9,80.0,77.4,archive,-7.1,0.0,-0.034,31.0,36.0,0.0,1.0,3.539,0.0,0.0,0.0,122.0,127.365,-5.365,False,3.5,-0.448,-0.448,3.659,1.081,-6.651,False,0,0.0,6,7,0.005,0.033,True
2015_13_DAL_WAS,spread,2015-18,2015,13,WAS,DAL,WAS -2,2.0,43.0,7.047,41.942,5.047,0.673,0.551,16.0,19.0,-3.0,35.0,False,False,-1.1,-5.0,-10.047,2.061,-0.604,-11.504,4.387,-0.003,-1.334,-0.989,0.002,0.0,-0.009,0.161,-0.791,0.033,knowable,,opp_qb_out,"outplayed, no luck (residual -11.5)",0.649,3.699,knowable,1.0,3.0,-4.538,-13.244,3.0,7.0,0.0,0.0,0.0,0.0,0.0,0.0,1.0,0.0,0.0,0.0,0.0,0.0,-1.085,2.334,0.0,0.0,0.0,0.0,0.0,0.0,0.0,0.0,1.0,1.0,0.0,3.7,41.0,43.3,archive,3.7,0.0,-5.733,72.0,70.0,0.0,0.0,0.0,0.0,0.0,0.0,114.0,119.818,-5.818,True,-2.0,0.904,3.188,1.859,1.288,2.025,True,1,0.0,8,11,-0.003,0.011,True
2015_14_SEA_BAL,spread,2015-18,2015,14,BAL,SEA,BAL +10.5,-10.5,42.0,-6.11,42.151,4.39,0.634,0.521,6.0,35.0,-29.0,41.0,False,False,-1.1,-18.5,-22.89,-17.027,-0.459,-5.405,-2.296,-0.003,-0.095,-14.632,0.002,0.0,-0.009,-0.109,0.661,-1.004,knowable,,side_dead,garbage time (-14.6),0.649,-1.745,knowable,2.0,1.0,-9.796,-5.209,0.0,14.0,0.0,0.0,0.0,0.0,0.0,0.0,0.0,0.0,0.0,0.0,0.0,0.0,0.265,0.338,0.0,15.0,0.0,0.0,15.0,0.0,0.0,0.0,1.0,0.971,2.0,3.6,65.0,65.8,archive,1.6,0.0,5.179,94.0,42.0,1.0,0.0,-3.033,0.0,0.0,0.0,120.0,124.555,-4.555,True,10.5,1.428,1.428,2.962,1.969,9.196,False,0,0.0,7,7,-0.006,0.008,True
2015_14_DAL_GB,spread,2015-18,2015,14,GB,DAL,GB -6,6.0,43.0,11.653,45.74,5.653,0.65,0.434,28.0,7.0,21.0,35.0,True,False,1.0,15.0,9.347,15.495,0.096,-6.245,2.837,-0.003,0.008,12.655,0.002,0.0,-0.009,-0.347,-0.042,0.492,,luck,,covered anyway (miss +9.3 inside the edge),0.649,3.49,,0.0,1.0,0.0,-5.623,0.0,0.0,0.0,0.0,0.0,0.0,0.0,0.0,0.0,0.0,0.0,0.0,0.0,0.0,0.27,0.068,15.0,0.0,15.0,0.0,0.0,0.0,0.0,0.0,1.0,1.0,10.0,13.7,53.0,57.4,archive,3.7,0.0,-0.108,69.0,30.0,1.0,2.0,1.345,0.0,0.0,0.0,130.0,122.429,7.571,True,-6.0,1.368,1.368,4.285,0.358,6.006,False,0,0.0,10,6,0.016,0.002,True
2015_16_NYG_MIN,spread,2015-18,2015,16,MIN,NYG,NYG +7,7.0,44.5,2.729,52.773,4.271,0.34,0.28,49.0,17.0,32.0,66.0,False,False,-1.1,-25.0,-29.271,-24.11,-2.66,-2.501,-9.516,0.003,-1.033,-13.564,-0.002,-0.0,0.009,-0.038,-0.427,-2.203,in-game events,,,garbage time (-13.6); turnovers 3-0 (-9.5),12.085,1.539,variance,0.0,3.0,0.0,-18.908,14.0,0.0,1.0,0.0,0.0,0.0,0.0,0.0,0.0,0.0,1.0,0.0,0.0,0.0,3.207,0.237,30.0,14.0,30.0,0.0,0.0,14.0,0.0,0.0,1.0,0.872,8.0,7.8,13.0,15.4,archive,-0.2,0.0,3.415,10.0,48.0,0.0,2.0,6.352,0.0,0.0,0.0,123.0,126.963,-3.963,False,7.0,-0.006,-0.006,4.265,0.276,-3.769,True,0,0.0,7,7,0.037,0.009,True
2015_17_WAS_DAL,spread,2015-18,2015,17,DAL,WAS,WAS +3,3.0,41.0,-1.867,48.279,4.867,0.359,0.302,23.0,34.0,-11.0,57.0,True,False,1.0,14.0,9.133,11.798,-2.976,0.311,9.67,0.003,0.226,1.898,-3.009,-0.0,0.009,-0.055,-0.035,0.115,,earned,,covered anyway; QB lost in game (56% of dropbacks) (-3.0),-15.203,-5.303,,4.0,0.0,-19.252,0.0,0.0,14.0,0.0,0.0,0.0,0.0,0.0,0.0,0.0,0.0,0.0,0.0,0.0,0.0,0.206,0.633,16.0,17.0,0.0,16.0,17.0,0.0,0.0,0.0,1.0,0.556,,,,,none,0.0,0.0,0.47,44.0,20.0,1.0,1.0,-0.431,0.0,0.0,0.0,128.0,120.177,7.823,False,3.0,0.584,0.584,5.451,0.292,-4.636,False,1,1.0,8,7,0.021,-0.011,True
2015_17_JAX_HOU,spread,2015-18,2015,17,HOU,JAX,HOU -5,5.0,45.0,9.909,47.041,4.909,0.628,0.46,30.0,6.0,24.0,36.0,True,False,1.0,19.0,14.091,9.215,-1.484,6.36,7.337,-0.003,-0.768,2.65,0.002,0.0,-0.009,0.022,-0.445,-1.054,,earned,,covered anyway (miss +14.1 inside the edge),-2.079,4.486,,1.0,4.0,-5.439,-20.013,20.0,3.0,1.0,0.0,0.0,0.0,0.0,0.0,1.0,0.0,0.0,0.0,0.0,0.0,-0.83,1.063,7.0,3.0,7.0,0.0,0.0,3.0,0.0,0.0,0.894,1.0,,6.0,,55.0,pbp_text,0.0,0.0,-3.136,55.0,53.0,1.0,2.0,-3.18,0.0,0.0,0.0,128.0,128.678,-0.678,True,-5.0,0.285,0.285,4.624,0.702,5.913,False,1,1.0,7,7,-0.066,0.008,True
2015_17_TEN_IND,spread,2015-18,2015,17,IND,TEN,IND -3.5,3.5,39.0,8.46,47.272,4.96,0.625,0.279,30.0,24.0,6.0,54.0,True,False,1.0,2.5,-2.46,-1.847,2.872,-3.485,1.148,-0.003,0.726,-3.717,3.009,0.0,-0.009,-0.01,0.031,-0.149,,earned,,covered anyway; garbage time (-3.7),-2.079,-0.208,,1.0,1.0,-4.857,-7.122,7.0,7.0,1.0,0.0,0.0,0.0,0.0,0.0,0.0,0.0,0.0,0.0,0.0,0.0,3.561,1.419,0.0,3.0,0.0,0.0,0.0,3.0,0.0,0.0,0.773,0.531,,9.0,,30.0,pbp_text,0.0,0.0,0.441,71.0,60.0,0.0,2.0,-0.531,0.0,0.0,0.0,125.0,124.775,0.225,True,-3.5,-0.011,-0.011,4.97,0.355,4.647,False,1,1.0,7,7,-0.034,-0.022,True
2015_17_OAK_KC,spread,2015-18,2015,17,KC,LV,KC -6.5,6.5,43.5,10.999,42.416,4.499,0.608,0.548,23.0,17.0,6.0,40.0,False,False,-1.1,-0.5,-4.999,-10.916,-0.447,6.364,-3.957,-0.003,-0.51,-6.446,0.002,0.169,-0.009,0.299,-0.002,-0.906,luck,,,garbage time (-6.4); turnovers 2-1 (-4.0),-5.718,-10.188,luck,2.0,1.0,-12.016,-4.127,0.0,7.0,0.0,1.0,0.0,0.0,0.0,0.0,0.0,0.0,0.0,0.0,0.0,1.0,0.203,1.396,1.0,7.0,1.0,0.0,0.0,7.0,0.0,0.0,0.971,1.0,9.0,8.4,37.0,33.2,archive,-0.6,1.0,0.193,55.0,59.0,2.0,1.0,-2.748,0.0,0.0,0.0,118.0,125.197,-7.197,True,-6.5,0.0,0.0,4.499,0.548,5.374,False,1,0.0,7,10,-0.016,-0.03,True
2016_01_BUF_BAL,spread,2015-18,2016,1,BAL,BUF,BUF +3,3.0,44.5,-1.057,45.536,4.057,0.385,0.481,13.0,7.0,6.0,20.0,False,False,-1.1,-3.0,-7.057,1.361,2.552,-10.971,2.569,0.003,-2.2,0.989,-0.002,-0.0,0.009,0.069,-0.438,2.914,variance,,,"outplayed, no luck (residual -11.0)",-0.649,-0.277,variance,1.0,0.0,-5.128,0.0,0.0,0.0,0.0,0.0,0.0,0.0,0.0,0.0,0.0,1.0,0.0,0.0,0.0,0.0,2.334,-3.788,0.0,0.0,0.0,0.0,0.0,0.0,0.0,0.0,1.0,1.0,8.0,10.9,84.0,80.9,archive,2.9,0.0,3.497,35.0,89.0,1.0,2.0,-8.624,0.0,0.0,0.0,110.0,126.623,-16.623,False,3.0,-0.798,-0.798,3.26,1.704,-8.192,False,0,0.0,7,7,0.037,-0.008,True
2016_04_NYG_MIN,spread,2015-18,2016,4,MIN,NYG,MIN -3.5,3.5,42.5,7.749,45.684,4.249,0.605,0.415,24.0,10.0,14.0,34.0,True,False,1.0,10.5,6.251,9.21,2.211,-5.17,4.853,-0.003,-1.018,5.378,0.002,0.0,-0.009,-0.113,0.214,2.117,,earned,,covered anyway (miss +6.3 inside the edge),0.649,4.481,,0.0,2.0,0.0,-9.634,10.0,0.0,0.0,0.0,0.0,0.0,0.0,0.0,1.0,0.0,0.0,0.0,0.0,0.0,-2.041,0.526,7.0,0.0,7.0,0.0,0.0,0.0,0.0,0.0,1.0,1.0,,,,,none,0.0,0.0,1.816,37.0,69.0,0.0,2.0,6.101,0.0,0.0,0.0,130.0,126.239,3.761,True,-3.5,0.547,0.547,3.702,0.63,2.79,True,0,1.0,8,8,-0.042,0.022,True
2016_05_ARI_SF,spread,2015-18,2016,5,SF,ARI,SF +3.5,-3.5,42.5,0.655,36.746,4.155,0.65,0.685,21.0,33.0,-12.0,54.0,False,False,-1.1,-8.5,-12.655,-10.942,1.47,-3.184,-7.949,-0.003,-0.182,-2.808,0.002,0.0,-0.009,-0.028,0.638,0.867,luck,,opp_qb_out,turnovers 3-0 (-7.9),7.016,-1.118,knowable,3.0,0.0,-15.829,0.0,0.0,10.0,0.0,0.0,0.0,0.0,0.0,0.0,0.0,0.0,0.0,0.0,0.0,0.0,0.335,0.643,7.0,9.0,0.0,7.0,9.0,0.0,0.0,0.0,1.0,1.0,16.0,5.5,75.0,75.2,archive,-10.5,0.0,5.006,34.0,50.0,1.0,0.0,2.441,0.0,0.0,0.0,138.0,127.777,10.223,True,3.5,0.718,2.765,1.391,0.397,3.896,True,1,0.0,4,4,-0.013,-0.004,True
2016_05_NE_CLE,spread,2015-18,2016,5,CLE,NE,CLE +10,-10.0,47.5,-5.858,39.047,4.142,0.64,0.737,13.0,33.0,-20.0,46.0,False,False,-1.1,-10.0,-14.142,-5.603,-2.12,-6.42,-1.58,-0.003,0.607,-4.627,-3.005,0.0,-0.009,0.134,0.162,0.599,knowable,,opp_qb_out,garbage time (-4.6); QB lost in game (21% of dropbacks) (-3.0),6.107,5.131,knowable,1.0,0.0,-3.161,0.0,0.0,0.0,0.0,0.0,0.0,0.0,0.0,0.0,0.0,1.0,0.0,0.0,0.0,0.0,0.068,-1.755,6.0,10.0,0.0,6.0,10.0,0.0,0.0,0.0,0.214,0.977,13.0,10.8,58.0,56.1,archive,-2.2,0.0,1.423,35.0,61.0,1.0,1.0,1.657,0.0,0.0,0.0,134.0,127.754,6.246,True,10.0,0.168,2.216,1.927,0.774,2.612,False,0,0.0,7,7,0.0,0.012,True
2016_07_NYG_LA,spread,2015-18,2016,7,LA,NYG,LA +3,-3.0,44.5,2.205,44.05,5.205,0.67,0.533,10.0,17.0,-7.0,27.0,False,False,-1.1,-4.0,-9.205,-9.089,0.662,-0.778,-8.077,-0.003,-0.02,-0.989,0.002,0.0,-0.009,-0.026,-0.22,0.915,luck,,,turnovers 4-1 (-8.1),0.649,-7.451,luck,4.0,1.0,-19.773,-3.688,7.0,14.0,0.0,1.0,0.0,0.0,0.0,0.0,0.0,0.0,0.0,0.0,0.0,0.0,0.432,0.303,0.0,0.0,0.0,0.0,0.0,0.0,0.0,0.0,1.0,1.0,12.0,3.7,55.0,62.6,archive,-8.3,0.0,-1.449,43.0,33.0,1.0,0.0,2.584,0.0,0.0,0.0,131.0,128.196,2.804,True,3.0,-0.389,-0.389,5.594,0.61,6.677,False,0,0.0,7,7,-0.046,0.006,True
2016_08_NE_BUF,spread,2015-18,2016,8,BUF,NE,BUF +5.5,-5.5,48.0,-0.913,49.65,4.587,0.65,0.465,25.0,41.0,-16.0,66.0,False,False,-1.1,-10.5,-15.087,-7.108,1.795,-9.774,0.01,-0.003,-1.577,-5.537,0.002,0.0,-0.009,0.007,0.439,1.356,variance,,,garbage time (-5.5); and outplayed (-9.8),14.293,12.722,variance,0.0,0.0,0.0,0.0,0.0,0.0,0.0,0.0,0.0,0.0,0.0,0.0,1.0,0.0,0.0,0.0,0.0,0.0,-2.421,1.656,15.0,20.0,0.0,15.0,20.0,0.0,0.0,0.0,0.917,0.974,9.0,7.2,49.0,47.9,archive,-1.8,0.0,3.505,84.0,116.0,4.0,0.0,3.874,0.0,0.0,0.0,129.0,126.23,2.77,True,5.5,-0.932,-0.932,5.519,1.492,8.238,False,1,0.0,7,7,0.024,0.028,True
2016_10_HOU_JAX,spread,2015-18,2016,10,JAX,HOU,HOU +3,3.0,42.0,-1.079,40.513,4.079,0.382,0.549,21.0,24.0,-3.0,45.0,True,False,1.0,6.0,1.921,-0.75,-0.515,3.185,6.685,0.003,-2.97,-4.469,-0.002,-0.0,0.009,-0.026,-0.596,0.1,,earned,,covered anyway; garbage time (-4.5),-6.107,-2.388,,2.0,0.0,-13.316,0.0,0.0,7.0,0.0,1.0,0.0,0.0,0.0,0.0,0.0,2.0,0.0,0.0,0.0,0.0,3.414,-4.787,6.0,0.0,0.0,6.0,0.0,0.0,0.0,0.0,1.0,1.0,10.0,1.6,69.0,75.7,archive,-8.4,0.0,4.686,49.0,89.0,1.0,1.0,-0.388,0.0,0.0,0.0,135.0,127.798,7.202,False,3.0,-0.129,-0.129,3.951,1.115,-6.666,False,1,0.0,14,7,-0.075,-0.019,True
2016_12_SD_HOU,spread,2015-18,2016,12,HOU,LAC,HOU +2.5,-2.5,45.5,5.436,46.294,7.936,0.716,0.489,13.0,21.0,-8.0,34.0,False,False,-1.1,-5.5,-13.436,-3.335,0.242,-10.342,-5.016,-0.003,0.853,0.83,0.002,0.0,-0.009,0.304,0.335,-0.391,variance,,,turnovers 4-1 (-5.0); and outplayed (-10.3),3.378,-0.788,variance,4.0,1.0,-12.965,-2.969,3.0,7.0,0.0,0.0,0.0,0.0,0.0,0.0,0.0,1.0,0.0,0.0,0.0,0.0,0.729,-1.757,3.0,1.0,0.0,3.0,1.0,0.0,0.0,0.0,1.0,1.0,,14.0,,71.0,pbp_text,0.0,0.0,2.728,58.0,78.0,2.0,0.0,-1.24,0.0,0.0,0.0,113.0,128.152,-15.152,True,2.5,1.653,1.653,6.283,0.494,8.942,False,0,1.0,6,14,-0.059,-0.001,True
2016_15_JAX_HOU,spread,2015-18,2016,15,HOU,JAX,HOU -3.5,3.5,39.5,7.578,41.496,4.078,0.604,0.45,21.0,20.0,1.0,41.0,False,False,-1.1,-2.5,-6.578,-8.559,-3.363,5.344,-4.024,-3.847,0.3,-0.989,-3.005,0.0,-0.009,0.042,0.108,-0.498,luck,,trees_disagree,turnovers 2-1 (-4.0); return TD (-3.8),0.649,-6.921,luck,2.0,1.0,-10.528,-2.506,0.0,10.0,0.0,0.0,0.0,1.0,0.0,0.0,0.0,0.0,0.0,0.0,0.0,0.0,2.554,1.562,0.0,0.0,0.0,0.0,0.0,0.0,0.0,0.0,0.229,1.0,,19.0,,37.0,pbp_text,0.0,0.0,1.018,71.0,91.0,1.0,1.0,-1.554,0.0,0.0,0.0,126.0,127.573,-1.573,True,-3.5,0.053,0.053,4.025,1.773,-0.153,False,1,1.0,7,7,-0.056,-0.036,True
2016_17_DAL_PHI,spread,2015-18,2016,17,PHI,DAL,DAL +6.5,6.5,44.0,-2.985,43.466,9.485,0.219,0.529,27.0,13.0,14.0,40.0,False,False,-1.1,-7.5,-16.985,-9.993,0.854,-7.847,-5.146,0.003,0.528,-5.378,-0.002,-0.0,0.009,0.015,-0.092,0.924,luck,,,garbage time (-5.4); turnovers 2-0 (-5.1),-0.649,-5.264,variance,0.0,2.0,0.0,-10.216,7.0,0.0,0.0,0.0,0.0,0.0,0.0,0.0,1.0,0.0,0.0,0.0,0.0,1.0,-2.37,-1.128,7.0,0.0,7.0,0.0,0.0,0.0,0.0,0.0,1.0,0.618,10.0,9.2,50.0,48.3,archive,-0.8,0.0,0.899,61.0,35.0,1.0,0.0,-2.799,0.0,0.0,0.0,127.0,128.148,-1.148,False,6.5,-0.319,-0.319,9.166,0.546,-10.475,False,1,0.0,6,10,0.042,-0.013,True
2016_17_CLE_PIT,spread,2015-18,2016,17,PIT,CLE,PIT -3.5,3.5,41.5,11.205,44.682,7.705,0.704,0.41,27.0,24.0,3.0,51.0,False,False,-1.1,-0.5,-8.205,4.887,1.063,-14.155,7.437,-0.003,1.171,-3.717,0.002,0.0,0.585,-0.904,0.217,1.162,variance,,,garbage time (-3.7); and outplayed (-14.2),0.649,9.254,variance,1.0,3.0,-0.262,-15.035,14.0,0.0,0.0,0.0,0.0,0.0,0.0,0.0,0.0,1.0,0.0,0.0,0.0,0.0,0.203,-3.142,0.0,3.0,0.0,0.0,3.0,0.0,0.0,0.0,1.0,1.0,1.0,1.6,41.0,38.8,archive,0.6,0.0,1.841,43.0,37.0,2.0,0.0,3.307,1.0,6.0,3.0,146.0,124.967,21.033,True,-3.5,-0.344,-0.344,8.049,2.204,2.364,False,1,0.0,7,8,0.027,0.018,True
2016_17_NYG_WAS,spread,2015-18,2016,17,WAS,NYG,NYG +10,10.0,47.5,4.023,47.443,5.977,0.277,0.518,10.0,19.0,-9.0,29.0,True,False,1.0,19.0,13.023,9.651,-1.426,4.798,7.884,0.003,0.774,0.989,-0.002,-0.0,0.009,-0.091,-0.116,-1.226,,earned,,covered anyway (miss +13.0 inside the edge),-0.649,8.012,,3.0,0.0,-15.7,0.0,0.0,7.0,0.0,1.0,0.0,0.0,0.0,0.0,1.0,0.0,0.0,0.0,0.0,0.0,-1.15,0.758,0.0,0.0,0.0,0.0,0.0,0.0,0.0,0.0,1.0,1.0,1.0,3.5,53.0,51.2,archive,2.5,0.0,1.079,42.0,42.0,0.0,1.0,3.494,0.0,0.0,0.0,123.0,129.271,-6.271,False,10.0,-0.079,-0.079,5.898,0.427,-6.043,False,1,0.0,10,8,-0.061,0.08,True
2017_01_PHI_WAS,spread,2015-18,2017,1,WAS,PHI,WAS +2,-2.0,49.5,2.868,45.203,4.868,0.637,0.636,17.0,30.0,-13.0,47.0,False,False,-1.1,-11.0,-15.868,-8.09,0.346,-8.124,-4.84,-0.003,-0.439,-2.808,0.002,0.0,-0.009,0.011,0.479,-0.137,variance,,,turnovers 4-2 (-4.8); and outplayed (-8.1),0.649,-4.633,variance,4.0,2.0,-22.878,-13.233,7.0,13.0,1.0,1.0,0.0,0.0,0.0,0.0,0.0,0.0,0.0,1.0,0.0,0.0,0.403,1.405,0.0,2.0,0.0,0.0,2.0,0.0,0.0,0.0,1.0,1.0,5.0,7.6,67.0,69.9,archive,2.6,0.0,3.809,15.0,76.0,1.0,0.0,-0.498,0.0,0.0,0.0,126.0,127.314,-1.314,True,2.0,-0.357,-0.357,5.225,0.356,4.801,False,1,0.0,7,7,0.045,-0.017,True
2017_02_NYJ_OAK,spread,2015-18,2017,2,LV,NYJ,NYJ +14,14.0,44.0,7.939,44.853,6.061,0.308,0.489,45.0,20.0,25.0,65.0,False,False,-1.1,-11.0,-17.061,-14.298,-0.726,-2.037,-5.857,0.003,0.572,-9.017,-0.002,-0.0,0.009,-0.544,-0.156,-0.033,luck,,,garbage time (-9.0); turnovers 2-0 (-5.9),5.718,0.436,variance,0.0,2.0,0.0,-11.631,14.0,0.0,0.0,0.0,0.0,0.0,0.0,0.0,0.0,0.0,0.0,0.0,0.0,0.0,0.529,1.892,18.0,7.0,18.0,0.0,0.0,7.0,0.0,0.0,1.0,1.0,6.0,3.6,70.0,88.6,archive,-2.4,0.0,1.383,79.0,47.0,0.0,0.0,0.0,0.0,0.0,0.0,107.0,125.008,-18.008,False,14.0,0.102,0.102,6.163,0.094,-5.95,False,0,0.0,7,7,-0.023,0.008,True
2017_02_WAS_LA,spread,2015-18,2017,2,LA,WAS,WAS +3,3.0,45.5,-2.72,44.294,5.72,0.332,0.545,20.0,27.0,-7.0,47.0,True,False,1.0,10.0,4.28,4.653,-1.17,0.797,5.006,0.003,-1.345,0.989,-0.002,-0.0,0.009,0.088,0.274,-1.539,,earned,,covered anyway (miss +4.3 inside the edge),-0.649,3.015,,2.0,0.0,-9.975,0.0,0.0,3.0,0.0,0.0,0.0,0.0,0.0,0.0,0.0,1.0,0.0,0.0,0.0,0.0,1.042,-2.771,0.0,0.0,0.0,0.0,0.0,0.0,0.0,0.0,0.966,1.0,3.0,8.3,74.0,73.1,archive,5.3,0.0,-1.852,75.0,25.0,1.0,0.0,4.409,0.0,0.0,0.0,116.0,124.131,-8.131,False,3.0,-0.006,-0.006,5.714,0.781,-3.93,False,0,0.0,7,7,0.035,-0.075,True
2017_03_LA_SF,spread,2015-18,2017,3,SF,LA,SF +3,-3.0,40.5,1.093,40.286,4.093,0.639,0.519,39.0,41.0,-2.0,80.0,True,False,1.0,1.0,-3.093,-6.029,0.498,2.437,-1.113,-0.003,-0.285,-4.627,0.002,0.0,-0.009,-0.049,-0.321,0.875,,earned,,covered anyway; garbage time (-4.6),7.016,5.615,,2.0,2.0,-11.611,-9.378,3.0,10.0,0.0,0.0,0.0,0.0,0.0,0.0,0.0,0.0,1.0,0.0,0.0,0.0,1.09,1.677,7.0,11.0,0.0,7.0,11.0,0.0,0.0,0.0,1.0,1.0,13.0,12.6,68.0,65.8,archive,-0.4,0.0,-2.208,55.0,52.0,3.0,0.0,2.466,0.0,0.0,0.0,134.0,123.194,10.806,True,3.0,-0.337,-0.337,4.43,1.638,0.096,True,1,0.0,4,4,-0.019,-0.063,True
2017_03_CLE_IND,spread,2015-18,2017,3,IND,CLE,IND -1,1.0,42.0,5.297,45.661,4.297,0.648,0.389,31.0,28.0,3.0,59.0,True,False,1.0,2.0,-2.297,-7.274,0.263,4.714,2.786,-0.003,0.028,-10.084,0.002,0.0,-0.009,-0.098,0.335,0.033,,earned,,covered anyway; garbage time (-10.1),-17.542,-14.731,,1.0,3.0,-4.214,-9.738,3.0,0.0,0.0,0.0,0.0,0.0,0.0,0.0,0.0,0.0,0.0,0.0,0.0,0.0,0.532,0.274,10.0,20.0,10.0,0.0,0.0,20.0,0.0,0.0,1.0,1.0,,5.0,,83.0,pbp_text,0.0,0.0,2.727,99.0,113.0,0.0,0.0,0.0,0.0,0.0,0.0,131.0,126.242,4.758,True,-1.0,0.219,0.219,4.078,0.589,3.166,False,0,1.0,7,7,0.001,0.006,True
2017_03_MIA_NYJ,spread,2015-18,2017,3,NYJ,MIA,NYJ +5.5,-5.5,43.0,-1.193,45.535,4.307,0.645,0.428,20.0,6.0,14.0,26.0,True,False,1.0,19.5,15.193,3.4,2.219,9.574,1.379,-0.003,-0.625,2.65,0.002,0.0,-0.009,-0.012,-0.169,2.406,,earned,,covered anyway (miss +15.2 inside the edge),-4.808,-4.057,,1.0,2.0,-3.551,-6.275,3.0,0.0,0.0,0.0,0.0,0.0,0.0,0.0,1.0,0.0,0.0,1.0,1.0,0.0,-2.437,-0.932,10.0,6.0,10.0,0.0,0.0,6.0,0.0,0.0,1.0,0.98,5.0,3.7,88.0,85.7,archive,-1.3,0.0,-1.061,94.0,51.0,0.0,3.0,6.948,0.0,0.0,0.0,121.0,122.968,-1.968,True,5.5,0.115,0.115,4.193,0.485,5.225,False,1,0.0,7,7,-0.001,0.025,True
2017_03_OAK_WAS,spread,2015-18,2017,3,WAS,LV,WAS +3.5,-3.5,53.0,1.758,50.136,5.258,0.682,0.596,27.0,10.0,17.0,37.0,True,False,1.0,20.5,15.242,-0.34,-0.668,16.25,-1.121,-0.003,-0.955,1.74,0.002,0.0,-0.009,0.086,-0.573,-0.174,,earned,,covered anyway (miss +15.2 inside the edge),-8.446,-10.526,,2.0,3.0,-10.061,-7.812,14.0,10.0,0.0,0.0,0.0,0.0,0.0,0.0,1.0,0.0,0.0,0.0,0.0,0.0,-2.287,0.11,13.0,10.0,13.0,0.0,0.0,10.0,0.0,0.0,1.0,1.0,0.0,1.6,76.0,76.6,archive,1.6,0.0,-4.1,77.0,35.0,0.0,2.0,-0.604,0.0,0.0,0.0,112.0,125.219,-13.219,True,3.5,0.0,0.0,5.258,2.101,10.378,True,0,0.0,7,7,0.042,0.029,True
2017_03_DAL_ARI,spread,2015-18,2017,3,ARI,DAL,ARI +3,-3.0,46.5,1.4,47.102,4.4,0.648,0.493,17.0,28.0,-11.0,45.0,False,False,-1.1,-8.0,-12.4,-3.191,-0.431,-8.778,0.01,-0.003,-1.299,-1.898,0.002,0.0,-0.009,0.05,0.3,-0.774,variance,,,"outplayed, no luck (residual -8.8)",0.649,-0.643,variance,0.0,0.0,0.0,0.0,0.0,0.0,0.0,0.0,0.0,0.0,0.0,0.0,1.0,0.0,0.0,0.0,0.0,0.0,-3.051,0.274,0.0,1.0,0.0,0.0,1.0,0.0,0.0,0.0,1.0,1.0,,,,,none,0.0,0.0,2.463,50.0,76.0,1.0,0.0,-2.359,0.0,0.0,0.0,119.0,129.191,-10.191,True,3.0,0.087,0.087,4.312,0.383,3.563,True,0,1.0,8,8,-0.044,0.032,True
2017_04_LA_DAL,spread,2015-18,2017,4,DAL,LA,DAL -5,5.0,51.0,10.791,50.043,5.791,0.662,0.539,30.0,35.0,-5.0,65.0,False,False,-1.1,-10.0,-15.791,-6.965,0.166,-8.993,-4.603,-0.003,-1.369,-0.989,0.002,0.0,-0.009,-0.343,0.013,0.503,variance,,,turnovers 2-0 (-4.6); and outplayed (-9.0),0.649,-5.327,variance,2.0,0.0,-9.175,0.0,0.0,10.0,0.0,0.0,0.0,0.0,0.0,0.0,0.0,0.0,0.0,0.0,0.0,0.0,0.529,4.045,0.0,0.0,0.0,0.0,0.0,0.0,0.0,0.0,1.0,1.0,,,,,none,0.0,0.0,0.308,45.0,41.0,2.0,0.0,1.378,0.0,0.0,0.0,132.0,123.818,8.182,True,-5.0,0.158,0.158,5.633,1.44,9.231,False,0,1.0,6,10,0.033,-0.041,True
2017_04_IND_SEA,spread,2015-18,2017,4,SEA,IND,IND +12.5,12.5,41.5,8.0,43.11,4.5,0.354,0.465,46.0,18.0,28.0,64.0,False,False,-1.1,-15.5,-20.0,-14.56,-1.646,-3.795,-2.723,0.003,0.815,-12.655,-0.002,-0.0,0.009,-0.146,0.237,-1.744,in-game events,,,garbage time (-12.7),-0.649,-2.555,variance,2.0,2.0,-8.585,-13.982,14.0,10.0,2.0,0.0,0.0,0.0,0.0,0.0,1.0,0.0,0.0,0.0,0.0,0.0,-1.348,0.669,15.0,0.0,15.0,0.0,0.0,0.0,0.0,0.0,1.0,1.0,8.0,4.7,61.0,56.7,archive,-3.3,0.0,-1.574,45.0,31.0,1.0,0.0,5.009,0.0,0.0,0.0,121.0,125.887,-4.887,False,12.5,-0.134,-0.134,4.366,0.468,-5.324,True,0,0.0,7,7,-0.0,-0.016,True
2017_05_SEA_LA,spread,2015-18,2017,5,LA,SEA,SEA +2,2.0,46.5,-4.109,47.684,6.109,0.347,0.475,10.0,16.0,-6.0,26.0,True,False,1.0,8.0,1.891,12.909,0.29,-11.309,7.025,0.003,2.163,3.717,-0.002,-0.0,0.009,-0.161,-0.328,0.773,,luck,,covered anyway (miss +1.9 inside the edge),-0.649,8.543,,5.0,2.0,-25.537,-11.545,10.0,3.0,0.0,0.0,0.0,0.0,0.0,0.0,1.0,0.0,0.0,0.0,0.0,0.0,-2.953,2.706,0.0,3.0,0.0,0.0,3.0,0.0,0.0,0.0,1.0,0.977,0.0,9.0,78.0,79.2,archive,9.0,0.0,2.674,45.0,40.0,1.0,0.0,-2.357,0.0,0.0,0.0,134.0,123.669,10.331,False,2.0,0.352,0.352,6.461,0.351,-5.51,False,1,0.0,7,7,-0.012,-0.026,True
2017_06_MIA_ATL,spread,2015-18,2017,6,ATL,MIA,MIA +14,14.0,46.0,9.602,47.058,4.398,0.359,0.48,17.0,20.0,-3.0,37.0,True,False,1.0,17.0,12.602,7.513,1.93,3.159,0.284,0.003,0.779,6.446,-0.002,-0.0,0.009,-0.229,0.631,1.521,,earned,,covered anyway (miss +12.6 inside the edge),4.808,5.875,,1.0,1.0,-3.587,-3.002,0.0,0.0,0.0,0.0,0.0,0.0,0.0,0.0,1.0,0.0,0.0,0.0,0.0,0.0,-0.069,1.852,0.0,6.0,0.0,0.0,0.0,6.0,0.0,0.0,1.0,1.0,,,,,none,0.0,0.0,-4.531,73.0,42.0,1.0,3.0,-4.547,0.0,0.0,0.0,118.0,124.277,-6.277,False,14.0,-0.195,-0.195,4.203,0.403,-5.266,False,0,1.0,7,14,-0.026,0.069,True
2017_06_LA_JAX,spread,2015-18,2017,6,JAX,LA,JAX -1,1.0,42.0,6.999,42.527,5.999,0.693,0.5,17.0,27.0,-10.0,44.0,False,False,-1.1,-11.0,-16.999,-12.281,0.401,-5.118,-0.639,-3.969,-3.956,-3.717,0.002,0.0,-0.009,0.165,-0.231,0.473,luck,,,"return TD (-4.0); kicks (2 FG missed, 1 blocked) (-4.0)",0.649,-7.914,variance,1.0,1.0,-5.233,-3.944,3.0,0.0,0.0,0.0,0.0,1.0,0.0,0.0,2.0,0.0,0.0,0.0,1.0,0.0,-7.836,2.662,0.0,3.0,0.0,0.0,3.0,0.0,0.0,0.0,1.0,1.0,10.0,9.8,88.0,78.4,archive,-0.2,0.0,-1.526,40.0,70.0,1.0,0.0,1.289,0.0,0.0,0.0,120.0,126.353,-6.353,True,-1.0,-0.055,-0.055,6.053,1.123,3.362,False,0,0.0,7,7,-0.045,-0.04,True
2017_06_NYG_DEN,spread,2015-18,2017,6,DEN,NYG,NYG +14,14.0,37.5,7.174,38.05,6.826,0.287,0.5,10.0,23.0,-13.0,33.0,True,False,1.0,27.0,20.174,8.768,1.079,10.327,6.949,0.003,1.737,0.079,-0.002,-0.0,0.009,-0.036,-0.71,1.818,,earned,,covered anyway (miss +20.2 inside the edge),-7.016,1.672,,3.0,0.0,-13.84,0.0,0.0,7.0,0.0,1.0,0.0,0.0,0.0,0.0,2.0,1.0,0.0,0.0,1.0,1.0,-5.848,-1.342,7.0,6.0,0.0,7.0,6.0,0.0,0.0,0.0,0.948,1.0,4.0,6.2,61.0,53.3,archive,2.2,0.0,5.544,46.0,77.0,2.0,0.0,-5.417,0.0,0.0,0.0,127.0,128.445,-1.445,False,14.0,1.638,1.638,8.465,1.441,-3.314,True,0,0.0,7,14,-0.039,-0.066,True
2017_07_DEN_LAC,spread,2015-18,2017,7,LAC,DEN,LAC +1,-1.0,41.0,3.4,41.754,4.4,0.618,0.494,21.0,0.0,21.0,21.0,True,False,1.0,22.0,17.6,12.866,0.382,4.353,4.475,3.005,0.008,5.378,0.002,0.0,-0.009,0.154,0.053,0.182,,earned,,covered anyway (miss +17.6 inside the edge),0.649,8.137,,0.0,3.0,0.0,-8.881,7.0,0.0,0.0,0.0,1.0,0.0,0.0,0.0,0.0,0.0,0.0,0.0,0.0,0.0,0.203,0.0,7.0,0.0,7.0,0.0,0.0,0.0,0.0,0.0,1.0,1.0,4.0,1.7,90.0,90.9,archive,-2.3,0.0,0.609,81.0,68.0,1.0,2.0,0.437,0.0,0.0,0.0,114.0,126.174,-12.174,True,1.0,0.743,0.743,3.656,0.949,6.659,False,1,0.0,7,7,0.029,-0.066,True
2017_08_MIN_CLE,spread,2015-18,2017,8,CLE,MIN,CLE +11,-11.0,38.5,-6.933,39.023,4.067,0.63,0.498,16.0,33.0,-17.0,49.0,False,False,-1.1,-6.0,-10.067,-14.747,-1.356,6.035,-2.183,-0.003,-2.476,-10.084,0.002,0.0,-0.009,0.321,-0.695,-0.974,luck,,,garbage time (-10.1),0.649,-4.013,variance,2.0,1.0,-8.225,-3.863,6.0,6.0,0.0,0.0,0.0,0.0,0.0,0.0,1.0,0.0,1.0,1.0,0.0,1.0,-4.297,2.205,0.0,10.0,0.0,0.0,10.0,0.0,0.0,0.0,1.0,1.0,11.0,15.6,56.0,46.0,archive,4.6,0.0,-5.014,74.0,58.0,1.0,0.0,-2.947,0.0,0.0,0.0,138.0,125.726,12.274,True,11.0,-0.074,-0.074,4.141,1.171,1.229,True,0,0.0,7,7,-0.027,-0.039,True
2017_09_LA_NYG,spread,2015-18,2017,9,NYG,LA,NYG +5.5,-5.5,42.5,0.134,41.991,5.634,0.682,0.524,17.0,51.0,-34.0,68.0,False,False,-1.1,-28.5,-34.134,-25.93,0.49,-8.694,-6.425,-0.003,-3.05,-16.451,0.002,0.0,-0.009,-0.002,-0.175,0.675,variance,,,garbage time (-16.5); turnovers 3-0 (-6.4); and outplayed (-8.7),7.016,-2.462,variance,3.0,0.0,-12.798,0.0,0.0,17.0,0.0,0.0,0.0,0.0,0.0,0.0,1.0,0.0,0.0,0.0,1.0,0.0,-5.211,2.843,7.0,24.0,0.0,7.0,24.0,0.0,0.0,0.0,0.95,1.0,6.0,7.0,56.0,58.3,archive,1.0,0.0,-1.108,52.0,55.0,0.0,1.0,1.879,0.0,0.0,0.0,125.0,125.784,-0.784,True,5.5,-1.678,-1.678,7.312,1.415,2.2,False,0,0.0,14,14,-0.038,-0.036,True
2017_10_HOU_LA,spread,2015-18,2017,10,LA,HOU,HOU +12,12.0,45.0,6.103,46.833,5.897,0.305,0.453,33.0,7.0,26.0,40.0,False,False,-1.1,-14.0,-19.897,-26.684,-0.254,7.041,-10.109,0.003,-2.104,-14.474,-0.002,-0.0,0.009,0.026,0.258,-0.545,luck,,,garbage time (-14.5); turnovers 4-0 (-10.1),-0.649,-12.859,variance,0.0,4.0,0.0,-20.088,13.0,0.0,0.0,0.0,0.0,0.0,0.0,0.0,0.0,1.0,0.0,0.0,0.0,0.0,2.014,-3.849,17.0,0.0,17.0,0.0,0.0,0.0,0.0,0.0,0.976,1.0,0.0,3.8,68.0,68.2,archive,3.8,0.0,-1.727,86.0,60.0,1.0,1.0,1.5,0.0,0.0,0.0,126.0,125.001,0.999,False,12.0,-0.318,-0.318,5.579,0.562,-6.894,False,0,0.0,7,7,-0.038,-0.018,True
2017_11_KC_NYG,spread,2015-18,2017,11,NYG,KC,NYG +10,-10.0,44.5,-3.462,43.067,6.538,0.709,0.549,12.0,9.0,3.0,21.0,True,False,1.0,13.0,6.462,5.343,1.654,-0.535,4.125,-0.003,-0.519,1.74,0.002,0.0,0.585,0.156,0.268,0.644,,earned,,covered anyway (miss +6.5 inside the edge),0.649,4.252,,1.0,3.0,-4.047,-12.232,9.0,0.0,0.0,0.0,0.0,0.0,0.0,0.0,0.0,0.0,1.0,0.0,0.0,0.0,-0.781,0.438,3.0,0.0,3.0,0.0,0.0,0.0,0.0,0.0,0.923,0.979,23.0,21.6,50.0,48.6,archive,-1.4,0.0,2.22,48.0,87.0,3.0,1.0,1.79,1.0,3.0,0.0,138.0,125.936,12.064,True,10.0,-0.326,-0.326,6.865,1.006,8.716,False,0,0.0,7,14,-0.003,0.055,True
2017_11_PHI_DAL,spread,2015-18,2017,11,DAL,PHI,DAL +6,-6.0,48.0,0.891,50.368,6.891,0.724,0.437,9.0,37.0,-28.0,46.0,False,False,-1.1,-22.0,-28.891,-15.648,-2.598,-10.645,-9.624,-0.003,2.244,-8.265,0.002,0.0,-0.009,0.017,-0.136,-2.472,variance,,,turnovers 4-0 (-9.6); garbage time (-8.3); and outplayed (-10.6),0.649,-6.734,variance,4.0,0.0,-19.161,0.0,0.0,7.0,0.0,1.0,0.0,0.0,0.0,0.0,0.0,1.0,0.0,0.0,0.0,0.0,2.358,-3.883,0.0,8.0,0.0,0.0,8.0,0.0,0.0,0.0,0.973,1.0,,0.0,,54.0,pbp_text,0.0,0.0,-0.81,10.0,30.0,1.0,1.0,-7.332,0.0,0.0,0.0,121.0,126.811,-5.811,True,6.0,-0.64,-0.64,7.531,0.731,5.303,True,1,1.0,7,14,0.05,0.009,True
2017_12_LAC_DAL,spread,2015-18,2017,12,DAL,LAC,DAL +1,-1.0,46.5,3.328,48.047,4.328,0.616,0.462,6.0,28.0,-22.0,34.0,False,False,-1.1,-21.0,-25.328,-7.734,0.624,-18.219,-8.299,-0.003,2.467,-1.898,0.002,0.0,-0.009,0.176,-0.487,0.942,variance,,,turnovers 2-0 (-8.3); and outplayed (-18.2),6.107,0.272,variance,2.0,0.0,-16.526,0.0,0.0,7.0,0.0,1.0,0.0,0.0,0.0,0.0,0.0,1.0,0.0,3.0,0.0,0.0,0.0,-6.844,6.0,7.0,0.0,6.0,7.0,0.0,0.0,0.0,1.0,1.0,,,,,none,0.0,0.0,-3.454,60.0,56.0,0.0,1.0,2.663,0.0,0.0,0.0,112.0,126.201,-14.201,True,1.0,-0.772,-0.772,5.1,0.506,3.118,True,0,1.0,4,4,0.043,0.012,True
2017_13_LA_ARI,spread,2015-18,2017,13,ARI,LA,ARI +7.5,-7.5,43.0,-2.709,49.377,4.791,0.686,0.333,16.0,32.0,-16.0,48.0,False,False,-1.1,-8.5,-13.291,-12.188,-0.953,-0.15,-3.897,-0.003,-1.842,-6.446,0.002,0.0,-0.009,-0.097,-0.022,-0.827,luck,,,garbage time (-6.4); turnovers 2-1 (-3.9),3.378,-2.364,variance,2.0,1.0,-13.837,-6.068,0.0,13.0,0.0,1.0,0.0,0.0,0.0,0.0,1.0,0.0,1.0,1.0,2.0,0.0,-2.944,1.847,3.0,9.0,0.0,3.0,9.0,0.0,0.0,0.0,1.0,1.0,,,,,none,0.0,0.0,0.046,25.0,36.0,0.0,1.0,-2.517,0.0,0.0,0.0,118.0,127.232,-9.232,True,7.5,-0.207,-0.207,4.998,0.295,5.148,False,1,1.0,7,7,-0.045,-0.01,True
2017_15_CIN_MIN,spread,2015-18,2017,15,MIN,CIN,CIN +12.5,12.5,42.5,8.255,43.405,4.245,0.365,0.485,34.0,7.0,27.0,41.0,False,False,-1.1,-14.5,-18.745,-11.835,-0.681,-6.229,-2.96,0.003,-0.771,-8.107,-0.002,-0.0,0.009,-0.51,0.233,-0.412,knowable,,side_dead,garbage time (-8.1),5.718,1.99,knowable,1.0,2.0,-6.005,-11.874,7.0,7.0,1.0,0.0,0.0,0.0,0.0,0.0,0.0,0.0,0.0,0.0,0.0,0.0,2.315,0.051,17.0,7.0,17.0,0.0,0.0,7.0,0.0,0.0,0.929,0.806,,,,,none,0.0,0.0,-1.544,93.0,44.0,0.0,3.0,1.111,0.0,0.0,0.0,109.0,125.277,-16.277,False,12.5,-0.377,-0.377,3.868,1.302,-1.619,False,0,1.0,7,7,-0.002,-0.013,True
2017_15_LA_SEA,spread,2015-18,2017,15,SEA,LA,SEA +1,-1.0,47.5,4.094,46.183,5.094,0.64,0.55,7.0,42.0,-35.0,49.0,False,False,-1.1,-34.0,-39.094,-24.133,0.991,-15.953,-3.13,-0.003,0.0,-20.999,0.002,0.0,-0.009,0.053,-0.372,1.318,variance,,,garbage time (-21.0); turnovers 2-1 (-3.1); and outplayed (-16.0),7.016,3.883,variance,2.0,1.0,-9.319,-3.074,0.0,10.0,0.0,0.0,0.0,0.0,0.0,0.0,0.0,0.0,0.0,1.0,0.0,0.0,0.068,-0.116,7.0,29.0,0.0,7.0,29.0,0.0,0.0,0.0,1.0,0.852,15.0,18.3,47.0,46.0,archive,3.3,0.0,-2.591,60.0,25.0,0.0,3.0,3.763,0.0,0.0,0.0,122.0,125.558,-3.558,True,1.0,-0.339,-0.339,5.433,0.417,5.692,False,1,0.0,7,7,0.002,-0.009,True
2017_15_TEN_SF,spread,2015-18,2017,15,SF,TEN,TEN +2.5,2.5,44.5,-2.001,46.375,4.501,0.4,0.459,25.0,23.0,2.0,48.0,True,False,1.0,0.5,-4.001,-2.506,0.797,-2.292,-2.234,0.003,-1.264,0.989,-0.002,-0.0,0.009,-0.01,0.23,0.571,,earned,,covered anyway (miss -4.0 inside the edge),-0.649,-4.145,,0.0,1.0,0.0,-4.425,3.0,0.0,0.0,0.0,0.0,0.0,0.0,0.0,0.0,0.0,0.0,0.0,0.0,0.0,5.941,2.345,0.0,0.0,0.0,0.0,0.0,0.0,0.0,0.0,1.0,1.0,17.0,8.1,65.0,59.5,archive,-8.9,0.0,-1.517,70.0,22.0,0.0,1.0,-1.766,0.0,0.0,0.0,129.0,127.315,1.685,False,2.5,-0.392,-0.392,4.109,0.577,-5.477,False,0,0.0,7,7,-0.025,0.0,True
2017_17_DAL_PHI,spread,2015-18,2017,17,PHI,DAL,PHI +3.5,-3.5,41.0,3.19,43.768,6.69,0.717,0.423,0.0,6.0,-6.0,6.0,False,False,-1.1,-2.5,-9.19,-1.006,-0.553,-7.631,-1.39,-0.003,1.377,-0.989,0.002,0.0,-0.009,0.104,0.014,-0.665,variance,,,nothing stands out: ordinary miss (residual -7.6),0.649,0.632,variance,2.0,0.0,-2.784,0.0,0.0,0.0,0.0,0.0,0.0,0.0,0.0,0.0,0.0,1.0,0.0,1.0,0.0,0.0,0.0,-3.899,0.0,0.0,0.0,0.0,0.0,0.0,0.0,0.0,0.692,1.0,17.0,10.8,19.0,19.6,archive,-6.2,0.0,0.317,49.0,64.0,2.0,1.0,-2.042,0.0,0.0,0.0,118.0,126.889,-8.889,True,3.5,-0.251,-0.251,6.942,0.899,4.695,False,1,0.0,6,7,-0.008,0.039,True
2017_17_CLE_PIT,spread,2015-18,2017,17,PIT,CLE,PIT -5,5.0,38.5,12.506,41.411,7.506,0.711,0.416,28.0,24.0,4.0,52.0,False,False,-1.1,-1.0,-8.506,0.649,0.722,-9.877,-1.144,3.46,-0.678,-0.989,0.002,0.0,-0.009,0.242,0.677,-0.189,variance,,,"outplayed, no luck (residual -9.9)",0.649,2.287,variance,2.0,2.0,-7.9,-5.605,0.0,0.0,0.0,0.0,1.0,0.0,0.0,0.0,0.0,0.0,0.0,0.0,0.0,0.0,0.27,1.918,0.0,0.0,0.0,0.0,0.0,0.0,0.0,0.0,1.0,1.0,3.0,4.2,11.0,13.8,archive,1.2,0.0,5.293,15.0,77.0,1.0,1.0,-0.649,0.0,0.0,0.0,120.0,125.121,-5.121,True,-5.0,-0.609,-0.609,8.115,1.901,2.93,False,1,0.0,6,7,0.055,-0.027,True
2017_17_KC_DEN,spread,2015-18,2017,17,DEN,KC,KC +3,3.0,37.5,-2.614,38.841,5.614,0.335,0.471,24.0,27.0,-3.0,51.0,True,False,1.0,6.0,0.386,3.306,0.795,-3.716,1.435,0.003,-0.03,1.898,-0.002,-0.0,0.009,-0.02,0.02,0.787,,earned,,covered anyway (miss +0.4 inside the edge),-0.649,0.758,,3.0,2.0,-15.821,-12.948,10.0,7.0,1.0,1.0,0.0,0.0,0.0,0.0,0.0,0.0,0.0,0.0,0.0,0.0,0.632,0.368,0.0,1.0,0.0,0.0,1.0,0.0,0.0,0.0,1.0,0.955,4.0,9.6,17.0,22.4,archive,5.6,0.0,0.056,30.0,40.0,2.0,1.0,-2.4,0.0,0.0,0.0,129.0,126.742,2.258,False,3.0,0.501,0.501,6.116,0.701,-6.136,False,1,0.0,7,7,0.052,-0.087,True
2017_17_SF_LA,spread,2015-18,2017,17,LA,SF,LA +6.5,-6.5,44.5,5.247,46.911,11.747,0.83,0.437,13.0,34.0,-21.0,47.0,False,False,-1.1,-14.5,-26.247,-5.418,0.444,-21.272,2.614,-0.003,-0.674,-7.356,0.002,0.0,-0.009,0.078,-0.308,0.681,variance,,,garbage time (-7.4); and outplayed (-21.3),7.016,8.954,variance,2.0,3.0,-6.409,-11.589,6.0,7.0,0.0,0.0,0.0,0.0,0.0,0.0,0.0,0.0,0.0,0.0,0.0,0.0,0.162,1.798,7.0,14.0,0.0,7.0,14.0,0.0,0.0,0.0,1.0,1.0,3.0,1.4,67.0,63.4,archive,-1.6,0.0,-2.108,46.0,23.0,1.0,0.0,1.899,0.0,0.0,0.0,124.0,128.105,-4.105,True,6.5,0.278,0.278,11.469,1.146,9.073,False,1,0.0,7,7,-0.011,0.027,True
2018_01_HOU_NE,spread,2015-18,2018,1,NE,HOU,NE -6,6.0,49.5,10.393,47.597,4.393,0.623,0.566,27.0,20.0,7.0,47.0,True,False,1.0,1.0,-3.393,1.78,1.302,-6.475,-1.595,-0.003,-0.181,3.559,0.002,0.0,-0.009,-0.626,0.193,1.742,,luck,,covered anyway (miss -3.4 inside the edge),-12.085,-13.863,,3.0,2.0,-12.339,-9.148,7.0,10.0,0.0,0.0,0.0,0.0,0.0,0.0,0.0,0.0,0.0,0.0,0.0,0.0,1.076,1.381,19.0,14.0,19.0,0.0,0.0,14.0,0.0,0.0,1.0,1.0,10.0,9.5,62.0,62.1,archive,-0.5,0.0,1.662,36.0,44.0,1.0,1.0,5.004,0.0,0.0,0.0,142.0,126.154,15.846,True,-6.0,-0.615,-0.615,5.008,1.475,7.975,False,0,0.0,7,7,0.08,-0.002,True
2018_01_KC_LAC,spread,2015-18,2018,1,LAC,KC,LAC -3.5,3.5,48.0,7.634,43.434,4.134,0.608,0.645,28.0,38.0,-10.0,66.0,False,False,-1.1,-13.5,-17.634,-10.187,0.992,-8.439,-5.549,-4.407,-1.061,0.83,0.002,0.0,-0.009,-0.223,-0.068,1.29,variance,,,turnovers 2-0 (-5.5); return TD (-4.4); and outplayed (-8.4),15.203,4.185,variance,2.0,0.0,-11.056,0.0,0.0,14.0,0.0,0.0,0.0,1.0,0.0,0.0,1.0,0.0,0.0,0.0,0.0,0.0,-1.298,1.384,16.0,14.0,0.0,16.0,14.0,0.0,0.0,0.0,1.0,1.0,8.0,8.4,84.0,88.3,archive,0.4,0.0,-0.3,45.0,50.0,1.0,0.0,3.681,0.0,0.0,0.0,132.0,124.478,7.522,True,-3.5,0.138,0.138,3.995,0.458,3.117,False,1,0.0,7,7,0.011,0.044,True
2018_01_LA_OAK,spread,2015-18,2018,1,LV,LA,LV +6,-6.0,47.5,-0.01,46.811,5.99,0.703,0.532,13.0,33.0,-20.0,46.0,False,False,-1.1,-14.0,-19.99,-12.591,-0.935,-6.464,-8.678,-0.003,0.717,-4.627,0.002,0.0,-0.009,-0.003,-0.958,0.033,variance,,,turnovers 3-0 (-8.7); garbage time (-4.6),0.649,-7.315,variance,3.0,0.0,-17.279,0.0,0.0,13.0,0.0,1.0,0.0,0.0,0.0,0.0,0.0,1.0,0.0,0.0,0.0,0.0,1.068,-1.051,0.0,4.0,0.0,0.0,4.0,0.0,0.0,0.0,1.0,1.0,10.0,11.4,69.0,96.6,archive,1.4,0.0,-6.989,155.0,70.0,0.0,0.0,0.0,0.0,0.0,0.0,123.0,122.953,0.047,True,6.0,1.037,1.037,4.953,0.401,6.841,True,0,0.0,7,7,0.01,0.005,True
2018_02_HOU_TEN,spread,2015-18,2018,2,TEN,HOU,TEN +3.5,-3.5,41.0,1.459,42.377,4.959,0.672,0.469,20.0,17.0,3.0,37.0,True,False,1.0,6.5,1.541,2.319,0.22,-0.998,1.84,-0.003,1.47,-0.989,-3.005,0.0,-0.009,0.03,-0.017,3.221,,earned,,covered anyway; QB lost in game (53% of dropbacks) (-3.0),0.649,3.957,,0.0,1.0,0.0,-3.641,0.0,0.0,0.0,0.0,0.0,0.0,0.0,0.0,0.0,1.0,0.0,0.0,0.0,0.0,1.138,-3.015,0.0,0.0,0.0,0.0,0.0,0.0,0.0,0.0,0.535,1.0,12.0,11.9,81.0,83.7,archive,-0.1,0.0,0.079,70.0,88.0,2.0,0.0,9.333,0.0,0.0,0.0,118.0,123.742,-5.742,True,3.5,-0.018,-0.018,4.977,1.687,1.016,False,1,0.0,7,7,-0.013,-0.006,True
2018_02_ARI_LA,spread,2015-18,2018,2,LA,ARI,ARI +13.5,13.5,43.5,7.917,45.107,5.583,0.334,0.466,34.0,0.0,34.0,34.0,False,False,-1.1,-20.5,-26.083,-21.01,1.215,-6.288,-1.113,0.003,0.03,-19.931,-0.002,-0.0,0.009,-0.353,-0.209,1.77,luck,,,garbage time (-19.9),-0.649,-1.728,variance,1.0,1.0,-2.814,-5.008,7.0,0.0,0.0,0.0,0.0,0.0,0.0,0.0,0.0,0.0,0.0,0.0,0.0,0.0,0.101,0.0,23.0,0.0,23.0,0.0,0.0,0.0,0.0,0.0,1.0,1.0,2.0,9.0,86.0,84.1,archive,7.0,0.0,1.782,49.0,47.0,3.0,1.0,-5.277,0.0,0.0,0.0,113.0,124.72,-11.72,False,13.5,0.209,0.209,5.791,1.182,-2.755,False,1,0.0,7,6,-0.05,0.008,True
2018_02_NYG_DAL,spread,2015-18,2018,2,DAL,NYG,DAL -3,3.0,42.0,8.333,43.238,5.333,0.676,0.474,20.0,13.0,7.0,33.0,True,False,1.0,4.0,-1.333,2.044,-0.677,-2.7,3.018,-0.003,0.019,-0.989,0.002,0.0,-0.009,0.301,-0.142,-0.829,,earned,,covered anyway (miss -1.3 inside the edge),-8.446,-5.413,,0.0,1.0,0.0,-5.983,3.0,0.0,0.0,0.0,0.0,0.0,0.0,0.0,0.0,0.0,0.0,0.0,0.0,0.0,0.79,0.557,10.0,10.0,10.0,0.0,0.0,10.0,0.0,0.0,1.0,1.0,,,,,none,0.0,0.0,-0.862,47.0,24.0,1.0,2.0,-2.521,0.0,0.0,0.0,115.0,124.5,-9.5,True,-3.0,-0.124,-0.124,5.456,0.579,6.411,True,1,1.0,7,7,0.006,-0.022,True
2018_03_BUF_MIN,spread,2015-18,2018,3,MIN,BUF,BUF +16.5,16.5,41.0,10.846,44.502,5.654,0.344,0.402,6.0,27.0,-21.0,33.0,True,False,1.0,37.5,31.846,6.776,2.114,22.955,6.951,0.003,0.652,-0.83,-0.002,-0.0,0.009,0.121,-0.248,2.234,,earned,,covered anyway (miss +31.8 inside the edge),-6.107,1.5,,3.0,0.0,-13.845,0.0,0.0,10.0,0.0,0.0,0.0,0.0,0.0,0.0,0.0,0.0,0.0,0.0,0.0,0.0,0.0,1.579,6.0,4.0,0.0,6.0,4.0,0.0,0.0,0.0,1.0,1.0,,,,,none,0.0,0.0,2.071,59.0,84.0,1.0,1.0,-6.634,0.0,0.0,0.0,129.0,126.11,2.89,False,16.5,-0.884,-0.884,4.771,0.202,-5.488,False,0,1.0,7,7,-0.018,-0.028,True
2018_03_GB_WAS,spread,2015-18,2018,3,WAS,GB,WAS +2.5,-2.5,46.5,2.415,47.262,4.915,0.629,0.488,31.0,17.0,14.0,48.0,True,False,1.0,16.5,11.585,7.001,2.731,1.854,-0.021,-0.003,-0.172,7.197,0.002,0.0,-0.009,0.057,0.476,2.205,,earned,,covered anyway (miss +11.6 inside the edge),-4.808,-5.005,,1.0,1.0,-4.598,-4.537,3.0,0.0,0.0,0.0,0.0,0.0,0.0,0.0,0.0,0.0,0.0,0.0,0.0,0.0,0.565,0.848,15.0,6.0,15.0,0.0,0.0,6.0,0.0,0.0,1.0,0.98,6.0,8.6,62.0,64.4,archive,2.6,0.0,3.784,66.0,115.0,0.0,2.0,6.358,0.0,0.0,0.0,119.0,125.496,-6.496,True,2.5,-0.176,-0.176,5.091,0.564,3.563,False,0,0.0,7,7,-0.019,0.023,True
2018_03_CHI_ARI,spread,2015-18,2018,3,ARI,CHI,ARI +6,-6.0,39.0,-0.48,38.352,5.52,0.689,0.533,14.0,16.0,-2.0,30.0,True,False,1.0,4.0,-1.52,-1.514,-1.192,1.186,-1.505,-0.003,0.983,-0.989,0.002,0.0,-0.009,-0.012,-0.026,-1.147,,earned,,covered anyway (miss -1.5 inside the edge),0.649,0.124,,4.0,2.0,-11.492,-8.48,7.0,13.0,0.0,0.0,0.0,0.0,0.0,0.0,0.0,1.0,0.0,0.0,0.0,0.0,0.137,-2.699,0.0,0.0,0.0,0.0,0.0,0.0,0.0,0.0,0.71,1.0,,,,,none,0.0,0.0,0.013,43.0,45.0,1.0,1.0,-3.453,0.0,0.0,0.0,117.0,121.785,-4.785,True,6.0,0.203,0.203,5.317,1.573,1.679,False,0,1.0,7,6,-0.055,-0.038,True
2018_03_NE_DET,spread,2015-18,2018,3,DET,NE,DET +7,-7.0,55.5,-2.343,52.306,4.657,0.68,0.607,26.0,10.0,16.0,36.0,True,False,1.0,23.0,18.343,4.208,0.884,13.251,-0.46,-0.003,0.203,4.469,0.002,0.0,-0.009,-0.103,-0.075,1.069,,earned,,covered anyway (miss +18.3 inside the edge),0.649,0.389,,1.0,1.0,-3.76,-2.827,0.0,7.0,0.0,0.0,0.0,0.0,0.0,0.0,0.0,0.0,0.0,0.0,0.0,0.0,1.102,0.373,6.0,0.0,6.0,0.0,0.0,0.0,0.0,0.0,1.0,1.0,,,,68.0,pbp_text,0.0,0.0,-0.355,70.0,38.0,0.0,1.0,3.034,0.0,0.0,0.0,116.0,127.432,-11.432,True,7.0,1.299,1.299,3.358,0.866,2.685,True,0,1.0,7,7,-0.001,0.074,True
2018_04_HOU_IND,spread,2015-18,2018,4,IND,HOU,IND +1,-1.0,48.0,3.299,47.186,4.299,0.62,0.537,34.0,37.0,-3.0,71.0,False,False,-1.1,-2.0,-6.299,-7.626,-2.844,4.171,-3.641,-0.003,0.646,-4.627,0.002,0.0,-0.603,-0.551,-0.041,-1.651,luck,,,garbage time (-4.6); turnovers 2-1 (-3.6),6.107,3.108,variance,2.0,1.0,-12.095,-4.835,0.0,14.0,0.0,1.0,0.0,0.0,0.0,0.0,0.0,1.0,0.0,0.0,0.0,0.0,1.41,-0.515,6.0,10.0,0.0,6.0,10.0,0.0,0.0,0.0,1.0,1.0,,6.0,,73.0,pbp_text,0.0,0.0,-0.098,85.0,54.0,1.0,1.0,-4.929,1.0,3.0,6.0,167.0,123.864,43.136,True,1.0,0.005,0.005,4.294,0.609,3.406,False,1,1.0,7,7,-0.01,0.01,True
2018_05_LA_SEA,spread,2015-18,2018,5,SEA,LA,SEA +7.5,-7.5,50.5,-1.853,48.015,5.647,0.709,0.591,31.0,33.0,-2.0,64.0,True,False,1.0,5.5,-0.147,3.466,-0.448,-3.165,3.761,-0.003,0.698,-0.989,0.002,0.0,-0.009,-0.053,-0.489,0.101,,earned,,covered anyway (miss -0.1 inside the edge),0.649,5.104,,0.0,2.0,0.0,-7.461,7.0,0.0,0.0,0.0,0.0,0.0,0.0,0.0,0.0,0.0,0.0,1.0,0.0,0.0,1.99,-0.076,0.0,0.0,0.0,0.0,0.0,0.0,0.0,0.0,1.0,1.0,5.0,7.0,53.0,54.1,archive,2.0,0.0,-3.465,50.0,45.0,0.0,1.0,0.201,0.0,0.0,0.0,116.0,123.052,-7.052,True,7.5,-1.045,-1.045,6.692,0.323,6.319,False,1,0.0,7,10,-0.036,0.034,True
2018_06_PHI_NYG,spread,2015-18,2018,6,NYG,PHI,PHI -1.5,-1.5,45.5,-6.098,45.041,4.598,0.352,0.526,13.0,34.0,-21.0,47.0,True,False,1.0,19.5,14.902,10.291,0.969,3.643,3.484,0.003,0.357,6.446,-0.002,-0.0,0.009,-0.14,0.186,0.916,,earned,,covered anyway (miss +14.9 inside the edge),-7.016,-3.172,,1.0,0.0,-6.949,0.0,0.0,7.0,0.0,0.0,0.0,0.0,0.0,0.0,1.0,1.0,0.0,0.0,0.0,0.0,-1.883,-1.101,7.0,13.0,0.0,7.0,13.0,0.0,0.0,0.0,1.0,1.0,3.0,7.4,70.0,71.0,archive,4.4,0.0,-1.188,61.0,25.0,1.0,0.0,-2.776,0.0,0.0,0.0,132.0,125.84,6.16,False,-1.5,0.45,0.45,5.048,1.729,-8.814,True,1,0.0,4,4,-0.009,-0.007,True
2018_06_LAC_CLE,spread,2015-18,2018,6,CLE,LAC,LAC +1,1.0,47.0,-3.99,42.183,4.99,0.371,0.655,14.0,38.0,-24.0,52.0,True,False,1.0,25.0,20.01,13.431,0.657,5.922,3.859,0.003,0.394,9.175,-0.002,-0.0,0.009,-0.018,-0.474,1.142,,earned,,covered anyway (miss +20.0 inside the edge),-7.926,-3.669,,2.0,1.0,-11.455,-3.761,0.0,10.0,0.0,0.0,0.0,0.0,0.0,0.0,0.0,0.0,0.0,0.0,0.0,0.0,0.37,1.251,8.0,17.0,0.0,8.0,17.0,0.0,0.0,0.0,1.0,0.955,9.0,5.7,51.0,54.0,archive,-3.3,0.0,3.774,53.0,72.0,3.0,0.0,-3.439,0.0,0.0,0.0,129.0,127.598,1.402,False,1.0,0.252,0.252,5.243,0.683,-3.32,False,0,0.0,7,7,0.041,-0.053,True
2018_06_BUF_HOU,spread,2015-18,2018,6,HOU,BUF,BUF +10.5,10.5,40.5,5.378,45.246,5.122,0.308,0.373,20.0,13.0,7.0,33.0,True,False,1.0,3.5,-1.622,-2.584,-1.441,2.403,-1.6,0.003,-1.067,0.079,-0.002,-0.0,0.009,-0.248,-1.167,-0.033,,earned,,covered anyway (miss -1.6 inside the edge),-0.649,-3.313,,3.0,3.0,-13.632,-16.794,14.0,10.0,1.0,0.0,0.0,0.0,0.0,0.0,0.0,0.0,0.0,0.0,0.0,1.0,0.484,-2.579,1.0,0.0,1.0,0.0,0.0,0.0,0.0,0.0,0.971,0.639,,9.0,,87.0,pbp_text,0.0,0.0,8.979,50.0,104.0,0.0,0.0,0.0,0.0,0.0,0.0,114.0,126.321,-12.321,False,10.5,-0.098,-0.098,5.024,0.712,-6.631,False,0,1.0,7,7,-0.063,-0.002,True
2018_06_CHI_MIA,spread,2015-18,2018,6,MIA,CHI,MIA +7.5,-7.5,40.5,-2.115,41.411,5.385,0.702,0.483,31.0,28.0,3.0,59.0,True,False,1.0,10.5,5.115,0.679,1.413,3.023,-0.192,-0.003,1.864,-0.989,0.002,0.0,0.585,0.166,-0.467,1.126,,earned,,covered anyway (miss +5.1 inside the edge),0.649,2.317,,3.0,3.0,-14.094,-13.692,8.0,7.0,0.0,0.0,0.0,0.0,0.0,0.0,0.0,1.0,0.0,0.0,0.0,0.0,2.87,-2.344,0.0,0.0,0.0,0.0,0.0,0.0,0.0,0.0,1.0,1.0,8.0,6.2,89.0,86.2,archive,-1.8,0.0,-3.298,67.0,58.0,0.0,1.0,3.201,1.0,3.0,0.0,138.0,118.236,19.764,True,7.5,0.126,0.126,5.259,1.388,2.045,False,0,0.0,7,14,-0.037,-0.034,True
2018_07_NYG_ATL,spread,2015-18,2018,7,ATL,NYG,ATL -4.5,4.5,52.0,10.632,46.968,6.132,0.665,0.659,23.0,20.0,3.0,43.0,False,False,-1.1,-1.5,-7.632,-5.989,1.725,-3.369,-2.412,-0.003,1.053,-4.627,0.002,0.0,-0.009,-0.012,0.15,1.594,luck,,,garbage time (-4.6),-12.085,-13.446,luck,1.0,0.0,-4.816,0.0,0.0,3.0,0.0,0.0,0.0,0.0,0.0,0.0,0.0,0.0,0.0,0.0,0.0,0.0,3.596,0.569,10.0,14.0,10.0,0.0,0.0,14.0,0.0,0.0,1.0,1.0,,4.9,,53.1,archive,-2.1,0.0,1.334,29.0,58.0,0.0,1.0,4.571,0.0,0.0,0.0,125.0,124.777,0.223,True,-4.5,0.07,0.07,6.063,0.768,7.852,True,0,0.0,8,11,0.06,-0.002,True
2018_08_WAS_NYG,spread,2015-18,2018,8,NYG,WAS,WAS -1,-1.0,43.0,-5.079,42.571,4.079,0.37,0.523,13.0,20.0,-7.0,33.0,True,False,1.0,6.0,1.921,-0.277,-1.771,3.969,-0.952,0.003,-0.317,0.989,-0.002,-0.0,0.009,-0.134,-0.033,-1.611,,earned,,covered anyway (miss +1.9 inside the edge),-7.016,-8.282,,2.0,1.0,-6.338,-8.211,0.0,0.0,0.0,0.0,0.0,0.0,0.0,0.0,0.0,1.0,0.0,0.0,0.0,0.0,0.443,-0.596,7.0,7.0,0.0,7.0,7.0,0.0,0.0,0.0,1.0,1.0,11.0,10.7,51.0,51.0,archive,-0.3,0.0,0.453,102.0,90.0,4.0,0.0,4.62,0.0,0.0,0.0,131.0,124.004,6.996,False,-1.0,-0.452,-0.452,3.626,0.831,-5.815,False,1,0.0,7,6,-0.015,0.006,True
2018_08_NE_BUF,spread,2015-18,2018,8,BUF,NE,BUF +13.5,-13.5,44.0,-8.681,40.999,4.819,0.633,0.606,6.0,25.0,-19.0,31.0,False,False,-1.1,-5.5,-10.319,-13.708,-0.922,4.311,-7.648,-0.003,1.299,-7.356,0.002,0.0,-0.009,0.177,-0.008,-1.085,luck,,,turnovers 2-0 (-7.6); garbage time (-7.4),0.649,-5.703,luck,2.0,0.0,-15.23,0.0,0.0,10.0,0.0,1.0,0.0,0.0,0.0,0.0,0.0,1.0,0.0,0.0,0.0,0.0,3.083,-0.607,0.0,7.0,0.0,0.0,7.0,0.0,0.0,0.0,0.955,1.0,16.0,15.2,46.0,45.5,archive,-0.8,0.0,0.147,51.0,33.0,2.0,0.0,-3.27,0.0,0.0,0.0,132.0,126.505,5.495,True,13.5,0.469,0.469,4.35,0.373,5.507,True,1,0.0,8,8,-0.085,0.054,True
2018_09_OAK_SF,spread,2015-18,2018,9,SF,LV,SF +1.5,-1.5,44.0,2.621,45.997,4.121,0.611,0.454,34.0,3.0,31.0,37.0,True,False,1.0,32.5,28.379,18.764,1.938,7.677,0.01,-0.003,1.555,17.203,0.002,0.0,-0.009,0.192,0.611,1.142,,earned,,covered anyway (miss +28.4 inside the edge),0.649,2.21,,0.0,0.0,0.0,0.0,0.0,0.0,0.0,0.0,0.0,0.0,0.0,0.0,0.0,1.0,0.0,0.0,0.0,0.0,0.763,-3.617,20.0,0.0,20.0,0.0,0.0,0.0,0.0,0.0,1.0,0.833,8.0,7.4,82.0,81.4,archive,-0.6,0.0,4.803,23.0,40.0,0.0,1.0,3.246,0.0,0.0,0.0,105.0,124.38,-19.38,True,1.5,0.151,0.151,3.97,0.399,4.977,True,0,0.0,4,4,-0.008,0.045,True
2018_09_LA_NO,spread,2015-18,2018,9,NO,LA,NO +2.5,-2.5,57.5,1.618,54.973,4.118,0.609,0.593,45.0,35.0,10.0,80.0,True,False,1.0,12.5,8.382,-1.406,3.527,6.261,-0.918,-0.003,1.414,-1.898,0.002,0.0,-0.009,-0.035,0.007,3.562,,earned,,covered anyway (miss +8.4 inside the edge),-7.537,-7.044,,1.0,1.0,-6.103,-4.258,7.0,0.0,0.0,0.0,0.0,0.0,0.0,0.0,0.0,1.0,0.0,0.0,0.0,0.0,1.964,-2.036,8.0,9.0,8.0,0.0,0.0,9.0,0.0,0.0,0.95,1.0,,16.0,,77.0,pbp_text,0.0,0.0,0.261,20.0,32.0,2.0,2.0,10.329,0.0,0.0,0.0,128.0,122.867,5.133,True,2.5,-0.68,-0.68,4.798,0.349,3.49,False,0,1.0,7,7,0.057,0.041,True
2018_10_MIA_GB,spread,2015-18,2018,10,GB,MIA,MIA +13,13.0,48.5,8.029,46.496,4.971,0.341,0.572,31.0,12.0,19.0,43.0,False,False,-1.1,-6.0,-10.971,-10.699,1.519,-1.791,-4.295,0.003,1.699,-8.107,-0.002,-0.0,0.009,-0.145,0.15,1.508,luck,,,garbage time (-8.1); turnovers 2-1 (-4.3),-0.649,-3.242,variance,1.0,2.0,-3.782,-12.305,14.0,3.0,0.0,0.0,0.0,0.0,0.0,0.0,0.0,0.0,0.0,0.0,1.0,0.0,-1.997,2.408,10.0,0.0,10.0,0.0,0.0,0.0,0.0,0.0,1.0,1.0,6.0,7.3,33.0,34.3,archive,1.3,0.0,-0.915,45.0,10.0,2.0,4.0,-4.509,0.0,0.0,0.0,118.0,122.738,-4.738,False,13.0,0.215,0.215,5.186,0.829,-6.874,False,0,0.0,7,7,-0.022,0.027,True
2018_10_SEA_LA,spread,2015-18,2018,10,LA,SEA,SEA +10,10.0,51.0,4.722,50.323,5.278,0.303,0.529,36.0,31.0,5.0,67.0,True,False,1.0,5.0,-0.278,-2.137,-0.19,2.049,-2.994,0.003,-0.135,0.989,-0.002,-0.0,0.009,0.067,0.066,-0.33,,earned,,covered anyway (miss -0.3 inside the edge),5.718,2.592,,0.0,1.0,0.0,-5.936,7.0,0.0,0.0,0.0,0.0,0.0,0.0,0.0,0.0,0.0,0.0,0.0,0.0,0.0,1.092,0.545,7.0,7.0,7.0,0.0,0.0,7.0,0.0,0.0,1.0,1.0,1.0,5.1,75.0,73.9,archive,4.1,0.0,-0.29,102.0,56.0,0.0,1.0,0.871,0.0,0.0,0.0,126.0,122.515,3.485,False,10.0,0.182,0.182,5.46,0.633,-6.511,False,1,0.0,7,7,-0.008,0.051,True
2018_11_HOU_WAS,spread,2015-18,2018,11,WAS,HOU,WAS +3,-3.0,40.5,1.258,46.529,4.258,0.643,0.339,21.0,23.0,-2.0,44.0,True,False,1.0,1.0,-3.258,-1.598,0.717,-2.377,-1.247,-0.003,0.641,-0.989,0.002,0.0,-0.009,-0.016,-0.044,0.783,,earned,,covered anyway (miss -3.3 inside the edge),0.649,0.04,,2.0,3.0,-14.924,-12.424,7.0,7.0,0.0,1.0,0.0,0.0,0.0,0.0,1.0,2.0,0.0,0.0,0.0,0.0,-0.909,-2.823,0.0,0.0,0.0,0.0,0.0,0.0,0.0,0.0,0.667,1.0,6.0,6.0,48.0,49.4,archive,0.0,0.0,-0.119,43.0,40.0,1.0,0.0,2.197,0.0,0.0,0.0,128.0,125.324,2.676,True,3.0,-0.727,-0.727,4.986,0.83,2.39,False,0,0.0,7,14,-0.019,-0.026,True
2018_12_CLE_CIN,spread,2015-18,2018,12,CIN,CLE,CIN +1,-1.0,46.5,4.884,47.418,5.884,0.666,0.487,20.0,35.0,-15.0,55.0,False,False,-1.1,-14.0,-19.884,-1.99,-3.213,-14.68,-4.992,-0.003,-1.463,4.469,-3.005,0.0,-0.009,0.072,-0.345,0.075,variance,,,turnovers 2-0 (-5.0); QB lost in game (35% of dropbacks) (-3.0); and outplayed (-14.7),18.841,12.382,variance,2.0,0.0,-9.948,0.0,0.0,14.0,0.0,0.0,0.0,0.0,0.0,0.0,1.0,0.0,1.0,0.0,1.0,0.0,-3.431,0.338,20.0,14.0,0.0,20.0,14.0,0.0,0.0,0.0,0.353,1.0,4.0,5.1,44.0,55.1,archive,1.1,0.0,-2.387,96.0,61.0,4.0,1.0,0.124,0.0,0.0,0.0,126.0,130.148,-4.148,True,1.0,-0.531,-0.531,6.415,0.725,4.55,False,1,0.0,7,14,0.012,-0.033,True
2018_12_NE_NYJ,spread,2015-18,2018,12,NYJ,NE,NYJ +13,-13.0,46.5,-8.309,45.885,4.691,0.631,0.527,13.0,27.0,-14.0,40.0,False,False,-1.1,-1.0,-5.691,-8.104,-0.904,3.317,-1.187,-0.003,0.442,-7.356,0.002,0.0,-0.009,-0.051,0.586,-1.432,luck,,side_dead,garbage time (-7.4),0.649,-0.099,in-game events,1.0,0.0,-2.38,0.0,0.0,0.0,0.0,0.0,0.0,0.0,0.0,0.0,0.0,0.0,0.0,0.0,0.0,0.0,2.089,0.713,0.0,7.0,0.0,0.0,7.0,0.0,0.0,0.0,1.0,1.0,8.0,8.8,54.0,53.5,archive,0.8,0.0,4.615,47.0,105.0,1.0,1.0,-4.287,0.0,0.0,0.0,127.0,128.572,-1.572,True,13.0,-0.514,-0.514,5.205,0.307,4.94,False,1,0.0,14,14,-0.066,0.033,True
2018_13_LA_DET,spread,2015-18,2018,13,DET,LA,DET +10.5,-10.5,54.0,-5.421,55.497,5.079,0.662,0.467,16.0,30.0,-14.0,46.0,False,False,-1.1,-3.5,-8.579,-6.484,0.405,-2.5,-0.197,-0.003,-0.747,-5.537,0.002,0.0,-0.009,0.039,0.341,0.033,luck,,side_dead,garbage time (-5.5),3.378,2.43,knowable,2.0,2.0,-9.958,-9.548,3.0,7.0,0.0,0.0,0.0,0.0,0.0,0.0,0.0,0.0,0.0,0.0,0.0,0.0,0.548,2.384,3.0,8.0,0.0,3.0,8.0,0.0,0.0,0.0,0.974,1.0,,,,68.0,pbp_text,0.0,0.0,2.77,54.0,105.0,0.0,0.0,0.0,0.0,0.0,0.0,126.0,124.007,1.993,True,10.5,-0.736,-0.736,5.815,0.662,6.581,False,0,1.0,10,13,0.011,0.055,True
2018_14_NYG_WAS,spread,2015-18,2018,14,WAS,NYG,WAS +3,-3.0,40.5,3.005,42.568,6.005,0.696,0.452,16.0,40.0,-24.0,56.0,False,False,-1.1,-21.0,-27.005,-14.046,-5.247,-7.712,-6.71,-0.003,0.023,-7.356,-3.005,0.0,-0.009,0.048,-1.206,-1.075,variance,,,garbage time (-7.4); turnovers 3-1 (-6.7),15.203,8.512,variance,3.0,1.0,-16.17,-2.806,8.0,14.0,0.0,1.0,0.0,0.0,0.0,0.0,0.0,0.0,0.0,1.0,0.0,0.0,0.0,-0.244,16.0,23.0,0.0,16.0,23.0,0.0,0.0,0.0,0.432,0.828,6.0,4.8,33.0,33.6,archive,-1.2,0.0,-8.854,135.0,18.0,1.0,0.0,-3.242,0.0,0.0,0.0,121.0,125.391,-4.391,True,3.0,-0.435,-0.435,6.441,2.16,0.798,False,1,0.0,6,7,-0.026,0.01,True
2018_14_LA_CHI,spread,2015-18,2018,14,CHI,LA,CHI +3,-3.0,50.5,2.317,52.964,5.317,0.676,0.439,15.0,6.0,9.0,21.0,True,False,1.0,12.0,6.683,-2.271,0.901,8.054,-0.942,-0.003,-0.338,-0.989,0.002,0.0,-0.009,0.01,0.067,0.831,,earned,,covered anyway (miss +6.7 inside the edge),0.649,-0.633,,3.0,4.0,-14.366,-12.474,3.0,3.0,0.0,0.0,0.0,0.0,0.0,0.0,1.0,1.0,0.0,0.0,0.0,0.0,-3.19,-2.46,0.0,0.0,0.0,0.0,0.0,0.0,0.0,0.0,1.0,0.98,4.0,4.7,29.0,25.1,archive,0.7,0.0,0.709,45.0,57.0,0.0,3.0,2.336,0.0,0.0,0.0,125.0,126.481,-1.481,True,3.0,0.385,0.385,4.932,0.933,7.513,True,0,0.0,7,7,-0.044,0.045,True
2018_15_WAS_JAX,spread,2015-18,2018,15,JAX,WAS,WAS +7.5,7.5,36.0,2.243,41.19,5.257,0.303,0.357,13.0,16.0,-3.0,29.0,True,False,1.0,10.5,5.243,1.766,-0.0,3.477,4.76,-4.291,0.308,0.989,-0.002,-0.0,0.009,-0.133,0.158,-0.033,,earned,,covered anyway; return TD (-4.3),-0.649,0.128,,2.0,0.0,-9.486,0.0,0.0,3.0,0.0,0.0,1.0,0.0,0.0,0.0,0.0,0.0,0.0,0.0,0.0,0.0,1.079,1.728,0.0,0.0,0.0,0.0,0.0,0.0,0.0,0.0,1.0,1.0,12.0,8.7,64.0,62.0,archive,-3.3,0.0,-0.978,55.0,48.0,0.0,0.0,0.0,0.0,0.0,0.0,109.0,124.774,-15.774,False,7.5,0.367,0.367,5.624,0.633,-4.306,False,0,0.0,7,10,-0.032,-0.049,True
2018_15_NE_PIT,spread,2015-18,2018,15,PIT,NE,PIT +2.5,-2.5,55.0,1.977,55.324,4.477,0.621,0.504,17.0,10.0,7.0,27.0,True,False,1.0,9.5,5.023,-3.363,1.623,6.763,-1.429,-0.003,-0.942,-0.989,0.002,0.0,-0.009,0.098,0.735,0.797,,earned,,covered anyway (miss +5.0 inside the edge),0.649,-1.725,,2.0,1.0,-6.527,-3.666,3.0,0.0,0.0,0.0,0.0,0.0,0.0,0.0,1.0,0.0,0.0,0.0,0.0,0.0,-1.993,0.369,0.0,0.0,0.0,0.0,0.0,0.0,0.0,0.0,1.0,1.0,5.0,5.4,42.0,40.0,archive,0.4,0.0,5.734,40.0,106.0,0.0,1.0,2.237,0.0,0.0,0.0,115.0,128.75,-13.75,True,2.5,0.17,0.17,4.306,0.931,6.727,False,0,0.0,7,7,0.06,0.06,True
2018_16_WAS_TEN,spread,2015-18,2018,16,TEN,WAS,WAS +12.5,12.5,38.0,6.189,42.387,6.311,0.299,0.375,25.0,16.0,9.0,41.0,True,False,1.0,3.5,-2.811,-7.99,2.258,2.922,-4.923,0.003,1.397,-4.469,3.005,-0.0,0.009,-0.18,-0.544,-0.033,,earned,,covered anyway; turnovers 2-0 (-4.9); garbage time (-4.5),-0.649,-4.171,,0.0,2.0,0.0,-9.772,7.0,0.0,1.0,0.0,0.0,0.0,0.0,0.0,0.0,0.0,1.0,0.0,0.0,0.0,-0.053,3.537,6.0,0.0,6.0,0.0,0.0,0.0,0.0,0.0,0.32,1.0,9.0,5.0,51.0,49.4,archive,-4.0,0.0,4.294,10.0,49.0,0.0,0.0,0.0,0.0,0.0,0.0,114.0,121.505,-7.505,False,12.5,0.803,0.803,7.113,0.937,-8.518,False,0,0.0,6,6,-0.036,-0.013,True
2018_16_CIN_CLE,spread,2015-18,2018,16,CLE,CIN,CIN +10,10.0,44.0,5.909,44.995,4.091,0.336,0.482,26.0,18.0,8.0,44.0,True,False,1.0,2.0,-2.091,7.512,0.379,-9.982,-0.01,0.003,1.982,5.537,-0.002,-0.0,0.009,-0.43,0.497,0.304,,luck,,covered anyway (miss -2.1 inside the edge),15.723,17.699,,0.0,0.0,0.0,0.0,0.0,0.0,0.0,0.0,0.0,0.0,0.0,0.0,0.0,0.0,1.0,0.0,1.0,0.0,-3.441,1.728,13.0,18.0,13.0,0.0,0.0,18.0,0.0,0.0,0.952,1.0,9.0,9.1,37.0,39.6,archive,0.1,0.0,-3.53,57.0,15.0,1.0,1.0,-0.986,0.0,0.0,0.0,109.0,128.74,-19.74,False,10.0,2.176,2.176,6.268,1.405,-7.502,False,1,0.0,7,8,0.011,-0.023,True
2018_16_LA_ARI,spread,2015-18,2018,16,ARI,LA,ARI +14.5,-14.5,43.0,-10.484,44.826,4.016,0.619,0.461,9.0,31.0,-22.0,40.0,False,False,-1.1,-7.5,-11.516,-7.15,-0.524,-3.842,3.527,-0.003,-0.59,-10.084,0.002,0.0,-0.009,-0.283,-0.175,-0.058,in-game events,,side_dead,garbage time (-10.1),0.649,3.583,knowable,0.0,1.0,0.0,-6.997,3.0,0.0,0.0,0.0,0.0,0.0,0.0,0.0,1.0,1.0,1.0,0.0,0.0,0.0,-2.885,-1.474,0.0,10.0,0.0,0.0,10.0,0.0,0.0,0.0,0.795,1.0,,0.0,,72.0,pbp_text,0.0,0.0,-1.105,54.0,66.0,2.0,0.0,-0.266,0.0,0.0,0.0,118.0,125.007,-7.007,True,14.5,0.539,0.539,3.476,0.889,6.065,False,1,1.0,7,7,-0.103,0.027,True
2018_17_DET_GB,spread,2015-18,2018,17,GB,DET,DET +7.5,7.5,44.5,2.175,41.072,5.325,0.3,0.62,0.0,31.0,-31.0,31.0,True,False,1.0,38.5,33.175,18.897,1.914,12.364,1.951,0.003,0.491,16.451,-0.002,-0.0,0.009,0.005,-0.209,2.111,,earned,side_dead,covered anyway (miss +33.2 inside the edge),-0.649,1.796,,1.0,0.0,-3.9,0.0,0.0,0.0,0.0,0.0,0.0,0.0,0.0,0.0,0.0,0.0,0.0,0.0,0.0,0.0,0.0,1.144,0.0,17.0,0.0,0.0,17.0,0.0,0.0,0.0,0.87,0.971,15.0,12.7,26.0,25.8,archive,-2.3,0.0,1.777,38.0,34.0,3.0,1.0,-6.274,0.0,0.0,0.0,125.0,124.757,0.243,False,7.5,0.434,0.434,5.758,1.73,-9.514,False,1,0.0,7,7,-0.015,0.051,True
2018_17_DAL_NYG,spread,2015-18,2018,17,NYG,DAL,DAL +7.5,7.5,38.5,-4.501,43.898,12.001,0.153,0.353,35.0,36.0,-1.0,71.0,True,False,1.0,8.5,-3.501,6.85,2.579,-12.93,2.427,0.003,-2.026,6.446,-0.002,-0.0,0.009,-0.165,1.034,1.704,,earned,,covered anyway (miss -3.5 inside the edge),4.808,5.212,,2.0,1.0,-10.336,-5.49,3.0,0.0,0.0,0.0,0.0,0.0,0.0,0.0,0.0,1.0,0.0,0.0,0.0,0.0,2.19,-3.462,0.0,6.0,0.0,0.0,0.0,6.0,0.0,0.0,1.0,1.0,2.0,3.4,37.0,37.9,archive,1.4,0.0,-7.56,78.0,46.0,3.0,2.0,-5.082,0.0,0.0,0.0,135.0,125.207,9.793,False,7.5,-1.506,-1.506,10.495,0.645,-12.947,False,1,0.0,7,7,-0.032,0.014,True
2018_17_PHI_WAS,spread,2015-18,2018,17,WAS,PHI,WAS +6,-6.0,43.0,-1.211,47.228,4.789,0.671,0.38,0.0,24.0,-24.0,24.0,False,False,-1.1,-18.0,-22.789,-12.356,-0.352,-10.08,1.603,-0.003,-0.234,-13.723,0.002,0.0,-0.009,-0.06,0.191,-0.476,variance,,,garbage time (-13.7); and outplayed (-10.1),0.649,2.016,variance,1.0,1.0,-2.256,-5.426,0.0,0.0,0.0,0.0,0.0,0.0,0.0,0.0,0.0,0.0,0.0,0.0,0.0,0.0,0.0,0.448,0.0,14.0,0.0,0.0,14.0,0.0,0.0,0.0,0.971,0.974,3.0,2.7,46.0,45.6,archive,-0.3,0.0,1.644,15.0,25.0,4.0,1.0,-1.49,0.0,0.0,0.0,113.0,125.316,-12.316,True,6.0,-0.401,-0.401,5.19,0.719,3.066,False,1,0.0,8,7,-0.034,0.025,True
2019_01_TEN_CLE,spread,2019-22,2019,1,CLE,TEN,TEN +5.5,5.5,44.0,-0.972,41.729,6.472,0.308,0.586,13.0,43.0,-30.0,56.0,True,False,1.0,35.5,29.028,31.271,3.035,-5.278,8.837,0.003,1.431,20.999,-0.002,-0.0,0.009,0.029,1.224,1.775,,earned,,covered anyway (miss +29.0 inside the edge),-0.649,9.623,,3.0,0.0,-17.596,0.0,0.0,21.0,0.0,1.0,0.0,0.0,0.0,0.0,0.0,0.0,1.0,0.0,0.0,0.0,-0.865,2.817,0.0,22.0,0.0,0.0,22.0,0.0,0.0,0.0,1.0,1.0,10.0,11.2,71.0,68.1,archive,1.2,0.0,-8.994,182.0,54.0,2.0,0.0,-5.292,0.0,0.0,0.0,117.0,123.95,-6.95,False,5.5,-1.047,-1.047,5.425,0.923,-8.701,False,0,0.0,7,7,-0.008,0.009,True
2019_01_BAL_MIA,spread,2019-22,2019,1,MIA,BAL,MIA +7,-7.0,41.0,-1.005,44.088,5.995,0.719,0.408,10.0,59.0,-49.0,69.0,False,False,-1.1,-42.0,-47.995,-33.023,-3.57,-11.401,-7.053,-0.003,0.489,-26.457,0.002,0.0,-0.009,-0.021,-0.366,-3.175,variance,,,garbage time (-26.5); turnovers 3-0 (-7.1); and outplayed (-11.4),9.745,3.178,variance,3.0,0.0,-14.047,0.0,0.0,21.0,0.0,0.0,0.0,0.0,0.0,0.0,0.0,0.0,0.0,0.0,0.0,0.0,2.326,0.822,10.0,38.0,0.0,10.0,38.0,0.0,0.0,0.0,0.889,0.719,8.0,4.7,91.0,89.7,archive,-3.3,0.0,-2.542,64.0,40.0,0.0,2.0,-9.389,0.0,0.0,0.0,118.0,122.801,-4.801,True,7.0,0.224,0.224,5.771,0.448,5.455,False,0,0.0,7,7,-0.007,-0.037,True
2019_01_BUF_NYJ,spread,2019-22,2019,1,NYJ,BUF,BUF +2.5,2.5,41.0,-1.783,42.985,4.283,0.411,0.454,16.0,17.0,-1.0,33.0,True,False,1.0,3.5,-0.783,-13.737,-0.256,13.209,-9.996,0.003,1.634,-5.378,-0.002,-0.0,0.009,-0.035,0.508,-0.735,,earned,,covered anyway; turnovers 4-1 (-10.0); garbage time (-5.4),2.079,-6.279,,1.0,4.0,-0.035,-19.897,7.0,0.0,1.0,0.0,0.0,0.0,0.0,0.0,1.0,0.0,1.0,0.0,0.0,0.0,-3.147,1.081,10.0,3.0,10.0,0.0,0.0,3.0,0.0,0.0,1.0,1.0,6.0,7.4,77.0,75.7,archive,1.4,0.0,-3.608,67.0,55.0,2.0,1.0,2.057,0.0,0.0,0.0,129.0,123.532,5.468,False,2.5,-1.214,-1.214,3.069,0.277,-4.402,False,1,0.0,7,7,-0.056,-0.013,True
2019_01_WAS_PHI,spread,2019-22,2019,1,PHI,WAS,WAS +10.5,10.5,44.0,6.468,43.472,4.032,0.339,0.526,32.0,27.0,5.0,59.0,True,False,1.0,5.5,1.468,5.26,1.825,-5.617,-0.01,0.003,0.639,4.627,-0.002,-0.0,0.009,0.13,-0.349,2.037,,earned,,covered anyway (miss +1.5 inside the edge),5.718,6.351,,0.0,0.0,0.0,0.0,0.0,0.0,0.0,0.0,0.0,0.0,0.0,0.0,0.0,0.0,0.0,0.0,0.0,0.0,0.251,1.795,3.0,7.0,3.0,0.0,0.0,7.0,0.0,0.0,1.0,1.0,4.0,6.0,79.0,79.0,archive,2.0,0.0,2.829,55.0,96.0,2.0,2.0,-6.056,0.0,0.0,0.0,128.0,122.941,5.059,False,10.5,0.277,0.277,4.309,1.124,-6.751,False,1,0.0,7,7,-0.025,0.011,True
2019_02_NE_MIA,spread,2019-22,2019,2,MIA,NE,MIA +18,-18.0,48.5,-11.124,50.263,6.876,0.684,0.459,0.0,43.0,-43.0,43.0,False,False,-1.1,-25.0,-31.876,-25.76,-2.791,-3.325,-10.155,-0.003,1.759,-17.361,-3.005,0.0,-0.009,0.073,-0.064,0.214,luck,,,garbage time (-17.4); turnovers 4-1 (-10.2),0.649,-7.75,variance,4.0,1.0,-24.84,-4.623,0.0,17.0,0.0,2.0,0.0,0.0,0.0,0.0,0.0,1.0,0.0,2.0,0.0,0.0,0.0,-4.932,0.0,18.0,0.0,0.0,18.0,0.0,0.0,0.0,0.553,1.0,4.0,8.3,87.0,88.7,archive,4.3,0.0,-0.273,22.0,54.0,4.0,0.0,0.532,0.0,0.0,0.0,125.0,123.25,1.75,True,18.0,-0.662,-0.662,7.538,0.802,5.307,False,1,0.0,7,7,0.009,0.008,True
2019_02_CLE_NYJ,spread,2019-22,2019,2,NYJ,CLE,NYJ +6.5,-6.5,45.5,-0.762,41.799,5.738,0.694,0.624,3.0,23.0,-20.0,26.0,False,False,-1.1,-13.5,-19.238,-7.614,-5.373,-6.251,0.18,-0.003,-0.435,-7.356,-3.005,0.0,-0.009,-0.029,-0.484,-1.846,variance,,,garbage time (-7.4); QB lost in game (23% of dropbacks) (-3.0),0.649,0.391,variance,1.0,1.0,-4.256,-4.595,0.0,0.0,0.0,0.0,0.0,0.0,0.0,0.0,0.0,0.0,0.0,0.0,0.0,0.0,1.179,2.171,0.0,7.0,0.0,0.0,7.0,0.0,0.0,0.0,0.229,1.0,3.0,2.5,72.0,69.3,archive,-0.5,0.0,-3.431,89.0,85.0,2.0,0.0,-5.498,0.0,0.0,0.0,117.0,126.021,-9.021,True,6.5,0.403,-0.979,6.717,0.535,7.028,True,0,0.0,8,8,-0.023,-0.004,True
2019_03_MIA_DAL,spread,2019-22,2019,3,DAL,MIA,MIA +22,22.0,46.5,17.207,47.762,4.793,0.376,0.472,31.0,6.0,25.0,37.0,False,False,-1.1,-3.0,-7.793,-12.377,1.763,2.821,-0.314,0.003,-0.321,-11.745,-0.002,-0.0,0.009,0.886,1.11,-0.24,luck,,,garbage time (-11.7),-0.649,-1.281,variance,1.0,1.0,-4.703,-5.308,0.0,0.0,0.0,0.0,0.0,0.0,0.0,0.0,1.0,1.0,0.0,0.0,0.0,0.0,-2.953,-4.003,14.0,0.0,14.0,0.0,0.0,0.0,0.0,0.0,1.0,0.957,,,,,none,0.0,0.0,-8.133,100.0,35.0,0.0,3.0,0.607,0.0,0.0,0.0,134.0,121.002,12.998,False,22.0,-1.032,-1.032,3.761,1.615,-8.685,False,0,1.0,7,7,-0.013,0.031,True
2019_04_KC_DET,spread,2019-22,2019,4,DET,KC,DET +7.5,-7.5,54.5,-2.503,53.283,4.997,0.695,0.547,30.0,34.0,-4.0,64.0,True,False,1.0,3.5,-1.497,-0.474,-1.283,0.26,-1.888,-0.003,2.406,-0.989,0.002,0.0,-0.009,0.11,-0.4,-0.986,,earned,,covered anyway (miss -1.5 inside the edge),0.649,1.164,,2.0,3.0,-18.825,-15.051,7.0,7.0,0.0,1.0,0.0,0.0,0.0,0.0,0.0,1.0,0.0,0.0,0.0,0.0,3.124,-3.554,0.0,0.0,0.0,0.0,0.0,0.0,0.0,0.0,1.0,1.0,,,,68.0,pbp_text,0.0,0.0,-2.798,48.0,51.0,0.0,1.0,-2.982,0.0,0.0,0.0,140.0,127.935,12.065,True,7.5,0.898,0.898,4.099,0.548,5.262,False,0,1.0,7,7,-0.017,0.092,True
2019_04_MIN_CHI,spread,2019-22,2019,4,CHI,MIN,CHI +1,-1.0,38.0,3.13,37.443,4.13,0.621,0.525,16.0,6.0,10.0,22.0,True,False,1.0,11.0,6.87,1.311,-3.002,8.562,4.772,-0.003,0.259,-3.717,-3.005,0.0,-0.009,-0.034,-0.008,0.053,,earned,,covered anyway; garbage time (-3.7); QB lost in game (8% of dropbacks) (-3.0),-4.808,0.22,,0.0,2.0,0.0,-9.473,6.0,0.0,0.0,0.0,0.0,0.0,0.0,0.0,0.0,0.0,0.0,0.0,0.0,0.0,0.883,0.0,3.0,6.0,3.0,0.0,0.0,6.0,0.0,0.0,0.077,1.0,8.0,8.4,67.0,65.9,archive,0.4,0.0,0.15,50.0,55.0,3.0,2.0,0.06,0.0,0.0,0.0,126.0,123.443,2.557,True,1.0,-0.156,-0.156,4.285,0.811,2.207,False,1,0.0,6,7,-0.051,-0.05,True
2019_05_BAL_PIT,spread,2019-22,2019,5,PIT,BAL,PIT +3.5,-3.5,44.0,0.797,44.602,4.297,0.659,0.495,23.0,26.0,-3.0,49.0,True,False,1.0,0.5,-3.797,-1.393,-4.442,2.038,0.121,-0.003,-0.522,-0.989,-3.005,0.0,-0.603,0.005,-0.126,-0.713,,earned,,covered anyway; QB lost in game (58% of dropbacks) (-3.0),0.649,0.245,,2.0,3.0,-10.069,-10.29,13.0,10.0,0.0,0.0,0.0,0.0,0.0,0.0,0.0,0.0,0.0,0.0,0.0,0.0,1.201,2.428,0.0,0.0,0.0,0.0,0.0,0.0,0.0,0.0,0.583,1.0,7.0,11.2,70.0,71.4,archive,4.2,0.0,-0.74,76.0,92.0,0.0,1.0,-2.181,1.0,0.0,3.0,123.0,125.515,-2.515,True,3.5,-0.042,-0.042,4.339,0.627,4.456,False,1,0.0,6,7,-0.004,0.028,True
2019_06_SEA_CLE,spread,2019-22,2019,6,CLE,SEA,SEA +1,1.0,45.5,-4.088,41.653,5.088,0.371,0.628,28.0,32.0,-4.0,60.0,True,False,1.0,5.0,-0.088,8.195,-1.302,-6.982,5.746,0.003,1.457,0.989,-0.002,-0.0,0.009,-0.175,-0.145,-0.989,,luck,,covered anyway (miss -0.1 inside the edge),-0.649,6.557,,4.0,1.0,-16.689,-5.241,0.0,13.0,0.0,0.0,0.0,0.0,0.0,0.0,0.0,0.0,1.0,1.0,1.0,0.0,-4.011,-0.261,0.0,0.0,0.0,0.0,0.0,0.0,0.0,0.0,1.0,1.0,20.0,16.5,58.0,61.2,archive,-3.5,0.0,1.3,83.0,65.0,3.0,0.0,2.799,0.0,0.0,0.0,134.0,122.851,11.149,False,1.0,-0.896,-0.896,4.192,0.926,-2.978,False,0,0.0,10,6,0.024,-0.012,True
2019_06_NO_JAX,spread,2019-22,2019,6,JAX,NO,NO +2.5,2.5,42.5,-1.816,45.056,4.316,0.408,0.431,6.0,13.0,-7.0,19.0,True,False,1.0,9.5,5.184,3.023,0.737,1.424,1.587,0.003,0.444,0.989,-0.002,-0.0,0.009,0.032,-0.243,0.941,,earned,,covered anyway (miss +5.2 inside the edge),-0.649,1.385,,1.0,0.0,-3.176,0.0,0.0,3.0,0.0,0.0,0.0,0.0,0.0,0.0,0.0,0.0,0.0,0.0,0.0,0.0,0.269,1.285,0.0,0.0,0.0,0.0,0.0,0.0,0.0,0.0,1.0,1.0,3.0,4.5,81.0,80.7,archive,1.5,0.0,2.034,15.0,35.0,1.0,0.0,-2.849,0.0,0.0,0.0,117.0,121.126,-4.126,False,2.5,-0.074,-0.074,4.243,0.363,-3.649,False,0,0.0,7,7,0.015,-0.015,True
2019_07_MIA_BUF,spread,2019-22,2019,7,BUF,MIA,MIA +17,17.0,42.5,10.163,41.793,6.837,0.303,0.53,31.0,21.0,10.0,52.0,True,False,1.0,7.0,0.163,-4.32,2.149,2.333,-4.932,-4.082,-0.842,5.537,-0.002,-0.0,0.009,-0.174,0.553,1.764,,earned,,covered anyway; turnovers 2-0 (-4.9); return TD (-4.1),5.718,-4.139,,0.0,2.0,0.0,-9.79,15.0,0.0,0.0,0.0,1.0,0.0,0.0,0.0,0.0,0.0,0.0,0.0,0.0,0.0,2.659,0.203,2.0,7.0,2.0,0.0,0.0,7.0,0.0,0.0,1.0,0.976,7.0,4.3,65.0,62.7,archive,-2.7,0.0,-3.946,83.0,55.0,0.0,2.0,-5.258,0.0,0.0,0.0,117.0,121.43,-4.43,False,17.0,0.753,0.753,7.59,0.352,-7.12,False,1,0.0,7,14,-0.008,-0.06,True
2019_08_WAS_MIN,spread,2019-22,2019,8,MIN,WAS,WAS +16.5,16.5,42.0,12.216,45.538,4.284,0.382,0.4,19.0,9.0,10.0,28.0,True,False,1.0,6.5,2.216,-3.238,1.568,3.886,-3.748,0.003,-0.482,0.989,-0.002,-0.0,0.009,-0.629,0.683,1.508,,earned,,covered anyway; turnovers 2-1 (-3.7),-0.649,-4.876,,1.0,2.0,-3.82,-11.257,6.0,0.0,0.0,0.0,0.0,0.0,0.0,0.0,0.0,0.0,0.0,0.0,0.0,0.0,2.479,0.996,0.0,0.0,0.0,0.0,0.0,0.0,0.0,0.0,1.0,0.72,,,,,none,0.0,0.0,-4.922,74.0,46.0,3.0,0.0,-4.508,0.0,0.0,0.0,108.0,121.118,-13.118,False,16.5,0.508,0.508,4.792,1.421,-7.68,True,0,1.0,4,4,-0.037,-0.017,True
2019_08_CLE_NE,spread,2019-22,2019,8,NE,CLE,NE -9.5,9.5,43.0,16.694,37.84,7.194,0.69,0.663,27.0,13.0,14.0,40.0,True,False,1.0,4.5,-2.694,3.693,3.921,-10.308,7.026,-0.003,-3.251,-0.079,0.002,0.0,-0.009,0.162,0.971,2.794,,earned,,"covered anyway; kicks (2 FG missed, 1 blocked) (-3.3); and outplayed (-10.3)",-2.079,1.693,,0.0,3.0,0.0,-13.956,14.0,0.0,1.0,0.0,0.0,0.0,0.0,0.0,2.0,0.0,0.0,0.0,1.0,0.0,-6.737,1.858,4.0,3.0,4.0,0.0,0.0,3.0,0.0,0.0,1.0,1.0,11.0,16.0,49.0,49.6,archive,5.0,0.0,7.51,32.0,85.0,2.0,1.0,8.084,0.0,0.0,0.0,124.0,126.61,-2.61,True,-9.5,1.121,1.121,6.074,0.708,6.294,False,0,0.0,6,14,-0.082,-0.001,True
2019_08_GB_KC,spread,2019-22,2019,8,KC,GB,KC +5,-5.0,48.0,-0.3,48.436,4.7,0.664,0.498,24.0,31.0,-7.0,55.0,False,False,-1.1,-2.0,-6.7,-5.234,0.417,-1.883,-2.805,-0.003,-1.437,-0.989,0.002,0.0,-0.009,-0.011,0.403,0.033,luck,,,nothing stands out: ordinary miss (residual -1.9),0.649,-3.596,luck,1.0,0.0,-5.599,0.0,0.0,7.0,0.0,0.0,0.0,0.0,0.0,0.0,1.0,0.0,0.0,0.0,0.0,0.0,-3.123,0.574,0.0,0.0,0.0,0.0,0.0,0.0,0.0,0.0,1.0,1.0,5.0,10.6,54.0,53.4,archive,5.6,0.0,3.238,30.0,25.0,0.0,0.0,0.0,0.0,0.0,0.0,119.0,126.696,-7.696,True,5.0,1.298,1.298,3.402,1.315,1.721,True,0,0.0,10,7,0.065,0.054,True
2019_09_MIN_KC,spread,2019-22,2019,9,KC,MIN,KC +5.5,-5.5,46.0,-0.778,44.853,4.722,0.657,0.547,26.0,23.0,3.0,49.0,True,False,1.0,8.5,3.778,-1.701,0.069,5.41,-2.387,-0.003,1.678,-0.989,0.002,0.0,-0.009,-0.01,-0.148,0.235,,earned,,covered anyway (miss +3.8 inside the edge),0.649,-0.063,,1.0,0.0,-4.766,0.0,0.0,0.0,0.0,0.0,0.0,0.0,0.0,0.0,0.0,0.0,0.0,1.0,0.0,0.0,4.034,-0.678,0.0,0.0,0.0,0.0,0.0,0.0,0.0,0.0,1.0,1.0,15.0,11.0,54.0,54.1,archive,-4.0,0.0,-0.907,25.0,25.0,1.0,1.0,0.591,0.0,0.0,0.0,123.0,125.434,-2.434,True,5.5,-0.364,-0.364,5.086,0.615,4.622,False,0,0.0,7,10,0.072,-0.022,True
2019_09_NYJ_MIA,spread,2019-22,2019,9,MIA,NYJ,MIA +3.5,-3.5,42.5,2.409,42.893,5.909,0.7,0.5,26.0,18.0,8.0,44.0,True,False,1.0,11.5,5.591,-1.541,-1.307,8.439,2.489,-0.003,-0.31,-3.717,0.002,0.0,-0.009,-0.036,0.474,-1.737,,earned,,covered anyway; garbage time (-3.7),-3.898,-1.722,,0.0,1.0,0.0,-4.932,0.0,0.0,0.0,0.0,0.0,0.0,0.0,0.0,1.0,1.0,0.0,0.0,0.0,0.0,-2.769,-2.114,2.0,5.0,2.0,0.0,0.0,5.0,0.0,0.0,1.0,1.0,11.0,3.6,85.0,82.1,archive,-7.4,0.0,3.767,51.0,105.0,0.0,2.0,-5.179,0.0,0.0,0.0,124.0,120.488,3.512,True,3.5,0.376,0.376,5.533,0.61,4.54,False,1,0.0,6,7,-0.001,-0.071,True
2019_09_CHI_PHI,spread,2019-22,2019,9,PHI,CHI,CHI +5,5.0,41.0,0.974,41.256,4.026,0.365,0.504,22.0,14.0,8.0,36.0,False,False,-1.1,-3.0,-7.026,-2.669,-1.639,-2.717,-1.128,0.003,0.195,-1.74,-0.002,-0.0,0.009,-0.022,-0.397,-1.227,in-game events,,,nothing stands out: ordinary miss (residual -2.7),5.718,4.788,variance,0.0,1.0,0.0,-2.224,0.0,0.0,0.0,0.0,0.0,0.0,0.0,0.0,0.0,0.0,1.0,0.0,0.0,0.0,-0.209,0.135,10.0,7.0,10.0,0.0,0.0,7.0,0.0,0.0,1.0,1.0,13.0,10.3,52.0,51.0,archive,-2.7,0.0,3.193,75.0,70.0,1.0,0.0,3.496,0.0,0.0,0.0,119.0,125.693,-6.693,False,5.0,-0.151,-0.151,3.874,0.22,-3.624,False,0,0.0,7,7,-0.047,-0.002,True
2019_09_CLE_DEN,spread,2019-22,2019,9,DEN,CLE,DEN +4,-4.0,39.0,2.234,37.083,6.234,0.712,0.569,24.0,19.0,5.0,43.0,True,False,1.0,9.0,2.766,-2.46,2.105,3.121,-2.303,-0.003,-0.074,-0.079,0.002,0.0,-0.009,0.091,-0.221,2.242,,earned,,covered anyway (miss +2.8 inside the edge),0.649,-1.732,,1.0,0.0,-4.6,0.0,0.0,3.0,0.0,0.0,0.0,0.0,0.0,0.0,0.0,0.0,0.0,0.0,0.0,0.0,1.035,1.054,1.0,0.0,1.0,0.0,0.0,0.0,0.0,0.0,1.0,1.0,4.0,1.8,55.0,47.4,archive,-2.2,0.0,-1.456,55.0,40.0,0.0,2.0,6.468,0.0,0.0,0.0,113.0,123.922,-10.922,True,4.0,1.173,-0.203,6.437,0.535,7.212,False,0,0.0,7,7,-0.04,-0.009,True
2019_09_GB_LAC,spread,2019-22,2019,9,LAC,GB,LAC +4,-4.0,50.0,0.956,48.997,4.956,0.678,0.541,26.0,11.0,15.0,37.0,True,False,1.0,19.0,14.044,0.211,1.147,12.685,0.01,-0.003,-1.535,1.74,0.002,0.0,-0.009,0.016,-0.032,1.17,,earned,,covered anyway (miss +14.0 inside the edge),-9.356,-10.884,,0.0,0.0,0.0,0.0,0.0,0.0,0.0,0.0,0.0,0.0,0.0,0.0,1.0,0.0,0.0,0.0,0.0,0.0,-1.727,2.234,14.0,11.0,14.0,0.0,0.0,11.0,0.0,0.0,1.0,1.0,2.0,5.0,79.0,79.0,archive,3.0,0.0,-0.03,45.0,45.0,1.0,1.0,3.33,0.0,0.0,0.0,116.0,120.948,-4.948,True,4.0,-0.748,-0.748,5.703,0.286,5.334,False,0,0.0,7,7,0.022,0.062,True
2019_10_ATL_NO,spread,2019-22,2019,10,NO,ATL,ATL +14,14.0,51.5,9.714,49.498,4.286,0.36,0.572,9.0,26.0,-17.0,35.0,True,False,1.0,31.0,26.714,5.809,5.622,15.283,-1.209,0.003,0.569,6.446,-0.002,-0.0,0.009,0.288,0.986,4.341,,earned,,covered anyway (miss +26.7 inside the edge),-0.649,-1.286,,0.0,1.0,0.0,-2.385,0.0,0.0,0.0,0.0,0.0,0.0,0.0,0.0,0.0,0.0,0.0,0.0,0.0,0.0,0.934,2.287,0.0,6.0,0.0,0.0,6.0,0.0,0.0,0.0,0.961,1.0,,5.0,,67.0,pbp_text,0.0,0.0,-7.198,90.0,48.0,3.0,1.0,-12.802,0.0,0.0,0.0,131.0,123.405,7.595,False,14.0,0.238,0.238,4.524,0.253,-4.081,False,1,1.0,14,14,0.068,0.004,True
2019_10_NYG_NYJ,spread,2019-22,2019,10,NYJ,NYG,NYJ +3,-3.0,43.0,1.926,43.858,4.926,0.667,0.485,34.0,27.0,7.0,61.0,True,False,1.0,10.0,5.074,3.398,-0.199,1.875,4.06,-0.003,0.331,-0.989,0.002,0.0,-0.009,-0.01,0.229,-0.41,,earned,,covered anyway (miss +5.1 inside the edge),0.649,5.037,,0.0,2.0,0.0,-8.056,7.0,0.0,1.0,0.0,0.0,0.0,0.0,0.0,1.0,0.0,0.0,1.0,0.0,0.0,0.342,-0.732,0.0,0.0,0.0,0.0,0.0,0.0,0.0,0.0,1.0,0.98,8.0,8.8,48.0,46.7,archive,0.8,0.0,1.929,54.0,62.0,1.0,2.0,-1.296,0.0,0.0,0.0,125.0,123.95,1.05,True,3.0,1.152,1.152,3.774,0.554,6.032,False,0,0.0,7,6,-0.065,0.0,True
2019_10_MIA_IND,spread,2019-22,2019,10,IND,MIA,MIA +11,11.0,44.5,6.297,45.323,4.703,0.322,0.485,12.0,16.0,-4.0,28.0,True,False,1.0,15.0,10.297,5.493,1.943,2.861,3.077,0.003,1.424,0.989,-0.002,-0.0,0.009,0.172,-0.206,1.97,,earned,,covered anyway (miss +10.3 inside the edge),-0.649,3.855,,3.0,2.0,-16.074,-9.936,6.0,13.0,0.0,0.0,0.0,0.0,0.0,0.0,0.0,0.0,1.0,0.0,0.0,0.0,-0.231,3.432,0.0,0.0,0.0,0.0,0.0,0.0,0.0,0.0,1.0,1.0,,8.0,,59.0,pbp_text,0.0,0.0,1.76,25.0,30.0,2.0,2.0,-5.861,0.0,0.0,0.0,129.0,122.123,6.877,False,11.0,-1.085,-1.085,3.619,1.263,-7.733,False,0,1.0,7,7,0.002,0.011,True
2019_11_PIT_CLE,spread,2019-22,2019,11,CLE,PIT,PIT +3,3.0,41.5,-1.467,42.679,4.467,0.368,0.474,21.0,7.0,14.0,28.0,False,False,-1.1,-11.0,-15.467,-14.052,-2.345,0.93,-9.815,0.003,1.137,-5.378,-0.002,-0.0,0.009,-0.04,0.674,-2.986,luck,,,turnovers 4-0 (-9.8); garbage time (-5.4),-0.649,-9.323,in-game events,0.0,4.0,0.0,-19.502,7.0,0.0,0.0,0.0,0.0,0.0,0.0,0.0,2.0,1.0,0.0,0.0,0.0,0.0,-6.832,-3.944,7.0,0.0,7.0,0.0,0.0,0.0,0.0,0.0,1.0,1.0,10.0,10.9,36.0,36.0,archive,0.9,0.0,-4.859,121.0,41.0,0.0,3.0,8.645,0.0,0.0,0.0,131.0,123.415,7.585,False,3.0,0.01,0.01,4.478,1.13,-7.173,True,1,0.0,4,4,-0.051,-0.002,True
2019_11_BUF_MIA,spread,2019-22,2019,11,MIA,BUF,MIA +7,-7.0,41.5,-2.163,42.997,4.837,0.69,0.465,20.0,37.0,-17.0,57.0,False,False,-1.1,-10.0,-14.837,-6.695,-1.042,-7.099,-1.38,3.813,-0.863,-8.265,0.002,0.0,-0.009,0.093,0.034,-1.163,variance,,,garbage time (-8.3),0.649,2.219,variance,1.0,0.0,-2.763,0.0,0.0,7.0,0.0,0.0,1.0,0.0,0.0,0.0,0.0,0.0,0.0,0.0,0.0,0.0,0.19,2.338,0.0,8.0,0.0,0.0,8.0,0.0,0.0,0.0,1.0,1.0,13.0,8.0,62.0,66.8,archive,-5.0,0.0,0.465,44.0,50.0,4.0,1.0,-3.499,0.0,0.0,0.0,132.0,120.776,11.224,True,7.0,-0.043,-0.043,4.88,0.293,5.297,False,1,0.0,7,7,-0.018,-0.032,True
2019_11_CIN_OAK,spread,2019-22,2019,11,LV,CIN,CIN +13,13.0,48.0,8.55,46.946,4.45,0.357,0.542,17.0,10.0,7.0,27.0,True,False,1.0,6.0,1.55,2.04,-0.07,-0.419,1.418,0.003,-0.371,0.989,-0.002,-0.0,0.009,-0.055,0.555,-0.578,,earned,,covered anyway (miss +1.6 inside the edge),-0.649,0.402,,2.0,2.0,-9.682,-6.842,0.0,10.0,0.0,0.0,0.0,0.0,0.0,0.0,0.0,1.0,0.0,0.0,0.0,0.0,0.162,-1.021,0.0,0.0,0.0,0.0,0.0,0.0,0.0,0.0,1.0,1.0,13.0,3.0,76.0,71.2,archive,-10.0,0.0,-3.965,42.0,40.0,1.0,2.0,1.596,0.0,0.0,0.0,121.0,122.729,-1.729,False,13.0,-0.173,-0.173,4.277,0.514,-3.264,False,0,0.0,7,10,0.03,0.075,True
2019_11_KC_LAC,spread,2019-22,2019,11,LAC,KC,LAC +5.5,-5.5,52.5,-0.875,50.449,4.625,0.658,0.572,17.0,24.0,-7.0,41.0,False,False,-1.1,-1.5,-6.125,-8.946,0.438,2.383,-5.97,-0.003,-1.074,-1.898,0.002,0.0,-0.009,0.025,0.111,0.31,luck,,,turnovers 4-1 (-6.0),0.649,-6.399,luck,4.0,1.0,-14.736,-2.842,0.0,7.0,0.0,0.0,0.0,0.0,0.0,0.0,1.0,0.0,0.0,0.0,0.0,0.0,-1.806,0.912,0.0,1.0,0.0,0.0,1.0,0.0,0.0,0.0,1.0,1.0,7.0,12.1,67.0,76.2,archive,5.1,0.0,1.041,60.0,102.0,1.0,0.0,0.812,0.0,0.0,0.0,131.0,122.882,8.118,True,5.5,-0.078,-0.078,4.703,0.429,4.501,True,1,0.0,11,8,0.019,0.082,True
2019_12_MIA_CLE,spread,2019-22,2019,12,CLE,MIA,MIA +11,11.0,45.5,5.895,43.844,5.105,0.31,0.554,41.0,24.0,17.0,65.0,False,False,-1.1,-6.0,-11.105,-0.927,-1.46,-8.717,-0.328,0.003,1.137,-1.74,-0.002,-0.0,0.009,0.128,-0.731,-0.864,knowable,,side_dead,"outplayed, no luck (residual -8.7)",21.18,21.993,knowable,1.0,2.0,-5.354,-5.987,14.0,7.0,0.0,0.0,0.0,0.0,0.0,0.0,1.0,0.0,0.0,0.0,0.0,0.0,-2.393,0.495,27.0,24.0,27.0,0.0,0.0,24.0,0.0,0.0,1.0,1.0,14.0,14.9,39.0,40.1,archive,0.9,0.0,5.702,70.0,94.0,0.0,1.0,2.434,0.0,0.0,0.0,128.0,122.539,5.461,False,11.0,-0.46,-0.46,4.645,0.224,-5.614,False,0,0.0,7,10,-0.012,-0.02,True
2019_13_PHI_MIA,spread,2019-22,2019,13,MIA,PHI,MIA +10.5,-10.5,45.0,-4.36,42.705,6.14,0.694,0.579,37.0,31.0,6.0,68.0,True,False,1.0,16.5,10.36,-6.076,4.066,12.37,-2.993,-0.003,0.638,-3.717,0.002,0.0,-0.009,0.12,0.297,3.656,,earned,side_dead,covered anyway; garbage time (-3.7),-2.079,-4.438,,1.0,1.0,-6.257,-0.285,0.0,7.0,0.0,0.0,0.0,0.0,0.0,0.0,0.0,1.0,1.0,0.0,0.0,0.0,0.821,-1.083,0.0,3.0,0.0,0.0,0.0,3.0,0.0,0.0,0.979,1.0,15.0,11.9,82.0,81.8,archive,-3.1,0.0,2.443,59.0,91.0,3.0,0.0,10.605,0.0,0.0,0.0,131.0,123.686,7.314,True,10.5,0.834,0.834,5.306,1.809,10.458,False,0,0.0,7,7,-0.001,-0.02,True
2019_14_MIA_NYJ,spread,2019-22,2019,14,NYJ,MIA,MIA +5,5.0,47.0,0.676,46.834,4.324,0.359,0.516,22.0,21.0,1.0,43.0,True,False,1.0,4.0,-0.324,1.856,1.941,-4.122,1.071,0.003,-0.207,0.989,-0.002,-0.0,0.009,0.029,0.614,1.291,,earned,side_dead,covered anyway (miss -0.3 inside the edge),-0.649,0.218,,1.0,1.0,-6.133,-3.984,3.0,0.0,0.0,0.0,0.0,0.0,0.0,0.0,0.0,1.0,1.0,0.0,0.0,0.0,1.071,0.331,0.0,0.0,0.0,0.0,0.0,0.0,0.0,0.0,1.0,1.0,9.0,10.3,41.0,38.5,archive,1.3,0.0,-4.407,88.0,48.0,1.0,0.0,-3.874,0.0,0.0,0.0,132.0,122.135,9.865,False,5.0,-2.504,-2.504,1.821,1.194,-7.182,False,1,0.0,7,7,0.011,-0.058,True
2019_16_CIN_MIA,spread,2019-22,2019,16,MIA,CIN,MIA +1.5,-1.5,46.0,2.904,44.856,4.404,0.624,0.542,38.0,35.0,3.0,73.0,True,False,1.0,4.5,0.096,-13.798,-3.501,17.395,1.022,-0.003,-2.003,-12.813,0.002,0.0,0.585,-0.534,0.35,-3.904,,earned,side_dead,covered anyway; garbage time (-12.8); fourth downs (-3.9),-23.909,-24.893,,1.0,1.0,-2.57,-4.584,7.0,0.0,0.0,0.0,0.0,0.0,0.0,0.0,1.0,0.0,0.0,0.0,0.0,0.0,-3.468,1.759,14.0,27.0,14.0,0.0,0.0,27.0,0.0,0.0,1.0,1.0,15.0,14.4,76.0,75.6,archive,-0.6,0.0,2.841,47.0,77.0,0.0,3.0,-11.522,1.0,3.0,0.0,171.0,123.653,47.347,True,1.5,1.074,1.074,3.33,1.11,7.07,False,0,0.0,7,7,0.009,-0.0,True
2019_17_NYJ_BUF,spread,2019-22,2019,17,BUF,NYJ,BUF +1.5,-1.5,37.0,8.362,37.528,9.862,0.765,0.497,6.0,13.0,-7.0,19.0,False,False,-1.1,-5.5,-15.362,-3.335,-0.532,-11.496,-4.816,-0.003,2.474,-0.989,0.002,0.0,-0.009,-0.052,-0.506,0.033,variance,,,turnovers 3-1 (-4.8); and outplayed (-11.5),3.378,1.032,variance,3.0,1.0,-12.535,-2.937,0.0,3.0,0.0,0.0,0.0,0.0,0.0,0.0,0.0,2.0,0.0,0.0,0.0,0.0,0.278,-6.583,3.0,3.0,0.0,3.0,3.0,0.0,0.0,0.0,0.881,1.0,7.0,6.6,43.0,44.3,archive,-0.4,0.0,-3.591,40.0,13.0,0.0,0.0,0.0,0.0,0.0,0.0,123.0,121.514,1.486,True,1.5,0.386,0.386,9.476,0.46,9.114,False,1,0.0,7,7,-0.042,-0.055,True
2019_17_CHI_MIN,spread,2019-22,2019,17,MIN,CHI,MIN +5.5,-5.5,36.5,0.752,38.537,6.252,0.697,0.452,19.0,21.0,-2.0,40.0,True,False,1.0,3.5,-2.752,-4.167,-0.459,1.874,-3.553,-0.003,0.379,-0.989,0.002,0.0,-0.009,0.006,-0.078,-0.38,,earned,,covered anyway; turnovers 3-1 (-3.6),0.649,-2.528,,3.0,1.0,-11.189,-4.102,3.0,6.0,0.0,0.0,0.0,0.0,0.0,0.0,0.0,0.0,0.0,0.0,0.0,0.0,1.753,0.547,0.0,0.0,0.0,0.0,0.0,0.0,0.0,0.0,1.0,1.0,,,,,none,0.0,0.0,-0.379,40.0,34.0,0.0,2.0,-1.207,0.0,0.0,0.0,122.0,124.926,-2.926,True,5.5,-0.698,-0.698,6.95,0.701,5.015,False,1,1.0,6,7,-0.04,-0.053,True
2019_17_PIT_BAL,spread,2019-22,2019,17,BAL,PIT,BAL +2,-2.0,35.0,7.915,35.134,9.915,0.771,0.512,28.0,10.0,18.0,38.0,True,False,1.0,20.0,10.085,5.523,2.454,2.108,2.596,-0.003,1.191,1.74,0.002,0.0,-0.009,0.124,-0.012,2.349,,earned,,covered anyway (miss +10.1 inside the edge),0.649,4.433,,2.0,2.0,-6.099,-11.242,14.0,3.0,1.0,0.0,0.0,0.0,0.0,0.0,0.0,0.0,0.0,0.0,0.0,0.0,3.54,0.141,3.0,0.0,3.0,0.0,0.0,0.0,0.0,0.0,1.0,1.0,7.0,7.4,46.0,48.3,archive,0.4,0.0,0.116,35.0,47.0,2.0,1.0,6.78,0.0,0.0,0.0,117.0,121.059,-4.059,True,2.0,-0.277,-0.277,10.192,0.895,7.807,False,1,0.0,7,7,0.04,-0.095,True
2019_17_TEN_HOU,spread,2019-22,2019,17,HOU,TEN,HOU +10,-10.0,43.0,-1.174,46.613,8.826,0.771,0.401,14.0,35.0,-21.0,49.0,False,False,-1.1,-11.0,-19.826,-14.917,0.5,-5.409,-1.048,-0.003,-0.144,-13.723,0.002,0.0,-0.009,-0.009,0.179,0.337,luck,,,garbage time (-13.7),0.649,-0.545,variance,1.0,0.0,-2.103,0.0,0.0,7.0,0.0,0.0,0.0,0.0,0.0,0.0,0.0,0.0,0.0,0.0,0.0,0.0,0.137,0.343,0.0,14.0,0.0,0.0,14.0,0.0,0.0,0.0,1.0,0.957,,12.0,,64.0,pbp_text,0.0,0.0,1.554,35.0,37.0,4.0,0.0,0.891,0.0,0.0,0.0,122.0,123.325,-1.325,True,10.0,-0.31,-0.31,9.135,0.447,9.206,False,1,1.0,7,7,0.031,0.018,True
2020_01_CLE_BAL,spread,2019-22,2020,1,BAL,CLE,BAL -7,7.0,47.0,12.751,45.865,5.751,0.646,0.539,38.0,6.0,32.0,44.0,True,False,1.0,25.0,19.249,23.091,3.086,-6.928,3.172,-0.003,1.81,18.112,0.002,0.0,-0.009,-0.042,-0.361,3.495,,earned,,covered anyway (miss +19.2 inside the edge),0.649,5.629,,1.0,3.0,-5.425,-11.715,17.0,0.0,0.0,0.0,0.0,0.0,0.0,0.0,0.0,1.0,0.0,1.0,0.0,0.0,1.13,-3.94,21.0,0.0,21.0,0.0,0.0,0.0,0.0,0.0,0.971,1.0,5.0,4.9,76.0,72.9,archive,-0.1,0.0,-2.503,66.0,80.0,0.0,3.0,10.134,0.0,0.0,0.0,124.0,123.214,0.786,True,-7.0,0.953,0.953,4.798,1.522,9.426,False,1,0.0,7,7,0.021,0.007,True
2020_04_NE_KC,spread,2019-22,2020,4,KC,NE,KC -7,7.0,52.5,11.785,42.837,4.785,0.617,0.776,26.0,10.0,16.0,36.0,True,False,1.0,9.0,4.215,8.519,-1.161,-3.144,9.064,-0.003,-0.462,-0.079,0.002,0.0,-0.009,-0.076,0.142,-1.219,,earned,,covered anyway (miss +4.2 inside the edge),0.649,9.248,,1.0,4.0,-4.367,-22.375,14.0,3.0,1.0,0.0,0.0,0.0,0.0,0.0,0.0,0.0,1.0,0.0,0.0,0.0,-0.118,0.946,1.0,0.0,1.0,0.0,0.0,0.0,0.0,0.0,1.0,0.643,14.0,12.1,73.0,69.3,archive,-1.9,0.0,1.275,38.0,43.0,0.0,3.0,-3.664,0.0,0.0,0.0,126.0,124.372,1.628,True,-7.0,0.662,0.662,4.124,0.689,6.204,True,0,0.0,7,8,0.057,-0.037,True
2020_05_CAR_ATL,spread,2019-22,2020,5,ATL,CAR,ATL -2.5,2.5,53.5,7.744,50.594,5.244,0.687,0.599,16.0,23.0,-7.0,39.0,False,False,-1.1,-9.5,-14.744,-3.256,0.723,-12.212,-2.667,-0.003,0.404,-0.989,0.002,0.0,-0.009,0.171,-0.013,0.572,variance,,,"outplayed, no luck (residual -12.2)",3.378,1.111,variance,1.0,0.0,-5.324,0.0,0.0,3.0,0.0,0.0,0.0,0.0,0.0,0.0,0.0,0.0,0.0,0.0,0.0,0.0,2.519,1.246,3.0,3.0,0.0,3.0,3.0,0.0,0.0,0.0,1.0,1.0,,,,72.0,pbp_text,0.0,0.0,0.109,40.0,25.0,1.0,0.0,1.579,0.0,0.0,0.0,123.0,129.076,-6.076,True,-2.5,1.425,1.425,3.819,1.146,2.446,False,1,1.0,6,7,0.019,-0.002,True
2020_05_IND_CLE,spread,2019-22,2020,5,CLE,IND,IND +1,1.0,48.5,-4.025,45.395,5.025,0.373,0.606,32.0,23.0,9.0,55.0,False,False,-1.1,-8.0,-13.025,2.039,0.283,-15.347,-1.716,3.825,-0.148,0.079,-0.002,-0.0,0.009,-0.008,-0.298,0.583,variance,,,"outplayed, no luck (residual -15.3)",2.079,4.039,variance,2.0,2.0,-8.512,-11.907,7.0,6.0,1.0,0.0,0.0,1.0,0.0,0.0,0.0,0.0,0.0,0.0,0.0,0.0,1.44,0.857,4.0,3.0,4.0,0.0,0.0,3.0,0.0,0.0,0.952,1.0,16.0,16.7,64.0,61.0,archive,0.7,0.0,2.451,10.0,34.0,1.0,1.0,-1.802,0.0,0.0,0.0,123.0,122.31,0.69,False,1.0,0.46,0.46,5.485,2.228,-10.412,False,0,0.0,7,7,-0.034,0.022,True
2020_05_BUF_TEN,spread,2019-22,2020,5,TEN,BUF,TEN +3,-3.0,52.0,2.634,48.684,5.634,0.683,0.613,42.0,16.0,26.0,58.0,True,False,1.0,29.0,23.366,22.011,1.175,0.18,9.631,-0.003,-0.271,12.655,0.002,0.0,-0.009,-0.066,0.562,0.686,,earned,,covered anyway (miss +23.4 inside the edge),-4.808,4.548,,0.0,3.0,0.0,-19.136,14.0,0.0,0.0,0.0,0.0,0.0,0.0,0.0,0.0,0.0,0.0,0.0,0.0,0.0,0.405,0.955,21.0,6.0,21.0,0.0,0.0,6.0,0.0,0.0,1.0,0.902,3.0,3.7,73.0,62.8,archive,0.7,0.0,4.429,46.0,56.0,1.0,0.0,1.911,0.0,0.0,0.0,131.0,124.768,6.232,True,3.0,0.349,0.349,5.285,0.631,7.01,False,0,0.0,16,9,0.033,0.008,True
2020_06_CHI_CAR,spread,2019-22,2020,6,CAR,CHI,CHI +2,2.0,45.0,-3.529,43.589,5.529,0.367,0.55,16.0,23.0,-7.0,39.0,True,False,1.0,9.0,3.471,4.478,-0.818,-0.189,4.127,0.003,1.178,-0.83,-0.002,-0.0,0.009,0.054,-0.97,0.091,,earned,,covered anyway (miss +3.5 inside the edge),-3.378,1.93,,3.0,1.0,-13.028,-4.8,0.0,7.0,0.0,0.0,0.0,0.0,0.0,0.0,1.0,0.0,0.0,0.0,0.0,0.0,-1.003,1.995,3.0,1.0,0.0,3.0,1.0,0.0,0.0,0.0,1.0,1.0,6.0,3.5,63.0,62.1,archive,-2.5,0.0,7.497,69.0,92.0,2.0,0.0,-0.362,0.0,0.0,0.0,122.0,125.8,-3.8,False,2.0,-1.942,-1.942,3.587,0.741,-7.07,False,0,0.0,10,7,-0.048,0.006,True
2020_06_CLE_PIT,spread,2019-22,2020,6,PIT,CLE,PIT -3,3.0,50.0,8.237,47.667,5.237,0.674,0.579,38.0,7.0,31.0,45.0,True,False,1.0,28.0,22.763,16.932,4.992,0.84,5.016,-0.003,0.175,11.745,0.002,0.0,-0.009,0.367,-0.032,4.664,,earned,,covered anyway (miss +22.8 inside the edge),-5.718,-0.531,,0.0,2.0,0.0,-9.957,14.0,0.0,1.0,0.0,0.0,0.0,0.0,0.0,0.0,0.0,0.0,0.0,0.0,0.0,0.721,0.068,21.0,7.0,21.0,0.0,0.0,7.0,0.0,0.0,0.963,0.697,9.0,10.6,61.0,61.3,archive,1.6,0.0,-0.034,45.0,55.0,2.0,3.0,13.556,0.0,0.0,0.0,112.0,123.612,-11.612,True,-3.0,0.823,0.823,4.413,1.082,7.722,False,1,0.0,7,7,-0.06,0.022,True
2020_06_GB_TB,spread,2019-22,2020,6,TB,GB,TB +3,-3.0,55.0,1.075,49.037,4.075,0.637,0.688,38.0,10.0,28.0,48.0,True,False,1.0,31.0,26.925,21.375,0.892,4.657,6.377,-0.003,0.528,14.474,0.002,0.0,-0.009,0.004,0.862,0.033,,earned,,covered anyway (miss +26.9 inside the edge),0.649,7.551,,0.0,2.0,0.0,-12.664,14.0,0.0,1.0,0.0,0.0,0.0,0.0,0.0,0.0,0.0,0.0,0.0,0.0,0.0,2.184,0.576,17.0,0.0,17.0,0.0,0.0,0.0,0.0,0.0,0.931,0.976,12.0,16.3,88.0,81.0,archive,4.3,0.0,6.688,0.0,76.0,0.0,0.0,0.0,0.0,0.0,0.0,122.0,123.653,-1.653,True,3.0,-0.073,-0.073,4.148,0.741,5.794,False,0,0.0,10,13,-0.048,0.057,True
2020_07_CLE_CIN,spread,2019-22,2020,7,CIN,CLE,CIN +4.5,-4.5,50.0,-0.385,47.263,4.115,0.646,0.596,34.0,37.0,-3.0,71.0,True,False,1.0,1.5,-2.615,-4.866,0.892,1.36,-4.019,-0.003,0.145,-0.989,0.002,0.0,-0.009,-0.011,-0.422,1.332,,earned,,covered anyway; turnovers 2-1 (-4.0),0.649,-3.228,,2.0,1.0,-12.456,-4.443,7.0,3.0,0.0,0.0,0.0,0.0,0.0,0.0,0.0,0.0,0.0,1.0,0.0,0.0,0.796,0.223,0.0,0.0,0.0,0.0,0.0,0.0,0.0,0.0,0.983,0.9,8.0,7.4,48.0,48.8,archive,-0.6,0.0,-2.963,45.0,40.0,1.0,0.0,3.804,0.0,0.0,0.0,122.0,128.039,-6.039,True,4.5,0.002,0.002,4.113,0.641,2.911,False,1,0.0,7,7,0.0,0.006,True
2020_07_SEA_ARI,spread,2019-22,2020,7,ARI,SEA,ARI +3.5,-3.5,55.5,1.656,52.456,5.156,0.676,0.605,37.0,34.0,3.0,71.0,True,False,1.0,6.5,1.344,7.226,-0.615,-5.267,4.836,-0.003,-1.166,3.559,0.002,0.0,0.585,-0.196,0.711,-1.717,,luck,,covered anyway (miss +1.3 inside the edge),6.107,9.774,,2.0,3.0,-9.438,-19.038,3.0,7.0,0.0,0.0,0.0,0.0,0.0,0.0,1.0,0.0,0.0,0.0,0.0,0.0,-1.191,1.776,6.0,1.0,0.0,6.0,1.0,0.0,0.0,0.0,1.0,1.0,,16.0,,84.0,pbp_text,0.0,0.0,5.551,40.0,78.0,2.0,1.0,-5.12,1.0,3.0,0.0,159.0,127.825,31.175,True,3.5,0.731,0.731,4.426,0.296,5.715,True,1,1.0,6,14,0.027,0.049,True
2020_08_ATL_CAR,spread,2019-22,2020,8,CAR,ATL,ATL +1.5,1.5,52.0,-4.35,50.069,5.85,0.355,0.568,17.0,25.0,-8.0,42.0,True,False,1.0,9.5,3.65,0.265,0.789,2.596,-0.502,0.003,-0.226,0.989,-0.002,-0.0,0.009,0.146,-0.098,0.735,,earned,,covered anyway (miss +3.7 inside the edge),-0.649,-1.374,,1.0,1.0,-2.789,-3.769,7.0,0.0,0.0,0.0,0.0,0.0,0.0,0.0,0.0,0.0,0.0,1.0,0.0,0.0,0.773,-0.019,0.0,0.0,0.0,0.0,0.0,0.0,0.0,0.0,0.886,1.0,8.0,10.7,76.0,74.3,archive,2.7,0.0,0.944,30.0,63.0,3.0,0.0,-2.246,0.0,0.0,0.0,118.0,126.717,-8.717,False,1.5,-1.672,-1.672,4.177,0.386,-5.052,True,1,0.0,4,4,0.029,0.013,True
2020_08_NO_CHI,spread,2019-22,2020,8,CHI,NO,CHI +5.5,-5.5,41.0,-1.419,39.422,4.081,0.636,0.558,23.0,26.0,-3.0,49.0,True,False,1.0,2.5,-1.581,-3.644,-0.221,2.284,-1.632,-0.003,1.708,-3.717,0.002,0.0,-0.603,0.084,0.196,0.1,,earned,,covered anyway; garbage time (-3.7),0.649,0.722,,1.0,0.0,-3.264,0.0,0.0,3.0,0.0,0.0,0.0,0.0,0.0,0.0,0.0,1.0,0.0,0.0,0.0,0.0,2.548,-2.245,0.0,3.0,0.0,0.0,3.0,0.0,0.0,0.0,1.0,1.0,20.0,25.2,40.0,38.6,archive,5.2,0.0,1.681,53.0,45.0,3.0,3.0,0.197,1.0,0.0,3.0,140.0,124.122,15.878,True,5.5,2.593,2.593,1.489,0.321,4.63,False,0,0.0,6,7,-0.073,0.024,True
2020_08_DAL_PHI,spread,2019-22,2020,8,PHI,DAL,DAL +10,10.0,43.0,3.716,39.666,6.284,0.276,0.616,23.0,9.0,14.0,32.0,False,False,-1.1,-4.0,-10.284,-0.676,2.117,-11.725,-0.371,0.003,0.522,-0.83,-0.002,-0.0,0.009,0.064,-0.462,2.509,variance,,,"outplayed, no luck (residual -11.7)",-0.649,-0.495,variance,4.0,2.0,-15.439,-16.158,14.0,3.0,1.0,0.0,0.0,0.0,0.0,0.0,0.0,1.0,0.0,0.0,0.0,0.0,0.068,1.294,2.0,0.0,2.0,0.0,0.0,0.0,0.0,0.0,0.921,1.0,17.0,14.2,49.0,50.9,archive,-2.8,0.0,3.684,28.0,68.0,3.0,4.0,-7.438,0.0,0.0,0.0,137.0,132.426,4.574,False,10.0,-2.726,-1.346,4.938,2.162,-11.507,True,1,0.0,7,10,0.022,-0.018,True
2020_09_GB_SF,spread,2019-22,2020,9,SF,GB,SF +6,-6.0,48.5,-1.62,46.289,4.38,0.654,0.575,17.0,34.0,-17.0,51.0,False,False,-1.1,-11.0,-15.38,-6.196,-1.951,-7.234,-5.24,-0.003,-0.874,-0.079,0.002,0.0,-0.009,-0.032,-0.268,-1.644,variance,,,turnovers 2-0 (-5.2),13.383,7.266,variance,2.0,0.0,-10.441,0.0,0.0,10.0,0.0,0.0,0.0,0.0,0.0,0.0,0.0,0.0,0.0,0.0,0.0,0.0,0.181,2.357,14.0,13.0,0.0,14.0,13.0,0.0,0.0,0.0,1.0,1.0,5.0,4.3,78.0,76.4,archive,-0.7,0.0,-1.804,33.0,45.0,1.0,1.0,-4.907,0.0,0.0,0.0,115.0,119.521,-4.521,True,6.0,-2.589,-4.068,8.448,0.205,4.844,True,0,0.0,4,4,0.002,0.062,True
2020_09_SEA_BUF,spread,2019-22,2020,9,BUF,SEA,BUF +3,-3.0,55.0,1.374,54.094,4.374,0.646,0.535,44.0,34.0,10.0,78.0,True,False,1.0,13.0,8.626,11.239,-1.253,-1.36,9.32,-0.003,-0.727,2.65,0.002,0.0,-0.009,0.012,-0.588,-0.669,,earned,,covered anyway (miss +8.6 inside the edge),-14.813,-6.224,,0.0,4.0,0.0,-18.517,16.0,0.0,0.0,0.0,0.0,0.0,0.0,0.0,1.0,0.0,0.0,0.0,0.0,0.0,0.376,2.156,21.0,17.0,21.0,0.0,0.0,17.0,0.0,0.0,1.0,1.0,4.0,4.4,69.0,65.8,archive,0.4,0.0,-4.211,70.0,13.0,0.0,3.0,-2.055,0.0,0.0,0.0,124.0,126.786,-2.786,True,3.0,1.509,1.509,2.865,0.709,2.819,False,0,0.0,7,7,0.026,0.06,True
2020_09_PIT_DAL,spread,2019-22,2020,9,DAL,PIT,DAL +14,-14.0,44.0,-7.608,44.65,6.392,0.69,0.491,19.0,24.0,-5.0,43.0,True,False,1.0,9.0,2.608,-3.612,0.781,5.44,-3.625,-0.003,1.004,-0.989,0.002,0.0,-0.009,0.169,-0.338,0.956,,earned,,covered anyway; turnovers 2-0 (-3.6),0.649,-1.974,,2.0,0.0,-7.228,0.0,0.0,6.0,0.0,0.0,0.0,0.0,0.0,0.0,0.0,0.0,0.0,2.0,0.0,1.0,3.116,0.221,0.0,0.0,0.0,0.0,0.0,0.0,0.0,0.0,1.0,0.936,,14.0,,70.0,pbp_text,0.0,0.0,-2.328,70.0,16.0,1.0,2.0,2.702,0.0,0.0,0.0,134.0,127.946,6.054,True,14.0,-0.476,-0.476,6.868,0.649,7.713,False,0,1.0,7,7,-0.003,-0.066,True
2020_09_NE_NYJ,spread,2019-22,2020,9,NYJ,NE,NYJ +9.5,-9.5,41.5,-5.132,40.578,4.368,0.65,0.535,27.0,30.0,-3.0,57.0,True,False,1.0,6.5,2.132,-1.757,0.715,3.175,-0.656,-0.003,-0.109,-0.989,0.002,0.0,-0.009,-0.058,0.161,0.619,,earned,,covered anyway (miss +2.1 inside the edge),0.649,-0.119,,1.0,0.0,-1.324,0.0,0.0,7.0,0.0,0.0,0.0,0.0,0.0,0.0,0.0,0.0,0.0,0.0,0.0,0.0,2.148,2.26,0.0,0.0,0.0,0.0,0.0,0.0,0.0,0.0,1.0,1.0,2.0,5.1,61.0,56.3,archive,3.1,0.0,1.415,32.0,81.0,0.0,2.0,1.717,0.0,0.0,0.0,118.0,120.724,-2.724,True,9.5,0.85,-0.629,4.997,0.511,5.228,True,1,0.0,8,8,-0.07,-0.042,True
2020_10_HOU_CLE,spread,2019-22,2020,10,CLE,HOU,HOU +4.5,4.5,46.0,0.165,44.167,4.335,0.361,0.564,10.0,7.0,3.0,17.0,True,False,1.0,1.5,-2.835,-0.915,-0.874,-1.046,-0.01,0.003,-1.898,0.989,-0.002,-0.0,0.009,-0.004,-0.328,-0.549,,earned,,covered anyway (miss -2.8 inside the edge),-0.649,-2.553,,0.0,0.0,0.0,0.0,0.0,0.0,0.0,0.0,0.0,0.0,0.0,0.0,0.0,1.0,0.0,0.0,0.0,0.0,0.863,-4.443,0.0,0.0,0.0,0.0,0.0,0.0,0.0,0.0,1.0,1.0,25.0,25.0,59.0,54.7,archive,0.0,0.0,2.673,63.0,49.0,1.0,1.0,1.51,0.0,0.0,0.0,113.0,123.892,-10.892,False,4.5,-0.42,-0.42,3.915,0.415,-5.244,False,0,0.0,7,14,0.056,0.024,True
2020_11_NYJ_LAC,spread,2019-22,2020,11,LAC,NYJ,NYJ +10,10.0,47.0,5.838,47.6,4.162,0.335,0.493,34.0,28.0,6.0,62.0,True,False,1.0,4.0,-0.162,7.842,1.195,-9.199,-1.061,0.003,0.635,8.265,-0.002,-0.0,0.009,0.209,-0.06,1.039,,luck,,covered anyway (miss -0.2 inside the edge),18.451,18.028,,1.0,1.0,-4.738,-6.83,7.0,0.0,1.0,0.0,0.0,0.0,0.0,0.0,0.0,0.0,0.0,2.0,1.0,0.0,-3.326,-1.795,13.0,21.0,13.0,0.0,0.0,21.0,0.0,0.0,1.0,1.0,,6.0,,69.0,pbp_text,0.0,0.0,0.662,78.0,88.0,1.0,2.0,-3.137,0.0,0.0,0.0,133.0,123.826,9.174,False,10.0,-0.606,-0.606,3.557,1.871,-8.639,False,0,1.0,13,7,-0.045,0.003,True
2020_12_LV_ATL,spread,2019-22,2020,12,ATL,LV,ATL +3.5,-3.5,53.0,0.797,54.031,4.297,0.655,0.479,43.0,6.0,37.0,49.0,True,False,1.0,40.5,36.203,30.294,1.502,4.407,13.746,-0.003,1.169,15.383,0.002,0.0,-0.009,-0.005,0.956,0.557,,earned,side_dead,covered anyway (miss +36.2 inside the edge),-2.079,12.832,,1.0,5.0,-5.115,-32.435,23.0,3.0,1.0,0.0,0.0,0.0,0.0,0.0,0.0,0.0,0.0,0.0,0.0,0.0,3.564,0.227,21.0,3.0,21.0,0.0,0.0,3.0,0.0,0.0,1.0,0.822,,8.0,,54.0,pbp_text,0.0,0.0,7.395,49.0,141.0,1.0,2.0,1.536,0.0,0.0,0.0,127.0,126.18,0.82,True,3.5,-0.463,-0.463,4.76,0.784,6.166,False,0,1.0,7,7,0.018,0.064,True
2020_12_NYG_CIN,spread,2019-22,2020,12,CIN,NYG,CIN +6.5,-6.5,45.0,-1.784,42.697,4.716,0.664,0.58,17.0,19.0,-2.0,36.0,True,False,1.0,4.5,-0.216,-4.473,-0.881,5.138,-3.599,3.49,-0.647,-3.717,0.002,0.0,-0.009,-0.03,0.256,-1.1,,earned,side_dead,covered anyway; garbage time (-3.7); turnovers 3-1 (-3.6),0.649,-0.106,,3.0,1.0,-13.104,-5.927,3.0,6.0,0.0,0.0,1.0,0.0,0.0,0.0,0.0,0.0,0.0,0.0,0.0,0.0,1.101,2.664,0.0,3.0,0.0,0.0,3.0,0.0,0.0,0.0,1.0,0.702,4.0,5.6,52.0,48.9,archive,1.6,0.0,2.131,27.0,51.0,1.0,3.0,-3.315,0.0,0.0,0.0,123.0,127.071,-4.071,True,6.5,0.393,-0.926,5.642,0.263,4.763,False,0,0.0,7,14,0.019,-0.0,True
2020_12_NO_DEN,spread,2019-22,2020,12,DEN,NO,DEN +17,-17.0,36.5,-6.569,41.058,10.431,0.789,0.372,3.0,31.0,-28.0,34.0,False,False,-1.1,-11.0,-21.431,-17.188,-0.529,-3.714,-4.196,-0.003,0.735,-13.723,0.002,0.0,-0.009,-0.461,-0.093,0.033,luck,,side_dead,garbage time (-13.7); turnovers 3-1 (-4.2),3.378,-0.087,knowable,3.0,1.0,-12.647,-4.282,3.0,10.0,0.0,0.0,0.0,0.0,0.0,0.0,0.0,0.0,0.0,0.0,0.0,0.0,3.021,0.855,3.0,17.0,0.0,3.0,17.0,0.0,0.0,0.0,1.0,1.0,6.0,3.1,38.0,37.0,archive,-2.9,0.0,-0.489,10.0,35.0,0.0,0.0,0.0,0.0,0.0,0.0,106.0,124.139,-18.139,True,17.0,-0.274,-0.274,10.705,0.298,10.923,False,0,0.0,7,7,-0.067,-0.014,True
2020_13_LV_NYJ,spread,2019-22,2020,13,NYJ,LV,NYJ +7.5,-7.5,48.0,-2.158,44.496,5.342,0.705,0.621,28.0,31.0,-3.0,59.0,True,False,1.0,4.5,-0.842,-3.77,0.475,2.453,-1.784,-0.003,-0.994,-0.989,0.002,0.0,-0.009,0.094,-0.706,1.095,,earned,side_dead,covered anyway (miss -0.8 inside the edge),0.649,-2.132,,3.0,2.0,-13.386,-9.818,7.0,10.0,0.0,0.0,0.0,0.0,0.0,0.0,0.0,0.0,1.0,0.0,0.0,0.0,-0.797,1.704,0.0,0.0,0.0,0.0,0.0,0.0,0.0,0.0,1.0,1.0,18.0,18.3,39.0,38.6,archive,0.3,0.0,-5.101,40.0,21.0,0.0,1.0,3.109,0.0,0.0,0.0,134.0,122.551,11.449,True,7.5,1.921,1.921,3.421,1.98,10.166,False,0,0.0,7,7,-0.046,0.035,True
2020_14_HOU_CHI,spread,2019-22,2020,14,CHI,HOU,CHI +1,-1.0,46.0,4.039,50.178,5.039,0.645,0.383,36.0,7.0,29.0,43.0,True,False,1.0,30.0,24.961,22.382,1.647,0.932,4.851,-0.003,0.331,17.203,0.002,0.0,-0.009,0.037,-0.057,1.674,,earned,,covered anyway (miss +25.0 inside the edge),0.649,5.829,,0.0,2.0,0.0,-9.63,0.0,0.0,0.0,0.0,0.0,0.0,0.0,0.0,0.0,0.0,0.0,0.0,0.0,0.0,1.145,0.068,20.0,0.0,20.0,0.0,0.0,0.0,0.0,0.0,1.0,0.977,1.0,3.9,34.0,31.5,archive,2.9,0.0,-0.221,44.0,50.0,0.0,3.0,4.803,0.0,0.0,0.0,122.0,124.588,-2.588,True,1.0,1.827,1.827,3.212,1.84,0.671,False,0,0.0,7,7,-0.047,0.066,True
2020_14_NYJ_SEA,spread,2019-22,2020,14,SEA,NYJ,NYJ +16.5,16.5,49.5,10.86,45.267,5.64,0.335,0.639,40.0,3.0,37.0,43.0,False,False,-1.1,-20.5,-26.14,-23.829,-0.533,-1.779,-0.754,0.003,-3.148,-19.931,-0.002,-0.0,0.009,-0.223,-0.284,-0.033,luck,,side_dead,"garbage time (-19.9); kicks (3 FG missed, 0 blocked) (-3.1)",-0.649,-4.547,knowable,1.0,1.0,-3.668,-5.148,3.0,0.0,0.0,0.0,0.0,0.0,0.0,0.0,0.0,3.0,1.0,0.0,0.0,0.0,0.189,-8.492,23.0,0.0,23.0,0.0,0.0,0.0,0.0,0.0,0.771,1.0,8.0,7.2,43.0,40.2,archive,-0.8,0.0,2.346,35.0,50.0,0.0,0.0,0.0,0.0,0.0,0.0,120.0,125.451,-5.451,False,16.5,-0.218,-0.218,5.422,1.35,-8.914,False,0,0.0,7,7,-0.04,0.046,True
2020_15_SF_DAL,spread,2019-22,2020,15,DAL,SF,DAL +4,-4.0,46.0,0.004,46.941,4.004,0.649,0.487,41.0,33.0,8.0,74.0,True,False,1.0,12.0,7.996,5.691,-1.198,3.503,9.195,4.068,-0.216,-7.356,0.002,0.0,-0.009,-0.003,0.028,-1.215,,earned,side_dead,covered anyway; garbage time (-7.4),-7.537,5.51,,0.0,4.0,0.0,-18.27,24.0,0.0,0.0,0.0,1.0,0.0,0.0,0.0,1.0,0.0,0.0,0.0,0.0,0.0,0.586,0.987,2.0,9.0,2.0,0.0,0.0,9.0,0.0,0.0,0.974,0.848,,6.0,,57.0,pbp_text,0.0,0.0,0.415,58.0,39.0,0.0,1.0,-3.652,0.0,0.0,0.0,139.0,126.279,12.721,True,4.0,1.51,1.51,2.494,0.765,2.198,False,0,1.0,7,7,0.005,-0.031,True
2020_16_TB_DET,spread,2019-22,2020,16,DET,TB,DET +12,-12.0,55.0,-7.012,53.946,4.988,0.648,0.54,7.0,47.0,-40.0,54.0,False,False,-1.1,-28.0,-32.988,-30.389,-4.986,2.386,-4.956,3.551,2.02,-31.004,-3.005,0.0,-0.009,-0.18,-0.748,-1.043,luck,,side_dead,garbage time (-31.0); turnovers 2-0 (-5.0),1.559,2.175,knowable,2.0,0.0,-9.876,0.0,0.0,6.0,0.0,0.0,1.0,0.0,0.0,0.0,0.0,1.0,0.0,2.0,0.0,0.0,0.051,-5.586,1.0,34.0,0.0,1.0,34.0,0.0,0.0,0.0,0.083,0.622,,,,68.0,pbp_text,0.0,0.0,-5.415,117.0,65.0,1.0,2.0,-3.149,0.0,0.0,0.0,119.0,125.65,-6.65,True,12.0,-0.097,-0.097,5.085,1.208,2.18,False,0,1.0,6,6,0.053,-0.002,True
2020_16_IND_PIT,spread,2019-22,2020,16,PIT,IND,PIT +1,-1.0,43.0,3.674,47.083,4.674,0.634,0.387,28.0,24.0,4.0,52.0,True,False,1.0,5.0,0.326,6.626,0.002,-6.301,4.974,-0.003,-0.084,1.74,0.002,0.0,-0.009,-0.097,0.491,-0.385,,luck,,covered anyway (miss +0.3 inside the edge),6.107,10.993,,0.0,2.0,0.0,-9.874,7.0,0.0,0.0,0.0,0.0,0.0,0.0,0.0,0.0,0.0,0.0,0.0,0.0,0.0,0.27,0.316,6.0,3.0,0.0,6.0,3.0,0.0,0.0,0.0,1.0,1.0,6.0,5.8,37.0,35.0,archive,-0.2,0.0,3.9,49.0,83.0,1.0,1.0,-1.224,0.0,0.0,0.0,129.0,122.43,6.57,True,1.0,1.476,1.476,3.198,0.578,3.441,False,0,0.0,6,7,-0.108,0.004,True
2020_16_PHI_DAL,spread,2019-22,2020,16,DAL,PHI,DAL +3,-3.0,50.0,1.531,46.619,4.531,0.65,0.616,37.0,17.0,20.0,54.0,True,False,1.0,23.0,18.469,11.234,1.01,6.225,3.152,-0.003,-0.022,8.107,0.002,0.0,-0.009,-0.031,0.78,0.268,,earned,side_dead,covered anyway (miss +18.5 inside the edge),0.649,3.776,,1.0,3.0,-5.186,-11.437,7.0,0.0,0.0,0.0,0.0,0.0,0.0,0.0,0.0,0.0,0.0,0.0,0.0,0.0,0.748,0.624,10.0,0.0,10.0,0.0,0.0,0.0,0.0,0.0,1.0,1.0,,10.0,,73.0,pbp_text,0.0,0.0,6.069,73.0,115.0,0.0,2.0,0.689,0.0,0.0,0.0,136.0,130.895,5.105,True,3.0,0.085,0.085,4.446,0.442,4.07,False,1,1.0,7,7,0.004,-0.028,True
2020_16_BUF_NE,spread,2019-22,2020,16,NE,BUF,NE +7,-7.0,47.0,-2.6,44.532,4.4,0.679,0.591,9.0,38.0,-29.0,47.0,False,False,-1.1,-22.0,-26.4,-13.822,-6.316,-6.262,0.01,-0.003,-0.106,-13.723,-3.005,0.0,-0.009,-0.075,0.146,-3.373,knowable,,trees_disagree,garbage time (-13.7); fourth downs (-3.4),0.649,0.55,knowable,0.0,0.0,0.0,0.0,0.0,0.0,0.0,0.0,0.0,0.0,0.0,0.0,0.0,0.0,1.0,0.0,0.0,0.0,0.278,0.382,0.0,14.0,0.0,0.0,14.0,0.0,0.0,0.0,0.571,0.907,4.0,8.4,41.0,38.2,archive,4.4,0.0,1.305,25.0,27.0,0.0,3.0,-9.967,0.0,0.0,0.0,115.0,122.094,-7.094,True,7.0,-0.966,-0.966,5.366,2.185,-0.894,True,1,0.0,8,9,-0.028,0.032,True
2020_17_MIA_BUF,spread,2019-22,2020,17,BUF,MIA,BUF +3.5,-3.5,42.5,5.452,46.518,8.952,0.771,0.39,56.0,26.0,30.0,82.0,True,False,1.0,33.5,24.548,17.201,-0.708,8.055,6.756,3.808,-0.56,7.197,0.002,0.0,-0.009,-0.375,-0.507,0.181,,earned,,covered anyway (miss +24.5 inside the edge),-17.542,-7.538,,2.0,4.0,-7.822,-21.24,28.0,3.0,1.0,0.0,1.0,0.0,0.0,0.0,0.0,0.0,0.0,0.0,0.0,0.0,0.541,1.869,29.0,20.0,29.0,0.0,0.0,20.0,0.0,0.0,0.675,0.971,1.0,2.8,35.0,36.7,archive,1.8,0.0,-3.601,16.0,20.0,0.0,2.0,0.435,0.0,0.0,0.0,141.0,123.348,17.652,True,3.5,-0.242,-0.242,9.194,0.781,7.07,False,1,0.0,6,8,0.036,-0.029,True
2020_17_PIT_CLE,spread,2019-22,2020,17,CLE,PIT,PIT +10.5,10.5,45.0,1.017,40.957,9.483,0.202,0.636,24.0,22.0,2.0,46.0,True,False,1.0,8.5,-0.983,-0.857,3.834,-3.961,-2.722,0.003,0.873,0.989,-0.002,-0.0,0.009,0.016,0.204,3.607,,earned,,covered anyway (miss -1.0 inside the edge),5.718,3.872,,0.0,1.0,0.0,-5.395,7.0,0.0,0.0,0.0,0.0,0.0,0.0,0.0,0.0,0.0,0.0,0.0,0.0,0.0,0.259,2.435,7.0,7.0,7.0,0.0,0.0,7.0,0.0,0.0,1.0,0.857,7.0,12.1,38.0,37.6,archive,5.1,0.0,-1.324,19.0,15.0,2.0,2.0,-10.653,0.0,0.0,0.0,127.0,123.609,3.391,False,10.5,-1.051,-0.007,9.476,0.327,-8.716,False,1,0.0,7,7,-0.105,0.039,True
2020_17_LAC_KC,spread,2019-22,2020,17,KC,LAC,KC +7,-7.0,43.0,2.758,46.163,9.758,0.815,0.413,21.0,38.0,-17.0,59.0,False,False,-1.1,-10.0,-19.758,-4.49,-0.632,-14.636,-2.495,-0.003,-0.093,-1.898,0.002,0.0,-0.009,0.112,-0.546,-0.192,variance,,,"outplayed, no luck (residual -14.6)",7.016,4.425,variance,1.0,0.0,-4.982,0.0,0.0,7.0,0.0,0.0,0.0,0.0,0.0,0.0,0.0,0.0,0.0,0.0,0.0,0.0,0.203,0.27,7.0,8.0,0.0,7.0,8.0,0.0,0.0,0.0,1.0,1.0,6.0,3.5,35.0,40.9,archive,-2.5,0.0,-3.896,69.0,23.0,1.0,1.0,-0.656,0.0,0.0,0.0,117.0,128.21,-11.21,True,7.0,-2.221,-2.221,11.979,0.749,8.099,False,1,0.0,7,7,0.065,0.001,True
2021_01_SF_DET,spread,2019-22,2021,1,DET,SF,DET +9.5,-9.5,46.0,-3.596,54.057,5.904,0.699,0.287,33.0,41.0,-8.0,74.0,True,False,1.0,1.5,-4.404,8.49,-0.905,-11.989,0.46,-0.003,-0.074,8.107,0.002,0.0,-0.009,0.168,0.649,-1.715,,luck,,covered anyway (miss -4.4 inside the edge),21.569,21.952,,1.0,2.0,-7.538,-8.434,0.0,7.0,0.0,1.0,0.0,0.0,0.0,0.0,1.0,1.0,0.0,0.0,0.0,0.0,-1.973,-1.956,23.0,13.0,0.0,23.0,13.0,0.0,0.0,0.0,1.0,0.871,,,,68.0,pbp_text,0.0,0.0,5.088,45.0,79.0,5.0,0.0,-5.114,0.0,0.0,0.0,139.0,126.46,12.54,True,9.5,1.233,1.233,4.671,0.673,4.295,False,0,1.0,7,7,0.039,-0.022,True
2021_01_JAX_HOU,spread,2019-22,2021,1,HOU,JAX,HOU +3.5,-3.5,45.5,1.903,46.316,5.403,0.684,0.488,37.0,21.0,16.0,58.0,True,False,1.0,19.5,14.097,10.804,-1.142,4.436,7.33,-0.003,1.737,1.74,0.002,0.0,-0.009,-0.113,0.177,-1.199,,earned,,covered anyway (miss +14.1 inside the edge),-12.085,-3.021,,0.0,3.0,0.0,-14.56,3.0,0.0,0.0,0.0,0.0,0.0,0.0,0.0,0.0,1.0,0.0,0.0,0.0,0.0,1.096,-3.777,17.0,14.0,17.0,0.0,0.0,14.0,0.0,0.0,1.0,1.0,,9.0,,82.0,pbp_text,0.0,0.0,1.538,50.0,82.0,0.0,1.0,-3.604,0.0,0.0,0.0,141.0,125.717,15.283,True,3.5,-0.935,-2.006,7.409,1.459,1.85,False,1,1.0,7,7,0.059,-0.002,True
2021_01_MIA_NE,spread,2019-22,2021,1,NE,MIA,MIA +3.5,3.5,43.5,-2.262,39.911,5.762,0.319,0.623,16.0,17.0,-1.0,33.0,True,False,1.0,4.5,-1.262,4.085,0.043,-5.39,3.14,0.003,-0.047,0.989,-0.002,-0.0,0.009,0.043,0.025,-0.033,,earned,,covered anyway (miss -1.3 inside the edge),-0.649,2.447,,2.0,1.0,-9.869,-3.603,0.0,0.0,0.0,0.0,0.0,0.0,0.0,0.0,0.0,0.0,0.0,0.0,0.0,0.0,1.339,1.029,0.0,0.0,0.0,0.0,0.0,0.0,0.0,0.0,1.0,1.0,15.0,12.2,81.0,78.8,archive,-2.8,0.0,0.022,84.0,28.0,0.0,0.0,0.0,0.0,0.0,0.0,119.0,123.661,-4.661,False,3.5,1.142,1.142,6.904,1.796,-10.127,False,1,0.0,7,7,-0.026,0.001,True
2021_01_DEN_NYG,spread,2019-22,2021,1,NYG,DEN,NYG +3,-3.0,41.5,2.901,42.461,5.901,0.69,0.485,13.0,27.0,-14.0,40.0,False,False,-1.1,-11.0,-16.901,-5.234,-3.694,-7.973,-0.315,-0.003,-0.289,-4.627,0.002,0.0,-0.009,0.028,0.345,-4.06,variance,,,garbage time (-4.6); fourth downs (-4.1),6.107,5.499,variance,1.0,1.0,-5.024,-4.379,0.0,3.0,0.0,0.0,0.0,0.0,0.0,0.0,0.0,0.0,0.0,0.0,0.0,0.0,0.068,0.666,6.0,10.0,0.0,6.0,10.0,0.0,0.0,0.0,1.0,1.0,19.0,14.0,82.0,83.5,archive,-5.0,0.0,2.801,48.0,51.0,3.0,3.0,-11.978,0.0,0.0,0.0,123.0,125.779,-2.779,True,3.0,0.306,0.306,5.595,1.012,8.277,False,0,0.0,7,7,-0.021,-0.028,True
2021_02_HOU_CLE,spread,2019-22,2021,2,CLE,HOU,HOU +13.5,13.5,48.5,3.715,54.172,9.785,0.226,0.347,31.0,21.0,10.0,52.0,True,False,1.0,3.5,-6.285,-0.655,-2.77,-2.861,0.123,0.003,-0.86,0.079,-3.009,-0.0,0.009,-0.195,0.457,-0.033,,earned,,covered anyway; QB lost in game (36% of dropbacks) (-3.0),-0.649,-1.383,,2.0,2.0,-8.313,-8.05,10.0,7.0,0.0,0.0,0.0,0.0,0.0,0.0,0.0,1.0,0.0,0.0,0.0,1.0,0.449,-2.054,1.0,0.0,1.0,0.0,0.0,0.0,0.0,0.0,1.0,0.364,12.0,9.2,75.0,75.5,archive,-2.8,0.0,-3.227,62.0,78.0,0.0,0.0,0.0,0.0,0.0,0.0,112.0,126.005,-14.005,False,13.5,-1.146,-1.146,8.64,0.729,-11.52,False,0,0.0,7,7,0.055,0.058,True
2021_02_SF_PHI,spread,2019-22,2021,2,PHI,SF,PHI +3,-3.0,49.0,1.352,45.232,4.352,0.645,0.629,11.0,17.0,-6.0,28.0,False,False,-1.1,-3.0,-7.352,2.515,-1.416,-8.451,0.01,-0.003,-1.05,3.559,0.002,0.0,-0.009,0.042,0.233,-1.683,variance,,,"outplayed, no luck (residual -8.5)",7.926,6.882,variance,0.0,0.0,0.0,0.0,0.0,0.0,0.0,0.0,0.0,0.0,0.0,0.0,1.0,0.0,0.0,0.0,1.0,0.0,-1.547,1.106,8.0,3.0,0.0,8.0,3.0,0.0,0.0,0.0,0.971,1.0,13.0,8.8,76.0,77.1,archive,-4.2,0.0,1.958,57.0,60.0,1.0,1.0,-5.023,0.0,0.0,0.0,120.0,128.964,-8.964,True,3.0,1.498,1.498,2.854,0.206,4.404,False,0,0.0,7,7,-0.033,-0.018,True
2021_03_NO_NE,spread,2019-22,2021,3,NE,NO,NO +3,3.0,44.0,-2.76,41.356,5.76,0.331,0.596,13.0,28.0,-15.0,41.0,True,False,1.0,18.0,12.24,4.766,-0.716,8.19,8.181,0.003,-1.679,-1.74,-0.002,-0.0,0.009,-0.075,-0.059,-0.59,,earned,,covered anyway (miss +12.2 inside the edge),-9.745,-3.239,,3.0,0.0,-16.292,0.0,0.0,14.0,0.0,1.0,0.0,0.0,0.0,0.0,0.0,2.0,0.0,0.0,1.0,0.0,-1.81,-6.526,10.0,7.0,0.0,10.0,7.0,0.0,0.0,0.0,1.0,0.818,11.0,9.8,73.0,71.9,archive,-1.2,0.0,0.649,30.0,15.0,3.0,0.0,1.631,0.0,0.0,0.0,130.0,122.788,7.212,False,3.0,1.71,1.71,7.47,1.146,-8.534,False,0,0.0,7,7,-0.056,-0.012,True
2021_03_GB_SF,spread,2019-22,2021,3,SF,GB,GB +3.5,3.5,50.5,-0.597,47.722,4.097,0.363,0.6,28.0,30.0,-2.0,58.0,True,False,1.0,5.5,1.403,7.3,-1.547,-4.35,4.836,0.003,1.472,0.989,-0.002,-0.0,0.009,0.007,-0.173,-1.388,,luck,trees_disagree,covered anyway (miss +1.4 inside the edge),-0.649,5.662,,2.0,0.0,-9.638,0.0,0.0,3.0,0.0,0.0,0.0,0.0,0.0,0.0,0.0,0.0,0.0,0.0,0.0,0.0,0.27,4.062,0.0,0.0,0.0,0.0,0.0,0.0,0.0,0.0,1.0,1.0,15.0,11.6,69.0,68.5,archive,-3.4,0.0,1.512,86.0,87.0,0.0,1.0,3.967,0.0,0.0,0.0,122.0,123.847,-1.847,False,3.5,-1.0,-1.0,3.097,2.338,1.615,True,0,0.0,6,7,0.056,-0.013,True
2021_05_NYJ_ATL,spread,2019-22,2021,5,ATL,NYJ,ATL -3,3.0,45.5,7.988,40.093,4.988,0.664,0.678,27.0,20.0,7.0,47.0,True,False,1.0,4.0,-0.988,1.519,0.76,-3.267,-2.401,-0.003,0.365,3.559,0.002,0.0,-0.009,0.032,-0.324,1.058,,earned,,covered anyway (miss -1.0 inside the edge),-4.808,-6.848,,2.0,1.0,-8.706,-3.911,0.0,3.0,0.0,0.0,0.0,0.0,0.0,0.0,0.0,0.0,0.0,1.0,0.0,0.0,1.528,0.361,11.0,6.0,11.0,0.0,0.0,6.0,0.0,0.0,0.75,1.0,8.0,7.9,63.0,64.2,archive,-0.1,0.0,-2.226,66.0,58.0,1.0,0.0,3.002,0.0,0.0,0.0,127.0,128.181,-1.181,True,-3.0,-2.292,-2.292,7.28,0.36,5.429,False,0,0.0,7,7,0.002,-0.061,True
2021_05_DEN_PIT,spread,2019-22,2021,5,PIT,DEN,PIT +2,-2.0,40.0,2.093,47.686,4.093,0.612,0.295,27.0,19.0,8.0,46.0,True,False,1.0,10.0,5.907,-2.079,-1.826,9.813,-1.677,-0.003,0.59,-0.989,0.002,0.0,-0.009,0.055,0.841,-2.715,,earned,,covered anyway (miss +5.9 inside the edge),-5.718,-6.808,,1.0,1.0,-6.053,-2.698,0.0,3.0,0.0,0.0,0.0,0.0,0.0,0.0,0.0,0.0,0.0,0.0,0.0,0.0,2.545,0.769,7.0,7.0,7.0,0.0,0.0,7.0,0.0,0.0,1.0,1.0,9.0,4.8,71.0,72.8,archive,-4.2,0.0,6.526,59.0,67.0,0.0,4.0,-8.042,0.0,0.0,0.0,119.0,126.277,-7.277,True,2.0,-0.423,-0.423,4.516,0.284,4.719,False,0,0.0,7,7,-0.041,-0.044,True
2021_05_BUF_KC,spread,2019-22,2021,5,KC,BUF,BUF +2.5,2.5,57.0,-2.531,54.962,5.031,0.387,0.572,20.0,38.0,-18.0,58.0,True,False,1.0,20.5,15.469,13.049,-0.2,2.62,11.643,0.003,-0.496,1.898,-0.002,-0.0,0.009,-0.023,-1.072,0.888,,earned,,covered anyway (miss +15.5 inside the edge),-7.016,4.135,,4.0,0.0,-23.178,0.0,0.0,7.0,0.0,1.0,0.0,0.0,0.0,0.0,0.0,0.0,0.0,0.0,0.0,0.0,2.03,0.509,7.0,8.0,0.0,7.0,8.0,0.0,0.0,0.0,1.0,1.0,0.0,7.0,76.0,67.5,archive,7.0,0.0,8.265,55.0,103.0,1.0,0.0,-2.695,0.0,0.0,0.0,130.0,127.309,2.691,False,2.5,-0.081,-0.081,4.949,0.978,-7.38,True,0,0.0,7,7,-0.02,0.113,True
2021_06_ARI_CLE,spread,2019-22,2021,6,CLE,ARI,ARI +3,3.0,48.0,-1.755,44.586,4.755,0.359,0.619,14.0,37.0,-23.0,51.0,True,False,1.0,26.0,21.245,13.552,3.969,3.725,7.032,0.003,0.98,5.537,-0.002,-0.0,0.009,0.049,0.932,2.981,,earned,,covered anyway (miss +21.2 inside the edge),-11.564,-3.549,,3.0,0.0,-14.005,0.0,0.0,13.0,0.0,0.0,0.0,0.0,0.0,0.0,0.0,0.0,0.0,0.0,0.0,0.0,0.135,2.598,12.0,17.0,0.0,12.0,17.0,0.0,0.0,0.0,0.923,1.0,23.0,15.5,58.0,57.1,archive,-7.5,0.0,-6.793,88.0,45.0,4.0,1.0,-8.821,0.0,0.0,0.0,121.0,128.118,-7.118,False,3.0,-0.832,-0.832,3.923,0.862,-2.895,False,0,0.0,7,7,-0.006,0.031,True
2021_07_DEN_CLE,spread,2019-22,2021,7,CLE,DEN,DEN +2,2.0,40.5,-4.601,37.342,6.601,0.334,0.61,17.0,14.0,3.0,31.0,False,False,-1.1,-1.0,-7.601,-0.177,-0.029,-7.395,-1.719,0.003,0.55,0.989,-0.002,-0.0,0.009,0.188,0.527,-0.751,knowable,,opp_qb_out,nothing stands out: ordinary miss (residual -7.4),-0.649,-1.815,luck,0.0,1.0,0.0,-3.401,0.0,0.0,0.0,0.0,0.0,0.0,0.0,0.0,1.0,0.0,0.0,0.0,1.0,0.0,-1.168,0.135,0.0,0.0,0.0,0.0,0.0,0.0,0.0,0.0,1.0,1.0,27.0,20.1,59.0,57.2,archive,-6.9,0.0,-3.756,60.0,15.0,1.0,1.0,2.104,0.0,0.0,0.0,115.0,125.563,-10.563,False,2.0,-2.684,-3.482,3.119,1.239,-9.578,True,0,0.0,4,4,-0.021,0.026,True
2021_07_HOU_ARI,spread,2019-22,2021,7,ARI,HOU,HOU +20.5,20.5,47.0,15.482,47.7,5.018,0.379,0.49,31.0,5.0,26.0,36.0,False,False,-1.1,-5.5,-10.518,-11.979,-3.767,5.228,-0.749,0.003,0.512,-11.745,-0.002,-0.0,0.009,-0.515,-0.634,-2.625,luck,,,garbage time (-11.7),-0.649,-0.884,variance,1.0,1.0,-4.466,-5.937,7.0,0.0,0.0,0.0,0.0,0.0,0.0,0.0,0.0,0.0,0.0,0.0,0.0,0.0,0.438,1.637,14.0,0.0,14.0,0.0,0.0,0.0,0.0,0.0,1.0,1.0,,,,,none,0.0,0.0,4.971,54.0,80.0,1.0,2.0,7.588,0.0,0.0,0.0,116.0,124.732,-8.732,False,20.5,0.185,0.185,5.203,0.966,-2.725,False,0,1.0,7,7,0.017,-0.011,True
2021_08_PIT_CLE,spread,2019-22,2021,8,CLE,PIT,PIT +5.5,5.5,43.0,0.103,43.96,5.397,0.334,0.486,10.0,15.0,-5.0,25.0,True,False,1.0,10.5,5.103,2.909,2.221,-0.027,1.87,0.003,0.047,0.989,-0.002,-0.0,0.009,0.003,-0.186,2.396,,earned,,covered anyway (miss +5.1 inside the edge),-0.649,1.271,,1.0,0.0,-3.739,0.0,0.0,0.0,0.0,0.0,0.0,0.0,0.0,0.0,0.0,0.0,0.0,0.0,0.0,0.0,0.247,0.191,0.0,0.0,0.0,0.0,0.0,0.0,0.0,0.0,1.0,0.974,13.0,17.2,57.0,54.3,archive,4.2,0.0,1.606,30.0,65.0,2.0,4.0,-7.109,0.0,0.0,0.0,128.0,126.147,1.853,False,5.5,-0.348,-0.348,5.049,0.181,-5.416,False,1,0.0,14,10,-0.032,0.038,True
2021_09_DEN_DAL,spread,2019-22,2021,9,DAL,DEN,DEN +10.5,10.5,50.0,5.126,50.115,5.374,0.303,0.505,16.0,30.0,-14.0,46.0,True,False,1.0,24.5,19.126,1.203,4.729,13.194,2.771,0.003,-0.741,-0.83,-0.002,-0.0,0.009,0.077,0.212,4.434,,earned,,covered anyway (miss +19.1 inside the edge),-15.203,-13.169,,2.0,0.0,-5.53,0.0,0.0,6.0,0.0,0.0,0.0,0.0,0.0,0.0,0.0,1.0,0.0,1.0,0.0,0.0,0.0,-2.183,16.0,14.0,0.0,16.0,14.0,0.0,0.0,0.0,1.0,1.0,,9.0,,68.0,pbp_text,0.0,0.0,-1.382,38.0,37.0,4.0,0.0,-13.073,0.0,0.0,0.0,131.0,127.136,3.864,False,10.5,0.022,0.022,5.395,0.364,-4.839,False,0,1.0,7,7,-0.005,0.003,True
2021_09_ATL_NO,spread,2019-22,2021,9,NO,ATL,ATL +7,7.0,43.0,2.611,46.481,4.389,0.332,0.404,25.0,27.0,-2.0,52.0,True,False,1.0,9.0,4.611,1.97,-0.383,3.025,4.204,0.003,-0.497,-1.74,-0.002,-0.0,0.009,-0.004,-0.344,-0.043,,earned,,covered anyway (miss +4.6 inside the edge),-9.745,-6.036,,1.0,0.0,-8.38,0.0,0.0,7.0,0.0,0.0,0.0,0.0,0.0,0.0,0.0,0.0,0.0,0.0,0.0,0.0,1.98,0.455,10.0,7.0,0.0,10.0,7.0,0.0,0.0,0.0,0.935,1.0,,6.0,,63.0,pbp_text,0.0,0.0,2.794,74.0,76.0,1.0,1.0,0.03,0.0,0.0,0.0,126.0,126.644,-0.644,False,7.0,-0.898,-0.898,3.491,1.105,-7.074,False,1,1.0,7,7,0.009,-0.046,True
2021_10_DET_PIT,spread,2019-22,2021,10,PIT,DET,DET +9,9.0,43.0,4.336,40.807,4.664,0.325,0.577,16.0,16.0,0.0,32.0,True,False,1.0,9.0,4.336,2.595,1.79,-0.049,3.85,0.003,-2.247,0.989,-0.002,-0.0,0.009,0.365,0.023,1.395,,earned,opp_qb_out,covered anyway (miss +4.3 inside the edge),-0.649,0.957,,3.0,0.0,-7.676,0.0,0.0,0.0,0.0,0.0,0.0,0.0,0.0,0.0,0.0,1.0,0.0,1.0,0.0,0.0,2.061,-4.188,0.0,0.0,0.0,0.0,0.0,0.0,0.0,0.0,1.0,1.0,12.0,12.4,37.0,37.9,archive,0.4,0.0,0.038,59.0,84.0,0.0,2.0,-4.179,1.0,0.0,0.0,148.0,125.979,22.021,False,9.0,-0.741,-1.74,2.924,0.447,-5.621,False,0,0.0,14,6,0.023,-0.024,True
2021_11_BAL_CHI,spread,2019-22,2021,11,CHI,BAL,CHI +5,-5.0,43.0,-0.886,39.529,4.114,0.645,0.619,13.0,16.0,-3.0,29.0,True,False,1.0,2.0,-2.114,-3.238,-1.773,2.897,-0.309,-0.003,-1.937,-0.989,-3.005,0.0,-0.009,0.027,-0.18,1.394,,earned,,covered anyway; QB lost in game (40% of dropbacks) (-3.0),0.649,-1.6,,1.0,1.0,-4.801,-4.167,0.0,3.0,0.0,0.0,0.0,0.0,0.0,0.0,1.0,0.0,0.0,0.0,0.0,0.0,-3.384,1.664,0.0,0.0,0.0,0.0,0.0,0.0,0.0,0.0,0.405,1.0,9.0,11.5,46.0,47.3,archive,2.5,0.0,-1.145,58.0,36.0,3.0,1.0,3.985,0.0,0.0,0.0,134.0,125.136,8.864,True,5.0,0.373,0.373,3.741,0.839,2.129,False,0,0.0,13,10,-0.014,0.004,True
2021_11_HOU_TEN,spread,2019-22,2021,11,TEN,HOU,HOU +10.5,10.5,44.5,5.466,49.403,5.034,0.313,0.367,13.0,22.0,-9.0,35.0,True,False,1.0,19.5,14.466,17.842,1.668,-5.044,12.68,0.003,0.532,4.627,-0.002,-0.0,0.009,0.295,0.03,1.336,,earned,,covered anyway (miss +14.5 inside the edge),-6.107,7.108,,5.0,0.0,-25.239,0.0,0.0,13.0,0.0,0.0,0.0,0.0,0.0,0.0,0.0,0.0,1.0,1.0,0.0,0.0,-0.865,0.388,6.0,10.0,0.0,6.0,10.0,0.0,0.0,0.0,1.0,1.0,8.0,9.4,59.0,52.8,archive,1.4,0.0,-0.016,52.0,50.0,4.0,1.0,-4.006,0.0,0.0,0.0,141.0,126.793,14.207,False,10.5,-4.43,-4.43,0.605,1.481,-1.462,False,1,0.0,14,7,-0.005,0.032,True
2021_12_NYJ_HOU,spread,2019-22,2021,12,HOU,NYJ,HOU -3,3.0,44.5,8.875,46.82,5.875,0.688,0.442,14.0,21.0,-7.0,35.0,False,False,-1.1,-10.0,-15.875,-3.335,-1.466,-11.074,-2.355,-0.003,0.011,-0.989,0.002,0.0,-0.009,0.326,-0.135,-1.65,knowable,,opp_qb_out,"outplayed, no luck (residual -11.1)",0.649,-1.697,knowable,1.0,1.0,-8.225,-3.523,7.0,3.0,0.0,0.0,0.0,0.0,0.0,0.0,1.0,1.0,0.0,0.0,0.0,0.0,-3.214,-3.428,0.0,0.0,0.0,0.0,0.0,0.0,0.0,0.0,1.0,1.0,,6.0,,56.0,pbp_text,0.0,0.0,-0.807,32.0,40.0,2.0,2.0,-4.924,0.0,0.0,0.0,117.0,126.842,-9.842,True,-3.0,0.685,1.615,4.26,0.22,5.88,False,0,1.0,7,7,-0.015,0.021,True
2021_12_LA_GB,spread,2019-22,2021,12,GB,LA,GB +2,-2.0,47.0,4.242,46.339,6.242,0.671,0.533,36.0,28.0,8.0,64.0,True,False,1.0,10.0,3.758,-2.657,2.591,3.824,7.004,-0.003,-1.393,-8.265,0.002,0.0,-0.009,-0.239,-0.03,2.867,,earned,,covered anyway; garbage time (-8.3),-9.356,-3.748,,1.0,3.0,-4.002,-17.915,17.0,3.0,1.0,0.0,0.0,0.0,0.0,0.0,1.0,0.0,0.0,0.0,0.0,0.0,-2.604,0.975,3.0,11.0,3.0,0.0,0.0,11.0,0.0,0.0,1.0,0.976,14.0,12.6,37.0,36.9,archive,-1.4,0.0,-0.019,32.0,30.0,2.0,1.0,8.297,0.0,0.0,0.0,139.0,124.5,14.5,True,2.0,0.235,0.235,6.007,0.795,8.153,False,0,0.0,7,13,0.052,-0.015,True
2021_13_TB_ATL,spread,2019-22,2021,13,ATL,TB,ATL +11,-11.0,51.0,-6.997,50.07,4.003,0.637,0.538,17.0,30.0,-13.0,47.0,False,False,-1.1,-2.0,-6.003,-1.147,-1.282,-3.574,2.376,-0.003,0.198,-3.717,0.002,0.0,-0.009,0.217,-0.289,-1.203,in-game events,,,garbage time (-3.7),0.649,3.219,variance,1.0,1.0,-2.267,-6.973,7.0,0.0,1.0,0.0,0.0,0.0,0.0,0.0,0.0,0.0,0.0,1.0,0.0,0.0,0.184,-0.532,0.0,3.0,0.0,0.0,3.0,0.0,0.0,0.0,1.0,1.0,,,,72.0,pbp_text,0.0,0.0,-1.963,39.0,15.0,0.0,1.0,-3.616,0.0,0.0,0.0,136.0,127.601,8.399,True,11.0,0.183,0.183,3.82,1.59,0.138,False,1,1.0,7,7,-0.015,0.016,True
2021_13_PHI_NYJ,spread,2019-22,2021,13,NYJ,PHI,PHI -5,-5.0,44.0,-9.251,44.556,4.251,0.39,0.495,18.0,33.0,-15.0,51.0,True,False,1.0,10.0,5.749,6.684,1.175,-2.11,1.234,0.003,1.729,3.717,-0.002,-0.0,0.009,0.13,0.604,0.433,,earned,,covered anyway (miss +5.7 inside the edge),-0.649,2.317,,1.0,0.0,-2.474,0.0,0.0,3.0,0.0,0.0,0.0,0.0,0.0,0.0,0.0,0.0,2.0,0.0,0.0,0.0,-1.865,2.622,0.0,3.0,0.0,0.0,3.0,0.0,0.0,0.0,1.0,1.0,0.0,1.7,45.0,45.0,archive,1.7,0.0,-4.333,66.0,20.0,3.0,1.0,-1.364,0.0,0.0,0.0,124.0,127.674,-3.674,False,-5.0,-0.412,-0.412,3.839,0.617,-5.761,False,0,0.0,7,7,-0.005,0.01,True
2021_14_SF_CIN,spread,2019-22,2021,14,CIN,SF,CIN +2.5,-2.5,49.0,1.786,48.933,4.286,0.612,0.511,23.0,26.0,-3.0,49.0,False,False,-1.1,-0.5,-4.786,-2.804,1.244,-3.226,-4.382,-0.003,-0.159,1.74,0.002,0.0,-0.603,-0.071,0.401,1.515,luck,,,turnovers 2-0 (-4.4),6.107,1.563,variance,2.0,0.0,-8.734,0.0,0.0,10.0,0.0,0.0,0.0,0.0,0.0,0.0,1.0,1.0,0.0,0.0,0.0,0.0,-1.926,-1.679,6.0,3.0,0.0,6.0,3.0,0.0,0.0,0.0,1.0,1.0,9.0,9.0,48.0,47.1,archive,0.0,0.0,3.22,19.0,40.0,1.0,0.0,4.34,1.0,3.0,6.0,133.0,123.154,9.846,True,2.5,1.953,1.953,2.333,0.771,2.473,False,0,0.0,7,7,-0.021,0.002,True
2021_16_TB_CAR,spread,2019-22,2021,16,CAR,TB,CAR +11.5,-11.5,44.5,-7.162,42.956,4.338,0.638,0.555,6.0,32.0,-26.0,38.0,False,False,-1.1,-14.5,-18.838,-16.119,-1.911,-0.808,-2.289,-0.003,-1.013,-12.813,0.002,0.0,-0.009,0.041,0.151,-2.095,luck,,side_dead,garbage time (-12.8),0.649,-2.656,knowable,1.0,0.0,-4.572,0.0,0.0,3.0,0.0,0.0,0.0,0.0,0.0,0.0,0.0,0.0,0.0,0.0,0.0,0.0,0.216,2.769,0.0,13.0,0.0,0.0,13.0,0.0,0.0,0.0,0.638,0.97,8.0,3.2,73.0,70.3,archive,-4.8,0.0,1.34,32.0,50.0,2.0,0.0,-6.228,0.0,0.0,0.0,130.0,128.379,1.621,True,11.5,2.577,2.577,1.761,0.878,2.319,False,1,0.0,7,7,-0.06,0.016,True
2021_16_JAX_NYJ,spread,2019-22,2021,16,NYJ,JAX,JAX +2.5,2.5,42.5,-2.1,43.146,4.6,0.397,0.491,26.0,21.0,5.0,47.0,False,False,-1.1,-2.5,-7.1,-8.422,0.978,0.344,-3.829,-3.465,0.612,-1.74,-0.002,-0.0,0.009,-0.035,0.773,0.232,luck,,side_dead,turnovers 1-0 (-3.8); return TD (-3.5),-0.649,-7.331,luck,0.0,1.0,0.0,-7.596,0.0,0.0,0.0,0.0,1.0,0.0,0.0,0.0,0.0,0.0,1.0,0.0,1.0,0.0,0.134,1.604,3.0,0.0,3.0,0.0,0.0,0.0,0.0,0.0,1.0,1.0,0.0,12.5,47.0,45.9,archive,12.5,0.0,-5.599,81.0,10.0,5.0,3.0,-0.776,0.0,0.0,0.0,130.0,125.35,4.65,False,2.5,-1.826,-1.826,2.774,0.673,-6.204,False,0,0.0,7,7,-0.004,0.012,True
2021_17_HOU_SF,spread,2019-22,2021,17,SF,HOU,HOU +14,14.0,44.0,7.046,40.097,6.954,0.282,0.632,23.0,7.0,16.0,30.0,False,False,-1.1,-2.0,-8.954,-6.728,2.364,-4.59,-0.764,0.003,-1.499,-4.469,-0.002,-0.0,0.009,0.013,0.727,1.617,luck,,opp_qb_out,garbage time (-4.5),-0.649,-2.909,luck,1.0,1.0,-3.002,-4.502,7.0,7.0,0.0,0.0,0.0,0.0,0.0,0.0,0.0,1.0,0.0,0.0,0.0,0.0,0.906,-3.325,6.0,0.0,6.0,0.0,0.0,0.0,0.0,0.0,1.0,1.0,6.0,7.4,50.0,57.2,archive,1.4,0.0,-5.257,111.0,67.0,2.0,1.0,-4.827,0.0,0.0,0.0,123.0,122.615,0.385,False,14.0,-0.497,-1.52,5.435,1.628,-10.83,False,0,0.0,7,10,-0.013,0.017,True
2022_01_SF_CHI,spread,2019-22,2022,1,CHI,SF,CHI +6.5,-6.5,38.0,-1.777,36.76,4.723,0.665,0.547,19.0,10.0,9.0,29.0,True,False,1.0,15.5,10.777,1.799,2.04,6.938,3.576,-0.003,-0.785,-0.989,0.002,0.0,-0.009,-0.012,0.471,1.588,,earned,,covered anyway (miss +10.8 inside the edge),0.649,3.437,,1.0,2.0,-3.37,-10.463,6.0,0.0,0.0,0.0,0.0,0.0,0.0,0.0,0.0,0.0,2.0,0.0,0.0,0.0,-1.797,0.139,0.0,0.0,0.0,0.0,0.0,0.0,0.0,0.0,1.0,1.0,,5.8,,68.5,archive,-1.2,0.0,3.745,24.0,99.0,0.0,2.0,4.554,0.0,0.0,0.0,120.0,121.334,-1.334,True,6.5,1.327,1.327,3.396,1.179,1.917,False,0,0.0,7,7,-0.022,-0.001,True
2022_01_TB_DAL,spread,2019-22,2022,1,DAL,TB,DAL +2.5,-2.5,49.5,1.54,50.716,4.04,0.601,0.477,3.0,19.0,-16.0,22.0,False,False,-1.1,-13.5,-17.54,-6.26,-1.004,-10.277,-0.023,-0.003,1.122,-7.356,0.002,0.0,-0.009,0.038,-0.35,-0.685,variance,,,garbage time (-7.4); and outplayed (-10.3),0.649,1.745,variance,1.0,1.0,-4.482,-4.417,0.0,3.0,0.0,0.0,0.0,0.0,0.0,0.0,0.0,1.0,0.0,0.0,0.0,0.0,1.482,-1.731,0.0,7.0,0.0,0.0,7.0,0.0,0.0,0.0,0.681,1.0,,,,,none,0.0,0.0,-2.421,73.0,25.0,5.0,0.0,-2.101,0.0,0.0,0.0,123.0,130.234,-7.234,True,2.5,-0.717,-0.717,4.757,0.341,4.744,True,0,1.0,7,7,-0.003,0.008,True
2022_01_DEN_SEA,spread,2019-22,2022,1,SEA,DEN,SEA +6,-6.0,44.0,0.112,44.819,6.112,0.704,0.487,17.0,16.0,1.0,33.0,True,False,1.0,7.0,0.888,2.2,0.422,-1.734,2.436,-0.003,0.756,-0.989,0.002,0.0,-0.009,0.003,0.017,0.409,,earned,,covered anyway (miss +0.9 inside the edge),0.649,3.838,,1.0,2.0,-6.566,-11.392,0.0,0.0,0.0,0.0,0.0,0.0,0.0,0.0,0.0,1.0,0.0,0.0,0.0,0.0,1.735,-0.488,0.0,0.0,0.0,0.0,0.0,0.0,0.0,0.0,1.0,1.0,,2.3,,72.4,archive,-4.7,0.0,0.337,77.0,106.0,1.0,1.0,1.101,0.0,0.0,0.0,110.0,122.806,-12.806,True,6.0,1.114,1.114,4.998,0.511,5.442,True,0,0.0,7,7,0.019,-0.001,True
2022_02_SEA_SF,spread,2019-22,2022,2,SF,SEA,SEA +8.5,8.5,40.0,1.804,43.839,6.696,0.267,0.399,27.0,7.0,20.0,34.0,False,False,-1.1,-11.5,-18.196,-19.228,1.06,-0.028,-6.532,0.003,3.594,-16.293,3.005,-0.0,0.009,-0.028,-0.916,-1.01,luck,,,garbage time (-16.3); turnovers 3-0 (-6.5),5.718,2.783,variance,0.0,3.0,0.0,-12.973,13.0,0.0,0.0,0.0,0.0,0.0,0.0,0.0,1.0,0.0,0.0,0.0,1.0,0.0,-9.454,0.068,26.0,7.0,26.0,0.0,0.0,7.0,0.0,0.0,0.194,0.971,,16.9,,69.8,archive,9.9,0.0,7.094,26.0,106.0,3.0,0.0,2.86,0.0,0.0,0.0,117.0,121.395,-4.395,False,8.5,-0.805,-0.805,5.891,0.754,-8.035,False,1,0.0,6,7,0.022,-0.007,True
2022_02_HOU_DEN,spread,2019-22,2022,2,DEN,HOU,HOU +10.5,10.5,46.0,6.489,44.013,4.011,0.342,0.57,16.0,9.0,7.0,25.0,True,False,1.0,3.5,-0.511,2.415,-1.536,-1.39,1.399,0.003,0.024,0.989,-0.002,-0.0,0.009,-0.027,0.045,-1.561,,earned,,covered anyway (miss -0.5 inside the edge),-0.649,0.777,,1.0,0.0,-2.802,0.0,0.0,3.0,0.0,0.0,0.0,0.0,0.0,0.0,0.0,0.0,0.0,0.0,0.0,0.0,1.752,1.635,0.0,0.0,0.0,0.0,0.0,0.0,0.0,0.0,1.0,1.0,,6.1,,83.2,archive,-0.9,0.0,-0.131,100.0,94.0,1.0,3.0,4.473,0.0,0.0,0.0,122.0,123.2,-1.2,False,10.5,-1.081,-1.081,2.93,0.67,-5.468,False,0,0.0,7,6,-0.02,0.003,True
2022_02_ARI_LV,spread,2019-22,2022,2,LV,ARI,ARI +5.5,5.5,51.5,-1.331,50.322,6.831,0.296,0.545,23.0,29.0,-6.0,52.0,True,False,1.0,11.5,4.669,10.449,1.976,-7.756,2.61,0.003,-0.43,8.265,-0.002,-0.0,1.197,-0.079,0.235,0.626,,earned,,covered anyway (miss +4.7 inside the edge),18.451,20.635,,1.0,1.0,-8.913,-3.703,3.0,7.0,0.0,1.0,0.0,0.0,0.0,0.0,0.0,0.0,0.0,0.0,0.0,0.0,1.394,0.051,13.0,21.0,13.0,0.0,0.0,21.0,0.0,0.0,1.0,1.0,,12.0,,90.0,pbp_text,0.0,0.0,-1.558,68.0,120.0,0.0,5.0,-1.927,1.0,0.0,6.0,141.0,124.927,16.073,False,5.5,-0.043,-0.043,6.788,0.548,-5.541,False,0,1.0,7,7,0.017,0.002,True
2022_03_PIT_CLE,spread,2019-22,2022,3,CLE,PIT,PIT +4.5,4.5,38.0,-0.854,43.829,5.354,0.329,0.347,29.0,17.0,12.0,46.0,False,False,-1.1,-7.5,-12.854,-0.727,-1.587,-10.54,-3.497,0.003,-0.951,3.717,-0.002,-0.0,0.009,0.008,0.04,-1.642,variance,,,turnovers 1-0 (-3.5); and outplayed (-10.5),2.079,-2.365,variance,0.0,1.0,0.0,-6.936,7.0,0.0,1.0,0.0,0.0,0.0,0.0,0.0,0.0,1.0,1.0,0.0,0.0,0.0,-0.484,-3.234,0.0,3.0,0.0,0.0,0.0,3.0,0.0,0.0,1.0,1.0,,18.2,,59.5,archive,11.2,0.0,-0.089,24.0,25.0,4.0,0.0,4.71,0.0,0.0,0.0,126.0,127.7,-1.7,False,4.5,-1.328,-1.328,4.026,0.471,-6.081,True,1,0.0,4,4,-0.029,0.02,True
2022_03_BAL_NE,spread,2019-22,2022,3,NE,BAL,NE +2.5,-2.5,45.5,3.751,47.547,6.251,0.664,0.453,26.0,37.0,-11.0,63.0,False,False,-1.1,-8.5,-14.751,-8.673,-0.543,-5.535,-2.041,-0.003,-0.182,-6.446,0.002,0.0,-0.009,0.048,-0.154,-0.43,luck,,,garbage time (-6.4),0.649,-1.577,variance,4.0,2.0,-11.578,-7.499,7.0,9.0,0.0,0.0,0.0,0.0,0.0,0.0,0.0,0.0,0.0,1.0,0.0,0.0,1.462,1.771,0.0,6.0,0.0,0.0,6.0,0.0,0.0,0.0,1.0,1.0,,10.8,,66.9,archive,3.8,0.0,-0.951,16.0,10.0,2.0,0.0,-1.353,0.0,0.0,0.0,120.0,123.515,-3.515,True,2.5,0.416,0.416,5.835,0.295,6.379,False,0,0.0,7,7,0.018,0.041,True
2022_03_LV_TEN,spread,2019-22,2022,3,TEN,LV,TEN +1.5,-1.5,45.5,4.73,48.445,6.23,0.665,0.419,24.0,22.0,2.0,46.0,True,False,1.0,3.5,-2.73,-10.857,-5.011,13.137,0.938,-0.003,0.112,-11.904,0.002,0.0,-0.009,0.099,-0.613,-4.489,,earned,,covered anyway; garbage time (-11.9); fourth downs (-4.5),-10.265,-9.219,,1.0,1.0,-3.476,-5.324,0.0,0.0,0.0,0.0,0.0,0.0,0.0,0.0,0.0,0.0,0.0,0.0,0.0,0.0,1.097,0.613,0.0,12.0,0.0,0.0,0.0,12.0,0.0,0.0,1.0,0.98,,14.7,,71.3,archive,7.7,0.0,-4.399,85.0,44.0,1.0,3.0,-13.236,0.0,0.0,0.0,119.0,124.601,-5.601,True,1.5,0.239,0.239,5.991,0.386,5.467,False,0,0.0,6,7,-0.01,-0.001,True
2022_03_DAL_NYG,spread,2019-22,2022,3,NYG,DAL,DAL +1,1.0,38.5,-4.426,39.722,5.426,0.357,0.479,16.0,23.0,-7.0,39.0,True,False,1.0,8.0,2.574,1.59,0.688,0.296,1.005,0.003,-0.407,0.989,-0.002,-0.0,0.009,0.013,-0.564,1.232,,earned,,covered anyway (miss +2.6 inside the edge),-3.378,-2.777,,1.0,0.0,-2.018,0.0,0.0,0.0,0.0,0.0,0.0,0.0,0.0,0.0,1.0,1.0,0.0,0.0,1.0,0.0,1.338,0.057,3.0,3.0,0.0,3.0,3.0,0.0,0.0,0.0,1.0,1.0,,5.1,,64.3,archive,-1.9,0.0,4.444,57.0,70.0,1.0,1.0,-3.701,0.0,0.0,0.0,126.0,126.602,-0.602,False,1.0,-0.503,-0.503,4.923,2.068,-10.447,True,1,0.0,8,8,-0.011,-0.047,True
2022_04_NYJ_PIT,spread,2019-22,2022,4,PIT,NYJ,PIT -3,3.0,41.0,8.24,45.334,5.24,0.667,0.385,20.0,24.0,-4.0,44.0,False,False,-1.1,-7.0,-12.24,-7.897,-3.527,-0.816,-1.55,-0.003,1.012,-7.356,-3.005,0.0,-0.009,0.081,0.162,-0.756,luck,,,garbage time (-7.4); QB lost in game (47% of dropbacks) (-3.0),0.649,0.109,variance,4.0,2.0,-11.926,-8.824,10.0,16.0,0.0,0.0,0.0,0.0,0.0,0.0,0.0,0.0,0.0,0.0,0.0,0.0,3.604,0.689,0.0,7.0,0.0,0.0,7.0,0.0,0.0,0.0,0.472,0.975,,11.9,,60.2,archive,4.9,0.0,1.424,55.0,64.0,1.0,1.0,-2.309,0.0,0.0,0.0,127.0,129.772,-2.772,True,-3.0,0.249,0.249,4.991,0.847,3.339,False,0,0.0,10,7,-0.024,0.015,True
2022_04_DEN_LV,spread,2019-22,2022,4,LV,DEN,DEN +2.5,2.5,45.5,-1.935,45.28,4.435,0.4,0.516,32.0,23.0,9.0,55.0,False,False,-1.1,-6.5,-10.935,-10.592,-0.784,0.441,-5.076,0.003,-0.141,-5.378,-0.002,-0.0,0.009,0.023,-0.514,-0.3,luck,,,garbage time (-5.4); turnovers 1-0 (-5.1),-0.649,-5.863,in-game events,0.0,1.0,0.0,-10.076,7.0,0.0,1.0,0.0,0.0,0.0,0.0,0.0,0.0,0.0,1.0,1.0,0.0,0.0,-0.22,-0.784,7.0,0.0,7.0,0.0,0.0,0.0,0.0,0.0,1.0,1.0,,8.0,,93.0,pbp_text,0.0,0.0,4.073,25.0,50.0,0.0,2.0,0.783,0.0,0.0,0.0,120.0,122.698,-2.698,False,2.5,-0.516,-0.516,3.919,1.218,-7.364,False,1,1.0,7,7,-0.024,0.012,True
2022_05_NYG_GB,spread,2019-22,2022,5,GB,NYG,GB -8.5,8.5,42.0,13.024,43.773,4.524,0.597,0.462,22.0,27.0,-5.0,49.0,False,False,-1.1,-13.5,-18.024,2.555,0.319,-20.898,0.01,-0.003,-0.1,2.65,0.002,0.0,-0.009,0.282,0.632,-0.587,variance,,,"outplayed, no luck (residual -20.9)",4.288,4.194,variance,0.0,0.0,0.0,0.0,0.0,0.0,0.0,0.0,0.0,0.0,0.0,0.0,0.0,0.0,0.0,0.0,0.0,0.0,2.077,2.165,4.0,0.0,0.0,4.0,0.0,0.0,0.0,0.0,1.0,1.0,,4.3,,42.1,archive,-2.7,0.0,4.958,37.0,63.0,1.0,1.0,-1.814,0.0,0.0,0.0,117.0,122.601,-5.601,True,-8.5,1.415,1.415,3.108,0.353,4.88,False,0,0.0,7,7,0.016,-0.033,True
2022_05_PIT_BUF,spread,2019-22,2022,5,BUF,PIT,PIT +14,14.0,44.0,9.953,45.859,4.047,0.369,0.46,38.0,3.0,35.0,41.0,False,False,-1.1,-21.0,-25.047,-16.701,-2.677,-5.67,2.959,0.003,-1.551,-18.112,-0.002,-0.0,0.009,-0.173,0.046,-2.556,variance,,,garbage time (-18.1),-0.649,0.762,variance,2.0,2.0,-12.554,-6.65,0.0,0.0,0.0,0.0,0.0,0.0,0.0,0.0,1.0,2.0,0.0,0.0,1.0,0.0,-2.352,-6.723,21.0,0.0,21.0,0.0,0.0,0.0,0.0,0.0,0.875,1.0,,20.4,,55.2,archive,13.4,0.0,-0.136,28.0,54.0,0.0,3.0,7.386,0.0,0.0,0.0,123.0,127.729,-4.729,False,14.0,-1.355,-1.355,2.693,0.641,-4.934,False,0,0.0,7,7,-0.026,0.023,True
2022_05_MIA_NYJ,spread,2019-22,2022,5,NYJ,MIA,MIA -3,-3.0,46.0,-7.39,44.678,4.39,0.367,0.549,40.0,17.0,23.0,57.0,False,False,-1.1,-26.0,-30.39,-17.941,-3.141,-9.308,-5.222,0.003,-0.978,-11.745,-3.009,-0.0,0.009,0.304,0.5,-0.944,variance,,,garbage time (-11.7); turnovers 2-0 (-5.2); and outplayed (-9.3),-0.649,-6.845,variance,0.0,2.0,0.0,-10.367,14.0,0.0,0.0,0.0,0.0,0.0,0.0,0.0,0.0,1.0,0.0,0.0,0.0,0.0,0.679,-2.143,14.0,0.0,14.0,0.0,0.0,0.0,0.0,0.0,1.0,0.028,,11.6,,59.8,archive,4.6,0.0,-3.547,105.0,102.0,1.0,2.0,2.669,0.0,0.0,0.0,115.0,125.72,-10.72,False,-3.0,-0.108,-0.108,4.282,0.512,-5.607,False,1,0.0,10,7,0.004,0.013,True
2022_05_DAL_LA,spread,2019-22,2022,5,LA,DAL,DAL +5.5,5.5,42.0,1.144,43.998,4.356,0.36,0.455,10.0,22.0,-12.0,32.0,True,False,1.0,17.5,13.144,17.656,-1.131,-3.38,7.503,0.003,3.703,6.446,-0.002,-0.0,0.009,-0.046,-0.165,-0.926,,luck,,covered anyway (miss +13.1 inside the edge),-0.649,10.56,,3.0,0.0,-14.943,0.0,0.0,7.0,0.0,1.0,0.0,0.0,0.0,0.0,1.0,0.0,0.0,0.0,1.0,0.0,-8.603,1.212,0.0,6.0,0.0,0.0,6.0,0.0,0.0,0.0,0.94,1.0,,8.0,,74.0,pbp_text,0.0,0.0,1.452,25.0,42.0,1.0,0.0,2.616,0.0,0.0,0.0,115.0,126.364,-11.364,False,5.5,-0.532,-0.532,3.824,0.345,-3.703,False,0,1.0,7,6,-0.019,-0.008,True
2022_05_CIN_BAL,spread,2019-22,2022,5,BAL,CIN,CIN +3,3.0,47.5,-2.225,49.495,5.225,0.34,0.456,19.0,17.0,2.0,36.0,True,False,1.0,1.0,-4.225,-4.235,0.561,-0.55,-1.131,0.003,-1.368,-1.74,-0.002,-0.0,0.009,0.071,0.667,-0.184,,earned,,covered anyway (miss -4.2 inside the edge),-0.649,-3.145,,1.0,1.0,-2.934,-5.164,3.0,7.0,0.0,0.0,0.0,0.0,0.0,0.0,0.0,0.0,0.0,0.0,0.0,0.0,4.466,0.59,3.0,0.0,3.0,0.0,0.0,0.0,0.0,0.0,1.0,0.976,,4.3,,51.6,archive,-2.7,0.0,-4.801,48.0,20.0,1.0,1.0,0.442,0.0,0.0,0.0,119.0,127.169,-8.169,False,3.0,-1.244,-1.244,3.98,0.725,-3.565,True,1,0.0,10,7,-0.007,0.041,True
2022_07_TB_CAR,spread,2019-22,2022,7,CAR,TB,CAR +13,-13.0,39.5,-8.794,40.609,4.206,0.62,0.484,21.0,3.0,18.0,24.0,True,False,1.0,31.0,26.794,3.538,1.635,21.62,0.01,-0.003,-0.027,3.559,0.002,0.0,-0.009,-0.327,0.389,1.58,,earned,,covered anyway (miss +26.8 inside the edge),-2.079,-2.1,,0.0,0.0,0.0,0.0,0.0,0.0,0.0,0.0,0.0,0.0,0.0,0.0,0.0,0.0,0.0,0.0,0.0,0.0,0.203,0.093,8.0,3.0,8.0,0.0,0.0,3.0,0.0,0.0,1.0,1.0,,4.5,,68.1,archive,-2.5,0.0,3.131,15.0,30.0,0.0,3.0,4.529,0.0,0.0,0.0,116.0,125.694,-9.694,True,13.0,0.414,0.414,3.792,0.465,5.073,False,1,0.0,7,7,-0.063,-0.009,True
2022_07_NYJ_DEN,spread,2019-22,2022,7,DEN,NYJ,DEN +2,-2.0,37.0,2.719,37.968,4.719,0.625,0.488,9.0,16.0,-7.0,25.0,False,False,-1.1,-5.0,-9.719,-5.703,0.208,-4.225,-2.904,-0.003,-1.806,-0.989,0.002,0.0,-0.009,-0.027,0.601,-0.359,luck,,,nothing stands out: ordinary miss (residual -4.2),0.649,-4.065,variance,1.0,0.0,-5.796,0.0,0.0,3.0,0.0,0.0,0.0,0.0,0.0,0.0,1.0,0.0,1.0,0.0,0.0,0.0,-2.983,1.712,0.0,0.0,0.0,0.0,0.0,0.0,0.0,0.0,1.0,1.0,,19.4,,65.8,archive,12.4,0.0,4.727,34.0,85.0,3.0,0.0,-1.146,0.0,0.0,0.0,127.0,124.67,2.33,True,2.0,-0.306,-0.306,5.025,0.781,2.923,False,0,0.0,6,7,-0.054,-0.006,True
2022_08_SF_LA,spread,2019-22,2022,8,LA,SF,LA +1,-1.0,42.0,5.195,45.776,6.195,0.671,0.4,14.0,31.0,-17.0,45.0,False,False,-1.1,-16.0,-22.195,-7.496,0.584,-15.283,0.01,-0.003,-0.147,-7.356,0.002,0.0,-0.009,0.292,0.267,0.033,variance,,,garbage time (-7.4); and outplayed (-15.3),0.649,0.509,variance,0.0,0.0,0.0,0.0,0.0,0.0,0.0,0.0,0.0,0.0,0.0,0.0,0.0,0.0,0.0,0.0,0.0,0.0,0.102,0.316,0.0,7.0,0.0,0.0,7.0,0.0,0.0,0.0,1.0,0.604,,4.0,,75.0,pbp_text,0.0,0.0,2.212,50.0,8.0,0.0,0.0,0.0,0.0,0.0,0.0,107.0,121.428,-14.428,True,1.0,3.003,3.003,3.192,1.131,3.468,False,1,1.0,14,7,-0.033,-0.003,True
2022_09_PHI_HOU,spread,2019-22,2022,9,HOU,PHI,HOU +14,-14.0,45.5,-8.167,45.79,5.833,0.675,0.507,17.0,29.0,-12.0,46.0,True,False,1.0,2.0,-3.833,-1.684,-1.527,-0.623,-1.398,-0.003,0.706,-0.989,0.002,0.0,-0.009,-0.236,0.01,-1.294,,earned,,covered anyway (miss -3.8 inside the edge),0.649,-0.046,,2.0,1.0,-8.98,-6.181,0.0,7.0,0.0,0.0,0.0,0.0,0.0,0.0,0.0,1.0,0.0,0.0,0.0,0.0,0.332,-1.757,0.0,0.0,0.0,0.0,0.0,0.0,0.0,0.0,1.0,1.0,,15.0,,78.0,pbp_text,0.0,0.0,0.286,24.0,31.0,0.0,2.0,-3.882,0.0,0.0,0.0,118.0,125.507,-7.507,True,14.0,-0.183,-0.183,6.016,1.101,3.173,True,0,1.0,4,4,-0.018,0.025,True
2022_09_LAC_ATL,spread,2019-22,2022,9,ATL,LAC,ATL +2.5,-2.5,49.5,2.733,50.694,5.233,0.635,0.481,17.0,20.0,-3.0,37.0,False,False,-1.1,-0.5,-5.733,-3.995,-0.914,-0.824,-1.492,-0.003,-1.511,-0.989,0.002,0.0,-0.009,-0.006,0.153,-1.054,luck,,,nothing stands out: ordinary miss (residual -0.8),0.649,-2.357,luck,1.0,2.0,-8.146,-5.16,7.0,3.0,0.0,0.0,0.0,0.0,0.0,0.0,1.0,0.0,0.0,0.0,0.0,0.0,-3.243,0.654,0.0,0.0,0.0,0.0,0.0,0.0,0.0,0.0,1.0,1.0,,5.5,,77.7,archive,-1.5,0.0,1.36,15.0,45.0,0.0,1.0,-3.18,0.0,0.0,0.0,127.0,126.68,0.32,True,2.5,2.689,2.689,2.544,0.455,5.187,False,0,0.0,7,14,0.038,0.019,True
2022_10_IND_LV,spread,2019-22,2022,10,LV,IND,IND +4.5,4.5,41.0,-0.244,46.205,4.744,0.344,0.366,20.0,25.0,-5.0,45.0,True,False,1.0,9.5,4.756,-1.647,1.543,4.859,-1.92,0.003,-0.719,0.989,-0.002,-0.0,0.009,0.003,0.175,1.358,,earned,,covered anyway (miss +4.8 inside the edge),-0.649,-3.285,,0.0,1.0,0.0,-3.799,7.0,0.0,0.0,0.0,0.0,0.0,0.0,0.0,0.0,1.0,0.0,0.0,0.0,0.0,0.102,-2.022,0.0,0.0,0.0,0.0,0.0,0.0,0.0,0.0,1.0,1.0,,18.0,,57.0,pbp_text,0.0,0.0,-1.109,74.0,25.0,3.0,0.0,-4.069,0.0,0.0,0.0,124.0,124.809,-0.809,False,4.5,-1.335,-1.335,3.41,0.208,-5.197,False,0,1.0,7,7,-0.06,0.028,True
2022_11_NYJ_NE,spread,2019-22,2022,11,NE,NYJ,NE -3.5,3.5,38.5,8.461,41.61,4.961,0.622,0.417,10.0,3.0,7.0,13.0,True,False,1.0,3.5,-1.461,6.884,-1.218,-7.127,0.01,4.372,-2.875,5.378,0.002,0.0,-0.009,0.517,-0.741,-0.987,,luck,,covered anyway (miss -1.5 inside the edge),0.649,2.155,,0.0,0.0,0.0,0.0,0.0,0.0,0.0,0.0,1.0,0.0,0.0,0.0,2.0,0.0,0.0,0.0,0.0,0.0,-6.489,1.092,7.0,0.0,7.0,0.0,0.0,0.0,0.0,0.0,1.0,1.0,2.0,17.3,42.0,36.1,archive,15.3,0.0,-5.359,55.0,15.0,1.0,0.0,-2.984,0.0,0.0,0.0,108.0,123.938,-15.938,True,-3.5,0.742,0.742,4.219,1.379,8.298,False,1,0.0,14,14,-0.047,-0.022,True
2022_11_SF_ARI,spread,2019-22,2022,11,ARI,SF,ARI +10,-10.0,43.5,-4.106,42.915,5.894,0.703,0.53,10.0,38.0,-28.0,48.0,False,False,-1.1,-18.0,-23.894,-17.938,-1.433,-4.523,-4.102,-0.003,-0.11,-13.723,0.002,0.0,-0.009,0.014,0.082,-1.522,in-game events,,,garbage time (-13.7); turnovers 2-0 (-4.1),0.649,-3.566,variance,2.0,0.0,-8.177,0.0,0.0,7.0,0.0,0.0,0.0,0.0,0.0,0.0,0.0,0.0,0.0,0.0,0.0,0.0,0.694,0.81,0.0,14.0,0.0,0.0,14.0,0.0,0.0,0.0,0.784,1.0,,4.9,,65.2,archive,-2.1,0.0,0.826,50.0,30.0,2.0,0.0,-4.551,0.0,0.0,0.0,126.0,124.957,1.043,True,10.0,-0.756,-0.756,6.65,0.248,6.225,True,1,0.0,8,8,-0.011,-0.0,True
2022_12_HOU_MIA,spread,2019-22,2022,12,MIA,HOU,HOU +14,14.0,47.0,8.91,48.038,5.09,0.336,0.486,30.0,15.0,15.0,45.0,False,False,-1.1,-1.0,-6.09,-3.568,0.002,-2.523,-4.953,0.003,-0.517,1.898,-0.002,-0.0,0.009,0.198,-0.029,-0.175,luck,,side_dead,turnovers 3-1 (-5.0),12.994,7.528,knowable,1.0,3.0,-5.275,-15.107,14.0,6.0,1.0,0.0,0.0,0.0,0.0,0.0,0.0,0.0,0.0,0.0,0.0,0.0,1.699,0.12,14.0,15.0,14.0,0.0,0.0,15.0,0.0,0.0,0.812,1.0,13.0,7.9,84.0,83.5,archive,-5.1,0.0,0.423,35.0,45.0,1.0,1.0,0.416,0.0,0.0,0.0,128.0,122.382,5.618,False,14.0,-1.094,-1.094,3.995,1.125,-7.791,False,0,0.0,7,14,-0.022,0.032,True
2022_13_PIT_ATL,spread,2019-22,2022,13,ATL,PIT,ATL +1,-1.0,43.0,4.783,48.163,5.783,0.66,0.365,16.0,19.0,-3.0,35.0,False,False,-1.1,-2.0,-7.783,-3.785,0.796,-4.795,-2.579,-0.003,-0.213,-0.989,0.002,0.0,-0.009,0.157,0.079,0.567,luck,,,nothing stands out: ordinary miss (residual -4.8),0.649,-2.147,luck,1.0,0.0,-5.149,0.0,0.0,0.0,0.0,0.0,0.0,0.0,0.0,0.0,0.0,0.0,0.0,0.0,0.0,0.0,3.119,3.513,0.0,0.0,0.0,0.0,0.0,0.0,0.0,0.0,1.0,1.0,,5.0,,59.0,pbp_text,0.0,0.0,0.803,48.0,30.0,1.0,0.0,1.566,0.0,0.0,0.0,117.0,125.78,-8.78,True,1.0,-0.287,-0.287,6.07,0.429,5.069,False,0,1.0,7,6,0.035,-0.007,True
2022_13_NO_TB,spread,2019-22,2022,13,TB,NO,TB -3.5,3.5,41.0,7.652,44.754,4.152,0.599,0.402,17.0,16.0,1.0,33.0,False,False,-1.1,-2.5,-6.652,-1.858,0.277,-5.071,-3.371,-0.003,-0.223,1.74,0.002,0.0,-0.009,-0.111,0.362,0.033,variance,,,turnovers 2-0 (-3.4),6.107,2.509,variance,2.0,0.0,-6.724,0.0,0.0,6.0,0.0,0.0,0.0,0.0,0.0,0.0,0.0,0.0,0.0,0.0,0.0,0.0,0.174,0.595,6.0,3.0,0.0,6.0,3.0,0.0,0.0,0.0,1.0,0.886,2.0,4.3,69.0,70.5,archive,2.3,0.0,2.927,39.0,84.0,0.0,0.0,0.0,0.0,0.0,0.0,130.0,126.268,3.732,True,-3.5,0.424,0.424,3.729,0.575,2.806,True,1,0.0,8,8,-0.009,-0.045,True
2022_14_LV_LA,spread,2019-22,2022,14,LA,LV,LA +6.5,-6.5,42.5,-2.05,48.486,4.45,0.661,0.339,17.0,16.0,1.0,33.0,True,False,1.0,7.5,3.05,0.796,0.939,1.315,0.06,-0.003,-1.001,1.74,0.002,0.0,-0.009,-0.056,0.84,0.161,,earned,side_dead,covered anyway (miss +3.1 inside the edge),6.107,5.163,,1.0,2.0,-4.853,-4.953,0.0,0.0,0.0,0.0,0.0,0.0,0.0,0.0,1.0,0.0,0.0,0.0,0.0,0.0,-0.503,2.017,6.0,3.0,0.0,6.0,3.0,0.0,0.0,0.0,1.0,1.0,,8.0,,57.0,pbp_text,0.0,0.0,6.523,60.0,94.0,1.0,1.0,0.377,0.0,0.0,0.0,117.0,123.686,-6.686,True,6.5,-1.037,-1.037,5.486,0.31,5.16,True,0,1.0,4,4,-0.03,0.028,True
2022_14_JAX_TEN,spread,2019-22,2022,14,TEN,JAX,TEN -3,3.0,42.0,8.61,46.071,5.61,0.678,0.394,22.0,36.0,-14.0,58.0,False,False,-1.1,-17.0,-22.61,-12.613,-0.212,-9.786,-10.02,-0.003,-0.691,-1.898,0.002,0.0,-0.009,-0.227,-0.221,0.243,variance,,,turnovers 4-0 (-10.0); and outplayed (-9.8),7.926,-2.788,variance,4.0,0.0,-19.949,0.0,0.0,26.0,0.0,0.0,0.0,0.0,0.0,0.0,0.0,0.0,0.0,0.0,0.0,0.0,0.135,1.818,8.0,9.0,0.0,8.0,9.0,0.0,0.0,0.0,1.0,1.0,8.0,6.8,54.0,52.3,archive,-1.2,0.0,-1.45,50.0,70.0,1.0,1.0,0.615,0.0,0.0,0.0,130.0,123.273,6.727,True,-3.0,0.627,0.627,4.983,0.555,6.698,False,1,0.0,7,7,-0.01,0.029,True
2022_14_TB_SF,spread,2019-22,2022,14,SF,TB,TB +3.5,3.5,38.0,-0.666,39.556,4.166,0.356,0.466,35.0,7.0,28.0,42.0,False,False,-1.1,-24.5,-28.666,-12.718,0.45,-16.398,-5.015,0.003,-1.418,-6.288,-0.002,-0.0,0.009,-0.011,-0.602,1.055,variance,,,garbage time (-6.3); turnovers 3-1 (-5.0); and outplayed (-16.4),5.718,-0.713,variance,1.0,3.0,-4.115,-14.071,7.0,0.0,0.0,0.0,0.0,0.0,0.0,0.0,0.0,1.0,0.0,0.0,0.0,0.0,0.338,-3.674,15.0,7.0,15.0,0.0,0.0,7.0,0.0,0.0,0.885,1.0,8.0,6.0,54.0,51.0,archive,-2.0,0.0,4.73,15.0,62.0,2.0,7.0,-3.185,0.0,0.0,0.0,131.0,125.665,5.335,False,3.5,-1.257,-1.257,2.909,0.442,-5.113,False,0,0.0,6,7,-0.009,-0.015,True
2022_15_DAL_JAX,spread,2019-22,2022,15,JAX,DAL,DAL -4,-4.0,48.5,-8.882,49.009,4.882,0.378,0.5,40.0,34.0,6.0,74.0,False,False,-1.1,-10.0,-14.882,3.074,-1.449,-16.507,1.64,0.003,0.442,0.989,-0.002,-0.0,-1.178,-0.548,0.312,-0.033,variance,,,"outplayed, no luck (residual -16.5)",-6.107,-4.022,variance,3.0,2.0,-14.033,-10.753,14.0,10.0,1.0,0.0,0.0,0.0,0.0,0.0,0.0,0.0,0.0,0.0,0.0,0.0,1.401,2.411,6.0,6.0,0.0,6.0,6.0,0.0,0.0,0.0,1.0,1.0,9.0,8.3,54.0,53.2,archive,-0.7,0.0,-2.135,37.0,18.0,0.0,0.0,0.0,1.0,6.0,0.0,144.0,127.466,16.534,False,-4.0,-0.879,-0.879,4.003,0.322,-5.203,False,0,0.0,7,7,-0.02,0.029,True
2022_15_DET_NYJ,spread,2019-22,2022,15,NYJ,DET,DET +2,2.0,44.0,-3.221,40.842,5.221,0.369,0.613,17.0,20.0,-3.0,37.0,True,False,1.0,5.0,-0.221,6.702,1.244,-8.167,3.629,2.601,-0.517,0.989,-0.002,-0.0,0.009,0.002,-0.185,1.419,,luck,opp_qb_out,covered anyway (miss -0.2 inside the edge),-0.649,5.064,,1.0,0.0,-7.238,0.0,0.0,3.0,0.0,0.0,0.0,1.0,0.0,0.0,1.0,1.0,0.0,0.0,0.0,0.0,-1.007,-2.585,0.0,0.0,0.0,0.0,0.0,0.0,0.0,0.0,1.0,1.0,13.0,13.2,38.0,38.7,archive,0.2,0.0,1.599,20.0,52.0,1.0,3.0,-4.249,0.0,0.0,0.0,127.0,126.972,0.028,False,2.0,-1.122,-2.424,2.797,0.678,-6.824,False,0,0.0,7,7,0.049,-0.037,True
2022_16_NO_CLE,spread,2019-22,2022,16,CLE,NO,CLE -3,3.0,32.0,10.555,41.116,7.555,0.733,0.258,10.0,17.0,-7.0,27.0,False,False,-1.1,-10.0,-17.555,-1.464,-0.648,-15.442,-0.42,-0.003,-0.051,-0.989,0.002,0.0,-0.009,0.156,-0.135,-0.663,variance,,,"outplayed, no luck (residual -15.4)",0.649,0.174,variance,1.0,1.0,-6.638,-5.783,7.0,7.0,0.0,0.0,0.0,0.0,0.0,0.0,0.0,0.0,0.0,0.0,0.0,0.0,0.229,0.185,0.0,0.0,0.0,0.0,0.0,0.0,0.0,0.0,1.0,1.0,27.0,28.0,6.0,5.0,archive,1.0,0.0,-0.803,45.0,15.0,3.0,0.0,-2.036,0.0,0.0,0.0,120.0,123.91,-3.91,True,-3.0,2.82,2.82,4.735,1.022,5.294,False,0,0.0,7,6,-0.001,-0.036,True
2023_01_LV_DEN,spread,2023-25,2023,1,DEN,LV,LV +3,3.0,43.0,-2.126,46.522,5.126,0.342,0.41,16.0,17.0,-1.0,33.0,True,False,1.0,4.0,-1.126,0.082,-0.233,-0.974,-2.48,0.003,1.57,0.989,-0.002,-0.0,0.009,0.137,-1.269,0.892,,earned,,covered anyway (miss -1.1 inside the edge),-0.649,-1.556,,0.0,1.0,0.0,-4.914,3.0,0.0,0.0,0.0,0.0,0.0,0.0,0.0,1.0,0.0,1.0,0.0,0.0,0.0,-3.873,0.184,0.0,0.0,0.0,0.0,0.0,0.0,0.0,0.0,1.0,1.0,,7.4,,70.0,archive,0.4,0.0,9.745,83.0,97.0,0.0,1.0,-2.705,0.0,0.0,0.0,108.0,124.461,-16.461,False,3.0,-1.11,-1.11,4.016,0.971,-7.498,False,1,0.0,7,7,0.021,-0.031,True
2023_03_HOU_JAX,spread,2023-25,2023,3,JAX,HOU,JAX -7.5,7.5,43.5,12.672,40.733,5.172,0.615,0.601,17.0,37.0,-20.0,54.0,False,False,-1.1,-27.5,-32.672,-22.703,-0.613,-9.356,-3.191,-3.82,-2.879,-12.813,0.002,0.0,-0.009,0.059,0.27,-0.935,variance,,,garbage time (-12.8); return TD (-3.8); and outplayed (-9.4),7.016,-2.873,variance,2.0,0.0,-6.366,0.0,0.0,9.0,0.0,0.0,0.0,1.0,0.0,0.0,2.0,0.0,0.0,0.0,1.0,0.0,-6.873,0.717,7.0,20.0,0.0,7.0,20.0,0.0,0.0,0.0,0.956,1.0,6.0,5.2,84.0,85.8,archive,-0.8,0.0,2.241,49.0,75.0,1.0,0.0,-2.833,0.0,0.0,0.0,125.0,126.28,-1.28,True,-7.5,1.087,1.087,4.085,0.595,6.33,False,1,0.0,7,7,-0.015,-0.039,True
2023_06_BAL_TEN,spread,2023-25,2023,6,TEN,BAL,TEN +5.5,-5.5,42.5,-1.149,40.078,4.351,0.647,0.59,16.0,24.0,-8.0,40.0,False,False,-1.1,-2.5,-6.851,-7.639,0.78,0.008,-1.117,-0.003,-0.072,-6.446,0.002,0.0,-0.009,-0.033,0.788,0.033,luck,,,garbage time (-6.4),3.378,2.186,variance,2.0,1.0,-6.757,-4.517,7.0,9.0,0.0,0.0,0.0,0.0,0.0,0.0,0.0,0.0,0.0,1.0,0.0,1.0,0.648,0.66,3.0,9.0,0.0,3.0,9.0,0.0,0.0,0.0,0.6,1.0,,11.0,,54.2,archive,4.0,0.0,6.129,45.0,88.0,0.0,0.0,0.0,0.0,0.0,0.0,115.0,121.824,-6.824,True,5.5,0.609,0.609,3.742,0.432,3.489,False,0,0.0,7,7,-0.005,-0.025,True
2023_08_NYJ_NYG,spread,2023-25,2023,8,NYG,NYJ,NYG +3,-3.0,35.0,2.647,37.594,5.647,0.678,0.435,10.0,13.0,-3.0,23.0,False,True,0.0,0.0,-5.647,-3.762,-2.591,0.706,5.148,-0.003,-2.46,-6.446,-3.005,0.0,-1.197,-0.075,0.388,1.298,,,,garbage time (-6.4); QB lost in game (52% of dropbacks) (-3.0),0.649,3.334,,0.0,2.0,0.0,-10.22,3.0,0.0,0.0,0.0,0.0,0.0,0.0,0.0,2.0,0.0,0.0,0.0,0.0,0.0,-5.872,0.588,0.0,6.0,0.0,0.0,6.0,0.0,0.0,0.0,0.519,1.0,6.0,11.5,52.0,54.9,archive,5.5,0.0,3.123,73.0,85.0,0.0,1.0,3.703,1.0,0.0,6.0,131.0,123.948,7.052,True,3.0,0.569,0.569,5.078,0.654,4.306,False,0,0.0,7,14,0.001,-0.052,True
2023_09_MIA_KC,spread,2023-25,2023,9,KC,MIA,KC -1,1.0,51.0,5.88,49.131,4.88,0.663,0.569,21.0,14.0,7.0,35.0,True,False,1.0,6.0,1.12,-3.488,0.897,3.71,3.005,-0.003,-0.042,-6.446,0.002,0.0,-0.009,0.272,0.056,0.576,,earned,,covered anyway; garbage time (-6.4),-5.718,-2.759,,1.0,1.0,-3.845,-9.802,7.0,7.0,1.0,0.0,0.0,0.0,0.0,0.0,0.0,0.0,0.0,0.0,0.0,0.0,0.203,0.135,1.0,7.0,1.0,0.0,0.0,7.0,0.0,0.0,1.0,1.0,,6.6,,42.3,archive,-0.4,0.0,0.632,69.0,45.0,0.0,1.0,1.59,0.0,0.0,0.0,111.0,123.032,-12.032,True,-1.0,0.606,0.606,4.274,0.325,5.636,False,0,0.0,7,7,0.04,0.048,True
2023_10_NYJ_LV,spread,2023-25,2023,10,LV,NYJ,LV +1,-1.0,35.5,3.304,38.211,4.304,0.616,0.433,16.0,12.0,4.0,28.0,True,False,1.0,5.0,0.696,-3.856,1.918,2.634,-2.229,-0.003,-0.635,-0.989,0.002,0.0,-0.009,-0.032,0.208,1.748,,earned,,covered anyway (miss +0.7 inside the edge),0.649,-2.218,,2.0,1.0,-10.12,-5.668,0.0,3.0,0.0,0.0,0.0,0.0,0.0,0.0,0.0,0.0,0.0,0.0,0.0,0.0,2.548,4.081,0.0,0.0,0.0,0.0,0.0,0.0,0.0,0.0,1.0,0.978,,3.0,,66.0,pbp_text,0.0,0.0,1.772,25.0,83.0,2.0,0.0,5.022,0.0,0.0,0.0,125.0,122.747,2.253,True,1.0,0.436,0.436,3.869,0.945,2.103,True,0,1.0,7,6,-0.019,-0.082,True
2023_11_LV_MIA,spread,2023-25,2023,11,MIA,LV,LV +14,14.0,44.5,7.69,45.352,6.31,0.3,0.492,20.0,13.0,7.0,33.0,True,False,1.0,7.0,0.69,1.575,-1.175,0.291,-0.033,0.003,0.616,0.989,-0.002,-0.0,0.009,0.157,-0.246,-1.093,,earned,,covered anyway (miss +0.7 inside the edge),-0.649,-0.063,,3.0,3.0,-10.388,-10.435,3.0,6.0,0.0,0.0,0.0,0.0,0.0,0.0,1.0,0.0,0.0,0.0,0.0,0.0,-0.282,1.199,0.0,0.0,0.0,0.0,0.0,0.0,0.0,0.0,1.0,1.0,7.0,8.3,82.0,79.5,archive,1.3,0.0,2.055,44.0,41.0,1.0,2.0,3.105,0.0,0.0,0.0,126.0,120.929,5.071,False,14.0,-0.384,-0.384,5.925,0.447,-5.366,False,0,0.0,7,14,-0.027,0.04,True
2023_13_CIN_JAX,spread,2023-25,2023,13,JAX,CIN,CIN +10,10.0,41.0,4.921,42.973,5.079,0.307,0.46,31.0,34.0,-3.0,65.0,True,False,1.0,13.0,7.921,1.51,0.16,6.25,-3.291,0.003,1.081,3.717,-0.002,-0.0,1.197,0.318,0.165,-1.518,,earned,,covered anyway; turnovers 1-0 (-3.3),-0.649,-2.857,,0.0,1.0,0.0,-6.527,7.0,0.0,0.0,0.0,0.0,0.0,0.0,0.0,1.0,1.0,0.0,0.0,0.0,0.0,-2.567,0.169,0.0,3.0,0.0,0.0,3.0,0.0,0.0,0.0,0.735,0.932,4.0,5.1,61.0,62.4,archive,1.1,0.0,-1.034,55.0,35.0,2.0,2.0,4.346,1.0,0.0,6.0,140.0,123.436,16.564,False,10.0,0.083,0.083,5.162,0.579,-6.462,True,0,0.0,8,8,0.03,-0.0,True
2023_15_NYJ_MIA,spread,2023-25,2023,15,MIA,NYJ,MIA -7.5,7.5,36.0,11.72,40.425,4.22,0.583,0.388,30.0,0.0,30.0,30.0,True,False,1.0,22.5,18.28,25.742,6.907,-14.369,9.105,-0.003,0.348,16.293,3.009,0.0,-0.009,0.573,-0.338,3.671,,luck,,covered anyway (miss +18.3 inside the edge),0.649,10.099,,0.0,4.0,0.0,-18.089,10.0,0.0,0.0,0.0,0.0,0.0,0.0,0.0,0.0,0.0,0.0,0.0,0.0,0.0,1.122,0.0,19.0,0.0,19.0,0.0,0.0,0.0,0.0,0.0,0.931,0.349,15.0,17.1,76.0,76.2,archive,2.1,0.0,-2.328,65.0,55.0,2.0,2.0,10.65,0.0,0.0,0.0,110.0,122.61,-12.61,True,-7.5,0.084,0.084,4.135,0.884,2.124,False,1,0.0,6,7,0.033,-0.11,True
2023_16_CLE_HOU,spread,2023-25,2023,16,HOU,CLE,HOU +3,-3.0,40.0,1.823,41.608,4.823,0.656,0.472,22.0,36.0,-14.0,58.0,False,False,-1.1,-11.0,-15.823,2.627,-4.267,-14.183,-0.637,3.411,-0.068,-0.079,-3.005,0.0,-0.009,-0.126,0.379,-1.505,variance,,,QB lost in game (37% of dropbacks) (-3.0); and outplayed (-14.2),14.293,17.0,variance,2.0,2.0,-5.581,-4.295,0.0,8.0,0.0,0.0,1.0,0.0,0.0,0.0,0.0,0.0,0.0,0.0,0.0,0.0,0.137,0.137,15.0,14.0,0.0,15.0,14.0,0.0,0.0,0.0,0.37,0.898,,2.0,,68.0,pbp_text,0.0,0.0,3.053,76.0,55.0,3.0,6.0,-4.502,0.0,0.0,0.0,145.0,127.017,17.983,True,3.0,1.571,1.571,3.252,0.459,3.96,False,0,1.0,7,7,-0.016,-0.092,True
2024_01_GB_PHI,spread,2023-25,2024,1,PHI,GB,GB +2,2.0,49.5,-2.583,49.518,4.583,0.386,0.519,34.0,29.0,5.0,63.0,False,False,-1.1,-3.0,-7.583,0.326,-0.21,-7.698,3.371,0.003,-1.309,-1.74,-0.002,-0.0,0.009,-0.06,-0.562,0.405,variance,,,nothing stands out: ordinary miss (residual -7.7),-0.649,1.416,variance,3.0,1.0,-10.235,-3.511,7.0,9.0,0.0,0.0,0.0,0.0,0.0,0.0,0.0,1.0,0.0,0.0,0.0,0.0,0.674,-3.042,3.0,0.0,3.0,0.0,0.0,0.0,0.0,0.0,1.0,0.946,,5.6,,71.1,archive,-1.4,0.0,4.436,57.0,71.0,1.0,1.0,-1.281,0.0,0.0,0.0,132.0,125.625,6.375,False,2.0,-0.78,-0.78,3.803,0.161,-4.593,False,0,0.0,7,7,0.057,0.043,True
2024_01_CAR_NO,spread,2023-25,2024,1,NO,CAR,NO -3.5,3.5,41.5,11.915,41.285,8.415,0.716,0.528,47.0,10.0,37.0,57.0,True,False,1.0,33.5,25.085,26.042,1.157,-2.114,4.225,-0.003,1.889,19.931,0.002,0.0,-0.009,0.287,0.092,0.785,,earned,,covered anyway (miss +25.1 inside the edge),-8.446,-2.335,,1.0,3.0,-3.035,-11.42,13.0,0.0,0.0,0.0,0.0,0.0,0.0,0.0,0.0,0.0,0.0,0.0,0.0,0.0,5.949,0.666,33.0,10.0,33.0,0.0,0.0,10.0,0.0,0.0,0.963,0.974,,13.0,,75.0,pbp_text,0.0,0.0,0.899,95.0,80.0,0.0,3.0,2.202,0.0,0.0,0.0,117.0,123.276,-6.276,True,-3.5,-0.083,-0.083,8.498,0.329,7.697,False,1,1.0,7,7,-0.012,-0.037,True
2024_01_DAL_CLE,spread,2023-25,2024,1,CLE,DAL,DAL +2.5,2.5,42.0,-1.708,46.508,4.208,0.402,0.386,17.0,33.0,-16.0,50.0,True,False,1.0,18.5,14.292,6.483,-0.109,7.918,4.601,2.806,1.726,-2.65,-0.002,-0.0,0.009,-0.015,0.59,-0.69,,earned,,covered anyway (miss +14.3 inside the edge),-13.383,-4.251,,2.0,0.0,-9.17,0.0,0.0,3.0,0.0,0.0,0.0,1.0,0.0,0.0,0.0,0.0,0.0,0.0,0.0,0.0,1.982,6.461,14.0,10.0,0.0,14.0,10.0,0.0,0.0,0.0,1.0,1.0,17.0,13.5,69.0,63.6,archive,-3.5,0.0,-4.223,64.0,85.0,5.0,0.0,1.924,0.0,0.0,0.0,129.0,126.205,2.795,False,2.5,-0.953,-0.953,3.255,0.523,-2.985,False,0,0.0,7,7,0.027,-0.068,True
2024_01_WAS_TB,spread,2023-25,2024,1,TB,WAS,TB -4,4.0,42.0,12.565,42.976,8.565,0.727,0.489,37.0,20.0,17.0,57.0,True,False,1.0,13.0,4.435,0.075,-0.359,4.72,0.01,-0.003,3.786,-3.717,0.002,0.0,-0.009,0.456,-0.049,-0.76,,earned,,covered anyway; garbage time (-3.7),-15.723,-11.931,,0.0,0.0,0.0,0.0,0.0,0.0,0.0,0.0,0.0,0.0,0.0,0.0,0.0,2.0,0.0,0.0,0.0,0.0,3.572,-6.832,15.0,18.0,15.0,0.0,0.0,18.0,0.0,0.0,1.0,1.0,6.0,1.3,93.0,82.6,archive,-4.7,0.0,-0.157,46.0,29.0,0.0,1.0,-2.319,0.0,0.0,0.0,115.0,124.52,-9.52,True,-4.0,0.075,0.075,8.49,0.241,8.941,False,0,0.0,7,7,0.007,0.009,True
2024_02_BUF_MIA,spread,2023-25,2024,2,MIA,BUF,BUF +2.5,2.5,48.5,-2.28,50.048,4.78,0.386,0.473,10.0,31.0,-21.0,41.0,True,False,1.0,23.5,18.72,8.812,5.049,4.858,7.876,0.003,-0.965,1.898,-0.002,-0.0,0.009,0.057,0.416,4.569,,earned,,covered anyway (miss +18.7 inside the edge),-0.649,6.265,,3.0,0.0,-15.683,0.0,0.0,23.0,0.0,1.0,0.0,0.0,0.0,0.0,0.0,1.0,0.0,0.0,0.0,0.0,0.297,-2.491,0.0,1.0,0.0,0.0,1.0,0.0,0.0,0.0,0.636,1.0,3.0,1.1,86.0,80.8,archive,-1.9,0.0,-2.919,50.0,5.0,5.0,1.0,-13.467,0.0,0.0,0.0,117.0,123.17,-6.17,False,2.5,-1.407,-1.407,3.374,0.643,-6.297,True,1,0.0,4,4,0.045,0.021,True
2024_02_NO_DAL,spread,2023-25,2024,2,DAL,NO,NO +6.5,6.5,47.0,2.298,47.001,4.202,0.352,0.519,19.0,44.0,-25.0,63.0,True,False,1.0,31.5,27.298,14.562,1.448,11.288,3.24,0.003,-1.495,12.813,-0.002,-0.0,0.009,-0.064,0.105,1.4,,earned,,covered anyway (miss +27.3 inside the edge),-8.836,-7.087,,2.0,1.0,-10.73,-4.267,0.0,13.0,0.0,0.0,0.0,0.0,0.0,0.0,0.0,0.0,0.0,1.0,0.0,1.0,3.725,-0.493,9.0,22.0,0.0,9.0,22.0,0.0,0.0,0.0,0.935,1.0,,,,,none,0.0,0.0,-0.579,26.0,40.0,3.0,0.0,-4.194,0.0,0.0,0.0,118.0,125.597,-7.597,False,6.5,-0.511,-0.511,3.691,0.19,-3.859,False,0,1.0,7,7,-0.017,0.015,True
2024_02_TB_DET,spread,2023-25,2024,2,DET,TB,TB +7.5,7.5,51.5,2.939,50.896,4.561,0.319,0.537,16.0,20.0,-4.0,36.0,True,False,1.0,11.5,6.939,4.909,-0.514,2.544,3.286,0.003,0.632,0.989,-0.002,-0.0,0.009,0.036,0.772,-1.329,,earned,,covered anyway (miss +6.9 inside the edge),-0.649,3.271,,2.0,1.0,-9.766,-3.212,0.0,3.0,0.0,0.0,0.0,0.0,0.0,0.0,0.0,0.0,0.0,0.0,0.0,0.0,0.551,2.074,0.0,0.0,0.0,0.0,0.0,0.0,0.0,0.0,0.982,1.0,,,,68.0,pbp_text,0.0,0.0,-5.591,71.0,35.0,5.0,0.0,3.795,0.0,0.0,0.0,128.0,125.006,2.994,False,7.5,0.544,0.544,5.105,0.323,-4.214,False,0,1.0,7,7,0.025,0.062,True
2024_02_IND_GB,spread,2023-25,2024,2,GB,IND,GB +3,-3.0,41.5,1.491,41.485,4.491,0.646,0.519,16.0,10.0,6.0,26.0,True,False,1.0,9.0,4.509,-2.702,-0.291,7.502,1.158,-0.003,0.771,-4.627,0.002,0.0,-0.009,0.036,-0.271,-0.05,,earned,,covered anyway; garbage time (-4.6),-5.718,-3.792,,1.0,3.0,-6.588,-8.871,0.0,0.0,0.0,0.0,0.0,0.0,0.0,0.0,1.0,1.0,0.0,0.0,0.0,0.0,-0.848,-3.112,3.0,7.0,3.0,0.0,0.0,7.0,0.0,0.0,1.0,1.0,7.0,4.6,85.0,83.6,archive,-2.4,0.0,-1.83,50.0,20.0,0.0,2.0,-0.24,0.0,0.0,0.0,119.0,125.905,-6.905,True,3.0,0.503,0.503,3.988,1.466,0.908,False,0,0.0,9,7,0.065,0.023,True
2024_02_SEA_NE,spread,2023-25,2024,2,NE,SEA,NE +3.5,-3.5,39.0,0.807,43.066,4.307,0.653,0.395,20.0,23.0,-3.0,43.0,True,False,1.0,0.5,-3.807,-5.207,-0.015,1.416,0.01,-0.003,-1.496,-3.717,0.002,0.0,-0.603,-0.026,-0.269,0.881,,earned,,covered anyway; garbage time (-3.7),0.649,-0.841,,0.0,0.0,0.0,0.0,0.0,0.0,0.0,0.0,0.0,0.0,0.0,0.0,1.0,0.0,0.0,0.0,1.0,0.0,-2.505,1.352,0.0,3.0,0.0,0.0,3.0,0.0,0.0,0.0,1.0,1.0,5.0,4.3,77.0,76.8,archive,-0.7,0.0,-1.813,42.0,50.0,0.0,2.0,2.482,1.0,0.0,3.0,130.0,122.463,7.537,True,3.5,0.215,0.215,4.092,0.721,2.619,False,0,0.0,7,7,-0.061,0.021,True
2024_02_NYG_WAS,spread,2023-25,2024,2,WAS,NYG,NYG +1.5,1.5,42.5,-3.186,41.757,4.686,0.382,0.541,21.0,18.0,3.0,39.0,False,False,-1.1,-1.5,-6.186,-4.745,-0.622,-0.818,-2.007,0.003,-1.002,-1.74,-0.002,-0.0,0.009,0.061,0.283,-0.973,luck,,,nothing stands out: ordinary miss (residual -0.8),-0.649,-3.655,luck,0.0,1.0,0.0,-3.972,3.0,0.0,0.0,0.0,0.0,0.0,0.0,0.0,0.0,0.0,0.0,1.0,0.0,0.0,1.955,-0.932,3.0,0.0,3.0,0.0,0.0,0.0,0.0,0.0,1.0,1.0,11.0,6.9,82.0,78.4,archive,-4.1,0.0,-1.917,69.0,20.0,1.0,2.0,2.752,0.0,0.0,0.0,120.0,124.76,-4.76,False,1.5,0.413,0.413,5.098,2.592,-11.027,False,1,0.0,7,7,-0.039,0.027,True
2024_03_PHI_NO,spread,2023-25,2024,3,NO,PHI,NO -2.5,2.5,49.0,9.142,51.917,6.642,0.714,0.43,12.0,15.0,-3.0,27.0,False,False,-1.1,-5.5,-12.142,6.471,0.691,-19.303,4.762,-0.003,2.7,-0.989,0.002,0.0,-0.009,0.229,0.466,0.002,variance,,,"outplayed, no luck (residual -19.3)",0.649,8.109,variance,1.0,2.0,-1.033,-10.486,0.0,0.0,0.0,0.0,0.0,0.0,0.0,0.0,0.0,1.0,0.0,0.0,0.0,1.0,0.797,-6.677,0.0,0.0,0.0,0.0,0.0,0.0,0.0,0.0,1.0,1.0,,8.0,,87.0,pbp_text,0.0,0.0,3.71,25.0,45.0,1.0,3.0,-0.089,0.0,0.0,0.0,120.0,126.737,-6.737,True,-2.5,1.753,1.753,4.889,0.391,7.574,False,0,1.0,7,6,-0.002,0.059,True
2024_04_NO_ATL,spread,2023-25,2024,4,ATL,NO,NO +2.5,2.5,41.5,-2.759,47.838,5.259,0.372,0.329,26.0,24.0,2.0,50.0,True,False,1.0,0.5,-4.759,-5.845,0.112,0.974,-5.399,0.003,-1.439,0.989,-0.002,-0.0,0.009,0.043,0.368,-0.307,,earned,,covered anyway; turnovers 2-1 (-5.4),-0.649,-7.484,,1.0,2.0,-4.95,-15.669,14.0,7.0,2.0,0.0,0.0,0.0,0.0,0.0,0.0,0.0,0.0,0.0,0.0,0.0,5.059,0.991,0.0,0.0,0.0,0.0,0.0,0.0,0.0,0.0,1.0,1.0,,,,,none,0.0,0.0,-2.558,76.0,60.0,0.0,2.0,0.802,0.0,0.0,0.0,121.0,124.828,-3.828,False,2.5,0.655,0.655,5.914,1.84,-9.725,False,1,1.0,7,7,-0.01,-0.019,True
2024_04_PHI_TB,spread,2023-25,2024,4,TB,PHI,TB +1,-1.0,42.0,4.658,45.871,5.658,0.654,0.403,33.0,16.0,17.0,49.0,True,False,1.0,18.0,12.342,13.369,1.348,-2.375,5.627,-0.003,-0.361,8.107,0.002,0.0,-0.009,-0.037,0.52,0.872,,earned,,covered anyway (miss +12.3 inside the edge),-7.537,-2.274,,0.0,2.0,0.0,-11.172,10.0,0.0,0.0,0.0,0.0,0.0,0.0,0.0,0.0,0.0,1.0,0.0,1.0,0.0,-0.657,0.135,19.0,9.0,19.0,0.0,0.0,9.0,0.0,0.0,1.0,1.0,9.0,6.0,88.0,86.4,archive,-3.0,0.0,4.119,20.0,41.0,1.0,2.0,2.457,0.0,0.0,0.0,128.0,126.043,1.957,True,1.0,1.183,1.183,4.475,0.435,4.64,False,0,0.0,7,7,0.006,0.049,True
2024_04_KC_LAC,spread,2023-25,2024,4,LAC,KC,LAC +7.5,-7.5,41.5,-3.198,48.047,4.302,0.68,0.323,10.0,17.0,-7.0,27.0,True,False,1.0,0.5,-3.802,4.81,-1.831,-6.781,6.379,-0.003,-0.577,-0.989,0.002,0.0,-0.009,-0.209,-0.118,-1.496,,luck,,covered anyway (miss -3.8 inside the edge),0.649,6.448,,0.0,2.0,0.0,-12.668,10.0,0.0,0.0,0.0,0.0,0.0,0.0,0.0,1.0,1.0,0.0,0.0,0.0,0.0,-1.739,-0.364,0.0,0.0,0.0,0.0,0.0,0.0,0.0,0.0,1.0,1.0,,7.0,,68.0,pbp_text,0.0,0.0,-0.68,51.0,40.0,1.0,0.0,-4.475,0.0,0.0,0.0,108.0,124.873,-16.873,True,7.5,0.569,0.569,3.733,0.264,4.868,False,1,1.0,7,7,-0.029,0.01,True
2024_05_BUF_HOU,spread,2023-25,2024,5,HOU,BUF,BUF +1,1.0,48.0,-3.077,52.327,4.077,0.394,0.389,23.0,20.0,3.0,43.0,False,False,-1.1,-2.0,-6.077,-0.735,3.869,-9.211,4.631,0.003,-0.902,-4.469,-0.002,-0.0,0.009,-0.021,-0.031,3.914,variance,,,garbage time (-4.5); and outplayed (-9.2),-0.649,3.084,variance,2.0,0.0,-9.231,0.0,0.0,3.0,0.0,0.0,0.0,0.0,0.0,0.0,0.0,0.0,0.0,0.0,0.0,0.0,3.496,0.879,6.0,0.0,6.0,0.0,0.0,0.0,0.0,0.0,1.0,1.0,,4.0,,86.0,pbp_text,0.0,0.0,0.441,65.0,25.0,1.0,1.0,-11.552,0.0,0.0,0.0,126.0,123.976,2.024,False,1.0,0.236,0.236,4.313,0.383,-3.288,False,0,1.0,7,7,0.051,-0.004,True
2024_06_HOU_NE,spread,2023-25,2024,6,NE,HOU,NE +6.5,-6.5,38.5,-2.492,42.031,4.008,0.649,0.409,21.0,41.0,-20.0,62.0,False,False,-1.1,-13.5,-17.508,-13.615,1.029,-4.922,-7.744,-0.003,0.579,-6.446,0.002,0.0,-0.009,0.002,-0.645,1.679,luck,,,turnovers 4-1 (-7.7); garbage time (-6.4),13.383,6.215,variance,4.0,1.0,-20.73,-5.308,0.0,17.0,0.0,0.0,0.0,0.0,0.0,0.0,0.0,1.0,0.0,0.0,0.0,0.0,0.203,-1.543,14.0,20.0,0.0,14.0,20.0,0.0,0.0,0.0,1.0,0.972,5.0,5.1,53.0,50.8,archive,0.1,0.0,-4.641,50.0,38.0,2.0,0.0,4.819,0.0,0.0,0.0,124.0,123.535,0.465,True,6.5,1.654,1.654,2.355,0.581,3.073,False,0,0.0,7,7,-0.06,-0.011,True
2024_06_DET_DAL,spread,2023-25,2024,6,DAL,DET,DAL +3.5,-3.5,52.5,1.011,50.461,4.511,0.658,0.577,9.0,47.0,-38.0,56.0,False,False,-1.1,-34.5,-39.011,-37.44,-1.221,-0.35,-11.72,-0.003,-0.17,-25.547,0.002,0.0,-0.009,-0.01,0.897,-2.1,luck,,,garbage time (-25.5); turnovers 5-0 (-11.7),6.107,-5.786,variance,5.0,0.0,-23.33,0.0,0.0,13.0,0.0,0.0,0.0,0.0,0.0,0.0,0.0,0.0,0.0,0.0,0.0,0.0,2.519,2.795,6.0,33.0,0.0,6.0,33.0,0.0,0.0,0.0,0.76,0.906,,,,,none,0.0,0.0,6.948,30.0,63.0,4.0,2.0,-6.243,0.0,0.0,0.0,129.0,126.958,2.042,True,3.5,-0.997,-0.997,5.508,0.534,5.706,False,0,1.0,7,13,0.048,0.053,True
2024_07_HOU_GB,spread,2023-25,2024,7,GB,HOU,GB -3,3.0,48.0,7.827,46.601,4.827,0.652,0.558,24.0,22.0,2.0,46.0,False,False,-1.1,-1.0,-5.827,-7.43,0.445,1.158,-8.538,-0.003,-0.628,1.74,0.002,0.0,-0.009,0.336,0.084,0.033,luck,,,turnovers 3-0 (-8.5),0.649,-8.52,luck,3.0,0.0,-17.001,0.0,0.0,22.0,0.0,0.0,0.0,0.0,0.0,0.0,0.0,0.0,0.0,0.0,0.0,0.0,0.857,2.371,3.0,0.0,3.0,0.0,0.0,0.0,0.0,0.0,1.0,1.0,3.0,11.7,72.0,70.8,archive,8.7,0.0,0.838,55.0,55.0,0.0,0.0,0.0,0.0,0.0,0.0,114.0,125.343,-11.343,True,-3.0,1.899,1.899,2.928,1.324,1.609,False,0,0.0,7,7,0.034,-0.018,True
2024_07_NYJ_PIT,spread,2023-25,2024,7,PIT,NYJ,PIT +3,-3.0,40.0,1.79,42.626,4.79,0.654,0.438,37.0,15.0,22.0,52.0,True,False,1.0,25.0,20.21,24.074,2.73,-6.594,4.676,-0.003,2.198,17.203,0.002,0.0,-0.009,0.005,0.472,2.26,,earned,,covered anyway (miss +20.2 inside the edge),0.649,7.521,,0.0,2.0,0.0,-9.282,14.0,0.0,0.0,0.0,0.0,0.0,0.0,0.0,0.0,1.0,0.0,0.0,0.0,1.0,1.801,-4.317,20.0,0.0,20.0,0.0,0.0,0.0,0.0,0.0,1.0,1.0,4.0,4.9,60.0,56.3,archive,0.9,0.0,3.757,36.0,50.0,2.0,2.0,6.52,0.0,0.0,0.0,122.0,123.107,-1.107,True,3.0,-0.191,-0.191,4.981,1.047,2.244,True,0,0.0,7,6,-0.029,-0.078,True
2024_07_BAL_TB,spread,2023-25,2024,7,TB,BAL,TB +4.5,-4.5,51.0,0.287,49.855,4.787,0.666,0.552,31.0,41.0,-10.0,72.0,False,False,-1.1,-5.5,-10.287,1.029,-0.242,-11.075,-1.621,-0.003,-1.815,4.469,0.002,0.0,-0.009,-0.01,0.315,-0.539,variance,,,"outplayed, no luck (residual -11.1)",19.75,16.311,variance,2.0,1.0,-8.42,-5.177,8.0,10.0,0.0,0.0,0.0,0.0,0.0,0.0,1.0,0.0,0.0,0.0,0.0,0.0,-2.35,2.369,21.0,15.0,0.0,21.0,15.0,0.0,0.0,0.0,1.0,1.0,8.0,13.4,80.0,75.7,archive,5.4,0.0,2.574,75.0,85.0,1.0,1.0,-1.673,0.0,0.0,0.0,133.0,126.016,6.984,True,4.5,-0.031,-0.031,4.818,0.567,6.118,True,0,0.0,8,8,0.011,0.042,True
2024_08_ARI_MIA,spread,2023-25,2024,8,MIA,ARI,ARI +4,4.0,46.5,-1.913,39.943,5.913,0.304,0.711,27.0,28.0,-1.0,55.0,True,False,1.0,5.0,-0.913,3.898,-0.346,-4.465,-0.01,0.003,0.186,3.717,-0.002,-0.0,0.009,-0.022,-0.299,-0.033,,earned,listed starter did not play (model priced the wrong QB),covered anyway; model priced a QB who did not play,-0.649,-0.469,,0.0,0.0,0.0,0.0,0.0,0.0,0.0,0.0,0.0,0.0,0.0,0.0,0.0,0.0,0.0,0.0,0.0,0.0,2.649,2.969,0.0,3.0,0.0,0.0,3.0,0.0,1.0,0.0,0.0,1.0,14.0,11.4,82.0,81.4,archive,-2.6,0.0,2.453,15.0,29.0,0.0,0.0,0.0,0.0,0.0,0.0,126.0,122.671,3.329,False,4.0,-0.665,-1.768,4.146,0.653,-4.413,False,0,0.0,6,7,0.039,-0.042,True
2024_10_NYG_CAR,spread,2023-25,2024,10,CAR,NYG,CAR +6.5,-6.5,40.5,-1.085,41.737,5.415,0.687,0.482,20.0,17.0,3.0,37.0,True,False,1.0,9.5,4.085,10.689,0.45,-7.054,4.252,-0.003,1.972,4.469,0.002,0.0,1.178,0.023,-0.786,0.033,,luck,listed starter did not play (model priced the wrong QB),covered anyway; model priced a QB who did not play,0.649,6.87,,1.0,3.0,-4.896,-13.335,6.0,0.0,0.0,0.0,0.0,0.0,0.0,0.0,0.0,1.0,0.0,0.0,0.0,0.0,2.61,-2.895,6.0,0.0,6.0,0.0,0.0,0.0,1.0,0.0,0.0,1.0,,4.9,,48.8,archive,-2.1,0.0,-5.696,87.0,15.0,0.0,0.0,0.0,1.0,6.0,0.0,129.0,122.979,6.021,True,6.5,-0.049,-0.049,5.464,0.684,7.028,False,0,0.0,7,7,-0.024,-0.018,True
2024_10_MIN_JAX,spread,2023-25,2024,10,JAX,MIN,JAX +7,-7.0,42.5,-2.862,41.119,4.138,0.672,0.557,7.0,12.0,-5.0,19.0,True,False,1.0,2.0,-2.138,0.865,-0.187,-2.815,2.528,-0.003,-0.671,-0.989,0.002,0.0,-0.009,-0.004,0.307,-0.483,,earned,,covered anyway (miss -2.1 inside the edge),0.649,2.503,,3.0,3.0,-9.898,-14.907,0.0,3.0,0.0,0.0,0.0,0.0,0.0,0.0,0.0,0.0,0.0,0.0,0.0,0.0,0.068,1.698,0.0,0.0,0.0,0.0,0.0,0.0,0.0,0.0,1.0,1.0,7.0,13.6,79.0,77.5,archive,6.6,0.0,2.514,25.0,40.0,0.0,1.0,-1.509,0.0,0.0,0.0,123.0,123.109,-0.109,True,7.0,-0.696,-0.696,4.834,0.311,4.822,False,0,0.0,7,7,0.038,-0.03,True
2024_10_SF_TB,spread,2023-25,2024,10,TB,SF,TB +6.5,-6.5,50.5,-2.412,51.108,4.088,0.651,0.501,20.0,23.0,-3.0,43.0,True,False,1.0,3.5,-0.588,4.829,0.732,-6.149,2.656,-0.003,3.165,-0.989,0.002,0.0,-0.009,-0.083,-0.047,0.869,,luck,,covered anyway (miss -0.6 inside the edge),0.649,6.467,,0.0,1.0,0.0,-5.265,7.0,0.0,0.0,0.0,0.0,0.0,0.0,0.0,0.0,3.0,0.0,0.0,0.0,0.0,0.381,-8.346,0.0,0.0,0.0,0.0,0.0,0.0,0.0,0.0,1.0,1.0,9.0,10.9,85.0,83.4,archive,1.9,0.0,-0.143,42.0,49.0,1.0,0.0,2.448,0.0,0.0,0.0,117.0,125.789,-8.789,True,6.5,-0.756,-0.756,4.844,0.593,5.476,False,0,0.0,6,14,0.048,0.037,True
2024_11_CLE_NO,spread,2023-25,2024,11,NO,CLE,NO +1,-1.0,44.0,3.453,49.673,4.453,0.62,0.348,35.0,14.0,21.0,49.0,True,False,1.0,22.0,17.547,15.972,2.596,-1.021,-3.783,-0.003,2.556,17.203,0.002,0.0,-0.009,-0.013,-0.514,3.13,,earned,,covered anyway; turnovers 2-0 (-3.8),0.649,-0.581,,2.0,0.0,-7.543,0.0,0.0,0.0,0.0,0.0,0.0,0.0,0.0,0.0,0.0,2.0,0.0,0.0,0.0,0.0,0.256,-6.826,20.0,0.0,20.0,0.0,0.0,0.0,0.0,0.0,0.763,0.981,,9.0,,76.0,pbp_text,0.0,0.0,-3.654,41.0,14.0,1.0,3.0,9.067,0.0,0.0,0.0,127.0,126.175,0.825,True,1.0,0.272,0.272,4.182,0.252,4.474,False,0,1.0,7,14,-0.014,-0.07,True
2024_11_HOU_DAL,spread,2023-25,2024,11,DAL,HOU,DAL +7.5,-7.5,41.5,-2.772,44.097,4.728,0.691,0.439,10.0,34.0,-24.0,44.0,False,False,-1.1,-16.5,-21.228,-13.707,-1.953,-5.569,-4.489,-0.003,-0.95,-8.265,0.002,0.0,-0.009,0.135,0.535,-2.615,variance,,,garbage time (-8.3); turnovers 2-1 (-4.5),0.649,-4.792,variance,2.0,1.0,-12.801,-3.854,0.0,14.0,0.0,1.0,0.0,0.0,0.0,0.0,1.0,0.0,0.0,0.0,0.0,0.0,-1.651,0.73,0.0,8.0,0.0,0.0,8.0,0.0,0.0,0.0,0.984,1.0,,,,,none,0.0,0.0,4.229,66.0,69.0,4.0,2.0,-7.75,0.0,0.0,0.0,139.0,125.922,13.078,True,7.5,0.089,0.089,4.639,0.699,3.194,True,0,1.0,8,8,0.008,-0.036,True
2024_15_DAL_CAR,spread,2023-25,2024,15,CAR,DAL,DAL +2.5,2.5,42.0,-1.56,42.222,4.06,0.404,0.512,14.0,30.0,-16.0,44.0,True,False,1.0,18.5,14.44,14.527,-2.428,2.341,6.849,0.003,1.228,6.446,-0.002,-0.0,0.009,0.051,-1.136,-1.349,,earned,side_dead,covered anyway (miss +14.4 inside the edge),-7.016,1.064,,4.0,1.0,-18.217,-4.576,7.0,10.0,0.0,0.0,0.0,0.0,0.0,0.0,0.0,1.0,0.0,0.0,0.0,0.0,0.135,3.269,7.0,13.0,0.0,7.0,13.0,0.0,0.0,0.0,1.0,1.0,7.0,7.3,45.0,44.9,archive,0.3,0.0,8.749,65.0,99.0,1.0,0.0,3.854,0.0,0.0,0.0,118.0,126.087,-8.087,False,2.5,-0.25,-0.25,3.81,0.698,-5.64,False,0,0.0,6,7,-0.014,-0.009,True
2024_16_HOU_KC,spread,2023-25,2024,16,KC,HOU,KC -3.5,3.5,42.5,8.278,43.955,4.778,0.613,0.474,27.0,19.0,8.0,46.0,True,False,1.0,4.5,-0.278,1.859,0.096,-2.233,2.473,-0.003,0.379,-0.989,0.002,0.0,-0.009,-0.029,0.42,-0.288,,earned,,covered anyway (miss -0.3 inside the edge),0.649,3.497,,0.0,2.0,0.0,-4.899,10.0,0.0,0.0,0.0,0.0,0.0,0.0,0.0,0.0,0.0,0.0,1.0,0.0,0.0,1.042,-0.162,0.0,0.0,0.0,0.0,0.0,0.0,0.0,0.0,1.0,1.0,5.0,2.2,30.0,28.7,archive,-2.8,0.0,3.363,20.0,45.0,2.0,0.0,-0.938,0.0,0.0,0.0,126.0,125.174,0.826,True,-3.5,0.348,0.348,4.43,0.715,3.145,False,0,0.0,6,6,0.01,-0.059,True
2024_16_SF_MIA,spread,2023-25,2024,16,MIA,SF,MIA +2,-2.0,44.0,2.64,46.449,4.64,0.62,0.444,29.0,17.0,12.0,46.0,True,False,1.0,14.0,9.36,16.206,0.505,-7.351,1.844,-0.003,3.53,10.836,0.002,0.0,-0.009,-0.021,-0.369,0.902,,luck,,covered anyway (miss +9.4 inside the edge),0.649,6.02,,0.0,1.0,0.0,-3.649,13.0,0.0,0.0,0.0,0.0,0.0,0.0,0.0,0.0,1.0,0.0,0.0,0.0,0.0,5.822,-3.891,13.0,0.0,13.0,0.0,0.0,0.0,0.0,0.0,1.0,1.0,12.0,4.5,73.0,74.1,archive,-7.5,0.0,-2.568,45.0,90.0,0.0,1.0,2.544,0.0,0.0,0.0,122.0,120.279,1.721,True,2.0,2.777,2.777,1.863,0.523,5.584,False,0,0.0,7,10,-0.004,0.016,True
2024_17_CAR_TB,spread,2023-25,2024,17,TB,CAR,TB -9.5,9.5,47.5,14.102,47.412,4.602,0.616,0.521,48.0,14.0,34.0,62.0,True,False,1.0,24.5,19.898,20.864,1.535,-2.502,0.01,-0.003,2.746,18.112,0.002,0.0,-0.009,0.472,0.17,0.899,,earned,,covered anyway (miss +19.9 inside the edge),-5.718,-2.965,,0.0,0.0,0.0,0.0,0.0,0.0,0.0,0.0,0.0,0.0,0.0,0.0,0.0,1.0,0.0,0.0,0.0,1.0,0.77,-6.827,28.0,7.0,28.0,0.0,0.0,7.0,0.0,0.0,1.0,1.0,8.0,10.8,76.0,73.7,archive,2.8,0.0,1.487,40.0,30.0,0.0,1.0,2.537,0.0,0.0,0.0,117.0,125.876,-8.876,True,-9.5,0.581,0.581,4.021,0.844,2.545,False,1,0.0,7,7,0.031,0.003,True
2025_01_KC_LAC,spread,2023-25,2025,1,LAC,KC,LAC +3,-3.0,47.5,1.293,48.69,4.293,0.638,0.482,27.0,21.0,6.0,48.0,True,False,1.0,9.0,4.707,-2.787,-2.353,9.847,0.01,-0.003,0.014,-2.808,0.002,0.0,-0.009,0.016,0.275,-2.636,,earned,,covered anyway (miss +4.7 inside the edge),-2.079,-2.059,,0.0,0.0,0.0,0.0,0.0,0.0,0.0,0.0,0.0,0.0,0.0,0.0,0.0,0.0,0.0,1.0,0.0,0.0,0.958,0.737,1.0,3.0,1.0,0.0,0.0,3.0,0.0,0.0,1.0,1.0,,7.0,,62.0,pbp_text,0.0,0.0,2.272,49.0,71.0,1.0,3.0,-7.811,0.0,0.0,0.0,117.0,120.588,-3.588,True,3.0,0.019,0.019,4.274,0.627,5.814,False,1,1.0,7,7,-0.026,0.017,True
2025_01_BAL_BUF,spread,2023-25,2025,1,BUF,BAL,BUF +1.5,-1.5,50.5,3.341,50.103,4.841,0.625,0.53,41.0,40.0,1.0,81.0,True,False,1.0,2.5,-2.341,1.086,1.782,-5.21,2.665,-0.003,-0.587,-0.989,0.002,0.0,-0.009,-0.089,0.48,1.398,,earned,,covered anyway (miss -2.3 inside the edge),7.016,9.091,,0.0,1.0,0.0,-5.282,6.0,0.0,0.0,0.0,0.0,0.0,0.0,0.0,0.0,0.0,0.0,1.0,0.0,0.0,0.993,2.395,7.0,7.0,0.0,7.0,7.0,0.0,0.0,0.0,1.0,1.0,8.0,8.4,58.0,59.7,archive,0.4,0.0,3.815,38.0,51.0,1.0,0.0,3.997,0.0,0.0,0.0,127.0,120.507,6.493,True,1.5,1.293,1.293,3.549,0.333,5.642,True,0,0.0,7,7,0.06,0.043,True
2025_02_ATL_MIN,spread,2023-25,2025,2,MIN,ATL,ATL +3.5,3.5,44.5,-2.548,44.754,6.048,0.301,0.513,6.0,22.0,-16.0,28.0,True,False,1.0,19.5,13.452,13.901,1.131,-1.58,5.883,0.003,0.659,7.356,-0.002,-0.0,0.009,0.156,0.412,0.556,,earned,,covered anyway (miss +13.5 inside the edge),-0.649,5.896,,4.0,1.0,-16.316,-4.597,3.0,6.0,0.0,0.0,0.0,0.0,0.0,0.0,0.0,0.0,0.0,0.0,0.0,0.0,1.066,2.662,0.0,7.0,0.0,0.0,7.0,0.0,0.0,0.0,1.0,1.0,,8.0,,82.0,pbp_text,0.0,0.0,-2.889,50.0,29.0,2.0,0.0,-1.723,0.0,0.0,0.0,108.0,123.572,-15.572,False,3.5,-1.452,-1.452,4.596,0.496,-4.847,True,0,1.0,7,6,0.021,-0.036,True
2025_02_TB_HOU,spread,2023-25,2025,2,HOU,TB,TB +2.5,2.5,42.5,-3.53,46.293,6.03,0.348,0.402,19.0,20.0,-1.0,39.0,True,False,1.0,3.5,-2.53,-2.536,2.552,-2.546,-0.01,0.003,-3.519,0.989,-0.002,-0.0,0.009,0.04,0.293,2.213,,earned,,"covered anyway; kicks (1 FG missed, 1 blocked) (-3.5)",-0.649,-4.174,,0.0,0.0,0.0,0.0,0.0,0.0,0.0,0.0,0.0,0.0,0.0,0.0,0.0,1.0,0.0,0.0,0.0,1.0,2.172,-7.511,0.0,0.0,0.0,0.0,0.0,0.0,0.0,0.0,1.0,1.0,,4.0,,87.0,pbp_text,0.0,0.0,-1.99,45.0,45.0,1.0,1.0,-6.572,0.0,0.0,0.0,119.0,121.698,-2.698,False,2.5,-0.755,-0.755,5.275,0.342,-6.827,True,0,1.0,8,8,0.034,-0.055,True
2025_03_CIN_MIN,spread,2023-25,2025,3,MIN,CIN,CIN +3,3.0,41.5,-1.407,44.798,4.407,0.358,0.417,48.0,10.0,38.0,58.0,False,False,-1.1,-35.0,-39.407,-34.354,1.476,-6.53,-15.817,0.003,-0.427,-18.112,-0.002,-0.0,0.009,0.075,1.05,0.344,knowable,,opp_qb_out,garbage time (-18.1); turnovers 5-0 (-15.8),5.718,-10.524,knowable,0.0,5.0,0.0,-31.441,34.0,0.0,2.0,0.0,0.0,0.0,0.0,0.0,0.0,0.0,0.0,0.0,0.0,0.0,2.435,1.098,28.0,7.0,28.0,0.0,0.0,7.0,0.0,0.0,0.862,0.969,,4.0,,70.0,pbp_text,0.0,0.0,-7.686,105.0,45.0,1.0,0.0,-1.102,0.0,0.0,0.0,110.0,123.304,-13.304,False,3.0,-1.48,-2.591,1.816,2.32,1.26,False,0,1.0,7,7,0.018,-0.055,True
2025_03_ARI_SF,spread,2023-25,2025,3,SF,ARI,ARI +1.5,1.5,44.5,-3.803,45.024,5.303,0.362,0.505,16.0,15.0,1.0,31.0,True,False,1.0,0.5,-4.803,-1.321,2.179,-5.661,2.088,0.003,-1.673,-1.74,-0.002,-0.0,0.009,-0.028,0.567,1.634,,earned,,covered anyway (miss -4.8 inside the edge),-0.649,-0.231,,1.0,0.0,-4.172,0.0,0.0,0.0,0.0,0.0,0.0,0.0,0.0,0.0,0.0,1.0,0.0,0.0,0.0,0.0,2.054,-2.645,3.0,0.0,3.0,0.0,0.0,0.0,0.0,0.0,1.0,1.0,7.0,3.6,72.0,79.6,archive,-3.4,0.0,-4.05,69.0,30.0,2.0,2.0,-4.877,0.0,0.0,0.0,124.0,121.958,2.042,False,1.5,-1.578,-1.578,3.726,0.456,-6.212,False,1,0.0,7,7,0.022,0.012,True
2025_04_MIN_PIT,spread,2023-25,2025,4,PIT,MIN,PIT +2.5,-2.5,41.5,3.224,44.235,5.724,0.646,0.433,24.0,21.0,3.0,45.0,True,False,1.0,5.5,-0.224,-2.347,-2.543,4.666,3.655,-0.003,-1.372,-4.627,0.002,0.0,-0.009,-0.035,0.053,-2.554,,earned,,covered anyway; garbage time (-4.6),-12.085,-9.805,,0.0,2.0,0.0,-7.251,7.0,0.0,0.0,0.0,0.0,0.0,0.0,0.0,1.0,0.0,0.0,0.0,1.0,0.0,-2.652,0.87,10.0,14.0,10.0,0.0,0.0,14.0,0.0,0.0,1.0,1.0,5.0,4.0,61.0,60.2,archive,-1.0,0.0,0.61,35.0,82.0,1.0,3.0,-7.571,0.0,0.0,0.0,123.0,120.47,2.53,True,2.5,1.503,1.503,4.221,0.67,7.271,False,0,0.0,7,7,-0.008,-0.075,True
2025_04_CLE_DET,spread,2023-25,2025,4,DET,CLE,DET -10,10.0,44.5,14.278,49.492,4.278,0.607,0.371,34.0,10.0,24.0,44.0,True,False,1.0,14.0,9.722,18.357,-2.148,-6.487,6.301,3.335,2.433,6.288,0.002,0.0,-0.009,0.313,-0.483,-1.972,,luck,,covered anyway (miss +9.7 inside the edge),0.649,12.718,,1.0,3.0,-3.422,-15.935,17.0,3.0,0.0,0.0,1.0,0.0,0.0,0.0,0.0,1.0,0.0,0.0,0.0,0.0,3.135,-3.615,8.0,0.0,8.0,0.0,0.0,0.0,0.0,0.0,1.0,0.975,,,,68.0,pbp_text,0.0,0.0,-3.423,35.0,44.0,1.0,1.0,-5.866,0.0,0.0,0.0,118.0,123.736,-5.736,True,-10.0,0.522,0.522,3.756,1.064,1.718,False,0,1.0,6,7,0.061,-0.067,True
2025_06_LA_BAL,spread,2023-25,2025,6,BAL,LA,BAL +7,-7.0,43.5,-1.722,43.121,5.278,0.706,0.53,3.0,17.0,-14.0,20.0,False,False,-1.1,-7.0,-12.278,-3.455,-5.478,-3.345,-3.796,-0.003,1.333,-0.989,-3.005,0.0,-0.009,0.004,-0.222,-2.245,in-game events,,,turnovers 3-1 (-3.8); QB lost in game (49% of dropbacks) (-3.0),0.649,-1.817,in-game events,3.0,1.0,-14.436,-6.867,0.0,7.0,0.0,0.0,0.0,0.0,0.0,0.0,0.0,1.0,0.0,0.0,0.0,0.0,0.494,-3.288,0.0,0.0,0.0,0.0,0.0,0.0,0.0,0.0,0.488,1.0,15.0,13.4,64.0,65.9,archive,-1.6,0.0,-1.462,80.0,40.0,6.0,2.0,-6.665,0.0,0.0,0.0,123.0,122.058,0.942,True,7.0,0.241,0.241,5.036,0.642,3.797,False,0,0.0,7,10,0.06,0.008,True
2025_07_MIA_CLE,spread,2023-25,2025,7,CLE,MIA,MIA +2.5,2.5,34.5,-3.502,35.66,6.002,0.348,0.485,31.0,6.0,25.0,37.0,False,False,-1.1,-22.5,-28.502,-16.794,-0.268,-11.44,-10.531,0.003,0.021,-6.288,-0.002,-0.0,0.009,0.184,-0.038,-0.42,variance,,,turnovers 4-0 (-10.5); garbage time (-6.3); and outplayed (-11.4),-0.649,-11.156,variance,0.0,4.0,0.0,-20.927,14.0,0.0,1.0,0.0,0.0,0.0,0.0,0.0,0.0,0.0,0.0,0.0,0.0,0.0,0.449,0.324,8.0,0.0,8.0,0.0,0.0,0.0,0.0,0.0,1.0,0.718,17.0,18.7,65.0,61.8,archive,1.7,0.0,0.493,37.0,103.0,0.0,4.0,1.135,0.0,0.0,0.0,109.0,122.207,-13.207,False,2.5,0.587,0.587,6.589,0.416,-5.791,False,0,0.0,7,7,0.031,-0.077,True
2025_09_BAL_MIA,spread,2023-25,2025,9,MIA,BAL,MIA +7.5,-7.5,51.5,-2.717,49.757,4.783,0.693,0.566,6.0,28.0,-22.0,34.0,False,False,-1.1,-14.5,-19.283,-20.049,-0.422,1.188,-5.659,-0.003,-0.664,-13.723,0.002,0.0,-0.009,-0.048,-0.414,0.047,luck,,,garbage time (-13.7); turnovers 3-0 (-5.7),0.649,-5.677,variance,3.0,0.0,-11.275,0.0,0.0,7.0,0.0,0.0,0.0,0.0,0.0,0.0,1.0,0.0,0.0,0.0,0.0,0.0,-1.339,0.27,0.0,14.0,0.0,0.0,14.0,0.0,0.0,0.0,1.0,1.0,5.0,3.1,73.0,69.8,archive,-1.9,0.0,-2.905,45.0,56.0,3.0,1.0,0.042,0.0,0.0,0.0,115.0,119.122,-4.122,True,7.5,-1.953,-1.953,6.736,0.661,6.324,True,0,0.0,4,4,0.001,0.046,True
2025_09_KC_BUF,spread,2023-25,2025,9,BUF,KC,BUF +2.5,-2.5,53.5,1.747,49.948,4.247,0.604,0.63,28.0,21.0,7.0,49.0,True,False,1.0,9.5,5.253,-0.816,-2.843,8.912,0.5,-0.003,-1.233,-0.079,0.002,0.0,-0.009,-0.01,0.084,-2.91,,earned,,covered anyway (miss +5.3 inside the edge),-4.808,-5.545,,0.0,1.0,0.0,-0.976,0.0,0.0,0.0,0.0,0.0,0.0,0.0,0.0,1.0,0.0,0.0,0.0,0.0,0.0,-1.813,1.335,7.0,6.0,7.0,0.0,0.0,6.0,0.0,0.0,1.0,1.0,6.0,1.5,54.0,54.9,archive,-4.5,0.0,0.843,40.0,25.0,1.0,3.0,-8.613,0.0,0.0,0.0,121.0,119.945,1.055,True,2.5,-0.652,-0.652,4.899,0.322,4.858,False,0,0.0,7,6,0.051,0.019,True
2025_10_CLE_NYJ,spread,2023-25,2025,10,NYJ,CLE,NYJ +1.5,-1.5,37.5,4.584,35.724,6.084,0.659,0.568,27.0,20.0,7.0,47.0,True,False,1.0,8.5,2.416,3.116,1.749,-2.449,-2.697,6.963,-0.16,-0.989,0.002,0.0,-0.009,0.132,0.161,1.463,,earned,listed starter did not play (model priced the wrong QB),covered anyway; model priced a QB who did not play,-2.079,2.026,,1.0,0.0,-5.383,0.0,0.0,7.0,0.0,0.0,2.0,0.0,0.0,0.0,0.0,0.0,0.0,0.0,0.0,0.0,0.74,0.99,3.0,3.0,3.0,0.0,0.0,3.0,1.0,0.0,0.0,1.0,12.0,6.8,62.0,58.9,archive,-5.2,0.0,1.419,61.0,78.0,0.0,1.0,4.187,0.0,0.0,0.0,115.0,122.513,-7.513,True,1.5,-0.033,-0.033,6.117,0.869,4.192,False,0,0.0,14,14,0.004,-0.1,True
2025_11_NYJ_NE,spread,2023-25,2025,11,NE,NYJ,NYJ +12.5,12.5,43.5,6.518,46.594,5.982,0.31,0.421,27.0,14.0,13.0,41.0,False,False,-1.1,-0.5,-6.482,-4.901,-1.998,0.417,-2.728,0.003,0.472,-2.65,-0.002,-0.0,0.009,-0.068,0.114,-2.051,luck,,listed starter did not play (model priced the wrong QB),model priced a QB who did not play,-0.649,-2.901,luck,0.0,1.0,0.0,-5.406,3.0,0.0,0.0,0.0,0.0,0.0,0.0,0.0,1.0,0.0,0.0,0.0,0.0,0.0,-0.958,0.135,4.0,0.0,4.0,0.0,0.0,0.0,0.0,1.0,1.0,0.0,9.0,9.6,39.0,39.8,archive,0.6,0.0,-0.649,20.0,62.0,1.0,1.0,5.908,0.0,0.0,0.0,117.0,119.735,-2.735,False,12.5,-0.435,-0.435,5.547,0.5,-5.051,True,1,0.0,4,4,-0.006,0.016,True
2025_11_CHI_MIN,spread,2023-25,2025,11,MIN,CHI,CHI +3,3.0,47.5,-1.377,43.115,4.377,0.358,0.654,17.0,19.0,-2.0,36.0,True,False,1.0,5.0,0.623,8.244,-1.125,-6.496,4.749,0.003,-0.225,3.717,-0.002,-0.0,0.009,-0.023,-0.225,-0.884,,luck,,covered anyway (miss +0.6 inside the edge),-0.649,3.878,,2.0,0.0,-9.464,0.0,0.0,3.0,0.0,0.0,0.0,0.0,0.0,0.0,0.0,1.0,0.0,0.0,0.0,0.0,0.255,-0.536,0.0,3.0,0.0,0.0,3.0,0.0,0.0,0.0,1.0,1.0,,8.0,,44.0,pbp_text,0.0,0.0,1.896,15.0,40.0,1.0,0.0,2.493,0.0,0.0,0.0,127.0,122.151,4.849,False,3.0,-0.698,-0.698,3.678,0.542,-5.623,False,1,1.0,7,7,0.006,-0.055,True
2025_12_MIN_GB,spread,2023-25,2025,12,GB,MIN,GB -6.5,6.5,41.5,11.22,40.545,4.72,0.617,0.544,23.0,6.0,17.0,29.0,True,False,1.0,10.5,5.78,10.091,2.095,-6.406,6.75,-0.003,-1.125,4.469,0.002,0.0,-0.009,0.62,0.089,1.393,,earned,,covered anyway (miss +5.8 inside the edge),0.649,6.272,,0.0,3.0,0.0,-13.407,7.0,0.0,0.0,0.0,0.0,0.0,0.0,0.0,0.0,0.0,0.0,0.0,0.0,0.0,1.1,3.955,6.0,0.0,6.0,0.0,0.0,0.0,0.0,0.0,0.923,1.0,10.0,8.0,43.0,44.9,archive,-2.0,0.0,0.875,10.0,29.0,0.0,1.0,3.981,0.0,0.0,0.0,107.0,121.071,-14.071,True,-6.5,-0.869,-0.869,5.589,0.324,4.018,False,1,0.0,7,7,0.032,-0.055,True
2025_15_IND_SEA,spread,2023-25,2025,15,SEA,IND,IND +13.5,13.5,41.5,5.733,45.987,7.767,0.273,0.382,18.0,16.0,2.0,34.0,True,False,1.0,11.5,3.733,0.812,-1.133,4.054,-0.034,0.003,-0.146,0.989,-0.002,-0.0,0.009,-0.207,0.233,-1.166,,earned,,covered anyway (miss +3.7 inside the edge),-0.649,-0.826,,0.0,1.0,0.0,-0.049,0.0,0.0,0.0,0.0,0.0,0.0,0.0,0.0,0.0,0.0,0.0,0.0,0.0,0.0,5.967,5.392,0.0,0.0,0.0,0.0,0.0,0.0,0.0,0.0,1.0,1.0,9.0,7.9,51.0,52.0,archive,-1.1,0.0,-1.541,34.0,14.0,1.0,0.0,3.317,0.0,0.0,0.0,114.0,123.441,-9.441,False,13.5,1.325,1.325,9.092,0.354,-8.061,False,0,0.0,7,7,0.027,-0.033,True
2025_16_NYJ_NO,spread,2023-25,2025,16,NO,NYJ,NYJ +6.5,6.5,39.5,2.241,45.249,4.259,0.346,0.342,29.0,6.0,23.0,35.0,False,False,-1.1,-16.5,-20.759,-13.387,-0.023,-7.348,-1.706,0.003,-0.849,-10.836,-0.002,-0.0,0.009,0.159,-0.501,0.312,knowable,,listed starter did not play (model priced the wrong QB),model priced a QB who did not play; garbage time (-10.8),-0.649,-3.201,knowable,1.0,2.0,-4.948,-8.322,6.0,3.0,0.0,0.0,0.0,0.0,0.0,0.0,1.0,0.0,0.0,0.0,0.0,0.0,2.93,0.455,13.0,0.0,13.0,0.0,0.0,0.0,0.0,1.0,0.803,0.0,,4.0,,74.0,pbp_text,0.0,0.0,3.974,30.0,54.0,2.0,4.0,-1.01,0.0,0.0,0.0,140.0,122.199,17.801,False,6.5,-0.112,-0.112,4.146,0.749,-6.021,False,0,1.0,7,7,-0.002,-0.056,True
2025_16_CIN_MIA,spread,2023-25,2025,16,MIA,CIN,MIA +3.5,-3.5,48.5,1.143,45.411,4.643,0.661,0.614,21.0,45.0,-24.0,66.0,False,False,-1.1,-20.5,-25.143,-19.826,-1.985,-3.333,-5.583,-0.003,-0.517,-13.723,0.002,0.0,-0.009,0.007,-0.142,-1.842,in-game events,,,garbage time (-13.7); turnovers 3-0 (-5.6),7.016,0.913,variance,3.0,0.0,-11.123,0.0,0.0,21.0,0.0,0.0,0.0,0.0,0.0,0.0,0.0,0.0,0.0,0.0,0.0,0.0,0.203,1.416,7.0,21.0,0.0,7.0,21.0,0.0,0.0,0.0,1.0,0.973,7.0,3.6,81.0,78.4,archive,-3.4,0.0,-0.859,20.0,10.0,2.0,1.0,-5.488,0.0,0.0,0.0,119.0,121.059,-2.059,True,3.5,-0.922,-0.922,5.565,0.775,2.784,False,0,0.0,6,7,-0.002,0.036,True
2025_16_SF_IND,spread,2023-25,2025,16,IND,SF,IND +4.5,-4.5,46.5,1.757,51.786,6.257,0.704,0.358,27.0,48.0,-21.0,75.0,False,False,-1.1,-16.5,-22.757,-16.261,-1.967,-4.529,-6.2,-0.003,0.936,-10.994,0.002,0.0,-0.009,0.019,-0.098,-1.881,in-game events,,,garbage time (-11.0); turnovers 2-1 (-6.2),0.649,-4.618,variance,2.0,1.0,-16.534,-4.182,0.0,7.0,0.0,1.0,0.0,0.0,0.0,0.0,0.0,1.0,0.0,0.0,0.0,0.0,2.229,-0.482,0.0,11.0,0.0,0.0,11.0,0.0,0.0,0.0,0.974,1.0,,4.0,,46.0,pbp_text,0.0,0.0,-0.53,45.0,36.0,1.0,1.0,-5.6,0.0,0.0,0.0,121.0,124.227,-3.227,True,4.5,1.242,1.242,5.014,0.463,6.764,True,0,1.0,8,8,0.016,0.053,True
2025_17_DEN_KC,spread,2023-25,2025,17,KC,DEN,KC +13.5,-13.5,37.5,-4.609,39.771,8.891,0.744,0.449,13.0,20.0,-7.0,33.0,True,False,1.0,6.5,-2.391,1.457,-0.664,-3.184,1.246,-0.003,1.204,-0.989,0.002,0.0,-0.009,-0.246,-0.025,-0.386,,earned,side_dead,covered anyway (miss -2.4 inside the edge),0.649,3.096,,0.0,1.0,0.0,-2.458,7.0,0.0,0.0,0.0,0.0,0.0,0.0,0.0,0.0,0.0,0.0,0.0,0.0,0.0,3.787,0.354,0.0,0.0,0.0,0.0,0.0,0.0,0.0,0.0,1.0,1.0,,10.7,,62.2,archive,3.7,0.0,0.018,10.0,57.0,2.0,1.0,-1.225,0.0,0.0,0.0,111.0,124.796,-13.796,True,13.5,0.149,0.149,8.743,0.343,8.351,True,1,0.0,4,4,0.008,-0.008,True
2025_17_NE_NYJ,spread,2023-25,2025,17,NYJ,NE,NYJ +12.5,-12.5,42.5,-8.202,49.203,4.298,0.625,0.317,10.0,42.0,-32.0,52.0,False,False,-1.1,-19.5,-23.798,-13.563,-3.995,-6.24,-1.255,-0.003,1.418,-13.723,0.002,0.0,-0.009,0.072,-0.32,-3.74,knowable,,listed starter did not play (model priced the wrong QB),model priced a QB who did not play; garbage time (-13.7); fourth downs (-3.7),7.016,7.176,knowable,1.0,0.0,-2.516,0.0,0.0,7.0,0.0,0.0,0.0,0.0,0.0,0.0,0.0,1.0,0.0,0.0,0.0,0.0,0.676,-3.335,7.0,21.0,0.0,7.0,21.0,0.0,1.0,0.0,0.0,0.862,4.0,1.4,29.0,22.0,archive,-2.6,0.0,-2.194,53.0,20.0,6.0,2.0,-11.041,0.0,0.0,0.0,123.0,120.706,2.294,True,12.5,0.032,0.032,4.266,0.425,3.812,False,1,0.0,7,7,-0.016,0.034,True
2026_01_DEN_KC,spread,2026,2026,1,KC,DEN,DEN +2.5,2.5,42.5,-1.98,41.663,4.48,0.389,0.542,31.0,10.0,21.0,41.0,False,False,-1.1,-18.5,-22.98,-5.782,-4.098,-13.099,-0.424,0.003,0.017,-5.378,-0.002,-0.0,0.009,0.098,-0.027,-4.177,knowable,,opp_qb_out,garbage time (-5.4); fourth downs (-4.2); and outplayed (-13.1),2.079,1.676,knowable,1.0,2.0,-5.778,-6.603,14.0,3.0,0.0,0.0,0.0,0.0,0.0,0.0,0.0,0.0,0.0,0.0,0.0,0.0,0.383,0.247,10.0,3.0,10.0,0.0,0.0,3.0,0.0,0.0,1.0,1.0,13.0,13.0,91.0,91.0,pbp_text,0.0,0.0,0.41,60.0,52.0,2.0,1.0,12.13,0.0,0.0,0.0,110.0,122.367,-12.367,False,2.5,-0.384,-1.432,3.047,0.311,-3.88,True,1,0.0,7,7,-0.022,-0.017,True
2026_02_CAR_ATL,spread,2026,2026,2,ATL,CAR,ATL +2.5,-2.5,43.5,5.903,50.555,8.403,0.717,0.309,3.0,34.0,-31.0,37.0,False,False,-1.1,-28.5,-36.903,-30.236,-0.111,-6.556,-14.145,-0.003,-1.454,-14.632,0.002,0.0,-0.009,-0.138,0.778,-0.745,luck,,listed starter did not play (model priced the wrong QB),model priced a QB who did not play; garbage time (-14.6); turnovers 5-0 (-14.1),0.649,-14.954,knowable,5.0,0.0,-28.154,0.0,0.0,14.0,0.0,1.0,0.0,0.0,0.0,0.0,1.0,0.0,0.0,0.0,0.0,0.0,-2.957,0.788,0.0,15.0,0.0,0.0,15.0,0.0,1.0,0.0,0.0,1.0,,,,,none,0.0,0.0,6.058,39.0,63.0,2.0,2.0,-2.275,0.0,0.0,0.0,126.0,120.245,5.755,True,2.5,0.24,0.24,8.162,0.776,6.563,False,1,1.0,7,7,-0.032,0.028,True
2026_03_CAR_CLE,spread,2026,2026,3,CLE,CAR,CLE +2.5,-2.5,41.5,1.561,44.397,4.061,0.597,0.427,21.0,18.0,3.0,39.0,True,False,1.0,5.5,1.439,,,1.439,,,,,,,,,,,,earned,,no play-by-play yet,,,,,,,,,,,,,,,,,,,,,,,,,,,,,,0.0,0.0,0.977,1.0,12.0,,68.0,,none,0.0,0.0,,,,,,,0.0,,,136.0,118.155,17.845,True,2.5,0.478,0.478,3.583,0.147,3.983,False,0,0.0,7,7,-0.065,0.015,False
2015_01_IND_BUF,under,2015-18,2015,1,BUF,IND,Under 44.5,-1.0,44.5,-0.987,42.018,-2.482,0.498,0.586,27.0,14.0,13.0,41.0,True,False,1.0,3.5,1.018,-6.493,1.522,5.989,-1.106,1.346,0.452,-7.184,-0.184,-0.121,0.175,2.504,-0.518,-0.335,,earned,,covered anyway; garbage time (-7.2),,,,0.0,3.0,0.0,-10.601,10.0,0.0,0.0,0.0,0.0,0.0,0.0,0.0,0.0,1.0,0.0,0.0,0.0,0.0,2.07,-3.126,17.0,14.0,17.0,0.0,0.0,14.0,0.0,0.0,1.0,1.0,15.0,13.6,56.0,55.6,archive,-1.4,0.0,-2.666,113.0,49.0,0.0,2.0,-1.915,0.0,0.0,0.0,121.0,127.084,-6.084,True,1.0,-0.989,-0.989,1.002,0.553,-1.322,False,0,0.0,7,7,-0.039,-0.023,True
2015_01_GB_CHI,under,2015-18,2015,1,CHI,GB,Under 48.5,-5.5,48.5,-9.509,46.222,-2.278,0.4,0.581,23.0,31.0,-8.0,54.0,False,False,-1.1,-5.5,-7.778,-0.956,2.197,-9.019,-0.148,1.346,-1.185,-0.969,-0.184,-0.331,0.175,1.775,-0.295,1.057,variance,,,"outplayed, no luck (residual -9.0)",,,,1.0,0.0,-6.046,0.0,0.0,7.0,0.0,0.0,0.0,0.0,0.0,0.0,0.0,0.0,0.0,0.0,0.0,0.0,2.384,0.693,7.0,7.0,0.0,7.0,7.0,0.0,0.0,0.0,1.0,1.0,11.0,7.6,72.0,63.9,archive,-3.4,0.0,-1.664,64.0,74.0,3.0,1.0,2.134,0.0,0.0,0.0,121.0,125.313,-4.313,False,-5.5,-3.231,-3.231,0.778,0.996,-1.631,False,1,0.0,7,7,0.034,0.011,True
2015_01_CLE_NYJ,under,2015-18,2015,1,NYJ,CLE,Under 39,3.5,39.0,-0.519,36.145,-2.855,0.382,0.605,31.0,10.0,21.0,41.0,False,False,-1.1,-2.0,-4.855,-3.126,4.378,-6.107,-4.619,1.346,-0.346,0.494,2.327,-0.236,0.175,2.057,-0.305,0.361,luck,,line_u41,"5 turnovers, 21 pts off them (-4.6)",,,,1.0,4.0,1.529,-18.753,21.0,0.0,0.0,0.0,0.0,0.0,0.0,0.0,0.0,0.0,0.0,0.0,0.0,0.0,0.583,0.375,10.0,0.0,10.0,0.0,0.0,0.0,0.0,0.0,1.0,0.256,8.0,5.5,77.0,71.2,archive,-2.5,0.0,5.386,30.0,109.0,1.0,2.0,-3.216,0.0,0.0,0.0,122.0,126.997,-4.997,False,3.5,-1.556,-3.551,0.468,1.967,0.699,False,0,0.0,7,7,-0.036,-0.004,True
2015_01_NO_ARI,under,2015-18,2015,1,ARI,NO,Under 48.5,2.0,48.5,5.553,46.785,-1.715,0.63,0.567,31.0,19.0,12.0,50.0,False,False,-1.1,-1.5,-3.215,2.968,-0.767,-5.416,1.13,1.346,-1.097,1.59,-0.184,0.026,0.175,0.219,0.028,-1.031,variance,,,nothing stands out: ordinary miss (residual -5.4),,,,1.0,1.0,-4.467,-3.951,3.0,0.0,0.0,0.0,0.0,0.0,0.0,0.0,0.0,0.0,0.0,0.0,0.0,0.0,1.165,1.69,7.0,0.0,7.0,0.0,0.0,0.0,0.0,0.0,1.0,1.0,,,,,none,0.0,0.0,0.259,30.0,73.0,0.0,1.0,2.151,0.0,0.0,0.0,126.0,126.532,-0.532,True,-2.0,2.542,2.542,1.011,0.958,1.493,False,0,1.0,7,7,-0.033,0.047,True
2015_01_DET_SD,under,2015-18,2015,1,LAC,DET,Under 45.5,3.5,45.5,-0.034,42.403,-3.097,0.395,0.61,33.0,28.0,5.0,61.0,False,False,-1.1,-15.5,-18.597,-4.37,0.956,-15.182,-0.148,-3.325,0.071,-0.969,-0.184,-0.226,0.175,2.575,0.343,-1.727,variance,,,return TD (-3.3); and outplayed (-15.2),,,,3.0,2.0,-16.322,-9.031,7.0,7.0,0.0,1.0,0.0,0.0,0.0,0.0,0.0,0.0,1.0,0.0,0.0,0.0,-0.366,0.27,7.0,7.0,7.0,0.0,0.0,7.0,0.0,0.0,1.0,1.0,10.0,7.6,84.0,88.5,archive,-2.4,0.0,0.288,40.0,29.0,0.0,0.0,0.0,0.0,0.0,0.0,119.0,125.255,-6.255,False,3.5,-2.126,-2.126,1.408,0.661,-2.026,False,0,0.0,7,7,-0.018,-0.0,True
2015_01_CIN_OAK,under,2015-18,2015,1,LV,CIN,Under 43,-3.0,43.0,-4.593,41.546,-1.454,0.469,0.56,13.0,33.0,-20.0,46.0,False,False,-1.1,-3.0,-4.454,-6.085,4.077,-2.446,1.13,1.346,0.087,-8.646,2.327,-0.236,0.175,0.532,0.223,1.057,luck,,,garbage time (-8.6),,,,2.0,0.0,-9.17,0.0,0.0,3.0,0.0,0.0,0.0,0.0,0.0,0.0,0.0,0.0,0.0,1.0,0.0,1.0,0.068,-0.201,13.0,22.0,0.0,13.0,22.0,0.0,0.0,0.0,0.277,1.0,9.0,6.5,73.0,96.6,archive,-2.5,0.0,-1.78,32.0,50.0,3.0,1.0,-0.538,0.0,0.0,0.0,125.0,126.292,-1.292,False,-3.0,-0.746,-0.746,0.848,0.501,-2.558,False,0,0.0,7,7,-0.015,-0.028,True
2015_01_TEN_TB,under,2015-18,2015,1,TB,TEN,Under 40.5,3.0,40.5,6.946,37.385,-3.115,0.631,0.61,14.0,42.0,-28.0,56.0,False,False,-1.1,-15.5,-18.615,-11.976,6.258,-12.896,-2.384,-3.325,-0.181,-6.087,-0.184,-0.236,0.175,5.871,-0.425,1.057,knowable,,line_u41,garbage time (-6.1); return TD (-3.3); and outplayed (-12.9),,,,2.0,1.0,-12.504,-4.57,7.0,14.0,0.0,1.0,0.0,0.0,0.0,0.0,0.0,0.0,0.0,0.0,0.0,0.0,0.135,0.405,7.0,21.0,0.0,7.0,21.0,0.0,0.0,0.0,1.0,1.0,8.0,5.5,84.0,80.1,archive,-2.5,0.0,-1.267,97.0,55.0,4.0,0.0,1.532,0.0,0.0,0.0,109.0,123.264,-14.264,True,-3.0,1.136,3.131,0.815,1.427,0.481,False,0,0.0,7,7,-0.016,-0.008,True
2015_01_NYG_DAL,under,2015-18,2015,1,DAL,NYG,Under 52,7.0,52.0,3.69,47.059,-4.941,0.379,0.665,27.0,26.0,1.0,53.0,False,False,-1.1,-1.0,-5.941,-2.357,-2.407,-1.178,-1.106,-3.325,-0.979,3.053,-0.184,0.026,0.175,-0.947,0.25,-1.727,luck,,,return TD (-3.3),,,,3.0,0.0,-18.17,0.0,0.0,17.0,0.0,1.0,0.0,0.0,0.0,0.0,0.0,0.0,0.0,0.0,0.0,0.0,0.486,2.07,0.0,3.0,0.0,0.0,3.0,0.0,0.0,0.0,1.0,1.0,,,,,none,0.0,0.0,3.651,35.0,44.0,0.0,0.0,0.0,0.0,0.0,0.0,128.0,125.699,2.301,False,7.0,-1.565,-3.56,-0.25,1.266,-0.386,True,1,1.0,7,7,0.015,0.049,True
2015_01_PHI_ATL,under,2015-18,2015,1,ATL,PHI,Under 55,-3.5,55.0,1.896,51.333,-3.667,0.694,0.629,26.0,24.0,2.0,50.0,True,False,1.0,5.0,1.333,0.449,-3.113,3.996,-2.384,1.346,-0.104,1.59,-0.184,0.026,0.175,-1.738,-0.36,-1.031,,earned,,covered anyway (miss +1.3 inside the edge),,,,2.0,2.0,-9.883,-7.729,7.0,7.0,0.0,0.0,0.0,0.0,0.0,0.0,0.0,1.0,0.0,0.0,0.0,0.0,3.897,-3.551,7.0,0.0,7.0,0.0,0.0,0.0,0.0,0.0,1.0,1.0,,,,72.0,pbp_text,0.0,0.0,1.879,57.0,88.0,0.0,1.0,-2.617,0.0,0.0,0.0,135.0,130.777,4.223,True,3.5,0.144,0.144,5.252,0.335,5.927,True,0,1.0,7,7,0.027,-0.003,True
2015_01_MIN_SF,under,2015-18,2015,1,SF,MIN,Under 42.5,-2.5,42.5,-0.064,38.58,-3.92,0.566,0.642,20.0,3.0,17.0,23.0,True,False,1.0,19.5,15.58,7.063,2.648,5.868,1.13,1.346,4.094,0.494,-0.184,0.33,0.175,2.439,0.223,-0.335,,earned,,covered anyway (miss +15.6 inside the edge),,,,1.0,1.0,-5.162,-5.318,3.0,0.0,0.0,0.0,0.0,0.0,0.0,0.0,1.0,1.0,0.0,0.0,1.0,0.0,-6.624,-3.631,10.0,0.0,10.0,0.0,0.0,0.0,0.0,0.0,1.0,1.0,5.0,7.9,70.0,63.3,archive,2.9,0.0,-3.393,57.0,25.0,0.0,2.0,6.119,0.0,0.0,0.0,118.0,123.927,-5.927,True,2.5,-1.188,-3.183,5.619,1.057,4.956,True,0,0.0,7,7,-0.006,0.009,True
2015_02_DEN_KC,under,2015-18,2015,2,KC,DEN,Under 42,3.0,42.0,-1.2,40.793,-1.207,0.386,0.555,24.0,31.0,-7.0,55.0,False,False,-1.1,-13.0,-14.207,-5.511,-2.899,-5.797,-0.148,-7.996,-1.151,3.784,-0.184,-1.043,0.175,-0.456,-0.36,-1.031,variance,,,return TD (-8.0),,,,5.0,1.0,-26.455,-8.829,7.0,14.0,1.0,1.0,0.0,0.0,0.0,0.0,0.0,0.0,0.0,0.0,0.0,0.0,0.588,2.403,0.0,1.0,0.0,0.0,1.0,0.0,0.0,0.0,0.941,1.0,13.0,2.4,87.0,84.8,archive,-10.6,0.0,-0.907,60.0,85.0,0.0,1.0,4.151,0.0,0.0,0.0,128.0,126.892,1.108,False,3.0,-2.393,-2.393,1.808,0.987,-1.987,True,1,0.0,4,4,-0.021,0.0,True
2015_02_ARI_CHI,under,2015-18,2015,2,CHI,ARI,Under 45.5,-2.0,45.5,-6.38,44.473,-1.027,0.364,0.553,23.0,48.0,-25.0,71.0,False,False,-1.1,-25.5,-26.527,-12.594,5.955,-19.887,-2.064,-7.996,-0.834,-1.7,2.327,-0.025,0.175,4.941,-1.128,-0.335,variance,,,return TD (-8.0); and outplayed (-19.9),,,,2.0,2.0,-9.788,-9.45,6.0,14.0,0.0,1.0,0.0,1.0,0.0,0.0,0.0,0.0,0.0,1.0,0.0,0.0,2.718,-0.527,3.0,13.0,0.0,3.0,13.0,0.0,0.0,0.0,0.316,1.0,6.0,5.5,70.0,65.3,archive,-0.5,0.0,-4.089,170.0,58.0,1.0,1.0,-3.613,0.0,0.0,0.0,112.0,124.004,-12.004,False,-2.0,-4.079,-4.079,0.3,0.62,-4.273,False,0,0.0,7,7,-0.025,0.029,True
2015_02_SD_CIN,under,2015-18,2015,2,CIN,LAC,Under 47.5,3.5,47.5,7.36,45.91,-1.59,0.607,0.56,24.0,19.0,5.0,43.0,True,False,1.0,4.5,2.91,5.287,1.78,-4.157,-0.148,1.346,2.499,1.59,-0.184,0.238,0.175,3.583,-0.305,-1.727,,luck,,covered anyway (miss +2.9 inside the edge),,,,2.0,3.0,-10.559,-12.314,7.0,0.0,0.0,0.0,0.0,0.0,0.0,0.0,1.0,1.0,0.0,0.0,0.0,0.0,-3.202,-3.024,1.0,6.0,1.0,0.0,0.0,6.0,0.0,0.0,1.0,1.0,6.0,8.1,69.0,69.3,archive,2.1,0.0,0.518,75.0,64.0,0.0,0.0,0.0,0.0,0.0,0.0,117.0,125.705,-8.705,True,-3.5,5.152,5.152,-1.292,2.383,-1.948,False,0,0.0,7,7,-0.01,0.006,True
2015_02_DET_MIN,under,2015-18,2015,2,MIN,DET,Under 44,2.5,44.0,2.681,41.525,-2.475,0.534,0.584,26.0,16.0,10.0,42.0,True,False,1.0,2.0,-0.475,1.352,-1.624,-0.204,1.13,1.346,0.212,-1.334,-0.184,1.246,0.175,-2.945,-0.277,0.361,,earned,,covered anyway (miss -0.5 inside the edge),,,,1.0,3.0,-5.225,-18.03,3.0,0.0,0.0,0.0,0.0,0.0,0.0,0.0,0.0,0.0,1.0,0.0,0.0,0.0,-0.612,0.163,9.0,6.0,9.0,0.0,0.0,6.0,0.0,0.0,1.0,1.0,0.0,12.1,67.0,66.6,archive,12.1,0.0,-5.554,97.0,39.0,1.0,2.0,-3.46,0.0,0.0,0.0,131.0,123.846,7.154,True,-2.5,1.376,1.376,-1.196,2.784,6.962,False,1,0.0,6,7,0.003,-0.014,True
2015_02_ATL_NYG,under,2015-18,2015,2,NYG,ATL,Under 49.5,2.0,49.5,1.019,46.281,-3.219,0.499,0.615,20.0,24.0,-4.0,44.0,True,False,1.0,5.5,2.281,4.427,-3.185,1.039,-0.148,1.346,-0.92,4.15,-0.184,0.106,0.175,-2.307,0.056,-1.031,,earned,,covered anyway (miss +2.3 inside the edge),,,,1.0,0.0,-4.422,0.0,0.0,7.0,0.0,0.0,0.0,0.0,0.0,0.0,0.0,0.0,0.0,0.0,0.0,0.0,1.349,1.058,0.0,0.0,0.0,0.0,0.0,0.0,0.0,0.0,1.0,1.0,9.0,9.8,73.0,72.8,archive,0.8,0.0,-0.69,35.0,65.0,1.0,0.0,-1.255,0.0,0.0,0.0,134.0,128.394,5.606,False,2.0,-2.057,-2.057,-1.077,1.344,2.017,False,0,0.0,6,7,0.026,0.013,True
2015_02_SF_PIT,under,2015-18,2015,2,PIT,SF,Under 46,6.0,46.0,7.842,41.727,-4.273,0.547,0.645,43.0,18.0,25.0,61.0,False,False,-1.1,-15.0,-19.273,-10.236,-2.345,-6.692,-0.148,1.346,-0.228,-11.205,-0.184,-0.246,0.175,-3.862,0.019,1.753,variance,,,garbage time (-11.2); pace (-3.9),,,,0.0,1.0,0.0,-5.067,7.0,0.0,0.0,0.0,0.0,0.0,0.0,0.0,0.0,0.0,1.0,0.0,0.0,0.0,-0.73,1.39,27.0,15.0,27.0,0.0,0.0,15.0,0.0,0.0,1.0,1.0,10.0,7.3,66.0,68.4,archive,-2.7,0.0,3.59,58.0,46.0,0.0,5.0,-2.401,0.0,0.0,0.0,133.0,123.616,9.384,True,-6.0,3.494,4.453,-2.611,1.131,-0.829,False,0,0.0,10,6,0.069,-0.01,True
2015_02_DAL_PHI,under,2015-18,2015,2,PHI,DAL,Under 53,7.0,53.0,2.613,44.052,-8.948,0.348,0.749,10.0,20.0,-10.0,30.0,True,False,1.0,23.0,14.052,1.014,-0.279,13.317,-0.148,1.346,1.882,-2.066,-0.184,-0.831,0.175,2.48,-0.888,-1.031,,earned,,covered anyway (miss +14.1 inside the edge),,,,3.0,2.0,-17.203,-11.442,0.0,7.0,0.0,0.0,0.0,0.0,0.0,0.0,0.0,0.0,0.0,0.0,1.0,0.0,-4.93,0.263,10.0,7.0,0.0,10.0,7.0,0.0,0.0,0.0,1.0,0.795,15.0,6.5,77.0,77.2,archive,-8.5,0.0,5.179,60.0,142.0,1.0,0.0,4.251,0.0,0.0,0.0,123.0,129.024,-6.024,False,7.0,2.438,3.397,7.784,1.234,-7.35,False,1,0.0,7,6,0.044,-0.002,True
2015_02_SEA_GB,under,2015-18,2015,2,GB,SEA,Under 49,3.5,49.0,3.411,45.465,-3.535,0.494,0.62,27.0,17.0,10.0,44.0,True,False,1.0,5.0,1.465,3.119,-0.53,-1.124,1.13,1.346,-2.409,3.053,-0.184,-0.347,0.175,1.747,-0.194,-1.727,,earned,,covered anyway (miss +1.5 inside the edge),,,,1.0,2.0,-4.852,-7.074,3.0,0.0,0.0,0.0,0.0,0.0,0.0,0.0,0.0,0.0,0.0,0.0,0.0,0.0,3.785,2.382,3.0,0.0,3.0,0.0,0.0,0.0,0.0,0.0,1.0,1.0,9.0,5.3,62.0,64.0,archive,-3.7,0.0,0.779,35.0,92.0,0.0,0.0,0.0,0.0,0.0,0.0,120.0,124.244,-4.244,False,3.5,0.102,0.102,0.191,0.364,0.384,True,0,0.0,7,7,-0.006,0.05,True
2015_03_CIN_BAL,under,2015-18,2015,3,BAL,CIN,Under 45.5,2.5,45.5,3.912,44.695,-0.805,0.572,0.555,24.0,28.0,-4.0,52.0,False,False,-1.1,-6.5,-7.305,-2.8,-0.6,-3.906,-2.384,-3.325,0.953,1.956,-0.184,-0.08,0.175,-1.553,-0.712,1.753,knowable,,wk3_4,return TD (-3.3),,,,1.0,2.0,-5.422,-13.572,14.0,7.0,1.0,0.0,0.0,0.0,0.0,0.0,1.0,0.0,0.0,0.0,0.0,0.0,-2.593,0.27,6.0,0.0,0.0,6.0,0.0,0.0,0.0,0.0,1.0,1.0,12.0,11.0,70.0,72.9,archive,-1.0,0.0,-0.794,116.0,67.0,3.0,2.0,12.386,0.0,0.0,0.0,130.0,126.228,3.772,True,-2.5,0.226,0.226,1.186,1.146,4.209,False,1,0.0,7,7,0.015,-0.008,True
2015_03_NO_CAR,under,2015-18,2015,3,CAR,NO,Under 43,10.0,43.0,11.641,41.386,-1.614,0.532,0.567,27.0,22.0,5.0,49.0,False,False,-1.1,-6.0,-7.614,0.889,0.482,-8.985,1.13,-3.325,-0.699,3.784,-0.184,0.258,0.175,0.91,-0.342,-0.335,knowable,,wk3_4,return TD (-3.3); and outplayed (-9.0),,,,0.0,2.0,0.0,-6.779,3.0,0.0,0.0,0.0,0.0,1.0,0.0,0.0,0.0,0.0,0.0,0.0,0.0,0.0,1.608,0.242,1.0,0.0,1.0,0.0,0.0,0.0,0.0,0.0,1.0,1.0,9.0,11.2,69.0,64.2,archive,2.2,0.0,-2.148,88.0,55.0,1.0,1.0,-0.794,0.0,0.0,0.0,127.0,129.21,-2.21,True,-10.0,2.598,3.768,-2.127,1.792,-2.694,False,1,0.0,7,7,-0.03,0.037,True
2015_03_SD_MIN,under,2015-18,2015,3,MIN,LAC,Under 45.5,2.5,45.5,5.343,42.363,-3.137,0.612,0.615,31.0,14.0,17.0,45.0,True,False,1.0,0.5,-2.637,-3.688,-2.083,3.134,1.13,-3.325,-0.158,-1.334,-0.184,-0.027,0.175,-0.952,-0.064,-1.031,,earned,wk3_4,covered anyway; return TD (-3.3),,,,1.0,2.0,-4.462,-14.731,10.0,0.0,1.0,0.0,0.0,0.0,0.0,0.0,0.0,0.0,0.0,0.0,0.0,0.0,0.348,0.135,8.0,7.0,8.0,0.0,0.0,7.0,0.0,0.0,1.0,0.864,12.0,11.5,75.0,73.7,archive,-0.5,0.0,7.916,39.0,74.0,0.0,1.0,2.897,0.0,0.0,0.0,126.0,123.686,2.314,True,-2.5,4.726,4.726,-1.883,0.993,0.452,False,0,0.0,7,7,0.001,0.009,True
2015_03_JAX_NE,under,2015-18,2015,3,NE,JAX,Under 48.5,14.5,48.5,10.714,47.124,-1.376,0.378,0.56,51.0,17.0,34.0,68.0,False,False,-1.1,-19.5,-20.876,-15.159,-1.979,-3.738,-0.148,1.346,-1.495,-14.861,-0.184,-0.301,0.175,-0.288,-0.351,-1.031,knowable,,wk3_4,garbage time (-14.9),,,,0.0,1.0,0.0,-4.17,7.0,0.0,0.0,0.0,0.0,0.0,0.0,0.0,0.0,0.0,0.0,0.0,0.0,0.0,3.056,0.804,38.0,14.0,38.0,0.0,0.0,14.0,0.0,0.0,1.0,1.0,6.0,2.9,68.0,68.6,archive,-3.1,0.0,2.804,30.0,114.0,0.0,1.0,2.293,0.0,0.0,0.0,129.0,128.301,0.699,False,14.5,-1.821,-1.821,1.965,0.947,-5.956,False,0,0.0,7,7,-0.034,0.058,True
2015_03_PHI_NYJ,under,2015-18,2015,3,NYJ,PHI,Under 47,3.0,47.0,4.577,44.834,-2.166,0.564,0.576,17.0,24.0,-7.0,41.0,True,False,1.0,6.0,3.834,-9.059,-5.651,18.544,-0.148,-3.325,-0.961,-4.625,-0.184,-0.111,0.175,-4.101,0.297,-1.727,,earned,wk3_4,covered anyway; garbage time (-4.6); pace (-4.1),,,,4.0,1.0,-16.392,-5.623,0.0,7.0,0.0,0.0,0.0,1.0,0.0,0.0,0.0,0.0,0.0,0.0,0.0,0.0,2.156,0.355,17.0,7.0,0.0,17.0,7.0,0.0,0.0,0.0,1.0,1.0,7.0,5.7,66.0,68.1,archive,-1.3,0.0,-1.646,53.0,21.0,0.0,0.0,0.0,0.0,0.0,0.0,139.0,129.037,9.963,True,-3.0,0.747,0.747,0.83,0.866,-0.302,False,0,0.0,6,7,-0.014,-0.021,True
2015_03_IND_TEN,under,2015-18,2015,3,TEN,IND,Under 46.5,-3.0,46.5,-2.788,44.834,-1.666,0.523,0.567,33.0,35.0,-2.0,68.0,False,False,-1.1,-21.5,-23.166,-6.578,-1.809,-14.778,-3.342,-3.325,-0.405,0.494,-0.184,0.289,0.175,-1.57,-0.184,-0.335,knowable,,wk3_4,"4 turnovers, 24 pts off them (-3.3); return TD (-3.3); and outplayed (-14.8)",,,,2.0,2.0,-14.223,-13.473,10.0,14.0,0.0,1.0,0.0,0.0,0.0,0.0,0.0,0.0,0.0,0.0,0.0,0.0,0.77,0.338,3.0,7.0,3.0,0.0,1.0,6.0,0.0,0.0,1.0,1.0,3.0,5.5,74.0,72.4,archive,2.5,0.0,3.418,55.0,71.0,1.0,1.0,-1.25,0.0,0.0,0.0,128.0,124.185,3.815,True,3.0,-1.085,-1.085,1.297,0.6,-1.042,False,1,0.0,7,6,-0.003,-0.019,True
2015_03_SF_ARI,under,2015-18,2015,3,ARI,SF,Under 45,7.0,45.0,8.927,43.013,-1.987,0.537,0.574,47.0,7.0,40.0,54.0,False,False,-1.1,-9.0,-10.987,-19.752,2.404,6.36,-1.106,-7.996,-0.176,-10.474,-0.184,0.026,0.175,3.075,0.343,-1.031,luck,,wk3_4,garbage time (-10.5); return TD (-8.0),,,,1.0,4.0,-2.547,-19.622,24.0,0.0,2.0,0.0,0.0,0.0,0.0,0.0,0.0,0.0,0.0,0.0,0.0,0.0,0.46,0.069,33.0,7.0,33.0,0.0,0.0,7.0,0.0,0.0,1.0,1.0,,,,,none,0.0,0.0,-0.191,24.0,45.0,1.0,0.0,1.349,0.0,0.0,0.0,116.0,123.472,-7.472,True,-7.0,3.674,4.844,-2.917,2.504,-3.983,False,1,1.0,7,7,-0.022,0.013,True
2015_04_PHI_WAS,under,2015-18,2015,4,WAS,PHI,Under 46,-3.0,46.0,-3.198,42.341,-3.659,0.506,0.625,23.0,20.0,3.0,43.0,True,False,1.0,3.0,-0.659,4.219,-2.262,-2.616,-0.148,1.346,1.065,1.956,-0.184,-0.094,0.175,-0.426,-0.703,-1.031,,luck,wk3_4,covered anyway (miss -0.7 inside the edge),,,,1.0,2.0,-4.274,-5.215,0.0,7.0,0.0,0.0,0.0,0.0,0.0,0.0,0.0,1.0,0.0,1.0,0.0,0.0,0.989,-3.595,0.0,6.0,0.0,0.0,0.0,6.0,0.0,0.0,1.0,1.0,13.0,11.9,58.0,61.0,archive,-1.1,0.0,2.334,110.0,72.0,0.0,1.0,-0.07,0.0,0.0,0.0,130.0,128.966,1.034,False,-3.0,-1.65,-1.65,-1.453,0.691,0.361,False,1,0.0,7,10,-0.038,0.001,True
2015_04_CLE_SD,under,2015-18,2015,4,LAC,CLE,Under 44.5,4.5,44.5,-0.49,41.401,-3.099,0.347,0.613,30.0,27.0,3.0,57.0,False,False,-1.1,-12.5,-15.599,5.945,-3.48,-18.063,2.088,1.346,-1.638,4.15,-0.184,-0.606,0.175,-0.991,-0.147,-1.727,knowable,,wk3_4,"outplayed, no luck (residual -18.1)",,,,0.0,1.0,0.0,-4.576,0.0,0.0,0.0,0.0,0.0,0.0,0.0,0.0,0.0,0.0,0.0,0.0,0.0,0.0,2.816,1.405,0.0,0.0,0.0,0.0,0.0,0.0,0.0,0.0,1.0,1.0,11.0,5.2,68.0,68.4,archive,-5.8,0.0,2.747,31.0,91.0,0.0,0.0,0.0,0.0,0.0,0.0,128.0,125.592,2.408,False,4.5,-4.374,-4.374,0.616,0.579,-4.422,False,0,0.0,7,7,-0.018,0.002,True
2015_04_MIN_DEN,under,2015-18,2015,4,DEN,MIN,Under 43.5,7.0,43.5,8.931,40.349,-3.151,0.536,0.613,23.0,20.0,3.0,43.0,True,False,1.0,0.5,-2.651,2.569,2.848,-8.069,-1.106,1.346,0.374,1.956,-0.184,-0.138,0.175,2.605,0.028,0.361,,luck,wk3_4,covered anyway (miss -2.7 inside the edge),,,,2.0,1.0,-7.755,-3.339,0.0,10.0,0.0,0.0,0.0,0.0,0.0,0.0,0.0,1.0,0.0,0.0,0.0,0.0,2.267,-3.126,0.0,6.0,0.0,0.0,0.0,6.0,0.0,0.0,1.0,1.0,9.0,7.5,61.0,65.1,archive,-1.5,0.0,0.409,40.0,63.0,1.0,2.0,-6.276,0.0,0.0,0.0,120.0,126.33,-6.33,True,-7.0,0.571,0.571,1.36,0.374,2.144,False,0,0.0,7,7,-0.041,-0.005,True
2015_04_GB_SF,under,2015-18,2015,4,SF,GB,Under 48,-7.5,48.0,-12.116,43.298,-4.702,0.385,0.658,3.0,17.0,-14.0,20.0,True,False,1.0,28.0,23.298,7.218,2.931,13.149,2.088,1.346,0.732,3.053,-0.184,-0.421,0.175,2.897,0.102,0.361,,earned,wk3_4,covered anyway (miss +23.3 inside the edge),,,,1.0,0.0,-0.569,0.0,0.0,0.0,0.0,0.0,0.0,0.0,0.0,0.0,0.0,1.0,0.0,0.0,0.0,0.0,0.264,-2.028,0.0,3.0,0.0,0.0,3.0,0.0,0.0,0.0,1.0,1.0,5.0,0.9,74.0,72.8,archive,-4.1,0.0,3.33,30.0,65.0,1.0,2.0,-7.428,0.0,0.0,0.0,118.0,125.039,-7.039,False,-7.5,-4.557,-5.855,-1.239,0.957,-6.937,False,0,0.0,6,7,0.052,0.002,True
2015_04_DET_SEA,under,2015-18,2015,4,SEA,DET,Under 43,10.0,43.0,8.367,38.736,-4.264,0.43,0.651,13.0,10.0,3.0,23.0,True,False,1.0,20.0,15.736,1.125,2.451,12.16,2.088,-3.325,-1.787,4.15,-0.184,-0.366,0.175,4.192,0.361,-1.727,,earned,wk3_4,covered anyway; return TD (-3.3),,,,3.0,1.0,-17.906,-5.048,0.0,7.0,0.0,1.0,0.0,0.0,0.0,0.0,0.0,0.0,0.0,0.0,0.0,0.0,3.849,0.749,0.0,0.0,0.0,0.0,0.0,0.0,0.0,0.0,1.0,1.0,8.0,4.4,74.0,70.4,archive,-3.6,0.0,2.221,30.0,37.0,0.0,0.0,0.0,0.0,0.0,0.0,113.0,123.184,-10.184,False,10.0,0.098,0.098,1.731,0.13,-1.635,True,0,0.0,8,8,-0.019,-0.015,True
2015_05_STL_GB,under,2015-18,2015,5,GB,LA,Under 45,8.5,45.0,8.654,42.101,-2.899,0.477,0.613,24.0,10.0,14.0,34.0,True,False,1.0,11.0,8.101,3.997,-2.236,6.34,1.13,-3.325,3.14,3.053,-0.184,0.026,0.175,-1.909,-0.009,-0.335,,earned,,covered anyway; return TD (-3.3),,,,3.0,4.0,-15.398,-19.507,7.0,3.0,1.0,0.0,0.0,0.0,0.0,0.0,0.0,3.0,0.0,0.0,0.0,1.0,0.506,-8.35,3.0,0.0,3.0,0.0,0.0,0.0,0.0,0.0,1.0,0.971,14.0,14.0,67.0,68.3,archive,0.0,0.0,-3.798,67.0,40.0,1.0,1.0,-7.301,0.0,0.0,0.0,127.0,122.361,4.639,True,-8.5,-0.552,-0.552,0.706,1.426,3.501,False,0,0.0,7,7,0.045,-0.049,True
2015_05_NO_PHI,under,2015-18,2015,5,PHI,NO,Under 49.5,6.5,49.5,5.557,48.303,-1.197,0.452,0.558,39.0,17.0,22.0,56.0,False,False,-1.1,-6.5,-7.697,-9.421,-6.364,8.087,-6.216,1.346,-0.291,-4.259,-0.184,-0.236,0.175,-6.416,-0.064,0.361,luck,,,"pace (-6.4); 6 turnovers, 26 pts off them (-6.2)",,,,2.0,4.0,-9.904,-21.691,19.0,7.0,0.0,0.0,0.0,0.0,0.0,0.0,0.0,0.0,1.0,0.0,0.0,0.0,0.652,0.168,16.0,7.0,16.0,0.0,0.0,7.0,0.0,0.0,1.0,1.0,6.0,3.6,67.0,65.1,archive,-2.4,0.0,1.101,35.0,78.0,2.0,1.0,-9.704,0.0,0.0,0.0,147.0,131.412,15.588,False,6.5,2.204,2.204,3.147,0.646,-0.784,False,0,0.0,7,7,0.056,-0.03,True
2015_05_DEN_OAK,under,2015-18,2015,5,LV,DEN,Under 44.5,-5.0,44.5,-9.209,42.273,-2.227,0.393,0.578,10.0,16.0,-6.0,26.0,True,False,1.0,18.5,16.273,2.024,0.816,13.433,1.13,-3.325,1.167,3.053,-0.184,-0.747,0.175,2.259,-0.351,-0.335,,earned,,covered anyway; return TD (-3.3),,,,3.0,2.0,-15.656,-6.212,0.0,10.0,0.0,1.0,0.0,0.0,0.0,0.0,2.0,0.0,0.0,0.0,1.0,0.0,-4.876,2.014,3.0,0.0,0.0,3.0,0.0,0.0,0.0,0.0,1.0,1.0,10.0,2.9,72.0,86.3,archive,-7.1,0.0,-2.182,41.0,103.0,2.0,0.0,0.163,0.0,0.0,0.0,122.0,127.488,-5.488,False,-5.0,-2.168,-2.168,2.041,0.615,-5.546,False,1,0.0,7,7,-0.036,0.002,True
2015_05_SF_NYG,under,2015-18,2015,5,NYG,SF,Under 43.5,7.5,43.5,11.484,39.991,-3.509,0.586,0.628,30.0,27.0,3.0,57.0,False,False,-1.1,-13.5,-17.009,6.764,-6.024,-17.749,2.088,1.346,-0.818,4.15,-0.184,0.309,0.175,-4.718,0.121,-1.727,variance,,,pace (-4.7); and outplayed (-17.7),,,,1.0,0.0,-2.8,0.0,0.0,0.0,0.0,0.0,0.0,0.0,0.0,0.0,0.0,0.0,0.0,0.0,0.0,0.0,1.055,1.096,0.0,0.0,0.0,0.0,0.0,0.0,0.0,0.0,1.0,1.0,4.0,6.6,61.0,58.2,archive,2.6,0.0,-1.623,65.0,28.0,0.0,0.0,0.0,0.0,0.0,0.0,138.0,126.539,11.461,True,-7.5,3.694,5.119,-1.134,0.556,5.159,True,0,0.0,7,7,0.014,-0.004,True
2015_06_CAR_SEA,under,2015-18,2015,6,SEA,CAR,Under 41,7.0,41.0,2.756,39.991,-1.009,0.345,0.552,23.0,27.0,-4.0,50.0,False,False,-1.1,-9.0,-10.009,4.761,-3.104,-11.666,0.171,1.346,-0.906,4.15,-0.184,-0.061,0.175,-2.309,0.306,-1.031,variance,,,"outplayed, no luck (residual -11.7)",,,,0.0,2.0,0.0,-6.166,6.0,0.0,0.0,0.0,0.0,0.0,0.0,0.0,0.0,0.0,0.0,1.0,0.0,0.0,3.101,-0.73,0.0,0.0,0.0,0.0,0.0,0.0,0.0,0.0,1.0,1.0,5.0,4.3,61.0,57.4,archive,-0.7,0.0,1.633,48.0,25.0,0.0,1.0,2.502,0.0,0.0,0.0,130.0,124.389,5.611,False,7.0,-1.677,-1.677,2.567,2.62,-10.638,False,0,0.0,14,7,-0.018,-0.019,True
2015_06_SD_GB,under,2015-18,2015,6,GB,LAC,Under 50,10.5,50.0,13.871,43.592,-6.408,0.569,0.699,27.0,20.0,7.0,47.0,True,False,1.0,3.0,-3.408,7.179,-5.838,-4.749,2.088,1.346,-0.404,4.15,-0.184,-0.851,0.175,-5.155,-0.184,0.361,,luck,,covered anyway; pace (-5.2),,,,0.0,1.0,0.0,-4.732,0.0,0.0,0.0,0.0,0.0,0.0,0.0,0.0,0.0,0.0,0.0,0.0,0.0,0.0,0.386,0.719,0.0,0.0,0.0,0.0,0.0,0.0,0.0,0.0,1.0,1.0,12.0,4.9,54.0,51.3,archive,-7.1,0.0,4.129,50.0,76.0,0.0,3.0,2.327,0.0,0.0,0.0,137.0,124.476,12.524,True,-10.5,4.405,4.405,-1.034,0.741,5.088,False,0,0.0,7,6,0.024,0.011,True
2015_06_BAL_SF,under,2015-18,2015,6,SF,BAL,Under 43.5,-2.5,43.5,-7.185,42.057,-1.443,0.356,0.56,25.0,20.0,5.0,45.0,False,False,-1.1,-1.5,-2.943,1.24,-1.554,-2.628,0.171,1.346,-0.04,-0.238,-0.184,0.051,0.175,-1.176,0.611,-1.031,variance,,,nothing stands out: ordinary miss (residual -2.6),,,,0.0,2.0,0.0,-10.829,6.0,0.0,0.0,0.0,0.0,0.0,0.0,0.0,0.0,1.0,0.0,0.0,0.0,0.0,3.521,-3.337,0.0,12.0,0.0,0.0,0.0,12.0,0.0,0.0,1.0,1.0,7.0,7.2,69.0,66.9,archive,0.2,0.0,0.665,25.0,15.0,0.0,1.0,-3.861,0.0,0.0,0.0,130.0,127.142,2.858,False,-2.5,-5.396,-6.509,-1.824,2.035,0.297,False,0,0.0,7,7,0.009,0.016,True
2015_06_NE_IND,under,2015-18,2015,6,IND,NE,Under 53.5,-8.0,53.5,-3.591,51.073,-2.427,0.659,0.579,27.0,34.0,-7.0,61.0,False,False,-1.1,-7.5,-9.927,0.234,-2.686,-7.475,2.088,-3.325,-0.119,1.59,-0.184,0.026,0.175,-3.122,-0.638,1.057,variance,,,return TD (-3.3); pace (-3.1),,,,0.0,1.0,0.0,-6.452,7.0,0.0,1.0,0.0,0.0,0.0,0.0,0.0,0.0,0.0,1.0,0.0,1.0,0.0,-0.726,1.111,6.0,1.0,0.0,6.0,1.0,0.0,0.0,0.0,1.0,1.0,,4.0,,52.0,pbp_text,0.0,0.0,-0.4,103.0,72.0,3.0,1.0,-4.882,0.0,0.0,0.0,136.0,128.414,7.586,True,8.0,0.704,0.704,3.706,0.269,3.848,True,0,1.0,10,7,-0.005,0.056,True
2015_06_NYG_PHI,under,2015-18,2015,6,PHI,NYG,Under 50.5,3.5,50.5,4.508,49.109,-1.391,0.519,0.56,27.0,7.0,20.0,34.0,True,False,1.0,16.5,15.109,-3.422,-2.882,21.412,-0.148,-3.325,-0.442,0.494,-0.184,0.26,0.175,-1.548,-0.555,-1.031,,earned,,covered anyway; return TD (-3.3),,,,4.0,3.0,-17.636,-16.421,14.0,0.0,1.0,0.0,0.0,0.0,0.0,0.0,0.0,0.0,0.0,0.0,0.0,0.0,1.079,0.122,10.0,0.0,10.0,0.0,0.0,0.0,0.0,0.0,1.0,1.0,6.0,7.9,44.0,46.5,archive,1.9,0.0,-0.206,72.0,94.0,0.0,1.0,3.383,0.0,0.0,0.0,137.0,133.24,3.76,True,-3.5,1.558,1.558,-0.55,0.438,0.849,True,1,0.0,8,8,-0.031,0.033,True
2015_07_SEA_SF,under,2015-18,2015,7,SF,SEA,Under 41.5,-6.5,41.5,-6.847,36.444,-5.056,0.492,0.67,3.0,20.0,-17.0,23.0,True,False,1.0,18.5,13.444,3.202,2.869,7.374,1.13,1.346,-1.23,1.956,-0.184,-0.426,0.175,4.121,0.213,-1.031,,earned,,covered anyway (miss +13.4 inside the edge),,,,0.0,2.0,0.0,-4.835,3.0,0.0,0.0,0.0,0.0,0.0,0.0,0.0,0.0,0.0,0.0,0.0,0.0,0.0,0.379,2.811,3.0,3.0,0.0,3.0,3.0,0.0,0.0,0.0,1.0,1.0,8.0,4.1,75.0,77.6,archive,-3.9,0.0,1.734,33.0,50.0,0.0,1.0,-2.454,0.0,0.0,0.0,112.0,122.012,-10.012,False,-6.5,-2.272,-3.347,-3.0,1.134,2.412,True,1,0.0,4,4,-0.017,0.019,True
2015_07_NO_IND,under,2015-18,2015,7,IND,NO,Under 52.5,5.5,52.5,2.573,47.074,-5.426,0.409,0.675,21.0,27.0,-6.0,48.0,True,False,1.0,4.5,-0.926,-4.284,-5.446,8.804,-0.148,1.346,0.239,-5.721,-0.184,0.165,0.175,-4.238,-0.332,-1.031,,earned,,covered anyway; garbage time (-5.7); pace (-4.2),,,,3.0,1.0,-13.351,-4.167,0.0,7.0,0.0,0.0,0.0,0.0,0.0,0.0,0.0,0.0,0.0,1.0,0.0,0.0,0.206,-0.726,20.0,7.0,0.0,20.0,7.0,0.0,0.0,0.0,1.0,0.979,,8.2,,58.5,archive,1.2,0.0,3.765,42.0,100.0,0.0,1.0,-4.266,0.0,0.0,0.0,140.0,129.703,10.297,False,5.5,-0.697,-0.697,2.23,1.291,-5.966,False,0,0.0,10,7,0.05,-0.0,True
2015_07_HOU_MIA,under,2015-18,2015,7,MIA,HOU,Under 46.5,4.5,46.5,0.379,42.363,-4.137,0.367,0.64,44.0,26.0,18.0,70.0,False,False,-1.1,-23.5,-27.637,-17.596,-3.053,-6.989,0.171,-3.325,-0.312,-14.13,-0.184,-0.403,0.175,-1.879,0.269,-1.031,variance,,,garbage time (-14.1); return TD (-3.3),,,,1.0,1.0,-4.742,-6.845,7.0,6.0,1.0,0.0,0.0,0.0,0.0,0.0,0.0,0.0,1.0,1.0,0.0,0.0,1.669,-0.797,24.0,26.0,24.0,0.0,0.0,26.0,0.0,0.0,0.96,1.0,13.0,9.3,84.0,81.2,archive,-3.7,0.0,-1.849,52.0,25.0,0.0,1.0,2.946,0.0,0.0,0.0,135.0,130.435,4.565,False,4.5,-1.303,-1.303,2.818,0.815,-4.059,False,0,0.0,7,7,-0.026,0.012,True
2015_07_ATL_TEN,under,2015-18,2015,7,TEN,ATL,Under 45.5,-5.5,45.5,-6.86,41.587,-3.913,0.472,0.635,7.0,10.0,-3.0,17.0,True,False,1.0,28.5,24.587,6.557,2.652,15.379,-0.148,1.346,1.21,4.15,-0.184,0.003,0.175,2.222,0.075,0.361,,earned,,covered anyway (miss +24.6 inside the edge),,,,2.0,2.0,-8.097,-10.884,7.0,0.0,0.0,0.0,0.0,0.0,0.0,0.0,0.0,1.0,0.0,0.0,0.0,0.0,0.068,-3.037,0.0,0.0,0.0,0.0,0.0,0.0,0.0,0.0,1.0,1.0,8.0,7.8,59.0,62.7,archive,-0.2,0.0,0.592,45.0,53.0,1.0,2.0,5.179,0.0,0.0,0.0,119.0,124.399,-5.399,False,-5.5,-1.722,-2.797,-1.438,1.959,3.375,False,0,0.0,10,7,0.035,-0.008,True
2015_07_OAK_SD,under,2015-18,2015,7,LAC,LV,Under 48,3.5,48.0,4.883,45.289,-2.711,0.532,0.595,29.0,37.0,-8.0,66.0,False,False,-1.1,-18.0,-20.711,-12.198,-8.546,0.032,-1.106,1.346,-0.866,-11.571,-0.184,0.003,0.175,-5.74,-1.073,-1.727,in-game events,,,garbage time (-11.6); pace (-5.7),,,,2.0,0.0,-10.94,0.0,0.0,10.0,0.0,0.0,0.0,0.0,0.0,0.0,0.0,0.0,0.0,0.0,0.0,0.0,1.481,0.791,26.0,17.0,0.0,26.0,17.0,0.0,0.0,0.0,1.0,1.0,4.0,3.8,77.0,83.3,archive,-0.2,0.0,5.559,86.0,136.0,0.0,0.0,0.0,0.0,0.0,0.0,139.0,125.055,13.945,True,-3.5,-2.006,-2.006,3.389,0.327,1.168,False,1,0.0,7,14,0.022,-0.014,True
2015_08_SD_BAL,under,2015-18,2015,8,BAL,LAC,Under 50,4.5,50.0,8.19,46.672,-3.328,0.594,0.618,29.0,26.0,3.0,55.0,False,False,-1.1,-5.0,-8.328,5.11,-0.668,-12.769,2.088,1.346,-2.473,4.15,-0.184,0.164,0.175,0.263,-0.055,-1.031,variance,,,"outplayed, no luck (residual -12.8)",,,,0.0,0.0,0.0,0.0,0.0,0.0,0.0,0.0,0.0,0.0,0.0,0.0,0.0,0.0,0.0,1.0,0.0,1.0,4.877,1.454,0.0,0.0,0.0,0.0,0.0,0.0,0.0,0.0,1.0,1.0,10.0,11.2,63.0,65.3,archive,1.2,0.0,1.062,46.0,66.0,1.0,0.0,1.576,0.0,0.0,0.0,127.0,127.638,-0.638,True,-4.5,4.304,4.304,-0.614,0.593,2.568,False,0,0.0,6,7,0.02,0.03,True
2015_08_ARI_CLE,under,2015-18,2015,8,CLE,ARI,Under 46,-7.0,46.0,-3.65,42.799,-3.201,0.623,0.618,20.0,34.0,-14.0,54.0,False,False,-1.1,-8.0,-11.201,0.68,-5.274,-6.607,-3.342,1.346,-0.011,2.687,-0.184,-0.514,0.175,-4.146,0.426,-1.031,variance,,,"pace (-4.1); 6 turnovers, 17 pts off them (-3.3)",,,,2.0,4.0,-9.791,-17.804,7.0,10.0,0.0,0.0,0.0,0.0,0.0,0.0,0.0,0.0,1.0,0.0,0.0,0.0,-0.797,0.91,0.0,4.0,0.0,0.0,4.0,0.0,0.0,0.0,0.851,1.0,21.0,16.3,58.0,57.8,archive,-4.7,0.0,-2.196,35.0,25.0,1.0,0.0,-2.037,0.0,0.0,0.0,135.0,124.928,10.072,True,7.0,-1.004,-1.004,4.354,0.277,3.329,False,0,0.0,7,6,-0.023,-0.005,True
2015_08_SF_STL,under,2015-18,2015,8,LA,SF,Under 41,8.0,41.0,12.24,35.864,-5.136,0.597,0.667,27.0,6.0,21.0,33.0,True,False,1.0,8.0,2.864,5.136,-4.005,1.733,2.088,1.346,0.478,1.225,-0.184,0.026,0.175,-2.297,-0.693,-1.031,,earned,,covered anyway (miss +2.9 inside the edge),,,,1.0,0.0,-5.911,0.0,0.0,0.0,0.0,0.0,0.0,0.0,0.0,0.0,1.0,0.0,0.0,0.0,1.0,0.0,-2.837,1.715,8.0,0.0,8.0,0.0,0.0,0.0,0.0,0.0,1.0,1.0,,,,,none,0.0,0.0,0.011,93.0,88.0,0.0,1.0,3.341,0.0,0.0,0.0,126.0,120.419,5.581,True,-8.0,4.247,6.054,-1.814,0.633,5.121,False,1,1.0,7,10,-0.078,0.01,True
2015_08_GB_DEN,under,2015-18,2015,8,DEN,GB,Under 46,-2.5,46.0,1.326,42.66,-3.34,0.605,0.618,29.0,10.0,19.0,39.0,True,False,1.0,7.0,3.66,3.496,5.197,-5.033,2.088,1.346,-1.894,1.956,-0.184,-0.595,0.175,7.546,-0.018,-1.727,,earned,,covered anyway (miss +3.7 inside the edge),,,,1.0,0.0,-3.352,0.0,0.0,0.0,0.0,0.0,0.0,0.0,0.0,0.0,0.0,0.0,0.0,0.0,0.0,0.0,2.084,2.783,6.0,0.0,6.0,0.0,0.0,0.0,0.0,0.0,1.0,1.0,9.0,3.6,61.0,61.6,archive,-5.4,0.0,-9.315,93.0,15.0,0.0,0.0,0.0,0.0,0.0,0.0,109.0,127.334,-18.334,True,2.5,0.095,0.095,3.731,0.528,4.897,True,0,0.0,14,14,-0.064,0.032,True
2015_09_CLE_CIN,under,2015-18,2015,9,CIN,CLE,Under 45.5,13.0,45.5,13.151,41.047,-4.453,0.5,0.652,31.0,10.0,21.0,41.0,True,False,1.0,4.5,0.047,5.779,6.373,-12.104,2.088,1.346,1.12,1.225,-0.184,0.412,0.175,5.071,0.537,0.361,,luck,,covered anyway (miss +0.0 inside the edge),,,,0.0,0.0,0.0,0.0,0.0,0.0,0.0,0.0,0.0,0.0,0.0,0.0,0.0,0.0,0.0,0.0,1.0,0.0,-2.907,0.162,8.0,0.0,8.0,0.0,0.0,0.0,0.0,0.0,1.0,1.0,4.0,7.4,71.0,68.2,archive,3.4,0.0,4.503,20.0,28.0,1.0,2.0,1.695,0.0,0.0,0.0,116.0,128.321,-12.321,True,-13.0,1.352,3.318,-3.168,1.373,-3.013,True,1,0.0,4,4,0.017,-0.022,True
2015_09_STL_MIN,under,2015-18,2015,9,MIN,LA,Under 40,2.0,40.0,0.733,38.545,-1.455,0.491,0.559,21.0,18.0,3.0,39.0,True,False,1.0,1.0,-0.455,6.177,-8.543,1.911,2.088,1.346,-1.406,4.15,-0.184,0.026,-1.591,-5.319,-0.444,-1.031,,luck,line_u41,covered anyway; pace (-5.3),,,,1.0,0.0,-3.914,0.0,0.0,0.0,0.0,0.0,0.0,0.0,0.0,0.0,0.0,1.0,0.0,0.0,0.0,0.0,1.067,2.569,0.0,0.0,0.0,0.0,0.0,0.0,0.0,0.0,0.781,1.0,14.0,14.0,51.0,50.9,archive,0.0,0.0,2.265,67.0,87.0,0.0,1.0,-2.178,1.0,3.0,0.0,133.0,120.077,12.923,False,2.0,-0.702,-0.702,0.565,1.01,-3.349,False,0,0.0,7,7,-0.089,-0.005,True
2015_09_WAS_NE,under,2015-18,2015,9,NE,WAS,Under 51.5,13.5,51.5,11.603,49.586,-1.914,0.441,0.568,27.0,10.0,17.0,37.0,True,False,1.0,14.5,12.586,-4.146,-1.992,18.723,-1.106,1.346,-0.126,-4.259,-0.184,-0.383,0.175,-1.599,0.334,-0.335,,earned,,covered anyway; garbage time (-4.3),,,,2.0,2.0,-9.834,-9.859,10.0,0.0,0.0,0.0,0.0,0.0,0.0,0.0,0.0,0.0,0.0,0.0,0.0,0.0,0.285,0.118,13.0,10.0,13.0,0.0,0.0,10.0,0.0,0.0,1.0,1.0,12.0,8.4,54.0,51.4,archive,-3.6,0.0,-2.213,43.0,27.0,1.0,1.0,5.092,0.0,0.0,0.0,130.0,126.115,3.885,False,13.5,-2.224,-2.224,-0.327,0.845,-0.313,False,0,0.0,14,10,0.01,0.061,True
2015_09_ATL_SF,under,2015-18,2015,9,SF,ATL,Under 43.5,-9.5,43.5,-10.607,39.8,-3.7,0.466,0.625,17.0,16.0,1.0,33.0,True,False,1.0,10.5,6.8,5.668,1.953,-0.822,1.13,1.346,-0.956,4.15,-0.184,0.469,0.175,1.708,0.121,-0.335,,earned,,covered anyway (miss +6.8 inside the edge),,,,2.0,0.0,-5.605,0.0,0.0,3.0,0.0,0.0,0.0,0.0,0.0,0.0,0.0,0.0,0.0,0.0,0.0,0.0,1.086,1.414,0.0,0.0,0.0,0.0,0.0,0.0,0.0,0.0,0.968,1.0,0.0,3.9,58.0,58.1,archive,3.9,0.0,-0.488,30.0,63.0,2.0,0.0,3.671,0.0,0.0,0.0,122.0,126.149,-4.149,False,-9.5,-3.65,-5.616,-4.509,2.004,3.239,False,0,0.0,7,7,0.016,-0.006,True
2015_09_DEN_IND,under,2015-18,2015,9,IND,DEN,Under 45,-3.5,45.0,-4.949,39.157,-5.843,0.492,0.68,27.0,24.0,3.0,51.0,False,False,-1.1,-6.0,-11.843,-3.206,-0.713,-7.924,-0.148,-3.325,-1.323,1.59,-0.184,-0.224,0.175,1.034,0.213,-1.727,variance,,,return TD (-3.3),,,,0.0,2.0,0.0,-8.239,7.0,0.0,0.0,0.0,0.0,1.0,0.0,0.0,0.0,0.0,0.0,0.0,0.0,0.0,3.079,0.348,7.0,0.0,7.0,0.0,0.0,0.0,0.0,0.0,1.0,1.0,,4.8,,53.0,archive,-2.2,0.0,1.783,30.0,53.0,0.0,0.0,0.0,0.0,0.0,0.0,127.0,129.511,-2.511,False,-3.5,-1.93,-1.93,-0.481,0.292,-2.148,False,0,0.0,7,6,-0.058,-0.014,True
2015_10_DET_GB,under,2015-18,2015,10,GB,DET,Under 50,10.5,50.0,11.088,43.935,-6.065,0.484,0.686,16.0,18.0,-2.0,34.0,True,False,1.0,16.0,9.935,5.334,-9.004,13.605,2.088,1.346,-0.055,1.956,-0.184,0.094,0.175,-8.207,0.149,-1.031,,earned,,covered anyway; pace (-8.2),,,,0.0,1.0,0.0,-3.184,0.0,0.0,0.0,0.0,0.0,0.0,0.0,0.0,1.0,0.0,0.0,2.0,0.0,0.0,-0.676,0.9,0.0,6.0,0.0,0.0,6.0,0.0,0.0,0.0,1.0,1.0,7.0,7.6,55.0,52.9,archive,0.6,0.0,0.439,55.0,35.0,0.0,1.0,-1.832,0.0,0.0,0.0,145.0,125.061,19.939,True,-10.5,0.768,0.768,-0.18,1.835,4.938,False,1,0.0,7,14,0.032,-0.009,True
2015_10_MIA_PHI,under,2015-18,2015,10,PHI,MIA,Under 49,5.5,49.0,6.304,43.679,-5.321,0.514,0.67,19.0,20.0,-1.0,39.0,True,False,1.0,10.0,4.679,9.956,-7.101,1.824,2.088,1.346,2.374,4.15,2.327,-0.397,0.175,-8.575,-0.295,-0.335,,earned,,covered anyway; pace (-8.6),,,,1.0,0.0,-4.231,0.0,0.0,0.0,0.0,0.0,0.0,0.0,0.0,0.0,1.0,0.0,0.0,0.0,1.0,0.0,-6.862,0.953,0.0,0.0,0.0,0.0,0.0,0.0,0.0,0.0,0.537,1.0,13.0,9.3,59.0,54.5,archive,-3.7,0.0,0.341,54.0,84.0,2.0,0.0,0.277,0.0,0.0,0.0,151.0,130.168,20.832,True,-5.5,0.637,0.637,0.167,1.23,-2.106,False,0,0.0,7,7,-0.036,0.032,True
2015_10_MIN_OAK,under,2015-18,2015,10,LV,MIN,Under 44,3.0,44.0,-2.592,41.262,-2.738,0.338,0.602,14.0,30.0,-16.0,44.0,False,True,0.0,0.0,-2.738,-2.031,-2.812,2.105,-1.106,-3.325,1.906,0.494,-0.184,-2.319,0.175,1.159,0.084,-1.727,,,,return TD (-3.3),,,,2.0,0.0,-10.478,0.0,0.0,10.0,0.0,0.0,0.0,1.0,0.0,0.0,0.0,2.0,0.0,0.0,0.0,1.0,0.135,-4.864,0.0,10.0,0.0,0.0,10.0,0.0,0.0,0.0,1.0,1.0,31.0,10.5,62.0,64.4,archive,-20.5,0.0,-4.137,82.0,15.0,0.0,0.0,0.0,0.0,0.0,0.0,123.0,125.817,-2.817,False,3.0,-1.65,-1.65,3.942,0.706,-7.265,False,0,0.0,7,7,-0.012,0.014,True
2015_11_IND_ATL,under,2015-18,2015,11,ATL,IND,Under 47.5,3.5,47.5,8.608,43.87,-3.63,0.63,0.628,21.0,24.0,-3.0,45.0,True,False,1.0,2.5,-1.13,3.455,-1.869,-2.716,2.088,-3.325,0.908,3.784,-0.184,0.026,0.175,-0.809,-0.046,-1.031,,luck,,covered anyway; return TD (-3.3),,,,4.0,3.0,-17.5,-15.217,0.0,7.0,0.0,1.0,0.0,0.0,0.0,0.0,1.0,0.0,0.0,0.0,0.0,0.0,-3.101,0.893,1.0,0.0,1.0,0.0,0.0,0.0,0.0,0.0,1.0,1.0,,,,,none,0.0,0.0,-0.723,69.0,42.0,1.0,0.0,-0.076,0.0,0.0,0.0,132.0,130.034,1.966,True,-3.5,1.674,3.944,1.165,0.821,3.677,False,0,1.0,14,14,0.013,-0.006,True
2015_11_STL_BAL,under,2015-18,2015,11,BAL,LA,Under 41,3.0,41.0,4.141,39.807,-1.193,0.542,0.553,16.0,13.0,3.0,29.0,True,False,1.0,12.0,10.807,4.865,-3.212,9.154,-3.98,1.346,3.35,4.15,-0.184,-0.103,0.175,-1.459,-0.61,-1.031,,earned,,"covered anyway; 6 turnovers, 19 pts off them (-4.0)",,,,2.0,4.0,-10.708,-17.692,13.0,6.0,0.0,0.0,0.0,0.0,0.0,0.0,2.0,1.0,0.0,1.0,0.0,1.0,-4.381,-3.994,0.0,0.0,0.0,0.0,0.0,0.0,0.0,0.0,1.0,1.0,14.0,12.9,47.0,46.2,archive,-1.1,0.0,-7.611,137.0,35.0,1.0,0.0,-2.45,0.0,0.0,0.0,128.0,124.456,3.544,True,-3.0,0.139,0.139,1.002,0.381,1.394,False,0,0.0,7,7,0.021,-0.097,True
2015_11_TB_PHI,under,2015-18,2015,11,PHI,TB,Under 46,7.0,46.0,3.72,35.898,-10.102,0.369,0.774,17.0,45.0,-28.0,62.0,False,False,-1.1,-16.0,-26.102,-5.032,-6.07,-15.001,-0.148,-3.325,-0.59,-0.969,-0.184,-0.656,0.175,-4.366,-0.009,-1.031,variance,,,pace (-4.4); return TD (-3.3); and outplayed (-15.0),,,,4.0,0.0,-14.955,0.0,7.0,7.0,0.0,1.0,0.0,0.0,0.0,0.0,0.0,0.0,0.0,0.0,0.0,0.0,1.054,0.519,3.0,11.0,0.0,3.0,11.0,0.0,0.0,0.0,1.0,1.0,15.0,9.2,48.0,45.9,archive,-5.8,0.0,0.433,25.0,82.0,0.0,1.0,-1.955,0.0,0.0,0.0,141.0,130.394,10.606,False,7.0,-0.022,-2.292,0.988,0.528,-3.407,False,0,0.0,7,7,-0.017,-0.033,True
2015_12_NO_HOU,under,2015-18,2015,12,HOU,NO,Under 50.5,3.5,50.5,6.899,49.419,-1.081,0.583,0.55,24.0,6.0,18.0,30.0,True,False,1.0,20.5,19.419,2.978,4.133,12.309,2.088,1.346,-0.949,0.494,-0.184,0.026,0.175,5.294,-0.147,-1.031,,earned,,covered anyway (miss +19.4 inside the edge),,,,1.0,1.0,-4.402,-7.223,0.0,0.0,0.0,0.0,0.0,0.0,0.0,0.0,0.0,0.0,0.0,0.0,0.0,0.0,0.527,1.955,10.0,0.0,10.0,0.0,0.0,0.0,0.0,0.0,1.0,1.0,,9.0,,54.0,pbp_text,0.0,0.0,-1.56,40.0,82.0,0.0,1.0,2.968,0.0,0.0,0.0,119.0,131.863,-12.863,True,-3.5,0.897,0.897,2.502,1.521,-0.305,False,0,1.0,7,14,-0.042,0.077,True
2015_12_SD_JAX,under,2015-18,2015,12,JAX,LAC,Under 47,5.0,47.0,1.945,45.817,-1.183,0.394,0.55,25.0,31.0,-6.0,56.0,False,False,-1.1,-9.0,-10.183,-0.627,-4.086,-5.469,-0.148,1.346,0.972,-2.797,-0.184,-0.192,0.175,-4.952,0.01,1.057,variance,,,pace (-5.0),,,,1.0,0.0,-4.557,0.0,0.0,7.0,0.0,0.0,0.0,0.0,0.0,0.0,0.0,0.0,1.0,0.0,0.0,1.0,1.378,-3.747,12.0,7.0,0.0,12.0,7.0,0.0,0.0,0.0,1.0,1.0,8.0,6.0,75.0,73.2,archive,-2.0,0.0,1.886,35.0,70.0,3.0,1.0,0.92,0.0,0.0,0.0,139.0,126.97,12.03,False,5.0,2.496,2.496,5.552,2.607,-9.368,False,0,0.0,7,10,0.033,-0.018,True
2015_12_PIT_SEA,under,2015-18,2015,12,SEA,PIT,Under 46.5,3.0,46.5,0.82,44.386,-2.114,0.441,0.581,39.0,30.0,9.0,69.0,False,False,-1.1,-22.5,-24.614,1.038,-7.095,-18.556,-3.98,1.346,-0.112,3.784,-0.184,-0.05,0.175,-5.682,-0.323,-1.031,variance,,,"pace (-5.7); 4 turnovers, 19 pts off them (-4.0); and outplayed (-18.6)",,,,0.0,4.0,0.0,-17.862,19.0,0.0,0.0,0.0,0.0,0.0,0.0,0.0,0.0,0.0,1.0,0.0,1.0,0.0,-0.73,1.096,1.0,0.0,1.0,0.0,0.0,0.0,0.0,0.0,1.0,0.94,2.0,1.3,38.0,38.7,archive,-0.7,0.0,-2.361,76.0,65.0,0.0,1.0,6.567,0.0,0.0,0.0,136.0,122.196,13.804,False,3.0,-2.279,-2.279,-0.099,0.916,-4.38,False,0,0.0,14,7,0.033,-0.005,True
2015_13_ATL_TB,under,2015-18,2015,13,TB,ATL,Under 46.5,1.0,46.5,-1.659,42.755,-3.745,0.442,0.634,23.0,19.0,4.0,42.0,True,False,1.0,4.5,0.755,3.289,-3.763,1.23,-1.106,1.346,-1.1,4.15,-0.184,-0.78,0.175,-1.202,-0.046,-1.727,,earned,,covered anyway (miss +0.8 inside the edge),,,,2.0,1.0,-7.754,-3.402,0.0,10.0,0.0,0.0,0.0,0.0,0.0,0.0,0.0,0.0,0.0,0.0,0.0,0.0,0.192,2.671,0.0,0.0,0.0,0.0,0.0,0.0,0.0,0.0,1.0,1.0,18.0,11.2,79.0,75.7,archive,-6.8,0.0,-2.916,53.0,58.0,0.0,0.0,0.0,0.0,0.0,0.0,129.0,126.079,2.921,False,1.0,-1.829,-1.829,0.829,0.497,-3.566,False,1,0.0,7,7,-0.001,0.005,True
2015_13_DAL_WAS,under,2015-18,2015,13,WAS,DAL,Under 43,2.0,43.0,7.047,41.942,-1.058,0.673,0.551,16.0,19.0,-3.0,35.0,True,False,1.0,8.0,6.942,3.928,0.79,2.224,-1.106,1.346,-0.461,4.15,-0.184,0.464,0.175,2.395,-0.332,-1.727,,earned,,covered anyway (miss +6.9 inside the edge),,,,1.0,3.0,-4.538,-13.244,3.0,7.0,0.0,0.0,0.0,0.0,0.0,0.0,1.0,0.0,0.0,0.0,0.0,0.0,-1.085,2.334,0.0,0.0,0.0,0.0,0.0,0.0,0.0,0.0,1.0,1.0,0.0,3.7,41.0,43.3,archive,3.7,0.0,-5.733,72.0,70.0,0.0,0.0,0.0,0.0,0.0,0.0,114.0,119.818,-5.818,True,-2.0,0.904,3.188,1.859,1.288,2.025,True,1,0.0,8,11,-0.003,0.011,True
2015_14_SF_CLE,under,2015-18,2015,14,CLE,SF,Under 43,2.5,43.0,0.602,40.765,-2.235,0.474,0.58,24.0,10.0,14.0,34.0,True,False,1.0,9.0,6.765,3.152,0.672,2.941,2.088,1.346,1.053,-1.334,-0.184,0.026,0.175,0.34,-0.046,0.361,,earned,,covered anyway (miss +6.8 inside the edge),,,,2.0,0.0,-10.413,0.0,0.0,0.0,0.0,0.0,0.0,0.0,0.0,0.0,1.0,0.0,0.0,0.0,1.0,0.0,-3.604,1.03,8.0,7.0,8.0,0.0,0.0,7.0,0.0,0.0,1.0,1.0,11.0,11.0,63.0,61.0,archive,0.0,0.0,1.852,71.0,40.0,0.0,3.0,4.38,0.0,0.0,0.0,124.0,124.825,-0.825,False,2.5,1.094,1.094,2.993,2.683,-8.424,False,0,0.0,7,7,0.006,-0.006,True
2015_14_NO_TB,under,2015-18,2015,14,TB,NO,Under 52,6.0,52.0,4.698,48.739,-3.261,0.441,0.62,17.0,24.0,-7.0,41.0,True,False,1.0,11.0,7.739,8.115,-1.722,1.346,2.088,1.346,0.898,3.784,-0.184,-0.125,0.175,0.081,-0.638,-1.031,,earned,,covered anyway (miss +7.7 inside the edge),,,,0.0,0.0,0.0,0.0,0.0,0.0,0.0,0.0,0.0,0.0,0.0,0.0,1.0,0.0,0.0,0.0,0.0,0.0,-2.494,0.311,0.0,1.0,0.0,0.0,1.0,0.0,0.0,0.0,1.0,1.0,15.0,13.9,81.0,79.6,archive,-1.1,0.0,0.443,80.0,95.0,1.0,0.0,4.001,0.0,0.0,0.0,127.0,127.196,-0.196,False,6.0,-1.322,-1.322,-0.02,0.428,-1.619,False,1,0.0,7,7,0.07,0.013,True
2015_15_HOU_IND,under,2015-18,2015,15,IND,HOU,Under 42,2.5,42.0,1.212,40.793,-1.207,0.491,0.551,10.0,16.0,-6.0,26.0,True,False,1.0,16.0,14.793,3.918,6.872,4.003,-1.106,1.346,0.626,3.053,2.327,0.026,0.175,5.012,-0.332,-0.335,,earned,,covered anyway (miss +14.8 inside the edge),,,,2.0,2.0,-6.16,-9.423,7.0,3.0,0.0,0.0,0.0,0.0,0.0,0.0,0.0,1.0,0.0,0.0,0.0,0.0,0.23,-1.726,0.0,3.0,0.0,0.0,3.0,0.0,0.0,0.0,0.917,0.394,,15.0,,45.0,pbp_text,0.0,0.0,1.085,94.0,48.0,0.0,2.0,-5.714,0.0,0.0,0.0,118.0,130.176,-12.176,False,2.5,-0.724,1.513,2.801,2.484,-7.351,False,1,1.0,7,7,-0.05,-0.025,True
2015_15_TEN_NE,under,2015-18,2015,15,NE,TEN,Under 48,14.5,48.0,14.93,45.938,-2.062,0.505,0.574,33.0,16.0,17.0,49.0,False,False,-1.1,-1.0,-3.062,-9.854,1.747,5.045,0.171,-3.325,-0.248,-6.453,2.327,-0.588,0.175,0.475,0.389,-1.031,luck,,,garbage time (-6.5); return TD (-3.3),,,,1.0,3.0,-5.467,-16.9,10.0,3.0,1.0,0.0,0.0,0.0,0.0,0.0,1.0,0.0,0.0,1.0,0.0,0.0,0.04,0.671,13.0,16.0,13.0,0.0,0.0,16.0,0.0,0.0,1.0,0.22,12.0,7.7,40.0,37.5,archive,-4.3,0.0,-4.825,35.0,29.0,0.0,1.0,3.395,0.0,0.0,0.0,123.0,124.154,-1.154,True,-14.5,-0.365,-0.365,0.795,0.84,-1.09,False,0,0.0,7,7,0.031,-0.009,True
2015_15_GB_OAK,under,2015-18,2015,15,LV,GB,Under 47,-4.0,47.0,-5.962,42.27,-4.73,0.476,0.66,20.0,30.0,-10.0,50.0,False,False,-1.1,-3.0,-7.73,-1.988,-7.646,1.903,-2.384,-3.325,0.668,3.053,-0.184,-1.915,0.175,-6.188,-0.592,1.057,in-game events,,,pace (-6.2); return TD (-3.3),,,,2.0,2.0,-12.9,-7.685,7.0,14.0,0.0,1.0,0.0,0.0,0.0,0.0,0.0,1.0,0.0,0.0,0.0,1.0,0.368,-1.971,0.0,3.0,0.0,0.0,3.0,0.0,0.0,0.0,1.0,1.0,18.0,4.4,54.0,52.2,archive,-13.6,0.0,-7.194,95.0,75.0,4.0,0.0,-4.39,0.0,0.0,0.0,143.0,127.967,15.033,False,-4.0,-0.603,-0.603,1.36,0.484,-2.917,False,0,0.0,7,7,0.012,-0.012,True
2015_15_CLE_SEA,under,2015-18,2015,15,SEA,CLE,Under 45,14.5,45.0,15.733,43.09,-1.91,0.53,0.566,30.0,13.0,17.0,43.0,True,False,1.0,2.0,0.09,1.814,0.84,-2.564,2.088,1.346,-1.017,-0.603,-0.184,0.268,0.175,1.974,0.334,-1.727,,earned,,covered anyway (miss +0.1 inside the edge),,,,0.0,1.0,0.0,-2.009,0.0,0.0,0.0,0.0,0.0,0.0,0.0,0.0,0.0,0.0,0.0,0.0,0.0,0.0,1.851,0.8,10.0,3.0,10.0,0.0,0.0,3.0,0.0,0.0,1.0,1.0,10.0,11.7,47.0,44.6,archive,1.7,0.0,0.607,30.0,40.0,0.0,0.0,0.0,0.0,0.0,0.0,119.0,123.797,-4.797,True,-14.5,-0.485,-0.485,1.717,1.019,-1.221,False,0,0.0,7,7,0.011,-0.01,True
2015_15_DEN_PIT,under,2015-18,2015,15,PIT,DEN,Under 45.5,7.5,45.5,4.557,44.261,-1.239,0.374,0.553,34.0,27.0,7.0,61.0,False,False,-1.1,-15.5,-16.739,1.184,-7.409,-10.514,-4.3,1.346,-0.011,4.15,-0.184,-0.331,0.175,-5.957,-0.777,-0.335,variance,,,"pace (-6.0); 4 turnovers, 20 pts off them (-4.3); and outplayed (-10.5)",,,,2.0,2.0,-8.606,-7.715,14.0,6.0,0.0,0.0,0.0,0.0,0.0,0.0,0.0,0.0,0.0,1.0,0.0,0.0,0.843,-0.73,0.0,0.0,0.0,0.0,0.0,0.0,0.0,0.0,1.0,1.0,8.0,5.5,41.0,40.1,archive,-2.5,0.0,5.292,63.0,127.0,0.0,2.0,4.781,0.0,0.0,0.0,141.0,126.527,14.473,False,7.5,-0.07,-0.07,2.874,0.727,-4.165,False,0,0.0,7,7,-0.077,0.043,True
2015_15_MIA_SD,under,2015-18,2015,15,LAC,MIA,Under 46.5,1.0,46.5,2.883,43.555,-2.945,0.577,0.605,30.0,14.0,16.0,44.0,True,False,1.0,2.5,-0.445,-4.73,-1.856,6.141,1.13,1.346,1.441,-8.646,-0.184,-1.344,0.175,-0.735,-0.129,0.361,,earned,,covered anyway; garbage time (-8.6),,,,2.0,0.0,-1.454,0.0,3.0,0.0,0.0,0.0,0.0,0.0,0.0,0.0,1.0,0.0,1.0,0.0,0.0,0.0,-3.689,0.135,21.0,14.0,21.0,0.0,0.0,14.0,0.0,0.0,1.0,1.0,11.0,1.4,61.0,57.0,archive,-9.6,0.0,0.758,48.0,72.0,0.0,3.0,-8.848,0.0,0.0,0.0,127.0,125.215,1.785,True,-1.0,-0.327,-0.327,2.21,1.625,-1.736,False,0,0.0,7,6,0.022,0.027,True
2015_15_ARI_PHI,under,2015-18,2015,15,PHI,ARI,Under 50.5,-3.5,50.5,-4.897,48.624,-1.876,0.494,0.566,17.0,40.0,-23.0,57.0,False,False,-1.1,-6.5,-8.376,-6.073,-4.691,2.388,-0.148,-3.325,-0.168,-2.431,-0.184,-3.237,0.175,-1.647,0.537,-0.335,in-game events,,,return TD (-3.3); weather surprise (-3.2),,,,4.0,0.0,-23.674,0.0,0.0,14.0,0.0,1.0,0.0,0.0,0.0,0.0,0.0,0.0,0.0,1.0,0.0,0.0,0.565,-0.055,7.0,11.0,0.0,7.0,11.0,0.0,0.0,0.0,1.0,0.971,4.0,3.4,37.0,34.2,archive,-0.6,1.0,-2.276,38.0,10.0,2.0,0.0,-6.342,0.0,0.0,0.0,135.0,130.998,4.002,False,-3.5,-0.158,-0.158,1.239,1.65,-5.291,True,0,0.0,10,7,0.014,-0.005,True
2015_16_SD_OAK,under,2015-18,2015,16,LV,LAC,Under 45,4.0,45.0,2.16,41.196,-3.804,0.426,0.635,23.0,20.0,3.0,43.0,True,False,1.0,2.0,-1.804,1.508,-11.648,8.335,-2.703,1.346,-0.187,3.053,-0.184,-2.307,-1.591,-5.702,-0.832,-1.031,,earned,,covered anyway; pace (-5.7),,,,1.0,1.0,-5.697,-7.069,8.0,7.0,0.0,0.0,0.0,0.0,0.0,0.0,0.0,1.0,0.0,0.0,0.0,0.0,1.911,-1.353,3.0,0.0,3.0,0.0,0.0,0.0,0.0,0.0,1.0,1.0,25.0,9.2,47.0,51.8,archive,-15.8,0.0,-4.363,121.0,75.0,0.0,1.0,-0.524,1.0,3.0,0.0,141.0,127.146,13.854,False,4.0,0.81,0.81,2.65,2.196,-7.028,True,1,0.0,4,4,0.026,-0.026,True
2015_16_CLE_KC,under,2015-18,2015,16,KC,CLE,Under 42.5,11.5,42.5,15.282,40.307,-2.193,0.592,0.579,17.0,13.0,4.0,30.0,True,False,1.0,12.5,10.307,7.473,0.934,1.899,2.088,1.346,-0.109,4.15,-0.184,-3.431,0.175,2.712,-0.092,1.753,,earned,,covered anyway; weather surprise (-3.4),,,,1.0,1.0,-7.092,-6.721,0.0,0.0,0.0,0.0,0.0,0.0,0.0,0.0,0.0,1.0,0.0,0.0,0.0,1.0,0.749,-0.388,0.0,0.0,0.0,0.0,0.0,0.0,0.0,0.0,1.0,1.0,16.0,15.0,36.0,33.9,archive,-1.0,1.0,1.065,33.0,83.0,1.0,4.0,1.923,0.0,0.0,0.0,117.0,123.589,-6.589,True,-11.5,-0.004,-0.004,3.786,0.65,2.489,False,0,0.0,7,7,-0.016,0.004,True
2015_17_PIT_CLE,under,2015-18,2015,17,CLE,PIT,Under 47,-13.0,47.0,-13.078,45.01,-1.99,0.473,0.57,12.0,28.0,-16.0,40.0,True,False,1.0,7.0,5.01,2.101,-1.015,3.924,-2.384,1.346,0.817,2.322,-0.184,-0.572,0.175,-1.621,0.13,1.057,,earned,,covered anyway (miss +5.0 inside the edge),,,,4.0,3.0,-16.661,-16.292,3.0,11.0,0.0,0.0,0.0,0.0,0.0,0.0,0.0,1.0,0.0,0.0,0.0,0.0,1.068,-3.046,0.0,5.0,0.0,0.0,5.0,0.0,0.0,0.0,1.0,1.0,18.0,14.0,34.0,33.9,archive,-4.0,0.0,2.329,47.0,45.0,4.0,0.0,-5.88,0.0,0.0,0.0,130.0,126.061,3.939,False,-13.0,-0.988,-3.217,-3.139,0.798,-1.978,False,1,0.0,7,7,0.038,0.002,True
2015_17_PHI_NYG,under,2015-18,2015,17,NYG,PHI,Under 51,4.0,51.0,3.722,49.161,-1.839,0.472,0.563,30.0,35.0,-5.0,65.0,False,False,-1.1,-14.0,-15.839,-3.478,-3.109,-9.253,-2.384,-3.325,-0.822,3.053,-0.184,-0.825,0.175,-2.727,0.787,-0.335,variance,,,return TD (-3.3); and outplayed (-9.3),,,,1.0,2.0,-12.003,-9.859,14.0,7.0,0.0,1.0,0.0,0.0,0.0,0.0,0.0,0.0,0.0,0.0,0.0,0.0,1.821,0.338,3.0,0.0,0.0,3.0,0.0,0.0,0.0,0.0,1.0,1.0,17.0,11.3,45.0,42.0,archive,-5.7,0.0,0.103,10.0,11.0,2.0,0.0,-0.959,0.0,0.0,0.0,143.0,136.376,6.624,False,4.0,-0.439,-0.439,-0.162,0.192,-0.336,False,1,0.0,8,7,0.001,0.025,True
2016_01_SD_KC,under,2015-18,2016,1,KC,LAC,Under 45.5,6.5,45.5,7.363,43.39,-2.11,0.501,0.573,33.0,27.0,6.0,60.0,False,False,-1.1,-14.5,-16.61,-2.679,-8.829,-5.102,2.088,1.346,0.34,-6.453,-0.184,-0.112,-3.358,-5.118,0.278,-0.335,variance,,,garbage time (-6.5); pace (-5.1),,,,1.0,0.0,-4.773,0.0,0.0,0.0,0.0,0.0,0.0,0.0,0.0,0.0,0.0,1.0,0.0,0.0,0.0,0.0,1.964,-2.738,23.0,6.0,6.0,17.0,6.0,0.0,0.0,0.0,1.0,1.0,9.0,8.1,74.0,73.0,archive,-0.9,0.0,0.457,46.0,30.0,2.0,0.0,5.502,1.0,6.0,0.0,138.0,125.566,12.434,True,-6.5,-0.434,-0.434,1.297,0.515,1.0,False,1,0.0,7,7,-0.013,0.013,True
2016_01_MIN_TEN,under,2015-18,2016,1,TEN,MIN,Under 40,-2.5,40.0,0.595,38.72,-1.28,0.578,0.551,16.0,25.0,-9.0,41.0,False,False,-1.1,-1.0,-2.28,-4.093,-2.534,4.347,2.088,-7.996,1.322,0.494,-0.184,0.026,0.175,-1.352,0.528,-1.727,luck,,line_u41,return TD (-8.0),,,,3.0,0.0,-24.382,0.0,0.0,14.0,0.0,2.0,0.0,0.0,0.0,0.0,0.0,2.0,0.0,1.0,0.0,0.0,0.198,-3.45,6.0,4.0,0.0,6.0,4.0,0.0,0.0,0.0,1.0,1.0,5.0,5.0,76.0,78.8,archive,0.0,0.0,1.791,10.0,39.0,0.0,0.0,0.0,0.0,0.0,0.0,126.0,122.716,3.284,True,2.5,0.163,2.505,0.59,0.556,1.919,False,0,0.0,7,7,-0.013,-0.016,True
2016_01_NYG_DAL,under,2015-18,2016,1,DAL,NYG,Under 47.5,1.0,47.5,-2.792,45.093,-2.407,0.411,0.587,19.0,20.0,-1.0,39.0,True,False,1.0,8.5,6.093,3.977,-1.717,3.833,-0.148,1.346,-1.37,4.15,-0.184,0.026,0.175,-0.156,0.149,-1.727,,earned,,covered anyway (miss +6.1 inside the edge),,,,0.0,1.0,0.0,-4.119,7.0,0.0,0.0,0.0,0.0,0.0,0.0,0.0,0.0,0.0,0.0,1.0,0.0,0.0,4.339,-0.794,0.0,0.0,0.0,0.0,0.0,0.0,0.0,0.0,1.0,1.0,,,,,none,0.0,0.0,-1.29,50.0,40.0,0.0,0.0,0.0,0.0,0.0,0.0,127.0,126.622,0.378,False,1.0,-0.44,-2.782,1.01,1.025,-6.266,False,1,1.0,7,7,0.027,-0.007,True
2016_01_DET_IND,under,2015-18,2016,1,IND,DET,Under 51.5,2.5,51.5,1.255,46.106,-5.394,0.496,0.677,35.0,39.0,-4.0,74.0,False,False,-1.1,-22.5,-27.894,6.422,-4.915,-29.401,2.088,1.346,-0.795,3.784,-0.184,-0.927,0.175,-2.17,-0.083,-1.727,variance,,,"outplayed, no luck (residual -29.4)",,,,0.0,0.0,0.0,0.0,0.0,0.0,0.0,0.0,0.0,0.0,0.0,0.0,0.0,0.0,0.0,1.0,0.0,0.0,2.222,-0.13,0.0,1.0,0.0,0.0,1.0,0.0,0.0,0.0,1.0,1.0,,0.8,,74.7,archive,-6.2,0.0,1.038,45.0,70.0,0.0,0.0,0.0,0.0,0.0,0.0,132.0,126.729,5.271,False,2.5,-0.279,-0.279,0.966,0.23,-1.104,False,0,0.0,7,7,0.022,-0.017,True
2016_01_LA_SF,under,2015-18,2016,1,SF,LA,Under 44,-2.5,44.0,-0.777,37.188,-6.812,0.539,0.705,28.0,0.0,28.0,28.0,True,False,1.0,16.0,9.188,-2.08,-3.979,15.248,-2.384,1.346,-0.074,-0.969,-0.184,-1.342,0.175,-3.77,0.084,1.057,,earned,,covered anyway; pace (-3.8),,,,1.0,2.0,-3.909,-9.737,14.0,0.0,0.0,0.0,0.0,0.0,0.0,0.0,0.0,0.0,0.0,0.0,0.0,0.0,0.27,0.0,14.0,0.0,14.0,0.0,0.0,0.0,0.0,0.0,1.0,1.0,17.0,8.1,66.0,60.3,archive,-8.9,0.0,3.316,10.0,87.0,2.0,2.0,2.566,0.0,0.0,0.0,135.0,125.841,9.159,True,2.5,-0.106,-0.106,1.829,1.106,-0.942,True,1,0.0,7,7,-0.005,-0.048,True
2016_02_BAL_CLE,under,2015-18,2016,2,CLE,BAL,Under 42,-4.0,42.0,-4.654,37.192,-4.808,0.517,0.67,20.0,25.0,-5.0,45.0,False,False,-1.1,-3.0,-7.808,3.401,-2.349,-8.86,-0.787,1.346,0.886,1.956,-0.184,-0.427,0.175,-1.746,0.167,-0.335,variance,,,"outplayed, no luck (residual -8.9)",,,,2.0,2.0,-3.163,-9.647,6.0,3.0,0.0,0.0,0.0,0.0,0.0,0.0,1.0,0.0,1.0,0.0,1.0,0.0,-5.713,3.56,6.0,0.0,6.0,0.0,0.0,0.0,0.0,0.0,1.0,1.0,7.0,4.0,74.0,76.3,archive,-3.0,0.0,0.383,59.0,29.0,1.0,1.0,5.001,0.0,0.0,0.0,130.0,125.759,4.241,False,-4.0,-0.343,-2.667,-2.013,1.854,-5.156,False,1,0.0,7,7,-0.02,-0.011,True
2016_02_DAL_WAS,under,2015-18,2016,2,WAS,DAL,Under 47,3.5,47.0,3.889,45.229,-1.771,0.495,0.563,23.0,27.0,-4.0,50.0,False,False,-1.1,-3.0,-4.771,3.992,-1.867,-6.897,-1.106,1.346,-0.397,4.15,-0.184,-0.05,0.175,-1.622,0.149,-0.335,variance,,,nothing stands out: ordinary miss (residual -6.9),,,,1.0,1.0,-4.762,-5.298,3.0,7.0,0.0,0.0,0.0,0.0,0.0,0.0,0.0,0.0,0.0,0.0,0.0,0.0,0.646,0.441,0.0,0.0,0.0,0.0,0.0,0.0,0.0,0.0,1.0,1.0,6.0,5.5,81.0,84.3,archive,-0.5,0.0,-2.523,51.0,39.0,1.0,1.0,-7.027,0.0,0.0,0.0,128.0,124.06,3.94,True,-3.5,-0.114,-0.114,0.503,0.449,0.763,False,1,0.0,6,7,0.032,-0.005,True
2016_02_IND_DEN,under,2015-18,2016,2,DEN,IND,Under 47,5.0,47.0,5.265,44.947,-2.053,0.493,0.572,34.0,20.0,14.0,54.0,False,False,-1.1,-7.0,-9.053,-5.343,-2.495,-1.216,1.13,-7.996,-0.798,2.322,-0.184,-0.367,0.175,-0.7,-0.388,-1.031,in-game events,,,return TD (-8.0),,,,1.0,2.0,-6.676,-14.425,14.0,3.0,2.0,0.0,0.0,0.0,0.0,0.0,1.0,0.0,0.0,0.0,0.0,0.0,-1.13,3.23,5.0,0.0,5.0,0.0,0.0,0.0,0.0,0.0,1.0,1.0,4.0,1.4,85.0,83.8,archive,-2.6,0.0,3.802,54.0,94.0,0.0,1.0,-0.921,0.0,0.0,0.0,131.0,129.299,1.701,True,-5.0,0.582,0.582,-0.317,0.606,-1.051,False,0,0.0,10,7,-0.073,0.009,True
2016_03_HOU_NE,under,2015-18,2016,3,NE,HOU,Under 38.5,1.0,38.5,-2.262,36.708,-1.792,0.424,0.564,27.0,0.0,27.0,27.0,True,False,1.0,11.5,9.708,1.261,1.582,6.865,2.088,1.346,-0.107,-2.066,-0.184,0.272,0.175,0.514,0.445,0.361,,earned,wk3_4,covered anyway (miss +9.7 inside the edge),,,,0.0,3.0,0.0,-15.501,0.0,0.0,0.0,0.0,0.0,0.0,0.0,0.0,0.0,0.0,0.0,0.0,0.0,0.0,0.354,0.0,17.0,0.0,17.0,0.0,0.0,0.0,0.0,0.0,1.0,1.0,4.0,5.7,68.0,69.9,archive,1.7,0.0,3.657,15.0,43.0,0.0,3.0,8.472,0.0,0.0,0.0,127.0,128.248,-1.248,False,1.0,-0.203,-2.507,0.755,1.503,-6.76,True,0,0.0,4,4,-0.077,0.024,True
2016_03_DET_GB,under,2015-18,2016,3,GB,DET,Under 47.5,6.0,47.5,6.4,45.921,-1.579,0.493,0.555,34.0,27.0,7.0,61.0,False,False,-1.1,-13.5,-15.079,-7.228,3.781,-11.632,1.13,1.346,-0.326,-9.377,-0.184,-0.293,0.175,5.344,-0.231,-1.031,knowable,,wk3_4,garbage time (-9.4); and outplayed (-11.6),,,,0.0,1.0,0.0,-6.924,3.0,0.0,0.0,0.0,0.0,0.0,0.0,0.0,0.0,1.0,0.0,0.0,0.0,0.0,1.998,-1.091,13.0,24.0,13.0,0.0,0.0,24.0,0.0,0.0,1.0,1.0,17.0,14.8,72.0,72.4,archive,-2.2,0.0,4.924,45.0,86.0,0.0,1.0,-3.886,0.0,0.0,0.0,114.0,126.984,-12.984,True,-6.0,0.375,0.375,0.025,0.544,-0.714,False,1,0.0,7,7,-0.022,0.053,True
2016_03_CLE_MIA,under,2015-18,2016,3,MIA,CLE,Under 42,10.0,42.0,10.395,38.85,-3.15,0.475,0.613,30.0,24.0,6.0,54.0,False,False,-1.1,-12.0,-15.15,1.264,-12.074,-4.34,-0.148,-3.325,2.781,1.956,-0.184,-1.48,-3.358,-4.845,-0.481,-1.727,knowable,,wk3_4,pace (-4.8); overtime (-3.4),,,,3.0,1.0,-14.17,-5.114,7.0,7.0,0.0,1.0,0.0,0.0,0.0,0.0,0.0,3.0,0.0,0.0,0.0,0.0,0.636,-7.574,6.0,0.0,6.0,0.0,0.0,0.0,0.0,0.0,1.0,0.792,16.0,5.6,86.0,82.0,archive,-10.4,0.0,1.505,67.0,91.0,0.0,0.0,0.0,1.0,6.0,0.0,138.0,126.23,11.77,True,-10.0,1.158,3.462,-3.067,0.558,1.312,False,0,0.0,7,7,0.008,-0.005,True
2016_04_IND_JAX,under,2015-18,2016,4,JAX,IND,Under 48,1.0,48.0,0.924,46.444,-1.556,0.517,0.552,30.0,27.0,3.0,57.0,False,False,-1.1,-9.0,-10.556,-4.22,-5.027,-1.309,-0.148,1.346,-2.621,-2.797,-0.184,-0.66,0.175,-3.638,-1.082,0.361,in-game events,,wk3_4,pace (-3.6),,,,0.0,1.0,0.0,-4.739,7.0,0.0,0.0,0.0,0.0,0.0,0.0,0.0,0.0,0.0,0.0,0.0,0.0,0.0,2.87,3.833,7.0,12.0,7.0,0.0,0.0,12.0,0.0,0.0,1.0,1.0,7.0,1.8,59.0,75.5,archive,-5.2,0.0,-7.939,145.0,78.0,1.0,2.0,5.977,0.0,0.0,0.0,137.0,128.162,8.838,False,1.0,0.443,0.443,0.519,0.561,-1.441,False,1,0.0,7,7,-0.001,-0.008,True
2016_04_NO_SD,under,2015-18,2016,4,LAC,NO,Under 54,4.0,54.0,3.43,51.058,-2.942,0.464,0.61,34.0,35.0,-1.0,69.0,False,False,-1.1,-15.0,-17.942,-2.902,-2.714,-12.326,-4.3,1.346,-0.807,0.859,-0.184,-0.027,0.175,-2.584,0.241,-0.335,knowable,,wk3_4,"5 turnovers, 20 pts off them (-4.3); and outplayed (-12.3)",,,,3.0,2.0,-11.606,-9.413,6.0,14.0,0.0,0.0,0.0,0.0,0.0,0.0,0.0,0.0,0.0,0.0,0.0,0.0,1.784,0.338,3.0,6.0,3.0,0.0,0.0,6.0,0.0,0.0,1.0,1.0,8.0,7.6,74.0,76.5,archive,-0.4,0.0,0.263,46.0,34.0,1.0,1.0,-6.257,0.0,0.0,0.0,135.0,128.722,6.278,False,4.0,-0.531,-0.531,0.039,0.287,-0.955,False,0,0.0,6,7,0.083,0.019,True
2016_04_KC_PIT,under,2015-18,2016,4,PIT,KC,Under 48,3.0,48.0,-0.341,44.693,-3.307,0.403,0.618,43.0,14.0,29.0,57.0,False,False,-1.1,-9.0,-12.307,-11.91,0.205,-0.602,-2.703,1.346,0.653,-11.205,-0.184,-0.409,0.175,0.28,-0.018,0.361,luck,,wk3_4,garbage time (-11.2),,,,0.0,2.0,0.0,-11.202,15.0,0.0,0.0,0.0,0.0,0.0,0.0,0.0,0.0,1.0,0.0,0.0,0.0,0.0,0.305,-1.868,28.0,14.0,28.0,0.0,0.0,14.0,0.0,0.0,1.0,1.0,6.0,2.7,59.0,61.9,archive,-3.3,0.0,-2.282,68.0,40.0,0.0,3.0,-5.169,0.0,0.0,0.0,126.0,126.681,-0.681,False,3.0,-0.466,-0.466,2.876,1.123,-6.073,True,0,0.0,7,7,-0.035,0.003,True
2016_05_ARI_SF,under,2015-18,2016,5,SF,ARI,Under 42.5,-3.5,42.5,0.655,36.746,-5.754,0.65,0.685,21.0,33.0,-12.0,54.0,False,False,-1.1,-11.5,-17.254,-1.814,-6.357,-9.082,-1.106,1.346,-0.354,-1.7,-0.184,-1.313,0.175,-4.208,0.204,-1.031,variance,,,pace (-4.2); and outplayed (-9.1),,,,3.0,0.0,-15.829,0.0,0.0,10.0,0.0,0.0,0.0,0.0,0.0,0.0,0.0,0.0,0.0,0.0,0.0,0.0,0.335,0.643,7.0,9.0,0.0,7.0,9.0,0.0,0.0,0.0,1.0,1.0,16.0,5.5,75.0,75.2,archive,-10.5,0.0,5.006,34.0,50.0,1.0,0.0,2.441,0.0,0.0,0.0,138.0,127.777,10.223,True,3.5,0.718,2.765,1.391,0.397,3.896,True,1,0.0,4,4,-0.013,-0.004,True
2016_05_NE_CLE,under,2015-18,2016,5,CLE,NE,Under 47.5,-10.0,47.5,-5.858,39.047,-8.453,0.64,0.737,13.0,33.0,-20.0,46.0,True,False,1.0,1.5,-6.953,2.435,-0.566,-8.823,2.088,1.346,0.702,-1.7,2.327,-0.255,0.175,-2.571,0.093,-0.335,,luck,,covered anyway (miss -7.0 inside the edge),,,,1.0,0.0,-3.161,0.0,0.0,0.0,0.0,0.0,0.0,0.0,0.0,0.0,0.0,1.0,0.0,0.0,0.0,0.0,0.068,-1.755,6.0,10.0,0.0,6.0,10.0,0.0,0.0,0.0,0.214,0.977,13.0,10.8,58.0,56.1,archive,-2.2,0.0,1.423,35.0,61.0,1.0,1.0,1.657,0.0,0.0,0.0,134.0,127.754,6.246,True,10.0,0.168,2.216,1.927,0.774,2.612,False,0,0.0,7,7,0.0,0.012,True
2016_05_TEN_MIA,under,2015-18,2016,5,MIA,TEN,Under 44.5,2.5,44.5,3.236,42.364,-2.136,0.549,0.573,17.0,30.0,-13.0,47.0,False,False,-1.1,-2.5,-4.636,-0.237,5.142,-9.54,1.13,-3.325,0.002,1.956,-0.184,-0.165,0.175,6.504,-0.157,-1.031,variance,,,return TD (-3.3); and outplayed (-9.5),,,,2.0,0.0,-8.637,0.0,0.0,3.0,0.0,0.0,1.0,0.0,0.0,0.0,0.0,0.0,0.0,1.0,0.0,1.0,0.2,-0.121,0.0,6.0,0.0,0.0,6.0,0.0,0.0,0.0,1.0,1.0,15.0,13.5,88.0,84.3,archive,-1.5,0.0,0.716,83.0,40.0,0.0,1.0,0.292,0.0,0.0,0.0,109.0,124.802,-15.802,True,-2.5,-0.44,-0.44,1.176,0.611,-0.078,False,0,0.0,10,7,-0.006,-0.015,True
2016_05_NYJ_PIT,under,2015-18,2016,5,PIT,NYJ,Under 50,10.0,50.0,6.28,47.334,-2.666,0.35,0.596,31.0,13.0,18.0,44.0,True,False,1.0,6.0,3.334,3.678,0.31,-0.654,2.088,1.346,-1.346,1.59,-0.184,0.153,0.175,-0.222,0.722,-0.335,,earned,,covered anyway (miss +3.3 inside the edge),,,,1.0,0.0,-5.141,0.0,0.0,0.0,0.0,0.0,0.0,0.0,0.0,0.0,0.0,0.0,0.0,0.0,0.0,0.0,1.72,1.762,7.0,0.0,7.0,0.0,0.0,0.0,0.0,0.0,1.0,1.0,9.0,10.0,57.0,58.3,archive,1.0,0.0,0.994,10.0,18.0,1.0,1.0,-1.617,0.0,0.0,0.0,128.0,127.46,0.54,False,10.0,0.202,0.202,3.921,1.3,-6.591,False,0,0.0,7,7,0.0,0.017,True
2016_05_NYG_GB,under,2015-18,2016,5,GB,NYG,Under 49,7.0,49.0,7.29,47.456,-1.544,0.47,0.552,23.0,16.0,7.0,39.0,True,False,1.0,10.0,8.456,-2.585,-1.719,12.76,0.171,1.346,-1.306,-2.797,-0.184,-0.28,0.175,0.315,-0.018,-1.727,,earned,,covered anyway (miss +8.5 inside the edge),,,,2.0,1.0,-7.082,-4.532,3.0,3.0,0.0,0.0,0.0,0.0,0.0,0.0,0.0,0.0,0.0,0.0,0.0,0.0,1.142,2.24,6.0,13.0,6.0,0.0,0.0,13.0,0.0,0.0,1.0,0.975,7.0,4.6,49.0,52.7,archive,-2.4,0.0,0.016,57.0,51.0,0.0,0.0,0.0,0.0,0.0,0.0,128.0,128.766,-0.766,True,-7.0,0.051,0.051,0.24,0.492,-0.616,True,0,0.0,14,6,-0.001,0.015,True
2016_05_TB_CAR,under,2015-18,2016,5,CAR,TB,Under 46.5,6.0,46.5,6.454,43.311,-3.189,0.495,0.615,14.0,17.0,-3.0,31.0,True,False,1.0,15.5,12.311,9.977,1.662,0.672,1.13,1.346,3.352,4.15,-0.184,-0.331,0.175,2.977,0.056,-1.031,,earned,,covered anyway (miss +12.3 inside the edge),,,,4.0,0.0,-20.328,0.0,0.0,3.0,0.0,0.0,0.0,0.0,0.0,0.0,1.0,2.0,0.0,0.0,0.0,0.0,-2.265,-6.115,0.0,0.0,0.0,0.0,0.0,0.0,0.0,0.0,1.0,1.0,7.0,4.2,66.0,60.2,archive,-2.8,0.0,3.328,60.0,40.0,1.0,0.0,2.381,0.0,0.0,0.0,122.0,129.234,-7.234,True,-6.0,0.214,-1.834,2.288,0.39,-0.425,True,1,0.0,8,8,-0.011,0.008,True
2016_06_SF_BUF,under,2015-18,2016,6,BUF,SF,Under 44,7.5,44.0,7.456,42.137,-1.863,0.45,0.559,45.0,16.0,29.0,61.0,False,False,-1.1,-17.0,-18.863,-2.518,-3.653,-12.692,1.13,1.346,-1.465,-3.528,-0.184,-0.74,0.175,-2.413,-0.157,-0.335,variance,,,garbage time (-3.5); and outplayed (-12.7),,,,2.0,1.0,-10.632,-5.025,0.0,3.0,0.0,0.0,0.0,0.0,0.0,0.0,0.0,0.0,0.0,0.0,0.0,0.0,0.899,2.886,21.0,0.0,21.0,0.0,0.0,0.0,0.0,0.0,0.9,1.0,22.0,15.9,72.0,70.1,archive,-6.1,0.0,4.019,71.0,52.0,0.0,2.0,6.266,0.0,0.0,0.0,132.0,126.139,5.861,False,7.5,-0.234,-0.234,-0.19,0.929,2.207,False,0,0.0,10,7,-0.02,0.016,True
2016_06_PIT_MIA,under,2015-18,2016,6,MIA,PIT,Under 49.5,-7.5,49.5,-5.941,44.164,-5.336,0.591,0.671,30.0,15.0,15.0,45.0,True,False,1.0,4.5,-0.836,-1.004,0.7,-0.533,-1.106,1.346,2.285,-3.528,-0.184,-0.539,0.175,2.778,-0.499,-1.031,,earned,,covered anyway; garbage time (-3.5),,,,0.0,2.0,0.0,-9.3,10.0,0.0,0.0,0.0,0.0,0.0,0.0,0.0,2.0,0.0,0.0,0.0,1.0,0.0,-5.753,0.068,14.0,7.0,14.0,0.0,0.0,7.0,0.0,0.0,1.0,0.974,15.0,10.5,81.0,79.9,archive,-4.5,0.0,-1.209,95.0,65.0,0.0,1.0,0.649,0.0,0.0,0.0,120.0,126.748,-6.748,True,7.5,0.42,0.42,1.138,1.121,4.168,False,0,0.0,7,7,-0.007,0.018,True
2016_06_CIN_NE,under,2015-18,2016,6,NE,CIN,Under 48.5,7.5,48.5,4.976,45.371,-3.129,0.378,0.612,35.0,17.0,18.0,52.0,False,False,-1.1,-3.5,-6.629,3.557,0.533,-10.719,2.088,1.346,-0.37,0.494,-0.184,-0.426,0.175,0.56,0.047,0.361,variance,,,"outplayed, no luck (residual -10.7)",,,,0.0,0.0,0.0,0.0,0.0,0.0,0.0,0.0,0.0,0.0,0.0,0.0,0.0,0.0,1.0,0.0,0.0,0.0,0.813,0.205,10.0,0.0,10.0,0.0,0.0,0.0,0.0,0.0,1.0,1.0,14.0,10.4,66.0,65.1,archive,-3.6,0.0,3.207,55.0,46.0,1.0,2.0,5.094,0.0,0.0,0.0,126.0,127.361,-1.361,False,7.5,0.011,0.011,2.535,0.361,-2.195,False,0,0.0,7,7,0.012,0.014,True
2016_06_CAR_NO,under,2015-18,2016,6,NO,CAR,Under 53.5,-2.5,53.5,-1.514,51.406,-2.094,0.517,0.571,41.0,38.0,3.0,79.0,False,False,-1.1,-25.5,-27.594,2.423,-7.818,-22.2,0.171,1.346,0.778,0.128,-0.184,0.026,0.175,-6.843,-0.656,-0.335,variance,,,pace (-6.8); and outplayed (-22.2),,,,1.0,2.0,-4.68,-6.5,0.0,6.0,0.0,0.0,0.0,0.0,0.0,0.0,1.0,0.0,0.0,1.0,0.0,0.0,-1.922,0.041,8.0,3.0,8.0,0.0,0.0,3.0,0.0,0.0,1.0,1.0,,7.0,,80.0,pbp_text,0.0,0.0,-9.58,126.0,51.0,1.0,1.0,0.055,0.0,0.0,0.0,146.0,129.374,16.626,True,2.5,0.485,0.485,0.5,0.338,0.182,False,1,1.0,14,6,0.071,-0.009,True
2016_06_IND_HOU,under,2015-18,2016,6,HOU,IND,Under 47.5,3.0,47.5,4.293,44.417,-3.083,0.545,0.612,26.0,23.0,3.0,49.0,False,False,-1.1,-1.5,-4.583,0.149,-4.969,0.237,-0.148,1.346,-0.446,-0.603,-0.184,0.026,-1.591,-2.235,0.047,-1.031,in-game events,,,nothing stands out: ordinary miss (residual +0.2),,,,1.0,1.0,-4.376,-3.027,0.0,7.0,0.0,0.0,0.0,0.0,0.0,0.0,0.0,0.0,1.0,0.0,0.0,0.0,-0.389,1.599,10.0,3.0,3.0,7.0,3.0,0.0,0.0,0.0,1.0,1.0,,11.0,,84.0,pbp_text,0.0,0.0,1.546,59.0,42.0,0.0,1.0,4.383,1.0,3.0,0.0,134.0,128.569,5.431,True,-3.0,-0.053,-0.053,1.346,0.574,2.376,True,1,1.0,7,7,-0.081,0.013,True
2016_07_BUF_MIA,under,2015-18,2016,7,MIA,BUF,Under 46,-2.5,46.0,-4.659,43.097,-2.903,0.428,0.601,28.0,25.0,3.0,53.0,False,False,-1.1,-7.0,-9.903,3.881,-1.318,-12.465,2.088,1.346,-0.412,0.859,-0.184,0.128,0.175,0.798,-0.508,-1.727,variance,,,"outplayed, no luck (residual -12.5)",,,,0.0,0.0,0.0,0.0,0.0,0.0,0.0,0.0,0.0,0.0,0.0,0.0,0.0,0.0,0.0,0.0,0.0,0.0,0.879,0.246,1.0,8.0,1.0,0.0,0.0,8.0,0.0,0.0,1.0,1.0,11.0,11.9,81.0,76.5,archive,0.9,0.0,-3.461,116.0,45.0,0.0,0.0,0.0,0.0,0.0,0.0,122.0,123.939,-1.939,False,-2.5,-0.154,-0.154,2.005,0.921,-4.3,False,1,0.0,7,7,0.014,-0.004,True
2016_07_BAL_NYJ,under,2015-18,2016,7,NYJ,BAL,Under 40.5,2.0,40.5,1.399,34.487,-6.013,0.508,0.689,24.0,16.0,8.0,40.0,True,False,1.0,0.5,-5.513,-0.816,3.5,-8.198,-1.106,-3.325,-0.534,4.15,2.327,-1.798,0.175,2.705,0.426,-0.335,,earned,line_u41,covered anyway; return TD (-3.3); and outplayed (-8.2),,,,2.0,2.0,-5.625,-10.906,10.0,7.0,0.0,1.0,0.0,0.0,0.0,0.0,1.0,0.0,0.0,0.0,1.0,0.0,-2.227,3.66,0.0,0.0,0.0,0.0,0.0,0.0,0.0,0.0,0.393,1.0,36.0,19.9,58.0,59.3,archive,-16.1,0.0,1.094,25.0,35.0,1.0,1.0,-4.188,0.0,0.0,0.0,121.0,127.573,-6.573,False,2.0,0.299,0.299,0.9,0.225,-0.623,False,0,0.0,7,6,-0.038,-0.004,True
2016_07_NE_PIT,under,2015-18,2016,7,PIT,NE,Under 49,-7.5,49.0,-4.486,41.613,-7.387,0.634,0.722,16.0,27.0,-11.0,43.0,True,False,1.0,6.0,-1.387,7.158,2.27,-10.814,-0.148,1.346,1.811,4.15,-0.184,-0.133,0.175,2.922,-0.175,-0.335,,luck,,covered anyway (miss -1.4 inside the edge),,,,1.0,2.0,-4.195,-8.712,0.0,7.0,0.0,0.0,0.0,0.0,0.0,0.0,2.0,0.0,0.0,1.0,0.0,0.0,-3.758,-0.73,0.0,0.0,0.0,0.0,0.0,0.0,0.0,0.0,1.0,1.0,13.0,11.6,63.0,64.0,archive,-1.4,0.0,-4.072,85.0,40.0,2.0,0.0,1.46,0.0,0.0,0.0,122.0,129.098,-7.098,True,7.5,-0.478,-2.385,5.399,1.182,5.779,False,0,0.0,7,7,0.021,0.023,True
2016_07_HOU_DEN,under,2015-18,2016,7,DEN,HOU,Under 40,8.5,40.0,5.413,38.325,-1.675,0.363,0.554,27.0,9.0,18.0,36.0,True,False,1.0,4.0,2.325,0.968,0.669,0.688,-1.106,1.346,-0.862,1.59,-0.184,-0.053,0.175,0.992,0.075,-0.335,,earned,line_u41,covered anyway (miss +2.3 inside the edge),,,,0.0,2.0,0.0,-9.4,10.0,0.0,0.0,0.0,0.0,0.0,0.0,0.0,0.0,0.0,0.0,0.0,0.0,0.0,0.453,1.809,7.0,0.0,7.0,0.0,0.0,0.0,0.0,0.0,1.0,1.0,5.0,4.3,71.0,70.9,archive,-0.7,0.0,-5.117,83.0,15.0,0.0,2.0,2.923,0.0,0.0,0.0,126.0,128.41,-2.41,False,8.5,0.42,0.42,3.507,0.884,-4.923,True,0,0.0,8,11,-0.076,-0.079,True
2016_08_OAK_TB,under,2015-18,2016,8,TB,LV,Under 48,1.0,48.0,1.989,45.138,-2.862,0.55,0.602,24.0,30.0,-6.0,54.0,False,False,-1.1,-6.0,-8.862,7.356,-14.128,-2.09,-0.148,1.346,2.009,4.15,-0.184,-0.51,-3.358,-7.584,-1.461,-1.031,in-game events,,,pace (-7.6); overtime (-3.4),,,,0.0,1.0,0.0,-4.394,7.0,0.0,0.0,0.0,0.0,0.0,0.0,0.0,0.0,2.0,1.0,0.0,0.0,0.0,-0.079,-4.908,0.0,0.0,0.0,0.0,0.0,0.0,0.0,0.0,1.0,1.0,15.0,10.4,86.0,81.9,archive,-4.6,0.0,2.509,64.0,200.0,0.0,1.0,-6.965,1.0,0.0,6.0,147.0,128.575,18.425,True,-1.0,-0.131,-0.131,1.12,0.464,0.981,False,0,0.0,7,7,0.009,0.015,True
2016_08_MIN_CHI,under,2015-18,2016,8,CHI,MIN,Under 39.5,-5.5,39.5,-4.994,37.9,-1.6,0.531,0.554,20.0,10.0,10.0,30.0,True,False,1.0,9.5,7.9,2.236,1.677,3.986,2.088,1.346,-0.228,-0.969,-0.184,0.189,0.175,1.128,0.704,-0.335,,earned,line_u41,covered anyway (miss +7.9 inside the edge),,,,0.0,0.0,0.0,0.0,0.0,0.0,0.0,0.0,0.0,0.0,0.0,0.0,0.0,0.0,0.0,0.0,0.0,0.0,0.45,0.211,7.0,7.0,7.0,0.0,0.0,7.0,0.0,0.0,1.0,1.0,12.0,13.4,58.0,56.6,archive,1.4,0.0,0.233,20.0,10.0,0.0,2.0,-7.614,0.0,0.0,0.0,121.0,123.742,-2.742,True,5.5,0.072,0.072,0.435,1.326,-2.676,True,1,0.0,11,8,0.003,-0.07,True
2016_09_PIT_BAL,under,2015-18,2016,9,BAL,PIT,Under 46,-3.5,46.0,-2.337,41.776,-4.224,0.567,0.641,21.0,14.0,7.0,35.0,True,False,1.0,11.0,6.776,0.035,-0.429,7.17,1.13,1.346,1.453,-3.894,-0.184,-0.124,0.175,0.844,-0.804,-0.335,,earned,,covered anyway; garbage time (-3.9),,,,1.0,1.0,-4.077,-5.238,3.0,0.0,0.0,0.0,0.0,0.0,0.0,0.0,0.0,0.0,0.0,0.0,0.0,1.0,1.938,-5.523,8.0,14.0,8.0,0.0,0.0,14.0,0.0,0.0,0.971,1.0,15.0,13.7,65.0,60.7,archive,-1.3,0.0,2.086,94.0,99.0,0.0,2.0,-1.573,0.0,0.0,0.0,125.0,127.051,-2.051,True,3.5,-0.484,-0.484,1.646,0.586,0.618,False,1,0.0,14,14,-0.054,0.022,True
2016_09_NYJ_MIA,under,2015-18,2016,9,MIA,NYJ,Under 45,3.5,45.0,1.434,41.876,-3.124,0.422,0.604,27.0,23.0,4.0,50.0,False,False,-1.1,-5.0,-8.124,1.584,2.674,-12.382,1.13,-3.325,-0.37,4.15,-0.184,-0.171,0.175,4.402,-0.518,-1.031,variance,,,return TD (-3.3); and outplayed (-12.4),,,,0.0,2.0,0.0,-10.403,3.0,0.0,0.0,0.0,1.0,0.0,0.0,0.0,0.0,0.0,0.0,0.0,0.0,0.0,0.624,0.394,0.0,0.0,0.0,0.0,0.0,0.0,0.0,0.0,0.968,0.943,14.0,12.3,80.0,76.9,archive,-1.7,0.0,-5.563,85.0,77.0,1.0,0.0,-3.222,0.0,0.0,0.0,114.0,124.695,-10.695,False,3.5,0.552,0.552,2.618,0.767,-3.341,False,1,0.0,7,14,-0.014,0.001,True
2016_09_IND_GB,under,2015-18,2016,9,GB,IND,Under 52,7.5,52.0,6.664,48.442,-3.558,0.427,0.611,26.0,31.0,-5.0,57.0,False,False,-1.1,-5.0,-8.558,-5.439,-1.353,-1.765,-0.148,-3.325,0.83,-2.797,-0.184,-0.055,0.175,0.011,0.426,-1.727,luck,,,return TD (-3.3),,,,1.0,2.0,-3.015,-7.788,7.0,0.0,0.0,0.0,0.0,1.0,0.0,0.0,1.0,0.0,0.0,0.0,0.0,0.0,-2.397,0.385,12.0,7.0,0.0,12.0,7.0,0.0,0.0,0.0,1.0,1.0,7.0,6.3,68.0,66.1,archive,-0.7,0.0,-2.048,25.0,35.0,0.0,0.0,0.0,0.0,0.0,0.0,128.0,128.028,-0.028,False,7.5,-0.143,-0.143,0.693,0.744,-2.294,False,0,0.0,7,7,0.019,-0.004,True
2016_10_MIA_SD,under,2015-18,2016,10,LAC,MIA,Under 48.5,4.0,48.5,3.094,46.184,-2.316,0.456,0.581,24.0,31.0,-7.0,55.0,False,False,-1.1,-6.5,-8.816,1.896,-0.333,-10.378,2.088,-3.325,-0.651,3.784,-0.184,-1.207,0.175,2.535,0.075,-1.727,variance,,,return TD (-3.3); and outplayed (-10.4),,,,4.0,1.0,-21.888,-6.151,0.0,7.0,0.0,1.0,0.0,0.0,0.0,0.0,0.0,0.0,0.0,0.0,0.0,0.0,1.354,0.374,0.0,1.0,0.0,0.0,1.0,0.0,0.0,0.0,1.0,1.0,11.0,0.7,85.0,85.6,archive,-10.3,0.0,11.656,29.0,69.0,0.0,0.0,0.0,0.0,0.0,0.0,120.0,126.159,-6.159,False,4.0,-1.399,-1.399,-0.492,0.504,-0.617,False,0,0.0,7,7,-0.002,-0.002,True
2016_10_SEA_NE,under,2015-18,2016,10,NE,SEA,Under 49.5,7.5,49.5,3.912,47.798,-1.702,0.347,0.554,24.0,31.0,-7.0,55.0,False,False,-1.1,-5.5,-7.202,5.503,-1.771,-10.935,0.171,1.346,-0.163,4.15,-0.184,0.66,0.175,-1.253,-0.138,-1.031,variance,,,"outplayed, no luck (residual -10.9)",,,,2.0,0.0,-7.89,0.0,0.0,6.0,0.0,0.0,0.0,0.0,0.0,0.0,0.0,0.0,0.0,1.0,0.0,1.0,0.385,0.112,0.0,0.0,0.0,0.0,0.0,0.0,0.0,0.0,1.0,1.0,3.0,8.3,43.0,46.0,archive,5.3,0.0,0.578,61.0,60.0,1.0,0.0,-2.924,0.0,0.0,0.0,129.0,125.956,3.044,False,7.5,0.283,0.283,3.87,1.103,-6.185,True,0,0.0,6,14,-0.003,0.031,True
2016_11_GB_WAS,under,2015-18,2016,11,WAS,GB,Under 48.5,2.5,48.5,3.414,45.268,-3.232,0.556,0.607,42.0,24.0,18.0,66.0,False,False,-1.1,-17.5,-20.732,-0.83,0.138,-20.04,-0.148,1.346,1.5,-3.528,-0.184,-0.468,0.175,0.188,0.065,0.361,variance,,,garbage time (-3.5); and outplayed (-20.0),,,,0.0,2.0,0.0,-7.49,7.0,0.0,0.0,0.0,0.0,0.0,0.0,0.0,0.0,1.0,1.0,0.0,0.0,0.0,-0.233,-3.471,21.0,0.0,21.0,0.0,0.0,0.0,0.0,0.0,1.0,0.92,23.0,18.9,38.0,37.3,archive,-4.1,0.0,1.018,40.0,59.0,1.0,2.0,2.879,0.0,0.0,0.0,127.0,127.458,-0.458,True,-2.5,0.502,0.502,0.412,0.758,1.228,True,0,0.0,7,7,0.044,0.014,True
2016_11_HOU_OAK,under,2015-18,2016,11,LV,HOU,Under 45.5,6.5,45.5,3.24,41.703,-3.797,0.377,0.623,27.0,20.0,7.0,47.0,False,False,-1.1,-1.5,-5.297,5.092,2.502,-12.892,-0.148,1.346,-0.255,4.15,-0.184,-0.251,0.175,1.853,-0.147,1.057,variance,,,"outplayed, no luck (residual -12.9)",,,,1.0,2.0,-1.885,-8.271,0.0,7.0,0.0,0.0,0.0,0.0,0.0,0.0,0.0,0.0,0.0,0.0,0.0,0.0,0.256,0.473,0.0,0.0,0.0,0.0,0.0,0.0,0.0,0.0,1.0,1.0,6.0,3.7,63.0,60.0,archive,-2.3,0.0,2.476,21.0,101.0,2.0,2.0,2.639,0.0,0.0,0.0,123.0,127.501,-4.501,False,6.5,0.237,0.237,3.497,0.307,-3.284,True,0,0.0,8,15,-0.071,0.018,True
2016_12_PIT_IND,under,2015-18,2016,12,IND,PIT,Under 50,-8.0,50.0,-6.068,44.798,-5.202,0.602,0.666,7.0,28.0,-21.0,35.0,True,False,1.0,15.0,9.798,3.933,7.712,-1.847,-0.148,1.346,1.145,1.59,-0.184,0.026,0.175,6.369,0.269,1.057,,earned,,covered anyway (miss +9.8 inside the edge),,,,2.0,0.0,-8.543,0.0,0.0,7.0,0.0,0.0,0.0,0.0,0.0,0.0,1.0,0.0,0.0,0.0,0.0,0.0,-3.081,0.274,0.0,7.0,0.0,0.0,7.0,0.0,0.0,0.0,0.977,0.952,,9.0,,39.0,pbp_text,0.0,0.0,5.025,10.0,67.0,4.0,0.0,0.734,0.0,0.0,0.0,113.0,128.475,-15.475,True,8.0,-0.223,-2.081,4.013,1.02,4.354,True,0,1.0,4,4,0.019,0.017,True
2016_12_NYG_CLE,under,2015-18,2016,12,CLE,NYG,Under 47,-6.5,47.0,-5.83,45.16,-1.84,0.543,0.56,13.0,27.0,-14.0,40.0,True,False,1.0,7.0,5.16,-4.78,1.074,8.865,-1.106,-3.325,0.255,-0.603,-0.184,0.094,0.175,1.592,-0.268,-0.335,,earned,,covered anyway; return TD (-3.3),,,,3.0,1.0,-18.361,-5.478,3.0,14.0,0.0,1.0,0.0,0.0,0.0,0.0,0.0,0.0,0.0,1.0,0.0,0.0,0.171,-0.73,6.0,7.0,0.0,6.0,7.0,0.0,0.0,0.0,0.891,1.0,10.0,10.6,48.0,44.8,archive,0.6,0.0,0.758,35.0,100.0,2.0,0.0,-0.428,0.0,0.0,0.0,124.0,127.868,-3.868,True,6.5,0.308,0.308,0.362,0.445,-0.377,False,0,0.0,7,7,0.021,-0.016,True
2016_12_NE_NYJ,under,2015-18,2016,12,NYJ,NE,Under 48,-9.0,48.0,-6.863,46.107,-1.893,0.591,0.564,17.0,22.0,-5.0,39.0,True,False,1.0,9.0,7.107,6.26,0.294,0.554,-0.148,1.346,0.912,4.15,-0.184,-0.076,0.175,1.178,0.232,-1.031,,earned,,covered anyway (miss +7.1 inside the edge),,,,2.0,0.0,-7.473,0.0,0.0,7.0,0.0,0.0,0.0,0.0,0.0,0.0,1.0,1.0,0.0,0.0,1.0,0.0,-0.627,-1.593,0.0,0.0,0.0,0.0,0.0,0.0,0.0,0.0,1.0,1.0,10.0,9.1,47.0,47.7,archive,-0.9,0.0,-5.357,66.0,15.0,0.0,1.0,-2.425,0.0,0.0,0.0,124.0,126.861,-2.861,True,9.0,-0.819,-0.819,2.957,0.331,1.564,False,1,0.0,14,7,-0.016,0.043,True
2016_12_CAR_OAK,under,2015-18,2016,12,LV,CAR,Under 48.5,3.5,48.5,2.283,46.291,-2.209,0.449,0.577,35.0,32.0,3.0,67.0,False,False,-1.1,-18.5,-20.709,-1.062,-1.065,-18.582,-1.745,-3.325,0.224,3.784,-0.184,-0.246,0.175,0.285,-0.064,-1.031,variance,,,return TD (-3.3); and outplayed (-18.6),,,,2.0,2.0,-12.024,-9.143,7.0,12.0,1.0,0.0,0.0,0.0,0.0,0.0,0.0,0.0,0.0,1.0,0.0,1.0,0.316,-0.797,1.0,0.0,1.0,0.0,0.0,0.0,0.0,0.0,0.977,1.0,12.0,9.6,59.0,51.9,archive,-2.4,0.0,-2.173,46.0,67.0,0.0,1.0,2.075,0.0,0.0,0.0,128.0,128.694,-0.694,False,3.5,0.686,0.686,1.902,0.573,-2.38,False,0,0.0,10,6,-0.019,0.025,True
2016_12_KC_DEN,under,2015-18,2016,12,DEN,KC,Under 40,3.5,40.0,0.832,38.158,-1.842,0.407,0.56,27.0,30.0,-3.0,57.0,False,False,-1.1,-17.0,-18.842,0.064,-18.061,-0.846,2.088,-3.325,-0.289,1.59,-0.184,-1.664,-5.124,-10.182,-0.573,-0.335,in-game events,,line_u41,pace (-10.2); overtime (-5.1),,,,1.0,0.0,-4.796,0.0,0.0,0.0,0.0,0.0,0.0,1.0,0.0,0.0,1.0,0.0,0.0,0.0,0.0,0.0,-0.003,0.817,1.0,6.0,1.0,0.0,6.0,0.0,0.0,0.0,1.0,1.0,21.0,6.1,44.0,41.2,archive,-14.9,0.0,-3.65,97.0,71.0,1.0,1.0,-1.217,1.0,3.0,6.0,151.0,126.264,24.736,False,3.5,0.925,0.925,3.593,2.413,-8.51,True,1,0.0,7,14,-0.017,-0.089,True
2016_13_LA_NE,under,2015-18,2016,13,NE,LA,Under 44.5,13.0,44.5,14.17,42.535,-1.965,0.533,0.567,26.0,10.0,16.0,36.0,True,False,1.0,8.5,6.535,-3.367,2.539,7.363,1.13,1.346,-1.949,-3.894,-0.184,-0.121,0.175,2.029,0.278,0.361,,earned,,covered anyway; garbage time (-3.9),,,,0.0,2.0,0.0,-8.345,3.0,0.0,0.0,0.0,0.0,0.0,0.0,0.0,0.0,0.0,0.0,0.0,0.0,0.0,4.01,0.996,12.0,10.0,12.0,0.0,0.0,10.0,0.0,0.0,1.0,1.0,8.0,6.5,39.0,38.8,archive,-1.5,0.0,-2.058,46.0,30.0,2.0,1.0,0.481,0.0,0.0,0.0,121.0,125.93,-4.93,True,-13.0,-0.303,-0.303,1.474,0.903,-0.971,False,0,0.0,7,7,0.04,-0.067,True
2016_13_NYG_PIT,under,2015-18,2016,13,PIT,NYG,Under 49.5,7.0,49.5,5.609,32.807,-16.693,0.414,0.887,24.0,14.0,10.0,38.0,True,False,1.0,11.5,-5.193,-2.442,-1.072,-1.679,-2.064,1.346,-0.755,-0.969,2.327,-6.3,0.175,1.974,-0.305,1.057,,earned,,covered anyway; weather surprise (-6.3),,,,2.0,2.0,-7.488,-9.434,6.0,7.0,0.0,0.0,0.0,0.0,0.0,0.0,0.0,0.0,0.0,0.0,0.0,0.0,1.855,0.135,7.0,7.0,7.0,0.0,0.0,7.0,0.0,0.0,0.565,1.0,71.0,6.4,43.0,42.5,archive,-64.6,0.0,-4.599,115.0,24.0,1.0,3.0,11.084,0.0,0.0,0.0,123.0,127.796,-4.796,False,7.0,-0.127,-0.127,1.264,0.341,-2.11,False,0,0.0,7,10,-0.03,0.02,True
2016_13_TB_SD,under,2015-18,2016,13,LAC,TB,Under 49,3.5,49.0,2.381,47.309,-1.691,0.452,0.558,21.0,28.0,-7.0,49.0,False,True,0.0,0.0,-1.691,4.897,6.13,-12.718,2.088,-3.325,1.985,4.15,-0.184,-0.17,0.175,7.099,0.241,-1.031,,,,return TD (-3.3); and outplayed (-12.7),,,,2.0,1.0,-11.238,-4.479,0.0,7.0,0.0,1.0,0.0,0.0,0.0,0.0,1.0,1.0,0.0,0.0,0.0,0.0,-2.297,-2.63,0.0,0.0,0.0,0.0,0.0,0.0,0.0,0.0,1.0,1.0,7.0,5.0,72.0,69.8,archive,-2.0,0.0,-0.997,45.0,35.0,0.0,1.0,-2.214,0.0,0.0,0.0,112.0,129.247,-17.247,False,3.5,-0.517,-0.517,0.603,0.314,-1.496,False,0,0.0,7,7,0.002,-0.006,True
2016_14_HOU_IND,under,2015-18,2016,14,IND,HOU,Under 47.5,6.5,47.5,3.209,45.138,-2.362,0.379,0.578,17.0,22.0,-5.0,39.0,True,False,1.0,8.5,6.138,4.86,-0.652,1.93,-0.787,1.346,0.151,4.15,-0.184,0.026,0.175,1.074,-0.712,-1.031,,earned,,covered anyway (miss +6.1 inside the edge),,,,3.0,1.0,-16.847,-5.816,0.0,9.0,0.0,0.0,0.0,0.0,0.0,0.0,1.0,0.0,0.0,0.0,0.0,0.0,-2.34,2.043,0.0,0.0,0.0,0.0,0.0,0.0,0.0,0.0,1.0,1.0,,12.0,,34.0,pbp_text,0.0,0.0,0.886,59.0,124.0,1.0,0.0,-0.991,0.0,0.0,0.0,124.0,126.609,-2.609,False,6.5,-0.193,-0.193,3.098,0.353,-3.535,False,1,1.0,7,6,-0.058,0.02,True
2016_14_ARI_MIA,under,2015-18,2016,14,MIA,ARI,Under 44,-2.0,44.0,-1.776,41.704,-2.296,0.497,0.577,26.0,23.0,3.0,49.0,False,False,-1.1,-5.0,-7.296,5.15,-0.06,-12.386,-0.148,1.346,1.996,1.956,-0.184,-0.25,0.175,2.536,-0.61,-1.727,variance,,,"outplayed, no luck (residual -12.4)",,,,3.0,4.0,-14.594,-19.474,7.0,0.0,0.0,0.0,0.0,0.0,0.0,0.0,0.0,1.0,0.0,2.0,0.0,1.0,0.24,-5.196,0.0,6.0,0.0,0.0,0.0,6.0,0.0,0.0,0.839,1.0,18.0,15.0,77.0,73.8,archive,-3.0,0.0,-6.957,118.0,54.0,0.0,0.0,0.0,0.0,0.0,0.0,120.0,126.16,-6.16,True,2.0,-0.228,-0.228,0.452,0.866,-1.447,False,0,0.0,7,7,0.002,-0.03,True
2016_14_NO_TB,under,2015-18,2016,14,TB,NO,Under 52,2.0,52.0,1.915,49.869,-2.131,0.526,0.573,16.0,11.0,5.0,27.0,True,False,1.0,25.0,22.869,5.663,3.61,13.596,1.13,1.346,-0.962,4.15,-0.184,-0.011,0.175,4.547,-0.582,-0.335,,earned,,covered anyway (miss +22.9 inside the edge),,,,0.0,3.0,0.0,-10.408,3.0,0.0,0.0,0.0,0.0,0.0,0.0,0.0,0.0,0.0,0.0,0.0,0.0,0.0,1.568,0.945,0.0,0.0,0.0,0.0,0.0,0.0,0.0,0.0,1.0,1.0,9.0,8.6,79.0,74.8,archive,-0.4,0.0,4.034,65.0,104.0,0.0,2.0,0.269,0.0,0.0,0.0,119.0,130.046,-11.046,False,2.0,-0.516,-0.516,-0.43,0.341,0.143,False,1,0.0,7,7,0.051,0.009,True
2016_15_LA_SEA,under,2015-18,2016,15,SEA,LA,Under 39.5,15.0,39.5,15.946,37.265,-2.235,0.531,0.576,24.0,3.0,21.0,27.0,True,False,1.0,12.5,10.265,3.885,6.643,-0.263,2.088,1.346,-0.773,1.225,-0.184,-0.093,0.175,5.37,-0.379,1.753,,earned,line_u41,covered anyway (miss +10.3 inside the edge),,,,1.0,0.0,-2.998,0.0,0.0,0.0,0.0,0.0,0.0,0.0,0.0,0.0,0.0,0.0,0.0,0.0,0.0,0.0,1.697,0.339,8.0,0.0,8.0,0.0,0.0,0.0,0.0,0.0,1.0,0.744,5.0,3.6,36.0,35.3,archive,-1.4,0.0,-1.6,86.0,61.0,1.0,4.0,15.993,0.0,0.0,0.0,111.0,124.048,-13.048,True,-15.0,0.836,0.836,0.111,1.628,-3.02,True,1,0.0,4,4,-0.008,-0.071,True
2016_16_IND_OAK,under,2015-18,2016,16,LV,IND,Under 52,3.5,52.0,1.727,49.415,-2.585,0.431,0.588,33.0,25.0,8.0,58.0,False,False,-1.1,-6.0,-8.585,-10.209,1.27,0.354,-4.3,1.346,0.294,-7.549,-0.184,-0.004,0.175,2.434,-0.12,-1.031,luck,,,"garbage time (-7.5); 3 turnovers, 20 pts off them (-4.3)",,,,0.0,3.0,0.0,-12.428,20.0,0.0,0.0,0.0,0.0,0.0,0.0,0.0,0.0,0.0,2.0,0.0,1.0,0.0,-1.662,1.003,14.0,18.0,14.0,0.0,0.0,18.0,0.0,0.0,0.917,1.0,9.0,8.6,50.0,47.5,archive,-0.4,0.0,-1.583,97.0,22.0,0.0,1.0,3.385,0.0,0.0,0.0,122.0,127.914,-5.914,False,3.5,-0.003,-0.003,1.77,0.465,-1.8,False,0,0.0,6,6,0.017,0.014,True
2016_16_BAL_PIT,under,2015-18,2016,16,PIT,BAL,Under 46.5,5.5,46.5,6.094,44.717,-1.783,0.509,0.565,31.0,27.0,4.0,58.0,False,False,-1.1,-11.5,-13.283,2.566,-0.753,-15.096,-1.425,1.346,-1.138,3.784,-0.184,-0.311,0.175,0.912,-0.314,-1.031,variance,,,"outplayed, no luck (residual -15.1)",,,,2.0,1.0,-12.02,-0.152,0.0,11.0,0.0,0.0,0.0,0.0,0.0,0.0,0.0,0.0,0.0,0.0,0.0,0.0,0.658,2.301,1.0,0.0,1.0,0.0,0.0,0.0,0.0,0.0,1.0,1.0,9.0,4.5,41.0,40.2,archive,-4.5,0.0,1.841,45.0,95.0,0.0,1.0,3.579,0.0,0.0,0.0,125.0,127.216,-2.216,True,-5.5,-0.247,-0.247,0.841,0.292,1.3,False,1,0.0,7,7,0.02,-0.043,True
2016_16_DEN_KC,under,2015-18,2016,16,KC,DEN,Under 38.5,3.5,38.5,4.752,36.947,-1.553,0.52,0.556,33.0,10.0,23.0,43.0,False,False,-1.1,-4.5,-6.053,-0.304,-0.41,-5.34,-2.064,1.346,0.652,-0.238,-0.184,0.677,0.175,-0.475,-0.268,-0.335,knowable,,line_u41,nothing stands out: ordinary miss (residual -5.3),,,,1.0,3.0,-5.206,-11.616,6.0,7.0,0.0,0.0,0.0,0.0,0.0,0.0,1.0,0.0,1.0,0.0,0.0,0.0,-3.596,2.033,12.0,0.0,12.0,0.0,0.0,0.0,0.0,0.0,0.975,1.0,9.0,17.7,53.0,62.6,archive,8.7,0.0,0.559,65.0,70.0,0.0,2.0,0.735,0.0,0.0,0.0,130.0,128.845,1.155,True,-3.5,0.599,0.599,0.653,0.465,1.912,True,1,0.0,7,7,-0.009,-0.098,True
2016_17_CHI_MIN,under,2015-18,2016,17,MIN,CHI,Under 44,6.0,44.0,6.957,42.552,-1.448,0.511,0.554,38.0,10.0,28.0,48.0,False,False,-1.1,-4.0,-5.448,-8.125,2.797,-0.119,-3.342,-3.325,-0.124,-1.334,-0.184,0.026,0.175,2.029,0.389,0.361,luck,,,"6 turnovers, 24 pts off them (-3.3); return TD (-3.3)",,,,1.0,5.0,-4.33,-26.117,24.0,0.0,1.0,0.0,0.0,0.0,0.0,0.0,0.0,0.0,0.0,0.0,0.0,0.0,0.272,0.126,15.0,0.0,15.0,0.0,0.0,0.0,0.0,0.0,0.971,0.652,,,,,none,0.0,0.0,0.699,15.0,49.0,1.0,2.0,-2.595,0.0,0.0,0.0,118.0,122.931,-4.931,True,-6.0,-1.426,-1.426,2.382,0.117,0.933,False,1,1.0,8,8,-0.056,0.017,True
2016_17_HOU_TEN,under,2015-18,2016,17,TEN,HOU,Under 41.5,3.0,41.5,-0.589,34.673,-6.827,0.394,0.711,24.0,17.0,7.0,41.0,True,False,1.0,0.5,-6.327,-1.093,0.686,-5.921,2.088,-3.325,1.114,-0.969,-0.184,-0.037,0.175,-1.911,0.195,2.449,,earned,,covered anyway; return TD (-3.3),,,,1.0,1.0,-5.353,-5.698,7.0,0.0,1.0,0.0,0.0,0.0,0.0,0.0,0.0,1.0,0.0,0.0,0.0,0.0,0.639,-3.367,4.0,10.0,4.0,0.0,0.0,10.0,0.0,0.0,1.0,0.811,7.0,6.2,52.0,49.0,archive,-0.8,0.0,0.835,50.0,35.0,0.0,6.0,-5.294,0.0,0.0,0.0,130.0,125.356,4.644,False,3.0,0.783,-0.959,2.63,1.079,-1.096,False,1,0.0,8,8,-0.079,0.024,True
2016_17_OAK_DEN,under,2015-18,2016,17,DEN,LV,Under 40,1.0,40.0,4.848,35.787,-4.213,0.636,0.638,24.0,6.0,18.0,30.0,True,False,1.0,10.0,5.787,1.353,7.7,-3.265,-0.148,1.346,1.124,-0.969,2.327,-0.227,0.175,5.637,-0.573,0.361,,earned,line_u41,covered anyway (miss +5.8 inside the edge),,,,1.0,3.0,-2.503,-17.578,7.0,0.0,0.0,0.0,0.0,0.0,0.0,0.0,1.0,0.0,0.0,0.0,0.0,0.0,-2.753,0.0,8.0,6.0,8.0,0.0,0.0,6.0,0.0,0.0,1.0,0.314,9.0,5.8,45.0,46.4,archive,-3.2,0.0,4.625,43.0,125.0,2.0,1.0,1.007,0.0,0.0,0.0,116.0,129.696,-13.696,True,-1.0,-0.493,1.249,2.599,1.143,1.211,False,1,0.0,7,8,-0.095,0.02,True
2016_17_KC_SD,under,2015-18,2016,17,LAC,KC,Under 45,-5.5,45.0,-4.823,43.044,-1.956,0.541,0.569,27.0,37.0,-10.0,64.0,False,False,-1.1,-19.0,-20.956,-10.747,0.204,-10.412,-1.106,-7.996,-0.677,-0.969,-0.184,-0.536,0.175,0.741,0.343,-0.335,variance,,,return TD (-8.0); and outplayed (-10.4),,,,2.0,1.0,-9.033,-11.956,7.0,10.0,1.0,0.0,0.0,1.0,0.0,0.0,0.0,0.0,0.0,0.0,0.0,0.0,0.739,1.055,10.0,4.0,0.0,10.0,4.0,0.0,0.0,0.0,1.0,1.0,10.0,2.9,59.0,55.1,archive,-7.1,0.0,0.48,50.0,19.0,2.0,0.0,4.646,0.0,0.0,0.0,124.0,125.8,-1.8,True,5.5,-0.935,-0.935,1.612,1.475,4.203,False,1,0.0,8,7,-0.01,-0.011,True
2017_01_KC_NE,under,2015-18,2017,1,NE,KC,Under 47.5,8.0,47.5,8.355,45.07,-2.43,0.461,0.581,27.0,42.0,-15.0,69.0,False,False,-1.1,-21.5,-23.93,4.686,-4.477,-24.139,2.088,1.346,-0.337,1.59,-0.184,0.145,0.175,-3.464,-0.814,-0.335,variance,,,pace (-3.5); and outplayed (-24.1),,,,0.0,1.0,0.0,-4.797,0.0,0.0,0.0,0.0,0.0,0.0,0.0,0.0,0.0,0.0,0.0,0.0,0.0,0.0,0.531,0.405,0.0,7.0,0.0,0.0,7.0,0.0,0.0,0.0,1.0,1.0,8.0,9.5,63.0,65.4,archive,1.5,0.0,4.701,55.0,139.0,2.0,0.0,-6.598,0.0,0.0,0.0,135.0,126.584,8.416,True,-8.0,0.179,0.179,0.177,2.315,5.956,True,0,0.0,7,7,0.017,-0.0,True
2017_01_PIT_CLE,under,2015-18,2017,1,CLE,PIT,Under 47,-10.0,47.0,-8.273,45.376,-1.624,0.566,0.555,18.0,21.0,-3.0,39.0,True,False,1.0,8.0,6.376,7.235,3.219,-4.077,2.088,1.346,1.846,1.956,-0.184,-0.26,0.175,4.728,-0.906,-0.335,,earned,,covered anyway (miss +6.4 inside the edge),,,,1.0,1.0,-5.31,-4.296,0.0,0.0,0.0,0.0,0.0,0.0,0.0,0.0,0.0,0.0,0.0,0.0,1.0,0.0,-4.778,0.203,6.0,0.0,0.0,6.0,0.0,0.0,0.0,0.0,1.0,1.0,11.0,7.4,63.0,65.3,archive,-3.6,0.0,4.219,61.0,143.0,2.0,0.0,6.791,0.0,0.0,0.0,114.0,125.488,-11.488,True,10.0,-0.181,-0.181,1.909,0.554,0.481,False,1,0.0,7,7,0.015,0.025,True
2017_01_OAK_TEN,under,2015-18,2017,1,TEN,LV,Under 49.5,2.5,49.5,2.109,46.366,-3.134,0.52,0.6,16.0,26.0,-10.0,42.0,True,False,1.0,7.5,4.366,3.707,-0.74,1.399,2.088,1.346,-1.682,1.956,-0.184,-0.117,0.175,0.342,0.075,-1.031,,earned,,covered anyway (miss +4.4 inside the edge),,,,0.0,0.0,0.0,0.0,0.0,0.0,0.0,0.0,0.0,0.0,0.0,0.0,1.0,0.0,0.0,0.0,0.0,0.0,0.417,3.916,3.0,3.0,0.0,3.0,3.0,0.0,0.0,0.0,1.0,1.0,7.0,5.2,72.0,72.3,archive,-1.8,0.0,-1.559,49.0,49.0,0.0,1.0,-2.336,0.0,0.0,0.0,125.0,125.831,-0.831,False,2.5,-0.722,-0.722,-0.331,0.532,0.806,False,0,0.0,7,7,-0.005,0.018,True
2017_01_PHI_WAS,under,2015-18,2017,1,WAS,PHI,Under 49.5,-2.0,49.5,2.868,45.203,-4.297,0.637,0.636,17.0,30.0,-13.0,47.0,True,False,1.0,2.5,-1.797,-5.089,-0.128,3.419,0.171,-7.996,-0.682,3.418,-0.184,0.232,0.175,0.541,0.139,-1.031,,earned,,covered anyway; return TD (-8.0),,,,4.0,2.0,-22.878,-13.233,7.0,13.0,1.0,1.0,0.0,0.0,0.0,0.0,0.0,0.0,0.0,1.0,0.0,0.0,0.403,1.405,0.0,2.0,0.0,0.0,2.0,0.0,0.0,0.0,1.0,1.0,5.0,7.6,67.0,69.9,archive,2.6,0.0,3.809,15.0,76.0,1.0,0.0,-0.498,0.0,0.0,0.0,126.0,127.314,-1.314,True,2.0,-0.357,-0.357,5.225,0.356,4.801,False,1,0.0,7,7,0.045,-0.017,True
2017_01_IND_LA,under,2015-18,2017,1,LA,IND,Under 41.5,3.5,41.5,0.645,39.822,-1.678,0.401,0.556,46.0,9.0,37.0,55.0,False,False,-1.1,-13.5,-15.178,-11.734,6.22,-9.663,2.088,-7.996,0.627,-6.453,-0.184,0.612,0.175,6.313,0.334,-1.031,variance,,,return TD (-8.0); garbage time (-6.5); and outplayed (-9.7),,,,1.0,3.0,-5.188,-18.246,14.0,0.0,2.0,0.0,0.0,0.0,0.0,0.0,0.0,1.0,0.0,1.0,0.0,0.0,3.509,-5.007,23.0,6.0,23.0,0.0,0.0,6.0,0.0,0.0,0.969,0.885,2.0,9.4,90.0,85.8,archive,7.4,0.0,-1.052,50.0,20.0,0.0,1.0,2.016,0.0,0.0,0.0,109.0,124.338,-15.338,False,3.5,1.521,3.262,6.117,1.087,-0.427,False,0,0.0,7,7,0.023,-0.064,True
2017_02_SF_SEA,under,2015-18,2017,2,SEA,SF,Under 42,13.5,42.0,10.702,40.241,-1.759,0.416,0.557,12.0,9.0,3.0,21.0,True,False,1.0,21.0,19.241,6.461,-0.431,13.212,1.13,1.346,-0.164,4.15,-0.184,0.185,0.175,0.71,-0.286,-1.031,,earned,,covered anyway (miss +19.2 inside the edge),,,,0.0,1.0,0.0,-5.419,3.0,0.0,0.0,0.0,0.0,0.0,0.0,0.0,0.0,0.0,1.0,0.0,0.0,0.0,-0.738,1.237,0.0,0.0,0.0,0.0,0.0,0.0,0.0,0.0,1.0,1.0,12.0,13.9,65.0,61.6,archive,1.9,0.0,0.604,71.0,66.0,1.0,0.0,2.363,0.0,0.0,0.0,123.0,124.724,-1.724,False,13.5,-0.114,-0.114,2.684,1.339,-6.074,False,1,0.0,7,7,-0.011,-0.011,True
2017_03_NYG_PHI,under,2015-18,2017,3,PHI,NYG,Under 42,5.0,42.0,3.76,39.989,-2.011,0.452,0.564,27.0,24.0,3.0,51.0,False,False,-1.1,-9.0,-11.011,2.246,-3.41,-9.846,-2.384,1.346,-0.5,3.784,-0.184,-0.124,0.175,-3.791,-1.239,1.753,knowable,,wk3_4,pace (-3.8); and outplayed (-9.8),,,,1.0,2.0,-5.254,-7.482,7.0,7.0,0.0,0.0,0.0,0.0,0.0,0.0,1.0,0.0,0.0,0.0,0.0,0.0,0.427,0.921,1.0,0.0,1.0,0.0,0.0,0.0,0.0,0.0,1.0,1.0,6.0,4.1,89.0,88.3,archive,-1.9,0.0,3.026,103.0,137.0,3.0,2.0,8.073,0.0,0.0,0.0,136.0,126.79,9.21,False,5.0,-0.554,-0.554,0.685,0.466,-2.205,False,1,0.0,6,7,-0.057,-0.01,True
2017_03_CIN_GB,under,2015-18,2017,3,GB,CIN,Under 47.5,7.0,47.5,3.595,43.169,-4.331,0.358,0.636,27.0,24.0,3.0,51.0,False,False,-1.1,-3.5,-7.831,2.668,-2.072,-8.427,2.088,-3.325,0.853,3.053,-0.184,0.184,-1.591,1.2,0.047,-1.727,knowable,,wk3_4,return TD (-3.3); and outplayed (-8.4),,,,1.0,1.0,-9.987,-0.16,0.0,7.0,0.0,1.0,0.0,0.0,0.0,0.0,0.0,1.0,0.0,0.0,0.0,0.0,0.439,-2.508,3.0,0.0,3.0,0.0,0.0,0.0,0.0,0.0,1.0,1.0,8.0,10.0,89.0,88.3,archive,2.0,0.0,2.303,33.0,68.0,0.0,0.0,0.0,1.0,3.0,0.0,124.0,126.915,-2.915,False,7.0,-1.389,-1.389,2.016,0.356,-4.195,False,0,0.0,10,7,-0.022,0.067,True
2017_03_OAK_WAS,under,2015-18,2017,3,WAS,LV,Under 53,-3.5,53.0,1.758,50.136,-2.864,0.682,0.596,27.0,10.0,17.0,37.0,True,False,1.0,16.0,13.136,-7.595,5.194,15.537,-5.577,1.346,0.896,-4.259,-0.184,0.152,0.175,5.441,-0.055,-0.335,,earned,wk3_4,"covered anyway; 5 turnovers, 24 pts off them (-5.6); garbage time (-4.3)",,,,2.0,3.0,-10.061,-7.812,14.0,10.0,0.0,0.0,0.0,0.0,0.0,0.0,1.0,0.0,0.0,0.0,0.0,0.0,-2.287,0.11,13.0,10.0,13.0,0.0,0.0,10.0,0.0,0.0,1.0,1.0,0.0,1.6,76.0,76.6,archive,1.6,0.0,-4.1,77.0,35.0,0.0,2.0,-0.604,0.0,0.0,0.0,112.0,125.219,-13.219,True,3.5,0.0,0.0,5.258,2.101,10.378,True,0,0.0,7,7,0.042,0.029,True
2017_04_PHI_LAC,under,2015-18,2017,4,LAC,PHI,Under 48,1.5,48.0,1.244,46.134,-1.866,0.516,0.562,24.0,26.0,-2.0,50.0,False,False,-1.1,-2.0,-3.866,3.233,-0.093,-7.005,-0.148,1.346,-2.115,4.15,-0.184,0.157,0.175,0.706,0.084,-1.031,knowable,,wk3_4,nothing stands out: ordinary miss (residual -7.0),,,,1.0,0.0,-4.451,0.0,0.0,7.0,0.0,0.0,0.0,0.0,0.0,0.0,0.0,0.0,0.0,0.0,0.0,0.0,0.361,5.064,0.0,0.0,0.0,0.0,0.0,0.0,0.0,0.0,1.0,1.0,6.0,7.8,72.0,77.5,archive,1.8,0.0,-1.065,39.0,58.0,0.0,1.0,-2.351,0.0,0.0,0.0,125.0,126.716,-1.716,False,1.5,0.219,0.219,0.475,0.212,-0.246,False,0,0.0,7,7,-0.004,0.012,True
2017_04_NYG_TB,under,2015-18,2017,4,TB,NYG,Under 46,2.5,46.0,3.561,41.91,-4.09,0.565,0.63,25.0,23.0,2.0,48.0,False,False,-1.1,-2.0,-6.09,11.803,-3.651,-14.242,2.088,1.346,4.22,4.15,-0.184,0.433,0.175,-4.545,0.806,-0.335,knowable,,wk3_4,pace (-4.5); and outplayed (-14.2),,,,0.0,0.0,0.0,0.0,0.0,0.0,0.0,0.0,0.0,0.0,0.0,0.0,2.0,1.0,1.0,0.0,0.0,0.0,-6.913,-3.658,0.0,0.0,0.0,0.0,0.0,0.0,0.0,0.0,1.0,1.0,8.0,13.6,91.0,79.7,archive,5.6,0.0,-2.343,19.0,0.0,1.0,1.0,-0.11,0.0,0.0,0.0,138.0,126.957,11.043,True,-2.5,-0.929,-0.929,1.989,0.564,2.221,False,0,0.0,7,7,0.002,-0.05,True
2017_04_NO_MIA,under,2015-18,2017,4,MIA,NO,Under 51.5,-4.0,51.5,-0.991,48.689,-2.811,0.623,0.591,0.0,20.0,-20.0,20.0,True,False,1.0,31.5,28.689,5.754,3.309,19.627,2.088,1.346,0.73,1.59,-0.184,-0.548,0.175,4.014,-0.508,0.361,,earned,wk3_4,covered anyway (miss +28.7 inside the edge),,,,1.0,0.0,-6.238,0.0,0.0,0.0,0.0,0.0,0.0,0.0,0.0,0.0,0.0,1.0,0.0,0.0,0.0,0.0,0.0,-1.758,0.0,7.0,0.0,0.0,7.0,0.0,0.0,0.0,1.0,1.0,13.0,5.1,63.0,79.3,archive,-7.9,0.0,-3.061,90.0,71.0,1.0,2.0,-1.382,0.0,0.0,0.0,116.0,125.752,-9.752,True,4.0,0.03,0.03,2.979,0.371,2.206,True,0,0.0,7,7,0.01,0.074,True
2017_04_WAS_KC,under,2015-18,2017,4,KC,WAS,Under 48,6.5,48.0,4.769,44.712,-3.288,0.425,0.602,29.0,20.0,9.0,49.0,False,False,-1.1,-1.0,-4.288,3.134,0.823,-8.245,2.088,-3.325,0.222,4.15,-0.184,-0.141,0.175,1.569,0.435,-1.031,knowable,,wk3_4,return TD (-3.3); and outplayed (-8.2),,,,0.0,1.0,0.0,-7.017,7.0,0.0,1.0,0.0,0.0,0.0,0.0,0.0,1.0,0.0,0.0,0.0,0.0,0.0,-1.181,0.707,0.0,0.0,0.0,0.0,0.0,0.0,0.0,0.0,1.0,1.0,14.0,11.7,82.0,78.4,archive,-2.3,0.0,1.036,15.0,44.0,0.0,1.0,-1.934,0.0,0.0,0.0,121.0,124.812,-3.812,False,6.5,-0.34,-0.34,1.391,0.768,-3.243,True,0,0.0,8,8,0.022,0.022,True
2017_05_NE_TB,under,2015-18,2017,5,TB,NE,Under 54.5,-3.5,54.5,-1.881,51.099,-3.401,0.578,0.606,14.0,19.0,-5.0,33.0,True,False,1.0,21.5,18.099,9.72,-3.9,12.278,2.088,1.346,2.137,4.15,-0.184,0.01,0.175,-1.509,-0.666,-1.727,,earned,,covered anyway (miss +18.1 inside the edge),,,,0.0,2.0,0.0,-9.787,0.0,0.0,0.0,0.0,0.0,0.0,0.0,0.0,3.0,0.0,0.0,0.0,0.0,0.0,-7.705,2.392,0.0,0.0,0.0,0.0,0.0,0.0,0.0,0.0,1.0,1.0,9.0,8.8,76.0,75.4,archive,-0.2,0.0,5.237,70.0,108.0,0.0,0.0,0.0,0.0,0.0,0.0,133.0,129.335,3.665,True,3.5,0.333,0.333,1.286,0.713,0.049,True,0,0.0,4,4,0.01,0.069,True
2017_05_LAC_NYG,under,2015-18,2017,5,NYG,LAC,Under 45.5,3.0,45.5,2.354,43.628,-1.872,0.487,0.561,22.0,27.0,-5.0,49.0,False,False,-1.1,-3.5,-5.372,2.925,-5.828,-2.469,-2.384,1.346,-0.187,4.15,-0.184,0.507,0.175,-4.852,-0.444,-1.031,variance,,,pace (-4.9),,,,2.0,1.0,-5.068,-4.765,7.0,7.0,0.0,0.0,0.0,0.0,0.0,0.0,0.0,0.0,0.0,0.0,0.0,0.0,0.135,0.421,0.0,0.0,0.0,0.0,0.0,0.0,0.0,0.0,1.0,1.0,7.0,13.2,76.0,74.8,archive,6.2,0.0,1.346,67.0,87.0,1.0,0.0,-0.316,0.0,0.0,0.0,138.0,126.213,11.787,False,3.0,-0.286,-0.286,0.36,0.698,-2.309,False,0,0.0,7,7,0.029,-0.042,True
2017_05_GB_DAL,under,2015-18,2017,5,DAL,GB,Under 52,2.5,52.0,2.151,50.13,-1.87,0.522,0.561,31.0,35.0,-4.0,66.0,False,False,-1.1,-14.0,-15.87,3.17,-1.106,-17.934,2.088,-3.325,0.258,4.15,-0.184,0.026,0.175,-2.162,-0.018,1.057,variance,,,return TD (-3.3); and outplayed (-17.9),,,,2.0,0.0,-7.356,0.0,0.0,7.0,0.0,1.0,0.0,0.0,0.0,0.0,0.0,0.0,0.0,2.0,0.0,0.0,1.113,-1.679,0.0,0.0,0.0,0.0,0.0,0.0,0.0,0.0,1.0,1.0,,,,,none,0.0,0.0,0.725,70.0,38.0,3.0,1.0,1.549,0.0,0.0,0.0,131.0,125.746,5.254,False,2.5,0.167,0.167,0.516,1.066,2.126,False,0,1.0,10,7,0.063,0.044,True
2017_06_NE_NYJ,under,2015-18,2017,6,NYJ,NE,Under 48.5,-9.0,48.5,-6.775,45.827,-2.673,0.593,0.589,17.0,24.0,-7.0,41.0,True,False,1.0,7.5,4.827,2.091,-3.011,5.748,-3.342,1.346,1.034,3.053,-0.184,0.011,0.175,-3.301,-0.073,0.361,,earned,,"covered anyway; 5 turnovers, 17 pts off them (-3.3); pace (-3.3)",,,,3.0,2.0,-11.93,-5.942,7.0,10.0,0.0,0.0,0.0,0.0,0.0,0.0,0.0,1.0,0.0,0.0,0.0,0.0,0.259,-2.786,3.0,0.0,0.0,3.0,0.0,0.0,0.0,0.0,1.0,1.0,13.0,12.8,73.0,71.9,archive,-0.2,0.0,-0.483,69.0,45.0,3.0,0.0,-1.33,0.0,0.0,0.0,135.0,126.981,8.019,True,9.0,0.319,0.319,1.905,0.196,2.314,False,1,0.0,7,10,-0.021,0.065,True
2017_07_NYJ_MIA,under,2015-18,2017,7,MIA,NYJ,Under 40,3.0,40.0,3.969,38.286,-1.714,0.535,0.556,31.0,28.0,3.0,59.0,False,False,-1.1,-19.0,-20.714,-0.76,2.164,-22.118,-3.342,1.346,-0.354,1.59,2.327,-0.335,0.175,2.594,-0.869,-1.727,knowable,,line_u41,"4 turnovers, 17 pts off them (-3.3); and outplayed (-22.1)",,,,2.0,2.0,-11.133,-3.412,3.0,14.0,0.0,0.0,0.0,0.0,0.0,0.0,0.0,0.0,0.0,0.0,0.0,0.0,0.708,0.27,6.0,1.0,0.0,6.0,1.0,0.0,0.0,0.0,0.45,1.0,18.0,13.4,86.0,85.0,archive,-4.6,0.0,4.716,76.0,124.0,0.0,0.0,0.0,0.0,0.0,0.0,116.0,122.302,-6.302,True,-3.0,-0.036,-0.036,1.005,0.517,-0.281,False,1,0.0,7,7,-0.021,-0.01,True
2017_07_CIN_PIT,under,2015-18,2017,7,PIT,CIN,Under 40,4.0,40.0,3.753,37.29,-2.71,0.472,0.59,29.0,14.0,15.0,43.0,False,False,-1.1,-3.0,-5.71,4.404,5.849,-15.964,1.13,1.346,-1.124,3.053,-0.184,0.144,0.175,4.222,0.435,1.057,knowable,,line_u41,"outplayed, no luck (residual -16.0)",,,,0.0,2.0,0.0,-8.13,3.0,0.0,0.0,0.0,0.0,0.0,0.0,0.0,0.0,0.0,0.0,0.0,0.0,0.0,2.787,0.135,3.0,0.0,3.0,0.0,0.0,0.0,0.0,0.0,0.96,1.0,6.0,7.5,79.0,74.0,archive,1.5,0.0,5.582,5.0,54.0,2.0,2.0,1.682,0.0,0.0,0.0,115.0,125.257,-10.257,False,4.0,-0.399,-0.399,-0.153,0.534,0.969,False,1,0.0,14,7,-0.024,0.009,True
2017_07_ATL_NE,under,2015-18,2017,7,NE,ATL,Under 56.5,3.0,56.5,4.331,53.284,-3.216,0.547,0.604,23.0,7.0,16.0,30.0,True,False,1.0,26.5,23.284,3.18,4.196,15.907,2.088,1.346,2.909,-3.162,-0.184,0.277,0.175,3.557,0.01,0.361,,earned,,covered anyway; garbage time (-3.2),,,,0.0,0.0,0.0,0.0,0.0,0.0,0.0,0.0,0.0,0.0,0.0,0.0,0.0,2.0,0.0,0.0,0.0,1.0,0.817,-8.078,13.0,7.0,13.0,0.0,0.0,7.0,0.0,0.0,1.0,1.0,2.0,5.2,56.0,56.7,archive,3.2,0.0,-1.529,65.0,40.0,0.0,3.0,2.721,0.0,0.0,0.0,120.0,128.642,-8.642,True,-3.0,-0.135,-0.135,1.466,1.665,5.34,True,0,0.0,7,7,0.074,0.073,True
2017_08_IND_CIN,under,2015-18,2017,8,CIN,IND,Under 44,11.0,44.0,11.001,42.446,-1.554,0.466,0.554,24.0,23.0,1.0,47.0,False,False,-1.1,-3.0,-4.554,2.936,0.577,-8.066,0.171,-3.325,1.94,4.15,-0.184,-0.079,0.175,1.63,0.065,-1.031,variance,,,return TD (-3.3); and outplayed (-8.1),,,,2.0,1.0,-9.339,-7.583,7.0,6.0,1.0,0.0,0.0,0.0,0.0,0.0,1.0,0.0,0.0,0.0,1.0,1.0,-2.82,-1.995,0.0,0.0,0.0,0.0,0.0,0.0,0.0,0.0,1.0,1.0,9.0,7.6,39.0,40.1,archive,-1.4,0.0,2.481,54.0,45.0,0.0,1.0,0.656,0.0,0.0,0.0,122.0,125.96,-3.96,True,-11.0,0.202,0.202,-0.201,0.244,0.173,False,0,0.0,7,7,-0.026,0.017,True
2017_08_CAR_TB,under,2015-18,2017,8,TB,CAR,Under 46,1.5,46.0,2.406,43.577,-2.423,0.547,0.58,3.0,17.0,-14.0,20.0,True,False,1.0,26.0,23.577,4.61,0.401,18.566,-0.148,1.346,-0.372,3.784,-0.184,0.587,0.175,0.854,0.001,-1.031,,earned,,covered anyway (miss +23.6 inside the edge),,,,3.0,1.0,-10.479,-3.661,0.0,7.0,0.0,0.0,0.0,0.0,0.0,0.0,0.0,0.0,0.0,0.0,0.0,0.0,0.785,0.239,0.0,1.0,0.0,0.0,1.0,0.0,0.0,0.0,1.0,1.0,13.0,20.5,63.0,63.3,archive,7.5,0.0,-2.327,55.0,51.0,1.0,0.0,-2.582,0.0,0.0,0.0,124.0,126.074,-2.074,True,-1.5,-1.038,-1.038,1.944,1.099,3.489,False,1,0.0,7,7,0.033,-0.044,True
2017_08_HOU_SEA,under,2015-18,2017,8,SEA,HOU,Under 45,6.0,45.0,6.015,42.799,-2.201,0.481,0.57,41.0,38.0,3.0,79.0,False,False,-1.1,-34.0,-36.201,1.619,-3.977,-33.843,1.13,-3.325,-0.335,4.15,-0.184,0.16,0.175,-2.108,-0.989,-1.031,variance,,,return TD (-3.3); and outplayed (-33.8),,,,1.0,3.0,-4.361,-15.392,10.0,0.0,1.0,0.0,0.0,0.0,0.0,0.0,0.0,0.0,0.0,0.0,0.0,0.0,0.42,0.51,0.0,0.0,0.0,0.0,0.0,0.0,0.0,0.0,1.0,1.0,2.0,3.8,50.0,53.6,archive,1.8,0.0,1.744,120.0,93.0,0.0,1.0,-2.137,0.0,0.0,0.0,131.0,125.877,5.123,True,-6.0,0.434,0.434,-0.419,0.828,1.904,False,0,0.0,7,14,-0.025,-0.056,True
2017_09_IND_HOU,under,2015-18,2017,9,HOU,IND,Under 45,6.0,45.0,2.517,42.873,-2.127,0.374,0.569,14.0,20.0,-6.0,34.0,True,False,1.0,11.0,8.873,0.307,-1.534,10.1,2.088,-3.325,0.686,0.859,-0.184,0.026,0.175,-0.187,-0.332,-1.031,,earned,,covered anyway; return TD (-3.3),,,,1.0,1.0,-2.308,-8.252,7.0,0.0,1.0,0.0,0.0,0.0,0.0,0.0,1.0,0.0,0.0,0.0,0.0,0.0,-3.509,1.863,6.0,3.0,0.0,6.0,3.0,0.0,0.0,0.0,1.0,1.0,,10.0,,84.0,pbp_text,0.0,0.0,-0.56,74.0,68.0,1.0,0.0,-2.308,0.0,0.0,0.0,127.0,126.545,0.455,False,6.0,-0.415,-2.485,0.998,0.28,-3.489,False,1,1.0,7,7,0.018,-0.035,True
2017_09_TB_NO,under,2015-18,2017,9,NO,TB,Under 54,7.0,54.0,6.285,50.137,-3.863,0.438,0.62,30.0,10.0,20.0,40.0,True,False,1.0,14.0,10.137,-1.035,6.827,4.345,-3.342,1.346,4.489,-3.528,2.327,0.026,0.175,5.767,0.26,-1.727,,earned,,"covered anyway; garbage time (-3.5); 3 turnovers, 17 pts off them (-3.3)",,,,2.0,1.0,-9.685,-4.338,7.0,10.0,0.0,0.0,0.0,0.0,0.0,0.0,1.0,1.0,1.0,0.0,1.0,1.0,-3.42,-7.83,14.0,7.0,14.0,0.0,0.0,7.0,0.0,0.0,1.0,0.459,,1.0,,79.0,pbp_text,0.0,0.0,1.431,28.0,50.0,0.0,0.0,0.0,0.0,0.0,0.0,114.0,128.011,-14.011,False,7.0,-0.018,-0.018,0.697,0.342,-0.444,False,1,1.0,7,7,0.024,0.045,True
2017_10_NYJ_TB,under,2015-18,2017,10,TB,NYJ,Under 44.5,1.0,44.5,2.629,42.686,-1.814,0.567,0.561,15.0,10.0,5.0,25.0,True,False,1.0,19.5,17.686,0.622,-2.397,19.462,1.13,1.346,-1.25,-0.603,-0.184,0.128,0.175,-1.987,-0.194,-0.335,,earned,,covered anyway (miss +17.7 inside the edge),,,,1.0,2.0,-3.43,-6.307,3.0,0.0,0.0,0.0,0.0,0.0,0.0,0.0,0.0,0.0,0.0,0.0,0.0,0.0,2.343,0.899,6.0,7.0,6.0,0.0,0.0,7.0,0.0,0.0,1.0,1.0,16.0,17.2,79.0,74.7,archive,1.2,0.0,2.667,50.0,77.0,0.0,2.0,-0.451,0.0,0.0,0.0,130.0,125.172,4.828,True,-1.0,-1.173,-1.173,2.802,0.665,2.875,False,0,0.0,7,10,0.019,-0.01,True
2017_11_NE_OAK,under,2015-18,2017,11,LV,NE,Under 55,-7.0,55.0,-4.581,52.632,-2.368,0.614,0.586,8.0,33.0,-25.0,41.0,True,False,1.0,14.0,11.632,-5.049,-0.27,16.95,1.13,1.346,-1.803,-5.721,-0.184,0.091,0.175,-1.687,0.278,1.057,,earned,,covered anyway; garbage time (-5.7),,,,2.0,0.0,-4.422,0.0,0.0,3.0,0.0,0.0,0.0,0.0,0.0,0.0,0.0,0.0,0.0,0.0,0.0,0.0,0.0,4.636,8.0,19.0,0.0,8.0,19.0,0.0,0.0,0.0,1.0,1.0,0.0,0.7,66.0,56.9,archive,0.7,0.0,-4.405,66.0,10.0,4.0,0.0,1.155,0.0,0.0,0.0,130.0,125.902,4.098,True,7.0,1.04,1.04,1.379,0.549,1.277,False,0,0.0,14,7,0.04,0.085,True
2017_12_CHI_PHI,under,2015-18,2017,12,PHI,CHI,Under 43.5,14.0,43.5,14.724,41.911,-1.589,0.529,0.555,31.0,3.0,28.0,34.0,True,False,1.0,9.5,7.911,2.003,4.363,1.545,2.088,1.346,0.635,-2.066,-0.184,-0.383,0.175,2.49,-0.184,2.449,,earned,,covered anyway (miss +7.9 inside the edge),,,,2.0,2.0,-7.13,-5.12,0.0,0.0,0.0,0.0,0.0,0.0,0.0,0.0,0.0,1.0,0.0,0.0,0.0,0.0,1.411,-2.93,14.0,3.0,14.0,0.0,0.0,3.0,0.0,0.0,0.913,1.0,17.0,12.9,49.0,48.6,archive,-4.1,0.0,-0.639,70.0,56.0,4.0,2.0,11.097,0.0,0.0,0.0,118.0,124.05,-6.05,True,-14.0,0.685,0.685,0.04,0.948,3.002,False,0,0.0,7,7,0.002,-0.02,True
2017_12_GB_PIT,under,2015-18,2017,12,PIT,GB,Under 43,14.0,43.0,11.283,40.886,-2.114,0.415,0.572,31.0,28.0,3.0,59.0,False,False,-1.1,-16.0,-18.114,6.339,-0.197,-24.257,-0.148,1.346,0.992,4.15,-0.184,0.165,0.175,-0.334,0.315,-0.335,variance,,,"outplayed, no luck (residual -24.3)",,,,3.0,0.0,-12.537,0.0,0.0,7.0,0.0,0.0,0.0,0.0,0.0,0.0,0.0,1.0,1.0,0.0,0.0,0.0,0.441,-2.862,0.0,0.0,0.0,0.0,0.0,0.0,0.0,0.0,1.0,1.0,7.0,8.4,38.0,36.1,archive,1.4,0.0,-1.922,45.0,27.0,1.0,1.0,-0.724,0.0,0.0,0.0,125.0,124.189,0.811,False,14.0,0.027,0.027,2.744,1.006,-0.288,True,0,0.0,7,10,0.039,0.007,True
2017_12_HOU_BAL,under,2015-18,2017,12,BAL,HOU,Under 39.5,7.5,39.5,10.588,37.457,-2.043,0.55,0.57,23.0,16.0,7.0,39.0,True,False,1.0,0.5,-1.543,2.86,-0.163,-4.24,-1.106,1.346,-1.529,4.15,-0.184,0.225,0.175,0.131,-0.175,-0.335,,luck,line_u41,covered anyway (miss -1.5 inside the edge),,,,0.0,3.0,0.0,-13.852,10.0,0.0,0.0,0.0,0.0,0.0,0.0,0.0,0.0,0.0,0.0,0.0,0.0,0.0,2.985,0.96,0.0,0.0,0.0,0.0,0.0,0.0,0.0,0.0,0.974,1.0,1.0,3.0,50.0,44.3,archive,2.0,0.0,-1.949,89.0,36.0,2.0,0.0,7.759,0.0,0.0,0.0,127.0,127.317,-0.317,True,-7.5,0.16,0.16,2.928,0.899,1.155,True,0,0.0,8,8,-0.078,-0.041,True
2017_13_DEN_MIA,under,2015-18,2017,13,MIA,DEN,Under 41,-1.0,41.0,0.906,34.808,-6.192,0.544,0.695,35.0,9.0,26.0,44.0,False,False,-1.1,-3.0,-9.192,-8.096,-5.215,4.12,-0.148,-7.996,0.651,-0.603,-0.184,-0.299,0.175,-3.544,-0.332,-1.031,luck,,,return TD (-8.0); pace (-3.5),,,,3.0,3.0,-16.704,-18.096,14.0,7.0,1.0,1.0,0.0,0.0,0.0,0.0,0.0,0.0,0.0,0.0,0.0,1.0,0.829,-2.387,13.0,0.0,13.0,0.0,0.0,0.0,0.0,0.0,0.971,1.0,11.0,7.4,80.0,78.3,archive,-3.6,0.0,0.281,85.0,57.0,0.0,1.0,0.085,0.0,0.0,0.0,132.0,123.39,8.61,True,1.0,0.399,0.399,1.506,0.525,0.87,False,0,0.0,7,7,0.003,-0.073,True
2017_13_CLE_LAC,under,2015-18,2017,13,LAC,CLE,Under 45,13.5,45.0,15.111,41.986,-3.014,0.562,0.597,19.0,10.0,9.0,29.0,True,False,1.0,16.0,12.986,6.205,0.9,5.881,2.088,1.346,0.816,1.956,-0.184,-0.173,0.175,1.231,0.186,-0.335,,earned,,covered anyway (miss +13.0 inside the edge),,,,0.0,2.0,0.0,-6.386,0.0,0.0,0.0,0.0,0.0,0.0,0.0,0.0,1.0,0.0,0.0,0.0,0.0,0.0,-2.376,0.401,3.0,3.0,3.0,0.0,0.0,3.0,0.0,0.0,1.0,1.0,7.0,4.8,68.0,66.1,archive,-2.2,0.0,-5.964,62.0,24.0,1.0,1.0,7.291,0.0,0.0,0.0,124.0,126.99,-2.99,True,-13.5,0.027,0.027,1.584,0.77,-0.019,False,0,0.0,10,7,0.019,-0.029,True
2017_13_PIT_CIN,under,2015-18,2017,13,CIN,PIT,Under 42.5,-4.5,42.5,-1.365,38.836,-3.664,0.618,0.615,20.0,23.0,-3.0,43.0,False,False,-1.1,-0.5,-4.164,2.059,-1.481,-4.742,1.13,1.346,-0.91,0.494,-0.184,0.396,0.175,0.394,-1.23,-1.031,variance,,,nothing stands out: ordinary miss (residual -4.7),,,,0.0,1.0,0.0,-4.405,3.0,0.0,0.0,0.0,0.0,0.0,0.0,0.0,0.0,0.0,0.0,0.0,0.0,0.0,1.304,1.079,7.0,3.0,7.0,0.0,0.0,3.0,0.0,0.0,1.0,1.0,9.0,13.1,61.0,57.9,archive,4.1,0.0,-9.546,173.0,66.0,0.0,1.0,-2.366,0.0,0.0,0.0,123.0,123.957,-0.957,True,4.5,-0.017,-0.017,3.153,0.641,2.947,True,1,0.0,8,8,-0.01,0.021,True
2017_14_BAL_PIT,under,2015-18,2017,14,PIT,BAL,Under 43,6.0,43.0,3.4,41.35,-1.65,0.404,0.559,39.0,38.0,1.0,77.0,False,False,-1.1,-34.0,-35.65,3.279,-9.979,-28.95,-0.148,1.346,-2.068,4.15,-0.184,-0.239,0.175,-7.727,-0.277,-1.727,variance,,,pace (-7.7); and outplayed (-29.0),,,,0.0,1.0,0.0,-5.429,7.0,0.0,0.0,0.0,0.0,0.0,0.0,0.0,0.0,0.0,0.0,0.0,0.0,0.0,3.715,1.591,0.0,0.0,0.0,0.0,0.0,0.0,0.0,0.0,1.0,1.0,12.0,9.2,33.0,29.2,archive,-2.8,0.0,-1.732,101.0,35.0,0.0,0.0,0.0,0.0,0.0,0.0,145.0,126.227,18.773,False,6.0,-0.157,-0.157,2.443,0.699,-4.021,True,1,0.0,7,6,-0.07,0.026,True
2017_15_LAC_KC,under,2015-18,2017,15,KC,LAC,Under 47,1.0,47.0,0.083,44.57,-2.43,0.492,0.583,30.0,13.0,17.0,43.0,True,False,1.0,4.0,1.57,1.133,1.434,-0.996,-2.064,1.346,0.261,1.59,-0.184,0.065,0.175,1.257,-0.24,0.361,,earned,,covered anyway (miss +1.6 inside the edge),,,,0.0,4.0,0.0,-14.766,13.0,0.0,0.0,0.0,0.0,0.0,0.0,0.0,1.0,0.0,0.0,1.0,0.0,0.0,0.291,-0.865,7.0,0.0,7.0,0.0,0.0,0.0,0.0,0.0,1.0,1.0,9.0,9.4,53.0,48.3,archive,0.4,0.0,-0.076,71.0,61.0,1.0,2.0,3.671,0.0,0.0,0.0,123.0,126.054,-3.054,False,1.0,-0.804,-0.804,0.113,0.7,0.601,False,1,0.0,6,6,0.009,0.048,True
2017_15_PHI_NYG,under,2015-18,2017,15,NYG,PHI,Under 40.5,-7.5,40.5,-5.844,36.443,-4.057,0.593,0.629,29.0,34.0,-5.0,63.0,False,False,-1.1,-22.5,-26.557,8.187,-8.826,-25.918,-0.148,1.346,2.84,4.15,-0.184,-0.861,0.175,-7.576,-0.046,-0.335,knowable,,line_u41,pace (-7.6); and outplayed (-25.9),,,,1.0,0.0,-5.643,0.0,0.0,7.0,0.0,0.0,0.0,0.0,0.0,0.0,1.0,0.0,1.0,0.0,3.0,0.0,-7.5,0.412,0.0,0.0,0.0,0.0,0.0,0.0,0.0,0.0,1.0,1.0,0.0,2.2,35.0,34.6,archive,2.2,1.0,2.664,67.0,44.0,1.0,1.0,0.495,0.0,0.0,0.0,147.0,128.594,18.406,True,7.5,-1.342,0.67,0.986,1.295,-1.375,False,1,0.0,7,7,-0.025,0.007,True
2017_15_LA_SEA,under,2015-18,2017,15,SEA,LA,Under 47.5,-1.0,47.5,4.094,46.183,-1.317,0.64,0.55,7.0,42.0,-35.0,49.0,False,False,-1.1,-1.5,-2.817,-8.72,2.358,3.545,-1.106,1.346,0.053,-9.012,-0.184,0.346,0.175,1.464,0.195,0.361,luck,,,garbage time (-9.0),,,,2.0,1.0,-9.319,-3.074,0.0,10.0,0.0,0.0,0.0,0.0,0.0,0.0,0.0,0.0,0.0,1.0,0.0,0.0,0.068,-0.116,7.0,29.0,0.0,7.0,29.0,0.0,0.0,0.0,1.0,0.852,15.0,18.3,47.0,46.0,archive,3.3,0.0,-2.591,60.0,25.0,0.0,3.0,3.763,0.0,0.0,0.0,122.0,125.558,-3.558,True,1.0,-0.339,-0.339,5.433,0.417,5.692,False,1,0.0,7,7,0.002,-0.009,True
2017_15_NE_PIT,under,2015-18,2017,15,PIT,NE,Under 53,-2.5,53.0,-0.188,48.266,-4.734,0.552,0.649,24.0,27.0,-3.0,51.0,True,False,1.0,2.0,-2.734,3.225,3.564,-9.523,-0.148,1.346,-1.025,3.053,-0.184,0.094,0.175,4.149,0.361,-1.031,,luck,,covered anyway (miss -2.7 inside the edge),,,,1.0,1.0,-3.224,-5.168,7.0,0.0,0.0,0.0,0.0,0.0,0.0,0.0,0.0,0.0,0.0,1.0,0.0,0.0,2.144,0.529,0.0,3.0,0.0,0.0,0.0,3.0,0.0,0.0,1.0,1.0,4.0,4.7,42.0,41.4,archive,0.7,0.0,-5.925,63.0,4.0,0.0,1.0,-2.359,0.0,0.0,0.0,118.0,128.079,-10.079,True,2.5,1.053,1.053,1.258,0.578,3.508,False,0,0.0,7,6,0.045,0.068,True
2017_15_ATL_TB,under,2015-18,2017,15,TB,ATL,Under 49.5,-7.0,49.5,-4.261,46.747,-2.753,0.621,0.592,21.0,24.0,-3.0,45.0,True,False,1.0,4.5,1.747,7.654,0.887,-6.793,1.13,1.346,1.029,4.15,-0.184,0.239,0.175,2.447,-0.064,-1.727,,luck,,covered anyway (miss +1.7 inside the edge),,,,1.0,0.0,-4.953,0.0,0.0,3.0,0.0,0.0,0.0,0.0,0.0,0.0,1.0,1.0,0.0,0.0,0.0,1.0,-1.485,-1.029,0.0,0.0,0.0,0.0,0.0,0.0,0.0,0.0,1.0,1.0,2.0,4.2,71.0,70.4,archive,2.2,0.0,2.018,53.0,60.0,0.0,0.0,0.0,0.0,0.0,0.0,120.0,125.946,-5.946,True,7.0,-0.381,-0.381,3.12,0.529,3.691,True,1,0.0,8,11,0.019,0.058,True
2018_01_ATL_PHI,under,2015-18,2018,1,PHI,ATL,Under 44.5,1.0,44.5,0.384,42.583,-1.917,0.502,0.566,18.0,12.0,6.0,30.0,True,False,1.0,14.5,12.583,5.262,-4.577,11.898,0.171,1.346,-0.405,4.15,-0.184,-0.577,0.175,-1.758,-1.202,-1.031,,earned,,covered anyway (miss +12.6 inside the edge),,,,2.0,1.0,-10.612,-4.269,0.0,6.0,0.0,0.0,0.0,0.0,0.0,0.0,0.0,0.0,0.0,1.0,0.0,0.0,0.149,0.958,0.0,0.0,0.0,0.0,0.0,0.0,0.0,0.0,0.947,1.0,8.0,3.1,81.0,83.4,archive,-4.9,0.0,1.436,101.0,135.0,0.0,1.0,4.25,0.0,0.0,0.0,129.0,124.729,4.271,False,1.0,-0.979,-0.979,-0.364,0.215,-0.335,True,0,0.0,7,7,0.02,0.013,True
2018_01_HOU_NE,under,2015-18,2018,1,NE,HOU,Under 49.5,6.0,49.5,10.393,47.597,-1.903,0.623,0.566,27.0,20.0,7.0,47.0,True,False,1.0,2.5,0.597,-10.851,-6.66,18.108,-3.342,1.346,-0.94,-7.915,-0.184,-0.036,0.175,-6.522,0.241,-0.335,,earned,,covered anyway; garbage time (-7.9); pace (-6.5),,,,3.0,2.0,-12.339,-9.148,7.0,10.0,0.0,0.0,0.0,0.0,0.0,0.0,0.0,0.0,0.0,0.0,0.0,0.0,1.076,1.381,19.0,14.0,19.0,0.0,0.0,14.0,0.0,0.0,1.0,1.0,10.0,9.5,62.0,62.1,archive,-0.5,0.0,1.662,36.0,44.0,1.0,1.0,5.004,0.0,0.0,0.0,142.0,126.154,15.846,True,-6.0,-0.615,-0.615,5.008,1.475,7.975,False,0,0.0,7,7,0.08,-0.002,True
2018_01_TB_NO,under,2015-18,2018,1,NO,TB,Under 50,10.0,50.0,9.655,47.371,-2.629,0.456,0.591,40.0,48.0,-8.0,88.0,False,False,-1.1,-38.0,-40.629,-7.13,1.189,-34.687,-0.148,-3.325,0.968,-4.625,-0.184,0.026,0.175,2.581,-0.379,-1.031,variance,,,garbage time (-4.6); return TD (-3.3); and outplayed (-34.7),,,,2.0,0.0,-12.933,0.0,0.0,14.0,0.0,1.0,0.0,0.0,0.0,0.0,0.0,1.0,0.0,0.0,0.0,0.0,0.494,-2.853,16.0,8.0,0.0,16.0,8.0,0.0,0.0,0.0,1.0,1.0,,5.0,,86.0,pbp_text,0.0,0.0,-2.391,77.0,70.0,1.0,0.0,2.656,0.0,0.0,0.0,119.0,125.272,-6.272,False,10.0,0.383,2.209,2.555,0.785,-2.086,False,1,1.0,7,7,0.031,0.038,True
2018_01_KC_LAC,under,2015-18,2018,1,LAC,KC,Under 48,3.5,48.0,7.634,43.434,-4.566,0.608,0.645,28.0,38.0,-10.0,66.0,False,False,-1.1,-18.0,-22.566,-12.528,-3.958,-6.08,-2.384,-3.325,-0.001,-6.818,-0.184,0.075,0.175,-3.096,0.102,-1.031,variance,,,garbage time (-6.8); return TD (-3.3),,,,2.0,0.0,-11.056,0.0,0.0,14.0,0.0,0.0,0.0,1.0,0.0,0.0,1.0,0.0,0.0,0.0,0.0,0.0,-1.298,1.384,16.0,14.0,0.0,16.0,14.0,0.0,0.0,0.0,1.0,1.0,8.0,8.4,84.0,88.3,archive,0.4,0.0,-0.3,45.0,50.0,1.0,0.0,3.681,0.0,0.0,0.0,132.0,124.478,7.522,True,-3.5,0.138,0.138,3.995,0.458,3.117,False,1,0.0,7,7,0.011,0.044,True
2018_01_CHI_GB,under,2015-18,2018,1,GB,CHI,Under 45,6.5,45.0,3.358,42.712,-2.288,0.387,0.581,24.0,23.0,1.0,47.0,False,False,-1.1,-2.0,-4.288,-2.093,-1.539,-0.656,2.088,-3.325,-0.618,-0.238,-0.184,-0.724,0.175,-1.158,-0.009,0.361,luck,,,return TD (-3.3),,,,2.0,1.0,-11.134,-2.509,0.0,7.0,0.0,1.0,0.0,0.0,0.0,0.0,0.0,0.0,0.0,0.0,0.0,0.0,0.992,0.652,9.0,3.0,0.0,9.0,3.0,0.0,0.0,0.0,0.786,1.0,10.0,3.9,62.0,58.8,archive,-6.1,0.0,-4.223,72.0,35.0,1.0,2.0,5.006,0.0,0.0,0.0,125.0,122.186,2.814,False,6.5,-1.125,-1.125,2.017,1.572,-6.961,True,1,0.0,7,7,-0.032,0.013,True
2018_02_KC_PIT,under,2015-18,2018,2,PIT,KC,Under 52,4.5,52.0,4.421,48.301,-3.699,0.487,0.62,37.0,42.0,-5.0,79.0,False,False,-1.1,-27.0,-30.699,2.698,-1.302,-32.094,-0.148,1.346,1.372,0.128,-0.184,-0.072,0.175,-0.332,-0.555,-0.335,variance,,,"outplayed, no luck (residual -32.1)",,,,0.0,1.0,0.0,-4.814,7.0,0.0,0.0,0.0,0.0,0.0,0.0,0.0,1.0,0.0,1.0,0.0,0.0,0.0,-3.786,0.405,9.0,2.0,0.0,9.0,2.0,0.0,0.0,0.0,1.0,1.0,10.0,9.2,80.0,78.3,archive,-0.8,0.0,4.779,90.0,76.0,2.0,0.0,6.662,0.0,0.0,0.0,127.0,126.194,0.806,False,4.5,-0.917,-0.917,-0.838,1.213,-2.846,False,0,0.0,7,7,0.063,0.038,True
2018_02_DET_SF,under,2015-18,2018,2,SF,DET,Under 48.5,6.0,48.5,2.376,43.646,-4.854,0.376,0.656,30.0,27.0,3.0,57.0,False,False,-1.1,-8.5,-13.354,-0.994,-4.508,-7.852,1.13,1.346,-1.404,-2.066,-0.184,-0.207,0.175,-2.476,-0.786,-1.031,variance,,,nothing stands out: ordinary miss (residual -7.9),,,,0.0,1.0,0.0,-5.04,3.0,0.0,0.0,0.0,0.0,0.0,0.0,0.0,0.0,0.0,0.0,0.0,0.0,0.0,2.463,1.166,4.0,13.0,4.0,0.0,0.0,13.0,0.0,0.0,1.0,1.0,12.0,10.1,73.0,73.1,archive,-1.9,0.0,-0.535,86.0,105.0,0.0,1.0,1.314,0.0,0.0,0.0,132.0,125.986,6.014,False,6.0,-0.507,-0.507,3.117,0.292,-3.79,False,0,0.0,6,7,-0.009,-0.001,True
2018_02_OAK_DEN,under,2015-18,2018,2,DEN,LV,Under 44.5,5.5,44.5,5.19,40.748,-3.752,0.486,0.623,20.0,19.0,1.0,39.0,True,False,1.0,5.5,1.748,6.999,-0.095,-5.156,2.088,1.346,-0.584,4.15,-0.184,0.258,0.175,-0.39,0.38,-0.335,,luck,,covered anyway (miss +1.7 inside the edge),,,,1.0,0.0,-4.249,0.0,0.0,0.0,0.0,0.0,0.0,0.0,0.0,0.0,0.0,0.0,0.0,1.0,0.0,1.0,1.069,0.49,0.0,0.0,0.0,0.0,0.0,0.0,0.0,0.0,1.0,1.0,4.0,5.9,92.0,91.1,archive,1.9,0.0,-1.639,35.0,30.0,1.0,1.0,6.521,0.0,0.0,0.0,124.0,123.053,0.947,False,5.5,0.678,0.678,0.988,0.392,-0.573,False,1,0.0,6,7,0.011,-0.047,True
2018_03_NO_ATL,under,2015-18,2018,3,ATL,NO,Under 54,1.5,54.0,2.364,49.444,-4.556,0.55,0.647,37.0,43.0,-6.0,80.0,False,False,-1.1,-26.0,-30.556,6.227,-11.007,-25.776,2.088,1.346,0.837,1.956,-0.184,0.026,-3.358,-5.832,-0.629,-1.031,knowable,,wk3_4,pace (-5.8); overtime (-3.4); and outplayed (-25.8),,,,0.0,0.0,0.0,0.0,0.0,0.0,0.0,0.0,0.0,0.0,0.0,0.0,0.0,0.0,0.0,0.0,1.0,0.0,-4.243,2.213,0.0,6.0,0.0,0.0,6.0,0.0,0.0,0.0,1.0,1.0,,,,,none,0.0,0.0,6.709,54.0,120.0,0.0,1.0,-2.411,1.0,0.0,6.0,137.0,122.831,14.169,True,-1.5,-0.074,-0.074,0.938,0.234,0.98,False,1,1.0,7,7,0.021,0.048,True
2018_03_DEN_BAL,under,2015-18,2018,3,BAL,DEN,Under 46,5.5,46.0,6.674,44.648,-1.352,0.53,0.552,27.0,14.0,13.0,41.0,True,False,1.0,5.0,3.648,8.885,-0.636,-4.601,2.088,1.346,1.667,3.784,-0.184,0.416,0.175,0.598,-0.61,-1.031,,luck,wk3_4,covered anyway (miss +3.6 inside the edge),,,,0.0,1.0,0.0,-5.571,0.0,0.0,0.0,0.0,0.0,0.0,0.0,0.0,1.0,0.0,0.0,0.0,2.0,0.0,-4.261,0.135,1.0,0.0,1.0,0.0,0.0,0.0,0.0,0.0,1.0,1.0,5.0,8.3,61.0,63.6,archive,3.3,0.0,4.178,52.0,120.0,0.0,1.0,2.966,0.0,0.0,0.0,127.0,128.453,-1.453,True,-5.5,-0.109,-0.109,1.283,0.472,1.959,False,0,0.0,10,7,-0.044,-0.038,True
2018_03_SF_KC,under,2015-18,2018,3,KC,SF,Under 53,6.0,53.0,5.121,50.459,-2.541,0.459,0.589,38.0,27.0,11.0,65.0,False,False,-1.1,-12.0,-14.541,-6.174,-1.401,-6.965,2.088,1.346,-0.23,-9.377,-0.184,0.274,0.175,-1.204,-0.823,0.361,knowable,,wk3_4,garbage time (-9.4),,,,0.0,0.0,0.0,0.0,0.0,0.0,0.0,0.0,0.0,0.0,0.0,0.0,0.0,0.0,0.0,1.0,0.0,0.0,0.778,-0.112,17.0,20.0,17.0,0.0,0.0,20.0,0.0,0.0,1.0,1.0,4.0,6.1,70.0,71.3,archive,2.1,0.0,4.639,48.0,147.0,1.0,2.0,-1.999,0.0,0.0,0.0,130.0,127.074,2.926,False,6.0,0.066,0.066,0.945,0.542,0.219,False,0,0.0,7,7,0.007,0.082,True
2018_03_OAK_MIA,under,2015-18,2018,3,MIA,LV,Under 46,3.0,46.0,4.043,44.149,-1.851,0.545,0.571,28.0,20.0,8.0,48.0,False,False,-1.1,-2.0,-3.851,2.41,3.445,-9.705,0.171,1.346,-0.698,1.59,-0.184,-0.234,0.175,4.773,-0.055,-1.031,knowable,,wk3_4,"outplayed, no luck (residual -9.7)",,,,0.0,2.0,0.0,-10.082,6.0,0.0,0.0,0.0,0.0,0.0,0.0,0.0,0.0,0.0,0.0,0.0,0.0,0.0,0.27,1.576,1.0,6.0,1.0,0.0,0.0,6.0,0.0,0.0,0.963,1.0,7.0,4.8,90.0,86.4,archive,-2.2,0.0,-3.515,74.0,38.0,0.0,1.0,4.533,0.0,0.0,0.0,110.0,121.597,-11.597,True,-3.0,-0.024,-0.024,1.066,0.72,-0.702,False,0,0.0,7,7,-0.032,0.017,True
2018_03_LAC_LA,under,2015-18,2018,3,LA,LAC,Under 49,7.5,49.0,3.504,46.062,-2.938,0.338,0.6,35.0,23.0,12.0,58.0,False,False,-1.1,-9.0,-11.938,2.078,0.913,-14.928,-0.148,1.346,2.945,-2.066,-0.184,0.616,0.175,0.529,0.112,-0.335,knowable,,wk3_4,"outplayed, no luck (residual -14.9)",,,,2.0,2.0,-7.907,-7.369,7.0,0.0,0.0,0.0,0.0,0.0,0.0,0.0,1.0,0.0,0.0,1.0,0.0,1.0,-1.892,-5.461,8.0,9.0,8.0,0.0,0.0,9.0,0.0,0.0,1.0,0.969,5.0,10.0,80.0,78.4,archive,5.0,0.0,0.048,64.0,30.0,0.0,2.0,-1.895,0.0,0.0,0.0,122.0,123.285,-1.285,False,7.5,0.258,0.258,4.254,0.647,-2.49,False,0,0.0,7,7,0.034,-0.001,True
2018_03_NE_DET,under,2015-18,2018,3,DET,NE,Under 55.5,-7.0,55.5,-2.343,52.306,-3.194,0.68,0.607,26.0,10.0,16.0,36.0,True,False,1.0,19.5,16.306,2.603,3.673,10.029,-0.148,1.346,-0.551,1.956,-0.184,0.026,0.175,4.705,-0.018,-1.031,,earned,wk3_4,covered anyway (miss +16.3 inside the edge),,,,1.0,1.0,-3.76,-2.827,0.0,7.0,0.0,0.0,0.0,0.0,0.0,0.0,0.0,0.0,0.0,0.0,0.0,0.0,1.102,0.373,6.0,0.0,6.0,0.0,0.0,0.0,0.0,0.0,1.0,1.0,,,,68.0,pbp_text,0.0,0.0,-0.355,70.0,38.0,0.0,1.0,3.034,0.0,0.0,0.0,116.0,127.432,-11.432,True,7.0,1.299,1.299,3.358,0.866,2.685,True,0,1.0,7,7,-0.001,0.074,True
2018_04_MIN_LA,under,2015-18,2018,4,LA,MIN,Under 48.5,7.5,48.5,4.937,44.227,-4.273,0.38,0.639,38.0,31.0,7.0,69.0,False,False,-1.1,-20.5,-24.773,7.037,1.147,-32.957,2.088,1.346,0.551,3.053,-0.184,0.709,0.175,-0.433,0.519,0.361,knowable,,wk3_4,"outplayed, no luck (residual -33.0)",,,,0.0,1.0,0.0,-4.588,0.0,0.0,0.0,0.0,0.0,0.0,0.0,0.0,1.0,0.0,0.0,0.0,0.0,0.0,-2.941,1.635,0.0,3.0,0.0,0.0,0.0,3.0,0.0,0.0,0.972,1.0,3.0,8.7,75.0,77.5,archive,5.7,0.0,2.763,15.0,35.0,1.0,2.0,-5.605,0.0,0.0,0.0,126.0,124.947,1.053,False,7.5,-0.326,-0.326,2.237,1.265,0.485,True,0,0.0,4,4,-0.042,0.012,True
2018_04_CIN_ATL,under,2015-18,2018,4,ATL,CIN,Under 52,3.5,52.0,4.829,49.126,-2.874,0.526,0.597,36.0,37.0,-1.0,73.0,False,False,-1.1,-21.0,-23.874,6.059,-4.021,-25.911,0.171,1.346,0.392,4.15,-0.184,0.026,0.175,-3.993,-0.407,0.361,knowable,,wk3_4,pace (-4.0); and outplayed (-25.9),,,,0.0,1.0,0.0,-6.306,6.0,0.0,0.0,0.0,0.0,0.0,0.0,0.0,0.0,0.0,0.0,0.0,0.0,1.0,1.673,-2.579,0.0,0.0,0.0,0.0,0.0,0.0,0.0,0.0,1.0,1.0,,,,,none,0.0,0.0,-0.724,95.0,55.0,1.0,2.0,-6.579,0.0,0.0,0.0,135.0,125.299,9.701,True,-3.5,-0.589,-0.589,1.918,0.549,2.327,False,0,1.0,7,7,0.037,-0.006,True
2018_04_MIA_NE,under,2015-18,2018,4,NE,MIA,Under 50.5,6.5,50.5,6.449,47.61,-2.89,0.479,0.597,38.0,7.0,31.0,45.0,True,False,1.0,5.5,2.61,-12.061,1.803,12.868,-4.619,1.346,-0.141,-8.646,-0.184,-0.07,0.175,3.283,-0.37,-1.031,,earned,wk3_4,"covered anyway; garbage time (-8.6); 4 turnovers, 21 pts off them (-4.6)",,,,2.0,2.0,-7.117,-9.513,14.0,7.0,0.0,0.0,0.0,0.0,0.0,0.0,0.0,0.0,0.0,0.0,0.0,0.0,0.374,0.068,28.0,7.0,28.0,0.0,0.0,7.0,0.0,0.0,1.0,0.793,6.0,5.2,65.0,65.1,archive,-0.8,0.0,5.079,57.0,89.0,0.0,1.0,-3.067,0.0,0.0,0.0,117.0,124.976,-7.976,False,6.5,-1.26,-1.26,-1.208,0.47,0.992,False,1,0.0,7,7,-0.015,0.058,True
2018_04_CLE_OAK,under,2015-18,2018,4,LV,CLE,Under 44.5,2.5,44.5,2.645,43.013,-1.487,0.54,0.556,45.0,42.0,3.0,87.0,False,False,-1.1,-42.5,-43.987,-3.966,-17.682,-22.339,-4.939,-3.325,1.61,2.687,-0.184,1.153,-1.591,-16.596,-0.129,-0.335,knowable,,wk3_4,"pace (-16.6); 6 turnovers, 29 pts off them (-4.9); and outplayed (-22.3)",,,,2.0,4.0,-9.349,-18.795,21.0,8.0,1.0,0.0,0.0,0.0,0.0,0.0,2.0,0.0,0.0,0.0,0.0,0.0,-4.357,0.375,3.0,1.0,3.0,0.0,1.0,0.0,0.0,0.0,1.0,1.0,8.0,17.4,71.0,92.2,archive,9.4,0.0,1.021,65.0,55.0,1.0,1.0,-6.307,1.0,3.0,0.0,165.0,124.679,40.321,True,-2.5,0.151,0.151,-0.006,0.528,-1.111,False,0,0.0,7,10,0.031,-0.048,True
2018_04_SF_LAC,under,2015-18,2018,4,LAC,SF,Under 46,10.0,46.0,10.127,44.651,-1.349,0.469,0.551,29.0,27.0,2.0,56.0,False,False,-1.1,-10.0,-11.349,3.354,0.285,-14.988,1.13,-3.325,1.4,4.15,-0.184,0.074,0.175,0.991,0.26,-1.031,knowable,,wk3_4,return TD (-3.3); and outplayed (-15.0),,,,1.0,2.0,-7.091,-15.552,3.0,7.0,0.0,1.0,0.0,0.0,0.0,0.0,1.0,0.0,2.0,0.0,0.0,0.0,-3.927,0.475,0.0,0.0,0.0,0.0,0.0,0.0,0.0,0.0,1.0,1.0,9.0,9.4,78.0,81.9,archive,0.4,0.0,-1.209,49.0,29.0,1.0,0.0,2.249,0.0,0.0,0.0,124.0,126.408,-2.408,True,-10.0,-0.024,1.539,-1.412,1.581,-3.735,False,0,0.0,7,7,0.046,0.025,True
2018_04_BAL_PIT,under,2015-18,2018,4,PIT,BAL,Under 51,3.0,51.0,2.975,49.434,-1.566,0.512,0.557,14.0,26.0,-12.0,40.0,True,False,1.0,11.0,9.434,-0.377,-0.479,10.289,-2.064,1.346,-1.614,1.956,-0.184,0.278,0.175,-0.561,0.149,-0.335,,earned,wk3_4,covered anyway (miss +9.4 inside the edge),,,,2.0,1.0,-8.345,-5.944,3.0,10.0,0.0,0.0,0.0,0.0,0.0,0.0,0.0,0.0,0.0,0.0,0.0,0.0,0.812,3.349,0.0,6.0,0.0,0.0,6.0,0.0,0.0,0.0,1.0,1.0,2.0,4.1,69.0,66.0,archive,2.1,0.0,1.706,40.0,50.0,1.0,1.0,-5.882,0.0,0.0,0.0,131.0,129.636,1.364,False,3.0,-0.192,-0.192,-0.167,1.046,2.332,True,1,0.0,7,6,-0.041,0.056,True
2018_04_KC_DEN,under,2015-18,2018,4,DEN,KC,Under 53.5,-3.5,53.5,-2.869,51.895,-1.605,0.549,0.561,23.0,27.0,-4.0,50.0,True,False,1.0,3.5,1.895,6.402,-0.498,-4.009,2.088,1.346,-1.181,4.15,-0.184,-0.226,0.175,-1.905,-0.11,1.753,,luck,wk3_4,covered anyway (miss +1.9 inside the edge),,,,1.0,0.0,-3.911,0.0,0.0,0.0,0.0,0.0,0.0,0.0,0.0,0.0,0.0,0.0,0.0,0.0,0.0,0.0,2.592,0.475,0.0,0.0,0.0,0.0,0.0,0.0,0.0,0.0,1.0,1.0,5.0,2.9,65.0,63.7,archive,-2.1,0.0,5.805,25.0,93.0,3.0,2.0,-4.667,0.0,0.0,0.0,130.0,125.371,4.629,True,3.5,-0.214,-0.214,0.844,0.743,-0.221,True,1,0.0,8,8,-0.037,0.094,True
2018_05_GB_DET,under,2015-18,2018,5,DET,GB,Under 50,1.0,50.0,2.127,47.063,-2.937,0.556,0.604,31.0,23.0,8.0,54.0,False,False,-1.1,-4.0,-6.937,-1.955,-4.923,-0.059,-3.342,1.346,7.225,-7.184,-0.184,0.026,0.175,-3.893,-0.712,-0.335,in-game events,,,garbage time (-7.2); pace (-3.9),,,,0.0,3.0,0.0,-14.37,17.0,0.0,0.0,0.0,0.0,0.0,0.0,0.0,1.0,4.0,0.0,1.0,0.0,0.0,-2.381,-15.778,14.0,17.0,14.0,0.0,0.0,17.0,0.0,0.0,1.0,1.0,,,,68.0,pbp_text,0.0,0.0,-4.367,71.0,112.0,0.0,2.0,-7.795,0.0,0.0,0.0,133.0,123.541,9.459,True,-1.0,0.325,0.325,0.802,0.351,0.704,False,1,1.0,7,7,0.005,-0.001,True
2018_05_ATL_PIT,under,2015-18,2018,5,PIT,ATL,Under 57,3.5,57.0,2.405,53.175,-3.825,0.452,0.629,41.0,17.0,24.0,58.0,False,False,-1.1,-1.0,-4.825,-4.301,-0.526,0.002,2.088,-3.325,0.83,-3.894,-0.184,-0.145,0.175,-0.484,-0.249,0.361,luck,,,garbage time (-3.9); return TD (-3.3),,,,1.0,1.0,-4.654,-7.089,7.0,0.0,1.0,0.0,0.0,0.0,0.0,0.0,0.0,0.0,1.0,0.0,0.0,1.0,-0.595,-1.416,15.0,7.0,15.0,0.0,0.0,7.0,0.0,0.0,1.0,0.865,5.0,3.6,83.0,80.5,archive,-1.4,0.0,4.843,58.0,75.0,0.0,3.0,2.278,0.0,0.0,0.0,127.0,125.824,1.176,False,3.5,-0.346,-0.346,0.749,0.316,-0.817,False,0,0.0,7,7,0.048,0.045,True
2018_05_OAK_LAC,under,2015-18,2018,5,LAC,LV,Under 52,5.5,52.0,8.982,47.28,-4.72,0.596,0.652,26.0,10.0,16.0,36.0,True,False,1.0,16.0,11.28,-1.381,7.023,5.638,-2.064,1.346,1.037,-1.7,-0.184,-0.084,0.175,8.433,-0.286,-1.031,,earned,,covered anyway (miss +11.3 inside the edge),,,,0.0,2.0,0.0,-9.576,13.0,0.0,0.0,0.0,0.0,0.0,0.0,0.0,1.0,1.0,1.0,0.0,0.0,0.0,-1.013,-1.521,9.0,7.0,9.0,0.0,0.0,7.0,0.0,0.0,1.0,1.0,10.0,9.1,75.0,74.7,archive,-0.9,0.0,-2.242,82.0,55.0,0.0,1.0,-2.438,0.0,0.0,0.0,103.0,123.489,-20.489,True,-5.5,-0.127,-0.127,3.609,0.195,3.552,False,1,0.0,7,7,0.036,0.027,True
2018_05_MIN_PHI,under,2015-18,2018,5,PHI,MIN,Under 48,3.5,48.0,3.624,42.904,-5.096,0.488,0.665,21.0,23.0,-2.0,44.0,True,False,1.0,4.0,-1.096,-0.87,5.174,-5.4,1.13,-3.325,1.928,-0.603,-0.184,0.148,0.175,5.778,0.287,-1.031,,earned,,covered anyway; return TD (-3.3),,,,2.0,1.0,-16.145,-5.185,0.0,10.0,0.0,1.0,0.0,0.0,0.0,0.0,0.0,2.0,0.0,0.0,0.0,0.0,0.384,-5.169,10.0,3.0,0.0,10.0,3.0,0.0,0.0,0.0,1.0,1.0,6.0,7.0,79.0,81.1,archive,1.0,0.0,-2.533,52.0,23.0,1.0,0.0,1.735,0.0,0.0,0.0,114.0,128.039,-14.039,True,-3.5,-0.406,-0.406,0.529,0.335,-0.633,False,0,0.0,7,10,-0.01,-0.017,True
2018_05_LA_SEA,under,2015-18,2018,5,SEA,LA,Under 50.5,-7.5,50.5,-1.853,48.015,-2.485,0.709,0.591,31.0,33.0,-2.0,64.0,False,False,-1.1,-13.5,-15.985,4.623,2.235,-22.843,-0.148,1.346,-0.724,4.15,-0.184,0.27,0.175,2.902,0.102,-1.031,variance,,,"outplayed, no luck (residual -22.8)",,,,0.0,2.0,0.0,-7.461,7.0,0.0,0.0,0.0,0.0,0.0,0.0,0.0,0.0,0.0,0.0,1.0,0.0,0.0,1.99,-0.076,0.0,0.0,0.0,0.0,0.0,0.0,0.0,0.0,1.0,1.0,5.0,7.0,53.0,54.1,archive,2.0,0.0,-3.465,50.0,45.0,0.0,1.0,0.201,0.0,0.0,0.0,116.0,123.052,-7.052,True,7.5,-1.045,-1.045,6.692,0.323,6.319,False,1,0.0,7,10,-0.036,0.034,True
2018_06_TB_ATL,under,2015-18,2018,6,ATL,TB,Under 57.5,3.0,57.5,5.387,50.196,-7.304,0.585,0.723,34.0,29.0,5.0,63.0,False,False,-1.1,-5.5,-12.804,5.293,-2.242,-15.855,2.088,1.346,-0.827,2.687,-0.184,0.001,0.175,-1.026,0.519,-1.727,variance,,,"outplayed, no luck (residual -15.9)",,,,0.0,2.0,0.0,-7.9,0.0,0.0,0.0,0.0,0.0,0.0,0.0,0.0,0.0,0.0,0.0,1.0,0.0,0.0,2.614,-0.44,4.0,0.0,4.0,0.0,0.0,0.0,0.0,0.0,1.0,1.0,,6.8,,71.3,archive,-0.2,0.0,0.268,30.0,20.0,0.0,0.0,0.0,0.0,0.0,0.0,127.0,124.508,2.492,True,-3.0,-0.384,-0.384,2.772,0.34,1.612,False,1,0.0,7,14,0.05,0.056,True
2018_06_LAC_CLE,under,2015-18,2018,6,CLE,LAC,Under 47,1.0,47.0,-3.99,42.183,-4.817,0.371,0.655,14.0,38.0,-24.0,52.0,False,False,-1.1,-5.0,-9.817,-5.359,-0.781,-3.676,-1.106,1.346,-0.608,-4.99,-0.184,-0.381,0.175,-0.577,-0.175,0.361,luck,,,garbage time (-5.0),,,,2.0,1.0,-11.455,-3.761,0.0,10.0,0.0,0.0,0.0,0.0,0.0,0.0,0.0,0.0,0.0,0.0,0.0,0.0,0.37,1.251,8.0,17.0,0.0,8.0,17.0,0.0,0.0,0.0,1.0,0.955,9.0,5.7,51.0,54.0,archive,-3.3,0.0,3.774,53.0,72.0,3.0,0.0,-3.439,0.0,0.0,0.0,129.0,127.598,1.402,False,1.0,0.252,0.252,5.243,0.683,-3.32,False,0,0.0,7,7,0.041,-0.053,True
2018_06_IND_NYJ,under,2015-18,2018,6,NYJ,IND,Under 47.5,2.5,47.5,4.847,44.826,-2.674,0.602,0.592,42.0,34.0,8.0,76.0,False,False,-1.1,-28.5,-31.174,-14.705,-1.989,-14.48,-3.98,-3.325,-2.043,-5.356,-0.184,0.1,0.175,-0.966,-0.083,-1.031,variance,,,"garbage time (-5.4); 6 turnovers, 26 pts off them (-4.0); and outplayed (-14.5)",,,,2.0,4.0,-8.676,-23.285,20.0,6.0,1.0,0.0,0.0,0.0,0.0,0.0,0.0,0.0,0.0,0.0,0.0,0.0,4.748,0.497,13.0,13.0,13.0,0.0,0.0,13.0,0.0,0.0,1.0,1.0,7.0,7.6,60.0,58.2,archive,0.6,0.0,0.034,49.0,66.0,0.0,1.0,2.903,0.0,0.0,0.0,130.0,127.652,2.348,True,-2.5,1.461,1.461,0.885,0.823,4.14,False,0,0.0,7,10,-0.037,-0.002,True
2018_06_LA_DEN,under,2015-18,2018,6,DEN,LA,Under 50,-7.0,50.0,-3.456,48.599,-1.401,0.649,0.552,20.0,23.0,-3.0,43.0,True,False,1.0,7.0,5.599,-2.047,-3.095,10.741,-0.148,1.346,1.015,-4.259,-0.184,-0.184,0.175,-2.235,-0.332,-0.335,,earned,,covered anyway; garbage time (-4.3),,,,1.0,1.0,-3.13,-4.038,7.0,0.0,0.0,0.0,0.0,0.0,0.0,0.0,0.0,1.0,0.0,0.0,0.0,0.0,0.327,-2.805,13.0,10.0,0.0,13.0,10.0,0.0,0.0,0.0,1.0,1.0,6.0,4.3,25.0,26.8,archive,-1.7,0.0,4.56,61.0,81.0,1.0,1.0,-5.86,0.0,0.0,0.0,129.0,123.571,5.429,True,7.0,-0.03,-0.03,3.573,0.378,3.076,False,0,0.0,7,7,-0.021,0.05,True
2018_06_BAL_TEN,under,2015-18,2018,6,TEN,BAL,Under 43.5,-2.5,43.5,-1.091,41.618,-1.882,0.528,0.569,0.0,21.0,-21.0,21.0,True,False,1.0,22.5,20.618,4.977,6.425,9.216,2.088,1.346,-0.047,1.59,-0.184,0.569,0.175,6.886,0.01,-1.031,,earned,,covered anyway (miss +20.6 inside the edge),,,,0.0,1.0,0.0,-1.137,0.0,0.0,0.0,0.0,0.0,0.0,0.0,0.0,0.0,0.0,0.0,0.0,0.0,0.0,0.0,0.203,0.0,7.0,0.0,0.0,7.0,0.0,0.0,0.0,1.0,1.0,4.0,8.4,66.0,70.5,archive,4.4,0.0,-1.141,35.0,70.0,0.0,1.0,-1.764,0.0,0.0,0.0,111.0,127.731,-16.731,True,2.5,-0.154,-0.154,1.563,0.516,0.301,False,0,0.0,7,7,-0.03,-0.052,True
2018_06_KC_NE,under,2015-18,2018,6,NE,KC,Under 59.5,4.0,59.5,5.187,54.555,-4.945,0.52,0.66,43.0,40.0,3.0,83.0,False,False,-1.1,-23.5,-28.445,-1.501,1.362,-28.305,-2.384,1.346,-2.419,1.956,-0.184,0.643,0.175,0.618,0.445,-0.335,variance,,,"outplayed, no luck (residual -28.3)",,,,1.0,2.0,-4.77,-10.238,7.0,7.0,0.0,0.0,0.0,0.0,0.0,0.0,0.0,0.0,0.0,0.0,0.0,0.0,4.11,2.084,0.0,6.0,0.0,0.0,0.0,6.0,0.0,0.0,1.0,1.0,0.0,5.0,45.0,48.0,archive,5.0,0.0,6.12,0.0,58.0,1.0,1.0,-5.215,0.0,0.0,0.0,127.0,128.501,-1.501,True,-4.0,0.455,0.455,0.732,1.721,5.321,True,0,0.0,10,7,0.047,0.088,True
2018_07_NE_CHI,under,2015-18,2018,7,CHI,NE,Under 49,-1.0,49.0,-1.254,47.107,-1.893,0.484,0.573,31.0,38.0,-7.0,69.0,False,False,-1.1,-20.0,-21.893,-7.071,-6.378,-8.445,-4.619,-3.325,1.843,-0.969,-0.184,0.178,0.175,-6.231,0.019,-0.335,variance,,,"pace (-6.2); 5 turnovers, 21 pts off them (-4.6); and outplayed (-8.4)",,,,2.0,3.0,-5.942,-15.001,14.0,7.0,0.0,0.0,0.0,1.0,0.0,0.0,0.0,0.0,0.0,0.0,1.0,0.0,-5.039,0.471,7.0,7.0,0.0,7.0,7.0,0.0,0.0,0.0,1.0,1.0,9.0,10.2,44.0,42.4,archive,1.2,0.0,2.544,40.0,64.0,1.0,1.0,0.225,0.0,0.0,0.0,140.0,124.862,15.138,False,-1.0,0.379,0.379,0.632,0.356,-0.97,False,0,0.0,7,7,0.054,-0.023,True
2018_07_BUF_IND,under,2015-18,2018,7,IND,BUF,Under 43.5,7.0,43.5,4.597,39.878,-3.622,0.39,0.619,37.0,5.0,32.0,42.0,True,False,1.0,1.5,-2.122,-9.829,6.074,1.633,-5.577,1.346,0.49,-6.087,-0.184,0.026,0.175,6.271,0.121,-0.335,,earned,,"covered anyway; garbage time (-6.1); 5 turnovers, 24 pts off them (-5.6)",,,,0.0,5.0,0.0,-24.267,24.0,0.0,0.0,0.0,0.0,0.0,0.0,0.0,0.0,0.0,2.0,0.0,0.0,0.0,-1.441,0.289,23.0,5.0,23.0,0.0,0.0,5.0,0.0,0.0,1.0,1.0,,3.0,,44.0,pbp_text,0.0,0.0,-0.186,35.0,58.0,1.0,1.0,6.278,0.0,0.0,0.0,112.0,127.236,-15.236,False,7.0,-0.348,1.095,3.498,0.738,-4.071,False,0,1.0,7,7,-0.082,-0.003,True
2018_07_MIN_NYJ,under,2015-18,2018,7,NYJ,MIN,Under 45,-3.5,45.0,-1.817,41.56,-3.44,0.583,0.617,17.0,37.0,-20.0,54.0,False,False,-1.1,-9.0,-12.44,-6.808,-2.579,-3.053,-2.064,1.346,-0.368,-5.721,-0.184,0.596,0.175,-3.343,-0.184,0.361,in-game events,,,garbage time (-5.7); pace (-3.3),,,,4.0,0.0,-20.744,0.0,0.0,13.0,0.0,0.0,0.0,0.0,0.0,0.0,0.0,1.0,0.0,0.0,0.0,0.0,2.754,-1.741,10.0,17.0,0.0,10.0,17.0,0.0,0.0,0.0,1.0,1.0,16.0,20.5,46.0,44.2,archive,4.5,0.0,4.649,71.0,55.0,2.0,1.0,-6.201,0.0,0.0,0.0,133.0,124.879,8.121,True,3.5,-0.716,-0.716,2.399,1.088,4.067,False,0,0.0,7,7,-0.037,-0.034,True
2018_07_CLE_TB,under,2015-18,2018,7,TB,CLE,Under 52.5,3.5,52.5,6.409,47.583,-4.917,0.57,0.658,26.0,23.0,3.0,49.0,True,False,1.0,3.5,-1.417,1.715,-9.775,6.644,-1.106,1.346,-0.115,1.59,-0.184,0.203,-1.591,-7.889,-0.675,0.361,,earned,,covered anyway; pace (-7.9),,,,4.0,1.0,-17.412,-3.569,3.0,7.0,0.0,0.0,0.0,0.0,0.0,0.0,1.0,0.0,1.0,0.0,0.0,0.0,0.172,0.203,7.0,0.0,7.0,0.0,0.0,0.0,0.0,0.0,1.0,1.0,7.0,8.4,79.0,80.1,archive,1.4,0.0,5.673,65.0,114.0,1.0,2.0,9.343,1.0,3.0,0.0,149.0,129.833,19.167,True,-3.5,0.14,0.14,2.769,0.43,1.921,False,0,0.0,7,7,0.067,-0.054,True
2018_07_LA_SF,under,2015-18,2018,7,SF,LA,Under 52,-8.0,52.0,-5.487,49.456,-2.544,0.619,0.59,10.0,39.0,-29.0,49.0,True,False,1.0,3.0,0.456,-13.859,4.227,10.088,-5.577,1.346,-1.346,-8.281,-0.184,0.38,0.175,4.091,0.796,-1.031,,earned,,"covered anyway; garbage time (-8.3); 4 turnovers, 24 pts off them (-5.6)",,,,4.0,0.0,-20.496,0.0,0.0,24.0,0.0,0.0,0.0,0.0,0.0,0.0,0.0,0.0,0.0,0.0,1.0,0.0,2.182,1.301,10.0,24.0,0.0,10.0,24.0,0.0,0.0,0.0,1.0,1.0,5.0,7.8,62.0,65.8,archive,2.8,0.0,-1.236,10.0,10.0,1.0,0.0,-2.917,0.0,0.0,0.0,116.0,125.938,-9.938,True,8.0,-0.06,-0.06,2.573,0.414,1.787,False,1,0.0,6,7,0.015,0.054,True
2018_07_CIN_KC,under,2015-18,2018,7,KC,CIN,Under 56,6.5,56.0,7.246,52.611,-3.389,0.501,0.615,45.0,10.0,35.0,55.0,True,False,1.0,1.0,-2.389,-3.765,0.756,0.621,2.088,-3.325,1.0,-3.528,-0.184,0.152,0.175,0.956,-0.009,-0.335,,earned,,covered anyway; garbage time (-3.5); return TD (-3.3),,,,1.0,1.0,-3.348,-7.875,7.0,0.0,1.0,0.0,0.0,0.0,0.0,0.0,1.0,0.0,0.0,0.0,0.0,0.0,-2.723,0.283,18.0,3.0,18.0,0.0,0.0,3.0,0.0,0.0,1.0,0.861,10.0,11.0,59.0,55.8,archive,1.0,0.0,-2.237,49.0,58.0,1.0,1.0,0.755,0.0,0.0,0.0,124.0,126.322,-2.322,True,-6.5,0.55,0.55,0.195,2.004,5.649,True,0,0.0,7,7,0.092,0.011,True
2018_07_TEN_LAC,under,2015-18,2018,7,LAC,TEN,Under 46,6.5,46.0,8.398,43.598,-2.402,0.536,0.587,20.0,19.0,1.0,39.0,True,False,1.0,7.0,4.598,8.599,3.34,-7.342,2.088,1.346,1.016,4.15,-0.184,0.127,0.175,3.855,0.398,-1.031,,luck,,covered anyway (miss +4.6 inside the edge),,,,0.0,1.0,0.0,-4.728,0.0,0.0,0.0,0.0,0.0,0.0,0.0,0.0,0.0,1.0,0.0,0.0,0.0,0.0,0.389,-2.871,0.0,0.0,0.0,0.0,0.0,0.0,0.0,0.0,1.0,1.0,6.0,6.8,66.0,66.8,archive,0.8,0.0,2.574,31.0,32.0,0.0,1.0,-2.837,0.0,0.0,0.0,111.0,120.365,-9.365,True,-6.5,0.173,0.173,1.725,0.888,3.966,True,0,0.0,7,7,0.036,-0.032,True
2018_07_NYG_ATL,under,2015-18,2018,7,ATL,NYG,Under 52,4.5,52.0,10.632,46.968,-5.032,0.665,0.659,23.0,20.0,3.0,43.0,True,False,1.0,9.0,3.968,-3.766,-1.196,8.93,1.13,1.346,-1.616,-4.625,-0.184,-0.24,0.175,-0.092,0.176,-1.031,,earned,,covered anyway; garbage time (-4.6),,,,1.0,0.0,-4.816,0.0,0.0,3.0,0.0,0.0,0.0,0.0,0.0,0.0,0.0,0.0,0.0,0.0,0.0,0.0,3.596,0.569,10.0,14.0,10.0,0.0,0.0,14.0,0.0,0.0,1.0,1.0,,4.9,,53.1,archive,-2.1,0.0,1.334,29.0,58.0,0.0,1.0,4.571,0.0,0.0,0.0,125.0,124.777,0.223,True,-4.5,0.07,0.07,6.063,0.768,7.852,True,0,0.0,8,11,0.06,-0.002,True
2018_08_TB_CIN,under,2015-18,2018,8,CIN,TB,Under 55,3.5,55.0,2.011,50.071,-4.929,0.439,0.659,37.0,34.0,3.0,71.0,False,False,-1.1,-16.0,-20.929,-15.647,-6.133,0.851,-0.148,-3.325,0.128,-12.302,-0.184,0.858,0.175,-7.901,-0.138,1.057,in-game events,,,garbage time (-12.3); pace (-7.9),,,,0.0,4.0,0.0,-23.159,14.0,0.0,1.0,0.0,0.0,0.0,0.0,0.0,0.0,0.0,1.0,1.0,0.0,0.0,-0.007,-0.232,14.0,31.0,14.0,0.0,0.0,31.0,0.0,0.0,1.0,0.705,7.0,13.6,55.0,58.4,archive,6.6,0.0,1.971,46.0,75.0,2.0,2.0,-9.154,0.0,0.0,0.0,145.0,125.804,19.196,False,3.5,-0.898,-0.898,0.592,0.977,-3.449,False,0,0.0,7,7,0.053,0.009,True
2018_08_DEN_KC,under,2015-18,2018,8,KC,DEN,Under 53,8.5,53.0,8.075,50.565,-2.435,0.44,0.589,30.0,23.0,7.0,53.0,False,True,0.0,0.0,-2.435,5.342,0.198,-7.974,2.088,1.346,1.415,0.494,-0.184,-0.151,0.175,0.942,-0.249,-0.335,,,,nothing stands out: ordinary miss (residual -8.0),,,,1.0,2.0,-3.669,-8.518,0.0,0.0,0.0,0.0,0.0,0.0,0.0,0.0,0.0,1.0,1.0,0.0,0.0,0.0,-0.661,-2.828,1.0,9.0,1.0,0.0,0.0,9.0,0.0,0.0,1.0,1.0,12.0,10.6,56.0,58.3,archive,-1.4,0.0,-0.654,50.0,83.0,1.0,1.0,-0.248,0.0,0.0,0.0,124.0,126.288,-2.288,False,8.5,-0.113,-0.113,0.311,1.462,-3.877,False,1,0.0,10,7,-0.032,0.089,True
2018_08_CLE_PIT,under,2015-18,2018,8,PIT,CLE,Under 47.5,8.5,47.5,11.502,45.291,-2.209,0.545,0.581,33.0,18.0,15.0,51.0,False,False,-1.1,-3.5,-5.709,-0.487,1.415,-6.636,-1.106,1.346,0.973,-1.7,-0.184,-0.062,0.175,1.876,-0.055,-0.335,variance,,,nothing stands out: ordinary miss (residual -6.6),,,,2.0,1.0,-8.668,-2.039,7.0,3.0,0.0,0.0,0.0,0.0,0.0,0.0,0.0,1.0,0.0,1.0,0.0,0.0,1.079,-3.452,10.0,6.0,10.0,0.0,0.0,6.0,0.0,0.0,1.0,1.0,11.0,10.3,47.0,49.0,archive,-0.7,0.0,-3.885,60.0,52.0,1.0,1.0,-2.894,0.0,0.0,0.0,127.0,131.558,-4.558,True,-8.5,-0.294,-0.294,3.296,0.672,1.94,False,1,0.0,14,7,0.056,-0.062,True
2018_08_IND_OAK,under,2015-18,2018,8,LV,IND,Under 51,-3.5,51.0,-1.805,48.29,-2.71,0.583,0.597,28.0,42.0,-14.0,70.0,False,False,-1.1,-19.0,-21.71,2.547,2.771,-27.028,-0.148,1.346,-0.241,1.59,-0.184,-0.176,0.175,3.753,-0.462,-0.335,variance,,,"outplayed, no luck (residual -27.0)",,,,1.0,0.0,-4.741,0.0,0.0,7.0,0.0,0.0,0.0,0.0,0.0,0.0,0.0,0.0,0.0,0.0,0.0,0.0,0.27,0.424,0.0,7.0,0.0,0.0,7.0,0.0,0.0,0.0,1.0,1.0,8.0,6.4,69.0,74.9,archive,-1.6,0.0,2.47,79.0,77.0,2.0,0.0,-0.527,0.0,0.0,0.0,116.0,125.118,-9.118,True,3.5,-0.153,-0.153,1.849,1.09,-0.677,False,0,0.0,14,7,0.025,-0.007,True
2018_08_GB_LA,under,2015-18,2018,8,LA,GB,Under 57,7.5,57.0,7.085,53.092,-3.908,0.44,0.632,29.0,27.0,2.0,56.0,True,False,1.0,1.0,-2.908,5.936,-1.061,-7.783,2.088,1.346,-1.647,4.15,-0.184,0.959,0.175,-1.73,0.75,-1.031,,luck,,covered anyway (miss -2.9 inside the edge),,,,0.0,1.0,0.0,-4.637,0.0,0.0,0.0,0.0,0.0,0.0,0.0,0.0,0.0,0.0,0.0,0.0,0.0,0.0,1.256,2.987,0.0,0.0,0.0,0.0,0.0,0.0,0.0,0.0,0.978,1.0,1.0,8.4,82.0,77.2,archive,7.4,0.0,-1.023,15.0,10.0,1.0,0.0,3.147,0.0,0.0,0.0,128.0,123.796,4.204,False,7.5,-0.459,-0.459,-0.044,0.58,0.781,False,0,0.0,13,7,0.019,0.039,True
2018_08_NO_MIN,under,2015-18,2018,8,MIN,NO,Under 53.5,-2.5,53.5,0.751,51.86,-1.64,0.584,0.562,20.0,30.0,-10.0,50.0,True,False,1.0,3.5,1.86,-4.026,2.632,3.255,-0.148,-3.325,-1.047,0.494,-0.184,0.026,0.175,2.364,-0.11,0.361,,earned,,covered anyway; return TD (-3.3),,,,2.0,1.0,-18.402,-4.117,0.0,14.0,0.0,1.0,0.0,0.0,0.0,0.0,0.0,0.0,1.0,0.0,0.0,0.0,-0.846,3.574,7.0,3.0,0.0,7.0,3.0,0.0,0.0,0.0,1.0,0.852,,,,,none,0.0,0.0,1.855,54.0,64.0,3.0,0.0,0.535,0.0,0.0,0.0,119.0,124.743,-5.743,True,2.5,0.2,0.2,3.051,0.603,4.575,True,0,1.0,7,7,-0.046,0.068,True
2018_08_PHI_JAX,under,2015-18,2018,8,JAX,PHI,Under 44.5,-4.0,44.5,-0.743,40.406,-4.094,0.631,0.638,18.0,24.0,-6.0,42.0,True,False,1.0,2.5,-1.594,2.39,1.47,-5.454,-1.106,1.346,-1.999,4.15,-0.184,-0.756,0.175,2.338,0.232,-0.335,,earned,,covered anyway (miss -1.6 inside the edge),,,,1.0,2.0,-4.098,-8.883,3.0,7.0,0.0,0.0,0.0,0.0,0.0,0.0,0.0,0.0,0.0,0.0,0.0,0.0,4.73,0.401,0.0,0.0,0.0,0.0,0.0,0.0,0.0,0.0,1.0,1.0,12.0,5.8,48.0,61.3,archive,-6.2,0.0,-0.804,45.0,36.0,2.0,0.0,-0.566,0.0,0.0,0.0,122.0,127.679,-5.679,True,4.0,-0.252,-0.252,3.509,0.173,3.084,True,0,0.0,7,7,-0.049,0.007,True
2018_08_NE_BUF,under,2015-18,2018,8,BUF,NE,Under 44,-13.5,44.0,-8.681,40.999,-3.001,0.633,0.606,6.0,25.0,-19.0,31.0,True,False,1.0,13.0,9.999,-1.552,-2.476,14.027,1.13,-3.325,-0.947,1.59,-0.184,-0.075,0.175,-2.262,0.204,-0.335,,earned,,covered anyway; return TD (-3.3),,,,2.0,0.0,-15.23,0.0,0.0,10.0,0.0,1.0,0.0,0.0,0.0,0.0,0.0,1.0,0.0,0.0,0.0,0.0,3.083,-0.607,0.0,7.0,0.0,0.0,7.0,0.0,0.0,0.0,0.955,1.0,16.0,15.2,46.0,45.5,archive,-0.8,0.0,0.147,51.0,33.0,2.0,0.0,-3.27,0.0,0.0,0.0,132.0,126.505,5.495,True,13.5,0.469,0.469,4.35,0.373,5.507,True,1,0.0,8,8,-0.085,0.054,True
2018_09_CHI_BUF,under,2015-18,2018,9,BUF,CHI,Under 38,-10.5,38.0,-6.927,36.055,-1.945,0.617,0.572,9.0,41.0,-32.0,50.0,False,False,-1.1,-12.0,-13.945,-13.549,-3.01,2.614,2.088,-7.996,-0.823,-6.818,-0.184,-0.62,0.175,-1.021,-1.72,0.361,luck,,line_u41,return TD (-8.0); garbage time (-6.8),,,,4.0,1.0,-15.395,-6.245,0.0,14.0,0.0,2.0,0.0,0.0,0.0,0.0,0.0,0.0,0.0,0.0,0.0,0.0,0.798,1.364,9.0,21.0,0.0,9.0,21.0,0.0,0.0,0.0,1.0,1.0,12.0,7.0,49.0,49.0,archive,-5.0,0.0,-0.103,163.0,129.0,3.0,0.0,-2.466,0.0,0.0,0.0,125.0,122.519,2.481,True,10.5,0.47,0.47,3.103,0.539,2.427,False,0,0.0,6,7,-0.095,-0.014,True
2018_09_TB_CAR,under,2015-18,2018,9,CAR,TB,Under 55.5,6.0,55.5,5.251,51.655,-3.845,0.461,0.631,42.0,28.0,14.0,70.0,False,False,-1.1,-14.5,-18.345,-9.876,2.187,-10.656,-0.148,1.346,-0.234,-10.84,-0.184,-0.065,0.175,2.148,-0.249,0.361,variance,,,garbage time (-10.8); and outplayed (-10.7),,,,0.0,2.0,0.0,-7.187,7.0,0.0,0.0,0.0,0.0,0.0,0.0,0.0,0.0,0.0,0.0,0.0,0.0,0.0,0.405,0.27,21.0,20.0,21.0,0.0,0.0,20.0,0.0,0.0,1.0,0.98,8.0,7.3,62.0,59.0,archive,-0.7,0.0,-3.451,84.0,49.0,1.0,2.0,-3.182,0.0,0.0,0.0,120.0,125.22,-5.22,False,6.0,0.248,0.248,0.997,0.502,0.392,False,1,0.0,7,7,0.054,0.024,True
2018_09_KC_CLE,under,2015-18,2018,9,CLE,KC,Under 51,-7.5,51.0,-8.495,49.184,-1.816,0.512,0.569,21.0,37.0,-16.0,58.0,False,False,-1.1,-7.0,-8.816,2.929,0.801,-12.546,2.088,1.346,0.83,-1.334,-0.184,-0.181,0.175,0.629,0.001,0.361,variance,,,"outplayed, no luck (residual -12.5)",,,,1.0,1.0,-4.65,-0.493,0.0,0.0,0.0,0.0,0.0,0.0,0.0,0.0,0.0,0.0,0.0,1.0,1.0,0.0,-1.944,-0.067,6.0,9.0,0.0,6.0,9.0,0.0,0.0,0.0,0.979,1.0,16.0,14.4,53.0,53.4,archive,-1.6,0.0,5.356,20.0,86.0,3.0,0.0,2.928,0.0,0.0,0.0,130.0,131.528,-1.528,False,-7.5,-0.053,-0.053,0.942,0.64,0.296,False,0,0.0,7,7,0.088,-0.064,True
2018_09_HOU_DEN,under,2015-18,2018,9,DEN,HOU,Under 46.5,1.0,46.5,1.227,44.82,-1.68,0.531,0.564,17.0,19.0,-2.0,36.0,True,False,1.0,10.5,8.82,6.415,1.139,1.266,0.171,1.346,0.748,4.15,-0.184,0.582,0.175,0.242,-0.036,0.361,,earned,,covered anyway (miss +8.8 inside the edge),,,,1.0,0.0,-4.613,0.0,0.0,6.0,0.0,0.0,0.0,0.0,0.0,0.0,2.0,0.0,0.0,1.0,0.0,0.0,-2.108,0.304,0.0,0.0,0.0,0.0,0.0,0.0,0.0,0.0,1.0,1.0,3.0,7.3,53.0,52.4,archive,4.3,0.0,-0.141,50.0,60.0,2.0,1.0,7.708,0.0,0.0,0.0,125.0,125.587,-0.587,True,-1.0,-0.007,-0.007,0.234,0.467,0.385,False,0,0.0,7,10,-0.03,-0.023,True
2018_09_LA_NO,under,2015-18,2018,9,NO,LA,Under 57.5,-2.5,57.5,1.618,54.973,-2.527,0.609,0.593,45.0,35.0,10.0,80.0,False,False,-1.1,-22.5,-25.027,-0.806,-0.538,-23.683,-0.148,1.346,0.062,-2.066,-0.184,0.026,0.175,-2.113,0.5,1.057,variance,,,"outplayed, no luck (residual -23.7)",,,,1.0,1.0,-6.103,-4.258,7.0,0.0,0.0,0.0,0.0,0.0,0.0,0.0,0.0,1.0,0.0,0.0,0.0,0.0,1.964,-2.036,8.0,9.0,8.0,0.0,0.0,9.0,0.0,0.0,0.95,1.0,,16.0,,77.0,pbp_text,0.0,0.0,0.261,20.0,32.0,2.0,2.0,10.329,0.0,0.0,0.0,128.0,122.867,5.133,True,2.5,-0.68,-0.68,4.798,0.349,3.49,False,0,1.0,7,7,0.057,0.041,True
2018_09_GB_NE,under,2015-18,2018,9,NE,GB,Under 56,5.0,56.0,7.422,49.602,-6.398,0.561,0.702,31.0,17.0,14.0,48.0,True,False,1.0,8.0,1.602,4.752,-2.026,-1.124,-0.148,1.346,-0.23,3.784,-0.184,0.414,0.175,-2.216,0.121,-0.335,,earned,,covered anyway (miss +1.6 inside the edge),,,,0.0,1.0,0.0,-4.472,7.0,0.0,0.0,0.0,0.0,0.0,0.0,0.0,0.0,0.0,0.0,0.0,0.0,0.0,0.397,0.269,1.0,0.0,1.0,0.0,0.0,0.0,0.0,0.0,0.927,1.0,2.0,5.0,40.0,42.9,archive,3.0,0.0,5.049,30.0,63.0,1.0,1.0,-1.838,0.0,0.0,0.0,134.0,128.615,5.385,True,-5.0,-0.217,-0.217,2.639,0.8,4.242,True,0,0.0,6,7,0.038,0.024,True
2018_10_JAX_IND,under,2015-18,2018,10,IND,JAX,Under 48,3.0,48.0,2.808,46.474,-1.526,0.504,0.558,29.0,26.0,3.0,55.0,False,False,-1.1,-7.0,-8.526,6.606,0.784,-15.916,2.088,1.346,2.313,0.859,-0.184,0.026,0.175,1.797,0.001,-1.031,variance,,,"outplayed, no luck (residual -15.9)",,,,1.0,1.0,-4.251,-2.78,0.0,0.0,0.0,0.0,0.0,0.0,0.0,0.0,1.0,1.0,0.0,1.0,0.0,1.0,-3.231,-2.525,6.0,3.0,6.0,0.0,0.0,3.0,0.0,0.0,1.0,0.976,,10.0,,38.0,pbp_text,0.0,0.0,1.401,45.0,61.0,0.0,1.0,-2.745,0.0,0.0,0.0,123.0,127.366,-4.366,False,3.0,0.371,0.371,0.563,1.269,-2.948,False,1,1.0,14,14,-0.045,0.012,True
2018_10_LAC_OAK,under,2015-18,2018,10,LV,LAC,Under 50,-10.5,50.0,-7.584,46.995,-3.005,0.596,0.609,6.0,20.0,-14.0,26.0,True,False,1.0,24.0,20.995,3.621,2.92,14.454,1.13,1.346,-0.81,1.956,-0.184,0.255,0.175,1.792,-0.175,1.057,,earned,,covered anyway (miss +21.0 inside the edge),,,,1.0,1.0,-6.815,-1.802,0.0,3.0,0.0,0.0,0.0,0.0,0.0,0.0,0.0,0.0,0.0,0.0,0.0,0.0,1.279,0.852,3.0,3.0,0.0,3.0,3.0,0.0,0.0,0.0,1.0,1.0,16.0,17.8,69.0,58.2,archive,1.8,0.0,-2.615,55.0,70.0,3.0,1.0,-3.319,0.0,0.0,0.0,115.0,119.355,-4.355,True,10.5,-0.537,-0.537,3.453,0.413,2.32,False,1,0.0,10,7,0.047,0.046,True
2018_10_MIA_GB,under,2015-18,2018,10,GB,MIA,Under 48.5,13.0,48.5,8.029,46.496,-2.004,0.341,0.572,31.0,12.0,19.0,43.0,True,False,1.0,5.5,3.496,-1.632,5.054,0.074,-3.342,1.346,-0.129,0.494,-0.184,0.191,0.175,1.95,0.473,2.449,,earned,,"covered anyway; 3 turnovers, 17 pts off them (-3.3)",,,,1.0,2.0,-3.782,-12.305,14.0,3.0,0.0,0.0,0.0,0.0,0.0,0.0,0.0,0.0,0.0,0.0,1.0,0.0,-1.997,2.408,10.0,0.0,10.0,0.0,0.0,0.0,0.0,0.0,1.0,1.0,6.0,7.3,33.0,34.3,archive,1.3,0.0,-0.915,45.0,10.0,2.0,4.0,-4.509,0.0,0.0,0.0,118.0,122.738,-4.738,False,13.0,0.215,0.215,5.186,0.829,-6.874,False,0,0.0,7,7,-0.022,0.027,True
2018_11_GB_SEA,under,2015-18,2018,11,SEA,GB,Under 49,3.0,49.0,4.181,45.547,-3.453,0.549,0.621,27.0,24.0,3.0,51.0,False,False,-1.1,-2.0,-5.453,5.969,3.894,-15.316,-0.148,1.346,0.622,4.15,-0.184,-0.0,0.175,4.274,-0.036,-0.335,variance,,,"outplayed, no luck (residual -15.3)",,,,1.0,0.0,-5.446,0.0,0.0,7.0,0.0,0.0,0.0,0.0,0.0,0.0,0.0,1.0,0.0,0.0,0.0,0.0,1.876,-3.362,0.0,0.0,0.0,0.0,0.0,0.0,0.0,0.0,1.0,1.0,6.0,5.8,54.0,52.6,archive,-0.2,0.0,0.728,30.0,80.0,2.0,0.0,2.193,0.0,0.0,0.0,114.0,124.384,-10.384,True,-3.0,0.772,0.772,0.408,0.641,0.126,True,0,0.0,4,4,0.006,0.023,True
2018_11_DAL_ATL,under,2015-18,2018,11,ATL,DAL,Under 50,3.5,50.0,3.655,47.749,-2.251,0.488,0.584,19.0,22.0,-3.0,41.0,True,False,1.0,9.0,6.749,3.638,0.574,2.537,-0.148,1.346,-1.709,4.15,-0.184,-0.638,0.175,2.29,0.658,-1.727,,earned,,covered anyway (miss +6.7 inside the edge),,,,1.0,0.0,-6.753,0.0,0.0,7.0,0.0,0.0,0.0,0.0,0.0,0.0,0.0,0.0,0.0,1.0,0.0,0.0,3.403,0.999,0.0,0.0,0.0,0.0,0.0,0.0,0.0,0.0,1.0,1.0,,1.9,,57.8,archive,-5.1,0.0,-1.917,15.0,20.0,0.0,0.0,0.0,0.0,0.0,0.0,118.0,123.565,-5.565,True,-3.5,-0.018,-0.018,0.173,0.515,1.317,False,0,0.0,7,7,0.071,-0.018,True
2018_11_TEN_IND,under,2015-18,2018,11,IND,TEN,Under 50,2.0,50.0,1.644,47.481,-2.519,0.522,0.59,38.0,10.0,28.0,48.0,True,False,1.0,2.0,-0.519,-7.653,3.599,3.536,-1.106,1.346,-0.343,-7.549,2.327,0.026,0.175,3.409,-0.61,-1.727,,earned,,covered anyway; garbage time (-7.5),,,,0.0,2.0,0.0,-10.337,10.0,0.0,0.0,0.0,0.0,0.0,0.0,0.0,0.0,0.0,0.0,0.0,0.0,0.0,0.401,0.55,22.0,10.0,22.0,0.0,0.0,10.0,0.0,0.0,0.906,0.553,,7.0,,42.0,pbp_text,0.0,0.0,3.577,60.0,112.0,0.0,0.0,0.0,0.0,0.0,0.0,116.0,124.281,-8.281,False,2.0,0.256,0.256,0.612,0.987,-2.513,False,1,1.0,7,7,-0.022,0.024,True
2018_11_TB_NYG,under,2015-18,2018,11,NYG,TB,Under 54.5,3.0,54.5,0.559,52.301,-2.199,0.434,0.582,38.0,35.0,3.0,73.0,False,False,-1.1,-18.5,-20.699,-12.187,5.15,-13.662,1.13,-3.325,-0.98,-9.012,2.327,0.169,0.175,2.758,0.056,-0.335,variance,,,garbage time (-9.0); return TD (-3.3); and outplayed (-13.7),,,,0.0,4.0,0.0,-15.419,10.0,0.0,1.0,0.0,0.0,0.0,0.0,0.0,0.0,0.0,0.0,0.0,0.0,0.0,2.221,0.338,17.0,19.0,17.0,0.0,0.0,19.0,0.0,0.0,1.0,0.553,1.0,2.1,42.0,40.7,archive,1.1,0.0,-1.039,60.0,40.0,0.0,2.0,1.529,0.0,0.0,0.0,120.0,126.702,-6.702,False,3.0,0.592,0.592,3.033,1.203,-5.026,False,0,0.0,7,6,0.045,-0.01,True
2018_11_PHI_NO,under,2015-18,2018,11,NO,PHI,Under 56.5,7.0,56.5,6.196,54.849,-1.651,0.441,0.564,48.0,7.0,41.0,55.0,True,False,1.0,1.5,-0.151,-8.942,4.268,4.523,-0.148,1.346,-0.397,-9.743,-0.184,0.026,0.175,4.001,-0.11,0.361,,earned,,covered anyway; garbage time (-9.7),,,,0.0,3.0,0.0,-6.495,7.0,0.0,0.0,0.0,0.0,0.0,0.0,0.0,0.0,0.0,0.0,0.0,0.0,0.0,1.035,0.051,38.0,0.0,38.0,0.0,0.0,0.0,0.0,0.0,0.857,1.0,,4.0,,68.0,pbp_text,0.0,0.0,-0.797,69.0,49.0,1.0,2.0,12.431,0.0,0.0,0.0,116.0,125.72,-9.72,False,7.0,0.252,0.252,1.056,0.565,-0.003,False,0,1.0,7,7,0.007,0.069,True
2018_11_KC_LA,under,2015-18,2018,11,LA,KC,Under 63.5,3.0,63.5,-0.788,59.913,-3.587,0.392,0.624,54.0,51.0,3.0,105.0,False,False,-1.1,-41.5,-45.087,-10.587,-7.598,-26.902,-2.384,-12.667,0.313,4.15,-0.184,0.416,0.175,-6.848,-0.823,-0.335,variance,,,return TD (-12.7); pace (-6.8); and outplayed (-26.9),,,,2.0,5.0,-9.204,-25.417,21.0,14.0,2.0,1.0,0.0,0.0,0.0,0.0,0.0,0.0,1.0,1.0,0.0,0.0,-0.213,-0.494,0.0,0.0,0.0,0.0,0.0,0.0,0.0,0.0,1.0,1.0,0.0,3.0,65.0,72.1,archive,3.0,0.0,5.338,60.0,135.0,1.0,1.0,0.476,0.0,0.0,0.0,142.0,125.363,16.637,False,3.0,-0.829,-0.829,2.959,0.575,-4.522,True,0,0.0,8,8,0.093,0.063,True
2018_12_CHI_DET,under,2015-18,2018,12,DET,CHI,Under 43,-3.0,43.0,0.497,40.623,-2.377,0.622,0.59,16.0,23.0,-7.0,39.0,True,False,1.0,4.0,1.623,0.362,0.306,0.955,-0.148,-3.325,-0.314,4.15,-0.184,0.026,0.175,0.327,0.297,-0.335,,earned,,covered anyway; return TD (-3.3),,,,2.0,1.0,-13.817,-5.742,7.0,7.0,0.0,1.0,0.0,0.0,0.0,0.0,0.0,0.0,0.0,0.0,0.0,0.0,0.064,0.814,0.0,0.0,0.0,0.0,0.0,0.0,0.0,0.0,1.0,0.978,,,,68.0,pbp_text,0.0,0.0,-0.012,54.0,20.0,2.0,0.0,1.401,0.0,0.0,0.0,122.0,122.795,-0.795,True,3.0,-0.569,1.133,2.363,0.4,3.809,True,1,1.0,4,4,0.025,-0.031,True
2018_12_ATL_NO,under,2015-18,2018,12,NO,ATL,Under 61,11.5,61.0,10.198,58.24,-2.76,0.428,0.602,31.0,17.0,14.0,48.0,True,False,1.0,13.0,10.24,-6.007,4.461,11.786,-1.106,1.346,-0.159,-6.087,-0.184,0.026,0.175,1.43,0.565,2.449,,earned,,covered anyway; garbage time (-6.1),,,,1.0,4.0,-3.517,-16.358,7.0,3.0,0.0,0.0,0.0,0.0,0.0,0.0,0.0,0.0,0.0,0.0,0.0,0.0,0.225,0.262,14.0,14.0,14.0,0.0,0.0,14.0,0.0,0.0,0.885,1.0,,5.0,,53.0,pbp_text,0.0,0.0,-1.335,19.0,26.0,0.0,6.0,-8.476,0.0,0.0,0.0,120.0,123.474,-3.474,False,11.5,-0.48,-0.48,0.822,0.401,-1.318,True,1,1.0,4,4,0.069,0.063,True
2018_12_NYG_PHI,under,2015-18,2018,12,PHI,NYG,Under 49,4.5,49.0,5.89,43.572,-5.428,0.525,0.676,25.0,22.0,3.0,47.0,True,False,1.0,2.0,-3.428,6.205,1.271,-10.904,2.088,1.346,-1.378,4.15,-0.184,-0.268,0.175,2.865,-0.286,-1.031,,luck,,covered anyway (miss -3.4 inside the edge),,,,0.0,1.0,0.0,-2.503,0.0,0.0,0.0,0.0,0.0,0.0,0.0,0.0,0.0,0.0,0.0,0.0,0.0,0.0,1.604,1.96,0.0,0.0,0.0,0.0,0.0,0.0,0.0,0.0,1.0,1.0,10.0,7.9,56.0,55.0,archive,-2.1,0.0,1.639,46.0,91.0,1.0,0.0,2.478,0.0,0.0,0.0,119.0,125.96,-6.96,True,-4.5,-1.5,-1.5,2.891,0.297,1.775,False,1,0.0,7,7,0.003,0.007,True
2018_12_SF_TB,under,2015-18,2018,12,TB,SF,Under 54.5,1.5,54.5,2.854,52.877,-1.623,0.566,0.561,27.0,9.0,18.0,36.0,True,False,1.0,18.5,16.877,4.916,-2.217,14.179,2.088,1.346,-0.108,1.59,-0.184,-0.128,0.175,-0.058,-0.295,-1.727,,earned,,covered anyway (miss +16.9 inside the edge),,,,0.0,2.0,0.0,-8.287,0.0,0.0,0.0,0.0,0.0,0.0,0.0,0.0,0.0,0.0,0.0,1.0,0.0,0.0,1.239,-0.881,7.0,0.0,7.0,0.0,0.0,0.0,0.0,0.0,1.0,1.0,7.0,5.9,77.0,74.6,archive,-1.1,0.0,-0.546,70.0,68.0,0.0,0.0,0.0,0.0,0.0,0.0,127.0,126.859,0.141,True,-1.5,0.125,0.125,1.229,0.677,2.71,False,0,0.0,7,13,0.06,-0.01,True
2018_12_PIT_DEN,under,2015-18,2018,12,DEN,PIT,Under 47.5,-3.0,47.5,-5.088,45.964,-1.536,0.445,0.559,24.0,17.0,7.0,41.0,True,False,1.0,6.5,4.964,3.949,-1.171,2.186,-2.384,1.346,0.837,4.15,-0.184,-0.142,0.175,-0.193,0.204,-1.031,,earned,,covered anyway (miss +5.0 inside the edge),,,,0.0,4.0,0.0,-17.674,14.0,0.0,0.0,0.0,0.0,0.0,0.0,0.0,0.0,1.0,0.0,0.0,0.0,1.0,0.995,-3.024,0.0,0.0,0.0,0.0,0.0,0.0,0.0,0.0,1.0,0.968,7.0,5.8,41.0,38.8,archive,-1.2,0.0,-0.777,50.0,34.0,0.0,1.0,-3.991,0.0,0.0,0.0,126.0,125.531,0.469,False,-3.0,0.068,0.068,2.156,0.687,-0.693,False,0,0.0,7,7,0.042,-0.023,True
2018_12_MIA_IND,under,2015-18,2018,12,IND,MIA,Under 52.5,9.0,52.5,7.767,49.517,-2.983,0.424,0.61,27.0,24.0,3.0,51.0,True,False,1.0,1.5,-1.483,7.066,2.717,-11.266,2.088,1.346,0.58,3.053,-0.184,0.026,0.175,3.229,-0.194,-0.335,,luck,,covered anyway (miss -1.5 inside the edge),,,,3.0,1.0,-10.14,-4.091,0.0,0.0,0.0,0.0,0.0,0.0,0.0,0.0,1.0,0.0,0.0,0.0,0.0,0.0,-1.729,0.348,3.0,0.0,0.0,3.0,0.0,0.0,0.0,0.0,0.976,1.0,,11.0,,57.0,pbp_text,0.0,0.0,0.44,52.0,75.0,2.0,0.0,3.602,0.0,0.0,0.0,115.0,122.845,-7.845,False,9.0,0.019,0.019,1.252,0.858,-3.017,False,0,1.0,14,7,-0.023,0.028,True
2018_12_GB_MIN,under,2015-18,2018,12,MIN,GB,Under 48.5,4.0,48.5,5.845,43.969,-4.531,0.537,0.65,24.0,17.0,7.0,41.0,True,False,1.0,7.5,2.969,8.234,3.37,-8.635,2.088,1.346,1.748,3.053,-0.184,0.026,0.175,3.4,0.287,-0.335,,luck,,covered anyway (miss +3.0 inside the edge),,,,0.0,1.0,0.0,-4.269,0.0,0.0,0.0,0.0,0.0,0.0,0.0,0.0,2.0,0.0,0.0,0.0,0.0,0.0,-4.96,0.63,0.0,3.0,0.0,0.0,0.0,3.0,0.0,0.0,1.0,1.0,,,,,none,0.0,0.0,-3.013,55.0,20.0,1.0,1.0,0.18,0.0,0.0,0.0,117.0,125.262,-8.262,True,-4.0,0.197,0.197,1.648,0.739,3.308,True,1,1.0,7,10,-0.068,0.027,True
2018_13_BAL_ATL,under,2015-18,2018,13,ATL,BAL,Under 46.5,2.5,46.5,1.132,44.987,-1.513,0.497,0.557,16.0,26.0,-10.0,42.0,True,False,1.0,4.5,2.987,-5.751,3.508,5.23,2.088,-7.996,-1.433,1.59,-0.184,0.338,0.175,3.409,-0.592,0.361,,earned,,covered anyway; return TD (-8.0),,,,1.0,1.0,-8.323,-11.145,7.0,7.0,1.0,1.0,0.0,0.0,0.0,0.0,0.0,0.0,0.0,0.0,0.0,0.0,0.989,2.715,6.0,1.0,0.0,6.0,1.0,0.0,0.0,0.0,0.969,0.884,,9.2,,68.5,archive,2.2,0.0,0.85,82.0,88.0,1.0,2.0,-8.201,0.0,0.0,0.0,120.0,128.283,-8.283,False,2.5,-0.274,-0.274,1.094,1.012,1.053,False,0,0.0,7,10,-0.032,0.057,True
2018_13_ARI_GB,under,2015-18,2018,13,GB,ARI,Under 41,13.5,41.0,12.815,38.96,-2.04,0.481,0.577,17.0,20.0,-3.0,37.0,True,False,1.0,4.0,1.96,7.505,-3.543,-2.002,2.088,1.346,-0.077,4.15,-0.184,-0.5,0.175,-2.829,0.13,-0.335,,luck,,covered anyway (miss +2.0 inside the edge),,,,0.0,0.0,0.0,0.0,0.0,0.0,0.0,0.0,0.0,0.0,0.0,0.0,1.0,0.0,0.0,0.0,0.0,0.0,-1.726,2.007,0.0,0.0,0.0,0.0,0.0,0.0,0.0,0.0,1.0,1.0,20.0,16.3,34.0,34.0,archive,-3.7,0.0,2.897,43.0,49.0,2.0,0.0,5.303,0.0,0.0,0.0,130.0,123.126,6.874,False,13.5,0.073,0.073,0.758,0.492,-1.372,False,0,0.0,7,7,-0.105,0.02,True
2018_13_CLE_HOU,under,2015-18,2018,13,HOU,CLE,Under 47.5,5.0,47.5,8.071,46.067,-1.433,0.58,0.553,29.0,13.0,16.0,42.0,True,False,1.0,5.5,4.067,-9.97,2.04,11.998,1.13,-3.325,-1.687,-6.087,-0.184,0.026,0.175,2.505,-0.147,-0.335,,earned,,covered anyway; garbage time (-6.1); return TD (-3.3),,,,0.0,4.0,0.0,-16.289,10.0,0.0,1.0,0.0,0.0,0.0,0.0,0.0,0.0,0.0,0.0,0.0,0.0,0.0,4.277,0.069,15.0,13.0,15.0,0.0,0.0,13.0,0.0,0.0,1.0,1.0,,7.0,,72.0,pbp_text,0.0,0.0,-3.044,77.0,45.0,0.0,2.0,4.073,0.0,0.0,0.0,124.0,130.086,-6.086,True,-5.0,-0.259,-0.259,3.33,0.679,3.309,False,0,1.0,6,7,-0.029,-0.025,True
2018_13_CAR_TB,under,2015-18,2018,13,TB,CAR,Under 52,-3.5,52.0,-1.951,50.212,-1.788,0.579,0.57,24.0,17.0,7.0,41.0,True,False,1.0,11.0,9.212,1.407,-0.7,8.505,-1.106,1.346,-0.423,1.59,-0.184,0.438,0.175,0.521,-0.619,-1.031,,earned,,covered anyway (miss +9.2 inside the edge),,,,1.0,4.0,-6.231,-18.691,10.0,0.0,0.0,0.0,0.0,0.0,0.0,0.0,0.0,0.0,0.0,0.0,0.0,0.0,0.584,0.569,7.0,0.0,7.0,0.0,0.0,0.0,0.0,0.0,1.0,0.98,15.0,17.9,81.0,80.7,archive,2.9,0.0,2.788,69.0,104.0,0.0,1.0,2.037,0.0,0.0,0.0,123.0,124.266,-1.266,True,3.5,-1.421,-1.421,2.97,0.391,1.287,False,1,0.0,7,7,0.053,0.047,True
2018_13_MIN_NE,under,2015-18,2018,13,NE,MIN,Under 50,6.0,50.0,5.005,46.202,-3.798,0.453,0.63,24.0,10.0,14.0,34.0,True,False,1.0,16.0,12.202,7.441,0.976,3.785,2.088,1.346,2.417,1.59,-0.184,0.892,0.175,-0.186,-0.083,0.361,,earned,,covered anyway (miss +12.2 inside the edge),,,,1.0,2.0,-3.893,-4.964,0.0,0.0,0.0,0.0,0.0,0.0,0.0,0.0,1.0,1.0,0.0,0.0,0.0,0.0,-2.865,-3.154,7.0,0.0,7.0,0.0,0.0,0.0,0.0,0.0,1.0,1.0,6.0,12.1,53.0,55.7,archive,6.1,0.0,1.016,60.0,55.0,1.0,2.0,2.184,0.0,0.0,0.0,129.0,128.549,0.451,False,6.0,-0.267,-0.267,0.728,0.962,1.06,False,0,0.0,7,7,-0.071,0.04,True
2018_13_LAC_PIT,under,2015-18,2018,13,PIT,LAC,Under 53.5,3.5,53.5,3.766,48.437,-5.063,0.488,0.664,30.0,33.0,-3.0,63.0,False,False,-1.1,-9.5,-14.563,-0.74,-2.018,-11.805,2.088,-3.325,1.101,-0.603,-0.184,0.168,0.175,-0.841,-0.305,-1.031,variance,,,return TD (-3.3); and outplayed (-11.8),,,,1.0,0.0,-4.161,0.0,0.0,0.0,0.0,0.0,0.0,1.0,0.0,0.0,0.0,1.0,1.0,0.0,0.0,0.0,0.647,-3.343,7.0,6.0,7.0,0.0,0.0,6.0,0.0,0.0,1.0,1.0,8.0,9.0,57.0,52.5,archive,1.0,0.0,4.468,59.0,80.0,1.0,0.0,2.107,0.0,0.0,0.0,125.0,122.956,2.044,True,-3.5,1.512,1.512,-1.247,0.839,2.083,True,0,0.0,7,7,0.04,0.037,True
2018_13_WAS_PHI,under,2015-18,2018,13,PHI,WAS,Under 45,5.5,45.0,5.425,39.844,-5.156,0.488,0.669,28.0,13.0,15.0,41.0,True,False,1.0,4.0,-1.156,2.757,6.945,-10.858,1.13,1.346,-1.674,1.956,2.327,-0.841,0.175,6.324,-0.009,-1.031,,earned,,covered anyway (miss -1.2 inside the edge),,,,1.0,1.0,-7.633,-4.805,3.0,0.0,0.0,0.0,0.0,0.0,0.0,0.0,0.0,0.0,0.0,0.0,0.0,0.0,2.398,1.913,6.0,0.0,6.0,0.0,0.0,0.0,0.0,0.0,1.0,0.172,15.0,8.9,36.0,48.5,archive,-6.1,0.0,1.036,38.0,69.0,1.0,0.0,-4.359,0.0,0.0,0.0,111.0,126.364,-15.364,False,5.5,-0.204,-0.204,-0.128,0.437,-0.91,True,1,0.0,11,8,-0.032,0.009,True
2018_14_CAR_CLE,under,2015-18,2018,14,CLE,CAR,Under 48,-1.0,48.0,-1.049,46.712,-1.288,0.492,0.551,26.0,20.0,6.0,46.0,True,False,1.0,2.0,0.712,4.62,6.105,-10.013,-0.148,1.346,-0.727,4.15,-0.184,-0.33,0.175,6.212,-0.129,0.361,,luck,,covered anyway (miss +0.7 inside the edge),,,,2.0,1.0,-10.067,-1.933,0.0,7.0,0.0,0.0,0.0,0.0,0.0,0.0,0.0,0.0,1.0,0.0,0.0,0.0,1.357,0.565,0.0,0.0,0.0,0.0,0.0,0.0,0.0,0.0,0.893,0.98,4.0,1.6,28.0,28.2,archive,-2.4,0.0,1.282,52.0,68.0,0.0,3.0,1.674,0.0,0.0,0.0,112.0,127.092,-15.092,False,-1.0,0.248,0.248,0.297,0.808,-0.909,False,0,0.0,7,7,0.045,-0.023,True
2018_14_ATL_GB,under,2015-18,2018,14,GB,ATL,Under 51,4.0,51.0,2.959,47.918,-3.082,0.45,0.612,34.0,20.0,14.0,54.0,False,False,-1.1,-3.0,-6.082,-6.507,-1.607,2.032,2.088,-3.325,0.452,-5.721,-0.184,-0.3,0.175,-1.364,-0.295,0.361,luck,,,garbage time (-5.7); return TD (-3.3),,,,0.0,2.0,0.0,-11.043,7.0,0.0,1.0,0.0,0.0,0.0,0.0,0.0,0.0,1.0,0.0,1.0,0.0,0.0,2.856,-3.912,14.0,13.0,14.0,0.0,0.0,13.0,0.0,0.0,1.0,1.0,10.0,7.8,25.0,24.6,archive,-2.2,0.0,4.38,37.0,101.0,0.0,3.0,-9.658,0.0,0.0,0.0,128.0,124.687,3.313,False,4.0,0.114,0.114,1.156,0.844,-3.015,False,0,0.0,7,7,0.038,0.027,True
2018_14_IND_HOU,under,2015-18,2018,14,HOU,IND,Under 49.5,4.0,49.5,3.681,47.408,-2.092,0.472,0.578,21.0,24.0,-3.0,45.0,True,False,1.0,4.5,2.408,4.849,-2.257,-0.185,2.088,1.346,-0.54,1.956,-0.184,0.026,0.175,-2.051,0.112,-0.335,,luck,,covered anyway (miss +2.4 inside the edge),,,,0.0,1.0,0.0,-3.605,0.0,0.0,0.0,0.0,0.0,0.0,0.0,0.0,0.0,0.0,0.0,0.0,0.0,0.0,0.206,1.243,6.0,0.0,0.0,6.0,0.0,0.0,0.0,0.0,1.0,1.0,,9.0,,46.0,pbp_text,0.0,0.0,1.054,35.0,59.0,2.0,0.0,3.54,0.0,0.0,0.0,131.0,126.018,4.982,False,4.0,0.328,0.328,0.647,0.749,1.261,False,1,1.0,7,7,0.009,-0.027,True
2018_14_NE_MIA,under,2015-18,2018,14,MIA,NE,Under 49.5,-8.5,49.5,-7.657,46.562,-2.938,0.56,0.606,34.0,33.0,1.0,67.0,False,False,-1.1,-17.5,-20.438,7.531,0.416,-28.384,2.088,1.346,3.238,0.859,-0.184,0.13,0.175,2.068,-0.046,-1.727,variance,,,"outplayed, no luck (residual -28.4)",,,,0.0,0.0,0.0,0.0,0.0,0.0,0.0,0.0,0.0,0.0,0.0,0.0,0.0,1.0,0.0,1.0,1.0,0.0,-3.501,-4.591,6.0,3.0,0.0,6.0,3.0,0.0,0.0,0.0,0.96,1.0,13.0,13.7,82.0,81.3,archive,0.7,0.0,-5.768,81.0,30.0,0.0,0.0,0.0,0.0,0.0,0.0,120.0,125.024,-5.024,True,8.5,-0.98,-0.98,1.824,0.535,-0.417,False,1,0.0,7,7,-0.015,0.042,True
2018_14_MIN_SEA,under,2015-18,2018,14,SEA,MIN,Under 45.5,3.0,45.5,3.871,42.327,-3.173,0.538,0.616,21.0,7.0,14.0,28.0,True,False,1.0,17.5,14.327,-1.937,3.039,13.224,2.088,-3.325,1.001,-1.7,-0.184,0.456,0.175,2.138,0.093,0.361,,earned,,covered anyway; return TD (-3.3),,,,1.0,1.0,-5.461,-8.037,7.0,0.0,1.0,0.0,0.0,0.0,0.0,0.0,0.0,1.0,0.0,0.0,0.0,1.0,0.904,-3.346,9.0,7.0,9.0,0.0,0.0,7.0,0.0,0.0,1.0,1.0,9.0,11.9,48.0,46.5,archive,2.9,0.0,0.837,45.0,51.0,1.0,2.0,9.592,0.0,0.0,0.0,118.0,123.195,-5.195,True,-3.0,-0.259,-0.259,1.13,0.985,2.905,True,0,0.0,8,8,0.035,-0.065,True
2018_15_HOU_NYJ,under,2015-18,2018,15,NYJ,HOU,Under 44,-7.0,44.0,-7.041,42.02,-1.98,0.535,0.576,22.0,29.0,-7.0,51.0,False,False,-1.1,-7.0,-8.98,2.988,2.337,-14.305,-0.148,1.346,-1.263,3.053,-0.184,0.383,0.175,1.573,0.028,0.361,variance,,,"outplayed, no luck (residual -14.3)",,,,1.0,0.0,-4.827,0.0,0.0,7.0,0.0,0.0,0.0,0.0,0.0,0.0,0.0,0.0,2.0,0.0,0.0,0.0,-1.701,4.974,0.0,3.0,0.0,0.0,3.0,0.0,0.0,0.0,1.0,1.0,8.0,10.5,51.0,49.2,archive,2.5,0.0,-3.243,60.0,43.0,3.0,0.0,-2.801,0.0,0.0,0.0,122.0,125.821,-3.821,False,-7.0,-0.914,-0.914,-0.872,0.363,0.184,False,0,0.0,6,6,-0.021,-0.047,True
2018_15_CLE_DEN,under,2015-18,2018,15,DEN,CLE,Under 47,1.0,47.0,4.856,44.48,-2.52,0.641,0.594,16.0,17.0,-1.0,33.0,True,False,1.0,14.0,11.48,3.282,2.221,5.976,-1.106,1.346,-1.107,4.15,-0.184,1.127,0.175,0.23,-0.184,1.057,,earned,,covered anyway (miss +11.5 inside the edge),,,,2.0,2.0,-6.549,-7.968,3.0,7.0,0.0,0.0,0.0,0.0,0.0,0.0,0.0,0.0,0.0,0.0,0.0,0.0,2.104,0.776,0.0,0.0,0.0,0.0,0.0,0.0,0.0,0.0,1.0,1.0,0.0,7.7,46.0,37.9,archive,7.7,0.0,-0.827,51.0,75.0,2.0,2.0,-0.469,0.0,0.0,0.0,128.0,128.559,-0.559,True,-1.0,-1.045,-1.045,4.901,1.729,-0.207,False,0,0.0,6,6,-0.024,-0.022,True
2018_15_GB_CHI,under,2015-18,2018,15,CHI,GB,Under 46.5,6.0,46.5,5.458,44.559,-1.941,0.466,0.574,24.0,17.0,7.0,41.0,True,False,1.0,5.5,3.559,4.387,0.632,-1.46,2.088,1.346,-1.002,1.956,-0.184,-0.203,0.175,0.864,0.315,-0.335,,earned,,covered anyway (miss +3.6 inside the edge),,,,1.0,1.0,-5.316,-3.752,0.0,0.0,0.0,0.0,0.0,0.0,0.0,0.0,0.0,0.0,0.0,0.0,0.0,0.0,0.261,2.353,3.0,3.0,3.0,0.0,0.0,3.0,0.0,0.0,1.0,1.0,10.0,8.4,45.0,42.3,archive,-1.6,0.0,0.147,24.0,48.0,1.0,1.0,-5.894,0.0,0.0,0.0,124.0,126.098,-2.098,False,6.0,-0.1,-0.1,0.442,0.934,-2.748,False,1,0.0,7,7,0.03,-0.06,True
2018_15_DAL_IND,under,2015-18,2018,15,IND,DAL,Under 47,3.0,47.0,2.196,45.667,-1.333,0.486,0.555,23.0,0.0,23.0,23.0,True,False,1.0,24.0,22.667,4.261,1.324,17.082,2.088,1.346,1.431,-0.603,-0.184,0.026,0.175,-0.234,-0.212,1.753,,earned,,covered anyway (miss +22.7 inside the edge),,,,1.0,1.0,-4.887,-2.878,0.0,0.0,0.0,0.0,0.0,0.0,0.0,0.0,0.0,1.0,0.0,0.0,0.0,1.0,1.653,-5.183,13.0,0.0,13.0,0.0,0.0,0.0,0.0,0.0,1.0,1.0,,5.0,,46.0,pbp_text,0.0,0.0,3.93,55.0,74.0,0.0,5.0,10.594,0.0,0.0,0.0,126.0,125.433,0.567,False,3.0,0.219,0.219,1.023,0.318,-1.42,False,0,1.0,7,7,-0.027,0.013,True
2018_15_MIA_MIN,under,2015-18,2018,15,MIN,MIA,Under 45,7.5,45.0,7.342,43.225,-1.775,0.447,0.567,41.0,17.0,24.0,58.0,False,False,-1.1,-13.0,-14.775,-5.151,2.743,-12.367,2.088,-3.325,-0.385,-3.528,-0.184,0.026,0.175,2.949,0.112,-0.335,variance,,,garbage time (-3.5); return TD (-3.3); and outplayed (-12.4),,,,1.0,0.0,-8.171,0.0,0.0,7.0,0.0,1.0,0.0,0.0,0.0,0.0,0.0,0.0,0.0,0.0,0.0,0.0,0.921,0.137,21.0,0.0,21.0,0.0,0.0,0.0,0.0,0.0,1.0,1.0,,,,,none,0.0,0.0,-1.386,45.0,49.0,0.0,2.0,6.528,0.0,0.0,0.0,114.0,121.165,-7.165,False,7.5,0.307,0.307,0.465,0.72,-1.043,False,0,1.0,7,6,0.005,-0.073,True
2018_15_PHI_LA,under,2015-18,2018,15,LA,PHI,Under 52.5,13.5,52.5,9.524,44.968,-7.532,0.379,0.727,23.0,30.0,-7.0,53.0,False,False,-1.1,-0.5,-8.032,-2.561,-2.919,-2.553,-1.106,1.346,-0.735,-2.066,-0.184,0.441,0.175,-3.081,0.065,-0.335,luck,,,pace (-3.1),,,,3.0,1.0,-14.891,-6.456,3.0,7.0,0.0,0.0,0.0,0.0,0.0,0.0,0.0,1.0,0.0,0.0,0.0,0.0,1.628,0.311,10.0,7.0,0.0,10.0,7.0,0.0,0.0,0.0,0.982,1.0,5.0,7.9,60.0,59.7,archive,2.9,0.0,0.578,50.0,49.0,1.0,1.0,0.23,0.0,0.0,0.0,134.0,126.514,7.486,False,13.5,1.341,2.892,6.868,0.626,-5.454,True,0,0.0,7,7,0.015,0.027,True
2018_16_NYG_IND,under,2015-18,2018,16,IND,NYG,Under 48.5,10.0,48.5,11.108,45.666,-2.834,0.499,0.604,28.0,27.0,1.0,55.0,False,False,-1.1,-6.5,-9.334,7.186,0.361,-16.881,2.088,1.346,-0.397,4.15,-0.184,0.026,0.175,1.58,0.491,-1.727,variance,,,"outplayed, no luck (residual -16.9)",,,,1.0,1.0,-5.261,-0.82,0.0,0.0,0.0,0.0,0.0,0.0,0.0,0.0,0.0,0.0,0.0,0.0,0.0,0.0,0.274,0.813,0.0,0.0,0.0,0.0,0.0,0.0,0.0,0.0,1.0,1.0,,7.0,,33.0,pbp_text,0.0,0.0,-0.898,29.0,24.0,0.0,0.0,0.0,0.0,0.0,0.0,123.0,126.839,-3.839,True,-10.0,1.974,1.974,-0.865,1.014,-1.055,False,0,1.0,7,7,0.012,-0.0,True
2018_16_DEN_OAK,under,2015-18,2018,16,LV,DEN,Under 42.5,-2.5,42.5,-4.219,40.721,-1.779,0.438,0.565,27.0,14.0,13.0,41.0,True,False,1.0,1.5,-0.279,-7.759,0.619,6.861,1.13,-3.325,-0.208,-5.356,-0.184,-1.699,0.175,2.986,-0.323,-0.335,,earned,,covered anyway; garbage time (-5.4); return TD (-3.3),,,,0.0,2.0,0.0,-5.707,3.0,0.0,0.0,0.0,1.0,0.0,0.0,0.0,0.0,1.0,0.0,0.0,0.0,0.0,1.847,-1.237,13.0,13.0,13.0,0.0,0.0,13.0,0.0,0.0,1.0,1.0,14.0,1.4,58.0,53.7,archive,-12.6,0.0,4.22,50.0,91.0,0.0,2.0,-0.113,0.0,0.0,0.0,116.0,123.254,-7.254,False,-2.5,-0.672,-0.672,1.047,0.793,0.174,True,1,0.0,9,8,-0.026,0.028,True
2018_17_DET_GB,under,2015-18,2018,17,GB,DET,Under 44.5,7.5,44.5,2.175,41.072,-3.428,0.3,0.62,0.0,31.0,-31.0,31.0,True,False,1.0,13.5,10.072,0.948,0.976,8.147,2.088,1.346,-0.419,-2.066,-0.184,-0.287,0.175,-0.1,0.315,1.057,,earned,,covered anyway (miss +10.1 inside the edge),,,,1.0,0.0,-3.9,0.0,0.0,0.0,0.0,0.0,0.0,0.0,0.0,0.0,0.0,0.0,0.0,0.0,0.0,0.0,0.0,1.144,0.0,17.0,0.0,0.0,17.0,0.0,0.0,0.0,0.87,0.971,15.0,12.7,26.0,25.8,archive,-2.3,0.0,1.777,38.0,34.0,3.0,1.0,-6.274,0.0,0.0,0.0,125.0,124.757,0.243,False,7.5,0.434,0.434,5.758,1.73,-9.514,False,1,0.0,7,7,-0.015,0.051,True
2018_17_ATL_TB,under,2015-18,2018,17,TB,ATL,Under 52,-2.5,52.0,-0.977,49.723,-2.277,0.536,0.583,32.0,34.0,-2.0,66.0,False,False,-1.1,-14.0,-16.277,1.208,-3.74,-13.745,-2.064,1.346,-1.492,3.418,-0.184,-0.042,0.175,-1.879,-0.083,-1.727,variance,,,"outplayed, no luck (residual -13.7)",,,,1.0,1.0,-4.427,-5.352,6.0,7.0,0.0,0.0,0.0,0.0,0.0,0.0,0.0,0.0,0.0,0.0,0.0,0.0,1.729,2.124,1.0,1.0,1.0,0.0,1.0,0.0,0.0,0.0,1.0,0.958,5.0,4.5,80.0,75.3,archive,-0.5,0.0,1.878,30.0,85.0,0.0,0.0,0.0,0.0,0.0,0.0,131.0,126.435,4.565,True,2.5,-0.136,-0.136,1.659,0.448,1.1,False,1,0.0,7,7,0.034,0.031,True
2019_01_GB_CHI,under,2019-22,2019,1,CHI,GB,Under 47,3.5,47.0,5.517,43.106,-3.894,0.539,0.63,3.0,10.0,-7.0,13.0,True,False,1.0,34.0,30.106,7.154,1.084,21.868,2.088,1.346,-0.429,4.15,-0.184,-0.137,0.175,2.23,-0.666,-0.335,,earned,,covered anyway (miss +30.1 inside the edge),,,,1.0,0.0,-3.693,0.0,0.0,0.0,0.0,0.0,0.0,0.0,0.0,0.0,0.0,0.0,0.0,0.0,0.0,0.0,0.551,0.617,0.0,0.0,0.0,0.0,0.0,0.0,0.0,0.0,1.0,1.0,10.0,8.9,65.0,65.9,archive,-1.1,0.0,-3.093,107.0,71.0,2.0,0.0,-7.123,0.0,0.0,0.0,120.0,125.419,-5.419,True,-3.5,0.094,0.094,1.923,0.487,0.932,True,1,0.0,7,7,-0.036,0.033,True
2019_01_LA_CAR,under,2019-22,2019,1,CAR,LA,Under 49.5,-1.5,49.5,-0.166,48.141,-1.359,0.532,0.551,27.0,30.0,-3.0,57.0,False,False,-1.1,-7.5,-8.859,2.666,-5.506,-6.018,-0.148,1.346,1.34,0.128,-0.184,-0.196,0.175,-3.732,0.158,-1.727,variance,,,pace (-3.7),,,,3.0,1.0,-15.041,-4.303,0.0,7.0,0.0,0.0,0.0,0.0,0.0,0.0,1.0,1.0,0.0,0.0,0.0,1.0,-0.078,-3.221,9.0,2.0,0.0,9.0,2.0,0.0,0.0,0.0,1.0,1.0,3.0,1.5,87.0,86.8,archive,-1.5,0.0,-2.312,46.0,43.0,0.0,0.0,0.0,0.0,0.0,0.0,133.0,123.932,9.068,True,1.5,0.0,0.0,1.334,0.253,1.73,False,0,0.0,7,7,0.023,0.022,True
2019_01_TEN_CLE,under,2019-22,2019,1,CLE,TEN,Under 44,5.5,44.0,-0.972,41.729,-2.271,0.308,0.586,13.0,43.0,-30.0,56.0,False,False,-1.1,-12.0,-14.271,-10.342,1.518,-5.447,-2.384,-3.325,-0.74,-3.894,-0.184,0.203,0.175,2.861,-1.202,-0.335,variance,,,garbage time (-3.9); return TD (-3.3),,,,3.0,0.0,-17.596,0.0,0.0,21.0,0.0,1.0,0.0,0.0,0.0,0.0,0.0,0.0,1.0,0.0,0.0,0.0,-0.865,2.817,0.0,22.0,0.0,0.0,22.0,0.0,0.0,0.0,1.0,1.0,10.0,11.2,71.0,68.1,archive,1.2,0.0,-8.994,182.0,54.0,2.0,0.0,-5.292,0.0,0.0,0.0,117.0,123.95,-6.95,False,5.5,-1.047,-1.047,5.425,0.923,-8.701,False,0,0.0,7,7,-0.008,0.009,True
2019_01_DET_ARI,under,2019-22,2019,1,ARI,DET,Under 45.5,-2.5,45.5,-5.617,43.361,-2.139,0.397,0.577,27.0,27.0,0.0,54.0,False,False,-1.1,-8.5,-10.639,-3.249,-20.289,12.899,1.13,1.346,-1.465,-4.259,-0.184,0.026,-3.358,-15.854,0.112,-1.031,in-game events,,,pace (-15.9); garbage time (-4.3),,,,1.0,2.0,-2.796,-12.091,3.0,0.0,0.0,0.0,0.0,0.0,0.0,0.0,0.0,0.0,0.0,0.0,0.0,0.0,1.377,2.407,13.0,10.0,3.0,10.0,10.0,0.0,0.0,0.0,1.0,1.0,,,,,none,0.0,0.0,-0.416,35.0,59.0,0.0,1.0,-0.113,1.0,3.0,3.0,161.0,122.483,38.517,False,-2.5,-0.161,-0.161,2.956,1.418,-6.367,False,0,1.0,7,7,-0.011,-0.06,True
2019_01_SF_TB,under,2019-22,2019,1,TB,SF,Under 51,1.0,51.0,1.896,48.523,-2.477,0.553,0.591,17.0,31.0,-14.0,48.0,True,False,1.0,3.0,0.523,-6.912,-1.044,8.48,2.088,-12.667,0.248,3.418,-0.184,-0.817,0.175,0.745,-0.629,-0.335,,earned,,covered anyway; return TD (-12.7),,,,4.0,2.0,-22.313,-8.623,7.0,14.0,1.0,2.0,0.0,0.0,0.0,0.0,0.0,1.0,0.0,0.0,0.0,0.0,0.319,-0.861,0.0,2.0,0.0,0.0,2.0,0.0,0.0,0.0,1.0,1.0,9.0,3.3,93.0,90.0,archive,-5.7,0.0,-1.556,87.0,87.0,2.0,0.0,-3.396,0.0,0.0,0.0,123.0,124.81,-1.81,True,-1.0,-0.065,-0.065,0.961,0.297,0.488,False,0,0.0,7,7,0.029,0.005,True
2019_01_HOU_NO,under,2019-22,2019,1,NO,HOU,Under 52,6.5,52.0,6.724,47.627,-4.373,0.484,0.641,30.0,28.0,2.0,58.0,False,False,-1.1,-6.0,-10.373,1.675,-0.074,-11.974,-2.384,1.346,-0.34,3.053,-0.184,0.026,0.175,1.042,-0.101,-1.031,variance,,,"outplayed, no luck (residual -12.0)",,,,1.0,1.0,-5.131,-2.387,7.0,7.0,0.0,0.0,0.0,0.0,0.0,0.0,1.0,0.0,0.0,0.0,0.0,0.0,0.778,0.165,3.0,0.0,3.0,0.0,0.0,0.0,0.0,0.0,1.0,1.0,,9.0,,91.0,pbp_text,0.0,0.0,1.339,48.0,69.0,0.0,1.0,-4.111,0.0,0.0,0.0,122.0,124.531,-2.531,True,-6.5,0.298,0.298,-0.075,0.105,0.253,True,0,1.0,7,7,0.008,-0.013,True
2019_02_TB_CAR,under,2019-22,2019,2,CAR,TB,Under 48,6.5,48.0,4.0,45.118,-2.882,0.404,0.603,14.0,20.0,-6.0,34.0,True,False,1.0,14.0,11.118,7.232,-1.69,5.576,2.088,1.346,-0.351,4.15,-0.184,0.397,0.175,-2.348,-0.092,0.361,,earned,,covered anyway (miss +11.1 inside the edge),,,,1.0,0.0,-5.019,0.0,0.0,0.0,0.0,0.0,0.0,0.0,0.0,0.0,0.0,1.0,0.0,0.0,0.0,0.0,3.945,-2.974,0.0,0.0,0.0,0.0,0.0,0.0,0.0,0.0,1.0,1.0,3.0,5.5,85.0,88.3,archive,2.5,0.0,6.005,50.0,66.0,3.0,0.0,-5.826,0.0,0.0,0.0,130.0,124.296,5.704,False,6.5,-0.003,-0.003,2.497,0.802,-4.404,True,1,0.0,4,4,0.0,0.012,True
2019_02_ARI_BAL,under,2019-22,2019,2,BAL,ARI,Under 46,13.0,46.0,12.479,43.578,-2.422,0.479,0.59,23.0,17.0,6.0,40.0,True,False,1.0,6.0,3.578,6.634,-0.269,-2.787,2.088,1.346,-0.949,4.15,-0.184,-0.955,0.175,1.27,-0.24,-0.335,,luck,,covered anyway (miss +3.6 inside the edge),,,,0.0,0.0,0.0,0.0,0.0,0.0,0.0,0.0,0.0,0.0,0.0,0.0,0.0,0.0,0.0,0.0,0.0,0.0,2.377,0.105,0.0,0.0,0.0,0.0,0.0,0.0,0.0,0.0,1.0,1.0,8.0,1.4,82.0,81.8,archive,-6.6,0.0,-2.342,62.0,70.0,1.0,1.0,-5.424,0.0,0.0,0.0,124.0,127.085,-3.085,False,13.0,-0.054,-0.054,0.467,0.993,-2.501,False,0,0.0,7,7,-0.059,-0.021,True
2019_02_NO_LA,under,2019-22,2019,2,LA,NO,Under 52.5,2.0,52.5,0.192,48.998,-3.502,0.479,0.617,27.0,9.0,18.0,36.0,True,False,1.0,16.5,12.998,-0.875,5.533,8.34,1.13,1.346,-1.285,-2.066,2.327,0.516,0.175,3.971,-0.425,-1.031,,earned,,covered anyway (miss +13.0 inside the edge),,,,1.0,1.0,-3.842,-4.296,3.0,0.0,0.0,0.0,0.0,0.0,0.0,0.0,0.0,0.0,0.0,0.0,0.0,0.0,0.309,3.02,14.0,3.0,14.0,0.0,0.0,3.0,0.0,0.0,1.0,0.128,4.0,7.3,85.0,87.0,archive,3.3,0.0,1.735,65.0,87.0,0.0,1.0,2.575,0.0,0.0,0.0,115.0,124.648,-9.648,False,2.0,0.008,0.008,1.817,1.703,2.337,False,0,0.0,6,7,0.025,0.011,True
2019_02_PHI_ATL,under,2019-22,2019,2,ATL,PHI,Under 53,-1.0,53.0,2.857,47.911,-5.089,0.612,0.661,24.0,20.0,4.0,44.0,True,False,1.0,9.0,3.911,3.08,-2.962,3.793,-3.022,1.346,0.607,4.15,-0.184,-0.316,0.175,-3.584,-0.11,1.057,,earned,,"covered anyway; pace (-3.6); 6 turnovers, 16 pts off them (-3.0)",,,,3.0,3.0,-11.65,-11.715,7.0,9.0,0.0,0.0,0.0,0.0,0.0,0.0,1.0,0.0,0.0,0.0,0.0,0.0,-2.217,0.769,0.0,0.0,0.0,0.0,0.0,0.0,0.0,0.0,1.0,0.911,,4.7,,82.3,archive,-2.3,0.0,-0.779,58.0,60.0,1.0,3.0,1.137,0.0,0.0,0.0,134.0,125.293,8.707,True,1.0,0.043,0.043,3.815,1.761,8.142,True,0,0.0,7,7,0.025,0.025,True
2019_02_CLE_NYJ,under,2019-22,2019,2,NYJ,CLE,Under 45.5,-6.5,45.5,-0.762,41.799,-3.701,0.694,0.624,3.0,23.0,-20.0,26.0,True,False,1.0,19.5,15.799,3.73,5.203,6.866,2.088,1.346,-1.293,1.59,2.327,-0.048,0.175,3.713,-0.629,-0.335,,earned,,covered anyway (miss +15.8 inside the edge),,,,1.0,1.0,-4.256,-4.595,0.0,0.0,0.0,0.0,0.0,0.0,0.0,0.0,0.0,0.0,0.0,0.0,0.0,0.0,1.179,2.171,0.0,7.0,0.0,0.0,7.0,0.0,0.0,0.0,0.229,1.0,3.0,2.5,72.0,69.3,archive,-0.5,0.0,-3.431,89.0,85.0,2.0,0.0,-5.498,0.0,0.0,0.0,117.0,126.021,-9.021,True,6.5,0.403,-0.979,6.717,0.535,7.028,True,0,0.0,8,8,-0.023,-0.004,True
2019_03_ATL_IND,under,2019-22,2019,3,IND,ATL,Under 48,1.0,48.0,1.132,46.604,-1.396,0.531,0.551,27.0,24.0,3.0,51.0,False,False,-1.1,-3.0,-4.396,0.3,2.86,-7.556,1.13,1.346,-0.84,-1.334,-0.184,0.026,0.175,5.134,-0.564,-1.727,knowable,,wk3_4,nothing stands out: ordinary miss (residual -7.6),,,,0.0,1.0,0.0,-4.306,3.0,0.0,0.0,0.0,0.0,0.0,0.0,0.0,0.0,0.0,0.0,0.0,0.0,0.0,1.662,0.545,15.0,0.0,15.0,0.0,0.0,0.0,0.0,0.0,1.0,1.0,,13.0,,82.0,pbp_text,0.0,0.0,8.169,39.0,128.0,0.0,0.0,0.0,0.0,0.0,0.0,113.0,125.474,-12.474,True,-1.0,-0.739,-0.739,0.872,0.251,-0.124,False,0,1.0,7,7,0.015,0.019,True
2019_03_CAR_ARI,under,2019-22,2019,3,ARI,CAR,Under 46,2.5,46.0,-0.921,43.197,-2.803,0.437,0.6,20.0,38.0,-18.0,58.0,False,False,-1.1,-12.0,-14.803,-2.436,-2.841,-9.526,-3.342,1.346,-0.933,0.494,-0.184,0.026,0.175,-2.004,0.176,-1.031,knowable,,wk3_4,"3 turnovers, 17 pts off them (-3.3); and outplayed (-9.5)",,,,2.0,1.0,-8.992,-5.755,7.0,10.0,0.0,0.0,0.0,0.0,0.0,0.0,0.0,0.0,0.0,0.0,0.0,0.0,1.725,0.716,0.0,10.0,0.0,0.0,10.0,0.0,0.0,0.0,1.0,1.0,,,,,none,0.0,0.0,-2.591,52.0,35.0,1.0,0.0,2.027,0.0,0.0,0.0,130.0,125.132,4.868,False,2.5,0.304,1.874,5.294,0.483,-3.621,False,0,1.0,10,7,0.005,-0.042,True
2019_03_NYG_TB,under,2019-22,2019,3,TB,NYG,Under 48,5.0,48.0,7.317,42.218,-5.782,0.557,0.684,31.0,32.0,-1.0,63.0,False,False,-1.1,-15.0,-20.782,1.632,-2.356,-20.057,-1.106,1.346,0.533,0.859,-0.184,0.659,0.175,-2.83,0.158,-0.335,knowable,,wk3_4,"outplayed, no luck (residual -20.1)",,,,1.0,2.0,-4.548,-9.076,10.0,0.0,0.0,0.0,0.0,0.0,0.0,0.0,1.0,0.0,2.0,0.0,1.0,0.0,-1.844,0.583,3.0,6.0,3.0,0.0,0.0,6.0,0.0,0.0,1.0,1.0,11.0,15.4,88.0,87.7,archive,4.4,0.0,1.998,30.0,59.0,1.0,1.0,-2.261,0.0,0.0,0.0,133.0,126.125,6.875,True,-5.0,0.731,0.731,1.586,1.013,-0.01,False,0,0.0,10,7,-0.008,0.045,True
2019_03_HOU_LAC,under,2019-22,2019,3,LAC,HOU,Under 49,3.0,49.0,4.264,46.358,-2.642,0.55,0.595,20.0,27.0,-7.0,47.0,True,False,1.0,2.0,-0.642,3.541,0.494,-4.678,-2.384,1.346,0.43,4.15,-0.184,0.127,0.175,0.274,-0.258,0.361,,luck,wk3_4,covered anyway (miss -0.6 inside the edge),,,,1.0,1.0,-4.608,-6.504,7.0,7.0,0.0,0.0,0.0,0.0,0.0,0.0,0.0,1.0,0.0,1.0,0.0,0.0,1.262,-2.262,0.0,0.0,0.0,0.0,0.0,0.0,0.0,0.0,1.0,1.0,4.0,4.7,87.0,88.1,archive,0.7,0.0,-0.954,69.0,65.0,3.0,0.0,3.123,0.0,0.0,0.0,123.0,123.665,-0.665,True,-3.0,-0.314,-0.314,1.578,0.176,1.594,False,0,0.0,7,7,0.025,-0.001,True
2019_03_LA_CLE,under,2019-22,2019,3,CLE,LA,Under 48,-4.0,48.0,-5.081,44.704,-3.296,0.503,0.614,13.0,20.0,-7.0,33.0,True,False,1.0,15.0,11.704,6.75,-0.975,5.929,1.13,1.346,0.125,4.15,-0.184,-0.507,0.175,-0.097,-0.027,-0.335,,earned,wk3_4,covered anyway (miss +11.7 inside the edge),,,,1.0,3.0,-2.544,-11.522,3.0,0.0,0.0,0.0,0.0,0.0,0.0,0.0,0.0,1.0,0.0,0.0,0.0,0.0,0.388,-0.619,0.0,0.0,0.0,0.0,0.0,0.0,0.0,0.0,1.0,1.0,12.0,8.3,83.0,76.2,archive,-3.7,0.0,0.378,60.0,49.0,2.0,0.0,-4.364,0.0,0.0,0.0,126.0,125.764,0.236,False,-4.0,-1.529,-1.529,-0.448,0.315,-1.0,True,0,0.0,7,6,0.008,-0.019,True
2019_04_CLE_BAL,under,2019-22,2019,4,BAL,CLE,Under 47,7.5,47.0,8.632,44.595,-2.405,0.485,0.588,25.0,40.0,-15.0,65.0,False,False,-1.1,-18.0,-20.405,-8.714,0.118,-11.81,-4.619,1.346,-0.815,-4.625,-0.184,-0.263,0.175,-0.434,0.463,0.361,knowable,,wk3_4,"garbage time (-4.6); 4 turnovers, 21 pts off them (-4.6); and outplayed (-11.8)",,,,3.0,1.0,-11.633,-3.996,7.0,14.0,0.0,0.0,0.0,0.0,0.0,0.0,0.0,0.0,0.0,0.0,0.0,0.0,0.935,1.208,13.0,11.0,0.0,13.0,11.0,0.0,0.0,0.0,1.0,0.971,8.0,6.0,83.0,83.3,archive,-2.0,0.0,0.433,15.0,41.0,2.0,1.0,-2.744,0.0,0.0,0.0,128.0,126.945,1.055,True,-7.5,1.246,1.246,-0.114,1.078,-1.11,False,1,0.0,7,7,0.011,-0.022,True
2019_04_LAC_MIA,under,2019-22,2019,4,MIA,LAC,Under 43.5,-15.0,43.5,-13.867,41.706,-1.794,0.522,0.564,10.0,30.0,-20.0,40.0,True,False,1.0,3.5,1.706,3.191,3.69,-5.176,1.13,1.346,0.222,0.494,-0.184,-0.306,0.175,4.673,-0.332,-0.335,,earned,wk3_4,covered anyway (miss +1.7 inside the edge),,,,1.0,0.0,-4.171,0.0,0.0,3.0,0.0,0.0,0.0,0.0,0.0,0.0,2.0,0.0,0.0,0.0,0.0,0.0,-4.639,4.163,0.0,10.0,0.0,0.0,10.0,0.0,0.0,0.0,0.966,0.941,15.0,12.7,88.0,87.4,archive,-2.3,0.0,2.906,53.0,89.0,1.0,1.0,1.496,0.0,0.0,0.0,109.0,120.353,-11.353,True,15.0,1.268,1.268,-0.135,0.663,-0.327,False,0,0.0,7,7,-0.015,0.031,True
2019_05_BUF_TEN,under,2019-22,2019,5,TEN,BUF,Under 39.5,3.5,39.5,7.026,38.007,-1.493,0.583,0.552,7.0,14.0,-7.0,21.0,True,False,1.0,18.5,17.007,10.521,2.028,4.458,-0.148,1.346,5.174,4.15,-0.184,-0.596,0.175,3.263,-0.295,-0.335,,earned,line_u41,covered anyway (miss +17.0 inside the edge),,,,0.0,1.0,0.0,-4.322,7.0,0.0,0.0,0.0,0.0,0.0,0.0,0.0,4.0,0.0,0.0,0.0,1.0,0.0,-13.116,0.135,0.0,0.0,0.0,0.0,0.0,0.0,0.0,0.0,1.0,1.0,13.0,8.8,77.0,77.5,archive,-4.2,0.0,-0.099,60.0,78.0,0.0,2.0,1.04,0.0,0.0,0.0,115.0,122.928,-7.928,True,-3.5,-0.006,-0.006,3.532,0.723,5.052,False,0,0.0,7,7,-0.03,-0.069,True
2019_05_CLE_SF,under,2019-22,2019,5,SF,CLE,Under 47.5,5.0,47.5,5.708,45.641,-1.859,0.507,0.568,31.0,3.0,28.0,34.0,True,False,1.0,13.5,11.641,1.986,3.728,5.927,-1.106,1.346,3.812,-2.066,-0.184,0.248,0.175,4.362,0.158,-1.031,,earned,,covered anyway (miss +11.6 inside the edge),,,,0.0,4.0,0.0,-21.672,10.0,0.0,0.0,0.0,0.0,0.0,0.0,0.0,3.0,0.0,0.0,0.0,1.0,0.0,-9.707,0.166,17.0,0.0,17.0,0.0,0.0,0.0,0.0,0.0,1.0,0.867,8.0,9.5,87.0,87.1,archive,1.5,0.0,-1.347,34.0,55.0,1.0,0.0,1.891,0.0,0.0,0.0,114.0,124.598,-10.598,True,-5.0,0.647,0.647,0.062,0.6,-0.57,True,0,0.0,15,8,-0.015,-0.004,True
2019_06_CAR_TB,under,2019-22,2019,6,TB,CAR,Under 48.5,-2.0,48.5,1.065,45.578,-2.922,0.585,0.601,26.0,37.0,-11.0,63.0,False,False,-1.1,-14.5,-17.422,-14.776,-5.754,3.109,-6.535,1.346,-0.574,-9.012,-0.184,-1.189,0.175,-4.974,0.056,0.361,luck,,,"garbage time (-9.0); 8 turnovers, 27 pts off them (-6.5)",,,,7.0,1.0,-30.124,-4.897,7.0,20.0,0.0,0.0,0.0,0.0,0.0,0.0,0.0,2.0,0.0,0.0,0.0,0.0,2.129,-0.595,19.0,17.0,0.0,19.0,17.0,0.0,0.0,0.0,1.0,1.0,14.0,5.9,61.0,73.1,archive,-8.1,0.0,0.552,70.0,30.0,2.0,1.0,-4.296,0.0,0.0,0.0,139.0,126.916,12.084,True,2.0,-0.341,-0.341,3.406,0.9,0.862,False,1,0.0,7,7,0.017,-0.001,True
2019_06_SEA_CLE,under,2019-22,2019,6,CLE,SEA,Under 45.5,1.0,45.5,-4.088,41.653,-3.847,0.371,0.628,28.0,32.0,-4.0,60.0,False,False,-1.1,-14.5,-18.347,5.156,-5.124,-18.38,-2.064,1.346,1.725,4.15,-0.184,-0.499,0.175,-4.589,-0.388,0.361,variance,,,pace (-4.6); and outplayed (-18.4),,,,4.0,1.0,-16.689,-5.241,0.0,13.0,0.0,0.0,0.0,0.0,0.0,0.0,0.0,0.0,1.0,1.0,1.0,0.0,-4.011,-0.261,0.0,0.0,0.0,0.0,0.0,0.0,0.0,0.0,1.0,1.0,20.0,16.5,58.0,61.2,archive,-3.5,0.0,1.3,83.0,65.0,3.0,0.0,2.799,0.0,0.0,0.0,134.0,122.851,11.149,False,1.0,-0.896,-0.896,4.192,0.926,-2.978,False,0,0.0,10,6,0.024,-0.012,True
2019_06_ATL_ARI,under,2019-22,2019,6,ARI,ATL,Under 52.5,-3.0,52.5,-2.784,50.202,-2.298,0.521,0.584,34.0,33.0,1.0,67.0,False,False,-1.1,-14.5,-16.798,3.486,-0.671,-19.614,2.088,1.346,-0.441,0.494,-0.184,0.026,0.175,0.556,-0.212,-1.031,variance,,,"outplayed, no luck (residual -19.6)",,,,0.0,0.0,0.0,0.0,0.0,0.0,0.0,0.0,0.0,0.0,0.0,0.0,0.0,0.0,0.0,1.0,0.0,0.0,0.939,0.258,7.0,3.0,7.0,0.0,0.0,3.0,0.0,0.0,1.0,1.0,,,,,none,0.0,0.0,0.251,57.0,72.0,1.0,0.0,2.025,0.0,0.0,0.0,125.0,126.35,-1.35,True,3.0,0.527,0.527,-0.311,1.478,3.813,False,0,1.0,7,7,-0.011,0.059,True
2019_07_LA_ATL,under,2019-22,2019,7,ATL,LA,Under 54.5,-3.0,54.5,0.845,50.419,-4.081,0.634,0.634,10.0,37.0,-27.0,47.0,True,False,1.0,7.5,3.419,-5.771,0.609,8.581,-1.106,-3.325,1.457,-2.797,-0.184,0.786,0.175,0.547,0.315,-1.031,,earned,,covered anyway; return TD (-3.3),,,,3.0,0.0,-16.454,0.0,0.0,17.0,0.0,1.0,0.0,0.0,0.0,0.0,1.0,1.0,0.0,0.0,0.0,0.0,-1.72,-1.874,7.0,12.0,0.0,7.0,12.0,0.0,0.0,0.0,0.846,0.976,,12.4,,70.5,archive,5.4,0.0,-2.796,48.0,24.0,0.0,1.0,-3.901,0.0,0.0,0.0,126.0,127.329,-1.329,True,3.0,0.622,0.622,3.223,0.434,4.802,False,0,0.0,7,7,0.079,0.004,True
2019_07_ARI_NYG,under,2019-22,2019,7,NYG,ARI,Under 49.5,3.5,49.5,1.042,45.499,-4.001,0.407,0.631,21.0,27.0,-6.0,48.0,True,False,1.0,1.5,-2.501,4.503,1.649,-8.652,-3.342,1.346,2.349,4.15,-0.184,0.167,0.175,0.933,-0.499,1.057,,luck,,"covered anyway; 3 turnovers, 17 pts off them (-3.3); and outplayed (-8.7)",,,,3.0,0.0,-13.568,0.0,0.0,17.0,0.0,0.0,0.0,0.0,0.0,0.0,1.0,0.0,0.0,0.0,0.0,1.0,-3.351,-2.497,0.0,0.0,0.0,0.0,0.0,0.0,0.0,0.0,1.0,1.0,3.0,4.0,56.0,58.3,archive,1.0,0.0,0.723,75.0,85.0,3.0,1.0,-6.858,0.0,0.0,0.0,123.0,125.267,-2.267,False,3.5,-0.866,-0.866,1.593,1.193,-5.319,False,0,0.0,7,10,0.013,0.013,True
2019_07_BAL_SEA,under,2019-22,2019,7,SEA,BAL,Under 49,3.0,49.0,3.768,47.56,-1.44,0.53,0.552,16.0,30.0,-14.0,46.0,True,False,1.0,3.0,1.56,-3.719,1.82,3.459,2.088,-7.996,0.599,1.59,-0.184,0.899,0.175,1.84,0.121,-1.031,,earned,,covered anyway; return TD (-8.0),,,,2.0,0.0,-17.564,0.0,0.0,14.0,0.0,2.0,0.0,0.0,0.0,0.0,1.0,0.0,0.0,0.0,0.0,0.0,-1.873,0.446,3.0,4.0,0.0,3.0,4.0,0.0,0.0,0.0,1.0,1.0,8.0,14.2,50.0,53.2,archive,6.2,0.0,4.576,18.0,75.0,0.0,1.0,-3.963,0.0,0.0,0.0,121.0,125.471,-4.471,True,-3.0,-0.197,-0.197,0.965,0.914,2.672,False,0,0.0,7,7,0.031,0.022,True
2019_08_PHI_BUF,under,2019-22,2019,8,BUF,PHI,Under 39.5,1.0,39.5,3.143,36.596,-2.904,0.588,0.6,13.0,31.0,-18.0,44.0,False,False,-1.1,-4.5,-7.404,3.382,1.272,-12.057,-0.467,1.346,0.913,1.59,-0.184,0.366,0.175,0.506,0.047,0.361,knowable,,line_u41,"outplayed, no luck (residual -12.1)",,,,1.0,1.0,-4.332,-4.007,0.0,8.0,0.0,0.0,0.0,0.0,0.0,0.0,1.0,0.0,1.0,1.0,1.0,0.0,-1.857,-0.364,0.0,7.0,0.0,0.0,7.0,0.0,0.0,0.0,1.0,1.0,23.0,25.4,54.0,55.6,archive,2.4,0.0,-6.386,57.0,44.0,2.0,1.0,-2.242,0.0,0.0,0.0,123.0,124.23,-1.23,True,-1.0,1.171,1.171,0.972,0.156,2.134,False,0,0.0,7,7,-0.045,-0.004,True
2019_08_TB_TEN,under,2019-22,2019,8,TEN,TB,Under 45.5,2.0,45.5,3.23,44.071,-1.429,0.567,0.552,27.0,23.0,4.0,50.0,False,False,-1.1,-4.5,-5.929,-1.098,-3.376,-1.456,-4.939,1.346,-1.654,4.15,-0.184,-0.201,0.175,-2.991,-0.536,0.361,variance,,,"5 turnovers, 22 pts off them (-4.9)",,,,1.0,4.0,-5.089,-13.671,14.0,8.0,0.0,0.0,0.0,0.0,0.0,0.0,0.0,0.0,0.0,0.0,0.0,0.0,2.748,1.514,0.0,0.0,0.0,0.0,0.0,0.0,0.0,0.0,1.0,1.0,3.0,1.4,59.0,60.1,archive,-1.6,0.0,1.896,77.0,87.0,1.0,2.0,-1.776,0.0,0.0,0.0,132.0,124.734,7.266,True,-2.0,-0.02,-0.02,1.25,0.447,0.224,False,0,0.0,7,14,-0.036,0.015,True
2019_08_CLE_NE,under,2019-22,2019,8,NE,CLE,Under 43,9.5,43.0,16.694,37.84,-5.16,0.69,0.663,27.0,13.0,14.0,40.0,True,False,1.0,3.0,-2.16,0.083,2.061,-4.304,-0.148,-3.325,1.966,1.59,-0.184,0.735,0.175,1.074,-0.101,0.361,,earned,,covered anyway; return TD (-3.3),,,,0.0,3.0,0.0,-13.956,14.0,0.0,1.0,0.0,0.0,0.0,0.0,0.0,2.0,0.0,0.0,0.0,1.0,0.0,-6.737,1.858,4.0,3.0,4.0,0.0,0.0,3.0,0.0,0.0,1.0,1.0,11.0,16.0,49.0,49.6,archive,5.0,0.0,7.51,32.0,85.0,2.0,1.0,8.084,0.0,0.0,0.0,124.0,126.61,-2.61,True,-9.5,1.121,1.121,6.074,0.708,6.294,False,0,0.0,6,14,-0.082,-0.001,True
2019_09_WAS_BUF,under,2019-22,2019,9,BUF,WAS,Under 37,10.5,37.0,10.957,30.064,-6.936,0.477,0.71,24.0,9.0,15.0,33.0,True,False,1.0,4.0,-2.936,4.283,6.454,-13.673,2.088,1.346,-0.741,1.59,-0.184,0.012,0.175,5.432,0.658,0.361,,luck,line_u41,covered anyway (miss -2.9 inside the edge),,,,0.0,0.0,0.0,0.0,0.0,0.0,0.0,0.0,0.0,0.0,0.0,0.0,0.0,0.0,0.0,0.0,0.0,0.0,1.072,0.883,7.0,0.0,7.0,0.0,0.0,0.0,0.0,0.0,1.0,1.0,18.0,17.9,42.0,41.2,archive,-0.1,0.0,0.386,20.0,15.0,2.0,1.0,1.238,0.0,0.0,0.0,107.0,120.198,-13.198,True,-10.5,1.468,2.843,-2.386,1.551,-3.152,False,0,0.0,7,10,-0.042,-0.041,True
2019_09_TEN_CAR,under,2019-22,2019,9,CAR,TEN,Under 43,3.5,43.0,0.915,41.419,-1.581,0.404,0.555,30.0,20.0,10.0,50.0,False,False,-1.1,-7.0,-8.581,-1.751,-2.665,-4.165,-0.148,1.346,4.601,-7.549,-0.184,-0.122,0.175,-2.248,-0.647,0.361,variance,,,garbage time (-7.5),,,,1.0,3.0,-3.48,-15.288,7.0,0.0,0.0,0.0,0.0,0.0,0.0,0.0,1.0,3.0,1.0,0.0,1.0,0.0,-3.875,-7.659,20.0,12.0,20.0,0.0,0.0,12.0,0.0,0.0,1.0,1.0,5.0,3.9,58.0,53.6,archive,-1.1,0.0,2.518,77.0,99.0,2.0,1.0,4.175,0.0,0.0,0.0,129.0,123.539,5.461,False,3.5,0.581,0.581,3.166,0.218,-2.536,False,0,0.0,7,7,-0.041,-0.014,True
2019_09_CLE_DEN,under,2019-22,2019,9,DEN,CLE,Under 39,-4.0,39.0,2.234,37.083,-1.917,0.712,0.569,24.0,19.0,5.0,43.0,False,False,-1.1,-4.0,-5.917,5.465,3.984,-15.366,1.13,1.346,-0.794,3.784,-0.184,-0.27,0.175,4.496,0.102,-0.335,knowable,,line_u41,"outplayed, no luck (residual -15.4)",,,,1.0,0.0,-4.6,0.0,0.0,3.0,0.0,0.0,0.0,0.0,0.0,0.0,0.0,0.0,0.0,0.0,0.0,0.0,1.035,1.054,1.0,0.0,1.0,0.0,0.0,0.0,0.0,0.0,1.0,1.0,4.0,1.8,55.0,47.4,archive,-2.2,0.0,-1.456,55.0,40.0,0.0,2.0,6.468,0.0,0.0,0.0,113.0,123.922,-10.922,True,4.0,1.173,-0.203,6.437,0.535,7.212,False,0,0.0,7,7,-0.04,-0.009,True
2019_09_DAL_NYG,under,2019-22,2019,9,NYG,DAL,Under 48.5,-6.5,48.5,-5.422,46.503,-1.997,0.557,0.572,18.0,37.0,-19.0,55.0,False,False,-1.1,-6.5,-8.497,-0.812,-4.85,-2.835,-1.745,-3.325,0.839,3.418,-0.184,0.174,0.175,-3.346,-0.638,-1.031,variance,,,pace (-3.3); return TD (-3.3),,,,3.0,2.0,-15.982,-8.545,6.0,13.0,0.0,1.0,0.0,0.0,0.0,0.0,0.0,1.0,1.0,0.0,0.0,0.0,-0.576,-1.46,0.0,2.0,0.0,0.0,2.0,0.0,0.0,0.0,1.0,1.0,10.0,11.1,51.0,50.8,archive,1.1,0.0,-2.652,71.0,104.0,1.0,0.0,2.147,0.0,0.0,0.0,133.0,124.871,8.129,True,6.5,-0.108,-0.108,1.186,0.648,2.428,True,1,0.0,8,15,0.011,0.026,True
2019_10_BUF_CLE,under,2019-22,2019,10,CLE,BUF,Under 42,3.0,42.0,-0.524,39.901,-2.099,0.397,0.577,19.0,16.0,3.0,35.0,True,False,1.0,7.0,4.901,8.975,-0.686,-3.388,2.088,1.346,1.392,4.15,-0.184,0.093,0.175,-1.79,-0.036,1.057,,luck,,covered anyway (miss +4.9 inside the edge),,,,0.0,0.0,0.0,0.0,0.0,0.0,0.0,0.0,0.0,0.0,0.0,0.0,0.0,2.0,1.0,0.0,0.0,0.0,0.886,-4.316,0.0,0.0,0.0,0.0,0.0,0.0,0.0,0.0,1.0,1.0,10.0,10.5,50.0,48.6,archive,0.5,0.0,1.417,70.0,40.0,2.0,2.0,4.669,0.0,0.0,0.0,127.0,122.651,4.349,False,3.0,-0.532,-0.532,2.992,0.351,-4.237,False,0,0.0,7,7,-0.041,-0.011,True
2019_10_ATL_NO,under,2019-22,2019,10,NO,ATL,Under 51.5,14.0,51.5,9.714,49.498,-2.002,0.36,0.572,9.0,26.0,-17.0,35.0,True,False,1.0,16.5,14.498,4.147,-2.347,12.698,2.088,1.346,-1.242,1.956,-0.184,0.026,0.175,-3.126,-0.295,1.057,,earned,,covered anyway; pace (-3.1),,,,0.0,1.0,0.0,-2.385,0.0,0.0,0.0,0.0,0.0,0.0,0.0,0.0,0.0,0.0,0.0,0.0,0.0,0.0,0.934,2.287,0.0,6.0,0.0,0.0,6.0,0.0,0.0,0.0,0.961,1.0,,5.0,,67.0,pbp_text,0.0,0.0,-7.198,90.0,48.0,3.0,1.0,-12.802,0.0,0.0,0.0,131.0,123.405,7.595,False,14.0,0.238,0.238,4.524,0.253,-4.081,False,1,1.0,14,14,0.068,0.004,True
2019_10_KC_TEN,under,2019-22,2019,10,TEN,KC,Under 49,-5.0,49.0,-5.613,47.124,-1.876,0.505,0.566,35.0,32.0,3.0,67.0,False,False,-1.1,-18.0,-19.876,2.424,-1.281,-21.019,1.13,-3.325,0.47,4.15,-0.184,0.053,0.175,-1.335,-0.351,0.361,variance,,,return TD (-3.3); and outplayed (-21.0),,,,1.0,1.0,-5.561,-9.969,7.0,3.0,1.0,0.0,0.0,0.0,0.0,0.0,0.0,1.0,1.0,1.0,0.0,1.0,-0.73,-0.371,0.0,0.0,0.0,0.0,0.0,0.0,0.0,0.0,1.0,0.981,9.0,9.2,63.0,58.7,archive,0.2,0.0,-0.258,64.0,80.0,1.0,2.0,-3.597,0.0,0.0,0.0,128.0,124.756,3.244,False,-5.0,-1.204,-1.204,-0.591,0.435,-0.671,False,0,0.0,7,7,0.071,-0.036,True
2019_11_HOU_BAL,under,2019-22,2019,11,BAL,HOU,Under 51,4.0,51.0,4.727,49.517,-1.483,0.503,0.551,41.0,7.0,34.0,48.0,True,False,1.0,3.0,1.517,-4.293,4.343,1.467,1.13,1.346,1.512,-8.281,-0.184,-0.095,0.175,2.869,-0.175,1.753,,earned,,covered anyway; garbage time (-8.3),,,,0.0,2.0,0.0,-12.222,3.0,0.0,0.0,0.0,0.0,0.0,0.0,0.0,1.0,1.0,0.0,0.0,0.0,0.0,-1.411,-2.322,27.0,7.0,27.0,0.0,0.0,7.0,0.0,0.0,0.917,0.95,10.0,9.1,44.0,41.4,archive,-0.9,0.0,-5.395,65.0,60.0,1.0,4.0,5.509,0.0,0.0,0.0,119.0,125.97,-6.97,True,-4.0,0.466,0.466,0.261,0.781,2.629,False,0,0.0,7,14,0.027,0.033,True
2019_11_ATL_CAR,under,2019-22,2019,11,CAR,ATL,Under 49,3.5,49.0,0.649,45.7,-3.3,0.397,0.609,3.0,29.0,-26.0,32.0,True,False,1.0,17.0,13.7,-3.763,1.154,16.309,1.13,-3.325,1.229,-2.797,-0.184,0.093,0.175,-1.546,0.167,2.449,,earned,,covered anyway; return TD (-3.3),,,,4.0,0.0,-16.135,0.0,0.0,3.0,0.0,0.0,0.0,1.0,0.0,0.0,0.0,1.0,0.0,0.0,0.0,0.0,0.214,-3.233,3.0,16.0,0.0,3.0,16.0,0.0,0.0,0.0,1.0,0.923,11.0,11.5,51.0,50.0,archive,0.5,0.0,-1.628,68.0,20.0,5.0,1.0,-2.045,0.0,0.0,0.0,130.0,126.244,3.756,False,3.5,0.183,0.183,3.035,0.561,-4.203,False,1,0.0,7,7,0.057,-0.002,True
2019_11_NE_PHI,under,2019-22,2019,11,PHI,NE,Under 45,-4.5,45.0,-7.071,42.21,-2.79,0.452,0.594,10.0,17.0,-7.0,27.0,True,False,1.0,18.0,15.21,5.894,-5.439,14.756,1.13,1.346,-0.731,4.15,-0.184,-0.095,0.175,-4.102,-0.203,-1.031,,earned,,covered anyway; pace (-4.1),,,,1.0,0.0,-5.084,0.0,0.0,3.0,0.0,0.0,0.0,0.0,0.0,0.0,0.0,0.0,0.0,0.0,0.0,0.0,0.986,0.945,0.0,0.0,0.0,0.0,0.0,0.0,0.0,0.0,1.0,0.98,13.0,12.1,42.0,41.2,archive,-0.9,0.0,1.216,39.0,89.0,1.0,0.0,-2.722,0.0,0.0,0.0,136.0,126.035,9.965,False,-4.5,-2.026,-2.026,0.545,0.883,-0.504,False,0,0.0,14,14,-0.074,-0.002,True
2019_11_KC_LAC,under,2019-22,2019,11,LAC,KC,Under 52.5,-5.5,52.5,-0.875,50.449,-2.051,0.658,0.572,17.0,24.0,-7.0,41.0,True,False,1.0,11.5,9.449,5.369,-4.19,8.27,-0.148,1.346,0.388,3.784,-0.184,0.709,0.175,-3.341,-0.518,-1.031,,earned,,covered anyway; pace (-3.3),,,,4.0,1.0,-14.736,-2.842,0.0,7.0,0.0,0.0,0.0,0.0,0.0,0.0,1.0,0.0,0.0,0.0,0.0,0.0,-1.806,0.912,0.0,1.0,0.0,0.0,1.0,0.0,0.0,0.0,1.0,1.0,7.0,12.1,67.0,76.2,archive,5.1,0.0,1.041,60.0,102.0,1.0,0.0,0.812,0.0,0.0,0.0,131.0,122.882,8.118,True,5.5,-0.078,-0.078,4.703,0.429,4.501,True,1,0.0,11,8,0.019,0.082,True
2019_12_MIA_CLE,under,2019-22,2019,12,CLE,MIA,Under 45.5,11.0,45.5,5.895,43.844,-1.656,0.31,0.554,41.0,24.0,17.0,65.0,False,False,-1.1,-19.5,-21.156,-16.984,-3.675,-0.496,-4.619,1.346,0.785,-14.496,-0.184,0.148,0.175,-2.248,-0.536,-1.031,in-game events,,,"garbage time (-14.5); 3 turnovers, 21 pts off them (-4.6)",,,,1.0,2.0,-5.354,-5.987,14.0,7.0,0.0,0.0,0.0,0.0,0.0,0.0,1.0,0.0,0.0,0.0,0.0,0.0,-2.393,0.495,27.0,24.0,27.0,0.0,0.0,24.0,0.0,0.0,1.0,1.0,14.0,14.9,39.0,40.1,archive,0.9,0.0,5.702,70.0,94.0,0.0,1.0,2.434,0.0,0.0,0.0,128.0,122.539,5.461,False,11.0,-0.46,-0.46,4.645,0.224,-5.614,False,0,0.0,7,10,-0.012,-0.02,True
2019_12_SEA_PHI,under,2019-22,2019,12,PHI,SEA,Under 45.5,-1.0,45.5,-0.547,43.67,-1.83,0.511,0.561,9.0,17.0,-8.0,26.0,True,False,1.0,19.5,17.67,3.968,-2.393,16.095,1.13,1.346,-0.097,1.59,-0.184,-0.409,0.175,-0.954,0.01,-1.031,,earned,,covered anyway (miss +17.7 inside the edge),,,,5.0,2.0,-24.032,-7.548,0.0,3.0,0.0,0.0,0.0,0.0,0.0,0.0,0.0,0.0,0.0,0.0,0.0,0.0,0.131,0.199,6.0,1.0,0.0,6.0,1.0,0.0,0.0,0.0,1.0,1.0,17.0,13.8,40.0,38.5,archive,-3.2,0.0,3.658,15.0,90.0,1.0,0.0,-3.647,0.0,0.0,0.0,128.0,125.682,2.318,True,1.0,-0.813,-0.813,1.266,0.336,-0.004,False,0,0.0,7,13,-0.009,0.024,True
2019_12_DET_WAS,under,2019-22,2019,12,WAS,DET,Under 39,-4.0,39.0,-4.201,37.395,-1.605,0.526,0.553,19.0,16.0,3.0,35.0,True,False,1.0,4.0,2.395,1.469,-4.286,5.212,0.171,-3.325,0.473,4.15,-0.184,-0.586,0.175,-1.761,-0.203,-1.727,,earned,line_u41,covered anyway; return TD (-3.3),,,,2.0,4.0,-8.136,-11.454,6.0,0.0,0.0,0.0,1.0,0.0,0.0,0.0,0.0,1.0,0.0,0.0,0.0,0.0,1.828,-2.937,0.0,0.0,0.0,0.0,0.0,0.0,0.0,0.0,0.971,1.0,17.0,12.5,46.0,43.7,archive,-4.5,0.0,-0.313,63.0,65.0,0.0,0.0,0.0,0.0,0.0,0.0,126.0,121.722,4.278,False,-4.0,-0.138,-0.138,0.063,0.681,-1.623,False,0,0.0,7,7,0.026,-0.033,True
2019_12_DAL_NE,under,2019-22,2019,12,NE,DAL,Under 44.5,5.5,44.5,7.727,42.695,-1.805,0.556,0.561,13.0,9.0,4.0,22.0,True,False,1.0,22.5,20.695,10.634,1.652,8.409,1.13,1.346,4.009,4.15,-0.184,0.257,0.175,1.738,0.001,-0.335,,earned,,covered anyway (miss +20.7 inside the edge),,,,0.0,1.0,0.0,-4.37,3.0,0.0,0.0,0.0,0.0,0.0,0.0,0.0,2.0,1.0,0.0,0.0,0.0,1.0,-3.716,-6.324,0.0,0.0,0.0,0.0,0.0,0.0,0.0,0.0,1.0,1.0,16.0,17.7,38.0,43.6,archive,1.7,0.0,1.643,56.0,50.0,1.0,1.0,0.288,0.0,0.0,0.0,123.0,127.222,-4.222,True,-5.5,0.458,0.458,1.769,0.912,4.351,False,0,0.0,7,7,-0.077,0.045,True
2019_13_BUF_DAL,under,2019-22,2019,13,DAL,BUF,Under 46.5,6.5,46.5,4.668,44.965,-1.535,0.422,0.552,15.0,26.0,-11.0,41.0,True,False,1.0,5.5,3.965,2.965,-2.904,3.904,0.171,1.346,3.879,-2.431,-0.184,0.026,0.175,-4.554,-0.12,1.753,,earned,,covered anyway; pace (-4.6),,,,2.0,0.0,-11.142,0.0,0.0,6.0,0.0,0.0,0.0,0.0,0.0,0.0,2.0,1.0,0.0,1.0,1.0,0.0,-5.966,-3.744,8.0,10.0,0.0,8.0,10.0,0.0,0.0,0.0,1.0,0.974,,,,,none,0.0,0.0,-3.07,66.0,53.0,3.0,2.0,-7.126,0.0,0.0,0.0,135.0,123.936,11.064,False,6.5,-0.207,-0.207,1.625,0.618,-0.438,True,0,1.0,4,4,-0.028,0.038,True
2019_13_SF_BAL,under,2019-22,2019,13,BAL,SF,Under 45,5.5,45.0,5.965,41.815,-3.185,0.502,0.608,20.0,17.0,3.0,37.0,True,False,1.0,8.0,4.815,4.553,5.702,-5.441,-1.106,1.346,0.164,4.15,-0.184,-0.074,0.175,3.762,0.269,1.753,,earned,,covered anyway (miss +4.8 inside the edge),,,,1.0,1.0,-3.968,-4.826,7.0,3.0,0.0,0.0,0.0,0.0,0.0,0.0,0.0,1.0,0.0,0.0,0.0,1.0,1.255,-1.585,0.0,0.0,0.0,0.0,0.0,0.0,0.0,0.0,1.0,1.0,13.0,12.3,40.0,41.0,archive,-0.7,0.0,1.035,23.0,54.0,3.0,2.0,-0.485,0.0,0.0,0.0,114.0,123.14,-9.14,True,-5.5,0.324,0.324,0.141,0.519,1.658,False,0,0.0,6,7,0.04,-0.056,True
2019_13_PHI_MIA,under,2019-22,2019,13,MIA,PHI,Under 45,-10.5,45.0,-4.36,42.705,-2.295,0.694,0.579,37.0,31.0,6.0,68.0,False,False,-1.1,-23.0,-25.295,4.388,-3.479,-26.203,-0.148,1.346,0.137,3.053,-0.184,-0.415,0.175,-3.01,-0.407,0.361,variance,,,pace (-3.0); and outplayed (-26.2),,,,1.0,1.0,-6.257,-0.285,0.0,7.0,0.0,0.0,0.0,0.0,0.0,0.0,0.0,1.0,1.0,0.0,0.0,0.0,0.821,-1.083,0.0,3.0,0.0,0.0,0.0,3.0,0.0,0.0,0.979,1.0,15.0,11.9,82.0,81.8,archive,-3.1,0.0,2.443,59.0,91.0,3.0,0.0,10.605,0.0,0.0,0.0,131.0,123.686,7.314,True,10.5,0.834,0.834,5.306,1.809,10.458,False,0,0.0,7,7,-0.001,-0.02,True
2019_13_NE_HOU,under,2019-22,2019,13,HOU,NE,Under 47,-3.5,47.0,-4.808,44.052,-2.948,0.494,0.601,28.0,22.0,6.0,50.0,False,False,-1.1,-3.0,-5.948,-6.494,-1.724,2.27,-0.148,1.346,0.224,-7.915,-0.184,0.026,0.175,-1.101,-0.305,-0.335,luck,,,garbage time (-7.9),,,,0.0,1.0,0.0,-5.077,7.0,0.0,0.0,0.0,0.0,0.0,0.0,0.0,0.0,0.0,0.0,1.0,0.0,0.0,0.274,-0.755,14.0,19.0,14.0,0.0,0.0,19.0,0.0,0.0,0.967,1.0,,4.0,,60.0,pbp_text,0.0,0.0,-1.246,79.0,60.0,0.0,2.0,1.06,0.0,0.0,0.0,129.0,126.325,2.675,False,-3.5,-0.802,-0.802,0.506,1.56,2.451,True,0,1.0,7,10,-0.08,0.033,True
2019_14_NYG_PHI,under,2019-22,2019,14,PHI,NYG,Under 45.5,9.5,45.5,8.633,41.587,-3.913,0.443,0.63,23.0,17.0,6.0,40.0,True,False,1.0,5.5,1.587,6.52,-8.138,3.205,2.088,1.346,1.131,1.956,-0.184,-0.017,-3.358,-4.449,0.204,-0.335,,luck,,covered anyway; pace (-4.4); overtime (-3.4),,,,1.0,0.0,-3.389,0.0,0.0,0.0,0.0,0.0,0.0,0.0,0.0,0.0,1.0,0.0,0.0,0.0,0.0,0.0,-3.193,0.422,6.0,0.0,6.0,0.0,0.0,0.0,0.0,0.0,1.0,1.0,11.0,10.7,53.0,48.8,archive,-0.3,0.0,1.334,30.0,54.0,2.0,0.0,-1.608,1.0,6.0,0.0,136.0,125.192,10.808,False,9.5,-0.364,1.033,1.9,1.593,-4.743,True,1,0.0,8,8,-0.002,-0.007,True
2019_15_CLE_ARI,under,2019-22,2019,15,ARI,CLE,Under 49,-3.0,49.0,-4.172,45.346,-3.654,0.476,0.622,38.0,24.0,14.0,62.0,False,False,-1.1,-13.0,-16.654,0.504,-0.584,-16.575,0.171,1.346,1.053,-2.066,-0.184,0.026,0.175,-0.424,0.158,-0.335,variance,,,"outplayed, no luck (residual -16.6)",,,,1.0,2.0,-5.807,-11.261,3.0,3.0,0.0,0.0,0.0,0.0,0.0,0.0,0.0,1.0,0.0,0.0,0.0,0.0,0.388,-2.963,10.0,7.0,10.0,0.0,0.0,7.0,0.0,0.0,1.0,1.0,,11.0,,66.0,pbp_text,0.0,0.0,1.296,34.0,55.0,1.0,1.0,-2.039,0.0,0.0,0.0,125.0,123.97,1.03,False,-3.0,-0.042,-0.042,1.13,0.458,-2.129,False,0,1.0,7,7,-0.006,0.008,True
2019_15_MIN_LAC,under,2019-22,2019,15,LAC,MIN,Under 45,-1.0,45.0,1.454,43.129,-1.871,0.573,0.566,10.0,39.0,-29.0,49.0,False,False,-1.1,-4.0,-5.871,-8.123,2.028,0.224,-2.064,-3.325,-0.668,-2.066,-0.184,1.577,0.175,0.637,0.158,-0.335,luck,,,return TD (-3.3),,,,7.0,1.0,-35.074,-4.906,0.0,20.0,0.0,1.0,0.0,0.0,0.0,0.0,0.0,0.0,0.0,1.0,0.0,0.0,0.86,0.912,0.0,17.0,0.0,0.0,17.0,0.0,0.0,0.0,1.0,1.0,14.0,24.9,64.0,57.2,archive,10.9,0.0,-1.218,48.0,41.0,2.0,0.0,0.595,0.0,0.0,0.0,120.0,121.546,-1.546,True,1.0,-0.185,-0.185,2.639,1.217,5.388,False,0,0.0,7,7,0.029,-0.002,True
2019_15_ATL_SF,under,2019-22,2019,15,SF,ATL,Under 50,10.5,50.0,8.928,47.675,-2.325,0.411,0.582,22.0,29.0,-7.0,51.0,False,False,-1.1,-1.0,-3.325,0.129,-0.532,-2.923,0.171,-3.325,-0.867,4.15,-0.184,0.14,0.175,0.914,-0.545,-1.031,variance,,,return TD (-3.3),,,,2.0,1.0,-12.036,-7.032,6.0,7.0,0.0,1.0,0.0,0.0,0.0,0.0,0.0,0.0,1.0,0.0,0.0,0.0,1.331,0.943,0.0,0.0,0.0,0.0,0.0,0.0,0.0,0.0,1.0,1.0,6.0,6.8,55.0,53.6,archive,0.8,0.0,1.704,67.0,98.0,1.0,0.0,2.007,0.0,0.0,0.0,123.0,125.22,-2.22,False,10.5,-0.17,-0.17,1.403,1.829,2.888,False,0,0.0,7,7,0.038,-0.029,True
2019_16_BAL_CLE,under,2019-22,2019,16,CLE,BAL,Under 48.5,-9.5,48.5,-8.167,46.961,-1.539,0.554,0.554,15.0,31.0,-16.0,46.0,True,False,1.0,2.5,0.961,-1.991,-0.607,3.559,0.171,1.346,-0.346,-3.162,-0.184,0.15,0.175,0.338,-0.055,-1.031,,earned,,covered anyway; garbage time (-3.2),,,,1.0,1.0,-2.303,-5.561,6.0,0.0,0.0,0.0,0.0,0.0,0.0,0.0,0.0,0.0,1.0,0.0,0.0,0.0,0.498,0.46,9.0,11.0,0.0,9.0,11.0,0.0,0.0,0.0,0.921,1.0,10.0,10.9,49.0,46.9,archive,0.9,0.0,8.116,62.0,50.0,0.0,1.0,2.601,0.0,0.0,0.0,122.0,122.82,-0.82,True,9.5,-0.023,-0.023,1.356,0.287,0.84,False,1,0.0,7,10,0.008,0.038,True
2020_01_ARI_SF,under,2019-22,2020,1,SF,ARI,Under 48.5,7.0,48.5,8.961,46.28,-2.22,0.527,0.576,20.0,24.0,-4.0,44.0,True,False,1.0,4.5,2.28,9.533,-5.775,-1.478,1.13,1.346,2.908,4.15,-0.184,0.28,0.175,-5.258,-0.453,-0.335,,luck,,covered anyway; pace (-5.3),,,,0.0,1.0,0.0,-5.111,3.0,0.0,0.0,0.0,0.0,0.0,0.0,0.0,0.0,2.0,0.0,0.0,1.0,0.0,-2.206,-5.053,0.0,0.0,0.0,0.0,0.0,0.0,0.0,0.0,1.0,1.0,6.0,7.8,66.0,72.1,archive,1.8,0.0,1.468,53.0,102.0,2.0,0.0,-6.68,0.0,0.0,0.0,136.0,123.225,12.775,True,-7.0,-0.549,-0.549,2.51,0.601,3.416,False,1,0.0,7,7,0.0,0.023,True
2020_01_DAL_LA,under,2019-22,2020,1,LA,DAL,Under 52,1.0,52.0,1.822,46.553,-5.447,0.553,0.672,20.0,17.0,3.0,37.0,True,False,1.0,15.0,9.553,9.245,-3.489,3.797,1.13,1.346,2.621,4.15,-0.184,0.026,0.175,-4.767,0.204,1.057,,earned,,covered anyway; pace (-4.8),,,,1.0,0.0,-4.154,0.0,0.0,3.0,0.0,0.0,0.0,0.0,0.0,0.0,1.0,1.0,0.0,0.0,0.0,0.0,-3.433,-3.099,0.0,0.0,0.0,0.0,0.0,0.0,0.0,0.0,1.0,1.0,,7.0,,72.0,pbp_text,0.0,0.0,2.268,34.0,50.0,1.0,3.0,6.982,0.0,0.0,0.0,140.0,128.418,11.582,True,-1.0,0.881,0.881,-0.059,0.569,2.148,True,0,1.0,7,7,-0.012,0.021,True
2020_02_ATL_DAL,under,2019-22,2020,2,DAL,ATL,Under 53,3.0,53.0,2.166,49.142,-3.858,0.484,0.629,40.0,39.0,1.0,79.0,False,False,-1.1,-26.0,-29.858,-5.538,-9.499,-14.821,-3.342,1.346,-1.11,-2.431,-0.184,0.026,0.175,-10.388,-0.184,1.057,variance,,,"pace (-10.4); 3 turnovers, 17 pts off them (-3.3); and outplayed (-14.8)",,,,3.0,0.0,-16.128,0.0,0.0,17.0,0.0,0.0,0.0,0.0,0.0,0.0,0.0,0.0,0.0,0.0,0.0,0.0,1.178,1.71,6.0,12.0,0.0,6.0,12.0,0.0,0.0,0.0,0.963,0.977,,8.0,,73.0,pbp_text,0.0,0.0,-2.459,75.0,51.0,2.0,2.0,-12.133,0.0,0.0,0.0,154.0,128.762,25.238,False,3.0,-0.783,-0.783,0.051,0.608,0.392,False,0,1.0,7,7,0.02,0.02,True
2020_02_DET_GB,under,2019-22,2020,2,GB,DET,Under 51,7.0,51.0,9.002,49.083,-1.917,0.529,0.57,42.0,21.0,21.0,63.0,False,False,-1.1,-12.0,-13.917,-4.121,0.14,-9.936,2.088,-3.325,-0.087,-2.797,-0.184,-0.24,0.175,0.945,-0.221,-0.335,variance,,,return TD (-3.3); and outplayed (-9.9),,,,0.0,1.0,0.0,-6.685,7.0,0.0,1.0,0.0,0.0,0.0,0.0,0.0,0.0,1.0,0.0,0.0,0.0,0.0,1.554,-1.25,12.0,7.0,12.0,0.0,0.0,7.0,0.0,0.0,1.0,1.0,12.0,10.1,66.0,66.7,archive,-1.9,0.0,-3.476,60.0,70.0,1.0,1.0,6.061,0.0,0.0,0.0,123.0,125.297,-2.297,True,-7.0,1.171,1.171,0.831,0.467,2.993,False,1,0.0,7,7,0.049,0.008,True
2020_02_LA_PHI,under,2019-22,2020,2,PHI,LA,Under 46,2.0,46.0,-0.87,41.121,-4.879,0.447,0.656,19.0,37.0,-18.0,56.0,False,False,-1.1,-10.0,-14.879,-0.54,-2.428,-11.912,-3.342,1.346,-0.134,1.59,-0.184,-0.254,0.175,-2.312,0.482,-0.335,variance,,,"4 turnovers, 17 pts off them (-3.3); and outplayed (-11.9)",,,,3.0,1.0,-14.449,-4.759,7.0,10.0,0.0,0.0,0.0,0.0,0.0,0.0,0.0,0.0,0.0,1.0,0.0,1.0,0.926,-0.503,0.0,7.0,0.0,0.0,7.0,0.0,0.0,0.0,1.0,1.0,12.0,10.0,62.0,63.6,archive,-2.0,0.0,1.917,30.0,24.0,1.0,1.0,-5.351,0.0,0.0,0.0,134.0,128.384,5.616,False,2.0,-1.131,-1.131,1.738,0.347,-2.903,False,0,0.0,7,7,-0.011,-0.032,True
2020_03_LA_BUF,under,2019-22,2020,3,BUF,LA,Under 46.5,1.5,46.5,2.484,43.893,-2.607,0.559,0.588,35.0,32.0,3.0,67.0,False,False,-1.1,-20.5,-23.107,-8.35,0.079,-14.837,-4.619,1.346,1.377,-6.453,-0.184,-0.538,0.175,0.766,0.195,-0.335,knowable,,wk3_4,"garbage time (-6.5); 4 turnovers, 21 pts off them (-4.6); and outplayed (-14.8)",,,,2.0,2.0,-6.936,-3.166,7.0,14.0,0.0,0.0,0.0,0.0,0.0,0.0,0.0,1.0,0.0,0.0,0.0,0.0,0.338,-3.73,15.0,14.0,15.0,0.0,0.0,14.0,0.0,0.0,1.0,1.0,16.0,12.0,79.0,78.4,archive,-4.0,0.0,0.97,55.0,30.0,1.0,1.0,4.792,0.0,0.0,0.0,125.0,126.861,-1.861,True,-1.5,-0.088,-0.088,1.072,1.212,3.905,False,0,0.0,7,7,-0.014,-0.001,True
2020_03_WAS_CLE,under,2019-22,2020,3,CLE,WAS,Under 45,7.5,45.0,5.836,41.31,-3.69,0.404,0.624,34.0,20.0,14.0,54.0,False,False,-1.1,-9.0,-12.69,-1.708,-0.939,-10.042,-5.577,1.346,-0.164,2.687,-0.184,-0.51,0.175,-0.234,0.149,-0.335,knowable,,wk3_4,"5 turnovers, 24 pts off them (-5.6); and outplayed (-10.0)",,,,0.0,5.0,0.0,-18.337,24.0,0.0,0.0,0.0,0.0,0.0,0.0,0.0,0.0,0.0,0.0,1.0,0.0,0.0,1.295,-0.797,4.0,0.0,4.0,0.0,0.0,0.0,0.0,0.0,1.0,1.0,18.0,14.2,73.0,78.3,archive,-3.8,0.0,1.401,50.0,40.0,1.0,1.0,0.66,0.0,0.0,0.0,124.0,123.431,0.569,False,7.5,0.023,0.023,1.686,0.47,-2.708,False,0,0.0,7,10,-0.029,0.014,True
2020_03_SF_NYG,under,2019-22,2020,3,NYG,SF,Under 44,-3.0,44.0,-1.486,40.766,-3.234,0.56,0.611,9.0,36.0,-27.0,45.0,False,False,-1.1,-1.0,-4.234,-0.824,1.74,-5.15,0.171,1.346,-1.373,-0.969,-0.184,0.59,0.175,1.188,0.306,-0.335,knowable,,wk3_4,nothing stands out: ordinary miss (residual -5.1),,,,3.0,0.0,-11.939,0.0,0.0,6.0,0.0,0.0,0.0,0.0,0.0,0.0,0.0,1.0,0.0,0.0,0.0,0.0,4.426,-0.876,0.0,14.0,0.0,0.0,14.0,0.0,0.0,0.0,1.0,0.975,2.0,6.0,75.0,75.6,archive,4.0,0.0,1.569,28.0,45.0,2.0,0.0,-0.421,0.0,0.0,0.0,120.0,122.886,-2.886,True,3.0,1.976,3.405,-1.892,0.861,-0.474,False,0,0.0,7,7,-0.006,-0.008,True
2020_03_CIN_PHI,under,2019-22,2020,3,PHI,CIN,Under 46.5,5.5,46.5,4.335,44.159,-2.341,0.456,0.58,23.0,23.0,0.0,46.0,True,False,1.0,0.5,-1.841,4.554,-13.455,7.06,1.13,1.346,-2.071,4.15,-0.184,-0.242,0.175,-10.923,-0.555,-1.727,,luck,wk3_4,covered anyway; pace (-10.9),,,,2.0,0.0,-7.214,0.0,0.0,3.0,0.0,0.0,0.0,0.0,0.0,0.0,0.0,0.0,0.0,0.0,0.0,0.0,3.493,1.82,0.0,0.0,0.0,0.0,0.0,0.0,0.0,0.0,1.0,1.0,5.0,3.1,76.0,77.5,archive,-1.9,0.0,-0.041,93.0,73.0,0.0,0.0,0.0,1.0,0.0,0.0,155.0,128.463,26.537,False,5.5,-1.027,-1.027,0.138,1.116,-3.896,False,0,0.0,10,7,-0.001,-0.022,True
2020_03_DET_ARI,under,2019-22,2020,3,ARI,DET,Under 55.5,4.5,55.5,4.314,49.402,-6.098,0.482,0.692,23.0,26.0,-3.0,49.0,True,False,1.0,6.5,0.402,3.423,0.901,-3.923,-1.106,1.346,-0.966,4.15,-0.184,0.026,0.175,1.015,0.204,-0.335,,earned,wk3_4,covered anyway (miss +0.4 inside the edge),,,,3.0,0.0,-14.94,0.0,0.0,10.0,0.0,0.0,0.0,0.0,0.0,0.0,0.0,0.0,1.0,0.0,0.0,0.0,1.145,1.379,0.0,0.0,0.0,0.0,0.0,0.0,0.0,0.0,1.0,1.0,,,,,none,0.0,0.0,-0.876,38.0,46.0,1.0,1.0,-0.9,0.0,0.0,0.0,125.0,127.467,-2.467,False,4.5,-0.384,-0.384,-0.198,0.99,-2.6,False,0,1.0,7,7,0.016,0.016,True
2020_03_DAL_SEA,under,2019-22,2020,3,SEA,DAL,Under 58,5.5,58.0,1.774,52.421,-5.579,0.382,0.68,38.0,31.0,7.0,69.0,False,False,-1.1,-11.0,-16.579,-1.692,-8.558,-6.329,-2.384,1.346,-0.05,-0.603,-0.184,-0.073,0.175,-8.995,0.158,0.361,knowable,,wk3_4,pace (-9.0),,,,1.0,3.0,-2.1,-12.076,14.0,0.0,0.0,0.0,0.0,0.0,0.0,0.0,0.0,0.0,0.0,2.0,0.0,1.0,0.27,-0.058,7.0,6.0,7.0,0.0,0.0,6.0,0.0,0.0,1.0,1.0,3.0,2.3,63.0,61.8,archive,-0.7,0.0,5.828,30.0,59.0,1.0,2.0,-1.742,0.0,0.0,0.0,150.0,128.145,21.855,False,5.5,-0.642,-0.642,3.084,0.511,-4.919,False,0,0.0,7,7,0.018,0.048,True
2020_03_KC_BAL,under,2019-22,2020,3,BAL,KC,Under 55,3.5,55.0,2.874,49.429,-5.571,0.465,0.68,20.0,34.0,-14.0,54.0,True,False,1.0,1.0,-4.571,-0.849,0.626,-4.347,1.13,-3.325,0.853,0.494,-0.184,0.561,0.175,-0.501,0.213,0.361,,earned,wk3_4,covered anyway; return TD (-3.3),,,,1.0,1.0,-3.604,-4.88,3.0,0.0,0.0,0.0,1.0,0.0,0.0,0.0,0.0,1.0,0.0,1.0,0.0,0.0,1.132,-3.201,3.0,7.0,0.0,3.0,7.0,0.0,0.0,0.0,1.0,1.0,8.0,11.8,73.0,70.7,archive,3.8,0.0,0.321,45.0,38.0,1.0,2.0,2.138,0.0,0.0,0.0,125.0,123.782,1.218,False,3.5,-0.003,-0.003,0.623,1.359,2.571,True,0,0.0,8,8,0.055,0.006,True
2020_04_DEN_NYJ,under,2019-22,2020,4,NYJ,DEN,Under 41,1.0,41.0,1.347,38.41,-2.59,0.538,0.589,28.0,37.0,-9.0,65.0,False,False,-1.1,-24.0,-26.59,-3.832,-5.743,-17.015,0.171,-3.325,-3.365,2.687,-0.184,0.163,0.175,-4.582,-0.98,-0.335,knowable,,wk3_4,"pace (-4.6); kicks (0 FG missed, 0 blocked) (-3.4); and outplayed (-17.0)",,,,0.0,3.0,0.0,-15.082,13.0,0.0,1.0,0.0,0.0,0.0,0.0,0.0,0.0,0.0,0.0,0.0,0.0,0.0,3.662,4.921,3.0,1.0,0.0,3.0,1.0,0.0,0.0,0.0,0.965,1.0,6.0,7.0,64.0,65.5,archive,1.0,0.0,0.456,118.0,94.0,2.0,0.0,-5.784,0.0,0.0,0.0,133.0,121.868,11.132,True,-1.0,-0.274,-0.274,0.621,0.41,-0.589,True,0,0.0,4,4,-0.061,-0.038,True
2020_04_ARI_CAR,under,2019-22,2020,4,CAR,ARI,Under 52.5,-3.0,52.5,-4.013,46.24,-6.26,0.478,0.7,31.0,21.0,10.0,52.0,True,False,1.0,0.5,-5.76,-4.312,0.079,-1.526,-2.384,1.346,1.351,-4.625,-0.184,-0.262,0.175,1.334,0.047,-1.031,,earned,wk3_4,covered anyway; garbage time (-4.6),,,,1.0,1.0,-3.13,-3.933,7.0,7.0,0.0,0.0,0.0,0.0,0.0,0.0,1.0,0.0,0.0,0.0,0.0,0.0,-3.529,0.203,10.0,14.0,10.0,0.0,0.0,14.0,0.0,0.0,1.0,1.0,8.0,5.9,68.0,67.0,archive,-2.1,0.0,-0.919,72.0,29.0,1.0,0.0,2.874,0.0,0.0,0.0,124.0,127.242,-3.242,False,-3.0,-1.292,-1.292,-0.28,0.372,-0.314,False,0,0.0,7,7,0.013,-0.01,True
2020_04_JAX_CIN,under,2019-22,2020,4,CIN,JAX,Under 50,1.0,50.0,1.168,48.085,-1.915,0.532,0.569,33.0,25.0,8.0,58.0,False,False,-1.1,-8.0,-9.915,-1.385,-2.296,-6.234,1.13,1.346,-0.332,-3.528,-0.184,0.149,0.175,-1.954,-0.147,-0.335,knowable,,wk3_4,garbage time (-3.5),,,,1.0,1.0,-6.379,-4.125,0.0,3.0,0.0,0.0,0.0,0.0,0.0,0.0,0.0,1.0,0.0,0.0,0.0,0.0,2.582,-1.658,9.0,12.0,9.0,0.0,0.0,12.0,0.0,0.0,1.0,1.0,6.0,6.9,64.0,64.6,archive,0.9,0.0,-1.304,73.0,49.0,1.0,1.0,-1.295,0.0,0.0,0.0,132.0,127.253,4.747,True,-1.0,-0.685,-0.685,0.852,0.745,-1.556,False,0,0.0,7,10,-0.003,0.025,True
2020_04_CLE_DAL,under,2019-22,2020,4,DAL,CLE,Under 56.5,3.5,56.5,5.092,49.511,-6.989,0.53,0.719,38.0,49.0,-11.0,87.0,False,False,-1.1,-30.5,-37.489,-13.946,-10.47,-13.074,-2.384,1.346,-0.606,-12.302,-0.184,0.026,0.175,-10.161,0.01,-0.335,knowable,,wk3_4,garbage time (-12.3); pace (-10.2); and outplayed (-13.1),,,,3.0,0.0,-14.905,0.0,0.0,14.0,0.0,0.0,0.0,0.0,0.0,0.0,0.0,0.0,0.0,0.0,0.0,0.0,0.137,1.477,30.0,15.0,0.0,30.0,15.0,0.0,0.0,0.0,1.0,0.97,,14.0,,73.0,pbp_text,0.0,0.0,2.048,65.0,40.0,2.0,0.0,0.903,0.0,0.0,0.0,153.0,128.312,24.688,True,-3.5,0.075,0.075,1.517,0.568,0.26,False,0,1.0,7,7,0.02,0.01,True
2020_04_MIN_HOU,under,2019-22,2020,4,HOU,MIN,Under 52.5,3.5,52.5,1.853,50.733,-1.767,0.434,0.564,23.0,31.0,-8.0,54.0,False,False,-1.1,-1.5,-3.267,2.155,0.184,-5.607,1.13,1.346,0.649,-0.969,-0.184,0.026,0.175,-0.703,0.51,0.361,knowable,,wk3_4,nothing stands out: ordinary miss (residual -5.6),,,,1.0,0.0,-5.363,0.0,0.0,3.0,0.0,0.0,0.0,0.0,0.0,0.0,0.0,1.0,0.0,0.0,0.0,0.0,1.801,-3.356,7.0,7.0,0.0,7.0,7.0,0.0,0.0,0.0,1.0,1.0,,,,72.0,pbp_text,0.0,0.0,1.841,15.0,36.0,2.0,1.0,-0.156,0.0,0.0,0.0,125.0,123.291,1.709,False,3.5,0.063,0.063,1.71,0.673,-2.777,False,0,1.0,7,7,-0.024,0.045,True
2020_04_SEA_MIA,under,2019-22,2020,4,MIA,SEA,Under 55,-4.5,55.0,-0.795,51.434,-3.566,0.638,0.621,23.0,31.0,-8.0,54.0,True,False,1.0,1.0,-2.566,-5.833,-0.826,4.094,-3.342,1.346,-2.137,-1.7,-0.184,0.026,0.175,-0.608,0.796,-1.031,,earned,wk3_4,"covered anyway; 3 turnovers, 17 pts off them (-3.3)",,,,2.0,1.0,-9.413,-5.205,3.0,14.0,0.0,0.0,0.0,0.0,0.0,0.0,0.0,0.0,0.0,0.0,0.0,0.0,2.98,2.501,8.0,8.0,0.0,8.0,8.0,0.0,0.0,0.0,1.0,1.0,13.0,13.0,86.0,86.5,archive,0.0,0.0,-2.186,20.0,0.0,0.0,1.0,3.468,0.0,0.0,0.0,128.0,126.522,1.478,True,4.5,1.174,1.174,2.531,1.936,8.422,False,0,0.0,10,7,0.025,0.049,True
2020_04_BAL_WAS,under,2019-22,2020,4,WAS,BAL,Under 45,-14.5,45.0,-13.394,43.18,-1.82,0.527,0.565,17.0,31.0,-14.0,48.0,False,False,-1.1,-3.0,-4.82,-3.761,1.421,-2.48,-3.342,1.346,0.301,-2.066,-0.184,-0.18,0.175,-0.662,0.519,1.753,luck,,wk3_4,"3 turnovers, 17 pts off them (-3.3)",,,,1.0,2.0,-4.465,-3.756,10.0,7.0,0.0,0.0,0.0,0.0,0.0,0.0,1.0,0.0,0.0,0.0,0.0,0.0,-2.072,1.398,7.0,10.0,0.0,7.0,10.0,0.0,0.0,0.0,1.0,0.906,5.0,3.5,65.0,65.6,archive,-1.5,0.0,2.859,20.0,30.0,3.0,2.0,-3.066,0.0,0.0,0.0,124.0,122.393,1.607,True,14.5,-0.288,-0.288,1.394,0.933,-1.085,False,0,0.0,7,6,-0.031,0.008,True
2020_04_BUF_LV,under,2019-22,2020,4,LV,BUF,Under 53,-3.0,53.0,-3.429,49.493,-3.507,0.497,0.619,23.0,30.0,-7.0,53.0,False,True,0.0,0.0,-3.507,-0.577,-0.803,-2.127,-0.148,1.346,-0.806,-0.969,-0.184,0.026,0.175,-0.812,-0.37,0.361,,,wk3_4,nothing stands out: ordinary miss (residual -2.1),,,,2.0,0.0,-10.434,0.0,0.0,7.0,0.0,0.0,0.0,0.0,0.0,0.0,0.0,0.0,0.0,1.0,0.0,0.0,2.666,-0.546,7.0,7.0,0.0,7.0,7.0,0.0,0.0,0.0,1.0,1.0,,5.0,,91.0,pbp_text,0.0,0.0,2.342,65.0,81.0,2.0,1.0,-3.663,0.0,0.0,0.0,125.0,123.028,1.972,False,-3.0,-0.977,-0.977,-0.548,0.549,0.849,False,0,1.0,7,7,0.006,0.046,True
2020_04_PHI_SF,under,2019-22,2020,4,SF,PHI,Under 45.5,8.5,45.5,9.042,41.087,-4.413,0.47,0.643,20.0,25.0,-5.0,45.0,True,False,1.0,0.5,-3.913,0.102,-1.812,-2.203,-0.148,-3.325,-0.209,3.784,-0.184,-0.427,0.175,-2.098,0.361,0.361,,earned,wk3_4,covered anyway; return TD (-3.3),,,,3.0,1.0,-17.381,-5.276,0.0,14.0,0.0,1.0,0.0,0.0,0.0,0.0,0.0,0.0,0.0,0.0,0.0,0.0,0.135,0.476,0.0,1.0,0.0,0.0,1.0,0.0,0.0,0.0,0.6,1.0,12.0,8.7,84.0,79.3,archive,-3.3,0.0,-3.673,42.0,25.0,1.0,2.0,-6.207,0.0,0.0,0.0,130.0,124.902,5.098,True,-8.5,0.479,0.479,0.063,0.883,2.451,True,0,0.0,7,7,-0.01,-0.024,True
2020_04_NE_KC,under,2019-22,2020,4,KC,NE,Under 52.5,7.0,52.5,11.785,42.837,-9.663,0.617,0.776,26.0,10.0,16.0,36.0,True,False,1.0,16.5,6.837,-0.942,-0.321,8.099,-1.106,-3.325,-0.294,3.784,-0.184,-0.235,0.175,-0.67,0.232,0.361,,earned,wk3_4,covered anyway; return TD (-3.3),,,,1.0,4.0,-4.367,-22.375,14.0,3.0,1.0,0.0,0.0,0.0,0.0,0.0,0.0,0.0,1.0,0.0,0.0,0.0,-0.118,0.946,1.0,0.0,1.0,0.0,0.0,0.0,0.0,0.0,1.0,0.643,14.0,12.1,73.0,69.3,archive,-1.9,0.0,1.275,38.0,43.0,0.0,3.0,-3.664,0.0,0.0,0.0,126.0,124.372,1.628,True,-7.0,0.662,0.662,4.124,0.689,6.204,True,0,0.0,7,8,0.057,-0.037,True
2020_04_ATL_GB,under,2019-22,2020,4,GB,ATL,Under 56.5,5.0,56.5,5.332,52.025,-4.475,0.499,0.644,30.0,16.0,14.0,46.0,True,False,1.0,10.5,6.025,-1.095,3.488,3.632,2.088,1.346,0.097,-4.625,-0.184,0.973,0.175,-0.417,0.491,2.449,,earned,wk3_4,covered anyway; garbage time (-4.6),,,,0.0,0.0,0.0,0.0,0.0,0.0,0.0,0.0,0.0,0.0,0.0,0.0,0.0,0.0,1.0,1.0,0.0,0.0,0.647,-0.807,17.0,7.0,17.0,0.0,0.0,7.0,0.0,0.0,1.0,1.0,9.0,15.9,53.0,56.1,archive,6.9,0.0,-3.453,30.0,23.0,2.0,4.0,-4.389,0.0,0.0,0.0,127.0,125.988,1.012,True,-5.0,-0.203,-0.203,0.535,1.746,4.599,True,0,0.0,8,8,0.06,0.017,True
2020_05_CAR_ATL,under,2019-22,2020,5,ATL,CAR,Under 53.5,2.5,53.5,7.744,50.594,-2.906,0.687,0.599,16.0,23.0,-7.0,39.0,True,False,1.0,14.5,11.594,2.974,1.867,6.754,1.13,1.346,-1.458,1.956,-0.184,0.026,0.175,2.501,0.38,-1.031,,earned,,covered anyway (miss +11.6 inside the edge),,,,1.0,0.0,-5.324,0.0,0.0,3.0,0.0,0.0,0.0,0.0,0.0,0.0,0.0,0.0,0.0,0.0,0.0,0.0,2.519,1.246,3.0,3.0,0.0,3.0,3.0,0.0,0.0,0.0,1.0,1.0,,,,72.0,pbp_text,0.0,0.0,0.109,40.0,25.0,1.0,0.0,1.579,0.0,0.0,0.0,123.0,129.076,-6.076,True,-2.5,1.425,1.425,3.819,1.146,2.446,False,1,1.0,6,7,0.019,-0.002,True
2020_05_JAX_HOU,under,2019-22,2020,5,HOU,JAX,Under 55,6.5,55.0,5.775,50.701,-4.299,0.459,0.641,30.0,14.0,16.0,44.0,True,False,1.0,11.0,6.701,-0.624,-1.63,8.955,-2.384,1.346,1.382,-0.969,-0.184,0.026,0.175,-3.13,0.426,1.057,,earned,,covered anyway; pace (-3.1),,,,2.0,2.0,-9.418,-8.833,14.0,0.0,0.0,0.0,0.0,0.0,0.0,0.0,0.0,2.0,0.0,0.0,0.0,0.0,2.004,-5.41,8.0,6.0,8.0,0.0,0.0,6.0,0.0,0.0,1.0,0.8,,6.0,,86.0,pbp_text,0.0,0.0,-2.491,25.0,35.0,1.0,3.0,8.659,0.0,0.0,0.0,131.0,123.395,7.605,False,6.5,0.388,0.388,1.112,0.51,0.405,False,1,1.0,7,7,0.034,0.047,True
2020_05_LV_KC,under,2019-22,2020,5,KC,LV,Under 54.5,11.0,54.5,14.222,49.968,-4.532,0.572,0.646,32.0,40.0,-8.0,72.0,False,False,-1.1,-17.5,-22.032,-2.785,-3.487,-15.76,-2.384,1.346,-0.413,-1.334,-0.184,-0.663,0.175,-3.438,-0.434,1.057,variance,,,pace (-3.4); and outplayed (-15.8),,,,1.0,1.0,-4.912,-5.6,7.0,7.0,0.0,0.0,0.0,0.0,0.0,0.0,0.0,0.0,0.0,1.0,0.0,0.0,0.39,0.738,8.0,7.0,0.0,8.0,7.0,0.0,0.0,0.0,1.0,1.0,16.0,11.1,80.0,78.1,archive,-4.9,0.0,-3.353,94.0,59.0,2.0,2.0,-2.851,0.0,0.0,0.0,132.0,123.648,8.352,True,-11.0,0.384,0.384,2.838,0.494,2.804,False,1,0.0,6,7,0.042,0.046,True
2020_05_ARI_NYJ,under,2019-22,2020,5,NYJ,ARI,Under 48.5,-7.0,48.5,-3.858,41.881,-6.619,0.636,0.71,10.0,30.0,-20.0,40.0,True,False,1.0,8.5,1.881,1.431,-1.47,1.92,1.13,1.346,-0.441,-0.603,-0.184,-0.002,0.175,-1.977,0.158,0.361,,earned,,covered anyway (miss +1.9 inside the edge),,,,0.0,1.0,0.0,-5.536,3.0,0.0,0.0,0.0,0.0,0.0,0.0,0.0,0.0,0.0,0.0,0.0,0.0,0.0,0.157,1.042,0.0,13.0,0.0,0.0,13.0,0.0,0.0,0.0,0.975,1.0,8.0,7.8,64.0,65.4,archive,-0.2,0.0,2.981,30.0,59.0,2.0,1.0,-10.467,0.0,0.0,0.0,129.0,124.196,4.804,True,7.0,-0.501,-1.797,4.939,1.04,5.546,False,0,0.0,10,7,-0.065,0.021,True
2020_05_MIA_SF,under,2019-22,2020,5,SF,MIA,Under 50.5,8.5,50.5,8.288,48.304,-2.196,0.447,0.575,17.0,43.0,-26.0,60.0,False,False,-1.1,-9.5,-11.696,-8.742,5.064,-8.018,0.171,1.346,-1.613,-8.646,2.327,0.602,0.175,1.254,-0.351,1.057,variance,,,garbage time (-8.6); and outplayed (-8.0),,,,3.0,0.0,-10.51,0.0,0.0,6.0,0.0,0.0,0.0,0.0,0.0,0.0,0.0,0.0,0.0,0.0,0.0,0.0,0.613,3.545,10.0,25.0,0.0,10.0,25.0,0.0,0.0,0.0,0.5,1.0,6.0,10.1,73.0,78.3,archive,4.1,0.0,2.359,75.0,69.0,2.0,2.0,-9.6,0.0,0.0,0.0,120.0,123.047,-3.047,False,8.5,-1.192,-1.192,-0.98,0.534,-1.444,False,0,0.0,7,7,0.027,-0.02,True
2020_05_IND_CLE,under,2019-22,2020,5,CLE,IND,Under 48.5,1.0,48.5,-4.025,45.395,-3.105,0.373,0.606,32.0,23.0,9.0,55.0,False,False,-1.1,-6.5,-9.605,-7.11,0.071,-2.565,0.171,-7.996,-0.876,1.59,-0.184,0.124,0.175,-0.284,0.574,-0.335,luck,,,return TD (-8.0),,,,2.0,2.0,-8.512,-11.907,7.0,6.0,1.0,0.0,0.0,1.0,0.0,0.0,0.0,0.0,0.0,0.0,0.0,0.0,1.44,0.857,4.0,3.0,4.0,0.0,0.0,3.0,0.0,0.0,0.952,1.0,16.0,16.7,64.0,61.0,archive,0.7,0.0,2.451,10.0,34.0,1.0,1.0,-1.802,0.0,0.0,0.0,123.0,122.31,0.69,False,1.0,0.46,0.46,5.485,2.228,-10.412,False,0,0.0,7,7,-0.034,0.022,True
2020_05_NYG_DAL,under,2019-22,2020,5,DAL,NYG,Under 52,7.5,52.0,9.169,48.95,-3.05,0.506,0.605,37.0,34.0,3.0,71.0,False,False,-1.1,-19.0,-22.05,-6.814,-0.054,-15.182,-0.467,-7.996,-2.501,4.15,-0.184,0.026,0.175,1.656,0.001,-1.727,variance,,,return TD (-8.0); and outplayed (-15.2),,,,2.0,1.0,-14.906,-8.766,7.0,15.0,1.0,1.0,0.0,0.0,0.0,0.0,0.0,0.0,0.0,0.0,0.0,0.0,1.154,5.245,0.0,0.0,0.0,0.0,0.0,0.0,0.0,0.0,0.632,1.0,,11.0,,95.0,pbp_text,0.0,0.0,1.308,25.0,81.0,0.0,0.0,0.0,0.0,0.0,0.0,126.0,130.023,-4.023,True,-7.5,1.077,1.077,0.593,1.439,-1.766,False,1,1.0,7,7,0.034,-0.023,True
2020_05_MIN_SEA,under,2019-22,2020,5,SEA,MIN,Under 54,6.5,54.0,3.226,45.836,-8.164,0.384,0.74,27.0,26.0,1.0,53.0,True,False,1.0,1.0,-7.164,1.975,-1.677,-7.462,-2.384,1.346,-1.136,4.15,-0.184,1.432,0.175,-5.094,0.241,1.753,,luck,,covered anyway; pace (-5.1),,,,1.0,2.0,-3.763,-8.853,14.0,0.0,0.0,0.0,0.0,0.0,0.0,0.0,0.0,0.0,0.0,0.0,0.0,0.0,0.203,2.751,0.0,0.0,0.0,0.0,0.0,0.0,0.0,0.0,1.0,1.0,10.0,20.0,54.0,55.5,archive,10.0,0.0,2.171,25.0,55.0,2.0,3.0,6.005,0.0,0.0,0.0,137.0,124.623,12.377,False,6.5,-0.736,-0.736,2.538,0.317,-2.843,True,0,0.0,7,7,-0.019,0.049,True
2020_05_BUF_TEN,under,2019-22,2020,5,TEN,BUF,Under 52,-3.0,52.0,2.634,48.684,-3.316,0.683,0.613,42.0,16.0,26.0,58.0,False,False,-1.1,-6.0,-9.316,-7.265,-3.443,1.392,-2.384,1.346,-0.505,-5.721,-0.184,0.124,0.175,-2.565,0.038,-1.031,luck,,,garbage time (-5.7),,,,0.0,3.0,0.0,-19.136,14.0,0.0,0.0,0.0,0.0,0.0,0.0,0.0,0.0,0.0,0.0,0.0,0.0,0.0,0.405,0.955,21.0,6.0,21.0,0.0,0.0,6.0,0.0,0.0,1.0,0.902,3.0,3.7,73.0,62.8,archive,0.7,0.0,4.429,46.0,56.0,1.0,0.0,1.911,0.0,0.0,0.0,131.0,124.768,6.232,True,3.0,0.349,0.349,5.285,0.631,7.01,False,0,0.0,16,9,0.033,0.008,True
2020_06_CHI_CAR,under,2019-22,2020,6,CAR,CHI,Under 45,2.0,45.0,-3.529,43.589,-1.411,0.367,0.55,16.0,23.0,-7.0,39.0,True,False,1.0,6.0,4.589,3.526,0.396,0.667,-0.148,1.346,-0.359,2.687,-0.184,-0.316,0.175,1.564,-0.508,-0.335,,earned,,covered anyway (miss +4.6 inside the edge),,,,3.0,1.0,-13.028,-4.8,0.0,7.0,0.0,0.0,0.0,0.0,0.0,0.0,1.0,0.0,0.0,0.0,0.0,0.0,-1.003,1.995,3.0,1.0,0.0,3.0,1.0,0.0,0.0,0.0,1.0,1.0,6.0,3.5,63.0,62.1,archive,-2.5,0.0,7.497,69.0,92.0,2.0,0.0,-0.362,0.0,0.0,0.0,122.0,125.8,-3.8,False,2.0,-1.942,-1.942,3.587,0.741,-7.07,False,0,0.0,10,7,-0.048,0.006,True
2020_06_DET_JAX,under,2019-22,2020,6,JAX,DET,Under 52.5,-3.0,52.5,-0.239,48.699,-3.801,0.597,0.626,16.0,34.0,-18.0,50.0,True,False,1.0,2.5,-1.301,-1.428,0.524,-0.397,2.088,1.346,1.957,-6.818,-0.184,0.874,0.175,-1.306,-0.092,1.057,,earned,,covered anyway; garbage time (-6.8),,,,2.0,1.0,-5.817,-4.409,0.0,0.0,0.0,0.0,0.0,0.0,0.0,0.0,1.0,1.0,0.0,0.0,0.0,0.0,-3.502,-1.354,13.0,17.0,0.0,13.0,17.0,0.0,0.0,0.0,1.0,1.0,10.0,16.2,78.0,78.2,archive,6.2,0.0,-2.097,56.0,60.0,2.0,2.0,-9.234,0.0,0.0,0.0,128.0,124.827,3.173,True,3.0,0.214,0.214,2.548,1.045,0.288,False,0,0.0,7,14,0.033,0.018,True
2020_06_ATL_MIN,under,2019-22,2020,6,MIN,ATL,Under 53,3.5,53.0,-0.031,49.817,-3.183,0.38,0.608,23.0,40.0,-17.0,63.0,False,False,-1.1,-10.0,-13.183,-16.107,0.999,1.925,-3.342,1.346,-1.443,-12.668,-0.184,0.026,0.175,-1.244,0.473,1.753,luck,,,"garbage time (-12.7); 4 turnovers, 17 pts off them (-3.3)",,,,3.0,1.0,-14.957,-4.447,0.0,17.0,0.0,0.0,0.0,0.0,0.0,0.0,0.0,0.0,0.0,0.0,0.0,0.0,0.051,3.677,23.0,23.0,0.0,23.0,23.0,0.0,0.0,0.0,1.0,1.0,,11.0,,32.0,pbp_text,0.0,0.0,1.528,30.0,25.0,2.0,3.0,-16.206,0.0,0.0,0.0,130.0,126.978,3.022,False,3.5,-1.469,-1.469,2.062,1.868,-7.986,False,0,1.0,7,7,0.027,-0.015,True
2020_06_DEN_NE,under,2019-22,2020,6,NE,DEN,Under 43.5,7.0,43.5,7.939,40.666,-2.834,0.496,0.598,12.0,18.0,-6.0,30.0,True,False,1.0,13.5,10.666,-2.35,3.411,9.605,-0.787,1.346,-2.671,-0.238,-0.184,-0.043,0.175,3.038,0.759,-0.335,,earned,,covered anyway (miss +10.7 inside the edge),,,,3.0,2.0,-14.741,-6.406,3.0,6.0,0.0,0.0,0.0,0.0,0.0,0.0,0.0,0.0,0.0,0.0,0.0,0.0,1.105,5.725,9.0,3.0,0.0,9.0,3.0,0.0,0.0,0.0,0.951,1.0,7.0,6.5,58.0,59.4,archive,-0.5,0.0,-0.932,4.0,20.0,2.0,0.0,-0.283,0.0,0.0,0.0,116.0,123.38,-7.38,True,-7.0,0.608,0.608,0.33,0.886,-0.813,False,0,0.0,13,17,-0.048,-0.045,True
2020_06_CLE_PIT,under,2019-22,2020,6,PIT,CLE,Under 50,3.0,50.0,8.237,47.667,-2.333,0.674,0.579,38.0,7.0,31.0,45.0,True,False,1.0,5.0,2.667,-9.839,6.825,5.681,-0.148,-3.325,-0.279,-6.087,-0.184,0.245,0.175,4.78,0.056,1.753,,earned,,covered anyway; garbage time (-6.1); return TD (-3.3),,,,0.0,2.0,0.0,-9.957,14.0,0.0,1.0,0.0,0.0,0.0,0.0,0.0,0.0,0.0,0.0,0.0,0.0,0.0,0.721,0.068,21.0,7.0,21.0,0.0,0.0,7.0,0.0,0.0,0.963,0.697,9.0,10.6,61.0,61.3,archive,1.6,0.0,-0.034,45.0,55.0,2.0,3.0,13.556,0.0,0.0,0.0,112.0,123.612,-11.612,True,-3.0,0.823,0.823,4.413,1.082,7.722,False,1,0.0,7,7,-0.06,0.022,True
2020_06_HOU_TEN,under,2019-22,2020,6,TEN,HOU,Under 52,4.0,52.0,5.315,50.298,-1.702,0.525,0.561,42.0,36.0,6.0,78.0,False,False,-1.1,-26.0,-27.702,4.352,-9.322,-22.732,-1.745,1.346,2.796,1.956,-0.184,-0.658,-3.358,-5.364,-0.12,0.361,variance,,,pace (-5.4); overtime (-3.4); and outplayed (-22.7),,,,2.0,0.0,-8.475,0.0,0.0,12.0,0.0,0.0,0.0,0.0,0.0,0.0,2.0,0.0,0.0,1.0,1.0,0.0,-6.611,-0.363,6.0,0.0,6.0,0.0,0.0,0.0,0.0,0.0,1.0,0.977,10.0,5.0,61.0,63.9,archive,-5.0,0.0,-1.681,73.0,46.0,0.0,3.0,-6.789,1.0,6.0,0.0,138.0,124.968,13.032,True,-4.0,-0.025,-0.025,1.341,0.273,1.528,False,1,0.0,5,7,0.039,0.045,True
2020_06_GB_TB,under,2019-22,2020,6,TB,GB,Under 55,-3.0,55.0,1.075,49.037,-5.963,0.637,0.688,38.0,10.0,28.0,48.0,True,False,1.0,7.0,1.037,-6.598,-0.163,7.798,-0.148,-3.325,-1.059,-2.066,-0.184,0.614,0.175,0.68,0.278,-1.727,,earned,,covered anyway; return TD (-3.3),,,,0.0,2.0,0.0,-12.664,14.0,0.0,1.0,0.0,0.0,0.0,0.0,0.0,0.0,0.0,0.0,0.0,0.0,0.0,2.184,0.576,17.0,0.0,17.0,0.0,0.0,0.0,0.0,0.0,0.931,0.976,12.0,16.3,88.0,81.0,archive,4.3,0.0,6.688,0.0,76.0,0.0,0.0,0.0,0.0,0.0,0.0,122.0,123.653,-1.653,True,3.0,-0.073,-0.073,4.148,0.741,5.794,False,0,0.0,10,13,-0.048,0.057,True
2020_06_LA_SF,under,2019-22,2020,6,SF,LA,Under 51,-2.0,51.0,0.405,44.451,-6.549,0.564,0.707,24.0,16.0,8.0,40.0,True,False,1.0,11.0,4.451,0.815,-1.195,4.831,2.088,1.346,-0.552,-2.066,-0.184,-0.029,0.175,-0.906,0.084,-0.335,,earned,,covered anyway (miss +4.5 inside the edge),,,,0.0,1.0,0.0,-4.661,0.0,0.0,0.0,0.0,0.0,0.0,0.0,0.0,0.0,0.0,0.0,1.0,0.0,1.0,1.642,-0.162,3.0,14.0,3.0,0.0,0.0,14.0,0.0,0.0,1.0,1.0,10.0,9.6,86.0,82.2,archive,-0.4,0.0,0.423,63.0,34.0,1.0,1.0,11.211,0.0,0.0,0.0,125.0,122.798,2.202,True,2.0,-0.836,-0.836,3.24,0.795,0.5,True,1,0.0,7,7,-0.021,-0.014,True
2020_06_KC_BUF,under,2019-22,2020,6,BUF,KC,Under 55,-5.5,55.0,-5.366,48.041,-6.959,0.518,0.718,17.0,26.0,-9.0,43.0,True,False,1.0,12.0,5.041,2.283,0.564,2.193,2.088,1.346,0.184,-1.334,-0.184,-0.179,0.175,1.792,-0.009,-1.031,,earned,,covered anyway (miss +5.0 inside the edge),,,,1.0,1.0,-2.037,-0.654,0.0,0.0,0.0,0.0,0.0,0.0,0.0,0.0,1.0,0.0,0.0,1.0,0.0,0.0,-0.144,-0.236,6.0,9.0,0.0,6.0,9.0,0.0,0.0,0.0,1.0,1.0,6.0,4.5,51.0,53.2,archive,-1.5,0.0,4.525,39.0,68.0,0.0,1.0,-3.546,0.0,0.0,0.0,121.0,125.354,-4.354,True,5.5,0.706,0.706,-0.573,0.499,1.089,True,0,0.0,6,8,0.015,0.053,True
2020_06_ARI_DAL,under,2019-22,2020,6,DAL,ARI,Under 55.5,1.0,55.5,1.215,50.28,-5.22,0.533,0.667,10.0,38.0,-28.0,48.0,True,False,1.0,7.5,2.28,-9.029,-3.667,14.975,-5.577,1.346,0.924,-5.721,-0.184,0.026,0.175,-4.991,0.25,1.057,,earned,,"covered anyway; garbage time (-5.7); 4 turnovers, 24 pts off them (-5.6)",,,,4.0,0.0,-17.997,0.0,0.0,24.0,0.0,0.0,0.0,0.0,0.0,0.0,1.0,0.0,0.0,0.0,0.0,0.0,-2.694,0.445,10.0,17.0,0.0,10.0,17.0,0.0,0.0,0.0,1.0,1.0,,5.0,,64.0,pbp_text,0.0,0.0,0.904,36.0,43.0,3.0,1.0,8.015,0.0,0.0,0.0,143.0,130.874,12.126,True,-1.0,0.422,0.422,-0.207,0.576,1.459,True,0,1.0,8,8,0.031,0.025,True
2020_07_CLE_CIN,under,2019-22,2020,7,CIN,CLE,Under 50,-4.5,50.0,-0.385,47.263,-2.737,0.646,0.596,34.0,37.0,-3.0,71.0,False,False,-1.1,-21.0,-23.737,4.019,1.584,-29.339,-1.106,1.346,-0.37,4.15,-0.184,-0.057,0.175,2.485,0.195,-1.031,variance,,,"outplayed, no luck (residual -29.3)",,,,2.0,1.0,-12.456,-4.443,7.0,3.0,0.0,0.0,0.0,0.0,0.0,0.0,0.0,0.0,0.0,1.0,0.0,0.0,0.796,0.223,0.0,0.0,0.0,0.0,0.0,0.0,0.0,0.0,0.983,0.9,8.0,7.4,48.0,48.8,archive,-0.6,0.0,-2.963,45.0,40.0,1.0,0.0,3.804,0.0,0.0,0.0,122.0,128.039,-6.039,True,4.5,0.002,0.002,4.113,0.641,2.911,False,1,0.0,7,7,0.0,0.006,True
2020_07_BUF_NYJ,under,2019-22,2020,7,NYJ,BUF,Under 47,-9.5,47.0,-5.824,43.44,-3.56,0.629,0.621,10.0,18.0,-8.0,28.0,True,False,1.0,19.0,15.44,4.303,-0.739,11.876,-1.106,1.346,1.01,3.053,-0.184,-0.194,0.175,0.948,-0.453,-1.031,,earned,,covered anyway (miss +15.4 inside the edge),,,,2.0,1.0,-5.899,-4.233,7.0,3.0,0.0,0.0,0.0,0.0,0.0,0.0,0.0,2.0,0.0,0.0,0.0,0.0,0.221,-2.688,0.0,3.0,0.0,0.0,3.0,0.0,0.0,0.0,1.0,1.0,8.0,6.4,52.0,51.0,archive,-1.6,0.0,4.974,49.0,106.0,1.0,0.0,-3.723,0.0,0.0,0.0,121.0,123.302,-2.302,True,9.5,0.893,0.893,2.783,1.576,-0.116,False,1,0.0,7,6,-0.071,0.023,True
2020_07_PIT_TEN,under,2019-22,2020,7,TEN,PIT,Under 51,1.0,51.0,0.22,49.176,-1.824,0.502,0.564,24.0,27.0,-3.0,51.0,False,True,0.0,0.0,-1.824,1.61,-3.725,0.291,1.13,1.346,-0.262,-0.603,-0.184,-0.112,0.175,-2.241,-0.332,-1.031,,,,nothing stands out: ordinary miss (residual +0.3),,,,0.0,3.0,0.0,-10.72,3.0,0.0,0.0,0.0,0.0,0.0,0.0,0.0,1.0,0.0,0.0,0.0,0.0,0.0,-0.108,0.853,10.0,3.0,0.0,10.0,3.0,0.0,0.0,0.0,0.971,1.0,3.0,2.0,55.0,60.8,archive,-1.0,0.0,3.038,73.0,69.0,1.0,0.0,-1.876,0.0,0.0,0.0,129.0,123.554,5.446,False,1.0,0.247,0.247,1.027,1.216,2.06,False,0,0.0,7,7,-0.071,0.059,True
2020_07_SEA_ARI,under,2019-22,2020,7,ARI,SEA,Under 55.5,-3.5,55.5,1.656,52.456,-3.044,0.676,0.605,37.0,34.0,3.0,71.0,False,False,-1.1,-15.5,-18.544,1.632,-14.33,-5.846,-1.106,1.346,-0.198,1.59,-0.184,0.026,-1.591,-12.832,-0.11,0.361,variance,,,pace (-12.8),,,,2.0,3.0,-9.438,-19.038,3.0,7.0,0.0,0.0,0.0,0.0,0.0,0.0,1.0,0.0,0.0,0.0,0.0,0.0,-1.191,1.776,6.0,1.0,0.0,6.0,1.0,0.0,0.0,0.0,1.0,1.0,,16.0,,84.0,pbp_text,0.0,0.0,5.551,40.0,78.0,2.0,1.0,-5.12,1.0,3.0,0.0,159.0,127.825,31.175,True,3.5,0.731,0.731,4.426,0.296,5.715,True,1,1.0,6,14,0.027,0.049,True
2020_07_CHI_LA,under,2019-22,2020,7,LA,CHI,Under 44,6.5,44.0,5.28,41.918,-2.082,0.444,0.573,24.0,10.0,14.0,34.0,True,False,1.0,10.0,7.918,-1.505,0.556,8.867,-0.148,-3.325,1.109,0.859,-0.184,0.026,0.175,-0.649,0.13,1.057,,earned,,covered anyway; return TD (-3.3),,,,1.0,2.0,-6.946,-10.364,7.0,7.0,0.0,1.0,0.0,0.0,0.0,0.0,1.0,0.0,0.0,0.0,1.0,0.0,-3.685,0.969,8.0,1.0,8.0,0.0,0.0,1.0,0.0,0.0,1.0,1.0,,6.0,,71.0,pbp_text,0.0,0.0,2.554,46.0,46.0,0.0,4.0,7.006,0.0,0.0,0.0,127.0,125.424,1.576,False,6.5,0.056,0.056,1.276,0.434,-0.401,True,0,1.0,8,8,-0.056,-0.009,True
2020_08_ATL_CAR,under,2019-22,2020,8,CAR,ATL,Under 52,1.5,52.0,-4.35,50.069,-1.931,0.355,0.568,17.0,25.0,-8.0,42.0,True,False,1.0,10.0,8.069,5.082,4.454,-1.468,-0.148,1.346,-0.265,4.15,-0.184,0.393,0.175,3.588,0.121,0.361,,earned,,covered anyway (miss +8.1 inside the edge),,,,1.0,1.0,-2.789,-3.769,7.0,0.0,0.0,0.0,0.0,0.0,0.0,0.0,0.0,0.0,0.0,1.0,0.0,0.0,0.773,-0.019,0.0,0.0,0.0,0.0,0.0,0.0,0.0,0.0,0.886,1.0,8.0,10.7,76.0,74.3,archive,2.7,0.0,0.944,30.0,63.0,3.0,0.0,-2.246,0.0,0.0,0.0,118.0,126.717,-8.717,False,1.5,-1.672,-1.672,4.177,0.386,-5.052,True,1,0.0,4,4,0.029,0.013,True
2020_08_PIT_BAL,under,2019-22,2020,8,BAL,PIT,Under 44,4.0,44.0,2.512,40.278,-3.722,0.439,0.626,24.0,28.0,-4.0,52.0,False,False,-1.1,-8.0,-11.722,0.089,-2.563,-9.248,-0.148,-3.325,-0.587,4.15,-0.184,0.666,0.175,-2.571,-0.314,-0.335,variance,,,return TD (-3.3); and outplayed (-9.2),,,,4.0,1.0,-20.433,-4.47,0.0,14.0,0.0,1.0,0.0,0.0,0.0,0.0,0.0,0.0,0.0,0.0,0.0,0.0,1.297,0.27,0.0,0.0,0.0,0.0,0.0,0.0,0.0,0.0,1.0,1.0,7.0,11.7,52.0,52.2,archive,4.7,0.0,-6.439,110.0,30.0,2.0,0.0,-0.848,0.0,0.0,0.0,128.0,121.754,6.246,False,4.0,-0.46,-0.46,1.028,0.434,-2.497,False,1,0.0,7,14,-0.066,-0.016,True
2020_08_NE_BUF,under,2019-22,2020,8,BUF,NE,Under 41,4.0,41.0,7.267,39.164,-1.836,0.583,0.567,24.0,21.0,3.0,45.0,False,False,-1.1,-4.0,-5.836,6.096,1.59,-13.522,1.13,1.346,-0.529,4.15,-0.184,-0.097,0.175,3.042,0.38,-1.727,variance,,,"outplayed, no luck (residual -13.5)",,,,1.0,1.0,-3.697,-3.705,0.0,3.0,0.0,0.0,0.0,0.0,0.0,0.0,0.0,0.0,0.0,0.0,0.0,0.0,0.319,1.1,0.0,0.0,0.0,0.0,0.0,0.0,0.0,0.0,1.0,1.0,17.0,16.1,41.0,44.0,archive,-0.9,0.0,-0.521,30.0,35.0,0.0,0.0,0.0,0.0,0.0,0.0,115.0,122.392,-7.392,True,-4.0,1.806,1.806,1.46,2.308,8.889,False,1,0.0,7,7,0.017,-0.054,True
2020_08_TEN_CIN,under,2019-22,2020,8,CIN,TEN,Under 49.5,-7.5,49.5,-7.948,47.721,-1.779,0.531,0.565,31.0,20.0,11.0,51.0,False,False,-1.1,-1.5,-3.279,-1.21,-1.618,-0.451,2.088,1.346,1.078,-5.721,-0.184,-0.818,0.175,-0.392,-0.064,-0.335,in-game events,,,garbage time (-5.7),,,,0.0,1.0,0.0,-6.277,0.0,0.0,0.0,0.0,0.0,0.0,0.0,0.0,0.0,1.0,0.0,0.0,0.0,0.0,0.545,-3.183,14.0,13.0,14.0,0.0,0.0,13.0,0.0,0.0,1.0,0.971,24.0,17.8,48.0,49.6,archive,-6.2,0.0,2.123,45.0,68.0,1.0,1.0,3.561,0.0,0.0,0.0,130.0,129.048,0.952,False,-7.5,-0.934,-0.934,-0.486,1.668,-4.313,False,0,0.0,7,7,0.06,0.021,True
2020_08_LV_CLE,under,2019-22,2020,8,CLE,LV,Under 48,1.0,48.0,-0.488,44.774,-3.226,0.481,0.612,6.0,16.0,-10.0,22.0,True,False,1.0,26.0,22.774,8.752,3.642,10.38,2.088,1.346,2.266,3.053,-0.184,-0.696,0.175,3.085,0.204,1.057,,earned,,covered anyway (miss +22.8 inside the edge),,,,1.0,0.0,-4.138,0.0,0.0,0.0,0.0,0.0,0.0,0.0,0.0,0.0,1.0,1.0,0.0,0.0,0.0,0.0,-1.996,-3.642,0.0,3.0,0.0,0.0,3.0,0.0,0.0,0.0,1.0,1.0,35.0,29.7,49.0,46.0,archive,-5.3,0.0,-0.733,59.0,25.0,2.0,2.0,0.099,0.0,0.0,0.0,116.0,123.494,-7.494,False,1.0,-1.251,-1.251,0.237,0.964,-3.707,False,0,0.0,7,7,0.058,0.027,True
2020_08_NYJ_KC,under,2019-22,2020,8,KC,NYJ,Under 49,20.0,49.0,19.644,44.879,-4.121,0.525,0.635,35.0,9.0,26.0,44.0,True,False,1.0,5.0,0.879,1.533,2.53,-3.183,2.088,1.346,-0.932,-0.969,-0.184,-0.056,0.175,0.656,0.186,1.753,,earned,,covered anyway (miss +0.9 inside the edge),,,,0.0,1.0,0.0,-4.833,0.0,0.0,0.0,0.0,0.0,0.0,0.0,0.0,0.0,1.0,0.0,0.0,0.0,1.0,0.338,2.1,14.0,0.0,14.0,0.0,0.0,0.0,0.0,0.0,0.875,1.0,11.0,10.4,52.0,45.6,archive,-0.6,0.0,-3.04,61.0,25.0,3.0,2.0,-5.973,0.0,0.0,0.0,122.0,123.593,-1.593,False,20.0,0.443,0.443,0.799,0.88,1.71,False,0,0.0,7,7,-0.074,0.046,True
2020_08_LA_MIA,under,2019-22,2020,8,MIA,LA,Under 46.5,-3.5,46.5,-5.887,43.05,-3.45,0.455,0.618,28.0,17.0,11.0,45.0,True,False,1.0,1.5,-1.95,-14.671,-6.307,19.028,-4.619,-7.996,1.106,-3.162,-0.184,-0.451,0.175,-5.104,0.287,-1.031,,earned,,covered anyway; return TD (-8.0); pace (-5.1),,,,2.0,4.0,-10.945,-27.914,21.0,7.0,1.0,0.0,1.0,0.0,0.0,0.0,0.0,1.0,0.0,0.0,0.0,0.0,0.27,-2.979,7.0,13.0,7.0,0.0,0.0,13.0,0.0,0.0,1.0,1.0,10.0,6.5,86.0,83.8,archive,-3.5,0.0,-0.237,30.0,45.0,0.0,1.0,2.203,0.0,0.0,0.0,138.0,125.6,12.4,False,-3.5,-0.448,-0.448,1.94,0.379,-1.55,False,0,0.0,6,14,-0.027,0.007,True
2020_08_LAC_DEN,under,2019-22,2020,8,DEN,LAC,Under 44.5,-3.0,44.5,-2.378,40.64,-3.86,0.53,0.629,31.0,30.0,1.0,61.0,False,False,-1.1,-16.5,-20.36,-1.296,-7.947,-11.117,-1.106,1.346,-1.664,0.128,-0.184,0.176,0.175,-6.796,-0.286,-1.031,variance,,,pace (-6.8); and outplayed (-11.1),,,,1.0,2.0,-4.372,-9.053,10.0,0.0,0.0,0.0,0.0,0.0,0.0,0.0,0.0,0.0,0.0,0.0,0.0,0.0,0.586,3.699,7.0,4.0,0.0,7.0,4.0,0.0,0.0,0.0,1.0,0.98,10.0,11.1,64.0,62.8,archive,1.1,0.0,-0.855,70.0,67.0,0.0,1.0,3.745,0.0,0.0,0.0,141.0,124.489,16.511,True,3.0,0.525,0.525,0.096,0.554,1.854,False,1,0.0,7,7,-0.064,-0.007,True
2020_08_NO_CHI,under,2019-22,2020,8,CHI,NO,Under 41,-5.5,41.0,-1.419,39.422,-1.578,0.636,0.558,23.0,26.0,-3.0,49.0,False,False,-1.1,-8.0,-9.578,5.441,-5.053,-9.967,1.13,1.346,-0.086,3.053,-0.184,0.734,-1.591,-6.535,0.075,2.449,variance,,,pace (-6.5); and outplayed (-10.0),,,,1.0,0.0,-3.264,0.0,0.0,3.0,0.0,0.0,0.0,0.0,0.0,0.0,0.0,1.0,0.0,0.0,0.0,0.0,2.548,-2.245,0.0,3.0,0.0,0.0,3.0,0.0,0.0,0.0,1.0,1.0,20.0,25.2,40.0,38.6,archive,5.2,0.0,1.681,53.0,45.0,3.0,3.0,0.197,1.0,0.0,3.0,140.0,124.122,15.878,True,5.5,2.593,2.593,1.489,0.321,4.63,False,0,0.0,6,7,-0.073,0.024,True
2020_08_SF_SEA,under,2019-22,2020,8,SEA,SF,Under 54.5,1.0,54.5,-0.264,50.734,-3.766,0.488,0.627,37.0,27.0,10.0,64.0,False,False,-1.1,-9.5,-13.266,-8.598,0.534,-5.203,0.171,1.346,-0.372,-9.743,2.327,0.067,0.175,-2.07,0.371,-0.335,variance,,,garbage time (-9.7),,,,0.0,2.0,0.0,-9.86,6.0,0.0,0.0,0.0,0.0,0.0,0.0,0.0,0.0,0.0,1.0,0.0,0.0,0.0,0.821,0.203,18.0,20.0,18.0,0.0,0.0,20.0,0.0,0.0,1.0,0.458,4.0,4.3,55.0,53.7,archive,0.3,0.0,-0.528,30.0,36.0,0.0,2.0,-3.629,0.0,0.0,0.0,130.0,124.971,5.029,False,1.0,1.146,1.146,2.41,1.13,1.309,False,1,0.0,7,7,-0.012,0.048,True
2020_08_DAL_PHI,under,2019-22,2020,8,PHI,DAL,Under 43,10.0,43.0,3.716,39.666,-3.334,0.276,0.616,23.0,9.0,14.0,32.0,True,False,1.0,11.0,7.666,-1.519,0.992,8.193,-1.106,-3.325,-0.506,3.418,-0.184,-0.355,0.175,-1.883,0.093,3.145,,earned,,covered anyway; return TD (-3.3),,,,4.0,2.0,-15.439,-16.158,14.0,3.0,1.0,0.0,0.0,0.0,0.0,0.0,0.0,1.0,0.0,0.0,0.0,0.0,0.068,1.294,2.0,0.0,2.0,0.0,0.0,0.0,0.0,0.0,0.921,1.0,17.0,14.2,49.0,50.9,archive,-2.8,0.0,3.684,28.0,68.0,3.0,4.0,-7.438,0.0,0.0,0.0,137.0,132.426,4.574,False,10.0,-2.726,-1.346,4.938,2.162,-11.507,True,1,0.0,7,10,0.022,-0.018,True
2020_09_GB_SF,under,2019-22,2020,9,SF,GB,Under 48.5,-6.0,48.5,-1.62,46.289,-2.211,0.654,0.575,17.0,34.0,-17.0,51.0,False,False,-1.1,-2.5,-4.711,-6.453,1.703,0.04,-1.106,1.346,-0.971,-5.721,-0.184,-0.074,0.175,1.861,0.26,-0.335,luck,,,garbage time (-5.7),,,,2.0,0.0,-10.441,0.0,0.0,10.0,0.0,0.0,0.0,0.0,0.0,0.0,0.0,0.0,0.0,0.0,0.0,0.0,0.181,2.357,14.0,13.0,0.0,14.0,13.0,0.0,0.0,0.0,1.0,1.0,5.0,4.3,78.0,76.4,archive,-0.7,0.0,-1.804,33.0,45.0,1.0,1.0,-4.907,0.0,0.0,0.0,115.0,119.521,-4.521,True,6.0,-2.589,-4.068,8.448,0.205,4.844,True,0,0.0,4,4,0.002,0.062,True
2020_09_DEN_ATL,under,2019-22,2020,9,ATL,DEN,Under 50,4.5,50.0,6.058,46.293,-3.707,0.533,0.627,34.0,27.0,7.0,61.0,False,False,-1.1,-11.0,-14.707,-11.165,-5.215,1.673,-0.148,1.346,-1.523,-10.84,-0.184,0.026,0.175,-4.713,-0.184,-0.335,luck,,,garbage time (-10.8); pace (-4.7),,,,1.0,1.0,-2.562,-5.701,7.0,0.0,0.0,0.0,0.0,0.0,0.0,0.0,0.0,0.0,0.0,0.0,0.0,0.0,2.321,1.611,17.0,24.0,17.0,0.0,0.0,24.0,0.0,0.0,1.0,1.0,,10.0,,72.0,pbp_text,0.0,0.0,-0.737,61.0,65.0,0.0,2.0,6.073,0.0,0.0,0.0,138.0,126.55,11.45,True,-4.5,0.744,0.744,0.814,1.868,-2.871,False,0,1.0,10,7,0.029,-0.058,True
2020_09_BAL_IND,under,2019-22,2020,9,IND,BAL,Under 48,1.0,48.0,-0.804,45.853,-2.147,0.47,0.574,10.0,24.0,-14.0,34.0,True,False,1.0,14.0,11.853,-1.154,0.292,12.716,-0.148,-3.325,-0.734,3.053,-0.184,0.026,0.175,-1.673,0.195,1.753,,earned,,covered anyway; return TD (-3.3),,,,2.0,1.0,-13.874,-7.371,0.0,14.0,0.0,1.0,0.0,0.0,0.0,0.0,0.0,0.0,0.0,0.0,0.0,0.0,0.743,1.195,0.0,3.0,0.0,0.0,3.0,0.0,0.0,0.0,0.976,1.0,,4.0,,76.0,pbp_text,0.0,0.0,2.514,30.0,55.0,4.0,1.0,-10.47,0.0,0.0,0.0,126.0,121.935,4.065,False,1.0,-0.461,-0.461,1.343,1.128,0.955,False,0,1.0,7,7,-0.018,-0.022,True
2020_09_HOU_JAX,under,2019-22,2020,9,JAX,HOU,Under 49,-7.0,49.0,-4.809,44.701,-4.299,0.606,0.64,25.0,27.0,-2.0,52.0,False,False,-1.1,-3.0,-7.299,3.955,-1.3,-9.954,-0.148,1.346,-1.392,4.15,-0.184,0.525,0.175,-0.878,0.093,-1.031,variance,,,"outplayed, no luck (residual -10.0)",,,,1.0,1.0,-2.847,-4.605,0.0,7.0,0.0,0.0,0.0,0.0,0.0,0.0,0.0,0.0,1.0,0.0,0.0,0.0,1.019,2.581,0.0,0.0,0.0,0.0,0.0,0.0,0.0,0.0,1.0,1.0,14.0,17.5,79.0,79.4,archive,3.5,0.0,-0.58,78.0,18.0,1.0,0.0,-3.283,0.0,0.0,0.0,127.0,124.868,2.132,True,7.0,0.072,-1.407,3.598,0.475,3.253,False,1,0.0,14,14,0.025,0.06,True
2020_09_CAR_KC,under,2019-22,2020,9,KC,CAR,Under 51.5,10.0,51.5,12.682,47.939,-3.561,0.555,0.622,33.0,31.0,2.0,64.0,False,False,-1.1,-12.5,-16.061,9.083,-4.099,-21.046,2.088,1.346,1.501,4.15,-0.184,-0.416,0.175,-3.563,-0.471,0.361,variance,,,pace (-3.6); and outplayed (-21.0),,,,1.0,0.0,-0.357,0.0,0.0,0.0,0.0,0.0,0.0,0.0,0.0,0.0,1.0,2.0,1.0,0.0,0.0,0.0,-0.649,-3.055,0.0,0.0,0.0,0.0,0.0,0.0,0.0,0.0,1.0,0.981,19.0,15.9,71.0,68.5,archive,-3.1,0.0,2.269,75.0,82.0,0.0,3.0,-13.224,0.0,0.0,0.0,132.0,123.342,8.658,True,-10.0,-0.455,-0.455,3.137,0.598,4.024,False,0,0.0,7,10,0.043,0.014,True
2020_09_CHI_TEN,under,2019-22,2020,9,TEN,CHI,Under 46.5,6.5,46.5,4.841,42.022,-4.478,0.431,0.645,24.0,17.0,7.0,41.0,True,False,1.0,5.5,1.022,-6.627,-0.282,7.931,2.088,-3.325,-0.399,-4.99,-0.184,-0.9,0.175,-0.559,0.13,1.057,,earned,,covered anyway; garbage time (-5.0); return TD (-3.3),,,,0.0,2.0,0.0,-13.349,7.0,0.0,1.0,0.0,0.0,0.0,0.0,0.0,0.0,0.0,0.0,0.0,0.0,0.0,0.912,0.18,8.0,17.0,8.0,0.0,0.0,17.0,0.0,0.0,1.0,1.0,14.0,7.5,77.0,74.5,archive,-6.5,0.0,0.394,57.0,35.0,0.0,4.0,-4.539,0.0,0.0,0.0,128.0,126.641,1.359,False,6.5,0.16,0.16,1.819,0.443,-1.475,False,0,0.0,7,7,-0.07,0.07,True
2020_09_MIA_ARI,under,2019-22,2020,9,ARI,MIA,Under 49,6.0,49.0,5.01,45.845,-3.155,0.454,0.609,31.0,34.0,-3.0,65.0,False,False,-1.1,-16.0,-19.155,3.049,4.722,-26.926,2.088,-3.325,0.137,4.15,-0.184,0.026,0.175,4.713,-0.37,0.361,variance,,,return TD (-3.3); and outplayed (-26.9),,,,1.0,0.0,-9.332,0.0,0.0,7.0,0.0,1.0,0.0,0.0,0.0,0.0,1.0,0.0,0.0,0.0,0.0,0.0,-3.078,2.816,0.0,0.0,0.0,0.0,0.0,0.0,0.0,0.0,1.0,1.0,,11.0,,66.0,pbp_text,0.0,0.0,-1.652,71.0,75.0,3.0,0.0,2.435,0.0,0.0,0.0,117.0,128.451,-11.451,False,6.0,-0.641,-0.641,0.349,0.536,-1.974,False,0,1.0,7,14,-0.023,0.025,True
2020_09_NO_TB,under,2019-22,2020,9,TB,NO,Under 51,3.0,51.0,2.675,47.578,-3.422,0.499,0.619,3.0,38.0,-35.0,41.0,True,False,1.0,10.0,6.578,-5.367,6.646,5.299,-2.384,1.346,-0.801,-3.528,-0.184,-0.102,0.175,5.339,0.361,1.057,,earned,,covered anyway; garbage time (-3.5),,,,3.0,2.0,-9.125,-10.815,0.0,14.0,0.0,0.0,0.0,0.0,0.0,0.0,0.0,0.0,0.0,0.0,0.0,0.0,1.408,0.7,3.0,18.0,0.0,3.0,18.0,0.0,0.0,0.0,1.0,0.767,17.0,16.1,77.0,73.9,archive,-0.9,0.0,-1.369,39.0,28.0,3.0,1.0,-9.141,0.0,0.0,0.0,113.0,125.97,-12.97,False,3.0,-0.398,-0.398,-0.073,0.754,1.474,True,1,0.0,7,6,0.021,-0.042,True
2020_10_TB_CAR,under,2019-22,2020,10,CAR,TB,Under 49.5,-6.0,49.5,-4.198,46.758,-2.742,0.577,0.598,23.0,46.0,-23.0,69.0,False,False,-1.1,-19.5,-22.242,-4.537,2.343,-20.048,-1.106,1.346,-0.517,-4.259,-0.184,-0.09,0.175,1.051,0.334,1.057,variance,,,garbage time (-4.3); and outplayed (-20.0),,,,1.0,1.0,-4.762,-4.378,7.0,3.0,0.0,0.0,0.0,0.0,0.0,0.0,0.0,0.0,0.0,1.0,0.0,1.0,1.317,0.074,6.0,17.0,0.0,6.0,17.0,0.0,0.0,0.0,0.829,1.0,15.0,14.2,65.0,70.4,archive,-0.8,0.0,2.163,40.0,30.0,3.0,1.0,-6.456,0.0,0.0,0.0,122.0,124.553,-2.553,True,6.0,-2.037,-2.037,3.838,0.245,1.582,False,1,0.0,7,7,0.03,-0.054,True
2020_10_HOU_CLE,under,2019-22,2020,10,CLE,HOU,Under 46,4.5,46.0,0.165,44.167,-1.833,0.361,0.564,10.0,7.0,3.0,17.0,True,False,1.0,29.0,27.167,9.034,4.11,14.023,2.088,1.346,1.451,4.15,-0.184,0.026,0.175,4.483,-0.055,-0.335,,earned,,covered anyway (miss +27.2 inside the edge),,,,0.0,0.0,0.0,0.0,0.0,0.0,0.0,0.0,0.0,0.0,0.0,0.0,0.0,1.0,0.0,0.0,0.0,0.0,0.863,-4.443,0.0,0.0,0.0,0.0,0.0,0.0,0.0,0.0,1.0,1.0,25.0,25.0,59.0,54.7,archive,0.0,0.0,2.673,63.0,49.0,1.0,1.0,1.51,0.0,0.0,0.0,113.0,123.892,-10.892,False,4.5,-0.42,-0.42,3.915,0.415,-5.244,False,0,0.0,7,14,0.056,0.024,True
2020_10_PHI_NYG,under,2019-22,2020,10,NYG,PHI,Under 45,-4.5,45.0,-1.437,40.465,-4.535,0.618,0.649,27.0,17.0,10.0,44.0,True,False,1.0,1.0,-3.535,5.711,0.287,-9.534,2.088,1.346,-0.775,3.053,-0.184,0.127,0.175,-1.288,-0.295,1.753,,luck,,covered anyway (miss -3.5 inside the edge),,,,0.0,0.0,0.0,0.0,0.0,0.0,0.0,0.0,0.0,0.0,0.0,0.0,0.0,0.0,0.0,0.0,0.0,0.0,1.415,0.627,3.0,0.0,3.0,0.0,0.0,0.0,0.0,0.0,1.0,1.0,18.0,18.7,56.0,56.0,archive,0.7,0.0,-1.957,64.0,74.0,2.0,3.0,3.175,0.0,0.0,0.0,130.0,126.87,3.13,True,4.5,0.225,0.225,2.838,0.267,2.835,False,1,0.0,7,14,-0.015,-0.042,True
2020_10_BUF_ARI,under,2019-22,2020,10,ARI,BUF,Under 55.5,3.0,55.5,1.778,51.362,-4.138,0.47,0.635,32.0,30.0,2.0,62.0,False,False,-1.1,-6.5,-10.638,0.257,-6.385,-4.51,-2.384,1.346,-2.855,4.15,-0.184,0.026,0.175,-5.344,-0.027,-1.031,variance,,,pace (-5.3),,,,2.0,2.0,-9.086,-8.673,7.0,7.0,0.0,0.0,0.0,0.0,0.0,0.0,0.0,0.0,0.0,0.0,0.0,0.0,2.006,5.288,0.0,0.0,0.0,0.0,0.0,0.0,0.0,0.0,1.0,0.982,,3.0,,78.0,pbp_text,0.0,0.0,-0.854,40.0,69.0,1.0,0.0,2.936,0.0,0.0,0.0,139.0,126.017,12.983,False,3.0,0.176,0.176,1.398,0.496,-0.177,False,0,1.0,7,7,0.026,0.03,True
2020_10_DEN_LV,under,2019-22,2020,10,LV,DEN,Under 50.5,3.5,50.5,3.406,46.309,-4.191,0.479,0.636,37.0,12.0,25.0,49.0,True,False,1.0,1.5,-2.691,-5.674,-4.852,7.836,-1.106,1.346,-1.289,-4.625,-0.184,0.026,0.175,-3.719,-0.12,-1.031,,earned,,covered anyway; garbage time (-4.6); pace (-3.7),,,,0.0,5.0,0.0,-22.669,10.0,0.0,0.0,0.0,0.0,0.0,0.0,0.0,0.0,0.0,0.0,0.0,0.0,0.0,1.79,1.548,18.0,6.0,18.0,0.0,0.0,6.0,0.0,0.0,1.0,1.0,,3.0,,64.0,pbp_text,0.0,0.0,-0.826,82.0,37.0,0.0,1.0,-4.166,0.0,0.0,0.0,133.0,123.965,9.035,False,3.5,-0.231,-0.231,-0.137,0.599,-1.454,False,1,1.0,7,7,-0.058,0.057,True
2020_10_LAC_MIA,under,2019-22,2020,10,MIA,LAC,Under 48.5,1.0,48.5,-0.029,47.093,-1.407,0.494,0.551,29.0,21.0,8.0,50.0,False,False,-1.1,-1.5,-2.907,1.595,4.701,-9.203,-2.064,1.346,1.82,0.494,-0.184,-0.003,0.175,3.796,0.556,0.361,variance,,,"outplayed, no luck (residual -9.2)",,,,1.0,1.0,-8.316,-4.364,6.0,7.0,0.0,0.0,0.0,0.0,0.0,0.0,1.0,0.0,0.0,0.0,0.0,1.0,-0.639,-3.872,3.0,7.0,3.0,0.0,0.0,7.0,0.0,0.0,1.0,1.0,7.0,6.8,83.0,82.4,archive,-0.2,0.0,0.275,15.0,31.0,0.0,3.0,-0.945,0.0,0.0,0.0,117.0,126.223,-9.223,False,1.0,-0.087,-0.087,0.942,0.691,-0.636,False,0,0.0,7,7,0.003,-0.017,True
2020_10_SEA_LA,under,2019-22,2020,10,LA,SEA,Under 55,3.0,55.0,3.731,51.273,-3.727,0.533,0.627,23.0,16.0,7.0,39.0,True,False,1.0,16.0,12.273,5.803,-2.0,8.469,2.088,1.346,-0.683,3.053,-0.184,0.026,0.175,-1.301,0.315,-1.031,,earned,,covered anyway (miss +12.3 inside the edge),,,,1.0,3.0,-5.557,-14.607,0.0,0.0,0.0,0.0,0.0,0.0,0.0,0.0,0.0,0.0,1.0,0.0,0.0,0.0,-0.819,2.627,0.0,3.0,0.0,0.0,0.0,3.0,0.0,0.0,1.0,1.0,,7.0,,78.0,pbp_text,0.0,0.0,-1.027,49.0,23.0,1.0,0.0,1.48,0.0,0.0,0.0,132.0,128.84,3.16,True,-3.0,1.422,1.422,-0.691,0.674,-0.35,False,1,1.0,14,7,-0.053,0.061,True
2020_10_CIN_PIT,under,2019-22,2020,10,PIT,CIN,Under 45.5,6.5,45.5,9.383,42.917,-2.583,0.568,0.595,36.0,10.0,26.0,46.0,False,False,-1.1,-0.5,-3.083,-0.605,-1.102,-1.376,1.13,1.346,-1.015,-2.066,-0.184,0.531,0.175,-1.948,-0.036,0.361,luck,,,nothing stands out: ordinary miss (residual -1.4),,,,0.0,2.0,0.0,-9.497,3.0,0.0,0.0,0.0,0.0,0.0,0.0,0.0,0.0,0.0,0.0,0.0,0.0,0.0,2.16,0.487,14.0,3.0,14.0,0.0,0.0,3.0,0.0,0.0,1.0,1.0,21.0,24.5,52.0,52.2,archive,3.5,0.0,2.538,45.0,65.0,0.0,3.0,-8.437,0.0,0.0,0.0,131.0,126.267,4.733,True,-6.5,1.725,1.725,1.157,0.358,2.253,False,1,0.0,7,14,-0.067,0.032,True
2020_10_BAL_NE,under,2019-22,2020,10,NE,BAL,Under 44,-7.0,44.0,-5.225,38.579,-5.421,0.594,0.677,23.0,17.0,6.0,40.0,True,False,1.0,4.0,-1.421,6.744,2.264,-10.43,2.088,1.346,0.258,3.053,-0.184,0.329,0.175,0.665,0.223,1.057,,luck,,covered anyway (miss -1.4 inside the edge),,,,0.0,1.0,0.0,-1.715,0.0,0.0,0.0,0.0,0.0,0.0,0.0,0.0,0.0,0.0,1.0,0.0,0.0,0.0,-0.765,0.197,3.0,0.0,3.0,0.0,0.0,0.0,0.0,0.0,0.964,1.0,13.0,15.1,52.0,50.5,archive,2.1,0.0,1.271,18.0,64.0,1.0,3.0,5.458,0.0,0.0,0.0,120.0,121.614,-1.614,True,7.0,-1.419,-1.419,3.195,0.426,2.204,True,0,0.0,6,7,-0.022,-0.032,True
2020_10_MIN_CHI,under,2019-22,2020,10,CHI,MIN,Under 44,-3.5,44.0,0.356,41.747,-2.253,0.642,0.578,13.0,19.0,-6.0,32.0,True,False,1.0,12.0,9.747,-2.071,2.584,9.235,-2.064,-3.325,-0.832,4.15,-0.184,-0.061,0.175,2.377,0.611,-0.335,,earned,,covered anyway; return TD (-3.3),,,,2.0,2.0,-9.025,-10.156,3.0,10.0,0.0,0.0,1.0,0.0,0.0,0.0,0.0,0.0,0.0,0.0,0.0,0.0,0.804,1.381,0.0,0.0,0.0,0.0,0.0,0.0,0.0,0.0,0.879,0.974,11.0,10.4,44.0,41.6,archive,-0.6,0.0,2.982,5.0,35.0,2.0,0.0,-3.536,0.0,0.0,0.0,119.0,124.776,-5.776,True,3.5,0.017,0.017,3.839,1.125,6.015,True,1,0.0,8,8,-0.079,0.005,True
2020_11_ARI_SEA,under,2019-22,2020,11,SEA,ARI,Under 56.5,3.0,56.5,2.023,51.054,-5.446,0.479,0.679,28.0,21.0,7.0,49.0,True,False,1.0,7.5,2.054,7.521,1.441,-6.908,2.088,1.346,-0.062,4.15,-0.184,0.568,0.175,2.726,-0.814,-1.031,,luck,,covered anyway (miss +2.1 inside the edge),,,,0.0,0.0,0.0,0.0,0.0,0.0,0.0,0.0,0.0,0.0,0.0,0.0,0.0,0.0,1.0,0.0,0.0,0.0,0.039,0.203,0.0,0.0,0.0,0.0,0.0,0.0,0.0,0.0,1.0,1.0,11.0,14.7,48.0,46.6,archive,3.7,0.0,-0.672,79.0,115.0,0.0,1.0,2.058,0.0,0.0,0.0,124.0,130.624,-6.624,False,3.0,-0.744,-0.744,0.233,0.691,0.683,True,1,0.0,4,4,0.029,0.056,True
2020_11_TEN_BAL,under,2019-22,2020,11,BAL,TEN,Under 50.5,6.0,50.5,8.272,48.729,-1.771,0.557,0.562,24.0,30.0,-6.0,54.0,False,False,-1.1,-3.5,-5.271,5.017,-7.41,-2.878,0.171,1.346,-0.65,4.15,-0.184,0.187,-3.358,-2.849,-0.175,-1.031,variance,,,overtime (-3.4),,,,1.0,1.0,-2.755,-5.359,3.0,3.0,0.0,0.0,0.0,0.0,0.0,0.0,0.0,0.0,0.0,0.0,0.0,0.0,0.46,1.266,0.0,0.0,0.0,0.0,0.0,0.0,0.0,0.0,1.0,0.974,6.0,7.1,53.0,49.9,archive,1.1,0.0,-6.916,81.0,44.0,0.0,1.0,-3.019,1.0,0.0,6.0,132.0,125.078,6.922,True,-6.0,1.161,1.161,1.111,0.599,3.118,False,0,0.0,7,10,-0.021,0.059,True
2020_11_PHI_CLE,under,2019-22,2020,11,CLE,PHI,Under 45.5,2.5,45.5,1.825,40.488,-5.012,0.517,0.664,22.0,17.0,5.0,39.0,True,False,1.0,6.5,1.488,-2.588,0.356,3.72,-0.148,-3.325,0.391,0.494,-0.184,0.055,0.175,-0.933,0.186,1.057,,earned,,covered anyway; return TD (-3.3),,,,1.0,3.0,-5.832,-19.969,7.0,7.0,1.0,0.0,0.0,0.0,0.0,0.0,1.0,0.0,0.0,0.0,1.0,0.0,-1.977,1.074,3.0,7.0,3.0,0.0,0.0,7.0,0.0,0.0,1.0,1.0,8.0,8.2,38.0,40.5,archive,0.2,0.0,0.177,53.0,33.0,2.0,2.0,-9.247,0.0,0.0,0.0,128.0,125.733,2.267,False,2.5,0.462,0.462,1.137,0.358,-0.348,False,0,0.0,7,7,-0.029,0.022,True
2020_11_ATL_NO,under,2019-22,2020,11,NO,ATL,Under 49.5,3.5,49.5,2.251,47.712,-1.788,0.445,0.563,24.0,9.0,15.0,33.0,True,False,1.0,16.5,14.712,5.297,3.418,5.998,2.088,1.346,0.273,1.59,-0.184,0.026,0.175,2.176,0.167,1.057,,earned,,covered anyway (miss +14.7 inside the edge),,,,1.0,2.0,-3.746,-4.818,0.0,0.0,0.0,0.0,0.0,0.0,0.0,0.0,1.0,0.0,0.0,0.0,0.0,0.0,-3.736,3.13,7.0,0.0,7.0,0.0,0.0,0.0,0.0,0.0,1.0,1.0,,9.0,,75.0,pbp_text,0.0,0.0,0.951,35.0,53.0,1.0,3.0,-0.038,0.0,0.0,0.0,121.0,126.287,-5.287,False,3.5,-0.278,-0.278,0.971,0.517,-0.089,False,1,1.0,14,7,0.028,-0.005,True
2020_11_MIA_DEN,under,2019-22,2020,11,DEN,MIA,Under 46,-4.0,46.0,-1.216,44.186,-1.814,0.614,0.563,20.0,13.0,7.0,33.0,True,False,1.0,13.0,11.186,2.683,2.081,6.422,-0.148,1.346,-1.568,3.053,2.327,-0.399,0.175,0.443,-0.129,-0.335,,earned,,covered anyway (miss +11.2 inside the edge),,,,2.0,1.0,-8.419,-3.964,0.0,7.0,0.0,0.0,0.0,0.0,0.0,0.0,0.0,0.0,0.0,0.0,0.0,0.0,1.109,2.934,0.0,3.0,0.0,0.0,0.0,3.0,0.0,0.0,1.0,0.565,7.0,4.1,45.0,44.3,archive,-2.9,0.0,2.227,70.0,50.0,2.0,0.0,-3.783,0.0,0.0,0.0,124.0,125.076,-1.076,True,4.0,0.156,0.156,2.628,0.904,4.574,False,0,0.0,7,7,-0.064,-0.018,True
2020_11_DAL_MIN,under,2019-22,2020,11,MIN,DAL,Under 50,7.0,50.0,6.752,46.099,-3.901,0.458,0.631,28.0,31.0,-3.0,59.0,False,False,-1.1,-9.0,-12.901,4.993,2.934,-20.827,-0.787,1.346,0.284,4.15,-0.184,0.026,0.175,1.896,-0.036,1.057,variance,,,"outplayed, no luck (residual -20.8)",,,,2.0,1.0,-11.045,-5.281,0.0,9.0,0.0,0.0,0.0,0.0,0.0,0.0,0.0,0.0,0.0,1.0,0.0,1.0,0.205,-0.838,0.0,0.0,0.0,0.0,0.0,0.0,0.0,0.0,1.0,1.0,,14.0,,39.0,pbp_text,0.0,0.0,-3.176,80.0,30.0,1.0,3.0,-5.066,0.0,0.0,0.0,124.0,128.606,-4.606,False,7.0,0.566,0.566,0.814,0.943,1.81,False,0,1.0,14,6,-0.007,-0.008,True
2020_11_KC_LV,under,2019-22,2020,11,LV,KC,Under 56.5,-7.5,56.5,-7.043,54.366,-2.134,0.56,0.573,31.0,35.0,-4.0,66.0,False,False,-1.1,-9.5,-11.634,7.338,-1.928,-17.044,2.088,1.346,-0.245,4.15,-0.184,0.026,0.175,-1.102,-0.508,-0.335,variance,,,"outplayed, no luck (residual -17.0)",,,,1.0,1.0,-1.839,-4.533,0.0,0.0,0.0,0.0,0.0,0.0,0.0,0.0,0.0,0.0,0.0,0.0,0.0,0.0,0.446,0.256,0.0,0.0,0.0,0.0,0.0,0.0,0.0,0.0,1.0,0.979,,1.0,,66.0,pbp_text,0.0,0.0,3.664,72.0,89.0,0.0,2.0,-5.158,0.0,0.0,0.0,127.0,124.323,2.677,True,7.5,-0.597,-0.597,1.055,0.338,0.941,True,1,1.0,7,14,0.048,0.055,True
2020_11_LA_TB,under,2019-22,2020,11,TB,LA,Under 47.5,4.0,47.5,3.056,44.6,-2.9,0.455,0.603,24.0,27.0,-3.0,51.0,False,False,-1.1,-3.5,-6.4,3.005,-5.114,-4.29,-3.342,1.346,0.851,4.15,-0.184,-0.091,0.175,-4.298,0.315,-1.031,variance,,,"pace (-4.3); 4 turnovers, 17 pts off them (-3.3)",,,,2.0,2.0,-8.171,-10.307,10.0,7.0,0.0,0.0,0.0,0.0,0.0,0.0,0.0,1.0,0.0,0.0,0.0,0.0,0.77,-2.835,0.0,0.0,0.0,0.0,0.0,0.0,0.0,0.0,1.0,1.0,5.0,4.2,69.0,66.5,archive,-0.8,0.0,5.097,7.0,65.0,1.0,0.0,-3.117,0.0,0.0,0.0,137.0,126.558,10.442,False,4.0,-0.196,-0.196,0.748,1.51,2.689,True,0,0.0,8,8,-0.054,-0.045,True
2020_12_NYG_CIN,under,2019-22,2020,12,CIN,NYG,Under 45,-6.5,45.0,-1.784,42.697,-2.303,0.664,0.58,17.0,19.0,-2.0,36.0,True,False,1.0,9.0,6.697,-2.517,3.241,5.972,-0.787,-3.325,-1.457,3.053,-0.184,0.258,0.175,1.676,0.26,1.057,,earned,,covered anyway; return TD (-3.3),,,,3.0,1.0,-13.104,-5.927,3.0,6.0,0.0,0.0,1.0,0.0,0.0,0.0,0.0,0.0,0.0,0.0,0.0,0.0,1.101,2.664,0.0,3.0,0.0,0.0,3.0,0.0,0.0,0.0,1.0,0.702,4.0,5.6,52.0,48.9,archive,1.6,0.0,2.131,27.0,51.0,1.0,3.0,-3.315,0.0,0.0,0.0,123.0,127.071,-4.071,True,6.5,0.393,-0.926,5.642,0.263,4.763,False,0,0.0,7,14,0.019,-0.0,True
2020_12_ARI_NE,under,2019-22,2020,12,NE,ARI,Under 51,-1.0,51.0,-0.587,46.746,-4.254,0.508,0.639,20.0,17.0,3.0,37.0,True,False,1.0,14.0,9.746,3.422,1.41,4.914,-2.384,1.346,0.311,4.15,-0.184,-0.278,0.175,1.902,0.13,-0.335,,earned,,covered anyway (miss +9.7 inside the edge),,,,2.0,1.0,-9.528,-4.597,7.0,7.0,0.0,0.0,0.0,0.0,0.0,0.0,0.0,1.0,0.0,0.0,0.0,0.0,1.211,-1.911,0.0,0.0,0.0,0.0,0.0,0.0,0.0,0.0,1.0,1.0,8.0,5.9,52.0,49.8,archive,-2.1,0.0,-2.989,42.0,50.0,1.0,1.0,7.675,0.0,0.0,0.0,120.0,124.621,-4.621,True,1.0,-0.808,-0.808,1.222,0.42,0.697,False,0,0.0,7,10,0.004,0.038,True
2020_12_MIA_NYJ,under,2019-22,2020,12,NYJ,MIA,Under 46,-7.5,46.0,-6.236,44.527,-1.473,0.586,0.551,3.0,20.0,-17.0,23.0,True,False,1.0,23.0,21.527,4.402,0.94,16.184,2.088,1.346,-0.622,1.59,-0.184,0.316,0.175,1.553,0.112,-1.031,,earned,,covered anyway (miss +21.5 inside the edge),,,,2.0,2.0,-8.102,-9.348,0.0,0.0,0.0,0.0,0.0,0.0,0.0,0.0,1.0,0.0,0.0,0.0,0.0,0.0,-2.326,3.981,0.0,7.0,0.0,0.0,7.0,0.0,0.0,0.0,1.0,1.0,2.0,4.0,54.0,49.8,archive,2.0,0.0,-4.877,74.0,20.0,1.0,0.0,-3.911,0.0,0.0,0.0,119.0,122.773,-3.773,True,7.5,0.546,0.546,0.718,1.154,3.993,False,1,0.0,7,7,-0.043,-0.022,True
2020_12_KC_TB,under,2019-22,2020,12,TB,KC,Under 56,-3.5,56.0,-2.708,52.706,-3.294,0.553,0.614,24.0,27.0,-3.0,51.0,True,False,1.0,5.0,1.706,2.565,-0.54,-0.318,-0.148,1.346,-0.223,1.59,-0.184,0.373,0.175,0.431,-0.305,-1.031,,earned,,covered anyway (miss +1.7 inside the edge),,,,2.0,1.0,-9.362,-5.697,7.0,0.0,0.0,0.0,0.0,0.0,0.0,0.0,0.0,0.0,0.0,0.0,0.0,0.0,0.3,0.348,6.0,1.0,0.0,6.0,1.0,0.0,0.0,0.0,1.0,0.982,5.0,7.4,81.0,78.0,archive,2.4,0.0,-0.925,57.0,82.0,1.0,0.0,5.276,0.0,0.0,0.0,125.0,126.047,-1.047,True,3.5,-0.064,-0.064,0.856,0.963,3.076,False,0,0.0,6,7,-0.045,0.069,True
2020_12_SEA_PHI,under,2019-22,2020,12,PHI,SEA,Under 50,-6.5,50.0,-2.929,42.273,-7.727,0.632,0.727,17.0,23.0,-6.0,40.0,True,False,1.0,10.0,2.273,1.762,1.611,-1.1,2.088,1.346,-0.703,-0.969,-0.184,-0.843,0.175,1.227,-0.518,1.753,,earned,,covered anyway (miss +2.3 inside the edge),,,,1.0,0.0,-3.663,0.0,0.0,0.0,0.0,0.0,0.0,0.0,0.0,0.0,0.0,0.0,1.0,0.0,0.0,0.0,-0.084,1.944,8.0,6.0,0.0,8.0,6.0,0.0,0.0,0.0,0.982,1.0,16.0,10.0,60.0,60.9,archive,-6.0,0.0,-0.898,79.0,83.0,3.0,2.0,-2.356,0.0,0.0,0.0,127.0,129.981,-2.981,True,6.5,-0.153,-0.153,3.723,0.429,3.355,True,0,0.0,8,11,-0.043,0.063,True
2020_12_BAL_PIT,under,2019-22,2020,12,PIT,BAL,Under 41.5,10.5,41.5,10.236,35.282,-6.218,0.452,0.698,19.0,14.0,5.0,33.0,True,False,1.0,8.5,2.282,-1.635,1.474,2.443,-0.148,-3.325,0.248,1.59,-0.184,-0.452,0.175,1.758,-0.184,0.361,,earned,,covered anyway; return TD (-3.3),,,,2.0,2.0,-11.292,-11.798,7.0,7.0,1.0,0.0,0.0,0.0,0.0,0.0,0.0,0.0,1.0,0.0,0.0,0.0,-0.677,0.135,1.0,6.0,1.0,0.0,0.0,6.0,0.0,0.0,1.0,0.71,14.0,10.7,36.0,38.0,archive,-3.3,0.0,3.565,40.0,86.0,2.0,1.0,-9.919,0.0,0.0,0.0,119.0,123.271,-4.271,False,10.5,3.588,4.907,5.171,1.222,-3.22,False,1,0.0,10,10,-0.011,-0.077,True
2020_13_NO_ATL,under,2019-22,2020,13,ATL,NO,Under 46,-2.5,46.0,-0.245,43.227,-2.773,0.558,0.597,16.0,21.0,-5.0,37.0,True,False,1.0,9.0,6.227,6.055,-4.249,4.421,-0.148,1.346,0.708,4.15,-0.184,0.026,0.175,-5.435,0.112,1.057,,earned,,covered anyway; pace (-5.4),,,,1.0,1.0,-4.866,-6.039,7.0,0.0,0.0,0.0,0.0,0.0,0.0,0.0,0.0,1.0,0.0,0.0,0.0,0.0,2.194,-3.897,0.0,0.0,0.0,0.0,0.0,0.0,0.0,0.0,1.0,1.0,,4.0,,52.0,pbp_text,0.0,0.0,3.73,15.0,79.0,1.0,3.0,-3.628,0.0,0.0,0.0,138.0,124.796,13.204,True,2.5,0.341,0.341,1.914,0.645,3.723,False,1,1.0,7,7,-0.008,-0.028,True
2020_13_CIN_MIA,under,2019-22,2020,13,MIA,CIN,Under 43,10.5,43.0,8.618,40.529,-2.471,0.402,0.589,19.0,7.0,12.0,26.0,True,False,1.0,17.0,14.529,7.091,4.818,2.62,2.088,1.346,0.605,3.053,-0.184,-0.116,0.175,4.673,-0.092,0.361,,earned,,covered anyway (miss +14.5 inside the edge),,,,1.0,2.0,-3.502,-7.697,0.0,0.0,0.0,0.0,0.0,0.0,0.0,0.0,0.0,1.0,0.0,0.0,0.0,0.0,1.125,-2.569,3.0,0.0,3.0,0.0,0.0,0.0,0.0,0.0,1.0,0.743,5.0,4.0,81.0,81.1,archive,-1.0,0.0,-1.141,54.0,62.0,1.0,2.0,-3.816,0.0,0.0,0.0,115.0,126.354,-11.354,False,10.5,0.04,0.04,1.922,0.759,-3.497,False,0,0.0,7,7,0.01,-0.025,True
2020_13_LV_NYJ,under,2019-22,2020,13,NYJ,LV,Under 48,-7.5,48.0,-2.158,44.496,-3.504,0.705,0.621,28.0,31.0,-3.0,59.0,False,False,-1.1,-11.0,-14.504,1.828,-5.267,-11.065,-3.342,1.346,-0.326,4.15,-0.184,0.068,0.175,-4.712,0.417,-1.031,variance,,,"pace (-4.7); 5 turnovers, 17 pts off them (-3.3); and outplayed (-11.1)",,,,3.0,2.0,-13.386,-9.818,7.0,10.0,0.0,0.0,0.0,0.0,0.0,0.0,0.0,0.0,1.0,0.0,0.0,0.0,-0.797,1.704,0.0,0.0,0.0,0.0,0.0,0.0,0.0,0.0,1.0,1.0,18.0,18.3,39.0,38.6,archive,0.3,0.0,-5.101,40.0,21.0,0.0,1.0,3.109,0.0,0.0,0.0,134.0,122.551,11.449,True,7.5,1.921,1.921,3.421,1.98,10.166,False,0,0.0,7,7,-0.046,0.035,True
2020_13_LA_ARI,under,2019-22,2020,13,ARI,LA,Under 49,-2.5,49.0,-0.316,46.545,-2.455,0.556,0.588,28.0,38.0,-10.0,66.0,False,False,-1.1,-17.0,-19.455,-0.312,-1.814,-17.33,-0.148,-3.325,1.936,1.225,-0.184,0.026,0.175,-3.677,0.093,1.753,variance,,,pace (-3.7); return TD (-3.3); and outplayed (-17.3),,,,2.0,1.0,-13.605,-5.717,7.0,7.0,0.0,1.0,0.0,0.0,0.0,0.0,1.0,1.0,0.0,0.0,0.0,0.0,-1.975,-2.829,7.0,1.0,0.0,7.0,1.0,0.0,0.0,0.0,1.0,1.0,,2.0,,71.0,pbp_text,0.0,0.0,3.269,21.0,75.0,2.0,3.0,13.994,0.0,0.0,0.0,138.0,129.067,8.933,True,2.5,-0.377,-0.377,2.561,0.304,2.434,False,1,1.0,7,7,0.032,-0.073,True
2020_13_NYG_SEA,under,2019-22,2020,13,SEA,NYG,Under 48.5,11.0,48.5,10.979,45.952,-2.548,0.464,0.591,12.0,17.0,-5.0,29.0,True,False,1.0,19.5,16.952,3.685,1.594,11.673,1.13,1.346,0.351,0.859,-0.184,0.989,0.175,0.671,0.278,-0.335,,earned,,covered anyway (miss +17.0 inside the edge),,,,2.0,1.0,-9.829,-5.696,0.0,3.0,0.0,0.0,0.0,0.0,0.0,0.0,0.0,0.0,0.0,1.0,0.0,1.0,0.275,-1.076,6.0,3.0,0.0,6.0,3.0,0.0,0.0,0.0,1.0,1.0,4.0,10.8,51.0,50.8,archive,6.8,0.0,0.923,41.0,35.0,2.0,0.0,-4.907,0.0,0.0,0.0,125.0,126.629,-1.629,False,11.0,0.026,1.278,1.299,0.522,-0.967,False,0,0.0,7,6,-0.007,0.061,True
2020_13_PHI_GB,under,2019-22,2020,13,GB,PHI,Under 50,8.0,50.0,8.883,45.807,-4.193,0.481,0.638,30.0,16.0,14.0,46.0,True,False,1.0,4.0,-0.193,-5.844,6.305,-0.654,2.088,-3.325,-0.348,-4.259,2.327,0.382,0.175,3.422,0.334,-0.335,,earned,,covered anyway; garbage time (-4.3); return TD (-3.3),,,,0.0,1.0,0.0,-3.64,0.0,0.0,0.0,0.0,0.0,1.0,0.0,0.0,0.0,0.0,1.0,1.0,0.0,0.0,-0.09,1.053,16.0,7.0,16.0,0.0,0.0,7.0,0.0,0.0,1.0,0.524,9.0,6.7,34.0,36.1,archive,-2.3,-1.0,-1.554,30.0,40.0,1.0,1.0,-3.181,0.0,0.0,0.0,117.0,125.315,-8.315,True,-8.0,0.416,0.416,0.467,0.26,0.51,False,0,0.0,7,6,0.066,-0.042,True
2020_13_DEN_KC,under,2019-22,2020,13,KC,DEN,Under 51,13.0,51.0,16.051,49.074,-1.926,0.598,0.565,22.0,16.0,6.0,38.0,True,False,1.0,13.0,11.074,5.731,-0.865,6.208,2.088,1.346,-0.755,3.053,-0.184,-0.399,0.175,0.287,0.287,-1.031,,earned,,covered anyway (miss +11.1 inside the edge),,,,0.0,2.0,0.0,-4.089,0.0,0.0,0.0,0.0,0.0,0.0,0.0,0.0,0.0,1.0,0.0,0.0,0.0,0.0,1.861,0.131,3.0,0.0,3.0,0.0,0.0,0.0,0.0,0.0,1.0,1.0,9.0,6.0,41.0,39.7,archive,-3.0,0.0,-1.911,44.0,31.0,0.0,1.0,0.786,0.0,0.0,0.0,124.0,124.697,-0.697,True,-13.0,0.386,0.386,2.665,0.513,1.887,True,1,0.0,7,7,0.088,-0.078,True
2020_13_WAS_PIT,under,2019-22,2020,13,PIT,WAS,Under 43.5,5.5,43.5,8.501,41.508,-1.992,0.581,0.567,17.0,23.0,-6.0,40.0,True,False,1.0,3.5,1.508,4.189,-5.928,3.247,1.13,1.346,-1.339,3.053,-0.184,-0.059,0.175,-6.212,-0.009,0.361,,luck,,covered anyway; pace (-6.2),,,,1.0,0.0,-4.522,0.0,0.0,3.0,0.0,0.0,0.0,0.0,0.0,0.0,0.0,0.0,0.0,0.0,0.0,0.0,0.608,2.858,0.0,3.0,0.0,0.0,3.0,0.0,0.0,0.0,1.0,1.0,10.0,9.4,34.0,31.8,archive,-0.6,0.0,-2.231,45.0,62.0,2.0,1.0,-3.891,0.0,0.0,0.0,137.0,121.907,15.093,True,-5.5,-1.442,-1.442,4.443,0.58,1.668,True,0,0.0,5,11,-0.082,-0.036,True
2020_13_BUF_SF,under,2019-22,2020,13,SF,BUF,Under 48,1.5,48.0,1.058,46.179,-1.821,0.514,0.563,24.0,34.0,-10.0,58.0,False,False,-1.1,-10.0,-11.821,-4.703,-0.63,-6.488,-1.106,1.346,-0.683,-4.259,-0.184,0.026,0.175,-1.825,0.121,1.057,variance,,,garbage time (-4.3),,,,2.0,1.0,-10.003,-5.493,7.0,3.0,0.0,0.0,0.0,0.0,0.0,0.0,0.0,0.0,0.0,0.0,0.0,0.0,1.11,0.7,13.0,10.0,0.0,13.0,10.0,0.0,0.0,0.0,1.0,1.0,,,,,none,0.0,0.0,-2.212,43.0,50.0,1.0,3.0,-4.191,0.0,0.0,0.0,127.0,122.567,4.433,False,1.5,-0.854,-0.854,-0.412,0.424,-0.889,True,0,1.0,8,8,0.026,-0.022,True
2020_13_DAL_BAL,under,2019-22,2020,13,BAL,DAL,Under 46,8.5,46.0,9.368,41.327,-4.673,0.481,0.655,34.0,17.0,17.0,51.0,False,False,-1.1,-5.0,-9.673,2.978,1.146,-13.797,-1.106,1.346,5.17,-2.431,-0.184,0.38,0.175,-1.21,0.232,1.753,variance,,,"outplayed, no luck (residual -13.8)",,,,1.0,1.0,-4.271,-5.183,7.0,3.0,0.0,0.0,0.0,0.0,0.0,0.0,1.0,3.0,0.0,0.0,0.0,0.0,-3.038,-9.932,11.0,7.0,11.0,0.0,0.0,7.0,0.0,0.0,1.0,1.0,9.0,11.5,38.0,36.1,archive,2.5,0.0,1.149,23.0,58.0,1.0,4.0,-2.343,0.0,0.0,0.0,131.0,128.061,2.939,True,-8.5,-1.368,-2.62,3.488,0.391,0.434,False,0,0.0,6,12,-0.019,-0.002,True
2020_14_TEN_JAX,under,2019-22,2020,14,JAX,TEN,Under 53,-7.5,53.0,-5.462,49.839,-3.161,0.612,0.612,10.0,31.0,-21.0,41.0,True,False,1.0,12.0,8.839,-3.583,1.403,11.019,-1.106,1.346,-0.295,-3.528,2.327,0.295,0.175,-2.666,-0.481,1.753,,earned,,covered anyway; garbage time (-3.5),,,,1.0,1.0,-3.7,-4.624,3.0,7.0,0.0,0.0,0.0,0.0,0.0,0.0,1.0,0.0,0.0,0.0,1.0,0.0,-0.679,1.508,7.0,14.0,0.0,7.0,14.0,0.0,0.0,0.0,0.411,1.0,2.0,3.9,69.0,67.8,archive,1.9,0.0,-2.049,80.0,78.0,3.0,2.0,-1.778,0.0,0.0,0.0,134.0,127.523,6.477,True,7.5,0.631,0.631,1.407,1.338,5.255,False,1,0.0,7,7,0.007,0.081,True
2020_14_KC_MIA,under,2019-22,2020,14,MIA,KC,Under 51.5,-7.5,51.5,-6.354,50.043,-1.457,0.585,0.553,27.0,33.0,-6.0,60.0,False,False,-1.1,-8.5,-9.957,-10.171,-6.714,6.929,-3.342,-3.325,0.389,-3.894,-0.184,-0.526,0.175,-5.288,0.139,-1.031,luck,,,pace (-5.3); garbage time (-3.9),,,,1.0,4.0,-1.47,-20.567,10.0,7.0,0.0,0.0,0.0,1.0,0.0,0.0,1.0,0.0,0.0,0.0,0.0,0.0,-2.14,1.243,16.0,6.0,0.0,16.0,6.0,0.0,0.0,0.0,0.966,1.0,8.0,4.1,81.0,80.2,archive,-3.9,0.0,5.096,35.0,56.0,0.0,1.0,-3.139,0.0,0.0,0.0,136.0,123.154,12.846,True,7.5,-0.286,-0.286,1.432,0.366,1.006,False,0,0.0,7,7,-0.034,0.092,True
2020_14_ARI_NYG,under,2019-22,2020,14,NYG,ARI,Under 47,-3.0,47.0,-1.22,42.255,-4.745,0.568,0.657,7.0,26.0,-19.0,33.0,True,False,1.0,14.0,9.255,-0.221,0.906,8.57,2.088,1.346,-0.492,-3.162,-0.184,-0.696,0.175,0.564,0.685,0.361,,earned,,covered anyway; garbage time (-3.2),,,,3.0,0.0,-16.866,0.0,0.0,0.0,0.0,0.0,0.0,0.0,0.0,0.0,0.0,0.0,0.0,0.0,0.0,0.0,0.068,1.26,7.0,13.0,0.0,7.0,13.0,0.0,0.0,0.0,0.844,1.0,15.0,9.9,59.0,58.1,archive,-5.1,0.0,1.311,10.0,22.0,1.0,2.0,3.222,0.0,0.0,0.0,125.0,126.371,-1.371,True,3.0,-1.081,-1.081,2.86,0.219,1.951,False,0,0.0,7,7,-0.021,0.032,True
2020_14_MIN_TB,under,2019-22,2020,14,TB,MIN,Under 52.5,7.0,52.5,4.325,48.007,-4.493,0.382,0.648,26.0,14.0,12.0,40.0,True,False,1.0,12.5,8.007,4.684,3.054,0.269,2.088,1.346,4.413,-3.162,-0.184,-0.3,0.175,1.599,0.01,1.753,,earned,,covered anyway; garbage time (-3.2),,,,0.0,1.0,0.0,-2.116,0.0,0.0,0.0,0.0,0.0,0.0,0.0,0.0,0.0,3.0,1.0,1.0,0.0,0.0,0.655,-11.714,12.0,8.0,12.0,0.0,0.0,8.0,0.0,0.0,1.0,1.0,5.0,2.7,78.0,73.3,archive,-2.3,0.0,3.617,34.0,71.0,0.0,5.0,-7.397,0.0,0.0,0.0,122.0,125.885,-3.885,False,7.0,0.242,0.242,2.917,0.948,-0.718,False,0,0.0,7,14,-0.003,-0.022,True
2020_14_NYJ_SEA,under,2019-22,2020,14,SEA,NYJ,Under 49.5,16.5,49.5,10.86,45.267,-4.233,0.335,0.639,40.0,3.0,37.0,43.0,True,False,1.0,6.5,2.267,1.538,0.615,0.114,1.13,1.346,3.322,-4.259,-0.184,-0.087,0.175,2.244,0.195,-1.727,,earned,,covered anyway; garbage time (-4.3),,,,1.0,1.0,-3.668,-5.148,3.0,0.0,0.0,0.0,0.0,0.0,0.0,0.0,0.0,3.0,1.0,0.0,0.0,0.0,0.189,-8.492,23.0,0.0,23.0,0.0,0.0,0.0,0.0,0.0,0.771,1.0,8.0,7.2,43.0,40.2,archive,-0.8,0.0,2.346,35.0,50.0,0.0,0.0,0.0,0.0,0.0,0.0,120.0,125.451,-5.451,False,16.5,-0.218,-0.218,5.422,1.35,-8.914,False,0,0.0,7,7,-0.04,0.046,True
2020_14_NO_PHI,under,2019-22,2020,14,PHI,NO,Under 43,-7.5,43.0,-8.071,39.729,-3.271,0.531,0.614,24.0,21.0,3.0,45.0,False,False,-1.1,-2.0,-5.271,-0.131,1.82,-6.96,-3.342,1.346,3.199,-1.334,-0.184,-0.158,0.175,-0.017,0.25,1.753,variance,,,"3 turnovers, 17 pts off them (-3.3)",,,,1.0,2.0,-3.445,-8.223,10.0,7.0,0.0,0.0,0.0,0.0,0.0,0.0,1.0,2.0,0.0,0.0,0.0,0.0,-1.81,-6.183,8.0,7.0,8.0,0.0,0.0,7.0,0.0,0.0,1.0,1.0,10.0,8.7,57.0,55.7,archive,-1.3,0.0,-2.581,27.0,52.0,4.0,1.0,2.739,0.0,0.0,0.0,125.0,124.96,0.04,False,-7.5,-0.986,-0.986,-0.414,0.384,-1.412,False,0,0.0,7,7,-0.032,-0.034,True
2020_14_PIT_BUF,under,2019-22,2020,14,BUF,PIT,Under 48.5,2.0,48.5,-0.813,46.958,-1.542,0.447,0.554,26.0,15.0,11.0,41.0,True,False,1.0,7.5,5.958,-5.722,-2.366,14.045,-0.148,-3.325,0.182,-2.431,-0.184,-0.328,0.175,-0.33,0.028,-1.727,,earned,,covered anyway; return TD (-3.3),,,,2.0,2.0,-7.479,-10.872,7.0,7.0,1.0,0.0,0.0,0.0,0.0,0.0,0.0,0.0,1.0,0.0,0.0,0.0,-0.443,0.068,10.0,8.0,10.0,0.0,0.0,8.0,0.0,0.0,1.0,1.0,11.0,8.5,35.0,35.8,archive,-2.5,0.0,2.45,48.0,55.0,0.0,0.0,0.0,0.0,0.0,0.0,125.0,124.199,0.801,False,2.0,0.233,0.233,3.046,1.641,0.984,True,0,0.0,6,6,-0.085,0.034,True
2020_14_BAL_CLE,under,2019-22,2020,14,CLE,BAL,Under 45.5,-3.0,45.5,-4.056,42.915,-2.585,0.476,0.594,42.0,47.0,-5.0,89.0,False,False,-1.1,-43.5,-46.085,2.644,-4.9,-43.829,0.171,1.346,1.365,-0.238,-0.184,-0.215,0.175,-4.686,-0.351,0.361,variance,,,pace (-4.7); and outplayed (-43.8),,,,1.0,0.0,-6.872,0.0,0.0,6.0,0.0,0.0,0.0,0.0,0.0,0.0,1.0,0.0,1.0,1.0,0.0,1.0,-4.174,0.812,6.0,6.0,0.0,6.0,6.0,0.0,0.0,0.0,0.981,0.829,18.0,16.3,34.0,33.4,archive,-1.7,0.0,2.023,75.0,69.0,2.0,1.0,1.064,0.0,0.0,0.0,134.0,122.615,11.385,False,-3.0,-0.148,-0.148,0.908,0.88,1.014,True,1,0.0,6,8,-0.008,0.032,True
2020_15_BUF_DEN,under,2019-22,2020,15,DEN,BUF,Under 49,-5.5,49.0,-5.582,42.296,-6.704,0.515,0.709,19.0,48.0,-29.0,67.0,False,False,-1.1,-18.0,-24.704,-5.343,-4.183,-15.178,-0.148,-3.325,1.658,-3.528,-0.184,-1.442,0.175,-1.683,-0.018,-1.031,variance,,,garbage time (-3.5); return TD (-3.3); and outplayed (-15.2),,,,1.0,1.0,-8.429,-4.716,7.0,7.0,0.0,1.0,0.0,0.0,0.0,0.0,1.0,0.0,2.0,0.0,0.0,0.0,-4.691,0.589,6.0,15.0,0.0,6.0,15.0,0.0,0.0,0.0,1.0,1.0,24.0,13.2,47.0,43.9,archive,-10.8,0.0,4.204,33.0,75.0,0.0,1.0,4.24,0.0,0.0,0.0,128.0,123.911,4.089,False,-5.5,-0.034,-0.034,0.048,0.939,1.908,False,0,0.0,6,6,0.023,-0.057,True
2020_15_JAX_BAL,under,2019-22,2020,15,BAL,JAX,Under 49.5,13.0,49.5,14.319,46.948,-2.552,0.541,0.594,40.0,14.0,26.0,54.0,False,False,-1.1,-4.5,-7.052,-9.666,5.786,-3.172,-0.148,1.346,-0.024,-10.84,-0.184,0.977,0.175,3.073,-0.009,1.753,luck,,,garbage time (-10.8),,,,1.0,1.0,-2.869,-3.743,7.0,0.0,0.0,0.0,0.0,0.0,0.0,0.0,1.0,0.0,0.0,0.0,0.0,0.0,0.01,0.135,27.0,14.0,27.0,0.0,0.0,14.0,0.0,0.0,0.868,1.0,3.0,10.0,39.0,40.5,archive,7.0,0.0,4.636,40.0,67.0,2.0,3.0,1.049,0.0,0.0,0.0,118.0,125.466,-7.466,True,-13.0,0.49,0.49,0.828,0.782,3.146,False,0,0.0,6,7,0.014,0.005,True
2020_15_SEA_WAS,under,2019-22,2020,15,WAS,SEA,Under 44.5,-6.0,44.5,-6.258,39.711,-4.789,0.515,0.659,15.0,20.0,-5.0,35.0,True,False,1.0,9.5,4.711,0.309,-2.298,6.7,-2.064,1.346,-0.563,1.59,-0.184,0.27,0.175,-1.714,0.186,-1.031,,earned,,covered anyway (miss +4.7 inside the edge),,,,2.0,1.0,-8.352,-5.201,6.0,7.0,0.0,0.0,0.0,0.0,0.0,0.0,0.0,0.0,1.0,0.0,0.0,0.0,-0.014,1.519,6.0,1.0,0.0,6.0,1.0,0.0,0.0,0.0,1.0,1.0,8.0,9.8,43.0,39.4,archive,1.8,0.0,-2.032,41.0,45.0,1.0,0.0,-0.563,0.0,0.0,0.0,130.0,125.836,4.164,False,-6.0,-0.691,-1.872,-1.614,0.735,-2.007,False,0,0.0,7,7,0.04,-0.06,True
2020_15_PHI_ARI,under,2019-22,2020,15,ARI,PHI,Under 49.5,6.5,49.5,8.178,47.729,-1.771,0.531,0.564,33.0,26.0,7.0,59.0,False,False,-1.1,-9.5,-11.271,4.857,-6.247,-9.88,-2.064,1.346,1.426,4.15,-0.184,0.026,0.175,-8.288,-0.425,2.449,variance,,,pace (-8.3); and outplayed (-9.9),,,,3.0,0.0,-16.657,0.0,0.0,13.0,0.0,0.0,0.0,0.0,0.0,0.0,0.0,0.0,0.0,0.0,0.0,1.0,0.933,-4.448,0.0,0.0,0.0,0.0,0.0,0.0,0.0,0.0,0.978,1.0,,2.0,,66.0,pbp_text,0.0,0.0,-5.14,83.0,69.0,2.0,4.0,-5.336,0.0,0.0,0.0,149.0,128.863,20.137,True,-6.5,1.379,1.379,0.299,1.202,-1.207,False,0,1.0,7,7,0.021,-0.026,True
2020_15_NYJ_LA,under,2019-22,2020,15,LA,NYJ,Under 44.5,17.5,44.5,15.103,39.89,-4.61,0.438,0.65,20.0,23.0,-3.0,43.0,True,False,1.0,1.5,-3.11,5.681,3.015,-11.806,1.13,1.346,0.519,2.687,-0.184,0.026,0.175,3.314,0.019,-0.335,,luck,,covered anyway (miss -3.1 inside the edge),,,,1.0,0.0,-6.541,0.0,0.0,3.0,0.0,0.0,0.0,0.0,0.0,0.0,0.0,0.0,0.0,0.0,1.0,0.0,-1.965,0.74,0.0,4.0,0.0,0.0,4.0,0.0,0.0,0.0,1.0,1.0,,1.0,,77.0,pbp_text,0.0,0.0,5.666,43.0,61.0,1.0,1.0,-5.233,0.0,0.0,0.0,117.0,125.051,-8.051,False,17.5,0.222,0.222,2.619,1.369,-5.642,False,0,1.0,7,10,-0.042,-0.083,True
2020_15_PIT_CIN,under,2019-22,2020,15,CIN,PIT,Under 40.5,-14.5,40.5,-16.167,35.206,-5.294,0.437,0.674,27.0,17.0,10.0,44.0,False,False,-1.1,-3.5,-8.794,-6.119,4.28,-6.955,-3.342,1.346,0.502,-4.625,-0.184,0.406,0.175,3.661,0.556,-0.335,luck,,line_u41,"garbage time (-4.6); 3 turnovers, 17 pts off them (-3.3)",,,,0.0,3.0,0.0,-14.592,17.0,0.0,0.0,0.0,0.0,0.0,0.0,0.0,1.0,0.0,0.0,0.0,0.0,0.0,-1.388,0.205,17.0,7.0,17.0,0.0,0.0,7.0,0.0,0.0,1.0,1.0,10.0,12.8,43.0,43.1,archive,2.8,0.0,-2.212,16.0,30.0,0.0,2.0,0.862,0.0,0.0,0.0,116.0,124.896,-8.896,False,-14.5,-1.217,-2.398,-0.73,0.966,0.625,True,1,0.0,8,8,-0.094,-0.004,True
2020_16_MIN_NO,under,2019-22,2020,16,NO,MIN,Under 49,6.5,49.0,6.19,46.65,-2.35,0.472,0.585,52.0,33.0,19.0,85.0,False,False,-1.1,-36.0,-38.35,-1.852,-1.926,-34.571,0.171,1.346,0.159,-3.528,-0.184,0.026,0.175,-2.749,0.445,0.361,variance,,,garbage time (-3.5); and outplayed (-34.6),,,,2.0,0.0,-10.147,0.0,0.0,6.0,0.0,0.0,0.0,0.0,0.0,0.0,0.0,0.0,0.0,1.0,0.0,0.0,0.479,-0.795,15.0,6.0,15.0,0.0,0.0,6.0,0.0,0.0,0.788,1.0,,9.0,,49.0,pbp_text,0.0,0.0,-2.134,38.0,20.0,1.0,2.0,1.539,0.0,0.0,0.0,131.0,124.321,6.679,False,6.5,-1.182,-1.182,-0.872,0.571,-0.615,False,0,1.0,5,5,0.01,-0.036,True
2020_16_SF_ARI,under,2019-22,2020,16,ARI,SF,Under 49,6.0,49.0,9.324,46.013,-2.987,0.589,0.608,12.0,20.0,-8.0,32.0,True,False,1.0,17.0,14.013,10.616,0.101,3.296,2.088,1.346,3.033,4.15,-0.184,0.026,0.175,-2.912,0.547,2.449,,earned,,covered anyway (miss +14.0 inside the edge),,,,2.0,1.0,-10.151,-1.442,0.0,0.0,0.0,0.0,0.0,0.0,0.0,0.0,0.0,2.0,0.0,1.0,0.0,0.0,0.795,-8.37,0.0,0.0,0.0,0.0,0.0,0.0,0.0,0.0,1.0,1.0,,4.0,,69.0,pbp_text,0.0,0.0,-0.693,20.0,27.0,6.0,0.0,7.522,0.0,0.0,0.0,134.0,126.926,7.074,True,-6.0,2.352,3.433,-0.11,1.696,-0.687,False,1,1.0,6,6,0.017,-0.03,True
2020_16_CHI_JAX,under,2019-22,2020,16,JAX,CHI,Under 47,-9.5,47.0,-6.643,45.266,-1.734,0.609,0.563,17.0,41.0,-24.0,58.0,False,False,-1.1,-11.0,-12.734,-6.23,0.975,-7.479,-1.106,1.346,-0.382,-6.087,-0.184,0.09,0.175,1.681,-0.453,-0.335,variance,,,garbage time (-6.1),,,,2.0,1.0,-7.325,-4.59,0.0,10.0,0.0,0.0,0.0,0.0,0.0,0.0,0.0,0.0,0.0,0.0,0.0,0.0,0.233,0.817,7.0,21.0,0.0,7.0,21.0,0.0,0.0,0.0,1.0,0.974,5.0,5.5,55.0,53.1,archive,0.5,0.0,-5.2,115.0,40.0,0.0,2.0,-5.04,0.0,0.0,0.0,122.0,126.085,-4.085,True,9.5,-0.3,-0.3,3.157,0.224,2.393,False,0,0.0,7,7,0.007,-0.041,True
2020_16_ATL_KC,under,2019-22,2020,16,KC,ATL,Under 54,11.0,54.0,10.606,51.62,-2.38,0.452,0.588,17.0,14.0,3.0,31.0,True,False,1.0,23.0,20.62,5.425,0.89,14.305,-0.148,1.346,0.078,4.15,-0.184,0.166,0.175,0.882,0.186,-0.335,,earned,,covered anyway (miss +20.6 inside the edge),,,,2.0,1.0,-8.913,-6.031,0.0,7.0,0.0,0.0,0.0,0.0,0.0,0.0,0.0,1.0,0.0,0.0,0.0,0.0,2.337,-2.449,0.0,0.0,0.0,0.0,0.0,0.0,0.0,0.0,0.979,1.0,8.0,9.1,49.0,49.8,archive,1.1,0.0,0.721,41.0,45.0,2.0,0.0,0.686,0.0,0.0,0.0,126.0,128.143,-2.143,False,11.0,0.819,0.819,1.213,0.189,-0.804,False,0,0.0,7,7,-0.007,0.071,True
2020_16_PHI_DAL,under,2019-22,2020,16,DAL,PHI,Under 50,-3.0,50.0,1.531,46.619,-3.381,0.65,0.616,37.0,17.0,20.0,54.0,False,False,-1.1,-4.0,-7.381,1.181,-3.178,-5.384,-0.148,1.346,-0.51,0.494,-0.184,0.026,0.175,-2.101,-0.758,-0.335,variance,,,nothing stands out: ordinary miss (residual -5.4),,,,1.0,3.0,-5.186,-11.437,7.0,0.0,0.0,0.0,0.0,0.0,0.0,0.0,0.0,0.0,0.0,0.0,0.0,0.0,0.748,0.624,10.0,0.0,10.0,0.0,0.0,0.0,0.0,0.0,1.0,1.0,,10.0,,73.0,pbp_text,0.0,0.0,6.069,73.0,115.0,0.0,2.0,0.689,0.0,0.0,0.0,136.0,130.895,5.105,True,3.0,0.085,0.085,4.446,0.442,4.07,False,1,1.0,7,7,0.004,-0.028,True
2020_16_LA_SEA,under,2019-22,2020,16,SEA,LA,Under 48,1.5,48.0,1.379,44.773,-3.227,0.523,0.613,20.0,9.0,11.0,29.0,True,False,1.0,19.0,15.773,4.197,-2.174,13.75,1.13,1.346,-2.062,3.784,-0.184,0.562,0.175,-2.67,0.278,-0.335,,earned,,covered anyway (miss +15.8 inside the edge),,,,0.0,1.0,0.0,-4.92,3.0,0.0,0.0,0.0,0.0,0.0,0.0,0.0,0.0,0.0,0.0,0.0,0.0,0.0,2.461,2.832,1.0,0.0,1.0,0.0,0.0,0.0,0.0,0.0,1.0,1.0,2.0,6.2,45.0,43.2,archive,4.2,0.0,-3.578,31.0,45.0,0.0,2.0,6.705,0.0,0.0,0.0,134.0,127.513,6.487,False,1.5,-0.387,-0.387,-0.266,0.759,1.542,False,1,0.0,7,7,-0.089,0.038,True
2020_16_BUF_NE,under,2019-22,2020,16,NE,BUF,Under 47,-7.0,47.0,-2.6,44.532,-2.468,0.679,0.591,9.0,38.0,-29.0,47.0,False,True,0.0,0.0,-2.468,2.237,6.871,-11.576,2.088,1.346,-0.228,-0.969,2.327,0.588,0.175,2.92,0.5,0.361,,,,"outplayed, no luck (residual -11.6)",,,,0.0,0.0,0.0,0.0,0.0,0.0,0.0,0.0,0.0,0.0,0.0,0.0,0.0,0.0,1.0,0.0,0.0,0.0,0.278,0.382,0.0,14.0,0.0,0.0,14.0,0.0,0.0,0.0,0.571,0.907,4.0,8.4,41.0,38.2,archive,4.4,0.0,1.305,25.0,27.0,0.0,3.0,-9.967,0.0,0.0,0.0,115.0,122.094,-7.094,True,7.0,-0.966,-0.966,5.366,2.185,-0.894,True,1,0.0,8,9,-0.028,0.032,True
2020_17_PIT_CLE,under,2019-22,2020,17,CLE,PIT,Under 45,10.5,45.0,1.017,40.957,-4.043,0.202,0.636,24.0,22.0,2.0,46.0,False,False,-1.1,-1.0,-5.043,-0.805,0.993,-5.232,-0.148,1.346,-1.033,-0.969,-0.184,0.673,0.175,-1.396,0.667,1.057,variance,,,nothing stands out: ordinary miss (residual -5.2),,,,0.0,1.0,0.0,-5.395,7.0,0.0,0.0,0.0,0.0,0.0,0.0,0.0,0.0,0.0,0.0,0.0,0.0,0.0,0.259,2.435,7.0,7.0,7.0,0.0,0.0,7.0,0.0,0.0,1.0,0.857,7.0,12.1,38.0,37.6,archive,5.1,0.0,-1.324,19.0,15.0,2.0,2.0,-10.653,0.0,0.0,0.0,127.0,123.609,3.391,False,10.5,-1.051,-0.007,9.476,0.327,-8.716,False,1,0.0,7,7,-0.105,0.039,True
2020_17_LV_DEN,under,2019-22,2020,17,DEN,LV,Under 50.5,-2.5,50.5,-2.89,47.913,-2.587,0.477,0.594,31.0,32.0,-1.0,63.0,False,False,-1.1,-12.5,-15.087,5.113,-6.838,-13.361,-1.425,1.346,1.043,4.15,-0.184,-0.304,0.175,-6.582,-0.305,0.361,variance,,,pace (-6.6); and outplayed (-13.4),,,,0.0,4.0,0.0,-18.201,11.0,0.0,0.0,0.0,0.0,0.0,0.0,0.0,3.0,0.0,0.0,0.0,2.0,0.0,-2.972,0.422,0.0,0.0,0.0,0.0,0.0,0.0,0.0,0.0,1.0,1.0,10.0,7.4,53.0,48.5,archive,-2.6,0.0,9.034,28.0,111.0,1.0,2.0,-8.525,0.0,0.0,0.0,140.0,124.01,15.99,False,-2.5,-0.46,-0.46,-0.07,0.338,-0.696,False,1,0.0,8,7,0.051,-0.045,True
2020_17_ARI_LA,under,2019-22,2020,17,LA,ARI,Under 42,1.0,42.0,1.658,37.034,-4.966,0.546,0.662,18.0,7.0,11.0,25.0,True,False,1.0,17.0,12.034,0.9,6.645,4.489,-0.148,-3.325,1.321,3.053,2.327,0.026,0.175,4.777,0.371,-1.031,,earned,,covered anyway; return TD (-3.3),,,,2.0,1.0,-11.853,-10.052,7.0,7.0,1.0,0.0,0.0,0.0,0.0,0.0,0.0,1.0,0.0,0.0,0.0,1.0,0.47,-3.72,3.0,0.0,3.0,0.0,0.0,0.0,0.0,0.0,1.0,0.571,,4.0,,59.0,pbp_text,0.0,0.0,1.488,38.0,28.0,1.0,0.0,2.753,0.0,0.0,0.0,118.0,129.606,-11.606,True,-1.0,-1.321,-2.364,3.022,0.256,1.013,False,1,1.0,7,8,-0.09,0.014,True
2020_17_WAS_PHI,under,2019-22,2020,17,PHI,WAS,Under 43.5,-6.5,43.5,-4.216,36.286,-7.214,0.598,0.718,14.0,20.0,-6.0,34.0,True,False,1.0,9.5,2.286,4.935,-0.287,-2.361,0.171,1.346,-0.732,4.15,-0.184,-0.215,0.175,0.188,0.084,-0.335,,earned,,covered anyway (miss +2.3 inside the edge),,,,3.0,2.0,-12.563,-10.228,0.0,6.0,0.0,0.0,0.0,0.0,0.0,0.0,0.0,0.0,0.0,0.0,0.0,0.0,0.135,1.798,0.0,0.0,0.0,0.0,0.0,0.0,0.0,0.0,0.63,1.0,10.0,8.1,38.0,38.9,archive,-1.9,0.0,0.825,41.0,56.0,2.0,0.0,-2.348,0.0,0.0,0.0,127.0,127.457,-0.457,True,6.5,-3.292,-3.292,5.575,0.246,2.737,True,1,0.0,7,7,-0.026,-0.067,True
2021_01_DAL_TB,under,2019-22,2021,1,TB,DAL,Under 52.5,10.0,52.5,10.747,49.061,-3.439,0.492,0.617,31.0,29.0,2.0,60.0,False,False,-1.1,-7.5,-10.939,2.946,-7.634,-6.251,-3.98,1.346,1.432,4.15,-0.184,-0.587,0.175,-4.905,-0.407,-1.727,variance,,,"pace (-4.9); 5 turnovers, 19 pts off them (-4.0)",,,,4.0,1.0,-14.599,-4.752,7.0,12.0,0.0,0.0,0.0,0.0,0.0,0.0,0.0,2.0,0.0,1.0,0.0,0.0,0.564,-4.094,0.0,0.0,0.0,0.0,0.0,0.0,0.0,0.0,1.0,1.0,9.0,4.5,82.0,79.6,archive,-4.5,0.0,-2.305,95.0,55.0,0.0,0.0,0.0,0.0,0.0,0.0,141.0,129.083,11.917,True,-10.0,0.745,0.745,0.003,0.771,2.547,True,0,0.0,7,7,0.002,-0.008,True
2021_01_PHI_ATL,under,2019-22,2021,1,ATL,PHI,Under 49,3.5,49.0,6.149,45.746,-3.254,0.56,0.614,6.0,32.0,-26.0,38.0,True,False,1.0,11.0,7.746,-1.593,-0.048,9.387,2.088,1.346,-0.402,-4.625,-0.184,-0.382,0.175,-0.652,-0.758,1.753,,earned,,covered anyway; garbage time (-4.6),,,,0.0,0.0,0.0,0.0,0.0,0.0,0.0,0.0,0.0,0.0,0.0,0.0,0.0,0.0,0.0,0.0,0.0,0.0,0.173,0.926,0.0,24.0,0.0,0.0,24.0,0.0,0.0,0.0,1.0,1.0,,4.0,,78.4,archive,-3.0,0.0,4.221,99.0,89.0,3.0,2.0,1.733,0.0,0.0,0.0,131.0,129.417,1.583,True,-3.5,-0.18,-0.18,2.829,0.537,3.944,False,0,0.0,7,7,0.001,-0.03,True
2021_01_PIT_BUF,under,2019-22,2021,1,BUF,PIT,Under 48,6.5,48.0,6.793,45.078,-2.922,0.491,0.603,16.0,23.0,-7.0,39.0,True,False,1.0,9.0,6.078,5.508,-1.104,1.674,2.088,1.346,1.215,0.859,-0.184,-0.015,0.175,-1.377,-0.064,0.361,,earned,,covered anyway (miss +6.1 inside the edge),,,,1.0,0.0,-3.714,0.0,0.0,0.0,0.0,0.0,0.0,0.0,0.0,0.0,0.0,0.0,0.0,0.0,1.0,0.0,-4.107,1.123,6.0,3.0,0.0,6.0,3.0,0.0,0.0,0.0,1.0,1.0,17.0,16.7,73.0,73.0,archive,-0.3,0.0,-6.106,81.0,32.0,3.0,0.0,-4.427,0.0,0.0,0.0,131.0,127.655,3.345,True,-6.5,0.618,0.618,-0.325,0.995,2.627,False,0,0.0,7,7,0.034,-0.045,True
2021_01_SEA_IND,under,2019-22,2021,1,IND,SEA,Under 49,-3.0,49.0,-2.408,46.136,-2.864,0.529,0.602,16.0,28.0,-12.0,44.0,True,False,1.0,5.0,2.136,2.708,1.835,-2.408,2.088,1.346,-0.122,-0.603,-0.184,0.026,0.175,1.114,0.343,0.361,,earned,,covered anyway (miss +2.1 inside the edge),,,,1.0,1.0,-3.705,-5.01,0.0,0.0,0.0,0.0,0.0,0.0,0.0,0.0,0.0,0.0,0.0,0.0,0.0,0.0,0.119,0.274,6.0,7.0,0.0,6.0,7.0,0.0,0.0,0.0,1.0,1.0,,6.0,,81.0,pbp_text,0.0,0.0,1.333,16.0,53.0,3.0,0.0,-7.823,0.0,0.0,0.0,125.0,127.707,-2.707,True,3.0,-1.627,-1.627,2.219,0.737,-1.097,False,0,1.0,7,7,0.006,0.006,True
2021_01_ARI_TEN,under,2019-22,2021,1,TEN,ARI,Under 54,2.5,54.0,1.816,48.891,-5.109,0.517,0.666,13.0,38.0,-25.0,51.0,True,False,1.0,3.0,-2.109,-1.666,-0.687,0.245,-4.619,1.346,2.576,-0.969,-0.184,-0.219,0.175,-0.728,-0.092,0.361,,earned,,"covered anyway; 4 turnovers, 21 pts off them (-4.6)",,,,3.0,1.0,-14.596,-3.8,7.0,14.0,0.0,0.0,0.0,0.0,0.0,0.0,1.0,1.0,1.0,0.0,0.0,0.0,-3.221,-3.2,0.0,14.0,0.0,0.0,14.0,0.0,0.0,0.0,0.977,1.0,8.0,6.2,82.0,83.0,archive,-1.8,0.0,-0.061,57.0,59.0,3.0,0.0,-2.22,0.0,0.0,0.0,131.0,129.231,1.769,False,2.5,-0.589,-0.589,0.095,0.198,-0.255,False,0,0.0,7,7,-0.009,0.059,True
2021_01_CLE_KC,under,2019-22,2021,1,KC,CLE,Under 54.5,5.5,54.5,6.875,49.425,-5.075,0.533,0.666,33.0,29.0,4.0,62.0,False,False,-1.1,-7.5,-12.575,6.089,5.941,-24.604,1.13,1.346,-0.536,4.15,-0.184,0.189,0.175,4.333,0.371,1.057,variance,,,"outplayed, no luck (residual -24.6)",,,,0.0,2.0,0.0,-7.389,3.0,0.0,0.0,0.0,0.0,0.0,0.0,0.0,0.0,0.0,0.0,0.0,0.0,0.0,1.235,0.203,0.0,0.0,0.0,0.0,0.0,0.0,0.0,0.0,1.0,0.939,8.0,9.2,88.0,90.3,archive,1.2,0.0,0.39,36.0,30.0,0.0,4.0,-2.157,0.0,0.0,0.0,117.0,127.526,-10.526,True,-5.5,0.232,0.232,1.143,0.743,-0.385,False,0,0.0,7,7,0.056,0.042,True
2021_01_MIA_NE,under,2019-22,2021,1,NE,MIA,Under 43.5,3.5,43.5,-2.262,39.911,-3.589,0.319,0.623,16.0,17.0,-1.0,33.0,True,False,1.0,10.5,6.911,6.679,-0.228,0.46,2.088,1.346,-0.904,4.15,-0.184,-0.355,0.175,1.919,-0.055,-1.727,,earned,,covered anyway (miss +6.9 inside the edge),,,,2.0,1.0,-9.869,-3.603,0.0,0.0,0.0,0.0,0.0,0.0,0.0,0.0,0.0,0.0,0.0,0.0,0.0,0.0,1.339,1.029,0.0,0.0,0.0,0.0,0.0,0.0,0.0,0.0,1.0,1.0,15.0,12.2,81.0,78.8,archive,-2.8,0.0,0.022,84.0,28.0,0.0,0.0,0.0,0.0,0.0,0.0,119.0,123.661,-4.661,False,3.5,1.142,1.142,6.904,1.796,-10.127,False,1,0.0,7,7,-0.026,0.001,True
2021_01_GB_NO,under,2019-22,2021,1,NO,GB,Under 49,-4.0,49.0,-3.71,43.607,-5.393,0.538,0.678,38.0,3.0,35.0,41.0,True,False,1.0,8.0,2.607,-4.435,8.308,-1.266,-0.148,1.346,-0.643,-4.99,-0.184,0.461,0.175,5.759,0.343,1.753,,earned,,covered anyway; garbage time (-5.0),,,,0.0,3.0,0.0,-15.636,7.0,0.0,0.0,0.0,0.0,0.0,0.0,0.0,0.0,0.0,0.0,0.0,0.0,0.0,1.3,0.408,22.0,3.0,22.0,0.0,0.0,3.0,0.0,0.0,0.889,0.784,9.0,12.2,86.0,77.5,archive,3.2,0.0,0.527,36.0,33.0,2.0,3.0,5.083,0.0,0.0,0.0,110.0,123.992,-13.992,True,4.0,-2.515,-3.587,3.877,1.117,3.007,False,0,0.0,7,7,-0.038,0.058,True
2021_01_CHI_LA,under,2019-22,2021,1,LA,CHI,Under 46,9.5,46.0,6.152,43.14,-2.86,0.374,0.602,34.0,14.0,20.0,48.0,False,False,-1.1,-2.0,-4.86,-1.561,6.84,-10.139,-1.106,1.346,-0.831,-0.969,-0.184,0.026,0.175,4.746,0.324,1.753,variance,,,"outplayed, no luck (residual -10.1)",,,,0.0,2.0,0.0,-8.828,10.0,0.0,0.0,0.0,0.0,0.0,0.0,0.0,0.0,0.0,0.0,0.0,0.0,0.0,2.082,0.102,14.0,0.0,14.0,0.0,0.0,0.0,0.0,0.0,1.0,0.935,,10.0,,71.0,pbp_text,0.0,0.0,-1.565,36.0,35.0,1.0,4.0,14.752,0.0,0.0,0.0,115.0,126.53,-11.53,False,9.5,0.109,0.109,3.457,1.663,0.702,True,0,1.0,7,7,-0.02,-0.075,True
2021_02_NYG_WAS,under,2019-22,2021,2,WAS,NYG,Under 42,4.0,42.0,2.803,39.694,-2.306,0.448,0.583,30.0,29.0,1.0,59.0,False,False,-1.1,-17.0,-19.306,3.088,-2.484,-19.91,1.13,1.346,-3.536,4.15,-0.184,0.718,0.175,-2.349,-0.508,-0.335,variance,,,"kicks (0 FG missed, 0 blocked) (-3.5); and outplayed (-19.9)",,,,1.0,0.0,-4.577,0.0,0.0,3.0,0.0,0.0,0.0,0.0,0.0,0.0,0.0,0.0,0.0,0.0,0.0,0.0,2.945,6.069,0.0,0.0,0.0,0.0,0.0,0.0,0.0,0.0,1.0,1.0,0.0,5.1,71.0,71.4,archive,5.1,0.0,-3.369,80.0,81.0,2.0,0.0,3.238,0.0,0.0,0.0,131.0,125.292,5.708,False,4.0,-0.578,-0.578,0.62,1.169,-4.052,True,1,0.0,4,4,-0.011,-0.052,True
2021_02_BUF_MIA,under,2019-22,2021,2,MIA,BUF,Under 48,-3.5,48.0,-4.65,44.203,-3.797,0.494,0.63,0.0,35.0,-35.0,35.0,True,False,1.0,13.0,9.203,0.478,1.578,7.147,2.088,1.346,0.573,-3.528,2.327,-0.395,0.175,-2.006,-0.277,1.753,,earned,,covered anyway; garbage time (-3.5),,,,3.0,2.0,-11.052,-8.52,0.0,0.0,0.0,0.0,0.0,0.0,0.0,0.0,0.0,1.0,0.0,0.0,0.0,0.0,0.0,-1.362,0.0,21.0,0.0,0.0,21.0,0.0,0.0,0.0,0.113,1.0,7.0,3.9,89.0,87.6,archive,-3.1,0.0,0.231,83.0,53.0,4.0,1.0,-13.492,0.0,0.0,0.0,131.0,126.127,4.873,False,-3.5,-1.288,-1.288,-0.138,0.827,0.856,False,1,0.0,7,7,0.023,-0.024,True
2021_02_NE_NYJ,under,2019-22,2021,2,NYJ,NE,Under 43,-5.5,43.0,-4.041,40.609,-2.391,0.563,0.587,6.0,25.0,-19.0,31.0,True,False,1.0,12.0,9.609,-0.689,-0.703,11.002,-3.022,1.346,0.128,0.859,-0.184,-0.435,0.175,-0.389,-0.231,0.361,,earned,,"covered anyway; 4 turnovers, 16 pts off them (-3.0)",,,,4.0,0.0,-15.537,0.0,0.0,16.0,0.0,0.0,0.0,0.0,0.0,0.0,1.0,0.0,0.0,1.0,0.0,0.0,-1.889,1.649,3.0,6.0,0.0,3.0,6.0,0.0,0.0,0.0,1.0,1.0,13.0,9.6,72.0,73.6,archive,-3.4,0.0,-1.785,77.0,54.0,3.0,0.0,-3.298,0.0,0.0,0.0,124.0,123.054,0.946,True,5.5,0.004,0.004,1.455,0.62,0.033,False,1,0.0,7,7,-0.036,0.002,True
2021_02_SF_PHI,under,2019-22,2021,2,PHI,SF,Under 49,-3.0,49.0,1.352,45.232,-3.768,0.645,0.629,11.0,17.0,-6.0,28.0,True,False,1.0,21.0,17.232,3.77,2.701,10.762,2.088,1.346,0.208,0.128,-0.184,-0.544,0.175,3.69,-0.101,-0.335,,earned,,covered anyway (miss +17.2 inside the edge),,,,0.0,0.0,0.0,0.0,0.0,0.0,0.0,0.0,0.0,0.0,0.0,0.0,1.0,0.0,0.0,0.0,1.0,0.0,-1.547,1.106,8.0,3.0,0.0,8.0,3.0,0.0,0.0,0.0,0.971,1.0,13.0,8.8,76.0,77.1,archive,-4.2,0.0,1.958,57.0,60.0,1.0,1.0,-5.023,0.0,0.0,0.0,120.0,128.964,-8.964,True,3.0,1.498,1.498,2.854,0.206,4.404,False,0,0.0,7,7,-0.033,-0.018,True
2021_02_ATL_TB,under,2019-22,2021,2,TB,ATL,Under 52,13.5,52.0,9.905,48.42,-3.58,0.394,0.623,48.0,25.0,23.0,73.0,False,False,-1.1,-21.0,-24.58,-9.405,3.476,-18.651,-0.148,-7.996,0.073,-1.334,-0.184,0.691,0.175,0.585,-0.24,2.449,variance,,,return TD (-8.0); and outplayed (-18.7),,,,1.0,3.0,-4.286,-21.621,21.0,0.0,2.0,0.0,0.0,0.0,0.0,0.0,0.0,0.0,1.0,0.0,0.0,0.0,-0.527,0.427,9.0,6.0,9.0,0.0,0.0,6.0,0.0,0.0,1.0,0.962,0.0,4.9,85.0,80.6,archive,4.9,0.0,2.442,83.0,49.0,2.0,4.0,3.689,0.0,0.0,0.0,127.0,128.422,-1.422,False,13.5,-0.002,-0.002,3.594,0.776,-1.762,False,1,0.0,7,10,-0.003,0.005,True
2021_02_DAL_LAC,under,2019-22,2021,2,LAC,DAL,Under 55,3.0,55.0,2.786,50.844,-4.156,0.503,0.636,17.0,20.0,-3.0,37.0,True,False,1.0,18.0,13.844,5.616,2.267,5.961,0.171,1.346,-0.051,4.15,-0.184,0.026,0.175,3.223,-0.638,-0.335,,earned,,covered anyway (miss +13.8 inside the edge),,,,2.0,1.0,-9.761,-5.749,3.0,3.0,0.0,0.0,0.0,0.0,0.0,0.0,1.0,0.0,0.0,0.0,0.0,0.0,-1.269,1.482,0.0,0.0,0.0,0.0,0.0,0.0,0.0,0.0,1.0,1.0,,4.0,,73.0,pbp_text,0.0,0.0,-3.201,99.0,76.0,1.0,1.0,5.009,0.0,0.0,0.0,123.0,130.831,-7.831,False,3.0,0.831,0.831,1.044,0.413,-0.266,False,0,1.0,10,7,-0.004,0.004,True
2021_02_TEN_SEA,under,2019-22,2021,2,SEA,TEN,Under 53.5,6.5,53.5,6.186,47.236,-6.264,0.472,0.697,30.0,33.0,-3.0,63.0,False,False,-1.1,-9.5,-15.764,0.7,-5.284,-11.181,-0.148,1.346,1.202,-1.7,-0.184,0.256,-1.591,-2.374,-0.36,-1.031,variance,,,"outplayed, no luck (residual -11.2)",,,,0.0,1.0,0.0,-5.485,7.0,0.0,0.0,0.0,0.0,0.0,0.0,0.0,0.0,1.0,1.0,0.0,0.0,0.0,-0.525,-2.427,7.0,9.0,7.0,0.0,3.0,6.0,0.0,0.0,1.0,1.0,14.0,15.7,62.0,62.2,archive,1.7,0.0,1.451,100.0,45.0,0.0,1.0,3.193,1.0,0.0,3.0,134.0,128.233,5.767,False,6.5,0.083,0.083,0.397,0.258,0.032,False,0,0.0,7,7,0.046,0.005,True
2021_02_KC_BAL,under,2019-22,2021,2,BAL,KC,Under 53.5,-3.5,53.5,-1.446,51.183,-2.317,0.59,0.584,36.0,35.0,1.0,71.0,False,False,-1.1,-17.5,-19.817,0.575,2.146,-22.538,0.171,-3.325,-0.42,4.15,-0.184,-0.368,0.175,3.507,0.047,-1.031,variance,,,return TD (-3.3); and outplayed (-22.5),,,,2.0,2.0,-10.091,-7.532,6.0,7.0,0.0,1.0,0.0,0.0,0.0,0.0,0.0,0.0,0.0,0.0,0.0,0.0,0.809,0.338,0.0,0.0,0.0,0.0,0.0,0.0,0.0,0.0,1.0,1.0,8.0,5.1,82.0,68.6,archive,-2.9,0.0,-1.01,55.0,46.0,1.0,0.0,-0.005,0.0,0.0,0.0,117.0,125.52,-8.52,True,3.5,-1.777,-1.777,3.83,1.104,4.651,True,0,0.0,6,7,-0.016,0.071,True
2021_02_DET_GB,under,2019-22,2021,2,GB,DET,Under 49.5,11.5,49.5,12.409,47.188,-2.312,0.501,0.584,35.0,17.0,18.0,52.0,False,False,-1.1,-2.5,-4.812,2.414,4.151,-11.377,-0.148,1.346,-0.374,1.59,-0.184,0.107,0.175,4.59,-0.203,-0.335,variance,,,"outplayed, no luck (residual -11.4)",,,,0.0,2.0,0.0,-8.697,7.0,0.0,0.0,0.0,0.0,0.0,0.0,0.0,0.0,0.0,0.0,0.0,0.0,0.0,0.338,0.692,7.0,0.0,7.0,0.0,0.0,0.0,0.0,0.0,1.0,1.0,12.0,12.6,73.0,72.6,archive,0.6,0.0,2.898,50.0,78.0,0.0,2.0,5.735,0.0,0.0,0.0,113.0,124.152,-11.152,True,-11.5,0.911,0.911,-0.002,0.435,-0.144,True,1,0.0,8,8,0.049,0.041,True
2021_03_WAS_BUF,under,2019-22,2021,3,BUF,WAS,Under 45.5,7.5,45.5,10.109,39.134,-6.366,0.535,0.699,43.0,21.0,22.0,64.0,False,False,-1.1,-18.5,-24.866,-11.567,1.869,-15.168,-3.342,1.346,-0.559,-9.012,-0.184,-0.308,0.175,1.472,0.352,0.361,knowable,,wk3_4,"garbage time (-9.0); 3 turnovers, 17 pts off them (-3.3); and outplayed (-15.2)",,,,0.0,3.0,0.0,-12.233,17.0,0.0,0.0,0.0,0.0,0.0,0.0,0.0,0.0,0.0,0.0,0.0,0.0,0.0,1.294,0.203,23.0,13.0,23.0,0.0,0.0,13.0,0.0,0.0,0.96,1.0,21.0,18.6,67.0,63.1,archive,-2.4,0.0,1.954,30.0,38.0,1.0,2.0,-3.569,0.0,0.0,0.0,125.0,128.576,-3.576,True,-7.5,0.762,0.762,1.847,0.31,1.885,False,0,0.0,7,10,0.01,-0.042,True
2021_03_CHI_CLE,under,2019-22,2021,3,CLE,CHI,Under 45,7.5,45.0,5.011,43.167,-1.833,0.382,0.564,26.0,6.0,20.0,32.0,True,False,1.0,13.0,11.167,2.209,3.065,5.892,2.088,1.346,-2.815,1.59,-0.184,-0.85,0.175,3.199,-0.332,1.057,,earned,wk3_4,covered anyway (miss +11.2 inside the edge),,,,0.0,0.0,0.0,0.0,0.0,0.0,0.0,0.0,0.0,0.0,0.0,0.0,0.0,0.0,0.0,0.0,0.0,0.0,5.866,1.327,7.0,0.0,7.0,0.0,0.0,0.0,0.0,0.0,1.0,1.0,22.0,15.7,70.0,67.3,archive,-6.3,0.0,-6.0,98.0,44.0,3.0,1.0,-2.401,0.0,0.0,0.0,117.0,124.773,-7.773,False,7.5,-0.243,-0.243,2.245,0.904,-4.607,False,0,0.0,7,7,-0.026,0.058,True
2021_03_ARI_JAX,under,2019-22,2021,3,JAX,ARI,Under 51.5,-8.0,51.5,-8.683,48.799,-2.701,0.526,0.597,19.0,31.0,-12.0,50.0,True,False,1.0,1.5,-1.201,3.912,0.585,-5.697,2.088,-3.325,3.559,1.59,-0.184,0.262,0.175,-0.104,0.075,0.361,,luck,wk3_4,covered anyway; return TD (-3.3),,,,4.0,1.0,-18.189,-3.969,0.0,7.0,0.0,1.0,0.0,0.0,0.0,0.0,0.0,1.0,2.0,0.0,0.0,0.0,-1.797,-7.104,0.0,7.0,0.0,0.0,7.0,0.0,0.0,0.0,1.0,1.0,4.0,5.7,81.0,80.8,archive,1.7,0.0,0.674,40.0,58.0,1.0,2.0,-1.798,0.0,0.0,0.0,129.0,128.747,0.253,False,-8.0,-0.069,-0.069,0.614,0.399,-1.645,False,0,0.0,7,7,-0.009,-0.007,True
2021_03_LAC_KC,under,2019-22,2021,3,KC,LAC,Under 55,6.5,55.0,6.42,50.065,-4.935,0.478,0.662,24.0,30.0,-6.0,54.0,True,False,1.0,1.0,-3.935,1.74,-5.543,-0.132,-4.3,1.346,0.545,4.15,-0.184,-0.516,0.175,-3.987,0.001,-1.031,,luck,wk3_4,"covered anyway; 4 turnovers, 20 pts off them (-4.3); pace (-4.0)",,,,4.0,0.0,-18.034,0.0,0.0,20.0,0.0,0.0,0.0,0.0,0.0,0.0,0.0,0.0,0.0,2.0,0.0,0.0,0.44,-1.732,0.0,0.0,0.0,0.0,0.0,0.0,0.0,0.0,1.0,1.0,19.0,15.1,81.0,81.6,archive,-3.9,0.0,-2.886,56.0,50.0,0.0,1.0,-2.679,0.0,0.0,0.0,137.0,127.313,9.687,False,6.5,-0.291,-0.291,-0.212,0.947,-2.235,False,1,0.0,7,7,0.012,0.084,True
2021_03_NO_NE,under,2019-22,2021,3,NE,NO,Under 44,3.0,44.0,-2.76,41.356,-2.644,0.331,0.596,13.0,28.0,-15.0,41.0,True,False,1.0,3.0,0.356,-2.204,-2.192,4.752,-0.148,-3.325,3.335,-2.066,-0.184,-0.141,0.175,-2.968,0.565,0.361,,earned,wk3_4,covered anyway; return TD (-3.3),,,,3.0,0.0,-16.292,0.0,0.0,14.0,0.0,1.0,0.0,0.0,0.0,0.0,0.0,2.0,0.0,0.0,1.0,0.0,-1.81,-6.526,10.0,7.0,0.0,10.0,7.0,0.0,0.0,0.0,1.0,0.818,11.0,9.8,73.0,71.9,archive,-1.2,0.0,0.649,30.0,15.0,3.0,0.0,1.631,0.0,0.0,0.0,130.0,122.788,7.212,False,3.0,1.71,1.71,7.47,1.146,-8.534,False,0,0.0,7,7,-0.056,-0.012,True
2021_03_ATL_NYG,under,2019-22,2021,3,NYG,ATL,Under 48,3.0,48.0,1.64,41.799,-6.201,0.466,0.694,14.0,17.0,-3.0,31.0,True,False,1.0,17.0,10.799,7.273,0.199,3.327,2.088,1.346,-0.31,4.15,-0.184,0.012,0.175,1.691,0.232,-1.727,,earned,wk3_4,covered anyway (miss +10.8 inside the edge),,,,1.0,1.0,-2.287,-1.342,0.0,0.0,0.0,0.0,0.0,0.0,0.0,0.0,0.0,0.0,0.0,0.0,0.0,0.0,0.281,0.587,0.0,0.0,0.0,0.0,0.0,0.0,0.0,0.0,1.0,1.0,13.0,12.9,69.0,69.8,archive,-0.1,0.0,-2.584,53.0,28.0,0.0,0.0,0.0,0.0,0.0,0.0,123.0,127.11,-4.11,False,3.0,0.614,0.614,1.974,0.62,0.039,False,0,0.0,7,10,-0.012,-0.003,True
2021_03_TB_LA,under,2019-22,2021,3,LA,TB,Under 55,-1.0,55.0,-0.908,49.125,-5.875,0.497,0.688,34.0,24.0,10.0,58.0,False,False,-1.1,-3.0,-8.875,1.443,-1.737,-8.581,2.088,1.346,0.075,-2.066,-0.184,0.026,0.175,-1.984,0.565,-0.335,knowable,,wk3_4,"outplayed, no luck (residual -8.6)",,,,0.0,0.0,0.0,0.0,0.0,0.0,0.0,0.0,0.0,0.0,0.0,0.0,0.0,1.0,0.0,0.0,0.0,0.0,1.636,-1.741,7.0,10.0,7.0,0.0,0.0,10.0,0.0,0.0,1.0,1.0,,5.0,,68.0,pbp_text,0.0,0.0,4.734,4.0,41.0,0.0,2.0,0.582,0.0,0.0,0.0,132.0,127.181,4.819,True,1.0,1.276,1.276,-1.184,0.678,-1.401,False,0,1.0,7,7,-0.053,-0.003,True
2021_03_GB_SF,under,2019-22,2021,3,SF,GB,Under 50.5,3.5,50.5,-0.597,47.722,-2.778,0.363,0.6,28.0,30.0,-2.0,58.0,False,False,-1.1,-7.5,-10.278,4.943,-1.346,-13.875,1.13,1.346,-1.682,4.15,-0.184,-0.447,0.175,0.76,-0.619,-1.031,knowable,,wk3_4,"outplayed, no luck (residual -13.9)",,,,2.0,0.0,-9.638,0.0,0.0,3.0,0.0,0.0,0.0,0.0,0.0,0.0,0.0,0.0,0.0,0.0,0.0,0.0,0.27,4.062,0.0,0.0,0.0,0.0,0.0,0.0,0.0,0.0,1.0,1.0,15.0,11.6,69.0,68.5,archive,-3.4,0.0,1.512,86.0,87.0,0.0,1.0,3.967,0.0,0.0,0.0,122.0,123.847,-1.847,False,3.5,-1.0,-1.0,3.097,2.338,1.615,True,0,0.0,6,7,0.056,-0.013,True
2021_04_JAX_CIN,under,2019-22,2021,4,CIN,JAX,Under 46,7.5,46.0,6.553,44.391,-1.609,0.428,0.557,24.0,21.0,3.0,45.0,True,False,1.0,1.0,-0.609,8.491,7.656,-16.757,2.088,1.346,0.908,4.15,-0.184,0.732,0.175,6.731,0.537,-0.335,,luck,wk3_4,covered anyway (miss -0.6 inside the edge),,,,0.0,0.0,0.0,0.0,0.0,0.0,0.0,0.0,0.0,0.0,0.0,0.0,1.0,0.0,0.0,0.0,0.0,0.0,-2.411,0.203,0.0,0.0,0.0,0.0,0.0,0.0,0.0,0.0,1.0,1.0,0.0,5.2,65.0,67.1,archive,5.2,0.0,-2.256,38.0,10.0,0.0,2.0,1.165,0.0,0.0,0.0,110.0,126.353,-16.353,False,7.5,-0.993,-0.993,-0.046,1.01,-3.409,True,0,0.0,4,4,-0.002,-0.036,True
2021_04_WAS_ATL,under,2019-22,2021,4,ATL,WAS,Under 47.5,-1.0,47.5,2.227,45.336,-2.164,0.591,0.577,30.0,34.0,-4.0,64.0,False,False,-1.1,-16.5,-18.664,3.524,-2.819,-19.369,2.088,-3.325,0.612,4.15,-0.184,-0.015,0.175,-2.322,-0.138,-0.335,knowable,,wk3_4,return TD (-3.3); and outplayed (-19.4),,,,0.0,0.0,0.0,0.0,0.0,0.0,0.0,0.0,0.0,1.0,0.0,0.0,0.0,0.0,0.0,2.0,0.0,0.0,0.299,-1.761,0.0,0.0,0.0,0.0,0.0,0.0,0.0,0.0,1.0,1.0,,6.7,,72.9,archive,-0.3,0.0,4.772,36.0,85.0,0.0,2.0,-0.161,0.0,0.0,0.0,134.0,128.358,5.642,True,1.0,0.186,0.186,3.041,0.207,3.328,False,0,0.0,7,7,-0.008,-0.037,True
2021_04_HOU_BUF,under,2019-22,2021,4,BUF,HOU,Under 47.5,19.0,47.5,16.483,43.268,-4.232,0.444,0.639,40.0,0.0,40.0,40.0,True,False,1.0,7.5,3.268,-10.241,6.387,7.122,-5.577,1.346,-0.288,-5.721,-0.184,-0.341,0.175,5.901,-0.221,1.057,,earned,wk3_4,"covered anyway; garbage time (-5.7); 6 turnovers, 24 pts off them (-5.6)",,,,1.0,5.0,-7.019,-21.452,24.0,0.0,0.0,0.0,0.0,0.0,0.0,0.0,0.0,0.0,0.0,0.0,0.0,0.0,0.812,0.0,27.0,0.0,27.0,0.0,0.0,0.0,0.0,0.0,0.925,1.0,12.0,9.3,67.0,67.6,archive,-2.7,0.0,5.273,30.0,100.0,2.0,2.0,1.65,0.0,0.0,0.0,112.0,126.337,-14.337,False,19.0,0.487,0.487,3.004,0.783,-4.364,False,0,0.0,10,7,0.053,0.013,True
2021_04_CAR_DAL,under,2019-22,2021,4,DAL,CAR,Under 51.5,4.5,51.5,4.997,48.21,-3.29,0.5,0.615,36.0,28.0,8.0,64.0,False,False,-1.1,-12.5,-15.79,-3.179,2.58,-15.191,-1.106,1.346,1.206,-4.625,-0.184,0.026,0.175,1.284,0.223,1.057,knowable,,wk3_4,garbage time (-4.6); and outplayed (-15.2),,,,0.0,2.0,0.0,-10.04,10.0,0.0,0.0,0.0,0.0,0.0,0.0,0.0,0.0,1.0,0.0,0.0,0.0,0.0,0.753,-3.715,10.0,14.0,10.0,0.0,0.0,14.0,0.0,0.0,1.0,1.0,,,,82.0,pbp_text,0.0,0.0,-1.422,50.0,32.0,1.0,3.0,-6.795,0.0,0.0,0.0,124.0,127.118,-3.118,True,-4.5,1.689,1.689,-1.191,1.073,-1.989,False,0,1.0,6,10,-0.002,-0.032,True
2021_04_TEN_NYJ,under,2019-22,2021,4,NYJ,TEN,Under 44.5,-5.5,44.5,-7.236,39.999,-4.501,0.465,0.647,27.0,24.0,3.0,51.0,False,False,-1.1,-6.5,-11.001,5.102,-13.137,-2.966,1.13,1.346,-0.426,3.053,-0.184,-0.355,-1.591,-10.841,-0.527,0.361,in-game events,,wk3_4,pace (-10.8),,,,1.0,0.0,-4.332,0.0,0.0,3.0,0.0,0.0,0.0,0.0,0.0,0.0,0.0,1.0,0.0,0.0,0.0,0.0,0.358,0.803,3.0,0.0,3.0,0.0,0.0,0.0,0.0,0.0,1.0,1.0,9.0,6.2,78.0,76.6,archive,-2.8,0.0,2.252,65.0,98.0,0.0,3.0,-0.346,1.0,3.0,0.0,153.0,126.661,26.339,False,-5.5,2.405,2.405,4.141,0.472,-0.696,False,0,0.0,7,7,0.048,-0.063,True
2021_04_KC_PHI,under,2019-22,2021,4,PHI,KC,Under 53.5,-7.5,53.5,-4.937,51.977,-1.523,0.628,0.554,30.0,42.0,-12.0,72.0,False,False,-1.1,-18.5,-20.023,0.765,-2.21,-18.578,1.13,1.346,-0.376,-1.334,-0.184,-0.246,0.175,-1.723,0.102,-0.335,knowable,,wk3_4,"outplayed, no luck (residual -18.6)",,,,0.0,1.0,0.0,-3.952,3.0,0.0,0.0,0.0,0.0,0.0,0.0,0.0,0.0,0.0,0.0,0.0,0.0,0.0,0.628,0.405,7.0,8.0,0.0,7.0,8.0,0.0,0.0,0.0,1.0,1.0,8.0,6.0,73.0,79.4,archive,-2.0,0.0,0.157,49.0,46.0,2.0,0.0,0.19,0.0,0.0,0.0,132.0,127.814,4.186,True,7.5,-0.023,-0.023,2.585,0.982,4.924,False,0,0.0,6,7,-0.03,0.091,True
2021_04_ARI_LA,under,2019-22,2021,4,LA,ARI,Under 53.5,3.5,53.5,3.36,50.319,-3.181,0.477,0.612,20.0,37.0,-17.0,57.0,False,False,-1.1,-3.5,-6.681,-2.881,-4.199,0.399,-2.384,1.346,0.222,-2.066,-0.184,0.026,0.175,-3.25,0.065,-1.031,in-game events,,wk3_4,pace (-3.3),,,,2.0,0.0,-9.177,0.0,0.0,14.0,0.0,0.0,0.0,0.0,0.0,0.0,1.0,0.0,0.0,0.0,0.0,0.0,-2.577,2.101,7.0,10.0,0.0,7.0,10.0,0.0,0.0,0.0,1.0,1.0,,3.0,,89.0,pbp_text,0.0,0.0,2.062,36.0,63.0,1.0,0.0,-3.975,0.0,0.0,0.0,136.0,128.104,7.896,False,3.5,-0.407,-0.407,-0.267,0.448,-1.2,False,1,1.0,7,7,-0.006,-0.032,True
2021_04_TB_NE,under,2019-22,2021,4,NE,TB,Under 49.5,-6.0,49.5,-7.195,42.322,-7.178,0.486,0.716,17.0,19.0,-2.0,36.0,True,False,1.0,13.5,6.322,8.614,-0.97,-1.322,2.088,1.346,1.031,4.15,-0.184,0.298,0.175,0.885,-0.416,-1.727,,earned,wk3_4,covered anyway (miss +6.3 inside the edge),,,,2.0,0.0,-8.217,0.0,0.0,0.0,0.0,0.0,0.0,0.0,0.0,0.0,1.0,1.0,0.0,0.0,0.0,0.0,-0.625,-1.894,0.0,0.0,0.0,0.0,0.0,0.0,0.0,0.0,0.957,1.0,4.0,6.0,62.0,59.9,archive,2.0,0.0,-1.07,77.0,74.0,0.0,0.0,0.0,0.0,0.0,0.0,124.0,126.149,-2.149,False,-6.0,1.059,1.059,2.254,0.427,-0.441,True,0,0.0,7,7,0.014,-0.016,True
2021_05_LA_SEA,under,2019-22,2021,5,SEA,LA,Under 53.5,-2.5,53.5,1.186,49.849,-3.651,0.596,0.627,17.0,26.0,-9.0,43.0,True,False,1.0,10.5,6.849,4.917,2.751,-0.819,1.13,1.346,0.851,1.59,2.327,-0.163,0.175,0.737,0.01,-0.335,,earned,,covered anyway (miss +6.8 inside the edge),,,,2.0,1.0,-6.653,-5.486,0.0,3.0,0.0,0.0,0.0,0.0,0.0,0.0,1.0,0.0,0.0,1.0,0.0,0.0,-2.377,0.312,3.0,4.0,0.0,3.0,4.0,0.0,0.0,0.0,0.5,1.0,8.0,6.6,56.0,55.1,archive,-1.4,0.0,4.671,20.0,85.0,1.0,1.0,-4.946,0.0,0.0,0.0,126.0,127.792,-1.792,True,2.5,-0.145,-0.145,3.831,1.055,5.996,True,1,0.0,4,4,0.019,-0.022,True
2021_05_NYJ_ATL,under,2019-22,2021,5,ATL,NYJ,Under 45.5,3.0,45.5,7.988,40.093,-5.407,0.664,0.678,27.0,20.0,7.0,47.0,False,False,-1.1,-1.5,-6.907,-0.305,-0.708,-5.894,1.13,1.346,-0.714,-2.066,-0.184,0.012,0.175,0.486,-0.166,-1.031,variance,,,nothing stands out: ordinary miss (residual -5.9),,,,2.0,1.0,-8.706,-3.911,0.0,3.0,0.0,0.0,0.0,0.0,0.0,0.0,0.0,0.0,0.0,1.0,0.0,0.0,1.528,0.361,11.0,6.0,11.0,0.0,0.0,6.0,0.0,0.0,0.75,1.0,8.0,7.9,63.0,64.2,archive,-0.1,0.0,-2.226,66.0,58.0,1.0,0.0,3.002,0.0,0.0,0.0,127.0,128.181,-1.181,True,-3.0,-2.292,-2.292,7.28,0.36,5.429,False,0,0.0,7,7,0.002,-0.061,True
2021_05_PHI_CAR,under,2019-22,2021,5,CAR,PHI,Under 46,2.5,46.0,-0.029,44.432,-1.568,0.46,0.556,18.0,21.0,-3.0,39.0,True,False,1.0,7.0,5.432,5.752,-3.239,2.918,1.13,1.346,-0.872,4.15,-0.184,-0.312,0.175,-1.675,-0.212,-1.031,,earned,,covered anyway (miss +5.4 inside the edge),,,,3.0,2.0,-12.583,-7.686,0.0,3.0,0.0,0.0,0.0,0.0,0.0,0.0,0.0,0.0,0.0,0.0,1.0,0.0,0.418,1.869,0.0,0.0,0.0,0.0,0.0,0.0,0.0,0.0,1.0,1.0,13.0,10.5,76.0,77.1,archive,-2.5,0.0,-0.523,69.0,60.0,0.0,1.0,2.705,0.0,0.0,0.0,130.0,125.931,4.069,False,2.5,-2.411,-2.411,0.118,1.434,0.932,False,0,0.0,7,7,-0.006,-0.019,True
2021_05_GB_CIN,under,2019-22,2021,5,CIN,GB,Under 50,-2.0,50.0,-3.188,46.743,-3.257,0.451,0.614,22.0,25.0,-3.0,47.0,True,False,1.0,3.0,-0.257,11.01,-4.182,-7.086,1.13,1.346,4.385,4.15,-0.184,-0.231,-1.591,-2.536,0.695,-0.335,,luck,,covered anyway (miss -0.3 inside the edge),,,,2.0,1.0,-9.487,-6.216,0.0,3.0,0.0,0.0,0.0,0.0,0.0,0.0,2.0,3.0,0.0,1.0,0.0,0.0,-4.388,-6.6,0.0,0.0,0.0,0.0,0.0,0.0,0.0,0.0,1.0,1.0,12.0,10.1,76.0,80.4,archive,-1.9,0.0,-2.328,21.0,10.0,2.0,0.0,5.308,1.0,0.0,3.0,128.0,121.84,6.16,False,-2.0,0.933,0.933,2.121,0.324,-1.51,False,0,0.0,7,10,0.047,-0.016,True
2021_05_MIA_TB,under,2019-22,2021,5,TB,MIA,Under 48,11.0,48.0,10.398,45.962,-2.038,0.448,0.572,45.0,17.0,28.0,62.0,False,False,-1.1,-14.0,-16.038,-0.193,2.493,-18.338,-0.148,1.346,-0.057,-1.334,-0.184,-0.136,0.175,4.161,0.204,-1.727,variance,,,"outplayed, no luck (residual -18.3)",,,,0.0,2.0,0.0,-7.636,7.0,0.0,0.0,0.0,0.0,0.0,0.0,0.0,1.0,0.0,0.0,0.0,0.0,0.0,0.036,0.192,15.0,0.0,15.0,0.0,0.0,0.0,0.0,0.0,0.935,1.0,7.0,5.8,84.0,81.1,archive,-1.2,0.0,-0.72,47.0,37.0,0.0,0.0,0.0,0.0,0.0,0.0,118.0,128.109,-10.109,False,11.0,-0.099,-0.099,0.503,0.35,-0.249,False,0,0.0,7,7,-0.03,0.008,True
2021_05_NYG_DAL,under,2019-22,2021,5,DAL,NYG,Under 53,7.5,53.0,6.527,50.836,-2.164,0.428,0.577,44.0,20.0,24.0,64.0,False,False,-1.1,-11.0,-13.164,-5.861,0.057,-7.361,1.13,-3.325,-0.137,-3.528,2.327,0.026,0.175,-4.224,0.001,1.753,variance,,,pace (-4.2); garbage time (-3.5),,,,2.0,2.0,-8.875,-12.191,10.0,0.0,1.0,0.0,0.0,0.0,0.0,0.0,0.0,1.0,0.0,0.0,0.0,0.0,1.264,-0.833,14.0,7.0,14.0,0.0,0.0,7.0,0.0,0.0,0.947,0.364,,,,,none,0.0,0.0,-0.22,58.0,48.0,2.0,3.0,-4.583,0.0,0.0,0.0,138.0,127.737,10.263,False,7.5,0.874,0.874,1.848,0.676,0.357,False,1,1.0,7,7,0.013,0.008,True
2021_05_BUF_KC,under,2019-22,2021,5,KC,BUF,Under 57,2.5,57.0,-2.531,54.962,-2.038,0.387,0.572,20.0,38.0,-18.0,58.0,False,False,-1.1,-1.0,-3.038,-3.544,-1.657,2.164,2.088,-3.325,-0.972,-1.334,-0.184,0.971,0.175,-1.108,-0.481,-1.031,luck,,,return TD (-3.3),,,,4.0,0.0,-23.178,0.0,0.0,7.0,0.0,1.0,0.0,0.0,0.0,0.0,0.0,0.0,0.0,0.0,0.0,0.0,2.03,0.509,7.0,8.0,0.0,7.0,8.0,0.0,0.0,0.0,1.0,1.0,0.0,7.0,76.0,67.5,archive,7.0,0.0,8.265,55.0,103.0,1.0,0.0,-2.695,0.0,0.0,0.0,130.0,127.309,2.691,False,2.5,-0.081,-0.081,4.949,0.978,-7.38,True,0,0.0,7,7,-0.02,0.113,True
2021_06_TB_PHI,under,2019-22,2021,6,PHI,TB,Under 53,-7.0,53.0,-7.133,48.867,-4.133,0.536,0.637,22.0,28.0,-6.0,50.0,True,False,1.0,3.0,-1.133,-1.634,3.075,-2.574,-0.148,1.346,1.062,-3.894,-0.184,-0.42,0.175,4.347,-0.508,-0.335,,earned,,covered anyway; garbage time (-3.9),,,,1.0,1.0,-2.37,-0.993,0.0,7.0,0.0,0.0,0.0,0.0,0.0,0.0,1.0,0.0,0.0,0.0,0.0,0.0,-2.867,0.27,15.0,7.0,0.0,15.0,7.0,0.0,0.0,0.0,1.0,1.0,8.0,4.7,74.0,66.7,archive,-3.3,0.0,6.82,41.0,120.0,1.0,1.0,6.647,0.0,0.0,0.0,118.0,128.562,-10.562,False,-7.0,0.64,0.64,0.773,0.465,-1.155,True,0,0.0,4,4,0.022,-0.029,True
2021_06_MIA_JAX,under,2019-22,2021,6,JAX,MIA,Under 47.5,-2.5,47.5,-2.497,43.983,-3.517,0.487,0.622,23.0,20.0,3.0,43.0,True,False,1.0,4.5,0.983,6.376,0.689,-6.082,2.088,1.346,-1.207,4.15,-0.184,0.066,0.175,-1.094,-0.027,1.753,,luck,,covered anyway (miss +1.0 inside the edge),,,,1.0,1.0,-4.776,-4.731,0.0,0.0,0.0,0.0,0.0,0.0,0.0,0.0,0.0,1.0,0.0,0.0,0.0,0.0,4.085,-0.952,0.0,0.0,0.0,0.0,0.0,0.0,0.0,0.0,1.0,0.98,11.0,11.3,63.0,60.0,archive,0.3,0.0,-0.292,54.0,55.0,3.0,2.0,-0.942,0.0,0.0,0.0,129.0,126.341,2.659,True,2.5,1.607,1.607,-1.604,0.761,-1.807,False,0,0.0,7,7,0.017,-0.014,True
2021_06_LAC_BAL,under,2019-22,2021,6,BAL,LAC,Under 50.5,3.0,50.5,4.415,46.934,-3.566,0.554,0.625,34.0,6.0,28.0,40.0,True,False,1.0,10.5,6.934,-2.412,5.395,3.951,0.171,1.346,-0.767,-3.162,-0.184,-0.015,0.175,3.843,0.519,1.057,,earned,,covered anyway; garbage time (-3.2),,,,2.0,1.0,-8.969,-3.397,0.0,6.0,0.0,0.0,0.0,0.0,0.0,0.0,0.0,0.0,0.0,1.0,0.0,0.0,2.954,-0.932,20.0,0.0,20.0,0.0,0.0,0.0,0.0,0.0,1.0,1.0,15.0,14.7,63.0,61.0,archive,-0.3,0.0,0.161,15.0,35.0,0.0,4.0,7.153,0.0,0.0,0.0,119.0,128.337,-9.337,True,-3.0,-1.927,-1.927,3.342,0.534,2.662,False,0,0.0,6,7,0.011,0.024,True
2021_06_LA_NYG,under,2019-22,2021,6,NYG,LA,Under 49.5,-7.5,49.5,-5.649,46.929,-2.571,0.606,0.594,11.0,38.0,-27.0,49.0,True,False,1.0,0.5,-2.071,-13.215,-2.342,13.485,-7.174,1.346,-0.202,-7.184,-0.184,0.012,0.175,-5.063,0.269,2.449,,earned,,"covered anyway; garbage time (-7.2); 6 turnovers, 29 pts off them (-7.2)",,,,4.0,2.0,-16.587,-3.158,8.0,21.0,0.0,0.0,0.0,0.0,0.0,0.0,0.0,0.0,0.0,0.0,0.0,0.0,0.097,0.498,8.0,23.0,0.0,8.0,23.0,0.0,0.0,0.0,1.0,0.914,13.0,12.9,61.0,62.8,archive,-0.1,0.0,-2.195,27.0,50.0,4.0,2.0,-4.602,0.0,0.0,0.0,139.0,126.698,12.302,True,7.5,-0.968,-0.968,2.819,0.952,4.121,False,0,0.0,7,10,0.008,-0.021,True
2021_06_KC_WAS,under,2019-22,2021,6,WAS,KC,Under 54,-6.0,54.0,-5.302,49.956,-4.044,0.545,0.636,13.0,31.0,-18.0,44.0,True,False,1.0,10.0,5.956,2.249,-3.153,6.859,-0.148,1.346,-0.539,1.59,-0.184,0.188,0.175,-3.136,0.139,-0.335,,earned,,covered anyway; pace (-3.1),,,,2.0,3.0,-9.839,-12.599,7.0,0.0,0.0,0.0,0.0,0.0,0.0,0.0,1.0,0.0,0.0,0.0,0.0,0.0,-0.747,2.192,0.0,7.0,0.0,0.0,7.0,0.0,0.0,0.0,1.0,1.0,13.0,14.2,62.0,61.4,archive,1.2,0.0,-0.672,44.0,47.0,0.0,2.0,0.143,0.0,0.0,0.0,136.0,128.381,7.619,True,6.0,-0.799,-0.799,1.497,0.949,-1.424,False,0,0.0,7,7,-0.026,0.106,True
2021_06_ARI_CLE,under,2019-22,2021,6,CLE,ARI,Under 48,3.0,48.0,-1.755,44.586,-3.414,0.359,0.619,14.0,37.0,-23.0,51.0,False,False,-1.1,-3.0,-6.414,-8.22,3.438,-1.632,-2.064,1.346,-1.049,-6.453,-0.184,-0.987,0.175,2.93,-0.249,1.753,luck,,,garbage time (-6.5),,,,3.0,0.0,-14.005,0.0,0.0,13.0,0.0,0.0,0.0,0.0,0.0,0.0,0.0,0.0,0.0,0.0,0.0,0.0,0.135,2.598,12.0,17.0,0.0,12.0,17.0,0.0,0.0,0.0,0.923,1.0,23.0,15.5,58.0,57.1,archive,-7.5,0.0,-6.793,88.0,45.0,4.0,1.0,-8.821,0.0,0.0,0.0,121.0,128.118,-7.118,False,3.0,-0.832,-0.832,3.923,0.862,-2.895,False,0,0.0,7,7,-0.006,0.031,True
2021_06_DAL_NE,under,2019-22,2021,6,NE,DAL,Under 50.5,-3.5,50.5,-1.812,45.119,-5.381,0.579,0.677,29.0,35.0,-6.0,64.0,False,False,-1.1,-13.5,-18.881,3.793,-5.12,-17.554,1.13,-3.325,1.839,4.15,-0.184,0.012,-3.358,-2.13,-0.518,1.057,variance,,,overtime (-3.4); return TD (-3.3); and outplayed (-17.6),,,,2.0,2.0,-13.012,-9.506,0.0,10.0,0.0,1.0,0.0,0.0,0.0,0.0,0.0,1.0,0.0,0.0,1.0,0.0,-3.942,-0.617,0.0,0.0,0.0,0.0,0.0,0.0,0.0,0.0,1.0,1.0,11.0,10.9,62.0,61.7,archive,-0.1,0.0,4.365,47.0,115.0,0.0,4.0,3.509,1.0,0.0,6.0,132.0,126.825,5.175,True,3.5,0.266,0.266,1.422,0.68,3.298,False,0,0.0,7,7,-0.015,0.006,True
2021_06_BUF_TEN,under,2019-22,2021,6,TEN,BUF,Under 53.5,-6.0,53.5,-7.546,50.656,-2.844,0.473,0.601,34.0,31.0,3.0,65.0,False,False,-1.1,-11.5,-14.344,2.872,1.187,-18.403,-1.106,1.346,-1.518,4.15,-0.184,-0.366,0.175,2.313,-0.416,-0.335,variance,,,"outplayed, no luck (residual -18.4)",,,,1.0,1.0,-4.36,-5.835,7.0,3.0,0.0,0.0,0.0,0.0,0.0,0.0,0.0,0.0,0.0,0.0,0.0,0.0,1.693,2.224,0.0,0.0,0.0,0.0,0.0,0.0,0.0,0.0,1.0,0.983,6.0,3.1,66.0,63.6,archive,-2.9,0.0,-3.133,91.0,60.0,1.0,1.0,6.475,0.0,0.0,0.0,124.0,129.618,-5.618,False,-6.0,-0.34,-0.34,1.205,0.562,-0.214,True,0,0.0,8,8,-0.021,0.044,True
2021_07_DEN_CLE,under,2019-22,2021,7,CLE,DEN,Under 40.5,2.0,40.5,-4.601,37.342,-3.158,0.334,0.61,17.0,14.0,3.0,31.0,True,False,1.0,9.5,6.342,8.025,3.387,-5.071,2.088,1.346,0.443,4.15,-0.184,-0.904,0.175,4.348,0.287,-0.335,,earned,line_u41,covered anyway (miss +6.3 inside the edge),,,,0.0,1.0,0.0,-3.401,0.0,0.0,0.0,0.0,0.0,0.0,0.0,0.0,1.0,0.0,0.0,0.0,1.0,0.0,-1.168,0.135,0.0,0.0,0.0,0.0,0.0,0.0,0.0,0.0,1.0,1.0,27.0,20.1,59.0,57.2,archive,-6.9,0.0,-3.756,60.0,15.0,1.0,1.0,2.104,0.0,0.0,0.0,115.0,125.563,-10.563,False,2.0,-2.684,-3.482,3.119,1.239,-9.578,True,0,0.0,4,4,-0.021,0.026,True
2021_07_ATL_MIA,under,2019-22,2021,7,MIA,ATL,Under 48.5,-1.5,48.5,-0.44,47.099,-1.401,0.519,0.553,28.0,30.0,-2.0,58.0,False,False,-1.1,-9.5,-10.901,2.59,-3.31,-10.18,-3.342,1.346,0.802,3.784,-0.184,-0.567,0.175,-1.313,0.306,-1.727,variance,,,"4 turnovers, 17 pts off them (-3.3); and outplayed (-10.2)",,,,2.0,2.0,-13.311,-6.665,7.0,10.0,0.0,0.0,0.0,0.0,0.0,0.0,1.0,0.0,0.0,0.0,1.0,0.0,-2.974,1.034,0.0,1.0,0.0,0.0,1.0,0.0,0.0,0.0,1.0,1.0,9.0,4.6,85.0,84.3,archive,-4.4,0.0,-2.544,44.0,29.0,0.0,0.0,0.0,0.0,0.0,0.0,131.0,127.809,3.191,True,1.5,-0.805,-0.805,1.865,0.368,0.291,False,0,0.0,7,14,-0.009,0.006,True
2021_07_KC_TEN,under,2019-22,2021,7,TEN,KC,Under 57.5,-4.0,57.5,-2.423,52.654,-4.846,0.575,0.66,27.0,3.0,24.0,30.0,True,False,1.0,27.5,22.654,-0.012,2.629,20.037,-1.106,1.346,0.352,-0.603,2.327,-0.581,0.175,0.364,-0.018,0.361,,earned,,covered anyway (miss +22.7 inside the edge),,,,1.0,3.0,-4.76,-9.978,10.0,0.0,0.0,0.0,0.0,0.0,0.0,0.0,0.0,1.0,0.0,0.0,0.0,0.0,1.634,-2.437,10.0,3.0,10.0,0.0,0.0,3.0,0.0,0.0,0.492,0.721,14.0,9.5,74.0,74.4,archive,-4.5,0.0,4.495,31.0,77.0,0.0,3.0,-3.418,0.0,0.0,0.0,129.0,129.885,-0.885,True,4.0,-0.025,-0.025,1.603,1.196,4.323,False,0,0.0,6,7,0.053,0.095,True
2021_07_DET_LA,under,2019-22,2021,7,LA,DET,Under 51,17.0,51.0,14.729,49.49,-1.51,0.442,0.555,28.0,19.0,9.0,47.0,True,False,1.0,4.0,2.49,4.161,1.895,-3.566,1.13,1.346,-1.367,3.053,-0.184,0.026,0.175,0.875,-0.055,1.057,,luck,,covered anyway (miss +2.5 inside the edge),,,,0.0,2.0,0.0,-7.767,3.0,0.0,0.0,0.0,0.0,0.0,0.0,0.0,0.0,0.0,0.0,0.0,0.0,0.0,1.31,2.227,3.0,0.0,3.0,0.0,0.0,0.0,0.0,0.0,1.0,0.974,,5.0,,66.0,pbp_text,0.0,0.0,8.553,35.0,77.0,1.0,3.0,-7.98,0.0,0.0,0.0,125.0,127.127,-2.127,False,17.0,0.431,0.431,2.702,0.849,-0.463,False,0,1.0,7,7,0.025,-0.025,True
2021_07_CHI_TB,under,2019-22,2021,7,TB,CHI,Under 47,12.5,47.0,14.526,41.755,-5.245,0.558,0.672,38.0,3.0,35.0,41.0,True,False,1.0,6.0,0.755,-6.488,-3.836,11.078,-3.342,1.346,1.23,-5.721,-0.184,-0.19,0.175,-4.591,0.593,0.361,,earned,,covered anyway; garbage time (-5.7); pace (-4.6),,,,1.0,5.0,-4.4,-21.664,17.0,0.0,0.0,0.0,0.0,0.0,0.0,0.0,1.0,0.0,0.0,0.0,0.0,0.0,-3.134,0.113,24.0,3.0,24.0,0.0,0.0,3.0,0.0,0.0,0.923,1.0,7.0,5.4,83.0,83.1,archive,-1.6,0.0,2.184,10.0,32.0,2.0,1.0,-0.426,0.0,0.0,0.0,135.0,123.847,11.153,True,-12.5,-0.286,-0.286,2.312,1.457,5.551,False,0,0.0,10,7,0.029,-0.042,True
2021_07_IND_SF,under,2019-22,2021,7,SF,IND,Under 41.5,3.5,41.5,-0.369,38.601,-2.899,0.368,0.602,18.0,30.0,-12.0,48.0,False,False,-1.1,-6.5,-9.399,-1.307,2.957,-11.049,-5.258,1.346,-1.178,3.784,-0.184,-0.19,0.175,4.75,-0.564,-1.031,variance,,,"6 turnovers, 23 pts off them (-5.3); and outplayed (-11.0)",,,,4.0,2.0,-14.477,-11.338,3.0,20.0,0.0,0.0,0.0,0.0,0.0,0.0,0.0,0.0,1.0,0.0,0.0,0.0,2.005,1.055,0.0,1.0,0.0,0.0,1.0,0.0,0.0,0.0,1.0,1.0,16.0,14.4,64.0,63.5,archive,-1.6,0.0,-7.512,122.0,45.0,0.0,1.0,-2.301,0.0,0.0,0.0,114.0,125.541,-11.541,False,3.5,-2.117,-2.914,0.955,1.11,-1.351,True,0,0.0,7,14,0.02,-0.021,True
2021_07_NO_SEA,under,2019-22,2021,7,SEA,NO,Under 42,-6.0,42.0,-4.54,38.598,-3.402,0.569,0.619,10.0,13.0,-3.0,23.0,True,False,1.0,19.0,15.598,8.409,3.002,4.187,1.13,1.346,1.784,4.15,-0.184,0.336,0.175,2.656,-0.342,0.361,,earned,,covered anyway (miss +15.6 inside the edge),,,,0.0,1.0,0.0,-5.213,3.0,0.0,0.0,0.0,0.0,0.0,0.0,0.0,2.0,0.0,0.0,0.0,0.0,0.0,-4.767,0.346,0.0,0.0,0.0,0.0,0.0,0.0,0.0,0.0,1.0,1.0,16.0,18.3,54.0,52.1,archive,2.3,0.0,-3.902,53.0,90.0,1.0,2.0,-7.516,0.0,0.0,0.0,120.0,126.453,-6.453,True,6.0,0.677,0.677,0.784,0.453,1.704,True,0,0.0,8,15,0.016,-0.042,True
2021_08_GB_ARI,under,2019-22,2021,8,ARI,GB,Under 51,6.5,51.0,5.711,49.003,-1.997,0.457,0.571,21.0,24.0,-3.0,45.0,True,False,1.0,6.0,4.003,4.241,0.933,-1.172,-1.106,1.346,-0.148,4.15,-0.184,-0.471,0.175,-0.917,-0.12,2.449,,earned,,covered anyway (miss +4.0 inside the edge),,,,3.0,0.0,-13.589,0.0,0.0,10.0,0.0,0.0,0.0,0.0,0.0,0.0,0.0,0.0,0.0,0.0,0.0,0.0,0.206,0.252,0.0,0.0,0.0,0.0,0.0,0.0,0.0,0.0,1.0,1.0,,3.5,,84.9,archive,-3.5,0.0,1.668,59.0,60.0,2.0,4.0,5.629,0.0,0.0,0.0,126.0,123.773,2.227,False,6.5,3.519,3.519,4.307,0.934,-3.046,True,0,0.0,4,4,0.05,-0.023,True
2021_08_CAR_ATL,under,2019-22,2021,8,ATL,CAR,Under 47,2.5,47.0,6.378,44.223,-2.777,0.646,0.6,13.0,19.0,-6.0,32.0,True,False,1.0,15.0,12.223,4.89,2.861,4.473,1.13,1.346,-0.638,3.053,-0.184,0.934,0.175,2.827,0.139,-1.031,,earned,,covered anyway (miss +12.2 inside the edge),,,,2.0,1.0,-7.675,-5.465,3.0,0.0,0.0,0.0,0.0,0.0,0.0,0.0,1.0,0.0,0.0,0.0,0.0,0.0,-1.236,2.931,3.0,0.0,0.0,3.0,0.0,0.0,0.0,0.0,1.0,0.97,,13.4,,59.3,archive,6.4,0.0,6.779,15.0,76.0,1.0,0.0,1.645,0.0,0.0,0.0,121.0,127.869,-6.869,True,-2.5,2.159,2.159,1.719,1.085,1.225,False,1,0.0,7,7,0.014,-0.064,True
2021_08_TEN_IND,under,2019-22,2021,8,IND,TEN,Under 51,3.0,51.0,2.934,47.982,-3.018,0.505,0.605,31.0,34.0,-3.0,65.0,False,False,-1.1,-14.0,-17.018,-3.579,-5.061,-8.378,-3.342,-3.325,-1.061,4.15,-0.184,0.849,-1.591,-4.685,-1.202,1.753,variance,,,"pace (-4.7); 4 turnovers, 24 pts off them (-3.3); and outplayed (-8.4)",,,,2.0,2.0,-12.326,-4.852,7.0,17.0,0.0,1.0,0.0,0.0,0.0,0.0,0.0,0.0,0.0,0.0,0.0,0.0,0.504,2.26,0.0,0.0,0.0,0.0,0.0,0.0,0.0,0.0,1.0,0.974,,12.8,,59.5,archive,5.8,0.0,7.969,75.0,161.0,3.0,2.0,-1.541,1.0,0.0,3.0,139.0,127.617,11.383,False,3.0,1.537,1.537,1.602,0.811,-1.891,False,1,0.0,7,7,0.049,0.006,True
2021_08_JAX_SEA,under,2019-22,2021,8,SEA,JAX,Under 44,4.0,44.0,6.042,41.746,-2.254,0.543,0.581,31.0,7.0,24.0,38.0,True,False,1.0,6.0,3.746,-11.55,2.076,13.22,-0.148,-3.325,-0.162,-7.915,-0.184,-0.329,0.175,0.91,-0.249,1.753,,earned,,covered anyway; garbage time (-7.9); return TD (-3.3),,,,0.0,1.0,0.0,-3.77,7.0,0.0,0.0,0.0,1.0,0.0,0.0,0.0,0.0,0.0,0.0,0.0,0.0,0.0,0.426,0.068,25.0,8.0,25.0,0.0,0.0,8.0,0.0,0.0,1.0,1.0,8.0,5.5,54.0,54.0,archive,-2.5,0.0,2.862,40.0,93.0,1.0,4.0,5.178,0.0,0.0,0.0,125.0,127.211,-2.211,True,-4.0,-1.217,-1.217,3.259,0.654,0.972,False,0,0.0,6,14,0.006,0.023,True
2021_08_NYG_KC,under,2019-22,2021,8,KC,NYG,Under 53,10.5,53.0,11.134,50.96,-2.04,0.483,0.572,20.0,17.0,3.0,37.0,True,False,1.0,16.0,13.96,2.749,-2.34,13.551,-2.384,1.346,-0.363,4.15,-0.184,-0.045,0.175,-1.165,-0.786,-0.335,,earned,,covered anyway (miss +14.0 inside the edge),,,,2.0,1.0,-9.057,-4.776,7.0,7.0,0.0,0.0,0.0,0.0,0.0,0.0,0.0,0.0,0.0,0.0,0.0,0.0,0.8,0.201,0.0,0.0,0.0,0.0,0.0,0.0,0.0,0.0,1.0,0.975,4.0,3.5,39.0,39.7,archive,-0.5,0.0,-2.729,103.0,88.0,0.0,2.0,0.546,0.0,0.0,0.0,131.0,128.17,2.83,True,-10.5,1.361,1.361,-0.727,0.432,0.838,True,0,0.0,8,8,0.088,-0.014,True
2021_09_MIN_BAL,under,2019-22,2021,9,BAL,MIN,Under 51,7.5,51.0,4.013,47.935,-3.065,0.354,0.607,34.0,31.0,3.0,65.0,False,False,-1.1,-14.0,-17.065,0.237,-5.78,-11.522,1.13,-3.325,-0.621,3.053,-0.184,-0.24,-1.591,-4.944,-0.573,1.753,variance,,,pace (-4.9); return TD (-3.3); and outplayed (-11.5),,,,2.0,0.0,-10.138,0.0,0.0,3.0,0.0,0.0,0.0,1.0,0.0,0.0,0.0,0.0,0.0,0.0,0.0,0.0,1.064,0.588,3.0,0.0,3.0,0.0,0.0,0.0,0.0,0.0,1.0,1.0,8.0,6.1,56.0,54.0,archive,-1.9,0.0,3.255,61.0,107.0,3.0,2.0,1.775,1.0,3.0,0.0,141.0,128.988,12.012,False,7.5,-1.341,-1.341,2.146,0.384,-2.833,False,0,0.0,7,14,-0.001,0.005,True
2021_09_BUF_JAX,under,2019-22,2021,9,JAX,BUF,Under 48,-14.5,48.0,-12.22,44.956,-3.044,0.566,0.605,9.0,6.0,3.0,15.0,True,False,1.0,33.0,29.956,6.509,2.201,21.246,1.13,1.346,-0.116,4.15,-0.184,-0.002,0.175,2.461,-0.61,0.361,,earned,,covered anyway (miss +30.0 inside the edge),,,,1.0,3.0,-3.305,-13.9,3.0,0.0,0.0,0.0,0.0,0.0,0.0,0.0,1.0,0.0,0.0,0.0,0.0,0.0,-0.346,0.722,0.0,0.0,0.0,0.0,0.0,0.0,0.0,0.0,0.938,1.0,16.0,15.8,59.0,61.1,archive,-0.2,0.0,4.046,54.0,118.0,2.0,1.0,8.256,0.0,0.0,0.0,121.0,126.979,-5.979,True,14.5,0.24,0.24,2.041,1.096,-0.375,False,0,0.0,7,7,0.016,-0.009,True
2021_09_LAC_PHI,under,2019-22,2021,9,PHI,LAC,Under 49.5,-1.0,49.5,0.874,47.407,-2.093,0.547,0.575,24.0,27.0,-3.0,51.0,False,False,-1.1,-1.5,-3.593,7.746,3.523,-14.863,2.088,1.346,0.163,4.15,-0.184,-0.703,0.175,2.705,0.473,1.057,variance,,,"outplayed, no luck (residual -14.9)",,,,0.0,0.0,0.0,0.0,0.0,0.0,0.0,0.0,0.0,0.0,0.0,0.0,0.0,0.0,0.0,1.0,0.0,0.0,0.261,-0.589,0.0,0.0,0.0,0.0,0.0,0.0,0.0,0.0,1.0,1.0,11.0,5.8,54.0,54.7,archive,-5.2,0.0,1.296,25.0,30.0,0.0,4.0,3.489,0.0,0.0,0.0,122.0,128.572,-6.572,True,1.0,0.196,0.196,1.678,0.421,0.963,False,0,0.0,7,7,-0.013,0.006,True
2021_09_GB_KC,under,2019-22,2021,9,KC,GB,Under 48,7.0,48.0,7.693,45.088,-2.912,0.489,0.604,13.0,7.0,6.0,20.0,True,False,1.0,28.0,25.088,6.683,3.969,14.436,1.13,1.346,2.252,1.956,-0.184,0.096,0.175,1.629,0.5,1.753,,earned,,covered anyway (miss +25.1 inside the edge),,,,0.0,2.0,0.0,-8.765,3.0,0.0,0.0,0.0,0.0,0.0,0.0,0.0,0.0,2.0,0.0,0.0,0.0,1.0,1.603,-7.205,0.0,6.0,0.0,0.0,0.0,6.0,0.0,0.0,1.0,1.0,12.0,12.5,51.0,65.5,archive,0.5,0.0,1.209,33.0,19.0,2.0,3.0,-6.289,0.0,0.0,0.0,121.0,124.957,-3.957,True,-7.0,0.595,1.454,-0.761,0.486,-0.44,False,0,0.0,6,10,0.081,0.05,True
2021_09_ARI_SF,under,2019-22,2021,9,SF,ARI,Under 44.5,5.5,44.5,2.273,40.399,-4.101,0.394,0.636,17.0,31.0,-14.0,48.0,False,False,-1.1,-3.5,-7.601,-2.409,1.07,-6.262,-1.106,1.346,-0.217,-2.431,-0.184,0.348,0.175,1.093,-0.027,-0.335,variance,,,nothing stands out: ordinary miss (residual -6.3),,,,3.0,0.0,-10.042,0.0,0.0,10.0,0.0,0.0,0.0,0.0,0.0,0.0,0.0,0.0,0.0,0.0,0.0,0.0,0.227,0.406,10.0,8.0,0.0,10.0,8.0,0.0,0.0,0.0,1.0,0.971,8.0,10.3,57.0,60.2,archive,2.3,0.0,0.208,25.0,84.0,0.0,2.0,0.322,0.0,0.0,0.0,123.0,125.655,-2.655,False,5.5,-0.286,-0.286,2.941,0.549,-2.019,False,1,0.0,10,7,-0.019,-0.009,True
2021_10_ATL_DAL,under,2019-22,2021,10,DAL,ATL,Under 55,8.0,55.0,5.517,52.51,-2.49,0.378,0.59,43.0,3.0,40.0,46.0,True,False,1.0,9.0,6.51,-2.59,4.522,4.578,-0.148,1.346,2.299,-6.087,-0.184,0.026,0.175,2.891,-0.138,1.753,,earned,,covered anyway; garbage time (-6.1),,,,1.0,3.0,-4.856,-12.527,7.0,0.0,0.0,0.0,0.0,0.0,0.0,0.0,0.0,0.0,0.0,0.0,0.0,1.0,0.343,-6.064,28.0,0.0,28.0,0.0,0.0,0.0,0.0,0.0,0.635,0.793,,,,66.0,pbp_text,0.0,0.0,-0.194,80.0,41.0,3.0,2.0,17.821,0.0,0.0,0.0,123.0,130.023,-7.023,False,8.0,1.144,1.144,3.628,0.29,-3.06,False,0,1.0,7,7,0.01,0.002,True
2021_10_JAX_IND,under,2019-22,2021,10,IND,JAX,Under 47.5,10.5,47.5,8.15,45.984,-1.516,0.39,0.554,23.0,17.0,6.0,40.0,True,False,1.0,7.5,5.984,10.858,-0.214,-4.659,2.088,1.346,3.275,4.15,-0.184,0.026,0.175,1.68,-0.184,-1.727,,luck,,covered anyway (miss +6.0 inside the edge),,,,0.0,1.0,0.0,-2.699,0.0,0.0,0.0,0.0,0.0,0.0,0.0,0.0,0.0,1.0,0.0,1.0,0.0,1.0,0.821,-9.006,0.0,0.0,0.0,0.0,0.0,0.0,0.0,0.0,1.0,1.0,,6.0,,36.0,pbp_text,0.0,0.0,-1.708,47.0,79.0,0.0,0.0,0.0,0.0,0.0,0.0,122.0,126.082,-4.082,False,10.5,0.116,0.116,2.466,1.153,-5.055,False,1,1.0,7,10,0.003,0.027,True
2021_10_DET_PIT,under,2019-22,2021,10,PIT,DET,Under 43,9.0,43.0,4.336,40.807,-2.193,0.325,0.577,16.0,16.0,0.0,32.0,True,False,1.0,11.0,8.807,8.459,-9.665,10.014,2.088,1.346,0.876,4.15,-0.184,0.085,0.175,-9.064,-0.342,-0.335,,earned,,covered anyway; pace (-9.1),,,,3.0,0.0,-7.676,0.0,0.0,0.0,0.0,0.0,0.0,0.0,0.0,0.0,0.0,1.0,0.0,1.0,0.0,0.0,2.061,-4.188,0.0,0.0,0.0,0.0,0.0,0.0,0.0,0.0,1.0,1.0,12.0,12.4,37.0,37.9,archive,0.4,0.0,0.038,59.0,84.0,0.0,2.0,-4.179,1.0,0.0,0.0,148.0,125.979,22.021,False,9.0,-0.741,-1.74,2.924,0.447,-5.621,False,0,0.0,14,6,0.023,-0.024,True
2021_10_CAR_ARI,under,2019-22,2021,10,ARI,CAR,Under 42,7.0,42.0,9.645,34.089,-7.911,0.551,0.733,10.0,34.0,-24.0,44.0,False,False,-1.1,-2.0,-9.911,-6.063,0.943,-4.791,-1.106,1.346,-1.678,-4.625,-0.184,0.026,0.175,1.185,-0.619,0.361,luck,,,garbage time (-4.6),,,,2.0,2.0,-11.72,-8.933,0.0,10.0,0.0,0.0,0.0,0.0,0.0,0.0,0.0,0.0,0.0,0.0,0.0,0.0,1.272,3.049,10.0,14.0,0.0,10.0,14.0,0.0,0.0,0.0,0.639,0.821,,,,,none,0.0,0.0,3.576,58.0,115.0,3.0,0.0,-10.32,0.0,0.0,0.0,123.0,125.878,-2.878,True,-7.0,0.113,1.112,1.533,0.63,1.203,False,0,1.0,7,7,-0.011,-0.081,True
2021_10_SEA_GB,under,2019-22,2021,10,GB,SEA,Under 49.5,3.0,49.5,4.829,45.083,-4.417,0.565,0.646,17.0,0.0,17.0,17.0,True,False,1.0,32.5,28.083,4.136,-1.835,25.782,-0.148,1.346,1.348,1.59,-0.184,0.366,0.175,-2.08,0.223,-0.335,,earned,,covered anyway (miss +28.1 inside the edge),,,,1.0,2.0,-4.473,-8.371,7.0,0.0,0.0,0.0,0.0,0.0,0.0,0.0,1.0,0.0,0.0,0.0,0.0,0.0,-3.32,0.0,7.0,0.0,7.0,0.0,0.0,0.0,0.0,0.0,1.0,1.0,11.0,13.3,35.0,38.0,archive,2.3,0.0,-0.505,43.0,39.0,1.0,1.0,-2.178,0.0,0.0,0.0,129.0,123.947,5.053,True,-3.0,0.578,0.578,1.251,0.934,3.448,False,0,0.0,7,14,0.037,0.001,True
2021_10_KC_LV,under,2019-22,2021,10,LV,KC,Under 53.5,-2.5,53.5,-2.224,52.102,-1.398,0.494,0.551,14.0,41.0,-27.0,55.0,False,False,-1.1,-1.5,-2.898,-2.567,3.628,-3.959,-3.342,1.346,0.398,-0.969,-0.184,0.026,0.175,1.821,0.038,1.753,luck,,,"3 turnovers, 17 pts off them (-3.3)",,,,2.0,1.0,-6.544,-3.858,7.0,10.0,0.0,0.0,0.0,0.0,0.0,0.0,0.0,1.0,0.0,0.0,0.0,0.0,0.102,-1.022,0.0,14.0,0.0,0.0,14.0,0.0,0.0,0.0,1.0,0.98,,0.0,,72.0,pbp_text,0.0,0.0,-1.249,68.0,34.0,2.0,3.0,-9.266,0.0,0.0,0.0,125.0,129.423,-4.423,True,2.5,0.089,0.089,0.186,0.676,-1.273,True,1,1.0,7,7,0.014,0.069,True
2021_11_BAL_CHI,under,2019-22,2021,11,CHI,BAL,Under 43,-5.0,43.0,-0.886,39.529,-3.471,0.645,0.619,13.0,16.0,-3.0,29.0,True,False,1.0,14.0,10.529,7.339,0.419,2.771,1.13,1.346,0.714,4.15,2.327,0.397,0.175,-3.649,0.112,1.057,,earned,,covered anyway; pace (-3.6),,,,1.0,1.0,-4.801,-4.167,0.0,3.0,0.0,0.0,0.0,0.0,0.0,0.0,1.0,0.0,0.0,0.0,0.0,0.0,-3.384,1.664,0.0,0.0,0.0,0.0,0.0,0.0,0.0,0.0,0.405,1.0,9.0,11.5,46.0,47.3,archive,2.5,0.0,-1.145,58.0,36.0,3.0,1.0,3.985,0.0,0.0,0.0,134.0,125.136,8.864,True,5.0,0.373,0.373,3.741,0.839,2.129,False,0,0.0,13,10,-0.014,0.004,True
2021_11_DAL_KC,under,2019-22,2021,11,KC,DAL,Under 56,2.5,56.0,3.527,49.503,-6.497,0.564,0.701,19.0,9.0,10.0,28.0,True,False,1.0,28.0,21.503,4.258,-1.48,18.725,0.171,1.346,-0.312,3.053,-0.184,-0.686,0.175,0.877,0.065,-1.727,,earned,,covered anyway (miss +21.5 inside the edge),,,,2.0,3.0,-10.078,-10.298,3.0,3.0,0.0,0.0,0.0,0.0,0.0,0.0,1.0,0.0,1.0,0.0,0.0,0.0,-0.929,1.8,0.0,3.0,0.0,0.0,0.0,3.0,0.0,0.0,1.0,1.0,17.0,12.2,57.0,54.4,archive,-4.8,0.0,-1.171,54.0,45.0,0.0,0.0,0.0,0.0,0.0,0.0,128.0,130.13,-2.13,True,-2.5,0.908,0.908,0.119,0.297,1.686,False,0,0.0,7,7,0.073,-0.007,True
2021_11_ARI_SEA,under,2019-22,2021,11,SEA,ARI,Under 46,2.5,46.0,3.271,44.131,-1.869,0.556,0.567,13.0,23.0,-10.0,36.0,True,False,1.0,10.0,8.131,7.05,1.122,-0.042,2.088,1.346,2.027,1.59,-0.184,0.308,0.175,0.63,0.528,-0.335,,earned,,covered anyway (miss +8.1 inside the edge),,,,0.0,0.0,0.0,0.0,0.0,0.0,0.0,0.0,0.0,0.0,0.0,0.0,0.0,2.0,0.0,1.0,0.0,0.0,0.278,-5.31,0.0,7.0,0.0,0.0,7.0,0.0,0.0,0.0,1.0,1.0,0.0,1.9,46.0,42.4,archive,1.9,0.0,-3.713,17.0,32.0,1.0,1.0,-4.548,0.0,0.0,0.0,126.0,127.531,-1.531,True,-2.5,0.609,0.609,0.162,1.211,-1.77,False,1,0.0,7,7,-0.007,-0.026,True
2021_11_NYG_TB,under,2019-22,2021,11,TB,NYG,Under 49.5,11.5,49.5,9.681,47.393,-2.107,0.415,0.575,30.0,10.0,20.0,40.0,True,False,1.0,9.5,7.393,0.265,1.535,5.593,-2.064,1.346,-0.607,1.59,-0.184,0.397,0.175,-0.252,0.343,1.057,,earned,,covered anyway (miss +7.4 inside the edge),,,,1.0,3.0,-6.172,-9.593,6.0,7.0,0.0,0.0,0.0,0.0,0.0,0.0,0.0,0.0,0.0,0.0,0.0,0.0,1.116,0.502,7.0,0.0,7.0,0.0,0.0,0.0,0.0,0.0,0.94,0.977,6.0,8.5,68.0,67.7,archive,2.5,0.0,-1.887,39.0,30.0,1.0,3.0,6.201,0.0,0.0,0.0,128.0,127.387,0.613,False,11.5,0.242,0.242,2.061,0.317,-2.32,True,0,0.0,15,8,-0.015,0.022,True
2021_12_SEA_WAS,under,2019-22,2021,12,WAS,SEA,Under 47,-1.0,47.0,0.513,44.134,-2.866,0.537,0.602,17.0,15.0,2.0,32.0,True,False,1.0,15.0,12.134,4.616,0.903,6.615,0.171,1.346,1.143,1.956,-0.184,-0.305,0.175,1.395,0.158,-0.335,,earned,,covered anyway (miss +12.1 inside the edge),,,,1.0,1.0,-2.548,-3.231,6.0,0.0,0.0,0.0,0.0,0.0,0.0,0.0,0.0,0.0,1.0,0.0,1.0,0.0,-2.868,0.068,0.0,6.0,0.0,0.0,0.0,6.0,0.0,0.0,1.0,1.0,9.0,6.8,41.0,40.5,archive,-2.2,0.0,-0.565,38.0,51.0,2.0,0.0,-0.455,0.0,0.0,0.0,124.0,127.388,-3.388,True,1.0,1.275,1.275,0.238,1.056,0.18,True,0,0.0,8,8,-0.0,-0.005,True
2021_13_NYG_MIA,under,2019-22,2021,13,MIA,NYG,Under 40,6.5,40.0,7.846,36.525,-3.475,0.521,0.616,20.0,9.0,11.0,29.0,True,False,1.0,11.0,7.525,4.596,-1.649,4.578,2.088,1.346,-0.427,1.59,-0.184,-0.843,0.175,-0.396,0.63,-1.031,,earned,line_u41,covered anyway (miss +7.5 inside the edge),,,,0.0,1.0,0.0,-2.702,0.0,0.0,0.0,0.0,0.0,0.0,0.0,0.0,1.0,1.0,0.0,0.0,0.0,0.0,0.089,1.074,4.0,3.0,4.0,0.0,0.0,3.0,0.0,0.0,1.0,1.0,11.0,5.0,80.0,80.9,archive,-6.0,0.0,-0.948,15.0,23.0,0.0,1.0,-2.533,0.0,0.0,0.0,129.0,128.037,0.963,True,-6.5,0.401,1.327,0.018,1.476,-2.124,False,0,0.0,7,7,-0.02,-0.029,True
2021_13_DEN_KC,under,2019-22,2021,13,KC,DEN,Under 46.5,8.5,46.5,6.466,44.767,-1.733,0.395,0.56,22.0,9.0,13.0,31.0,True,False,1.0,15.5,13.767,-2.784,1.926,14.624,1.13,-3.325,-1.448,0.859,-0.184,-1.074,0.175,0.476,0.084,2.449,,earned,,covered anyway; return TD (-3.3),,,,1.0,3.0,-4.555,-19.405,10.0,0.0,1.0,0.0,0.0,0.0,0.0,0.0,0.0,0.0,1.0,0.0,0.0,0.0,2.935,0.805,3.0,6.0,3.0,0.0,0.0,6.0,0.0,0.0,1.0,1.0,22.0,14.4,58.0,55.8,archive,-7.6,0.0,-1.785,60.0,37.0,0.0,6.0,3.42,0.0,0.0,0.0,125.0,126.158,-1.158,False,8.5,0.587,0.587,2.62,0.377,-2.71,True,1,0.0,7,14,0.0,0.059,True
2021_14_SEA_HOU,under,2019-22,2021,14,HOU,SEA,Under 40.5,-10.0,40.5,-6.819,38.651,-1.849,0.619,0.566,13.0,33.0,-20.0,46.0,False,False,-1.1,-5.5,-7.349,2.238,-3.556,-6.031,2.088,1.346,-0.226,-0.969,-0.184,-0.004,0.175,-3.07,-0.138,-0.335,knowable,,line_u41,pace (-3.1),,,,0.0,0.0,0.0,0.0,0.0,0.0,0.0,0.0,0.0,0.0,0.0,0.0,0.0,0.0,0.0,2.0,0.0,0.0,1.557,-0.901,0.0,14.0,0.0,0.0,14.0,0.0,0.0,0.0,1.0,1.0,,6.8,,51.5,archive,-0.2,0.0,1.81,52.0,69.0,2.0,0.0,-5.704,0.0,0.0,0.0,133.0,125.542,7.458,True,10.0,1.24,1.24,1.941,0.795,1.892,False,0,0.0,7,7,-0.037,-0.004,True
2021_14_LV_KC,under,2019-22,2021,14,KC,LV,Under 48,10.0,48.0,10.273,45.538,-2.462,0.476,0.586,48.0,9.0,39.0,57.0,False,False,-1.1,-9.0,-11.462,-20.467,3.401,5.604,-4.619,-3.325,-0.951,-11.571,-0.184,-1.001,0.175,5.83,-0.388,-1.031,luck,,,"garbage time (-11.6); 5 turnovers, 28 pts off them (-4.6)",,,,0.0,5.0,0.0,-22.277,28.0,0.0,1.0,0.0,0.0,0.0,0.0,0.0,0.0,0.0,0.0,1.0,0.0,0.0,3.352,-0.865,34.0,9.0,34.0,0.0,0.0,9.0,0.0,0.0,1.0,1.0,19.0,12.2,47.0,46.3,archive,-6.8,0.0,2.471,63.0,85.0,0.0,1.0,-0.976,0.0,0.0,0.0,115.0,129.163,-14.163,True,-10.0,1.837,1.837,-1.564,0.414,1.093,False,1,0.0,7,7,0.052,0.021,True
2021_14_NO_NYJ,under,2019-22,2021,14,NYJ,NO,Under 42,-4.5,42.0,-6.493,39.876,-2.124,0.465,0.575,9.0,30.0,-21.0,39.0,True,False,1.0,3.0,0.876,0.435,0.024,0.417,2.088,1.346,-0.932,-2.066,-0.184,0.056,0.175,-1.257,0.176,1.057,,earned,,covered anyway (miss +0.9 inside the edge),,,,0.0,0.0,0.0,0.0,0.0,0.0,0.0,0.0,0.0,0.0,0.0,0.0,0.0,0.0,0.0,0.0,0.0,0.0,1.591,0.848,3.0,14.0,0.0,3.0,14.0,0.0,0.0,0.0,1.0,1.0,13.0,13.2,46.0,45.8,archive,0.2,0.0,2.328,45.0,42.0,3.0,1.0,-2.837,0.0,0.0,0.0,130.0,126.946,3.054,False,-4.5,2.121,2.121,4.114,0.462,-2.927,False,0,0.0,10,7,-0.047,0.021,True
2021_14_DAL_WAS,under,2019-22,2021,14,WAS,DAL,Under 48,-6.5,48.0,-3.113,45.44,-2.56,0.627,0.588,20.0,27.0,-7.0,47.0,True,False,1.0,1.0,-1.56,-13.78,-5.47,17.69,-1.425,-7.996,-0.099,-4.259,-0.184,-1.047,0.175,-3.904,-0.175,-0.335,,earned,,covered anyway; return TD (-8.0); garbage time (-4.3),,,,4.0,2.0,-21.976,-10.619,7.0,18.0,1.0,1.0,0.0,0.0,0.0,0.0,0.0,0.0,1.0,0.0,1.0,0.0,-0.932,1.267,14.0,9.0,0.0,14.0,9.0,0.0,0.0,0.0,0.711,1.0,17.0,9.9,48.0,46.0,archive,-7.1,0.0,0.655,65.0,60.0,2.0,0.0,-5.352,0.0,0.0,0.0,139.0,129.514,9.486,True,6.5,-1.098,-1.098,4.485,0.294,3.73,False,1,0.0,7,10,0.001,-0.02,True
2021_14_BUF_TB,under,2019-22,2021,14,TB,BUF,Under 52.5,3.5,52.5,1.182,49.987,-2.513,0.411,0.587,33.0,27.0,6.0,60.0,False,False,-1.1,-7.5,-10.013,-1.407,-11.79,3.184,2.088,1.346,-0.215,-4.625,-0.184,0.57,-3.358,-10.033,0.158,1.057,in-game events,,,pace (-10.0); garbage time (-4.6),,,,0.0,1.0,0.0,-2.754,0.0,0.0,0.0,0.0,0.0,0.0,0.0,0.0,0.0,0.0,0.0,0.0,0.0,0.0,0.32,0.308,10.0,14.0,10.0,0.0,0.0,14.0,0.0,0.0,1.0,1.0,4.0,7.6,82.0,79.6,archive,3.6,0.0,3.685,24.0,65.0,1.0,3.0,-2.682,1.0,6.0,0.0,151.0,126.624,24.376,False,3.5,-0.851,-0.851,1.466,0.649,-0.931,False,0,0.0,6,7,-0.002,0.024,True
2021_14_LA_ARI,under,2019-22,2021,14,ARI,LA,Under 51,3.0,51.0,4.98,48.498,-2.502,0.569,0.587,23.0,30.0,-7.0,53.0,False,False,-1.1,-2.0,-4.502,-0.595,0.27,-4.176,-2.384,1.346,-2.61,3.053,-0.184,-0.548,0.175,-0.342,0.112,1.057,variance,,,nothing stands out: ordinary miss (residual -4.2),,,,2.0,0.0,-13.177,0.0,0.0,14.0,0.0,0.0,0.0,0.0,0.0,0.0,0.0,0.0,0.0,0.0,0.0,0.0,3.931,2.744,3.0,0.0,0.0,3.0,0.0,0.0,0.0,0.0,1.0,1.0,,3.2,,65.6,archive,-3.8,0.0,-0.062,54.0,40.0,4.0,0.0,-1.537,0.0,0.0,0.0,129.0,128.169,0.831,True,-3.0,2.77,2.77,-0.79,0.604,0.536,True,1,0.0,8,8,-0.015,-0.017,True
2021_15_CIN_DEN,under,2019-22,2021,15,DEN,CIN,Under 45,3.0,45.0,2.505,41.568,-3.432,0.49,0.616,10.0,15.0,-5.0,25.0,True,False,1.0,20.0,16.568,5.929,-2.037,12.676,2.088,1.346,-1.654,4.15,-0.184,-2.181,0.175,1.109,0.075,-1.031,,earned,,covered anyway (miss +16.6 inside the edge),,,,1.0,0.0,-4.931,0.0,0.0,0.0,0.0,0.0,0.0,0.0,0.0,0.0,1.0,0.0,0.0,0.0,0.0,0.0,0.467,3.795,0.0,0.0,0.0,0.0,0.0,0.0,0.0,0.0,0.659,1.0,19.0,4.0,61.0,57.7,archive,-15.0,0.0,4.028,60.0,38.0,1.0,0.0,-2.323,0.0,0.0,0.0,122.0,124.695,-2.695,False,3.0,0.056,0.056,0.55,0.727,1.272,False,0,0.0,7,7,-0.011,0.001,True
2021_15_GB_BAL,under,2019-22,2021,15,BAL,GB,Under 45.5,-9.5,45.5,-6.579,41.642,-3.858,0.609,0.63,30.0,31.0,-1.0,61.0,False,False,-1.1,-15.5,-19.358,3.502,2.105,-24.965,2.088,1.346,-0.425,0.494,-0.184,0.379,0.175,0.918,-0.24,1.057,variance,,,"outplayed, no luck (residual -25.0)",,,,0.0,0.0,0.0,0.0,0.0,0.0,0.0,0.0,0.0,0.0,0.0,0.0,0.0,0.0,0.0,0.0,0.0,0.0,0.753,0.405,7.0,3.0,0.0,7.0,3.0,0.0,0.0,0.0,1.0,1.0,11.0,13.4,43.0,42.8,archive,2.4,0.0,-2.259,56.0,76.0,4.0,0.0,-0.936,0.0,0.0,0.0,124.0,126.23,-2.23,True,9.5,-1.249,-1.249,4.17,0.316,2.767,False,0,0.0,7,7,-0.006,0.054,True
2021_16_TB_CAR,under,2019-22,2021,16,CAR,TB,Under 44.5,-11.5,44.5,-7.162,42.956,-1.544,0.638,0.555,6.0,32.0,-26.0,38.0,True,False,1.0,6.5,4.956,0.724,-1.456,5.688,1.13,1.346,-1.148,-0.603,-0.184,-0.668,0.175,-0.667,0.223,-0.335,,earned,,covered anyway (miss +5.0 inside the edge),,,,1.0,0.0,-4.572,0.0,0.0,3.0,0.0,0.0,0.0,0.0,0.0,0.0,0.0,0.0,0.0,0.0,0.0,0.0,0.216,2.769,0.0,13.0,0.0,0.0,13.0,0.0,0.0,0.0,0.638,0.97,8.0,3.2,73.0,70.3,archive,-4.8,0.0,1.34,32.0,50.0,2.0,0.0,-6.228,0.0,0.0,0.0,130.0,128.379,1.621,True,11.5,2.577,2.577,1.761,0.878,2.319,False,1,0.0,7,7,-0.06,0.016,True
2021_17_LA_BAL,under,2019-22,2021,17,BAL,LA,Under 47,-7.0,47.0,-4.267,45.144,-1.856,0.625,0.566,19.0,20.0,-1.0,39.0,True,False,1.0,8.0,6.144,-0.982,4.088,3.038,-2.064,-3.325,0.258,4.15,-0.184,0.287,0.175,2.317,0.435,1.057,,earned,,covered anyway; return TD (-3.3),,,,2.0,3.0,-4.243,-14.009,13.0,7.0,1.0,0.0,0.0,0.0,0.0,0.0,0.0,1.0,0.0,0.0,0.0,0.0,2.514,-3.081,0.0,0.0,0.0,0.0,0.0,0.0,0.0,0.0,1.0,1.0,6.0,7.8,59.0,62.4,archive,1.8,0.0,0.301,24.0,35.0,3.0,1.0,2.219,0.0,0.0,0.0,123.0,128.63,-5.63,True,7.0,-0.487,-0.487,3.221,0.475,3.077,False,0,0.0,7,7,0.034,-0.022,True
2021_17_ATL_BUF,under,2019-22,2021,17,BUF,ATL,Under 46.5,14.0,46.5,15.799,42.606,-3.894,0.561,0.631,29.0,15.0,14.0,44.0,True,False,1.0,2.5,-1.394,-0.551,2.82,-3.663,-3.342,1.346,-0.145,1.59,-0.184,-0.365,0.175,3.232,0.297,-0.335,,earned,,"covered anyway; 4 turnovers, 17 pts off them (-3.3)",,,,3.0,1.0,-12.189,-5.291,7.0,10.0,0.0,0.0,0.0,0.0,0.0,0.0,0.0,0.0,0.0,0.0,0.0,0.0,0.203,0.249,7.0,0.0,7.0,0.0,0.0,0.0,0.0,0.0,0.975,1.0,11.0,8.3,26.0,27.1,archive,-2.7,0.0,-1.333,47.0,27.0,1.0,1.0,4.375,0.0,0.0,0.0,119.0,126.853,-7.853,True,-14.0,2.963,2.963,-1.164,0.361,0.93,False,0,0.0,7,7,0.023,0.004,True
2021_17_KC_CIN,under,2019-22,2021,17,CIN,KC,Under 51,-3.5,51.0,-3.199,48.377,-2.623,0.535,0.59,34.0,31.0,3.0,65.0,False,False,-1.1,-14.0,-16.623,6.892,2.596,-26.111,2.088,1.346,-0.69,4.15,-0.184,-0.365,0.175,3.666,-0.36,-0.335,variance,,,"outplayed, no luck (residual -26.1)",,,,0.0,0.0,0.0,0.0,0.0,0.0,0.0,0.0,0.0,0.0,0.0,0.0,0.0,0.0,0.0,0.0,0.0,0.0,1.258,0.57,0.0,0.0,0.0,0.0,0.0,0.0,0.0,0.0,1.0,1.0,13.0,10.3,33.0,34.5,archive,-2.7,0.0,4.114,62.0,83.0,1.0,1.0,1.367,0.0,0.0,0.0,119.0,127.906,-8.906,True,3.5,-0.118,-0.118,0.419,0.613,1.628,False,0,0.0,7,7,0.006,0.048,True
2021_17_TB_NYJ,under,2019-22,2021,17,NYJ,TB,Under 48,-14.5,48.0,-15.338,45.953,-2.047,0.466,0.572,24.0,28.0,-4.0,52.0,False,False,-1.1,-4.0,-6.047,1.073,-0.595,-6.525,1.13,1.346,-0.799,-0.603,-0.184,0.069,0.175,-0.811,0.491,-0.335,variance,,,nothing stands out: ordinary miss (residual -6.5),,,,1.0,1.0,-0.027,-1.829,3.0,0.0,0.0,0.0,0.0,0.0,0.0,0.0,0.0,0.0,0.0,0.0,0.0,0.0,1.333,0.769,7.0,6.0,7.0,0.0,0.0,6.0,0.0,0.0,1.0,1.0,9.0,9.3,57.0,55.3,archive,0.3,0.0,0.578,14.0,39.0,1.0,1.0,-7.335,0.0,0.0,0.0,132.0,130.029,1.971,False,-14.5,0.142,0.142,0.979,0.425,-1.859,False,0,0.0,7,7,0.012,0.018,True
2021_17_HOU_SF,under,2019-22,2021,17,SF,HOU,Under 44,14.0,44.0,7.046,40.097,-3.903,0.282,0.632,23.0,7.0,16.0,30.0,True,False,1.0,14.0,10.097,1.909,-0.243,8.431,-2.384,1.346,0.991,1.956,-0.184,0.229,0.175,-0.159,-0.666,0.361,,earned,,covered anyway (miss +10.1 inside the edge),,,,1.0,1.0,-3.002,-4.502,7.0,7.0,0.0,0.0,0.0,0.0,0.0,0.0,0.0,1.0,0.0,0.0,0.0,0.0,0.906,-3.325,6.0,0.0,6.0,0.0,0.0,0.0,0.0,0.0,1.0,1.0,6.0,7.4,50.0,57.2,archive,1.4,0.0,-5.257,111.0,67.0,2.0,1.0,-4.827,0.0,0.0,0.0,123.0,122.615,0.385,False,14.0,-0.497,-1.52,5.435,1.628,-10.83,False,0,0.0,7,10,-0.013,0.017,True
2021_17_ARI_DAL,under,2019-22,2021,17,DAL,ARI,Under 53,6.5,53.0,6.306,48.66,-4.34,0.474,0.643,22.0,25.0,-3.0,47.0,True,False,1.0,6.0,1.66,5.154,2.878,-6.372,1.13,1.346,0.722,1.956,-0.184,0.026,0.175,1.357,-0.249,1.753,,earned,,covered anyway (miss +1.7 inside the edge),,,,1.0,0.0,-4.254,0.0,0.0,3.0,0.0,0.0,0.0,0.0,0.0,0.0,1.0,0.0,0.0,0.0,0.0,0.0,-3.447,1.707,0.0,6.0,0.0,0.0,6.0,0.0,0.0,0.0,0.978,0.979,,,,,none,0.0,0.0,-2.078,88.0,45.0,3.0,2.0,1.685,0.0,0.0,0.0,128.0,131.298,-3.298,False,6.5,1.66,1.66,1.854,0.451,0.89,False,0,1.0,8,7,-0.007,-0.037,True
2022_01_BUF_LA,under,2019-22,2022,1,LA,BUF,Under 51.5,-1.0,51.5,0.289,49.249,-2.251,0.527,0.579,10.0,31.0,-21.0,41.0,True,False,1.0,10.5,8.249,-0.356,1.784,6.82,-2.064,1.346,-0.862,1.225,-0.184,0.026,0.175,1.026,0.38,0.361,,earned,,covered anyway (miss +8.2 inside the edge),,,,3.0,4.0,-15.617,-19.158,3.0,10.0,0.0,0.0,0.0,0.0,0.0,0.0,0.0,0.0,0.0,0.0,0.0,0.0,1.278,0.982,0.0,8.0,0.0,0.0,8.0,0.0,0.0,0.0,1.0,1.0,,8.0,,88.0,pbp_text,0.0,0.0,1.592,30.0,35.0,3.0,0.0,1.66,0.0,0.0,0.0,123.0,125.493,-2.493,True,1.0,-0.747,-0.747,2.036,1.398,4.62,True,0,1.0,7,7,-0.013,0.032,True
2022_01_PHI_DET,under,2019-22,2022,1,DET,PHI,Under 49,-6.0,49.0,-2.403,47.395,-1.605,0.633,0.557,35.0,38.0,-3.0,73.0,False,False,-1.1,-24.0,-25.605,-6.771,-3.607,-15.226,2.088,-3.325,-0.178,-5.356,-0.184,0.026,0.175,-4.497,-0.184,1.057,variance,,,garbage time (-5.4); pace (-4.5); and outplayed (-15.2),,,,1.0,0.0,-6.977,0.0,0.0,7.0,0.0,1.0,0.0,0.0,0.0,0.0,0.0,0.0,0.0,0.0,0.0,0.0,0.256,0.278,12.0,14.0,0.0,12.0,14.0,0.0,0.0,0.0,1.0,1.0,,,,68.0,pbp_text,0.0,0.0,4.997,65.0,61.0,1.0,3.0,2.08,0.0,0.0,0.0,136.0,125.075,10.925,True,6.0,-1.126,-1.126,4.723,0.072,3.587,False,0,1.0,7,7,0.015,0.026,True
2022_01_NE_MIA,under,2019-22,2022,1,MIA,NE,Under 47,3.0,47.0,-0.748,43.92,-3.08,0.386,0.608,20.0,7.0,13.0,27.0,True,False,1.0,20.0,16.92,-1.717,5.568,13.07,1.13,-3.325,-1.112,1.59,-0.184,-0.004,0.175,5.258,0.658,-0.335,,earned,,covered anyway; return TD (-3.3),,,,0.0,3.0,0.0,-16.712,10.0,0.0,1.0,0.0,0.0,0.0,0.0,0.0,0.0,0.0,0.0,0.0,0.0,0.0,2.825,0.068,1.0,6.0,1.0,0.0,0.0,6.0,0.0,0.0,1.0,1.0,,6.8,,91.4,archive,-0.2,0.0,0.599,20.0,15.0,1.0,1.0,9.343,0.0,0.0,0.0,110.0,122.774,-12.774,False,3.0,0.142,0.142,3.89,0.456,-4.753,False,1,0.0,7,7,0.023,-0.035,True
2022_01_BAL_NYJ,under,2019-22,2022,1,NYJ,BAL,Under 44,-6.5,44.0,-3.431,42.302,-1.698,0.619,0.56,9.0,24.0,-15.0,33.0,True,False,1.0,11.0,9.302,1.141,-0.809,8.969,-0.787,1.346,1.186,-0.603,-0.184,-0.688,0.175,-1.133,-0.036,1.057,,earned,,covered anyway (miss +9.3 inside the edge),,,,2.0,1.0,-11.244,-2.001,6.0,3.0,0.0,0.0,0.0,0.0,0.0,0.0,1.0,0.0,1.0,0.0,0.0,0.0,-3.164,0.255,6.0,7.0,0.0,6.0,7.0,0.0,0.0,0.0,1.0,1.0,,2.2,,74.1,archive,-4.8,0.0,2.851,81.0,29.0,4.0,0.0,4.994,0.0,0.0,0.0,130.0,127.247,2.753,True,6.5,0.66,-0.415,3.484,0.905,5.196,False,0,0.0,7,7,0.011,0.021,True
2022_01_KC_ARI,under,2019-22,2022,1,ARI,KC,Under 54,-6.0,54.0,-3.887,52.415,-1.585,0.589,0.557,21.0,44.0,-23.0,65.0,False,False,-1.1,-11.0,-12.585,-5.415,0.667,-7.837,2.088,1.346,-0.202,-8.646,-0.184,0.026,0.175,-1.4,0.297,1.753,variance,,,garbage time (-8.6),,,,0.0,1.0,0.0,-3.35,0.0,0.0,0.0,0.0,0.0,0.0,0.0,0.0,0.0,0.0,0.0,1.0,0.0,0.0,0.069,0.527,14.0,21.0,0.0,14.0,21.0,0.0,0.0,0.0,0.837,1.0,,,,,none,0.0,0.0,-3.121,49.0,25.0,4.0,1.0,0.466,0.0,0.0,0.0,130.0,126.6,3.4,True,6.0,-1.292,-1.292,3.405,1.058,-0.415,False,0,1.0,7,7,0.001,0.065,True
2022_02_MIA_BAL,under,2019-22,2022,2,BAL,MIA,Under 44,3.0,44.0,0.009,42.186,-1.814,0.409,0.566,38.0,42.0,-4.0,80.0,False,False,-1.1,-36.0,-37.814,-12.717,3.117,-28.214,-0.148,-3.325,-0.963,-8.281,-0.184,-0.212,0.175,1.121,0.463,1.753,variance,,,garbage time (-8.3); return TD (-3.3); and outplayed (-28.2),,,,0.0,2.0,0.0,-6.534,7.0,0.0,0.0,0.0,1.0,0.0,0.0,0.0,0.0,0.0,0.0,0.0,0.0,0.0,2.112,0.405,14.0,20.0,14.0,0.0,0.0,20.0,0.0,0.0,1.0,1.0,,5.4,,80.2,archive,-1.6,0.0,3.91,5.0,51.0,3.0,2.0,-8.59,0.0,0.0,0.0,123.0,125.724,-2.724,False,3.0,-1.403,-1.403,1.588,0.824,-1.103,False,0,0.0,7,7,-0.04,0.014,True
2022_02_CIN_DAL,under,2019-22,2022,2,DAL,CIN,Under 42,-7.5,42.0,-4.197,39.452,-2.548,0.648,0.59,20.0,17.0,3.0,37.0,True,False,1.0,5.0,2.452,4.459,1.032,-3.039,2.088,1.346,-2.027,3.053,-0.184,0.026,0.175,1.109,0.241,-0.335,,earned,,covered anyway (miss +2.5 inside the edge),,,,1.0,0.0,-4.331,0.0,0.0,0.0,0.0,0.0,0.0,0.0,0.0,0.0,0.0,0.0,0.0,0.0,0.0,0.0,2.117,3.086,0.0,3.0,0.0,0.0,0.0,3.0,0.0,0.0,1.0,1.0,,,,,none,0.0,0.0,1.397,45.0,35.0,1.0,1.0,1.168,0.0,0.0,0.0,125.0,127.694,-2.694,True,7.5,-1.537,-2.635,5.938,0.872,5.382,False,0,1.0,7,7,-0.016,-0.001,True
2022_02_HOU_DEN,under,2019-22,2022,2,DEN,HOU,Under 46,10.5,46.0,6.489,44.013,-1.987,0.342,0.57,16.0,9.0,7.0,25.0,True,False,1.0,21.0,19.013,5.317,0.621,13.075,1.13,1.346,-1.308,4.15,-0.184,-0.108,0.175,0.494,-0.814,1.057,,earned,,covered anyway (miss +19.0 inside the edge),,,,1.0,0.0,-2.802,0.0,0.0,3.0,0.0,0.0,0.0,0.0,0.0,0.0,0.0,0.0,0.0,0.0,0.0,0.0,1.752,1.635,0.0,0.0,0.0,0.0,0.0,0.0,0.0,0.0,1.0,1.0,,6.1,,83.2,archive,-0.9,0.0,-0.131,100.0,94.0,1.0,3.0,4.473,0.0,0.0,0.0,122.0,123.2,-1.2,False,10.5,-1.081,-1.081,2.93,0.67,-5.468,False,0,0.0,7,6,-0.02,0.003,True
2022_03_BUF_MIA,under,2019-22,2022,3,MIA,BUF,Under 54,-4.0,54.0,-1.524,49.637,-4.363,0.604,0.643,21.0,19.0,2.0,40.0,True,False,1.0,14.0,9.637,4.897,-1.22,5.959,-2.064,1.346,1.466,4.15,-0.184,-0.137,0.175,-1.75,0.315,0.361,,earned,wk3_4,covered anyway (miss +9.6 inside the edge),,,,0.0,1.0,0.0,-4.392,13.0,0.0,0.0,0.0,0.0,0.0,0.0,0.0,0.0,1.0,0.0,0.0,0.0,1.0,0.203,-3.821,0.0,0.0,0.0,0.0,0.0,0.0,0.0,0.0,0.87,1.0,,5.9,,88.5,archive,-1.1,0.0,2.458,20.0,52.0,0.0,3.0,-2.983,0.0,0.0,0.0,128.0,123.748,4.252,True,4.0,0.872,0.872,1.605,0.881,4.594,False,1,0.0,7,6,-0.008,0.02,True
2022_03_DET_MIN,under,2019-22,2022,3,MIN,DET,Under 52,6.5,52.0,4.128,49.446,-2.554,0.409,0.593,28.0,24.0,4.0,52.0,False,True,0.0,0.0,-2.554,12.598,-1.037,-14.114,2.088,1.346,5.015,4.15,-0.184,0.026,0.175,-5.192,0.297,3.841,,,wk3_4,pace (-5.2); and outplayed (-14.1),,,,1.0,1.0,-5.241,-0.514,0.0,0.0,0.0,0.0,0.0,0.0,0.0,0.0,2.0,2.0,0.0,0.0,0.0,0.0,-6.133,-6.445,0.0,0.0,0.0,0.0,0.0,0.0,0.0,0.0,1.0,1.0,,15.0,,65.0,pbp_text,0.0,0.0,2.839,15.0,59.0,2.0,6.0,-6.914,0.0,0.0,0.0,140.0,127.385,12.615,False,6.5,-0.331,-0.331,2.041,0.225,-2.189,False,1,1.0,7,6,0.032,-0.005,True
2022_03_CIN_NYJ,under,2019-22,2022,3,NYJ,CIN,Under 46,-6.5,46.0,-5.746,44.03,-1.97,0.551,0.571,12.0,27.0,-15.0,39.0,True,False,1.0,7.0,5.03,-3.772,-4.021,12.824,-2.064,1.346,-0.988,-2.066,-0.184,0.1,0.175,-5.364,0.195,1.057,,earned,wk3_4,covered anyway; pace (-5.4),,,,4.0,1.0,-16.303,-4.769,3.0,10.0,0.0,0.0,0.0,0.0,0.0,0.0,0.0,1.0,0.0,0.0,0.0,0.0,4.84,-2.26,3.0,14.0,0.0,3.0,14.0,0.0,0.0,0.0,1.0,1.0,,7.5,,67.9,archive,0.5,0.0,0.407,55.0,30.0,3.0,1.0,-5.102,0.0,0.0,0.0,140.0,126.967,13.033,True,6.5,0.261,0.261,0.493,0.24,0.265,False,0,0.0,7,7,0.027,-0.0,True
2022_03_LA_ARI,under,2019-22,2022,3,ARI,LA,Under 49,-3.5,49.0,-0.251,45.727,-3.273,0.623,0.613,12.0,20.0,-8.0,32.0,True,False,1.0,17.0,13.727,3.298,2.413,8.016,1.13,1.346,-1.134,1.956,-0.184,0.026,0.175,0.448,0.195,1.753,,earned,wk3_4,covered anyway (miss +13.7 inside the edge),,,,0.0,1.0,0.0,-5.962,3.0,0.0,0.0,0.0,0.0,0.0,0.0,0.0,0.0,0.0,0.0,0.0,0.0,0.0,2.18,0.766,6.0,0.0,0.0,6.0,0.0,0.0,0.0,0.0,1.0,1.0,,,,,none,0.0,0.0,1.69,50.0,35.0,5.0,0.0,6.806,0.0,0.0,0.0,125.0,126.089,-1.089,True,3.5,-0.019,-0.019,3.268,0.989,0.888,False,1,1.0,7,7,0.015,-0.017,True
2022_04_NE_GB,under,2019-22,2022,4,GB,NE,Under 40.5,10.0,40.5,8.734,38.48,-2.02,0.426,0.57,27.0,24.0,3.0,51.0,False,False,-1.1,-10.5,-12.52,0.168,-6.166,-6.522,2.088,-3.325,-0.55,1.956,2.327,0.114,-3.358,-4.136,-0.083,-1.031,knowable,,wk3_4,pace (-4.1); overtime (-3.4),,,,2.0,1.0,-12.668,-4.695,0.0,7.0,0.0,1.0,0.0,0.0,0.0,0.0,0.0,0.0,0.0,0.0,0.0,0.0,0.887,0.588,6.0,0.0,6.0,0.0,0.0,0.0,0.0,0.0,1.0,0.28,,7.6,,62.3,archive,0.6,0.0,1.428,40.0,75.0,1.0,0.0,2.521,1.0,6.0,0.0,129.0,118.952,10.048,False,10.0,0.556,1.668,2.934,0.741,-3.071,False,0,0.0,7,7,0.023,0.019,True
2022_06_CAR_LA,under,2019-22,2022,6,LA,CAR,Under 41.5,10.0,41.5,11.628,39.811,-1.689,0.52,0.561,24.0,10.0,14.0,34.0,True,False,1.0,7.5,5.811,-0.042,6.515,-0.662,2.088,-3.325,-0.395,1.59,-0.184,0.026,0.175,7.974,0.25,-1.727,,earned,,covered anyway; return TD (-3.3),,,,1.0,1.0,-8.077,-6.364,0.0,7.0,0.0,1.0,0.0,0.0,0.0,0.0,0.0,0.0,0.0,0.0,0.0,0.0,0.171,0.91,7.0,0.0,7.0,0.0,0.0,0.0,0.0,0.0,1.0,0.783,,6.0,,72.0,pbp_text,0.0,0.0,-2.237,49.0,30.0,0.0,0.0,0.0,0.0,0.0,0.0,104.0,123.374,-19.374,True,-10.0,0.397,1.468,0.16,0.343,2.071,False,0,1.0,7,7,-0.024,-0.056,True
2022_06_ARI_SEA,under,2019-22,2022,6,SEA,ARI,Under 50,-2.5,50.0,-1.502,48.383,-1.617,0.513,0.557,19.0,9.0,10.0,28.0,True,False,1.0,22.0,20.383,2.794,-2.404,19.993,2.088,-3.325,-0.118,4.15,-0.184,-0.004,0.175,-4.925,0.084,2.449,,earned,,covered anyway; pace (-4.9); return TD (-3.3),,,,1.0,2.0,-4.79,-3.4,0.0,7.0,0.0,1.0,0.0,0.0,0.0,0.0,0.0,0.0,0.0,1.0,0.0,0.0,1.265,-0.882,0.0,0.0,0.0,0.0,0.0,0.0,0.0,0.0,1.0,1.0,,6.8,,79.8,archive,-0.2,0.0,2.988,44.0,53.0,1.0,5.0,4.769,0.0,0.0,0.0,137.0,125.035,11.965,True,2.5,0.511,0.511,0.487,0.608,1.121,False,1,0.0,7,7,0.06,0.007,True
2022_07_DET_DAL,under,2019-22,2022,7,DAL,DET,Under 49.5,7.0,49.5,10.738,45.979,-3.521,0.585,0.621,24.0,6.0,18.0,30.0,True,False,1.0,19.5,15.979,-5.176,4.114,17.041,-4.619,1.346,-0.934,-0.969,-0.184,0.026,0.175,5.898,-0.073,-1.727,,earned,,"covered anyway; 6 turnovers, 21 pts off them (-4.6)",,,,1.0,5.0,-4.198,-22.292,21.0,0.0,0.0,0.0,0.0,0.0,0.0,0.0,0.0,0.0,0.0,0.0,0.0,0.0,0.253,2.189,14.0,0.0,14.0,0.0,0.0,0.0,0.0,0.0,1.0,1.0,,,,,none,0.0,0.0,2.677,55.0,59.0,0.0,0.0,0.0,0.0,0.0,0.0,113.0,127.328,-14.328,True,-7.0,0.598,0.598,3.14,1.38,0.385,False,0,1.0,7,14,-0.033,0.042,True
2022_08_DEN_JAX,under,2019-22,2022,8,JAX,DEN,Under 41,1.0,41.0,0.567,38.669,-2.331,0.507,0.583,17.0,21.0,-4.0,38.0,True,False,1.0,3.0,0.669,5.068,0.078,-4.477,-0.148,1.346,-0.279,4.15,-0.184,0.157,0.175,-0.173,-0.258,0.361,,luck,,covered anyway (miss +0.7 inside the edge),,,,2.0,1.0,-10.766,-3.151,7.0,0.0,0.0,0.0,0.0,0.0,0.0,0.0,0.0,0.0,0.0,0.0,0.0,0.0,0.587,0.203,0.0,0.0,0.0,0.0,0.0,0.0,0.0,0.0,1.0,1.0,,7.9,,68.3,archive,0.9,0.0,2.525,54.0,80.0,0.0,3.0,-0.046,0.0,0.0,0.0,125.0,124.58,0.42,False,1.0,1.247,1.247,1.679,0.945,-2.681,False,0,0.0,7,7,-0.062,0.004,True
2022_09_LV_JAX,under,2019-22,2022,9,JAX,LV,Under 47.5,-2.5,47.5,-1.499,43.55,-3.95,0.512,0.633,27.0,20.0,7.0,47.0,True,False,1.0,0.5,-3.45,4.718,0.936,-9.104,-0.148,1.346,0.467,3.053,-0.184,-0.573,0.175,0.869,0.287,0.361,,luck,,covered anyway (miss -3.5 inside the edge),,,,1.0,1.0,-4.718,-2.545,0.0,7.0,0.0,0.0,0.0,0.0,0.0,0.0,1.0,0.0,0.0,0.0,0.0,0.0,-2.054,0.959,3.0,0.0,3.0,0.0,0.0,0.0,0.0,0.0,1.0,1.0,14.0,9.9,81.0,80.6,archive,-4.1,0.0,0.63,30.0,45.0,0.0,3.0,0.994,0.0,0.0,0.0,123.0,125.112,-2.112,True,2.5,-1.201,-1.201,2.201,0.691,-0.668,False,0,0.0,7,7,0.002,0.019,True
2022_09_BUF_NYJ,under,2019-22,2022,9,NYJ,BUF,Under 46,-11.0,46.0,-10.24,41.352,-4.648,0.537,0.652,20.0,17.0,3.0,37.0,True,False,1.0,9.0,4.352,4.276,2.397,-2.321,-0.148,1.346,-1.071,4.15,-0.184,-0.456,0.175,2.075,0.426,0.361,,earned,,covered anyway (miss +4.4 inside the edge),,,,1.0,2.0,-5.101,-9.537,7.0,0.0,0.0,0.0,0.0,0.0,0.0,0.0,0.0,1.0,0.0,0.0,0.0,0.0,2.484,0.305,0.0,0.0,0.0,0.0,0.0,0.0,0.0,0.0,1.0,1.0,17.0,13.7,69.0,74.1,archive,-3.3,0.0,0.299,30.0,30.0,2.0,1.0,6.982,0.0,0.0,0.0,121.0,126.041,-5.041,True,11.0,-0.349,-0.349,1.109,0.413,0.075,False,1,0.0,7,7,-0.025,0.033,True
2022_09_SEA_ARI,under,2019-22,2022,9,ARI,SEA,Under 49.5,1.5,49.5,1.685,47.51,-1.99,0.527,0.572,21.0,31.0,-10.0,52.0,False,False,-1.1,-2.5,-4.49,-2.495,-0.69,-1.305,2.088,-3.325,-0.654,-0.603,-0.184,-0.441,0.175,-0.555,-0.046,0.361,in-game events,,,return TD (-3.3),,,,1.0,1.0,-0.897,-8.88,7.0,0.0,1.0,0.0,0.0,0.0,0.0,0.0,0.0,0.0,0.0,0.0,0.0,0.0,0.206,1.531,0.0,13.0,0.0,0.0,13.0,0.0,0.0,0.0,1.0,1.0,,3.8,,77.5,archive,-3.2,0.0,0.163,77.0,34.0,2.0,1.0,-0.261,0.0,0.0,0.0,129.0,127.651,1.349,True,-1.5,0.6,0.6,-0.415,0.87,-1.565,False,1,0.0,7,7,-0.004,0.019,True
2022_10_ATL_CAR,under,2019-22,2022,10,CAR,ATL,Under 41.5,-2.5,41.5,-2.978,38.065,-3.435,0.468,0.619,25.0,15.0,10.0,40.0,True,False,1.0,1.5,-1.935,0.728,-0.189,-2.474,1.13,1.346,-0.413,-1.334,-0.184,0.494,0.175,-0.155,-0.184,-0.335,,earned,,covered anyway (miss -1.9 inside the edge),,,,0.0,1.0,0.0,-3.105,3.0,0.0,0.0,0.0,0.0,0.0,0.0,0.0,0.0,0.0,1.0,2.0,0.0,1.0,2.79,-1.662,9.0,6.0,9.0,0.0,0.0,6.0,0.0,0.0,1.0,1.0,12.0,15.3,61.0,59.1,archive,3.3,0.0,-2.519,89.0,37.0,0.0,2.0,6.107,0.0,0.0,0.0,123.0,122.622,0.378,False,-2.5,0.133,0.133,0.611,0.566,-1.587,True,1,0.0,4,4,0.037,-0.037,True
2022_10_DET_CHI,under,2019-22,2022,10,CHI,DET,Under 48.5,3.0,48.5,5.03,46.241,-2.259,0.567,0.582,30.0,31.0,-1.0,61.0,False,False,-1.1,-12.5,-14.759,2.625,1.91,-19.294,2.088,-3.325,0.078,3.784,-0.184,-0.769,0.175,2.976,0.047,-0.335,variance,,,return TD (-3.3); and outplayed (-19.3),,,,1.0,0.0,-6.962,0.0,0.0,7.0,0.0,1.0,0.0,0.0,0.0,0.0,0.0,0.0,1.0,0.0,0.0,0.0,-0.453,0.34,1.0,0.0,1.0,0.0,0.0,0.0,0.0,0.0,1.0,1.0,13.0,9.8,34.0,35.2,archive,-3.2,-1.0,-2.224,86.0,15.0,1.0,1.0,-7.579,0.0,0.0,0.0,116.0,123.23,-7.23,True,-3.0,0.245,0.245,1.785,0.416,1.707,False,1,0.0,7,7,0.016,0.035,True
2022_10_HOU_NYG,under,2019-22,2022,10,NYG,HOU,Under 41.5,5.5,41.5,4.472,39.655,-1.845,0.457,0.57,24.0,16.0,8.0,40.0,True,False,1.0,1.5,-0.345,3.142,-2.751,-0.736,2.088,1.346,-1.15,0.859,-0.184,-0.428,0.175,-0.975,0.389,-1.727,,luck,,covered anyway (miss -0.3 inside the edge),,,,0.0,2.0,0.0,-8.81,0.0,0.0,0.0,0.0,0.0,0.0,0.0,0.0,0.0,0.0,0.0,0.0,0.0,0.0,1.454,1.535,3.0,6.0,3.0,0.0,0.0,6.0,0.0,0.0,1.0,1.0,15.0,11.8,50.0,50.1,archive,-3.2,0.0,0.446,24.0,40.0,0.0,0.0,0.0,0.0,0.0,0.0,126.0,123.63,2.37,False,5.5,-1.234,-1.234,-0.206,0.837,-3.07,False,0,0.0,10,14,-0.013,-0.008,True
2022_11_CLE_BUF,under,2019-22,2022,11,BUF,CLE,Under 50.5,7.5,50.5,11.386,48.084,-2.416,0.576,0.588,31.0,23.0,8.0,54.0,False,False,-1.1,-3.5,-5.916,-2.151,-2.007,-1.758,1.13,1.346,-0.733,-3.894,-0.184,0.026,0.175,-1.458,-0.231,-0.335,in-game events,,,garbage time (-3.9),,,,0.0,1.0,0.0,-5.518,3.0,0.0,0.0,0.0,0.0,0.0,0.0,0.0,0.0,1.0,0.0,0.0,0.0,1.0,5.133,-3.198,9.0,13.0,9.0,0.0,0.0,13.0,0.0,0.0,1.0,1.0,,,,68.0,pbp_text,0.0,0.0,-2.236,89.0,42.0,0.0,2.0,0.702,0.0,0.0,0.0,129.0,125.457,3.543,True,-7.5,0.799,0.799,3.086,1.376,7.199,False,0,1.0,7,7,0.032,0.032,True
2022_11_PHI_IND,under,2019-22,2022,11,IND,PHI,Under 45.5,-6.5,45.5,-4.844,42.193,-3.307,0.579,0.615,16.0,17.0,-1.0,33.0,True,False,1.0,12.5,9.193,6.231,2.113,0.849,0.171,1.346,0.564,4.15,-0.184,0.026,0.175,2.095,-0.36,0.361,,earned,listed starter did not play (model priced the wrong QB),covered anyway; model priced a QB who did not play,,,,1.0,2.0,-4.819,-10.85,6.0,0.0,0.0,0.0,0.0,0.0,0.0,0.0,1.0,0.0,0.0,0.0,0.0,0.0,-1.53,0.191,0.0,0.0,0.0,0.0,0.0,0.0,1.0,0.0,0.0,1.0,,5.0,,29.0,pbp_text,0.0,0.0,-2.259,90.0,55.0,1.0,2.0,-1.718,0.0,0.0,0.0,121.0,126.091,-5.091,True,6.5,1.137,1.137,0.518,0.888,-0.425,False,0,1.0,7,6,-0.056,0.024,True
2022_12_GB_PHI,under,2019-22,2022,12,PHI,GB,Under 46,6.5,46.0,4.86,43.265,-2.735,0.431,0.6,40.0,33.0,7.0,73.0,False,False,-1.1,-27.0,-29.735,-4.785,-0.264,-24.685,-1.745,1.346,-0.492,-3.894,-0.184,-0.941,0.175,-0.798,0.426,1.057,variance,,,garbage time (-3.9); and outplayed (-24.7),,,,1.0,2.0,-8.349,-8.132,6.0,6.0,0.0,0.0,0.0,0.0,0.0,0.0,0.0,0.0,1.0,1.0,0.0,0.0,1.696,-0.368,10.0,12.0,10.0,0.0,0.0,12.0,0.0,0.0,1.0,0.679,24.0,16.9,62.0,60.0,archive,-7.1,0.0,-0.622,25.0,35.0,3.0,1.0,-3.925,0.0,0.0,0.0,126.0,124.061,1.939,False,6.5,-0.799,-0.799,0.841,0.341,-2.016,True,0,0.0,10,7,0.019,0.016,True
2022_13_GB_CHI,under,2019-22,2022,13,CHI,GB,Under 45,-4.0,45.0,-4.586,42.417,-2.583,0.511,0.595,19.0,28.0,-9.0,47.0,False,False,-1.1,-2.0,-4.583,4.888,2.755,-12.226,-0.467,1.346,1.322,2.687,-0.184,-0.852,0.175,3.738,0.213,-0.335,variance,,,"outplayed, no luck (residual -12.2)",,,,3.0,0.0,-11.486,0.0,0.0,8.0,0.0,0.0,0.0,0.0,0.0,0.0,1.0,0.0,1.0,0.0,1.0,0.0,-3.665,0.41,0.0,4.0,0.0,0.0,4.0,0.0,0.0,0.0,1.0,1.0,12.0,14.7,38.0,34.2,archive,2.7,1.0,-4.531,63.0,20.0,0.0,2.0,-1.97,0.0,0.0,0.0,111.0,120.08,-9.08,False,-4.0,-1.286,-2.568,-1.982,1.2,2.21,False,1,0.0,7,7,0.028,0.024,True
2022_14_MIA_LAC,under,2019-22,2022,14,LAC,MIA,Under 54.5,-3.0,54.5,-1.091,51.927,-2.573,0.567,0.595,23.0,17.0,6.0,40.0,True,False,1.0,14.5,11.927,4.514,0.355,7.057,2.088,1.346,-0.875,1.956,-0.184,0.026,0.175,0.525,0.149,-0.335,,earned,,covered anyway (miss +11.9 inside the edge),,,,0.0,0.0,0.0,0.0,0.0,0.0,0.0,0.0,0.0,0.0,0.0,0.0,0.0,0.0,0.0,0.0,0.0,0.0,0.562,1.733,3.0,3.0,3.0,0.0,0.0,3.0,0.0,0.0,1.0,1.0,,15.0,,53.0,pbp_text,0.0,0.0,1.976,40.0,50.0,2.0,0.0,0.62,0.0,0.0,0.0,125.0,126.275,-1.275,True,3.0,-1.455,-1.455,3.364,0.198,2.095,True,0,1.0,7,7,0.015,0.0,True
2022_15_DET_NYJ,under,2019-22,2022,15,NYJ,DET,Under 44,2.0,44.0,-3.221,40.842,-3.158,0.369,0.613,17.0,20.0,-3.0,37.0,True,False,1.0,7.0,3.842,3.41,1.404,-0.971,1.13,-3.325,1.456,4.15,-0.184,0.051,0.175,-0.011,0.315,1.057,,earned,,covered anyway; return TD (-3.3),,,,1.0,0.0,-7.238,0.0,0.0,3.0,0.0,0.0,0.0,1.0,0.0,0.0,1.0,1.0,0.0,0.0,0.0,0.0,-1.007,-2.585,0.0,0.0,0.0,0.0,0.0,0.0,0.0,0.0,1.0,1.0,13.0,13.2,38.0,38.7,archive,0.2,0.0,1.599,20.0,52.0,1.0,3.0,-4.249,0.0,0.0,0.0,127.0,126.972,0.028,False,2.0,-1.122,-2.424,2.797,0.678,-6.824,False,0,0.0,7,7,0.049,-0.037,True
2022_15_ARI_DEN,under,2019-22,2022,15,DEN,ARI,Under 37.5,1.5,37.5,-0.717,36.037,-1.463,0.455,0.558,24.0,15.0,9.0,39.0,False,False,-1.1,-1.5,-2.963,-2.607,1.945,-2.3,-2.064,1.346,-1.285,-0.603,2.327,0.039,0.175,0.862,0.269,-1.727,luck,,line_u41,nothing stands out: ordinary miss (residual -2.3),,,,2.0,3.0,-7.402,-12.295,7.0,6.0,0.0,0.0,0.0,0.0,0.0,0.0,1.0,0.0,0.0,0.0,0.0,0.0,-1.157,4.487,7.0,6.0,7.0,0.0,0.0,6.0,0.0,0.0,1.0,0.581,4.0,4.1,37.0,39.7,archive,0.1,0.0,1.008,31.0,46.0,0.0,0.0,0.0,0.0,0.0,0.0,125.0,127.095,-2.095,False,1.5,-1.069,-2.371,-0.154,0.488,-3.154,False,0,0.0,6,7,-0.01,-0.059,True
2022_15_CIN_TB,under,2019-22,2022,15,TB,CIN,Under 47,-3.5,47.0,-0.366,43.81,-3.19,0.62,0.614,23.0,34.0,-11.0,57.0,False,False,-1.1,-10.0,-13.19,-12.046,-0.69,-0.455,-5.577,1.346,0.833,-8.646,-0.184,0.487,0.175,-1.724,0.195,0.361,luck,,,"garbage time (-8.6); 5 turnovers, 24 pts off them (-5.6)",,,,4.0,1.0,-18.079,-5.052,3.0,21.0,0.0,0.0,0.0,0.0,0.0,0.0,1.0,0.0,0.0,0.0,0.0,0.0,-2.687,0.669,19.0,16.0,13.0,6.0,13.0,3.0,0.0,0.0,1.0,1.0,6.0,9.6,66.0,64.6,archive,3.6,0.0,-4.113,58.0,27.0,3.0,0.0,0.324,0.0,0.0,0.0,132.0,127.812,4.188,True,3.5,0.47,0.47,2.664,0.529,1.849,False,0,0.0,7,7,-0.008,0.04,True
2022_16_GB_MIA,under,2019-22,2022,16,MIA,GB,Under 49,3.5,49.0,1.037,45.495,-3.505,0.403,0.623,20.0,26.0,-6.0,46.0,True,False,1.0,3.0,-0.505,4.694,7.698,-12.897,-0.787,1.346,-0.015,4.15,-0.184,-0.57,0.175,5.79,0.038,2.449,,luck,,covered anyway (miss -0.5 inside the edge),,,,4.0,1.0,-16.988,-2.004,0.0,9.0,0.0,0.0,0.0,0.0,0.0,0.0,1.0,0.0,0.0,0.0,0.0,0.0,-1.417,1.539,0.0,0.0,0.0,0.0,0.0,0.0,0.0,0.0,1.0,1.0,14.0,9.4,45.0,44.3,archive,-4.6,0.0,-2.047,62.0,40.0,1.0,5.0,2.163,0.0,0.0,0.0,107.0,121.067,-14.067,False,3.5,-0.084,-0.084,2.379,0.33,-2.595,False,0,0.0,6,8,0.033,0.011,True
2022_16_TB_ARI,under,2019-22,2022,16,ARI,TB,Under 41.5,-7.5,41.5,-8.163,39.053,-2.447,0.53,0.59,16.0,19.0,-3.0,35.0,True,False,1.0,6.5,4.053,3.286,-10.112,10.879,0.171,1.346,-2.381,4.15,-0.184,-0.673,-1.591,-8.043,0.019,0.361,,earned,,covered anyway; pace (-8.0),,,,3.0,2.0,-11.847,-8.779,3.0,3.0,0.0,0.0,0.0,0.0,0.0,0.0,0.0,0.0,0.0,0.0,0.0,0.0,3.891,2.206,0.0,0.0,0.0,0.0,0.0,0.0,0.0,0.0,0.981,1.0,,1.6,,68.5,archive,-5.4,0.0,-0.674,74.0,30.0,1.0,2.0,4.975,1.0,0.0,3.0,150.0,130.458,19.542,False,-7.5,-1.194,-2.471,-1.808,0.972,1.708,True,0,0.0,7,7,-0.012,-0.017,True
2022_17_CHI_DET,under,2019-22,2022,17,DET,CHI,Under 52.5,4.5,52.5,6.463,50.352,-2.148,0.541,0.581,41.0,10.0,31.0,51.0,True,False,1.0,1.5,-0.648,-3.317,2.127,0.542,1.13,1.346,-0.437,-5.356,-0.184,0.026,0.175,2.306,0.139,-0.335,,earned,,covered anyway; garbage time (-5.4),,,,0.0,2.0,0.0,-5.799,3.0,0.0,0.0,0.0,0.0,0.0,0.0,0.0,0.0,0.0,0.0,0.0,0.0,0.0,1.112,0.075,26.0,0.0,26.0,0.0,0.0,0.0,0.0,0.0,0.969,1.0,,,,68.0,pbp_text,0.0,0.0,3.933,42.0,49.0,1.0,1.0,0.505,0.0,0.0,0.0,117.0,122.602,-5.602,True,-4.5,0.135,0.135,1.829,0.617,0.737,False,1,1.0,8,8,0.065,0.019,True
2022_17_CLE_WAS,under,2019-22,2022,17,WAS,CLE,Under 41.5,1.0,41.5,0.917,39.437,-2.063,0.517,0.577,10.0,24.0,-14.0,34.0,True,False,1.0,7.5,5.437,3.453,5.581,-3.597,1.13,1.346,-0.613,1.59,-0.184,-0.243,0.175,2.809,0.574,2.449,,earned,,covered anyway (miss +5.4 inside the edge),,,,3.0,0.0,-8.489,0.0,0.0,3.0,0.0,0.0,0.0,0.0,0.0,0.0,0.0,0.0,0.0,0.0,0.0,0.0,0.997,0.636,0.0,7.0,0.0,0.0,7.0,0.0,0.0,0.0,1.0,1.0,9.0,7.0,59.0,57.8,archive,-2.0,0.0,1.192,24.0,20.0,4.0,2.0,2.115,0.0,0.0,0.0,118.0,124.824,-6.824,False,1.0,-0.319,-0.319,-0.236,0.212,-0.073,False,0,0.0,8,8,-0.007,-0.04,True
2023_01_DET_KC,under,2023-25,2023,1,KC,DET,Under 53,4.0,53.0,6.153,50.089,-2.911,0.543,0.608,20.0,21.0,-1.0,41.0,True,False,1.0,12.0,9.089,2.418,0.133,6.537,2.088,-3.325,-0.494,4.15,-0.184,0.012,0.175,-1.094,0.167,1.057,,earned,,covered anyway; return TD (-3.3),,,,1.0,1.0,-8.542,-3.432,0.0,7.0,0.0,1.0,0.0,0.0,0.0,0.0,0.0,0.0,0.0,0.0,0.0,0.0,1.129,0.203,0.0,0.0,0.0,0.0,0.0,0.0,0.0,0.0,1.0,1.0,,6.9,,77.8,archive,-0.1,0.0,3.767,25.0,63.0,1.0,3.0,-2.661,0.0,0.0,0.0,128.0,125.342,2.658,True,-4.0,-0.235,-0.235,2.388,0.792,4.051,True,0,0.0,7,7,0.066,0.038,True
2023_01_HOU_BAL,under,2023-25,2023,1,BAL,HOU,Under 43.5,9.5,43.5,10.296,41.86,-1.64,0.497,0.562,25.0,9.0,16.0,34.0,True,False,1.0,9.5,7.86,0.246,-3.116,10.73,0.171,1.346,-0.668,-0.603,-0.184,-0.423,0.175,-2.928,-0.814,1.057,,earned,,covered anyway (miss +7.9 inside the edge),,,,2.0,1.0,-9.398,-5.387,3.0,3.0,0.0,0.0,0.0,0.0,0.0,0.0,0.0,0.0,0.0,0.0,0.0,0.0,0.679,1.092,10.0,3.0,10.0,0.0,0.0,3.0,0.0,0.0,1.0,1.0,,3.7,,72.4,archive,-3.3,0.0,1.381,106.0,88.0,0.0,4.0,9.44,0.0,0.0,0.0,130.0,122.886,7.114,True,-9.5,0.444,0.444,0.353,0.295,1.123,False,0,0.0,7,7,-0.01,-0.053,True
2023_01_MIA_LAC,under,2023-25,2023,1,LAC,MIA,Under 50.5,3.0,50.5,2.765,48.564,-1.936,0.495,0.573,34.0,36.0,-2.0,70.0,False,False,-1.1,-19.5,-21.436,4.559,-6.479,-19.516,-0.148,1.346,-0.789,4.15,-0.184,0.026,0.175,-6.143,-0.018,-0.335,variance,,,pace (-6.1); and outplayed (-19.5),,,,0.0,2.0,0.0,-10.072,7.0,0.0,0.0,0.0,0.0,0.0,0.0,0.0,0.0,0.0,0.0,1.0,0.0,0.0,1.188,0.887,0.0,0.0,0.0,0.0,0.0,0.0,0.0,0.0,1.0,1.0,,3.0,,90.0,pbp_text,0.0,0.0,-0.924,70.0,38.0,1.0,1.0,-6.038,0.0,0.0,0.0,139.0,124.076,14.924,False,3.0,1.467,1.467,1.702,1.404,-3.617,False,0,1.0,7,7,0.0,0.006,True
2023_01_PHI_NE,under,2023-25,2023,1,NE,PHI,Under 44.5,-3.5,44.5,-6.164,41.084,-3.416,0.447,0.621,20.0,25.0,-5.0,45.0,False,False,-1.1,-0.5,-3.916,-2.033,-5.447,3.563,0.171,-3.325,-1.932,3.053,-0.184,-0.721,0.175,-6.535,0.065,1.753,luck,,,pace (-6.5); return TD (-3.3),,,,2.0,1.0,-14.636,-3.424,0.0,13.0,0.0,1.0,0.0,0.0,0.0,0.0,0.0,0.0,0.0,1.0,0.0,0.0,0.135,4.828,0.0,3.0,0.0,0.0,3.0,0.0,0.0,0.0,1.0,1.0,,1.5,,72.9,archive,-5.5,0.0,-0.004,50.0,49.0,4.0,1.0,-1.689,0.0,0.0,0.0,139.0,123.124,15.876,False,-3.5,-1.104,-1.104,1.56,1.349,-5.905,False,0,0.0,7,7,0.019,-0.034,True
2023_01_DAL_NYG,under,2023-25,2023,1,NYG,DAL,Under 44.5,-3.5,44.5,-2.686,40.962,-3.538,0.552,0.625,0.0,40.0,-40.0,40.0,True,False,1.0,4.5,0.962,-3.229,5.781,-1.589,-0.148,-3.325,4.869,-4.625,-0.184,-0.355,0.175,3.008,-0.009,3.145,,earned,,covered anyway; garbage time (-4.6); return TD (-3.3),,,,3.0,0.0,-13.242,0.0,0.0,14.0,0.0,1.0,0.0,0.0,0.0,0.0,2.0,0.0,0.0,1.0,1.0,0.0,-12.121,-0.089,0.0,24.0,0.0,0.0,24.0,0.0,0.0,0.0,0.959,0.962,,4.2,,70.7,archive,-2.8,0.0,-5.36,72.0,35.0,5.0,2.0,3.188,0.0,0.0,0.0,120.0,127.307,-7.307,True,3.5,0.401,0.401,0.413,0.582,-0.577,True,1,0.0,7,7,0.042,-0.011,True
2023_02_MIN_PHI,under,2023-25,2023,2,PHI,MIN,Under 49,6.0,49.0,4.794,46.939,-2.061,0.445,0.577,34.0,28.0,6.0,62.0,False,False,-1.1,-13.0,-15.061,-8.917,-0.68,-5.464,-2.064,1.346,0.082,-8.281,-0.184,0.31,0.175,-1.072,0.426,-0.335,variance,,,garbage time (-8.3),,,,1.0,4.0,-2.187,-17.566,13.0,0.0,0.0,0.0,0.0,0.0,0.0,0.0,1.0,0.0,0.0,0.0,0.0,0.0,-0.393,0.27,20.0,14.0,20.0,0.0,0.0,14.0,0.0,0.0,1.0,1.0,,9.1,,67.9,archive,2.1,0.0,-3.791,45.0,15.0,1.0,1.0,-0.785,0.0,0.0,0.0,130.0,127.395,2.605,False,6.0,-2.013,-2.013,-0.807,0.584,0.056,True,0,0.0,4,4,0.016,0.017,True
2023_02_BAL_CIN,under,2023-25,2023,2,CIN,BAL,Under 45.5,3.5,45.5,5.448,41.263,-4.237,0.533,0.643,24.0,27.0,-3.0,51.0,False,False,-1.1,-5.5,-9.737,1.058,-2.248,-8.547,-0.148,-3.325,0.382,4.15,-0.184,-0.488,0.175,-0.906,0.186,-1.031,variance,,,return TD (-3.3); and outplayed (-8.5),,,,1.0,0.0,-6.632,0.0,0.0,7.0,0.0,0.0,1.0,0.0,0.0,0.0,0.0,1.0,0.0,0.0,0.0,0.0,0.305,-1.185,0.0,0.0,0.0,0.0,0.0,0.0,0.0,0.0,1.0,1.0,,3.2,,73.2,archive,-3.8,0.0,-0.174,30.0,56.0,1.0,0.0,2.78,0.0,0.0,0.0,126.0,123.8,2.2,True,-3.5,1.604,1.604,0.344,1.745,-2.314,False,1,0.0,7,7,0.004,-0.01,True
2023_02_KC_JAX,under,2023-25,2023,2,JAX,KC,Under 50.5,-3.5,50.5,-1.902,43.816,-6.684,0.576,0.71,9.0,17.0,-8.0,26.0,True,False,1.0,24.5,17.816,5.913,1.864,10.04,1.13,1.346,-0.712,4.15,-0.184,0.093,0.175,0.703,0.019,1.057,,earned,,covered anyway (miss +17.8 inside the edge),,,,1.0,3.0,-5.693,-10.685,3.0,0.0,0.0,0.0,0.0,0.0,0.0,0.0,0.0,0.0,0.0,0.0,0.0,0.0,1.236,0.646,0.0,0.0,0.0,0.0,0.0,0.0,0.0,0.0,0.98,1.0,,7.5,,85.1,archive,0.5,0.0,8.069,10.0,94.0,2.0,2.0,-10.035,0.0,0.0,0.0,125.0,126.708,-1.708,True,3.5,0.046,0.046,1.551,0.216,1.96,False,0,0.0,7,10,-0.002,0.065,True
2023_03_HOU_JAX,under,2023-25,2023,3,JAX,HOU,Under 43.5,7.5,43.5,12.672,40.733,-2.767,0.615,0.601,17.0,37.0,-20.0,54.0,False,False,-1.1,-10.5,-13.267,-7.362,-0.761,-5.144,-0.787,-3.325,2.471,-5.721,-0.184,-0.083,0.175,0.527,-0.166,-1.031,knowable,,wk3_4,garbage time (-5.7); return TD (-3.3),,,,2.0,0.0,-6.366,0.0,0.0,9.0,0.0,0.0,0.0,1.0,0.0,0.0,2.0,0.0,0.0,0.0,1.0,0.0,-6.873,0.717,7.0,20.0,0.0,7.0,20.0,0.0,0.0,0.0,0.956,1.0,6.0,5.2,84.0,85.8,archive,-0.8,0.0,2.241,49.0,75.0,1.0,0.0,-2.833,0.0,0.0,0.0,125.0,126.28,-1.28,True,-7.5,1.087,1.087,4.085,0.595,6.33,False,1,0.0,7,7,-0.015,-0.039,True
2023_03_NE_NYJ,under,2023-25,2023,3,NYJ,NE,Under 35.5,-2.5,35.5,-2.487,32.046,-3.454,0.483,0.623,10.0,15.0,-5.0,25.0,True,False,1.0,10.5,7.046,7.656,-1.349,0.739,2.088,1.346,0.073,4.15,-0.184,0.784,0.175,-2.234,0.445,-0.335,,earned,wk3_4,covered anyway (miss +7.0 inside the edge),,,,0.0,0.0,0.0,0.0,0.0,0.0,0.0,0.0,0.0,0.0,0.0,0.0,0.0,2.0,0.0,0.0,0.0,0.0,1.81,-1.911,0.0,0.0,0.0,0.0,0.0,0.0,0.0,0.0,1.0,1.0,14.0,19.6,64.0,65.3,archive,5.6,0.0,4.97,15.0,43.0,2.0,0.0,-0.497,0.0,0.0,0.0,129.0,123.572,5.428,True,2.5,-0.805,-0.805,0.818,0.238,-0.333,False,1,0.0,7,7,-0.052,-0.034,True
2023_03_BUF_WAS,under,2023-25,2023,3,WAS,BUF,Under 44,-5.5,44.0,-4.941,41.694,-2.306,0.537,0.586,3.0,37.0,-34.0,40.0,True,False,1.0,4.0,1.694,-9.711,4.313,7.092,-1.106,-3.325,-1.752,-3.528,-0.184,0.161,0.175,4.07,0.426,-0.335,,earned,wk3_4,covered anyway; garbage time (-3.5); return TD (-3.3),,,,5.0,1.0,-23.072,-0.899,0.0,17.0,0.0,1.0,0.0,0.0,0.0,0.0,0.0,0.0,0.0,0.0,0.0,0.0,1.527,2.983,3.0,18.0,0.0,3.0,18.0,0.0,0.0,0.0,1.0,1.0,1.0,2.0,65.0,66.0,archive,1.0,0.0,5.319,15.0,45.0,1.0,1.0,0.576,0.0,0.0,0.0,114.0,123.887,-9.887,True,5.5,-0.175,-0.175,0.734,0.468,-0.453,False,0,0.0,7,7,-0.035,0.019,True
2023_04_ATL_JAX,under,2023-25,2023,4,JAX,ATL,Under 42.5,3.5,42.5,3.928,40.777,-1.723,0.486,0.566,23.0,7.0,16.0,30.0,True,False,1.0,12.5,10.777,-3.359,4.003,10.133,2.088,-3.325,-1.518,-0.603,-0.184,0.946,0.175,2.417,0.287,0.361,,earned,wk3_4,covered anyway; return TD (-3.3),,,,0.0,3.0,0.0,-18.965,7.0,0.0,1.0,0.0,0.0,0.0,0.0,0.0,0.0,0.0,0.0,0.0,0.0,0.0,3.851,0.068,7.0,6.0,7.0,0.0,0.0,6.0,0.0,0.0,1.0,1.0,,13.7,,77.8,archive,6.7,0.0,1.751,25.0,50.0,2.0,1.0,1.93,0.0,0.0,0.0,118.0,123.873,-5.873,True,-3.5,-0.16,-0.16,0.588,0.692,-1.215,False,0,0.0,7,7,-0.003,0.002,True
2023_04_MIA_BUF,under,2023-25,2023,4,BUF,MIA,Under 53,2.5,53.0,4.807,50.185,-2.815,0.596,0.604,48.0,20.0,28.0,68.0,False,False,-1.1,-15.0,-17.815,-5.103,5.852,-18.564,-1.106,1.346,-1.083,-4.259,-0.184,0.41,0.175,5.2,-0.11,0.361,knowable,,wk3_4,garbage time (-4.3); and outplayed (-18.6),,,,0.0,2.0,0.0,-9.105,10.0,0.0,0.0,0.0,0.0,0.0,0.0,0.0,0.0,0.0,0.0,0.0,0.0,0.0,2.685,0.135,17.0,6.0,17.0,0.0,0.0,6.0,0.0,0.0,1.0,1.0,2.0,4.8,70.0,70.8,archive,2.8,0.0,4.177,20.0,98.0,0.0,3.0,8.377,0.0,0.0,0.0,111.0,123.633,-12.633,True,-2.5,0.187,0.187,2.12,0.296,2.622,False,1,0.0,7,7,0.009,0.045,True
2023_04_MIN_CAR,under,2023-25,2023,4,CAR,MIN,Under 46.5,-4.5,46.5,-3.853,44.052,-2.448,0.548,0.591,13.0,21.0,-8.0,34.0,True,False,1.0,12.5,10.052,-4.367,7.85,6.569,0.171,-7.996,-0.692,4.15,-0.184,0.232,0.175,5.975,-0.101,1.753,,earned,wk3_4,covered anyway; return TD (-8.0),,,,1.0,2.0,-10.272,-16.369,13.0,7.0,1.0,1.0,0.0,0.0,0.0,0.0,0.0,0.0,0.0,0.0,0.0,0.0,1.629,0.203,0.0,0.0,0.0,0.0,0.0,0.0,0.0,0.0,1.0,1.0,7.0,8.5,78.0,78.7,archive,1.5,0.0,-0.768,80.0,37.0,3.0,2.0,-1.893,0.0,0.0,0.0,112.0,126.516,-14.516,True,4.5,-0.094,-0.094,0.741,0.279,0.038,False,0,0.0,7,7,-0.001,0.028,True
2023_05_PHI_LA,under,2023-25,2023,5,LA,PHI,Under 50.5,-3.5,50.5,-2.539,48.64,-1.86,0.556,0.57,14.0,23.0,-9.0,37.0,True,False,1.0,13.5,11.64,6.302,-2.063,7.401,2.088,1.346,-0.184,3.053,-0.184,0.026,0.175,-3.351,0.213,1.057,,earned,,covered anyway; pace (-3.4),,,,0.0,1.0,0.0,-6.195,0.0,0.0,0.0,0.0,0.0,0.0,0.0,0.0,0.0,0.0,0.0,0.0,0.0,0.0,0.102,0.447,0.0,3.0,0.0,0.0,3.0,0.0,0.0,0.0,1.0,1.0,,3.0,,71.0,pbp_text,0.0,0.0,-0.991,48.0,35.0,3.0,1.0,1.883,0.0,0.0,0.0,133.0,124.859,8.141,True,3.5,1.007,1.007,-0.046,0.248,0.53,False,0,1.0,7,7,0.008,0.034,True
2023_05_KC_MIN,under,2023-25,2023,5,MIN,KC,Under 52.5,-3.5,52.5,-4.683,50.774,-1.726,0.492,0.566,20.0,27.0,-7.0,47.0,True,False,1.0,5.5,3.774,4.188,0.031,-0.445,-0.148,1.346,-0.794,3.784,-0.184,0.026,0.175,-1.453,-0.286,1.753,,earned,,covered anyway (miss +3.8 inside the edge),,,,1.0,0.0,-4.857,0.0,0.0,7.0,0.0,0.0,0.0,0.0,0.0,0.0,0.0,0.0,0.0,0.0,0.0,0.0,0.964,1.124,0.0,1.0,0.0,0.0,1.0,0.0,0.0,0.0,1.0,1.0,,7.0,,58.0,pbp_text,0.0,0.0,-0.273,51.0,86.0,5.0,0.0,6.743,0.0,0.0,0.0,130.0,126.471,3.529,False,-3.5,0.357,0.357,1.54,0.189,-1.34,False,0,1.0,7,7,0.051,0.012,True
2023_06_BAL_TEN,under,2023-25,2023,6,TEN,BAL,Under 42.5,-5.5,42.5,-1.149,40.078,-2.422,0.647,0.59,16.0,24.0,-8.0,40.0,True,False,1.0,2.5,0.078,-2.399,1.406,1.07,-3.022,1.346,-0.484,-0.238,-0.184,0.583,0.175,2.809,-0.249,-1.727,,earned,,"covered anyway; 3 turnovers, 16 pts off them (-3.0)",,,,2.0,1.0,-6.757,-4.517,7.0,9.0,0.0,0.0,0.0,0.0,0.0,0.0,0.0,0.0,0.0,1.0,0.0,1.0,0.648,0.66,3.0,9.0,0.0,3.0,9.0,0.0,0.0,0.0,0.6,1.0,,11.0,,54.2,archive,4.0,0.0,6.129,45.0,88.0,0.0,0.0,0.0,0.0,0.0,0.0,115.0,121.824,-6.824,True,5.5,0.609,0.609,3.742,0.432,3.489,False,0,0.0,7,7,-0.005,-0.025,True
2023_06_SEA_CIN,under,2023-25,2023,6,CIN,SEA,Under 45.5,3.0,45.5,5.262,40.179,-5.321,0.573,0.675,17.0,13.0,4.0,30.0,True,False,1.0,15.5,10.179,4.939,0.634,4.605,1.13,1.346,-1.685,4.15,-0.184,-0.587,0.175,1.573,-0.009,-0.335,,earned,,covered anyway (miss +10.2 inside the edge),,,,1.0,2.0,-3.322,-8.361,3.0,0.0,0.0,0.0,0.0,0.0,0.0,0.0,0.0,0.0,0.0,0.0,0.0,0.0,2.157,2.184,0.0,0.0,0.0,0.0,0.0,0.0,0.0,0.0,1.0,1.0,15.0,10.6,57.0,56.8,archive,-4.4,0.0,4.564,43.0,64.0,0.0,2.0,5.439,0.0,0.0,0.0,122.0,125.822,-3.822,True,-3.0,0.098,0.098,2.163,0.366,1.63,False,0,0.0,7,13,0.002,0.015,True
2023_06_CAR_MIA,under,2023-25,2023,6,MIA,CAR,Under 47.5,14.0,47.5,11.885,45.488,-2.012,0.432,0.577,42.0,21.0,21.0,63.0,False,False,-1.1,-15.5,-17.512,-4.388,-1.721,-11.402,2.088,-3.325,0.743,-3.894,-0.184,-0.336,0.175,-3.082,0.648,1.057,variance,,,garbage time (-3.9); return TD (-3.3); and outplayed (-11.4),,,,1.0,0.0,-8.977,0.0,0.0,7.0,0.0,1.0,0.0,0.0,0.0,0.0,0.0,1.0,0.0,0.0,0.0,0.0,0.405,-2.197,15.0,7.0,15.0,0.0,0.0,7.0,0.0,0.0,0.97,0.977,12.0,9.4,87.0,85.9,archive,-2.6,0.0,0.245,25.0,11.0,0.0,4.0,9.878,0.0,0.0,0.0,130.0,122.513,7.487,False,14.0,0.035,0.035,2.15,0.383,-1.296,False,0,0.0,7,7,-0.003,0.054,True
2023_06_PHI_NYJ,under,2023-25,2023,6,NYJ,PHI,Under 43,-6.5,43.0,-6.344,39.501,-3.499,0.534,0.623,20.0,14.0,6.0,34.0,True,False,1.0,9.0,5.501,3.488,0.24,1.773,-2.384,1.346,0.376,4.15,-0.184,0.527,0.175,-0.566,-0.073,0.361,,earned,,covered anyway (miss +5.5 inside the edge),,,,0.0,4.0,0.0,-19.471,14.0,0.0,0.0,0.0,0.0,0.0,0.0,0.0,0.0,1.0,0.0,0.0,0.0,0.0,2.565,-3.431,0.0,0.0,0.0,0.0,0.0,0.0,0.0,0.0,1.0,1.0,11.0,14.6,59.0,60.4,archive,3.6,0.0,0.076,68.0,46.0,1.0,2.0,-3.486,0.0,0.0,0.0,127.0,125.626,1.374,True,6.5,1.171,1.171,-1.015,0.395,-0.373,False,0,0.0,7,7,-0.05,0.039,True
2023_07_MIA_PHI,under,2023-25,2023,7,PHI,MIA,Under 52,3.0,52.0,3.125,48.379,-3.621,0.505,0.627,31.0,17.0,14.0,48.0,True,False,1.0,4.0,0.379,-7.356,7.057,0.678,-3.022,-3.325,-0.405,-0.603,-0.184,-1.098,0.175,5.381,0.334,2.449,,earned,,"covered anyway; return TD (-3.3); 3 turnovers, 23 pts off them (-3.0)",,,,2.0,1.0,-12.912,-4.103,13.0,10.0,0.0,1.0,0.0,0.0,0.0,0.0,0.0,0.0,0.0,0.0,0.0,0.0,0.339,0.77,13.0,0.0,13.0,0.0,0.0,0.0,0.0,0.0,1.0,0.973,17.0,9.1,55.0,52.6,archive,-7.9,0.0,5.556,0.0,70.0,4.0,2.0,16.311,0.0,0.0,0.0,113.0,126.073,-13.073,True,-3.0,-0.225,-0.225,0.351,1.2,3.007,True,0,0.0,7,7,0.036,0.057,True
2023_08_HOU_CAR,under,2023-25,2023,8,CAR,HOU,Under 43,-3.0,43.0,-2.049,41.108,-1.892,0.535,0.572,15.0,13.0,2.0,28.0,True,False,1.0,15.0,13.108,6.255,3.001,3.852,1.13,1.346,-0.37,4.15,-0.184,-0.26,0.175,2.76,0.149,0.361,,earned,,covered anyway (miss +13.1 inside the edge),,,,0.0,1.0,0.0,-4.353,3.0,0.0,0.0,0.0,0.0,0.0,0.0,0.0,0.0,0.0,1.0,0.0,0.0,0.0,0.951,0.068,0.0,0.0,0.0,0.0,0.0,0.0,0.0,0.0,1.0,1.0,14.0,12.0,77.0,77.7,archive,-2.0,0.0,4.853,20.0,70.0,2.0,1.0,-2.898,0.0,0.0,0.0,118.0,124.705,-6.705,True,3.0,0.584,0.584,0.366,1.102,3.531,False,0,0.0,14,14,0.001,-0.017,True
2023_08_NE_MIA,under,2023-25,2023,8,MIA,NE,Under 46.5,7.5,46.5,6.841,43.989,-2.511,0.434,0.593,31.0,17.0,14.0,48.0,False,False,-1.1,-1.5,-4.011,-4.256,2.777,-2.532,-2.064,1.346,-0.376,-3.162,-0.184,-0.26,0.175,0.959,0.334,1.753,luck,,,garbage time (-3.2),,,,2.0,1.0,-9.959,-6.824,3.0,10.0,0.0,0.0,0.0,0.0,0.0,0.0,0.0,0.0,0.0,0.0,0.0,0.0,0.41,0.623,14.0,6.0,14.0,0.0,0.0,6.0,0.0,0.0,1.0,1.0,17.0,15.0,83.0,83.7,archive,-2.0,0.0,2.071,25.0,45.0,3.0,2.0,7.816,0.0,0.0,0.0,120.0,122.33,-2.33,False,7.5,-0.421,-0.421,0.237,0.174,-1.041,False,1,0.0,7,7,-0.046,0.049,True
2023_09_MIA_KC,under,2023-25,2023,9,KC,MIA,Under 51,1.0,51.0,5.88,49.131,-1.869,0.663,0.569,21.0,14.0,7.0,35.0,True,False,1.0,16.0,14.131,-2.349,3.808,12.672,-0.148,-3.325,-0.1,1.225,-0.184,-0.031,0.175,4.953,-0.073,-1.031,,earned,,covered anyway; return TD (-3.3),,,,1.0,1.0,-3.845,-9.802,7.0,7.0,1.0,0.0,0.0,0.0,0.0,0.0,0.0,0.0,0.0,0.0,0.0,0.0,0.203,0.135,1.0,7.0,1.0,0.0,0.0,7.0,0.0,0.0,1.0,1.0,,6.6,,42.3,archive,-0.4,0.0,0.632,69.0,45.0,0.0,1.0,1.59,0.0,0.0,0.0,111.0,123.032,-12.032,True,-1.0,0.606,0.606,4.274,0.325,5.636,False,0,0.0,7,7,0.04,0.048,True
2023_09_SEA_BAL,under,2023-25,2023,9,BAL,SEA,Under 44.5,6.0,44.5,4.758,42.662,-1.838,0.442,0.568,37.0,3.0,34.0,40.0,True,False,1.0,4.5,2.662,-2.602,3.27,1.994,1.13,1.346,-0.818,-4.259,-0.184,-0.031,0.175,3.034,0.611,-0.335,,earned,,covered anyway; garbage time (-4.3),,,,2.0,2.0,-8.256,-5.64,3.0,0.0,0.0,0.0,0.0,0.0,0.0,0.0,0.0,0.0,0.0,0.0,0.0,0.0,1.916,0.235,23.0,0.0,23.0,0.0,0.0,0.0,0.0,0.0,0.8,1.0,6.0,5.6,70.0,69.8,archive,-0.4,0.0,4.755,11.0,29.0,1.0,1.0,5.835,0.0,0.0,0.0,118.0,125.37,-7.37,False,6.0,-0.932,-0.932,0.31,0.13,-1.239,False,0,0.0,7,7,0.012,-0.012,True
2023_09_BUF_CIN,under,2023-25,2023,9,CIN,BUF,Under 51,1.5,51.0,-1.06,47.968,-3.032,0.444,0.61,24.0,18.0,6.0,42.0,True,False,1.0,9.0,5.968,2.405,1.067,2.496,1.13,1.346,-0.198,0.128,-0.184,-0.088,0.175,1.424,0.075,-0.335,,earned,,covered anyway (miss +6.0 inside the edge),,,,0.0,2.0,0.0,-8.117,3.0,0.0,0.0,0.0,0.0,0.0,0.0,0.0,0.0,0.0,0.0,0.0,0.0,0.0,0.241,0.345,3.0,8.0,3.0,0.0,0.0,8.0,0.0,0.0,1.0,1.0,5.0,4.2,51.0,50.0,archive,-0.8,0.0,-2.409,49.0,49.0,2.0,0.0,0.06,0.0,0.0,0.0,120.0,123.459,-3.459,False,1.5,0.233,0.233,2.793,0.252,-3.174,True,0,0.0,10,7,0.049,0.009,True
2023_11_CIN_BAL,under,2023-25,2023,11,BAL,CIN,Under 46.5,4.0,46.5,3.74,42.908,-3.592,0.469,0.627,34.0,20.0,14.0,54.0,False,False,-1.1,-7.5,-11.092,1.579,3.675,-16.346,2.088,1.346,0.212,-2.066,2.327,0.891,0.175,2.071,-0.758,-1.031,variance,,,"outplayed, no luck (residual -16.3)",,,,0.0,0.0,0.0,0.0,0.0,0.0,0.0,0.0,0.0,0.0,0.0,0.0,0.0,1.0,0.0,0.0,0.0,0.0,1.745,-2.195,10.0,7.0,10.0,0.0,0.0,7.0,0.0,0.0,1.0,0.488,1.0,7.1,56.0,47.4,archive,6.1,0.0,0.581,110.0,78.0,0.0,1.0,-2.937,0.0,0.0,0.0,119.0,124.032,-5.032,False,4.0,-0.233,-0.233,0.027,0.462,-1.305,True,1,0.0,4,4,0.024,-0.016,True
2023_11_PIT_CLE,under,2023-25,2023,11,CLE,PIT,Under 34,2.5,34.0,-1.025,29.967,-4.033,0.424,0.638,13.0,10.0,3.0,23.0,True,False,1.0,11.0,6.967,6.291,-0.825,1.501,2.088,1.346,-0.195,3.053,-0.184,0.295,0.175,-1.24,0.463,-0.335,,earned,line_u41,covered anyway (miss +7.0 inside the edge),,,,1.0,0.0,-2.609,0.0,0.0,0.0,0.0,0.0,0.0,0.0,0.0,0.0,0.0,0.0,0.0,0.0,0.0,0.0,0.384,0.192,3.0,0.0,3.0,0.0,0.0,0.0,0.0,0.0,1.0,1.0,11.0,12.9,48.0,46.0,archive,1.9,0.0,1.281,10.0,46.0,1.0,1.0,0.28,0.0,0.0,0.0,127.0,123.988,3.012,False,2.5,-1.801,-2.805,0.72,0.639,-2.762,False,1,0.0,7,7,-0.0,-0.08,True
2023_12_BUF_PHI,under,2023-25,2023,12,PHI,BUF,Under 49,2.5,49.0,1.25,45.056,-3.944,0.491,0.635,37.0,34.0,3.0,71.0,False,False,-1.1,-22.0,-25.944,1.924,-18.833,-9.035,-4.619,1.346,1.048,4.15,-0.184,-0.017,-5.124,-12.441,-0.036,-1.031,variance,,,pace (-12.4); overtime (-5.1); and outplayed (-9.0),,,,2.0,1.0,-8.763,-5.031,7.0,14.0,0.0,0.0,0.0,0.0,0.0,0.0,0.0,2.0,0.0,0.0,0.0,1.0,2.425,-4.987,0.0,0.0,0.0,0.0,0.0,0.0,0.0,0.0,1.0,1.0,6.0,5.7,47.0,47.8,archive,-0.3,0.0,5.717,30.0,80.0,0.0,1.0,-2.195,1.0,6.0,3.0,155.0,124.775,30.225,False,2.5,-0.222,-0.222,1.028,0.568,0.045,False,0,0.0,7,6,0.043,0.043,True
2023_13_SF_PHI,under,2023-25,2023,13,PHI,SF,Under 46.5,-3.0,46.5,-2.227,40.742,-5.758,0.53,0.689,19.0,42.0,-23.0,61.0,False,False,-1.1,-14.5,-20.258,-4.91,-6.205,-9.143,2.088,1.346,-0.429,-7.915,-0.184,-5.618,0.175,-1.051,0.112,0.361,variance,,,garbage time (-7.9); weather surprise (-5.6); and outplayed (-9.1),,,,0.0,0.0,0.0,0.0,0.0,0.0,0.0,0.0,0.0,0.0,0.0,0.0,0.0,0.0,0.0,0.0,0.0,0.0,0.761,0.405,6.0,27.0,0.0,6.0,27.0,0.0,0.0,0.0,0.918,1.0,44.0,4.6,52.0,52.8,archive,-39.4,0.0,-0.694,47.0,47.0,2.0,1.0,-2.767,0.0,0.0,0.0,126.0,123.446,2.554,True,3.0,-0.983,-0.983,1.756,0.694,2.245,False,0,0.0,7,10,0.048,0.023,True
2023_14_LA_BAL,under,2023-25,2023,14,BAL,LA,Under 42,7.5,42.0,4.108,40.284,-1.716,0.351,0.566,37.0,31.0,6.0,68.0,False,False,-1.1,-26.0,-27.716,0.393,-13.41,-14.698,1.13,-3.325,-1.561,4.15,-0.184,0.422,-3.358,-8.5,-0.064,-1.727,variance,,,pace (-8.5); overtime (-3.4); and outplayed (-14.7),,,,1.0,0.0,-2.489,0.0,0.0,3.0,0.0,0.0,1.0,0.0,0.0,0.0,0.0,0.0,0.0,0.0,0.0,0.0,1.894,2.132,0.0,0.0,0.0,0.0,0.0,0.0,0.0,0.0,1.0,1.0,5.0,7.9,57.0,57.7,archive,2.9,0.0,-3.088,79.0,34.0,0.0,0.0,0.0,1.0,6.0,0.0,144.0,123.349,20.651,False,7.5,-0.94,-0.94,2.452,1.225,-6.363,False,0,0.0,7,14,0.008,-0.016,True
2023_14_TEN_MIA,under,2023-25,2023,14,MIA,TEN,Under 45,14.0,45.0,12.012,43.622,-1.378,0.436,0.556,27.0,28.0,-1.0,55.0,False,False,-1.1,-10.0,-11.378,-6.307,-8.066,2.995,-2.384,-3.325,0.736,-1.334,-0.184,0.204,0.175,-7.1,-0.129,-1.031,in-game events,,,pace (-7.1); return TD (-3.3),,,,1.0,3.0,-5.696,-16.65,21.0,0.0,1.0,0.0,0.0,0.0,0.0,0.0,1.0,0.0,0.0,0.0,1.0,0.0,-2.068,0.294,7.0,8.0,7.0,0.0,0.0,8.0,0.0,0.0,1.0,1.0,9.0,10.3,64.0,60.4,archive,1.3,0.0,4.678,61.0,59.0,1.0,0.0,-1.409,0.0,0.0,0.0,137.0,119.75,17.25,False,14.0,0.523,0.523,2.512,0.437,-2.884,True,0,0.0,8,8,0.008,0.027,True
2023_15_DAL_BUF,under,2023-25,2023,15,BUF,DAL,Under 49.5,2.0,49.5,-0.211,46.615,-2.885,0.458,0.605,31.0,10.0,21.0,41.0,True,False,1.0,8.5,5.615,-1.403,3.225,3.793,2.088,1.346,-0.212,-4.625,-0.184,0.094,0.175,3.076,0.398,-0.335,,earned,,covered anyway; garbage time (-4.6),,,,0.0,1.0,0.0,-2.548,0.0,0.0,0.0,0.0,0.0,0.0,0.0,0.0,0.0,0.0,0.0,0.0,0.0,0.0,0.328,0.292,17.0,7.0,17.0,0.0,0.0,7.0,0.0,0.0,1.0,1.0,9.0,9.5,48.0,48.5,archive,0.5,0.0,7.719,15.0,48.0,0.0,2.0,0.469,0.0,0.0,0.0,119.0,126.473,-7.473,False,2.0,-0.478,-0.478,1.733,1.009,0.231,False,0,0.0,7,7,0.014,0.045,True
2023_16_DAL_MIA,under,2023-25,2023,16,MIA,DAL,Under 48.5,1.5,48.5,1.289,47.193,-1.307,0.514,0.554,22.0,20.0,2.0,42.0,True,False,1.0,6.5,5.193,1.927,1.067,2.2,1.13,1.346,-3.601,3.053,-0.184,-0.154,0.175,0.545,0.324,0.361,,earned,,"covered anyway; kicks (0 FG missed, 0 blocked) (-3.6)",,,,0.0,1.0,0.0,-6.742,3.0,0.0,0.0,0.0,0.0,0.0,0.0,0.0,0.0,0.0,0.0,0.0,0.0,0.0,7.903,1.276,3.0,0.0,3.0,0.0,0.0,0.0,0.0,0.0,1.0,1.0,15.0,13.7,75.0,74.8,archive,-1.3,0.0,-5.573,33.0,38.0,1.0,2.0,-9.068,0.0,0.0,0.0,122.0,123.324,-1.324,False,1.5,0.218,0.218,0.429,1.205,2.737,False,0,0.0,7,7,0.018,0.024,True
2023_17_DET_DAL,under,2023-25,2023,17,DAL,DET,Under 53,5.5,53.0,5.802,51.523,-1.477,0.493,0.558,20.0,19.0,1.0,39.0,True,False,1.0,14.0,12.523,3.157,0.574,8.792,1.13,1.346,-1.274,1.956,-0.184,0.026,0.175,-0.147,0.343,0.361,,earned,,covered anyway (miss +12.5 inside the edge),,,,2.0,2.0,-12.435,-10.958,3.0,0.0,0.0,0.0,0.0,0.0,0.0,0.0,0.0,0.0,0.0,0.0,0.0,0.0,2.381,0.921,6.0,0.0,6.0,0.0,0.0,0.0,0.0,0.0,1.0,0.971,,,,,none,0.0,0.0,-0.749,34.0,35.0,0.0,3.0,-4.451,0.0,0.0,0.0,126.0,125.643,0.357,True,-5.5,0.074,0.074,0.227,0.633,1.815,False,0,1.0,6,6,0.02,0.058,True
2024_01_BAL_KC,under,2023-25,2024,1,KC,BAL,Under 46,3.0,46.0,3.18,44.34,-1.66,0.505,0.563,27.0,20.0,7.0,47.0,False,False,-1.1,-1.0,-2.66,4.896,0.493,-8.049,0.171,1.346,0.691,2.687,-0.184,-0.151,0.175,1.015,-0.027,-0.335,variance,,,"outplayed, no luck (residual -8.0)",,,,1.0,1.0,-3.798,-5.576,3.0,3.0,0.0,0.0,0.0,0.0,0.0,0.0,0.0,1.0,0.0,0.0,0.0,0.0,0.565,-2.226,1.0,3.0,1.0,0.0,0.0,3.0,0.0,0.0,1.0,1.0,8.0,6.8,67.0,82.1,archive,-1.2,0.0,2.065,45.0,64.0,0.0,2.0,1.198,0.0,0.0,0.0,123.0,125.467,-2.467,True,-3.0,0.361,0.361,-0.181,0.19,0.049,True,0,0.0,7,7,-0.003,-0.006,True
2024_01_ARI_BUF,under,2023-25,2024,1,BUF,ARI,Under 46,6.5,46.0,9.622,44.185,-1.815,0.571,0.569,34.0,28.0,6.0,62.0,False,False,-1.1,-16.0,-17.815,-1.289,3.157,-19.683,-1.106,-3.325,-0.642,3.784,-0.184,-0.225,0.175,2.936,0.093,0.361,variance,,,return TD (-3.3); and outplayed (-19.7),,,,1.0,1.0,-6.045,-4.927,7.0,3.0,0.0,0.0,0.0,1.0,0.0,0.0,0.0,0.0,0.0,0.0,0.0,0.0,1.272,0.432,1.0,0.0,1.0,0.0,0.0,0.0,0.0,0.0,1.0,1.0,20.0,18.3,61.0,58.8,archive,-1.7,0.0,-2.474,65.0,31.0,2.0,1.0,5.849,0.0,0.0,0.0,117.0,124.133,-7.133,True,-6.5,0.551,0.551,2.571,0.177,2.978,False,0,0.0,7,7,0.035,0.026,True
2024_01_TEN_CHI,under,2023-25,2024,1,CHI,TEN,Under 43,4.0,43.0,4.668,40.697,-2.303,0.495,0.587,24.0,17.0,7.0,41.0,True,False,1.0,2.0,-0.303,2.563,5.554,-8.42,1.13,-3.325,0.609,4.15,-0.184,0.261,0.175,4.234,0.01,1.057,,luck,,covered anyway; return TD (-3.3); and outplayed (-8.4),,,,1.0,3.0,-5.484,-13.335,10.0,0.0,1.0,0.0,0.0,0.0,0.0,0.0,0.0,0.0,0.0,0.0,0.0,1.0,3.343,-4.797,0.0,0.0,0.0,0.0,0.0,0.0,0.0,0.0,1.0,1.0,8.0,9.6,67.0,68.6,archive,1.6,0.0,1.776,55.0,50.0,2.0,2.0,2.473,0.0,0.0,0.0,113.0,123.287,-10.287,True,-4.0,0.513,0.513,0.155,0.39,-0.178,False,0,0.0,7,7,-0.016,0.003,True
2024_01_HOU_IND,under,2023-25,2024,1,IND,HOU,Under 49,-3.0,49.0,0.494,46.479,-2.521,0.615,0.592,27.0,29.0,-2.0,56.0,False,False,-1.1,-7.0,-9.521,4.729,4.194,-18.444,2.088,1.346,-0.295,1.59,-0.184,0.026,0.175,2.601,0.519,1.057,variance,,,"outplayed, no luck (residual -18.4)",,,,1.0,0.0,-3.87,0.0,0.0,0.0,0.0,0.0,0.0,0.0,0.0,0.0,0.0,0.0,0.0,0.0,0.0,1.0,0.206,0.624,6.0,1.0,0.0,6.0,1.0,0.0,0.0,0.0,1.0,1.0,,3.0,,63.0,pbp_text,0.0,0.0,-1.5,20.0,30.0,2.0,2.0,-5.957,0.0,0.0,0.0,119.0,125.32,-6.32,True,3.0,0.221,0.221,3.273,0.457,2.408,False,1,1.0,7,7,0.011,-0.006,True
2024_01_JAX_MIA,under,2023-25,2024,1,MIA,JAX,Under 49.5,3.5,49.5,2.759,45.202,-4.298,0.451,0.647,20.0,17.0,3.0,37.0,True,False,1.0,12.5,8.202,4.494,3.582,0.125,-0.148,1.346,0.244,3.053,-0.184,0.026,0.175,3.833,-0.629,0.361,,earned,,covered anyway (miss +8.2 inside the edge),,,,0.0,1.0,0.0,-5.914,7.0,0.0,0.0,0.0,0.0,0.0,0.0,0.0,1.0,0.0,0.0,0.0,0.0,0.0,-1.831,1.3,3.0,0.0,3.0,0.0,0.0,0.0,0.0,0.0,1.0,1.0,10.0,10.0,91.0,89.5,archive,0.0,0.0,-1.59,103.0,71.0,2.0,1.0,-1.663,0.0,0.0,0.0,115.0,124.312,-9.312,False,3.5,-0.503,-0.503,0.238,0.237,-1.101,False,0,0.0,7,7,-0.009,0.024,True
2024_01_LA_DET,under,2023-25,2024,1,DET,LA,Under 54,5.0,54.0,4.219,48.788,-5.212,0.457,0.673,26.0,20.0,6.0,46.0,True,False,1.0,8.0,2.788,0.156,-10.771,13.403,-0.148,1.346,-0.438,-0.603,-0.184,0.026,-6.89,-4.084,0.001,0.361,,earned,,covered anyway; overtime (-6.9); pace (-4.1),,,,1.0,1.0,-4.527,-4.559,0.0,7.0,0.0,0.0,0.0,0.0,0.0,0.0,0.0,0.0,0.0,0.0,0.0,0.0,0.283,0.909,13.0,0.0,13.0,0.0,0.0,0.0,0.0,0.0,1.0,1.0,,,,68.0,pbp_text,0.0,0.0,-3.195,56.0,50.0,1.0,2.0,2.76,1.0,12.0,0.0,135.0,125.078,9.922,False,5.0,0.542,0.542,1.323,0.51,0.449,True,0,1.0,7,7,0.032,0.058,True
2024_02_NYJ_TEN,under,2023-25,2024,2,TEN,NYJ,Under 41.5,-3.5,41.5,-2.872,38.843,-2.657,0.547,0.597,17.0,24.0,-7.0,41.0,True,False,1.0,0.5,-2.157,6.332,1.6,-10.088,-0.148,1.346,0.984,4.15,-0.184,-0.643,0.175,3.366,-0.083,-1.031,,luck,,covered anyway (miss -2.2 inside the edge),,,,2.0,0.0,-6.56,0.0,0.0,7.0,0.0,0.0,0.0,0.0,0.0,0.0,0.0,0.0,0.0,0.0,1.0,0.0,-2.819,0.418,0.0,0.0,0.0,0.0,0.0,0.0,0.0,0.0,1.0,1.0,13.0,8.4,80.0,81.6,archive,-4.6,0.0,-2.709,45.0,70.0,1.0,0.0,-2.501,0.0,0.0,0.0,115.0,123.178,-8.178,True,3.5,0.034,0.034,0.594,0.435,-0.432,False,0,0.0,7,6,-0.013,-0.083,True
2024_02_CHI_HOU,under,2023-25,2024,2,HOU,CHI,Under 45.5,6.0,45.5,3.48,43.008,-2.492,0.401,0.591,19.0,13.0,6.0,32.0,True,False,1.0,13.5,11.008,0.571,-1.315,11.752,0.171,1.346,-3.999,3.053,-0.184,0.026,0.175,-1.055,-0.638,0.361,,earned,,"covered anyway; kicks (0 FG missed, 0 blocked) (-4.0)",,,,1.0,2.0,-5.593,-5.229,3.0,3.0,0.0,0.0,0.0,0.0,0.0,0.0,0.0,0.0,0.0,0.0,0.0,0.0,6.636,3.547,0.0,3.0,0.0,0.0,0.0,3.0,0.0,0.0,1.0,1.0,,4.0,,89.0,pbp_text,0.0,0.0,-6.071,115.0,60.0,1.0,2.0,2.575,0.0,0.0,0.0,126.0,123.436,2.564,False,6.0,0.117,0.117,2.637,0.777,-4.383,True,0,1.0,7,7,-0.032,0.005,True
2024_03_CHI_IND,under,2023-25,2024,3,IND,CHI,Under 43,1.5,43.0,4.607,39.199,-3.801,0.611,0.634,21.0,16.0,5.0,37.0,True,False,1.0,6.0,2.199,-6.262,-1.508,9.968,-5.258,1.346,0.813,-3.162,-0.184,0.026,0.175,-4.002,0.028,2.449,,earned,wk3_4,"covered anyway; 5 turnovers, 23 pts off them (-5.3); pace (-4.0)",,,,2.0,3.0,-9.971,-14.856,20.0,3.0,0.0,0.0,0.0,0.0,0.0,0.0,0.0,1.0,0.0,0.0,0.0,0.0,0.206,-2.173,13.0,7.0,13.0,0.0,0.0,7.0,0.0,0.0,1.0,1.0,,4.0,,76.0,pbp_text,0.0,0.0,-6.37,78.0,25.0,1.0,5.0,-5.872,0.0,0.0,0.0,135.0,125.276,9.724,True,-1.5,1.695,1.695,1.412,0.655,1.616,False,0,1.0,7,7,0.017,-0.046,True
2024_03_MIA_SEA,under,2023-25,2024,3,SEA,MIA,Under 41.5,4.0,41.5,7.613,40.099,-1.401,0.586,0.557,24.0,3.0,21.0,27.0,True,False,1.0,14.5,13.099,3.099,3.71,6.289,1.13,1.346,1.227,-0.603,-0.184,-0.105,0.175,4.119,-0.656,0.361,,earned,wk3_4,covered anyway (miss +13.1 inside the edge),,,,2.0,0.0,-6.939,0.0,0.0,3.0,0.0,0.0,0.0,0.0,0.0,0.0,1.0,1.0,0.0,0.0,0.0,0.0,-0.336,-2.679,13.0,0.0,13.0,0.0,0.0,0.0,0.0,0.0,1.0,0.615,2.0,1.1,64.0,64.1,archive,-0.9,0.0,-2.041,92.0,85.0,0.0,3.0,7.315,0.0,0.0,0.0,114.0,124.007,-10.007,True,-4.0,0.965,1.966,1.646,0.48,2.818,False,0,0.0,7,10,0.027,0.017,True
2024_04_LA_CHI,under,2023-25,2024,4,CHI,LA,Under 40,3.0,40.0,1.156,38.637,-1.363,0.44,0.557,24.0,18.0,6.0,42.0,False,False,-1.1,-2.0,-3.363,3.989,4.503,-11.855,-0.148,1.346,-0.262,3.053,-0.184,0.026,0.175,6.416,-0.203,-1.727,knowable,,wk3_4,"outplayed, no luck (residual -11.9)",,,,0.0,2.0,0.0,-8.59,7.0,0.0,0.0,0.0,0.0,0.0,0.0,0.0,0.0,1.0,0.0,0.0,0.0,0.0,0.665,0.08,0.0,3.0,0.0,0.0,0.0,3.0,0.0,0.0,1.0,1.0,16.0,16.0,70.0,66.0,archive,0.0,0.0,-0.259,84.0,44.0,0.0,0.0,0.0,0.0,0.0,0.0,110.0,125.588,-15.588,False,3.0,2.246,2.246,4.09,1.89,-6.464,False,0,0.0,7,7,0.047,-0.057,True
2024_04_MIN_GB,under,2023-25,2024,4,GB,MIN,Under 44,2.5,44.0,4.24,41.371,-2.629,0.577,0.595,29.0,31.0,-2.0,60.0,False,False,-1.1,-16.0,-18.629,-20.547,-5.037,6.955,-11.007,1.346,2.148,-13.033,-0.184,-0.333,0.175,-4.9,-0.157,0.361,luck,,wk3_4,"garbage time (-13.0); 7 turnovers, 41 pts off them (-11.0)",,,,4.0,3.0,-18.203,-15.819,21.0,20.0,0.0,0.0,0.0,0.0,0.0,0.0,2.0,0.0,0.0,0.0,0.0,0.0,-5.866,0.527,33.0,14.0,0.0,33.0,14.0,0.0,0.0,0.0,1.0,1.0,15.0,12.5,71.0,69.4,archive,-2.5,0.0,1.557,68.0,55.0,2.0,1.0,-1.67,0.0,0.0,0.0,136.0,124.095,11.905,True,-2.5,-0.054,-0.054,1.794,0.496,0.701,False,1,0.0,7,7,0.046,-0.015,True
2024_05_GB_LA,under,2023-25,2024,5,LA,GB,Under 49.5,-3.0,49.5,-2.132,47.487,-2.013,0.532,0.576,19.0,24.0,-5.0,43.0,True,False,1.0,6.5,4.487,-1.516,-1.972,7.975,-2.384,-3.325,0.043,4.15,-0.184,0.026,0.175,-3.389,0.343,1.057,,earned,,covered anyway; pace (-3.4); return TD (-3.3),,,,2.0,1.0,-9.882,-5.918,7.0,14.0,1.0,0.0,0.0,0.0,0.0,0.0,0.0,0.0,1.0,0.0,1.0,0.0,-0.898,0.874,0.0,0.0,0.0,0.0,0.0,0.0,0.0,0.0,1.0,1.0,,6.0,,73.0,pbp_text,0.0,0.0,0.447,30.0,39.0,4.0,0.0,-0.198,0.0,0.0,0.0,133.0,124.767,8.233,True,3.0,-0.877,-0.877,1.745,1.067,3.413,False,0,1.0,7,7,0.049,0.041,True
2024_06_SF_SEA,under,2023-25,2024,6,SEA,SF,Under 49,-3.5,49.0,-1.457,47.3,-1.7,0.588,0.565,24.0,36.0,-12.0,60.0,False,False,-1.1,-11.0,-12.7,-14.074,-2.981,4.356,-0.787,-3.325,-0.585,-9.377,-0.184,0.376,0.175,-3.737,0.028,0.361,luck,,,garbage time (-9.4); pace (-3.7),,,,3.0,0.0,-13.159,0.0,0.0,9.0,0.0,0.0,1.0,0.0,0.0,0.0,0.0,0.0,0.0,0.0,0.0,0.0,0.235,1.327,8.0,29.0,0.0,8.0,29.0,0.0,0.0,0.0,1.0,1.0,10.0,12.5,59.0,56.4,archive,2.5,0.0,-0.18,69.0,34.0,3.0,0.0,5.848,0.0,0.0,0.0,133.0,123.92,9.08,True,3.5,1.979,1.979,0.064,0.214,2.337,True,1,0.0,4,4,0.024,0.039,True
2024_06_JAX_CHI,under,2023-25,2024,6,CHI,JAX,Under 44.5,-1.5,44.5,1.84,42.842,-1.658,0.582,0.564,35.0,16.0,19.0,51.0,False,False,-1.1,-6.5,-8.158,-8.241,4.303,-4.22,-2.384,1.346,1.078,-8.281,-0.184,0.656,0.175,2.804,0.491,0.361,luck,,,garbage time (-8.3),,,,1.0,2.0,-3.997,-7.715,14.0,0.0,0.0,0.0,0.0,0.0,0.0,0.0,1.0,0.0,0.0,0.0,1.0,0.0,-2.863,0.226,21.0,13.0,21.0,0.0,0.0,13.0,0.0,0.0,1.0,0.955,3.0,7.5,54.0,58.7,archive,4.5,0.0,6.352,10.0,43.0,1.0,2.0,-3.399,0.0,0.0,0.0,118.0,124.812,-6.812,True,1.5,-1.008,-1.008,4.348,0.746,5.12,False,0,0.0,7,7,-0.046,0.029,True
2024_06_ARI_GB,under,2023-25,2024,6,GB,ARI,Under 47,5.5,47.0,7.857,45.848,-1.152,0.555,0.552,34.0,13.0,21.0,47.0,False,True,0.0,0.0,-1.152,-5.952,-0.235,5.035,0.171,1.346,0.446,-7.915,-0.184,0.6,0.175,0.519,-0.314,-1.031,,,,garbage time (-7.9),,,,1.0,3.0,-3.507,-13.368,3.0,3.0,0.0,0.0,0.0,0.0,0.0,0.0,1.0,0.0,0.0,0.0,0.0,0.0,-2.042,1.001,20.0,13.0,20.0,0.0,0.0,13.0,0.0,0.0,1.0,1.0,4.0,8.1,50.0,51.6,archive,4.1,0.0,2.687,40.0,100.0,1.0,0.0,2.638,0.0,0.0,0.0,123.0,124.262,-1.262,True,-5.5,-0.244,-0.244,2.601,0.318,2.959,False,0,0.0,7,7,0.033,0.033,True
2024_06_DET_DAL,under,2023-25,2024,6,DAL,DET,Under 52.5,-3.5,52.5,1.011,50.461,-2.039,0.658,0.577,9.0,47.0,-38.0,56.0,False,False,-1.1,-3.5,-5.539,-12.898,1.747,5.613,-2.064,1.346,-2.071,-10.109,-0.184,0.026,0.175,-0.84,0.121,2.449,luck,,,garbage time (-10.1),,,,5.0,0.0,-23.33,0.0,0.0,13.0,0.0,0.0,0.0,0.0,0.0,0.0,0.0,0.0,0.0,0.0,0.0,0.0,2.519,2.795,6.0,33.0,0.0,6.0,33.0,0.0,0.0,0.0,0.76,0.906,,,,,none,0.0,0.0,6.948,30.0,63.0,4.0,2.0,-6.243,0.0,0.0,0.0,129.0,126.958,2.042,True,3.5,-0.997,-0.997,5.508,0.534,5.706,False,0,1.0,7,13,0.048,0.053,True
2024_07_SEA_ATL,under,2023-25,2024,7,ATL,SEA,Under 51.5,3.0,51.5,4.506,50.117,-1.383,0.548,0.557,14.0,34.0,-20.0,48.0,True,False,1.0,3.5,2.117,0.536,0.378,1.203,1.13,-3.325,0.044,2.687,-0.184,0.026,0.175,0.073,-0.073,0.361,,earned,,covered anyway; return TD (-3.3),,,,3.0,0.0,-18.942,0.0,0.0,10.0,0.0,1.0,0.0,0.0,0.0,0.0,1.0,0.0,0.0,0.0,0.0,0.0,-3.177,3.15,0.0,4.0,0.0,0.0,4.0,0.0,0.0,0.0,0.974,0.971,,4.0,,72.0,pbp_text,0.0,0.0,-5.611,72.0,42.0,2.0,1.0,3.231,0.0,0.0,0.0,126.0,126.177,-0.177,True,-3.0,1.04,1.04,0.466,1.114,-1.222,False,0,1.0,7,10,0.007,0.033,True
2024_07_HOU_GB,under,2023-25,2024,7,GB,HOU,Under 48,3.0,48.0,7.827,46.601,-1.399,0.652,0.558,24.0,22.0,2.0,46.0,True,False,1.0,2.0,0.601,-1.785,4.135,-1.749,-4.939,1.346,-1.245,3.053,-0.184,1.239,0.175,4.669,-0.036,-1.727,,earned,,"covered anyway; 3 turnovers, 22 pts off them (-4.9)",,,,3.0,0.0,-17.001,0.0,0.0,22.0,0.0,0.0,0.0,0.0,0.0,0.0,0.0,0.0,0.0,0.0,0.0,0.0,0.857,2.371,3.0,0.0,3.0,0.0,0.0,0.0,0.0,0.0,1.0,1.0,3.0,11.7,72.0,70.8,archive,8.7,0.0,0.838,55.0,55.0,0.0,0.0,0.0,0.0,0.0,0.0,114.0,125.343,-11.343,True,-3.0,1.899,1.899,2.928,1.324,1.609,False,0,0.0,7,7,0.034,-0.018,True
2024_07_MIA_IND,under,2023-25,2024,7,IND,MIA,Under 44,3.0,44.0,4.389,42.169,-1.831,0.544,0.57,16.0,10.0,6.0,26.0,True,False,1.0,18.0,16.169,4.984,0.906,10.279,-0.148,1.346,0.734,3.053,2.327,0.026,0.175,-0.878,0.287,-1.031,,earned,,covered anyway (miss +16.2 inside the edge),,,,1.0,2.0,-5.342,-12.123,7.0,0.0,0.0,0.0,0.0,0.0,0.0,0.0,0.0,1.0,0.0,0.0,0.0,0.0,1.464,-3.233,3.0,0.0,3.0,0.0,0.0,0.0,0.0,0.0,1.0,0.394,,2.0,,65.0,pbp_text,0.0,0.0,-0.758,25.0,50.0,0.0,1.0,1.923,0.0,0.0,0.0,127.0,124.866,2.134,True,-3.0,-1.105,-1.105,2.495,1.014,3.683,False,0,1.0,7,14,0.017,-0.028,True
2024_07_DET_MIN,under,2023-25,2024,7,MIN,DET,Under 50.5,1.0,50.5,-2.61,47.662,-2.838,0.408,0.606,29.0,31.0,-2.0,60.0,False,False,-1.1,-9.5,-12.338,-3.501,7.158,-15.995,-2.064,-3.325,-2.261,4.15,-0.184,0.026,0.175,8.19,-0.018,-1.031,variance,,,return TD (-3.3); and outplayed (-16.0),,,,1.0,1.0,-3.827,-7.83,7.0,13.0,1.0,0.0,0.0,0.0,0.0,0.0,0.0,0.0,0.0,0.0,0.0,0.0,4.876,0.918,0.0,0.0,0.0,0.0,0.0,0.0,0.0,0.0,0.973,1.0,,12.0,,71.0,pbp_text,0.0,0.0,0.119,59.0,49.0,0.0,1.0,2.933,0.0,0.0,0.0,107.0,126.897,-19.897,False,1.0,-0.564,-0.564,3.046,1.03,-6.062,False,1,1.0,7,14,0.04,-0.039,True
2024_07_BAL_TB,under,2023-25,2024,7,TB,BAL,Under 51,-4.5,51.0,0.287,49.855,-1.145,0.666,0.552,31.0,41.0,-10.0,72.0,False,False,-1.1,-21.0,-22.145,-11.301,-2.939,-7.905,-3.661,1.346,0.026,-9.012,-0.184,0.779,0.175,-2.874,-0.499,-0.335,variance,,,"garbage time (-9.0); 3 turnovers, 18 pts off them (-3.7)",,,,2.0,1.0,-8.42,-5.177,8.0,10.0,0.0,0.0,0.0,0.0,0.0,0.0,1.0,0.0,0.0,0.0,0.0,0.0,-2.35,2.369,21.0,15.0,0.0,21.0,15.0,0.0,0.0,0.0,1.0,1.0,8.0,13.4,80.0,75.7,archive,5.4,0.0,2.574,75.0,85.0,1.0,1.0,-1.673,0.0,0.0,0.0,133.0,126.016,6.984,True,4.5,-0.031,-0.031,4.818,0.567,6.118,True,0,0.0,8,8,0.011,0.042,True
2024_08_MIN_LA,under,2023-25,2024,8,LA,MIN,Under 47.5,-3.0,47.5,0.666,44.908,-2.592,0.62,0.598,30.0,20.0,10.0,50.0,False,False,-1.1,-2.5,-5.092,5.679,4.442,-15.213,1.13,1.346,-0.214,3.418,-0.184,0.026,0.175,5.308,0.149,-1.031,variance,,,"outplayed, no luck (residual -15.2)",,,,1.0,0.0,-3.349,0.0,0.0,3.0,0.0,0.0,0.0,0.0,0.0,0.0,0.0,0.0,0.0,0.0,0.0,0.0,0.205,0.421,2.0,0.0,2.0,0.0,0.0,0.0,0.0,0.0,1.0,1.0,,7.0,,66.0,pbp_text,0.0,0.0,3.161,40.0,50.0,1.0,0.0,1.732,0.0,0.0,0.0,112.0,124.895,-12.895,True,3.0,-0.356,-0.356,4.022,0.27,3.229,True,0,1.0,4,4,0.014,-0.027,True
2024_08_ARI_MIA,under,2023-25,2024,8,MIA,ARI,Under 46.5,4.0,46.5,-1.913,39.943,-6.557,0.304,0.711,27.0,28.0,-1.0,55.0,False,False,-1.1,-8.5,-15.057,4.295,-2.865,-16.486,2.088,1.346,-2.191,3.053,-0.184,-0.333,0.175,-1.37,0.574,-1.727,knowable,,listed starter did not play (model priced the wrong QB),model priced a QB who did not play; and outplayed (-16.5),,,,0.0,0.0,0.0,0.0,0.0,0.0,0.0,0.0,0.0,0.0,0.0,0.0,0.0,0.0,0.0,0.0,0.0,0.0,2.649,2.969,0.0,3.0,0.0,0.0,3.0,0.0,1.0,0.0,0.0,1.0,14.0,11.4,82.0,81.4,archive,-2.6,0.0,2.453,15.0,29.0,0.0,0.0,0.0,0.0,0.0,0.0,126.0,122.671,3.329,False,4.0,-0.665,-1.768,4.146,0.653,-4.413,False,0,0.0,6,7,0.039,-0.042,True
2024_08_CAR_DEN,under,2023-25,2024,8,DEN,CAR,Under 40.5,13.0,40.5,14.85,37.692,-2.808,0.565,0.604,28.0,14.0,14.0,42.0,False,False,-1.1,-1.5,-4.308,-4.693,-1.048,1.433,-2.384,1.346,-0.127,-3.528,-0.184,-0.029,0.175,-3.589,0.13,2.449,luck,,line_u41,pace (-3.6); garbage time (-3.5),,,,2.0,2.0,-8.796,-9.783,0.0,14.0,0.0,0.0,0.0,0.0,0.0,0.0,0.0,0.0,0.0,0.0,0.0,0.0,0.27,0.135,14.0,7.0,14.0,0.0,0.0,7.0,0.0,0.0,0.955,0.977,4.0,3.6,76.0,77.8,archive,-0.4,0.0,4.525,43.0,49.0,2.0,4.0,8.952,0.0,0.0,0.0,131.0,122.28,8.72,True,-13.0,2.182,3.285,-1.435,1.459,-1.668,False,0,0.0,10,7,-0.048,-0.027,True
2024_09_HOU_NYJ,under,2023-25,2024,9,NYJ,HOU,Under 43.5,2.5,43.5,2.409,42.037,-1.463,0.523,0.559,21.0,13.0,8.0,34.0,True,False,1.0,9.5,8.037,4.056,-0.858,4.839,2.088,1.346,1.226,-0.603,-0.184,0.55,0.175,-1.418,-0.342,0.361,,earned,,covered anyway (miss +8.0 inside the edge),,,,1.0,1.0,-5.29,-5.05,0.0,0.0,0.0,0.0,0.0,0.0,0.0,0.0,0.0,2.0,0.0,0.0,0.0,0.0,0.203,-3.215,7.0,6.0,7.0,0.0,0.0,6.0,0.0,0.0,1.0,0.643,8.0,11.8,71.0,73.2,archive,3.8,0.0,-5.762,83.0,60.0,1.0,2.0,-1.572,0.0,0.0,0.0,128.0,124.554,3.446,False,2.5,1.831,1.831,1.922,0.759,-1.892,True,0,0.0,4,4,-0.033,-0.057,True
2024_09_DAL_ATL,under,2023-25,2024,9,ATL,DAL,Under 52,3.0,52.0,1.643,50.12,-1.88,0.456,0.572,27.0,21.0,6.0,48.0,True,False,1.0,4.0,2.12,0.308,5.397,-3.584,2.088,1.346,-1.06,-2.066,2.327,0.026,0.175,-0.508,0.232,3.145,,earned,,covered anyway (miss +2.1 inside the edge),,,,1.0,0.0,-4.424,0.0,0.0,0.0,0.0,0.0,0.0,0.0,0.0,0.0,0.0,0.0,0.0,0.0,0.0,0.0,0.206,2.556,6.0,11.0,6.0,0.0,0.0,11.0,0.0,0.0,0.964,0.509,,,,,none,0.0,0.0,4.293,26.0,55.0,2.0,5.0,15.487,0.0,0.0,0.0,128.0,126.766,1.234,False,3.0,0.553,0.553,1.91,0.317,-0.831,False,0,1.0,7,7,0.036,0.015,True
2024_09_MIA_BUF,under,2023-25,2024,9,BUF,MIA,Under 49,6.5,49.0,9.237,47.45,-1.55,0.556,0.561,30.0,27.0,3.0,57.0,False,False,-1.1,-8.0,-9.55,1.977,1.307,-12.835,-2.064,1.346,-1.454,4.15,-0.184,-0.319,0.175,1.886,0.084,-0.335,variance,,,"outplayed, no luck (residual -12.8)",,,,1.0,1.0,-4.745,-4.885,6.0,7.0,0.0,0.0,0.0,0.0,0.0,0.0,0.0,0.0,1.0,0.0,0.0,0.0,2.929,0.827,0.0,0.0,0.0,0.0,0.0,0.0,0.0,0.0,1.0,1.0,9.0,6.5,54.0,53.0,archive,-2.5,0.0,3.006,40.0,57.0,1.0,1.0,-0.313,0.0,0.0,0.0,118.0,122.583,-4.583,True,-6.5,0.242,0.242,2.495,0.592,4.106,False,1,0.0,7,7,0.05,-0.026,True
2024_09_DET_GB,under,2023-25,2024,9,GB,DET,Under 47.5,-2.5,47.5,-0.497,43.676,-3.824,0.54,0.636,14.0,24.0,-10.0,38.0,True,False,1.0,9.5,5.676,-2.675,5.659,2.691,2.088,-3.325,0.994,-2.431,-0.184,-0.264,0.175,4.151,0.028,1.753,,earned,,covered anyway; return TD (-3.3),,,,1.0,0.0,-7.846,0.0,0.0,7.0,0.0,1.0,0.0,0.0,0.0,0.0,1.0,0.0,0.0,0.0,0.0,0.0,-2.727,0.302,11.0,7.0,0.0,11.0,7.0,0.0,0.0,0.0,1.0,1.0,15.0,12.9,50.0,49.6,archive,-2.1,0.0,-2.291,67.0,36.0,3.0,2.0,-5.209,0.0,0.0,0.0,115.0,125.084,-10.084,True,2.5,-0.588,-0.588,2.591,0.514,3.176,False,1,0.0,7,7,0.024,0.03,True
2024_10_MIN_JAX,under,2023-25,2024,10,JAX,MIN,Under 42.5,-7.0,42.5,-2.862,41.119,-1.381,0.672,0.557,7.0,12.0,-5.0,19.0,True,False,1.0,23.5,22.119,5.959,0.328,15.832,1.13,1.346,-0.666,4.15,-0.184,0.943,0.175,0.045,0.38,-1.031,,earned,,covered anyway (miss +22.1 inside the edge),,,,3.0,3.0,-9.898,-14.907,0.0,3.0,0.0,0.0,0.0,0.0,0.0,0.0,0.0,0.0,0.0,0.0,0.0,0.0,0.068,1.698,0.0,0.0,0.0,0.0,0.0,0.0,0.0,0.0,1.0,1.0,7.0,13.6,79.0,77.5,archive,6.6,0.0,2.514,25.0,40.0,0.0,1.0,-1.509,0.0,0.0,0.0,123.0,123.109,-0.109,True,7.0,-0.696,-0.696,4.834,0.311,4.822,False,0,0.0,7,7,0.038,-0.03,True
2024_10_DEN_KC,under,2023-25,2024,10,KC,DEN,Under 42.5,7.5,42.5,6.936,40.763,-1.737,0.433,0.565,16.0,14.0,2.0,30.0,True,False,1.0,12.5,10.763,8.879,1.821,0.064,2.088,1.346,1.296,4.15,-0.184,-0.322,0.175,1.921,0.565,-0.335,,earned,,covered anyway (miss +10.8 inside the edge),,,,0.0,0.0,0.0,0.0,0.0,0.0,0.0,0.0,0.0,0.0,0.0,0.0,0.0,2.0,0.0,0.0,0.0,1.0,0.628,-3.817,0.0,0.0,0.0,0.0,0.0,0.0,0.0,0.0,1.0,1.0,12.0,9.5,57.0,55.5,archive,-2.5,0.0,3.783,10.0,35.0,2.0,0.0,5.361,0.0,0.0,0.0,120.0,124.667,-4.667,False,7.5,-1.848,-1.848,-1.283,0.25,-0.058,False,1,0.0,7,6,-0.041,0.005,True
2024_11_WAS_PHI,under,2023-25,2024,11,PHI,WAS,Under 49.5,4.5,49.5,5.105,45.923,-3.577,0.495,0.629,26.0,18.0,8.0,44.0,True,False,1.0,5.5,1.923,-3.007,-4.049,8.98,-2.064,1.346,2.336,-4.625,-0.184,-0.377,0.175,-3.625,0.297,-0.335,,earned,listed starter did not play (model priced the wrong QB),covered anyway; model priced a QB who did not play; garbage time (-4.6); pace (-3.6),,,,0.0,1.0,0.0,-4.07,13.0,0.0,0.0,0.0,0.0,0.0,0.0,0.0,2.0,0.0,1.0,0.0,0.0,0.0,-6.93,1.115,14.0,10.0,14.0,0.0,0.0,10.0,0.0,1.0,1.0,0.0,9.0,6.1,46.0,45.2,archive,-2.9,0.0,-3.961,49.0,25.0,0.0,2.0,1.62,0.0,0.0,0.0,133.0,124.193,8.807,True,-4.5,-0.254,-0.254,0.859,0.352,1.415,True,1,0.0,4,4,0.003,0.053,True
2024_11_JAX_DET,under,2023-25,2024,11,DET,JAX,Under 47.5,14.0,47.5,11.721,46.11,-1.39,0.429,0.558,52.0,6.0,46.0,58.0,False,False,-1.1,-10.5,-11.89,-12.627,3.199,-2.462,-0.148,1.346,-1.888,-11.937,-0.184,0.026,0.175,1.243,0.186,1.753,luck,,,garbage time (-11.9),,,,0.0,1.0,0.0,-4.446,7.0,0.0,0.0,0.0,0.0,0.0,0.0,0.0,0.0,0.0,0.0,0.0,0.0,0.0,2.174,2.679,38.0,6.0,38.0,0.0,0.0,6.0,0.0,0.0,0.846,1.0,,,,68.0,pbp_text,0.0,0.0,1.54,46.0,40.0,3.0,2.0,9.493,0.0,0.0,0.0,121.0,124.02,-3.02,False,14.0,0.587,0.587,2.865,0.899,-0.094,False,0,1.0,7,7,0.029,0.023,True
2024_11_LV_MIA,under,2023-25,2024,11,MIA,LV,Under 43.5,8.0,43.5,5.835,41.932,-1.568,0.38,0.563,34.0,19.0,15.0,53.0,False,False,-1.1,-9.5,-11.068,-0.198,-1.386,-9.484,1.13,1.346,-0.608,-2.066,-0.184,-1.224,0.175,-1.525,0.315,1.057,variance,,,"outplayed, no luck (residual -9.5)",,,,0.0,1.0,0.0,-4.461,3.0,0.0,0.0,0.0,0.0,0.0,0.0,0.0,0.0,0.0,0.0,0.0,0.0,0.0,1.409,0.211,11.0,6.0,11.0,0.0,0.0,6.0,0.0,0.0,1.0,1.0,16.0,7.0,80.0,80.8,archive,-9.0,0.0,1.071,23.0,49.0,2.0,2.0,-0.827,0.0,0.0,0.0,126.0,122.296,3.704,False,8.0,0.174,0.174,2.339,0.233,-1.908,False,0,0.0,14,6,-0.055,-0.018,True
2024_11_ATL_DEN,under,2023-25,2024,11,DEN,ATL,Under 44.5,2.0,44.5,1.539,42.802,-1.698,0.509,0.565,38.0,6.0,32.0,44.0,True,False,1.0,0.5,-1.198,-2.598,4.104,-2.705,2.088,1.346,-1.406,-4.625,-0.184,-0.46,0.175,4.128,0.084,0.361,,earned,,covered anyway; garbage time (-4.6),,,,0.0,1.0,0.0,-5.774,0.0,0.0,0.0,0.0,0.0,0.0,0.0,0.0,0.0,0.0,0.0,0.0,0.0,0.0,1.404,2.231,24.0,0.0,24.0,0.0,0.0,0.0,0.0,0.0,1.0,0.857,9.0,5.5,55.0,48.2,archive,-3.5,0.0,-1.906,45.0,52.0,1.0,2.0,-2.521,0.0,0.0,0.0,115.0,125.03,-10.03,False,2.0,0.73,0.73,1.192,0.229,-0.018,False,0,0.0,7,7,0.022,-0.034,True
2024_12_DET_IND,under,2023-25,2024,12,IND,DET,Under 50.5,-7.0,50.5,-7.333,47.874,-2.626,0.533,0.598,6.0,24.0,-18.0,30.0,True,False,1.0,20.5,17.874,5.035,2.338,10.502,2.088,1.346,-1.086,2.687,-0.184,0.026,0.175,2.785,-0.129,-0.335,,earned,listed starter did not play (model priced the wrong QB),covered anyway; model priced a QB who did not play,,,,0.0,0.0,0.0,0.0,0.0,0.0,0.0,0.0,0.0,0.0,0.0,0.0,0.0,0.0,0.0,0.0,0.0,0.0,0.293,2.534,0.0,4.0,0.0,0.0,4.0,0.0,1.0,0.0,0.0,1.0,,9.0,,50.0,pbp_text,0.0,0.0,-5.608,75.0,45.0,1.0,1.0,1.623,0.0,0.0,0.0,119.0,125.766,-6.766,False,-7.0,0.23,0.23,0.563,1.43,-3.801,False,0,1.0,7,7,0.023,-0.027,True
2024_12_SF_GB,under,2023-25,2024,12,GB,SF,Under 44.5,6.5,44.5,6.731,39.288,-5.212,0.478,0.675,38.0,10.0,28.0,48.0,False,False,-1.1,-3.5,-8.712,-15.946,4.644,2.59,-6.535,1.346,-1.379,-9.377,-0.184,-0.167,0.175,3.864,-0.101,1.057,luck,,,"garbage time (-9.4); 3 turnovers, 27 pts off them (-6.5)",,,,0.0,3.0,0.0,-15.069,27.0,0.0,0.0,0.0,0.0,0.0,0.0,0.0,0.0,0.0,0.0,0.0,0.0,0.0,2.107,1.46,34.0,3.0,34.0,0.0,0.0,3.0,0.0,0.0,1.0,1.0,11.0,9.6,43.0,42.4,archive,-1.4,0.0,1.892,40.0,77.0,2.0,2.0,4.069,0.0,0.0,0.0,113.0,122.388,-9.388,True,-6.5,0.5,1.601,-1.37,0.157,0.466,False,0,0.0,7,7,0.042,0.039,True
2024_12_PHI_LA,under,2023-25,2024,12,LA,PHI,Under 49,-3.0,49.0,-0.044,47.096,-1.904,0.599,0.573,20.0,37.0,-17.0,57.0,False,False,-1.1,-8.0,-9.904,1.989,0.902,-12.795,1.13,1.346,1.214,-1.7,-0.184,0.026,0.175,-0.321,0.149,1.057,variance,,,"outplayed, no luck (residual -12.8)",,,,1.0,0.0,-5.84,0.0,0.0,3.0,0.0,0.0,0.0,0.0,0.0,0.0,1.0,0.0,0.0,0.0,0.0,0.0,-3.389,0.408,6.0,10.0,0.0,6.0,10.0,0.0,0.0,0.0,1.0,1.0,,6.0,,57.0,pbp_text,0.0,0.0,1.038,38.0,52.0,3.0,1.0,10.469,0.0,0.0,0.0,126.0,125.22,0.78,True,3.0,1.185,1.185,1.771,0.39,2.209,True,0,1.0,7,10,0.014,0.0,True
2024_13_CHI_DET,under,2023-25,2024,13,DET,CHI,Under 47.5,9.5,47.5,11.409,45.994,-1.506,0.53,0.559,23.0,20.0,3.0,43.0,True,False,1.0,4.5,2.994,1.355,-1.445,3.083,2.088,1.346,0.719,-2.797,-0.184,0.026,0.175,-1.351,-0.471,0.361,,earned,,covered anyway (miss +3.0 inside the edge),,,,1.0,0.0,-3.359,0.0,0.0,0.0,0.0,0.0,0.0,0.0,0.0,0.0,1.0,0.0,0.0,0.0,0.0,0.0,-1.833,0.102,7.0,12.0,7.0,0.0,0.0,12.0,0.0,0.0,0.973,1.0,,,,68.0,pbp_text,0.0,0.0,-0.64,79.0,78.0,1.0,2.0,4.393,0.0,0.0,0.0,128.0,124.717,3.283,True,-9.5,-0.894,-0.894,2.803,0.142,1.666,True,1,1.0,4,4,0.024,-0.027,True
2024_13_IND_NE,under,2023-25,2024,13,NE,IND,Under 41.5,-2.5,41.5,0.026,40.053,-1.447,0.554,0.558,24.0,25.0,-1.0,49.0,False,False,-1.1,-7.5,-8.947,6.834,1.054,-16.834,1.13,1.346,0.209,4.15,-0.184,0.307,0.175,0.366,0.028,0.361,knowable,,listed starter did not play (model priced the wrong QB),model priced a QB who did not play; and outplayed (-16.8),,,,1.0,2.0,-5.826,-7.35,3.0,0.0,0.0,0.0,0.0,0.0,0.0,0.0,2.0,0.0,0.0,0.0,0.0,0.0,-0.649,0.205,0.0,0.0,0.0,0.0,0.0,0.0,0.0,1.0,1.0,0.0,9.0,8.0,36.0,34.6,archive,-1.0,1.0,-6.6,88.0,15.0,0.0,3.0,-9.214,0.0,0.0,0.0,124.0,124.889,-0.889,True,2.5,1.05,1.05,1.476,0.363,3.17,False,0,0.0,7,7,-0.034,-0.025,True
2024_14_GB_DET,under,2023-25,2024,14,DET,GB,Under 53,3.0,53.0,4.828,50.399,-2.601,0.556,0.596,34.0,31.0,3.0,65.0,False,False,-1.1,-12.0,-14.601,2.599,2.888,-20.088,-1.106,1.346,-0.693,3.053,-0.184,0.026,0.175,1.201,-0.083,1.753,variance,,,"outplayed, no luck (residual -20.1)",,,,1.0,1.0,-5.819,-3.586,3.0,7.0,0.0,0.0,0.0,0.0,0.0,0.0,0.0,0.0,0.0,0.0,0.0,0.0,1.473,0.363,3.0,0.0,3.0,0.0,0.0,0.0,0.0,0.0,1.0,1.0,,,,68.0,pbp_text,0.0,0.0,-2.646,56.0,59.0,5.0,0.0,7.401,0.0,0.0,0.0,120.0,122.917,-2.917,True,-3.0,-0.112,-0.112,1.94,0.451,2.87,True,1,1.0,7,7,0.024,0.035,True
2024_14_CAR_PHI,under,2023-25,2024,14,PHI,CAR,Under 44.5,14.0,44.5,12.316,43.111,-1.389,0.45,0.558,22.0,16.0,6.0,38.0,True,False,1.0,6.5,5.111,4.669,1.434,-0.992,-2.064,1.346,1.238,4.15,-0.184,-0.977,0.175,0.453,0.213,1.753,,earned,listed starter did not play (model priced the wrong QB),covered anyway; model priced a QB who did not play,,,,0.0,1.0,0.0,-3.194,13.0,0.0,0.0,0.0,0.0,0.0,0.0,0.0,1.0,0.0,0.0,1.0,0.0,0.0,-2.67,-0.37,0.0,0.0,0.0,0.0,0.0,0.0,0.0,1.0,1.0,0.0,16.0,8.8,55.0,55.4,archive,-7.2,0.0,0.606,40.0,43.0,0.0,5.0,-3.407,0.0,0.0,0.0,124.0,125.101,-1.101,False,14.0,-0.93,-0.93,0.755,0.415,-2.534,False,0,0.0,7,7,-0.012,0.01,True
2024_14_LV_TB,under,2023-25,2024,14,TB,LV,Under 47,7.0,47.0,6.974,45.598,-1.402,0.458,0.558,28.0,13.0,15.0,41.0,True,False,1.0,6.0,4.598,-1.027,3.28,2.345,-0.148,1.346,-0.159,-2.066,-0.184,0.068,0.175,1.756,0.408,1.057,,earned,listed starter did not play (model priced the wrong QB),covered anyway; model priced a QB who did not play,,,,3.0,2.0,-12.682,-9.952,0.0,7.0,0.0,0.0,0.0,0.0,0.0,0.0,0.0,0.0,0.0,0.0,0.0,0.0,0.27,0.216,14.0,3.0,14.0,0.0,0.0,3.0,0.0,1.0,1.0,0.0,4.0,4.3,71.0,67.9,archive,0.3,0.0,0.744,31.0,31.0,1.0,3.0,-3.695,0.0,0.0,0.0,122.0,126.267,-4.267,False,7.0,-1.99,-1.99,-1.963,0.588,1.173,False,0,0.0,9,7,-0.042,0.041,True
2024_15_BAL_NYG,under,2023-25,2024,15,NYG,BAL,Under 43.5,-16.5,43.5,-13.519,41.629,-1.871,0.57,0.573,14.0,35.0,-21.0,49.0,False,False,-1.1,-5.5,-7.371,-0.248,7.234,-14.356,2.088,1.346,-0.154,-3.528,2.327,-0.086,0.175,3.527,-0.462,1.753,variance,,,garbage time (-3.5); and outplayed (-14.4),,,,1.0,1.0,-4.228,-4.706,0.0,0.0,0.0,0.0,0.0,0.0,0.0,0.0,0.0,0.0,0.0,0.0,0.0,0.0,0.135,0.338,7.0,14.0,0.0,7.0,14.0,0.0,0.0,0.0,0.39,0.971,6.0,5.2,36.0,36.3,archive,-0.8,0.0,14.311,44.0,112.0,5.0,0.0,2.109,0.0,0.0,0.0,117.0,125.569,-8.569,True,16.5,-1.375,-2.529,5.509,0.227,3.13,False,0,0.0,7,14,-0.04,0.057,True
2024_15_IND_DEN,under,2023-25,2024,15,DEN,IND,Under 43.5,4.5,43.5,5.696,40.827,-2.673,0.512,0.599,31.0,13.0,18.0,44.0,False,False,-1.1,-0.5,-3.173,-9.103,-2.28,8.21,-3.98,-3.325,-1.194,-0.603,-0.184,-1.392,0.175,-1.743,-0.194,1.057,luck,,,"8 turnovers, 26 pts off them (-4.0); return TD (-3.3)",,,,3.0,5.0,-12.155,-26.329,23.0,3.0,1.0,0.0,0.0,0.0,0.0,0.0,0.0,0.0,0.0,0.0,0.0,0.0,1.585,1.514,13.0,0.0,13.0,0.0,0.0,0.0,0.0,0.0,1.0,1.0,15.0,4.9,55.0,51.3,archive,-10.1,0.0,3.001,58.0,69.0,0.0,4.0,1.317,0.0,0.0,0.0,130.0,125.766,4.234,True,-4.5,0.033,0.033,1.163,0.256,1.777,False,0,0.0,13,14,-0.035,-0.019,True
2024_15_BUF_DET,under,2023-25,2024,15,DET,BUF,Under 55.5,2.5,55.5,2.097,52.717,-2.783,0.512,0.604,42.0,48.0,-6.0,90.0,False,False,-1.1,-34.5,-37.283,-10.435,-6.936,-19.912,-0.148,1.346,1.767,-13.399,-0.184,0.026,0.175,-8.158,0.149,1.057,variance,,,garbage time (-13.4); pace (-8.2); and outplayed (-19.9),,,,1.0,0.0,-5.76,0.0,0.0,7.0,0.0,0.0,0.0,0.0,0.0,0.0,1.0,1.0,0.0,0.0,0.0,0.0,-2.732,-1.645,28.0,20.0,0.0,28.0,20.0,0.0,0.0,0.0,1.0,1.0,,,,68.0,pbp_text,0.0,0.0,1.843,41.0,49.0,3.0,1.0,4.737,0.0,0.0,0.0,142.0,122.179,19.821,False,2.5,-0.123,-0.123,0.28,1.069,2.202,False,0,1.0,7,10,0.065,0.023,True
2024_16_ARI_CAR,under,2023-25,2024,16,CAR,ARI,Under 47,-5.5,47.0,-8.594,43.177,-3.823,0.426,0.636,36.0,30.0,6.0,66.0,False,False,-1.1,-19.0,-22.823,1.746,-10.049,-14.52,-0.148,1.346,-1.042,1.59,-0.184,-0.769,-6.89,-2.198,-0.37,0.361,variance,,,overtime (-6.9); and outplayed (-14.5),,,,0.0,2.0,0.0,-6.013,7.0,0.0,0.0,0.0,0.0,0.0,0.0,0.0,0.0,0.0,1.0,0.0,0.0,0.0,-0.577,3.293,7.0,0.0,7.0,0.0,0.0,0.0,0.0,0.0,1.0,1.0,10.0,4.3,37.0,35.8,archive,-5.7,0.0,2.25,64.0,82.0,2.0,1.0,1.916,1.0,12.0,0.0,128.0,122.661,5.339,False,-5.5,-0.748,-0.748,2.346,0.186,-2.919,False,0,0.0,7,7,0.034,-0.008,True
2024_16_MIN_SEA,under,2023-25,2024,16,SEA,MIN,Under 43,-2.5,43.0,-0.641,41.198,-1.802,0.534,0.569,24.0,27.0,-3.0,51.0,False,False,-1.1,-8.0,-9.802,5.667,2.561,-18.03,1.13,1.346,-0.957,4.15,-0.184,0.835,0.175,2.449,-0.379,-0.335,variance,,,"outplayed, no luck (residual -18.0)",,,,2.0,0.0,-6.539,0.0,0.0,3.0,0.0,0.0,0.0,0.0,0.0,0.0,1.0,0.0,0.0,0.0,0.0,0.0,-1.059,3.561,0.0,0.0,0.0,0.0,0.0,0.0,0.0,0.0,1.0,1.0,5.0,10.8,48.0,47.0,archive,5.8,0.0,-1.724,77.0,70.0,1.0,1.0,-1.429,0.0,0.0,0.0,119.0,124.95,-5.95,True,2.5,0.477,0.477,1.383,1.135,-0.914,False,0,0.0,7,6,-0.015,-0.02,True
2024_16_NO_GB,under,2023-25,2024,16,GB,NO,Under 44,14.0,44.0,14.941,42.248,-1.752,0.54,0.567,34.0,0.0,34.0,34.0,True,False,1.0,10.0,8.248,-1.342,2.748,6.842,2.088,1.346,-1.612,-3.162,-0.184,-0.671,0.175,1.619,0.056,1.753,,earned,listed starter did not play (model priced the wrong QB),covered anyway; model priced a QB who did not play; garbage time (-3.2),,,,0.0,2.0,0.0,-9.829,0.0,0.0,0.0,0.0,0.0,0.0,0.0,0.0,0.0,0.0,0.0,0.0,0.0,0.0,4.156,0.0,20.0,0.0,20.0,0.0,0.0,0.0,0.0,1.0,0.906,0.0,12.0,7.0,34.0,33.3,archive,-5.0,0.0,2.96,60.0,40.0,3.0,2.0,14.148,0.0,0.0,0.0,120.0,123.933,-3.933,True,-14.0,1.411,1.411,-0.47,0.732,-0.804,True,0,0.0,8,8,0.025,-0.009,True
2024_17_DEN_CIN,under,2023-25,2024,17,CIN,DEN,Under 50.5,3.5,50.5,2.494,47.41,-3.09,0.441,0.614,30.0,24.0,6.0,54.0,False,False,-1.1,-3.5,-6.59,2.691,-9.218,-0.063,-2.064,1.346,1.454,1.956,-0.184,-0.181,-3.358,-7.072,0.519,1.057,in-game events,,,pace (-7.1); overtime (-3.4),,,,1.0,1.0,-3.424,-2.342,13.0,0.0,0.0,0.0,0.0,0.0,0.0,0.0,1.0,0.0,0.0,0.0,0.0,0.0,-3.93,0.342,0.0,6.0,0.0,0.0,0.0,6.0,0.0,0.0,1.0,1.0,8.0,6.5,60.0,60.3,archive,-1.5,0.0,3.419,15.0,35.0,3.0,1.0,-9.689,1.0,6.0,0.0,143.0,125.819,17.181,False,3.5,-0.321,-0.321,0.686,0.977,1.338,False,0,0.0,9,6,-0.037,0.048,True
2025_01_DAL_PHI,under,2023-25,2025,1,PHI,DAL,Under 47.5,8.5,47.5,9.751,43.809,-3.691,0.489,0.634,24.0,20.0,4.0,44.0,True,False,1.0,3.5,-0.191,5.443,1.774,-7.409,2.088,1.346,-2.139,4.15,-0.184,-0.632,0.175,3.871,-0.425,-1.031,,luck,,covered anyway (miss -0.2 inside the edge),,,,0.0,1.0,0.0,-5.755,0.0,0.0,0.0,0.0,0.0,0.0,0.0,0.0,0.0,0.0,0.0,0.0,0.0,0.0,3.419,2.068,0.0,0.0,0.0,0.0,0.0,0.0,0.0,0.0,1.0,1.0,11.0,6.3,75.0,74.2,archive,-4.7,0.0,-3.927,110.0,42.0,0.0,1.0,2.611,0.0,0.0,0.0,114.0,123.405,-9.405,True,-8.5,-0.166,-0.166,1.417,0.585,2.416,True,1,0.0,7,7,-0.014,-0.018,True
2025_01_CIN_CLE,under,2023-25,2025,1,CLE,CIN,Under 47.5,-5.5,47.5,-6.371,43.994,-3.506,0.494,0.628,16.0,17.0,-1.0,33.0,True,False,1.0,14.5,10.994,7.946,2.362,0.686,1.13,1.346,1.321,4.15,-0.184,-0.24,0.175,2.064,0.186,0.361,,earned,,covered anyway (miss +11.0 inside the edge),,,,2.0,0.0,-7.484,0.0,0.0,3.0,0.0,0.0,0.0,0.0,0.0,0.0,1.0,0.0,1.0,0.0,0.0,0.0,-3.722,0.469,0.0,0.0,0.0,0.0,0.0,0.0,0.0,0.0,1.0,1.0,10.0,8.1,63.0,61.1,archive,-1.9,0.0,-1.122,53.0,33.0,3.0,0.0,2.285,0.0,0.0,0.0,120.0,125.014,-5.014,False,-5.5,-1.458,-1.458,-0.587,1.351,2.416,False,1,0.0,7,7,0.026,-0.057,True
2025_01_LV_NE,under,2023-25,2025,1,NE,LV,Under 44.5,2.5,44.5,0.243,38.873,-5.627,0.457,0.688,13.0,20.0,-7.0,33.0,True,False,1.0,11.5,5.873,1.495,-2.613,6.99,-2.384,1.346,0.577,1.956,-0.184,0.516,0.175,-2.406,-0.379,-0.335,,earned,,covered anyway (miss +5.9 inside the edge),,,,1.0,1.0,-3.679,-3.485,7.0,7.0,0.0,0.0,0.0,0.0,0.0,0.0,1.0,1.0,0.0,0.0,0.0,0.0,-2.441,1.067,3.0,3.0,0.0,3.0,3.0,0.0,0.0,0.0,1.0,1.0,4.0,7.5,62.0,61.5,archive,3.5,0.0,2.41,70.0,77.0,1.0,1.0,-0.762,0.0,0.0,0.0,128.0,122.155,5.845,False,2.5,-0.072,1.125,3.383,1.609,-6.193,False,0,0.0,7,7,-0.038,-0.01,True
2025_01_ARI_NO,under,2023-25,2025,1,NO,ARI,Under 44.5,-6.0,44.5,-7.481,42.659,-1.841,0.48,0.57,13.0,20.0,-7.0,33.0,True,False,1.0,11.5,9.659,8.244,-2.771,4.186,2.088,1.346,1.758,3.053,-0.184,0.026,0.175,-2.111,-0.342,-0.335,,earned,,covered anyway (miss +9.7 inside the edge),,,,0.0,0.0,0.0,0.0,0.0,0.0,0.0,0.0,0.0,0.0,0.0,0.0,1.0,1.0,0.0,0.0,0.0,1.0,-3.147,-1.207,3.0,0.0,0.0,3.0,0.0,0.0,0.0,0.0,1.0,1.0,,9.0,,83.0,pbp_text,0.0,0.0,-2.355,89.0,54.0,2.0,0.0,-1.911,0.0,0.0,0.0,128.0,122.872,5.128,False,-6.0,-1.583,-1.583,-0.102,0.888,0.66,False,0,1.0,7,7,0.024,-0.009,True
2025_01_MIN_CHI,under,2023-25,2025,1,CHI,MIN,Under 43.5,-1.5,43.5,1.144,38.821,-4.679,0.561,0.663,24.0,27.0,-3.0,51.0,False,False,-1.1,-7.5,-12.179,-1.64,1.558,-12.097,2.088,-3.325,0.2,-0.603,-0.184,-0.17,0.175,3.424,-0.656,-1.031,variance,,,return TD (-3.3); and outplayed (-12.1),,,,1.0,1.0,0.05,-9.658,7.0,0.0,1.0,0.0,0.0,0.0,0.0,0.0,1.0,0.0,0.0,0.0,0.0,0.0,-2.577,2.157,6.0,7.0,0.0,6.0,7.0,0.0,0.0,0.0,1.0,1.0,6.0,4.6,68.0,65.7,archive,-1.4,0.0,-4.275,127.0,50.0,1.0,0.0,-3.513,0.0,0.0,0.0,114.0,122.319,-8.319,True,1.5,0.542,0.542,2.102,1.452,-0.895,True,1,0.0,7,7,-0.022,-0.029,True
2025_02_JAX_CIN,under,2023-25,2025,2,CIN,JAX,Under 49.5,3.5,49.5,6.092,46.514,-2.986,0.549,0.61,31.0,27.0,4.0,58.0,False,False,-1.1,-8.5,-11.486,-0.977,-2.13,-8.379,-3.342,1.346,-0.571,1.59,2.327,0.026,0.175,-4.527,0.204,-0.335,variance,,,"pace (-4.5); 5 turnovers, 17 pts off them (-3.3); and outplayed (-8.4)",,,,3.0,2.0,-12.086,-8.463,10.0,7.0,0.0,0.0,0.0,0.0,0.0,0.0,0.0,0.0,0.0,0.0,0.0,0.0,0.453,1.074,7.0,0.0,7.0,0.0,0.0,0.0,0.0,0.0,0.306,1.0,3.0,3.0,85.0,83.0,archive,0.0,0.0,2.457,29.0,55.0,1.0,1.0,5.107,0.0,0.0,0.0,135.0,124.003,10.997,True,-3.5,-0.105,-0.105,2.697,0.643,1.069,False,0,0.0,7,7,0.018,0.015,True
2025_03_MIA_BUF,under,2023-25,2025,3,BUF,MIA,Under 50.5,12.5,50.5,11.279,49.039,-1.461,0.456,0.559,31.0,21.0,10.0,52.0,False,False,-1.1,-1.5,-2.961,5.394,1.074,-9.429,1.13,1.346,0.963,1.956,-0.184,0.111,0.175,1.873,0.13,-1.031,knowable,,wk3_4,"outplayed, no luck (residual -9.4)",,,,0.0,1.0,0.0,-5.824,3.0,0.0,0.0,0.0,0.0,0.0,0.0,0.0,1.0,0.0,0.0,0.0,0.0,0.0,-2.551,0.203,6.0,0.0,6.0,0.0,0.0,0.0,0.0,0.0,1.0,1.0,7.0,7.6,68.0,66.7,archive,0.6,0.0,4.668,35.0,57.0,0.0,1.0,-3.37,0.0,0.0,0.0,116.0,120.55,-4.55,False,12.5,0.677,0.677,1.898,0.567,-2.371,True,1,0.0,4,4,0.003,0.063,True
2025_03_LV_WAS,under,2023-25,2025,3,WAS,LV,Under 43.5,2.5,43.5,4.066,41.59,-1.91,0.57,0.574,41.0,24.0,17.0,65.0,False,False,-1.1,-21.5,-23.41,-9.653,3.592,-17.349,2.088,-3.325,0.231,-8.646,-0.184,0.026,0.175,3.232,-0.018,0.361,knowable,,wk3_4,garbage time (-8.6); return TD (-3.3); and outplayed (-17.3),,,,1.0,0.0,-3.883,0.0,0.0,0.0,0.0,0.0,1.0,0.0,0.0,0.0,1.0,0.0,0.0,0.0,0.0,0.0,-1.0,0.501,21.0,14.0,21.0,0.0,0.0,14.0,0.0,0.0,1.0,1.0,6.0,6.0,72.0,72.2,archive,0.0,0.0,-1.707,54.0,54.0,0.0,3.0,-0.983,0.0,0.0,0.0,117.0,124.852,-7.852,True,-2.5,-0.804,-1.915,3.482,0.487,2.702,False,0,0.0,10,6,0.032,-0.049,True
2025_03_DAL_CHI,under,2023-25,2025,3,CHI,DAL,Under 49.5,-1.5,49.5,-2.215,48.174,-1.326,0.461,0.556,31.0,14.0,17.0,45.0,True,False,1.0,4.5,3.174,1.864,2.107,-0.796,-0.148,1.346,-0.925,1.59,-0.184,0.506,0.175,0.182,0.371,1.057,,earned,wk3_4,covered anyway (miss +3.2 inside the edge),,,,0.0,4.0,0.0,-16.878,7.0,0.0,0.0,0.0,0.0,0.0,0.0,0.0,0.0,0.0,0.0,0.0,0.0,0.0,0.415,2.004,7.0,0.0,7.0,0.0,0.0,0.0,0.0,0.0,1.0,0.896,4.0,7.4,82.0,76.6,archive,3.4,0.0,-1.83,41.0,25.0,1.0,3.0,3.961,0.0,0.0,0.0,123.0,123.442,-0.442,False,-1.5,-0.4,-0.4,0.315,0.811,-2.623,False,0,0.0,7,7,0.005,-0.02,True
2025_04_CHI_LV,under,2023-25,2025,4,LV,CHI,Under 47.5,1.5,47.5,1.825,46.164,-1.336,0.527,0.556,24.0,25.0,-1.0,49.0,False,False,-1.1,-1.5,-2.836,-0.161,2.638,-5.312,-4.3,1.346,-1.357,4.15,-0.184,0.026,0.175,2.863,0.093,-0.335,knowable,,wk3_4,"5 turnovers, 20 pts off them (-4.3)",,,,4.0,1.0,-20.999,-5.721,7.0,13.0,0.0,0.0,0.0,0.0,0.0,0.0,1.0,0.0,0.0,0.0,1.0,0.0,-1.264,4.775,0.0,0.0,0.0,0.0,0.0,0.0,0.0,0.0,1.0,1.0,,5.0,,77.0,pbp_text,0.0,0.0,3.381,36.0,60.0,1.0,1.0,-7.618,0.0,0.0,0.0,115.0,121.955,-6.955,True,-1.5,-0.078,-0.078,0.403,0.746,-1.5,False,0,1.0,7,7,-0.032,-0.007,True
2025_04_NYJ_MIA,under,2023-25,2025,4,MIA,NYJ,Under 44.5,2.5,44.5,4.181,42.895,-1.605,0.573,0.564,27.0,21.0,6.0,48.0,False,False,-1.1,-3.5,-5.105,-5.511,1.307,-0.901,-0.148,1.346,-2.084,-4.625,-0.184,-1.348,0.175,2.626,-0.323,0.361,luck,,wk3_4,garbage time (-4.6),,,,0.0,3.0,0.0,-13.686,7.0,0.0,0.0,0.0,0.0,0.0,0.0,0.0,0.0,0.0,0.0,0.0,0.0,0.0,2.01,3.337,7.0,17.0,7.0,0.0,0.0,17.0,0.0,0.0,1.0,1.0,17.0,7.3,88.0,80.9,archive,-9.7,0.0,4.477,40.0,101.0,1.0,2.0,1.696,0.0,0.0,0.0,114.0,120.381,-6.381,True,-2.5,0.555,0.555,1.125,0.799,-0.266,True,1,0.0,11,8,0.015,0.001,True
2025_04_CIN_DEN,under,2023-25,2025,4,DEN,CIN,Under 44.5,7.5,44.5,7.42,41.884,-2.616,0.447,0.597,28.0,3.0,25.0,31.0,True,False,1.0,13.5,10.884,2.358,-0.637,9.163,2.088,1.346,-0.107,-0.969,-0.184,-1.433,0.175,2.122,-0.286,-1.031,,earned,wk3_4,covered anyway (miss +10.9 inside the edge),,,,1.0,0.0,-4.523,0.0,0.0,0.0,0.0,0.0,0.0,0.0,0.0,0.0,0.0,0.0,0.0,0.0,0.0,0.0,0.27,0.084,14.0,0.0,14.0,0.0,0.0,0.0,0.0,0.0,1.0,1.0,12.0,1.7,66.0,70.5,archive,-10.3,0.0,-0.959,72.0,65.0,1.0,0.0,-4.523,0.0,0.0,0.0,119.0,124.156,-5.156,False,7.5,0.515,0.515,0.594,0.305,-0.553,True,0,0.0,8,8,-0.006,-0.025,True
2025_05_DEN_PHI,under,2023-25,2025,5,PHI,DEN,Under 44.5,3.5,44.5,4.1,43.302,-1.198,0.488,0.551,17.0,21.0,-4.0,38.0,True,False,1.0,6.5,5.302,6.379,-3.477,2.4,2.088,1.346,-1.204,4.15,-0.184,-0.329,0.175,-0.765,-0.647,-1.727,,earned,,covered anyway (miss +5.3 inside the edge),,,,0.0,0.0,0.0,0.0,0.0,0.0,0.0,0.0,0.0,0.0,0.0,0.0,0.0,0.0,0.0,0.0,0.0,0.0,0.333,2.792,0.0,0.0,0.0,0.0,0.0,0.0,0.0,0.0,1.0,1.0,6.0,3.5,80.0,80.2,archive,-2.5,0.0,0.217,55.0,121.0,0.0,0.0,0.0,0.0,0.0,0.0,125.0,123.141,1.859,True,-3.5,-0.005,-0.005,0.604,0.678,2.123,False,0,0.0,7,6,-0.025,-0.025,True
2025_05_DET_CIN,under,2023-25,2025,5,CIN,DET,Under 49.5,-10.5,49.5,-6.848,47.955,-1.545,0.637,0.562,24.0,37.0,-13.0,61.0,False,False,-1.1,-11.5,-13.045,-11.368,3.525,-5.203,-2.384,1.346,-0.587,-9.743,2.327,-0.074,0.175,2.639,0.186,-1.727,variance,,,garbage time (-9.7),,,,3.0,1.0,-11.798,-5.296,0.0,14.0,0.0,0.0,0.0,0.0,0.0,0.0,0.0,0.0,0.0,0.0,0.0,0.0,1.228,0.338,21.0,17.0,0.0,21.0,17.0,0.0,0.0,0.0,1.0,0.587,7.0,6.3,84.0,82.0,archive,-0.7,0.0,5.788,30.0,56.0,0.0,0.0,0.0,0.0,0.0,0.0,117.0,123.41,-6.41,True,10.5,0.562,0.562,3.09,0.511,4.787,False,0,0.0,6,7,-0.007,0.038,True
2025_06_CIN_GB,under,2023-25,2025,6,GB,CIN,Under 44.5,14.0,44.5,10.895,42.488,-2.012,0.402,0.577,27.0,18.0,9.0,45.0,False,False,-1.1,-0.5,-2.512,-1.542,1.346,-2.316,2.088,1.346,-0.351,-4.625,-0.184,-0.456,0.175,0.996,0.454,0.361,luck,,,garbage time (-4.6),,,,1.0,0.0,-5.619,0.0,0.0,0.0,0.0,0.0,0.0,0.0,0.0,0.0,0.0,2.0,0.0,0.0,0.0,0.0,1.668,-0.698,10.0,14.0,10.0,0.0,0.0,14.0,0.0,0.0,1.0,1.0,14.0,10.6,64.0,63.3,archive,-3.4,0.0,-0.46,40.0,17.0,1.0,2.0,-6.613,0.0,0.0,0.0,120.0,122.419,-2.419,False,14.0,-0.531,-0.531,2.575,0.614,-4.543,False,0,0.0,7,14,-0.009,0.01,True
2025_06_DET_KC,under,2023-25,2025,6,KC,DET,Under 51.5,2.5,51.5,0.641,49.98,-1.52,0.467,0.561,30.0,17.0,13.0,47.0,True,False,1.0,4.5,2.98,5.526,6.283,-8.829,2.088,1.346,0.137,1.956,-0.184,-0.47,0.175,4.378,0.63,1.753,,luck,,covered anyway (miss +3.0 inside the edge),,,,0.0,0.0,0.0,0.0,0.0,0.0,0.0,0.0,0.0,0.0,0.0,0.0,0.0,0.0,1.0,0.0,0.0,0.0,-0.497,0.236,6.0,0.0,6.0,0.0,0.0,0.0,0.0,0.0,1.0,1.0,13.0,9.5,85.0,79.5,archive,-3.5,0.0,4.535,0.0,38.0,3.0,2.0,6.577,0.0,0.0,0.0,111.0,121.637,-10.637,False,2.5,0.143,0.143,2.002,0.604,-0.387,True,0,0.0,7,6,0.034,0.028,True
2025_06_CHI_WAS,under,2023-25,2025,6,WAS,CHI,Under 49.5,5.5,49.5,6.339,45.753,-3.747,0.507,0.635,24.0,25.0,-1.0,49.0,True,False,1.0,0.5,-3.247,2.499,1.439,-7.186,-2.064,1.346,0.165,3.053,-0.184,0.125,0.175,1.824,-0.166,-0.335,,luck,,covered anyway (miss -3.2 inside the edge),,,,3.0,0.0,-15.746,0.0,0.0,13.0,0.0,0.0,0.0,0.0,0.0,0.0,1.0,1.0,0.0,0.0,0.0,1.0,-0.535,0.202,0.0,3.0,0.0,0.0,3.0,0.0,0.0,0.0,1.0,1.0,12.0,12.7,59.0,55.8,archive,0.7,0.0,6.635,40.0,84.0,1.0,1.0,6.674,0.0,0.0,0.0,118.0,122.432,-4.432,True,-5.5,-1.445,-1.445,2.284,1.344,4.064,True,0,0.0,8,15,0.052,-0.023,True
2025_07_LA_JAX,under,2023-25,2025,7,JAX,LA,Under 44.5,-3.0,44.5,-1.437,38.783,-5.717,0.554,0.691,7.0,35.0,-28.0,42.0,True,False,1.0,2.5,-3.217,-1.483,0.205,-1.94,2.088,1.346,1.171,-6.087,-0.184,-0.218,0.175,-3.031,-0.379,3.841,,earned,,covered anyway; garbage time (-6.1); pace (-3.0),,,,0.0,0.0,0.0,0.0,0.0,0.0,0.0,0.0,0.0,0.0,0.0,0.0,1.0,0.0,0.0,0.0,0.0,0.0,-3.21,0.338,7.0,21.0,0.0,7.0,21.0,0.0,0.0,0.0,1.0,1.0,9.0,7.3,59.0,69.1,archive,-1.7,0.0,-7.96,102.0,45.0,6.0,2.0,-12.863,0.0,0.0,0.0,132.0,124.637,7.363,True,3.0,1.466,1.466,0.097,0.641,0.234,False,0,0.0,7,7,0.003,-0.009,True
2025_08_BUF_CAR,under,2023-25,2025,8,CAR,BUF,Under 47.5,-7.0,47.5,-8.125,45.658,-1.842,0.508,0.569,9.0,40.0,-31.0,49.0,False,False,-1.1,-1.5,-3.342,-9.474,-0.008,6.139,-3.342,1.346,0.438,-7.915,-0.184,-0.25,0.175,1.041,0.241,-1.031,luck,,listed starter did not play (model priced the wrong QB),"model priced a QB who did not play; garbage time (-7.9); 3 turnovers, 17 pts off them (-3.3)",,,,3.0,0.0,-17.918,0.0,0.0,17.0,0.0,0.0,0.0,0.0,0.0,0.0,1.0,0.0,1.0,1.0,0.0,0.0,-2.289,1.268,6.0,27.0,0.0,6.0,27.0,0.0,1.0,0.0,0.0,0.857,9.0,7.1,63.0,61.1,archive,-1.9,0.0,0.888,20.0,60.0,1.0,0.0,3.307,0.0,0.0,0.0,119.0,121.529,-2.529,False,-7.0,0.529,-0.351,0.774,1.645,2.902,False,0,0.0,13,7,0.058,0.02,True
2025_08_NYJ_CIN,under,2023-25,2025,8,CIN,NYJ,Under 43.5,5.5,43.5,4.766,41.729,-1.771,0.46,0.566,38.0,39.0,-1.0,77.0,False,False,-1.1,-33.5,-35.271,-0.449,-0.824,-33.998,2.088,1.346,-0.72,-3.162,-0.184,-0.09,0.175,-2.393,0.611,1.057,variance,,,garbage time (-3.2); and outplayed (-34.0),,,,0.0,0.0,0.0,0.0,0.0,0.0,0.0,0.0,0.0,0.0,0.0,0.0,0.0,0.0,0.0,0.0,0.0,0.0,0.436,1.466,8.0,12.0,8.0,0.0,0.0,12.0,0.0,0.0,1.0,0.694,8.0,7.2,57.0,57.1,archive,-0.8,0.0,1.414,15.0,25.0,1.0,3.0,-6.125,0.0,0.0,0.0,128.0,122.185,5.815,False,5.5,0.883,1.762,2.497,0.19,-1.147,False,0,0.0,7,10,-0.014,0.029,True
2025_08_WAS_KC,under,2023-25,2025,8,KC,WAS,Under 48.5,10.5,48.5,7.33,47.175,-1.325,0.363,0.556,28.0,7.0,21.0,35.0,True,False,1.0,13.5,12.175,4.558,1.785,5.833,2.088,1.346,-0.1,1.225,-0.184,-0.366,0.175,1.324,-0.221,1.057,,earned,listed starter did not play (model priced the wrong QB),covered anyway; model priced a QB who did not play,,,,2.0,2.0,-7.041,-7.525,0.0,0.0,0.0,0.0,0.0,0.0,0.0,0.0,0.0,0.0,0.0,0.0,0.0,0.0,0.27,0.068,8.0,0.0,8.0,0.0,0.0,0.0,0.0,1.0,1.0,0.0,8.0,5.3,54.0,53.6,archive,-2.7,0.0,0.791,95.0,35.0,2.0,2.0,11.748,0.0,0.0,0.0,118.0,121.218,-3.218,False,10.5,0.674,1.554,4.724,1.058,-5.744,True,0,0.0,8,8,0.043,0.023,True
2025_09_BAL_MIA,under,2023-25,2025,9,MIA,BAL,Under 51.5,-7.5,51.5,-2.717,49.757,-1.743,0.693,0.566,6.0,28.0,-22.0,34.0,True,False,1.0,17.5,15.757,0.686,2.539,12.531,-0.148,1.346,0.457,-0.969,-0.184,-0.252,0.175,1.697,0.047,1.057,,earned,,covered anyway (miss +15.8 inside the edge),,,,3.0,0.0,-11.275,0.0,0.0,7.0,0.0,0.0,0.0,0.0,0.0,0.0,1.0,0.0,0.0,0.0,0.0,0.0,-1.339,0.27,0.0,14.0,0.0,0.0,14.0,0.0,0.0,0.0,1.0,1.0,5.0,3.1,73.0,69.8,archive,-1.9,0.0,-2.905,45.0,56.0,3.0,1.0,0.042,0.0,0.0,0.0,115.0,119.122,-4.122,True,7.5,-1.953,-1.953,6.736,0.661,6.324,True,0,0.0,4,4,0.001,0.046,True
2025_09_CHI_CIN,under,2023-25,2025,9,CIN,CHI,Under 51.5,-3.0,51.5,0.052,46.591,-4.909,0.6,0.67,42.0,47.0,-5.0,89.0,False,False,-1.1,-37.5,-42.409,-4.524,-8.127,-29.758,1.13,-3.325,1.199,-3.528,-0.184,-0.56,0.175,-8.049,0.13,0.361,variance,,,pace (-8.0); garbage time (-3.5); and outplayed (-29.8),,,,3.0,0.0,-11.004,0.0,0.0,3.0,0.0,0.0,1.0,0.0,0.0,0.0,1.0,1.0,0.0,0.0,0.0,1.0,-1.585,-1.359,8.0,13.0,0.0,8.0,13.0,0.0,0.0,0.0,1.0,0.913,6.0,2.0,50.0,47.9,archive,-4.0,0.0,-0.89,49.0,43.0,1.0,2.0,-2.063,0.0,0.0,0.0,142.0,122.444,19.556,True,3.0,0.144,0.144,2.908,0.485,2.205,False,0,0.0,7,7,0.046,-0.015,True
2025_09_MIN_DET,under,2023-25,2025,9,DET,MIN,Under 47.5,9.5,47.5,13.428,44.281,-3.219,0.595,0.619,24.0,27.0,-3.0,51.0,False,False,-1.1,-3.5,-6.719,3.545,1.968,-12.232,-0.148,1.346,1.488,0.859,-0.184,0.026,0.175,1.83,-0.24,0.361,variance,,,"outplayed, no luck (residual -12.2)",,,,1.0,1.0,-2.11,-2.51,0.0,7.0,0.0,0.0,0.0,0.0,0.0,0.0,1.0,0.0,0.0,0.0,1.0,0.0,-5.157,1.484,6.0,3.0,0.0,6.0,3.0,0.0,0.0,0.0,1.0,1.0,,,,68.0,pbp_text,0.0,0.0,-2.101,76.0,56.0,3.0,0.0,12.38,0.0,0.0,0.0,117.0,121.447,-4.447,True,-9.5,0.685,1.603,2.325,0.319,3.39,False,1,1.0,13,10,0.019,-0.05,True
2025_09_NO_LA,under,2023-25,2025,9,LA,NO,Under 44.5,14.0,44.5,11.545,43.082,-1.418,0.424,0.558,34.0,10.0,24.0,44.0,True,False,1.0,0.5,-0.918,-0.912,6.783,-6.79,-0.148,1.346,1.419,-3.528,-0.184,0.026,0.175,5.329,0.38,1.057,,earned,,covered anyway; garbage time (-3.5),,,,0.0,2.0,0.0,-9.167,7.0,0.0,0.0,0.0,0.0,0.0,0.0,0.0,1.0,0.0,1.0,0.0,0.0,0.0,-4.175,0.677,15.0,6.0,15.0,0.0,0.0,6.0,0.0,0.0,1.0,0.833,,8.0,,65.0,pbp_text,0.0,0.0,5.502,32.0,33.0,2.0,2.0,10.827,0.0,0.0,0.0,112.0,124.947,-12.947,False,14.0,-0.468,-0.468,1.987,0.395,-3.131,False,0,1.0,7,14,-0.043,-0.011,True
2025_09_KC_BUF,under,2023-25,2025,9,BUF,KC,Under 53.5,-2.5,53.5,1.747,49.948,-3.552,0.604,0.63,28.0,21.0,7.0,49.0,True,False,1.0,4.5,0.948,3.053,0.361,-2.466,2.088,1.346,0.223,-0.603,-0.184,-0.633,0.175,-0.434,0.38,1.057,,earned,,covered anyway (miss +0.9 inside the edge),,,,0.0,1.0,0.0,-0.976,0.0,0.0,0.0,0.0,0.0,0.0,0.0,0.0,1.0,0.0,0.0,0.0,0.0,0.0,-1.813,1.335,7.0,6.0,7.0,0.0,0.0,6.0,0.0,0.0,1.0,1.0,6.0,1.5,54.0,54.9,archive,-4.5,0.0,0.843,40.0,25.0,1.0,3.0,-8.613,0.0,0.0,0.0,121.0,119.945,1.055,True,2.5,-0.652,-0.652,4.899,0.322,4.858,False,0,0.0,7,6,0.051,0.019,True
2025_09_ARI_DAL,under,2023-25,2025,9,DAL,ARI,Under 53.5,3.5,53.5,3.506,51.442,-2.058,0.471,0.576,17.0,27.0,-10.0,44.0,True,False,1.0,9.5,7.442,4.656,1.069,1.716,2.088,1.346,2.192,-0.969,-0.184,0.026,0.175,-0.385,0.38,1.057,,earned,,covered anyway (miss +7.4 inside the edge),,,,3.0,0.0,-5.916,0.0,0.0,0.0,0.0,0.0,0.0,0.0,0.0,0.0,1.0,0.0,0.0,0.0,0.0,1.0,-0.908,-4.542,10.0,4.0,0.0,10.0,4.0,0.0,0.0,0.0,1.0,1.0,,,,,none,0.0,0.0,-3.503,55.0,10.0,3.0,1.0,-3.644,0.0,0.0,0.0,127.0,126.064,0.936,True,-3.5,0.631,0.631,-0.625,0.18,-0.399,True,0,1.0,8,15,0.056,0.013,True
2025_10_NO_CAR,under,2023-25,2025,10,CAR,NO,Under 38.5,5.5,38.5,4.255,37.251,-1.249,0.445,0.554,7.0,17.0,-10.0,24.0,True,False,1.0,14.5,13.251,4.219,4.435,4.598,-0.148,1.346,-1.128,4.15,-0.184,-0.389,0.175,3.396,0.38,1.057,,earned,line_u41,covered anyway (miss +13.3 inside the edge),,,,2.0,1.0,-10.447,-2.701,0.0,7.0,0.0,0.0,0.0,0.0,0.0,0.0,1.0,0.0,0.0,0.0,1.0,0.0,2.769,0.165,0.0,0.0,0.0,0.0,0.0,0.0,0.0,0.0,1.0,0.789,15.0,12.2,73.0,71.4,archive,-2.8,0.0,6.262,5.0,60.0,1.0,3.0,-3.648,0.0,0.0,0.0,114.0,122.25,-8.25,False,5.5,0.081,0.081,1.326,0.828,-3.075,False,1,0.0,7,7,-0.047,0.014,True
2025_10_BAL_MIN,under,2023-25,2025,10,MIN,BAL,Under 48.5,-4.5,48.5,-6.143,45.13,-3.37,0.477,0.625,19.0,27.0,-8.0,46.0,True,False,1.0,2.5,-0.87,0.63,-2.118,0.618,0.171,1.346,0.081,-0.969,-0.184,0.026,0.175,-3.352,-0.536,1.753,,earned,,covered anyway; pace (-3.4),,,,3.0,0.0,-12.461,0.0,0.0,6.0,0.0,0.0,0.0,0.0,0.0,0.0,0.0,1.0,0.0,0.0,0.0,0.0,2.473,-2.594,6.0,8.0,0.0,6.0,8.0,0.0,0.0,0.0,1.0,1.0,,4.0,,28.0,pbp_text,0.0,0.0,-1.082,102.0,62.0,5.0,0.0,-0.774,0.0,0.0,0.0,128.0,119.857,8.143,False,-4.5,-0.434,-0.434,1.208,0.383,-0.903,False,0,1.0,10,7,0.04,-0.053,True
2025_10_CLE_NYJ,under,2023-25,2025,10,NYJ,CLE,Under 37.5,-1.5,37.5,4.584,35.724,-1.776,0.659,0.568,27.0,20.0,7.0,47.0,False,False,-1.1,-9.5,-11.276,-6.839,1.003,-5.439,-0.148,-7.996,-0.652,1.956,-0.184,-0.745,0.175,3.092,-0.305,-1.031,knowable,,listed starter did not play (model priced the wrong QB),model priced a QB who did not play; return TD (-8.0),,,,1.0,0.0,-5.383,0.0,0.0,7.0,0.0,0.0,2.0,0.0,0.0,0.0,0.0,0.0,0.0,0.0,0.0,0.0,0.74,0.99,3.0,3.0,3.0,0.0,0.0,3.0,1.0,0.0,0.0,1.0,12.0,6.8,62.0,58.9,archive,-5.2,0.0,1.419,61.0,78.0,0.0,1.0,4.187,0.0,0.0,0.0,115.0,122.513,-7.513,True,1.5,-0.033,-0.033,6.117,0.869,4.192,False,0,0.0,14,14,0.004,-0.1,True
2025_10_LA_SF,under,2023-25,2025,10,SF,LA,Under 49.5,-5.5,49.5,-4.089,46.022,-3.478,0.564,0.629,26.0,42.0,-16.0,68.0,False,False,-1.1,-18.5,-21.978,-4.377,1.246,-18.846,-2.384,1.346,0.189,-3.528,-0.184,0.1,0.175,-0.468,0.565,1.057,variance,,,garbage time (-3.5); and outplayed (-18.8),,,,2.0,0.0,-8.193,0.0,0.0,14.0,0.0,0.0,0.0,0.0,0.0,0.0,0.0,0.0,1.0,0.0,1.0,0.0,-0.797,0.405,6.0,15.0,0.0,6.0,15.0,0.0,0.0,0.0,1.0,1.0,3.0,3.5,77.0,73.7,archive,0.5,0.0,-4.43,45.0,0.0,3.0,1.0,-6.631,0.0,0.0,0.0,125.0,123.864,1.136,True,5.5,-1.481,-1.481,2.892,0.593,2.796,False,1,0.0,7,7,0.033,-0.014,True
2025_10_DET_WAS,under,2023-25,2025,10,WAS,DET,Under 49.5,-8.5,49.5,-7.231,46.668,-2.832,0.584,0.605,22.0,44.0,-22.0,66.0,False,False,-1.1,-16.5,-19.332,-7.777,2.842,-14.397,2.088,1.346,-0.736,-10.474,-0.184,-0.256,0.175,0.946,0.408,1.753,variance,,,garbage time (-10.5); and outplayed (-14.4),,,,0.0,0.0,0.0,0.0,0.0,0.0,0.0,0.0,0.0,0.0,0.0,0.0,0.0,0.0,0.0,1.0,0.0,1.0,1.147,0.796,18.0,22.0,0.0,18.0,22.0,0.0,0.0,0.0,1.0,0.943,9.0,7.1,64.0,68.3,archive,-1.9,0.0,-2.087,61.0,1.0,3.0,2.0,5.429,0.0,0.0,0.0,120.0,122.298,-2.298,True,8.5,-1.803,-2.693,3.962,0.126,1.482,False,0,0.0,7,7,0.046,0.014,True
2025_11_CHI_MIN,under,2023-25,2025,11,MIN,CHI,Under 47.5,3.0,47.5,-1.377,43.115,-4.385,0.358,0.654,17.0,19.0,-2.0,36.0,True,False,1.0,11.5,7.115,5.673,-2.538,3.98,1.13,1.346,0.145,3.053,-0.184,0.026,0.175,-1.996,0.473,-1.031,,earned,,covered anyway (miss +7.1 inside the edge),,,,2.0,0.0,-9.464,0.0,0.0,3.0,0.0,0.0,0.0,0.0,0.0,0.0,0.0,1.0,0.0,0.0,0.0,0.0,0.255,-0.536,0.0,3.0,0.0,0.0,3.0,0.0,0.0,0.0,1.0,1.0,,8.0,,44.0,pbp_text,0.0,0.0,1.896,15.0,40.0,1.0,0.0,2.493,0.0,0.0,0.0,127.0,122.151,4.849,False,3.0,-0.698,-0.698,3.678,0.542,-5.623,False,1,1.0,7,7,0.006,-0.055,True
2025_11_CIN_PIT,under,2023-25,2025,11,PIT,CIN,Under 48.5,5.5,48.5,5.572,45.756,-2.744,0.485,0.601,34.0,12.0,22.0,46.0,True,False,1.0,2.5,-0.244,-6.875,2.505,4.126,2.088,-7.996,-1.094,0.128,2.327,-0.304,0.175,0.984,-0.342,-0.335,,earned,,covered anyway; return TD (-8.0),,,,0.0,2.0,0.0,-17.347,14.0,0.0,2.0,0.0,0.0,0.0,0.0,0.0,0.0,0.0,0.0,0.0,0.0,0.0,0.505,2.343,8.0,3.0,8.0,0.0,0.0,3.0,0.0,0.0,0.515,1.0,17.0,14.8,46.0,44.2,archive,-2.2,0.0,-1.412,76.0,67.0,1.0,1.0,4.568,0.0,0.0,0.0,122.0,124.39,-2.39,True,-5.5,0.168,0.168,-0.096,0.362,-0.718,False,1,0.0,7,14,-0.005,0.066,True
2025_13_CIN_BAL,under,2023-25,2025,13,BAL,CIN,Under 52.5,7.0,52.5,10.767,50.181,-2.319,0.582,0.588,14.0,32.0,-18.0,46.0,True,False,1.0,6.5,4.181,-1.105,-4.724,10.01,-1.745,1.346,-1.565,0.859,-0.184,-0.328,0.175,-5.611,0.167,1.057,,earned,,covered anyway; pace (-5.6),,,,5.0,1.0,-22.944,-3.929,0.0,12.0,0.0,0.0,0.0,0.0,0.0,0.0,0.0,0.0,0.0,0.0,0.0,0.0,0.135,3.902,0.0,9.0,0.0,0.0,9.0,0.0,0.0,0.0,1.0,1.0,11.0,8.6,38.0,37.5,archive,-2.4,0.0,-2.153,53.0,35.0,2.0,2.0,1.361,0.0,0.0,0.0,136.0,122.368,13.632,True,-7.0,1.013,1.013,2.754,0.609,2.327,True,1,0.0,4,4,0.016,0.055,True
2025_13_CHI_PHI,under,2023-25,2025,13,PHI,CHI,Under 43.5,7.0,43.5,8.104,42.267,-1.233,0.495,0.554,15.0,24.0,-9.0,39.0,True,False,1.0,4.5,3.267,1.134,-4.295,6.428,-0.148,1.346,0.54,-0.603,-0.184,-0.343,0.175,-4.554,0.25,0.361,,earned,,covered anyway; pace (-4.6),,,,2.0,1.0,-8.349,-6.91,0.0,7.0,0.0,0.0,0.0,0.0,0.0,0.0,1.0,0.0,1.0,0.0,0.0,0.0,-1.647,0.369,6.0,7.0,0.0,6.0,7.0,0.0,0.0,0.0,1.0,1.0,18.0,15.5,42.0,41.2,archive,-2.5,0.0,-2.663,44.0,35.0,0.0,3.0,2.437,0.0,0.0,0.0,134.0,122.935,11.065,True,-7.0,-0.165,-0.165,1.269,0.794,2.962,False,0,0.0,5,5,-0.018,0.007,True
2025_13_NO_MIA,under,2023-25,2025,13,MIA,NO,Under 41.5,5.5,41.5,6.573,40.212,-1.288,0.515,0.556,21.0,17.0,4.0,38.0,True,False,1.0,3.5,2.212,-0.37,-2.916,5.497,0.171,1.346,-1.649,-0.238,-0.184,-0.122,0.175,-2.876,0.426,-0.335,,earned,,covered anyway (miss +2.2 inside the edge),,,,1.0,2.0,-4.15,-11.176,6.0,0.0,0.0,0.0,0.0,0.0,0.0,0.0,0.0,0.0,0.0,0.0,0.0,0.0,1.843,2.406,9.0,3.0,9.0,0.0,0.0,3.0,0.0,0.0,1.0,1.0,10.0,9.0,76.0,76.5,archive,-1.0,0.0,1.363,15.0,45.0,1.0,1.0,-1.364,0.0,0.0,0.0,127.0,120.012,6.988,True,-5.5,-1.313,-1.313,2.386,0.559,-0.182,False,0,0.0,14,7,0.012,-0.054,True
2025_14_CIN_BUF,under,2023-25,2025,14,BUF,CIN,Under 54.5,6.0,54.5,9.532,51.119,-3.381,0.588,0.625,39.0,34.0,5.0,73.0,False,False,-1.1,-18.5,-21.881,-4.337,4.573,-22.117,-2.384,-3.325,-0.219,1.59,-0.184,-0.123,0.175,3.574,0.075,1.057,variance,,,return TD (-3.3); and outplayed (-22.1),,,,1.0,2.0,-6.885,-15.576,14.0,7.0,1.0,0.0,0.0,0.0,0.0,0.0,0.0,0.0,0.0,0.0,0.0,0.0,0.367,0.27,1.0,6.0,1.0,0.0,0.0,6.0,0.0,0.0,1.0,1.0,12.0,11.0,31.0,31.6,archive,-1.0,0.0,-1.025,68.0,30.0,4.0,0.0,9.662,0.0,0.0,0.0,115.0,123.682,-8.682,True,-6.0,-0.849,-0.849,4.381,0.632,2.192,False,0,0.0,7,10,0.048,0.041,True
2025_15_DET_LA,under,2023-25,2025,15,LA,DET,Under 54.5,5.5,54.5,4.536,52.036,-2.464,0.453,0.594,41.0,34.0,7.0,75.0,False,False,-1.1,-20.5,-22.964,-0.407,-0.623,-21.935,-0.148,1.346,0.461,-2.066,-0.184,0.026,0.175,-3.069,0.676,1.753,variance,,,pace (-3.1); and outplayed (-21.9),,,,1.0,0.0,-9.49,0.0,0.0,7.0,0.0,0.0,0.0,0.0,0.0,0.0,0.0,1.0,0.0,0.0,0.0,0.0,1.692,-2.772,7.0,10.0,7.0,0.0,0.0,10.0,0.0,0.0,1.0,1.0,,3.0,,65.0,pbp_text,0.0,0.0,-1.305,8.0,25.0,3.0,2.0,3.541,0.0,0.0,0.0,131.0,123.544,7.456,False,5.5,0.954,0.954,1.918,1.668,3.059,False,0,1.0,10,7,0.042,0.019,True
2025_16_LA_SEA,under,2023-25,2025,16,SEA,LA,Under 42.5,1.5,42.5,1.965,39.8,-2.7,0.531,0.601,38.0,37.0,1.0,75.0,False,False,-1.1,-32.5,-35.2,-4.537,-25.189,-5.474,-0.148,-3.325,1.002,-2.066,-0.184,0.703,-13.367,-12.814,0.112,0.361,variance,,,overtime (-13.4); pace (-12.8),,,,3.0,0.0,-15.372,0.0,0.0,7.0,0.0,0.0,1.0,0.0,0.0,0.0,0.0,1.0,0.0,0.0,0.0,0.0,0.135,-2.58,10.0,7.0,8.0,2.0,7.0,0.0,0.0,0.0,1.0,1.0,17.0,21.5,51.0,51.7,archive,4.5,0.0,2.244,40.0,54.0,0.0,3.0,-2.037,1.0,16.0,7.0,153.0,121.868,31.132,True,-1.5,1.102,1.102,-0.637,0.355,1.064,True,1,0.0,4,4,-0.042,0.023,True
2025_16_MIN_NYG,under,2023-25,2025,16,NYG,MIN,Under 41.5,-2.5,41.5,0.227,40.263,-1.237,0.56,0.555,13.0,16.0,-3.0,29.0,True,False,1.0,12.5,11.263,-2.992,6.622,7.633,-3.022,-3.325,-0.794,4.15,-0.184,-1.538,0.175,7.648,-0.536,1.057,,earned,,"covered anyway; return TD (-3.3); 3 turnovers, 23 pts off them (-3.0)",,,,1.0,2.0,-3.961,-12.239,10.0,13.0,1.0,0.0,0.0,0.0,0.0,0.0,0.0,0.0,0.0,0.0,0.0,0.0,0.792,1.297,0.0,0.0,0.0,0.0,0.0,0.0,0.0,0.0,1.0,0.655,20.0,9.6,46.0,45.8,archive,-10.4,0.0,5.797,74.0,90.0,3.0,1.0,-6.292,0.0,0.0,0.0,103.0,121.582,-18.582,True,2.5,0.947,0.947,1.78,0.573,1.521,False,0,0.0,7,7,0.037,-0.075,True
2025_16_ATL_ARI,under,2023-25,2025,16,ARI,ATL,Under 48.5,-2.5,48.5,-1.778,47.387,-1.113,0.5,0.552,19.0,26.0,-7.0,45.0,True,False,1.0,3.5,2.387,3.865,1.954,-3.432,-1.106,1.346,0.573,3.053,-0.184,0.026,0.175,-0.483,0.667,1.753,,luck,,covered anyway (miss +2.4 inside the edge),,,,1.0,2.0,-2.971,-6.273,10.0,0.0,0.0,0.0,0.0,0.0,0.0,0.0,2.0,0.0,0.0,1.0,0.0,1.0,-2.372,1.01,3.0,0.0,0.0,3.0,0.0,0.0,0.0,0.0,1.0,1.0,,1.0,,76.0,pbp_text,0.0,0.0,0.123,14.0,20.0,0.0,5.0,4.991,0.0,0.0,0.0,127.0,125.826,1.174,True,2.5,-2.147,-2.147,2.869,0.349,0.317,False,0,1.0,7,10,0.024,-0.001,True
2025_16_CIN_MIA,under,2023-25,2025,16,MIA,CIN,Under 48.5,-3.5,48.5,1.143,45.411,-3.089,0.661,0.614,21.0,45.0,-24.0,66.0,False,False,-1.1,-17.5,-20.589,-9.968,1.418,-12.038,-4.619,1.346,-0.608,-6.087,-0.184,-0.486,0.175,0.847,0.704,0.361,variance,,,"garbage time (-6.1); 3 turnovers, 21 pts off them (-4.6); and outplayed (-12.0)",,,,3.0,0.0,-11.123,0.0,0.0,21.0,0.0,0.0,0.0,0.0,0.0,0.0,0.0,0.0,0.0,0.0,0.0,0.0,0.203,1.416,7.0,21.0,0.0,7.0,21.0,0.0,0.0,0.0,1.0,0.973,7.0,3.6,81.0,78.4,archive,-3.4,0.0,-0.859,20.0,10.0,2.0,1.0,-5.488,0.0,0.0,0.0,119.0,121.059,-2.059,True,3.5,-0.922,-0.922,5.565,0.775,2.784,False,0,0.0,6,7,-0.002,0.036,True
2025_17_DET_MIN,under,2023-25,2025,17,MIN,DET,Under 45.5,-7.0,45.5,-7.194,43.282,-2.218,0.538,0.586,23.0,10.0,13.0,33.0,True,False,1.0,12.5,10.282,-4.632,2.611,12.302,-3.022,1.346,-2.352,-0.603,-0.184,0.026,0.175,2.364,0.565,-0.335,,earned,,"covered anyway; 6 turnovers, 16 pts off them (-3.0)",,,,0.0,6.0,0.0,-28.614,16.0,0.0,0.0,0.0,0.0,0.0,0.0,0.0,0.0,0.0,0.0,0.0,0.0,0.0,4.722,1.301,13.0,0.0,13.0,0.0,0.0,0.0,0.0,0.0,1.0,1.0,,11.0,,32.0,pbp_text,0.0,0.0,0.895,20.0,25.0,0.0,2.0,-6.202,0.0,0.0,0.0,115.0,120.743,-5.743,False,-7.0,-0.152,-1.219,-1.025,0.636,1.218,True,1,1.0,4,4,0.052,-0.089,True
2025_17_ARI_CIN,under,2023-25,2025,17,CIN,ARI,Under 52.5,7.0,52.5,7.164,50.105,-2.395,0.464,0.592,37.0,14.0,23.0,51.0,True,False,1.0,1.5,-0.895,-1.194,3.028,-2.729,2.088,1.346,-0.734,-3.894,-0.184,0.683,0.175,0.443,0.158,1.753,,earned,,covered anyway; garbage time (-3.9),,,,0.0,0.0,0.0,0.0,0.0,0.0,0.0,0.0,0.0,0.0,0.0,0.0,0.0,0.0,1.0,0.0,0.0,0.0,1.802,0.135,15.0,7.0,15.0,0.0,0.0,7.0,0.0,0.0,0.857,1.0,9.0,13.4,65.0,63.2,archive,4.4,0.0,0.73,38.0,51.0,1.0,4.0,-6.778,0.0,0.0,0.0,124.0,125.075,-1.075,True,-7.0,2.801,2.801,-2.637,0.939,-2.075,False,0,0.0,7,7,0.041,0.02,True
2025_17_NO_TEN,under,2023-25,2025,17,TEN,NO,Under 39.5,-1.5,39.5,-1.435,36.26,-3.24,0.484,0.622,26.0,34.0,-8.0,60.0,False,False,-1.1,-20.5,-23.74,-2.451,-0.657,-20.632,2.088,-3.325,-2.804,1.59,-0.184,-0.079,0.175,-0.811,-0.12,0.361,knowable,,line_u41,return TD (-3.3); and outplayed (-20.6),,,,1.0,1.0,-8.804,-4.348,0.0,7.0,0.0,1.0,0.0,0.0,0.0,0.0,0.0,1.0,0.0,0.0,0.0,0.0,5.71,1.454,0.0,7.0,0.0,0.0,7.0,0.0,0.0,0.0,1.0,1.0,14.0,13.3,71.0,68.3,archive,-0.7,0.0,6.741,35.0,84.0,3.0,0.0,5.201,0.0,0.0,0.0,123.0,121.029,1.971,True,1.5,0.368,0.368,-0.303,0.492,-0.875,False,0,0.0,7,7,-0.023,-0.067,True
2026_01_NE_SEA,under,2026,2026,1,SEA,NE,Under 44.5,3.0,44.5,3.582,42.072,-2.428,0.513,0.592,13.0,10.0,3.0,23.0,True,False,1.0,21.5,19.072,3.619,5.058,10.395,-1.106,1.346,-0.77,4.15,2.327,0.026,0.175,2.557,-0.388,0.361,,earned,,covered anyway (miss +19.1 inside the edge),,,,0.0,3.0,0.0,-8.476,10.0,0.0,0.0,0.0,0.0,0.0,0.0,0.0,0.0,0.0,0.0,0.0,0.0,0.0,0.315,1.714,0.0,0.0,0.0,0.0,0.0,0.0,0.0,0.0,0.111,1.0,6.0,6.0,74.0,74.0,pbp_text,0.0,0.0,-7.614,98.0,50.0,1.0,2.0,1.711,0.0,0.0,0.0,114.0,120.213,-6.213,True,-3.0,0.027,0.027,0.555,1.359,-2.732,False,0,0.0,7,7,-0.035,-0.009,True
2026_01_CHI_CAR,under,2026,2026,1,CAR,CHI,Under 47.5,-3.0,47.5,-2.171,44.776,-2.724,0.53,0.604,37.0,59.0,-22.0,96.0,False,False,-1.1,-48.5,-51.224,-8.282,-4.327,-38.615,-3.342,1.346,-0.565,-5.721,-0.184,0.026,0.175,-3.686,-0.323,-0.335,variance,,,garbage time (-5.7); pace (-3.7); and outplayed (-38.6),,,,3.0,1.0,-9.122,-3.489,7.0,10.0,0.0,0.0,0.0,0.0,0.0,0.0,0.0,0.0,1.0,0.0,1.0,0.0,0.327,1.183,6.0,21.0,0.0,6.0,21.0,0.0,0.0,0.0,0.953,1.0,2.0,2.0,89.0,89.0,pbp_text,0.0,0.0,-2.671,84.0,57.0,1.0,1.0,0.881,0.0,0.0,0.0,132.0,123.045,8.955,True,3.0,-0.637,-0.637,1.466,0.163,0.815,False,0,0.0,7,7,0.005,0.035,True
2026_01_NO_DET,under,2026,2026,1,DET,NO,Under 49.5,7.0,49.5,5.648,47.539,-1.961,0.414,0.577,31.0,30.0,1.0,61.0,False,False,-1.1,-11.5,-13.461,-4.243,-23.046,13.827,-2.384,1.346,0.323,-3.528,-0.184,0.026,-7.479,-15.0,-0.073,-0.335,in-game events,,,pace (-15.0); overtime (-7.5),,,,1.0,3.0,-5.24,-14.843,14.0,0.0,0.0,0.0,0.0,0.0,0.0,0.0,0.0,1.0,0.0,0.0,0.0,0.0,0.231,-0.963,14.0,7.0,14.0,0.0,0.0,7.0,0.0,0.0,1.0,1.0,,,,68.0,pbp_text,0.0,0.0,-6.811,61.0,53.0,0.0,2.0,-6.229,1.0,7.0,6.0,159.0,122.557,36.443,False,7.0,0.584,0.584,1.935,1.933,-6.082,False,0,1.0,7,7,-0.042,0.019,True
2026_02_DET_BUF,under,2026,2026,2,BUF,DET,Under 54.5,5.5,54.5,4.996,52.81,-1.69,0.465,0.568,41.0,31.0,10.0,72.0,False,False,-1.1,-17.5,-19.19,-12.059,-2.007,-5.123,2.088,1.346,0.1,-15.593,-0.184,0.026,0.175,-1.708,0.019,-0.335,variance,,,garbage time (-15.6),,,,0.0,0.0,0.0,0.0,0.0,0.0,0.0,0.0,0.0,0.0,0.0,0.0,0.0,0.0,1.0,0.0,0.0,0.0,-0.595,0.427,27.0,27.0,27.0,0.0,0.0,27.0,0.0,0.0,1.0,1.0,4.0,4.0,67.0,67.0,pbp_text,0.0,0.0,-0.05,46.0,58.0,0.0,2.0,-7.235,0.0,0.0,0.0,128.0,123.85,4.15,False,5.5,0.562,0.562,1.066,0.239,-0.211,True,0,0.0,4,4,0.017,0.052,True
2026_02_MIN_CHI,under,2026,2026,2,CHI,MIN,Under 46.5,4.5,46.5,2.403,42.937,-3.563,0.411,0.632,3.0,9.0,-6.0,12.0,True,False,1.0,34.5,30.937,6.086,2.372,22.479,2.088,1.346,-0.4,3.053,-0.184,0.026,0.175,1.084,0.213,1.057,,earned,,covered anyway (miss +30.9 inside the edge),,,,2.0,0.0,-7.541,0.0,0.0,0.0,0.0,0.0,0.0,0.0,0.0,0.0,1.0,0.0,0.0,0.0,1.0,0.0,-1.259,2.355,0.0,3.0,0.0,0.0,3.0,0.0,0.0,0.0,0.791,1.0,8.0,8.0,68.0,68.0,pbp_text,0.0,0.0,-2.259,58.0,25.0,3.0,1.0,-0.306,0.0,0.0,0.0,120.0,122.634,-2.634,False,4.5,1.449,1.449,3.546,1.711,2.087,False,1,0.0,7,7,-0.079,0.055,True
2026_02_GB_NYJ,under,2026,2026,2,NYJ,GB,Under 44.5,-3.5,44.5,-3.044,42.499,-2.001,0.541,0.579,17.0,20.0,-3.0,37.0,True,False,1.0,7.5,5.499,4.023,-5.552,7.028,1.13,1.346,-0.409,1.956,-0.184,0.026,-3.358,-0.009,-1.693,-0.335,,earned,,covered anyway; overtime (-3.4),,,,0.0,1.0,0.0,-4.988,3.0,0.0,0.0,0.0,0.0,0.0,0.0,0.0,0.0,0.0,0.0,0.0,0.0,0.0,0.596,0.52,0.0,6.0,0.0,0.0,6.0,0.0,0.0,0.0,1.0,1.0,7.0,7.0,69.0,69.0,pbp_text,0.0,0.0,-1.106,156.0,133.0,1.0,1.0,-2.645,1.0,0.0,6.0,121.0,120.979,0.021,True,3.5,0.823,0.823,-0.366,0.997,-1.92,False,0,0.0,7,7,0.005,0.034,True
2026_02_JAX_DEN,under,2026,2026,2,DEN,JAX,Under 45.5,2.5,45.5,0.412,43.073,-2.427,0.459,0.593,20.0,13.0,7.0,33.0,True,False,1.0,12.5,10.073,3.956,3.089,3.029,-2.064,1.346,0.525,4.15,-0.184,0.026,0.175,4.474,0.324,-1.727,,earned,,covered anyway (miss +10.1 inside the edge),,,,1.0,1.0,-4.332,-3.411,7.0,6.0,0.0,0.0,0.0,0.0,0.0,0.0,0.0,1.0,0.0,0.0,0.0,0.0,1.351,-2.591,0.0,0.0,0.0,0.0,0.0,0.0,0.0,0.0,1.0,1.0,12.0,12.0,73.0,73.0,pbp_text,0.0,0.0,-0.885,53.0,18.0,0.0,0.0,0.0,0.0,0.0,0.0,111.0,121.871,-10.871,False,2.5,-0.271,-0.271,1.818,0.438,-2.936,False,0,0.0,7,6,-0.004,-0.027,True
2026_02_IND_KC,under,2026,2026,2,KC,IND,Under 46.5,6.0,46.5,6.349,44.505,-1.995,0.486,0.579,33.0,30.0,3.0,63.0,False,False,-1.1,-16.5,-18.495,3.26,-14.679,-7.076,-0.148,1.346,-0.991,3.053,-0.184,0.026,-6.89,-8.596,-0.092,1.057,variance,,,pace (-8.6); overtime (-6.9),,,,0.0,1.0,0.0,-4.687,7.0,0.0,0.0,0.0,0.0,0.0,0.0,0.0,1.0,0.0,0.0,0.0,0.0,0.0,-0.321,2.907,3.0,0.0,3.0,0.0,0.0,0.0,0.0,0.0,1.0,1.0,10.0,10.0,71.0,71.0,pbp_text,0.0,0.0,-5.551,86.0,30.0,2.0,2.0,0.099,1.0,9.0,3.0,141.0,120.116,20.884,True,-6.0,0.018,0.018,0.331,0.509,1.482,True,0,0.0,6,7,-0.023,0.02,True
2026_03_LAC_BUF,under,2026,2026,3,BUF,LAC,Under 50.5,7.0,50.5,7.319,47.893,-2.607,0.469,0.601,24.0,16.0,8.0,40.0,True,False,1.0,10.5,7.893,,,7.893,,,,,,,,,,,,earned,wk3_4,no play-by-play yet,,,,,,,,,,,,,,,,,,,,,,,,,,,,,,0.0,0.0,1.0,1.0,12.0,,68.0,,none,0.0,0.0,,,,,,,0.0,,,126.0,120.547,5.453,True,-7.0,0.47,0.47,-0.151,0.582,-1.059,False,0,0.0,10,7,0.073,-0.051,False
2026_03_NE_JAX,under,2026,2026,3,JAX,NE,Under 46.5,3.0,46.5,3.484,44.226,-2.274,0.51,0.588,35.0,6.0,29.0,41.0,True,False,1.0,5.5,3.226,,,3.226,,,,,,,,,,,,earned,wk3_4,no play-by-play yet,,,,,,,,,,,,,,,,,,,,,,,,,,,,,,0.0,0.0,1.0,0.821,7.0,,80.0,,none,0.0,0.0,,,,,,,0.0,,,119.0,118.946,0.054,True,-3.0,1.874,1.874,-1.39,0.585,-0.936,False,0,0.0,7,7,-0.0,-0.023,False
2026_03_MIN_TB,under,2026,2026,3,TB,MIN,Under 42.5,-1.5,42.5,-1.014,41.459,-1.041,0.496,0.552,16.0,23.0,-7.0,39.0,True,False,1.0,3.5,2.459,,,2.459,,,,,,,,,,,,earned,wk3_4,no play-by-play yet,,,,,,,,,,,,,,,,,,,,,,,,,,,,,,0.0,0.0,0.913,1.0,7.0,,84.0,,none,0.0,0.0,,,,,,,0.0,,,119.0,117.322,1.678,True,1.5,0.03,0.03,0.456,0.349,1.224,False,0,0.0,7,7,-0.002,-0.081,False
