part,frame,stat,variant,window,tier,n,mae,bias,se_vs_base,mean_line,mean_actual,note
1,touch,rec_targets,base,2017-18,all,7518,1.8787,-0.258,0.0,4.198,4.455,the live line
1,touch,rec_targets,base,2017-18,0-20,3641,1.3957,-0.575,0.0,2.183,2.758,
1,touch,rec_targets,base,2017-18,20-40,2160,2.1799,-0.135,0.0,4.832,4.967,
1,touch,rec_targets,base,2017-18,40-60,1183,2.4206,0.288,0.0,6.965,6.676,
1,touch,rec_targets,base,2017-18,60-80,469,2.7214,0.161,0.0,9.08,8.919,
1,touch,rec_targets,base,2017-18,80+,65,2.9814,0.469,0.0,10.361,9.892,
1,touch,rec_targets,base,2019-22,all,16076,1.8302,-0.253,0.0,4.048,4.301,the live line
1,touch,rec_targets,base,2019-22,0-20,8248,1.3424,-0.525,0.0,2.126,2.651,
1,touch,rec_targets,base,2019-22,20-40,4172,2.0732,-0.079,0.0,4.695,4.774,
1,touch,rec_targets,base,2019-22,40-60,2521,2.6109,0.034,0.0,6.946,6.912,
1,touch,rec_targets,base,2019-22,60-80,965,2.7096,0.39,0.0,8.932,8.542,
1,touch,rec_targets,base,2019-22,80+,170,2.9624,0.754,0.0,10.672,9.918,
1,touch,rec_targets,base,2023-25,all,12383,1.7186,-0.248,0.0,3.86,4.108,the live line
1,touch,rec_targets,base,2023-25,0-20,6800,1.2542,-0.473,0.0,2.085,2.558,
1,touch,rec_targets,base,2023-25,20-40,3003,2.0651,-0.085,0.0,4.667,4.752,
1,touch,rec_targets,base,2023-25,40-60,1792,2.4696,0.115,0.0,6.925,6.81,
1,touch,rec_targets,base,2023-25,60-80,651,2.6127,0.257,0.0,8.833,8.576,
1,touch,rec_targets,base,2023-25,80+,137,3.1029,0.204,0.0,10.569,10.365,
1,touch,rec_yards,base,2017-18,all,7518,19.7057,-6.649,0.0,26.403,33.052,the live line
1,touch,rec_yards,base,2017-18,0-20,3641,13.9336,-7.52,0.0,11.171,18.691,
1,touch,rec_yards,base,2017-18,20-40,2160,21.9589,-7.037,0.0,29.252,36.289,
1,touch,rec_yards,base,2017-18,40-60,1183,27.6944,-3.175,0.0,48.317,51.492,
1,touch,rec_yards,base,2017-18,60-80,469,31.7073,-7.808,0.0,68.045,75.853,
1,touch,rec_yards,base,2017-18,80+,65,36.1682,0.16,0.0,85.683,85.523,
1,touch,rec_yards,base,2019-22,all,16076,19.1565,-6.278,0.0,25.799,32.078,the live line
1,touch,rec_yards,base,2019-22,0-20,8248,13.3093,-6.887,0.0,10.963,17.85,
1,touch,rec_yards,base,2019-22,20-40,4172,21.0706,-5.511,0.0,28.773,34.284,
1,touch,rec_yards,base,2019-22,40-60,2521,28.9059,-6.442,0.0,49.261,55.703,
1,touch,rec_yards,base,2019-22,60-80,965,32.2079,-4.69,0.0,67.725,72.416,
1,touch,rec_yards,base,2019-22,80+,170,37.2066,-2.19,0.0,86.687,88.876,
1,touch,rec_yards,base,2023-25,all,12383,18.1573,-6.095,0.0,24.467,30.563,the live line
1,touch,rec_yards,base,2023-25,0-20,6800,12.5977,-6.137,0.0,10.724,16.86,
1,touch,rec_yards,base,2023-25,20-40,3003,21.2331,-6.522,0.0,28.67,35.192,
1,touch,rec_yards,base,2023-25,40-60,1792,27.312,-5.541,0.0,49.236,54.777,
1,touch,rec_yards,base,2023-25,60-80,651,32.6057,-5.413,0.0,67.354,72.767,
1,touch,rec_yards,base,2023-25,80+,137,38.2829,-5.19,0.0,86.745,91.934,
1,touch,rec_targets,refit,2017-18,all,7518,1.8782,-0.264,0.0001,4.191,4.455,
1,touch,rec_targets,refit,2017-18,0-20,3641,1.3959,-0.578,0.0001,2.18,2.758,
1,touch,rec_targets,refit,2017-18,20-40,2160,2.1792,-0.143,0.0002,4.824,4.967,
1,touch,rec_targets,refit,2017-18,40-60,1183,2.4188,0.277,0.0004,6.953,6.676,
1,touch,rec_targets,refit,2017-18,60-80,469,2.7214,0.147,0.0008,9.066,8.919,
1,touch,rec_targets,refit,2017-18,80+,65,2.9782,0.456,0.0021,10.348,9.892,
1,touch,rec_targets,refit,2019-22,all,16076,1.8298,-0.26,0.0001,4.041,4.301,
1,touch,rec_targets,refit,2019-22,0-20,8248,1.3425,-0.528,0.0,2.122,2.651,
1,touch,rec_targets,refit,2019-22,20-40,4172,2.0726,-0.087,0.0001,4.688,4.774,
1,touch,rec_targets,refit,2019-22,40-60,2521,2.6101,0.023,0.0003,6.934,6.912,
1,touch,rec_targets,refit,2019-22,60-80,965,2.7078,0.377,0.0005,8.919,8.542,
1,touch,rec_targets,refit,2019-22,80+,170,2.9603,0.739,0.0014,10.657,9.918,
1,touch,rec_targets,refit,2023-25,all,12383,1.7182,-0.254,0.0001,3.854,4.108,
1,touch,rec_targets,refit,2023-25,0-20,6800,1.2543,-0.476,0.0001,2.082,2.558,
1,touch,rec_targets,refit,2023-25,20-40,3003,2.0645,-0.093,0.0002,4.659,4.752,
1,touch,rec_targets,refit,2023-25,40-60,1792,2.4686,0.104,0.0003,6.914,6.81,
1,touch,rec_targets,refit,2023-25,60-80,651,2.6108,0.244,0.0006,8.82,8.576,
1,touch,rec_targets,refit,2023-25,80+,137,3.1014,0.188,0.0016,10.553,10.365,
1,touch,rec_yards,refit,2017-18,all,7518,19.7059,-6.682,0.0005,26.37,33.052,
1,touch,rec_yards,refit,2017-18,0-20,3641,13.9348,-7.533,0.0003,11.158,18.691,
1,touch,rec_yards,refit,2017-18,20-40,2160,21.959,-7.081,0.0011,29.208,36.289,
1,touch,rec_yards,refit,2017-18,40-60,1183,27.6909,-3.231,0.0019,48.261,51.492,
1,touch,rec_yards,refit,2017-18,60-80,469,31.7082,-7.877,0.0039,67.976,75.853,
1,touch,rec_yards,refit,2017-18,80+,65,36.1688,0.089,0.0115,85.612,85.523,
1,touch,rec_yards,refit,2019-22,all,16076,19.1565,-6.311,0.0004,25.766,32.078,
1,touch,rec_yards,refit,2019-22,0-20,8248,13.3102,-6.9,0.0002,10.95,17.85,
1,touch,rec_yards,refit,2019-22,20-40,4172,21.0695,-5.556,0.0009,28.728,34.284,
1,touch,rec_yards,refit,2019-22,40-60,2521,28.9049,-6.501,0.0014,49.202,55.703,
1,touch,rec_yards,refit,2019-22,60-80,965,32.2084,-4.759,0.0027,67.656,72.416,
1,touch,rec_yards,refit,2019-22,80+,170,37.2086,-2.271,0.0075,86.605,88.876,
1,touch,rec_yards,refit,2023-25,all,12383,18.1576,-6.125,0.0004,24.437,30.563,
1,touch,rec_yards,refit,2023-25,0-20,6800,12.5983,-6.149,0.0002,10.711,16.86,
1,touch,rec_yards,refit,2023-25,20-40,3003,21.2334,-6.565,0.001,28.627,35.192,
1,touch,rec_yards,refit,2023-25,40-60,1792,27.3118,-5.597,0.0016,49.18,54.777,
1,touch,rec_yards,refit,2023-25,60-80,651,32.6053,-5.481,0.0032,67.286,72.767,
1,touch,rec_yards,refit,2023-25,80+,137,38.2856,-5.276,0.0089,86.658,91.934,
1,touch,rec_targets,winprob,2017-18,all,7518,1.8782,-0.264,0.0001,4.191,4.455,
1,touch,rec_targets,winprob,2017-18,0-20,3641,1.3959,-0.578,0.0001,2.18,2.758,
1,touch,rec_targets,winprob,2017-18,20-40,2160,2.1791,-0.143,0.0002,4.824,4.967,
1,touch,rec_targets,winprob,2017-18,40-60,1183,2.4188,0.277,0.0004,6.953,6.676,
1,touch,rec_targets,winprob,2017-18,60-80,469,2.7213,0.147,0.0008,9.066,8.919,
1,touch,rec_targets,winprob,2017-18,80+,65,2.9785,0.456,0.0024,10.348,9.892,
1,touch,rec_targets,winprob,2019-22,all,16076,1.8298,-0.26,0.0001,4.041,4.301,
1,touch,rec_targets,winprob,2019-22,0-20,8248,1.3425,-0.528,0.0001,2.122,2.651,
1,touch,rec_targets,winprob,2019-22,20-40,4172,2.0726,-0.087,0.0002,4.688,4.774,
1,touch,rec_targets,winprob,2019-22,40-60,2521,2.6102,0.023,0.0003,6.934,6.912,
1,touch,rec_targets,winprob,2019-22,60-80,965,2.7077,0.377,0.0005,8.919,8.542,
1,touch,rec_targets,winprob,2019-22,80+,170,2.9598,0.739,0.0015,10.657,9.918,
1,touch,rec_targets,winprob,2023-25,all,12383,1.7182,-0.254,0.0001,3.854,4.108,
1,touch,rec_targets,winprob,2023-25,0-20,6800,1.2543,-0.476,0.0001,2.082,2.558,
1,touch,rec_targets,winprob,2023-25,20-40,3003,2.0644,-0.093,0.0002,4.659,4.752,
1,touch,rec_targets,winprob,2023-25,40-60,1792,2.4686,0.104,0.0003,6.914,6.81,
1,touch,rec_targets,winprob,2023-25,60-80,651,2.6107,0.244,0.0007,8.82,8.576,
1,touch,rec_targets,winprob,2023-25,80+,137,3.1011,0.189,0.0016,10.554,10.365,
1,touch,rec_yards,winprob,2017-18,all,7518,19.7057,-6.682,0.0006,26.37,33.052,
1,touch,rec_yards,winprob,2017-18,0-20,3641,13.9348,-7.533,0.0003,11.158,18.691,
1,touch,rec_yards,winprob,2017-18,20-40,2160,21.9587,-7.081,0.0012,29.208,36.289,
1,touch,rec_yards,winprob,2017-18,40-60,1183,27.6909,-3.232,0.0021,48.26,51.492,
1,touch,rec_yards,winprob,2017-18,60-80,469,31.7074,-7.876,0.004,67.977,75.853,
1,touch,rec_yards,winprob,2017-18,80+,65,36.1703,0.092,0.0131,85.615,85.523,
1,touch,rec_yards,winprob,2019-22,all,16076,19.1564,-6.311,0.0004,25.766,32.078,
1,touch,rec_yards,winprob,2019-22,0-20,8248,13.3101,-6.9,0.0002,10.95,17.85,
1,touch,rec_yards,winprob,2019-22,20-40,4172,21.0693,-5.556,0.0009,28.728,34.284,
1,touch,rec_yards,winprob,2019-22,40-60,2521,28.905,-6.5,0.0015,49.203,55.703,
1,touch,rec_yards,winprob,2019-22,60-80,965,32.2075,-4.758,0.0028,67.658,72.416,
1,touch,rec_yards,winprob,2019-22,80+,170,37.2078,-2.269,0.0084,86.607,88.876,
1,touch,rec_yards,winprob,2023-25,all,12383,18.1574,-6.125,0.0004,24.438,30.563,
1,touch,rec_yards,winprob,2023-25,0-20,6800,12.5982,-6.149,0.0002,10.711,16.86,
1,touch,rec_yards,winprob,2023-25,20-40,3003,21.2329,-6.565,0.0011,28.627,35.192,
1,touch,rec_yards,winprob,2023-25,40-60,1792,27.3115,-5.597,0.0016,49.18,54.777,
1,touch,rec_yards,winprob,2023-25,60-80,651,32.605,-5.48,0.0035,67.287,72.767,
1,touch,rec_yards,winprob,2023-25,80+,137,38.2862,-5.273,0.0091,86.662,91.934,
1,touch,rec_targets,quad,2017-18,all,7518,1.8774,-0.265,0.0007,4.19,4.455,
1,touch,rec_targets,quad,2017-18,0-20,3641,1.3956,-0.579,0.0005,2.179,2.758,
1,touch,rec_targets,quad,2017-18,20-40,2160,2.1792,-0.143,0.0012,4.824,4.967,
1,touch,rec_targets,quad,2017-18,40-60,1183,2.4191,0.281,0.0022,6.957,6.676,
1,touch,rec_targets,quad,2017-18,60-80,469,2.7136,0.138,0.0049,9.057,8.919,
1,touch,rec_targets,quad,2017-18,80+,65,2.9428,0.392,0.0248,10.284,9.892,
1,touch,rec_targets,quad,2019-22,all,16076,1.8292,-0.262,0.0005,4.039,4.301,
1,touch,rec_targets,quad,2019-22,0-20,8248,1.343,-0.529,0.0003,2.122,2.651,
1,touch,rec_targets,quad,2019-22,20-40,4172,2.0717,-0.089,0.001,4.686,4.774,
1,touch,rec_targets,quad,2019-22,40-60,2521,2.6072,0.021,0.0018,6.933,6.912,
1,touch,rec_targets,quad,2019-22,60-80,965,2.7047,0.371,0.0033,8.913,8.542,
1,touch,rec_targets,quad,2019-22,80+,170,2.9613,0.696,0.0111,10.614,9.918,
1,touch,rec_targets,quad,2023-25,all,12383,1.7183,-0.255,0.0005,3.853,4.108,
1,touch,rec_targets,quad,2023-25,0-20,6800,1.2541,-0.477,0.0003,2.081,2.558,
1,touch,rec_targets,quad,2023-25,20-40,3003,2.0642,-0.095,0.0011,4.657,4.752,
1,touch,rec_targets,quad,2023-25,40-60,1792,2.4687,0.105,0.0019,6.915,6.81,
1,touch,rec_targets,quad,2023-25,60-80,651,2.6129,0.248,0.0036,8.824,8.576,
1,touch,rec_targets,quad,2023-25,80+,137,3.1102,0.172,0.0104,10.537,10.365,
1,touch,rec_yards,quad,2017-18,all,7518,19.7056,-6.686,0.0035,26.366,33.052,
1,touch,rec_yards,quad,2017-18,0-20,3641,13.9343,-7.537,0.0018,11.154,18.691,
1,touch,rec_yards,quad,2017-18,20-40,2160,21.9552,-7.078,0.0068,29.212,36.289,
1,touch,rec_yards,quad,2017-18,40-60,1183,27.7097,-3.212,0.0111,48.28,51.492,
1,touch,rec_yards,quad,2017-18,60-80,469,31.711,-7.929,0.0268,67.924,75.853,
1,touch,rec_yards,quad,2017-18,80+,65,35.9367,-0.277,0.1421,85.246,85.523,
1,touch,rec_yards,quad,2019-22,all,16076,19.1587,-6.323,0.0025,25.755,32.078,
1,touch,rec_yards,quad,2019-22,0-20,8248,13.3109,-6.903,0.0013,10.947,17.85,
1,touch,rec_yards,quad,2019-22,20-40,4172,21.0726,-5.569,0.0057,28.715,34.284,
1,touch,rec_yards,quad,2019-22,40-60,2521,28.9078,-6.512,0.0092,49.191,55.703,
1,touch,rec_yards,quad,2019-22,60-80,965,32.2252,-4.794,0.0174,67.622,72.416,
1,touch,rec_yards,quad,2019-22,80+,170,37.1638,-2.502,0.063,86.374,88.876,
1,touch,rec_yards,quad,2023-25,all,12383,18.1584,-6.129,0.0025,24.433,30.563,
1,touch,rec_yards,quad,2023-25,0-20,6800,12.597,-6.152,0.0013,10.708,16.86,
1,touch,rec_yards,quad,2023-25,20-40,3003,21.2435,-6.574,0.0063,28.618,35.192,
1,touch,rec_yards,quad,2023-25,40-60,1792,27.2991,-5.598,0.0102,49.179,54.777,
1,touch,rec_yards,quad,2023-25,60-80,651,32.613,-5.459,0.0193,67.308,72.767,
1,touch,rec_yards,quad,2023-25,80+,137,38.325,-5.373,0.0583,86.561,91.934,
1,touch,rec_targets,pace_0.25,2017-18,all,7518,1.8751,-0.257,0.0013,4.198,4.455,
1,touch,rec_targets,pace_0.25,2017-18,0-20,3641,1.3947,-0.573,0.0009,2.185,2.758,
1,touch,rec_targets,pace_0.25,2017-18,20-40,2160,2.1742,-0.127,0.0025,4.84,4.967,
1,touch,rec_targets,pace_0.25,2017-18,40-60,1183,2.4187,0.284,0.0046,6.96,6.676,
1,touch,rec_targets,pace_0.25,2017-18,60-80,469,2.7025,0.127,0.0093,9.046,8.919,
1,touch,rec_targets,pace_0.25,2017-18,80+,65,2.9862,0.492,0.0339,10.384,9.892,
1,touch,rec_targets,pace_0.25,2019-22,all,16076,1.8264,-0.255,0.001,4.046,4.301,
1,touch,rec_targets,pace_0.25,2019-22,0-20,8248,1.3409,-0.518,0.0007,2.133,2.651,
1,touch,rec_targets,pace_0.25,2019-22,20-40,4172,2.0675,-0.078,0.0021,4.697,4.774,
1,touch,rec_targets,pace_0.25,2019-22,40-60,2521,2.6071,0.03,0.0039,6.941,6.912,
1,touch,rec_targets,pace_0.25,2019-22,60-80,965,2.7034,0.328,0.008,8.87,8.542,
1,touch,rec_targets,pace_0.25,2019-22,80+,170,2.9061,0.654,0.0198,10.572,9.918,
1,touch,rec_targets,pace_0.25,2023-25,all,12383,1.7142,-0.246,0.0011,3.862,4.108,
1,touch,rec_targets,pace_0.25,2023-25,0-20,6800,1.2527,-0.469,0.0007,2.088,2.558,
1,touch,rec_targets,pace_0.25,2023-25,20-40,3003,2.0597,-0.077,0.0024,4.675,4.752,
1,touch,rec_targets,pace_0.25,2023-25,40-60,1792,2.4591,0.117,0.0045,6.926,6.81,
1,touch,rec_targets,pace_0.25,2023-25,60-80,651,2.6024,0.215,0.0095,8.791,8.576,
1,touch,rec_targets,pace_0.25,2023-25,80+,137,3.0836,0.153,0.0263,10.518,10.365,
1,touch,rec_yards,pace_0.25,2017-18,all,7518,19.7065,-6.643,0.0068,26.41,33.052,
1,touch,rec_yards,pace_0.25,2017-18,0-20,3641,13.929,-7.512,0.0035,11.179,18.691,
1,touch,rec_yards,pace_0.25,2017-18,20-40,2160,21.9794,-6.984,0.0146,29.306,36.289,
1,touch,rec_yards,pace_0.25,2017-18,40-60,1183,27.6893,-3.193,0.0239,48.299,51.492,
1,touch,rec_yards,pace_0.25,2017-18,60-80,469,31.6792,-7.983,0.0477,67.87,75.853,
1,touch,rec_yards,pace_0.25,2017-18,80+,65,36.1306,0.29,0.1835,85.813,85.523,
1,touch,rec_yards,pace_0.25,2019-22,all,16076,19.1543,-6.278,0.0057,25.799,32.078,
1,touch,rec_yards,pace_0.25,2019-22,0-20,8248,13.3033,-6.855,0.0031,10.995,17.85,
1,touch,rec_yards,pace_0.25,2019-22,20-40,4172,21.0601,-5.484,0.0128,28.8,34.284,
1,touch,rec_yards,pace_0.25,2019-22,40-60,2521,28.9199,-6.437,0.0212,49.266,55.703,
1,touch,rec_yards,pace_0.25,2019-22,60-80,965,32.2362,-4.989,0.0415,67.427,72.416,
1,touch,rec_yards,pace_0.25,2019-22,80+,170,37.1898,-2.742,0.1128,86.134,88.876,
1,touch,rec_yards,pace_0.25,2023-25,all,12383,18.1419,-6.076,0.006,24.487,30.563,
1,touch,rec_yards,pace_0.25,2023-25,0-20,6800,12.5975,-6.122,0.0029,10.738,16.86,
1,touch,rec_yards,pace_0.25,2023-25,20-40,3003,21.1968,-6.449,0.0145,28.743,35.192,
1,touch,rec_yards,pace_0.25,2023-25,40-60,1792,27.2757,-5.506,0.0239,49.271,54.777,
1,touch,rec_yards,pace_0.25,2023-25,60-80,651,32.5491,-5.588,0.0504,67.179,72.767,
1,touch,rec_yards,pace_0.25,2023-25,80+,137,38.4399,-5.407,0.144,86.528,91.934,
1,touch,rec_targets,pace_0.5,2017-18,all,7518,1.8751,-0.256,0.0025,4.199,4.455,
1,touch,rec_targets,pace_0.5,2017-18,0-20,3641,1.3948,-0.571,0.0018,2.187,2.758,
1,touch,rec_targets,pace_0.5,2017-18,20-40,2160,2.172,-0.119,0.0049,4.848,4.967,
1,touch,rec_targets,pace_0.5,2017-18,40-60,1183,2.4256,0.28,0.0089,6.956,6.676,
1,touch,rec_targets,pace_0.5,2017-18,60-80,469,2.6932,0.093,0.0183,9.012,8.919,
1,touch,rec_targets,pace_0.5,2017-18,80+,65,2.9939,0.515,0.0674,10.408,9.892,
1,touch,rec_targets,pace_0.5,2019-22,all,16076,1.8275,-0.257,0.0021,4.044,4.301,
1,touch,rec_targets,pace_0.5,2019-22,0-20,8248,1.3414,-0.512,0.0015,2.139,2.651,
1,touch,rec_targets,pace_0.5,2019-22,20-40,4172,2.0668,-0.076,0.0041,4.698,4.774,
1,touch,rec_targets,pace_0.5,2019-22,40-60,2521,2.6136,0.025,0.0077,6.937,6.912,
1,touch,rec_targets,pace_0.5,2019-22,60-80,965,2.7104,0.266,0.0157,8.808,8.542,
1,touch,rec_targets,pace_0.5,2019-22,80+,170,2.8651,0.554,0.0395,10.472,9.918,
1,touch,rec_targets,pace_0.5,2023-25,all,12383,1.7146,-0.245,0.0022,3.863,4.108,
1,touch,rec_targets,pace_0.5,2023-25,0-20,6800,1.2531,-0.465,0.0015,2.092,2.558,
1,touch,rec_targets,pace_0.5,2023-25,20-40,3003,2.06,-0.068,0.0047,4.684,4.752,
1,touch,rec_targets,pace_0.5,2023-25,40-60,1792,2.4585,0.118,0.0088,6.928,6.81,
1,touch,rec_targets,pace_0.5,2023-25,60-80,651,2.6066,0.174,0.0184,8.75,8.576,
1,touch,rec_targets,pace_0.5,2023-25,80+,137,3.0795,0.103,0.0515,10.468,10.365,
1,touch,rec_yards,pace_0.5,2017-18,all,7518,19.7162,-6.638,0.0135,26.414,33.052,
1,touch,rec_yards,pace_0.5,2017-18,0-20,3641,13.928,-7.503,0.0071,11.188,18.691,
1,touch,rec_yards,pace_0.5,2017-18,20-40,2160,22.0142,-6.933,0.0289,29.357,36.289,
1,touch,rec_yards,pace_0.5,2017-18,40-60,1183,27.6974,-3.223,0.0474,48.269,51.492,
1,touch,rec_yards,pace_0.5,2017-18,60-80,469,31.6667,-8.158,0.0952,67.695,75.853,
1,touch,rec_yards,pace_0.5,2017-18,80+,65,36.0926,0.422,0.367,85.945,85.523,
1,touch,rec_yards,pace_0.5,2019-22,all,16076,19.1636,-6.282,0.0113,25.795,32.078,
1,touch,rec_yards,pace_0.5,2019-22,0-20,8248,13.301,-6.823,0.0061,11.027,17.85,
1,touch,rec_yards,pace_0.5,2019-22,20-40,4172,21.0688,-5.462,0.0253,28.822,34.284,
1,touch,rec_yards,pace_0.5,2019-22,40-60,2521,28.952,-6.451,0.0419,49.252,55.703,
1,touch,rec_yards,pace_0.5,2019-22,60-80,965,32.2893,-5.289,0.0831,67.127,72.416,
1,touch,rec_yards,pace_0.5,2019-22,80+,170,37.1809,-3.294,0.2257,85.582,88.876,
1,touch,rec_yards,pace_0.5,2023-25,all,12383,18.1387,-6.061,0.0119,24.502,30.563,
1,touch,rec_yards,pace_0.5,2023-25,0-20,6800,12.5997,-6.106,0.0058,10.754,16.86,
1,touch,rec_yards,pace_0.5,2023-25,20-40,3003,21.1822,-6.379,0.0284,28.813,35.192,
1,touch,rec_yards,pace_0.5,2023-25,40-60,1792,27.2623,-5.491,0.0471,49.286,54.777,
1,touch,rec_yards,pace_0.5,2023-25,60-80,651,32.5328,-5.775,0.098,66.992,72.767,
1,touch,rec_yards,pace_0.5,2023-25,80+,137,38.6199,-5.633,0.2864,86.302,91.934,
1,active,rec_targets,base,2017-18,all,9239,1.8427,0.104,0.0,3.73,3.625,the live line
1,active,rec_targets,base,2017-18,0-20,5331,1.4294,0.068,0.0,1.995,1.927,
1,active,rec_targets,base,2017-18,20-40,2256,2.2903,0.049,0.0,4.886,4.837,
1,active,rec_targets,base,2017-18,40-60,1157,2.4924,0.309,0.0,7.084,6.775,
1,active,rec_targets,base,2017-18,60-80,440,2.6759,0.246,0.0,9.164,8.918,
1,active,rec_targets,base,2017-18,80+,55,3.2231,0.418,0.0,10.382,9.964,
1,active,rec_targets,base,2019-22,all,20298,1.778,0.128,0.0,3.534,3.406,the live line
1,active,rec_targets,base,2019-22,0-20,12424,1.3734,0.112,0.0,1.917,1.805,
1,active,rec_targets,base,2019-22,20-40,4354,2.1884,0.109,0.0,4.769,4.66,
1,active,rec_targets,base,2019-22,40-60,2502,2.6614,0.116,0.0,7.058,6.942,
1,active,rec_targets,base,2019-22,60-80,886,2.77,0.387,0.0,9.104,8.717,
1,active,rec_targets,base,2019-22,80+,132,2.9168,0.77,0.0,10.8,10.03,
1,active,rec_targets,base,2023-25,all,15966,1.6507,0.126,0.0,3.312,3.186,the live line
1,active,rec_targets,base,2023-25,0-20,10381,1.2753,0.124,0.0,1.842,1.718,
1,active,rec_targets,base,2023-25,20-40,3097,2.1654,0.066,0.0,4.736,4.67,
1,active,rec_targets,base,2023-25,40-60,1803,2.5106,0.16,0.0,7.047,6.887,
1,active,rec_targets,base,2023-25,60-80,572,2.7204,0.258,0.0,9.031,8.773,
1,active,rec_targets,base,2023-25,80+,113,2.893,0.668,0.0,10.686,10.018,
1,active,rec_yards,base,2017-18,all,9239,17.6243,-4.271,0.0,22.624,26.895,the live line
1,active,rec_yards,base,2017-18,0-20,5331,11.9423,-3.121,0.0,9.936,13.057,
1,active,rec_yards,base,2017-18,20-40,2256,22.4561,-6.38,0.0,29.145,35.524,
1,active,rec_yards,base,2017-18,40-60,1157,27.929,-4.02,0.0,48.192,52.212,
1,active,rec_yards,base,2017-18,60-80,440,31.6587,-8.368,0.0,67.894,76.261,
1,active,rec_yards,base,2017-18,80+,55,41.1262,-1.825,0.0,84.939,86.764,
1,active,rec_yards,base,2019-22,all,20298,16.8346,-3.771,0.0,21.634,25.405,the live line
1,active,rec_yards,base,2019-22,0-20,12424,11.317,-2.564,0.0,9.614,12.177,
1,active,rec_yards,base,2019-22,20-40,4354,21.5406,-4.882,0.0,28.764,33.646,
1,active,rec_yards,base,2019-22,40-60,2502,29.3289,-7.129,0.0,49.174,56.303,
1,active,rec_yards,base,2019-22,60-80,886,32.616,-5.908,0.0,67.714,73.622,
1,active,rec_yards,base,2019-22,80+,132,38.173,-2.74,0.0,86.609,89.348,
1,active,rec_yards,base,2023-25,all,15966,15.6969,-3.581,0.0,20.123,23.704,the live line
1,active,rec_yards,base,2023-25,0-20,10381,10.5672,-2.11,0.0,9.21,11.32,
1,active,rec_yards,base,2023-25,20-40,3097,21.7451,-6.345,0.0,28.622,34.967,
1,active,rec_yards,base,2023-25,40-60,1803,27.9586,-6.405,0.0,49.208,55.613,
1,active,rec_yards,base,2023-25,60-80,572,33.0499,-6.26,0.0,67.46,73.72,
1,active,rec_yards,base,2023-25,80+,113,37.7046,-4.32,0.0,86.06,90.381,
1,active,rec_targets,refit,2017-18,all,9239,1.8419,0.098,0.0001,3.724,3.625,
1,active,rec_targets,refit,2017-18,0-20,5331,1.4288,0.065,0.0001,1.992,1.927,
1,active,rec_targets,refit,2017-18,20-40,2256,2.2893,0.041,0.0002,4.878,4.837,
1,active,rec_targets,refit,2017-18,40-60,1157,2.4906,0.297,0.0004,7.073,6.775,
1,active,rec_targets,refit,2017-18,60-80,440,2.6756,0.232,0.0008,9.15,8.918,
1,active,rec_targets,refit,2017-18,80+,55,3.2193,0.404,0.0023,10.368,9.964,
1,active,rec_targets,refit,2019-22,all,20298,1.7771,0.122,0.0001,3.528,3.406,
1,active,rec_targets,refit,2019-22,0-20,12424,1.3726,0.109,0.0,1.914,1.805,
1,active,rec_targets,refit,2019-22,20-40,4354,2.1876,0.101,0.0001,4.761,4.66,
1,active,rec_targets,refit,2019-22,40-60,2502,2.6604,0.105,0.0003,7.047,6.942,
1,active,rec_targets,refit,2019-22,60-80,886,2.7681,0.374,0.0005,9.091,8.717,
1,active,rec_targets,refit,2019-22,80+,132,2.9146,0.755,0.0016,10.785,10.03,
1,active,rec_targets,refit,2023-25,all,15966,1.6499,0.12,0.0001,3.306,3.186,
1,active,rec_targets,refit,2023-25,0-20,10381,1.2747,0.121,0.0,1.84,1.718,
1,active,rec_targets,refit,2023-25,20-40,3097,2.1645,0.059,0.0002,4.729,4.67,
1,active,rec_targets,refit,2023-25,40-60,1803,2.5095,0.149,0.0003,7.036,6.887,
1,active,rec_targets,refit,2023-25,60-80,572,2.7184,0.244,0.0007,9.017,8.773,
1,active,rec_targets,refit,2023-25,80+,113,2.8905,0.653,0.0017,10.671,10.018,
1,active,rec_yards,refit,2017-18,all,9239,17.6232,-4.3,0.0004,22.596,26.895,
1,active,rec_yards,refit,2017-18,0-20,5331,11.9406,-3.132,0.0002,9.925,13.057,
1,active,rec_yards,refit,2017-18,20-40,2256,22.4557,-6.424,0.0011,29.1,35.524,
1,active,rec_yards,refit,2017-18,40-60,1157,27.9266,-4.076,0.0019,48.135,52.212,
1,active,rec_yards,refit,2017-18,60-80,440,31.6628,-8.439,0.004,67.823,76.261,
1,active,rec_yards,refit,2017-18,80+,55,41.1319,-1.9,0.0131,84.863,86.764,
1,active,rec_yards,refit,2019-22,all,20298,16.8332,-3.799,0.0003,21.607,25.405,
1,active,rec_yards,refit,2019-22,0-20,12424,11.3151,-2.575,0.0001,9.602,12.177,
1,active,rec_yards,refit,2019-22,20-40,4354,21.5391,-4.927,0.0008,28.718,33.646,
1,active,rec_yards,refit,2019-22,40-60,2502,29.3296,-7.188,0.0014,49.115,56.303,
1,active,rec_yards,refit,2019-22,60-80,886,32.6166,-5.977,0.0028,67.645,73.622,
1,active,rec_yards,refit,2019-22,80+,132,38.1715,-2.823,0.0087,86.526,89.348,
1,active,rec_yards,refit,2023-25,all,15966,15.6959,-3.605,0.0003,20.098,23.704,
1,active,rec_yards,refit,2023-25,0-20,10381,10.5653,-2.12,0.0001,9.2,11.32,
1,active,rec_yards,refit,2023-25,20-40,3097,21.7452,-6.389,0.0009,28.579,34.967,
1,active,rec_yards,refit,2023-25,40-60,1803,27.9602,-6.461,0.0016,49.152,55.613,
1,active,rec_yards,refit,2023-25,60-80,572,33.0497,-6.332,0.0035,67.389,73.72,
1,active,rec_yards,refit,2023-25,80+,113,37.7029,-4.405,0.0097,85.975,90.381,
1,active,rec_targets,winprob,2017-18,all,9239,1.8419,0.098,0.0001,3.724,3.625,
1,active,rec_targets,winprob,2017-18,0-20,5331,1.4288,0.065,0.0001,1.992,1.927,
1,active,rec_targets,winprob,2017-18,20-40,2256,2.2893,0.041,0.0002,4.878,4.837,
1,active,rec_targets,winprob,2017-18,40-60,1157,2.4905,0.297,0.0004,7.072,6.775,
1,active,rec_targets,winprob,2017-18,60-80,440,2.6757,0.233,0.0008,9.151,8.918,
1,active,rec_targets,winprob,2017-18,80+,55,3.2196,0.405,0.0027,10.368,9.964,
1,active,rec_targets,winprob,2019-22,all,20298,1.7771,0.122,0.0001,3.528,3.406,
1,active,rec_targets,winprob,2019-22,0-20,12424,1.3726,0.109,0.0,1.914,1.805,
1,active,rec_targets,winprob,2019-22,20-40,4354,2.1876,0.101,0.0002,4.761,4.66,
1,active,rec_targets,winprob,2019-22,40-60,2502,2.6604,0.105,0.0003,7.047,6.942,
1,active,rec_targets,winprob,2019-22,60-80,886,2.768,0.374,0.0006,9.091,8.717,
1,active,rec_targets,winprob,2019-22,80+,132,2.914,0.755,0.0017,10.786,10.03,
1,active,rec_targets,winprob,2023-25,all,15966,1.6499,0.12,0.0001,3.306,3.186,
1,active,rec_targets,winprob,2023-25,0-20,10381,1.2747,0.121,0.0,1.84,1.718,
1,active,rec_targets,winprob,2023-25,20-40,3097,2.1645,0.059,0.0002,4.729,4.67,
1,active,rec_targets,winprob,2023-25,40-60,1803,2.5095,0.149,0.0003,7.036,6.887,
1,active,rec_targets,winprob,2023-25,60-80,572,2.7183,0.244,0.0007,9.017,8.773,
1,active,rec_targets,winprob,2023-25,80+,113,2.8902,0.654,0.0018,10.671,10.018,
1,active,rec_yards,winprob,2017-18,all,9239,17.6231,-4.3,0.0005,22.596,26.895,
1,active,rec_yards,winprob,2017-18,0-20,5331,11.9406,-3.132,0.0002,9.925,13.057,
1,active,rec_yards,winprob,2017-18,20-40,2256,22.4554,-6.424,0.0012,29.1,35.524,
1,active,rec_yards,winprob,2017-18,40-60,1157,27.9261,-4.077,0.0021,48.134,52.212,
1,active,rec_yards,winprob,2017-18,60-80,440,31.6629,-8.436,0.0042,67.825,76.261,
1,active,rec_yards,winprob,2017-18,80+,55,41.1342,-1.897,0.0148,84.866,86.764,
1,active,rec_yards,winprob,2019-22,all,20298,16.833,-3.798,0.0003,21.607,25.405,
1,active,rec_yards,winprob,2019-22,0-20,12424,11.315,-2.575,0.0002,9.602,12.177,
1,active,rec_yards,winprob,2019-22,20-40,4354,21.539,-4.927,0.0009,28.718,33.646,
1,active,rec_yards,winprob,2019-22,40-60,2502,29.3296,-7.187,0.0015,49.116,56.303,
1,active,rec_yards,winprob,2019-22,60-80,886,32.6156,-5.976,0.003,67.646,73.622,
1,active,rec_yards,winprob,2019-22,80+,132,38.1717,-2.819,0.0097,86.529,89.348,
1,active,rec_yards,winprob,2023-25,all,15966,15.6957,-3.605,0.0003,20.099,23.704,
1,active,rec_yards,winprob,2023-25,0-20,10381,10.5653,-2.12,0.0002,9.2,11.32,
1,active,rec_yards,winprob,2023-25,20-40,3097,21.7447,-6.388,0.001,28.579,34.967,
1,active,rec_yards,winprob,2023-25,40-60,1803,27.96,-6.461,0.0016,49.152,55.613,
1,active,rec_yards,winprob,2023-25,60-80,572,33.0489,-6.331,0.0037,67.389,73.72,
1,active,rec_yards,winprob,2023-25,80+,113,37.704,-4.401,0.01,85.98,90.381,
1,active,rec_targets,quad,2017-18,all,9239,1.8412,0.098,0.0005,3.723,3.625,
1,active,rec_targets,quad,2017-18,0-20,5331,1.4285,0.064,0.0004,1.991,1.927,
1,active,rec_targets,quad,2017-18,20-40,2256,2.2894,0.042,0.0012,4.879,4.837,
1,active,rec_targets,quad,2017-18,40-60,1157,2.4912,0.302,0.0022,7.077,6.775,
1,active,rec_targets,quad,2017-18,60-80,440,2.6673,0.219,0.0053,9.137,8.918,
1,active,rec_targets,quad,2017-18,80+,55,3.1755,0.339,0.028,10.303,9.964,
1,active,rec_targets,quad,2019-22,all,20298,1.7764,0.12,0.0004,3.527,3.406,
1,active,rec_targets,quad,2019-22,0-20,12424,1.3726,0.108,0.0002,1.913,1.805,
1,active,rec_targets,quad,2019-22,20-40,4354,2.1865,0.098,0.0009,4.759,4.66,
1,active,rec_targets,quad,2019-22,40-60,2502,2.6568,0.103,0.0018,7.045,6.942,
1,active,rec_targets,quad,2019-22,60-80,886,2.7658,0.368,0.0034,9.085,8.717,
1,active,rec_targets,quad,2019-22,80+,132,2.9217,0.708,0.013,10.738,10.03,
1,active,rec_targets,quad,2023-25,all,15966,1.6499,0.12,0.0004,3.306,3.186,
1,active,rec_targets,quad,2023-25,0-20,10381,1.2745,0.121,0.0003,1.839,1.718,
1,active,rec_targets,quad,2023-25,20-40,3097,2.1642,0.056,0.0011,4.726,4.67,
1,active,rec_targets,quad,2023-25,40-60,1803,2.5098,0.15,0.0019,7.036,6.887,
1,active,rec_targets,quad,2023-25,60-80,572,2.7174,0.249,0.0038,9.021,8.773,
1,active,rec_targets,quad,2023-25,80+,113,2.9088,0.627,0.012,10.644,10.018,
1,active,rec_yards,quad,2017-18,all,9239,17.623,-4.304,0.0028,22.592,26.895,
1,active,rec_yards,quad,2017-18,0-20,5331,11.9404,-3.136,0.0014,9.922,13.057,
1,active,rec_yards,quad,2017-18,20-40,2256,22.4516,-6.421,0.0066,29.103,35.524,
1,active,rec_yards,quad,2017-18,40-60,1157,27.942,-4.053,0.0112,48.158,52.212,
1,active,rec_yards,quad,2017-18,60-80,440,31.6676,-8.514,0.0288,67.747,76.261,
1,active,rec_yards,quad,2017-18,80+,55,40.9236,-2.271,0.1632,84.492,86.764,
1,active,rec_yards,quad,2019-22,all,20298,16.8345,-3.808,0.002,21.598,25.405,
1,active,rec_yards,quad,2019-22,0-20,12424,11.3148,-2.578,0.001,9.599,12.177,
1,active,rec_yards,quad,2019-22,20-40,4354,21.5412,-4.94,0.0055,28.706,33.646,
1,active,rec_yards,quad,2019-22,40-60,2502,29.3306,-7.201,0.0093,49.102,56.303,
1,active,rec_yards,quad,2019-22,60-80,886,32.6403,-6.015,0.0181,67.607,73.622,
1,active,rec_yards,quad,2019-22,80+,132,38.158,-3.072,0.0737,86.277,89.348,
1,active,rec_yards,quad,2023-25,all,15966,15.6962,-3.609,0.002,20.095,23.704,
1,active,rec_yards,quad,2023-25,0-20,10381,10.5645,-2.122,0.001,9.198,11.32,
1,active,rec_yards,quad,2023-25,20-40,3097,21.7552,-6.398,0.0061,28.569,34.967,
1,active,rec_yards,quad,2023-25,40-60,1803,27.9504,-6.462,0.0101,49.151,55.613,
1,active,rec_yards,quad,2023-25,60-80,572,33.0305,-6.304,0.0196,67.416,73.72,
1,active,rec_yards,quad,2023-25,80+,113,37.7975,-4.555,0.0672,85.826,90.381,
1,active,rec_targets,pace_0.25,2017-18,all,9239,1.8402,0.105,0.0011,3.731,3.625,
1,active,rec_targets,pace_0.25,2017-18,0-20,5331,1.4292,0.07,0.0007,1.997,1.927,
1,active,rec_targets,pace_0.25,2017-18,20-40,2256,2.2846,0.057,0.0024,4.894,4.837,
1,active,rec_targets,pace_0.25,2017-18,40-60,1157,2.4894,0.302,0.0047,7.077,6.775,
1,active,rec_targets,pace_0.25,2017-18,60-80,440,2.6618,0.214,0.0098,9.132,8.918,
1,active,rec_targets,pace_0.25,2017-18,80+,55,3.226,0.464,0.0373,10.428,9.964,
1,active,rec_targets,pace_0.25,2019-22,all,20298,1.7753,0.127,0.0008,3.533,3.406,
1,active,rec_targets,pace_0.25,2019-22,0-20,12424,1.3731,0.117,0.0006,1.923,1.805,
1,active,rec_targets,pace_0.25,2019-22,20-40,4354,2.1832,0.109,0.0021,4.769,4.66,
1,active,rec_targets,pace_0.25,2019-22,40-60,2502,2.6554,0.112,0.004,7.054,6.942,
1,active,rec_targets,pace_0.25,2019-22,60-80,886,2.7653,0.314,0.0084,9.031,8.717,
1,active,rec_targets,pace_0.25,2019-22,80+,132,2.8519,0.673,0.022,10.704,10.03,
1,active,rec_targets,pace_0.25,2023-25,all,15966,1.6477,0.127,0.0009,3.313,3.186,
1,active,rec_targets,pace_0.25,2023-25,0-20,10381,1.2749,0.127,0.0006,1.845,1.718,
1,active,rec_targets,pace_0.25,2023-25,20-40,3097,2.1601,0.076,0.0024,4.746,4.67,
1,active,rec_targets,pace_0.25,2023-25,40-60,1803,2.5,0.161,0.0046,7.048,6.887,
1,active,rec_targets,pace_0.25,2023-25,60-80,572,2.7109,0.207,0.0102,8.98,8.773,
1,active,rec_targets,pace_0.25,2023-25,80+,113,2.8693,0.611,0.0301,10.629,10.018,
1,active,rec_yards,pace_0.25,2017-18,all,9239,17.6248,-4.268,0.0055,22.628,26.895,
1,active,rec_yards,pace_0.25,2017-18,0-20,5331,11.9416,-3.115,0.0026,9.943,13.057,
1,active,rec_yards,pace_0.25,2017-18,20-40,2256,22.4696,-6.337,0.0141,29.188,35.524,
1,active,rec_yards,pace_0.25,2017-18,40-60,1157,27.9257,-4.053,0.0237,48.159,52.212,
1,active,rec_yards,pace_0.25,2017-18,60-80,440,31.6325,-8.533,0.0501,67.728,76.261,
1,active,rec_yards,pace_0.25,2017-18,80+,55,41.0013,-1.57,0.2011,85.193,86.764,
1,active,rec_yards,pace_0.25,2019-22,all,20298,16.8349,-3.773,0.0045,21.632,25.405,
1,active,rec_yards,pace_0.25,2019-22,0-20,12424,11.316,-2.541,0.0022,9.637,12.177,
1,active,rec_yards,pace_0.25,2019-22,20-40,4354,21.5342,-4.869,0.0124,28.777,33.646,
1,active,rec_yards,pace_0.25,2019-22,40-60,2502,29.3329,-7.129,0.021,49.174,56.303,
1,active,rec_yards,pace_0.25,2019-22,60-80,886,32.6554,-6.269,0.044,67.353,73.622,
1,active,rec_yards,pace_0.25,2019-22,80+,132,38.186,-3.295,0.1296,86.054,89.348,
1,active,rec_yards,pace_0.25,2023-25,all,15966,15.6864,-3.568,0.0046,20.136,23.704,
1,active,rec_yards,pace_0.25,2023-25,0-20,10381,10.569,-2.1,0.0021,9.22,11.32,
1,active,rec_yards,pace_0.25,2023-25,20-40,3097,21.71,-6.277,0.014,28.69,34.967,
1,active,rec_yards,pace_0.25,2023-25,40-60,1803,27.9238,-6.375,0.0236,49.238,55.613,
1,active,rec_yards,pace_0.25,2023-25,60-80,572,33.0039,-6.49,0.0517,67.23,73.72,
1,active,rec_yards,pace_0.25,2023-25,80+,113,37.8049,-4.576,0.1639,85.805,90.381,
1,active,rec_targets,pace_0.5,2017-18,all,9239,1.8406,0.106,0.0021,3.731,3.625,
1,active,rec_targets,pace_0.5,2017-18,0-20,5331,1.4298,0.072,0.0014,1.999,1.927,
1,active,rec_targets,pace_0.5,2017-18,20-40,2256,2.2831,0.064,0.0048,4.901,4.837,
1,active,rec_targets,pace_0.5,2017-18,40-60,1157,2.4938,0.295,0.0093,7.07,6.775,
1,active,rec_targets,pace_0.5,2017-18,60-80,440,2.6582,0.182,0.0193,9.1,8.918,
1,active,rec_targets,pace_0.5,2017-18,80+,55,3.2288,0.51,0.0746,10.473,9.964,
1,active,rec_targets,pace_0.5,2019-22,all,20298,1.7765,0.126,0.0017,3.532,3.406,
1,active,rec_targets,pace_0.5,2019-22,0-20,12424,1.3741,0.123,0.0011,1.928,1.805,
1,active,rec_targets,pace_0.5,2019-22,20-40,4354,2.1829,0.109,0.0041,4.769,4.66,
1,active,rec_targets,pace_0.5,2019-22,40-60,2502,2.6604,0.108,0.0079,7.05,6.942,
1,active,rec_targets,pace_0.5,2019-22,60-80,886,2.7726,0.241,0.0166,8.958,8.717,
1,active,rec_targets,pace_0.5,2019-22,80+,132,2.8066,0.577,0.0439,10.607,10.03,
1,active,rec_targets,pace_0.5,2023-25,all,15966,1.6485,0.129,0.0017,3.315,3.186,
1,active,rec_targets,pace_0.5,2023-25,0-20,10381,1.2759,0.13,0.0011,1.848,1.718,
1,active,rec_targets,pace_0.5,2023-25,20-40,3097,2.1607,0.085,0.0047,4.755,4.67,
1,active,rec_targets,pace_0.5,2023-25,40-60,1803,2.4992,0.163,0.009,7.05,6.887,
1,active,rec_targets,pace_0.5,2023-25,60-80,572,2.7155,0.157,0.0197,8.93,8.773,
1,active,rec_targets,pace_0.5,2023-25,80+,113,2.8615,0.554,0.0588,10.572,10.018,
1,active,rec_yards,pace_0.5,2017-18,all,9239,17.6322,-4.265,0.0109,22.631,26.895,
1,active,rec_yards,pace_0.5,2017-18,0-20,5331,11.9428,-3.107,0.0053,9.951,13.057,
1,active,rec_yards,pace_0.5,2017-18,20-40,2256,22.4959,-6.296,0.0279,29.229,35.524,
1,active,rec_yards,pace_0.5,2017-18,40-60,1157,27.9318,-4.096,0.0472,48.116,52.212,
1,active,rec_yards,pace_0.5,2017-18,60-80,440,31.6392,-8.699,0.0997,67.563,76.261,
1,active,rec_yards,pace_0.5,2017-18,80+,55,40.8761,-1.314,0.4023,85.449,86.764,
1,active,rec_yards,pace_0.5,2019-22,all,20298,16.8442,-3.777,0.0089,21.628,25.405,
1,active,rec_yards,pace_0.5,2019-22,0-20,12424,11.3174,-2.516,0.0044,9.661,12.177,
1,active,rec_yards,pace_0.5,2019-22,20-40,4354,21.547,-4.858,0.0246,28.788,33.646,
1,active,rec_yards,pace_0.5,2019-22,40-60,2502,29.3577,-7.142,0.0415,49.161,56.303,
1,active,rec_yards,pace_0.5,2019-22,60-80,886,32.714,-6.631,0.0875,66.991,73.622,
1,active,rec_yards,pace_0.5,2019-22,80+,132,38.2072,-3.848,0.2582,85.501,89.348,
1,active,rec_yards,pace_0.5,2023-25,all,15966,15.6858,-3.556,0.0091,20.148,23.704,
1,active,rec_yards,pace_0.5,2023-25,0-20,10381,10.5725,-2.09,0.0042,9.23,11.32,
1,active,rec_yards,pace_0.5,2023-25,20-40,3097,21.6943,-6.209,0.0277,28.758,34.967,
1,active,rec_yards,pace_0.5,2023-25,40-60,1803,27.9182,-6.358,0.0467,49.255,55.613,
1,active,rec_yards,pace_0.5,2023-25,60-80,572,32.9917,-6.724,0.103,66.996,73.72,
1,active,rec_yards,pace_0.5,2023-25,80+,113,37.9767,-4.83,0.3247,85.551,90.381,
1,touch,rush_carries,base,2017-18,all,3497,3.1066,-0.342,0.0,7.055,7.397,the live line
1,touch,rush_carries,base,2017-18,0-20,1672,1.8556,-0.8,0.0,2.607,3.407,
1,touch,rush_carries,base,2017-18,20-40,874,3.7375,-0.007,0.0,7.52,7.527,
1,touch,rush_carries,base,2017-18,40-60,644,4.6289,-0.074,0.0,13.022,13.096,
1,touch,rush_carries,base,2017-18,60-80,257,4.7367,0.648,0.0,16.741,16.093,
1,touch,rush_carries,base,2017-18,80+,50,5.927,0.579,0.0,21.039,20.46,
1,touch,rush_carries,base,2019-22,all,7778,2.9828,-0.451,0.0,6.653,7.104,the live line
1,touch,rush_carries,base,2019-22,0-20,3990,1.8296,-0.813,0.0,2.407,3.22,
1,touch,rush_carries,base,2019-22,20-40,1805,3.8048,-0.265,0.0,7.62,7.885,
1,touch,rush_carries,base,2019-22,40-60,1315,4.4493,0.01,0.0,12.738,12.729,
1,touch,rush_carries,base,2019-22,60-80,557,4.7146,0.297,0.0,16.634,16.338,
1,touch,rush_carries,base,2019-22,80+,111,5.006,0.315,0.0,21.36,21.045,
1,touch,rush_carries,base,2023-25,all,6196,2.8765,-0.325,0.0,6.727,7.052,the live line
1,touch,rush_carries,base,2023-25,0-20,3157,1.8002,-0.773,0.0,2.423,3.196,
1,touch,rush_carries,base,2023-25,20-40,1420,3.4745,0.101,0.0,7.39,7.289,
1,touch,rush_carries,base,2023-25,40-60,1069,4.3678,0.027,0.0,13.15,13.123,
1,touch,rush_carries,base,2023-25,60-80,468,4.5712,0.301,0.0,16.729,16.427,
1,touch,rush_carries,base,2023-25,80+,82,4.8414,1.406,0.0,20.114,18.707,
1,touch,rush_yards,base,2017-18,all,3497,18.0799,-4.448,0.0,26.79,31.238,the live line
1,touch,rush_yards,base,2017-18,0-20,1672,11.102,-4.695,0.0,9.411,14.106,
1,touch,rush_yards,base,2017-18,20-40,874,20.485,-4.811,0.0,28.109,32.92,
1,touch,rush_yards,base,2017-18,40-60,644,26.3268,-4.648,0.0,48.989,53.637,
1,touch,rush_yards,base,2017-18,60-80,257,31.6661,-3.142,0.0,67.944,71.086,
1,touch,rush_yards,base,2017-18,80+,50,33.3275,6.037,0.0,87.477,81.44,
1,touch,rush_yards,base,2019-22,all,7778,17.7805,-5.223,0.0,25.871,31.095,the live line
1,touch,rush_yards,base,2019-22,0-20,3990,10.6251,-4.467,0.0,8.769,13.236,
1,touch,rush_yards,base,2019-22,20-40,1805,21.4432,-5.255,0.0,29.679,34.934,
1,touch,rush_yards,base,2019-22,40-60,1315,27.4898,-7.58,0.0,49.466,57.046,
1,touch,rush_yards,base,2019-22,60-80,557,30.42,-4.235,0.0,67.704,71.939,
1,touch,rush_yards,base,2019-22,80+,111,36.9752,-8.95,0.0,89.284,98.234,
1,touch,rush_yards,base,2023-25,all,6196,17.0413,-4.687,0.0,25.872,30.559,the live line
1,touch,rush_yards,base,2023-25,0-20,3157,10.746,-4.806,0.0,8.768,13.574,
1,touch,rush_yards,base,2023-25,20-40,1420,18.9071,-3.349,0.0,28.327,31.676,
1,touch,rush_yards,base,2023-25,40-60,1069,26.0651,-6.457,0.0,50.105,56.562,
1,touch,rush_yards,base,2023-25,60-80,468,29.925,-4.328,0.0,67.686,72.015,
1,touch,rush_yards,base,2023-25,80+,82,35.9275,-2.24,0.0,87.272,89.512,
1,touch,rush_carries,refit,2017-18,all,3497,3.1083,-0.323,0.0014,7.075,7.397,
1,touch,rush_carries,refit,2017-18,0-20,1672,1.8549,-0.792,0.0007,2.614,3.407,
1,touch,rush_carries,refit,2017-18,20-40,874,3.7402,0.013,0.0022,7.54,7.527,
1,touch,rush_carries,refit,2017-18,40-60,644,4.6341,-0.05,0.0046,13.046,13.096,
1,touch,rush_carries,refit,2017-18,60-80,257,4.7383,0.705,0.0108,16.798,16.093,
1,touch,rush_carries,refit,2017-18,80+,50,5.9423,0.732,0.0287,21.192,20.46,
1,touch,rush_carries,refit,2019-22,all,7778,2.9869,-0.431,0.0009,6.673,7.104,
1,touch,rush_carries,refit,2019-22,0-20,3990,1.8294,-0.808,0.0005,2.412,3.22,
1,touch,rush_carries,refit,2019-22,20-40,1805,3.8109,-0.241,0.0019,7.644,7.885,
1,touch,rush_carries,refit,2019-22,40-60,1315,4.4594,0.054,0.0035,12.782,12.729,
1,touch,rush_carries,refit,2019-22,60-80,557,4.724,0.346,0.007,16.684,16.338,
1,touch,rush_carries,refit,2019-22,80+,111,5.0319,0.378,0.0167,21.423,21.045,
1,touch,rush_carries,refit,2023-25,all,6196,2.8774,-0.307,0.001,6.745,7.052,
1,touch,rush_carries,refit,2023-25,0-20,3157,1.7998,-0.768,0.0005,2.429,3.196,
1,touch,rush_carries,refit,2023-25,20-40,1420,3.4779,0.118,0.0018,7.408,7.289,
1,touch,rush_carries,refit,2023-25,40-60,1069,4.3636,0.049,0.0037,13.173,13.123,
1,touch,rush_carries,refit,2023-25,60-80,468,4.5748,0.368,0.0074,16.796,16.427,
1,touch,rush_carries,refit,2023-25,80+,82,4.9004,1.573,0.0225,20.281,18.707,
1,touch,rush_yards,refit,2017-18,all,3497,18.0787,-4.393,0.004,26.845,31.238,
1,touch,rush_yards,refit,2017-18,0-20,1672,11.0998,-4.676,0.0019,9.43,14.106,
1,touch,rush_yards,refit,2017-18,20-40,874,20.4786,-4.753,0.0065,28.166,32.92,
1,touch,rush_yards,refit,2017-18,40-60,644,26.3231,-4.582,0.0127,49.054,53.637,
1,touch,rush_yards,refit,2017-18,60-80,257,31.672,-2.972,0.0318,68.114,71.086,
1,touch,rush_yards,refit,2017-18,80+,50,33.4414,6.509,0.0886,87.949,81.44,
1,touch,rush_yards,refit,2019-22,all,7778,17.783,-5.164,0.0028,25.931,31.095,
1,touch,rush_yards,refit,2019-22,0-20,3990,10.6265,-4.454,0.0013,8.782,13.236,
1,touch,rush_yards,refit,2019-22,20-40,1805,21.4489,-5.182,0.0056,29.752,34.934,
1,touch,rush_yards,refit,2019-22,40-60,1315,27.4881,-7.45,0.0101,49.596,57.046,
1,touch,rush_yards,refit,2019-22,60-80,557,30.4277,-4.082,0.0205,67.857,71.939,
1,touch,rush_yards,refit,2019-22,80+,111,36.9893,-8.747,0.0542,89.487,98.234,
1,touch,rush_yards,refit,2023-25,all,6196,17.0314,-4.634,0.003,25.925,30.559,
1,touch,rush_yards,refit,2023-25,0-20,3157,10.746,-4.793,0.0014,8.781,13.574,
1,touch,rush_yards,refit,2023-25,20-40,1420,18.9085,-3.298,0.0052,28.378,31.676,
1,touch,rush_yards,refit,2023-25,40-60,1069,26.0217,-6.389,0.0103,50.173,56.562,
1,touch,rush_yards,refit,2023-25,60-80,468,29.8851,-4.123,0.022,67.891,72.015,
1,touch,rush_yards,refit,2023-25,80+,82,35.9509,-1.67,0.0804,87.842,89.512,
1,touch,rush_carries,winprob,2017-18,all,3497,3.108,-0.322,0.0014,7.075,7.397,
1,touch,rush_carries,winprob,2017-18,0-20,1672,1.8552,-0.792,0.0007,2.615,3.407,
1,touch,rush_carries,winprob,2017-18,20-40,874,3.7399,0.012,0.0024,7.54,7.527,
1,touch,rush_carries,winprob,2017-18,40-60,644,4.6321,-0.05,0.0047,13.047,13.096,
1,touch,rush_carries,winprob,2017-18,60-80,257,4.7407,0.704,0.0106,16.797,16.093,
1,touch,rush_carries,winprob,2017-18,80+,50,5.9378,0.74,0.0305,21.2,20.46,
1,touch,rush_carries,winprob,2019-22,all,7778,2.987,-0.431,0.0009,6.673,7.104,
1,touch,rush_carries,winprob,2019-22,0-20,3990,1.8294,-0.808,0.0004,2.412,3.22,
1,touch,rush_carries,winprob,2019-22,20-40,1805,3.8109,-0.24,0.0018,7.645,7.885,
1,touch,rush_carries,winprob,2019-22,40-60,1315,4.4599,0.053,0.0035,12.781,12.729,
1,touch,rush_carries,winprob,2019-22,60-80,557,4.7242,0.344,0.0068,16.682,16.338,
1,touch,rush_carries,winprob,2019-22,80+,111,5.0318,0.383,0.0176,21.428,21.045,
1,touch,rush_carries,winprob,2023-25,all,6196,2.877,-0.307,0.001,6.745,7.052,
1,touch,rush_carries,winprob,2023-25,0-20,3157,1.7998,-0.768,0.0005,2.429,3.196,
1,touch,rush_carries,winprob,2023-25,20-40,1420,3.4773,0.118,0.0018,7.408,7.289,
1,touch,rush_carries,winprob,2023-25,40-60,1069,4.3635,0.05,0.0037,13.173,13.123,
1,touch,rush_carries,winprob,2023-25,60-80,468,4.5746,0.367,0.0075,16.794,16.427,
1,touch,rush_carries,winprob,2023-25,80+,82,4.8851,1.565,0.0212,20.273,18.707,
1,touch,rush_yards,winprob,2017-18,all,3497,18.0788,-4.393,0.0041,26.846,31.238,
1,touch,rush_yards,winprob,2017-18,0-20,1672,11.1004,-4.675,0.002,9.431,14.106,
1,touch,rush_yards,winprob,2017-18,20-40,874,20.4785,-4.755,0.0068,28.165,32.92,
1,touch,rush_yards,winprob,2017-18,40-60,644,26.3196,-4.58,0.013,49.056,53.637,
1,touch,rush_yards,winprob,2017-18,60-80,257,31.6801,-2.977,0.0314,68.108,71.086,
1,touch,rush_yards,winprob,2017-18,80+,50,33.4384,6.533,0.0928,87.973,81.44,
1,touch,rush_yards,winprob,2019-22,all,7778,17.7839,-5.164,0.0028,25.931,31.095,
1,touch,rush_yards,winprob,2019-22,0-20,3990,10.6269,-4.453,0.0012,8.783,13.236,
1,touch,rush_yards,winprob,2019-22,20-40,1805,21.4503,-5.181,0.0054,29.753,34.934,
1,touch,rush_yards,winprob,2019-22,40-60,1315,27.4919,-7.453,0.0101,49.593,57.046,
1,touch,rush_yards,winprob,2019-22,60-80,557,30.4266,-4.087,0.0202,67.852,71.939,
1,touch,rush_yards,winprob,2019-22,80+,111,36.9801,-8.73,0.0567,89.504,98.234,
1,touch,rush_yards,winprob,2023-25,all,6196,17.0308,-4.634,0.003,25.924,30.559,
1,touch,rush_yards,winprob,2023-25,0-20,3157,10.746,-4.792,0.0013,8.782,13.574,
1,touch,rush_yards,winprob,2023-25,20-40,1420,18.906,-3.298,0.0052,28.378,31.676,
1,touch,rush_yards,winprob,2023-25,40-60,1069,26.0227,-6.388,0.0104,50.174,56.562,
1,touch,rush_yards,winprob,2023-25,60-80,468,29.8807,-4.129,0.0224,67.886,72.015,
1,touch,rush_yards,winprob,2023-25,80+,82,35.9585,-1.699,0.0743,87.813,89.512,
1,touch,rush_carries,quad,2017-18,all,3497,3.107,-0.322,0.0017,7.075,7.397,
1,touch,rush_carries,quad,2017-18,0-20,1672,1.8551,-0.791,0.0009,2.615,3.407,
1,touch,rush_carries,quad,2017-18,20-40,874,3.7369,0.008,0.0028,7.535,7.527,
1,touch,rush_carries,quad,2017-18,40-60,644,4.6288,-0.049,0.0058,13.048,13.096,
1,touch,rush_carries,quad,2017-18,60-80,257,4.7458,0.722,0.0137,16.816,16.093,
1,touch,rush_carries,quad,2017-18,80+,50,5.9349,0.703,0.0323,21.163,20.46,
1,touch,rush_carries,quad,2019-22,all,7778,2.988,-0.429,0.0012,6.675,7.104,
1,touch,rush_carries,quad,2019-22,0-20,3990,1.8295,-0.807,0.0006,2.413,3.22,
1,touch,rush_carries,quad,2019-22,20-40,1805,3.8132,-0.237,0.0025,7.648,7.885,
1,touch,rush_carries,quad,2019-22,40-60,1315,4.4619,0.056,0.0044,12.785,12.729,
1,touch,rush_carries,quad,2019-22,60-80,557,4.7295,0.348,0.0087,16.686,16.338,
1,touch,rush_carries,quad,2019-22,80+,111,5.0089,0.371,0.0226,21.416,21.045,
1,touch,rush_carries,quad,2023-25,all,6196,2.8791,-0.306,0.0012,6.746,7.052,
1,touch,rush_carries,quad,2023-25,0-20,3157,1.8001,-0.767,0.0006,2.429,3.196,
1,touch,rush_carries,quad,2023-25,20-40,1420,3.4813,0.117,0.0022,7.406,7.289,
1,touch,rush_carries,quad,2023-25,40-60,1069,4.3641,0.053,0.0042,13.176,13.123,
1,touch,rush_carries,quad,2023-25,60-80,468,4.5833,0.373,0.0089,16.801,16.427,
1,touch,rush_carries,quad,2023-25,80+,82,4.904,1.585,0.0279,20.292,18.707,
1,touch,rush_yards,quad,2017-18,all,3497,18.0747,-4.392,0.0052,26.846,31.238,
1,touch,rush_yards,quad,2017-18,0-20,1672,11.1002,-4.673,0.0028,9.433,14.106,
1,touch,rush_yards,quad,2017-18,20-40,874,20.4748,-4.766,0.0089,28.154,32.92,
1,touch,rush_yards,quad,2017-18,40-60,644,26.3223,-4.577,0.0166,49.059,53.637,
1,touch,rush_yards,quad,2017-18,60-80,257,31.6413,-2.927,0.0408,68.159,71.086,
1,touch,rush_yards,quad,2017-18,80+,50,33.3891,6.416,0.1003,87.856,81.44,
1,touch,rush_yards,quad,2019-22,all,7778,17.7804,-5.158,0.0037,25.936,31.095,
1,touch,rush_yards,quad,2019-22,0-20,3990,10.6254,-4.451,0.0017,8.784,13.236,
1,touch,rush_yards,quad,2019-22,20-40,1805,21.4525,-5.171,0.0075,29.763,34.934,
1,touch,rush_yards,quad,2019-22,40-60,1315,27.4852,-7.44,0.0131,49.606,57.046,
1,touch,rush_yards,quad,2019-22,60-80,557,30.4181,-4.077,0.0265,67.862,71.939,
1,touch,rush_yards,quad,2019-22,80+,111,36.8757,-8.77,0.0726,89.464,98.234,
1,touch,rush_yards,quad,2023-25,all,6196,17.0337,-4.631,0.0036,25.928,30.559,
1,touch,rush_yards,quad,2023-25,0-20,3157,10.7462,-4.791,0.0015,8.783,13.574,
1,touch,rush_yards,quad,2023-25,20-40,1420,18.9144,-3.302,0.0063,28.374,31.676,
1,touch,rush_yards,quad,2023-25,40-60,1069,26.0317,-6.381,0.012,50.181,56.562,
1,touch,rush_yards,quad,2023-25,60-80,468,29.8616,-4.106,0.0282,67.909,72.015,
1,touch,rush_yards,quad,2023-25,80+,82,36.0195,-1.629,0.0991,87.884,89.512,
1,touch,rush_carries,pace_0.25,2017-18,all,3497,3.0935,-0.351,0.0049,7.047,7.397,
1,touch,rush_carries,pace_0.25,2017-18,0-20,1672,1.852,-0.797,0.0024,2.609,3.407,
1,touch,rush_carries,pace_0.25,2017-18,20-40,874,3.7186,-0.011,0.0086,7.516,7.527,
1,touch,rush_carries,pace_0.25,2017-18,40-60,644,4.5983,-0.101,0.0168,12.995,13.096,
1,touch,rush_carries,pace_0.25,2017-18,60-80,257,4.7124,0.637,0.0355,16.73,16.093,
1,touch,rush_carries,pace_0.25,2017-18,80+,50,5.98,0.376,0.0886,20.836,20.46,
1,touch,rush_carries,pace_0.25,2019-22,all,7778,2.9677,-0.452,0.0035,6.652,7.104,
1,touch,rush_carries,pace_0.25,2019-22,0-20,3990,1.8245,-0.804,0.0016,2.417,3.22,
1,touch,rush_carries,pace_0.25,2019-22,20-40,1805,3.7929,-0.272,0.0065,7.613,7.885,
1,touch,rush_carries,pace_0.25,2019-22,40-60,1315,4.4175,0.028,0.0129,12.757,12.729,
1,touch,rush_carries,pace_0.25,2019-22,60-80,557,4.6573,0.274,0.0268,16.611,16.338,
1,touch,rush_carries,pace_0.25,2019-22,80+,111,4.9898,-0.056,0.0756,20.989,21.045,
1,touch,rush_carries,pace_0.25,2023-25,all,6196,2.8657,-0.329,0.0038,6.723,7.052,
1,touch,rush_carries,pace_0.25,2023-25,0-20,3157,1.7977,-0.766,0.0018,2.43,3.196,
1,touch,rush_carries,pace_0.25,2023-25,20-40,1420,3.4766,0.094,0.0071,7.383,7.289,
1,touch,rush_carries,pace_0.25,2023-25,40-60,1069,4.3254,0.062,0.0139,13.186,13.123,
1,touch,rush_carries,pace_0.25,2023-25,60-80,468,4.5491,0.244,0.0256,16.672,16.427,
1,touch,rush_carries,pace_0.25,2023-25,80+,82,4.7688,0.825,0.0899,19.532,18.707,
1,touch,rush_yards,pace_0.25,2017-18,all,3497,18.0713,-4.473,0.0137,26.766,31.238,
1,touch,rush_yards,pace_0.25,2017-18,0-20,1672,11.0964,-4.685,0.0067,9.421,14.106,
1,touch,rush_yards,pace_0.25,2017-18,20-40,874,20.4834,-4.823,0.024,28.097,32.92,
1,touch,rush_yards,pace_0.25,2017-18,40-60,644,26.2887,-4.733,0.0456,48.903,53.637,
1,touch,rush_yards,pace_0.25,2017-18,60-80,257,31.6883,-3.177,0.1009,67.909,71.086,
1,touch,rush_yards,pace_0.25,2017-18,80+,50,33.3142,5.454,0.2768,86.894,81.44,
1,touch,rush_yards,pace_0.25,2019-22,all,7778,17.7669,-5.233,0.0105,25.862,31.095,
1,touch,rush_yards,pace_0.25,2019-22,0-20,3990,10.6236,-4.438,0.0045,8.797,13.236,
1,touch,rush_yards,pace_0.25,2019-22,20-40,1805,21.4528,-5.275,0.0191,29.659,34.934,
1,touch,rush_yards,pace_0.25,2019-22,40-60,1315,27.462,-7.557,0.0375,49.489,57.046,
1,touch,rush_yards,pace_0.25,2019-22,60-80,557,30.2918,-4.33,0.0794,67.609,71.939,
1,touch,rush_yards,pace_0.25,2019-22,80+,111,36.8923,-10.124,0.2398,88.11,98.234,
1,touch,rush_yards,pace_0.25,2023-25,all,6196,17.0356,-4.708,0.0113,25.851,30.559,
1,touch,rush_yards,pace_0.25,2023-25,0-20,3157,10.7446,-4.786,0.0049,8.788,13.574,
1,touch,rush_yards,pace_0.25,2023-25,20-40,1420,18.9138,-3.374,0.0203,28.302,31.676,
1,touch,rush_yards,pace_0.25,2023-25,40-60,1069,26.0072,-6.374,0.0398,50.188,56.562,
1,touch,rush_yards,pace_0.25,2023-25,60-80,468,30.0072,-4.5,0.0777,67.515,72.015,
1,touch,rush_yards,pace_0.25,2023-25,80+,82,35.7202,-4.244,0.3238,85.269,89.512,
1,touch,rush_carries,pace_0.5,2017-18,all,3497,3.092,-0.359,0.0096,7.038,7.397,
1,touch,rush_carries,pace_0.5,2017-18,0-20,1672,1.8515,-0.795,0.0048,2.612,3.407,
1,touch,rush_carries,pace_0.5,2017-18,20-40,874,3.7135,-0.016,0.0169,7.512,7.527,
1,touch,rush_carries,pace_0.5,2017-18,40-60,644,4.5848,-0.128,0.033,12.968,13.096,
1,touch,rush_carries,pace_0.5,2017-18,60-80,257,4.7332,0.626,0.0695,16.72,16.093,
1,touch,rush_carries,pace_0.5,2017-18,80+,50,6.0477,0.173,0.1762,20.633,20.46,
1,touch,rush_carries,pace_0.5,2019-22,all,7778,2.9674,-0.452,0.007,6.652,7.104,
1,touch,rush_carries,pace_0.5,2019-22,0-20,3990,1.823,-0.794,0.0032,2.426,3.22,
1,touch,rush_carries,pace_0.5,2019-22,20-40,1805,3.7933,-0.278,0.0128,7.607,7.885,
1,touch,rush_carries,pace_0.5,2019-22,40-60,1315,4.4157,0.046,0.0253,12.775,12.729,
1,touch,rush_carries,pace_0.5,2019-22,60-80,557,4.6536,0.25,0.0526,16.588,16.338,
1,touch,rush_carries,pace_0.5,2019-22,80+,111,5.0562,-0.427,0.1446,20.618,21.045,
1,touch,rush_carries,pace_0.5,2023-25,all,6196,2.8708,-0.333,0.0075,6.719,7.052,
1,touch,rush_carries,pace_0.5,2023-25,0-20,3157,1.7979,-0.76,0.0037,2.437,3.196,
1,touch,rush_carries,pace_0.5,2023-25,20-40,1420,3.4908,0.087,0.014,7.376,7.289,
1,touch,rush_carries,pace_0.5,2023-25,40-60,1069,4.3213,0.097,0.0273,13.221,13.123,
1,touch,rush_carries,pace_0.5,2023-25,60-80,468,4.5743,0.187,0.0501,16.614,16.427,
1,touch,rush_carries,pace_0.5,2023-25,80+,82,4.8073,0.244,0.1732,18.951,18.707,
1,touch,rush_yards,pace_0.5,2017-18,all,3497,18.0797,-4.498,0.0272,26.74,31.238,
1,touch,rush_yards,pace_0.5,2017-18,0-20,1672,11.0932,-4.675,0.0133,9.431,14.106,
1,touch,rush_yards,pace_0.5,2017-18,20-40,874,20.4929,-4.837,0.0479,28.083,32.92,
1,touch,rush_yards,pace_0.5,2017-18,40-60,644,26.2747,-4.82,0.0909,48.817,53.637,
1,touch,rush_yards,pace_0.5,2017-18,60-80,257,31.8036,-3.218,0.2003,67.867,71.086,
1,touch,rush_yards,pace_0.5,2017-18,80+,50,33.432,4.872,0.5447,86.312,81.44,
1,touch,rush_yards,pace_0.5,2019-22,all,7778,17.7712,-5.245,0.0208,25.85,31.095,
1,touch,rush_yards,pace_0.5,2019-22,0-20,3990,10.6267,-4.411,0.009,8.825,13.236,
1,touch,rush_yards,pace_0.5,2019-22,20-40,1805,21.4796,-5.299,0.0379,29.635,34.934,
1,touch,rush_yards,pace_0.5,2019-22,40-60,1315,27.4634,-7.536,0.0748,49.509,57.046,
1,touch,rush_yards,pace_0.5,2019-22,60-80,557,30.2343,-4.427,0.1582,67.512,71.939,
1,touch,rush_yards,pace_0.5,2019-22,80+,111,36.9173,-11.298,0.4696,86.936,98.234,
1,touch,rush_yards,pace_0.5,2023-25,all,6196,17.0529,-4.731,0.0224,25.828,30.559,
1,touch,rush_yards,pace_0.5,2023-25,0-20,3157,10.7496,-4.768,0.0097,8.806,13.574,
1,touch,rush_yards,pace_0.5,2023-25,20-40,1420,18.9449,-3.402,0.0401,28.274,31.676,
1,touch,rush_yards,pace_0.5,2023-25,40-60,1069,25.9927,-6.296,0.0789,50.266,56.562,
1,touch,rush_yards,pace_0.5,2023-25,60-80,468,30.1587,-4.673,0.1538,67.342,72.015,
1,touch,rush_yards,pace_0.5,2023-25,80+,82,35.6239,-6.247,0.6377,83.265,89.512,
1,active,rush_carries,base,2017-18,all,4271,2.8214,-0.002,0.0,6.055,6.057,the live line
1,active,rush_carries,base,2017-18,0-20,2440,1.7032,-0.146,0.0,2.236,2.382,
1,active,rush_carries,base,2017-18,20-40,895,3.8768,0.141,0.0,7.6,7.459,
1,active,rush_carries,base,2017-18,40-60,637,4.6126,0.06,0.0,13.133,13.072,
1,active,rush_carries,base,2017-18,60-80,252,4.7732,0.584,0.0,16.83,16.246,
1,active,rush_carries,base,2017-18,80+,47,6.0375,0.739,0.0,21.144,20.404,
1,active,rush_carries,base,2019-22,all,11061,2.3925,-0.022,0.0,4.973,4.995,the live line
1,active,rush_carries,base,2019-22,0-20,7210,1.3839,-0.085,0.0,1.711,1.796,
1,active,rush_carries,base,2019-22,20-40,1907,3.9526,0.036,0.0,7.69,7.654,
1,active,rush_carries,base,2019-22,40-60,1326,4.5051,0.092,0.0,12.912,12.82,
1,active,rush_carries,base,2019-22,60-80,517,4.7641,0.266,0.0,16.848,16.582,
1,active,rush_carries,base,2019-22,80+,101,5.0563,0.394,0.0,21.552,21.158,
1,active,rush_carries,base,2023-25,all,9264,2.1748,0.034,0.0,4.75,4.716,the live line
1,active,rush_carries,base,2023-25,0-20,6217,1.2545,-0.07,0.0,1.587,1.657,
1,active,rush_carries,base,2023-25,20-40,1453,3.6244,0.285,0.0,7.484,7.199,
1,active,rush_carries,base,2023-25,40-60,1072,4.3608,0.035,0.0,13.253,13.218,
1,active,rush_carries,base,2023-25,60-80,447,4.582,0.45,0.0,16.882,16.432,
1,active,rush_carries,base,2023-25,80+,75,4.7819,1.273,0.0,20.153,18.88,
1,active,rush_yards,base,2017-18,all,4271,15.7816,-2.891,0.0,22.686,25.577,the live line
1,active,rush_yards,base,2017-18,0-20,2440,9.1365,-1.877,0.0,7.977,9.854,
1,active,rush_yards,base,2017-18,20-40,895,20.9104,-4.207,0.0,28.22,32.427,
1,active,rush_yards,base,2017-18,40-60,637,26.3499,-5.121,0.0,48.756,53.878,
1,active,rush_yards,base,2017-18,60-80,252,31.891,-4.241,0.0,67.557,71.798,
1,active,rush_yards,base,2017-18,80+,47,33.4889,6.96,0.0,87.003,80.043,
1,active,rush_yards,base,2019-22,all,11061,13.5611,-2.863,0.0,19.002,21.866,the live line
1,active,rush_yards,base,2019-22,0-20,7210,7.2261,-1.247,0.0,6.145,7.392,
1,active,rush_yards,base,2019-22,20-40,1907,21.6751,-4.267,0.0,29.549,33.816,
1,active,rush_yards,base,2019-22,40-60,1326,27.9105,-8.175,0.0,49.444,57.619,
1,active,rush_yards,base,2019-22,60-80,517,30.3911,-5.128,0.0,67.617,72.745,
1,active,rush_yards,base,2019-22,80+,101,38.0497,-10.429,0.0,89.185,99.614,
1,active,rush_yards,base,2023-25,all,9264,12.3205,-2.438,0.0,18.0,20.438,the live line
1,active,rush_yards,base,2023-25,0-20,6217,6.7237,-1.335,0.0,5.706,7.041,
1,active,rush_yards,base,2023-25,20-40,1453,19.3908,-2.867,0.0,28.349,31.216,
1,active,rush_yards,base,2023-25,40-60,1072,25.9295,-6.955,0.0,49.9,56.855,
1,active,rush_yards,base,2023-25,60-80,447,30.6706,-5.259,0.0,67.287,72.546,
1,active,rush_yards,base,2023-25,80+,75,35.3914,-4.161,0.0,86.905,91.067,
1,active,rush_carries,refit,2017-18,all,4271,2.8233,0.014,0.0011,6.071,6.057,
1,active,rush_carries,refit,2017-18,0-20,2440,1.7036,-0.14,0.0005,2.242,2.382,
1,active,rush_carries,refit,2017-18,20-40,895,3.8792,0.16,0.0022,7.62,7.459,
1,active,rush_carries,refit,2017-18,40-60,637,4.6181,0.085,0.0047,13.157,13.072,
1,active,rush_carries,refit,2017-18,60-80,252,4.7737,0.643,0.011,16.889,16.246,
1,active,rush_carries,refit,2017-18,80+,47,6.0644,0.891,0.0293,21.296,20.404,
1,active,rush_carries,refit,2019-22,all,11061,2.3962,-0.007,0.0007,4.988,4.995,
1,active,rush_carries,refit,2019-22,0-20,7210,1.3848,-0.081,0.0003,1.715,1.796,
1,active,rush_carries,refit,2019-22,20-40,1907,3.9599,0.06,0.0018,7.715,7.654,
1,active,rush_carries,refit,2019-22,40-60,1326,4.515,0.137,0.0035,12.956,12.82,
1,active,rush_carries,refit,2019-22,60-80,517,4.7752,0.313,0.0073,16.896,16.582,
1,active,rush_carries,refit,2019-22,80+,101,5.0747,0.464,0.0172,21.623,21.158,
1,active,rush_carries,refit,2023-25,all,9264,2.1761,0.046,0.0007,4.763,4.716,
1,active,rush_carries,refit,2023-25,0-20,6217,1.2553,-0.066,0.0003,1.591,1.657,
1,active,rush_carries,refit,2023-25,20-40,1453,3.6282,0.303,0.0018,7.502,7.199,
1,active,rush_carries,refit,2023-25,40-60,1072,4.3571,0.057,0.0037,13.276,13.218,
1,active,rush_carries,refit,2023-25,60-80,447,4.5853,0.521,0.0077,16.953,16.432,
1,active,rush_carries,refit,2023-25,80+,75,4.8388,1.441,0.0236,20.321,18.88,
1,active,rush_yards,refit,2017-18,all,4271,15.7803,-2.845,0.0033,22.732,25.577,
1,active,rush_yards,refit,2017-18,0-20,2440,9.1368,-1.861,0.0014,7.993,9.854,
1,active,rush_yards,refit,2017-18,20-40,895,20.9046,-4.151,0.0065,28.276,32.427,
1,active,rush_yards,refit,2017-18,40-60,637,26.3449,-5.053,0.0127,48.825,53.878,
1,active,rush_yards,refit,2017-18,60-80,252,31.8827,-4.067,0.0321,67.73,71.798,
1,active,rush_yards,refit,2017-18,80+,47,33.5805,7.432,0.0915,87.474,80.043,
1,active,rush_yards,refit,2019-22,all,11061,13.5637,-2.82,0.002,19.046,21.866,
1,active,rush_yards,refit,2019-22,0-20,7210,7.2293,-1.237,0.0008,6.155,7.392,
1,active,rush_yards,refit,2019-22,20-40,1907,21.6853,-4.196,0.0054,29.62,33.816,
1,active,rush_yards,refit,2019-22,40-60,1326,27.9018,-8.042,0.01,49.577,57.619,
1,active,rush_yards,refit,2019-22,60-80,517,30.3902,-4.982,0.0217,67.762,72.745,
1,active,rush_yards,refit,2019-22,80+,101,38.0338,-10.201,0.0556,89.413,99.614,
1,active,rush_yards,refit,2023-25,all,9264,12.3155,-2.401,0.002,18.038,20.438,
1,active,rush_yards,refit,2023-25,0-20,6217,6.7263,-1.326,0.0008,5.716,7.041,
1,active,rush_yards,refit,2023-25,20-40,1453,19.3938,-2.817,0.0052,28.399,31.216,
1,active,rush_yards,refit,2023-25,40-60,1072,25.8835,-6.886,0.0102,49.97,56.855,
1,active,rush_yards,refit,2023-25,60-80,447,30.6267,-5.041,0.0227,67.505,72.546,
1,active,rush_yards,refit,2023-25,80+,75,35.4222,-3.586,0.085,87.48,91.067,
1,active,rush_carries,winprob,2017-18,all,4271,2.8231,0.014,0.0012,6.071,6.057,
1,active,rush_carries,winprob,2017-18,0-20,2440,1.7037,-0.14,0.0005,2.242,2.382,
1,active,rush_carries,winprob,2017-18,20-40,895,3.8788,0.16,0.0024,7.619,7.459,
1,active,rush_carries,winprob,2017-18,40-60,637,4.6161,0.086,0.0048,13.158,13.072,
1,active,rush_carries,winprob,2017-18,60-80,252,4.7762,0.641,0.0108,16.887,16.246,
1,active,rush_carries,winprob,2017-18,80+,47,6.0595,0.902,0.0314,21.306,20.404,
1,active,rush_carries,winprob,2019-22,all,11061,2.3962,-0.007,0.0007,4.988,4.995,
1,active,rush_carries,winprob,2019-22,0-20,7210,1.3847,-0.081,0.0003,1.715,1.796,
1,active,rush_carries,winprob,2019-22,20-40,1907,3.9601,0.061,0.0018,7.715,7.654,
1,active,rush_carries,winprob,2019-22,40-60,1326,4.5151,0.135,0.0035,12.955,12.82,
1,active,rush_carries,winprob,2019-22,60-80,517,4.7758,0.313,0.0071,16.895,16.582,
1,active,rush_carries,winprob,2019-22,80+,101,5.0767,0.468,0.0187,21.626,21.158,
1,active,rush_carries,winprob,2023-25,all,9264,2.1758,0.046,0.0007,4.763,4.716,
1,active,rush_carries,winprob,2023-25,0-20,6217,1.2553,-0.066,0.0003,1.591,1.657,
1,active,rush_carries,winprob,2023-25,20-40,1453,3.6276,0.302,0.0018,7.501,7.199,
1,active,rush_carries,winprob,2023-25,40-60,1072,4.3568,0.058,0.0037,13.276,13.218,
1,active,rush_carries,winprob,2023-25,60-80,447,4.585,0.52,0.0078,16.952,16.432,
1,active,rush_carries,winprob,2023-25,80+,75,4.8224,1.432,0.0222,20.312,18.88,
1,active,rush_yards,winprob,2017-18,all,4271,15.7803,-2.845,0.0033,22.732,25.577,
1,active,rush_yards,winprob,2017-18,0-20,2440,9.1369,-1.861,0.0014,7.993,9.854,
1,active,rush_yards,winprob,2017-18,20-40,895,20.9039,-4.152,0.0067,28.275,32.427,
1,active,rush_yards,winprob,2017-18,40-60,637,26.3419,-5.051,0.013,48.826,53.878,
1,active,rush_yards,winprob,2017-18,60-80,252,31.8918,-4.073,0.0315,67.724,71.798,
1,active,rush_yards,winprob,2017-18,80+,47,33.5774,7.461,0.0966,87.503,80.043,
1,active,rush_yards,winprob,2019-22,all,11061,13.5643,-2.82,0.0019,19.046,21.866,
1,active,rush_yards,winprob,2019-22,0-20,7210,7.2293,-1.237,0.0007,6.155,7.392,
1,active,rush_yards,winprob,2019-22,20-40,1907,21.6867,-4.194,0.0052,29.622,33.816,
1,active,rush_yards,winprob,2019-22,40-60,1326,27.9045,-8.046,0.0101,49.573,57.619,
1,active,rush_yards,winprob,2019-22,60-80,517,30.3917,-4.985,0.0211,67.759,72.745,
1,active,rush_yards,winprob,2019-22,80+,101,38.0316,-10.19,0.0602,89.424,99.614,
1,active,rush_yards,winprob,2023-25,all,9264,12.3149,-2.401,0.002,18.037,20.438,
1,active,rush_yards,winprob,2023-25,0-20,6217,6.7263,-1.326,0.0007,5.716,7.041,
1,active,rush_yards,winprob,2023-25,20-40,1453,19.391,-2.817,0.0052,28.399,31.216,
1,active,rush_yards,winprob,2023-25,40-60,1072,25.884,-6.886,0.0104,49.97,56.855,
1,active,rush_yards,winprob,2023-25,60-80,447,30.6226,-5.045,0.0231,67.501,72.546,
1,active,rush_yards,winprob,2023-25,80+,75,35.43,-3.619,0.078,87.448,91.067,
1,active,rush_carries,quad,2017-18,all,4271,2.8221,0.014,0.0014,6.071,6.057,
1,active,rush_carries,quad,2017-18,0-20,2440,1.7035,-0.139,0.0007,2.243,2.382,
1,active,rush_carries,quad,2017-18,20-40,895,3.8761,0.156,0.0028,7.615,7.459,
1,active,rush_carries,quad,2017-18,40-60,637,4.6124,0.088,0.0059,13.16,13.072,
1,active,rush_carries,quad,2017-18,60-80,252,4.7813,0.658,0.014,16.905,16.246,
1,active,rush_carries,quad,2017-18,80+,47,6.0586,0.86,0.0329,21.264,20.404,
1,active,rush_carries,quad,2019-22,all,11061,2.3971,-0.006,0.0009,4.99,4.995,
1,active,rush_carries,quad,2019-22,0-20,7210,1.3849,-0.081,0.0004,1.715,1.796,
1,active,rush_carries,quad,2019-22,20-40,1907,3.9633,0.065,0.0025,7.719,7.654,
1,active,rush_carries,quad,2019-22,40-60,1326,4.516,0.139,0.0045,12.958,12.82,
1,active,rush_carries,quad,2019-22,60-80,517,4.7813,0.318,0.0091,16.9,16.582,
1,active,rush_carries,quad,2019-22,80+,101,5.0599,0.446,0.0236,21.605,21.158,
1,active,rush_carries,quad,2023-25,all,9264,2.1773,0.047,0.0008,4.763,4.716,
1,active,rush_carries,quad,2023-25,0-20,6217,1.2555,-0.066,0.0003,1.591,1.657,
1,active,rush_carries,quad,2023-25,20-40,1453,3.6315,0.301,0.0021,7.5,7.199,
1,active,rush_carries,quad,2023-25,40-60,1072,4.3588,0.061,0.0043,13.279,13.218,
1,active,rush_carries,quad,2023-25,60-80,447,4.5931,0.527,0.0092,16.959,16.432,
1,active,rush_carries,quad,2023-25,80+,75,4.8405,1.45,0.0294,20.33,18.88,
1,active,rush_yards,quad,2017-18,all,4271,15.7774,-2.844,0.0042,22.733,25.577,
1,active,rush_yards,quad,2017-18,0-20,2440,9.1367,-1.86,0.002,7.994,9.854,
1,active,rush_yards,quad,2017-18,20-40,895,20.9014,-4.162,0.0087,28.265,32.427,
1,active,rush_yards,quad,2017-18,40-60,637,26.3438,-5.045,0.0166,48.832,53.878,
1,active,rush_yards,quad,2017-18,60-80,252,31.8514,-4.023,0.041,67.774,71.798,
1,active,rush_yards,quad,2017-18,80+,47,33.5591,7.33,0.1023,87.372,80.043,
1,active,rush_yards,quad,2019-22,all,11061,13.5627,-2.816,0.0026,19.05,21.866,
1,active,rush_yards,quad,2019-22,0-20,7210,7.229,-1.235,0.001,6.157,7.392,
1,active,rush_yards,quad,2019-22,20-40,1907,21.6923,-4.183,0.0073,29.633,33.816,
1,active,rush_yards,quad,2019-22,40-60,1326,27.8935,-8.036,0.013,49.583,57.619,
1,active,rush_yards,quad,2019-22,60-80,517,30.3843,-4.97,0.0278,67.775,72.745,
1,active,rush_yards,quad,2019-22,80+,101,37.9559,-10.258,0.0762,89.356,99.614,
1,active,rush_yards,quad,2023-25,all,9264,12.3171,-2.398,0.0024,18.04,20.438,
1,active,rush_yards,quad,2023-25,0-20,6217,6.7264,-1.325,0.0009,5.717,7.041,
1,active,rush_yards,quad,2023-25,20-40,1453,19.4014,-2.82,0.0062,28.396,31.216,
1,active,rush_yards,quad,2023-25,40-60,1072,25.8906,-6.878,0.0123,49.977,56.855,
1,active,rush_yards,quad,2023-25,60-80,447,30.603,-5.019,0.0285,67.527,72.546,
1,active,rush_yards,quad,2023-25,80+,75,35.5055,-3.551,0.1041,87.516,91.067,
1,active,rush_carries,pace_0.25,2017-18,all,4271,2.811,-0.009,0.004,6.048,6.057,
1,active,rush_carries,pace_0.25,2017-18,0-20,2440,1.7011,-0.143,0.0018,2.239,2.382,
1,active,rush_carries,pace_0.25,2017-18,20-40,895,3.8572,0.138,0.0087,7.597,7.459,
1,active,rush_carries,pace_0.25,2017-18,40-60,637,4.5841,0.032,0.0169,13.104,13.072,
1,active,rush_carries,pace_0.25,2017-18,60-80,252,4.7436,0.574,0.0362,16.82,16.246,
1,active,rush_carries,pace_0.25,2017-18,80+,47,6.1134,0.499,0.0918,20.904,20.404,
1,active,rush_carries,pace_0.25,2019-22,all,11061,2.3822,-0.022,0.0025,4.973,4.995,
1,active,rush_carries,pace_0.25,2019-22,0-20,7210,1.3823,-0.079,0.001,1.717,1.796,
1,active,rush_carries,pace_0.25,2019-22,20-40,1907,3.9376,0.028,0.0065,7.683,7.654,
1,active,rush_carries,pace_0.25,2019-22,40-60,1326,4.4743,0.109,0.013,12.928,12.82,
1,active,rush_carries,pace_0.25,2019-22,60-80,517,4.702,0.239,0.028,16.821,16.582,
1,active,rush_carries,pace_0.25,2019-22,80+,101,5.0541,-0.007,0.0817,21.152,21.158,
1,active,rush_carries,pace_0.25,2023-25,all,9264,2.1668,0.03,0.0026,4.747,4.716,
1,active,rush_carries,pace_0.25,2023-25,0-20,6217,1.2524,-0.068,0.001,1.589,1.657,
1,active,rush_carries,pace_0.25,2023-25,20-40,1453,3.6252,0.277,0.0071,7.476,7.199,
1,active,rush_carries,pace_0.25,2023-25,40-60,1072,4.3155,0.071,0.014,13.29,13.218,
1,active,rush_carries,pace_0.25,2023-25,60-80,447,4.5682,0.381,0.0264,16.813,16.432,
1,active,rush_carries,pace_0.25,2023-25,80+,75,4.6928,0.674,0.0961,19.554,18.88,
1,active,rush_yards,pace_0.25,2017-18,all,4271,15.7724,-2.912,0.0113,22.665,25.577,
1,active,rush_yards,pace_0.25,2017-18,0-20,2440,9.1336,-1.867,0.0049,7.987,9.854,
1,active,rush_yards,pace_0.25,2017-18,20-40,895,20.9076,-4.218,0.0239,28.209,32.427,
1,active,rush_yards,pace_0.25,2017-18,40-60,637,26.305,-5.217,0.0455,48.66,53.878,
1,active,rush_yards,pace_0.25,2017-18,60-80,252,31.8692,-4.277,0.1039,67.52,71.798,
1,active,rush_yards,pace_0.25,2017-18,80+,47,33.5834,6.268,0.2905,86.311,80.043,
1,active,rush_yards,pace_0.25,2019-22,all,11061,13.5507,-2.87,0.0074,18.996,21.866,
1,active,rush_yards,pace_0.25,2019-22,0-20,7210,7.2286,-1.228,0.0027,6.164,7.392,
1,active,rush_yards,pace_0.25,2019-22,20-40,1907,21.6806,-4.293,0.0188,29.523,33.816,
1,active,rush_yards,pace_0.25,2019-22,40-60,1326,27.8646,-8.16,0.0376,49.459,57.619,
1,active,rush_yards,pace_0.25,2019-22,60-80,517,30.2502,-5.232,0.0831,67.513,72.745,
1,active,rush_yards,pace_0.25,2019-22,80+,101,37.9522,-11.699,0.2599,87.915,99.614,
1,active,rush_yards,pace_0.25,2023-25,all,9264,12.316,-2.455,0.0076,17.984,20.438,
1,active,rush_yards,pace_0.25,2023-25,0-20,6217,6.7215,-1.328,0.0027,5.713,7.041,
1,active,rush_yards,pace_0.25,2023-25,20-40,1453,19.3984,-2.896,0.0201,28.32,31.216,
1,active,rush_yards,pace_0.25,2023-25,40-60,1072,25.8594,-6.87,0.0397,49.985,56.855,
1,active,rush_yards,pace_0.25,2023-25,60-80,447,30.7929,-5.467,0.0801,67.079,72.546,
1,active,rush_yards,pace_0.25,2023-25,80+,75,35.1569,-6.234,0.3479,84.833,91.067,
1,active,rush_carries,pace_0.5,2017-18,all,4271,2.8101,-0.016,0.0079,6.041,6.057,
1,active,rush_carries,pace_0.5,2017-18,0-20,2440,1.7013,-0.141,0.0036,2.241,2.382,
1,active,rush_carries,pace_0.5,2017-18,20-40,895,3.8515,0.135,0.017,7.594,7.459,
1,active,rush_carries,pace_0.5,2017-18,40-60,637,4.5721,0.003,0.0333,13.076,13.072,
1,active,rush_carries,pace_0.5,2017-18,60-80,252,4.76,0.564,0.071,16.81,16.246,
1,active,rush_carries,pace_0.5,2017-18,80+,47,6.205,0.259,0.1825,20.663,20.404,
1,active,rush_carries,pace_0.5,2019-22,all,11061,2.3823,-0.022,0.0049,4.973,4.995,
1,active,rush_carries,pace_0.5,2019-22,0-20,7210,1.3826,-0.072,0.002,1.724,1.796,
1,active,rush_carries,pace_0.5,2019-22,20-40,1907,3.935,0.021,0.0128,7.675,7.654,
1,active,rush_carries,pace_0.5,2019-22,40-60,1326,4.4721,0.125,0.0255,12.945,12.82,
1,active,rush_carries,pace_0.5,2019-22,60-80,517,4.6975,0.212,0.0549,16.794,16.582,
1,active,rush_carries,pace_0.5,2019-22,80+,101,5.1428,-0.408,0.1557,20.751,21.158,
1,active,rush_carries,pace_0.5,2023-25,all,9264,2.1694,0.027,0.005,4.743,4.716,
1,active,rush_carries,pace_0.5,2023-25,0-20,6217,1.2517,-0.065,0.002,1.592,1.657,
1,active,rush_carries,pace_0.5,2023-25,20-40,1453,3.6377,0.27,0.014,7.468,7.199,
1,active,rush_carries,pace_0.5,2023-25,40-60,1072,4.3079,0.108,0.0274,13.326,13.218,
1,active,rush_carries,pace_0.5,2023-25,60-80,447,4.6039,0.312,0.0515,16.744,16.432,
1,active,rush_carries,pace_0.5,2023-25,80+,75,4.7252,0.075,0.1851,18.955,18.88,
1,active,rush_yards,pace_0.5,2017-18,all,4271,15.7774,-2.934,0.0223,22.643,25.577,
1,active,rush_yards,pace_0.5,2017-18,0-20,2440,9.1325,-1.858,0.0098,7.996,9.854,
1,active,rush_yards,pace_0.5,2017-18,20-40,895,20.914,-4.231,0.0477,28.196,32.427,
1,active,rush_yards,pace_0.5,2017-18,40-60,637,26.2904,-5.315,0.0906,48.563,53.878,
1,active,rush_yards,pace_0.5,2017-18,60-80,252,31.9431,-4.318,0.2047,67.48,71.798,
1,active,rush_yards,pace_0.5,2017-18,80+,47,33.7683,5.576,0.5702,85.619,80.043,
1,active,rush_yards,pace_0.5,2019-22,all,11061,13.5544,-2.878,0.0146,18.987,21.866,
1,active,rush_yards,pace_0.5,2019-22,0-20,7210,7.2333,-1.21,0.0054,6.182,7.392,
1,active,rush_yards,pace_0.5,2019-22,20-40,1907,21.7038,-4.322,0.0373,29.494,33.816,
1,active,rush_yards,pace_0.5,2019-22,40-60,1326,27.8497,-8.147,0.0749,49.472,57.619,
1,active,rush_yards,pace_0.5,2019-22,60-80,517,30.2113,-5.336,0.1644,67.409,72.745,
1,active,rush_yards,pace_0.5,2019-22,80+,101,37.9777,-12.97,0.5075,86.644,99.614,
1,active,rush_yards,pace_0.5,2023-25,all,9264,12.3266,-2.472,0.015,17.966,20.438,
1,active,rush_yards,pace_0.5,2023-25,0-20,6217,6.7224,-1.321,0.0054,5.72,7.041,
1,active,rush_yards,pace_0.5,2023-25,20-40,1453,19.4286,-2.927,0.0399,28.289,31.216,
1,active,rush_yards,pace_0.5,2023-25,40-60,1072,25.837,-6.789,0.0786,50.067,56.855,
1,active,rush_yards,pace_0.5,2023-25,60-80,447,30.9772,-5.678,0.1592,66.867,72.546,
1,active,rush_yards,pace_0.5,2023-25,80+,75,35.0241,-8.307,0.6851,82.76,91.067,
1,touch,pass_dropbacks,base,2017-18,all,1046,7.5939,2.758,0.0,38.255,35.496,the live line
1,touch,pass_dropbacks,base,2017-18,0-150,15,20.4342,20.434,0.0,37.034,16.6,
1,touch,pass_dropbacks,base,2017-18,150-200,88,9.7245,6.699,0.0,37.108,30.409,
1,touch,pass_dropbacks,base,2017-18,200-250,643,7.3746,2.204,0.0,37.903,35.698,
1,touch,pass_dropbacks,base,2017-18,250-300,290,6.7773,1.794,0.0,39.346,37.552,
1,touch,pass_dropbacks,base,2017-18,300+,10,7.3693,5.164,0.0,41.164,36.0,
1,touch,pass_dropbacks,base,2019-22,all,2176,7.686,3.11,0.0,38.296,35.186,the live line
1,touch,pass_dropbacks,base,2019-22,0-150,24,16.5953,16.595,0.0,36.179,19.583,
1,touch,pass_dropbacks,base,2019-22,150-200,220,11.7718,9.858,0.0,37.249,27.391,
1,touch,pass_dropbacks,base,2019-22,200-250,1304,7.0886,2.376,0.0,37.65,35.274,
1,touch,pass_dropbacks,base,2019-22,250-300,613,7.1912,1.768,0.0,40.044,38.276,
1,touch,pass_dropbacks,base,2019-22,300+,15,5.6617,1.22,0.0,41.82,40.6,
1,touch,pass_dropbacks,base,2023-25,all,1712,7.7009,3.666,0.0,37.002,33.336,the live line
1,touch,pass_dropbacks,base,2023-25,0-150,51,17.9733,17.973,0.0,36.267,18.294,
1,touch,pass_dropbacks,base,2023-25,150-200,257,10.2728,7.438,0.0,36.454,29.016,
1,touch,pass_dropbacks,base,2023-25,200-250,1133,6.8587,2.337,0.0,37.006,34.668,
1,touch,pass_dropbacks,base,2023-25,250-300,270,6.853,2.939,0.0,37.643,34.704,
1,touch,pass_dropbacks,base,2023-25,300+,1,5.9745,5.974,0.0,38.974,33.0,
1,touch,pass_yards,base,2017-18,all,1046,60.7221,-6.689,0.0,233.885,240.574,the live line
1,touch,pass_yards,base,2017-18,0-150,15,46.7267,38.682,0.0,138.282,99.6,
1,touch,pass_yards,base,2017-18,150-200,88,62.9097,7.207,0.0,185.161,177.955,
1,touch,pass_yards,base,2017-18,200-250,643,62.0671,-9.216,0.0,226.775,235.991,
1,touch,pass_yards,base,2017-18,250-300,290,57.2255,-8.371,0.0,266.812,275.183,
1,touch,pass_yards,base,2017-18,300+,10,77.3818,14.252,0.0,308.352,294.1,
1,touch,pass_yards,base,2019-22,all,2176,56.5737,-4.626,0.0,233.183,237.809,the live line
1,touch,pass_yards,base,2019-22,0-150,24,46.1126,34.081,0.0,142.248,108.167,
1,touch,pass_yards,base,2019-22,150-200,220,59.286,21.307,0.0,183.594,162.286,
1,touch,pass_yards,base,2019-22,200-250,1304,55.0004,-6.937,0.0,227.115,234.052,
1,touch,pass_yards,base,2019-22,250-300,613,59.5387,-10.894,0.0,265.645,276.538,
1,touch,pass_yards,base,2019-22,300+,15,49.1383,10.203,0.0,306.936,296.733,
1,touch,pass_yards,base,2023-25,all,1712,56.1092,1.577,0.0,223.494,221.918,the live line
1,touch,pass_yards,base,2023-25,0-150,51,55.0344,45.92,0.0,138.254,92.333,
1,touch,pass_yards,base,2023-25,150-200,257,60.9185,14.35,0.0,183.996,169.646,
1,touch,pass_yards,base,2023-25,200-250,1133,54.5661,-3.453,0.0,227.186,230.639,
1,touch,pass_yards,base,2023-25,250-300,270,58.3098,2.047,0.0,261.414,259.367,
1,touch,pass_yards,base,2023-25,300+,1,29.0139,29.014,0.0,301.014,272.0,
1,touch,pass_dropbacks,refit,2017-18,all,1046,7.5774,2.693,0.0055,38.189,35.496,
1,touch,pass_dropbacks,refit,2017-18,0-150,15,20.3698,20.37,0.0407,36.97,16.6,
1,touch,pass_dropbacks,refit,2017-18,150-200,88,9.6996,6.612,0.0181,37.021,30.409,
1,touch,pass_dropbacks,refit,2017-18,200-250,643,7.359,2.144,0.0069,37.842,35.698,
1,touch,pass_dropbacks,refit,2017-18,250-300,290,6.7663,1.728,0.0109,39.279,37.552,
1,touch,pass_dropbacks,refit,2017-18,300+,10,7.2781,5.02,0.0723,41.02,36.0,
1,touch,pass_dropbacks,refit,2019-22,all,2176,7.6634,3.036,0.004,38.222,35.186,
1,touch,pass_dropbacks,refit,2019-22,0-150,24,16.5016,16.502,0.0375,36.085,19.583,
1,touch,pass_dropbacks,refit,2019-22,150-200,220,11.7006,9.737,0.0135,37.128,27.391,
1,touch,pass_dropbacks,refit,2019-22,200-250,1304,7.0722,2.302,0.0051,37.575,35.274,
1,touch,pass_dropbacks,refit,2019-22,250-300,613,7.1761,1.711,0.0073,39.987,38.276,
1,touch,pass_dropbacks,refit,2019-22,300+,15,5.6198,1.182,0.0429,41.782,40.6,
1,touch,pass_dropbacks,refit,2023-25,all,1712,7.6814,3.608,0.0042,36.945,33.336,
1,touch,pass_dropbacks,refit,2023-25,0-150,51,17.9315,17.932,0.0227,36.226,18.294,
1,touch,pass_dropbacks,refit,2023-25,150-200,257,10.2316,7.347,0.0119,36.362,29.016,
1,touch,pass_dropbacks,refit,2023-25,200-250,1133,6.8417,2.281,0.0052,36.949,34.668,
1,touch,pass_dropbacks,refit,2023-25,250-300,270,6.8471,2.904,0.0099,37.607,34.704,
1,touch,pass_dropbacks,refit,2023-25,300+,1,6.2192,6.219,0.0,39.219,33.0,
1,touch,pass_yards,refit,2017-18,all,1046,60.7419,-6.945,0.0215,233.628,240.574,
1,touch,pass_yards,refit,2017-18,0-150,15,46.4343,38.492,0.1025,138.092,99.6,
1,touch,pass_yards,refit,2017-18,150-200,88,62.792,6.937,0.0565,184.891,177.955,
1,touch,pass_yards,refit,2017-18,200-250,643,62.092,-9.443,0.0252,226.547,235.991,
1,touch,pass_yards,refit,2017-18,250-300,290,57.2952,-8.675,0.0486,266.508,275.183,
1,touch,pass_yards,refit,2017-18,300+,10,77.3058,13.505,0.4007,307.605,294.1,
1,touch,pass_yards,refit,2019-22,all,2176,56.6169,-4.896,0.015,232.913,237.809,
1,touch,pass_yards,refit,2019-22,0-150,24,46.0233,33.817,0.1157,141.984,108.167,
1,touch,pass_yards,refit,2019-22,150-200,220,59.1897,20.921,0.0459,183.208,162.286,
1,touch,pass_yards,refit,2019-22,200-250,1304,55.0369,-7.199,0.0184,226.853,234.052,
1,touch,pass_yards,refit,2019-22,250-300,613,59.6495,-11.14,0.0311,265.398,276.538,
1,touch,pass_yards,refit,2019-22,300+,15,49.2518,9.996,0.2257,306.729,296.733,
1,touch,pass_yards,refit,2023-25,all,1712,56.1103,1.373,0.0155,223.291,221.918,
1,touch,pass_yards,refit,2023-25,0-150,51,54.9296,45.801,0.0669,138.134,92.333,
1,touch,pass_yards,refit,2023-25,150-200,257,60.8751,14.063,0.0386,183.709,169.646,
1,touch,pass_yards,refit,2023-25,200-250,1133,54.5696,-3.655,0.0187,226.984,230.639,
1,touch,pass_yards,refit,2023-25,250-300,270,58.3587,1.893,0.0438,261.259,259.367,
1,touch,pass_yards,refit,2023-25,300+,1,30.2861,30.286,0.0,302.286,272.0,
1,touch,pass_dropbacks,winprob,2017-18,all,1046,7.5776,2.693,0.0055,38.189,35.496,
1,touch,pass_dropbacks,winprob,2017-18,0-150,15,20.3706,20.371,0.04,36.971,16.6,
1,touch,pass_dropbacks,winprob,2017-18,150-200,88,9.7017,6.61,0.0188,37.02,30.409,
1,touch,pass_dropbacks,winprob,2017-18,200-250,643,7.3591,2.144,0.0068,37.842,35.698,
1,touch,pass_dropbacks,winprob,2017-18,250-300,290,6.7663,1.727,0.0109,39.279,37.552,
1,touch,pass_dropbacks,winprob,2017-18,300+,10,7.2786,5.025,0.0734,41.025,36.0,
1,touch,pass_dropbacks,winprob,2019-22,all,2176,7.6629,3.036,0.004,38.222,35.186,
1,touch,pass_dropbacks,winprob,2019-22,0-150,24,16.5047,16.505,0.037,36.088,19.583,
1,touch,pass_dropbacks,winprob,2019-22,150-200,220,11.6987,9.734,0.014,37.125,27.391,
1,touch,pass_dropbacks,winprob,2019-22,200-250,1304,7.0721,2.302,0.0051,37.576,35.274,
1,touch,pass_dropbacks,winprob,2019-22,250-300,613,7.1751,1.711,0.0075,39.987,38.276,
1,touch,pass_dropbacks,winprob,2019-22,300+,15,5.6188,1.187,0.0443,41.787,40.6,
1,touch,pass_dropbacks,winprob,2023-25,all,1712,7.6814,3.608,0.0042,36.945,33.336,
1,touch,pass_dropbacks,winprob,2023-25,0-150,51,17.9315,17.932,0.0228,36.226,18.294,
1,touch,pass_dropbacks,winprob,2023-25,150-200,257,10.231,7.347,0.012,36.362,29.016,
1,touch,pass_dropbacks,winprob,2023-25,200-250,1133,6.8416,2.281,0.0051,36.949,34.668,
1,touch,pass_dropbacks,winprob,2023-25,250-300,270,6.8479,2.903,0.01,37.607,34.704,
1,touch,pass_dropbacks,winprob,2023-25,300+,1,6.2509,6.251,0.0,39.251,33.0,
1,touch,pass_yards,winprob,2017-18,all,1046,60.7433,-6.946,0.0215,233.628,240.574,
1,touch,pass_yards,winprob,2017-18,0-150,15,46.4399,38.494,0.1016,138.094,99.6,
1,touch,pass_yards,winprob,2017-18,150-200,88,62.7931,6.933,0.0583,184.887,177.955,
1,touch,pass_yards,winprob,2017-18,200-250,643,62.0917,-9.442,0.025,226.549,235.991,
1,touch,pass_yards,winprob,2017-18,250-300,290,57.2992,-8.679,0.0488,266.504,275.183,
1,touch,pass_yards,winprob,2017-18,300+,10,77.3392,13.531,0.4062,307.631,294.1,
1,touch,pass_yards,winprob,2019-22,all,2176,56.6168,-4.896,0.015,232.913,237.809,
1,touch,pass_yards,winprob,2019-22,0-150,24,46.0234,33.827,0.1134,141.993,108.167,
1,touch,pass_yards,winprob,2019-22,150-200,220,59.1908,20.913,0.0473,183.199,162.286,
1,touch,pass_yards,winprob,2019-22,200-250,1304,55.0373,-7.198,0.0182,226.854,234.052,
1,touch,pass_yards,winprob,2019-22,250-300,613,59.6485,-11.141,0.0317,265.397,276.538,
1,touch,pass_yards,winprob,2019-22,300+,15,49.2365,10.025,0.2368,306.758,296.733,
1,touch,pass_yards,winprob,2023-25,all,1712,56.11,1.373,0.0155,223.291,221.918,
1,touch,pass_yards,winprob,2023-25,0-150,51,54.9273,45.801,0.0669,138.135,92.333,
1,touch,pass_yards,winprob,2023-25,150-200,257,60.874,14.063,0.0388,183.709,169.646,
1,touch,pass_yards,winprob,2023-25,200-250,1133,54.5685,-3.655,0.0185,226.984,230.639,
1,touch,pass_yards,winprob,2023-25,250-300,270,58.3623,1.892,0.045,261.259,259.367,
1,touch,pass_yards,winprob,2023-25,300+,1,30.4513,30.451,0.0,302.451,272.0,
1,touch,pass_dropbacks,quad,2017-18,all,1046,7.5812,2.694,0.0134,38.19,35.496,
1,touch,pass_dropbacks,quad,2017-18,0-150,15,20.4708,20.471,0.0762,37.071,16.6,
1,touch,pass_dropbacks,quad,2017-18,150-200,88,9.6568,6.238,0.0835,36.647,30.409,
1,touch,pass_dropbacks,quad,2017-18,200-250,643,7.3778,2.249,0.0132,37.947,35.698,
1,touch,pass_dropbacks,quad,2017-18,250-300,290,6.7533,1.641,0.0237,39.193,37.552,
1,touch,pass_dropbacks,quad,2017-18,300+,10,7.0692,3.976,0.4816,39.976,36.0,
1,touch,pass_dropbacks,quad,2019-22,all,2176,7.6517,3.024,0.0099,38.21,35.186,
1,touch,pass_dropbacks,quad,2019-22,0-150,24,16.5585,16.559,0.075,36.142,19.583,
1,touch,pass_dropbacks,quad,2019-22,150-200,220,11.5422,9.398,0.0558,36.788,27.391,
1,touch,pass_dropbacks,quad,2019-22,200-250,1304,7.087,2.405,0.0098,37.679,35.274,
1,touch,pass_dropbacks,quad,2019-22,250-300,613,7.1504,1.596,0.0173,39.872,38.276,
1,touch,pass_dropbacks,quad,2019-22,300+,15,5.9269,0.012,0.355,40.612,40.6,
1,touch,pass_dropbacks,quad,2023-25,all,1712,7.6743,3.603,0.0109,36.94,33.336,
1,touch,pass_dropbacks,quad,2023-25,0-150,51,17.7659,17.766,0.0907,36.06,18.294,
1,touch,pass_dropbacks,quad,2023-25,150-200,257,10.1584,7.109,0.0428,36.124,29.016,
1,touch,pass_dropbacks,quad,2023-25,200-250,1133,6.8688,2.386,0.0104,37.055,34.668,
1,touch,pass_dropbacks,quad,2023-25,250-300,270,6.7926,2.69,0.0293,37.394,34.704,
1,touch,pass_dropbacks,quad,2023-25,300+,1,5.3182,5.318,0.0,38.318,33.0,
1,touch,pass_yards,quad,2017-18,all,1046,60.6755,-6.956,0.052,233.618,240.574,
1,touch,pass_yards,quad,2017-18,0-150,15,46.4475,38.777,0.1971,138.377,99.6,
1,touch,pass_yards,quad,2017-18,150-200,88,62.7883,5.917,0.2465,183.872,177.955,
1,touch,pass_yards,quad,2017-18,200-250,643,62.1238,-9.061,0.045,226.93,235.991,
1,touch,pass_yards,quad,2017-18,250-300,290,57.1593,-9.079,0.11,266.103,275.183,
1,touch,pass_yards,quad,2017-18,300+,10,72.2682,8.082,2.0274,302.182,294.1,
1,touch,pass_yards,quad,2019-22,all,2176,56.6119,-4.95,0.0363,232.859,237.809,
1,touch,pass_yards,quad,2019-22,0-150,24,46.4179,33.976,0.2103,142.143,108.167,
1,touch,pass_yards,quad,2019-22,150-200,220,59.2537,19.958,0.1711,182.245,162.286,
1,touch,pass_yards,quad,2019-22,200-250,1304,54.9986,-6.826,0.0349,227.226,234.052,
1,touch,pass_yards,quad,2019-22,250-300,613,59.695,-11.646,0.0745,264.892,276.538,
1,touch,pass_yards,quad,2019-22,300+,15,48.4306,4.237,1.722,300.97,296.733,
1,touch,pass_yards,quad,2023-25,all,1712,56.1137,1.366,0.0373,223.284,221.918,
1,touch,pass_yards,quad,2023-25,0-150,51,54.5022,45.36,0.2588,137.694,92.333,
1,touch,pass_yards,quad,2023-25,150-200,257,60.9733,13.437,0.1227,183.083,169.646,
1,touch,pass_yards,quad,2023-25,200-250,1133,54.5773,-3.279,0.0361,227.36,230.639,
1,touch,pass_yards,quad,2023-25,250-300,270,58.3521,0.966,0.1299,260.333,259.367,
1,touch,pass_yards,quad,2023-25,300+,1,25.6213,25.621,0.0,297.621,272.0,
1,touch,pass_dropbacks,pace_0.25,2017-18,all,1046,7.5939,2.758,0.0,38.255,35.496,= base (props.PACE is 0.25 for passing)
1,touch,pass_dropbacks,pace_0.25,2017-18,0-150,15,20.4342,20.434,0.0,37.034,16.6,
1,touch,pass_dropbacks,pace_0.25,2017-18,150-200,88,9.7245,6.699,0.0,37.108,30.409,
1,touch,pass_dropbacks,pace_0.25,2017-18,200-250,643,7.3746,2.204,0.0,37.903,35.698,
1,touch,pass_dropbacks,pace_0.25,2017-18,250-300,290,6.7773,1.794,0.0,39.346,37.552,
1,touch,pass_dropbacks,pace_0.25,2017-18,300+,10,7.3693,5.164,0.0,41.164,36.0,
1,touch,pass_dropbacks,pace_0.25,2019-22,all,2176,7.686,3.11,0.0,38.296,35.186,= base (props.PACE is 0.25 for passing)
1,touch,pass_dropbacks,pace_0.25,2019-22,0-150,24,16.5953,16.595,0.0,36.179,19.583,
1,touch,pass_dropbacks,pace_0.25,2019-22,150-200,220,11.7718,9.858,0.0,37.249,27.391,
1,touch,pass_dropbacks,pace_0.25,2019-22,200-250,1304,7.0886,2.376,0.0,37.65,35.274,
1,touch,pass_dropbacks,pace_0.25,2019-22,250-300,613,7.1912,1.768,0.0,40.044,38.276,
1,touch,pass_dropbacks,pace_0.25,2019-22,300+,15,5.6617,1.22,0.0,41.82,40.6,
1,touch,pass_dropbacks,pace_0.25,2023-25,all,1712,7.7009,3.666,0.0,37.002,33.336,= base (props.PACE is 0.25 for passing)
1,touch,pass_dropbacks,pace_0.25,2023-25,0-150,51,17.9733,17.973,0.0,36.267,18.294,
1,touch,pass_dropbacks,pace_0.25,2023-25,150-200,257,10.2728,7.438,0.0,36.454,29.016,
1,touch,pass_dropbacks,pace_0.25,2023-25,200-250,1133,6.8587,2.337,0.0,37.006,34.668,
1,touch,pass_dropbacks,pace_0.25,2023-25,250-300,270,6.853,2.939,0.0,37.643,34.704,
1,touch,pass_dropbacks,pace_0.25,2023-25,300+,1,5.9745,5.974,0.0,38.974,33.0,
1,touch,pass_yards,pace_0.25,2017-18,all,1046,60.7221,-6.689,0.0,233.885,240.574,= base (props.PACE is 0.25 for passing)
1,touch,pass_yards,pace_0.25,2017-18,0-150,15,46.7267,38.682,0.0,138.282,99.6,
1,touch,pass_yards,pace_0.25,2017-18,150-200,88,62.9097,7.207,0.0,185.161,177.955,
1,touch,pass_yards,pace_0.25,2017-18,200-250,643,62.0671,-9.216,0.0,226.775,235.991,
1,touch,pass_yards,pace_0.25,2017-18,250-300,290,57.2255,-8.371,0.0,266.812,275.183,
1,touch,pass_yards,pace_0.25,2017-18,300+,10,77.3818,14.252,0.0,308.352,294.1,
1,touch,pass_yards,pace_0.25,2019-22,all,2176,56.5737,-4.626,0.0,233.183,237.809,= base (props.PACE is 0.25 for passing)
1,touch,pass_yards,pace_0.25,2019-22,0-150,24,46.1126,34.081,0.0,142.248,108.167,
1,touch,pass_yards,pace_0.25,2019-22,150-200,220,59.286,21.307,0.0,183.594,162.286,
1,touch,pass_yards,pace_0.25,2019-22,200-250,1304,55.0004,-6.937,0.0,227.115,234.052,
1,touch,pass_yards,pace_0.25,2019-22,250-300,613,59.5387,-10.894,0.0,265.645,276.538,
1,touch,pass_yards,pace_0.25,2019-22,300+,15,49.1383,10.203,0.0,306.936,296.733,
1,touch,pass_yards,pace_0.25,2023-25,all,1712,56.1092,1.577,0.0,223.494,221.918,= base (props.PACE is 0.25 for passing)
1,touch,pass_yards,pace_0.25,2023-25,0-150,51,55.0344,45.92,0.0,138.254,92.333,
1,touch,pass_yards,pace_0.25,2023-25,150-200,257,60.9185,14.35,0.0,183.996,169.646,
1,touch,pass_yards,pace_0.25,2023-25,200-250,1133,54.5661,-3.453,0.0,227.186,230.639,
1,touch,pass_yards,pace_0.25,2023-25,250-300,270,58.3098,2.047,0.0,261.414,259.367,
1,touch,pass_yards,pace_0.25,2023-25,300+,1,29.0139,29.014,0.0,301.014,272.0,
1,touch,pass_dropbacks,pace_0.5,2017-18,all,1046,7.5657,2.756,0.0273,38.252,35.496,
1,touch,pass_dropbacks,pace_0.5,2017-18,0-150,15,20.4872,20.487,0.2449,37.087,16.6,
1,touch,pass_dropbacks,pace_0.5,2017-18,150-200,88,9.5452,6.713,0.1058,37.122,30.409,
1,touch,pass_dropbacks,pace_0.5,2017-18,200-250,643,7.381,2.304,0.0332,38.002,35.698,
1,touch,pass_dropbacks,pace_0.5,2017-18,250-300,290,6.721,1.583,0.0532,39.135,37.552,
1,touch,pass_dropbacks,pace_0.5,2017-18,300+,10,7.1315,4.399,0.4504,40.399,36.0,
1,touch,pass_dropbacks,pace_0.5,2019-22,all,2176,7.7081,3.108,0.023,38.294,35.186,
1,touch,pass_dropbacks,pace_0.5,2019-22,0-150,24,17.6186,17.619,0.1901,37.202,19.583,
1,touch,pass_dropbacks,pace_0.5,2019-22,150-200,220,11.9211,10.202,0.0721,37.593,27.391,
1,touch,pass_dropbacks,pace_0.5,2019-22,200-250,1304,7.1352,2.522,0.0294,37.796,35.274,
1,touch,pass_dropbacks,pace_0.5,2019-22,250-300,613,7.0675,1.309,0.043,39.584,38.276,
1,touch,pass_dropbacks,pace_0.5,2019-22,300+,15,6.049,0.284,0.3547,40.884,40.6,
1,touch,pass_dropbacks,pace_0.5,2023-25,all,1712,7.6836,3.67,0.0241,37.006,33.336,
1,touch,pass_dropbacks,pace_0.5,2023-25,0-150,51,18.1157,18.116,0.1547,36.41,18.294,
1,touch,pass_dropbacks,pace_0.5,2023-25,150-200,257,10.219,7.56,0.0575,36.576,29.016,
1,touch,pass_dropbacks,pace_0.5,2023-25,200-250,1133,6.8225,2.323,0.0299,36.992,34.668,
1,touch,pass_dropbacks,pace_0.5,2023-25,250-300,270,6.9299,2.888,0.0604,37.592,34.704,
1,touch,pass_dropbacks,pace_0.5,2023-25,300+,1,3.2098,3.21,0.0,36.21,33.0,
1,touch,pass_yards,pace_0.5,2017-18,all,1046,60.6834,-6.733,0.1073,233.841,240.574,
1,touch,pass_yards,pace_0.5,2017-18,0-150,15,47.1928,38.873,0.6783,138.473,99.6,
1,touch,pass_yards,pace_0.5,2017-18,150-200,88,62.83,7.188,0.3367,185.143,177.955,
1,touch,pass_yards,pace_0.5,2017-18,200-250,643,61.9894,-8.856,0.1245,227.135,235.991,
1,touch,pass_yards,pace_0.5,2017-18,250-300,290,57.3803,-9.199,0.2365,265.984,275.183,
1,touch,pass_yards,pace_0.5,2017-18,300+,10,73.8482,10.433,2.0699,304.533,294.1,
1,touch,pass_yards,pace_0.5,2019-22,all,2176,56.6901,-4.673,0.0892,233.136,237.809,
1,touch,pass_yards,pace_0.5,2019-22,0-150,24,46.8176,37.243,0.8582,145.409,108.167,
1,touch,pass_yards,pace_0.5,2019-22,150-200,220,59.5078,22.449,0.2683,184.735,162.286,
1,touch,pass_yards,pace_0.5,2019-22,200-250,1304,55.034,-6.331,0.1094,227.721,234.052,
1,touch,pass_yards,pace_0.5,2019-22,250-300,613,59.7348,-12.772,0.184,263.766,276.538,
1,touch,pass_yards,pace_0.5,2019-22,300+,15,50.7002,5.588,1.7752,302.321,296.733,
1,touch,pass_yards,pace_0.5,2023-25,all,1712,56.0038,1.647,0.0899,223.565,221.918,
1,touch,pass_yards,pace_0.5,2023-25,0-150,51,55.8121,46.307,0.4322,138.64,92.333,
1,touch,pass_yards,pace_0.5,2023-25,150-200,257,60.4669,14.695,0.179,184.341,169.646,
1,touch,pass_yards,pace_0.5,2023-25,200-250,1133,54.4657,-3.416,0.1101,227.223,230.639,
1,touch,pass_yards,pace_0.5,2023-25,250-300,270,58.3984,1.99,0.2693,261.356,259.367,
1,touch,pass_yards,pace_0.5,2023-25,300+,1,14.9104,14.91,0.0,286.91,272.0,
2,touch,rec_targets,base,2017-18,all,7518,1.8787,-0.258,0.0,4.198,4.455,the live rule: an absent share is not projected
2,touch,rec_targets,base,2017-18,0-20,3641,1.3957,-0.575,0.0,2.183,2.758,
2,touch,rec_targets,base,2017-18,20-40,2160,2.1799,-0.135,0.0,4.832,4.967,
2,touch,rec_targets,base,2017-18,40-60,1183,2.4206,0.288,0.0,6.965,6.676,
2,touch,rec_targets,base,2017-18,60-80,469,2.7214,0.161,0.0,9.08,8.919,
2,touch,rec_targets,base,2017-18,80+,65,2.9814,0.469,0.0,10.361,9.892,
2,touch,rec_targets,base,2019-22,all,16076,1.8302,-0.253,0.0,4.048,4.301,the live rule: an absent share is not projected
2,touch,rec_targets,base,2019-22,0-20,8248,1.3424,-0.525,0.0,2.126,2.651,
2,touch,rec_targets,base,2019-22,20-40,4172,2.0732,-0.079,0.0,4.695,4.774,
2,touch,rec_targets,base,2019-22,40-60,2521,2.6109,0.034,0.0,6.946,6.912,
2,touch,rec_targets,base,2019-22,60-80,965,2.7096,0.39,0.0,8.932,8.542,
2,touch,rec_targets,base,2019-22,80+,170,2.9624,0.754,0.0,10.672,9.918,
2,touch,rec_targets,base,2023-25,all,12383,1.7186,-0.248,0.0,3.86,4.108,the live rule: an absent share is not projected
2,touch,rec_targets,base,2023-25,0-20,6800,1.2542,-0.473,0.0,2.085,2.558,
2,touch,rec_targets,base,2023-25,20-40,3003,2.0651,-0.085,0.0,4.667,4.752,
2,touch,rec_targets,base,2023-25,40-60,1792,2.4696,0.115,0.0,6.925,6.81,
2,touch,rec_targets,base,2023-25,60-80,651,2.6127,0.257,0.0,8.833,8.576,
2,touch,rec_targets,base,2023-25,80+,137,3.1029,0.204,0.0,10.569,10.365,
2,touch,rec_yards,base,2017-18,all,7518,19.7057,-6.649,0.0,26.403,33.052,the live rule: an absent share is not projected
2,touch,rec_yards,base,2017-18,0-20,3641,13.9336,-7.52,0.0,11.171,18.691,
2,touch,rec_yards,base,2017-18,20-40,2160,21.9589,-7.037,0.0,29.252,36.289,
2,touch,rec_yards,base,2017-18,40-60,1183,27.6944,-3.175,0.0,48.317,51.492,
2,touch,rec_yards,base,2017-18,60-80,469,31.7073,-7.808,0.0,68.045,75.853,
2,touch,rec_yards,base,2017-18,80+,65,36.1682,0.16,0.0,85.683,85.523,
2,touch,rec_yards,base,2019-22,all,16076,19.1565,-6.278,0.0,25.799,32.078,the live rule: an absent share is not projected
2,touch,rec_yards,base,2019-22,0-20,8248,13.3093,-6.887,0.0,10.963,17.85,
2,touch,rec_yards,base,2019-22,20-40,4172,21.0706,-5.511,0.0,28.773,34.284,
2,touch,rec_yards,base,2019-22,40-60,2521,28.9059,-6.442,0.0,49.261,55.703,
2,touch,rec_yards,base,2019-22,60-80,965,32.2079,-4.69,0.0,67.725,72.416,
2,touch,rec_yards,base,2019-22,80+,170,37.2066,-2.19,0.0,86.687,88.876,
2,touch,rec_yards,base,2023-25,all,12383,18.1573,-6.095,0.0,24.467,30.563,the live rule: an absent share is not projected
2,touch,rec_yards,base,2023-25,0-20,6800,12.5977,-6.137,0.0,10.724,16.86,
2,touch,rec_yards,base,2023-25,20-40,3003,21.2331,-6.522,0.0,28.67,35.192,
2,touch,rec_yards,base,2023-25,40-60,1792,27.312,-5.541,0.0,49.236,54.777,
2,touch,rec_yards,base,2023-25,60-80,651,32.6057,-5.413,0.0,67.354,72.767,
2,touch,rec_yards,base,2023-25,80+,137,38.2829,-5.19,0.0,86.745,91.934,
2,touch,rec_targets,hind_same,2017-18,all,7518,1.8795,-0.174,0.0036,4.281,4.455,hindsight absence (ceiling); rows touched 2810
2,touch,rec_targets,hind_same,2017-18,0-20,3641,1.3837,-0.525,0.0036,2.233,2.758,
2,touch,rec_targets,hind_same,2017-18,20-40,2160,2.1801,-0.056,0.0063,4.911,4.967,
2,touch,rec_targets,hind_same,2017-18,40-60,1183,2.4542,0.432,0.0123,7.109,6.676,
2,touch,rec_targets,hind_same,2017-18,60-80,469,2.7318,0.357,0.0249,9.276,8.919,
2,touch,rec_targets,hind_same,2017-18,80+,65,3.0509,0.62,0.0709,10.512,9.892,
2,touch,rec_targets,hind_same,2019-22,all,16076,1.8302,-0.17,0.0025,4.131,4.301,hindsight absence (ceiling); rows touched 2810
2,touch,rec_targets,hind_same,2019-22,0-20,8248,1.3351,-0.48,0.0021,2.17,2.651,
2,touch,rec_targets,hind_same,2019-22,20-40,4172,2.0716,0.026,0.0058,4.801,4.774,
2,touch,rec_targets,hind_same,2019-22,40-60,2521,2.6306,0.17,0.0084,7.082,6.912,
2,touch,rec_targets,hind_same,2019-22,60-80,965,2.72,0.541,0.0149,9.083,8.542,
2,touch,rec_targets,hind_same,2019-22,80+,170,3.0047,0.991,0.0465,10.909,9.918,
2,touch,rec_targets,hind_same,2023-25,all,12383,1.7127,-0.175,0.0027,3.933,4.108,hindsight absence (ceiling); rows touched 2810
2,touch,rec_targets,hind_same,2023-25,0-20,6800,1.2401,-0.419,0.0027,2.139,2.558,
2,touch,rec_targets,hind_same,2023-25,20-40,3003,2.0588,-0.005,0.0061,4.747,4.752,
2,touch,rec_targets,hind_same,2023-25,40-60,1792,2.4811,0.217,0.0093,7.027,6.81,
2,touch,rec_targets,hind_same,2023-25,60-80,651,2.6446,0.378,0.0176,8.954,8.576,
2,touch,rec_targets,hind_same,2023-25,80+,137,3.1067,0.414,0.0516,10.779,10.365,
2,touch,rec_yards,hind_same,2017-18,all,7518,19.6887,-6.21,0.0247,26.843,33.052,hindsight absence (ceiling); rows touched 2810
2,touch,rec_yards,hind_same,2017-18,0-20,3641,13.8858,-7.297,0.0248,11.393,18.691,
2,touch,rec_yards,hind_same,2017-18,20-40,2160,21.901,-6.583,0.0466,29.707,36.289,
2,touch,rec_yards,hind_same,2017-18,40-60,1183,27.8115,-2.406,0.0823,49.086,51.492,
2,touch,rec_yards,hind_same,2017-18,60-80,469,31.7181,-6.657,0.1653,69.196,75.853,
2,touch,rec_yards,hind_same,2017-18,80+,65,36.5968,1.102,0.4442,86.625,85.523,
2,touch,rec_yards,hind_same,2019-22,all,16076,19.1462,-5.816,0.0183,26.261,32.078,hindsight absence (ceiling); rows touched 2810
2,touch,rec_yards,hind_same,2019-22,0-20,8248,13.2713,-6.692,0.0141,11.158,17.85,
2,touch,rec_yards,hind_same,2019-22,20-40,4172,21.0628,-4.843,0.0462,29.441,34.284,
2,touch,rec_yards,hind_same,2019-22,40-60,2521,28.9323,-5.668,0.0617,50.035,55.703,
2,touch,rec_yards,hind_same,2019-22,60-80,965,32.285,-3.821,0.1005,68.595,72.416,
2,touch,rec_yards,hind_same,2019-22,80+,170,37.4427,-0.736,0.3047,88.141,88.876,
2,touch,rec_yards,hind_same,2023-25,all,12383,18.1543,-5.707,0.0189,24.856,30.563,hindsight absence (ceiling); rows touched 2810
2,touch,rec_yards,hind_same,2023-25,0-20,6800,12.55,-5.877,0.0175,10.984,16.86,
2,touch,rec_yards,hind_same,2023-25,20-40,3003,21.2615,-6.024,0.047,29.167,35.192,
2,touch,rec_yards,hind_same,2023-25,40-60,1792,27.3389,-5.025,0.0607,49.751,54.777,
2,touch,rec_yards,hind_same,2023-25,60-80,651,32.7969,-4.718,0.1261,68.049,72.767,
2,touch,rec_yards,hind_same,2023-25,80+,137,38.5036,-3.948,0.3414,87.986,91.934,
2,touch,rec_targets,hind_same_half,2017-18,all,7518,1.8746,-0.216,0.0018,4.239,4.455,hindsight absence (ceiling); rows touched 2810
2,touch,rec_targets,hind_same_half,2017-18,0-20,3641,1.3864,-0.55,0.0018,2.208,2.758,
2,touch,rec_targets,hind_same_half,2017-18,20-40,2160,2.1773,-0.096,0.0032,4.871,4.967,
2,touch,rec_targets,hind_same_half,2017-18,40-60,1183,2.4286,0.36,0.0064,7.037,6.676,
2,touch,rec_targets,hind_same_half,2017-18,60-80,469,2.7145,0.259,0.013,9.178,8.919,
2,touch,rec_targets,hind_same_half,2017-18,80+,65,3.0162,0.545,0.0354,10.437,9.892,
2,touch,rec_targets,hind_same_half,2019-22,all,16076,1.8256,-0.212,0.0013,4.089,4.301,hindsight absence (ceiling); rows touched 2810
2,touch,rec_targets,hind_same_half,2019-22,0-20,8248,1.3365,-0.503,0.0011,2.148,2.651,
2,touch,rec_targets,hind_same_half,2019-22,20-40,4172,2.0675,-0.026,0.0031,4.748,4.774,
2,touch,rec_targets,hind_same_half,2019-22,40-60,2521,2.6117,0.102,0.0045,7.014,6.912,
2,touch,rec_targets,hind_same_half,2019-22,60-80,965,2.7055,0.466,0.0077,9.008,8.542,
2,touch,rec_targets,hind_same_half,2019-22,80+,170,2.973,0.873,0.0246,10.79,9.918,
2,touch,rec_targets,hind_same_half,2023-25,all,12383,1.7125,-0.212,0.0014,3.896,4.108,hindsight absence (ceiling); rows touched 2810
2,touch,rec_targets,hind_same_half,2023-25,0-20,6800,1.2447,-0.446,0.0014,2.112,2.558,
2,touch,rec_targets,hind_same_half,2023-25,20-40,3003,2.0592,-0.045,0.0031,4.707,4.752,
2,touch,rec_targets,hind_same_half,2023-25,40-60,1792,2.4712,0.166,0.0048,6.976,6.81,
2,touch,rec_targets,hind_same_half,2023-25,60-80,651,2.6196,0.317,0.0098,8.893,8.576,
2,touch,rec_targets,hind_same_half,2023-25,80+,137,3.0958,0.309,0.026,10.674,10.365,
2,touch,rec_yards,hind_same_half,2017-18,all,7518,19.6842,-6.427,0.0126,26.626,33.052,hindsight absence (ceiling); rows touched 2810
2,touch,rec_yards,hind_same_half,2017-18,0-20,3641,13.9005,-7.412,0.0116,11.279,18.691,
2,touch,rec_yards,hind_same_half,2017-18,20-40,2160,21.9143,-6.805,0.0247,29.484,36.289,
2,touch,rec_yards,hind_same_half,2017-18,40-60,1183,27.7436,-2.777,0.043,48.715,51.492,
2,touch,rec_yards,hind_same_half,2017-18,60-80,469,31.6702,-7.221,0.0853,68.632,75.853,
2,touch,rec_yards,hind_same_half,2017-18,80+,65,36.3854,0.635,0.2244,86.158,85.523,
2,touch,rec_yards,hind_same_half,2019-22,all,16076,19.1334,-6.043,0.0096,26.035,32.078,hindsight absence (ceiling); rows touched 2810
2,touch,rec_yards,hind_same_half,2019-22,0-20,8248,13.2836,-6.792,0.0067,11.058,17.85,
2,touch,rec_yards,hind_same_half,2019-22,20-40,4172,21.0338,-5.165,0.0251,29.119,34.284,
2,touch,rec_yards,hind_same_half,2019-22,40-60,2521,28.8944,-6.041,0.0322,49.662,55.703,
2,touch,rec_yards,hind_same_half,2019-22,60-80,965,32.2149,-4.249,0.0523,68.166,72.416,
2,touch,rec_yards,hind_same_half,2019-22,80+,170,37.3044,-1.457,0.1538,87.42,88.876,
2,touch,rec_yards,hind_same_half,2023-25,all,12383,18.1445,-5.897,0.0098,24.666,30.563,hindsight absence (ceiling); rows touched 2810
2,touch,rec_yards,hind_same_half,2023-25,0-20,6800,12.5659,-6.009,0.0086,10.852,16.86,
2,touch,rec_yards,hind_same_half,2023-25,20-40,3003,21.2361,-6.263,0.0248,28.929,35.192,
2,touch,rec_yards,hind_same_half,2023-25,40-60,1792,27.3088,-5.269,0.0323,49.508,54.777,
2,touch,rec_yards,hind_same_half,2023-25,60-80,651,32.6688,-5.053,0.0676,67.713,72.767,
2,touch,rec_yards,hind_same_half,2023-25,80+,137,38.3805,-4.563,0.1708,87.371,91.934,
2,touch,rec_targets,hind_all,2017-18,all,7518,1.8819,-0.158,0.0031,4.297,4.455,hindsight absence (ceiling); rows touched 6491
2,touch,rec_targets,hind_all,2017-18,0-20,3641,1.386,-0.508,0.0029,2.25,2.758,
2,touch,rec_targets,hind_all,2017-18,20-40,2160,2.1912,-0.022,0.006,4.945,4.967,
2,touch,rec_targets,hind_all,2017-18,40-60,1183,2.4493,0.444,0.0113,7.12,6.676,
2,touch,rec_targets,hind_all,2017-18,60-80,469,2.7163,0.317,0.0181,9.236,8.919,
2,touch,rec_targets,hind_all,2017-18,80+,65,3.0354,0.588,0.0478,10.481,9.892,
2,touch,rec_targets,hind_all,2019-22,all,16076,1.831,-0.155,0.0021,4.145,4.301,hindsight absence (ceiling); rows touched 6491
2,touch,rec_targets,hind_all,2019-22,0-20,8248,1.3383,-0.463,0.0018,2.187,2.651,
2,touch,rec_targets,hind_all,2019-22,20-40,4172,2.0764,0.052,0.0049,4.826,4.774,
2,touch,rec_targets,hind_all,2019-22,40-60,2521,2.6149,0.174,0.0072,7.086,6.912,
2,touch,rec_targets,hind_all,2019-22,60-80,965,2.7261,0.526,0.0121,9.068,8.542,
2,touch,rec_targets,hind_all,2019-22,80+,170,3.0116,0.972,0.0377,10.89,9.918,
2,touch,rec_targets,hind_all,2023-25,all,12383,1.7192,-0.16,0.0023,3.948,4.108,hindsight absence (ceiling); rows touched 6491
2,touch,rec_targets,hind_all,2023-25,0-20,6800,1.2468,-0.414,0.0019,2.143,2.558,
2,touch,rec_targets,hind_all,2023-25,20-40,3003,2.0672,0.024,0.0055,4.776,4.752,
2,touch,rec_targets,hind_all,2023-25,40-60,1792,2.4922,0.249,0.0088,7.058,6.81,
2,touch,rec_targets,hind_all,2023-25,60-80,651,2.6247,0.397,0.0164,8.973,8.576,
2,touch,rec_targets,hind_all,2023-25,80+,137,3.1235,0.41,0.0432,10.775,10.365,
2,touch,rec_yards,hind_all,2017-18,all,7518,19.7268,-6.146,0.0174,26.907,33.052,hindsight absence (ceiling); rows touched 6491
2,touch,rec_yards,hind_all,2017-18,0-20,3641,13.9064,-7.241,0.0144,11.45,18.691,
2,touch,rec_yards,hind_all,2017-18,20-40,2160,21.9917,-6.377,0.0391,29.912,36.289,
2,touch,rec_yards,hind_all,2017-18,40-60,1183,27.8404,-2.391,0.0595,49.1,51.492,
2,touch,rec_yards,hind_all,2017-18,60-80,469,31.7181,-7.008,0.0955,68.845,75.853,
2,touch,rec_yards,hind_all,2017-18,80+,65,36.3115,0.789,0.2658,86.312,85.523,
2,touch,rec_yards,hind_all,2019-22,all,16076,19.1633,-5.761,0.0124,26.316,32.078,hindsight absence (ceiling); rows touched 6491
2,touch,rec_yards,hind_all,2019-22,0-20,8248,13.2849,-6.625,0.0087,11.225,17.85,
2,touch,rec_yards,hind_all,2019-22,20-40,4172,21.1209,-4.695,0.0333,29.589,34.284,
2,touch,rec_yards,hind_all,2019-22,40-60,2521,28.9271,-5.699,0.0399,50.005,55.703,
2,touch,rec_yards,hind_all,2019-22,60-80,965,32.2326,-3.987,0.0661,68.429,72.416,
2,touch,rec_yards,hind_all,2019-22,80+,170,37.346,-0.99,0.2169,87.886,88.876,
2,touch,rec_yards,hind_all,2023-25,all,12383,18.1673,-5.637,0.0137,24.925,30.563,hindsight absence (ceiling); rows touched 6491
2,touch,rec_yards,hind_all,2023-25,0-20,6800,12.5764,-5.886,0.0099,10.974,16.86,
2,touch,rec_yards,hind_all,2023-25,20-40,3003,21.2584,-5.836,0.0356,29.356,35.192,
2,touch,rec_yards,hind_all,2023-25,40-60,1792,27.392,-4.832,0.0511,49.944,54.777,
2,touch,rec_yards,hind_all,2023-25,60-80,651,32.6146,-4.665,0.0899,68.102,72.767,
2,touch,rec_yards,hind_all,2023-25,80+,137,38.5995,-4.088,0.2302,87.846,91.934,
2,touch,rec_targets,hind_all_half,2017-18,all,7518,1.8775,-0.208,0.0016,4.248,4.455,hindsight absence (ceiling); rows touched 6491
2,touch,rec_targets,hind_all_half,2017-18,0-20,3641,1.389,-0.541,0.0015,2.217,2.758,
2,touch,rec_targets,hind_all_half,2017-18,20-40,2160,2.183,-0.079,0.003,4.888,4.967,
2,touch,rec_targets,hind_all_half,2017-18,40-60,1183,2.4306,0.366,0.0058,7.042,6.676,
2,touch,rec_targets,hind_all_half,2017-18,60-80,469,2.7121,0.239,0.0093,9.158,8.919,
2,touch,rec_targets,hind_all_half,2017-18,80+,65,3.0034,0.529,0.0237,10.421,9.892,
2,touch,rec_targets,hind_all_half,2019-22,all,16076,1.8278,-0.204,0.0011,4.096,4.301,hindsight absence (ceiling); rows touched 6491
2,touch,rec_targets,hind_all_half,2019-22,0-20,8248,1.3391,-0.494,0.0009,2.157,2.651,
2,touch,rec_targets,hind_all_half,2019-22,20-40,4172,2.0709,-0.014,0.0025,4.761,4.774,
2,touch,rec_targets,hind_all_half,2019-22,40-60,2521,2.6086,0.104,0.0037,7.016,6.912,
2,touch,rec_targets,hind_all_half,2019-22,60-80,965,2.711,0.458,0.0064,9.0,8.542,
2,touch,rec_targets,hind_all_half,2019-22,80+,170,2.9782,0.863,0.0201,10.781,9.918,
2,touch,rec_targets,hind_all_half,2023-25,all,12383,1.7166,-0.204,0.0012,3.904,4.108,hindsight absence (ceiling); rows touched 6491
2,touch,rec_targets,hind_all_half,2023-25,0-20,6800,1.2491,-0.443,0.001,2.114,2.558,
2,touch,rec_targets,hind_all_half,2023-25,20-40,3003,2.0635,-0.031,0.0028,4.721,4.752,
2,touch,rec_targets,hind_all_half,2023-25,40-60,1792,2.476,0.182,0.0045,6.992,6.81,
2,touch,rec_targets,hind_all_half,2023-25,60-80,651,2.616,0.327,0.0084,8.903,8.576,
2,touch,rec_targets,hind_all_half,2023-25,80+,137,3.1073,0.307,0.0218,10.672,10.365,
2,touch,rec_yards,hind_all_half,2017-18,all,7518,19.7083,-6.392,0.0092,26.66,33.052,hindsight absence (ceiling); rows touched 6491
2,touch,rec_yards,hind_all_half,2017-18,0-20,3641,13.9158,-7.379,0.0075,11.312,18.691,
2,touch,rec_yards,hind_all_half,2017-18,20-40,2160,21.9631,-6.701,0.0206,29.588,36.289,
2,touch,rec_yards,hind_all_half,2017-18,40-60,1183,27.7611,-2.769,0.0318,48.723,51.492,
2,touch,rec_yards,hind_all_half,2017-18,60-80,469,31.6897,-7.399,0.0497,68.454,75.853,
2,touch,rec_yards,hind_all_half,2017-18,80+,65,36.2395,0.474,0.1325,85.997,85.523,
2,touch,rec_yards,hind_all_half,2019-22,all,16076,19.1506,-6.014,0.0065,26.063,32.078,hindsight absence (ceiling); rows touched 6491
2,touch,rec_yards,hind_all_half,2019-22,0-20,8248,13.2923,-6.755,0.0045,11.095,17.85,
2,touch,rec_yards,hind_all_half,2019-22,20-40,4172,21.0828,-5.092,0.0176,29.192,34.284,
2,touch,rec_yards,hind_all_half,2019-22,40-60,2521,28.9024,-6.059,0.021,49.645,55.703,
2,touch,rec_yards,hind_all_half,2019-22,60-80,965,32.2037,-4.332,0.0345,68.083,72.416,
2,touch,rec_yards,hind_all_half,2019-22,80+,170,37.2594,-1.588,0.1103,87.288,88.876,
2,touch,rec_yards,hind_all_half,2023-25,all,12383,18.1517,-5.86,0.0074,24.703,30.563,hindsight absence (ceiling); rows touched 6491
2,touch,rec_yards,hind_all_half,2023-25,0-20,6800,12.5831,-6.009,0.0051,10.851,16.86,
2,touch,rec_yards,hind_all_half,2023-25,20-40,3003,21.2215,-6.168,0.0198,29.023,35.192,
2,touch,rec_yards,hind_all_half,2023-25,40-60,1792,27.3412,-5.169,0.0277,49.608,54.777,
2,touch,rec_yards,hind_all_half,2023-25,60-80,651,32.5989,-5.029,0.048,67.737,72.767,
2,touch,rec_yards,hind_all_half,2023-25,80+,137,38.4124,-4.638,0.117,87.296,91.934,
2,touch,rec_targets,asof_same,2017-18,all,7518,1.8776,-0.199,0.003,4.257,4.455,"absence the rule could know (report Out/Doubtful, roster not active); rows touched 2489"
2,touch,rec_targets,asof_same,2017-18,0-20,3641,1.3894,-0.539,0.0029,2.219,2.758,
2,touch,rec_targets,asof_same,2017-18,20-40,2160,2.1792,-0.08,0.0055,4.887,4.967,
2,touch,rec_targets,asof_same,2017-18,40-60,1183,2.4304,0.395,0.0106,7.071,6.676,
2,touch,rec_targets,asof_same,2017-18,60-80,469,2.7341,0.297,0.0206,9.216,8.919,
2,touch,rec_targets,asof_same,2017-18,80+,65,2.9683,0.538,0.0404,10.43,9.892,
2,touch,rec_targets,asof_same,2019-22,all,16076,1.8303,-0.176,0.0024,4.125,4.301,"absence the rule could know (report Out/Doubtful, roster not active); rows touched 2489"
2,touch,rec_targets,asof_same,2019-22,0-20,8248,1.3364,-0.484,0.002,2.167,2.651,
2,touch,rec_targets,asof_same,2019-22,20-40,4172,2.0709,0.021,0.0056,4.796,4.774,
2,touch,rec_targets,asof_same,2019-22,40-60,2521,2.6296,0.161,0.008,7.072,6.912,
2,touch,rec_targets,asof_same,2019-22,60-80,965,2.7146,0.525,0.014,9.067,8.542,
2,touch,rec_targets,asof_same,2019-22,80+,170,3.0135,0.964,0.0436,10.881,9.918,
2,touch,rec_targets,asof_same,2023-25,all,12383,1.7131,-0.179,0.0027,3.929,4.108,"absence the rule could know (report Out/Doubtful, roster not active); rows touched 2489"
2,touch,rec_targets,asof_same,2023-25,0-20,6800,1.2408,-0.422,0.0027,2.135,2.558,
2,touch,rec_targets,asof_same,2023-25,20-40,3003,2.0594,-0.009,0.006,4.743,4.752,
2,touch,rec_targets,asof_same,2023-25,40-60,1792,2.4792,0.216,0.0092,7.025,6.81,
2,touch,rec_targets,asof_same,2023-25,60-80,651,2.6473,0.375,0.0174,8.951,8.576,
2,touch,rec_targets,asof_same,2023-25,80+,137,3.1067,0.414,0.0516,10.779,10.365,
2,touch,rec_yards,asof_same,2017-18,all,7518,19.6935,-6.336,0.0213,26.717,33.052,"absence the rule could know (report Out/Doubtful, roster not active); rows touched 2489"
2,touch,rec_yards,asof_same,2017-18,0-20,3641,13.9211,-7.359,0.0212,11.331,18.691,
2,touch,rec_yards,asof_same,2017-18,20-40,2160,21.894,-6.725,0.0411,29.565,36.289,
2,touch,rec_yards,asof_same,2017-18,40-60,1183,27.7344,-2.591,0.0731,48.901,51.492,
2,touch,rec_yards,asof_same,2017-18,60-80,469,31.8203,-7.0,0.1352,68.852,75.853,
2,touch,rec_yards,asof_same,2017-18,80+,65,36.069,0.574,0.242,86.097,85.523,
2,touch,rec_yards,asof_same,2019-22,all,16076,19.1429,-5.849,0.0175,26.228,32.078,"absence the rule could know (report Out/Doubtful, roster not active); rows touched 2489"
2,touch,rec_yards,asof_same,2019-22,0-20,8248,13.2743,-6.708,0.0136,11.142,17.85,
2,touch,rec_yards,asof_same,2019-22,20-40,4172,21.0538,-4.869,0.0445,29.415,34.284,
2,touch,rec_yards,asof_same,2019-22,40-60,2521,28.9242,-5.734,0.0575,49.969,55.703,
2,touch,rec_yards,asof_same,2019-22,60-80,965,32.2707,-3.914,0.0969,68.501,72.416,
2,touch,rec_yards,asof_same,2019-22,80+,170,37.4122,-0.922,0.2913,87.955,88.876,
2,touch,rec_yards,asof_same,2023-25,all,12383,18.1558,-5.727,0.0184,24.835,30.563,"absence the rule could know (report Out/Doubtful, roster not active); rows touched 2489"
2,touch,rec_yards,asof_same,2023-25,0-20,6800,12.552,-5.896,0.0167,10.964,16.86,
2,touch,rec_yards,asof_same,2023-25,20-40,3003,21.267,-6.052,0.046,29.139,35.192,
2,touch,rec_yards,asof_same,2023-25,40-60,1792,27.3256,-5.038,0.0594,49.739,54.777,
2,touch,rec_yards,asof_same,2023-25,60-80,651,32.8155,-4.735,0.1248,68.031,72.767,
2,touch,rec_yards,asof_same,2023-25,80+,137,38.5036,-3.948,0.3414,87.986,91.934,
2,touch,rec_targets,asof_same_half,2017-18,all,7518,1.875,-0.228,0.0015,4.227,4.455,"absence the rule could know (report Out/Doubtful, roster not active); rows touched 2489"
2,touch,rec_targets,asof_same_half,2017-18,0-20,3641,1.3903,-0.557,0.0015,2.201,2.758,
2,touch,rec_targets,asof_same_half,2017-18,20-40,2160,2.1774,-0.107,0.0028,4.86,4.967,
2,touch,rec_targets,asof_same_half,2017-18,40-60,1183,2.4192,0.342,0.0055,7.018,6.676,
2,touch,rec_targets,asof_same_half,2017-18,60-80,469,2.7197,0.229,0.0106,9.148,8.919,
2,touch,rec_targets,asof_same_half,2017-18,80+,65,2.9749,0.503,0.0202,10.396,9.892,
2,touch,rec_targets,asof_same_half,2019-22,all,16076,1.8258,-0.214,0.0013,4.086,4.301,"absence the rule could know (report Out/Doubtful, roster not active); rows touched 2489"
2,touch,rec_targets,asof_same_half,2019-22,0-20,8248,1.3372,-0.504,0.0011,2.146,2.651,
2,touch,rec_targets,asof_same_half,2019-22,20-40,4172,2.0672,-0.029,0.003,4.746,4.774,
2,touch,rec_targets,asof_same_half,2019-22,40-60,2521,2.6115,0.097,0.0043,7.009,6.912,
2,touch,rec_targets,asof_same_half,2019-22,60-80,965,2.7029,0.457,0.0073,8.999,8.542,
2,touch,rec_targets,asof_same_half,2019-22,80+,170,2.9775,0.859,0.0233,10.776,9.918,
2,touch,rec_targets,asof_same_half,2023-25,all,12383,1.7128,-0.213,0.0014,3.895,4.108,"absence the rule could know (report Out/Doubtful, roster not active); rows touched 2489"
2,touch,rec_targets,asof_same_half,2023-25,0-20,6800,1.2453,-0.447,0.0014,2.11,2.558,
2,touch,rec_targets,asof_same_half,2023-25,20-40,3003,2.0597,-0.047,0.0031,4.705,4.752,
2,touch,rec_targets,asof_same_half,2023-25,40-60,1792,2.4702,0.166,0.0047,6.975,6.81,
2,touch,rec_targets,asof_same_half,2023-25,60-80,651,2.621,0.316,0.0097,8.892,8.576,
2,touch,rec_targets,asof_same_half,2023-25,80+,137,3.0958,0.309,0.026,10.674,10.365,
2,touch,rec_yards,asof_same_half,2017-18,all,7518,19.6906,-6.49,0.011,26.562,33.052,"absence the rule could know (report Out/Doubtful, roster not active); rows touched 2489"
2,touch,rec_yards,asof_same_half,2017-18,0-20,3641,13.9203,-7.442,0.0104,11.248,18.691,
2,touch,rec_yards,asof_same_half,2017-18,20-40,2160,21.9174,-6.877,0.0219,29.413,36.289,
2,touch,rec_yards,asof_same_half,2017-18,40-60,1183,27.7109,-2.872,0.0379,48.62,51.492,
2,touch,rec_yards,asof_same_half,2017-18,60-80,469,31.7245,-7.397,0.0701,68.456,75.853,
2,touch,rec_yards,asof_same_half,2017-18,80+,65,36.1181,0.368,0.1216,85.891,85.523,
2,touch,rec_yards,asof_same_half,2019-22,all,16076,19.1328,-6.06,0.0092,26.018,32.078,"absence the rule could know (report Out/Doubtful, roster not active); rows touched 2489"
2,touch,rec_yards,asof_same_half,2019-22,0-20,8248,13.2858,-6.8,0.0065,11.05,17.85,
2,touch,rec_yards,asof_same_half,2019-22,20-40,4172,21.0297,-5.178,0.0242,29.106,34.284,
2,touch,rec_yards,asof_same_half,2019-22,40-60,2521,28.8905,-6.075,0.03,49.628,55.703,
2,touch,rec_yards,asof_same_half,2019-22,60-80,965,32.2139,-4.296,0.0504,68.119,72.416,
2,touch,rec_yards,asof_same_half,2019-22,80+,170,37.3087,-1.55,0.1474,87.326,88.876,
2,touch,rec_yards,asof_same_half,2023-25,all,12383,18.1454,-5.907,0.0096,24.656,30.563,"absence the rule could know (report Out/Doubtful, roster not active); rows touched 2489"
2,touch,rec_yards,asof_same_half,2023-25,0-20,6800,12.5671,-6.018,0.0082,10.842,16.86,
2,touch,rec_yards,asof_same_half,2023-25,20-40,3003,21.2393,-6.277,0.0243,28.915,35.192,
2,touch,rec_yards,asof_same_half,2023-25,40-60,1792,27.302,-5.275,0.0317,49.502,54.777,
2,touch,rec_yards,asof_same_half,2023-25,60-80,651,32.6779,-5.062,0.067,67.704,72.767,
2,touch,rec_yards,asof_same_half,2023-25,80+,137,38.3805,-4.563,0.1708,87.371,91.934,
2,touch,rec_targets,asof_all,2017-18,all,7518,1.8794,-0.187,0.0025,4.268,4.455,"absence the rule could know (report Out/Doubtful, roster not active); rows touched 5799"
2,touch,rec_targets,asof_all,2017-18,0-20,3641,1.3892,-0.528,0.0022,2.23,2.758,
2,touch,rec_targets,asof_all,2017-18,20-40,2160,2.1885,-0.056,0.005,4.911,4.967,
2,touch,rec_targets,asof_all,2017-18,40-60,1183,2.4259,0.398,0.0094,7.075,6.676,
2,touch,rec_targets,asof_all,2017-18,60-80,469,2.7299,0.271,0.0149,9.19,8.919,
2,touch,rec_targets,asof_all,2017-18,80+,65,2.9838,0.537,0.0313,10.429,9.892,
2,touch,rec_targets,asof_all,2019-22,all,16076,1.8306,-0.162,0.002,4.138,4.301,"absence the rule could know (report Out/Doubtful, roster not active); rows touched 5799"
2,touch,rec_targets,asof_all,2019-22,0-20,8248,1.3394,-0.468,0.0016,2.183,2.651,
2,touch,rec_targets,asof_all,2019-22,20-40,4172,2.0744,0.043,0.0047,4.818,4.774,
2,touch,rec_targets,asof_all,2019-22,40-60,2521,2.613,0.165,0.0069,7.076,6.912,
2,touch,rec_targets,asof_all,2019-22,60-80,965,2.7219,0.514,0.0116,9.056,8.542,
2,touch,rec_targets,asof_all,2019-22,80+,170,3.0188,0.952,0.0358,10.869,9.918,
2,touch,rec_targets,asof_all,2023-25,all,12383,1.7191,-0.164,0.0023,3.944,4.108,"absence the rule could know (report Out/Doubtful, roster not active); rows touched 5799"
2,touch,rec_targets,asof_all,2023-25,0-20,6800,1.2474,-0.418,0.0018,2.14,2.558,
2,touch,rec_targets,asof_all,2023-25,20-40,3003,2.0675,0.018,0.0053,4.771,4.752,
2,touch,rec_targets,asof_all,2023-25,40-60,1792,2.489,0.245,0.0085,7.054,6.81,
2,touch,rec_targets,asof_all,2023-25,60-80,651,2.6249,0.393,0.0162,8.97,8.576,
2,touch,rec_targets,asof_all,2023-25,80+,137,3.1235,0.41,0.0432,10.775,10.365,
2,touch,rec_yards,asof_all,2017-18,all,7518,19.7189,-6.295,0.0143,26.757,33.052,"absence the rule could know (report Out/Doubtful, roster not active); rows touched 5799"
2,touch,rec_yards,asof_all,2017-18,0-20,3641,13.9211,-7.324,0.0109,11.366,18.691,
2,touch,rec_yards,asof_all,2017-18,20-40,2160,21.9631,-6.58,0.0322,29.71,36.289,
2,touch,rec_yards,asof_all,2017-18,40-60,1183,27.7768,-2.608,0.0506,48.884,51.492,
2,touch,rec_yards,asof_all,2017-18,60-80,469,31.8064,-7.234,0.0781,68.619,75.853,
2,touch,rec_yards,asof_all,2017-18,80+,65,36.0432,0.521,0.1847,86.044,85.523,
2,touch,rec_yards,asof_all,2019-22,all,16076,19.1648,-5.799,0.0117,26.279,32.078,"absence the rule could know (report Out/Doubtful, roster not active); rows touched 5799"
2,touch,rec_yards,asof_all,2019-22,0-20,8248,13.2903,-6.647,0.0079,11.203,17.85,
2,touch,rec_yards,asof_all,2019-22,20-40,4172,21.12,-4.745,0.0313,29.539,34.284,
2,touch,rec_yards,asof_all,2019-22,40-60,2521,28.9218,-5.752,0.0379,49.951,55.703,
2,touch,rec_yards,asof_all,2019-22,60-80,965,32.2299,-4.045,0.0639,68.37,72.416,
2,touch,rec_yards,asof_all,2019-22,80+,170,37.3413,-1.111,0.2098,87.766,88.876,
2,touch,rec_yards,asof_all,2023-25,all,12383,18.1629,-5.662,0.0131,24.901,30.563,"absence the rule could know (report Out/Doubtful, roster not active); rows touched 5799"
2,touch,rec_yards,asof_all,2023-25,0-20,6800,12.5727,-5.906,0.009,10.955,16.86,
2,touch,rec_yards,asof_all,2023-25,20-40,3003,21.2619,-5.874,0.0342,29.318,35.192,
2,touch,rec_yards,asof_all,2023-25,40-60,1792,27.3706,-4.857,0.0487,49.92,54.777,
2,touch,rec_yards,asof_all,2023-25,60-80,651,32.613,-4.685,0.0888,68.082,72.767,
2,touch,rec_yards,asof_all,2023-25,80+,137,38.5995,-4.088,0.2302,87.846,91.934,
2,touch,rec_targets,asof_all_half,2017-18,all,7518,1.8771,-0.223,0.0013,4.233,4.455,"absence the rule could know (report Out/Doubtful, roster not active); rows touched 5799"
2,touch,rec_targets,asof_all_half,2017-18,0-20,3641,1.3911,-0.551,0.0012,2.207,2.758,
2,touch,rec_targets,asof_all_half,2017-18,20-40,2160,2.1824,-0.096,0.0025,4.872,4.967,
2,touch,rec_targets,asof_all_half,2017-18,40-60,1183,2.4203,0.343,0.0048,7.02,6.676,
2,touch,rec_targets,asof_all_half,2017-18,60-80,469,2.7207,0.216,0.0077,9.135,8.919,
2,touch,rec_targets,asof_all_half,2017-18,80+,65,2.9776,0.503,0.0153,10.395,9.892,
2,touch,rec_targets,asof_all_half,2019-22,all,16076,1.8276,-0.208,0.001,4.093,4.301,"absence the rule could know (report Out/Doubtful, roster not active); rows touched 5799"
2,touch,rec_targets,asof_all_half,2019-22,0-20,8248,1.3396,-0.496,0.0008,2.154,2.651,
2,touch,rec_targets,asof_all_half,2019-22,20-40,4172,2.0701,-0.018,0.0024,4.757,4.774,
2,touch,rec_targets,asof_all_half,2019-22,40-60,2521,2.6078,0.099,0.0035,7.011,6.912,
2,touch,rec_targets,asof_all_half,2019-22,60-80,965,2.709,0.452,0.0061,8.994,8.542,
2,touch,rec_targets,asof_all_half,2019-22,80+,170,2.9818,0.853,0.0192,10.77,9.918,
2,touch,rec_targets,asof_all_half,2023-25,all,12383,1.7167,-0.206,0.0012,3.902,4.108,"absence the rule could know (report Out/Doubtful, roster not active); rows touched 5799"
2,touch,rec_targets,asof_all_half,2023-25,0-20,6800,1.2495,-0.445,0.0009,2.112,2.558,
2,touch,rec_targets,asof_all_half,2023-25,20-40,3003,2.0638,-0.033,0.0027,4.719,4.752,
2,touch,rec_targets,asof_all_half,2023-25,40-60,1792,2.4744,0.18,0.0044,6.99,6.81,
2,touch,rec_targets,asof_all_half,2023-25,60-80,651,2.6161,0.325,0.0083,8.901,8.576,
2,touch,rec_targets,asof_all_half,2023-25,80+,137,3.1073,0.307,0.0218,10.672,10.365,
2,touch,rec_yards,asof_all_half,2017-18,all,7518,19.707,-6.468,0.0075,26.584,33.052,"absence the rule could know (report Out/Doubtful, roster not active); rows touched 5799"
2,touch,rec_yards,asof_all_half,2017-18,0-20,3641,13.925,-7.421,0.0056,11.27,18.691,
2,touch,rec_yards,asof_all_half,2017-18,20-40,2160,21.9539,-6.805,0.0168,29.484,36.289,
2,touch,rec_yards,asof_all_half,2017-18,40-60,1183,27.7296,-2.88,0.0272,48.612,51.492,
2,touch,rec_yards,asof_all_half,2017-18,60-80,469,31.738,-7.516,0.0405,68.336,75.853,
2,touch,rec_yards,asof_all_half,2017-18,80+,65,36.1058,0.34,0.0921,85.863,85.523,
2,touch,rec_yards,asof_all_half,2019-22,all,16076,19.1523,-6.033,0.0062,26.044,32.078,"absence the rule could know (report Out/Doubtful, roster not active); rows touched 5799"
2,touch,rec_yards,asof_all_half,2019-22,0-20,8248,13.2956,-6.766,0.0041,11.084,17.85,
2,touch,rec_yards,asof_all_half,2019-22,20-40,4172,21.083,-5.118,0.0165,29.166,34.284,
2,touch,rec_yards,asof_all_half,2019-22,40-60,2521,28.9001,-6.086,0.0201,49.617,55.703,
2,touch,rec_yards,asof_all_half,2019-22,60-80,965,32.204,-4.361,0.0336,68.054,72.416,
2,touch,rec_yards,asof_all_half,2019-22,80+,170,37.2769,-1.649,0.1052,87.228,88.876,
2,touch,rec_yards,asof_all_half,2023-25,all,12383,18.1501,-5.872,0.0071,24.691,30.563,"absence the rule could know (report Out/Doubtful, roster not active); rows touched 5799"
2,touch,rec_yards,asof_all_half,2023-25,0-20,6800,12.5815,-6.019,0.0046,10.841,16.86,
2,touch,rec_yards,asof_all_half,2023-25,20-40,3003,21.2251,-6.188,0.0192,29.004,35.192,
2,touch,rec_yards,asof_all_half,2023-25,40-60,1792,27.3302,-5.181,0.0265,49.595,54.777,
2,touch,rec_yards,asof_all_half,2023-25,60-80,651,32.5974,-5.04,0.0474,67.727,72.767,
2,touch,rec_yards,asof_all_half,2023-25,80+,137,38.4124,-4.638,0.117,87.296,91.934,
2,active,rec_targets,base,2017-18,all,9239,1.8427,0.104,0.0,3.73,3.625,the live rule: an absent share is not projected
2,active,rec_targets,base,2017-18,0-20,5331,1.4294,0.068,0.0,1.995,1.927,
2,active,rec_targets,base,2017-18,20-40,2256,2.2903,0.049,0.0,4.886,4.837,
2,active,rec_targets,base,2017-18,40-60,1157,2.4924,0.309,0.0,7.084,6.775,
2,active,rec_targets,base,2017-18,60-80,440,2.6759,0.246,0.0,9.164,8.918,
2,active,rec_targets,base,2017-18,80+,55,3.2231,0.418,0.0,10.382,9.964,
2,active,rec_targets,base,2019-22,all,20298,1.778,0.128,0.0,3.534,3.406,the live rule: an absent share is not projected
2,active,rec_targets,base,2019-22,0-20,12424,1.3734,0.112,0.0,1.917,1.805,
2,active,rec_targets,base,2019-22,20-40,4354,2.1884,0.109,0.0,4.769,4.66,
2,active,rec_targets,base,2019-22,40-60,2502,2.6614,0.116,0.0,7.058,6.942,
2,active,rec_targets,base,2019-22,60-80,886,2.77,0.387,0.0,9.104,8.717,
2,active,rec_targets,base,2019-22,80+,132,2.9168,0.77,0.0,10.8,10.03,
2,active,rec_targets,base,2023-25,all,15966,1.6507,0.126,0.0,3.312,3.186,the live rule: an absent share is not projected
2,active,rec_targets,base,2023-25,0-20,10381,1.2753,0.124,0.0,1.842,1.718,
2,active,rec_targets,base,2023-25,20-40,3097,2.1654,0.066,0.0,4.736,4.67,
2,active,rec_targets,base,2023-25,40-60,1803,2.5106,0.16,0.0,7.047,6.887,
2,active,rec_targets,base,2023-25,60-80,572,2.7204,0.258,0.0,9.031,8.773,
2,active,rec_targets,base,2023-25,80+,113,2.893,0.668,0.0,10.686,10.018,
2,active,rec_yards,base,2017-18,all,9239,17.6243,-4.271,0.0,22.624,26.895,the live rule: an absent share is not projected
2,active,rec_yards,base,2017-18,0-20,5331,11.9423,-3.121,0.0,9.936,13.057,
2,active,rec_yards,base,2017-18,20-40,2256,22.4561,-6.38,0.0,29.145,35.524,
2,active,rec_yards,base,2017-18,40-60,1157,27.929,-4.02,0.0,48.192,52.212,
2,active,rec_yards,base,2017-18,60-80,440,31.6587,-8.368,0.0,67.894,76.261,
2,active,rec_yards,base,2017-18,80+,55,41.1262,-1.825,0.0,84.939,86.764,
2,active,rec_yards,base,2019-22,all,20298,16.8346,-3.771,0.0,21.634,25.405,the live rule: an absent share is not projected
2,active,rec_yards,base,2019-22,0-20,12424,11.317,-2.564,0.0,9.614,12.177,
2,active,rec_yards,base,2019-22,20-40,4354,21.5406,-4.882,0.0,28.764,33.646,
2,active,rec_yards,base,2019-22,40-60,2502,29.3289,-7.129,0.0,49.174,56.303,
2,active,rec_yards,base,2019-22,60-80,886,32.616,-5.908,0.0,67.714,73.622,
2,active,rec_yards,base,2019-22,80+,132,38.173,-2.74,0.0,86.609,89.348,
2,active,rec_yards,base,2023-25,all,15966,15.6969,-3.581,0.0,20.123,23.704,the live rule: an absent share is not projected
2,active,rec_yards,base,2023-25,0-20,10381,10.5672,-2.11,0.0,9.21,11.32,
2,active,rec_yards,base,2023-25,20-40,3097,21.7451,-6.345,0.0,28.622,34.967,
2,active,rec_yards,base,2023-25,40-60,1803,27.9586,-6.405,0.0,49.208,55.613,
2,active,rec_yards,base,2023-25,60-80,572,33.0499,-6.26,0.0,67.46,73.72,
2,active,rec_yards,base,2023-25,80+,113,37.7046,-4.32,0.0,86.06,90.381,
2,active,rec_targets,hind_same,2017-18,all,9239,1.8464,0.173,0.0028,3.798,3.625,hindsight absence (ceiling); rows touched 3273
2,active,rec_targets,hind_same,2017-18,0-20,5331,1.4261,0.107,0.0025,2.033,1.927,
2,active,rec_targets,hind_same,2017-18,20-40,2256,2.2928,0.123,0.0057,4.96,4.837,
2,active,rec_targets,hind_same,2017-18,40-60,1157,2.5244,0.45,0.0121,7.225,6.775,
2,active,rec_targets,hind_same,2017-18,60-80,440,2.6848,0.441,0.0249,9.359,8.918,
2,active,rec_targets,hind_same,2017-18,80+,55,3.3073,0.592,0.0821,10.556,9.964,
2,active,rec_targets,hind_same,2019-22,all,20298,1.7824,0.194,0.0019,3.6,3.406,hindsight absence (ceiling); rows touched 3273
2,active,rec_targets,hind_same,2019-22,0-20,12424,1.3756,0.147,0.0014,1.952,1.805,
2,active,rec_targets,hind_same,2019-22,20-40,4354,2.1903,0.206,0.0054,4.866,4.66,
2,active,rec_targets,hind_same,2019-22,40-60,2502,2.6794,0.248,0.0082,7.19,6.942,
2,active,rec_targets,hind_same,2019-22,60-80,886,2.7741,0.524,0.0149,9.241,8.717,
2,active,rec_targets,hind_same,2019-22,80+,132,2.9604,1.014,0.0528,11.045,10.03,
2,active,rec_targets,hind_same,2023-25,all,15966,1.651,0.182,0.002,3.368,3.186,hindsight absence (ceiling); rows touched 3273
2,active,rec_targets,hind_same,2023-25,0-20,10381,1.2731,0.162,0.0017,1.881,1.718,
2,active,rec_targets,hind_same,2023-25,20-40,3097,2.1616,0.143,0.0058,4.813,4.67,
2,active,rec_targets,hind_same,2023-25,40-60,1803,2.5224,0.253,0.0087,7.14,6.887,
2,active,rec_targets,hind_same,2023-25,60-80,572,2.7438,0.39,0.0195,9.163,8.773,
2,active,rec_targets,hind_same,2023-25,80+,113,2.937,0.853,0.0509,10.87,10.018,
2,active,rec_yards,hind_same,2017-18,all,9239,17.6124,-3.93,0.0187,22.966,26.895,hindsight absence (ceiling); rows touched 3273
2,active,rec_yards,hind_same,2017-18,0-20,5331,11.9245,-2.968,0.0164,10.089,13.057,
2,active,rec_yards,hind_same,2017-18,20-40,2256,22.3867,-5.977,0.0397,29.547,35.524,
2,active,rec_yards,hind_same,2017-18,40-60,1157,28.0384,-3.265,0.0792,48.947,52.212,
2,active,rec_yards,hind_same,2017-18,60-80,440,31.6326,-7.231,0.1625,69.03,76.261,
2,active,rec_yards,hind_same,2017-18,80+,55,41.6055,-0.734,0.5011,86.03,86.764,
2,active,rec_yards,hind_same,2019-22,all,20298,16.8376,-3.42,0.0135,21.985,25.405,hindsight absence (ceiling); rows touched 3273
2,active,rec_yards,hind_same,2019-22,0-20,12424,11.3141,-2.421,0.0091,9.756,12.177,
2,active,rec_yards,hind_same,2019-22,20-40,4354,21.5395,-4.286,0.0408,29.36,33.646,
2,active,rec_yards,hind_same,2019-22,40-60,2502,29.3603,-6.387,0.0582,49.916,56.303,
2,active,rec_yards,hind_same,2019-22,60-80,886,32.6119,-5.123,0.0939,68.499,73.622,
2,active,rec_yards,hind_same,2019-22,80+,132,38.3798,-1.236,0.3534,88.112,89.348,
2,active,rec_yards,hind_same,2023-25,all,15966,15.7079,-3.297,0.0134,20.407,23.704,hindsight absence (ceiling); rows touched 3273
2,active,rec_yards,hind_same,2023-25,0-20,10381,10.5582,-1.945,0.0102,9.375,11.32,
2,active,rec_yards,hind_same,2023-25,20-40,3097,21.7732,-5.88,0.0431,29.087,34.967,
2,active,rec_yards,hind_same,2023-25,40-60,1803,27.9956,-5.953,0.0556,49.66,55.613,
2,active,rec_yards,hind_same,2023-25,60-80,572,33.1828,-5.497,0.1251,68.224,73.72,
2,active,rec_yards,hind_same,2023-25,80+,113,38.0471,-3.223,0.3431,87.158,90.381,
2,active,rec_targets,hind_same_half,2017-18,all,9239,1.8412,0.138,0.0015,3.764,3.625,hindsight absence (ceiling); rows touched 3273
2,active,rec_targets,hind_same_half,2017-18,0-20,5331,1.4256,0.088,0.0013,2.014,1.927,
2,active,rec_targets,hind_same_half,2017-18,20-40,2256,2.2893,0.086,0.0029,4.923,4.837,
2,active,rec_targets,hind_same_half,2017-18,40-60,1157,2.4999,0.379,0.0064,7.154,6.775,
2,active,rec_targets,hind_same_half,2017-18,60-80,440,2.6679,0.344,0.0131,9.262,8.918,
2,active,rec_targets,hind_same_half,2017-18,80+,55,3.2652,0.505,0.0411,10.469,9.964,
2,active,rec_targets,hind_same_half,2019-22,all,20298,1.7772,0.161,0.001,3.567,3.406,hindsight absence (ceiling); rows touched 3273
2,active,rec_targets,hind_same_half,2019-22,0-20,12424,1.3732,0.129,0.0008,1.935,1.805,
2,active,rec_targets,hind_same_half,2019-22,20-40,4354,2.1854,0.157,0.0028,4.817,4.66,
2,active,rec_targets,hind_same_half,2019-22,40-60,2502,2.6622,0.182,0.0044,7.124,6.942,
2,active,rec_targets,hind_same_half,2019-22,60-80,886,2.767,0.456,0.0075,9.172,8.717,
2,active,rec_targets,hind_same_half,2019-22,80+,132,2.9251,0.892,0.0284,10.923,10.03,
2,active,rec_targets,hind_same_half,2023-25,all,15966,1.6488,0.154,0.001,3.34,3.186,hindsight absence (ceiling); rows touched 3273
2,active,rec_targets,hind_same_half,2023-25,0-20,10381,1.2728,0.143,0.0009,1.862,1.718,
2,active,rec_targets,hind_same_half,2023-25,20-40,3097,2.1613,0.105,0.003,4.775,4.67,
2,active,rec_targets,hind_same_half,2023-25,40-60,1803,2.5131,0.206,0.0045,7.093,6.887,
2,active,rec_targets,hind_same_half,2023-25,60-80,572,2.7248,0.324,0.0106,9.097,8.773,
2,active,rec_targets,hind_same_half,2023-25,80+,113,2.9047,0.761,0.0257,10.778,10.018,
2,active,rec_yards,hind_same_half,2017-18,all,9239,17.6069,-4.1,0.0095,22.796,26.895,hindsight absence (ceiling); rows touched 3273
2,active,rec_yards,hind_same_half,2017-18,0-20,5331,11.9267,-3.047,0.0078,10.01,13.057,
2,active,rec_yards,hind_same_half,2017-18,20-40,2256,22.4085,-6.175,0.0206,29.349,35.524,
2,active,rec_yards,hind_same_half,2017-18,40-60,1157,27.9687,-3.633,0.0413,48.579,52.212,
2,active,rec_yards,hind_same_half,2017-18,60-80,440,31.5951,-7.794,0.0835,68.467,76.261,
2,active,rec_yards,hind_same_half,2017-18,80+,55,41.3448,-1.274,0.2477,85.49,86.764,
2,active,rec_yards,hind_same_half,2019-22,all,20298,16.8226,-3.594,0.007,21.811,25.405,hindsight absence (ceiling); rows touched 3273
2,active,rec_yards,hind_same_half,2019-22,0-20,12424,11.3105,-2.495,0.0044,9.682,12.177,
2,active,rec_yards,hind_same_half,2019-22,20-40,4354,21.5126,-4.577,0.0218,29.069,33.646,
2,active,rec_yards,hind_same_half,2019-22,40-60,2502,29.3194,-6.749,0.0302,49.553,56.303,
2,active,rec_yards,hind_same_half,2019-22,60-80,886,32.5895,-5.511,0.0486,68.111,73.622,
2,active,rec_yards,hind_same_half,2019-22,80+,132,38.2394,-1.984,0.1828,87.364,89.348,
2,active,rec_yards,hind_same_half,2023-25,all,15966,15.6936,-3.437,0.007,20.267,23.704,hindsight absence (ceiling); rows touched 3273
2,active,rec_yards,hind_same_half,2023-25,0-20,10381,10.5571,-2.029,0.0051,9.291,11.32,
2,active,rec_yards,hind_same_half,2023-25,20-40,3097,21.7488,-6.106,0.0228,28.861,34.967,
2,active,rec_yards,hind_same_half,2023-25,40-60,1803,27.9648,-6.17,0.0293,49.443,55.613,
2,active,rec_yards,hind_same_half,2023-25,60-80,572,33.0701,-5.872,0.0672,67.848,73.72,
2,active,rec_yards,hind_same_half,2023-25,80+,113,37.859,-3.768,0.1707,86.613,90.381,
2,active,rec_targets,hind_all,2017-18,all,9239,1.852,0.186,0.0024,3.811,3.625,hindsight absence (ceiling); rows touched 8108
2,active,rec_targets,hind_all,2017-18,0-20,5331,1.435,0.122,0.002,2.048,1.927,
2,active,rec_targets,hind_all,2017-18,20-40,2256,2.3046,0.153,0.0055,4.99,4.837,
2,active,rec_targets,hind_all,2017-18,40-60,1157,2.5085,0.45,0.0105,7.225,6.775,
2,active,rec_targets,hind_all,2017-18,60-80,440,2.6773,0.389,0.0172,9.307,8.918,
2,active,rec_targets,hind_all,2017-18,80+,55,3.2814,0.551,0.0527,10.515,9.964,
2,active,rec_targets,hind_all,2019-22,all,20298,1.7853,0.205,0.0016,3.612,3.406,hindsight absence (ceiling); rows touched 8108
2,active,rec_targets,hind_all,2019-22,0-20,12424,1.3809,0.16,0.0012,1.965,1.805,
2,active,rec_targets,hind_all,2019-22,20-40,4354,2.1942,0.227,0.0044,4.887,4.66,
2,active,rec_targets,hind_all,2019-22,40-60,2502,2.6655,0.246,0.0068,7.188,6.942,
2,active,rec_targets,hind_all,2019-22,60-80,886,2.7832,0.507,0.0113,9.224,8.717,
2,active,rec_targets,hind_all,2019-22,80+,132,2.976,0.985,0.041,11.015,10.03,
2,active,rec_targets,hind_all,2023-25,all,15966,1.6574,0.193,0.0017,3.379,3.186,hindsight absence (ceiling); rows touched 8108
2,active,rec_targets,hind_all,2023-25,0-20,10381,1.2799,0.169,0.0012,1.887,1.718,
2,active,rec_targets,hind_all,2023-25,20-40,3097,2.1706,0.165,0.0049,4.835,4.67,
2,active,rec_targets,hind_all,2023-25,40-60,1803,2.5286,0.281,0.0082,7.167,6.887,
2,active,rec_targets,hind_all,2023-25,60-80,572,2.7348,0.395,0.0164,9.167,8.773,
2,active,rec_targets,hind_all,2023-25,80+,113,2.9246,0.837,0.0402,10.854,10.018,
2,active,rec_yards,hind_all,2017-18,all,9239,17.6561,-3.885,0.0125,23.011,26.895,hindsight absence (ceiling); rows touched 8108
2,active,rec_yards,hind_all,2017-18,0-20,5331,11.9675,-2.917,0.0087,10.14,13.057,
2,active,rec_yards,hind_all,2017-18,20-40,2256,22.4936,-5.793,0.0333,29.731,35.524,
2,active,rec_yards,hind_all,2017-18,40-60,1157,27.9796,-3.322,0.0526,48.89,52.212,
2,active,rec_yards,hind_all,2017-18,60-80,440,31.6833,-7.647,0.0885,68.614,76.261,
2,active,rec_yards,hind_all,2017-18,80+,55,41.2192,-1.122,0.2812,85.642,86.764,
2,active,rec_yards,hind_all,2019-22,all,20298,16.8546,-3.382,0.0088,22.023,25.405,hindsight absence (ceiling); rows touched 8108
2,active,rec_yards,hind_all,2019-22,0-20,12424,11.3352,-2.371,0.0054,9.807,12.177,
2,active,rec_yards,hind_all,2019-22,20-40,4354,21.5756,-4.174,0.0278,29.472,33.646,
2,active,rec_yards,hind_all,2019-22,40-60,2502,29.3409,-6.452,0.0365,49.851,56.303,
2,active,rec_yards,hind_all,2019-22,60-80,886,32.5981,-5.284,0.0628,68.338,73.622,
2,active,rec_yards,hind_all,2019-22,80+,132,38.2904,-1.553,0.244,87.796,89.348,
2,active,rec_yards,hind_all,2023-25,all,15966,15.7196,-3.25,0.0093,20.454,23.704,hindsight absence (ceiling); rows touched 8108
2,active,rec_yards,hind_all,2023-25,0-20,10381,10.5831,-1.936,0.0056,9.384,11.32,
2,active,rec_yards,hind_all,2023-25,20-40,3097,21.7676,-5.749,0.0302,29.218,34.967,
2,active,rec_yards,hind_all,2023-25,40-60,1803,28.0027,-5.785,0.0462,49.828,55.613,
2,active,rec_yards,hind_all,2023-25,60-80,572,33.0616,-5.537,0.0865,68.183,73.72,
2,active,rec_yards,hind_all,2023-25,80+,113,38.0658,-3.427,0.2175,86.954,90.381,
2,active,rec_targets,hind_all_half,2017-18,all,9239,1.8454,0.145,0.0012,3.77,3.625,hindsight absence (ceiling); rows touched 8108
2,active,rec_targets,hind_all_half,2017-18,0-20,5331,1.4311,0.095,0.001,2.022,1.927,
2,active,rec_targets,hind_all_half,2017-18,20-40,2256,2.2953,0.101,0.0028,4.938,4.837,
2,active,rec_targets,hind_all_half,2017-18,40-60,1157,2.4965,0.379,0.0053,7.155,6.775,
2,active,rec_targets,hind_all_half,2017-18,60-80,440,2.6702,0.317,0.0088,9.236,8.918,
2,active,rec_targets,hind_all_half,2017-18,80+,55,3.2463,0.485,0.0262,10.448,9.964,
2,active,rec_targets,hind_all_half,2019-22,all,20298,1.7798,0.167,0.0008,3.573,3.406,hindsight absence (ceiling); rows touched 8108
2,active,rec_targets,hind_all_half,2019-22,0-20,12424,1.3764,0.136,0.0006,1.941,1.805,
2,active,rec_targets,hind_all_half,2019-22,20-40,4354,2.1881,0.168,0.0023,4.828,4.66,
2,active,rec_targets,hind_all_half,2019-22,40-60,2502,2.6601,0.181,0.0035,7.123,6.942,
2,active,rec_targets,hind_all_half,2019-22,60-80,886,2.7718,0.447,0.0059,9.164,8.717,
2,active,rec_targets,hind_all_half,2019-22,80+,132,2.9365,0.877,0.0222,10.908,10.03,
2,active,rec_targets,hind_all_half,2023-25,all,15966,1.6526,0.159,0.0009,3.346,3.186,hindsight absence (ceiling); rows touched 8108
2,active,rec_targets,hind_all_half,2023-25,0-20,10381,1.2768,0.146,0.0006,1.865,1.718,
2,active,rec_targets,hind_all_half,2023-25,20-40,3097,2.1658,0.116,0.0025,4.786,4.67,
2,active,rec_targets,hind_all_half,2023-25,40-60,1803,2.5156,0.22,0.0043,7.107,6.887,
2,active,rec_targets,hind_all_half,2023-25,60-80,572,2.7258,0.326,0.0083,9.099,8.773,
2,active,rec_targets,hind_all_half,2023-25,80+,113,2.9017,0.753,0.0205,10.77,10.018,
2,active,rec_yards,hind_all_half,2017-18,all,9239,17.6344,-4.076,0.0065,22.819,26.895,hindsight absence (ceiling); rows touched 8108
2,active,rec_yards,hind_all_half,2017-18,0-20,5331,11.9526,-3.019,0.0045,10.039,13.057,
2,active,rec_yards,hind_all_half,2017-18,20-40,2256,22.4658,-6.083,0.0174,29.441,35.524,
2,active,rec_yards,hind_all_half,2017-18,40-60,1157,27.946,-3.664,0.0274,48.548,52.212,
2,active,rec_yards,hind_all_half,2017-18,60-80,440,31.6491,-8.007,0.0453,68.255,76.261,
2,active,rec_yards,hind_all_half,2017-18,80+,55,41.1478,-1.474,0.1364,85.29,86.764,
2,active,rec_yards,hind_all_half,2019-22,all,20298,16.8391,-3.574,0.0046,21.831,25.405,hindsight absence (ceiling); rows touched 8108
2,active,rec_yards,hind_all_half,2019-22,0-20,12424,11.3239,-2.467,0.0027,9.71,12.177,
2,active,rec_yards,hind_all_half,2019-22,20-40,4354,21.5463,-4.522,0.0147,29.124,33.646,
2,active,rec_yards,hind_all_half,2019-22,40-60,2502,29.3244,-6.785,0.0187,49.518,56.303,
2,active,rec_yards,hind_all_half,2019-22,60-80,886,32.5991,-5.591,0.0324,68.031,73.622,
2,active,rec_yards,hind_all_half,2019-22,80+,132,38.23,-2.147,0.1223,87.201,89.348,
2,active,rec_yards,hind_all_half,2023-25,all,15966,15.7024,-3.412,0.005,20.292,23.704,hindsight absence (ceiling); rows touched 8108
2,active,rec_yards,hind_all_half,2023-25,0-20,10381,10.5731,-2.022,0.0029,9.298,11.32,
2,active,rec_yards,hind_all_half,2023-25,20-40,3097,21.741,-6.041,0.0169,28.926,34.967,
2,active,rec_yards,hind_all_half,2023-25,40-60,1803,27.9728,-6.084,0.0246,49.529,55.613,
2,active,rec_yards,hind_all_half,2023-25,60-80,572,33.0415,-5.897,0.0451,67.824,73.72,
2,active,rec_yards,hind_all_half,2023-25,80+,113,37.8668,-3.874,0.109,86.507,90.381,
2,active,rec_targets,asof_same,2017-18,all,9239,1.8443,0.153,0.0023,3.778,3.625,"absence the rule could know (report Out/Doubtful, roster not active); rows touched 2912"
2,active,rec_targets,asof_same,2017-18,0-20,5331,1.4287,0.095,0.002,2.022,1.927,
2,active,rec_targets,asof_same,2017-18,20-40,2256,2.2919,0.102,0.0049,4.939,4.837,
2,active,rec_targets,asof_same,2017-18,40-60,1157,2.5019,0.41,0.0103,7.186,6.775,
2,active,rec_targets,asof_same,2017-18,60-80,440,2.6849,0.382,0.0206,9.3,8.918,
2,active,rec_targets,asof_same,2017-18,80+,55,3.2108,0.496,0.0462,10.46,9.964,
2,active,rec_targets,asof_same,2019-22,all,20298,1.7818,0.19,0.0018,3.596,3.406,"absence the rule could know (report Out/Doubtful, roster not active); rows touched 2912"
2,active,rec_targets,asof_same,2019-22,0-20,12424,1.3756,0.144,0.0014,1.95,1.805,
2,active,rec_targets,asof_same,2019-22,20-40,4354,2.1894,0.202,0.0052,4.862,4.66,
2,active,rec_targets,asof_same,2019-22,40-60,2502,2.677,0.237,0.0077,7.179,6.942,
2,active,rec_targets,asof_same,2019-22,60-80,886,2.7697,0.51,0.014,9.227,8.717,
2,active,rec_targets,asof_same,2019-22,80+,132,2.9717,0.979,0.0484,11.009,10.03,
2,active,rec_targets,asof_same,2023-25,all,15966,1.651,0.179,0.002,3.365,3.186,"absence the rule could know (report Out/Doubtful, roster not active); rows touched 2912"
2,active,rec_targets,asof_same,2023-25,0-20,10381,1.2734,0.16,0.0017,1.879,1.718,
2,active,rec_targets,asof_same,2023-25,20-40,3097,2.1618,0.14,0.0057,4.81,4.67,
2,active,rec_targets,asof_same,2023-25,40-60,1803,2.5194,0.25,0.0086,7.137,6.887,
2,active,rec_targets,asof_same,2023-25,60-80,572,2.7469,0.387,0.0193,9.16,8.773,
2,active,rec_targets,asof_same,2023-25,80+,113,2.937,0.853,0.0509,10.87,10.018,
2,active,rec_yards,asof_same,2017-18,all,9239,17.6185,-4.028,0.0158,22.867,26.895,"absence the rule could know (report Out/Doubtful, roster not active); rows touched 2912"
2,active,rec_yards,asof_same,2017-18,0-20,5331,11.9465,-3.012,0.0138,10.045,13.057,
2,active,rec_yards,asof_same,2017-18,20-40,2256,22.3965,-6.096,0.0346,29.429,35.524,
2,active,rec_yards,asof_same,2017-18,40-60,1157,27.9658,-3.46,0.0691,48.752,52.212,
2,active,rec_yards,asof_same,2017-18,60-80,440,31.7118,-7.569,0.1308,68.692,76.261,
2,active,rec_yards,asof_same,2017-18,80+,55,40.988,-1.351,0.2465,85.413,86.764,
2,active,rec_yards,asof_same,2019-22,all,20298,16.8326,-3.446,0.0128,21.959,25.405,"absence the rule could know (report Out/Doubtful, roster not active); rows touched 2912"
2,active,rec_yards,asof_same,2019-22,0-20,12424,11.3133,-2.433,0.0088,9.745,12.177,
2,active,rec_yards,asof_same,2019-22,20-40,4354,21.5299,-4.308,0.0393,29.338,33.646,
2,active,rec_yards,asof_same,2019-22,40-60,2502,29.3414,-6.464,0.0537,49.839,56.303,
2,active,rec_yards,asof_same,2019-22,60-80,886,32.6092,-5.199,0.0906,68.422,73.622,
2,active,rec_yards,asof_same,2019-22,80+,132,38.3823,-1.479,0.335,87.87,89.348,
2,active,rec_yards,asof_same,2023-25,all,15966,15.7079,-3.312,0.0131,20.392,23.704,"absence the rule could know (report Out/Doubtful, roster not active); rows touched 2912"
2,active,rec_yards,asof_same,2023-25,0-20,10381,10.5601,-1.955,0.01,9.365,11.32,
2,active,rec_yards,asof_same,2023-25,20-40,3097,21.7742,-5.907,0.0419,29.06,34.967,
2,active,rec_yards,asof_same,2023-25,40-60,1803,27.9764,-5.971,0.054,49.641,55.613,
2,active,rec_yards,asof_same,2023-25,60-80,572,33.2054,-5.515,0.1234,68.205,73.72,
2,active,rec_yards,asof_same,2023-25,80+,113,38.0471,-3.223,0.3431,87.158,90.381,
2,active,rec_targets,asof_same_half,2017-18,all,9239,1.8412,0.128,0.0012,3.754,3.625,"absence the rule could know (report Out/Doubtful, roster not active); rows touched 2912"
2,active,rec_targets,asof_same_half,2017-18,0-20,5331,1.4276,0.082,0.001,2.009,1.927,
2,active,rec_targets,asof_same_half,2017-18,20-40,2256,2.2894,0.076,0.0026,4.913,4.837,
2,active,rec_targets,asof_same_half,2017-18,40-60,1157,2.4912,0.359,0.0054,7.135,6.775,
2,active,rec_targets,asof_same_half,2017-18,60-80,440,2.6722,0.314,0.0106,9.232,8.918,
2,active,rec_targets,asof_same_half,2017-18,80+,55,3.217,0.457,0.0231,10.421,9.964,
2,active,rec_targets,asof_same_half,2019-22,all,20298,1.777,0.159,0.001,3.565,3.406,"absence the rule could know (report Out/Doubtful, roster not active); rows touched 2912"
2,active,rec_targets,asof_same_half,2019-22,0-20,12424,1.3732,0.128,0.0007,1.933,1.805,
2,active,rec_targets,asof_same_half,2019-22,20-40,4354,2.185,0.155,0.0027,4.815,4.66,
2,active,rec_targets,asof_same_half,2019-22,40-60,2502,2.6612,0.177,0.0042,7.119,6.942,
2,active,rec_targets,asof_same_half,2019-22,60-80,886,2.7649,0.449,0.0071,9.166,8.717,
2,active,rec_targets,asof_same_half,2019-22,80+,132,2.9308,0.874,0.0264,10.905,10.03,
2,active,rec_targets,asof_same_half,2023-25,all,15966,1.6489,0.152,0.001,3.338,3.186,"absence the rule could know (report Out/Doubtful, roster not active); rows touched 2912"
2,active,rec_targets,asof_same_half,2023-25,0-20,10381,1.273,0.142,0.0009,1.86,1.718,
2,active,rec_targets,asof_same_half,2023-25,20-40,3097,2.1615,0.103,0.0029,4.773,4.67,
2,active,rec_targets,asof_same_half,2023-25,40-60,1803,2.5116,0.205,0.0044,7.092,6.887,
2,active,rec_targets,asof_same_half,2023-25,60-80,572,2.7264,0.323,0.0105,9.095,8.773,
2,active,rec_targets,asof_same_half,2023-25,80+,113,2.9047,0.761,0.0257,10.778,10.018,
2,active,rec_yards,asof_same_half,2017-18,all,9239,17.613,-4.149,0.0081,22.746,26.895,"absence the rule could know (report Out/Doubtful, roster not active); rows touched 2912"
2,active,rec_yards,asof_same_half,2017-18,0-20,5331,11.9397,-3.069,0.0069,9.988,13.057,
2,active,rec_yards,asof_same_half,2017-18,20-40,2256,22.4179,-6.235,0.018,29.289,35.524,
2,active,rec_yards,asof_same_half,2017-18,40-60,1157,27.9387,-3.732,0.0357,48.48,52.212,
2,active,rec_yards,asof_same_half,2017-18,60-80,440,31.6354,-7.965,0.0679,68.297,76.261,
2,active,rec_yards,asof_same_half,2017-18,80+,55,41.0322,-1.587,0.1109,85.177,86.764,
2,active,rec_yards,asof_same_half,2019-22,all,20298,16.821,-3.608,0.0066,21.798,25.405,"absence the rule could know (report Out/Doubtful, roster not active); rows touched 2912"
2,active,rec_yards,asof_same_half,2019-22,0-20,12424,11.3107,-2.501,0.0043,9.677,12.177,
2,active,rec_yards,asof_same_half,2019-22,20-40,4354,21.5077,-4.589,0.0209,29.057,33.646,
2,active,rec_yards,asof_same_half,2019-22,40-60,2502,29.3104,-6.789,0.0278,49.514,56.303,
2,active,rec_yards,asof_same_half,2019-22,60-80,886,32.5921,-5.549,0.047,68.073,73.622,
2,active,rec_yards,asof_same_half,2019-22,80+,132,38.2787,-2.106,0.1684,87.242,89.348,
2,active,rec_yards,asof_same_half,2023-25,all,15966,15.6936,-3.444,0.0068,20.26,23.704,"absence the rule could know (report Out/Doubtful, roster not active); rows touched 2912"
2,active,rec_yards,asof_same_half,2023-25,0-20,10381,10.558,-2.033,0.005,9.287,11.32,
2,active,rec_yards,asof_same_half,2023-25,20-40,3097,21.7492,-6.119,0.0222,28.848,34.967,
2,active,rec_yards,asof_same_half,2023-25,40-60,1803,27.9551,-6.18,0.0285,49.433,55.613,
2,active,rec_yards,asof_same_half,2023-25,60-80,572,33.0816,-5.882,0.0664,67.839,73.72,
2,active,rec_yards,asof_same_half,2023-25,80+,113,37.859,-3.768,0.1707,86.613,90.381,
2,active,rec_targets,asof_all,2017-18,all,9239,1.8477,0.162,0.0019,3.787,3.625,"absence the rule could know (report Out/Doubtful, roster not active); rows touched 7257"
2,active,rec_targets,asof_all,2017-18,0-20,5331,1.4334,0.106,0.0016,2.032,1.927,
2,active,rec_targets,asof_all,2017-18,20-40,2256,2.3008,0.123,0.0045,4.96,4.837,
2,active,rec_targets,asof_all,2017-18,40-60,1157,2.4897,0.405,0.0084,7.18,6.775,
2,active,rec_targets,asof_all,2017-18,60-80,440,2.6835,0.35,0.0144,9.268,8.918,
2,active,rec_targets,asof_all,2017-18,80+,55,3.223,0.493,0.0334,10.456,9.964,
2,active,rec_targets,asof_all,2019-22,all,20298,1.7842,0.2,0.0015,3.606,3.406,"absence the rule could know (report Out/Doubtful, roster not active); rows touched 7257"
2,active,rec_targets,asof_all,2019-22,0-20,12424,1.3806,0.157,0.0011,1.962,1.805,
2,active,rec_targets,asof_all,2019-22,20-40,4354,2.192,0.219,0.0042,4.879,4.66,
2,active,rec_targets,asof_all,2019-22,40-60,2502,2.6628,0.236,0.0064,7.178,6.942,
2,active,rec_targets,asof_all,2019-22,60-80,886,2.7796,0.497,0.0108,9.213,8.717,
2,active,rec_targets,asof_all,2019-22,80+,132,2.9841,0.961,0.0385,10.991,10.03,
2,active,rec_targets,asof_all,2023-25,all,15966,1.657,0.19,0.0016,3.376,3.186,"absence the rule could know (report Out/Doubtful, roster not active); rows touched 7257"
2,active,rec_targets,asof_all,2023-25,0-20,10381,1.2799,0.166,0.0012,1.885,1.718,
2,active,rec_targets,asof_all,2023-25,20-40,3097,2.1705,0.161,0.0047,4.831,4.67,
2,active,rec_targets,asof_all,2023-25,40-60,1803,2.5247,0.276,0.0079,7.163,6.887,
2,active,rec_targets,asof_all,2023-25,60-80,572,2.7351,0.391,0.0162,9.164,8.773,
2,active,rec_targets,asof_all,2023-25,80+,113,2.9246,0.837,0.0402,10.854,10.018,
2,active,rec_yards,asof_all,2017-18,all,9239,17.6428,-3.999,0.01,22.897,26.895,"absence the rule could know (report Out/Doubtful, roster not active); rows touched 7257"
2,active,rec_yards,asof_all,2017-18,0-20,5331,11.9628,-2.977,0.0068,10.08,13.057,
2,active,rec_yards,asof_all,2017-18,20-40,2256,22.4723,-5.966,0.0268,29.558,35.524,
2,active,rec_yards,asof_all,2017-18,40-60,1157,27.9353,-3.535,0.043,48.677,52.212,
2,active,rec_yards,asof_all,2017-18,60-80,440,31.7249,-7.83,0.0744,68.431,76.261,
2,active,rec_yards,asof_all,2017-18,80+,55,40.9145,-1.426,0.1764,85.337,86.764,
2,active,rec_yards,asof_all,2019-22,all,20298,16.853,-3.412,0.0082,21.994,25.405,"absence the rule could know (report Out/Doubtful, roster not active); rows touched 7257"
2,active,rec_yards,asof_all,2019-22,0-20,12424,11.3355,-2.386,0.005,9.791,12.177,
2,active,rec_yards,asof_all,2019-22,20-40,4354,21.5711,-4.217,0.0261,29.429,33.646,
2,active,rec_yards,asof_all,2019-22,40-60,2502,29.3313,-6.513,0.0337,49.79,56.303,
2,active,rec_yards,asof_all,2019-22,60-80,886,32.5981,-5.333,0.0608,68.289,73.622,
2,active,rec_yards,asof_all,2019-22,80+,132,38.333,-1.695,0.2304,87.653,89.348,
2,active,rec_yards,asof_all,2023-25,all,15966,15.716,-3.267,0.0089,20.437,23.704,"absence the rule could know (report Out/Doubtful, roster not active); rows touched 7257"
2,active,rec_yards,asof_all,2023-25,0-20,10381,10.5813,-1.947,0.0054,9.373,11.32,
2,active,rec_yards,asof_all,2023-25,20-40,3097,21.769,-5.781,0.0291,29.186,34.967,
2,active,rec_yards,asof_all,2023-25,40-60,1803,27.9791,-5.811,0.0432,49.802,55.613,
2,active,rec_yards,asof_all,2023-25,60-80,572,33.0616,-5.557,0.0854,68.163,73.72,
2,active,rec_yards,asof_all,2023-25,80+,113,38.0658,-3.427,0.2175,86.954,90.381,
2,active,rec_targets,asof_all_half,2017-18,all,9239,1.8438,0.133,0.001,3.758,3.625,"absence the rule could know (report Out/Doubtful, roster not active); rows touched 7257"
2,active,rec_targets,asof_all_half,2017-18,0-20,5331,1.4306,0.087,0.0008,2.014,1.927,
2,active,rec_targets,asof_all_half,2017-18,20-40,2256,2.294,0.086,0.0023,4.923,4.837,
2,active,rec_targets,asof_all_half,2017-18,40-60,1157,2.4884,0.357,0.0043,7.132,6.775,
2,active,rec_targets,asof_all_half,2017-18,60-80,440,2.6748,0.298,0.0074,9.216,8.918,
2,active,rec_targets,asof_all_half,2017-18,80+,55,3.2171,0.455,0.0162,10.419,9.964,
2,active,rec_targets,asof_all_half,2019-22,all,20298,1.7793,0.164,0.0008,3.57,3.406,"absence the rule could know (report Out/Doubtful, roster not active); rows touched 7257"
2,active,rec_targets,asof_all_half,2019-22,0-20,12424,1.3763,0.134,0.0006,1.94,1.805,
2,active,rec_targets,asof_all_half,2019-22,20-40,4354,2.1872,0.164,0.0021,4.824,4.66,
2,active,rec_targets,asof_all_half,2019-22,40-60,2502,2.6589,0.176,0.0033,7.118,6.942,
2,active,rec_targets,asof_all_half,2019-22,60-80,886,2.77,0.442,0.0057,9.159,8.717,
2,active,rec_targets,asof_all_half,2019-22,80+,132,2.9405,0.865,0.021,10.896,10.03,
2,active,rec_targets,asof_all_half,2023-25,all,15966,1.6524,0.158,0.0008,3.344,3.186,"absence the rule could know (report Out/Doubtful, roster not active); rows touched 7257"
2,active,rec_targets,asof_all_half,2023-25,0-20,10381,1.2769,0.145,0.0006,1.863,1.718,
2,active,rec_targets,asof_all_half,2023-25,20-40,3097,2.1659,0.113,0.0024,4.783,4.67,
2,active,rec_targets,asof_all_half,2023-25,40-60,1803,2.5137,0.218,0.0041,7.105,6.887,
2,active,rec_targets,asof_all_half,2023-25,60-80,572,2.726,0.325,0.0082,9.097,8.773,
2,active,rec_targets,asof_all_half,2023-25,80+,113,2.9017,0.753,0.0205,10.77,10.018,
2,active,rec_yards,asof_all_half,2017-18,all,9239,17.6294,-4.134,0.0052,22.761,26.895,"absence the rule could know (report Out/Doubtful, roster not active); rows touched 7257"
2,active,rec_yards,asof_all_half,2017-18,0-20,5331,11.9516,-3.049,0.0034,10.008,13.057,
2,active,rec_yards,asof_all_half,2017-18,20-40,2256,22.4581,-6.171,0.0138,29.353,35.524,
2,active,rec_yards,asof_all_half,2017-18,40-60,1157,27.9249,-3.772,0.0225,48.44,52.212,
2,active,rec_yards,asof_all_half,2017-18,60-80,440,31.67,-8.098,0.0384,68.163,76.261,
2,active,rec_yards,asof_all_half,2017-18,80+,55,40.9958,-1.626,0.0809,85.138,86.764,
2,active,rec_yards,asof_all_half,2019-22,all,20298,16.8386,-3.589,0.0042,21.816,25.405,"absence the rule could know (report Out/Doubtful, roster not active); rows touched 7257"
2,active,rec_yards,asof_all_half,2019-22,0-20,12424,11.3242,-2.475,0.0025,9.702,12.177,
2,active,rec_yards,asof_all_half,2019-22,20-40,4354,21.5443,-4.545,0.0137,29.101,33.646,
2,active,rec_yards,asof_all_half,2019-22,40-60,2502,29.3209,-6.815,0.0172,49.488,56.303,
2,active,rec_yards,asof_all_half,2019-22,60-80,886,32.6011,-5.616,0.0315,68.006,73.622,
2,active,rec_yards,asof_all_half,2019-22,80+,132,38.2535,-2.218,0.115,87.13,89.348,
2,active,rec_yards,asof_all_half,2023-25,all,15966,15.7007,-3.42,0.0048,20.283,23.704,"absence the rule could know (report Out/Doubtful, roster not active); rows touched 7257"
2,active,rec_yards,asof_all_half,2023-25,0-20,10381,10.5723,-2.027,0.0028,9.293,11.32,
2,active,rec_yards,asof_all_half,2023-25,20-40,3097,21.7419,-6.057,0.0163,28.91,34.967,
2,active,rec_yards,asof_all_half,2023-25,40-60,1803,27.9609,-6.098,0.0231,49.515,55.613,
2,active,rec_yards,asof_all_half,2023-25,60-80,572,33.0415,-5.906,0.0446,67.814,73.72,
2,active,rec_yards,asof_all_half,2023-25,80+,113,37.8668,-3.874,0.109,86.507,90.381,
2,touch,rush_carries,base,2017-18,all,3497,3.1066,-0.342,0.0,7.055,7.397,the live rule: an absent share is not projected
2,touch,rush_carries,base,2017-18,0-20,1672,1.8556,-0.8,0.0,2.607,3.407,
2,touch,rush_carries,base,2017-18,20-40,874,3.7375,-0.007,0.0,7.52,7.527,
2,touch,rush_carries,base,2017-18,40-60,644,4.6289,-0.074,0.0,13.022,13.096,
2,touch,rush_carries,base,2017-18,60-80,257,4.7367,0.648,0.0,16.741,16.093,
2,touch,rush_carries,base,2017-18,80+,50,5.927,0.579,0.0,21.039,20.46,
2,touch,rush_carries,base,2019-22,all,7778,2.9828,-0.451,0.0,6.653,7.104,the live rule: an absent share is not projected
2,touch,rush_carries,base,2019-22,0-20,3990,1.8296,-0.813,0.0,2.407,3.22,
2,touch,rush_carries,base,2019-22,20-40,1805,3.8048,-0.265,0.0,7.62,7.885,
2,touch,rush_carries,base,2019-22,40-60,1315,4.4493,0.01,0.0,12.738,12.729,
2,touch,rush_carries,base,2019-22,60-80,557,4.7146,0.297,0.0,16.634,16.338,
2,touch,rush_carries,base,2019-22,80+,111,5.006,0.315,0.0,21.36,21.045,
2,touch,rush_carries,base,2023-25,all,6196,2.8765,-0.325,0.0,6.727,7.052,the live rule: an absent share is not projected
2,touch,rush_carries,base,2023-25,0-20,3157,1.8002,-0.773,0.0,2.423,3.196,
2,touch,rush_carries,base,2023-25,20-40,1420,3.4745,0.101,0.0,7.39,7.289,
2,touch,rush_carries,base,2023-25,40-60,1069,4.3678,0.027,0.0,13.15,13.123,
2,touch,rush_carries,base,2023-25,60-80,468,4.5712,0.301,0.0,16.729,16.427,
2,touch,rush_carries,base,2023-25,80+,82,4.8414,1.406,0.0,20.114,18.707,
2,touch,rush_yards,base,2017-18,all,3497,18.0799,-4.448,0.0,26.79,31.238,the live rule: an absent share is not projected
2,touch,rush_yards,base,2017-18,0-20,1672,11.102,-4.695,0.0,9.411,14.106,
2,touch,rush_yards,base,2017-18,20-40,874,20.485,-4.811,0.0,28.109,32.92,
2,touch,rush_yards,base,2017-18,40-60,644,26.3268,-4.648,0.0,48.989,53.637,
2,touch,rush_yards,base,2017-18,60-80,257,31.6661,-3.142,0.0,67.944,71.086,
2,touch,rush_yards,base,2017-18,80+,50,33.3275,6.037,0.0,87.477,81.44,
2,touch,rush_yards,base,2019-22,all,7778,17.7805,-5.223,0.0,25.871,31.095,the live rule: an absent share is not projected
2,touch,rush_yards,base,2019-22,0-20,3990,10.6251,-4.467,0.0,8.769,13.236,
2,touch,rush_yards,base,2019-22,20-40,1805,21.4432,-5.255,0.0,29.679,34.934,
2,touch,rush_yards,base,2019-22,40-60,1315,27.4898,-7.58,0.0,49.466,57.046,
2,touch,rush_yards,base,2019-22,60-80,557,30.42,-4.235,0.0,67.704,71.939,
2,touch,rush_yards,base,2019-22,80+,111,36.9752,-8.95,0.0,89.284,98.234,
2,touch,rush_yards,base,2023-25,all,6196,17.0413,-4.687,0.0,25.872,30.559,the live rule: an absent share is not projected
2,touch,rush_yards,base,2023-25,0-20,3157,10.746,-4.806,0.0,8.768,13.574,
2,touch,rush_yards,base,2023-25,20-40,1420,18.9071,-3.349,0.0,28.327,31.676,
2,touch,rush_yards,base,2023-25,40-60,1069,26.0651,-6.457,0.0,50.105,56.562,
2,touch,rush_yards,base,2023-25,60-80,468,29.925,-4.328,0.0,67.686,72.015,
2,touch,rush_yards,base,2023-25,80+,82,35.9275,-2.24,0.0,87.272,89.512,
2,touch,rush_carries,hind_same,2017-18,all,3497,3.1014,-0.022,0.0167,7.375,7.397,hindsight absence (ceiling); rows touched 2413
2,touch,rush_carries,hind_same,2017-18,0-20,1672,1.798,-0.659,0.0154,2.748,3.407,
2,touch,rush_carries,hind_same,2017-18,20-40,874,3.6743,0.493,0.039,8.021,7.527,
2,touch,rush_carries,hind_same,2017-18,40-60,644,4.7458,0.411,0.049,13.507,13.096,
2,touch,rush_carries,hind_same,2017-18,60-80,257,4.9356,1.11,0.0894,17.203,16.093,
2,touch,rush_carries,hind_same,2017-18,80+,50,6.0644,0.855,0.1054,21.315,20.46,
2,touch,rush_carries,hind_same,2019-22,all,7778,2.9532,-0.137,0.0104,6.967,7.104,hindsight absence (ceiling); rows touched 2413
2,touch,rush_carries,hind_same,2019-22,0-20,3990,1.7966,-0.662,0.0094,2.558,3.22,
2,touch,rush_carries,hind_same,2019-22,20-40,1805,3.7328,0.261,0.0284,8.145,7.885,
2,touch,rush_carries,hind_same,2019-22,40-60,1315,4.4587,0.533,0.0337,13.261,12.729,
2,touch,rush_carries,hind_same,2019-22,60-80,557,4.7442,0.634,0.0418,16.972,16.338,
2,touch,rush_carries,hind_same,2019-22,80+,111,5.0291,0.454,0.0582,21.499,21.045,
2,touch,rush_carries,hind_same,2023-25,all,6196,2.8413,-0.104,0.0098,6.948,7.052,hindsight absence (ceiling); rows touched 2413
2,touch,rush_carries,hind_same,2023-25,0-20,3157,1.7629,-0.662,0.0085,2.535,3.196,
2,touch,rush_carries,hind_same,2023-25,20-40,1420,3.4083,0.448,0.0268,7.738,7.289,
2,touch,rush_carries,hind_same,2023-25,40-60,1069,4.3612,0.365,0.0311,13.489,13.123,
2,touch,rush_carries,hind_same,2023-25,60-80,468,4.5682,0.611,0.0423,17.038,16.427,
2,touch,rush_carries,hind_same,2023-25,80+,82,4.8741,1.61,0.071,20.317,18.707,
2,touch,rush_yards,hind_same,2017-18,all,3497,18.0989,-3.437,0.0565,27.801,31.238,hindsight absence (ceiling); rows touched 2413
2,touch,rush_yards,hind_same,2017-18,0-20,1672,10.9476,-4.239,0.0616,9.867,14.106,
2,touch,rush_yards,hind_same,2017-18,20-40,874,20.4913,-3.152,0.1408,29.768,32.92,
2,touch,rush_yards,hind_same,2017-18,40-60,644,26.5545,-3.216,0.143,50.421,53.637,
2,touch,rush_yards,hind_same,2017-18,60-80,257,32.3046,-1.749,0.2553,69.337,71.086,
2,touch,rush_yards,hind_same,2017-18,80+,50,33.4914,6.871,0.3789,88.311,81.44,
2,touch,rush_yards,hind_same,2019-22,all,7778,17.7282,-4.232,0.0377,26.862,31.095,hindsight absence (ceiling); rows touched 2413
2,touch,rush_yards,hind_same,2019-22,0-20,3990,10.5387,-3.983,0.0359,9.253,13.236,
2,touch,rush_yards,hind_same,2019-22,20-40,1805,21.2823,-3.571,0.1031,31.363,34.934,
2,touch,rush_yards,hind_same,2019-22,40-60,1315,27.4872,-5.979,0.1183,51.067,57.046,
2,touch,rush_yards,hind_same,2019-22,60-80,557,30.8061,-3.187,0.1411,68.752,71.939,
2,touch,rush_yards,hind_same,2019-22,80+,111,37.1272,-8.511,0.1646,89.724,98.234,
2,touch,rush_yards,hind_same,2023-25,all,6196,16.9825,-3.99,0.0346,26.569,30.559,hindsight absence (ceiling); rows touched 2413
2,touch,rush_yards,hind_same,2023-25,0-20,3157,10.6531,-4.462,0.0317,9.112,13.574,
2,touch,rush_yards,hind_same,2023-25,20-40,1420,18.8029,-2.236,0.0935,29.44,31.676,
2,touch,rush_yards,hind_same,2023-25,40-60,1069,26.1144,-5.427,0.1029,51.135,56.562,
2,touch,rush_yards,hind_same,2023-25,60-80,468,29.931,-3.279,0.1554,68.736,72.015,
2,touch,rush_yards,hind_same,2023-25,80+,82,36.1913,-1.515,0.3646,87.997,89.512,
2,touch,rush_carries,hind_same_half,2017-18,all,3497,3.0901,-0.182,0.0087,7.215,7.397,hindsight absence (ceiling); rows touched 2413
2,touch,rush_carries,hind_same_half,2017-18,0-20,1672,1.8211,-0.729,0.0082,2.677,3.407,
2,touch,rush_carries,hind_same_half,2017-18,20-40,874,3.6802,0.243,0.0204,7.77,7.527,
2,touch,rush_carries,hind_same_half,2017-18,40-60,644,4.6711,0.169,0.0252,13.265,13.096,
2,touch,rush_carries,hind_same_half,2017-18,60-80,257,4.8168,0.879,0.046,16.972,16.093,
2,touch,rush_carries,hind_same_half,2017-18,80+,50,5.9703,0.717,0.0554,21.177,20.46,
2,touch,rush_carries,hind_same_half,2019-22,all,7778,2.952,-0.294,0.0055,6.81,7.104,hindsight absence (ceiling); rows touched 2413
2,touch,rush_carries,hind_same_half,2019-22,0-20,3990,1.805,-0.738,0.005,2.482,3.22,
2,touch,rush_carries,hind_same_half,2019-22,20-40,1805,3.7448,-0.002,0.015,7.883,7.885,
2,touch,rush_carries,hind_same_half,2019-22,40-60,1315,4.4221,0.271,0.018,13.0,12.729,
2,touch,rush_carries,hind_same_half,2019-22,60-80,557,4.7166,0.465,0.0224,16.803,16.338,
2,touch,rush_carries,hind_same_half,2019-22,80+,111,5.0176,0.384,0.0291,21.429,21.045,
2,touch,rush_carries,hind_same_half,2023-25,all,6196,2.8486,-0.214,0.0051,6.837,7.052,hindsight absence (ceiling); rows touched 2413
2,touch,rush_carries,hind_same_half,2023-25,0-20,3157,1.7765,-0.717,0.0046,2.479,3.196,
2,touch,rush_carries,hind_same_half,2023-25,20-40,1420,3.4271,0.274,0.0137,7.564,7.289,
2,touch,rush_carries,hind_same_half,2023-25,40-60,1069,4.3494,0.196,0.0158,13.32,13.123,
2,touch,rush_carries,hind_same_half,2023-25,60-80,468,4.5498,0.456,0.022,16.884,16.427,
2,touch,rush_carries,hind_same_half,2023-25,80+,82,4.8333,1.508,0.0466,20.215,18.707,
2,touch,rush_yards,hind_same_half,2017-18,all,3497,18.0398,-3.926,0.0314,27.312,31.238,hindsight absence (ceiling); rows touched 2413
2,touch,rush_yards,hind_same_half,2017-18,0-20,1672,10.9996,-4.457,0.0339,9.649,14.106,
2,touch,rush_yards,hind_same_half,2017-18,20-40,874,20.3987,-3.95,0.0798,28.97,32.92,
2,touch,rush_yards,hind_same_half,2017-18,40-60,644,26.3731,-3.918,0.0808,49.719,53.637,
2,touch,rush_yards,hind_same_half,2017-18,60-80,257,31.9483,-2.434,0.1339,68.652,71.086,
2,touch,rush_yards,hind_same_half,2017-18,80+,50,33.4095,6.455,0.1898,87.895,81.44,
2,touch,rush_yards,hind_same_half,2019-22,all,7778,17.7149,-4.711,0.0201,26.384,31.095,hindsight absence (ceiling); rows touched 2413
2,touch,rush_yards,hind_same_half,2019-22,0-20,3990,10.5501,-4.214,0.0188,9.022,13.236,
2,touch,rush_yards,hind_same_half,2019-22,20-40,1805,21.2828,-4.376,0.0567,30.558,34.934,
2,touch,rush_yards,hind_same_half,2019-22,40-60,1315,27.4665,-6.762,0.0616,50.283,57.046,
2,touch,rush_yards,hind_same_half,2019-22,60-80,557,30.6067,-3.709,0.0709,68.23,71.939,
2,touch,rush_yards,hind_same_half,2019-22,80+,111,37.021,-8.73,0.0916,89.504,98.234,
2,touch,rush_yards,hind_same_half,2023-25,all,6196,16.9747,-4.328,0.0187,26.231,30.559,hindsight absence (ceiling); rows touched 2413
2,touch,rush_yards,hind_same_half,2023-25,0-20,3157,10.6755,-4.627,0.0184,8.947,13.574,
2,touch,rush_yards,hind_same_half,2023-25,20-40,1420,18.7796,-2.773,0.0506,28.903,31.676,
2,touch,rush_yards,hind_same_half,2023-25,40-60,1069,26.0557,-5.931,0.0536,50.631,56.562,
2,touch,rush_yards,hind_same_half,2023-25,60-80,468,29.9083,-3.798,0.0801,68.217,72.015,
2,touch,rush_yards,hind_same_half,2023-25,80+,82,36.0376,-1.876,0.1809,87.636,89.512,
2,touch,rush_carries,hind_all,2017-18,all,3497,3.1211,0.001,0.0154,7.398,7.397,hindsight absence (ceiling); rows touched 3894
2,touch,rush_carries,hind_all,2017-18,0-20,1672,1.8323,-0.594,0.0133,2.812,3.407,
2,touch,rush_carries,hind_all,2017-18,20-40,874,3.6966,0.482,0.0358,8.009,7.527,
2,touch,rush_carries,hind_all,2017-18,40-60,644,4.7344,0.388,0.0447,13.484,13.096,
2,touch,rush_carries,hind_all,2017-18,60-80,257,4.9351,1.108,0.0909,17.202,16.093,
2,touch,rush_carries,hind_all,2017-18,80+,50,6.0559,0.836,0.0982,21.296,20.46,
2,touch,rush_carries,hind_all,2019-22,all,7778,2.9705,-0.112,0.0097,6.992,7.104,hindsight absence (ceiling); rows touched 3894
2,touch,rush_carries,hind_all,2019-22,0-20,3990,1.817,-0.601,0.0094,2.62,3.22,
2,touch,rush_carries,hind_all,2019-22,20-40,1805,3.7629,0.249,0.0251,8.133,7.885,
2,touch,rush_carries,hind_all,2019-22,40-60,1315,4.4596,0.514,0.0311,13.242,12.729,
2,touch,rush_carries,hind_all,2019-22,60-80,557,4.7403,0.627,0.0414,16.964,16.338,
2,touch,rush_carries,hind_all,2019-22,80+,111,5.0249,0.452,0.0578,21.497,21.045,
2,touch,rush_carries,hind_all,2023-25,all,6196,2.8606,-0.09,0.0088,6.962,7.052,hindsight absence (ceiling); rows touched 3894
2,touch,rush_carries,hind_all,2023-25,0-20,3157,1.7831,-0.628,0.0076,2.568,3.196,
2,touch,rush_carries,hind_all,2023-25,20-40,1420,3.4411,0.459,0.0239,7.749,7.289,
2,touch,rush_carries,hind_all,2023-25,40-60,1069,4.3733,0.345,0.0271,13.468,13.123,
2,touch,rush_carries,hind_all,2023-25,60-80,468,4.5601,0.587,0.0386,17.014,16.427,
2,touch,rush_carries,hind_all,2023-25,80+,82,4.8735,1.608,0.0746,20.315,18.707,
2,touch,rush_yards,hind_all,2017-18,all,3497,18.1457,-3.362,0.0508,27.876,31.238,hindsight absence (ceiling); rows touched 3894
2,touch,rush_yards,hind_all,2017-18,0-20,1672,11.0444,-4.01,0.051,10.096,14.106,
2,touch,rush_yards,hind_all,2017-18,20-40,874,20.5573,-3.198,0.1271,29.722,32.92,
2,touch,rush_yards,hind_all,2017-18,40-60,644,26.4797,-3.317,0.134,50.319,53.637,
2,touch,rush_yards,hind_all,2017-18,60-80,257,32.2754,-1.789,0.2512,69.296,71.086,
2,touch,rush_yards,hind_all,2017-18,80+,50,33.4918,6.789,0.3429,88.229,81.44,
2,touch,rush_yards,hind_all,2019-22,all,7778,17.7847,-4.142,0.0342,26.952,31.095,hindsight absence (ceiling); rows touched 3894
2,touch,rush_yards,hind_all,2019-22,0-20,3990,10.6389,-3.762,0.0364,9.473,13.236,
2,touch,rush_yards,hind_all,2019-22,20-40,1805,21.3318,-3.607,0.0867,31.328,34.934,
2,touch,rush_yards,hind_all,2019-22,40-60,1315,27.4564,-6.05,0.1066,50.996,57.046,
2,touch,rush_yards,hind_all,2019-22,60-80,557,30.7942,-3.225,0.1297,68.714,71.939,
2,touch,rush_yards,hind_all,2019-22,80+,111,37.1028,-8.523,0.1623,89.711,98.234,
2,touch,rush_yards,hind_all,2023-25,all,6196,17.0568,-3.938,0.0304,26.62,30.559,hindsight absence (ceiling); rows touched 3894
2,touch,rush_yards,hind_all,2023-25,0-20,3157,10.732,-4.339,0.029,9.235,13.574,
2,touch,rush_yards,hind_all,2023-25,20-40,1420,18.932,-2.178,0.0816,29.498,31.676,
2,touch,rush_yards,hind_all,2023-25,40-60,1069,26.1572,-5.51,0.0873,51.052,56.562,
2,touch,rush_yards,hind_all,2023-25,60-80,468,29.896,-3.403,0.1371,68.612,72.015,
2,touch,rush_yards,hind_all,2023-25,80+,82,36.1734,-1.541,0.3394,87.972,89.512,
2,touch,rush_carries,hind_all_half,2017-18,all,3497,3.1001,-0.17,0.0079,7.227,7.397,hindsight absence (ceiling); rows touched 3894
2,touch,rush_carries,hind_all_half,2017-18,0-20,1672,1.8367,-0.697,0.0066,2.71,3.407,
2,touch,rush_carries,hind_all_half,2017-18,20-40,874,3.6951,0.237,0.0188,7.765,7.527,
2,touch,rush_carries,hind_all_half,2017-18,40-60,644,4.6653,0.157,0.023,13.253,13.096,
2,touch,rush_carries,hind_all_half,2017-18,60-80,257,4.8162,0.878,0.0468,16.971,16.093,
2,touch,rush_carries,hind_all_half,2017-18,80+,50,5.966,0.708,0.0531,21.168,20.46,
2,touch,rush_carries,hind_all_half,2019-22,all,7778,2.9616,-0.282,0.0051,6.822,7.104,hindsight absence (ceiling); rows touched 3894
2,touch,rush_carries,hind_all_half,2019-22,0-20,3990,1.8134,-0.707,0.0049,2.513,3.22,
2,touch,rush_carries,hind_all_half,2019-22,20-40,1805,3.7655,-0.008,0.0129,7.877,7.885,
2,touch,rush_carries,hind_all_half,2019-22,40-60,1315,4.4245,0.262,0.0165,12.99,12.729,
2,touch,rush_carries,hind_all_half,2019-22,60-80,557,4.7193,0.462,0.0212,16.799,16.338,
2,touch,rush_carries,hind_all_half,2019-22,80+,111,5.0155,0.383,0.0289,21.429,21.045,
2,touch,rush_carries,hind_all_half,2023-25,all,6196,2.8586,-0.207,0.0045,6.845,7.052,hindsight absence (ceiling); rows touched 3894
2,touch,rush_carries,hind_all_half,2023-25,0-20,3157,1.7859,-0.701,0.0039,2.496,3.196,
2,touch,rush_carries,hind_all_half,2023-25,20-40,1420,3.446,0.28,0.0123,7.569,7.289,
2,touch,rush_carries,hind_all_half,2023-25,40-60,1069,4.355,0.186,0.0138,13.309,13.123,
2,touch,rush_carries,hind_all_half,2023-25,60-80,468,4.5478,0.444,0.02,16.872,16.427,
2,touch,rush_carries,hind_all_half,2023-25,80+,82,4.8371,1.507,0.0457,20.214,18.707,
2,touch,rush_yards,hind_all_half,2017-18,all,3497,18.076,-3.886,0.0277,27.352,31.238,hindsight absence (ceiling); rows touched 3894
2,touch,rush_yards,hind_all_half,2017-18,0-20,1672,11.0524,-4.338,0.0274,9.768,14.106,
2,touch,rush_yards,hind_all_half,2017-18,20-40,874,20.4438,-3.969,0.0726,28.951,32.92,
2,touch,rush_yards,hind_all_half,2017-18,40-60,644,26.3761,-3.972,0.0698,49.665,53.637,
2,touch,rush_yards,hind_all_half,2017-18,60-80,257,31.9365,-2.455,0.1316,68.63,71.086,
2,touch,rush_yards,hind_all_half,2017-18,80+,50,33.4097,6.413,0.1715,87.853,81.44,
2,touch,rush_yards,hind_all_half,2019-22,all,7778,17.7517,-4.663,0.0186,26.432,31.095,hindsight absence (ceiling); rows touched 3894
2,touch,rush_yards,hind_all_half,2019-22,0-20,3990,10.6035,-4.099,0.0207,9.137,13.236,
2,touch,rush_yards,hind_all_half,2019-22,20-40,1805,21.3322,-4.393,0.0471,30.541,34.934,
2,touch,rush_yards,hind_all_half,2019-22,40-60,1315,27.4581,-6.799,0.0555,50.247,57.046,
2,touch,rush_yards,hind_all_half,2019-22,60-80,557,30.6002,-3.73,0.065,68.209,71.939,
2,touch,rush_yards,hind_all_half,2019-22,80+,111,37.0129,-8.736,0.0892,89.498,98.234,
2,touch,rush_yards,hind_all_half,2023-25,all,6196,17.0256,-4.301,0.0161,26.258,30.559,hindsight absence (ceiling); rows touched 3894
2,touch,rush_yards,hind_all_half,2023-25,0-20,3157,10.7269,-4.563,0.0158,9.011,13.574,
2,touch,rush_yards,hind_all_half,2023-25,20-40,1420,18.8708,-2.741,0.0435,28.935,31.676,
2,touch,rush_yards,hind_all_half,2023-25,40-60,1069,26.0849,-5.975,0.0453,50.587,56.562,
2,touch,rush_yards,hind_all_half,2023-25,60-80,468,29.8946,-3.862,0.0695,68.153,72.015,
2,touch,rush_yards,hind_all_half,2023-25,80+,82,36.0218,-1.89,0.1702,87.622,89.512,
2,touch,rush_carries,asof_same,2017-18,all,3497,3.0999,-0.151,0.0128,7.246,7.397,"absence the rule could know (report Out/Doubtful, roster not active); rows touched 1975"
2,touch,rush_carries,asof_same,2017-18,0-20,1672,1.8257,-0.73,0.01,2.677,3.407,
2,touch,rush_carries,asof_same,2017-18,20-40,874,3.6756,0.305,0.0303,7.832,7.527,
2,touch,rush_carries,asof_same,2017-18,40-60,644,4.6949,0.23,0.0378,13.326,13.096,
2,touch,rush_carries,asof_same,2017-18,60-80,257,4.8849,0.971,0.0809,17.064,16.093,
2,touch,rush_carries,asof_same,2017-18,80+,50,5.927,0.579,0.0,21.039,20.46,
2,touch,rush_carries,asof_same,2019-22,all,7778,2.9411,-0.178,0.0097,6.926,7.104,"absence the rule could know (report Out/Doubtful, roster not active); rows touched 1975"
2,touch,rush_carries,asof_same,2019-22,0-20,3990,1.7948,-0.674,0.0091,2.546,3.22,
2,touch,rush_carries,asof_same,2019-22,20-40,1805,3.7088,0.201,0.0267,8.086,7.885,
2,touch,rush_carries,asof_same,2019-22,40-60,1315,4.4386,0.438,0.0305,13.167,12.729,
2,touch,rush_carries,asof_same,2019-22,60-80,557,4.7131,0.559,0.0378,16.897,16.338,
2,touch,rush_carries,asof_same,2019-22,80+,111,5.0291,0.454,0.0582,21.499,21.045,
2,touch,rush_carries,asof_same,2023-25,all,6196,2.8415,-0.127,0.0093,6.925,7.052,"absence the rule could know (report Out/Doubtful, roster not active); rows touched 1975"
2,touch,rush_carries,asof_same,2023-25,0-20,3157,1.7629,-0.666,0.0085,2.531,3.196,
2,touch,rush_carries,asof_same,2023-25,20-40,1420,3.3931,0.412,0.0252,7.701,7.289,
2,touch,rush_carries,asof_same,2023-25,40-60,1069,4.3754,0.318,0.0294,13.441,13.123,
2,touch,rush_carries,asof_same,2023-25,60-80,468,4.5908,0.57,0.0393,16.997,16.427,
2,touch,rush_carries,asof_same,2023-25,80+,82,4.837,1.508,0.0453,20.215,18.707,
2,touch,rush_yards,asof_same,2017-18,all,3497,18.0667,-3.839,0.0446,27.399,31.238,"absence the rule could know (report Out/Doubtful, roster not active); rows touched 1975"
2,touch,rush_yards,asof_same,2017-18,0-20,1672,11.0256,-4.474,0.0418,9.631,14.106,
2,touch,rush_yards,asof_same,2017-18,20-40,874,20.321,-3.756,0.1218,29.164,32.92,
2,touch,rush_yards,asof_same,2017-18,40-60,644,26.5209,-3.719,0.1095,49.918,53.637,
2,touch,rush_yards,asof_same,2017-18,60-80,257,32.0552,-2.217,0.2179,68.869,71.086,
2,touch,rush_yards,asof_same,2017-18,80+,50,33.3275,6.037,0.0,87.477,81.44,
2,touch,rush_yards,asof_same,2019-22,all,7778,17.6997,-4.352,0.0353,26.743,31.095,"absence the rule could know (report Out/Doubtful, roster not active); rows touched 1975"
2,touch,rush_yards,asof_same,2019-22,0-20,3990,10.5332,-4.012,0.0348,9.224,13.236,
2,touch,rush_yards,asof_same,2019-22,20-40,1805,21.2317,-3.748,0.0972,31.186,34.934,
2,touch,rush_yards,asof_same,2019-22,40-60,1315,27.4463,-6.257,0.1078,50.789,57.046,
2,touch,rush_yards,asof_same,2019-22,60-80,557,30.7087,-3.419,0.1227,68.52,71.939,
2,touch,rush_yards,asof_same,2019-22,80+,111,37.1272,-8.511,0.1646,89.724,98.234,
2,touch,rush_yards,asof_same,2023-25,all,6196,16.9723,-4.065,0.0325,26.494,30.559,"absence the rule could know (report Out/Doubtful, roster not active); rows touched 1975"
2,touch,rush_yards,asof_same,2023-25,0-20,3157,10.6539,-4.469,0.0315,9.105,13.574,
2,touch,rush_yards,asof_same,2023-25,20-40,1420,18.7466,-2.373,0.085,29.303,31.676,
2,touch,rush_yards,asof_same,2023-25,40-60,1069,26.0906,-5.573,0.0972,50.99,56.562,
2,touch,rush_yards,asof_same,2023-25,60-80,468,29.9892,-3.418,0.1462,68.597,72.015,
2,touch,rush_yards,asof_same,2023-25,80+,82,36.34,-1.827,0.325,87.685,89.512,
2,touch,rush_carries,asof_same_half,2017-18,all,3497,3.0942,-0.246,0.0066,7.151,7.397,"absence the rule could know (report Out/Doubtful, roster not active); rows touched 1975"
2,touch,rush_carries,asof_same_half,2017-18,0-20,1672,1.8385,-0.765,0.0051,2.642,3.407,
2,touch,rush_carries,asof_same_half,2017-18,20-40,874,3.6872,0.149,0.0162,7.676,7.527,
2,touch,rush_carries,asof_same_half,2017-18,40-60,644,4.6491,0.078,0.0192,13.174,13.096,
2,touch,rush_carries,asof_same_half,2017-18,60-80,257,4.7987,0.809,0.0411,16.903,16.093,
2,touch,rush_carries,asof_same_half,2017-18,80+,50,5.927,0.579,0.0,21.039,20.46,
2,touch,rush_carries,asof_same_half,2019-22,all,7778,2.9484,-0.315,0.0052,6.789,7.104,"absence the rule could know (report Out/Doubtful, roster not active); rows touched 1975"
2,touch,rush_carries,asof_same_half,2019-22,0-20,3990,1.8044,-0.744,0.0048,2.477,3.22,
2,touch,rush_carries,asof_same_half,2019-22,20-40,1805,3.7349,-0.032,0.0142,7.853,7.885,
2,touch,rush_carries,asof_same_half,2019-22,40-60,1315,4.4196,0.224,0.0162,12.952,12.729,
2,touch,rush_carries,asof_same_half,2019-22,60-80,557,4.709,0.428,0.0197,16.766,16.338,
2,touch,rush_carries,asof_same_half,2019-22,80+,111,5.0176,0.384,0.0291,21.429,21.045,
2,touch,rush_carries,asof_same_half,2023-25,all,6196,2.8494,-0.226,0.0049,6.826,7.052,"absence the rule could know (report Out/Doubtful, roster not active); rows touched 1975"
2,touch,rush_carries,asof_same_half,2023-25,0-20,3157,1.7765,-0.719,0.0046,2.477,3.196,
2,touch,rush_carries,asof_same_half,2023-25,20-40,1420,3.4208,0.256,0.0129,7.546,7.289,
2,touch,rush_carries,asof_same_half,2023-25,40-60,1069,4.3583,0.172,0.015,13.296,13.123,
2,touch,rush_carries,asof_same_half,2023-25,60-80,468,4.5611,0.436,0.0205,16.863,16.427,
2,touch,rush_carries,asof_same_half,2023-25,80+,82,4.82,1.457,0.0387,20.165,18.707,
2,touch,rush_yards,asof_same_half,2017-18,all,3497,18.0531,-4.131,0.0242,27.107,31.238,"absence the rule could know (report Out/Doubtful, roster not active); rows touched 1975"
2,touch,rush_yards,asof_same_half,2017-18,0-20,1672,11.0588,-4.578,0.0214,9.527,14.106,
2,touch,rush_yards,asof_same_half,2017-18,20-40,874,20.38,-4.258,0.0651,28.662,32.92,
2,touch,rush_yards,asof_same_half,2017-18,40-60,644,26.3667,-4.171,0.0655,49.466,53.637,
2,touch,rush_yards,asof_same_half,2017-18,60-80,257,31.8392,-2.671,0.116,68.415,71.086,
2,touch,rush_yards,asof_same_half,2017-18,80+,50,33.3275,6.037,0.0,87.477,81.44,
2,touch,rush_yards,asof_same_half,2019-22,all,7778,17.702,-4.772,0.0189,26.323,31.095,"absence the rule could know (report Out/Doubtful, roster not active); rows touched 1975"
2,touch,rush_yards,asof_same_half,2019-22,0-20,3990,10.5486,-4.229,0.0182,9.007,13.236,
2,touch,rush_yards,asof_same_half,2019-22,20-40,1805,21.259,-4.467,0.0538,30.467,34.934,
2,touch,rush_yards,asof_same_half,2019-22,40-60,1315,27.4487,-6.904,0.0562,50.141,57.046,
2,touch,rush_yards,asof_same_half,2019-22,60-80,557,30.5576,-3.826,0.0616,68.113,71.939,
2,touch,rush_yards,asof_same_half,2019-22,80+,111,37.021,-8.73,0.0916,89.504,98.234,
2,touch,rush_yards,asof_same_half,2023-25,all,6196,16.9729,-4.366,0.0177,26.192,30.559,"absence the rule could know (report Out/Doubtful, roster not active); rows touched 1975"
2,touch,rush_yards,asof_same_half,2023-25,0-20,3157,10.676,-4.631,0.0183,8.943,13.574,
2,touch,rush_yards,asof_same_half,2023-25,20-40,1420,18.7555,-2.844,0.0466,28.833,31.676,
2,touch,rush_yards,asof_same_half,2023-25,40-60,1069,26.0517,-6.005,0.0508,50.557,56.562,
2,touch,rush_yards,asof_same_half,2023-25,60-80,468,29.9463,-3.871,0.075,68.144,72.015,
2,touch,rush_yards,asof_same_half,2023-25,80+,82,36.1345,-2.033,0.1632,87.479,89.512,
2,touch,rush_carries,asof_all,2017-18,all,3497,3.1109,-0.136,0.0121,7.261,7.397,"absence the rule could know (report Out/Doubtful, roster not active); rows touched 3192"
2,touch,rush_carries,asof_all,2017-18,0-20,1672,1.8386,-0.683,0.0095,2.723,3.407,
2,touch,rush_carries,asof_all,2017-18,20-40,874,3.6969,0.29,0.0269,7.817,7.527,
2,touch,rush_carries,asof_all,2017-18,40-60,644,4.6898,0.209,0.0349,13.305,13.096,
2,touch,rush_carries,asof_all,2017-18,60-80,257,4.8907,0.975,0.0836,17.069,16.093,
2,touch,rush_carries,asof_all,2017-18,80+,50,5.927,0.579,0.0,21.039,20.46,
2,touch,rush_carries,asof_all,2019-22,all,7778,2.9599,-0.157,0.009,6.947,7.104,"absence the rule could know (report Out/Doubtful, roster not active); rows touched 3192"
2,touch,rush_carries,asof_all,2019-22,0-20,3990,1.8157,-0.619,0.009,2.601,3.22,
2,touch,rush_carries,asof_all,2019-22,20-40,1805,3.7456,0.187,0.0237,8.072,7.885,
2,touch,rush_carries,asof_all,2019-22,40-60,1315,4.4367,0.422,0.028,13.15,12.729,
2,touch,rush_carries,asof_all,2019-22,60-80,557,4.7121,0.555,0.0369,16.893,16.338,
2,touch,rush_carries,asof_all,2019-22,80+,111,5.0249,0.452,0.0578,21.497,21.045,
2,touch,rush_carries,asof_all,2023-25,all,6196,2.8615,-0.114,0.0083,6.938,7.052,"absence the rule could know (report Out/Doubtful, roster not active); rows touched 3192"
2,touch,rush_carries,asof_all,2023-25,0-20,3157,1.7834,-0.638,0.0075,2.559,3.196,
2,touch,rush_carries,asof_all,2023-25,20-40,1420,3.43,0.425,0.0226,7.715,7.289,
2,touch,rush_carries,asof_all,2023-25,40-60,1069,4.3855,0.302,0.0256,13.425,13.123,
2,touch,rush_carries,asof_all,2023-25,60-80,468,4.5822,0.548,0.0355,16.975,16.427,
2,touch,rush_carries,asof_all,2023-25,80+,82,4.8349,1.506,0.0497,20.213,18.707,
2,touch,rush_yards,asof_all,2017-18,all,3497,18.0899,-3.793,0.0406,27.445,31.238,"absence the rule could know (report Out/Doubtful, roster not active); rows touched 3192"
2,touch,rush_yards,asof_all,2017-18,0-20,1672,11.0631,-4.298,0.038,9.808,14.106,
2,touch,rush_yards,asof_all,2017-18,20-40,874,20.3951,-3.824,0.1059,29.096,32.92,
2,touch,rush_yards,asof_all,2017-18,40-60,644,26.4476,-3.827,0.1029,49.81,53.637,
2,touch,rush_yards,asof_all,2017-18,60-80,257,32.0575,-2.225,0.2193,68.861,71.086,
2,touch,rush_yards,asof_all,2017-18,80+,50,33.3275,6.037,0.0,87.477,81.44,
2,touch,rush_yards,asof_all,2019-22,all,7778,17.7619,-4.272,0.0321,26.822,31.095,"absence the rule could know (report Out/Doubtful, roster not active); rows touched 3192"
2,touch,rush_yards,asof_all,2019-22,0-20,3990,10.633,-3.814,0.0355,9.421,13.236,
2,touch,rush_yards,asof_all,2019-22,20-40,1805,21.3166,-3.789,0.0818,31.145,34.934,
2,touch,rush_yards,asof_all,2019-22,40-60,1315,27.402,-6.319,0.097,50.727,57.046,
2,touch,rush_yards,asof_all,2019-22,60-80,557,30.6968,-3.442,0.1127,68.497,71.939,
2,touch,rush_yards,asof_all,2019-22,80+,111,37.1028,-8.523,0.1623,89.711,98.234,
2,touch,rush_yards,asof_all,2023-25,all,6196,17.0483,-4.017,0.0285,26.542,30.559,"absence the rule could know (report Out/Doubtful, roster not active); rows touched 3192"
2,touch,rush_yards,asof_all,2023-25,0-20,3157,10.729,-4.366,0.0287,9.208,13.574,
2,touch,rush_yards,asof_all,2023-25,20-40,1420,18.8915,-2.305,0.0743,29.371,31.676,
2,touch,rush_yards,asof_all,2023-25,40-60,1069,26.133,-5.639,0.0814,50.923,56.562,
2,touch,rush_yards,asof_all,2023-25,60-80,468,29.9559,-3.532,0.1276,68.483,72.015,
2,touch,rush_yards,asof_all,2023-25,80+,82,36.3194,-1.848,0.3014,87.664,89.512,
2,touch,rush_carries,asof_all_half,2017-18,all,3497,3.0998,-0.239,0.0063,7.158,7.397,"absence the rule could know (report Out/Doubtful, roster not active); rows touched 3192"
2,touch,rush_carries,asof_all_half,2017-18,0-20,1672,1.8427,-0.741,0.0049,2.665,3.407,
2,touch,rush_carries,asof_all_half,2017-18,20-40,874,3.7014,0.141,0.0145,7.669,7.527,
2,touch,rush_carries,asof_all_half,2017-18,40-60,644,4.6484,0.067,0.0178,13.164,13.096,
2,touch,rush_carries,asof_all_half,2017-18,60-80,257,4.8016,0.812,0.0425,16.905,16.093,
2,touch,rush_carries,asof_all_half,2017-18,80+,50,5.927,0.579,0.0,21.039,20.46,
2,touch,rush_carries,asof_all_half,2019-22,all,7778,2.9588,-0.304,0.0047,6.8,7.104,"absence the rule could know (report Out/Doubtful, roster not active); rows touched 3192"
2,touch,rush_carries,asof_all_half,2019-22,0-20,3990,1.8134,-0.716,0.0047,2.504,3.22,
2,touch,rush_carries,asof_all_half,2019-22,20-40,1805,3.7593,-0.039,0.0122,7.846,7.885,
2,touch,rush_carries,asof_all_half,2019-22,40-60,1315,4.4196,0.216,0.0149,12.944,12.729,
2,touch,rush_carries,asof_all_half,2019-22,60-80,557,4.7112,0.426,0.0187,16.763,16.338,
2,touch,rush_carries,asof_all_half,2019-22,80+,111,5.0155,0.383,0.0289,21.429,21.045,
2,touch,rush_carries,asof_all_half,2023-25,all,6196,2.8597,-0.219,0.0043,6.832,7.052,"absence the rule could know (report Out/Doubtful, roster not active); rows touched 3192"
2,touch,rush_carries,asof_all_half,2023-25,0-20,3157,1.7863,-0.705,0.0039,2.491,3.196,
2,touch,rush_carries,asof_all_half,2023-25,20-40,1420,3.4414,0.263,0.0116,7.552,7.289,
2,touch,rush_carries,asof_all_half,2023-25,40-60,1069,4.3627,0.164,0.0131,13.288,13.123,
2,touch,rush_carries,asof_all_half,2023-25,60-80,468,4.5588,0.425,0.0185,16.852,16.427,
2,touch,rush_carries,asof_all_half,2023-25,80+,82,4.8231,1.456,0.0372,20.164,18.707,
2,touch,rush_yards,asof_all_half,2017-18,all,3497,18.0713,-4.106,0.0218,27.132,31.238,"absence the rule could know (report Out/Doubtful, roster not active); rows touched 3192"
2,touch,rush_yards,asof_all_half,2017-18,0-20,1672,11.0732,-4.487,0.0205,9.619,14.106,
2,touch,rush_yards,asof_all_half,2017-18,20-40,874,20.4278,-4.289,0.0567,28.631,32.92,
2,touch,rush_yards,asof_all_half,2017-18,40-60,644,26.3625,-4.227,0.055,49.409,53.637,
2,touch,rush_yards,asof_all_half,2017-18,60-80,257,31.842,-2.676,0.1165,68.41,71.086,
2,touch,rush_yards,asof_all_half,2017-18,80+,50,33.3275,6.037,0.0,87.477,81.44,
2,touch,rush_yards,asof_all_half,2019-22,all,7778,17.7425,-4.729,0.0175,26.365,31.095,"absence the rule could know (report Out/Doubtful, roster not active); rows touched 3192"
2,touch,rush_yards,asof_all_half,2019-22,0-20,3990,10.6022,-4.125,0.0203,9.11,13.236,
2,touch,rush_yards,asof_all_half,2019-22,20-40,1805,21.3272,-4.486,0.0446,30.448,34.934,
2,touch,rush_yards,asof_all_half,2019-22,40-60,1315,27.435,-6.936,0.0505,50.11,57.046,
2,touch,rush_yards,asof_all_half,2019-22,60-80,557,30.5514,-3.838,0.0564,68.101,71.939,
2,touch,rush_yards,asof_all_half,2019-22,80+,111,37.0129,-8.736,0.0892,89.498,98.234,
2,touch,rush_yards,asof_all_half,2023-25,all,6196,17.0241,-4.341,0.0151,26.217,30.559,"absence the rule could know (report Out/Doubtful, roster not active); rows touched 3192"
2,touch,rush_yards,asof_all_half,2023-25,0-20,3157,10.7255,-4.577,0.0157,8.997,13.574,
2,touch,rush_yards,asof_all_half,2023-25,20-40,1420,18.8526,-2.807,0.0398,28.869,31.676,
2,touch,rush_yards,asof_all_half,2023-25,40-60,1069,26.0796,-6.04,0.0423,50.522,56.562,
2,touch,rush_yards,asof_all_half,2023-25,60-80,468,29.9338,-3.93,0.0638,68.085,72.015,
2,touch,rush_yards,asof_all_half,2023-25,80+,82,36.1234,-2.044,0.1507,87.468,89.512,
2,active,rush_carries,base,2017-18,all,4271,2.8214,-0.002,0.0,6.055,6.057,the live rule: an absent share is not projected
2,active,rush_carries,base,2017-18,0-20,2440,1.7032,-0.146,0.0,2.236,2.382,
2,active,rush_carries,base,2017-18,20-40,895,3.8768,0.141,0.0,7.6,7.459,
2,active,rush_carries,base,2017-18,40-60,637,4.6126,0.06,0.0,13.133,13.072,
2,active,rush_carries,base,2017-18,60-80,252,4.7732,0.584,0.0,16.83,16.246,
2,active,rush_carries,base,2017-18,80+,47,6.0375,0.739,0.0,21.144,20.404,
2,active,rush_carries,base,2019-22,all,11061,2.3925,-0.022,0.0,4.973,4.995,the live rule: an absent share is not projected
2,active,rush_carries,base,2019-22,0-20,7210,1.3839,-0.085,0.0,1.711,1.796,
2,active,rush_carries,base,2019-22,20-40,1907,3.9526,0.036,0.0,7.69,7.654,
2,active,rush_carries,base,2019-22,40-60,1326,4.5051,0.092,0.0,12.912,12.82,
2,active,rush_carries,base,2019-22,60-80,517,4.7641,0.266,0.0,16.848,16.582,
2,active,rush_carries,base,2019-22,80+,101,5.0563,0.394,0.0,21.552,21.158,
2,active,rush_carries,base,2023-25,all,9264,2.1748,0.034,0.0,4.75,4.716,the live rule: an absent share is not projected
2,active,rush_carries,base,2023-25,0-20,6217,1.2545,-0.07,0.0,1.587,1.657,
2,active,rush_carries,base,2023-25,20-40,1453,3.6244,0.285,0.0,7.484,7.199,
2,active,rush_carries,base,2023-25,40-60,1072,4.3608,0.035,0.0,13.253,13.218,
2,active,rush_carries,base,2023-25,60-80,447,4.582,0.45,0.0,16.882,16.432,
2,active,rush_carries,base,2023-25,80+,75,4.7819,1.273,0.0,20.153,18.88,
2,active,rush_yards,base,2017-18,all,4271,15.7816,-2.891,0.0,22.686,25.577,the live rule: an absent share is not projected
2,active,rush_yards,base,2017-18,0-20,2440,9.1365,-1.877,0.0,7.977,9.854,
2,active,rush_yards,base,2017-18,20-40,895,20.9104,-4.207,0.0,28.22,32.427,
2,active,rush_yards,base,2017-18,40-60,637,26.3499,-5.121,0.0,48.756,53.878,
2,active,rush_yards,base,2017-18,60-80,252,31.891,-4.241,0.0,67.557,71.798,
2,active,rush_yards,base,2017-18,80+,47,33.4889,6.96,0.0,87.003,80.043,
2,active,rush_yards,base,2019-22,all,11061,13.5611,-2.863,0.0,19.002,21.866,the live rule: an absent share is not projected
2,active,rush_yards,base,2019-22,0-20,7210,7.2261,-1.247,0.0,6.145,7.392,
2,active,rush_yards,base,2019-22,20-40,1907,21.6751,-4.267,0.0,29.549,33.816,
2,active,rush_yards,base,2019-22,40-60,1326,27.9105,-8.175,0.0,49.444,57.619,
2,active,rush_yards,base,2019-22,60-80,517,30.3911,-5.128,0.0,67.617,72.745,
2,active,rush_yards,base,2019-22,80+,101,38.0497,-10.429,0.0,89.185,99.614,
2,active,rush_yards,base,2023-25,all,9264,12.3205,-2.438,0.0,18.0,20.438,the live rule: an absent share is not projected
2,active,rush_yards,base,2023-25,0-20,6217,6.7237,-1.335,0.0,5.706,7.041,
2,active,rush_yards,base,2023-25,20-40,1453,19.3908,-2.867,0.0,28.349,31.216,
2,active,rush_yards,base,2023-25,40-60,1072,25.9295,-6.955,0.0,49.9,56.855,
2,active,rush_yards,base,2023-25,60-80,447,30.6706,-5.259,0.0,67.287,72.546,
2,active,rush_yards,base,2023-25,80+,75,35.3914,-4.161,0.0,86.905,91.067,
2,active,rush_carries,hind_same,2017-18,all,4271,2.8258,0.261,0.0134,6.317,6.057,hindsight absence (ceiling); rows touched 2807
2,active,rush_carries,hind_same,2017-18,0-20,2440,1.674,-0.039,0.0108,2.343,2.382,
2,active,rush_carries,hind_same,2017-18,20-40,895,3.834,0.623,0.037,8.082,7.459,
2,active,rush_carries,hind_same,2017-18,40-60,637,4.7239,0.529,0.0479,13.601,13.072,
2,active,rush_carries,hind_same,2017-18,60-80,252,4.9754,1.053,0.0911,17.3,16.246,
2,active,rush_carries,hind_same,2017-18,80+,47,6.176,1.025,0.1087,21.429,20.404,
2,active,rush_carries,hind_same,2019-22,all,11061,2.3842,0.199,0.0072,5.195,4.995,hindsight absence (ceiling); rows touched 2807
2,active,rush_carries,hind_same,2019-22,0-20,7210,1.3821,0.01,0.0053,1.806,1.796,
2,active,rush_carries,hind_same,2019-22,20-40,1907,3.8977,0.533,0.0265,8.187,7.654,
2,active,rush_carries,hind_same,2019-22,40-60,1326,4.5166,0.576,0.0318,13.396,12.82,
2,active,rush_carries,hind_same,2019-22,60-80,517,4.7746,0.591,0.0419,17.173,16.582,
2,active,rush_carries,hind_same,2019-22,80+,101,5.1153,0.513,0.054,21.671,21.158,
2,active,rush_carries,hind_same,2023-25,all,9264,2.1572,0.182,0.0064,4.898,4.716,hindsight absence (ceiling); rows touched 2807
2,active,rush_carries,hind_same,2023-25,0-20,6217,1.2424,-0.005,0.0046,1.652,1.657,
2,active,rush_carries,hind_same,2023-25,20-40,1453,3.5611,0.619,0.025,7.818,7.199,
2,active,rush_carries,hind_same,2023-25,40-60,1072,4.3615,0.348,0.029,13.566,13.218,
2,active,rush_carries,hind_same,2023-25,60-80,447,4.5845,0.745,0.0419,17.177,16.432,
2,active,rush_carries,hind_same,2023-25,80+,75,4.8107,1.489,0.0764,20.369,18.88,
2,active,rush_yards,hind_same,2017-18,all,4271,15.8047,-2.084,0.0455,23.493,25.577,hindsight absence (ceiling); rows touched 2807
2,active,rush_yards,hind_same,2017-18,0-20,2440,9.0554,-1.55,0.0415,8.304,9.854,
2,active,rush_yards,hind_same,2017-18,20-40,895,20.9342,-2.659,0.1351,29.768,32.427,
2,active,rush_yards,hind_same,2017-18,40-60,637,26.5221,-3.761,0.1414,50.116,53.878,
2,active,rush_yards,hind_same,2017-18,60-80,252,32.5197,-2.832,0.2629,68.966,71.798,
2,active,rush_yards,hind_same,2017-18,80+,47,33.6382,7.823,0.3931,87.865,80.043,
2,active,rush_yards,hind_same,2019-22,all,11061,13.5512,-2.186,0.0251,19.68,21.866,hindsight absence (ceiling); rows touched 2807
2,active,rush_yards,hind_same,2019-22,0-20,7210,7.2113,-0.966,0.0199,6.426,7.392,
2,active,rush_yards,hind_same,2019-22,20-40,1907,21.5795,-2.705,0.0926,31.111,33.816,
2,active,rush_yards,hind_same,2019-22,40-60,1326,27.9077,-6.72,0.1062,50.899,57.619,
2,active,rush_yards,hind_same,2019-22,60-80,517,30.6954,-4.108,0.142,68.637,72.745,
2,active,rush_yards,hind_same,2019-22,80+,101,38.31,-10.049,0.1497,89.565,99.614,
2,active,rush_yards,hind_same,2023-25,all,9264,12.2866,-1.981,0.0221,18.457,20.438,hindsight absence (ceiling); rows touched 2807
2,active,rush_yards,hind_same,2023-25,0-20,6217,6.6893,-1.144,0.0161,5.898,7.041,
2,active,rush_yards,hind_same,2023-25,20-40,1453,19.2955,-1.819,0.0881,29.397,31.216,
2,active,rush_yards,hind_same,2023-25,40-60,1072,25.9628,-6.014,0.0927,50.841,56.855,
2,active,rush_yards,hind_same,2023-25,60-80,447,30.6493,-4.249,0.1561,68.297,72.546,
2,active,rush_yards,hind_same,2023-25,80+,75,35.5614,-3.391,0.3953,87.676,91.067,
2,active,rush_carries,hind_same_half,2017-18,all,4271,2.8128,0.129,0.007,6.186,6.057,hindsight absence (ceiling); rows touched 2807
2,active,rush_carries,hind_same_half,2017-18,0-20,2440,1.6852,-0.092,0.0057,2.29,2.382,
2,active,rush_carries,hind_same_half,2017-18,20-40,895,3.8313,0.382,0.0195,7.841,7.459,
2,active,rush_carries,hind_same_half,2017-18,40-60,637,4.6519,0.295,0.0247,13.367,13.072,
2,active,rush_carries,hind_same_half,2017-18,60-80,252,4.855,0.819,0.0468,17.065,16.246,
2,active,rush_carries,hind_same_half,2017-18,80+,47,6.0797,0.882,0.0574,21.286,20.404,
2,active,rush_carries,hind_same_half,2019-22,all,11061,2.3787,0.089,0.0038,5.084,4.995,hindsight absence (ceiling); rows touched 2807
2,active,rush_carries,hind_same_half,2019-22,0-20,7210,1.379,-0.038,0.0028,1.758,1.796,
2,active,rush_carries,hind_same_half,2019-22,20-40,1907,3.9047,0.284,0.0139,7.939,7.654,
2,active,rush_carries,hind_same_half,2019-22,40-60,1326,4.4857,0.334,0.0168,13.154,12.82,
2,active,rush_carries,hind_same_half,2019-22,60-80,517,4.7585,0.429,0.0224,17.011,16.582,
2,active,rush_carries,hind_same_half,2019-22,80+,101,5.0858,0.453,0.027,21.612,21.158,
2,active,rush_carries,hind_same_half,2023-25,all,9264,2.1593,0.108,0.0033,4.824,4.716,hindsight absence (ceiling); rows touched 2807
2,active,rush_carries,hind_same_half,2023-25,0-20,6217,1.2456,-0.038,0.0024,1.619,1.657,
2,active,rush_carries,hind_same_half,2023-25,20-40,1453,3.5789,0.452,0.013,7.651,7.199,
2,active,rush_carries,hind_same_half,2023-25,40-60,1072,4.3479,0.191,0.0147,13.41,13.218,
2,active,rush_carries,hind_same_half,2023-25,60-80,447,4.5652,0.598,0.0218,17.03,16.432,
2,active,rush_carries,hind_same_half,2023-25,80+,75,4.7703,1.381,0.0504,20.261,18.88,
2,active,rush_yards,hind_same_half,2017-18,all,4271,15.7624,-2.476,0.0247,23.102,25.577,hindsight absence (ceiling); rows touched 2807
2,active,rush_yards,hind_same_half,2017-18,0-20,2440,9.0805,-1.706,0.0229,8.148,9.854,
2,active,rush_yards,hind_same_half,2017-18,20-40,895,20.8627,-3.4,0.074,29.027,32.427,
2,active,rush_yards,hind_same_half,2017-18,40-60,637,26.3871,-4.434,0.0756,49.443,53.878,
2,active,rush_yards,hind_same_half,2017-18,60-80,252,32.1698,-3.532,0.1348,68.265,71.798,
2,active,rush_yards,hind_same_half,2017-18,80+,47,33.5635,7.392,0.1969,87.435,80.043,
2,active,rush_yards,hind_same_half,2019-22,all,11061,13.5332,-2.512,0.0134,19.354,21.866,hindsight absence (ceiling); rows touched 2807
2,active,rush_yards,hind_same_half,2019-22,0-20,7210,7.2078,-1.099,0.0104,6.293,7.392,
2,active,rush_yards,hind_same_half,2019-22,20-40,1907,21.5604,-3.452,0.0512,30.364,33.816,
2,active,rush_yards,hind_same_half,2019-22,40-60,1326,27.88,-7.434,0.0553,50.185,57.619,
2,active,rush_yards,hind_same_half,2019-22,60-80,517,30.5314,-4.616,0.0718,68.128,72.745,
2,active,rush_yards,hind_same_half,2019-22,80+,101,38.1519,-10.239,0.0859,89.375,99.614,
2,active,rush_yards,hind_same_half,2023-25,all,9264,12.2805,-2.203,0.012,18.235,20.438,hindsight absence (ceiling); rows touched 2807
2,active,rush_yards,hind_same_half,2023-25,0-20,6217,6.6927,-1.235,0.0095,5.806,7.041,
2,active,rush_yards,hind_same_half,2023-25,20-40,1453,19.2876,-2.325,0.0465,28.891,31.216,
2,active,rush_yards,hind_same_half,2023-25,40-60,1072,25.9108,-6.478,0.0489,50.378,56.855,
2,active,rush_yards,hind_same_half,2023-25,60-80,447,30.6425,-4.748,0.081,67.798,72.546,
2,active,rush_yards,hind_same_half,2023-25,80+,75,35.4554,-3.775,0.2025,87.291,91.067,
2,active,rush_carries,hind_all,2017-18,all,4271,2.849,0.279,0.012,6.335,6.057,hindsight absence (ceiling); rows touched 5486
2,active,rush_carries,hind_all,2017-18,0-20,2440,1.7087,0.013,0.0092,2.395,2.382,
2,active,rush_carries,hind_all,2017-18,20-40,895,3.8618,0.596,0.0324,8.056,7.459,
2,active,rush_carries,hind_all,2017-18,40-60,637,4.7094,0.497,0.0429,13.57,13.072,
2,active,rush_carries,hind_all,2017-18,60-80,252,4.9703,1.037,0.0895,17.283,16.246,
2,active,rush_carries,hind_all,2017-18,80+,47,6.1677,1.006,0.1016,21.41,20.404,
2,active,rush_carries,hind_all,2019-22,all,11061,2.4014,0.216,0.0064,5.211,4.995,hindsight absence (ceiling); rows touched 5486
2,active,rush_carries,hind_all,2019-22,0-20,7210,1.4015,0.047,0.0049,1.843,1.796,
2,active,rush_carries,hind_all,2019-22,20-40,1907,3.9249,0.51,0.0228,8.165,7.654,
2,active,rush_carries,hind_all,2019-22,40-60,1326,4.5166,0.549,0.0287,13.369,12.82,
2,active,rush_carries,hind_all,2019-22,60-80,517,4.7713,0.578,0.0408,17.16,16.582,
2,active,rush_carries,hind_all,2019-22,80+,101,5.1121,0.508,0.0518,21.667,21.158,
2,active,rush_carries,hind_all,2023-25,all,9264,2.1749,0.192,0.0055,4.908,4.716,hindsight absence (ceiling); rows touched 5486
2,active,rush_carries,hind_all,2023-25,0-20,6217,1.2603,0.015,0.0038,1.672,1.657,
2,active,rush_carries,hind_all,2023-25,20-40,1453,3.5931,0.621,0.022,7.82,7.199,
2,active,rush_carries,hind_all,2023-25,40-60,1072,4.372,0.324,0.025,13.542,13.218,
2,active,rush_carries,hind_all,2023-25,60-80,447,4.5746,0.716,0.0373,17.147,16.432,
2,active,rush_carries,hind_all,2023-25,80+,75,4.8103,1.486,0.0802,20.366,18.88,
2,active,rush_yards,hind_all,2017-18,all,4271,15.869,-2.033,0.0388,23.544,25.577,hindsight absence (ceiling); rows touched 5486
2,active,rush_yards,hind_all,2017-18,0-20,2440,9.1659,-1.373,0.0335,8.481,9.854,
2,active,rush_yards,hind_all,2017-18,20-40,895,20.9849,-2.77,0.1131,29.656,32.427,
2,active,rush_yards,hind_all,2017-18,40-60,637,26.4801,-3.89,0.1242,49.987,53.878,
2,active,rush_yards,hind_all,2017-18,60-80,252,32.4661,-2.927,0.2505,68.87,71.798,
2,active,rush_yards,hind_all,2017-18,80+,47,33.6422,7.739,0.357,87.782,80.043,
2,active,rush_yards,hind_all,2019-22,all,11061,13.6056,-2.13,0.0213,19.736,21.866,hindsight absence (ceiling); rows touched 5486
2,active,rush_yards,hind_all,2019-22,0-20,7210,7.294,-0.836,0.0174,6.556,7.392,
2,active,rush_yards,hind_all,2019-22,20-40,1907,21.6096,-2.785,0.0757,31.031,33.816,
2,active,rush_yards,hind_all,2019-22,40-60,1326,27.8725,-6.824,0.091,50.795,57.619,
2,active,rush_yards,hind_all,2019-22,60-80,517,30.6881,-4.168,0.1278,68.577,72.745,
2,active,rush_yards,hind_all,2019-22,80+,101,38.2874,-10.072,0.1408,89.542,99.614,
2,active,rush_yards,hind_all,2023-25,all,9264,12.3544,-1.946,0.0186,18.492,20.438,hindsight absence (ceiling); rows touched 5486
2,active,rush_yards,hind_all,2023-25,0-20,6217,6.757,-1.067,0.0143,5.974,7.041,
2,active,rush_yards,hind_all,2023-25,20-40,1453,19.4158,-1.804,0.0723,29.412,31.216,
2,active,rush_yards,hind_all,2023-25,40-60,1072,26.0009,-6.111,0.0762,50.745,56.855,
2,active,rush_yards,hind_all,2023-25,60-80,447,30.6339,-4.396,0.1323,68.15,72.546,
2,active,rush_yards,hind_all,2023-25,80+,75,35.5421,-3.42,0.3703,87.647,91.067,
2,active,rush_carries,hind_all_half,2017-18,all,4271,2.8255,0.138,0.0062,6.195,6.057,hindsight absence (ceiling); rows touched 5486
2,active,rush_carries,hind_all_half,2017-18,0-20,2440,1.7019,-0.067,0.0045,2.315,2.382,
2,active,rush_carries,hind_all_half,2017-18,20-40,895,3.8523,0.369,0.0169,7.828,7.459,
2,active,rush_carries,hind_all_half,2017-18,40-60,637,4.6448,0.279,0.0221,13.351,13.072,
2,active,rush_carries,hind_all_half,2017-18,60-80,252,4.8528,0.81,0.0461,17.057,16.246,
2,active,rush_carries,hind_all_half,2017-18,80+,47,6.0755,0.873,0.0551,21.277,20.404,
2,active,rush_carries,hind_all_half,2019-22,all,11061,2.3882,0.097,0.0033,5.092,4.995,hindsight absence (ceiling); rows touched 5486
2,active,rush_carries,hind_all_half,2019-22,0-20,7210,1.3881,-0.019,0.0025,1.777,1.796,
2,active,rush_carries,hind_all_half,2019-22,20-40,1907,3.9231,0.273,0.0117,7.928,7.654,
2,active,rush_carries,hind_all_half,2019-22,40-60,1326,4.488,0.321,0.0151,13.14,12.82,
2,active,rush_carries,hind_all_half,2019-22,60-80,517,4.7609,0.422,0.0208,17.004,16.582,
2,active,rush_carries,hind_all_half,2019-22,80+,101,5.0842,0.451,0.0259,21.61,21.158,
2,active,rush_carries,hind_all_half,2023-25,all,9264,2.1688,0.113,0.0029,4.829,4.716,hindsight absence (ceiling); rows touched 5486
2,active,rush_carries,hind_all_half,2023-25,0-20,6217,1.2545,-0.028,0.002,1.63,1.657,
2,active,rush_carries,hind_all_half,2023-25,20-40,1453,3.5983,0.453,0.0113,7.652,7.199,
2,active,rush_carries,hind_all_half,2023-25,40-60,1072,4.3535,0.179,0.0127,13.398,13.218,
2,active,rush_carries,hind_all_half,2023-25,60-80,447,4.5626,0.583,0.0195,17.015,16.432,
2,active,rush_carries,hind_all_half,2023-25,80+,75,4.7744,1.38,0.0494,20.26,18.88,
2,active,rush_yards,hind_all_half,2017-18,all,4271,15.8049,-2.448,0.0205,23.129,25.577,hindsight absence (ceiling); rows touched 5486
2,active,rush_yards,hind_all_half,2017-18,0-20,2440,9.142,-1.614,0.018,8.24,9.854,
2,active,rush_yards,hind_all_half,2017-18,20-40,895,20.9018,-3.455,0.0612,28.972,32.427,
2,active,rush_yards,hind_all_half,2017-18,40-60,637,26.3882,-4.502,0.0635,49.375,53.878,
2,active,rush_yards,hind_all_half,2017-18,60-80,252,32.152,-3.582,0.1262,68.215,71.798,
2,active,rush_yards,hind_all_half,2017-18,80+,47,33.5656,7.35,0.1785,87.392,80.043,
2,active,rush_yards,hind_all_half,2019-22,all,11061,13.5679,-2.482,0.0115,19.383,21.866,hindsight absence (ceiling); rows touched 5486
2,active,rush_yards,hind_all_half,2019-22,0-20,7210,7.2533,-1.031,0.0096,6.361,7.392,
2,active,rush_yards,hind_all_half,2019-22,20-40,1907,21.5974,-3.492,0.0414,30.324,33.816,
2,active,rush_yards,hind_all_half,2019-22,40-60,1326,27.8703,-7.489,0.0472,50.13,57.619,
2,active,rush_yards,hind_all_half,2019-22,60-80,517,30.5294,-4.648,0.0643,68.097,72.745,
2,active,rush_yards,hind_all_half,2019-22,80+,101,38.1447,-10.25,0.0803,89.364,99.614,
2,active,rush_yards,hind_all_half,2023-25,all,9264,12.3252,-2.185,0.0098,18.254,20.438,hindsight absence (ceiling); rows touched 5486
2,active,rush_yards,hind_all_half,2023-25,0-20,6217,6.736,-1.196,0.0077,5.846,7.041,
2,active,rush_yards,hind_all_half,2023-25,20-40,1453,19.366,-2.316,0.0382,28.9,31.216,
2,active,rush_yards,hind_all_half,2023-25,40-60,1072,25.942,-6.528,0.0397,50.327,56.855,
2,active,rush_yards,hind_all_half,2023-25,60-80,447,30.6402,-4.824,0.0677,67.722,72.546,
2,active,rush_yards,hind_all_half,2023-25,80+,75,35.4458,-3.791,0.1902,87.276,91.067,
2,active,rush_carries,asof_same,2017-18,all,4271,2.8221,0.156,0.0103,6.212,6.057,"absence the rule could know (report Out/Doubtful, roster not active); rows touched 2295"
2,active,rush_carries,asof_same,2017-18,0-20,2440,1.6917,-0.091,0.0069,2.291,2.382,
2,active,rush_carries,asof_same,2017-18,20-40,895,3.8217,0.443,0.0292,7.902,7.459,
2,active,rush_carries,asof_same,2017-18,40-60,637,4.6789,0.352,0.0366,13.424,13.072,
2,active,rush_carries,asof_same,2017-18,60-80,252,4.9244,0.913,0.0824,17.159,16.246,
2,active,rush_carries,asof_same,2017-18,80+,47,6.0375,0.739,0.0,21.144,20.404,
2,active,rush_carries,asof_same,2019-22,all,11061,2.375,0.17,0.0067,5.166,4.995,"absence the rule could know (report Out/Doubtful, roster not active); rows touched 2295"
2,active,rush_carries,asof_same,2019-22,0-20,7210,1.3788,0.002,0.0051,1.798,1.796,
2,active,rush_carries,asof_same,2019-22,20-40,1907,3.8752,0.477,0.025,8.132,7.654,
2,active,rush_carries,asof_same,2019-22,40-60,1326,4.4951,0.481,0.0284,13.301,12.82,
2,active,rush_carries,asof_same,2019-22,60-80,517,4.7605,0.525,0.0386,17.107,16.582,
2,active,rush_carries,asof_same,2019-22,80+,101,5.1153,0.513,0.054,21.671,21.158,
2,active,rush_carries,asof_same,2023-25,all,9264,2.1561,0.166,0.006,4.882,4.716,"absence the rule could know (report Out/Doubtful, roster not active); rows touched 2295"
2,active,rush_carries,asof_same,2023-25,0-20,6217,1.2414,-0.008,0.0045,1.649,1.657,
2,active,rush_carries,asof_same,2023-25,20-40,1453,3.5454,0.579,0.0233,7.778,7.199,
2,active,rush_carries,asof_same,2023-25,40-60,1072,4.3783,0.303,0.0274,13.521,13.218,
2,active,rush_carries,asof_same,2023-25,60-80,447,4.5941,0.717,0.0398,17.148,16.432,
2,active,rush_carries,asof_same,2023-25,80+,75,4.7763,1.384,0.0501,20.264,18.88,
2,active,rush_yards,asof_same,2017-18,all,4271,15.7836,-2.404,0.0356,23.173,25.577,"absence the rule could know (report Out/Doubtful, roster not active); rows touched 2295"
2,active,rush_yards,asof_same,2017-18,0-20,2440,9.1086,-1.713,0.028,8.141,9.854,
2,active,rush_yards,asof_same,2017-18,20-40,895,20.7735,-3.209,0.1146,29.218,32.427,
2,active,rush_yards,asof_same,2017-18,40-60,637,26.5151,-4.254,0.1061,49.624,53.878,
2,active,rush_yards,asof_same,2017-18,60-80,252,32.2624,-3.301,0.2271,68.497,71.798,
2,active,rush_yards,asof_same,2017-18,80+,47,33.4889,6.96,0.0,87.003,80.043,
2,active,rush_yards,asof_same,2019-22,all,11061,13.5282,-2.27,0.0235,19.596,21.866,"absence the rule could know (report Out/Doubtful, roster not active); rows touched 2295"
2,active,rush_yards,asof_same,2019-22,0-20,7210,7.2024,-0.986,0.0193,6.406,7.392,
2,active,rush_yards,asof_same,2019-22,20-40,1907,21.5303,-2.869,0.0874,30.947,33.816,
2,active,rush_yards,asof_same,2019-22,40-60,1326,27.8575,-6.997,0.0961,50.622,57.619,
2,active,rush_yards,asof_same,2019-22,60-80,517,30.6373,-4.317,0.1245,68.427,72.745,
2,active,rush_yards,asof_same,2019-22,80+,101,38.31,-10.049,0.1497,89.565,99.614,
2,active,rush_yards,asof_same,2023-25,all,9264,12.2792,-2.031,0.0209,18.407,20.438,"absence the rule could know (report Out/Doubtful, roster not active); rows touched 2295"
2,active,rush_yards,asof_same,2023-25,0-20,6217,6.6871,-1.15,0.0159,5.891,7.041,
2,active,rush_yards,asof_same,2023-25,20-40,1453,19.2171,-1.966,0.0797,29.25,31.216,
2,active,rush_yards,asof_same,2023-25,40-60,1072,25.9794,-6.144,0.0892,50.711,56.855,
2,active,rush_yards,asof_same,2023-25,60-80,447,30.6933,-4.35,0.1486,68.196,72.546,
2,active,rush_yards,asof_same,2023-25,80+,75,35.8398,-3.713,0.3524,87.354,91.067,
2,active,rush_carries,asof_same_half,2017-18,all,4271,2.8146,0.077,0.0054,6.133,6.057,"absence the rule could know (report Out/Doubtful, roster not active); rows touched 2295"
2,active,rush_carries,asof_same_half,2017-18,0-20,2440,1.6959,-0.118,0.0035,2.264,2.382,
2,active,rush_carries,asof_same_half,2017-18,20-40,895,3.8315,0.292,0.0157,7.751,7.459,
2,active,rush_carries,asof_same_half,2017-18,40-60,637,4.633,0.206,0.0187,13.279,13.072,
2,active,rush_carries,asof_same_half,2017-18,60-80,252,4.8365,0.749,0.0419,16.995,16.246,
2,active,rush_carries,asof_same_half,2017-18,80+,47,6.0375,0.739,0.0,21.144,20.404,
2,active,rush_carries,asof_same_half,2019-22,all,11061,2.3755,0.074,0.0035,5.069,4.995,"absence the rule could know (report Out/Doubtful, roster not active); rows touched 2295"
2,active,rush_carries,asof_same_half,2019-22,0-20,7210,1.3775,-0.042,0.0027,1.754,1.796,
2,active,rush_carries,asof_same_half,2019-22,20-40,1907,3.8955,0.257,0.0131,7.911,7.654,
2,active,rush_carries,asof_same_half,2019-22,40-60,1326,4.4806,0.286,0.015,13.106,12.82,
2,active,rush_carries,asof_same_half,2019-22,60-80,517,4.7588,0.396,0.02,16.978,16.582,
2,active,rush_carries,asof_same_half,2019-22,80+,101,5.0858,0.453,0.027,21.612,21.158,
2,active,rush_carries,asof_same_half,2023-25,all,9264,2.1591,0.1,0.0032,4.816,4.716,"absence the rule could know (report Out/Doubtful, roster not active); rows touched 2295"
2,active,rush_carries,asof_same_half,2023-25,0-20,6217,1.2451,-0.039,0.0024,1.618,1.657,
2,active,rush_carries,asof_same_half,2023-25,20-40,1453,3.572,0.432,0.0122,7.631,7.199,
2,active,rush_carries,asof_same_half,2023-25,40-60,1072,4.3574,0.169,0.014,13.387,13.218,
2,active,rush_carries,asof_same_half,2023-25,60-80,447,4.57,0.583,0.0208,17.015,16.432,
2,active,rush_carries,asof_same_half,2023-25,80+,75,4.7588,1.329,0.042,20.209,18.88,
2,active,rush_yards,asof_same_half,2017-18,all,4271,15.7677,-2.638,0.019,22.939,25.577,"absence the rule could know (report Out/Doubtful, roster not active); rows touched 2295"
2,active,rush_yards,asof_same_half,2017-18,0-20,2440,9.12,-1.79,0.0144,8.064,9.854,
2,active,rush_yards,asof_same_half,2017-18,20-40,895,20.8168,-3.683,0.0614,28.743,32.427,
2,active,rush_yards,asof_same_half,2017-18,40-60,637,26.3862,-4.681,0.0592,49.196,53.878,
2,active,rush_yards,asof_same_half,2017-18,60-80,252,32.0566,-3.768,0.1176,68.03,71.798,
2,active,rush_yards,asof_same_half,2017-18,80+,47,33.4889,6.96,0.0,87.003,80.043,
2,active,rush_yards,asof_same_half,2019-22,all,11061,13.5232,-2.554,0.0126,19.311,21.866,"absence the rule could know (report Out/Doubtful, roster not active); rows touched 2295"
2,active,rush_yards,asof_same_half,2019-22,0-20,7210,7.2041,-1.109,0.0101,6.283,7.392,
2,active,rush_yards,asof_same_half,2019-22,20-40,1907,21.5376,-3.537,0.0485,30.279,33.816,
2,active,rush_yards,asof_same_half,2019-22,40-60,1326,27.861,-7.573,0.0504,50.046,57.619,
2,active,rush_yards,asof_same_half,2019-22,60-80,517,30.5021,-4.721,0.063,68.023,72.745,
2,active,rush_yards,asof_same_half,2019-22,80+,101,38.1519,-10.239,0.0859,89.375,99.614,
2,active,rush_yards,asof_same_half,2023-25,all,9264,12.2794,-2.229,0.0114,18.21,20.438,"absence the rule could know (report Out/Doubtful, roster not active); rows touched 2295"
2,active,rush_yards,asof_same_half,2023-25,0-20,6217,6.6915,-1.239,0.0094,5.803,7.041,
2,active,rush_yards,asof_same_half,2023-25,20-40,1453,19.2555,-2.402,0.0423,28.814,31.216,
2,active,rush_yards,asof_same_half,2023-25,40-60,1072,25.9298,-6.543,0.0468,50.313,56.855,
2,active,rush_yards,asof_same_half,2023-25,60-80,447,30.6679,-4.802,0.0765,67.743,72.546,
2,active,rush_yards,asof_same_half,2023-25,80+,75,35.6165,-3.936,0.177,87.13,91.067,
2,active,rush_carries,asof_all,2017-18,all,4271,2.834,0.166,0.0094,6.223,6.057,"absence the rule could know (report Out/Doubtful, roster not active); rows touched 4518"
2,active,rush_carries,asof_all,2017-18,0-20,2440,1.7061,-0.055,0.0064,2.327,2.382,
2,active,rush_carries,asof_all,2017-18,20-40,895,3.8462,0.418,0.0251,7.877,7.459,
2,active,rush_carries,asof_all,2017-18,40-60,637,4.6679,0.327,0.0331,13.399,13.072,
2,active,rush_carries,asof_all,2017-18,60-80,252,4.9266,0.906,0.082,17.152,16.246,
2,active,rush_carries,asof_all,2017-18,80+,47,6.0375,0.739,0.0,21.144,20.404,
2,active,rush_carries,asof_all,2019-22,all,11061,2.393,0.185,0.006,5.18,4.995,"absence the rule could know (report Out/Doubtful, roster not active); rows touched 4518"
2,active,rush_carries,asof_all,2019-22,0-20,7210,1.3982,0.035,0.0047,1.831,1.796,
2,active,rush_carries,asof_all,2019-22,20-40,1907,3.9089,0.455,0.0215,8.109,7.654,
2,active,rush_carries,asof_all,2019-22,40-60,1326,4.4921,0.459,0.0257,13.278,12.82,
2,active,rush_carries,asof_all,2019-22,60-80,517,4.7603,0.517,0.037,17.099,16.582,
2,active,rush_carries,asof_all,2019-22,80+,101,5.1121,0.508,0.0518,21.667,21.158,
2,active,rush_carries,asof_all,2023-25,all,9264,2.1736,0.175,0.0052,4.891,4.716,"absence the rule could know (report Out/Doubtful, roster not active); rows touched 4518"
2,active,rush_carries,asof_all,2023-25,0-20,6217,1.2591,0.009,0.0038,1.666,1.657,
2,active,rush_carries,asof_all,2023-25,20-40,1453,3.5787,0.583,0.0204,7.781,7.199,
2,active,rush_carries,asof_all,2023-25,40-60,1072,4.3851,0.283,0.0236,13.501,13.218,
2,active,rush_carries,asof_all,2023-25,60-80,447,4.5847,0.688,0.0351,17.12,16.432,
2,active,rush_carries,asof_all,2023-25,80+,75,4.7739,1.381,0.0547,20.261,18.88,
2,active,rush_yards,asof_all,2017-18,all,4271,15.8179,-2.374,0.0303,23.203,25.577,"absence the rule could know (report Out/Doubtful, roster not active); rows touched 4518"
2,active,rush_yards,asof_all,2017-18,0-20,2440,9.1566,-1.584,0.0242,8.27,9.854,
2,active,rush_yards,asof_all,2017-18,20-40,895,20.8593,-3.32,0.091,29.107,32.427,
2,active,rush_yards,asof_all,2017-18,40-60,637,26.446,-4.371,0.0936,49.507,53.878,
2,active,rush_yards,asof_all,2017-18,60-80,252,32.2514,-3.352,0.221,68.445,71.798,
2,active,rush_yards,asof_all,2017-18,80+,47,33.4889,6.96,0.0,87.003,80.043,
2,active,rush_yards,asof_all,2019-22,all,11061,13.5861,-2.22,0.02,19.646,21.866,"absence the rule could know (report Out/Doubtful, roster not active); rows touched 4518"
2,active,rush_yards,asof_all,2019-22,0-20,7210,7.2833,-0.87,0.0169,6.522,7.392,
2,active,rush_yards,asof_all,2019-22,20-40,1907,21.5931,-2.949,0.0713,30.867,33.816,
2,active,rush_yards,asof_all,2019-22,40-60,1326,27.8147,-7.084,0.082,50.536,57.619,
2,active,rush_yards,asof_all,2019-22,60-80,517,30.629,-4.355,0.1125,68.39,72.745,
2,active,rush_yards,asof_all,2019-22,80+,101,38.2874,-10.072,0.1408,89.542,99.614,
2,active,rush_yards,asof_all,2023-25,all,9264,12.3472,-1.999,0.0175,18.44,20.438,"absence the rule could know (report Out/Doubtful, roster not active); rows touched 4518"
2,active,rush_yards,asof_all,2023-25,0-20,6217,6.7518,-1.084,0.0141,5.957,7.041,
2,active,rush_yards,asof_all,2023-25,20-40,1453,19.3534,-1.942,0.0644,29.274,31.216,
2,active,rush_yards,asof_all,2023-25,40-60,1072,26.0154,-6.22,0.0733,50.635,56.855,
2,active,rush_yards,asof_all,2023-25,60-80,447,30.6782,-4.49,0.1243,68.055,72.546,
2,active,rush_yards,asof_all,2023-25,80+,75,35.8166,-3.736,0.3269,87.33,91.067,
2,active,rush_carries,asof_all_half,2017-18,all,4271,2.8216,0.082,0.0049,6.139,6.057,"absence the rule could know (report Out/Doubtful, roster not active); rows touched 4518"
2,active,rush_carries,asof_all_half,2017-18,0-20,2440,1.7023,-0.1,0.0033,2.282,2.382,
2,active,rush_carries,asof_all_half,2017-18,20-40,895,3.85,0.279,0.0132,7.739,7.459,
2,active,rush_carries,asof_all_half,2017-18,40-60,637,4.6295,0.194,0.0169,13.266,13.072,
2,active,rush_carries,asof_all_half,2017-18,60-80,252,4.8376,0.745,0.0418,16.991,16.246,
2,active,rush_carries,asof_all_half,2017-18,80+,47,6.0375,0.739,0.0,21.144,20.404,
2,active,rush_carries,asof_all_half,2019-22,all,11061,2.3855,0.081,0.0031,5.077,4.995,"absence the rule could know (report Out/Doubtful, roster not active); rows touched 4518"
2,active,rush_carries,asof_all_half,2019-22,0-20,7210,1.3868,-0.025,0.0025,1.771,1.796,
2,active,rush_carries,asof_all_half,2019-22,20-40,1907,3.9174,0.245,0.0111,7.9,7.654,
2,active,rush_carries,asof_all_half,2019-22,40-60,1326,4.4815,0.275,0.0134,13.095,12.82,
2,active,rush_carries,asof_all_half,2019-22,60-80,517,4.7607,0.392,0.0186,16.974,16.582,
2,active,rush_carries,asof_all_half,2019-22,80+,101,5.0842,0.451,0.0259,21.61,21.158,
2,active,rush_carries,asof_all_half,2023-25,all,9264,2.1686,0.104,0.0027,4.821,4.716,"absence the rule could know (report Out/Doubtful, roster not active); rows touched 4518"
2,active,rush_carries,asof_all_half,2023-25,0-20,6217,1.2539,-0.031,0.002,1.627,1.657,
2,active,rush_carries,asof_all_half,2023-25,20-40,1453,3.5924,0.434,0.0105,7.633,7.199,
2,active,rush_carries,asof_all_half,2023-25,40-60,1072,4.3611,0.159,0.012,13.377,13.218,
2,active,rush_carries,asof_all_half,2023-25,60-80,447,4.5676,0.569,0.0184,17.001,16.432,
2,active,rush_carries,asof_all_half,2023-25,80+,75,4.762,1.327,0.0404,20.207,18.88,
2,active,rush_yards,asof_all_half,2017-18,all,4271,15.7907,-2.622,0.0161,22.955,25.577,"absence the rule could know (report Out/Doubtful, roster not active); rows touched 4518"
2,active,rush_yards,asof_all_half,2017-18,0-20,2440,9.1441,-1.723,0.0129,8.131,9.854,
2,active,rush_yards,asof_all_half,2017-18,20-40,895,20.8696,-3.737,0.0493,28.69,32.427,
2,active,rush_yards,asof_all_half,2017-18,40-60,637,26.3727,-4.742,0.0488,49.135,53.878,
2,active,rush_yards,asof_all_half,2017-18,60-80,252,32.059,-3.795,0.112,68.003,71.798,
2,active,rush_yards,asof_all_half,2017-18,80+,47,33.4889,6.96,0.0,87.003,80.043,
2,active,rush_yards,asof_all_half,2019-22,all,11061,13.5601,-2.528,0.0108,19.337,21.866,"absence the rule could know (report Out/Doubtful, roster not active); rows touched 4518"
2,active,rush_yards,asof_all_half,2019-22,0-20,7210,7.2488,-1.048,0.0094,6.344,7.392,
2,active,rush_yards,asof_all_half,2019-22,20-40,1907,21.5917,-3.577,0.0391,30.239,33.816,
2,active,rush_yards,asof_all_half,2019-22,40-60,1326,27.849,-7.619,0.0428,50.001,57.619,
2,active,rush_yards,asof_all_half,2019-22,60-80,517,30.4998,-4.741,0.0566,68.003,72.745,
2,active,rush_yards,asof_all_half,2019-22,80+,101,38.1447,-10.25,0.0803,89.364,99.614,
2,active,rush_yards,asof_all_half,2023-25,all,9264,12.3233,-2.212,0.0092,18.227,20.438,"absence the rule could know (report Out/Doubtful, roster not active); rows touched 4518"
2,active,rush_yards,asof_all_half,2023-25,0-20,6217,6.7333,-1.204,0.0076,5.837,7.041,
2,active,rush_yards,asof_all_half,2023-25,20-40,1453,19.3391,-2.388,0.0342,28.828,31.216,
2,active,rush_yards,asof_all_half,2023-25,40-60,1072,25.9558,-6.583,0.038,50.272,56.855,
2,active,rush_yards,asof_all_half,2023-25,60-80,447,30.6657,-4.875,0.0629,67.671,72.546,
2,active,rush_yards,asof_all_half,2023-25,80+,75,35.604,-3.949,0.1634,87.118,91.067,
