season,week,team,kind,variant,factor_sum
2016,5,SF,rec,base,12.0
2016,5,SF,rec,rate,12.015625000000002
2016,5,SF,rec,rate_pace,12.015625000000002
2016,5,SF,rec,full,12.093356800077276
2016,5,SF,rush,base,12.0
2016,5,SF,rush,rate,11.88533834586466
2016,5,SF,rush,rate_pace,11.88533834586466
2016,5,SF,rush,full,11.703565698663779
2016,5,SF,pass,base,12.0
2016,5,SF,pass,rate,12.044927536231883
2016,5,SF,pass,rate_pace,12.679428575824515
2016,5,SF,pass,full,12.759753330980777
2016,5,ARI,rec,base,12.0
2016,5,ARI,rec,rate,12.065548780487807
2016,5,ARI,rec,rate_pace,12.065548780487807
2016,5,ARI,rec,full,12.122052606041487
2016,5,ARI,rush,base,12.0
2016,5,ARI,rush,rate,11.927944862155389
2016,5,ARI,rush,rate_pace,11.927944862155389
2016,5,ARI,rush,full,11.792792785009006
2016,5,ARI,pass,base,12.0
2016,5,ARI,pass,rate,12.178985507246377
2016,5,ARI,pass,rate_pace,11.804492187070956
2016,5,ARI,pass,full,11.86435760261332
2016,5,BAL,rec,base,12.0
2016,5,BAL,rec,rate,12.107469512195122
2016,5,BAL,rec,rate_pace,12.107469512195122
2016,5,BAL,rec,full,12.173312172328922
2016,5,BAL,rush,base,12.0
2016,5,BAL,rush,rate,12.005012531328322
2016,5,BAL,rush,rate_pace,12.005012531328322
2016,5,BAL,rush,full,11.856359310137275
2016,5,BAL,pass,base,12.0
2016,5,BAL,pass,rate,12.180434782608696
2016,5,BAL,pass,rate_pace,11.863507201614404
2016,5,BAL,pass,full,11.930352019856217
2016,5,WAS,rec,base,12.0
2016,5,WAS,rec,rate,11.903201219512196
2016,5,WAS,rec,rate_pace,11.903201219512196
2016,5,WAS,rec,full,12.210745387839808
2016,5,WAS,rush,base,12.0
2016,5,WAS,rush,rate,11.855889724310776
2016,5,WAS,rush,rate_pace,11.855889724310776
2016,5,WAS,rush,full,11.224706801586516
2016,5,WAS,pass,base,12.0
2016,5,WAS,pass,rate,11.863768115942028
2016,5,WAS,pass,rate_pace,11.747768212748458
2016,5,WAS,pass,full,12.056074216283504
2016,5,CLE,rec,base,12.0
2016,5,CLE,rec,rate,12.034679878048781
2016,5,CLE,rec,rate_pace,12.034679878048781
2016,5,CLE,rec,full,12.213343737859484
2016,5,CLE,rush,base,12.0
2016,5,CLE,rush,rate,11.88345864661654
2016,5,CLE,rush,rate_pace,11.88345864661654
2016,5,CLE,rush,full,11.451925734162762
2016,5,CLE,pass,base,12.0
2016,5,CLE,pass,rate,12.0231884057971
2016,5,CLE,pass,rate_pace,12.240464012133566
2016,5,CLE,pass,full,12.420425218896154
2016,5,NE,rec,base,12.0
2016,5,NE,rec,rate,11.991615853658537
2016,5,NE,rec,rate_pace,11.991615853658537
2016,5,NE,rec,full,11.947530270842858
2016,5,NE,rush,base,12.0
2016,5,NE,rush,rate,11.807644110275689
2016,5,NE,rush,rate_pace,11.807644110275689
2016,5,NE,rush,full,11.928428612852288
2016,5,NE,pass,base,12.0
2016,5,NE,pass,rate,12.034782608695654
2016,5,NE,pass,rate_pace,12.643589057640078
2016,5,NE,pass,full,12.598733243994754
2016,5,DET,rec,base,12.0
2016,5,DET,rec,rate,11.87385670731707
2016,5,DET,rec,rate_pace,11.87385670731707
2016,5,DET,rec,full,12.129052626349555
2016,5,DET,rush,base,12.0
2016,5,DET,rush,rate,11.914160401002505
2016,5,DET,rush,rate_pace,11.914160401002505
2016,5,DET,rush,full,11.3705786820924
2016,5,DET,pass,base,12.0
2016,5,DET,pass,rate,11.796376811594202
2016,5,DET,pass,rate_pace,11.598104712386174
2016,5,DET,pass,full,11.855931670270222
2016,5,PHI,rec,base,13.0
2016,5,PHI,rec,rate,13.011051829268293
2016,5,PHI,rec,rate_pace,13.011051829268293
2016,5,PHI,rec,full,13.167208115123502
2016,5,PHI,rush,base,13.0
2016,5,PHI,rush,rate,12.923558897243108
2016,5,PHI,rush,rate_pace,12.923558897243108
2016,5,PHI,rush,full,12.755430587051755
2016,5,PHI,pass,base,13.0
2016,5,PHI,pass,rate,13.026811594202899
2016,5,PHI,pass,rate_pace,13.28759810466561
2016,5,PHI,pass,full,13.44571401180432
2016,5,IND,rec,base,12.0
2016,5,IND,rec,rate,11.975228658536585
2016,5,IND,rec,rate_pace,11.975228658536585
2016,5,IND,rec,full,12.192446145283549
2016,5,IND,rush,base,12.0
2016,5,IND,rush,rate,12.00250626566416
2016,5,IND,rush,rate_pace,12.00250626566416
2016,5,IND,rush,full,11.476279706442208
2016,5,IND,pass,base,12.0
2016,5,IND,pass,rate,11.93768115942029
2016,5,IND,pass,rate_pace,11.402183887034269
2016,5,IND,pass,full,11.62143984124424
2016,5,CHI,rec,base,12.0
2016,5,CHI,rec,rate,12.056021341463413
2016,5,CHI,rec,rate_pace,12.056021341463413
2016,5,CHI,rec,full,12.144968451800375
2016,5,CHI,rush,base,12.0
2016,5,CHI,rush,rate,11.74498746867168
2016,5,CHI,rush,rate_pace,11.74498746867168
2016,5,CHI,rush,full,11.498955708128161
2016,5,CHI,pass,base,12.0
2016,5,CHI,pass,rate,12.141304347826086
2016,5,CHI,pass,rate_pace,12.256982490186603
2016,5,CHI,pass,full,12.348997809962938
2016,5,MIA,rec,base,12.0
2016,5,MIA,rec,rate,12.047256097560977
2016,5,MIA,rec,rate_pace,12.047256097560977
2016,5,MIA,rec,full,12.060141293387352
2016,5,MIA,rush,base,12.0
2016,5,MIA,rush,rate,11.848997493734336
2016,5,MIA,rush,rate_pace,11.848997493734336
2016,5,MIA,rush,full,11.736340549725066
2016,5,MIA,pass,base,12.0
2016,5,MIA,pass,rate,12.105797101449275
2016,5,MIA,pass,rate_pace,12.314108059683187
2016,5,MIA,pass,full,12.326915511474077
2016,5,TEN,rec,base,12.0
2016,5,TEN,rec,rate,11.892911585365853
2016,5,TEN,rec,rate_pace,11.892911585365853
2016,5,TEN,rec,full,11.93395674063682
2016,5,TEN,rush,base,12.0
2016,5,TEN,rush,rate,11.94047619047619
2016,5,TEN,rush,rate_pace,11.94047619047619
2016,5,TEN,rush,full,11.81465640607939
2016,5,TEN,pass,base,12.0
2016,5,TEN,pass,rate,11.810869565217391
2016,5,TEN,pass,rate_pace,11.954526448029451
2016,5,TEN,pass,full,11.998994100569863
2016,5,MIN,rec,base,12.0
2016,5,MIN,rec,rate,11.996951219512196
2016,5,MIN,rec,rate_pace,11.996951219512196
2016,5,MIN,rec,full,11.816003978823371
2016,5,MIN,rush,base,12.0
2016,5,MIN,rush,rate,12.11528822055138
2016,5,MIN,rush,rate_pace,12.11528822055138
2016,5,MIN,rush,full,12.474418162338827
2016,5,MIN,pass,base,12.0
2016,5,MIN,pass,rate,11.982608695652171
2016,5,MIN,pass,rate_pace,12.327520688207082
2016,5,MIN,pass,full,12.148942637006707
2016,5,HOU,rec,base,12.0
2016,5,HOU,rec,rate,11.953506097560975
2016,5,HOU,rec,rate_pace,11.953506097560975
2016,5,HOU,rec,full,11.857334075077103
2016,5,HOU,rush,base,12.0
2016,5,HOU,rush,rate,11.984335839598998
2016,5,HOU,rush,rate_pace,11.984335839598998
2016,5,HOU,rush,full,12.147365731766158
2016,5,HOU,pass,base,12.0
2016,5,HOU,pass,rate,11.910144927536232
2016,5,HOU,pass,rate_pace,12.035421469101555
2016,5,HOU,pass,full,11.943252376306802
2016,5,PIT,rec,base,12.0
2016,5,PIT,rec,rate,12.019435975609756
2016,5,PIT,rec,rate_pace,12.019435975609756
2016,5,PIT,rec,full,12.092093801909472
2016,5,PIT,rush,base,12.0
2016,5,PIT,rush,rate,11.898496240601503
2016,5,PIT,rush,rate_pace,11.898496240601503
2016,5,PIT,rush,full,11.92472811530775
2016,5,PIT,pass,base,12.0
2016,5,PIT,pass,rate,12.054347826086955
2016,5,PIT,pass,rate_pace,12.038600172904102
2016,5,PIT,pass,full,12.113253167696888
2016,5,NYJ,rec,base,12.0
2016,5,NYJ,rec,rate,11.959222560975611
2016,5,NYJ,rec,rate_pace,11.959222560975611
2016,5,NYJ,rec,full,12.010960222655587
2016,5,NYJ,rush,base,12.0
2016,5,NYJ,rush,rate,12.00187969924812
2016,5,NYJ,rush,rate_pace,12.00187969924812
2016,5,NYJ,rush,full,11.92877228976557
2016,5,NYJ,pass,base,12.0
2016,5,NYJ,pass,rate,11.915217391304346
2016,5,NYJ,pass,rate_pace,11.886638144464937
2016,5,NYJ,pass,full,11.937530772972394
2016,5,DEN,rec,base,12.0
2016,5,DEN,rec,rate,12.059070121951219
2016,5,DEN,rec,rate_pace,12.059070121951219
2016,5,DEN,rec,full,11.876488240983754
2016,5,DEN,rush,base,12.0
2016,5,DEN,rush,rate,12.298245614035086
2016,5,DEN,rush,rate_pace,12.298245614035086
2016,5,DEN,rush,full,12.612428306422833
2016,5,DEN,pass,base,12.0
2016,5,DEN,pass,rate,12.03768115942029
2016,5,DEN,pass,rate_pace,12.554641594248817
2016,5,DEN,pass,full,12.374093406133625
2016,5,ATL,rec,base,12.0
2016,5,ATL,rec,rate,11.953506097560977
2016,5,ATL,rec,rate_pace,11.953506097560977
2016,5,ATL,rec,full,12.265641521987297
2016,5,ATL,rush,base,12.0
2016,5,ATL,rush,rate,11.830200501253133
2016,5,ATL,rush,rate_pace,11.830200501253133
2016,5,ATL,rush,full,11.41692306653647
2016,5,ATL,pass,base,12.0
2016,5,ATL,pass,rate,11.957971014492754
2016,5,ATL,pass,rate_pace,12.001370596371197
2016,5,ATL,pass,full,12.315986599449984
2016,5,DAL,rec,base,12.0
2016,5,DAL,rec,rate,11.974466463414636
2016,5,DAL,rec,rate_pace,11.974466463414636
2016,5,DAL,rec,full,12.153555352206128
2016,5,DAL,rush,base,12.0
2016,5,DAL,rush,rate,11.88157894736842
2016,5,DAL,rush,rate_pace,11.88157894736842
2016,5,DAL,rush,full,11.7140323019513
2016,5,DAL,pass,base,12.0
2016,5,DAL,pass,rate,11.984782608695653
2016,5,DAL,pass,rate_pace,12.343424159051262
2016,5,DAL,pass,full,12.523997460092502
2016,5,CIN,rec,base,12.0
2016,5,CIN,rec,rate,11.874618902439025
2016,5,CIN,rec,rate_pace,11.874618902439025
2016,5,CIN,rec,full,11.879282638133246
2016,5,CIN,rush,base,12.0
2016,5,CIN,rush,rate,12.083959899749372
2016,5,CIN,rush,rate_pace,12.083959899749372
2016,5,CIN,rush,full,12.156143114111744
2016,5,CIN,pass,base,12.0
2016,5,CIN,pass,rate,11.763768115942028
2016,5,CIN,pass,rate_pace,11.612017938714697
2016,5,CIN,pass,full,11.618498373925817
2016,5,LA,rec,base,12.0
2016,5,LA,rec,rate,12.11890243902439
2016,5,LA,rec,rate_pace,12.11890243902439
2016,5,LA,rec,full,12.05986946031867
2016,5,LA,rush,base,12.0
2016,5,LA,rush,rate,11.931077694235588
2016,5,LA,rush,rate_pace,11.931077694235588
2016,5,LA,rush,full,11.978043755090642
2016,5,LA,pass,base,12.0
2016,5,LA,pass,rate,12.248550724637681
2016,5,LA,pass,rate_pace,12.858052073959009
2016,5,LA,pass,full,12.80038551194753
2016,5,BUF,rec,base,12.0
2016,5,BUF,rec,rate,12.057926829268293
2016,5,BUF,rec,rate_pace,12.057926829268293
2016,5,BUF,rec,full,12.031370401587038
2016,5,BUF,rush,base,12.0
2016,5,BUF,rush,rate,11.966165413533833
2016,5,BUF,rush,rate_pace,11.966165413533833
2016,5,BUF,rush,full,12.071135682448148
2016,5,BUF,pass,base,12.0
2016,5,BUF,pass,rate,12.113768115942028
2016,5,BUF,pass,rate_pace,12.754051839333238
2016,5,BUF,pass,full,12.726831456050874
2016,5,LV,rec,base,12.0
2016,5,LV,rec,rate,11.858231707317072
2016,5,LV,rec,rate_pace,11.858231707317072
2016,5,LV,rec,full,11.998458855673311
2016,5,LV,rush,base,12.0
2016,5,LV,rush,rate,11.993107769423558
2016,5,LV,rush,rate_pace,11.993107769423558
2016,5,LV,rush,full,11.727455104002669
2016,5,LV,pass,base,12.0
2016,5,LV,pass,rate,11.755072463768116
2016,5,LV,pass,rate_pace,11.733609920279104
2016,5,LV,pass,full,11.875777550698434
2016,5,LAC,rec,base,12.0
2016,5,LAC,rec,rate,12.019817073170731
2016,5,LAC,rec,rate_pace,12.019817073170731
2016,5,LAC,rec,full,12.202234253568768
2016,5,LAC,rush,base,12.0
2016,5,LAC,rush,rate,12.213659147869674
2016,5,LAC,rush,rate_pace,12.213659147869674
2016,5,LAC,rush,full,11.933039158700057
2016,5,LAC,pass,base,12.0
2016,5,LAC,pass,rate,12.007246376811594
2016,5,LAC,pass,rate_pace,12.05168774834603
2016,5,LAC,pass,full,12.236868457006413
2016,5,GB,rec,base,13.0
2016,5,GB,rec,rate,12.924161585365853
2016,5,GB,rec,rate_pace,12.924161585365853
2016,5,GB,rec,full,13.050900346155922
2016,5,GB,rush,base,13.0
2016,5,GB,rush,rate,13.14097744360902
2016,5,GB,rush,rate_pace,13.14097744360902
2016,5,GB,rush,full,13.046998524270293
2016,5,GB,pass,base,13.0
2016,5,GB,pass,rate,12.819565217391307
2016,5,GB,pass,rate_pace,13.074523845869276
2016,5,GB,pass,full,13.203359178932832
2016,5,NYG,rec,base,12.0
2016,5,NYG,rec,rate,11.994664634146341
2016,5,NYG,rec,rate_pace,11.994664634146341
2016,5,NYG,rec,full,12.199046240158008
2016,5,NYG,rush,base,12.0
2016,5,NYG,rush,rate,12.010651629072681
2016,5,NYG,rush,rate_pace,12.010651629072681
2016,5,NYG,rush,full,11.641771116444051
2016,5,NYG,pass,base,12.0
2016,5,NYG,pass,rate,11.984057971014494
2016,5,NYG,pass,rate_pace,11.976604521869664
2016,5,NYG,pass,full,12.182408670242124
2016,5,CAR,rec,base,12.0
2016,5,CAR,rec,rate,12.141006097560977
2016,5,CAR,rec,rate_pace,12.141006097560977
2016,5,CAR,rec,full,12.336592674096652
2016,5,CAR,rush,base,12.0
2016,5,CAR,rush,rate,12.080200501253133
2016,5,CAR,rush,rate_pace,12.080200501253133
2016,5,CAR,rush,full,11.820151007111084
2016,5,CAR,pass,base,12.0
2016,5,CAR,pass,rate,12.23840579710145
2016,5,CAR,pass,rate_pace,12.048277969677278
2016,5,CAR,pass,full,12.24725084849968
2016,5,TB,rec,base,12.0
2016,5,TB,rec,rate,12.204268292682931
2016,5,TB,rec,rate_pace,12.204268292682931
2016,5,TB,rec,full,12.447900604655018
2016,5,TB,rush,base,12.0
2016,5,TB,rush,rate,12.109022556390979
2016,5,TB,rush,rate_pace,12.109022556390979
2016,5,TB,rush,full,11.496278594316388
2016,5,TB,pass,base,12.0
2016,5,TB,pass,rate,12.357971014492753
2016,5,TB,pass,rate_pace,11.752743581218889
2016,5,TB,pass,full,12.00050340157261
2016,5,JAX,rec,base,12.0
2016,5,JAX,rec,rate,11.888338414634145
2016,5,JAX,rec,rate_pace,11.888338414634145
2016,5,JAX,rec,full,12.00517786278033
2016,5,JAX,rush,base,12.0
2016,5,JAX,rush,rate,12.245614035087717
2016,5,JAX,rush,rate_pace,12.245614035087717
2016,5,JAX,rush,full,11.862191656995217
2016,5,JAX,pass,base,12.0
2016,5,JAX,pass,rate,11.75072463768116
2016,5,JAX,pass,rate_pace,11.275869124214573
2016,5,JAX,pass,full,11.395105281459564
2016,5,NO,rec,base,12.0
2016,5,NO,rec,rate,12.01753048780488
2016,5,NO,rec,rate_pace,12.01753048780488
2016,5,NO,rec,full,12.42782313727472
2016,5,NO,rush,base,12.0
2016,5,NO,rush,rate,11.942355889724311
2016,5,NO,rush,rate_pace,11.942355889724311
2016,5,NO,rush,full,11.062233452707968
2016,5,NO,pass,base,12.0
2016,5,NO,pass,rate,12.05
2016,5,NO,pass,rate_pace,11.58445248867639
2016,5,NO,pass,full,11.997258429087745
2016,5,KC,rec,base,12.0
2016,5,KC,rec,rate,12.066692073170731
2016,5,KC,rec,rate_pace,12.066692073170731
2016,5,KC,rec,full,12.096902830666428
2016,5,KC,rush,base,12.0
2016,5,KC,rush,rate,12.158521303258146
2016,5,KC,rush,rate_pace,12.158521303258146
2016,5,KC,rush,full,12.231587937561972
2016,5,KC,pass,base,12.0
2016,5,KC,pass,rate,12.081159420289856
2016,5,KC,pass,rate_pace,11.708555759551727
2016,5,KC,pass,full,11.74322051268204
2016,5,SEA,rec,base,12.0
2016,5,SEA,rec,rate,12.038490853658537
2016,5,SEA,rec,rate_pace,12.038490853658537
2016,5,SEA,rec,full,12.006200003391509
2016,5,SEA,rush,base,12.0
2016,5,SEA,rush,rate,11.8765664160401
2016,5,SEA,rush,rate_pace,11.8765664160401
2016,5,SEA,rush,full,12.061079384109673
2016,5,SEA,pass,base,12.0
2016,5,SEA,pass,rate,12.106521739130436
2016,5,SEA,pass,rate_pace,12.193610674269532
2016,5,SEA,pass,full,12.164049900004287
2016,9,TB,rec,base,9.0
2016,9,TB,rec,rate,9.051459293394778
2016,9,TB,rec,rate_pace,9.051459293394778
2016,9,TB,rec,full,9.244114788356265
2016,9,TB,rush,base,9.0
2016,9,TB,rush,rate,8.884569377990431
2016,9,TB,rush,rate_pace,8.884569377990431
2016,9,TB,rush,full,8.558590807479192
2016,9,TB,pass,base,9.0
2016,9,TB,pass,rate,9.113304093567253
2016,9,TB,pass,rate_pace,9.050310661629263
2016,9,TB,pass,full,9.245649847292748
2016,9,ATL,rec,base,8.0
2016,9,ATL,rec,rate,8.023041474654377
2016,9,ATL,rec,rate_pace,8.023041474654377
2016,9,ATL,rec,full,8.258184238290355
2016,9,ATL,rush,base,8.0
2016,9,ATL,rush,rate,8.025119617224881
2016,9,ATL,rush,rate_pace,8.025119617224881
2016,9,ATL,rush,full,7.696934497034579
2016,9,ATL,pass,base,8.0
2016,9,ATL,pass,rate,8.0343567251462
2016,9,ATL,pass,rate_pace,8.056121675699115
2016,9,ATL,pass,full,8.29329009724691
2016,9,BAL,rec,base,9.0
2016,9,BAL,rec,rate,9.0752688172043
2016,9,BAL,rec,rate_pace,9.0752688172043
2016,9,BAL,rec,full,9.081628373545692
2016,9,BAL,rush,base,9.0
2016,9,BAL,rush,rate,9.166866028708135
2016,9,BAL,rush,rate_pace,9.166866028708135
2016,9,BAL,rush,full,9.1129435960561
2016,9,BAL,pass,base,9.0
2016,9,BAL,pass,rate,9.105263157894736
2016,9,BAL,pass,rate_pace,8.777579935218284
2016,9,BAL,pass,full,8.783061303346402
2016,9,PIT,rec,base,9.0
2016,9,PIT,rec,rate,9.083717357910906
2016,9,PIT,rec,rate_pace,9.083717357910906
2016,9,PIT,rec,full,9.147252538100155
2016,9,PIT,rush,base,9.0
2016,9,PIT,rush,rate,8.990430622009569
2016,9,PIT,rush,rate_pace,8.990430622009569
2016,9,PIT,rush,full,8.973501625936168
2016,9,PIT,pass,base,9.0
2016,9,PIT,pass,rate,9.174707602339183
2016,9,PIT,pass,rate_pace,9.073427405194266
2016,9,PIT,pass,full,9.138083373904117
2016,9,CLE,rec,base,8.0
2016,9,CLE,rec,rate,8.0142089093702
2016,9,CLE,rec,rate_pace,8.0142089093702
2016,9,CLE,rec,full,8.182116523433564
2016,9,CLE,rush,base,8.0
2016,9,CLE,rush,rate,7.976076555023923
2016,9,CLE,rush,rate_pace,7.976076555023923
2016,9,CLE,rush,full,7.548610542688674
2016,9,CLE,pass,base,8.0
2016,9,CLE,pass,rate,8.003654970760236
2016,9,CLE,pass,rate_pace,7.98840342011381
2016,9,CLE,pass,full,8.156444980468137
2016,9,DAL,rec,base,9.0
2016,9,DAL,rec,rate,9.003456221198157
2016,9,DAL,rec,rate_pace,9.003456221198157
2016,9,DAL,rec,full,9.109485701704836
2016,9,DAL,rush,base,9.0
2016,9,DAL,rush,rate,9.06638755980861
2016,9,DAL,rush,rate_pace,9.06638755980861
2016,9,DAL,rush,full,8.991502058991795
2016,9,DAL,pass,base,9.0
2016,9,DAL,pass,rate,9.011695906432749
2016,9,DAL,pass,rate_pace,9.338766307047287
2016,9,DAL,pass,full,9.446453495177863
2016,9,KC,rec,base,9.0
2016,9,KC,rec,rate,8.960445468509985
2016,9,KC,rec,rate_pace,8.960445468509985
2016,9,KC,rec,full,8.871266945059258
2016,9,KC,rush,base,9.0
2016,9,KC,rush,rate,8.942583732057416
2016,9,KC,rush,rate_pace,8.942583732057416
2016,9,KC,rush,full,9.151793293630575
2016,9,KC,pass,base,9.0
2016,9,KC,pass,rate,8.929093567251462
2016,9,KC,pass,rate_pace,8.984170012966676
2016,9,KC,pass,full,8.898476556386768
2016,9,JAX,rec,base,9.0
2016,9,JAX,rec,rate,8.905529953917052
2016,9,JAX,rec,rate_pace,8.905529953917052
2016,9,JAX,rec,full,8.991444176781563
2016,9,JAX,rush,base,9.0
2016,9,JAX,rush,rate,9.067583732057416
2016,9,JAX,rush,rate_pace,9.067583732057416
2016,9,JAX,rush,full,8.69823449628757
2016,9,JAX,pass,base,9.0
2016,9,JAX,pass,rate,8.845029239766083
2016,9,JAX,pass,rate_pace,8.46297842096012
2016,9,JAX,pass,full,8.551157913300283
2016,9,MIA,rec,base,9.0
2016,9,MIA,rec,rate,8.985023041474655
2016,9,MIA,rec,rate_pace,8.985023041474655
2016,9,MIA,rec,full,9.015186274025504
2016,9,MIA,rush,base,9.0
2016,9,MIA,rush,rate,8.850478468899523
2016,9,MIA,rush,rate_pace,8.850478468899523
2016,9,MIA,rush,full,8.776677170102259
2016,9,MIA,pass,base,9.0
2016,9,MIA,pass,rate,8.969298245614036
2016,9,MIA,pass,rate_pace,9.356452444354117
2016,9,MIA,pass,full,9.386660799537207
2016,9,NYJ,rec,base,8.0
2016,9,NYJ,rec,rate,8.001152073732719
2016,9,NYJ,rec,rate_pace,8.001152073732719
2016,9,NYJ,rec,full,8.034216066350085
2016,9,NYJ,rush,base,8.0
2016,9,NYJ,rush,rate,8.076555023923445
2016,9,NYJ,rush,rate_pace,8.076555023923445
2016,9,NYJ,rush,full,8.01202052741944
2016,9,NYJ,pass,base,8.0
2016,9,NYJ,pass,rate,7.97953216374269
2016,9,NYJ,pass,rate_pace,7.992442291581806
2016,9,NYJ,pass,full,8.025713019754
2016,9,MIN,rec,base,9.0
2016,9,MIN,rec,rate,9.004608294930875
2016,9,MIN,rec,rate_pace,9.004608294930875
2016,9,MIN,rec,full,8.896384919235047
2016,9,MIN,rush,base,9.0
2016,9,MIN,rush,rate,9.00956937799043
2016,9,MIN,rush,rate_pace,9.00956937799043
2016,9,MIN,rush,full,9.225242393396464
2016,9,MIN,pass,base,9.0
2016,9,MIN,pass,rate,9.017543859649123
2016,9,MIN,pass,rate_pace,9.150658782119319
2016,9,MIN,pass,full,9.04276175219596
2016,9,DET,rec,base,8.0
2016,9,DET,rec,rate,7.887096774193549
2016,9,DET,rec,rate_pace,7.887096774193549
2016,9,DET,rec,full,8.043634437532264
2016,9,DET,rush,base,8.0
2016,9,DET,rush,rate,7.888755980861244
2016,9,DET,rush,rate_pace,7.888755980861244
2016,9,DET,rush,full,7.596738316383518
2016,9,DET,pass,base,8.0
2016,9,DET,pass,rate,7.801900584795323
2016,9,DET,pass,rate_pace,7.867604903047179
2016,9,DET,pass,full,8.026095372671875
2016,9,NYG,rec,base,9.0
2016,9,NYG,rec,rate,9.037250384024578
2016,9,NYG,rec,rate_pace,9.037250384024578
2016,9,NYG,rec,full,9.12014535772239
2016,9,NYG,rush,base,9.0
2016,9,NYG,rush,rate,9.186602870813397
2016,9,NYG,rush,rate_pace,9.186602870813397
2016,9,NYG,rush,full,9.017592903179196
2016,9,NYG,pass,base,9.0
2016,9,NYG,pass,rate,9.060672514619885
2016,9,NYG,pass,rate_pace,9.00160775704372
2016,9,NYG,pass,full,9.085639500141955
2016,9,PHI,rec,base,9.0
2016,9,PHI,rec,rate,8.94047619047619
2016,9,PHI,rec,rate_pace,8.94047619047619
2016,9,PHI,rec,full,8.98504641049219
2016,9,PHI,rush,base,9.0
2016,9,PHI,rush,rate,8.839114832535884
2016,9,PHI,rush,rate_pace,8.839114832535884
2016,9,PHI,rush,full,8.786795849952268
2016,9,PHI,pass,base,9.0
2016,9,PHI,pass,rate,8.902777777777777
2016,9,PHI,pass,rate_pace,9.267486694185399
2016,9,PHI,pass,full,9.312647200920006
2016,9,LA,rec,base,9.0
2016,9,LA,rec,rate,9.025345622119815
2016,9,LA,rec,rate_pace,9.025345622119815
2016,9,LA,rec,full,9.029405433418095
2016,9,LA,rush,base,9.0
2016,9,LA,rush,rate,8.886363636363635
2016,9,LA,rush,rate_pace,8.886363636363635
2016,9,LA,rush,full,8.829687816870317
2016,9,LA,pass,base,9.0
2016,9,LA,pass,rate,9.065058479532164
2016,9,LA,pass,rate_pace,9.24445107460295
2016,9,LA,pass,full,9.251120946691861
2016,9,CAR,rec,base,9.0
2016,9,CAR,rec,rate,9.060291858678955
2016,9,CAR,rec,rate_pace,9.060291858678955
2016,9,CAR,rec,full,9.242571027821427
2016,9,CAR,rush,base,9.0
2016,9,CAR,rush,rate,9.006578947368421
2016,9,CAR,rush,rate_pace,9.006578947368421
2016,9,CAR,rush,full,8.762809898756924
2016,9,CAR,pass,base,9.0
2016,9,CAR,pass,rate,9.109649122807017
2016,9,CAR,pass,rate_pace,9.18076368196945
2016,9,CAR,pass,full,9.365412097548331
2016,9,SF,rec,base,9.0
2016,9,SF,rec,rate,8.95967741935484
2016,9,SF,rec,rate_pace,8.95967741935484
2016,9,SF,rec,full,9.17273784917753
2016,9,SF,rush,base,9.0
2016,9,SF,rush,rate,8.850478468899523
2016,9,SF,rush,rate_pace,8.850478468899523
2016,9,SF,rush,full,8.495495075602141
2016,9,SF,pass,base,9.0
2016,9,SF,pass,rate,8.926900584795321
2016,9,SF,pass,rate_pace,9.180370892902069
2016,9,SF,pass,full,9.394362839051954
2016,9,NO,rec,base,9.0
2016,9,NO,rec,rate,9.004224270353303
2016,9,NO,rec,rate_pace,9.004224270353303
2016,9,NO,rec,full,9.337912960378572
2016,9,NO,rush,base,9.0
2016,9,NO,rush,rate,8.976674641148326
2016,9,NO,rush,rate_pace,8.976674641148326
2016,9,NO,rush,full,8.340600712106102
2016,9,NO,pass,base,9.0
2016,9,NO,pass,rate,8.999269005847951
2016,9,NO,pass,rate_pace,8.722317502297583
2016,9,NO,pass,full,9.057518241134701
2016,9,GB,rec,base,9.0
2016,9,GB,rec,rate,8.92089093701997
2016,9,GB,rec,rate_pace,8.92089093701997
2016,9,GB,rec,full,8.971634154731241
2016,9,GB,rush,base,9.0
2016,9,GB,rush,rate,9.035287081339716
2016,9,GB,rush,rate_pace,9.035287081339716
2016,9,GB,rush,full,8.986272446450283
2016,9,GB,pass,base,9.0
2016,9,GB,pass,rate,8.880847953216374
2016,9,GB,pass,rate_pace,8.646506372227535
2016,9,GB,pass,full,8.698915305370562
2016,9,IND,rec,base,8.0
2016,9,IND,rec,rate,8.016129032258064
2016,9,IND,rec,rate_pace,8.016129032258064
2016,9,IND,rec,full,8.181259717228121
2016,9,IND,rush,base,8.0
2016,9,IND,rush,rate,7.954545454545454
2016,9,IND,rush,rate_pace,7.954545454545454
2016,9,IND,rush,full,7.574587177586305
2016,9,IND,pass,base,8.0
2016,9,IND,pass,rate,8.035087719298247
2016,9,IND,pass,rate_pace,7.72990013097812
2016,9,IND,pass,full,7.896838299002389
2016,9,LAC,rec,base,8.0
2016,9,LAC,rec,rate,8.12557603686636
2016,9,LAC,rec,rate_pace,8.12557603686636
2016,9,LAC,rec,full,8.239211810442047
2016,9,LAC,rush,base,8.0
2016,9,LAC,rush,rate,8.047846889952154
2016,9,LAC,rush,rate_pace,8.047846889952154
2016,9,LAC,rush,full,7.893862382441412
2016,9,LAC,pass,base,8.0
2016,9,LAC,pass,rate,8.242690058479532
2016,9,LAC,pass,rate_pace,8.182026425624235
2016,9,LAC,pass,full,8.298656107478322
2016,9,TEN,rec,base,8.0
2016,9,TEN,rec,rate,7.912442396313364
2016,9,TEN,rec,rate_pace,7.912442396313364
2016,9,TEN,rec,full,7.9941280009939
2016,9,TEN,rush,base,8.0
2016,9,TEN,rush,rate,7.967105263157894
2016,9,TEN,rush,rate_pace,7.967105263157894
2016,9,TEN,rush,full,7.848203885625079
2016,9,TEN,pass,base,8.0
2016,9,TEN,pass,rate,7.839912280701754
2016,9,TEN,pass,rate_pace,8.129185838626036
2016,9,TEN,pass,full,8.212539543032628
2016,9,LV,rec,base,8.0
2016,9,LV,rec,rate,7.914362519201228
2016,9,LV,rec,rate_pace,7.914362519201228
2016,9,LV,rec,full,7.969365717466155
2016,9,LV,rush,base,8.0
2016,9,LV,rush,rate,7.985645933014354
2016,9,LV,rush,rate_pace,7.985645933014354
2016,9,LV,rush,full,7.875995094533456
2016,9,LV,pass,base,8.0
2016,9,LV,pass,rate,7.864035087719298
2016,9,LV,pass,rate_pace,7.733139435221247
2016,9,LV,pass,full,7.79075974114285
2016,9,DEN,rec,base,8.0
2016,9,DEN,rec,rate,8.092549923195085
2016,9,DEN,rec,rate_pace,8.092549923195085
2016,9,DEN,rec,full,7.968165681182418
2016,9,DEN,rush,base,8.0
2016,9,DEN,rush,rate,8.10645933014354
2016,9,DEN,rush,rate_pace,8.10645933014354
2016,9,DEN,rush,full,8.330479867025833
2016,9,DEN,pass,base,8.0
2016,9,DEN,pass,rate,8.14327485380117
2016,9,DEN,pass,rate_pace,8.243780090218054
2016,9,DEN,pass,full,8.119708530732407
2016,9,SEA,rec,base,9.0
2016,9,SEA,rec,rate,9.0
2016,9,SEA,rec,rate_pace,9.0
2016,9,SEA,rec,full,8.919684356228748
2016,9,SEA,rush,base,9.0
2016,9,SEA,rush,rate,8.943779904306222
2016,9,SEA,rush,rate_pace,8.943779904306222
2016,9,SEA,rush,full,9.171127855064201
2016,9,SEA,pass,base,9.0
2016,9,SEA,pass,rate,9.013888888888888
2016,9,SEA,pass,rate_pace,8.99673952720966
2016,9,SEA,pass,full,8.91816445817836
2016,9,BUF,rec,base,8.0
2016,9,BUF,rec,rate,8.109831029185868
2016,9,BUF,rec,rate_pace,8.109831029185868
2016,9,BUF,rec,full,8.20106011775877
2016,9,BUF,rush,base,8.0
2016,9,BUF,rush,rate,8.022129186602871
2016,9,BUF,rush,rate_pace,8.022129186602871
2016,9,BUF,rush,full,7.955446288291207
2016,9,BUF,pass,base,8.0
2016,9,BUF,pass,rate,8.205409356725145
2016,9,BUF,pass,rate_pace,8.480269285573696
2016,9,BUF,pass,full,8.57299425903091
2016,9,HOU,rec,base,8.0
2016,9,HOU,rec,rate,8.06221198156682
2016,9,HOU,rec,rate_pace,8.06221198156682
2016,9,HOU,rec,full,8.01182003693104
2016,9,HOU,rush,base,8.0
2016,9,HOU,rush,rate,7.9784688995215305
2016,9,HOU,rush,rate_pace,7.9784688995215305
2016,9,HOU,rush,full,8.06680530557567
2016,9,HOU,pass,base,8.0
2016,9,HOU,pass,rate,8.115497076023392
2016,9,HOU,pass,rate_pace,8.113343435269645
2016,9,HOU,pass,full,8.063431179884764
2016,9,CHI,rec,base,8.0
2016,9,CHI,rec,rate,8.003072196620582
2016,9,CHI,rec,rate_pace,8.003072196620582
2016,9,CHI,rec,full,8.027618098147563
2016,9,CHI,rush,base,8.0
2016,9,CHI,rush,rate,8.003588516746413
2016,9,CHI,rush,rate_pace,8.003588516746413
2016,9,CHI,rush,full,7.908097216686453
2016,9,CHI,pass,base,8.0
2016,9,CHI,pass,rate,8.010233918128655
2016,9,CHI,pass,rate_pace,8.054775710892407
2016,9,CHI,pass,full,8.080156973336234
2016,9,WAS,rec,base,8.0
2016,9,WAS,rec,rate,7.885560675883257
2016,9,WAS,rec,rate_pace,7.885560675883257
2016,9,WAS,rec,full,7.981697878276525
2016,9,WAS,rush,base,8.0
2016,9,WAS,rush,rate,7.8516746411483265
2016,9,WAS,rush,rate_pace,7.8516746411483265
2016,9,WAS,rush,full,7.688416834785044
2016,9,WAS,pass,base,8.0
2016,9,WAS,pass,rate,7.812134502923977
2016,9,WAS,pass,rate_pace,7.7417823943528745
2016,9,WAS,pass,full,7.838254706532377
2016,9,ARI,rec,base,8.0
2016,9,ARI,rec,rate,7.949308755760369
2016,9,ARI,rec,rate_pace,7.949308755760369
2016,9,ARI,rec,full,7.9836550280485605
2016,9,ARI,rush,base,8.0
2016,9,ARI,rush,rate,8.031698564593302
2016,9,ARI,rush,rate_pace,8.031698564593302
2016,9,ARI,rush,full,7.997650958564827
2016,9,ARI,pass,base,8.0
2016,9,ARI,pass,rate,7.915204678362573
2016,9,ARI,pass,rate_pace,7.729794882939313
2016,9,ARI,pass,full,7.7660063507124155
2016,9,NE,rec,base,8.0
2016,9,NE,rec,rate,7.947004608294931
2016,9,NE,rec,rate_pace,7.947004608294931
2016,9,NE,rec,full,7.900134100491332
2016,9,NE,rush,base,8.0
2016,9,NE,rush,rate,7.866028708133973
2016,9,NE,rush,rate_pace,7.866028708133973
2016,9,NE,rush,full,8.023054634652027
2016,9,NE,pass,base,8.0
2016,9,NE,pass,rate,7.904239766081871
2016,9,NE,pass,rate_pace,8.122271817868153
2016,9,NE,pass,full,8.075617433347315
2016,9,CIN,rec,base,8.0
2016,9,CIN,rec,rate,7.973118279569892
2016,9,CIN,rec,rate_pace,7.973118279569892
2016,9,CIN,rec,full,7.984066061294283
2016,9,CIN,rush,base,8.0
2016,9,CIN,rush,rate,7.99102870813397
2016,9,CIN,rush,rate_pace,7.99102870813397
2016,9,CIN,rush,full,7.983038785162124
2016,9,CIN,pass,base,8.0
2016,9,CIN,pass,rate,7.96345029239766
2016,9,CIN,pass,rate_pace,7.8469274852089
2016,9,CIN,pass,full,7.858022217761127
2016,13,MIN,rec,base,5.0
2016,13,MIN,rec,rate,5.045
2016,13,MIN,rec,rate_pace,5.045
2016,13,MIN,rec,full,4.99973243152933
2016,13,MIN,rush,base,5.0
2016,13,MIN,rush,rate,4.9812801932367154
2016,13,MIN,rush,rate_pace,4.9812801932367154
2016,13,MIN,rush,full,5.090763395623276
2016,13,MIN,pass,base,5.0
2016,13,MIN,pass,rate,5.0891812865497075
2016,13,MIN,pass,rate_pace,5.144403228047614
2016,13,MIN,pass,full,5.099545893763168
2016,13,DAL,rec,base,5.0
2016,13,DAL,rec,rate,4.970769230769231
2016,13,DAL,rec,rate_pace,4.970769230769231
2016,13,DAL,rec,full,5.051596971030017
2016,13,DAL,rush,base,5.0
2016,13,DAL,rush,rate,4.996376811594203
2016,13,DAL,rush,rate_pace,4.996376811594203
2016,13,DAL,rush,full,4.944708009633575
2016,13,DAL,pass,base,5.0
2016,13,DAL,pass,rate,4.941520467836257
2016,13,DAL,pass,rate_pace,5.160037375979133
2016,13,DAL,pass,full,5.24095559886112
2016,13,ATL,rec,base,5.0
2016,13,ATL,rec,rate,5.03923076923077
2016,13,ATL,rec,rate_pace,5.03923076923077
2016,13,ATL,rec,full,5.183300239000404
2016,13,ATL,rush,base,5.0
2016,13,ATL,rush,rate,5.01268115942029
2016,13,ATL,rush,rate_pace,5.01268115942029
2016,13,ATL,rush,full,4.844769225131465
2016,13,ATL,pass,base,5.0
2016,13,ATL,pass,rate,5.0701754385964914
2016,13,ATL,pass,rate_pace,5.132400711648749
2016,13,ATL,pass,full,5.278817444190134
2016,13,KC,rec,base,5.0
2016,13,KC,rec,rate,4.987307692307693
2016,13,KC,rec,rate_pace,4.987307692307693
2016,13,KC,rec,full,4.991860785159054
2016,13,KC,rush,base,5.0
2016,13,KC,rush,rate,5.02536231884058
2016,13,KC,rush,rate_pace,5.02536231884058
2016,13,KC,rush,full,5.06186412460265
2016,13,KC,pass,base,5.0
2016,13,KC,pass,rate,4.961988304093567
2016,13,KC,pass,rate_pace,5.014504921144866
2016,13,KC,pass,full,5.019965742804919
2016,13,BAL,rec,base,5.0
2016,13,BAL,rec,rate,5.0
2016,13,BAL,rec,rate_pace,5.0
2016,13,BAL,rec,full,4.974167290552781
2016,13,BAL,rush,base,5.0
2016,13,BAL,rush,rate,5.047101449275362
2016,13,BAL,rush,rate_pace,5.047101449275362
2016,13,BAL,rush,full,5.071710258568603
2016,13,BAL,pass,base,5.0
2016,13,BAL,pass,rate,4.986111111111111
2016,13,BAL,pass,rate_pace,4.878071159223115
2016,13,BAL,pass,full,4.8522716136775195
2016,13,MIA,rec,base,5.0
2016,13,MIA,rec,rate,4.946538461538462
2016,13,MIA,rec,rate_pace,4.946538461538462
2016,13,MIA,rec,full,4.956786421451087
2016,13,MIA,rush,base,5.0
2016,13,MIA,rush,rate,4.884057971014493
2016,13,MIA,rush,rate_pace,4.884057971014493
2016,13,MIA,rush,full,4.848054194118376
2016,13,MIA,pass,base,5.0
2016,13,MIA,pass,rate,4.910087719298246
2016,13,MIA,pass,rate_pace,5.126632384399285
2016,13,MIA,pass,full,5.136880369608658
2016,13,CHI,rec,base,5.0
2016,13,CHI,rec,rate,5.0249999999999995
2016,13,CHI,rec,rate_pace,5.0249999999999995
2016,13,CHI,rec,full,5.042303102449877
2016,13,CHI,rush,base,5.0
2016,13,CHI,rush,rate,5.077898550724639
2016,13,CHI,rush,rate_pace,5.077898550724639
2016,13,CHI,rush,full,4.971316769580605
2016,13,CHI,pass,base,5.0
2016,13,CHI,pass,rate,5.059941520467836
2016,13,CHI,pass,rate_pace,5.028585508346266
2016,13,CHI,pass,full,5.046866446782253
2016,13,SF,rec,base,5.0
2016,13,SF,rec,rate,4.970384615384615
2016,13,SF,rec,rate_pace,4.970384615384615
2016,13,SF,rec,full,5.052803756038477
2016,13,SF,rush,base,5.0
2016,13,SF,rush,rate,4.921497584541063
2016,13,SF,rush,rate_pace,4.921497584541063
2016,13,SF,rush,full,4.75847558624704
2016,13,SF,pass,base,5.0
2016,13,SF,pass,rate,4.945906432748538
2016,13,SF,pass,rate_pace,5.008034611779886
2016,13,SF,pass,full,5.090507603710049
2016,13,CIN,rec,base,5.0
2016,13,CIN,rec,rate,4.998846153846154
2016,13,CIN,rec,rate_pace,4.998846153846154
2016,13,CIN,rec,full,4.956925311949156
2016,13,CIN,rush,base,5.0
2016,13,CIN,rush,rate,4.986111111111112
2016,13,CIN,rush,rate_pace,4.986111111111112
2016,13,CIN,rush,full,5.064056892988365
2016,13,CIN,pass,base,5.0
2016,13,CIN,pass,rate,5.0021929824561395
2016,13,CIN,pass,rate_pace,4.89535760265443
2016,13,CIN,pass,full,4.853490111336659
2016,13,PHI,rec,base,5.0
2016,13,PHI,rec,rate,4.9823076923076925
2016,13,PHI,rec,rate_pace,4.9823076923076925
2016,13,PHI,rec,full,4.991685110267462
2016,13,PHI,rush,base,5.0
2016,13,PHI,rush,rate,4.9649758454106285
2016,13,PHI,rush,rate_pace,4.9649758454106285
2016,13,PHI,rush,full,4.938857268053006
2016,13,PHI,pass,base,5.0
2016,13,PHI,pass,rate,4.965643274853802
2016,13,PHI,pass,rate_pace,5.029614088862812
2016,13,PHI,pass,full,5.039342856630757
2016,13,GB,rec,base,5.0
2016,13,GB,rec,rate,4.942692307692308
2016,13,GB,rec,rate_pace,4.942692307692308
2016,13,GB,rec,full,4.971179191864314
2016,13,GB,rush,base,5.0
2016,13,GB,rush,rate,4.952898550724638
2016,13,GB,rush,rate_pace,4.952898550724638
2016,13,GB,rush,full,4.916683707489157
2016,13,GB,pass,base,5.0
2016,13,GB,pass,rate,4.898391812865498
2016,13,GB,pass,rate_pace,4.681247045285468
2016,13,GB,pass,full,4.709986956106936
2016,13,HOU,rec,base,5.0
2016,13,HOU,rec,rate,5.041538461538462
2016,13,HOU,rec,rate_pace,5.041538461538462
2016,13,HOU,rec,full,5.028262261488999
2016,13,HOU,rush,base,5.0
2016,13,HOU,rush,rate,5.014492753623188
2016,13,HOU,rush,rate_pace,5.014492753623188
2016,13,HOU,rush,full,5.031338499656591
2016,13,HOU,pass,base,5.0
2016,13,HOU,pass,rate,5.086988304093568
2016,13,HOU,pass,rate_pace,5.081885037689488
2016,13,HOU,pass,full,5.069599167722961
2016,13,JAX,rec,base,5.0
2016,13,JAX,rec,rate,4.925
2016,13,JAX,rec,rate_pace,4.925
2016,13,JAX,rec,full,4.954907231181517
2016,13,JAX,rush,base,5.0
2016,13,JAX,rush,rate,5.038043478260869
2016,13,JAX,rush,rate_pace,5.038043478260869
2016,13,JAX,rush,full,4.919514622549478
2016,13,JAX,pass,base,5.0
2016,13,JAX,pass,rate,4.85891812865497
2016,13,JAX,pass,rate_pace,4.718571123286408
2016,13,JAX,pass,full,4.749251545940052
2016,13,DEN,rec,base,5.0
2016,13,DEN,rec,rate,5.022692307692308
2016,13,DEN,rec,rate_pace,5.022692307692308
2016,13,DEN,rec,full,4.987704768470365
2016,13,DEN,rush,base,5.0
2016,13,DEN,rush,rate,5.029589371980676
2016,13,DEN,rush,rate_pace,5.029589371980676
2016,13,DEN,rush,full,5.0836841595537035
2016,13,DEN,pass,base,5.0
2016,13,DEN,pass,rate,5.021929824561403
2016,13,DEN,pass,rate_pace,5.04449260564534
2016,13,DEN,pass,full,5.009421194216248
2016,13,NE,rec,base,5.0
2016,13,NE,rec,rate,4.9034615384615385
2016,13,NE,rec,rate_pace,4.9034615384615385
2016,13,NE,rec,full,4.852695401607952
2016,13,NE,rush,base,5.0
2016,13,NE,rush,rate,4.963164251207729
2016,13,NE,rush,rate_pace,4.963164251207729
2016,13,NE,rush,full,5.105087050281607
2016,13,NE,pass,base,5.0
2016,13,NE,pass,rate,4.817251461988304
2016,13,NE,pass,rate_pace,4.896254121336933
2016,13,NE,pass,full,4.846117932520507
2016,13,LA,rec,base,5.0
2016,13,LA,rec,rate,4.961923076923077
2016,13,LA,rec,rate_pace,4.961923076923077
2016,13,LA,rec,full,4.9087808072534225
2016,13,LA,rush,base,5.0
2016,13,LA,rush,rate,4.989130434782609
2016,13,LA,rush,rate_pace,4.989130434782609
2016,13,LA,rush,full,4.9966396100967705
2016,13,LA,pass,base,5.0
2016,13,LA,pass,rate,4.9261695906432745
2016,13,LA,pass,rate_pace,5.0225526531383755
2016,13,LA,pass,full,4.969914209333149
2016,13,NO,rec,base,5.0
2016,13,NO,rec,rate,5.005769230769231
2016,13,NO,rec,rate_pace,5.005769230769231
2016,13,NO,rec,full,5.204736058753461
2016,13,NO,rush,base,5.0
2016,13,NO,rush,rate,5.010869565217391
2016,13,NO,rush,rate_pace,5.010869565217391
2016,13,NO,rush,full,4.686964079862697
2016,13,NO,pass,base,5.0
2016,13,NO,pass,rate,5.006578947368421
2016,13,NO,pass,rate_pace,4.910452507036936
2016,13,NO,pass,full,5.109339227422287
2016,13,DET,rec,base,5.0
2016,13,DET,rec,rate,5.048846153846154
2016,13,DET,rec,rate_pace,5.048846153846154
2016,13,DET,rec,full,5.156413838438106
2016,13,DET,rush,base,5.0
2016,13,DET,rush,rate,4.906400966183575
2016,13,DET,rush,rate_pace,4.906400966183575
2016,13,DET,rush,full,4.71257365766614
2016,13,DET,pass,base,5.0
2016,13,DET,pass,rate,5.1045321637426895
2016,13,DET,pass,rate_pace,5.137894440444636
2016,13,DET,pass,full,5.24807922009253
2016,13,LV,rec,base,5.0
2016,13,LV,rec,rate,4.991153846153846
2016,13,LV,rec,rate_pace,4.991153846153846
2016,13,LV,rec,full,5.064386543585747
2016,13,LV,rush,base,5.0
2016,13,LV,rush,rate,5.032608695652174
2016,13,LV,rush,rate_pace,5.032608695652174
2016,13,LV,rush,full,4.900682013279754
2016,13,LV,pass,base,5.0
2016,13,LV,pass,rate,4.9751461988304095
2016,13,LV,pass,rate_pace,4.964225243326912
2016,13,LV,pass,full,5.038228492389992
2016,13,BUF,rec,base,5.0
2016,13,BUF,rec,rate,5.068846153846154
2016,13,BUF,rec,rate_pace,5.068846153846154
2016,13,BUF,rec,full,5.104856165528442
2016,13,BUF,rush,base,5.0
2016,13,BUF,rush,rate,5.0477053140096615
2016,13,BUF,rush,rate_pace,5.0477053140096615
2016,13,BUF,rush,full,5.040582938507737
2016,13,BUF,pass,base,5.0
2016,13,BUF,pass,rate,5.119152046783626
2016,13,BUF,pass,rate_pace,5.267754401938687
2016,13,BUF,pass,full,5.304556536044315
2016,13,ARI,rec,base,5.0
2016,13,ARI,rec,rate,4.9861538461538455
2016,13,ARI,rec,rate_pace,4.9861538461538455
2016,13,ARI,rec,full,5.030625839212632
2016,13,ARI,rush,base,5.0
2016,13,ARI,rush,rate,5.018115942028985
2016,13,ARI,rush,rate_pace,5.018115942028985
2016,13,ARI,rush,full,4.928559303157394
2016,13,ARI,pass,base,5.0
2016,13,ARI,pass,rate,4.981725146198831
2016,13,ARI,pass,rate_pace,4.835903967841688
2016,13,ARI,pass,full,4.881981228087374
2016,13,WAS,rec,base,5.0
2016,13,WAS,rec,rate,4.956923076923077
2016,13,WAS,rec,rate_pace,4.956923076923077
2016,13,WAS,rec,full,5.031915766220056
2016,13,WAS,rush,base,5.0
2016,13,WAS,rush,rate,4.875
2016,13,WAS,rush,rate_pace,4.875
2016,13,WAS,rush,full,4.778361944663699
2016,13,WAS,pass,base,5.0
2016,13,WAS,pass,rate,4.926900584795321
2016,13,WAS,pass,rate_pace,4.8917357922744396
2016,13,WAS,pass,full,4.966222347131287
2016,13,PIT,rec,base,5.0
2016,13,PIT,rec,rate,4.996538461538462
2016,13,PIT,rec,rate_pace,4.996538461538462
2016,13,PIT,rec,full,4.979579986780929
2016,13,PIT,rush,base,5.0
2016,13,PIT,rush,rate,4.954106280193237
2016,13,PIT,rush,rate_pace,4.954106280193237
2016,13,PIT,rush,full,5.048907546340438
2016,13,PIT,pass,base,5.0
2016,13,PIT,pass,rate,5.00219298245614
2016,13,PIT,pass,rate_pace,4.979502838800583
2016,13,PIT,pass,full,4.962490856377181
2016,13,NYG,rec,base,5.0
2016,13,NYG,rec,rate,5.036153846153846
2016,13,NYG,rec,rate_pace,5.036153846153846
2016,13,NYG,rec,full,5.086212155398644
2016,13,NYG,rush,base,5.0
2016,13,NYG,rush,rate,5.048309178743962
2016,13,NYG,rush,rate_pace,5.048309178743962
2016,13,NYG,rush,full,4.937821542897496
2016,13,NYG,pass,base,5.0
2016,13,NYG,pass,rate,5.059941520467836
2016,13,NYG,pass,rate_pace,5.079728405750837
2016,13,NYG,pass,full,5.1303775777879075
2016,13,LAC,rec,base,5.0
2016,13,LAC,rec,rate,5.099230769230769
2016,13,LAC,rec,rate_pace,5.099230769230769
2016,13,LAC,rec,full,5.1955266363810955
2016,13,LAC,rush,base,5.0
2016,13,LAC,rush,rate,5.028985507246377
2016,13,LAC,rush,rate_pace,5.028985507246377
2016,13,LAC,rush,full,4.907159712050294
2016,13,LAC,pass,base,5.0
2016,13,LAC,pass,rate,5.180555555555555
2016,13,LAC,pass,rate_pace,5.183525439981453
2016,13,LAC,pass,full,5.281578404956804
2016,13,TB,rec,base,5.0
2016,13,TB,rec,rate,5.068461538461539
2016,13,TB,rec,rate_pace,5.068461538461539
2016,13,TB,rec,full,5.214491814594773
2016,13,TB,rush,base,5.0
2016,13,TB,rush,rate,4.904589371980677
2016,13,TB,rush,rate_pace,4.904589371980677
2016,13,TB,rush,full,4.678778332938708
2016,13,TB,pass,base,5.0
2016,13,TB,pass,rate,5.13157894736842
2016,13,TB,pass,rate_pace,5.115245662797387
2016,13,TB,pass,full,5.263313286939273
2016,13,SEA,rec,base,5.0
2016,13,SEA,rec,rate,5.000384615384616
2016,13,SEA,rec,rate_pace,5.000384615384616
2016,13,SEA,rec,full,4.9339898136813
2016,13,SEA,rush,base,5.0
2016,13,SEA,rush,rate,4.966183574879227
2016,13,SEA,rush,rate_pace,4.966183574879227
2016,13,SEA,rush,full,5.165521879528237
2016,13,SEA,pass,base,5.0
2016,13,SEA,pass,rate,5.023391812865497
2016,13,SEA,pass,rate_pace,5.0150161622432385
2016,13,SEA,pass,full,4.9504633627275965
2016,13,CAR,rec,base,5.0
2016,13,CAR,rec,rate,5.01
2016,13,CAR,rec,rate_pace,5.01
2016,13,CAR,rec,full,5.129767201708646
2016,13,CAR,rush,base,5.0
2016,13,CAR,rush,rate,5.0
2016,13,CAR,rush,rate_pace,5.0
2016,13,CAR,rush,full,4.8115813762864725
2016,13,CAR,pass,base,5.0
2016,13,CAR,pass,rate,5.019005847953216
2016,13,CAR,pass,rate_pace,5.118926992269856
2016,13,CAR,pass,full,5.239035755540041
2016,13,NYJ,rec,base,5.0
2016,13,NYJ,rec,rate,5.03923076923077
2016,13,NYJ,rec,rate_pace,5.03923076923077
2016,13,NYJ,rec,full,5.076543541692217
2016,13,NYJ,rush,base,5.0
2016,13,NYJ,rush,rate,5.103864734299516
2016,13,NYJ,rush,rate_pace,5.103864734299516
2016,13,NYJ,rush,full,5.031235929715013
2016,13,NYJ,pass,base,5.0
2016,13,NYJ,pass,rate,5.055555555555555
2016,13,NYJ,pass,rate_pace,5.100840752619521
2016,13,NYJ,pass,full,5.138594174382531
2016,13,IND,rec,base,5.0
2016,13,IND,rec,rate,4.963846153846154
2016,13,IND,rec,rate_pace,4.963846153846154
2016,13,IND,rec,full,5.030554156380737
2016,13,IND,rush,base,5.0
2016,13,IND,rush,rate,4.993357487922705
2016,13,IND,rush,rate_pace,4.993357487922705
2016,13,IND,rush,full,4.861621595129286
2016,13,IND,pass,base,5.0
2016,13,IND,pass,rate,4.9261695906432745
2016,13,IND,pass,rate_pace,4.758512306287303
2016,13,IND,pass,full,4.825457165168899
2016,13,CLE,rec,base,4.0
2016,13,CLE,rec,rate,4.015000000000001
2016,13,CLE,rec,rate_pace,4.015000000000001
2016,13,CLE,rec,full,4.094622527004059
2016,13,CLE,rush,base,4.0
2016,13,CLE,rush,rate,4.003019323671498
2016,13,CLE,rush,rate_pace,4.003019323671498
2016,13,CLE,rush,full,3.7327427076193893
2016,13,CLE,pass,base,4.0
2016,13,CLE,pass,rate,4.029970760233919
2016,13,CLE,pass,rate_pace,3.984038465138551
2016,13,CLE,pass,full,4.064121618537465
2016,13,TEN,rec,base,4.0
2016,13,TEN,rec,rate,3.9242307692307694
2016,13,TEN,rec,rate_pace,3.9242307692307694
2016,13,TEN,rec,full,3.9560664057505655
2016,13,TEN,rush,base,4.0
2016,13,TEN,rush,rate,4.013285024154589
2016,13,TEN,rush,rate_pace,4.013285024154589
2016,13,TEN,rush,full,3.9717387837650966
2016,13,TEN,pass,base,4.0
2016,13,TEN,pass,rate,3.8472222222222223
2016,13,TEN,pass,rate_pace,3.9387415539210564
2016,13,TEN,pass,full,3.9702724615070135
2017,1,NE,rec,base,16.0
2017,1,NE,rec,rate,16.038491446345255
2017,1,NE,rec,rate_pace,16.038491446345255
2017,1,NE,rec,full,16.176209921606347
2017,1,NE,rush,base,16.0
2017,1,NE,rush,rate,16.080143540669855
2017,1,NE,rush,rate_pace,16.080143540669855
2017,1,NE,rush,full,16.12249937998905
2017,1,NE,pass,base,16.0
2017,1,NE,pass,rate,16.039085545722717
2017,1,NE,pass,rate_pace,15.959378989142788
2017,1,NE,pass,full,16.09921146136055
2017,1,KC,rec,base,16.0
2017,1,KC,rec,rate,15.945178849144634
2017,1,KC,rec,rate_pace,15.945178849144634
2017,1,KC,rec,full,15.990425315406824
2017,1,KC,rush,base,16.0
2017,1,KC,rush,rate,15.964114832535886
2017,1,KC,rush,rate_pace,15.964114832535886
2017,1,KC,rush,full,15.97431604215066
2017,1,KC,pass,base,16.0
2017,1,KC,pass,rate,15.85914454277286
2017,1,KC,pass,rate_pace,15.991285885074417
2017,1,KC,pass,full,16.0382875416944
2017,1,BUF,rec,base,16.0
2017,1,BUF,rec,rate,16.027993779160187
2017,1,BUF,rec,rate_pace,16.027993779160187
2017,1,BUF,rec,full,16.386777561560216
2017,1,BUF,rush,base,16.0
2017,1,BUF,rush,rate,16.055622009569376
2017,1,BUF,rush,rate_pace,16.055622009569376
2017,1,BUF,rush,full,15.606223957044396
2017,1,BUF,pass,base,16.0
2017,1,BUF,pass,rate,16.007374631268437
2017,1,BUF,pass,rate_pace,16.451896035727337
2017,1,BUF,pass,full,16.810705793229967
2017,1,NYJ,rec,base,16.0
2017,1,NYJ,rec,rate,16.015552099533437
2017,1,NYJ,rec,rate_pace,16.015552099533437
2017,1,NYJ,rec,full,16.20058123058441
2017,1,NYJ,rush,base,16.0
2017,1,NYJ,rush,rate,16.116028708133975
2017,1,NYJ,rush,rate_pace,16.116028708133975
2017,1,NYJ,rush,full,15.690298564515071
2017,1,NYJ,pass,base,16.0
2017,1,NYJ,pass,rate,15.990412979351035
2017,1,NYJ,pass,rate_pace,16.10061455661473
2017,1,NYJ,pass,full,16.286971040226675
2017,1,CHI,rec,base,16.0
2017,1,CHI,rec,rate,16.097589424572316
2017,1,CHI,rec,rate_pace,16.097589424572316
2017,1,CHI,rec,full,16.27505794014129
2017,1,CHI,rush,base,16.0
2017,1,CHI,rush,rate,16.122607655502392
2017,1,CHI,rush,rate_pace,16.122607655502392
2017,1,CHI,rush,full,15.684035290580331
2017,1,CHI,pass,base,16.0
2017,1,CHI,pass,rate,16.203539823008853
2017,1,CHI,pass,rate_pace,16.43568805884822
2017,1,CHI,pass,full,16.61617043960257
2017,1,ATL,rec,base,16.0
2017,1,ATL,rec,rate,16.123639191290824
2017,1,ATL,rec,rate_pace,16.123639191290824
2017,1,ATL,rec,full,16.79827936722499
2017,1,ATL,rush,base,16.0
2017,1,ATL,rush,rate,15.978468899521532
2017,1,ATL,rush,rate_pace,15.978468899521532
2017,1,ATL,rush,full,15.189910076136416
2017,1,ATL,pass,base,16.0
2017,1,ATL,pass,rate,16.25147492625369
2017,1,ATL,pass,rate_pace,16.543058581381732
2017,1,ATL,pass,full,17.224867802645473
2017,1,CIN,rec,base,16.0
2017,1,CIN,rec,rate,15.954898911353032
2017,1,CIN,rec,rate_pace,15.954898911353032
2017,1,CIN,rec,full,15.892437965648146
2017,1,CIN,rush,base,16.0
2017,1,CIN,rush,rate,16.04665071770335
2017,1,CIN,rush,rate_pace,16.04665071770335
2017,1,CIN,rush,full,16.221264099252583
2017,1,CIN,pass,base,16.0
2017,1,CIN,pass,rate,15.928466076696164
2017,1,CIN,pass,rate_pace,15.851364115041518
2017,1,CIN,pass,full,15.790487632738824
2017,1,BAL,rec,base,16.0
2017,1,BAL,rec,rate,16.028382581648522
2017,1,BAL,rec,rate_pace,16.028382581648522
2017,1,BAL,rec,full,16.00305727535635
2017,1,BAL,rush,base,16.0
2017,1,BAL,rush,rate,16.145334928229666
2017,1,BAL,rush,rate_pace,16.145334928229666
2017,1,BAL,rush,full,16.230490391976282
2017,1,BAL,pass,base,16.0
2017,1,BAL,pass,rate,16.044985250737465
2017,1,BAL,pass,rate_pace,15.491133319533082
2017,1,BAL,pass,full,15.466660865115088
2017,1,CLE,rec,base,16.0
2017,1,CLE,rec,rate,15.942457231726285
2017,1,CLE,rec,rate_pace,15.942457231726285
2017,1,CLE,rec,full,16.022043640419962
2017,1,CLE,rush,base,16.0
2017,1,CLE,rush,rate,15.943181818181818
2017,1,CLE,rush,rate_pace,15.943181818181818
2017,1,CLE,rush,full,15.548210962590684
2017,1,CLE,pass,base,16.0
2017,1,CLE,pass,rate,15.903392330383483
2017,1,CLE,pass,rate_pace,15.696156563761509
2017,1,CLE,pass,full,15.777506819772903
2017,1,PIT,rec,base,16.0
2017,1,PIT,rec,rate,15.974727838258165
2017,1,PIT,rec,rate_pace,15.974727838258165
2017,1,PIT,rec,full,16.050460852503356
2017,1,PIT,rush,base,16.0
2017,1,PIT,rush,rate,16.042464114832537
2017,1,PIT,rush,rate_pace,16.042464114832537
2017,1,PIT,rush,full,16.060677129445807
2017,1,PIT,pass,base,16.0
2017,1,PIT,pass,rate,15.93362831858407
2017,1,PIT,pass,rate_pace,16.060130330239943
2017,1,PIT,pass,full,16.13647083316316
2017,1,DET,rec,base,16.0
2017,1,DET,rec,rate,15.999222395023327
2017,1,DET,rec,rate_pace,15.999222395023327
2017,1,DET,rec,full,16.229068008109238
2017,1,DET,rush,base,16.0
2017,1,DET,rush,rate,16.00358851674641
2017,1,DET,rush,rate_pace,16.00358851674641
2017,1,DET,rush,full,15.514121724821946
2017,1,DET,pass,base,16.0
2017,1,DET,pass,rate,16.04646017699115
2017,1,DET,pass,rate_pace,15.935404165808238
2017,1,DET,pass,full,16.168473445685432
2017,1,ARI,rec,base,16.0
2017,1,ARI,rec,rate,16.027604976671853
2017,1,ARI,rec,rate_pace,16.027604976671853
2017,1,ARI,rec,full,16.21849839829455
2017,1,ARI,rush,base,16.0
2017,1,ARI,rush,rate,15.936602870813397
2017,1,ARI,rush,rate_pace,15.936602870813397
2017,1,ARI,rush,full,15.719917109959255
2017,1,ARI,pass,base,16.0
2017,1,ARI,pass,rate,16.035398230088497
2017,1,ARI,pass,rate_pace,15.632564260196618
2017,1,ARI,pass,full,15.82545875042005
2017,1,HOU,rec,base,16.0
2017,1,HOU,rec,rate,15.950233281493002
2017,1,HOU,rec,rate_pace,15.950233281493002
2017,1,HOU,rec,full,15.77185681017502
2017,1,HOU,rush,base,16.0
2017,1,HOU,rush,rate,15.941985645933013
2017,1,HOU,rush,rate_pace,15.941985645933013
2017,1,HOU,rush,full,16.125934664901905
2017,1,HOU,pass,base,16.0
2017,1,HOU,pass,rate,15.910029498525073
2017,1,HOU,pass,rate_pace,15.919233111436865
2017,1,HOU,pass,full,15.740947027388133
2017,1,JAX,rec,base,16.0
2017,1,JAX,rec,rate,15.968506998444791
2017,1,JAX,rec,rate_pace,15.968506998444791
2017,1,JAX,rec,full,15.9606115494272
2017,1,JAX,rush,base,16.0
2017,1,JAX,rush,rate,15.909688995215312
2017,1,JAX,rush,rate_pace,15.909688995215312
2017,1,JAX,rush,full,15.892894503682617
2017,1,JAX,pass,base,16.0
2017,1,JAX,pass,rate,15.950589970501476
2017,1,JAX,pass,rate_pace,15.526956959601446
2017,1,JAX,pass,full,15.520204754925551
2017,1,TEN,rec,base,16.0
2017,1,TEN,rec,rate,15.94634525660964
2017,1,TEN,rec,rate_pace,15.94634525660964
2017,1,TEN,rec,full,16.022922740973364
2017,1,TEN,rush,base,16.0
2017,1,TEN,rush,rate,15.991028708133971
2017,1,TEN,rush,rate_pace,15.991028708133971
2017,1,TEN,rush,full,15.95323537252506
2017,1,TEN,pass,base,16.0
2017,1,TEN,pass,rate,15.891592920353983
2017,1,TEN,pass,rate_pace,16.314226377246264
2017,1,TEN,pass,full,16.39258723504746
2017,1,LV,rec,base,16.0
2017,1,LV,rec,rate,15.907853810264386
2017,1,LV,rec,rate_pace,15.907853810264386
2017,1,LV,rec,full,16.07532976165792
2017,1,LV,rush,base,16.0
2017,1,LV,rush,rate,15.958732057416269
2017,1,LV,rush,rate_pace,15.958732057416269
2017,1,LV,rush,full,15.673498508762163
2017,1,LV,pass,base,16.0
2017,1,LV,pass,rate,15.775073746312684
2017,1,LV,pass,rate_pace,15.750731046609037
2017,1,LV,pass,full,15.91918472782033
2017,1,WAS,rec,base,16.0
2017,1,WAS,rec,rate,15.958398133748055
2017,1,WAS,rec,rate_pace,15.958398133748055
2017,1,WAS,rec,full,16.2193961111268
2017,1,WAS,rush,base,16.0
2017,1,WAS,rush,rate,15.859449760765552
2017,1,WAS,rush,rate_pace,15.859449760765552
2017,1,WAS,rush,full,15.451026427421619
2017,1,WAS,pass,base,16.0
2017,1,WAS,pass,rate,15.908554572271385
2017,1,WAS,pass,rate_pace,15.851058453051335
2017,1,WAS,pass,full,16.11411431709932
2017,1,PHI,rec,base,16.0
2017,1,PHI,rec,rate,15.965007776049768
2017,1,PHI,rec,rate_pace,15.965007776049768
2017,1,PHI,rec,full,15.983759716020295
2017,1,PHI,rush,base,16.0
2017,1,PHI,rush,rate,15.891148325358852
2017,1,PHI,rush,rate_pace,15.891148325358852
2017,1,PHI,rush,full,15.861883579300528
2017,1,PHI,pass,base,16.0
2017,1,PHI,pass,rate,15.922566371681416
2017,1,PHI,pass,rate_pace,15.769876688459874
2017,1,PHI,pass,full,15.790016317440838
2017,1,LA,rec,base,16.0
2017,1,LA,rec,rate,15.960730948678071
2017,1,LA,rec,rate_pace,15.960730948678071
2017,1,LA,rec,full,15.868106326456363
2017,1,LA,rush,base,16.0
2017,1,LA,rush,rate,15.869617224880383
2017,1,LA,rush,rate_pace,15.869617224880383
2017,1,LA,rush,full,15.714055096275004
2017,1,LA,pass,base,16.0
2017,1,LA,pass,rate,15.963864306784659
2017,1,LA,pass,rate_pace,16.138402666468156
2017,1,LA,pass,full,16.04658127499734
2017,1,IND,rec,base,16.0
2017,1,IND,rec,rate,15.840979782270606
2017,1,IND,rec,rate_pace,15.840979782270606
2017,1,IND,rec,full,15.888512933778527
2017,1,IND,rush,base,16.0
2017,1,IND,rush,rate,15.885167464114831
2017,1,IND,rush,rate_pace,15.885167464114831
2017,1,IND,rush,full,15.754588884659448
2017,1,IND,pass,base,16.0
2017,1,IND,pass,rate,15.696902654867255
2017,1,IND,pass,rate_pace,15.398554932843847
2017,1,IND,pass,full,15.448017134405138
2017,1,GB,rec,base,16.0
2017,1,GB,rec,rate,16.008942457231726
2017,1,GB,rec,rate_pace,16.008942457231726
2017,1,GB,rec,full,16.404062742045603
2017,1,GB,rush,base,16.0
2017,1,GB,rush,rate,16.020933014354068
2017,1,GB,rush,rate_pace,16.020933014354068
2017,1,GB,rush,full,15.328923181963122
2017,1,GB,pass,base,16.0
2017,1,GB,pass,rate,16.032448377581122
2017,1,GB,pass,rate_pace,15.523073450504889
2017,1,GB,pass,full,15.919258755078632
2017,1,SEA,rec,base,16.0
2017,1,SEA,rec,rate,15.955676516329705
2017,1,SEA,rec,rate_pace,15.955676516329705
2017,1,SEA,rec,full,15.961350801773845
2017,1,SEA,rush,base,16.0
2017,1,SEA,rush,rate,15.969497607655503
2017,1,SEA,rush,rate_pace,15.969497607655503
2017,1,SEA,rush,full,16.096888041274966
2017,1,SEA,pass,base,16.0
2017,1,SEA,pass,rate,15.924041297935103
2017,1,SEA,pass,rate_pace,15.980845033418465
2017,1,SEA,pass,full,15.98852928653468
2017,1,SF,rec,base,16.0
2017,1,SF,rec,rate,15.897356143079316
2017,1,SF,rec,rate_pace,15.897356143079316
2017,1,SF,rec,full,16.116818260130707
2017,1,SF,rush,base,16.0
2017,1,SF,rush,rate,15.755382775119617
2017,1,SF,rush,rate_pace,15.755382775119617
2017,1,SF,rush,full,15.356364271496613
2017,1,SF,pass,base,16.0
2017,1,SF,pass,rate,15.83480825958702
2017,1,SF,pass,rate_pace,16.124501472498142
2017,1,SF,pass,full,16.345248521362578
2017,1,CAR,rec,base,16.0
2017,1,CAR,rec,rate,16.12674961119751
2017,1,CAR,rec,rate_pace,16.12674961119751
2017,1,CAR,rec,full,16.427815873273502
2017,1,CAR,rush,base,16.0
2017,1,CAR,rush,rate,16.15909090909091
2017,1,CAR,rush,rate_pace,16.15909090909091
2017,1,CAR,rush,full,15.72089554487448
2017,1,CAR,pass,base,16.0
2017,1,CAR,pass,rate,16.23230088495575
2017,1,CAR,pass,rate_pace,16.34142248952258
2017,1,CAR,pass,full,16.645111620188196
2017,1,DAL,rec,base,16.0
2017,1,DAL,rec,rate,15.998444790046658
2017,1,DAL,rec,rate_pace,15.998444790046658
2017,1,DAL,rec,full,16.35427996557771
2017,1,DAL,rush,base,16.0
2017,1,DAL,rush,rate,15.959330143540672
2017,1,DAL,rush,rate_pace,15.959330143540672
2017,1,DAL,rush,full,15.655214614373383
2017,1,DAL,pass,base,16.0
2017,1,DAL,pass,rate,15.985250737463126
2017,1,DAL,pass,rate_pace,16.63697127163712
2017,1,DAL,pass,full,16.9947724288288
2017,1,NYG,rec,base,16.0
2017,1,NYG,rec,rate,16.02760497667185
2017,1,NYG,rec,rate_pace,16.02760497667185
2017,1,NYG,rec,full,15.916680613081382
2017,1,NYG,rush,base,16.0
2017,1,NYG,rush,rate,16.004186602870814
2017,1,NYG,rush,rate_pace,16.004186602870814
2017,1,NYG,rush,full,16.196714487950363
2017,1,NYG,pass,base,16.0
2017,1,NYG,pass,rate,16.02433628318584
2017,1,NYG,pass,rate_pace,15.962948174199244
2017,1,NYG,pass,full,15.852534840590996
2017,1,MIN,rec,base,16.0
2017,1,MIN,rec,rate,16.12091757387247
2017,1,MIN,rec,rate_pace,16.12091757387247
2017,1,MIN,rec,full,16.17553899172483
2017,1,MIN,rush,base,16.0
2017,1,MIN,rush,rate,16.10227272727273
2017,1,MIN,rush,rate_pace,16.10227272727273
2017,1,MIN,rush,full,16.043537794580363
2017,1,MIN,pass,base,16.0
2017,1,MIN,pass,rate,16.23377581120944
2017,1,MIN,pass,rate_pace,16.19775236740236
2017,1,MIN,pass,full,16.25430824625032
2017,1,NO,rec,base,16.0
2017,1,NO,rec,rate,16.046656298600315
2017,1,NO,rec,rate_pace,16.046656298600315
2017,1,NO,rec,full,16.58810403808118
2017,1,NO,rush,base,16.0
2017,1,NO,rush,rate,16.096889952153113
2017,1,NO,rush,rate_pace,16.096889952153113
2017,1,NO,rush,full,15.173310681535916
2017,1,NO,pass,base,16.0
2017,1,NO,pass,rate,16.087020648967552
2017,1,NO,pass,rate_pace,15.729327461162734
2017,1,NO,pass,full,16.272709973370276
2017,1,DEN,rec,base,16.0
2017,1,DEN,rec,rate,16.08475894245723
2017,1,DEN,rec,rate_pace,16.08475894245723
2017,1,DEN,rec,full,15.983151152612765
2017,1,DEN,rush,base,16.0
2017,1,DEN,rush,rate,16.041267942583733
2017,1,DEN,rush,rate_pace,16.041267942583733
2017,1,DEN,rush,full,16.194341965681428
2017,1,DEN,pass,base,16.0
2017,1,DEN,pass,rate,16.109144542772864
2017,1,DEN,pass,rate_pace,16.086137464500275
2017,1,DEN,pass,full,15.98417161377693
2017,1,LAC,rec,base,16.0
2017,1,LAC,rec,rate,15.982115085536547
2017,1,LAC,rec,rate_pace,15.982115085536547
2017,1,LAC,rec,full,16.234810441280565
2017,1,LAC,rush,base,16.0
2017,1,LAC,rush,rate,16.059808612440193
2017,1,LAC,rush,rate_pace,16.059808612440193
2017,1,LAC,rush,full,15.64327106340184
2017,1,LAC,pass,base,16.0
2017,1,LAC,pass,rate,15.897492625368727
2017,1,LAC,pass,rate_pace,15.870246006177155
2017,1,LAC,pass,full,16.122867132423334
2017,1,TB,rec,base,16.0
2017,1,TB,rec,rate,16.03227060653188
2017,1,TB,rec,rate_pace,16.03227060653188
2017,1,TB,rec,full,16.280037396759397
2017,1,TB,rush,base,16.0
2017,1,TB,rush,rate,15.98385167464115
2017,1,TB,rush,rate_pace,15.98385167464115
2017,1,TB,rush,full,15.61923596272653
2017,1,TB,pass,base,16.0
2017,1,TB,pass,rate,16.087020648967552
2017,1,TB,pass,rate_pace,16.07959202870673
2017,1,TB,pass,full,16.328722593539265
2017,1,MIA,rec,base,16.0
2017,1,MIA,rec,rate,16.026049766718508
2017,1,MIA,rec,rate_pace,16.026049766718508
2017,1,MIA,rec,full,16.33635535249507
2017,1,MIA,rush,base,16.0
2017,1,MIA,rush,rate,15.93361244019139
2017,1,MIA,rush,rate_pace,15.93361244019139
2017,1,MIA,rush,full,15.416350722431195
2017,1,MIA,pass,base,16.0
2017,1,MIA,pass,rate,16.03023598820059
2017,1,MIA,pass,rate_pace,16.80362679413184
2017,1,MIA,pass,full,17.11534576327559
2017,5,TB,rec,base,13.0
2017,5,TB,rec,rate,13.043749999999998
2017,5,TB,rec,rate_pace,13.043749999999998
2017,5,TB,rec,full,13.26499228394136
2017,5,TB,rush,base,13.0
2017,5,TB,rush,rate,13.055889423076925
2017,5,TB,rush,rate_pace,13.055889423076925
2017,5,TB,rush,full,12.709289949021015
2017,5,TB,pass,base,13.0
2017,5,TB,pass,rate,13.105185185185185
2017,5,TB,pass,rate_pace,13.148748681264316
2017,5,TB,pass,full,13.371900192163134
2017,5,NE,rec,base,12.0
2017,5,NE,rec,rate,11.94140625
2017,5,NE,rec,rate_pace,11.94140625
2017,5,NE,rec,full,12.151428957359936
2017,5,NE,rush,base,12.0
2017,5,NE,rush,rate,12.111177884615383
2017,5,NE,rush,rate_pace,12.111177884615383
2017,5,NE,rush,full,11.920979462154266
2017,5,NE,pass,base,12.0
2017,5,NE,pass,rate,11.863703703703704
2017,5,NE,pass,rate_pace,11.610224296491632
2017,5,NE,pass,full,11.81901340157796
2017,5,CIN,rec,base,12.0
2017,5,CIN,rec,rate,11.890625000000002
2017,5,CIN,rec,rate_pace,11.890625000000002
2017,5,CIN,rec,full,11.727655530552429
2017,5,CIN,rush,base,12.0
2017,5,CIN,rush,rate,12.022235576923077
2017,5,CIN,rush,rate_pace,12.022235576923077
2017,5,CIN,rush,full,12.280689499780182
2017,5,CIN,pass,base,12.0
2017,5,CIN,pass,rate,11.836296296296297
2017,5,CIN,pass,rate_pace,11.912730914466222
2017,5,CIN,pass,full,11.749550190707954
2017,5,BUF,rec,base,12.0
2017,5,BUF,rec,rate,12.089453124999999
2017,5,BUF,rec,rate_pace,12.089453124999999
2017,5,BUF,rec,full,12.130243862709275
2017,5,BUF,rush,base,12.0
2017,5,BUF,rush,rate,12.119591346153847
2017,5,BUF,rush,rate_pace,12.119591346153847
2017,5,BUF,rush,full,12.109811076833862
2017,5,BUF,pass,base,12.0
2017,5,BUF,pass,rate,12.141481481481483
2017,5,BUF,pass,rate_pace,12.393208011816032
2017,5,BUF,pass,full,12.435130232825202
2017,5,CLE,rec,base,12.0
2017,5,CLE,rec,rate,11.908984375000001
2017,5,CLE,rec,rate_pace,11.908984375000001
2017,5,CLE,rec,full,11.946803853626392
2017,5,CLE,rush,base,12.0
2017,5,CLE,rush,rate,11.967548076923077
2017,5,CLE,rush,rate_pace,11.967548076923077
2017,5,CLE,rush,full,11.651321368920648
2017,5,CLE,pass,base,12.0
2017,5,CLE,pass,rate,11.857037037037037
2017,5,CLE,pass,rate_pace,11.514825240020098
2017,5,CLE,pass,full,11.553792575684872
2017,5,NYJ,rec,base,12.0
2017,5,NYJ,rec,rate,12.028906249999999
2017,5,NYJ,rec,rate_pace,12.028906249999999
2017,5,NYJ,rec,full,12.154961128808788
2017,5,NYJ,rush,base,12.0
2017,5,NYJ,rush,rate,12.106971153846155
2017,5,NYJ,rush,rate_pace,12.106971153846155
2017,5,NYJ,rush,full,11.803528932106135
2017,5,NYJ,pass,base,12.0
2017,5,NYJ,pass,rate,12.040000000000001
2017,5,NYJ,pass,rate_pace,12.260033842576776
2017,5,NYJ,pass,full,12.387365307520108
2017,5,DET,rec,base,12.0
2017,5,DET,rec,rate,12.05625
2017,5,DET,rec,rate_pace,12.05625
2017,5,DET,rec,full,12.076894962257024
2017,5,DET,rush,base,12.0
2017,5,DET,rush,rate,12.039663461538462
2017,5,DET,rush,rate_pace,12.039663461538462
2017,5,DET,rush,full,12.056965018310535
2017,5,DET,pass,base,12.0
2017,5,DET,pass,rate,12.145925925925924
2017,5,DET,pass,rate_pace,12.060590227726351
2017,5,DET,pass,full,12.083326836555852
2017,5,CAR,rec,base,12.0
2017,5,CAR,rec,rate,12.076171874999998
2017,5,CAR,rec,rate_pace,12.076171874999998
2017,5,CAR,rec,full,12.157713650048695
2017,5,CAR,rush,base,12.0
2017,5,CAR,rush,rate,12.119591346153847
2017,5,CAR,rush,rate_pace,12.119591346153847
2017,5,CAR,rush,full,12.010706304725751
2017,5,CAR,pass,base,12.0
2017,5,CAR,pass,rate,12.131851851851854
2017,5,CAR,pass,rate_pace,12.355969682203003
2017,5,CAR,pass,full,12.438431024626158
2017,5,IND,rec,base,12.0
2017,5,IND,rec,rate,11.815625000000002
2017,5,IND,rec,rate_pace,11.815625000000002
2017,5,IND,rec,full,11.98272527105522
2017,5,IND,rush,base,12.0
2017,5,IND,rush,rate,11.970552884615383
2017,5,IND,rush,rate_pace,11.970552884615383
2017,5,IND,rush,full,11.590482213200511
2017,5,IND,pass,base,12.0
2017,5,IND,pass,rate,11.662222222222224
2017,5,IND,pass,rate_pace,11.643531733219776
2017,5,IND,pass,full,11.808965735491693
2017,5,SF,rec,base,12.0
2017,5,SF,rec,rate,11.930468750000001
2017,5,SF,rec,rate_pace,11.930468750000001
2017,5,SF,rec,full,12.074922741367855
2017,5,SF,rush,base,12.0
2017,5,SF,rush,rate,11.924879807692307
2017,5,SF,rush,rate_pace,11.924879807692307
2017,5,SF,rush,full,11.596880953001781
2017,5,SF,pass,base,12.0
2017,5,SF,pass,rate,11.902962962962963
2017,5,SF,pass,rate_pace,12.00444440274423
2017,5,SF,pass,full,12.14917063084202
2017,5,MIA,rec,base,13.0
2017,5,MIA,rec,rate,12.98203125
2017,5,MIA,rec,rate_pace,12.98203125
2017,5,MIA,rec,full,13.036360250415647
2017,5,MIA,rush,base,13.0
2017,5,MIA,rush,rate,13.060697115384615
2017,5,MIA,rush,rate_pace,13.060697115384615
2017,5,MIA,rush,full,12.853402402600869
2017,5,MIA,pass,base,13.0
2017,5,MIA,pass,rate,12.93703703703704
2017,5,MIA,pass,rate_pace,13.610309232084257
2017,5,MIA,pass,full,13.664973627031717
2017,5,TEN,rec,base,12.0
2017,5,TEN,rec,rate,11.95234375
2017,5,TEN,rec,rate_pace,11.95234375
2017,5,TEN,rec,full,12.033024882796186
2017,5,TEN,rush,base,12.0
2017,5,TEN,rush,rate,12.0625
2017,5,TEN,rush,rate_pace,12.0625
2017,5,TEN,rush,full,11.925442691343438
2017,5,TEN,pass,base,12.0
2017,5,TEN,pass,rate,11.929629629629629
2017,5,TEN,pass,rate_pace,12.366005020396141
2017,5,TEN,pass,full,12.446999990426908
2017,5,NYG,rec,base,12.0
2017,5,NYG,rec,rate,11.958203124999999
2017,5,NYG,rec,rate_pace,11.958203124999999
2017,5,NYG,rec,full,11.920316335436038
2017,5,NYG,rush,base,12.0
2017,5,NYG,rush,rate,11.969350961538462
2017,5,NYG,rush,rate_pace,11.969350961538462
2017,5,NYG,rush,full,11.993398679961953
2017,5,NYG,pass,base,12.0
2017,5,NYG,pass,rate,11.934814814814814
2017,5,NYG,pass,rate_pace,11.775889873027303
2017,5,NYG,pass,full,11.73797320347405
2017,5,LAC,rec,base,12.0
2017,5,LAC,rec,rate,11.966015624999999
2017,5,LAC,rec,rate_pace,11.966015624999999
2017,5,LAC,rec,full,12.140547483901042
2017,5,LAC,rush,base,12.0
2017,5,LAC,rush,rate,12.02764423076923
2017,5,LAC,rush,rate_pace,12.02764423076923
2017,5,LAC,rush,full,11.650584687566003
2017,5,LAC,pass,base,12.0
2017,5,LAC,pass,rate,11.925185185185184
2017,5,LAC,pass,rate_pace,11.82693943651795
2017,5,LAC,pass,full,12.001167199329466
2017,5,PHI,rec,base,12.0
2017,5,PHI,rec,rate,11.922656250000001
2017,5,PHI,rec,rate_pace,11.922656250000001
2017,5,PHI,rec,full,11.9619897945572
2017,5,PHI,rush,base,12.0
2017,5,PHI,rush,rate,11.915264423076923
2017,5,PHI,rush,rate_pace,11.915264423076923
2017,5,PHI,rush,full,11.902166199169411
2017,5,PHI,pass,base,12.0
2017,5,PHI,pass,rate,11.884444444444442
2017,5,PHI,pass,rate_pace,11.653731731506104
2017,5,PHI,pass,full,11.693036293296684
2017,5,ARI,rec,base,12.0
2017,5,ARI,rec,rate,11.975390625000001
2017,5,ARI,rec,rate_pace,11.975390625000001
2017,5,ARI,rec,full,12.075375765000338
2017,5,ARI,rush,base,12.0
2017,5,ARI,rush,rate,11.973557692307692
2017,5,ARI,rush,rate_pace,11.973557692307692
2017,5,ARI,rush,full,11.827303333024963
2017,5,ARI,pass,base,12.0
2017,5,ARI,pass,rate,11.963703703703702
2017,5,ARI,pass,rate_pace,11.539168624642715
2017,5,ARI,pass,full,11.63934104081073
2017,5,PIT,rec,base,12.0
2017,5,PIT,rec,rate,11.994921875
2017,5,PIT,rec,rate_pace,11.994921875
2017,5,PIT,rec,full,11.996988195563004
2017,5,PIT,rush,base,12.0
2017,5,PIT,rush,rate,12.06730769230769
2017,5,PIT,rush,rate_pace,12.06730769230769
2017,5,PIT,rush,full,12.17731560007905
2017,5,PIT,pass,base,12.0
2017,5,PIT,pass,rate,11.982222222222223
2017,5,PIT,pass,rate_pace,12.17487261193216
2017,5,PIT,pass,full,12.177995012623086
2017,5,JAX,rec,base,12.0
2017,5,JAX,rec,rate,11.976171875
2017,5,JAX,rec,rate_pace,11.976171875
2017,5,JAX,rec,full,11.952368985421241
2017,5,JAX,rush,base,12.0
2017,5,JAX,rush,rate,11.994591346153843
2017,5,JAX,rush,rate_pace,11.994591346153843
2017,5,JAX,rush,full,12.072075031314885
2017,5,JAX,pass,base,12.0
2017,5,JAX,pass,rate,11.993333333333332
2017,5,JAX,pass,rate_pace,11.816225545626924
2017,5,JAX,pass,full,11.792244311701886
2017,5,LA,rec,base,12.0
2017,5,LA,rec,rate,11.94375
2017,5,LA,rec,rate_pace,11.94375
2017,5,LA,rec,full,12.056508877692979
2017,5,LA,rush,base,12.0
2017,5,LA,rush,rate,11.817908653846153
2017,5,LA,rush,rate_pace,11.817908653846153
2017,5,LA,rush,full,11.555205796508593
2017,5,LA,pass,base,12.0
2017,5,LA,pass,rate,11.942962962962962
2017,5,LA,pass,rate_pace,12.093675922289616
2017,5,LA,pass,full,12.207107367024475
2017,5,SEA,rec,base,12.0
2017,5,SEA,rec,rate,11.885937499999999
2017,5,SEA,rec,rate_pace,11.885937499999999
2017,5,SEA,rec,full,11.899006092113693
2017,5,SEA,rush,base,12.0
2017,5,SEA,rush,rate,11.943509615384615
2017,5,SEA,rush,rate_pace,11.943509615384615
2017,5,SEA,rush,full,12.008731633420203
2017,5,SEA,pass,base,12.0
2017,5,SEA,pass,rate,11.819259259259258
2017,5,SEA,pass,rate_pace,11.752562457872724
2017,5,SEA,pass,full,11.765115176564926
2017,5,LV,rec,base,12.0
2017,5,LV,rec,rate,11.953906250000001
2017,5,LV,rec,rate_pace,11.953906250000001
2017,5,LV,rec,full,11.958597924505485
2017,5,LV,rush,base,12.0
2017,5,LV,rush,rate,12.028846153846155
2017,5,LV,rush,rate_pace,12.028846153846155
2017,5,LV,rush,full,11.984661057796643
2017,5,LV,pass,base,12.0
2017,5,LV,pass,rate,11.88296296296296
2017,5,LV,pass,rate_pace,11.935180650491267
2017,5,LV,pass,full,11.941207939812529
2017,5,BAL,rec,base,12.0
2017,5,BAL,rec,rate,12.0265625
2017,5,BAL,rec,rate_pace,12.0265625
2017,5,BAL,rec,full,11.934221388149103
2017,5,BAL,rush,base,12.0
2017,5,BAL,rush,rate,12.069711538461538
2017,5,BAL,rush,rate_pace,12.069711538461538
2017,5,BAL,rush,full,12.254846129991002
2017,5,BAL,pass,base,12.0
2017,5,BAL,pass,rate,12.072592592592596
2017,5,BAL,pass,rate_pace,11.747022459382011
2017,5,BAL,pass,full,11.65512296566023
2017,5,DAL,rec,base,12.0
2017,5,DAL,rec,rate,12.067968750000002
2017,5,DAL,rec,rate_pace,12.067968750000002
2017,5,DAL,rec,full,12.36642701459295
2017,5,DAL,rush,base,12.0
2017,5,DAL,rush,rate,12.079927884615383
2017,5,DAL,rush,rate_pace,12.079927884615383
2017,5,DAL,rush,full,11.741765488539578
2017,5,DAL,pass,base,12.0
2017,5,DAL,pass,rate,12.127407407407407
2017,5,DAL,pass,rate_pace,12.493558994903136
2017,5,DAL,pass,full,12.7936583878632
2017,5,GB,rec,base,12.0
2017,5,GB,rec,rate,12.003125
2017,5,GB,rec,rate_pace,12.003125
2017,5,GB,rec,full,12.197810460275967
2017,5,GB,rush,base,12.0
2017,5,GB,rush,rate,11.974759615384617
2017,5,GB,rush,rate_pace,11.974759615384617
2017,5,GB,rush,full,11.64615159068056
2017,5,GB,pass,base,12.0
2017,5,GB,pass,rate,12.05111111111111
2017,5,GB,pass,rate_pace,11.620829007990102
2017,5,GB,pass,full,11.816623372314659
2017,5,HOU,rec,base,12.0
2017,5,HOU,rec,rate,11.98984375
2017,5,HOU,rec,rate_pace,11.98984375
2017,5,HOU,rec,full,11.961390384368645
2017,5,HOU,rush,base,12.0
2017,5,HOU,rush,rate,12.007211538461538
2017,5,HOU,rush,rate_pace,12.007211538461538
2017,5,HOU,rush,full,12.101265771029064
2017,5,HOU,pass,base,12.0
2017,5,HOU,pass,rate,12.01037037037037
2017,5,HOU,pass,rate_pace,12.015067508536097
2017,5,HOU,pass,full,11.985855316639178
2017,5,KC,rec,base,12.0
2017,5,KC,rec,rate,11.873437500000001
2017,5,KC,rec,rate_pace,11.873437500000001
2017,5,KC,rec,full,11.8454456610914
2017,5,KC,rush,base,12.0
2017,5,KC,rush,rate,11.959134615384617
2017,5,KC,rush,rate_pace,11.959134615384617
2017,5,KC,rush,full,12.102065187999568
2017,5,KC,pass,base,12.0
2017,5,KC,pass,rate,11.756296296296297
2017,5,KC,pass,rate_pace,11.999183520946207
2017,5,KC,pass,full,11.971339378834275
2017,5,CHI,rec,base,12.0
2017,5,CHI,rec,rate,12.07890625
2017,5,CHI,rec,rate_pace,12.07890625
2017,5,CHI,rec,full,12.079226068033687
2017,5,CHI,rush,base,12.0
2017,5,CHI,rush,rate,12.042668269230768
2017,5,CHI,rush,rate_pace,12.042668269230768
2017,5,CHI,rush,full,11.893368556054005
2017,5,CHI,pass,base,12.0
2017,5,CHI,pass,rate,12.164444444444445
2017,5,CHI,pass,rate_pace,12.291524359238263
2017,5,CHI,pass,full,12.293340352457998
2017,5,MIN,rec,base,12.0
2017,5,MIN,rec,rate,12.042578124999997
2017,5,MIN,rec,rate_pace,12.042578124999997
2017,5,MIN,rec,full,12.00919431689328
2017,5,MIN,rush,base,12.0
2017,5,MIN,rush,rate,12.108774038461538
2017,5,MIN,rush,rate_pace,12.108774038461538
2017,5,MIN,rush,full,12.203283376778634
2017,5,MIN,pass,base,12.0
2017,5,MIN,pass,rate,12.097037037037037
2017,5,MIN,pass,rate_pace,12.036676944524038
2017,5,MIN,pass,full,12.003185816452362
2017,5,ATL,rec,base,12.0
2017,5,ATL,rec,rate,12.067968749999999
2017,5,ATL,rec,rate_pace,12.067968749999999
2017,5,ATL,rec,full,12.466914094453216
2017,5,ATL,rush,base,12.0
2017,5,ATL,rush,rate,11.970552884615385
2017,5,ATL,rush,rate_pace,11.970552884615385
2017,5,ATL,rush,full,11.50908578414295
2017,5,ATL,pass,base,12.0
2017,5,ATL,pass,rate,12.143703703703704
2017,5,ATL,pass,rate_pace,12.453289178401223
2017,5,ATL,pass,full,12.856231075899478
2017,5,NO,rec,base,12.0
2017,5,NO,rec,rate,12.021093749999997
2017,5,NO,rec,rate_pace,12.021093749999997
2017,5,NO,rec,full,12.326637912180733
2017,5,NO,rush,base,12.0
2017,5,NO,rush,rate,12.140625
2017,5,NO,rush,rate_pace,12.140625
2017,5,NO,rush,full,11.693957583584663
2017,5,NO,pass,base,12.0
2017,5,NO,pass,rate,12.034074074074075
2017,5,NO,pass,rate_pace,11.881254395874729
2017,5,NO,pass,full,12.187456347506343
2017,5,WAS,rec,base,12.0
2017,5,WAS,rec,rate,11.929296875
2017,5,WAS,rec,rate_pace,11.929296875
2017,5,WAS,rec,full,12.09189261413815
2017,5,WAS,rush,base,12.0
2017,5,WAS,rush,rate,11.862980769230772
2017,5,WAS,rush,rate_pace,11.862980769230772
2017,5,WAS,rush,full,11.66095646131645
2017,5,WAS,pass,base,12.0
2017,5,WAS,pass,rate,11.899259259259258
2017,5,WAS,pass,rate_pace,12.011280882988176
2017,5,WAS,pass,full,12.17545448103485
2017,5,DEN,rec,base,12.0
2017,5,DEN,rec,rate,12.033984375000001
2017,5,DEN,rec,rate_pace,12.033984375000001
2017,5,DEN,rec,full,11.943196960152846
2017,5,DEN,rush,base,12.0
2017,5,DEN,rush,rate,12.100961538461537
2017,5,DEN,rush,rate_pace,12.100961538461537
2017,5,DEN,rush,full,12.26415868591672
2017,5,DEN,pass,base,12.0
2017,5,DEN,pass,rate,12.028148148148146
2017,5,DEN,pass,rate_pace,11.960475273670744
2017,5,DEN,pass,full,11.870316467860972
2017,9,NYJ,rec,base,8.0
2017,9,NYJ,rec,rate,8.001177394034537
2017,9,NYJ,rec,rate_pace,8.001177394034537
2017,9,NYJ,rec,full,8.116106614466588
2017,9,NYJ,rush,base,8.0
2017,9,NYJ,rush,rate,8.063855421686746
2017,9,NYJ,rush,rate_pace,8.063855421686746
2017,9,NYJ,rush,full,7.795150025701338
2017,9,NYJ,pass,base,8.0
2017,9,NYJ,pass,rate,7.977711738484398
2017,9,NYJ,pass,rate_pace,8.11248375064019
2017,9,NYJ,pass,full,8.229514421778442
2017,9,BUF,rec,base,9.0
2017,9,BUF,rec,rate,9.088697017268446
2017,9,BUF,rec,rate_pace,9.088697017268446
2017,9,BUF,rec,full,9.14638638417015
2017,9,BUF,rush,base,9.0
2017,9,BUF,rush,rate,9.137951807228916
2017,9,BUF,rush,rate_pace,9.137951807228916
2017,9,BUF,rush,full,9.096197348062073
2017,9,BUF,pass,base,9.0
2017,9,BUF,pass,rate,9.144873699851411
2017,9,BUF,pass,rate_pace,9.295519004240598
2017,9,BUF,pass,full,9.354304716504977
2017,9,CAR,rec,base,8.0
2017,9,CAR,rec,rate,8.014128728414443
2017,9,CAR,rec,rate_pace,8.014128728414443
2017,9,CAR,rec,full,7.9857078372256804
2017,9,CAR,rush,base,8.0
2017,9,CAR,rush,rate,8.116265060240963
2017,9,CAR,rush,rate_pace,8.116265060240963
2017,9,CAR,rush,full,8.179640759266603
2017,9,CAR,pass,base,8.0
2017,9,CAR,pass,rate,8.00891530460624
2017,9,CAR,pass,rate_pace,8.103962112393425
2017,9,CAR,pass,full,8.075174700850116
2017,9,ATL,rec,base,9.0
2017,9,ATL,rec,rate,8.98940345368917
2017,9,ATL,rec,rate_pace,8.98940345368917
2017,9,ATL,rec,full,9.233081997745376
2017,9,ATL,rush,base,9.0
2017,9,ATL,rush,rate,9.004819277108433
2017,9,ATL,rush,rate_pace,9.004819277108433
2017,9,ATL,rush,full,8.708023063776713
2017,9,ATL,pass,base,9.0
2017,9,ATL,pass,rate,9.000742942050518
2017,9,ATL,pass,rate_pace,9.241681918562783
2017,9,ATL,pass,full,9.487035211607411
2017,9,HOU,rec,base,9.0
2017,9,HOU,rec,rate,8.982731554160127
2017,9,HOU,rec,rate_pace,8.982731554160127
2017,9,HOU,rec,full,8.972934773121425
2017,9,HOU,rush,base,9.0
2017,9,HOU,rush,rate,8.986144578313253
2017,9,HOU,rush,rate_pace,8.986144578313253
2017,9,HOU,rush,full,8.984482247181017
2017,9,HOU,pass,base,9.0
2017,9,HOU,pass,rate,9.00297176820208
2017,9,HOU,pass,rate_pace,9.041648140399914
2017,9,HOU,pass,full,9.0315895368617
2017,9,IND,rec,base,8.0
2017,9,IND,rec,rate,7.8473312401883835
2017,9,IND,rec,rate_pace,7.8473312401883835
2017,9,IND,rec,full,7.955159532314335
2017,9,IND,rush,base,8.0
2017,9,IND,rush,rate,7.9313253012048195
2017,9,IND,rush,rate_pace,7.9313253012048195
2017,9,IND,rush,full,7.654376619830641
2017,9,IND,pass,base,8.0
2017,9,IND,pass,rate,7.705794947994056
2017,9,IND,pass,rate_pace,7.69201135464329
2017,9,IND,pass,full,7.798643636921482
2017,9,JAX,rec,base,9.0
2017,9,JAX,rec,rate,9.010596546310833
2017,9,JAX,rec,rate_pace,9.010596546310833
2017,9,JAX,rec,full,8.878735504539344
2017,9,JAX,rush,base,9.0
2017,9,JAX,rush,rate,8.884939759036145
2017,9,JAX,rush,rate_pace,8.884939759036145
2017,9,JAX,rush,full,9.132500984721924
2017,9,JAX,pass,base,9.0
2017,9,JAX,pass,rate,9.023031203566122
2017,9,JAX,pass,rate_pace,9.013108978052573
2017,9,JAX,pass,full,8.88075522370949
2017,9,CIN,rec,base,9.0
2017,9,CIN,rec,rate,8.857535321821036
2017,9,CIN,rec,rate_pace,8.857535321821036
2017,9,CIN,rec,full,8.721410354318966
2017,9,CIN,rush,base,9.0
2017,9,CIN,rush,rate,8.94578313253012
2017,9,CIN,rush,rate_pace,8.94578313253012
2017,9,CIN,rush,full,9.163996153240923
2017,9,CIN,pass,base,9.0
2017,9,CIN,pass,rate,8.741456166419018
2017,9,CIN,pass,rate_pace,8.799579380133386
2017,9,CIN,pass,full,8.665170462084378
2017,9,NO,rec,base,9.0
2017,9,NO,rec,rate,8.99686028257457
2017,9,NO,rec,rate_pace,8.99686028257457
2017,9,NO,rec,full,9.229970246748096
2017,9,NO,rush,base,9.0
2017,9,NO,rush,rate,9.09156626506024
2017,9,NO,rush,rate_pace,9.09156626506024
2017,9,NO,rush,full,8.808303557288847
2017,9,NO,pass,base,9.0
2017,9,NO,pass,rate,8.969539375928678
2017,9,NO,pass,rate_pace,8.961400649178495
2017,9,NO,pass,full,9.19391169199804
2017,9,TB,rec,base,9.0
2017,9,TB,rec,rate,9.010596546310833
2017,9,TB,rec,rate_pace,9.010596546310833
2017,9,TB,rec,full,9.159468362813886
2017,9,TB,rush,base,9.0
2017,9,TB,rush,rate,9.11867469879518
2017,9,TB,rush,rate_pace,9.11867469879518
2017,9,TB,rush,full,8.822049585928346
2017,9,TB,pass,base,9.0
2017,9,TB,pass,rate,9.00445765230312
2017,9,TB,pass,rate_pace,8.943841165111605
2017,9,TB,pass,full,9.093090599563672
2017,9,NYG,rec,base,9.0
2017,9,NYG,rec,rate,9.055337519623233
2017,9,NYG,rec,rate_pace,9.055337519623233
2017,9,NYG,rec,full,9.040570097380026
2017,9,NYG,rush,base,9.0
2017,9,NYG,rush,rate,8.954819277108435
2017,9,NYG,rush,rate_pace,8.954819277108435
2017,9,NYG,rush,full,8.946223651477954
2017,9,NYG,pass,base,9.0
2017,9,NYG,pass,rate,9.12481426448737
2017,9,NYG,pass,rate_pace,9.08592110906884
2017,9,NYG,pass,full,9.070964451833284
2017,9,LA,rec,base,9.0
2017,9,LA,rec,rate,9.00706436420722
2017,9,LA,rec,rate_pace,9.00706436420722
2017,9,LA,rec,full,8.987902391031705
2017,9,LA,rush,base,9.0
2017,9,LA,rush,rate,8.85301204819277
2017,9,LA,rush,rate_pace,8.85301204819277
2017,9,LA,rush,full,8.86984820328724
2017,9,LA,pass,base,9.0
2017,9,LA,pass,rate,9.034175334323923
2017,9,LA,pass,rate_pace,9.14235499410492
2017,9,LA,pass,full,9.122737201935214
2017,9,PHI,rec,base,8.0
2017,9,PHI,rec,rate,7.936420722135008
2017,9,PHI,rec,rate_pace,7.936420722135008
2017,9,PHI,rec,full,7.951182142031254
2017,9,PHI,rush,base,8.0
2017,9,PHI,rush,rate,7.937951807228916
2017,9,PHI,rush,rate_pace,7.937951807228916
2017,9,PHI,rush,full,7.969830061739956
2017,9,PHI,pass,base,8.0
2017,9,PHI,pass,rate,7.894502228826151
2017,9,PHI,pass,rate_pace,7.707488992945462
2017,9,PHI,pass,full,7.722968289450641
2017,9,DEN,rec,base,9.0
2017,9,DEN,rec,rate,9.07574568288854
2017,9,DEN,rec,rate_pace,9.07574568288854
2017,9,DEN,rec,full,9.006535253072304
2017,9,DEN,rush,base,9.0
2017,9,DEN,rush,rate,9.05421686746988
2017,9,DEN,rush,rate_pace,9.05421686746988
2017,9,DEN,rush,full,9.149066267060213
2017,9,DEN,pass,base,9.0
2017,9,DEN,pass,rate,9.102526002971768
2017,9,DEN,pass,rate_pace,8.998913920485464
2017,9,DEN,pass,full,8.930441112422473
2017,9,TEN,rec,base,9.0
2017,9,TEN,rec,rate,8.904631083202512
2017,9,TEN,rec,rate_pace,8.904631083202512
2017,9,TEN,rec,full,8.943684329946347
2017,9,TEN,rush,base,9.0
2017,9,TEN,rush,rate,8.960240963855423
2017,9,TEN,rush,rate_pace,8.960240963855423
2017,9,TEN,rush,full,8.953122788097282
2017,9,TEN,pass,base,9.0
2017,9,TEN,pass,rate,8.846953937592867
2017,9,TEN,pass,rate_pace,9.12289794805399
2017,9,TEN,pass,full,9.162211002649222
2017,9,BAL,rec,base,8.0
2017,9,BAL,rec,rate,7.998037676609106
2017,9,BAL,rec,rate_pace,7.998037676609106
2017,9,BAL,rec,full,7.908392279028238
2017,9,BAL,rush,base,8.0
2017,9,BAL,rush,rate,7.951204819277108
2017,9,BAL,rush,rate_pace,7.951204819277108
2017,9,BAL,rush,full,8.13720458409227
2017,9,BAL,pass,base,8.0
2017,9,BAL,pass,rate,7.987369985141159
2017,9,BAL,pass,rate_pace,7.987299975707894
2017,9,BAL,pass,full,7.89793771195931
2017,9,SEA,rec,base,9.0
2017,9,SEA,rec,rate,8.94740973312402
2017,9,SEA,rec,rate_pace,8.94740973312402
2017,9,SEA,rec,full,8.970703043799945
2017,9,SEA,rush,base,9.0
2017,9,SEA,rush,rate,8.94277108433735
2017,9,SEA,rush,rate_pace,8.94277108433735
2017,9,SEA,rush,full,8.987602368263525
2017,9,SEA,pass,base,9.0
2017,9,SEA,pass,rate,8.953194650817236
2017,9,SEA,pass,rate_pace,8.8455009721001
2017,9,SEA,pass,full,8.868173988460848
2017,9,WAS,rec,base,9.0
2017,9,WAS,rec,rate,8.929748822605966
2017,9,WAS,rec,rate_pace,8.929748822605966
2017,9,WAS,rec,full,9.069161158892365
2017,9,WAS,rush,base,9.0
2017,9,WAS,rush,rate,8.887349397590363
2017,9,WAS,rush,rate_pace,8.887349397590363
2017,9,WAS,rush,full,8.671613076345208
2017,9,WAS,pass,base,9.0
2017,9,WAS,pass,rate,8.897473997028232
2017,9,WAS,pass,rate_pace,8.879837894224426
2017,9,WAS,pass,full,9.020225595200376
2017,9,SF,rec,base,8.0
2017,9,SF,rec,rate,7.926609105180534
2017,9,SF,rec,rate_pace,7.926609105180534
2017,9,SF,rec,full,7.939778981105938
2017,9,SF,rush,base,8.0
2017,9,SF,rush,rate,7.881927710843373
2017,9,SF,rush,rate_pace,7.881927710843373
2017,9,SF,rush,full,7.7424267248357985
2017,9,SF,pass,base,8.0
2017,9,SF,pass,rate,7.883358098068351
2017,9,SF,pass,rate_pace,7.79445260368216
2017,9,SF,pass,full,7.807285709619563
2017,9,ARI,rec,base,9.0
2017,9,ARI,rec,rate,8.974489795918368
2017,9,ARI,rec,rate_pace,8.974489795918368
2017,9,ARI,rec,full,9.016206715476283
2017,9,ARI,rush,base,9.0
2017,9,ARI,rush,rate,8.896385542168675
2017,9,ARI,rush,rate_pace,8.896385542168675
2017,9,ARI,rush,full,8.740442673717716
2017,9,ARI,pass,base,9.0
2017,9,ARI,pass,rate,8.962109955423477
2017,9,ARI,pass,rate_pace,8.664770756731683
2017,9,ARI,pass,full,8.706262230633552
2017,9,DAL,rec,base,9.0
2017,9,DAL,rec,rate,9.045918367346939
2017,9,DAL,rec,rate_pace,9.045918367346939
2017,9,DAL,rec,full,9.30503735283062
2017,9,DAL,rush,base,9.0
2017,9,DAL,rush,rate,8.960843373493976
2017,9,DAL,rush,rate_pace,8.960843373493976
2017,9,DAL,rush,full,8.703004803006088
2017,9,DAL,pass,base,9.0
2017,9,DAL,pass,rate,9.070579494799405
2017,9,DAL,pass,rate_pace,9.372591137708486
2017,9,DAL,pass,full,9.63200856231327
2017,9,KC,rec,base,8.0
2017,9,KC,rec,rate,7.978806907378335
2017,9,KC,rec,rate_pace,7.978806907378335
2017,9,KC,rec,full,8.042376022818093
2017,9,KC,rush,base,8.0
2017,9,KC,rush,rate,8.004819277108435
2017,9,KC,rush,rate_pace,8.004819277108435
2017,9,KC,rush,full,7.9917165202280565
2017,9,KC,pass,base,8.0
2017,9,KC,pass,rate,7.9405646359583955
2017,9,KC,pass,rate_pace,8.024762843055656
2017,9,KC,pass,full,8.08894466923217
2017,9,MIA,rec,base,9.0
2017,9,MIA,rec,rate,9.039638932496075
2017,9,MIA,rec,rate_pace,9.039638932496075
2017,9,MIA,rec,full,9.05729762100392
2017,9,MIA,rush,base,9.0
2017,9,MIA,rush,rate,9.071084337349397
2017,9,MIA,rush,rate_pace,9.071084337349397
2017,9,MIA,rush,full,8.95242675192712
2017,9,MIA,pass,base,9.0
2017,9,MIA,pass,rate,9.034175334323923
2017,9,MIA,pass,rate_pace,9.277825752853136
2017,9,MIA,pass,full,9.29727942613545
2017,9,LV,rec,base,8.0
2017,9,LV,rec,rate,7.977629513343798
2017,9,LV,rec,rate_pace,7.977629513343798
2017,9,LV,rec,full,8.098601975523199
2017,9,LV,rush,base,8.0
2017,9,LV,rush,rate,8.01265060240964
2017,9,LV,rush,rate_pace,8.01265060240964
2017,9,LV,rush,full,7.759445019766158
2017,9,LV,pass,base,8.0
2017,9,LV,pass,rate,7.944279346210996
2017,9,LV,pass,rate_pace,8.043704892376269
2017,9,LV,pass,full,8.166174710732797
2017,9,GB,rec,base,9.0
2017,9,GB,rec,rate,8.951726844583987
2017,9,GB,rec,rate_pace,8.951726844583987
2017,9,GB,rec,full,8.92106531969424
2017,9,GB,rush,base,9.0
2017,9,GB,rush,rate,8.962650602409639
2017,9,GB,rush,rate_pace,8.962650602409639
2017,9,GB,rush,full,8.980446772922155
2017,9,GB,pass,base,9.0
2017,9,GB,pass,rate,8.924219910846954
2017,9,GB,pass,rate_pace,8.687348422391972
2017,9,GB,pass,full,8.656973994697836
2017,9,DET,rec,base,9.0
2017,9,DET,rec,rate,8.998822605965461
2017,9,DET,rec,rate_pace,8.998822605965461
2017,9,DET,rec,full,8.982088844788674
2017,9,DET,rush,base,9.0
2017,9,DET,rush,rate,9.027710843373493
2017,9,DET,rush,rate_pace,9.027710843373493
2017,9,DET,rush,full,9.112938735564091
2017,9,DET,pass,base,9.0
2017,9,DET,pass,rate,8.987369985141159
2017,9,DET,pass,rate_pace,8.747778961714687
2017,9,DET,pass,full,8.731011674294896
2017,9,CHI,rec,base,8.0
2017,9,CHI,rec,rate,8.038854003139718
2017,9,CHI,rec,rate_pace,8.038854003139718
2017,9,CHI,rec,full,7.914470677819848
2017,9,CHI,rush,base,8.0
2017,9,CHI,rush,rate,7.95
2017,9,CHI,rush,rate_pace,7.95
2017,9,CHI,rush,full,8.038486940216774
2017,9,CHI,pass,base,8.0
2017,9,CHI,pass,rate,8.065378900445765
2017,9,CHI,pass,rate_pace,8.34867819115673
2017,9,CHI,pass,full,8.223230753097438
2017,9,CLE,rec,base,8.0
2017,9,CLE,rec,rate,7.904631083202513
2017,9,CLE,rec,rate_pace,7.904631083202513
2017,9,CLE,rec,full,7.877075492928293
2017,9,CLE,rush,base,8.0
2017,9,CLE,rush,rate,8.028915662650602
2017,9,CLE,rush,rate_pace,8.028915662650602
2017,9,CLE,rush,full,7.905782581633263
2017,9,CLE,pass,base,8.0
2017,9,CLE,pass,rate,7.837295690936108
2017,9,CLE,pass,rate_pace,7.590218031108285
2017,9,CLE,pass,full,7.56358567447373
2017,9,PIT,rec,base,8.0
2017,9,PIT,rec,rate,8.0149136577708
2017,9,PIT,rec,rate_pace,8.0149136577708
2017,9,PIT,rec,full,7.950299944738677
2017,9,PIT,rush,base,8.0
2017,9,PIT,rush,rate,7.965060240963855
2017,9,PIT,rush,rate_pace,7.965060240963855
2017,9,PIT,rush,full,8.123862917880484
2017,9,PIT,pass,base,8.0
2017,9,PIT,pass,rate,8.0074294205052
2017,9,PIT,pass,rate_pace,8.287763039052303
2017,9,PIT,pass,full,8.224229099249854
2017,9,LAC,rec,base,8.0
2017,9,LAC,rec,rate,8.01177394034537
2017,9,LAC,rec,rate_pace,8.01177394034537
2017,9,LAC,rec,full,8.076860934170371
2017,9,LAC,rush,base,8.0
2017,9,LAC,rush,rate,8.012650602409638
2017,9,LAC,rush,rate_pace,8.012650602409638
2017,9,LAC,rush,full,7.898812246701581
2017,9,LAC,pass,base,8.0
2017,9,LAC,pass,rate,8.01040118870728
2017,9,LAC,pass,rate_pace,7.977082262081814
2017,9,LAC,pass,full,8.042359523159494
2017,9,MIN,rec,base,8.0
2017,9,MIN,rec,rate,7.952511773940346
2017,9,MIN,rec,rate_pace,7.952511773940346
2017,9,MIN,rec,full,7.88956564612721
2017,9,MIN,rush,base,8.0
2017,9,MIN,rush,rate,8.045180722891567
2017,9,MIN,rush,rate_pace,8.045180722891567
2017,9,MIN,rush,full,8.163592028674458
2017,9,MIN,pass,base,8.0
2017,9,MIN,pass,rate,7.907875185735513
2017,9,MIN,pass,rate_pace,7.881915590051701
2017,9,MIN,pass,full,7.819007998462581
2017,9,NE,rec,base,8.0
2017,9,NE,rec,rate,7.96624803767661
2017,9,NE,rec,rate_pace,7.96624803767661
2017,9,NE,rec,full,7.9872144479715494
2017,9,NE,rush,base,8.0
2017,9,NE,rush,rate,8.0855421686747
2017,9,NE,rush,rate_pace,8.0855421686747
2017,9,NE,rush,full,8.15059040655954
2017,9,NE,pass,base,8.0
2017,9,NE,pass,rate,7.896731054977712
2017,9,NE,pass,rate_pace,7.6378401298944825
2017,9,NE,pass,full,7.659106255075052
2017,13,DAL,rec,base,5.0
2017,13,DAL,rec,rate,5.028257456828886
2017,13,DAL,rec,rate_pace,5.028257456828886
2017,13,DAL,rec,full,5.114724864329943
2017,13,DAL,rush,base,5.0
2017,13,DAL,rush,rate,4.935230024213075
2017,13,DAL,rush,rate_pace,4.935230024213075
2017,13,DAL,rush,full,4.817711948411636
2017,13,DAL,pass,base,5.0
2017,13,DAL,pass,rate,5.054977711738484
2017,13,DAL,pass,rate_pace,5.152774524756465
2017,13,DAL,pass,full,5.239470263561693
2017,13,WAS,rec,base,5.0
2017,13,WAS,rec,rate,4.942700156985872
2017,13,WAS,rec,rate_pace,4.942700156985872
2017,13,WAS,rec,full,5.005316772462586
2017,13,WAS,rush,base,5.0
2017,13,WAS,rush,rate,4.958232445520581
2017,13,WAS,rush,rate_pace,4.958232445520581
2017,13,WAS,rush,full,4.880824431794079
2017,13,WAS,pass,base,5.0
2017,13,WAS,pass,rate,4.9130757800891525
2017,13,WAS,pass,rate_pace,4.901989158984794
2017,13,WAS,pass,full,4.964038885222174
2017,13,ATL,rec,base,5.0
2017,13,ATL,rec,rate,5.009419152276296
2017,13,ATL,rec,rate_pace,5.009419152276296
2017,13,ATL,rec,full,5.153791676214364
2017,13,ATL,rush,base,5.0
2017,13,ATL,rush,rate,5.038135593220339
2017,13,ATL,rush,rate_pace,5.038135593220339
2017,13,ATL,rush,full,4.868464950745417
2017,13,ATL,pass,base,5.0
2017,13,ATL,pass,rate,5.0326894502228825
2017,13,ATL,pass,rate_pace,5.15610505184524
2017,13,ATL,pass,full,5.301383561178793
2017,13,MIN,rec,base,5.0
2017,13,MIN,rec,rate,4.964285714285714
2017,13,MIN,rec,rate_pace,4.964285714285714
2017,13,MIN,rec,full,4.935185918366506
2017,13,MIN,rush,base,5.0
2017,13,MIN,rush,rate,5.0423728813559325
2017,13,MIN,rush,rate_pace,5.0423728813559325
2017,13,MIN,rush,full,5.112175507747931
2017,13,MIN,pass,base,5.0
2017,13,MIN,pass,rate,4.921991084695394
2017,13,MIN,pass,rate_pace,4.940623803653037
2017,13,MIN,pass,full,4.910385068379545
2017,13,BAL,rec,base,5.0
2017,13,BAL,rec,rate,4.990973312401884
2017,13,BAL,rec,rate_pace,4.990973312401884
2017,13,BAL,rec,full,4.894947292737252
2017,13,BAL,rush,base,5.0
2017,13,BAL,rush,rate,4.99455205811138
2017,13,BAL,rush,rate_pace,4.99455205811138
2017,13,BAL,rush,full,5.187144719945525
2017,13,BAL,pass,base,5.0
2017,13,BAL,pass,rate,4.984398216939079
2017,13,BAL,pass,rate_pace,4.914637487615223
2017,13,BAL,pass,full,4.818839901002869
2017,13,DET,rec,base,5.0
2017,13,DET,rec,rate,5.009811616954474
2017,13,DET,rec,rate_pace,5.009811616954474
2017,13,DET,rec,full,5.038940995708848
2017,13,DET,rush,base,5.0
2017,13,DET,rush,rate,5.0108958837772395
2017,13,DET,rush,rate_pace,5.0108958837772395
2017,13,DET,rush,full,4.986735136658566
2017,13,DET,pass,base,5.0
2017,13,DET,pass,rate,5.010401188707281
2017,13,DET,pass,rate_pace,4.913010978609721
2017,13,DET,pass,full,4.942115981429954
2017,13,BUF,rec,base,5.0
2017,13,BUF,rec,rate,5.082025117739404
2017,13,BUF,rec,rate_pace,5.082025117739404
2017,13,BUF,rec,full,5.157710611168893
2017,13,BUF,rush,base,5.0
2017,13,BUF,rush,rate,5.126513317191283
2017,13,BUF,rush,rate_pace,5.126513317191283
2017,13,BUF,rush,full,5.039992770766705
2017,13,BUF,pass,base,5.0
2017,13,BUF,pass,rate,5.152303120356612
2017,13,BUF,pass,rate_pace,5.221850502272232
2017,13,BUF,pass,full,5.29845689670527
2017,13,NE,rec,base,5.0
2017,13,NE,rec,rate,4.99607535321821
2017,13,NE,rec,rate_pace,4.99607535321821
2017,13,NE,rec,full,5.027358030015647
2017,13,NE,rush,base,5.0
2017,13,NE,rush,rate,5.076876513317192
2017,13,NE,rush,rate_pace,5.076876513317192
2017,13,NE,rush,full,5.1160345794586455
2017,13,NE,pass,base,5.0
2017,13,NE,pass,rate,4.973254086181278
2017,13,NE,pass,rate_pace,4.843046161420982
2017,13,NE,pass,full,4.874018890886508
2017,13,CHI,rec,base,5.0
2017,13,CHI,rec,rate,4.98861852433281
2017,13,CHI,rec,rate_pace,4.98861852433281
2017,13,CHI,rec,full,4.949119033746611
2017,13,CHI,rush,base,5.0
2017,13,CHI,rush,rate,4.960653753026635
2017,13,CHI,rush,rate_pace,4.960653753026635
2017,13,CHI,rush,full,4.95917505326949
2017,13,CHI,pass,base,5.0
2017,13,CHI,pass,rate,4.977711738484398
2017,13,CHI,pass,rate_pace,5.101461947186733
2017,13,CHI,pass,full,5.0622968711354925
2017,13,SF,rec,base,5.0
2017,13,SF,rec,rate,4.928571428571428
2017,13,SF,rec,rate_pace,4.928571428571428
2017,13,SF,rec,full,4.973404786016679
2017,13,SF,rush,base,5.0
2017,13,SF,rush,rate,4.972154963680388
2017,13,SF,rush,rate_pace,4.972154963680388
2017,13,SF,rush,full,4.84348275685014
2017,13,SF,pass,base,5.0
2017,13,SF,pass,rate,4.878900445765231
2017,13,SF,pass,rate_pace,4.803704989228797
2017,13,SF,pass,full,4.848082725017775
2017,13,GB,rec,base,5.0
2017,13,GB,rec,rate,5.023155416012559
2017,13,GB,rec,rate_pace,5.023155416012559
2017,13,GB,rec,full,5.035390169688932
2017,13,GB,rush,base,5.0
2017,13,GB,rush,rate,4.979418886198547
2017,13,GB,rush,rate_pace,4.979418886198547
2017,13,GB,rush,full,4.925572031339435
2017,13,GB,pass,base,5.0
2017,13,GB,pass,rate,5.037890044576523
2017,13,GB,pass,rate_pace,4.906497728017825
2017,13,GB,pass,full,4.919093805192632
2017,13,TB,rec,base,5.0
2017,13,TB,rec,rate,5.024725274725274
2017,13,TB,rec,rate_pace,5.024725274725274
2017,13,TB,rec,full,5.107893134962002
2017,13,TB,rush,base,5.0
2017,13,TB,rush,rate,5.067191283292978
2017,13,TB,rush,rate_pace,5.067191283292978
2017,13,TB,rush,full,4.88692338675001
2017,13,TB,pass,base,5.0
2017,13,TB,pass,rate,5.034918276374443
2017,13,TB,pass,rate_pace,5.019635441827533
2017,13,TB,pass,full,5.102906160020775
2017,13,JAX,rec,base,5.0
2017,13,JAX,rec,rate,5.017660910518053
2017,13,JAX,rec,rate_pace,5.017660910518053
2017,13,JAX,rec,full,4.919075218413574
2017,13,JAX,rush,base,5.0
2017,13,JAX,rush,rate,4.904963680387409
2017,13,JAX,rush,rate_pace,4.904963680387409
2017,13,JAX,rush,full,5.065842933296403
2017,13,JAX,pass,base,5.0
2017,13,JAX,pass,rate,5.044576523031203
2017,13,JAX,pass,rate_pace,5.088475730735084
2017,13,JAX,pass,full,4.988934050640461
2017,13,IND,rec,base,5.0
2017,13,IND,rec,rate,4.906200941915228
2017,13,IND,rec,rate_pace,4.906200941915228
2017,13,IND,rec,full,4.925382034297696
2017,13,IND,rush,base,5.0
2017,13,IND,rush,rate,4.964285714285714
2017,13,IND,rush,rate_pace,4.964285714285714
2017,13,IND,rush,full,4.879824175944998
2017,13,IND,pass,base,5.0
2017,13,IND,pass,rate,4.812778603268946
2017,13,IND,pass,rate_pace,4.799292089064433
2017,13,IND,pass,full,4.818236963700549
2017,13,MIA,rec,base,5.0
2017,13,MIA,rec,rate,4.992150706436421
2017,13,MIA,rec,rate_pace,4.992150706436421
2017,13,MIA,rec,full,5.082437495841839
2017,13,MIA,rush,base,5.0
2017,13,MIA,rush,rate,5.075665859564164
2017,13,MIA,rush,rate_pace,5.075665859564164
2017,13,MIA,rush,full,4.848863028029788
2017,13,MIA,pass,base,5.0
2017,13,MIA,pass,rate,4.933135215453195
2017,13,MIA,pass,rate_pace,4.95688352304288
2017,13,MIA,pass,full,5.046806816168825
2017,13,DEN,rec,base,5.0
2017,13,DEN,rec,rate,5.058869701726844
2017,13,DEN,rec,rate_pace,5.058869701726844
2017,13,DEN,rec,full,5.092957567456872
2017,13,DEN,rush,base,5.0
2017,13,DEN,rush,rate,5.074455205811137
2017,13,DEN,rush,rate_pace,5.074455205811137
2017,13,DEN,rush,full,4.9936556505019825
2017,13,DEN,pass,base,5.0
2017,13,DEN,pass,rate,5.087667161961367
2017,13,DEN,pass,rate_pace,4.95788117482798
2017,13,DEN,pass,full,4.992498544505584
2017,13,NYJ,rec,base,5.0
2017,13,NYJ,rec,rate,4.9689952904238615
2017,13,NYJ,rec,rate_pace,4.9689952904238615
2017,13,NYJ,rec,full,5.084808931315017
2017,13,NYJ,rush,base,5.0
2017,13,NYJ,rush,rate,5.066585956416464
2017,13,NYJ,rush,rate_pace,5.066585956416464
2017,13,NYJ,rush,full,4.815447129410154
2017,13,NYJ,pass,base,5.0
2017,13,NYJ,pass,rate,4.927191679049034
2017,13,NYJ,pass,rate_pace,4.9783079224649445
2017,13,NYJ,pass,full,5.094799923251237
2017,13,KC,rec,base,5.0
2017,13,KC,rec,rate,4.997645211930926
2017,13,KC,rec,rate_pace,4.997645211930926
2017,13,KC,rec,full,4.980965399172339
2017,13,KC,rush,base,5.0
2017,13,KC,rush,rate,5.0090799031477
2017,13,KC,rush,rate_pace,5.0090799031477
2017,13,KC,rush,full,5.0943864727270185
2017,13,KC,pass,base,5.0
2017,13,KC,pass,rate,4.976968796433878
2017,13,KC,pass,rate_pace,4.95670411313735
2017,13,KC,pass,full,4.940198811814133
2017,13,TEN,rec,base,5.0
2017,13,TEN,rec,rate,4.9501569858712715
2017,13,TEN,rec,rate_pace,4.9501569858712715
2017,13,TEN,rec,full,4.973137352742167
2017,13,TEN,rush,base,5.0
2017,13,TEN,rush,rate,4.945520581113802
2017,13,TEN,rush,rate_pace,4.945520581113802
2017,13,TEN,rush,full,4.9392066913029
2017,13,TEN,pass,base,5.0
2017,13,TEN,pass,rate,4.9405646359583955
2017,13,TEN,pass,rate_pace,5.057653826330959
2017,13,TEN,pass,full,5.081357858266791
2017,13,HOU,rec,base,5.0
2017,13,HOU,rec,rate,4.967032967032967
2017,13,HOU,rec,rate_pace,4.967032967032967
2017,13,HOU,rec,full,4.986642288633633
2017,13,HOU,rush,base,5.0
2017,13,HOU,rush,rate,4.959443099273608
2017,13,HOU,rush,rate_pace,4.959443099273608
2017,13,HOU,rush,full,4.889934565755645
2017,13,HOU,pass,base,5.0
2017,13,HOU,pass,rate,4.968796433878158
2017,13,HOU,pass,rate_pace,4.957366305411316
2017,13,HOU,pass,full,4.977187691785993
2017,13,LAC,rec,base,5.0
2017,13,LAC,rec,rate,5.041993720565149
2017,13,LAC,rec,rate_pace,5.041993720565149
2017,13,LAC,rec,full,5.039616307553064
2017,13,LAC,rush,base,5.0
2017,13,LAC,rush,rate,5.00181598062954
2017,13,LAC,rush,rate_pace,5.00181598062954
2017,13,LAC,rush,full,5.07143928628468
2017,13,LAC,pass,base,5.0
2017,13,LAC,pass,rate,5.049034175334324
2017,13,LAC,pass,rate_pace,5.030952957506034
2017,13,LAC,pass,full,5.028642925059381
2017,13,CLE,rec,base,5.0
2017,13,CLE,rec,rate,4.968602825745682
2017,13,CLE,rec,rate_pace,4.968602825745682
2017,13,CLE,rec,full,4.959523697133938
2017,13,CLE,rush,base,5.0
2017,13,CLE,rush,rate,5.021791767554479
2017,13,CLE,rush,rate_pace,5.021791767554479
2017,13,CLE,rush,full,4.924952616220443
2017,13,CLE,pass,base,5.0
2017,13,CLE,pass,rate,4.962852897473997
2017,13,CLE,pass,rate_pace,4.785924207474018
2017,13,CLE,pass,full,4.7767526452107605
2017,13,ARI,rec,base,5.0
2017,13,ARI,rec,rate,4.998037676609106
2017,13,ARI,rec,rate_pace,4.998037676609106
2017,13,ARI,rec,full,5.030223867792952
2017,13,ARI,rush,base,5.0
2017,13,ARI,rush,rate,4.951573849878934
2017,13,ARI,rush,rate_pace,4.951573849878934
2017,13,ARI,rush,full,4.859852999559204
2017,13,ARI,pass,base,5.0
2017,13,ARI,pass,rate,5.00074294205052
2017,13,ARI,pass,rate_pace,4.912719924923857
2017,13,ARI,pass,full,4.944839283589686
2017,13,LA,rec,base,5.0
2017,13,LA,rec,rate,4.968210361067504
2017,13,LA,rec,rate_pace,4.968210361067504
2017,13,LA,rec,full,4.978395093931053
2017,13,LA,rush,base,5.0
2017,13,LA,rush,rate,4.858958837772397
2017,13,LA,rush,rate_pace,4.858958837772397
2017,13,LA,rush,full,4.861003716271336
2017,13,LA,pass,base,5.0
2017,13,LA,pass,rate,4.963595839524517
2017,13,LA,pass,rate_pace,5.090825932897542
2017,13,LA,pass,full,5.10021307605065
2017,13,NO,rec,base,5.0
2017,13,NO,rec,rate,4.96978021978022
2017,13,NO,rec,rate_pace,4.96978021978022
2017,13,NO,rec,full,5.100345472607096
2017,13,NO,rush,base,5.0
2017,13,NO,rush,rate,5.065375302663439
2017,13,NO,rush,rate_pace,5.065375302663439
2017,13,NO,rush,full,4.919047869263942
2017,13,NO,pass,base,5.0
2017,13,NO,pass,rate,4.923476968796434
2017,13,NO,pass,rate_pace,4.976840618565261
2017,13,NO,pass,full,5.105338082863983
2017,13,CAR,rec,base,5.0
2017,13,CAR,rec,rate,5.027472527472527
2017,13,CAR,rec,rate_pace,5.027472527472527
2017,13,CAR,rec,full,5.063215320754206
2017,13,CAR,rush,base,5.0
2017,13,CAR,rush,rate,5.033292978208232
2017,13,CAR,rush,rate_pace,5.033292978208232
2017,13,CAR,rush,full,4.996453532562505
2017,13,CAR,pass,base,5.0
2017,13,CAR,pass,rate,5.048291233283804
2017,13,CAR,pass,rate_pace,5.152629694219665
2017,13,CAR,pass,full,5.187467619304331
2017,13,LV,rec,base,5.0
2017,13,LV,rec,rate,4.967032967032967
2017,13,LV,rec,rate_pace,4.967032967032967
2017,13,LV,rec,full,5.024492102775309
2017,13,LV,rush,base,5.0
2017,13,LV,rush,rate,5.012711864406779
2017,13,LV,rush,rate_pace,5.012711864406779
2017,13,LV,rush,full,4.886086256032479
2017,13,LV,pass,base,5.0
2017,13,LV,pass,rate,4.939078751857355
2017,13,LV,pass,rate_pace,4.996416569357007
2017,13,LV,pass,full,5.0530922221423955
2017,13,NYG,rec,base,5.0
2017,13,NYG,rec,rate,4.992543171114599
2017,13,NYG,rec,rate_pace,4.992543171114599
2017,13,NYG,rec,full,4.997061093290381
2017,13,NYG,rush,base,5.0
2017,13,NYG,rush,rate,4.943099273607748
2017,13,NYG,rush,rate_pace,4.943099273607748
2017,13,NYG,rush,full,4.876635463753806
2017,13,NYG,pass,base,5.0
2017,13,NYG,pass,rate,5.014115898959881
2017,13,NYG,pass,rate_pace,4.994368340610297
2017,13,NYG,pass,full,4.999015772551305
2017,13,SEA,rec,base,5.0
2017,13,SEA,rec,rate,4.907770800627944
2017,13,SEA,rec,rate_pace,4.907770800627944
2017,13,SEA,rec,full,4.915653492821135
2017,13,SEA,rush,base,5.0
2017,13,SEA,rush,rate,4.950363196125908
2017,13,SEA,rush,rate_pace,4.950363196125908
2017,13,SEA,rush,full,4.96435055489608
2017,13,SEA,pass,base,5.0
2017,13,SEA,pass,rate,4.86552748885587
2017,13,SEA,pass,rate_pace,4.793254373023611
2017,13,SEA,pass,full,4.800997282455585
2017,13,PHI,rec,base,5.0
2017,13,PHI,rec,rate,5.014128728414443
2017,13,PHI,rec,rate_pace,5.014128728414443
2017,13,PHI,rec,full,5.024389835736089
2017,13,PHI,rush,base,5.0
2017,13,PHI,rush,rate,4.967312348668281
2017,13,PHI,rush,rate_pace,4.967312348668281
2017,13,PHI,rush,full,5.005395806057783
2017,13,PHI,pass,base,5.0
2017,13,PHI,pass,rate,5.041604754829123
2017,13,PHI,pass,rate_pace,4.957177905748878
2017,13,PHI,pass,full,4.967177486718697
2017,13,CIN,rec,base,5.0
2017,13,CIN,rec,rate,4.955259026687599
2017,13,CIN,rec,rate_pace,4.955259026687599
2017,13,CIN,rec,full,4.9028418735869765
2017,13,CIN,rush,base,5.0
2017,13,CIN,rush,rate,5.00363196125908
2017,13,CIN,rush,rate_pace,5.00363196125908
2017,13,CIN,rush,full,5.0839229666684975
2017,13,CIN,pass,base,5.0
2017,13,CIN,pass,rate,4.942050520059435
2017,13,CIN,pass,rate_pace,5.036049939669093
2017,13,CIN,pass,full,4.983920674546173
2017,13,PIT,rec,base,5.0
2017,13,PIT,rec,rate,4.947409733124019
2017,13,PIT,rec,rate_pace,4.947409733124019
2017,13,PIT,rec,full,4.909272254264044
2017,13,PIT,rush,base,5.0
2017,13,PIT,rush,rate,4.967312348668281
2017,13,PIT,rush,rate_pace,4.967312348668281
2017,13,PIT,rush,full,5.069407996941897
2017,13,PIT,pass,base,5.0
2017,13,PIT,pass,rate,4.898216939078752
2017,13,PIT,pass,rate_pace,4.947939754812645
2017,13,PIT,pass,full,4.9108165998787605
2018,1,PHI,rec,base,16.0
2018,1,PHI,rec,rate,16.026442307692307
2018,1,PHI,rec,rate_pace,16.026442307692307
2018,1,PHI,rec,full,16.10751021724161
2018,1,PHI,rush,base,16.0
2018,1,PHI,rush,rate,16.05637254901961
2018,1,PHI,rush,rate_pace,16.05637254901961
2018,1,PHI,rush,full,16.03127349368258
2018,1,PHI,pass,base,16.0
2018,1,PHI,pass,rate,16.069591527987896
2018,1,PHI,pass,rate_pace,16.117918700488055
2018,1,PHI,pass,full,16.19859845798529
2018,1,ATL,rec,base,16.0
2018,1,ATL,rec,rate,16.056089743589745
2018,1,ATL,rec,rate_pace,16.056089743589745
2018,1,ATL,rec,full,16.21400665949719
2018,1,ATL,rush,base,16.0
2018,1,ATL,rush,rate,15.981004901960782
2018,1,ATL,rush,rate_pace,15.981004901960782
2018,1,ATL,rush,full,15.8666665327392
2018,1,ATL,pass,base,16.0
2018,1,ATL,pass,rate,16.129349470499246
2018,1,ATL,pass,rate_pace,16.41213954193101
2018,1,ATL,pass,full,16.570415845875818
2018,1,BAL,rec,base,16.0
2018,1,BAL,rec,rate,16.00400641025641
2018,1,BAL,rec,rate_pace,16.00400641025641
2018,1,BAL,rec,full,16.041802370987185
2018,1,BAL,rush,base,16.0
2018,1,BAL,rush,rate,15.981004901960782
2018,1,BAL,rush,rate_pace,15.981004901960782
2018,1,BAL,rush,full,15.964430592922337
2018,1,BAL,pass,base,16.0
2018,1,BAL,pass,rate,16.00983358547655
2018,1,BAL,pass,rate_pace,16.044494836632335
2018,1,BAL,pass,full,16.083201548235785
2018,1,BUF,rec,base,16.0
2018,1,BUF,rec,rate,16.02564102564103
2018,1,BUF,rec,rate_pace,16.02564102564103
2018,1,BUF,rec,full,15.866186902319642
2018,1,BUF,rush,base,16.0
2018,1,BUF,rush,rate,16.028186274509803
2018,1,BUF,rush,rate_pace,16.028186274509803
2018,1,BUF,rush,full,16.05758434760502
2018,1,BUF,pass,base,16.0
2018,1,BUF,pass,rate,16.03252647503782
2018,1,BUF,pass,rate_pace,16.23879672396327
2018,1,BUF,pass,full,16.08089934209459
2018,1,CLE,rec,base,16.0
2018,1,CLE,rec,rate,15.990384615384613
2018,1,CLE,rec,rate_pace,15.990384615384613
2018,1,CLE,rec,full,16.176327745312616
2018,1,CLE,rush,base,16.0
2018,1,CLE,rush,rate,16.079656862745097
2018,1,CLE,rush,rate_pace,16.079656862745097
2018,1,CLE,rush,full,15.633805876936073
2018,1,CLE,pass,base,16.0
2018,1,CLE,pass,rate,15.998487140695918
2018,1,CLE,pass,rate_pace,15.557852693287648
2018,1,CLE,pass,full,15.745810198556605
2018,1,PIT,rec,base,16.0
2018,1,PIT,rec,rate,15.959535256410255
2018,1,PIT,rec,rate_pace,15.959535256410255
2018,1,PIT,rec,full,16.270118433387204
2018,1,PIT,rush,base,16.0
2018,1,PIT,rush,rate,15.99142156862745
2018,1,PIT,rush,rate_pace,15.99142156862745
2018,1,PIT,rush,full,15.597114432616038
2018,1,PIT,pass,base,16.0
2018,1,PIT,pass,rate,15.918305597579424
2018,1,PIT,pass,rate_pace,15.70755674011227
2018,1,PIT,pass,full,16.018257324179867
2018,1,IND,rec,base,16.0
2018,1,IND,rec,rate,15.98397435897436
2018,1,IND,rec,rate_pace,15.98397435897436
2018,1,IND,rec,full,16.166750883300946
2018,1,IND,rush,base,16.0
2018,1,IND,rush,rate,16.0030637254902
2018,1,IND,rush,rate_pace,16.0030637254902
2018,1,IND,rush,full,15.72326256377921
2018,1,IND,pass,base,16.0
2018,1,IND,pass,rate,15.958396369137672
2018,1,IND,pass,rate_pace,16.207778449716187
2018,1,IND,pass,full,16.391603586628424
2018,1,CIN,rec,base,16.0
2018,1,CIN,rec,rate,16.07411858974359
2018,1,CIN,rec,rate_pace,16.07411858974359
2018,1,CIN,rec,full,16.250272272796497
2018,1,CIN,rush,base,16.0
2018,1,CIN,rush,rate,15.979779411764705
2018,1,CIN,rush,rate_pace,15.979779411764705
2018,1,CIN,rush,full,15.669404215609838
2018,1,CIN,pass,base,16.0
2018,1,CIN,pass,rate,16.148260211800306
2018,1,CIN,pass,rate_pace,16.38603612564644
2018,1,CIN,pass,full,16.56370164128998
2018,1,MIA,rec,base,16.0
2018,1,MIA,rec,rate,16.044871794871796
2018,1,MIA,rec,rate_pace,16.044871794871796
2018,1,MIA,rec,full,16.137223656458374
2018,1,MIA,rush,base,16.0
2018,1,MIA,rush,rate,16.00612745098039
2018,1,MIA,rush,rate_pace,16.00612745098039
2018,1,MIA,rush,full,15.777119873854538
2018,1,MIA,pass,base,16.0
2018,1,MIA,pass,rate,16.046898638426626
2018,1,MIA,pass,rate_pace,15.826526639215215
2018,1,MIA,pass,full,15.921649152468584
2018,1,TEN,rec,base,16.0
2018,1,TEN,rec,rate,16.045673076923077
2018,1,TEN,rec,rate_pace,16.045673076923077
2018,1,TEN,rec,full,16.144349401359776
2018,1,TEN,rush,base,16.0
2018,1,TEN,rush,rate,16.093750000000004
2018,1,TEN,rush,rate_pace,16.093750000000004
2018,1,TEN,rush,full,15.964558692542901
2018,1,TEN,pass,base,16.0
2018,1,TEN,pass,rate,16.0695915279879
2018,1,TEN,pass,rate_pace,16.374829987305557
2018,1,TEN,pass,full,16.473999751245813
2018,1,MIN,rec,base,16.0
2018,1,MIN,rec,rate,16.02003205128205
2018,1,MIN,rec,rate_pace,16.02003205128205
2018,1,MIN,rec,full,16.064628092024858
2018,1,MIN,rush,base,16.0
2018,1,MIN,rush,rate,15.98468137254902
2018,1,MIN,rush,rate_pace,15.98468137254902
2018,1,MIN,rush,full,16.01024961928854
2018,1,MIN,pass,base,16.0
2018,1,MIN,pass,rate,16.02269288956127
2018,1,MIN,pass,rate_pace,16.122973812538657
2018,1,MIN,pass,full,16.168592376458687
2018,1,SF,rec,base,16.0
2018,1,SF,rec,rate,15.979166666666668
2018,1,SF,rec,rate_pace,15.979166666666668
2018,1,SF,rec,full,16.204473875568514
2018,1,SF,rush,base,16.0
2018,1,SF,rush,rate,15.988357843137257
2018,1,SF,rush,rate_pace,15.988357843137257
2018,1,SF,rush,full,15.64135937924342
2018,1,SF,pass,base,16.0
2018,1,SF,pass,rate,15.965960665658095
2018,1,SF,pass,rate_pace,15.586263616036101
2018,1,SF,pass,full,15.811769339931425
2018,1,NE,rec,base,16.0
2018,1,NE,rec,rate,16.068509615384617
2018,1,NE,rec,rate_pace,16.068509615384617
2018,1,NE,rec,full,16.232197591277057
2018,1,NE,rush,base,16.0
2018,1,NE,rush,rate,15.99387254901961
2018,1,NE,rush,rate_pace,15.99387254901961
2018,1,NE,rush,full,15.963396735585
2018,1,NE,pass,base,16.0
2018,1,NE,pass,rate,16.072617246596064
2018,1,NE,pass,rate_pace,15.739031870264046
2018,1,NE,pass,full,15.904790976896818
2018,1,HOU,rec,base,16.0
2018,1,HOU,rec,rate,16.01121794871795
2018,1,HOU,rec,rate_pace,16.01121794871795
2018,1,HOU,rec,full,16.279863884974798
2018,1,HOU,rush,base,16.0
2018,1,HOU,rush,rate,15.907475490196079
2018,1,HOU,rush,rate_pace,15.907475490196079
2018,1,HOU,rush,full,15.488914710629388
2018,1,HOU,pass,base,16.0
2018,1,HOU,pass,rate,15.985627836611197
2018,1,HOU,pass,rate_pace,16.039087468081355
2018,1,HOU,pass,full,16.30822948026832
2018,1,NO,rec,base,16.0
2018,1,NO,rec,rate,15.997195512820511
2018,1,NO,rec,rate_pace,15.997195512820511
2018,1,NO,rec,full,16.384163884201094
2018,1,NO,rush,base,16.0
2018,1,NO,rush,rate,16.002450980392155
2018,1,NO,rush,rate_pace,16.002450980392155
2018,1,NO,rush,full,15.599245019128404
2018,1,NO,pass,base,16.0
2018,1,NO,pass,rate,16.014372163388806
2018,1,NO,pass,rate_pace,16.379962947524504
2018,1,NO,pass,full,16.767058870818655
2018,1,TB,rec,base,16.0
2018,1,TB,rec,rate,15.947115384615383
2018,1,TB,rec,rate_pace,15.947115384615383
2018,1,TB,rec,full,16.176614315763327
2018,1,TB,rush,base,16.0
2018,1,TB,rush,rate,15.979779411764705
2018,1,TB,rush,rate_pace,15.979779411764705
2018,1,TB,rush,full,15.493447735013458
2018,1,TB,pass,base,16.0
2018,1,TB,pass,rate,15.933434190620275
2018,1,TB,pass,rate_pace,15.573412236554766
2018,1,TB,pass,full,15.80272030675086
2018,1,NYG,rec,base,16.0
2018,1,NYG,rec,rate,15.999599358974358
2018,1,NYG,rec,rate_pace,15.999599358974358
2018,1,NYG,rec,full,16.12370240929089
2018,1,NYG,rush,base,16.0
2018,1,NYG,rush,rate,15.97855392156863
2018,1,NYG,rush,rate_pace,15.97855392156863
2018,1,NYG,rush,full,15.599823785839343
2018,1,NYG,pass,base,16.0
2018,1,NYG,pass,rate,16.014372163388803
2018,1,NYG,pass,rate_pace,15.796281826464547
2018,1,NYG,pass,full,15.921702598477156
2018,1,JAX,rec,base,16.0
2018,1,JAX,rec,rate,16.153445512820515
2018,1,JAX,rec,rate_pace,16.153445512820515
2018,1,JAX,rec,full,16.178060074410606
2018,1,JAX,rush,base,16.0
2018,1,JAX,rush,rate,16.00919117647059
2018,1,JAX,rush,rate_pace,16.00919117647059
2018,1,JAX,rush,full,16.062302428352112
2018,1,JAX,pass,base,16.0
2018,1,JAX,pass,rate,16.259455370650528
2018,1,JAX,pass,rate_pace,16.491723453331986
2018,1,JAX,pass,full,16.516841676508708
2018,1,LAC,rec,base,16.0
2018,1,LAC,rec,rate,15.983173076923077
2018,1,LAC,rec,rate_pace,15.983173076923077
2018,1,LAC,rec,full,15.962999844397057
2018,1,LAC,rush,base,16.0
2018,1,LAC,rush,rate,15.885416666666666
2018,1,LAC,rush,rate_pace,15.885416666666666
2018,1,LAC,rush,full,16.040417631841972
2018,1,LAC,pass,base,16.0
2018,1,LAC,pass,rate,15.953857791225419
2018,1,LAC,pass,rate_pace,15.954790467577912
2018,1,LAC,pass,full,15.934752116440144
2018,1,KC,rec,base,16.0
2018,1,KC,rec,rate,15.877003205128206
2018,1,KC,rec,rate_pace,15.877003205128206
2018,1,KC,rec,full,15.986300828364744
2018,1,KC,rush,base,16.0
2018,1,KC,rush,rate,15.993872549019605
2018,1,KC,rush,rate_pace,15.993872549019605
2018,1,KC,rush,full,15.739782735262361
2018,1,KC,pass,base,16.0
2018,1,KC,pass,rate,15.815431164901666
2018,1,KC,pass,rate_pace,15.706668877649593
2018,1,KC,pass,full,15.816030271067461
2018,1,ARI,rec,base,16.0
2018,1,ARI,rec,rate,15.95152243589744
2018,1,ARI,rec,rate_pace,15.95152243589744
2018,1,ARI,rec,full,16.086194205145993
2018,1,ARI,rush,base,16.0
2018,1,ARI,rush,rate,16.030637254901958
2018,1,ARI,rush,rate_pace,16.030637254901958
2018,1,ARI,rush,full,15.752697464307664
2018,1,ARI,pass,base,16.0
2018,1,ARI,pass,rate,15.913767019667173
2018,1,ARI,pass,rate_pace,15.515831261476308
2018,1,ARI,pass,full,15.650514272622695
2018,1,WAS,rec,base,16.0
2018,1,WAS,rec,rate,16.080528846153847
2018,1,WAS,rec,rate_pace,16.080528846153847
2018,1,WAS,rec,full,16.338163777846287
2018,1,WAS,rush,base,16.0
2018,1,WAS,rush,rate,15.907475490196077
2018,1,WAS,rush,rate_pace,15.907475490196077
2018,1,WAS,rush,full,15.527035005889191
2018,1,WAS,pass,base,16.0
2018,1,WAS,pass,rate,16.148260211800302
2018,1,WAS,pass,rate_pace,16.226903110155913
2018,1,WAS,pass,full,16.48586306887175
2018,1,CAR,rec,base,16.0
2018,1,CAR,rec,rate,16.009615384615387
2018,1,CAR,rec,rate_pace,16.009615384615387
2018,1,CAR,rec,full,16.25822658634751
2018,1,CAR,rush,base,16.0
2018,1,CAR,rush,rate,16.05453431372549
2018,1,CAR,rush,rate_pace,16.05453431372549
2018,1,CAR,rush,full,15.740761562795143
2018,1,CAR,pass,base,16.0
2018,1,CAR,pass,rate,16.00605143721634
2018,1,CAR,pass,rate_pace,16.276253797430346
2018,1,CAR,pass,full,16.524621601855504
2018,1,DAL,rec,base,16.0
2018,1,DAL,rec,rate,16.079727564102566
2018,1,DAL,rec,rate_pace,16.079727564102566
2018,1,DAL,rec,full,16.238681111081693
2018,1,DAL,rush,base,16.0
2018,1,DAL,rush,rate,16.009191176470587
2018,1,DAL,rush,rate_pace,16.009191176470587
2018,1,DAL,rush,full,15.846537648603823
2018,1,DAL,pass,base,16.0
2018,1,DAL,pass,rate,16.12481089258699
2018,1,DAL,pass,rate_pace,16.581451121808154
2018,1,DAL,pass,full,16.74088120182475
2018,1,DEN,rec,base,16.0
2018,1,DEN,rec,rate,16.004807692307693
2018,1,DEN,rec,rate_pace,16.004807692307693
2018,1,DEN,rec,full,16.10066751362546
2018,1,DEN,rush,base,16.0
2018,1,DEN,rush,rate,16.082107843137255
2018,1,DEN,rush,rate_pace,16.082107843137255
2018,1,DEN,rush,full,15.895535927349572
2018,1,DEN,pass,base,16.0
2018,1,DEN,pass,rate,16.004538577912253
2018,1,DEN,pass,rate_pace,15.665410414338124
2018,1,DEN,pass,full,15.761437495169046
2018,1,SEA,rec,base,16.0
2018,1,SEA,rec,rate,15.961538461538462
2018,1,SEA,rec,rate_pace,15.961538461538462
2018,1,SEA,rec,full,16.146945449713286
2018,1,SEA,rush,base,16.0
2018,1,SEA,rush,rate,15.930759803921568
2018,1,SEA,rush,rate_pace,15.930759803921568
2018,1,SEA,rush,full,15.677047882139952
2018,1,SEA,pass,base,16.0
2018,1,SEA,pass,rate,15.962178517397884
2018,1,SEA,pass,rate_pace,15.687098029218289
2018,1,SEA,pass,full,15.873532028386112
2018,1,GB,rec,base,16.0
2018,1,GB,rec,rate,15.904647435897436
2018,1,GB,rec,rate_pace,15.904647435897436
2018,1,GB,rec,full,16.1280209017554
2018,1,GB,rush,base,16.0
2018,1,GB,rush,rate,15.996936274509807
2018,1,GB,rush,rate_pace,15.996936274509807
2018,1,GB,rush,full,15.618737032806859
2018,1,GB,pass,base,16.0
2018,1,GB,pass,rate,15.812405446293495
2018,1,GB,pass,rate_pace,15.561112826951234
2018,1,GB,pass,full,15.784394773507477
2018,1,CHI,rec,base,16.0
2018,1,CHI,rec,rate,16.066907051282055
2018,1,CHI,rec,rate_pace,16.066907051282055
2018,1,CHI,rec,full,15.907546938297976
2018,1,CHI,rush,base,16.0
2018,1,CHI,rush,rate,15.969362745098039
2018,1,CHI,rush,rate_pace,15.969362745098039
2018,1,CHI,rush,full,16.09912006810029
2018,1,CHI,pass,base,16.0
2018,1,CHI,pass,rate,16.09001512859304
2018,1,CHI,pass,rate_pace,16.657034594379184
2018,1,CHI,pass,full,16.498018325038608
2018,1,DET,rec,base,16.0
2018,1,DET,rec,rate,15.941907051282055
2018,1,DET,rec,rate_pace,15.941907051282055
2018,1,DET,rec,full,16.197929026386404
2018,1,DET,rush,base,16.0
2018,1,DET,rush,rate,15.921568627450977
2018,1,DET,rush,rate_pace,15.921568627450977
2018,1,DET,rush,full,15.502858648675998
2018,1,DET,pass,base,16.0
2018,1,DET,pass,rate,15.910741301059
2018,1,DET,pass,rate_pace,15.721221765738095
2018,1,DET,pass,full,15.978307063374224
2018,1,NYJ,rec,base,16.0
2018,1,NYJ,rec,rate,16.052083333333332
2018,1,NYJ,rec,rate_pace,16.052083333333332
2018,1,NYJ,rec,full,16.014442559466648
2018,1,NYJ,rush,base,16.0
2018,1,NYJ,rush,rate,15.919117647058826
2018,1,NYJ,rush,rate_pace,15.919117647058826
2018,1,NYJ,rush,full,15.860923391821315
2018,1,NYJ,pass,base,16.0
2018,1,NYJ,pass,rate,16.077155824508317
2018,1,NYJ,pass,rate_pace,16.266253030973367
2018,1,NYJ,pass,full,16.230531239013807
2018,1,LV,rec,base,16.0
2018,1,LV,rec,rate,15.955528846153845
2018,1,LV,rec,rate_pace,15.955528846153845
2018,1,LV,rec,full,16.11601237946618
2018,1,LV,rush,base,16.0
2018,1,LV,rush,rate,15.99938725490196
2018,1,LV,rush,rate_pace,15.99938725490196
2018,1,LV,rush,full,15.652834951732858
2018,1,LV,pass,base,16.0
2018,1,LV,pass,rate,15.912254160363089
2018,1,LV,pass,rate_pace,15.921434389086096
2018,1,LV,pass,full,16.081948224473674
2018,1,LA,rec,base,16.0
2018,1,LA,rec,rate,15.949118589743591
2018,1,LA,rec,rate_pace,15.949118589743591
2018,1,LA,rec,full,16.19006603967806
2018,1,LA,rush,base,16.0
2018,1,LA,rush,rate,15.872549019607845
2018,1,LA,rush,rate_pace,15.872549019607845
2018,1,LA,rush,full,15.5831431334678
2018,1,LA,pass,base,16.0
2018,1,LA,pass,rate,15.89712556732224
2018,1,LA,pass,rate_pace,16.17609666998512
2018,1,LA,pass,full,16.417285516361687
2018,5,NE,rec,base,12.0
2018,5,NE,rec,rate,12.070522979397781
2018,5,NE,rec,rate_pace,12.070522979397781
2018,5,NE,rec,full,12.152739193301784
2018,5,NE,rush,base,12.0
2018,5,NE,rush,rate,11.99087591240876
2018,5,NE,rush,rate_pace,11.99087591240876
2018,5,NE,rush,full,12.030764616247081
2018,5,NE,pass,base,12.0
2018,5,NE,pass,rate,12.091928251121075
2018,5,NE,pass,rate_pace,12.046704673593808
2018,5,NE,pass,full,12.131256002606154
2018,5,IND,rec,base,12.0
2018,5,IND,rec,rate,11.973454833597465
2018,5,IND,rec,rate_pace,11.973454833597465
2018,5,IND,rec,full,12.080133232046935
2018,5,IND,rush,base,12.0
2018,5,IND,rush,rate,11.976277372262773
2018,5,IND,rush,rate_pace,11.976277372262773
2018,5,IND,rush,full,11.770004325369573
2018,5,IND,pass,base,12.0
2018,5,IND,pass,rate,11.932735426008968
2018,5,IND,pass,rate_pace,11.82226530570596
2018,5,IND,pass,full,11.929749529470804
2018,5,BUF,rec,base,12.0
2018,5,BUF,rec,rate,12.008320126782884
2018,5,BUF,rec,rate_pace,12.008320126782884
2018,5,BUF,rec,full,11.912828028851404
2018,5,BUF,rush,base,12.0
2018,5,BUF,rush,rate,12.006082725060828
2018,5,BUF,rush,rate_pace,12.006082725060828
2018,5,BUF,rush,full,12.022490833491931
2018,5,BUF,pass,base,12.0
2018,5,BUF,pass,rate,11.994768310911807
2018,5,BUF,pass,rate_pace,12.04593734230717
2018,5,BUF,pass,full,11.951886894197152
2018,5,TEN,rec,base,12.0
2018,5,TEN,rec,rate,11.99960380348653
2018,5,TEN,rec,rate_pace,11.99960380348653
2018,5,TEN,rec,full,11.954068129551132
2018,5,TEN,rush,base,12.0
2018,5,TEN,rush,rate,12.06021897810219
2018,5,TEN,rush,rate_pace,12.06021897810219
2018,5,TEN,rush,full,12.135604367429256
2018,5,TEN,pass,base,12.0
2018,5,TEN,pass,rate,11.982062780269057
2018,5,TEN,pass,rate_pace,12.148286755308135
2018,5,TEN,pass,full,12.102989516600566
2018,5,CAR,rec,base,13.0
2018,5,CAR,rec,rate,13.107765451664024
2018,5,CAR,rec,rate_pace,13.107765451664024
2018,5,CAR,rec,full,13.297165506994197
2018,5,CAR,rush,base,13.0
2018,5,CAR,rush,rate,13.057177615571776
2018,5,CAR,rush,rate_pace,13.057177615571776
2018,5,CAR,rush,full,12.831083659398507
2018,5,CAR,pass,base,13.0
2018,5,CAR,pass,rate,13.172645739910312
2018,5,CAR,pass,rate_pace,13.368642712478948
2018,5,CAR,pass,full,13.559843181263581
2018,5,NYG,rec,base,12.0
2018,5,NYG,rec,rate,11.984548335974644
2018,5,NYG,rec,rate_pace,11.984548335974644
2018,5,NYG,rec,full,12.044570553871996
2018,5,NYG,rush,base,12.0
2018,5,NYG,rush,rate,12.018248175182482
2018,5,NYG,rush,rate_pace,12.018248175182482
2018,5,NYG,rush,full,11.78005027927606
2018,5,NYG,pass,base,12.0
2018,5,NYG,pass,rate,11.973094170403588
2018,5,NYG,pass,rate_pace,11.832292868769489
2018,5,NYG,pass,full,11.893281177796107
2018,5,CIN,rec,base,12.0
2018,5,CIN,rec,rate,12.139064976228209
2018,5,CIN,rec,rate_pace,12.139064976228209
2018,5,CIN,rec,full,12.39691834705306
2018,5,CIN,rush,base,12.0
2018,5,CIN,rush,rate,12.028588807785889
2018,5,CIN,rush,rate_pace,12.028588807785889
2018,5,CIN,rush,full,11.640876975162824
2018,5,CIN,pass,base,12.0
2018,5,CIN,pass,rate,12.239162929745888
2018,5,CIN,pass,rate_pace,12.330704945303616
2018,5,CIN,pass,full,12.592379259489682
2018,5,MIA,rec,base,12.0
2018,5,MIA,rec,rate,12.003169572107764
2018,5,MIA,rec,rate_pace,12.003169572107764
2018,5,MIA,rec,full,12.039375252896221
2018,5,MIA,rush,base,12.0
2018,5,MIA,rush,rate,11.993917274939172
2018,5,MIA,rush,rate_pace,11.993917274939172
2018,5,MIA,rush,full,11.897891894941473
2018,5,MIA,pass,base,12.0
2018,5,MIA,pass,rate,11.994768310911807
2018,5,MIA,pass,rate_pace,12.044314031698496
2018,5,MIA,pass,full,12.082456896858941
2018,5,CLE,rec,base,12.0
2018,5,CLE,rec,rate,12.04041204437401
2018,5,CLE,rec,rate_pace,12.04041204437401
2018,5,CLE,rec,full,12.195820197498476
2018,5,CLE,rush,base,12.0
2018,5,CLE,rush,rate,12.069951338199514
2018,5,CLE,rush,rate_pace,12.069951338199514
2018,5,CLE,rush,full,11.67770548909795
2018,5,CLE,pass,base,12.0
2018,5,CLE,pass,rate,12.079222720478327
2018,5,CLE,pass,rate_pace,11.867020069262205
2018,5,CLE,pass,full,12.025122230549565
2018,5,BAL,rec,base,12.0
2018,5,BAL,rec,rate,12.129556259904914
2018,5,BAL,rec,rate_pace,12.129556259904914
2018,5,BAL,rec,full,12.177156691271179
2018,5,BAL,rush,base,12.0
2018,5,BAL,rush,rate,12.05170316301703
2018,5,BAL,rush,rate_pace,12.05170316301703
2018,5,BAL,rush,full,12.058905301916058
2018,5,BAL,pass,base,12.0
2018,5,BAL,pass,rate,12.221973094170401
2018,5,BAL,pass,rate_pace,12.060514825939538
2018,5,BAL,pass,full,12.108936053321791
2018,5,DET,rec,base,12.0
2018,5,DET,rec,rate,11.937004754358162
2018,5,DET,rec,rate_pace,11.937004754358162
2018,5,DET,rec,full,12.11059448084962
2018,5,DET,rush,base,12.0
2018,5,DET,rush,rate,11.921532846715328
2018,5,DET,rush,rate_pace,11.921532846715328
2018,5,DET,rush,full,11.57811583214852
2018,5,DET,pass,base,12.0
2018,5,DET,pass,rate,11.914798206278025
2018,5,DET,pass,rate_pace,11.710611214976637
2018,5,DET,pass,full,11.884276188494205
2018,5,GB,rec,base,12.0
2018,5,GB,rec,rate,11.938193343898574
2018,5,GB,rec,rate_pace,11.938193343898574
2018,5,GB,rec,full,12.082380530124722
2018,5,GB,rush,base,12.0
2018,5,GB,rush,rate,12.028588807785887
2018,5,GB,rush,rate_pace,12.028588807785887
2018,5,GB,rush,full,11.806468497059898
2018,5,GB,pass,base,12.0
2018,5,GB,pass,rate,11.88116591928251
2018,5,GB,pass,rate_pace,11.752672606841253
2018,5,GB,pass,full,11.89596615521257
2018,5,KC,rec,base,12.0
2018,5,KC,rec,rate,11.903328050713153
2018,5,KC,rec,rate_pace,11.903328050713153
2018,5,KC,rec,full,12.216920992728339
2018,5,KC,rush,base,12.0
2018,5,KC,rush,rate,12.000000000000002
2018,5,KC,rush,rate_pace,12.000000000000002
2018,5,KC,rush,full,11.588593039165174
2018,5,KC,pass,base,12.0
2018,5,KC,pass,rate,11.82286995515695
2018,5,KC,pass,rate_pace,11.794759662405724
2018,5,KC,pass,full,12.10554147458185
2018,5,JAX,rec,base,12.0
2018,5,JAX,rec,rate,12.115293185419969
2018,5,JAX,rec,rate_pace,12.115293185419969
2018,5,JAX,rec,full,12.070563207350194
2018,5,JAX,rush,base,12.0
2018,5,JAX,rush,rate,12.03102189781022
2018,5,JAX,rush,rate_pace,12.03102189781022
2018,5,JAX,rush,full,12.157606064169757
2018,5,JAX,pass,base,12.0
2018,5,JAX,pass,rate,12.20254110612855
2018,5,JAX,pass,rate_pace,12.2117924226014
2018,5,JAX,pass,full,12.167266850984994
2018,5,NYJ,rec,base,12.0
2018,5,NYJ,rec,rate,12.024960380348652
2018,5,NYJ,rec,rate_pace,12.024960380348652
2018,5,NYJ,rec,full,11.96074457631742
2018,5,NYJ,rush,base,12.0
2018,5,NYJ,rush,rate,11.985401459854014
2018,5,NYJ,rush,rate_pace,11.985401459854014
2018,5,NYJ,rush,full,12.005936763864767
2018,5,NYJ,pass,base,12.0
2018,5,NYJ,pass,rate,12.040358744394618
2018,5,NYJ,pass,rate_pace,12.193116938568995
2018,5,NYJ,pass,full,12.129717009262361
2018,5,DEN,rec,base,12.0
2018,5,DEN,rec,rate,12.062202852614897
2018,5,DEN,rec,rate_pace,12.062202852614897
2018,5,DEN,rec,full,12.149813765534747
2018,5,DEN,rush,base,12.0
2018,5,DEN,rush,rate,12.072384428223843
2018,5,DEN,rush,rate_pace,12.072384428223843
2018,5,DEN,rush,full,11.898032306634772
2018,5,DEN,pass,base,12.0
2018,5,DEN,pass,rate,12.094917787742899
2018,5,DEN,pass,rate_pace,11.970008408541183
2018,5,DEN,pass,full,12.058324880818699
2018,5,PIT,rec,base,12.0
2018,5,PIT,rec,rate,11.942551505546753
2018,5,PIT,rec,rate_pace,11.942551505546753
2018,5,PIT,rec,full,12.246993924254316
2018,5,PIT,rush,base,12.0
2018,5,PIT,rush,rate,12.008515815085158
2018,5,PIT,rush,rate_pace,12.008515815085158
2018,5,PIT,rush,full,11.477798939587501
2018,5,PIT,pass,base,12.0
2018,5,PIT,pass,rate,11.894618834080719
2018,5,PIT,pass,rate_pace,11.603283414444947
2018,5,PIT,pass,full,11.907338833525307
2018,5,ATL,rec,base,12.0
2018,5,ATL,rec,rate,12.125594294770204
2018,5,ATL,rec,rate_pace,12.125594294770204
2018,5,ATL,rec,full,12.416961648875738
2018,5,ATL,rush,base,12.0
2018,5,ATL,rush,rate,12.00912408759124
2018,5,ATL,rush,rate_pace,12.00912408759124
2018,5,ATL,rush,full,11.642564184286437
2018,5,ATL,pass,base,12.0
2018,5,ATL,pass,rate,12.24962630792227
2018,5,ATL,pass,rate_pace,12.371329256618507
2018,5,ATL,pass,full,12.66734055180993
2018,5,LAC,rec,base,12.0
2018,5,LAC,rec,rate,12.020206022187004
2018,5,LAC,rec,rate_pace,12.020206022187004
2018,5,LAC,rec,full,12.149516899730713
2018,5,LAC,rush,base,12.0
2018,5,LAC,rush,rate,11.931873479318735
2018,5,LAC,rush,rate_pace,11.931873479318735
2018,5,LAC,rush,full,11.820512890484302
2018,5,LAC,pass,base,12.0
2018,5,LAC,pass,rate,12.035874439461882
2018,5,LAC,pass,rate_pace,12.078676544491282
2018,5,LAC,pass,full,12.20863966962102
2018,5,LV,rec,base,12.0
2018,5,LV,rec,rate,12.007131537242472
2018,5,LV,rec,rate_pace,12.007131537242472
2018,5,LV,rec,full,12.290458005756877
2018,5,LV,rush,base,12.0
2018,5,LV,rush,rate,12.07846715328467
2018,5,LV,rush,rate_pace,12.07846715328467
2018,5,LV,rush,full,11.47886544865673
2018,5,LV,pass,base,12.0
2018,5,LV,pass,rate,12.002989536621826
2018,5,LV,pass,rate_pace,11.925556144333756
2018,5,LV,pass,full,12.209308516976682
2018,5,PHI,rec,base,12.0
2018,5,PHI,rec,rate,11.965927099841522
2018,5,PHI,rec,rate_pace,11.965927099841522
2018,5,PHI,rec,full,11.998757395236035
2018,5,PHI,rush,base,12.0
2018,5,PHI,rush,rate,12.045620437956204
2018,5,PHI,rush,rate_pace,12.045620437956204
2018,5,PHI,rush,full,12.078994754222219
2018,5,PHI,pass,base,12.0
2018,5,PHI,pass,rate,11.955904334828102
2018,5,PHI,pass,rate_pace,11.782176238036019
2018,5,PHI,pass,full,11.814835976213587
2018,5,MIN,rec,base,12.0
2018,5,MIN,rec,rate,11.969889064976229
2018,5,MIN,rec,rate_pace,11.969889064976229
2018,5,MIN,rec,full,12.060830684115096
2018,5,MIN,rush,base,12.0
2018,5,MIN,rush,rate,11.9823600973236
2018,5,MIN,rush,rate_pace,11.9823600973236
2018,5,MIN,rush,full,11.849354146983735
2018,5,MIN,pass,base,12.0
2018,5,MIN,pass,rate,11.949177877428998
2018,5,MIN,pass,rate_pace,11.72723763042253
2018,5,MIN,pass,full,11.818439402476871
2018,5,SEA,rec,base,12.0
2018,5,SEA,rec,rate,12.020206022187004
2018,5,SEA,rec,rate_pace,12.020206022187004
2018,5,SEA,rec,full,12.139966928410315
2018,5,SEA,rush,base,12.0
2018,5,SEA,rush,rate,12.067518248175183
2018,5,SEA,rush,rate_pace,12.067518248175183
2018,5,SEA,rush,full,11.944543394860544
2018,5,SEA,pass,base,12.0
2018,5,SEA,pass,rate,12.049327354260088
2018,5,SEA,pass,rate_pace,12.060866927130435
2018,5,SEA,pass,full,12.181446568751674
2018,5,LA,rec,base,12.0
2018,5,LA,rec,rate,11.998811410459588
2018,5,LA,rec,rate_pace,11.998811410459588
2018,5,LA,rec,full,12.198547282667757
2018,5,LA,rush,base,12.0
2018,5,LA,rush,rate,11.914841849148418
2018,5,LA,rush,rate_pace,11.914841849148418
2018,5,LA,rush,full,11.745960624217409
2018,5,LA,pass,base,12.0
2018,5,LA,pass,rate,11.990284005979072
2018,5,LA,pass,rate_pace,12.156293413041729
2018,5,LA,pass,full,12.357192750701437
2018,5,SF,rec,base,12.0
2018,5,SF,rec,rate,12.018225039619653
2018,5,SF,rec,rate_pace,12.018225039619653
2018,5,SF,rec,full,12.08548433516189
2018,5,SF,rush,base,12.0
2018,5,SF,rush,rate,11.96654501216545
2018,5,SF,rush,rate_pace,11.96654501216545
2018,5,SF,rush,full,11.77585777950671
2018,5,SF,pass,base,12.0
2018,5,SF,pass,rate,12.048579970104633
2018,5,SF,pass,rate_pace,11.781520728431659
2018,5,SF,pass,full,11.849707323262997
2018,5,ARI,rec,base,12.0
2018,5,ARI,rec,rate,12.024960380348654
2018,5,ARI,rec,rate_pace,12.024960380348654
2018,5,ARI,rec,full,12.073686555367765
2018,5,ARI,rush,base,12.0
2018,5,ARI,rush,rate,12.04440389294404
2018,5,ARI,rush,rate_pace,12.04440389294404
2018,5,ARI,rush,full,11.817163839491828
2018,5,ARI,pass,base,12.0
2018,5,ARI,pass,rate,12.02914798206278
2018,5,ARI,pass,rate_pace,12.03195590636554
2018,5,ARI,pass,full,12.080832004017322
2018,5,HOU,rec,base,12.0
2018,5,HOU,rec,rate,11.922345483359745
2018,5,HOU,rec,rate_pace,11.922345483359745
2018,5,HOU,rec,full,12.106256413603548
2018,5,HOU,rush,base,12.0
2018,5,HOU,rush,rate,11.892335766423358
2018,5,HOU,rush,rate_pace,11.892335766423358
2018,5,HOU,rush,full,11.602678495457848
2018,5,HOU,pass,base,12.0
2018,5,HOU,pass,rate,11.828849028400597
2018,5,HOU,pass,rate_pace,11.781473247999251
2018,5,HOU,pass,full,11.96410878703409
2018,5,DAL,rec,base,12.0
2018,5,DAL,rec,rate,12.036450079239305
2018,5,DAL,rec,rate_pace,12.036450079239305
2018,5,DAL,rec,full,12.09397747104083
2018,5,DAL,rush,base,12.0
2018,5,DAL,rush,rate,12.021897810218977
2018,5,DAL,rush,rate_pace,12.021897810218977
2018,5,DAL,rush,full,11.94805954564463
2018,5,DAL,pass,base,12.0
2018,5,DAL,pass,rate,12.042600896860986
2018,5,DAL,pass,rate_pace,12.500117732818325
2018,5,DAL,pass,full,12.559426296164096
2018,5,NO,rec,base,12.0
2018,5,NO,rec,rate,11.961568938193343
2018,5,NO,rec,rate_pace,11.961568938193343
2018,5,NO,rec,full,12.404829694394829
2018,5,NO,rush,base,12.0
2018,5,NO,rush,rate,12.05170316301703
2018,5,NO,rush,rate_pace,12.05170316301703
2018,5,NO,rush,full,11.49280799681424
2018,5,NO,pass,base,12.0
2018,5,NO,pass,rate,11.959641255605382
2018,5,NO,pass,rate_pace,12.174852495852743
2018,5,NO,pass,full,12.618468933502857
2018,5,WAS,rec,base,13.0
2018,5,WAS,rec,rate,13.067749603803486
2018,5,WAS,rec,rate_pace,13.067749603803486
2018,5,WAS,rec,full,13.163703726734166
2018,5,WAS,rush,base,13.0
2018,5,WAS,rush,rate,12.957420924574208
2018,5,WAS,rush,rate_pace,12.957420924574208
2018,5,WAS,rush,full,12.840619215203304
2018,5,WAS,pass,base,13.0
2018,5,WAS,pass,rate,13.12556053811659
2018,5,WAS,pass,rate_pace,13.256669004347788
2018,5,WAS,pass,full,13.353947540249811
2018,5,TB,rec,base,12.0
2018,5,TB,rec,rate,11.99484944532488
2018,5,TB,rec,rate_pace,11.99484944532488
2018,5,TB,rec,full,12.26786932906207
2018,5,TB,rush,base,12.0
2018,5,TB,rush,rate,12.005474452554745
2018,5,TB,rush,rate_pace,12.005474452554745
2018,5,TB,rush,full,11.470633255049083
2018,5,TB,pass,base,12.0
2018,5,TB,pass,rate,11.99252615844544
2018,5,TB,pass,rate_pace,11.74409498920615
2018,5,TB,pass,full,12.017367533809477
2018,5,CHI,rec,base,12.0
2018,5,CHI,rec,rate,12.016640253565768
2018,5,CHI,rec,rate_pace,12.016640253565768
2018,5,CHI,rec,full,11.858735726149652
2018,5,CHI,rush,base,12.0
2018,5,CHI,rush,rate,12.041970802919709
2018,5,CHI,rush,rate_pace,12.041970802919709
2018,5,CHI,rush,full,12.268105066063006
2018,5,CHI,pass,base,12.0
2018,5,CHI,pass,rate,12.00896860986547
2018,5,CHI,pass,rate_pace,12.441231028029613
2018,5,CHI,pass,full,12.282989769607005
2018,9,SF,rec,base,8.0
2018,9,SF,rec,rate,8.082025117739402
2018,9,SF,rec,rate_pace,8.082025117739402
2018,9,SF,rec,full,8.167087110028662
2018,9,SF,rush,base,8.0
2018,9,SF,rush,rate,8.037860576923077
2018,9,SF,rush,rate_pace,8.037860576923077
2018,9,SF,rush,full,7.832167873707132
2018,9,SF,pass,base,8.0
2018,9,SF,pass,rate,8.168148148148148
2018,9,SF,pass,rate_pace,8.069411455863506
2018,9,SF,pass,full,8.155890217310786
2018,9,LV,rec,base,9.0
2018,9,LV,rec,rate,8.973704866562008
2018,9,LV,rec,rate_pace,8.973704866562008
2018,9,LV,rec,full,9.179637561687466
2018,9,LV,rush,base,9.0
2018,9,LV,rush,rate,9.060096153846153
2018,9,LV,rush,rate_pace,9.060096153846153
2018,9,LV,rush,full,8.567600410677109
2018,9,LV,pass,base,9.0
2018,9,LV,pass,rate,8.963703703703704
2018,9,LV,pass,rate_pace,8.977686850998648
2018,9,LV,pass,full,9.18435369879377
2018,9,BAL,rec,base,8.0
2018,9,BAL,rec,rate,8.116169544740973
2018,9,BAL,rec,rate_pace,8.116169544740973
2018,9,BAL,rec,full,8.13852058725034
2018,9,BAL,rush,base,8.0
2018,9,BAL,rush,rate,8.123798076923077
2018,9,BAL,rush,rate_pace,8.123798076923077
2018,9,BAL,rush,full,8.136607857379744
2018,9,BAL,pass,base,8.0
2018,9,BAL,pass,rate,8.187407407407408
2018,9,BAL,pass,rate_pace,8.069455555120381
2018,9,BAL,pass,full,8.092290674033023
2018,9,PIT,rec,base,9.0
2018,9,PIT,rec,rate,9.012558869701726
2018,9,PIT,rec,rate_pace,9.012558869701726
2018,9,PIT,rec,full,9.221839901307177
2018,9,PIT,rush,base,9.0
2018,9,PIT,rush,rate,9.040865384615385
2018,9,PIT,rush,rate_pace,9.040865384615385
2018,9,PIT,rush,full,8.70563552325194
2018,9,PIT,pass,base,9.0
2018,9,PIT,pass,rate,9.034814814814816
2018,9,PIT,pass,rate_pace,8.841454915278467
2018,9,PIT,pass,full,9.052623072320749
2018,9,BUF,rec,base,8.0
2018,9,BUF,rec,rate,8.061224489795919
2018,9,BUF,rec,rate_pace,8.061224489795919
2018,9,BUF,rec,full,7.834142700495439
2018,9,BUF,rush,base,8.0
2018,9,BUF,rush,rate,8.052884615384615
2018,9,BUF,rush,rate_pace,8.052884615384615
2018,9,BUF,rush,full,8.221978913535933
2018,9,BUF,pass,base,8.0
2018,9,BUF,pass,rate,8.08074074074074
2018,9,BUF,pass,rate_pace,8.19679201306811
2018,9,BUF,pass,full,7.9690819257275685
2018,9,CHI,rec,base,9.0
2018,9,CHI,rec,rate,9.030219780219781
2018,9,CHI,rec,rate_pace,9.030219780219781
2018,9,CHI,rec,full,8.966674321899559
2018,9,CHI,rush,base,9.0
2018,9,CHI,rush,rate,9.044471153846155
2018,9,CHI,rush,rate_pace,9.044471153846155
2018,9,CHI,rush,full,9.168395384946523
2018,9,CHI,pass,base,9.0
2018,9,CHI,pass,rate,9.074074074074074
2018,9,CHI,pass,rate_pace,9.163790235612542
2018,9,CHI,pass,full,9.101104406265174
2018,9,CAR,rec,base,9.0
2018,9,CAR,rec,rate,9.16718995290424
2018,9,CAR,rec,rate_pace,9.16718995290424
2018,9,CAR,rec,full,9.362075713310466
2018,9,CAR,rush,base,9.0
2018,9,CAR,rush,rate,9.004807692307692
2018,9,CAR,rush,rate_pace,9.004807692307692
2018,9,CAR,rush,full,8.776651108077685
2018,9,CAR,pass,base,9.0
2018,9,CAR,pass,rate,9.31185185185185
2018,9,CAR,pass,rate_pace,9.564063491396494
2018,9,CAR,pass,full,9.763532020695497
2018,9,TB,rec,base,9.0
2018,9,TB,rec,rate,9.034144427001571
2018,9,TB,rec,rate_pace,9.034144427001571
2018,9,TB,rec,full,9.247988470715413
2018,9,TB,rush,base,9.0
2018,9,TB,rush,rate,8.947115384615385
2018,9,TB,rush,rate_pace,8.947115384615385
2018,9,TB,rush,full,8.544742229359905
2018,9,TB,pass,base,9.0
2018,9,TB,pass,rate,9.071111111111112
2018,9,TB,pass,rate_pace,8.821378954113976
2018,9,TB,pass,full,9.036784071604771
2018,9,CLE,rec,base,8.0
2018,9,CLE,rec,rate,8.032967032967031
2018,9,CLE,rec,rate_pace,8.032967032967031
2018,9,CLE,rec,full,8.107455245353135
2018,9,CLE,rush,base,8.0
2018,9,CLE,rush,rate,8.068509615384615
2018,9,CLE,rush,rate_pace,8.068509615384615
2018,9,CLE,rush,full,7.8214863767431275
2018,9,CLE,pass,base,8.0
2018,9,CLE,pass,rate,8.065925925925924
2018,9,CLE,pass,rate_pace,7.994006165150099
2018,9,CLE,pass,full,8.069450736221727
2018,9,KC,rec,base,8.0
2018,9,KC,rec,rate,7.987441130298273
2018,9,KC,rec,rate_pace,7.987441130298273
2018,9,KC,rec,full,8.170979826260442
2018,9,KC,rush,base,8.0
2018,9,KC,rush,rate,8.04326923076923
2018,9,KC,rush,rate_pace,8.04326923076923
2018,9,KC,rush,full,7.871081379660497
2018,9,KC,pass,base,8.0
2018,9,KC,pass,rate,7.996296296296297
2018,9,KC,pass,rate_pace,7.962365956012075
2018,9,KC,pass,full,8.146252375603387
2018,9,MIA,rec,base,8.0
2018,9,MIA,rec,rate,7.971742543171114
2018,9,MIA,rec,rate_pace,7.971742543171114
2018,9,MIA,rec,full,7.976119029093211
2018,9,MIA,rush,base,8.0
2018,9,MIA,rush,rate,7.9909855769230775
2018,9,MIA,rush,rate_pace,7.9909855769230775
2018,9,MIA,rush,full,7.960843748912435
2018,9,MIA,pass,base,8.0
2018,9,MIA,pass,rate,7.933333333333334
2018,9,MIA,pass,rate_pace,7.937146128223387
2018,9,MIA,pass,full,7.944984779196526
2018,9,NYJ,rec,base,8.0
2018,9,NYJ,rec,rate,8.013343799058084
2018,9,NYJ,rec,rate_pace,8.013343799058084
2018,9,NYJ,rec,full,7.976227852993317
2018,9,NYJ,rush,base,8.0
2018,9,NYJ,rush,rate,8.030048076923077
2018,9,NYJ,rush,rate_pace,8.030048076923077
2018,9,NYJ,rush,full,8.032844197747353
2018,9,NYJ,pass,base,8.0
2018,9,NYJ,pass,rate,8.02888888888889
2018,9,NYJ,pass,rate_pace,8.235871395695401
2018,9,NYJ,pass,full,8.201822193720627
2018,9,MIN,rec,base,8.0
2018,9,MIN,rec,rate,8.055337519623235
2018,9,MIN,rec,rate_pace,8.055337519623235
2018,9,MIN,rec,full,8.114134309398978
2018,9,MIN,rush,base,8.0
2018,9,MIN,rush,rate,8.040264423076923
2018,9,MIN,rush,rate_pace,8.040264423076923
2018,9,MIN,rush,full,7.959999420847925
2018,9,MIN,pass,base,8.0
2018,9,MIN,pass,rate,8.131851851851852
2018,9,MIN,pass,rate_pace,7.92273550403087
2018,9,MIN,pass,full,7.981875957888051
2018,9,DET,rec,base,9.0
2018,9,DET,rec,rate,8.97370486656201
2018,9,DET,rec,rate_pace,8.97370486656201
2018,9,DET,rec,full,9.058867739426235
2018,9,DET,rush,base,9.0
2018,9,DET,rush,rate,8.942908653846153
2018,9,DET,rush,rate_pace,8.942908653846153
2018,9,DET,rush,full,8.809632964459098
2018,9,DET,pass,base,9.0
2018,9,DET,pass,rate,9.003703703703705
2018,9,DET,pass,rate_pace,8.964810872032935
2018,9,DET,pass,full,9.052041141685105
2018,9,WAS,rec,base,9.0
2018,9,WAS,rec,rate,9.066718995290424
2018,9,WAS,rec,rate_pace,9.066718995290424
2018,9,WAS,rec,full,9.08037846269259
2018,9,WAS,rush,base,9.0
2018,9,WAS,rush,rate,8.978966346153847
2018,9,WAS,rush,rate_pace,8.978966346153847
2018,9,WAS,rush,full,8.970337390224147
2018,9,WAS,pass,base,9.0
2018,9,WAS,pass,rate,9.099259259259258
2018,9,WAS,pass,rate_pace,9.187659783296606
2018,9,WAS,pass,full,9.202185378766035
2018,9,ATL,rec,base,9.0
2018,9,ATL,rec,rate,9.025510204081632
2018,9,ATL,rec,rate_pace,9.025510204081632
2018,9,ATL,rec,full,9.212713499500794
2018,9,ATL,rush,base,9.0
2018,9,ATL,rush,rate,8.92908653846154
2018,9,ATL,rush,rate_pace,8.92908653846154
2018,9,ATL,rush,full,8.676687743807795
2018,9,ATL,pass,base,9.0
2018,9,ATL,pass,rate,9.078518518518518
2018,9,ATL,pass,rate_pace,9.127137899610124
2018,9,ATL,pass,full,9.317621564495933
2018,9,DEN,rec,base,8.0
2018,9,DEN,rec,rate,8.054160125588696
2018,9,DEN,rec,rate_pace,8.054160125588696
2018,9,DEN,rec,full,8.112353112277738
2018,9,DEN,rush,base,8.0
2018,9,DEN,rush,rate,8.058894230769232
2018,9,DEN,rush,rate_pace,8.058894230769232
2018,9,DEN,rush,full,7.949029655752
2018,9,DEN,pass,base,8.0
2018,9,DEN,pass,rate,8.085185185185184
2018,9,DEN,pass,rate_pace,8.052259952417081
2018,9,DEN,pass,full,8.11111936925096
2018,9,HOU,rec,base,8.0
2018,9,HOU,rec,rate,7.993720565149137
2018,9,HOU,rec,rate_pace,7.993720565149137
2018,9,HOU,rec,full,8.03100191528317
2018,9,HOU,rush,base,8.0
2018,9,HOU,rush,rate,7.986177884615384
2018,9,HOU,rush,rate_pace,7.986177884615384
2018,9,HOU,rush,full,7.964896526766059
2018,9,HOU,pass,base,8.0
2018,9,HOU,pass,rate,7.95925925925926
2018,9,HOU,pass,rate_pace,7.98051168416783
2018,9,HOU,pass,full,8.017949072135558
2018,9,SEA,rec,base,9.0
2018,9,SEA,rec,rate,8.998430141287283
2018,9,SEA,rec,rate_pace,8.998430141287283
2018,9,SEA,rec,full,9.021616697677848
2018,9,SEA,rush,base,9.0
2018,9,SEA,rush,rate,8.991586538461538
2018,9,SEA,rush,rate_pace,8.991586538461538
2018,9,SEA,rush,full,9.034073686014448
2018,9,SEA,pass,base,9.0
2018,9,SEA,pass,rate,9.024444444444443
2018,9,SEA,pass,rate_pace,9.231844995355464
2018,9,SEA,pass,full,9.256011210967456
2018,9,LAC,rec,base,9.0
2018,9,LAC,rec,rate,9.006279434850866
2018,9,LAC,rec,rate_pace,9.006279434850866
2018,9,LAC,rec,full,9.086646050097546
2018,9,LAC,rush,base,9.0
2018,9,LAC,rush,rate,9.041466346153845
2018,9,LAC,rush,rate_pace,9.041466346153845
2018,9,LAC,rush,full,8.997881128329196
2018,9,LAC,pass,base,9.0
2018,9,LAC,pass,rate,9.043703703703704
2018,9,LAC,pass,rate_pace,9.284614593927305
2018,9,LAC,pass,full,9.365856858112716
2018,9,NO,rec,base,9.0
2018,9,NO,rec,rate,9.090266875981161
2018,9,NO,rec,rate_pace,9.090266875981161
2018,9,NO,rec,full,9.434848425619798
2018,9,NO,rush,base,9.0
2018,9,NO,rush,rate,9.061298076923077
2018,9,NO,rush,rate_pace,9.061298076923077
2018,9,NO,rush,full,8.658023795848145
2018,9,NO,pass,base,9.0
2018,9,NO,pass,rate,9.174074074074072
2018,9,NO,pass,rate_pace,9.466927511320225
2018,9,NO,pass,full,9.81523561051267
2018,9,LA,rec,base,8.0
2018,9,LA,rec,rate,8.01216640502355
2018,9,LA,rec,rate_pace,8.01216640502355
2018,9,LA,rec,full,8.160553484157726
2018,9,LA,rush,base,8.0
2018,9,LA,rush,rate,7.97295673076923
2018,9,LA,rush,rate_pace,7.97295673076923
2018,9,LA,rush,full,7.842719376376807
2018,9,LA,pass,base,8.0
2018,9,LA,pass,rate,8.037777777777778
2018,9,LA,pass,rate_pace,8.184169708311718
2018,9,LA,pass,full,8.334816831232693
2018,9,NE,rec,base,8.0
2018,9,NE,rec,rate,8.050627943485086
2018,9,NE,rec,rate_pace,8.050627943485086
2018,9,NE,rec,full,8.118960894655824
2018,9,NE,rush,base,8.0
2018,9,NE,rush,rate,7.977764423076923
2018,9,NE,rush,rate_pace,7.977764423076923
2018,9,NE,rush,full,8.012448456440424
2018,9,NE,pass,base,8.0
2018,9,NE,pass,rate,8.081481481481482
2018,9,NE,pass,rate_pace,8.019689772471622
2018,9,NE,pass,full,8.09087265474825
2018,9,GB,rec,base,9.0
2018,9,GB,rec,rate,9.019623233908948
2018,9,GB,rec,rate_pace,9.019623233908948
2018,9,GB,rec,full,9.148742151690671
2018,9,GB,rush,base,9.0
2018,9,GB,rush,rate,9.009014423076923
2018,9,GB,rush,rate_pace,9.009014423076923
2018,9,GB,rush,full,8.79507287660812
2018,9,GB,pass,base,9.0
2018,9,GB,pass,rate,9.041481481481481
2018,9,GB,pass,rate_pace,8.84591470325742
2018,9,GB,pass,full,8.975382525240748
2018,9,DAL,rec,base,9.0
2018,9,DAL,rec,rate,9.104395604395604
2018,9,DAL,rec,rate_pace,9.104395604395604
2018,9,DAL,rec,full,9.119073523094373
2018,9,DAL,rush,base,9.0
2018,9,DAL,rush,rate,9.00420673076923
2018,9,DAL,rush,rate_pace,9.00420673076923
2018,9,DAL,rush,full,9.008125850306078
2018,9,DAL,pass,base,9.0
2018,9,DAL,pass,rate,9.172592592592592
2018,9,DAL,pass,rate_pace,9.52363670851992
2018,9,DAL,pass,full,9.53998828136842
2018,9,TEN,rec,base,9.0
2018,9,TEN,rec,rate,9.028257456828884
2018,9,TEN,rec,rate_pace,9.028257456828884
2018,9,TEN,rec,full,8.958834058046614
2018,9,TEN,rush,base,9.0
2018,9,TEN,rush,rate,8.9609375
2018,9,TEN,rush,rate_pace,8.9609375
2018,9,TEN,rush,full,9.054444849015649
2018,9,TEN,pass,base,9.0
2018,9,TEN,pass,rate,9.036296296296298
2018,9,TEN,pass,rate_pace,9.172649942903966
2018,9,TEN,pass,full,9.103704006834052
2018,9,CIN,rec,base,8.0
2018,9,CIN,rec,rate,8.039638932496075
2018,9,CIN,rec,rate_pace,8.039638932496075
2018,9,CIN,rec,full,8.177670651704243
2018,9,CIN,rush,base,8.0
2018,9,CIN,rush,rate,7.9969951923076925
2018,9,CIN,rush,rate_pace,7.9969951923076925
2018,9,CIN,rush,full,7.763871236488912
2018,9,CIN,pass,base,8.0
2018,9,CIN,pass,rate,8.074074074074074
2018,9,CIN,pass,rate_pace,8.190728671816684
2018,9,CIN,pass,full,8.331108331746035
2018,9,IND,rec,base,8.0
2018,9,IND,rec,rate,8.018445839874412
2018,9,IND,rec,rate_pace,8.018445839874412
2018,9,IND,rec,full,8.103032705225942
2018,9,IND,rush,base,8.0
2018,9,IND,rush,rate,7.943509615384616
2018,9,IND,rush,rate_pace,7.943509615384616
2018,9,IND,rush,full,7.8318555267042615
2018,9,IND,pass,base,8.0
2018,9,IND,pass,rate,8.027407407407408
2018,9,IND,pass,rate_pace,7.928851739424095
2018,9,IND,pass,full,8.014403929715955
2018,9,JAX,rec,base,8.0
2018,9,JAX,rec,rate,8.050627943485086
2018,9,JAX,rec,rate_pace,8.050627943485086
2018,9,JAX,rec,full,8.009302520672101
2018,9,JAX,rush,base,8.0
2018,9,JAX,rush,rate,7.992788461538461
2018,9,JAX,rush,rate_pace,7.992788461538461
2018,9,JAX,rush,full,8.053223947258243
2018,9,JAX,pass,base,8.0
2018,9,JAX,pass,rate,8.097037037037037
2018,9,JAX,pass,rate_pace,7.942625320787076
2018,9,JAX,pass,full,7.90276092382316
2018,9,ARI,rec,base,8.0
2018,9,ARI,rec,rate,8.056122448979593
2018,9,ARI,rec,rate_pace,8.056122448979593
2018,9,ARI,rec,full,8.121904050262115
2018,9,ARI,rush,base,8.0
2018,9,ARI,rush,rate,8.125600961538462
2018,9,ARI,rush,rate_pace,8.125600961538462
2018,9,ARI,rush,full,7.8471088053053375
2018,9,ARI,pass,base,8.0
2018,9,ARI,pass,rate,8.124444444444444
2018,9,ARI,pass,rate_pace,8.181641911942075
2018,9,ARI,pass,full,8.247950858044973
2018,9,PHI,rec,base,8.0
2018,9,PHI,rec,rate,8.010596546310833
2018,9,PHI,rec,rate_pace,8.010596546310833
2018,9,PHI,rec,full,8.015148723447883
2018,9,PHI,rush,base,8.0
2018,9,PHI,rush,rate,7.984374999999998
2018,9,PHI,rush,rate_pace,7.984374999999998
2018,9,PHI,rush,full,8.02283678085963
2018,9,PHI,pass,base,8.0
2018,9,PHI,pass,rate,8.040740740740741
2018,9,PHI,pass,rate_pace,7.823208295357862
2018,9,PHI,pass,full,7.828900042520059
2018,9,NYG,rec,base,8.0
2018,9,NYG,rec,rate,8.034536891679748
2018,9,NYG,rec,rate_pace,8.034536891679748
2018,9,NYG,rec,full,8.062420794195269
2018,9,NYG,rush,base,8.0
2018,9,NYG,rush,rate,7.939903846153847
2018,9,NYG,rush,rate_pace,7.939903846153847
2018,9,NYG,rush,full,7.794267640257752
2018,9,NYG,pass,base,8.0
2018,9,NYG,pass,rate,8.051111111111112
2018,9,NYG,pass,rate_pace,7.859432109338169
2018,9,NYG,pass,full,7.8883208278732715
2018,13,DAL,rec,base,5.0
2018,13,DAL,rec,rate,5.116614664586583
2018,13,DAL,rec,rate_pace,5.116614664586583
2018,13,DAL,rec,full,5.187979593349824
2018,13,DAL,rush,base,5.0
2018,13,DAL,rush,rate,5.0065320665083135
2018,13,DAL,rush,rate_pace,5.0065320665083135
2018,13,DAL,rush,full,4.935357380303916
2018,13,DAL,pass,base,5.0
2018,13,DAL,pass,rate,5.213235294117647
2018,13,DAL,pass,rate_pace,5.348149320567855
2018,13,DAL,pass,full,5.42173570645004
2018,13,NO,rec,base,5.0
2018,13,NO,rec,rate,5.076443057722309
2018,13,NO,rec,rate_pace,5.076443057722309
2018,13,NO,rec,full,5.279195721540464
2018,13,NO,rush,base,5.0
2018,13,NO,rush,rate,4.989311163895486
2018,13,NO,rush,rate_pace,4.989311163895486
2018,13,NO,rush,full,4.811198990411194
2018,13,NO,pass,base,5.0
2018,13,NO,pass,rate,5.153676470588236
2018,13,NO,pass,rate_pace,5.303323946124221
2018,13,NO,pass,full,5.50906199313148
2018,13,ATL,rec,base,5.0
2018,13,ATL,rec,rate,5.023790951638066
2018,13,ATL,rec,rate_pace,5.023790951638066
2018,13,ATL,rec,full,5.108370619950932
2018,13,ATL,rush,base,5.0
2018,13,ATL,rush,rate,5.007719714964371
2018,13,ATL,rush,rate_pace,5.007719714964371
2018,13,ATL,rush,full,4.879753893976292
2018,13,ATL,pass,base,5.0
2018,13,ATL,pass,rate,5.077205882352942
2018,13,ATL,pass,rate_pace,4.965152616067403
2018,13,ATL,pass,full,5.051702843499712
2018,13,BAL,rec,base,5.0
2018,13,BAL,rec,rate,5.067082683307332
2018,13,BAL,rec,rate_pace,5.067082683307332
2018,13,BAL,rec,full,5.108574738052602
2018,13,BAL,rush,base,5.0
2018,13,BAL,rush,rate,5.121140142517815
2018,13,BAL,rush,rate_pace,5.121140142517815
2018,13,BAL,rush,full,5.059307913199222
2018,13,BAL,pass,base,5.0
2018,13,BAL,pass,rate,5.113235294117647
2018,13,BAL,pass,rate_pace,5.056567920949919
2018,13,BAL,pass,full,5.098748351255214
2018,13,CIN,rec,base,5.0
2018,13,CIN,rec,rate,5.028861154446178
2018,13,CIN,rec,rate_pace,5.028861154446178
2018,13,CIN,rec,full,5.126981755345724
2018,13,CIN,rush,base,5.0
2018,13,CIN,rush,rate,5.074821852731591
2018,13,CIN,rush,rate_pace,5.074821852731591
2018,13,CIN,rush,full,4.8382328366791265
2018,13,CIN,pass,base,5.0
2018,13,CIN,pass,rate,5.057352941176472
2018,13,CIN,pass,rate_pace,5.00711899255083
2018,13,CIN,pass,full,5.105416353449139
2018,13,DEN,rec,base,5.0
2018,13,DEN,rec,rate,5.052262090483619
2018,13,DEN,rec,rate_pace,5.052262090483619
2018,13,DEN,rec,full,5.033955742140642
2018,13,DEN,rush,base,5.0
2018,13,DEN,rush,rate,5.0605700712589075
2018,13,DEN,rush,rate_pace,5.0605700712589075
2018,13,DEN,rush,full,5.1080123045774934
2018,13,DEN,pass,base,5.0
2018,13,DEN,pass,rate,5.08014705882353
2018,13,DEN,pass,rate_pace,5.054186393429825
2018,13,DEN,pass,full,5.035629968198478
2018,13,DET,rec,base,5.0
2018,13,DET,rec,rate,4.940717628705149
2018,13,DET,rec,rate_pace,4.940717628705149
2018,13,DET,rec,full,4.9966537088940175
2018,13,DET,rush,base,5.0
2018,13,DET,rush,rate,5.023752969121141
2018,13,DET,rush,rate_pace,5.023752969121141
2018,13,DET,rush,full,4.904027510103704
2018,13,DET,pass,base,5.0
2018,13,DET,pass,rate,4.938970588235295
2018,13,DET,pass,rate_pace,4.851266221353212
2018,13,DET,pass,full,4.9086466673171065
2018,13,LA,rec,base,5.0
2018,13,LA,rec,rate,4.9816692667706715
2018,13,LA,rec,rate_pace,4.9816692667706715
2018,13,LA,rec,full,5.087988827798031
2018,13,LA,rush,base,5.0
2018,13,LA,rush,rate,4.9821852731591445
2018,13,LA,rush,rate_pace,4.9821852731591445
2018,13,LA,rush,full,4.902785480249868
2018,13,LA,pass,base,5.0
2018,13,LA,pass,rate,4.9875
2018,13,LA,pass,rate_pace,5.0428983450333185
2018,13,LA,pass,full,5.1499790714731954
2018,13,GB,rec,base,5.0
2018,13,GB,rec,rate,5.0066302652106085
2018,13,GB,rec,rate_pace,5.0066302652106085
2018,13,GB,rec,full,5.030095272458109
2018,13,GB,rush,base,5.0
2018,13,GB,rush,rate,5.014845605700712
2018,13,GB,rush,rate_pace,5.014845605700712
2018,13,GB,rush,full,5.0084878372693415
2018,13,GB,pass,base,5.0
2018,13,GB,pass,rate,5.0249999999999995
2018,13,GB,pass,rate_pace,4.893108018253882
2018,13,GB,pass,full,4.917047578829029
2018,13,ARI,rec,base,5.0
2018,13,ARI,rec,rate,5.048751950078003
2018,13,ARI,rec,rate_pace,5.048751950078003
2018,13,ARI,rec,full,5.097019173034348
2018,13,ARI,rush,base,5.0
2018,13,ARI,rush,rate,5.113420427553444
2018,13,ARI,rush,rate_pace,5.113420427553444
2018,13,ARI,rush,full,4.919259483303848
2018,13,ARI,pass,base,5.0
2018,13,ARI,pass,rate,5.126470588235294
2018,13,ARI,pass,rate_pace,5.206446803192889
2018,13,ARI,pass,full,5.255649856612805
2018,13,HOU,rec,base,5.0
2018,13,HOU,rec,rate,5.043681747269892
2018,13,HOU,rec,rate_pace,5.043681747269892
2018,13,HOU,rec,full,5.0661423480637815
2018,13,HOU,rush,base,5.0
2018,13,HOU,rush,rate,5.007125890736342
2018,13,HOU,rush,rate_pace,5.007125890736342
2018,13,HOU,rush,full,5.019145976280676
2018,13,HOU,pass,base,5.0
2018,13,HOU,pass,rate,5.043382352941177
2018,13,HOU,pass,rate_pace,5.119035263290459
2018,13,HOU,pass,full,5.1421574758903885
2018,13,CLE,rec,base,5.0
2018,13,CLE,rec,rate,5.024960998439937
2018,13,CLE,rec,rate_pace,5.024960998439937
2018,13,CLE,rec,full,5.069356371285133
2018,13,CLE,rush,base,5.0
2018,13,CLE,rush,rate,4.994061757719715
2018,13,CLE,rush,rate_pace,4.994061757719715
2018,13,CLE,rush,full,4.883925027689459
2018,13,CLE,pass,base,5.0
2018,13,CLE,pass,rate,5.052205882352942
2018,13,CLE,pass,rate_pace,5.032969146139188
2018,13,CLE,pass,full,5.078320548975768
2018,13,JAX,rec,base,5.0
2018,13,JAX,rec,rate,5.028471138845553
2018,13,JAX,rec,rate_pace,5.028471138845553
2018,13,JAX,rec,full,4.984580619987064
2018,13,JAX,rush,base,5.0
2018,13,JAX,rush,rate,5.00771971496437
2018,13,JAX,rush,rate_pace,5.00771971496437
2018,13,JAX,rush,full,5.0389029168733686
2018,13,JAX,pass,base,5.0
2018,13,JAX,pass,rate,5.0625
2018,13,JAX,pass,rate_pace,4.972771421974491
2018,13,JAX,pass,full,4.928855937740276
2018,13,IND,rec,base,5.0
2018,13,IND,rec,rate,5.007020280811233
2018,13,IND,rec,rate_pace,5.007020280811233
2018,13,IND,rec,full,5.065729683727776
2018,13,IND,rush,base,5.0
2018,13,IND,rush,rate,4.939429928741093
2018,13,IND,rush,rate_pace,4.939429928741093
2018,13,IND,rush,full,4.874770616441611
2018,13,IND,pass,base,5.0
2018,13,IND,pass,rate,5.011029411764705
2018,13,IND,pass,rate_pace,4.958503110997831
2018,13,IND,pass,full,5.017684574272749
2018,13,MIA,rec,base,5.0
2018,13,MIA,rec,rate,4.914196567862715
2018,13,MIA,rec,rate_pace,4.914196567862715
2018,13,MIA,rec,full,4.88178367021693
2018,13,MIA,rush,base,5.0
2018,13,MIA,rush,rate,4.982779097387173
2018,13,MIA,rush,rate_pace,4.982779097387173
2018,13,MIA,rush,full,5.023476184511959
2018,13,MIA,pass,base,5.0
2018,13,MIA,pass,rate,4.824264705882353
2018,13,MIA,pass,rate_pace,4.877306208123733
2018,13,MIA,pass,full,4.846899980026903
2018,13,BUF,rec,base,5.0
2018,13,BUF,rec,rate,5.077613104524181
2018,13,BUF,rec,rate_pace,5.077613104524181
2018,13,BUF,rec,full,5.0107523342086715
2018,13,BUF,rush,base,5.0
2018,13,BUF,rush,rate,5.055819477434679
2018,13,BUF,rush,rate_pace,5.055819477434679
2018,13,BUF,rush,full,5.104294661985291
2018,13,BUF,pass,base,5.0
2018,13,BUF,pass,rate,5.13235294117647
2018,13,BUF,pass,rate_pace,5.183329681707281
2018,13,BUF,pass,full,5.115717337718286
2018,13,NYG,rec,base,5.0
2018,13,NYG,rec,rate,4.979329173166926
2018,13,NYG,rec,rate_pace,4.979329173166926
2018,13,NYG,rec,full,5.0026632573352785
2018,13,NYG,rush,base,5.0
2018,13,NYG,rush,rate,4.941805225653207
2018,13,NYG,rush,rate_pace,4.941805225653207
2018,13,NYG,rush,full,4.845471448024892
2018,13,NYG,pass,base,5.0
2018,13,NYG,pass,rate,4.969117647058823
2018,13,NYG,pass,rate_pace,4.8850029576792
2018,13,NYG,pass,full,4.9090158534259505
2018,13,CHI,rec,base,5.0
2018,13,CHI,rec,rate,5.0081903276131055
2018,13,CHI,rec,rate_pace,5.0081903276131055
2018,13,CHI,rec,full,4.9986861763356405
2018,13,CHI,rush,base,5.0
2018,13,CHI,rush,rate,4.9958432304038
2018,13,CHI,rush,rate_pace,4.9958432304038
2018,13,CHI,rush,full,5.024177395816827
2018,13,CHI,pass,base,5.0
2018,13,CHI,pass,rate,5.044852941176471
2018,13,CHI,pass,rate_pace,5.09889772339459
2018,13,CHI,pass,full,5.089613102580022
2018,13,TB,rec,base,5.0
2018,13,TB,rec,rate,5.035101404056162
2018,13,TB,rec,rate_pace,5.035101404056162
2018,13,TB,rec,full,5.180095605695474
2018,13,TB,rush,base,5.0
2018,13,TB,rush,rate,4.9299287410926365
2018,13,TB,rush,rate_pace,4.9299287410926365
2018,13,TB,rush,full,4.620281554537667
2018,13,TB,pass,base,5.0
2018,13,TB,pass,rate,5.070588235294117
2018,13,TB,pass,rate_pace,4.904479714547828
2018,13,TB,pass,full,5.051715178887751
2018,13,CAR,rec,base,5.0
2018,13,CAR,rec,rate,5.120904836193448
2018,13,CAR,rec,rate_pace,5.120904836193448
2018,13,CAR,rec,full,5.301115173641285
2018,13,CAR,rush,base,5.0
2018,13,CAR,rush,rate,5.005344418052257
2018,13,CAR,rush,rate_pace,5.005344418052257
2018,13,CAR,rush,full,4.7533435178489984
2018,13,CAR,pass,base,5.0
2018,13,CAR,pass,rate,5.223529411764706
2018,13,CAR,pass,rate_pace,5.370156549879614
2018,13,CAR,pass,full,5.554969035622692
2018,13,LV,rec,base,5.0
2018,13,LV,rec,rate,5.029251170046802
2018,13,LV,rec,rate_pace,5.029251170046802
2018,13,LV,rec,full,5.193063170546978
2018,13,LV,rush,base,5.0
2018,13,LV,rush,rate,5.116389548693586
2018,13,LV,rush,rate_pace,5.116389548693586
2018,13,LV,rush,full,4.748188685496315
2018,13,LV,pass,base,5.0
2018,13,LV,pass,rate,5.061764705882353
2018,13,LV,pass,rate_pace,5.1788772198118425
2018,13,LV,pass,full,5.343555276153694
2018,13,KC,rec,base,5.0
2018,13,KC,rec,rate,5.023400936037442
2018,13,KC,rec,rate_pace,5.023400936037442
2018,13,KC,rec,full,5.1698416409570935
2018,13,KC,rush,base,5.0
2018,13,KC,rush,rate,5.0866983372921615
2018,13,KC,rush,rate_pace,5.0866983372921615
2018,13,KC,rush,full,4.937567925394834
2018,13,KC,pass,base,5.0
2018,13,KC,pass,rate,5.041176470588236
2018,13,KC,pass,rate_pace,4.9452678518224715
2018,13,KC,pass,full,5.091850766894911
2018,13,TEN,rec,base,5.0
2018,13,TEN,rec,rate,5.0257410296411855
2018,13,TEN,rec,rate_pace,5.0257410296411855
2018,13,TEN,rec,full,4.946839447919943
2018,13,TEN,rush,base,5.0
2018,13,TEN,rush,rate,4.99228028503563
2018,13,TEN,rush,rate_pace,4.99228028503563
2018,13,TEN,rush,full,5.131759112265205
2018,13,TEN,pass,base,5.0
2018,13,TEN,pass,rate,5.0301470588235295
2018,13,TEN,pass,rate_pace,5.110120760401264
2018,13,TEN,pass,full,5.031818664402677
2018,13,NYJ,rec,base,5.0
2018,13,NYJ,rec,rate,4.982839313572543
2018,13,NYJ,rec,rate_pace,4.982839313572543
2018,13,NYJ,rec,full,5.017928888472747
2018,13,NYJ,rush,base,5.0
2018,13,NYJ,rush,rate,5.0065320665083135
2018,13,NYJ,rush,rate_pace,5.0065320665083135
2018,13,NYJ,rush,full,4.896983785149076
2018,13,NYJ,pass,base,5.0
2018,13,NYJ,pass,rate,4.981617647058823
2018,13,NYJ,pass,rate_pace,5.0452234225154315
2018,13,NYJ,pass,full,5.0817023101426315
2018,13,NE,rec,base,5.0
2018,13,NE,rec,rate,4.970748829953198
2018,13,NE,rec,rate_pace,4.970748829953198
2018,13,NE,rec,full,5.00267770489216
2018,13,NE,rush,base,5.0
2018,13,NE,rush,rate,5.027315914489311
2018,13,NE,rush,rate_pace,5.027315914489311
2018,13,NE,rush,full,5.05112800422652
2018,13,NE,pass,base,5.0
2018,13,NE,pass,rate,4.936029411764706
2018,13,NE,pass,rate_pace,4.860682644738341
2018,13,NE,pass,full,4.893097248988643
2018,13,MIN,rec,base,5.0
2018,13,MIN,rec,rate,5.016380655226209
2018,13,MIN,rec,rate_pace,5.016380655226209
2018,13,MIN,rec,full,5.0344139835289
2018,13,MIN,rush,base,5.0
2018,13,MIN,rush,rate,5.0475059382422796
2018,13,MIN,rush,rate_pace,5.0475059382422796
2018,13,MIN,rush,full,5.029069066146953
2018,13,MIN,pass,base,5.0
2018,13,MIN,pass,rate,5.033088235294118
2018,13,MIN,pass,rate_pace,4.918544926126132
2018,13,MIN,pass,full,4.936862220937043
2018,13,SEA,rec,base,5.0
2018,13,SEA,rec,rate,4.964508580343214
2018,13,SEA,rec,rate_pace,4.964508580343214
2018,13,SEA,rec,full,4.975757958607591
2018,13,SEA,rush,base,5.0
2018,13,SEA,rush,rate,4.954869358669834
2018,13,SEA,rush,rate_pace,4.954869358669834
2018,13,SEA,rush,full,4.9960601790039405
2018,13,SEA,pass,base,5.0
2018,13,SEA,pass,rate,4.951470588235294
2018,13,SEA,pass,rate_pace,5.176560578223677
2018,13,SEA,pass,full,5.188033253247518
2018,13,SF,rec,base,5.0
2018,13,SF,rec,rate,4.984399375975039
2018,13,SF,rec,rate_pace,4.984399375975039
2018,13,SF,rec,full,5.045893247356053
2018,13,SF,rush,base,5.0
2018,13,SF,rush,rate,5.090261282660332
2018,13,SF,rush,rate_pace,5.090261282660332
2018,13,SF,rush,full,4.942992709797847
2018,13,SF,pass,base,5.0
2018,13,SF,pass,rate,4.983823529411765
2018,13,SF,pass,rate_pace,5.030858962630454
2018,13,SF,pass,full,5.09305452426193
2018,13,PIT,rec,base,5.0
2018,13,PIT,rec,rate,5.076053042121686
2018,13,PIT,rec,rate_pace,5.076053042121686
2018,13,PIT,rec,full,5.2058562225664
2018,13,PIT,rush,base,5.0
2018,13,PIT,rush,rate,5.0457244655581945
2018,13,PIT,rush,rate_pace,5.0457244655581945
2018,13,PIT,rush,full,4.836710124285552
2018,13,PIT,pass,base,5.0
2018,13,PIT,pass,rate,5.141911764705883
2018,13,PIT,pass,rate_pace,4.953112976354299
2018,13,PIT,pass,full,5.084935060622064
2018,13,LAC,rec,base,5.0
2018,13,LAC,rec,rate,4.99414976599064
2018,13,LAC,rec,rate_pace,4.99414976599064
2018,13,LAC,rec,full,5.063569391933044
2018,13,LAC,rush,base,5.0
2018,13,LAC,rush,rate,5.0700712589073635
2018,13,LAC,rush,rate_pace,5.0700712589073635
2018,13,LAC,rush,full,5.007056830902104
2018,13,LAC,pass,base,5.0
2018,13,LAC,pass,rate,4.991911764705883
2018,13,LAC,pass,rate_pace,5.171906000377584
2018,13,LAC,pass,full,5.2417090479893576
2018,13,PHI,rec,base,5.0
2018,13,PHI,rec,rate,4.970358814352574
2018,13,PHI,rec,rate_pace,4.970358814352574
2018,13,PHI,rec,full,4.989731024735296
2018,13,PHI,rush,base,5.0
2018,13,PHI,rush,rate,5.0213776722090255
2018,13,PHI,rush,rate_pace,5.0213776722090255
2018,13,PHI,rush,full,4.990528209973433
2018,13,PHI,pass,base,5.0
2018,13,PHI,pass,rate,4.980882352941177
2018,13,PHI,pass,rate_pace,4.929417894734191
2018,13,PHI,pass,full,4.949731827197088
2018,13,WAS,rec,base,5.0
2018,13,WAS,rec,rate,5.0331513260530425
2018,13,WAS,rec,rate_pace,5.0331513260530425
2018,13,WAS,rec,full,4.95759495976439
2018,13,WAS,rush,base,5.0
2018,13,WAS,rush,rate,5.035035629453682
2018,13,WAS,rush,rate_pace,5.035035629453682
2018,13,WAS,rush,full,5.1358151978169175
2018,13,WAS,pass,base,5.0
2018,13,WAS,pass,rate,5.041911764705883
2018,13,WAS,pass,rate_pace,5.0995831602113135
2018,13,WAS,pass,full,5.023855058672688
2019,1,CHI,rec,base,16.0
2019,1,CHI,rec,rate,16.052854938271604
2019,1,CHI,rec,rate_pace,16.052854938271604
2019,1,CHI,rec,full,16.056874424050978
2019,1,CHI,rush,base,16.0
2019,1,CHI,rush,rate,15.955113636363636
2019,1,CHI,rush,rate_pace,15.955113636363636
2019,1,CHI,rush,full,16.028932080654485
2019,1,CHI,pass,base,16.0
2019,1,CHI,pass,rate,16.177068214804063
2019,1,CHI,pass,rate_pace,16.26791706897289
2019,1,CHI,pass,full,16.271510326296703
2019,1,GB,rec,base,16.0
2019,1,GB,rec,rate,15.959876543209877
2019,1,GB,rec,rate_pace,15.959876543209877
2019,1,GB,rec,full,16.264218637310194
2019,1,GB,rush,base,16.0
2019,1,GB,rush,rate,15.901704545454544
2019,1,GB,rush,rate_pace,15.901704545454544
2019,1,GB,rush,full,15.22780638374366
2019,1,GB,pass,base,16.0
2019,1,GB,pass,rate,15.969521044992744
2019,1,GB,pass,rate_pace,15.31827330441335
2019,1,GB,pass,full,15.623251649367004
2019,1,CAR,rec,base,16.0
2019,1,CAR,rec,rate,16.076003086419753
2019,1,CAR,rec,rate_pace,16.076003086419753
2019,1,CAR,rec,full,16.339251057100025
2019,1,CAR,rush,base,16.0
2019,1,CAR,rush,rate,15.984090909090911
2019,1,CAR,rush,rate_pace,15.984090909090911
2019,1,CAR,rush,full,15.580904944723592
2019,1,CAR,pass,base,16.0
2019,1,CAR,pass,rate,16.145863570391874
2019,1,CAR,pass,rate_pace,16.087408925347834
2019,1,CAR,pass,full,16.3535428370716
2019,1,LA,rec,base,16.0
2019,1,LA,rec,rate,15.96527777777778
2019,1,LA,rec,rate_pace,15.96527777777778
2019,1,LA,rec,full,16.300297206233346
2019,1,LA,rush,base,16.0
2019,1,LA,rush,rate,15.999431818181815
2019,1,LA,rush,rate_pace,15.999431818181815
2019,1,LA,rush,full,15.60780023151179
2019,1,LA,pass,base,16.0
2019,1,LA,pass,rate,15.928882438316398
2019,1,LA,pass,rate_pace,15.87714568954991
2019,1,LA,pass,full,16.21366673284081
2019,1,CLE,rec,base,16.0
2019,1,CLE,rec,rate,15.935185185185187
2019,1,CLE,rec,rate_pace,15.935185185185187
2019,1,CLE,rec,full,16.105011123753105
2019,1,CLE,rush,base,16.0
2019,1,CLE,rush,rate,16.032954545454547
2019,1,CLE,rush,rate_pace,16.032954545454547
2019,1,CLE,rush,full,15.742557086664554
2019,1,CLE,pass,base,16.0
2019,1,CLE,pass,rate,15.857764876632798
2019,1,CLE,pass,rate_pace,15.71350777090417
2019,1,CLE,pass,full,15.884435387257126
2019,1,TEN,rec,base,16.0
2019,1,TEN,rec,rate,16.020061728395063
2019,1,TEN,rec,rate_pace,16.020061728395063
2019,1,TEN,rec,full,16.044771847815113
2019,1,TEN,rush,base,16.0
2019,1,TEN,rush,rate,15.922727272727276
2019,1,TEN,rush,rate_pace,15.922727272727276
2019,1,TEN,rush,full,15.900426884316092
2019,1,TEN,pass,base,16.0
2019,1,TEN,pass,rate,15.997822931785196
2019,1,TEN,pass,rate_pace,16.774115363798476
2019,1,TEN,pass,full,16.80177020014639
2019,1,JAX,rec,base,16.0
2019,1,JAX,rec,rate,16.113425925925927
2019,1,JAX,rec,rate_pace,16.113425925925927
2019,1,JAX,rec,full,16.094603973717987
2019,1,JAX,rush,base,16.0
2019,1,JAX,rush,rate,15.950568181818182
2019,1,JAX,rush,rate_pace,15.950568181818182
2019,1,JAX,rush,full,15.912677430923242
2019,1,JAX,pass,base,16.0
2019,1,JAX,pass,rate,16.18214804063861
2019,1,JAX,pass,rate_pace,16.04776513489074
2019,1,JAX,pass,full,16.029617698405094
2019,1,KC,rec,base,16.0
2019,1,KC,rec,rate,15.95138888888889
2019,1,KC,rec,rate_pace,15.95138888888889
2019,1,KC,rec,full,16.48949545252775
2019,1,KC,rush,base,16.0
2019,1,KC,rush,rate,15.870454545454544
2019,1,KC,rush,rate_pace,15.870454545454544
2019,1,KC,rush,full,15.112495503641258
2019,1,KC,pass,base,16.0
2019,1,KC,pass,rate,15.915820029027579
2019,1,KC,pass,rate_pace,15.620354111061602
2019,1,KC,pass,full,16.158040888576352
2019,1,MIA,rec,base,16.0
2019,1,MIA,rec,rate,15.897762345679013
2019,1,MIA,rec,rate_pace,15.897762345679013
2019,1,MIA,rec,full,16.27210890578379
2019,1,MIA,rush,base,16.0
2019,1,MIA,rush,rate,15.975568181818183
2019,1,MIA,rush,rate_pace,15.975568181818183
2019,1,MIA,rush,full,15.348153738397338
2019,1,MIA,pass,base,16.0
2019,1,MIA,pass,rate,15.76923076923077
2019,1,MIA,pass,rate_pace,16.650490243626475
2019,1,MIA,pass,full,17.023762729851047
2019,1,BAL,rec,base,16.0
2019,1,BAL,rec,rate,16.00617283950617
2019,1,BAL,rec,rate_pace,16.00617283950617
2019,1,BAL,rec,full,16.031919725006468
2019,1,BAL,rush,base,16.0
2019,1,BAL,rush,rate,16.13409090909091
2019,1,BAL,rush,rate_pace,16.13409090909091
2019,1,BAL,rush,full,16.109162070412523
2019,1,BAL,pass,base,16.0
2019,1,BAL,pass,rate,15.981132075471697
2019,1,BAL,pass,rate_pace,16.131363728692943
2019,1,BAL,pass,full,16.157816308855008
2019,1,MIN,rec,base,16.0
2019,1,MIN,rec,rate,16.026620370370374
2019,1,MIN,rec,rate_pace,16.026620370370374
2019,1,MIN,rec,full,16.139326058177716
2019,1,MIN,rush,base,16.0
2019,1,MIN,rush,rate,15.98125
2019,1,MIN,rush,rate_pace,15.98125
2019,1,MIN,rush,full,15.777807169456151
2019,1,MIN,pass,base,16.0
2019,1,MIN,pass,rate,16.084179970972425
2019,1,MIN,pass,rate_pace,15.808925652432098
2019,1,MIN,pass,full,15.922132980618366
2019,1,ATL,rec,base,16.0
2019,1,ATL,rec,rate,16.049382716049383
2019,1,ATL,rec,rate_pace,16.049382716049383
2019,1,ATL,rec,full,16.473748335024933
2019,1,ATL,rush,base,16.0
2019,1,ATL,rush,rate,15.959659090909092
2019,1,ATL,rush,rate_pace,15.959659090909092
2019,1,ATL,rush,full,15.187180848227806
2019,1,ATL,pass,base,16.0
2019,1,ATL,pass,rate,16.106676342525397
2019,1,ATL,pass,rate_pace,15.717506117992198
2019,1,ATL,pass,full,16.144879556955633
2019,1,NYJ,rec,base,16.0
2019,1,NYJ,rec,rate,16.010416666666668
2019,1,NYJ,rec,rate_pace,16.010416666666668
2019,1,NYJ,rec,full,16.24900430710234
2019,1,NYJ,rush,base,16.0
2019,1,NYJ,rush,rate,16.032954545454544
2019,1,NYJ,rush,rate_pace,16.032954545454544
2019,1,NYJ,rush,full,15.547398218534063
2019,1,NYJ,pass,base,16.0
2019,1,NYJ,pass,rate,15.936865021770682
2019,1,NYJ,pass,rate_pace,16.13303829278851
2019,1,NYJ,pass,full,16.37250034787476
2019,1,BUF,rec,base,16.0
2019,1,BUF,rec,rate,16.065586419753085
2019,1,BUF,rec,rate_pace,16.065586419753085
2019,1,BUF,rec,full,16.05924883086555
2019,1,BUF,rush,base,16.0
2019,1,BUF,rush,rate,16.068181818181817
2019,1,BUF,rush,rate_pace,16.068181818181817
2019,1,BUF,rush,full,16.027126241568016
2019,1,BUF,pass,base,16.0
2019,1,BUF,pass,rate,16.06603773584906
2019,1,BUF,pass,rate_pace,16.291069083493046
2019,1,BUF,pass,full,16.284778883648144
2019,1,PHI,rec,base,16.0
2019,1,PHI,rec,rate,16.006944444444443
2019,1,PHI,rec,rate_pace,16.006944444444443
2019,1,PHI,rec,full,16.155687114431466
2019,1,PHI,rush,base,16.0
2019,1,PHI,rush,rate,15.971022727272725
2019,1,PHI,rush,rate_pace,15.971022727272725
2019,1,PHI,rush,full,15.764419772876124
2019,1,PHI,pass,base,16.0
2019,1,PHI,pass,rate,16.011611030478957
2019,1,PHI,pass,rate_pace,15.751088710513544
2019,1,PHI,pass,full,15.900486929558422
2019,1,WAS,rec,base,16.0
2019,1,WAS,rec,rate,16.00887345679012
2019,1,WAS,rec,rate_pace,16.00887345679012
2019,1,WAS,rec,full,16.0914859020656
2019,1,WAS,rush,base,16.0
2019,1,WAS,rush,rate,15.926704545454546
2019,1,WAS,rush,rate_pace,15.926704545454546
2019,1,WAS,rush,full,15.710277892715698
2019,1,WAS,pass,base,16.0
2019,1,WAS,pass,rate,16.01596516690856
2019,1,WAS,pass,rate_pace,16.17380675533193
2019,1,WAS,pass,full,16.25700464202931
2019,1,LAC,rec,base,16.0
2019,1,LAC,rec,rate,16.038194444444446
2019,1,LAC,rec,rate_pace,16.038194444444446
2019,1,LAC,rec,full,16.312496812537916
2019,1,LAC,rush,base,16.0
2019,1,LAC,rush,rate,15.963636363636363
2019,1,LAC,rush,rate_pace,15.963636363636363
2019,1,LAC,rush,full,15.677298949326415
2019,1,LAC,pass,base,16.0
2019,1,LAC,pass,rate,16.073294629898403
2019,1,LAC,pass,rate_pace,16.456139738968478
2019,1,LAC,pass,full,16.730759894730003
2019,1,IND,rec,base,16.0
2019,1,IND,rec,rate,16.07523148148148
2019,1,IND,rec,rate_pace,16.07523148148148
2019,1,IND,rec,full,16.133136597235552
2019,1,IND,rush,base,16.0
2019,1,IND,rush,rate,15.956249999999999
2019,1,IND,rush,rate_pace,15.956249999999999
2019,1,IND,rush,full,15.835866980350579
2019,1,IND,pass,base,16.0
2019,1,IND,pass,rate,16.102322206095792
2019,1,IND,pass,rate_pace,15.781873100583796
2019,1,IND,pass,full,15.84140996658516
2019,1,SEA,rec,base,16.0
2019,1,SEA,rec,rate,15.994212962962965
2019,1,SEA,rec,rate_pace,15.994212962962965
2019,1,SEA,rec,full,16.388566496637495
2019,1,SEA,rush,base,16.0
2019,1,SEA,rush,rate,16.060227272727275
2019,1,SEA,rush,rate_pace,16.060227272727275
2019,1,SEA,rush,full,15.750399401594445
2019,1,SEA,pass,base,16.0
2019,1,SEA,pass,rate,16.013062409288825
2019,1,SEA,pass,rate_pace,17.000846633277494
2019,1,SEA,pass,full,17.39768154568919
2019,1,CIN,rec,base,16.0
2019,1,CIN,rec,rate,15.906250000000002
2019,1,CIN,rec,rate_pace,15.906250000000002
2019,1,CIN,rec,full,16.186279626222046
2019,1,CIN,rush,base,16.0
2019,1,CIN,rush,rate,16.042045454545452
2019,1,CIN,rush,rate_pace,16.042045454545452
2019,1,CIN,rush,full,15.506588060736895
2019,1,CIN,pass,base,16.0
2019,1,CIN,pass,rate,15.775036284470247
2019,1,CIN,pass,rate_pace,15.86092269909364
2019,1,CIN,pass,full,16.141354692794067
2019,1,ARI,rec,base,16.0
2019,1,ARI,rec,rate,16.090277777777775
2019,1,ARI,rec,rate_pace,16.090277777777775
2019,1,ARI,rec,full,16.34167176304022
2019,1,ARI,rush,base,16.0
2019,1,ARI,rush,rate,16.06306818181818
2019,1,ARI,rush,rate_pace,16.06306818181818
2019,1,ARI,rush,full,15.373645167830652
2019,1,ARI,pass,base,16.0
2019,1,ARI,pass,rate,16.15674891146589
2019,1,ARI,pass,rate_pace,16.544074875873655
2019,1,ARI,pass,full,16.797817079939527
2019,1,DET,rec,base,16.0
2019,1,DET,rec,rate,15.955246913580249
2019,1,DET,rec,rate_pace,15.955246913580249
2019,1,DET,rec,full,16.070947245040987
2019,1,DET,rush,base,16.0
2019,1,DET,rush,rate,15.93465909090909
2019,1,DET,rush,rate_pace,15.93465909090909
2019,1,DET,rush,full,15.743415006665636
2019,1,DET,pass,base,16.0
2019,1,DET,pass,rate,15.964441219158202
2019,1,DET,pass,rate_pace,15.872213228557657
2019,1,DET,pass,full,15.989272721878466
2019,1,DAL,rec,base,16.0
2019,1,DAL,rec,rate,16.009259259259256
2019,1,DAL,rec,rate_pace,16.009259259259256
2019,1,DAL,rec,full,16.16671000063511
2019,1,DAL,rush,base,16.0
2019,1,DAL,rush,rate,15.975568181818183
2019,1,DAL,rush,rate_pace,15.975568181818183
2019,1,DAL,rush,full,15.801306806861607
2019,1,DAL,pass,base,16.0
2019,1,DAL,pass,rate,16.040638606676342
2019,1,DAL,pass,rate_pace,16.14570898882603
2019,1,DAL,pass,full,16.304472778920367
2019,1,NYG,rec,base,16.0
2019,1,NYG,rec,rate,15.982638888888886
2019,1,NYG,rec,rate_pace,15.982638888888886
2019,1,NYG,rec,full,16.23298411964888
2019,1,NYG,rush,base,16.0
2019,1,NYG,rush,rate,15.99375
2019,1,NYG,rush,rate_pace,15.99375
2019,1,NYG,rush,full,15.47974901391971
2019,1,NYG,pass,base,16.0
2019,1,NYG,pass,rate,15.993468795355584
2019,1,NYG,pass,rate_pace,15.851321525073443
2019,1,NYG,pass,full,16.10305446634832
2019,1,TB,rec,base,16.0
2019,1,TB,rec,rate,16.048996913580247
2019,1,TB,rec,rate_pace,16.048996913580247
2019,1,TB,rec,full,16.429497435130585
2019,1,TB,rush,base,16.0
2019,1,TB,rush,rate,15.980681818181818
2019,1,TB,rush,rate_pace,15.980681818181818
2019,1,TB,rush,full,15.200421495048493
2019,1,TB,pass,base,16.0
2019,1,TB,pass,rate,16.10087082728592
2019,1,TB,pass,rate_pace,15.469032070648339
2019,1,TB,pass,full,15.852382465409757
2019,1,SF,rec,base,16.0
2019,1,SF,rec,rate,16.03240740740741
2019,1,SF,rec,rate_pace,16.03240740740741
2019,1,SF,rec,full,16.398179123921203
2019,1,SF,rush,base,16.0
2019,1,SF,rush,rate,16.15965909090909
2019,1,SF,rush,rate_pace,16.15965909090909
2019,1,SF,rush,full,15.60402841600963
2019,1,SF,pass,base,16.0
2019,1,SF,pass,rate,16.08417997097242
2019,1,SF,pass,rate_pace,16.22295751084588
2019,1,SF,pass,full,16.592147150902463
2019,1,NE,rec,base,16.0
2019,1,NE,rec,rate,16.011574074074073
2019,1,NE,rec,rate_pace,16.011574074074073
2019,1,NE,rec,full,16.19545892598397
2019,1,NE,rush,base,16.0
2019,1,NE,rush,rate,15.986363636363638
2019,1,NE,rush,rate_pace,15.986363636363638
2019,1,NE,rush,full,15.935560294268438
2019,1,NE,pass,base,16.0
2019,1,NE,pass,rate,15.96734397677794
2019,1,NE,pass,rate_pace,16.076559811046724
2019,1,NE,pass,full,16.261901541937725
2019,1,PIT,rec,base,16.0
2019,1,PIT,rec,rate,15.93942901234568
2019,1,PIT,rec,rate_pace,15.93942901234568
2019,1,PIT,rec,full,16.14572002494785
2019,1,PIT,rush,base,16.0
2019,1,PIT,rush,rate,16.071022727272727
2019,1,PIT,rush,rate_pace,16.071022727272727
2019,1,PIT,rush,full,15.785458673982241
2019,1,PIT,pass,base,16.0
2019,1,PIT,pass,rate,15.836719883889696
2019,1,PIT,pass,rate_pace,15.274606421777804
2019,1,PIT,pass,full,15.481402941913384
2019,1,NO,rec,base,16.0
2019,1,NO,rec,rate,16.04976851851852
2019,1,NO,rec,rate_pace,16.04976851851852
2019,1,NO,rec,full,16.416967219161414
2019,1,NO,rush,base,16.0
2019,1,NO,rush,rate,16.042045454545452
2019,1,NO,rush,rate_pace,16.042045454545452
2019,1,NO,rush,full,15.761048326978006
2019,1,NO,pass,base,16.0
2019,1,NO,pass,rate,16.068940493468794
2019,1,NO,pass,rate_pace,16.514484780530676
2019,1,NO,pass,full,16.883840659381047
2019,1,HOU,rec,base,16.0
2019,1,HOU,rec,rate,15.981481481481481
2019,1,HOU,rec,rate_pace,15.981481481481481
2019,1,HOU,rec,full,16.130225437685592
2019,1,HOU,rush,base,16.0
2019,1,HOU,rush,rate,15.975568181818183
2019,1,HOU,rush,rate_pace,15.975568181818183
2019,1,HOU,rush,full,15.800769832299123
2019,1,HOU,pass,base,16.0
2019,1,HOU,pass,rate,15.91727140783745
2019,1,HOU,pass,rate_pace,15.75959626143999
2019,1,HOU,pass,full,15.910419098417838
2019,1,LV,rec,base,16.0
2019,1,LV,rec,rate,15.920524691358027
2019,1,LV,rec,rate_pace,15.920524691358027
2019,1,LV,rec,full,16.229057562686293
2019,1,LV,rush,base,16.0
2019,1,LV,rush,rate,15.94090909090909
2019,1,LV,rush,rate_pace,15.94090909090909
2019,1,LV,rush,full,15.25825080038674
2019,1,LV,pass,base,16.0
2019,1,LV,pass,rate,15.887518142235125
2019,1,LV,pass,rate_pace,15.988942695345665
2019,1,LV,pass,full,16.297737178952364
2019,1,DEN,rec,base,16.0
2019,1,DEN,rec,rate,15.929783950617285
2019,1,DEN,rec,rate_pace,15.929783950617285
2019,1,DEN,rec,full,16.01785332394246
2019,1,DEN,rush,base,16.0
2019,1,DEN,rush,rate,15.942613636363639
2019,1,DEN,rush,rate_pace,15.942613636363639
2019,1,DEN,rush,full,15.725871603270365
2019,1,DEN,pass,base,16.0
2019,1,DEN,pass,rate,15.859941944847609
2019,1,DEN,pass,rate_pace,15.717261405365349
2019,1,DEN,pass,full,15.805603300467489
2019,5,SEA,rec,base,12.0
2019,5,SEA,rec,rate,11.9595531587057
2019,5,SEA,rec,rate_pace,11.9595531587057
2019,5,SEA,rec,full,12.28763385136222
2019,5,SEA,rush,base,12.0
2019,5,SEA,rush,rate,12.036446469248292
2019,5,SEA,rush,rate_pace,12.036446469248292
2019,5,SEA,rush,full,11.766940495057677
2019,5,SEA,pass,base,12.0
2019,5,SEA,pass,rate,11.948476052249639
2019,5,SEA,pass,rate_pace,12.579947444433385
2019,5,SEA,pass,full,12.909140273550461
2019,5,LA,rec,base,12.0
2019,5,LA,rec,rate,11.949922958397533
2019,5,LA,rec,rate_pace,11.949922958397533
2019,5,LA,rec,full,12.173724797766436
2019,5,LA,rush,base,12.0
2019,5,LA,rush,rate,12.003416856492027
2019,5,LA,rush,rate_pace,12.003416856492027
2019,5,LA,rush,full,11.726992758217921
2019,5,LA,pass,base,12.0
2019,5,LA,pass,rate,11.938316400580552
2019,5,LA,pass,rate_pace,11.67747883641999
2019,5,LA,pass,full,11.902274858443574
2019,5,CAR,rec,base,12.0
2019,5,CAR,rec,rate,12.06432973805855
2019,5,CAR,rec,rate_pace,12.06432973805855
2019,5,CAR,rec,full,12.136754823903402
2019,5,CAR,rush,base,12.0
2019,5,CAR,rush,rate,11.977790432801822
2019,5,CAR,rush,rate_pace,11.977790432801822
2019,5,CAR,rush,full,11.86324439584848
2019,5,CAR,pass,base,12.0
2019,5,CAR,pass,rate,12.122641509433963
2019,5,CAR,pass,rate_pace,11.972404053304999
2019,5,CAR,pass,full,12.045108776900253
2019,5,JAX,rec,base,12.0
2019,5,JAX,rec,rate,12.10053929121726
2019,5,JAX,rec,rate_pace,12.10053929121726
2019,5,JAX,rec,full,12.031242822122234
2019,5,JAX,rush,base,12.0
2019,5,JAX,rush,rate,12.011958997722095
2019,5,JAX,rush,rate_pace,12.011958997722095
2019,5,JAX,rush,full,12.094084007027236
2019,5,JAX,pass,base,12.0
2019,5,JAX,pass,rate,12.156748911465893
2019,5,JAX,pass,rate_pace,12.050995771859553
2019,5,JAX,pass,full,11.981848543876614
2019,5,CIN,rec,base,12.0
2019,5,CIN,rec,rate,12.024653312788907
2019,5,CIN,rec,rate_pace,12.024653312788907
2019,5,CIN,rec,full,12.159885381433028
2019,5,CIN,rush,base,12.0
2019,5,CIN,rush,rate,12.07004555808656
2019,5,CIN,rush,rate_pace,12.07004555808656
2019,5,CIN,rush,full,11.756103866570438
2019,5,CIN,pass,base,12.0
2019,5,CIN,pass,rate,12.03410740203193
2019,5,CIN,pass,rate_pace,11.967268183602473
2019,5,CIN,pass,full,12.102106467379407
2019,5,ARI,rec,base,12.0
2019,5,ARI,rec,rate,12.09553158705701
2019,5,ARI,rec,rate_pace,12.09553158705701
2019,5,ARI,rec,full,12.334814238006473
2019,5,ARI,rush,base,12.0
2019,5,ARI,rush,rate,11.997722095671982
2019,5,ARI,rush,rate_pace,11.997722095671982
2019,5,ARI,rush,full,11.358446446467406
2019,5,ARI,pass,base,12.0
2019,5,ARI,pass,rate,12.189404934687953
2019,5,ARI,pass,rate_pace,12.139678134477682
2019,5,ARI,pass,full,12.381893233203698
2019,5,HOU,rec,base,12.0
2019,5,HOU,rec,rate,11.98651771956857
2019,5,HOU,rec,rate_pace,11.98651771956857
2019,5,HOU,rec,full,12.072072363315275
2019,5,HOU,rush,base,12.0
2019,5,HOU,rush,rate,12.042710706150341
2019,5,HOU,rush,rate_pace,12.042710706150341
2019,5,HOU,rush,full,11.941876209061071
2019,5,HOU,pass,base,12.0
2019,5,HOU,pass,rate,11.95791001451379
2019,5,HOU,pass,rate_pace,11.908933135159865
2019,5,HOU,pass,full,11.995146940097861
2019,5,ATL,rec,base,12.0
2019,5,ATL,rec,rate,12.019260400616332
2019,5,ATL,rec,rate_pace,12.019260400616332
2019,5,ATL,rec,full,12.297824757145193
2019,5,ATL,rush,base,12.0
2019,5,ATL,rush,rate,12.01366742596811
2019,5,ATL,rush,rate_pace,12.01366742596811
2019,5,ATL,rush,full,11.405363863532035
2019,5,ATL,pass,base,12.0
2019,5,ATL,pass,rate,12.050798258345429
2019,5,ATL,pass,rate_pace,11.667689135328072
2019,5,ATL,pass,full,11.947946436413986
2019,5,NO,rec,base,12.0
2019,5,NO,rec,rate,11.950693374422187
2019,5,NO,rec,rate_pace,11.950693374422187
2019,5,NO,rec,full,11.98960358241
2019,5,NO,rush,base,12.0
2019,5,NO,rush,rate,12.024487471526196
2019,5,NO,rush,rate_pace,12.024487471526196
2019,5,NO,rush,full,12.009900589659937
2019,5,NO,pass,base,12.0
2019,5,NO,pass,rate,11.900580551523948
2019,5,NO,pass,rate_pace,12.253654476645723
2019,5,NO,pass,full,12.294297216771714
2019,5,TB,rec,base,12.0
2019,5,TB,rec,rate,12.015408320493066
2019,5,TB,rec,rate_pace,12.015408320493066
2019,5,TB,rec,full,12.29217351936429
2019,5,TB,rush,base,12.0
2019,5,TB,rush,rate,12.010820045558086
2019,5,TB,rush,rate_pace,12.010820045558086
2019,5,TB,rush,full,11.518228824131281
2019,5,TB,pass,base,12.0
2019,5,TB,pass,rate,12.036284470246734
2019,5,TB,pass,rate_pace,11.62028909440212
2019,5,TB,pass,full,11.898199137129541
2019,5,NYG,rec,base,12.0
2019,5,NYG,rec,rate,11.975346687211093
2019,5,NYG,rec,rate_pace,11.975346687211093
2019,5,NYG,rec,full,12.116816535518515
2019,5,NYG,rush,base,12.0
2019,5,NYG,rush,rate,12.0501138952164
2019,5,NYG,rush,rate_pace,12.0501138952164
2019,5,NYG,rush,full,11.770266632162986
2019,5,NYG,pass,base,12.0
2019,5,NYG,pass,rate,11.980406386066765
2019,5,NYG,pass,rate_pace,11.903749461041858
2019,5,NYG,pass,full,12.044164715969249
2019,5,MIN,rec,base,12.0
2019,5,MIN,rec,rate,11.99460708782743
2019,5,MIN,rec,rate_pace,11.99460708782743
2019,5,MIN,rec,full,12.0226315798408
2019,5,MIN,rush,base,12.0
2019,5,MIN,rush,rate,12.015375854214124
2019,5,MIN,rush,rate_pace,12.015375854214124
2019,5,MIN,rush,full,11.994889163119415
2019,5,MIN,pass,base,12.0
2019,5,MIN,pass,rate,12.023947750362844
2019,5,MIN,pass,rate_pace,12.256401618924963
2019,5,MIN,pass,full,12.28517876935602
2019,5,LV,rec,base,12.0
2019,5,LV,rec,rate,11.95146379044684
2019,5,LV,rec,rate_pace,11.95146379044684
2019,5,LV,rec,full,12.125704140941304
2019,5,LV,rush,base,12.0
2019,5,LV,rush,rate,11.978929384965834
2019,5,LV,rush,rate_pace,11.978929384965834
2019,5,LV,rush,full,11.576772826530942
2019,5,LV,pass,base,12.0
2019,5,LV,pass,rate,11.932510885341074
2019,5,LV,pass,rate_pace,12.062710329594792
2019,5,LV,pass,full,12.237704518358905
2019,5,CHI,rec,base,12.0
2019,5,CHI,rec,rate,12.035053929121725
2019,5,CHI,rec,rate_pace,12.035053929121725
2019,5,CHI,rec,full,11.871026878563216
2019,5,CHI,rush,base,12.0
2019,5,CHI,rush,rate,11.977220956719819
2019,5,CHI,rush,rate_pace,11.977220956719819
2019,5,CHI,rush,full,12.21323086904194
2019,5,CHI,pass,base,12.0
2019,5,CHI,pass,rate,12.089259796806965
2019,5,CHI,pass,rate_pace,12.226025749354646
2019,5,CHI,pass,full,12.060496127453519
2019,5,PHI,rec,base,12.0
2019,5,PHI,rec,rate,11.975731895223419
2019,5,PHI,rec,rate_pace,11.975731895223419
2019,5,PHI,rec,full,12.096380285549131
2019,5,PHI,rush,base,12.0
2019,5,PHI,rush,rate,11.968109339407746
2019,5,PHI,rush,rate_pace,11.968109339407746
2019,5,PHI,rush,full,11.822864954698948
2019,5,PHI,pass,base,12.0
2019,5,PHI,pass,rate,11.942670537010159
2019,5,PHI,pass,rate_pace,11.89289988775719
2019,5,PHI,pass,full,12.012596077449157
2019,5,NYJ,rec,base,13.0
2019,5,NYJ,rec,rate,13.147149460708782
2019,5,NYJ,rec,rate_pace,13.147149460708782
2019,5,NYJ,rec,full,13.117267440352748
2019,5,NYJ,rush,base,13.0
2019,5,NYJ,rush,rate,13.034738041002276
2019,5,NYJ,rush,rate_pace,13.034738041002276
2019,5,NYJ,rush,full,12.912706762813569
2019,5,NYJ,pass,base,13.0
2019,5,NYJ,pass,rate,13.231494920174166
2019,5,NYJ,pass,rate_pace,13.291094776974386
2019,5,NYJ,pass,full,13.260046008078156
2019,5,PIT,rec,base,12.0
2019,5,PIT,rec,rate,12.00924499229584
2019,5,PIT,rec,rate_pace,12.00924499229584
2019,5,PIT,rec,full,11.995992459722553
2019,5,PIT,rush,base,12.0
2019,5,PIT,rush,rate,12.09396355353075
2019,5,PIT,rush,rate_pace,12.09396355353075
2019,5,PIT,rush,full,12.161620329911608
2019,5,PIT,pass,base,12.0
2019,5,PIT,pass,rate,11.998548621190132
2019,5,PIT,pass,rate_pace,11.662427621169963
2019,5,PIT,pass,full,11.648704447528967
2019,5,BAL,rec,base,12.0
2019,5,BAL,rec,rate,11.982665639445301
2019,5,BAL,rec,rate_pace,11.982665639445301
2019,5,BAL,rec,full,12.106801162081528
2019,5,BAL,rush,base,12.0
2019,5,BAL,rush,rate,12.019362186788154
2019,5,BAL,rush,rate_pace,12.019362186788154
2019,5,BAL,rush,full,11.92738381552317
2019,5,BAL,pass,base,12.0
2019,5,BAL,pass,rate,11.979680696661829
2019,5,BAL,pass,rate_pace,12.15415960668452
2019,5,BAL,pass,full,12.278699502681429
2019,5,TEN,rec,base,12.0
2019,5,TEN,rec,rate,11.981124807395997
2019,5,TEN,rec,rate_pace,11.981124807395997
2019,5,TEN,rec,full,11.922664778580778
2019,5,TEN,rush,base,12.0
2019,5,TEN,rush,rate,11.985763097949885
2019,5,TEN,rush,rate_pace,11.985763097949885
2019,5,TEN,rush,full,12.108181934648728
2019,5,TEN,pass,base,12.0
2019,5,TEN,pass,rate,11.951378809869377
2019,5,TEN,pass,rate_pace,12.346875170863527
2019,5,TEN,pass,full,12.290442720703119
2019,5,BUF,rec,base,12.0
2019,5,BUF,rec,rate,12.080123266563945
2019,5,BUF,rec,rate_pace,12.080123266563945
2019,5,BUF,rec,full,11.881077221014156
2019,5,BUF,rush,base,12.0
2019,5,BUF,rush,rate,12.093394077448746
2019,5,BUF,rush,rate_pace,12.093394077448746
2019,5,BUF,rush,full,12.379045581920208
2019,5,BUF,pass,base,12.0
2019,5,BUF,pass,rate,12.136429608127722
2019,5,BUF,pass,rate_pace,12.124742048014424
2019,5,BUF,pass,full,11.921536870805564
2019,5,WAS,rec,base,12.0
2019,5,WAS,rec,rate,11.964946070878273
2019,5,WAS,rec,rate_pace,11.964946070878273
2019,5,WAS,rec,full,12.032584819317771
2019,5,WAS,rush,base,12.0
2019,5,WAS,rush,rate,12.005694760820047
2019,5,WAS,rush,rate_pace,12.005694760820047
2019,5,WAS,rush,full,11.72558215683984
2019,5,WAS,pass,base,12.0
2019,5,WAS,pass,rate,11.934687953555876
2019,5,WAS,pass,rate_pace,11.944290815300304
2019,5,WAS,pass,full,12.011295491834007
2019,5,NE,rec,base,12.0
2019,5,NE,rec,rate,12.094375963020033
2019,5,NE,rec,rate_pace,12.094375963020033
2019,5,NE,rec,full,12.076717532681048
2019,5,NE,rush,base,12.0
2019,5,NE,rush,rate,12.049544419134396
2019,5,NE,rush,rate_pace,12.049544419134396
2019,5,NE,rush,full,12.284304453771547
2019,5,NE,pass,base,12.0
2019,5,NE,pass,rate,12.15457184325109
2019,5,NE,pass,rate_pace,12.18042467107553
2019,5,NE,pass,full,12.162371874300113
2019,5,LAC,rec,base,12.0
2019,5,LAC,rec,rate,11.95069337442219
2019,5,LAC,rec,rate_pace,11.95069337442219
2019,5,LAC,rec,full,12.09779391815708
2019,5,LAC,rush,base,12.0
2019,5,LAC,rush,rate,12.018223234624148
2019,5,LAC,rush,rate_pace,12.018223234624148
2019,5,LAC,rush,full,11.85980073629521
2019,5,LAC,pass,base,12.0
2019,5,LAC,pass,rate,11.924528301886795
2019,5,LAC,pass,rate_pace,12.021227128084337
2019,5,LAC,pass,full,12.16814028344471
2019,5,DEN,rec,base,12.0
2019,5,DEN,rec,rate,11.894838212634824
2019,5,DEN,rec,rate_pace,11.894838212634824
2019,5,DEN,rec,full,12.061365008550801
2019,5,DEN,rush,base,12.0
2019,5,DEN,rush,rate,12.024487471526195
2019,5,DEN,rush,rate_pace,12.024487471526195
2019,5,DEN,rush,full,11.611883385154844
2019,5,DEN,pass,base,12.0
2019,5,DEN,pass,rate,11.808417997097242
2019,5,DEN,pass,rate_pace,11.697979958493837
2019,5,DEN,pass,full,11.864246707905652
2019,5,DAL,rec,base,12.0
2019,5,DAL,rec,rate,11.91486902927581
2019,5,DAL,rec,rate_pace,11.91486902927581
2019,5,DAL,rec,full,11.936690722173482
2019,5,DAL,rush,base,12.0
2019,5,DAL,rush,rate,11.973234624145785
2019,5,DAL,rush,rate_pace,11.973234624145785
2019,5,DAL,rush,full,12.021853087259117
2019,5,DAL,pass,base,12.0
2019,5,DAL,pass,rate,11.870827285921628
2019,5,DAL,pass,rate_pace,12.001211727953796
2019,5,DAL,pass,full,12.023735576460322
2019,5,GB,rec,base,12.0
2019,5,GB,rec,rate,11.984206471494607
2019,5,GB,rec,rate_pace,11.984206471494607
2019,5,GB,rec,full,12.165642414148111
2019,5,GB,rush,base,12.0
2019,5,GB,rush,rate,11.932801822323464
2019,5,GB,rush,rate_pace,11.932801822323464
2019,5,GB,rush,full,11.57515419469947
2019,5,GB,pass,base,12.0
2019,5,GB,pass,rate,11.981857764876631
2019,5,GB,pass,rate_pace,11.575623327151547
2019,5,GB,pass,full,11.757876759595375
2019,5,KC,rec,base,12.0
2019,5,KC,rec,rate,11.872881355932204
2019,5,KC,rec,rate_pace,11.872881355932204
2019,5,KC,rec,full,12.288352571772394
2019,5,KC,rush,base,12.0
2019,5,KC,rush,rate,11.962414578587701
2019,5,KC,rush,rate_pace,11.962414578587701
2019,5,KC,rush,full,11.377180579239202
2019,5,KC,pass,base,12.0
2019,5,KC,pass,rate,11.791727140783744
2019,5,KC,pass,rate_pace,11.582199681726083
2019,5,KC,pass,full,11.995269567531286
2019,5,IND,rec,base,12.0
2019,5,IND,rec,rate,12.024653312788907
2019,5,IND,rec,rate_pace,12.024653312788907
2019,5,IND,rec,full,12.112066900540476
2019,5,IND,rush,base,12.0
2019,5,IND,rush,rate,11.99145785876993
2019,5,IND,rush,rate_pace,11.99145785876993
2019,5,IND,rush,full,11.875302315982013
2019,5,IND,pass,base,12.0
2019,5,IND,pass,rate,12.051523947750363
2019,5,IND,pass,rate_pace,12.066189403203609
2019,5,IND,pass,full,12.153913904698156
2019,5,SF,rec,base,13.0
2019,5,SF,rec,rate,12.996147919876735
2019,5,SF,rec,rate_pace,12.996147919876735
2019,5,SF,rec,full,13.221830744842782
2019,5,SF,rush,base,13.0
2019,5,SF,rush,rate,13.16002277904328
2019,5,SF,rush,rate_pace,13.16002277904328
2019,5,SF,rush,full,12.922218036874014
2019,5,SF,pass,base,13.0
2019,5,SF,pass,rate,13.039187227866474
2019,5,SF,pass,rate_pace,13.242507728085563
2019,5,SF,pass,full,13.469230243654438
2019,5,CLE,rec,base,12.0
2019,5,CLE,rec,rate,12.015793528505393
2019,5,CLE,rec,rate_pace,12.015793528505393
2019,5,CLE,rec,full,12.065368558607984
2019,5,CLE,rush,base,12.0
2019,5,CLE,rush,rate,12.066059225512529
2019,5,CLE,rush,rate_pace,12.066059225512529
2019,5,CLE,rush,full,12.014123239313815
2019,5,CLE,pass,base,12.0
2019,5,CLE,pass,rate,12.040638606676344
2019,5,CLE,pass,rate_pace,11.910811156087174
2019,5,CLE,pass,full,11.959590498130037
2019,5,MIA,rec,base,12.0
2019,5,MIA,rec,rate,11.971494607087827
2019,5,MIA,rec,rate_pace,11.971494607087827
2019,5,MIA,rec,full,12.046292913069182
2019,5,MIA,rush,base,12.0
2019,5,MIA,rush,rate,12.046697038724373
2019,5,MIA,rush,rate_pace,12.046697038724373
2019,5,MIA,rush,full,11.576492544093306
2019,5,MIA,pass,base,12.0
2019,5,MIA,pass,rate,11.93033381712627
2019,5,MIA,pass,rate_pace,12.27039417686282
2019,5,MIA,pass,full,12.347197251001221
2019,5,DET,rec,base,12.0
2019,5,DET,rec,rate,11.925654853620957
2019,5,DET,rec,rate_pace,11.925654853620957
2019,5,DET,rec,full,11.973338515494435
2019,5,DET,rush,base,12.0
2019,5,DET,rush,rate,11.892938496583142
2019,5,DET,rush,rate_pace,11.892938496583142
2019,5,DET,rush,full,11.844846051791855
2019,5,DET,pass,base,12.0
2019,5,DET,pass,rate,11.895500725689406
2019,5,DET,pass,rate_pace,11.934202826364363
2019,5,DET,pass,full,11.984833174707589
2019,9,ARI,rec,base,8.0
2019,9,ARI,rec,rate,7.903697996918336
2019,9,ARI,rec,rate_pace,7.903697996918336
2019,9,ARI,rec,full,8.078894041638765
2019,9,ARI,rush,base,8.0
2019,9,ARI,rush,rate,7.969036697247707
2019,9,ARI,rush,rate_pace,7.969036697247707
2019,9,ARI,rush,full,7.5502584446870875
2019,9,ARI,pass,base,8.0
2019,9,ARI,pass,rate,7.86159420289855
2019,9,ARI,pass,rate_pace,7.799041079161485
2019,9,ARI,pass,full,7.974328784229982
2019,9,SF,rec,base,9.0
2019,9,SF,rec,rate,9.042372881355933
2019,9,SF,rec,rate_pace,9.042372881355933
2019,9,SF,rec,full,9.095423262984644
2019,9,SF,rush,base,9.0
2019,9,SF,rush,rate,9.061926605504587
2019,9,SF,rush,rate_pace,9.061926605504587
2019,9,SF,rush,full,9.083132724878887
2019,9,SF,pass,base,9.0
2019,9,SF,pass,rate,9.065942028985507
2019,9,SF,pass,rate_pace,9.437709742917072
2019,9,SF,pass,full,9.490668639809694
2019,9,JAX,rec,base,8.0
2019,9,JAX,rec,rate,8.062018489984592
2019,9,JAX,rec,rate_pace,8.062018489984592
2019,9,JAX,rec,full,8.049114962006731
2019,9,JAX,rush,base,8.0
2019,9,JAX,rush,rate,7.940366972477063
2019,9,JAX,rush,rate_pace,7.940366972477063
2019,9,JAX,rush,full,7.958302850840238
2019,9,JAX,pass,base,8.0
2019,9,JAX,pass,rate,8.092753623188404
2019,9,JAX,pass,rate_pace,8.093848358037521
2019,9,JAX,pass,full,8.081988135771713
2019,9,HOU,rec,base,8.0
2019,9,HOU,rec,rate,7.8844375963020035
2019,9,HOU,rec,rate_pace,7.8844375963020035
2019,9,HOU,rec,full,7.937136240947041
2019,9,HOU,rush,base,8.0
2019,9,HOU,rush,rate,7.967316513761469
2019,9,HOU,rush,rate_pace,7.967316513761469
2019,9,HOU,rush,full,7.9228401202106475
2019,9,HOU,pass,base,8.0
2019,9,HOU,pass,rate,7.786231884057971
2019,9,HOU,pass,rate_pace,7.692147393867313
2019,9,HOU,pass,full,7.744003190418531
2019,9,BUF,rec,base,9.0
2019,9,BUF,rec,rate,8.98497688751926
2019,9,BUF,rec,rate_pace,8.98497688751926
2019,9,BUF,rec,full,8.856943103404358
2019,9,BUF,rush,base,9.0
2019,9,BUF,rush,rate,9.01605504587156
2019,9,BUF,rush,rate_pace,9.01605504587156
2019,9,BUF,rush,full,9.18878512402342
2019,9,BUF,pass,base,9.0
2019,9,BUF,pass,rate,8.952898550724637
2019,9,BUF,pass,rate_pace,8.860335903073544
2019,9,BUF,pass,full,8.731275639821073
2019,9,WAS,rec,base,8.0
2019,9,WAS,rec,rate,8.0115562403698
2019,9,WAS,rec,rate_pace,8.0115562403698
2019,9,WAS,rec,full,7.918701171822674
2019,9,WAS,rush,base,8.0
2019,9,WAS,rush,rate,7.988532110091743
2019,9,WAS,rush,rate_pace,7.988532110091743
2019,9,WAS,rush,full,7.988367593510658
2019,9,WAS,pass,base,8.0
2019,9,WAS,pass,rate,8.018840579710146
2019,9,WAS,pass,rate_pace,8.18620911459521
2019,9,WAS,pass,full,8.093891361806016
2019,9,CAR,rec,base,9.0
2019,9,CAR,rec,rate,9.042372881355933
2019,9,CAR,rec,rate_pace,9.042372881355933
2019,9,CAR,rec,full,9.16725434355312
2019,9,CAR,rush,base,9.0
2019,9,CAR,rush,rate,8.9776376146789
2019,9,CAR,rush,rate_pace,8.9776376146789
2019,9,CAR,rush,full,8.741604303306934
2019,9,CAR,pass,base,9.0
2019,9,CAR,pass,rate,9.055072463768115
2019,9,CAR,pass,rate_pace,8.989403564169272
2019,9,CAR,pass,full,9.114588717016263
2019,9,TEN,rec,base,8.0
2019,9,TEN,rec,rate,8.014637904468414
2019,9,TEN,rec,rate_pace,8.014637904468414
2019,9,TEN,rec,full,7.937557920456532
2019,9,TEN,rush,base,8.0
2019,9,TEN,rush,rate,7.969036697247708
2019,9,TEN,rush,rate_pace,7.969036697247708
2019,9,TEN,rush,full,8.047900184405755
2019,9,TEN,pass,base,8.0
2019,9,TEN,pass,rate,8.0231884057971
2019,9,TEN,pass,rate_pace,8.384255825799075
2019,9,TEN,pass,full,8.307683323682433
2019,9,KC,rec,base,8.0
2019,9,KC,rec,rate,7.873266563944529
2019,9,KC,rec,rate_pace,7.873266563944529
2019,9,KC,rec,full,7.938034510740061
2019,9,KC,rush,base,8.0
2019,9,KC,rush,rate,7.9191513761467895
2019,9,KC,rush,rate_pace,7.9191513761467895
2019,9,KC,rush,full,7.7926342815538945
2019,9,KC,pass,base,8.0
2019,9,KC,pass,rate,7.782608695652172
2019,9,KC,pass,rate_pace,7.59843454398329
2019,9,KC,pass,full,7.661650193329042
2019,9,MIN,rec,base,8.0
2019,9,MIN,rec,rate,7.978813559322034
2019,9,MIN,rec,rate_pace,7.978813559322034
2019,9,MIN,rec,full,8.009349329287195
2019,9,MIN,rush,base,8.0
2019,9,MIN,rush,rate,7.966743119266055
2019,9,MIN,rush,rate_pace,7.966743119266055
2019,9,MIN,rush,full,7.965753804128703
2019,9,MIN,pass,base,8.0
2019,9,MIN,pass,rate,7.965942028985507
2019,9,MIN,pass,rate_pace,8.2783537088461
2019,9,MIN,pass,full,8.309966062675963
2019,9,MIA,rec,base,9.0
2019,9,MIA,rec,rate,8.996918335901388
2019,9,MIA,rec,rate_pace,8.996918335901388
2019,9,MIA,rec,full,9.1689601981906
2019,9,MIA,rush,base,9.0
2019,9,MIA,rush,rate,9.033256880733944
2019,9,MIA,rush,rate_pace,9.033256880733944
2019,9,MIA,rush,full,8.618086618708624
2019,9,MIA,pass,base,9.0
2019,9,MIA,pass,rate,8.97391304347826
2019,9,MIA,pass,rate_pace,9.113300903799402
2019,9,MIA,pass,full,9.285578464805642
2019,9,NYJ,rec,base,9.0
2019,9,NYJ,rec,rate,9.174884437596303
2019,9,NYJ,rec,rate_pace,9.174884437596303
2019,9,NYJ,rec,full,9.179100175102223
2019,9,NYJ,rush,base,9.0
2019,9,NYJ,rush,rate,9.052752293577983
2019,9,NYJ,rush,rate_pace,9.052752293577983
2019,9,NYJ,rush,full,8.966457609976368
2019,9,NYJ,pass,base,9.0
2019,9,NYJ,pass,rate,9.270289855072463
2019,9,NYJ,pass,rate_pace,9.140020754048587
2019,9,NYJ,pass,full,9.144347940425526
2019,9,PHI,rec,base,8.0
2019,9,PHI,rec,rate,8.031587057010785
2019,9,PHI,rec,rate_pace,8.031587057010785
2019,9,PHI,rec,full,8.09260428928836
2019,9,PHI,rush,base,8.0
2019,9,PHI,rush,rate,8.048165137614678
2019,9,PHI,rush,rate_pace,8.048165137614678
2019,9,PHI,rush,full,8.003198047227299
2019,9,PHI,pass,base,8.0
2019,9,PHI,pass,rate,8.06159420289855
2019,9,PHI,pass,rate_pace,8.09672156104846
2019,9,PHI,pass,full,8.15698548853754
2019,9,CHI,rec,base,9.0
2019,9,CHI,rec,rate,9.005392912172574
2019,9,CHI,rec,rate_pace,9.005392912172574
2019,9,CHI,rec,full,8.986737841691372
2019,9,CHI,rush,base,9.0
2019,9,CHI,rush,rate,8.94954128440367
2019,9,CHI,rush,rate_pace,8.94954128440367
2019,9,CHI,rush,full,8.987517881696217
2019,9,CHI,pass,base,9.0
2019,9,CHI,pass,rate,9.039130434782608
2019,9,CHI,pass,rate_pace,9.143667340459235
2019,9,CHI,pass,full,9.124841821322345
2019,9,PIT,rec,base,9.0
2019,9,PIT,rec,rate,8.987288135593221
2019,9,PIT,rec,rate_pace,8.987288135593221
2019,9,PIT,rec,full,8.93451464401576
2019,9,PIT,rush,base,9.0
2019,9,PIT,rush,rate,9.044151376146788
2019,9,PIT,rush,rate_pace,9.044151376146788
2019,9,PIT,rush,full,9.211212521839235
2019,9,PIT,pass,base,9.0
2019,9,PIT,pass,rate,8.951449275362318
2019,9,PIT,pass,rate_pace,8.803031719086073
2019,9,PIT,pass,full,8.750337276526427
2019,9,IND,rec,base,9.0
2019,9,IND,rec,rate,8.98959938366718
2019,9,IND,rec,rate_pace,8.98959938366718
2019,9,IND,rec,full,9.017069277228662
2019,9,IND,rush,base,9.0
2019,9,IND,rush,rate,8.993692660550458
2019,9,IND,rush,rate_pace,8.993692660550458
2019,9,IND,rush,full,8.972369047435361
2019,9,IND,pass,base,9.0
2019,9,IND,pass,rate,8.973188405797101
2019,9,IND,pass,rate_pace,8.946198472771835
2019,9,IND,pass,full,8.974721036085727
2019,9,LV,rec,base,9.0
2019,9,LV,rec,rate,9.042758089368258
2019,9,LV,rec,rate_pace,9.042758089368258
2019,9,LV,rec,full,9.166144878643015
2019,9,LV,rush,base,9.0
2019,9,LV,rush,rate,8.981077981651374
2019,9,LV,rush,rate_pace,8.981077981651374
2019,9,LV,rush,full,8.780127322774145
2019,9,LV,pass,base,9.0
2019,9,LV,pass,rate,9.068115942028985
2019,9,LV,pass,rate_pace,9.225362507397687
2019,9,LV,pass,full,9.349370096934805
2019,9,DET,rec,base,9.0
2019,9,DET,rec,rate,8.926040061633282
2019,9,DET,rec,rate_pace,8.926040061633282
2019,9,DET,rec,full,9.021234040646345
2019,9,DET,rush,base,9.0
2019,9,DET,rush,rate,8.884747706422019
2019,9,DET,rush,rate_pace,8.884747706422019
2019,9,DET,rush,full,8.751093016687705
2019,9,DET,pass,base,9.0
2019,9,DET,pass,rate,8.878260869565217
2019,9,DET,pass,rate_pace,8.813309975714699
2019,9,DET,pass,full,8.909183190766015
2019,9,SEA,rec,base,8.0
2019,9,SEA,rec,rate,7.8551617873651765
2019,9,SEA,rec,rate_pace,7.8551617873651765
2019,9,SEA,rec,full,8.04887559211818
2019,9,SEA,rush,base,8.0
2019,9,SEA,rush,rate,8.010321100917432
2019,9,SEA,rush,rate_pace,8.010321100917432
2019,9,SEA,rush,full,7.82701661118083
2019,9,SEA,pass,base,8.0
2019,9,SEA,pass,rate,7.790579710144927
2019,9,SEA,pass,rate_pace,8.042661149251568
2019,9,SEA,pass,full,8.235710362481239
2019,9,TB,rec,base,9.0
2019,9,TB,rec,rate,9.063559322033898
2019,9,TB,rec,rate_pace,9.063559322033898
2019,9,TB,rec,full,9.368282082956666
2019,9,TB,rush,base,9.0
2019,9,TB,rush,rate,9.007454128440367
2019,9,TB,rush,rate_pace,9.007454128440367
2019,9,TB,rush,full,8.438803495972175
2019,9,TB,pass,base,9.0
2019,9,TB,pass,rate,9.084057971014492
2019,9,TB,pass,rate_pace,8.77759100602577
2019,9,TB,pass,full,9.083917124593679
2019,9,DEN,rec,base,8.0
2019,9,DEN,rec,rate,7.964946070878275
2019,9,DEN,rec,rate_pace,7.964946070878275
2019,9,DEN,rec,full,7.8848779086528875
2019,9,DEN,rush,base,8.0
2019,9,DEN,rush,rate,7.979357798165138
2019,9,DEN,rush,rate_pace,7.979357798165138
2019,9,DEN,rush,full,8.035940038839271
2019,9,DEN,pass,base,8.0
2019,9,DEN,pass,rate,7.929710144927535
2019,9,DEN,pass,rate_pace,7.898147331503475
2019,9,DEN,pass,full,7.819092175848713
2019,9,CLE,rec,base,9.0
2019,9,CLE,rec,rate,9.059707241910631
2019,9,CLE,rec,rate_pace,9.059707241910631
2019,9,CLE,rec,full,9.043085162131812
2019,9,CLE,rush,base,9.0
2019,9,CLE,rush,rate,9.029243119266054
2019,9,CLE,rush,rate_pace,9.029243119266054
2019,9,CLE,rush,full,9.052846495904856
2019,9,CLE,pass,base,9.0
2019,9,CLE,pass,rate,9.086231884057971
2019,9,CLE,pass,rate_pace,9.060960452004998
2019,9,CLE,pass,full,9.044126873499144
2019,9,LAC,rec,base,8.0
2019,9,LAC,rec,rate,8.005392912172573
2019,9,LAC,rec,rate_pace,8.005392912172573
2019,9,LAC,rec,full,8.060111270736082
2019,9,LAC,rush,base,8.0
2019,9,LAC,rush,rate,8.021215596330276
2019,9,LAC,rush,rate_pace,8.021215596330276
2019,9,LAC,rush,full,7.947777757975147
2019,9,LAC,pass,base,8.0
2019,9,LAC,pass,rate,8.01086956521739
2019,9,LAC,pass,rate_pace,7.897222701875822
2019,9,LAC,pass,full,7.952249465479598
2019,9,GB,rec,base,8.0
2019,9,GB,rec,rate,7.905238828967642
2019,9,GB,rec,rate_pace,7.905238828967642
2019,9,GB,rec,full,8.001567965211802
2019,9,GB,rush,base,8.0
2019,9,GB,rush,rate,7.956995412844036
2019,9,GB,rush,rate_pace,7.956995412844036
2019,9,GB,rush,full,7.830825494190414
2019,9,GB,pass,base,8.0
2019,9,GB,pass,rate,7.8630434782608685
2019,9,GB,pass,rate_pace,7.643553443042428
2019,9,GB,pass,full,7.739394216890242
2019,9,BAL,rec,base,9.0
2019,9,BAL,rec,rate,8.904083204930663
2019,9,BAL,rec,rate_pace,8.904083204930663
2019,9,BAL,rec,full,8.951145891837982
2019,9,BAL,rush,base,9.0
2019,9,BAL,rush,rate,8.986811926605505
2019,9,BAL,rush,rate_pace,8.986811926605505
2019,9,BAL,rush,full,8.979318769471483
2019,9,BAL,pass,base,9.0
2019,9,BAL,pass,rate,8.835507246376812
2019,9,BAL,pass,rate_pace,9.070647950509693
2019,9,BAL,pass,full,9.116952515956896
2019,9,NE,rec,base,8.0
2019,9,NE,rec,rate,8.061248073959938
2019,9,NE,rec,rate_pace,8.061248073959938
2019,9,NE,rec,full,8.012847863933287
2019,9,NE,rush,base,8.0
2019,9,NE,rush,rate,8.012614678899084
2019,9,NE,rush,rate_pace,8.012614678899084
2019,9,NE,rush,full,8.221850083506261
2019,9,NE,pass,base,8.0
2019,9,NE,pass,rate,8.081159420289854
2019,9,NE,pass,rate_pace,8.029217629238113
2019,9,NE,pass,full,7.981194140908741
2019,9,NYG,rec,base,8.0
2019,9,NYG,rec,rate,8.055855161787365
2019,9,NYG,rec,rate_pace,8.055855161787365
2019,9,NYG,rec,full,8.135875698240293
2019,9,NYG,rush,base,8.0
2019,9,NYG,rush,rate,7.979931192660551
2019,9,NYG,rush,rate_pace,7.979931192660551
2019,9,NYG,rush,full,7.773502257324982
2019,9,NYG,pass,base,8.0
2019,9,NYG,pass,rate,8.095652173913042
2019,9,NYG,pass,rate_pace,8.028573044185507
2019,9,NYG,pass,full,8.109187434420102
2019,9,DAL,rec,base,9.0
2019,9,DAL,rec,rate,8.862095531587057
2019,9,DAL,rec,rate_pace,8.862095531587057
2019,9,DAL,rec,full,8.90361599251058
2019,9,DAL,rush,base,9.0
2019,9,DAL,rush,rate,8.939793577981652
2019,9,DAL,rush,rate_pace,8.939793577981652
2019,9,DAL,rush,full,8.921542115514077
2019,9,DAL,pass,base,9.0
2019,9,DAL,pass,rate,8.77463768115942
2019,9,DAL,pass,rate_pace,8.788811313106862
2019,9,DAL,pass,full,8.829048383274145
2019,9,CIN,rec,base,8.0
2019,9,CIN,rec,rate,8.009244992295839
2019,9,CIN,rec,rate_pace,8.009244992295839
2019,9,CIN,rec,full,8.045554732134649
2019,9,CIN,rush,base,8.0
2019,9,CIN,rush,rate,8.05045871559633
2019,9,CIN,rush,rate_pace,8.05045871559633
2019,9,CIN,rush,full,7.87754028027312
2019,9,CIN,pass,base,8.0
2019,9,CIN,pass,rate,7.981884057971014
2019,9,CIN,pass,rate_pace,7.8458792033738955
2019,9,CIN,pass,full,7.882353863019869
2019,9,NO,rec,base,8.0
2019,9,NO,rec,rate,7.9572419106317405
2019,9,NO,rec,rate_pace,7.9572419106317405
2019,9,NO,rec,full,8.058146003350231
2019,9,NO,rush,base,8.0
2019,9,NO,rush,rate,8.049885321100916
2019,9,NO,rush,rate_pace,8.049885321100916
2019,9,NO,rush,full,8.014476754700311
2019,9,NO,pass,base,8.0
2019,9,NO,pass,rate,7.910144927536231
2019,9,NO,pass,rate_pace,7.95678361281328
2019,9,NO,pass,full,8.0579664334446
2019,9,ATL,rec,base,8.0
2019,9,ATL,rec,rate,7.904853620955315
2019,9,ATL,rec,rate_pace,7.904853620955315
2019,9,ATL,rec,full,8.167227561316897
2019,9,ATL,rush,base,8.0
2019,9,ATL,rush,rate,7.9891055045871555
2019,9,ATL,rush,rate_pace,7.9891055045871555
2019,9,ATL,rush,full,7.327316100227149
2019,9,ATL,pass,base,8.0
2019,9,ATL,pass,rate,7.844202898550724
2019,9,ATL,pass,rate_pace,7.586910444653665
2019,9,ATL,pass,full,7.8479627819444975
2019,9,LA,rec,base,8.0
2019,9,LA,rec,rate,7.878274268104776
2019,9,LA,rec,rate_pace,7.878274268104776
2019,9,LA,rec,full,7.963171556551768
2019,9,LA,rush,base,8.0
2019,9,LA,rush,rate,7.999426605504587
2019,9,LA,rush,rate_pace,7.999426605504587
2019,9,LA,rush,full,7.911541109483664
2019,9,LA,pass,base,8.0
2019,9,LA,pass,rate,7.805797101449276
2019,9,LA,pass,rate_pace,7.680423921125313
2019,9,LA,pass,full,7.764925602042746
2019,13,DET,rec,base,5.0
2019,13,DET,rec,rate,4.956521739130435
2019,13,DET,rec,rate_pace,4.956521739130435
2019,13,DET,rec,full,5.009141554582362
2019,13,DET,rush,base,5.0
2019,13,DET,rush,rate,4.935779816513762
2019,13,DET,rush,rate_pace,4.935779816513762
2019,13,DET,rush,full,4.8153057611827785
2019,13,DET,pass,base,5.0
2019,13,DET,pass,rate,4.922627737226278
2019,13,DET,pass,rate_pace,4.931274404568629
2019,13,DET,pass,full,4.984674635880488
2019,13,CHI,rec,base,5.0
2019,13,CHI,rec,rate,4.977872670807454
2019,13,CHI,rec,rate_pace,4.977872670807454
2019,13,CHI,rec,full,4.962546372424489
2019,13,CHI,rush,base,5.0
2019,13,CHI,rush,rate,5.021215596330275
2019,13,CHI,rush,rate_pace,5.021215596330275
2019,13,CHI,rush,full,5.031418101215596
2019,13,CHI,pass,base,5.0
2019,13,CHI,pass,rate,4.965693430656934
2019,13,CHI,pass,rate_pace,4.983015507287428
2019,13,CHI,pass,full,4.967603550787161
2019,13,DAL,rec,base,5.0
2019,13,DAL,rec,rate,4.900621118012422
2019,13,DAL,rec,rate_pace,4.900621118012422
2019,13,DAL,rec,full,4.88480121816675
2019,13,DAL,rush,base,5.0
2019,13,DAL,rush,rate,4.922591743119266
2019,13,DAL,rush,rate_pace,4.922591743119266
2019,13,DAL,rush,full,4.996135687430003
2019,13,DAL,pass,base,5.0
2019,13,DAL,pass,rate,4.8189781021897815
2019,13,DAL,pass,rate_pace,4.789107214831392
2019,13,DAL,pass,full,4.772973136372169
2019,13,BUF,rec,base,5.0
2019,13,BUF,rec,rate,4.899844720496894
2019,13,BUF,rec,rate_pace,4.899844720496894
2019,13,BUF,rec,full,4.871788898610522
2019,13,BUF,rush,base,5.0
2019,13,BUF,rush,rate,4.92144495412844
2019,13,BUF,rush,rate_pace,4.92144495412844
2019,13,BUF,rush,full,4.9330634237384
2019,13,BUF,pass,base,5.0
2019,13,BUF,pass,rate,4.823357664233577
2019,13,BUF,pass,rate_pace,4.88505037866934
2019,13,BUF,pass,full,4.857137569112634
2019,13,ATL,rec,base,5.0
2019,13,ATL,rec,rate,4.921583850931677
2019,13,ATL,rec,rate_pace,4.921583850931677
2019,13,ATL,rec,full,5.060368210343193
2019,13,ATL,rush,base,5.0
2019,13,ATL,rush,rate,5.047591743119266
2019,13,ATL,rush,rate_pace,5.047591743119266
2019,13,ATL,rush,full,4.734658271952071
2019,13,ATL,pass,base,5.0
2019,13,ATL,pass,rate,4.868613138686131
2019,13,ATL,pass,rate_pace,4.709499863262324
2019,13,ATL,pass,full,4.846799488335396
2019,13,NO,rec,base,5.0
2019,13,NO,rec,rate,4.938276397515528
2019,13,NO,rec,rate_pace,4.938276397515528
2019,13,NO,rec,full,5.016348316823013
2019,13,NO,rush,base,5.0
2019,13,NO,rush,rate,5.041857798165138
2019,13,NO,rush,rate_pace,5.041857798165138
2019,13,NO,rush,full,4.9596206210596705
2019,13,NO,pass,base,5.0
2019,13,NO,pass,rate,4.898540145985402
2019,13,NO,pass,rate_pace,4.882495594333353
2019,13,NO,pass,full,4.9600476956387505
2019,13,BAL,rec,base,5.0
2019,13,BAL,rec,rate,4.859083850931677
2019,13,BAL,rec,rate_pace,4.859083850931677
2019,13,BAL,rec,full,4.8719067628636745
2019,13,BAL,rush,base,5.0
2019,13,BAL,rush,rate,4.977064220183486
2019,13,BAL,rush,rate_pace,4.977064220183486
2019,13,BAL,rush,full,5.026984078938093
2019,13,BAL,pass,base,5.0
2019,13,BAL,pass,rate,4.764963503649635
2019,13,BAL,pass,rate_pace,4.963007956687045
2019,13,BAL,pass,full,4.974979840269587
2019,13,SF,rec,base,5.0
2019,13,SF,rec,rate,4.986801242236025
2019,13,SF,rec,rate_pace,4.986801242236025
2019,13,SF,rec,full,5.080291616582642
2019,13,SF,rush,base,5.0
2019,13,SF,rush,rate,4.913990825688073
2019,13,SF,rush,rate_pace,4.913990825688073
2019,13,SF,rush,full,4.8216796226886895
2019,13,SF,pass,base,5.0
2019,13,SF,pass,rate,4.954014598540146
2019,13,SF,pass,rate_pace,5.123029109518756
2019,13,SF,pass,full,5.2158316210841145
2019,13,CAR,rec,base,5.0
2019,13,CAR,rec,rate,5.010093167701863
2019,13,CAR,rec,rate_pace,5.010093167701863
2019,13,CAR,rec,full,5.0720053942890555
2019,13,CAR,rush,base,5.0
2019,13,CAR,rush,rate,4.97993119266055
2019,13,CAR,rush,rate_pace,4.97993119266055
2019,13,CAR,rush,full,4.856725705321204
2019,13,CAR,pass,base,5.0
2019,13,CAR,pass,rate,4.992700729927007
2019,13,CAR,pass,rate_pace,4.906859766547898
2019,13,CAR,pass,full,4.968327684368274
2019,13,WAS,rec,base,5.0
2019,13,WAS,rec,rate,5.035714285714286
2019,13,WAS,rec,rate_pace,5.035714285714286
2019,13,WAS,rec,full,5.000051202900797
2019,13,WAS,rush,base,5.0
2019,13,WAS,rush,rate,4.994839449541284
2019,13,WAS,rush,rate_pace,4.994839449541284
2019,13,WAS,rush,full,4.93217467726168
2019,13,WAS,pass,base,5.0
2019,13,WAS,pass,rate,5.083211678832116
2019,13,WAS,pass,rate_pace,5.2528152215511135
2019,13,WAS,pass,full,5.21678669255596
2019,13,CIN,rec,base,5.0
2019,13,CIN,rec,rate,4.948757763975156
2019,13,CIN,rec,rate_pace,4.948757763975156
2019,13,CIN,rec,full,5.0126346227625245
2019,13,CIN,rush,base,5.0
2019,13,CIN,rush,rate,5.0441513761467895
2019,13,CIN,rush,rate_pace,5.0441513761467895
2019,13,CIN,rush,full,4.864664643395438
2019,13,CIN,pass,base,5.0
2019,13,CIN,pass,rate,4.887591240875913
2019,13,CIN,pass,rate_pace,4.824529767467287
2019,13,CIN,pass,full,4.887966534550116
2019,13,NYJ,rec,base,5.0
2019,13,NYJ,rec,rate,5.020962732919254
2019,13,NYJ,rec,rate_pace,5.020962732919254
2019,13,NYJ,rec,full,5.065258733659409
2019,13,NYJ,rush,base,5.0
2019,13,NYJ,rush,rate,4.993119266055046
2019,13,NYJ,rush,rate_pace,4.993119266055046
2019,13,NYJ,rush,full,4.881906286582238
2019,13,NYJ,pass,base,5.0
2019,13,NYJ,pass,rate,5.027007299270074
2019,13,NYJ,pass,rate_pace,5.021312234471276
2019,13,NYJ,pass,full,5.065865851745438
2019,13,IND,rec,base,5.0
2019,13,IND,rec,rate,4.958850931677018
2019,13,IND,rec,rate_pace,4.958850931677018
2019,13,IND,rec,full,4.98830628122532
2019,13,IND,rush,base,5.0
2019,13,IND,rush,rate,5.044724770642201
2019,13,IND,rush,rate_pace,5.044724770642201
2019,13,IND,rush,full,5.021950540996009
2019,13,IND,pass,base,5.0
2019,13,IND,pass,rate,4.921167883211679
2019,13,IND,pass,rate_pace,4.992674978507263
2019,13,IND,pass,full,5.022090546184228
2019,13,TEN,rec,base,5.0
2019,13,TEN,rec,rate,5.050077639751553
2019,13,TEN,rec,rate_pace,5.050077639751553
2019,13,TEN,rec,full,5.0824113911532365
2019,13,TEN,rush,base,5.0
2019,13,TEN,rush,rate,4.952981651376147
2019,13,TEN,rush,rate_pace,4.952981651376147
2019,13,TEN,rush,full,4.900726071394577
2019,13,TEN,pass,base,5.0
2019,13,TEN,pass,rate,5.0715328467153284
2019,13,TEN,pass,rate_pace,5.3577666947898415
2019,13,TEN,pass,full,5.390371230073892
2019,13,JAX,rec,base,5.0
2019,13,JAX,rec,rate,5.048136645962733
2019,13,JAX,rec,rate_pace,5.048136645962733
2019,13,JAX,rec,full,5.133350247151176
2019,13,JAX,rush,base,5.0
2019,13,JAX,rush,rate,4.9598623853211015
2019,13,JAX,rush,rate_pace,4.9598623853211015
2019,13,JAX,rush,full,4.802096670996936
2019,13,JAX,pass,base,5.0
2019,13,JAX,pass,rate,5.066423357664233
2019,13,JAX,pass,rate_pace,5.01955056919103
2019,13,JAX,pass,full,5.105689768176021
2019,13,TB,rec,base,5.0
2019,13,TB,rec,rate,5.026009316770186
2019,13,TB,rec,rate_pace,5.026009316770186
2019,13,TB,rec,full,5.190654643345143
2019,13,TB,rush,base,5.0
2019,13,TB,rush,rate,5.015481651376146
2019,13,TB,rush,rate_pace,5.015481651376146
2019,13,TB,rush,full,4.720816221982068
2019,13,TB,pass,base,5.0
2019,13,TB,pass,rate,5.021897810218978
2019,13,TB,pass,rate_pace,4.884906663552551
2019,13,TB,pass,full,5.049943556364266
2019,13,MIA,rec,base,5.0
2019,13,MIA,rec,rate,5.020962732919255
2019,13,MIA,rec,rate_pace,5.020962732919255
2019,13,MIA,rec,full,5.1447524000150295
2019,13,MIA,rush,base,5.0
2019,13,MIA,rush,rate,4.947247706422019
2019,13,MIA,rush,rate_pace,4.947247706422019
2019,13,MIA,rush,full,4.6433092175952435
2019,13,MIA,pass,base,5.0
2019,13,MIA,pass,rate,5.041605839416059
2019,13,MIA,pass,rate_pace,5.060217817581954
2019,13,MIA,pass,full,5.184523862029451
2019,13,PHI,rec,base,5.0
2019,13,PHI,rec,rate,5.099767080745343
2019,13,PHI,rec,rate_pace,5.099767080745343
2019,13,PHI,rec,full,5.065115930040853
2019,13,PHI,rush,base,5.0
2019,13,PHI,rush,rate,4.967316513761468
2019,13,PHI,rush,rate_pace,4.967316513761468
2019,13,PHI,rush,full,5.074083933664573
2019,13,PHI,pass,base,5.0
2019,13,PHI,pass,rate,5.174452554744525
2019,13,PHI,pass,rate_pace,5.074129624473637
2019,13,PHI,pass,full,5.038928001643684
2019,13,NYG,rec,base,5.0
2019,13,NYG,rec,rate,5.07026397515528
2019,13,NYG,rec,rate_pace,5.07026397515528
2019,13,NYG,rec,full,5.112245651600405
2019,13,NYG,rush,base,5.0
2019,13,NYG,rush,rate,4.986238532110092
2019,13,NYG,rush,rate_pace,4.986238532110092
2019,13,NYG,rush,full,4.873547838599644
2019,13,NYG,pass,base,5.0
2019,13,NYG,pass,rate,5.124087591240876
2019,13,NYG,pass,rate_pace,5.003634442763499
2019,13,NYG,pass,full,5.046744136151571
2019,13,GB,rec,base,5.0
2019,13,GB,rec,rate,4.972049689440993
2019,13,GB,rec,rate_pace,4.972049689440993
2019,13,GB,rec,full,4.989255179265416
2019,13,GB,rush,base,5.0
2019,13,GB,rush,rate,4.9329128440366965
2019,13,GB,rush,rate_pace,4.9329128440366965
2019,13,GB,rush,full,4.947945710520877
2019,13,GB,pass,base,5.0
2019,13,GB,pass,rate,4.949635036496351
2019,13,GB,pass,rate_pace,4.83675829699772
2019,13,GB,pass,full,4.854137363630772
2019,13,PIT,rec,base,5.0
2019,13,PIT,rec,rate,4.925077639751553
2019,13,PIT,rec,rate_pace,4.925077639751553
2019,13,PIT,rec,full,4.8833319982898535
2019,13,PIT,rush,base,5.0
2019,13,PIT,rush,rate,5.001720183486238
2019,13,PIT,rush,rate_pace,5.001720183486238
2019,13,PIT,rush,full,5.074520567176072
2019,13,PIT,pass,base,5.0
2019,13,PIT,pass,rate,4.861313868613139
2019,13,PIT,pass,rate_pace,4.813685495504435
2019,13,PIT,pass,full,4.773181290139734
2019,13,CLE,rec,base,5.0
2019,13,CLE,rec,rate,5.094332298136646
2019,13,CLE,rec,rate_pace,5.094332298136646
2019,13,CLE,rec,full,5.104690576959026
2019,13,CLE,rush,base,5.0
2019,13,CLE,rush,rate,5.017775229357798
2019,13,CLE,rush,rate_pace,5.017775229357798
2019,13,CLE,rush,full,5.013204963226241
2019,13,CLE,pass,base,5.0
2019,13,CLE,pass,rate,5.176642335766424
2019,13,CLE,pass,rate_pace,5.1747578775270835
2019,13,CLE,pass,full,5.1844519933640925
2019,13,ARI,rec,base,5.0
2019,13,ARI,rec,rate,4.950310559006212
2019,13,ARI,rec,rate_pace,4.950310559006212
2019,13,ARI,rec,full,5.070749776001284
2019,13,ARI,rush,base,5.0
2019,13,ARI,rush,rate,4.945527522935779
2019,13,ARI,rush,rate_pace,4.945527522935779
2019,13,ARI,rush,full,4.676239975195382
2019,13,ARI,pass,base,5.0
2019,13,ARI,pass,rate,4.902919708029197
2019,13,ARI,pass,rate_pace,4.906974721154341
2019,13,ARI,pass,full,5.026336737884329
2019,13,LA,rec,base,5.0
2019,13,LA,rec,rate,4.957686335403727
2019,13,LA,rec,rate_pace,4.957686335403727
2019,13,LA,rec,full,5.030331045297709
2019,13,LA,rush,base,5.0
2019,13,LA,rush,rate,5.064220183486238
2019,13,LA,rush,rate_pace,5.064220183486238
2019,13,LA,rush,full,4.961944436910431
2019,13,LA,pass,base,5.0
2019,13,LA,pass,rate,4.936496350364964
2019,13,LA,pass,rate_pace,4.944038596352389
2019,13,LA,pass,full,5.016204637427467
2019,13,DEN,rec,base,5.0
2019,13,DEN,rec,rate,5.046583850931677
2019,13,DEN,rec,rate_pace,5.046583850931677
2019,13,DEN,rec,full,5.034123713177144
2019,13,DEN,rush,base,5.0
2019,13,DEN,rush,rate,4.993692660550458
2019,13,DEN,rush,rate_pace,4.993692660550458
2019,13,DEN,rush,full,4.963955099579013
2019,13,DEN,pass,base,5.0
2019,13,DEN,pass,rate,5.0715328467153284
2019,13,DEN,pass,rate_pace,5.119208138087984
2019,13,DEN,pass,full,5.10643263414303
2019,13,LAC,rec,base,5.0
2019,13,LAC,rec,rate,4.974767080745341
2019,13,LAC,rec,rate_pace,4.974767080745341
2019,13,LAC,rec,full,5.020062197985084
2019,13,LAC,rush,base,5.0
2019,13,LAC,rush,rate,5.055619266055046
2019,13,LAC,rush,rate_pace,5.055619266055046
2019,13,LAC,rush,full,4.980244001395415
2019,13,LAC,pass,base,5.0
2019,13,LAC,pass,rate,4.947445255474452
2019,13,LAC,pass,rate_pace,4.881727846216337
2019,13,LAC,pass,full,4.926669389927666
2019,13,KC,rec,base,5.0
2019,13,KC,rec,rate,4.927795031055901
2019,13,KC,rec,rate_pace,4.927795031055901
2019,13,KC,rec,full,5.030977909422145
2019,13,KC,rush,base,5.0
2019,13,KC,rush,rate,4.940940366972477
2019,13,KC,rush,rate_pace,4.940940366972477
2019,13,KC,rush,full,4.813160100410202
2019,13,KC,pass,base,5.0
2019,13,KC,pass,rate,4.862043795620439
2019,13,KC,pass,rate_pace,4.756504177511972
2019,13,KC,pass,full,4.858036362008472
2019,13,LV,rec,base,5.0
2019,13,LV,rec,rate,4.954968944099379
2019,13,LV,rec,rate_pace,4.954968944099379
2019,13,LV,rec,full,5.04559830403822
2019,13,LV,rush,base,5.0
2019,13,LV,rush,rate,5.052752293577981
2019,13,LV,rush,rate_pace,5.052752293577981
2019,13,LV,rush,full,4.893385085765434
2019,13,LV,pass,base,5.0
2019,13,LV,pass,rate,4.9145985401459855
2019,13,LV,pass,rate_pace,5.011487001478344
2019,13,LV,pass,full,5.1016363038412464
2019,13,HOU,rec,base,5.0
2019,13,HOU,rec,rate,4.898680124223603
2019,13,HOU,rec,rate_pace,4.898680124223603
2019,13,HOU,rec,full,4.943401830984573
2019,13,HOU,rush,base,5.0
2019,13,HOU,rush,rate,4.975344036697248
2019,13,HOU,rush,rate_pace,4.975344036697248
2019,13,HOU,rush,full,4.925750493284584
2019,13,HOU,pass,base,5.0
2019,13,HOU,pass,rate,4.816058394160584
2019,13,HOU,pass,rate_pace,4.7919245519249465
2019,13,HOU,pass,full,4.835857193885012
2019,13,NE,rec,base,5.0
2019,13,NE,rec,rate,5.061723602484472
2019,13,NE,rec,rate_pace,5.061723602484472
2019,13,NE,rec,full,5.038472789711141
2019,13,NE,rush,base,5.0
2019,13,NE,rush,rate,5.063646788990826
2019,13,NE,rush,rate_pace,5.063646788990826
2019,13,NE,rush,full,5.187283792799195
2019,13,NE,pass,base,5.0
2019,13,NE,pass,rate,5.091970802919708
2019,13,NE,pass,rate_pace,4.973450479227955
2019,13,NE,pass,full,4.9504532187779855
2019,13,SEA,rec,base,5.0
2019,13,SEA,rec,rate,4.920419254658385
2019,13,SEA,rec,rate_pace,4.920419254658385
2019,13,SEA,rec,full,5.012461936454188
2019,13,SEA,rush,base,5.0
2019,13,SEA,rush,rate,5.04644495412844
2019,13,SEA,rush,rate_pace,5.04644495412844
2019,13,SEA,rush,full,4.970078334787987
2019,13,SEA,pass,base,5.0
2019,13,SEA,pass,rate,4.881751824817519
2019,13,SEA,pass,rate_pace,5.006747193246332
2019,13,SEA,pass,full,5.0980557593247235
2019,13,MIN,rec,base,5.0
2019,13,MIN,rec,rate,4.995341614906832
2019,13,MIN,rec,rate_pace,4.995341614906832
2019,13,MIN,rec,full,5.02660401888087
2019,13,MIN,rush,base,5.0
2019,13,MIN,rush,rate,4.955275229357798
2019,13,MIN,rush,rate_pace,4.955275229357798
2019,13,MIN,rush,full,4.952459973615114
2019,13,MIN,pass,base,5.0
2019,13,MIN,pass,rate,4.98029197080292
2019,13,MIN,pass,rate_pace,5.187604360380516
2019,13,MIN,pass,full,5.2198800641703995
2020,1,KC,rec,base,16.0
2020,1,KC,rec,rate,16.034645669291333
2020,1,KC,rec,rate_pace,16.034645669291333
2020,1,KC,rec,full,16.35954364873685
2020,1,KC,rush,base,16.0
2020,1,KC,rush,rate,15.860599078341016
2020,1,KC,rush,rate_pace,15.860599078341016
2020,1,KC,rush,full,15.59219681240538
2020,1,KC,pass,base,16.0
2020,1,KC,pass,rate,16.031757754800594
2020,1,KC,pass,rate_pace,15.821127425512415
2020,1,KC,pass,full,16.1471296189971
2020,1,HOU,rec,base,16.0
2020,1,HOU,rec,rate,15.990551181102363
2020,1,HOU,rec,rate_pace,15.990551181102363
2020,1,HOU,rec,full,16.40084937057031
2020,1,HOU,rush,base,16.0
2020,1,HOU,rush,rate,16.090437788018434
2020,1,HOU,rush,rate_pace,16.090437788018434
2020,1,HOU,rush,full,15.442001483599777
2020,1,HOU,pass,base,16.0
2020,1,HOU,pass,rate,15.989660265878879
2020,1,HOU,pass,rate_pace,15.782267275895755
2020,1,HOU,pass,full,16.191982688866844
2020,1,ATL,rec,base,16.0
2020,1,ATL,rec,rate,15.980314960629922
2020,1,ATL,rec,rate_pace,15.980314960629922
2020,1,ATL,rec,full,16.315776482785235
2020,1,ATL,rush,base,16.0
2020,1,ATL,rush,rate,15.938940092165902
2020,1,ATL,rush,rate_pace,15.938940092165902
2020,1,ATL,rush,full,15.260610330531353
2020,1,ATL,pass,base,16.0
2020,1,ATL,pass,rate,15.962333825701625
2020,1,ATL,pass,rate_pace,15.316861376089951
2020,1,ATL,pass,full,15.65206768695837
2020,1,SEA,rec,base,16.0
2020,1,SEA,rec,rate,15.888582677165354
2020,1,SEA,rec,rate_pace,15.888582677165354
2020,1,SEA,rec,full,16.152481335234803
2020,1,SEA,rush,base,16.0
2020,1,SEA,rush,rate,15.88767281105991
2020,1,SEA,rush,rate_pace,15.88767281105991
2020,1,SEA,rush,full,15.574764840449939
2020,1,SEA,pass,base,16.0
2020,1,SEA,pass,rate,15.847119645494832
2020,1,SEA,pass,rate_pace,15.843104838465067
2020,1,SEA,pass,full,16.107993290235243
2020,1,BAL,rec,base,16.0
2020,1,BAL,rec,rate,16.040944881889764
2020,1,BAL,rec,rate_pace,16.040944881889764
2020,1,BAL,rec,full,16.224067518009722
2020,1,BAL,rush,base,16.0
2020,1,BAL,rush,rate,16.08352534562212
2020,1,BAL,rush,rate_pace,16.08352534562212
2020,1,BAL,rush,full,16.06955761006926
2020,1,BAL,pass,base,16.0
2020,1,BAL,pass,rate,16.08197932053176
2020,1,BAL,pass,rate_pace,16.598532615022194
2020,1,BAL,pass,full,16.780671530986417
2020,1,CLE,rec,base,16.0
2020,1,CLE,rec,rate,16.101181102362204
2020,1,CLE,rec,rate_pace,16.101181102362204
2020,1,CLE,rec,full,16.339872503164813
2020,1,CLE,rush,base,16.0
2020,1,CLE,rush,rate,15.922235023041477
2020,1,CLE,rush,rate_pace,15.922235023041477
2020,1,CLE,rush,full,15.495247697276108
2020,1,CLE,pass,base,16.0
2020,1,CLE,pass,rate,16.173559822747418
2020,1,CLE,pass,rate_pace,16.264703302756104
2020,1,CLE,pass,full,16.503986797246355
2020,1,BUF,rec,base,16.0
2020,1,BUF,rec,rate,15.936614173228346
2020,1,BUF,rec,rate_pace,15.936614173228346
2020,1,BUF,rec,full,15.797823972917252
2020,1,BUF,rush,base,16.0
2020,1,BUF,rush,rate,15.858870967741936
2020,1,BUF,rush,rate_pace,15.858870967741936
2020,1,BUF,rush,full,16.067503710407564
2020,1,BUF,pass,base,16.0
2020,1,BUF,pass,rate,15.857459379615953
2020,1,BUF,pass,rate_pace,15.90297756975792
2020,1,BUF,pass,full,15.76721291851729
2020,1,NYJ,rec,base,16.0
2020,1,NYJ,rec,rate,15.906299212598427
2020,1,NYJ,rec,rate_pace,15.906299212598427
2020,1,NYJ,rec,full,15.903884144469146
2020,1,NYJ,rush,base,16.0
2020,1,NYJ,rush,rate,16.032834101382488
2020,1,NYJ,rush,rate_pace,16.032834101382488
2020,1,NYJ,rush,full,15.93104354939123
2020,1,NYJ,pass,base,16.0
2020,1,NYJ,pass,rate,15.834564254062037
2020,1,NYJ,pass,rate_pace,15.99239653572849
2020,1,NYJ,pass,full,15.992252232644534
2020,1,CAR,rec,base,16.0
2020,1,CAR,rec,rate,16.06968503937008
2020,1,CAR,rec,rate_pace,16.06968503937008
2020,1,CAR,rec,full,16.47519410712351
2020,1,CAR,rush,base,16.0
2020,1,CAR,rush,rate,15.843317972350231
2020,1,CAR,rush,rate_pace,15.843317972350231
2020,1,CAR,rush,full,14.878143459703919
2020,1,CAR,pass,base,16.0
2020,1,CAR,pass,rate,16.13884785819793
2020,1,CAR,pass,rate_pace,15.663361916984735
2020,1,CAR,pass,full,16.07119933061423
2020,1,LV,rec,base,16.0
2020,1,LV,rec,rate,15.918110236220473
2020,1,LV,rec,rate_pace,15.918110236220473
2020,1,LV,rec,full,16.304467233903743
2020,1,LV,rush,base,16.0
2020,1,LV,rush,rate,15.955645161290322
2020,1,LV,rush,rate_pace,15.955645161290322
2020,1,LV,rush,full,15.355694153421936
2020,1,LV,pass,base,16.0
2020,1,LV,pass,rate,15.835302806499259
2020,1,LV,pass,rate_pace,16.17800754618476
2020,1,LV,pass,full,16.563461894778534
2020,1,DET,rec,base,16.0
2020,1,DET,rec,rate,16.048818897637798
2020,1,DET,rec,rate_pace,16.048818897637798
2020,1,DET,rec,full,16.41476839190993
2020,1,DET,rush,base,16.0
2020,1,DET,rush,rate,16.05069124423963
2020,1,DET,rush,rate_pace,16.05069124423963
2020,1,DET,rush,full,15.405000380108955
2020,1,DET,pass,base,16.0
2020,1,DET,pass,rate,16.105612998522894
2020,1,DET,pass,rate_pace,16.05431995123282
2020,1,DET,pass,full,16.42323024997734
2020,1,CHI,rec,base,16.0
2020,1,CHI,rec,rate,16.117322834645666
2020,1,CHI,rec,rate_pace,16.117322834645666
2020,1,CHI,rec,full,16.179755743314267
2020,1,CHI,rush,base,16.0
2020,1,CHI,rush,rate,15.998271889400925
2020,1,CHI,rush,rate_pace,15.998271889400925
2020,1,CHI,rush,full,15.868089940871897
2020,1,CHI,pass,base,16.0
2020,1,CHI,pass,rate,16.231905465288037
2020,1,CHI,pass,rate_pace,16.14187865579356
2020,1,CHI,pass,full,16.204226060516845
2020,1,JAX,rec,base,16.0
2020,1,JAX,rec,rate,16.13267716535433
2020,1,JAX,rec,rate_pace,16.13267716535433
2020,1,JAX,rec,full,16.33762086259319
2020,1,JAX,rush,base,16.0
2020,1,JAX,rush,rate,16.02937788018433
2020,1,JAX,rush,rate_pace,16.02937788018433
2020,1,JAX,rush,full,15.52249749134044
2020,1,JAX,pass,base,16.0
2020,1,JAX,pass,rate,16.19350073855244
2020,1,JAX,pass,rate_pace,15.785733136160951
2020,1,JAX,pass,full,15.992476477442144
2020,1,IND,rec,base,16.0
2020,1,IND,rec,rate,16.126377952755906
2020,1,IND,rec,rate_pace,16.126377952755906
2020,1,IND,rec,full,16.446170634017715
2020,1,IND,rush,base,16.0
2020,1,IND,rush,rate,16.063940092165897
2020,1,IND,rush,rate_pace,16.063940092165897
2020,1,IND,rush,full,15.7157280042909
2020,1,IND,pass,base,16.0
2020,1,IND,pass,rate,16.202363367799112
2020,1,IND,pass,rate_pace,16.49593406578139
2020,1,IND,pass,full,16.817518177452897
2020,1,MIN,rec,base,16.0
2020,1,MIN,rec,rate,16.11771653543307
2020,1,MIN,rec,rate_pace,16.11771653543307
2020,1,MIN,rec,full,16.368489472399276
2020,1,MIN,rush,base,16.0
2020,1,MIN,rush,rate,16.01267281105991
2020,1,MIN,rush,rate_pace,16.01267281105991
2020,1,MIN,rush,full,15.765285049209869
2020,1,MIN,pass,base,16.0
2020,1,MIN,pass,rate,16.175775480059087
2020,1,MIN,pass,rate_pace,16.989487918059076
2020,1,MIN,pass,full,17.242268356585072
2020,1,GB,rec,base,16.0
2020,1,GB,rec,rate,15.999999999999998
2020,1,GB,rec,rate_pace,15.999999999999998
2020,1,GB,rec,full,16.243578187968343
2020,1,GB,rush,base,16.0
2020,1,GB,rush,rate,15.9205069124424
2020,1,GB,rush,rate_pace,15.9205069124424
2020,1,GB,rush,full,15.601152765156968
2020,1,GB,pass,base,16.0
2020,1,GB,pass,rate,15.992614475627768
2020,1,GB,pass,rate_pace,16.039586603251518
2020,1,GB,pass,full,16.283501231806863
2020,1,NE,rec,base,16.0
2020,1,NE,rec,rate,15.985826771653542
2020,1,NE,rec,rate_pace,15.985826771653542
2020,1,NE,rec,full,15.926087038130495
2020,1,NE,rush,base,16.0
2020,1,NE,rush,rate,15.940092165898617
2020,1,NE,rush,rate_pace,15.940092165898617
2020,1,NE,rush,full,16.089326913748422
2020,1,NE,pass,base,16.0
2020,1,NE,pass,rate,15.942392909896602
2020,1,NE,pass,rate_pace,15.710769907373674
2020,1,NE,pass,full,15.65237725062418
2020,1,MIA,rec,base,16.0
2020,1,MIA,rec,rate,15.857874015748028
2020,1,MIA,rec,rate_pace,15.857874015748028
2020,1,MIA,rec,full,16.168798994194123
2020,1,MIA,rush,base,16.0
2020,1,MIA,rush,rate,15.946428571428573
2020,1,MIA,rush,rate_pace,15.946428571428573
2020,1,MIA,rush,full,15.1632705381261
2020,1,MIA,pass,base,16.0
2020,1,MIA,pass,rate,15.745937961595274
2020,1,MIA,pass,rate_pace,15.165368620288456
2020,1,MIA,pass,full,15.475744500685632
2020,1,WAS,rec,base,16.0
2020,1,WAS,rec,rate,16.038976377952753
2020,1,WAS,rec,rate_pace,16.038976377952753
2020,1,WAS,rec,full,16.201275904189423
2020,1,WAS,rush,base,16.0
2020,1,WAS,rush,rate,15.970622119815667
2020,1,WAS,rush,rate_pace,15.970622119815667
2020,1,WAS,rush,full,15.470609460804578
2020,1,WAS,pass,base,16.0
2020,1,WAS,pass,rate,16.079025110782865
2020,1,WAS,pass,rate_pace,16.64208172316581
2020,1,WAS,pass,full,16.803455895575688
2020,1,PHI,rec,base,16.0
2020,1,PHI,rec,rate,16.012204724409447
2020,1,PHI,rec,rate_pace,16.012204724409447
2020,1,PHI,rec,full,16.160730788135087
2020,1,PHI,rush,base,16.0
2020,1,PHI,rush,rate,16.048963133640555
2020,1,PHI,rush,rate_pace,16.048963133640555
2020,1,PHI,rush,full,15.836922366145497
2020,1,PHI,pass,base,16.0
2020,1,PHI,pass,rate,16.051698670605614
2020,1,PHI,pass,rate_pace,15.687826476814738
2020,1,PHI,pass,full,15.834542279274292
2020,1,CIN,rec,base,16.0
2020,1,CIN,rec,rate,16.02795275590551
2020,1,CIN,rec,rate_pace,16.02795275590551
2020,1,CIN,rec,full,16.205037814180812
2020,1,CIN,rush,base,16.0
2020,1,CIN,rush,rate,16.037442396313363
2020,1,CIN,rush,rate_pace,16.037442396313363
2020,1,CIN,rush,full,15.528430213240002
2020,1,CIN,pass,base,16.0
2020,1,CIN,pass,rate,16.04357459379616
2020,1,CIN,pass,rate_pace,15.615708241398725
2020,1,CIN,pass,full,15.793517946230006
2020,1,LAC,rec,base,16.0
2020,1,LAC,rec,rate,16.03346456692913
2020,1,LAC,rec,rate_pace,16.03346456692913
2020,1,LAC,rec,full,16.184224329589
2020,1,LAC,rush,base,16.0
2020,1,LAC,rush,rate,15.961405529953922
2020,1,LAC,rush,rate_pace,15.961405529953922
2020,1,LAC,rush,full,15.67439779946471
2020,1,LAC,pass,base,16.0
2020,1,LAC,pass,rate,16.06277695716396
2020,1,LAC,pass,rate_pace,15.942067461162939
2020,1,LAC,pass,full,16.09317889976032
2020,1,NO,rec,base,16.0
2020,1,NO,rec,rate,16.00511811023622
2020,1,NO,rec,rate_pace,16.00511811023622
2020,1,NO,rec,full,16.433535820713388
2020,1,NO,rush,base,16.0
2020,1,NO,rush,rate,15.925115207373272
2020,1,NO,rush,rate_pace,15.925115207373272
2020,1,NO,rush,full,15.404324146873567
2020,1,NO,pass,base,16.0
2020,1,NO,pass,rate,16.027326440177255
2020,1,NO,pass,rate_pace,16.072561270187734
2020,1,NO,pass,full,16.5023687726714
2020,1,TB,rec,base,16.0
2020,1,TB,rec,rate,16.063385826771654
2020,1,TB,rec,rate_pace,16.063385826771654
2020,1,TB,rec,full,16.418599620062594
2020,1,TB,rush,base,16.0
2020,1,TB,rush,rate,15.993663594470046
2020,1,TB,rush,rate_pace,15.993663594470046
2020,1,TB,rush,full,15.4399636545639
2020,1,TB,pass,base,16.0
2020,1,TB,pass,rate,16.133677991137372
2020,1,TB,pass,rate_pace,15.596884164185251
2020,1,TB,pass,full,15.954235123020567
2020,1,SF,rec,base,16.0
2020,1,SF,rec,rate,16.03464566929134
2020,1,SF,rec,rate_pace,16.03464566929134
2020,1,SF,rec,full,16.238365754481976
2020,1,SF,rush,base,16.0
2020,1,SF,rush,rate,15.951036866359448
2020,1,SF,rush,rate_pace,15.951036866359448
2020,1,SF,rush,full,15.875452880867082
2020,1,SF,pass,base,16.0
2020,1,SF,pass,rate,16.053914327917283
2020,1,SF,pass,rate_pace,17.063434058668953
2020,1,SF,pass,full,17.26868774826833
2020,1,ARI,rec,base,16.0
2020,1,ARI,rec,rate,15.894488188976378
2020,1,ARI,rec,rate_pace,15.894488188976378
2020,1,ARI,rec,full,16.18766394073021
2020,1,ARI,rush,base,16.0
2020,1,ARI,rush,rate,15.980990783410142
2020,1,ARI,rush,rate_pace,15.980990783410142
2020,1,ARI,rush,full,15.437078824988223
2020,1,ARI,pass,base,16.0
2020,1,ARI,pass,rate,15.802067946824227
2020,1,ARI,pass,rate_pace,15.7268200410904
2020,1,ARI,pass,full,16.019215201239085
2020,1,LA,rec,base,16.0
2020,1,LA,rec,rate,15.931102362204724
2020,1,LA,rec,rate_pace,15.931102362204724
2020,1,LA,rec,full,16.1768366360277
2020,1,LA,rush,base,16.0
2020,1,LA,rush,rate,15.899193548387096
2020,1,LA,rush,rate_pace,15.899193548387096
2020,1,LA,rush,full,15.529438942585408
2020,1,LA,pass,base,16.0
2020,1,LA,pass,rate,15.860413589364846
2020,1,LA,pass,rate_pace,15.652433318443656
2020,1,LA,pass,full,15.898224480258943
2020,1,DAL,rec,base,16.0
2020,1,DAL,rec,rate,16.065354330708658
2020,1,DAL,rec,rate_pace,16.065354330708658
2020,1,DAL,rec,full,16.31927144394882
2020,1,DAL,rush,base,16.0
2020,1,DAL,rush,rate,16.006336405529954
2020,1,DAL,rush,rate_pace,16.006336405529954
2020,1,DAL,rush,full,15.745280793915617
2020,1,DAL,pass,base,16.0
2020,1,DAL,pass,rate,16.14032496307238
2020,1,DAL,pass,rate_pace,15.954504893261996
2020,1,DAL,pass,full,16.208217606327523
2020,1,NYG,rec,base,16.0
2020,1,NYG,rec,rate,15.940157480314959
2020,1,NYG,rec,rate_pace,15.940157480314959
2020,1,NYG,rec,full,16.1851762821008
2020,1,NYG,rush,base,16.0
2020,1,NYG,rush,rate,15.954493087557603
2020,1,NYG,rush,rate_pace,15.954493087557603
2020,1,NYG,rush,full,15.319099533959438
2020,1,NYG,pass,base,16.0
2020,1,NYG,pass,rate,15.899556868537665
2020,1,NYG,pass,rate_pace,15.554673482220798
2020,1,NYG,pass,full,15.797539072043723
2020,1,PIT,rec,base,16.0
2020,1,PIT,rec,rate,16.09803149606299
2020,1,PIT,rec,rate_pace,16.09803149606299
2020,1,PIT,rec,full,16.03707369192729
2020,1,PIT,rush,base,16.0
2020,1,PIT,rush,rate,16.131912442396313
2020,1,PIT,rush,rate_pace,16.131912442396313
2020,1,PIT,rush,full,16.331129735758672
2020,1,PIT,pass,base,16.0
2020,1,PIT,pass,rate,16.153618906942395
2020,1,PIT,pass,rate_pace,16.472076339958853
2020,1,PIT,pass,full,16.408945845678318
2020,1,DEN,rec,base,16.0
2020,1,DEN,rec,rate,15.95787401574803
2020,1,DEN,rec,rate_pace,15.95787401574803
2020,1,DEN,rec,full,15.98213631287932
2020,1,DEN,rush,base,16.0
2020,1,DEN,rush,rate,15.850806451612906
2020,1,DEN,rush,rate_pace,15.850806451612906
2020,1,DEN,rush,full,15.720080425167623
2020,1,DEN,pass,base,16.0
2020,1,DEN,pass,rate,15.930576070901036
2020,1,DEN,pass,rate_pace,16.297760277958062
2020,1,DEN,pass,full,16.321822319641296
2020,1,TEN,rec,base,16.0
2020,1,TEN,rec,rate,16.059448818897636
2020,1,TEN,rec,rate_pace,16.059448818897636
2020,1,TEN,rec,full,16.217236932089747
2020,1,TEN,rush,base,16.0
2020,1,TEN,rush,rate,16.133064516129036
2020,1,TEN,rush,rate_pace,16.133064516129036
2020,1,TEN,rush,full,16.020940755854042
2020,1,TEN,pass,base,16.0
2020,1,TEN,pass,rate,16.10413589364845
2020,1,TEN,pass,rate_pace,16.918941708787745
2020,1,TEN,pass,full,17.077255202235293
2020,5,CHI,rec,base,12.0
2020,5,CHI,rec,rate,12.086448598130842
2020,5,CHI,rec,rate_pace,12.086448598130842
2020,5,CHI,rec,full,12.097046544215324
2020,5,CHI,rush,base,12.0
2020,5,CHI,rush,rate,12.09447004608295
2020,5,CHI,rush,rate_pace,12.09447004608295
2020,5,CHI,rush,full,12.0547328754946
2020,5,CHI,pass,base,12.0
2020,5,CHI,pass,rate,12.180351906158359
2020,5,CHI,pass,rate_pace,12.008243291794171
2020,5,CHI,pass,full,12.0178491480001
2020,5,TB,rec,base,12.0
2020,5,TB,rec,rate,12.085669781931465
2020,5,TB,rec,rate_pace,12.085669781931465
2020,5,TB,rec,full,12.330848082035855
2020,5,TB,rush,base,12.0
2020,5,TB,rush,rate,12.017281105990783
2020,5,TB,rush,rate_pace,12.017281105990783
2020,5,TB,rush,full,11.645344814105561
2020,5,TB,pass,base,12.0
2020,5,TB,pass,rate,12.167155425219942
2020,5,TB,pass,rate_pace,11.765680751337719
2020,5,TB,pass,full,12.013301126465162
2020,5,ATL,rec,base,12.0
2020,5,ATL,rec,rate,11.97196261682243
2020,5,ATL,rec,rate_pace,11.97196261682243
2020,5,ATL,rec,full,12.32131034840688
2020,5,ATL,rush,base,12.0
2020,5,ATL,rush,rate,11.92799539170507
2020,5,ATL,rush,rate_pace,11.92799539170507
2020,5,ATL,rush,full,11.208212054845445
2020,5,ATL,pass,base,12.0
2020,5,ATL,pass,rate,11.954545454545453
2020,5,ATL,pass,rate_pace,11.47906351416319
2020,5,ATL,pass,full,11.828449359648669
2020,5,CAR,rec,base,12.0
2020,5,CAR,rec,rate,11.996884735202492
2020,5,CAR,rec,rate_pace,11.996884735202492
2020,5,CAR,rec,full,12.28266175451818
2020,5,CAR,rush,base,12.0
2020,5,CAR,rush,rate,11.933179723502304
2020,5,CAR,rush,rate_pace,11.933179723502304
2020,5,CAR,rush,full,11.313606541816155
2020,5,CAR,pass,base,12.0
2020,5,CAR,pass,rate,12.01759530791789
2020,5,CAR,pass,rate_pace,11.728700066630209
2020,5,CAR,pass,full,12.015940786176964
2020,5,BAL,rec,base,12.0
2020,5,BAL,rec,rate,11.960280373831777
2020,5,BAL,rec,rate_pace,11.960280373831777
2020,5,BAL,rec,full,12.02477735025391
2020,5,BAL,rush,base,12.0
2020,5,BAL,rush,rate,11.964861751152075
2020,5,BAL,rush,rate_pace,11.964861751152075
2020,5,BAL,rush,full,12.044663070446706
2020,5,BAL,pass,base,12.0
2020,5,BAL,pass,rate,11.94941348973607
2020,5,BAL,pass,rate_pace,12.554009875857222
2020,5,BAL,pass,full,12.61829407214782
2020,5,CIN,rec,base,12.0
2020,5,CIN,rec,rate,11.882788161993771
2020,5,CIN,rec,rate_pace,11.882788161993771
2020,5,CIN,rec,full,12.093684809139551
2020,5,CIN,rush,base,12.0
2020,5,CIN,rush,rate,11.939516129032258
2020,5,CIN,rush,rate_pace,11.939516129032258
2020,5,CIN,rush,full,11.476631809303846
2020,5,CIN,pass,base,12.0
2020,5,CIN,pass,rate,11.815982404692079
2020,5,CIN,pass,rate_pace,11.491662667379705
2020,5,CIN,pass,full,11.702230253010779
2020,5,HOU,rec,base,12.0
2020,5,HOU,rec,rate,12.095015576323986
2020,5,HOU,rec,rate_pace,12.095015576323986
2020,5,HOU,rec,full,12.422774656317726
2020,5,HOU,rush,base,12.0
2020,5,HOU,rush,rate,12.10426267281106
2020,5,HOU,rush,rate_pace,12.10426267281106
2020,5,HOU,rush,full,11.526760686393578
2020,5,HOU,pass,base,12.0
2020,5,HOU,pass,rate,12.140029325513197
2020,5,HOU,pass,rate_pace,11.913588986477855
2020,5,HOU,pass,full,12.243987186925947
2020,5,JAX,rec,base,12.0
2020,5,JAX,rec,rate,12.004283489096572
2020,5,JAX,rec,rate_pace,12.004283489096572
2020,5,JAX,rec,full,12.25243839293251
2020,5,JAX,rush,base,12.0
2020,5,JAX,rush,rate,12.050691244239633
2020,5,JAX,rush,rate_pace,12.050691244239633
2020,5,JAX,rush,full,11.463459482931167
2020,5,JAX,pass,base,12.0
2020,5,JAX,pass,rate,11.997800586510264
2020,5,JAX,pass,rate_pace,11.61638762217887
2020,5,JAX,pass,full,11.865856412035503
2020,5,KC,rec,base,12.0
2020,5,KC,rec,rate,12.049454828660437
2020,5,KC,rec,rate_pace,12.049454828660437
2020,5,KC,rec,full,12.217289496105211
2020,5,KC,rush,base,12.0
2020,5,KC,rush,rate,11.861175115207374
2020,5,KC,rush,rate_pace,11.861175115207374
2020,5,KC,rush,full,11.87124353851436
2020,5,KC,pass,base,12.0
2020,5,KC,pass,rate,12.069648093841643
2020,5,KC,pass,rate_pace,11.998269221840019
2020,5,KC,pass,full,12.168018563840288
2020,5,LV,rec,base,12.0
2020,5,LV,rec,rate,11.949766355140188
2020,5,LV,rec,rate_pace,11.949766355140188
2020,5,LV,rec,full,12.269834907612076
2020,5,LV,rush,base,12.0
2020,5,LV,rush,rate,11.924539170506915
2020,5,LV,rush,rate_pace,11.924539170506915
2020,5,LV,rush,full,11.456887516276675
2020,5,LV,pass,base,12.0
2020,5,LV,pass,rate,11.889296187683286
2020,5,LV,pass,rate_pace,12.144725543376651
2020,5,LV,pass,full,12.465063491651097
2020,5,NYJ,rec,base,12.0
2020,5,NYJ,rec,rate,12.019080996884737
2020,5,NYJ,rec,rate_pace,12.019080996884737
2020,5,NYJ,rec,full,12.174049955989629
2020,5,NYJ,rush,base,12.0
2020,5,NYJ,rush,rate,12.05990783410138
2020,5,NYJ,rush,rate_pace,12.05990783410138
2020,5,NYJ,rush,full,11.655702361277118
2020,5,NYJ,pass,base,12.0
2020,5,NYJ,pass,rate,12.038123167155426
2020,5,NYJ,pass,rate_pace,12.09579532318013
2020,5,NYJ,pass,full,12.251837668821128
2020,5,ARI,rec,base,12.0
2020,5,ARI,rec,rate,11.95716510903427
2020,5,ARI,rec,rate_pace,11.95716510903427
2020,5,ARI,rec,full,12.165984261601231
2020,5,ARI,rush,base,12.0
2020,5,ARI,rush,rate,11.923963133640555
2020,5,ARI,rush,rate_pace,11.923963133640555
2020,5,ARI,rush,full,11.59028564676497
2020,5,ARI,pass,base,12.0
2020,5,ARI,pass,rate,11.912756598240472
2020,5,ARI,pass,rate_pace,12.046814458089179
2020,5,ARI,pass,full,12.255913646580298
2020,5,PIT,rec,base,13.0
2020,5,PIT,rec,rate,12.957165109034266
2020,5,PIT,rec,rate_pace,12.957165109034266
2020,5,PIT,rec,full,12.963811928583198
2020,5,PIT,rush,base,13.0
2020,5,PIT,rush,rate,13.130184331797235
2020,5,PIT,rush,rate_pace,13.130184331797235
2020,5,PIT,rush,full,13.205106507180433
2020,5,PIT,pass,base,13.0
2020,5,PIT,pass,rate,12.937683284457478
2020,5,PIT,pass,rate_pace,13.272297869030538
2020,5,PIT,pass,full,13.277883888671669
2020,5,PHI,rec,base,12.0
2020,5,PHI,rec,rate,11.938862928348907
2020,5,PHI,rec,rate_pace,11.938862928348907
2020,5,PHI,rec,full,12.095545653036103
2020,5,PHI,rush,base,12.0
2020,5,PHI,rush,rate,11.944700460829493
2020,5,PHI,rush,rate_pace,11.944700460829493
2020,5,PHI,rush,full,11.647878047890917
2020,5,PHI,pass,base,12.0
2020,5,PHI,pass,rate,11.923753665689151
2020,5,PHI,pass,rate_pace,11.623454344696745
2020,5,PHI,pass,full,11.779467358424505
2020,5,WAS,rec,base,12.0
2020,5,WAS,rec,rate,11.997274143302183
2020,5,WAS,rec,rate_pace,11.997274143302183
2020,5,WAS,rec,full,12.183818216336686
2020,5,WAS,rush,base,12.0
2020,5,WAS,rush,rate,11.950460829493089
2020,5,WAS,rush,rate_pace,11.950460829493089
2020,5,WAS,rush,full,11.537587998670622
2020,5,WAS,pass,base,12.0
2020,5,WAS,pass,rate,11.997800586510264
2020,5,WAS,pass,rate_pace,12.443256010762472
2020,5,WAS,pass,full,12.629914900172064
2020,5,LA,rec,base,12.0
2020,5,LA,rec,rate,11.980529595015577
2020,5,LA,rec,rate_pace,11.980529595015577
2020,5,LA,rec,full,12.12280103817988
2020,5,LA,rush,base,12.0
2020,5,LA,rush,rate,11.929723502304146
2020,5,LA,rush,rate_pace,11.929723502304146
2020,5,LA,rush,full,11.767523853672477
2020,5,LA,pass,base,12.0
2020,5,LA,pass,rate,11.920821114369502
2020,5,LA,pass,rate_pace,11.898435894138476
2020,5,LA,pass,full,12.04049671943519
2020,5,SF,rec,base,12.0
2020,5,SF,rec,rate,12.005841121495326
2020,5,SF,rec,rate_pace,12.005841121495326
2020,5,SF,rec,full,12.185715738527268
2020,5,SF,rush,base,12.0
2020,5,SF,rush,rate,12.027649769585253
2020,5,SF,rush,rate_pace,12.027649769585253
2020,5,SF,rush,full,11.900139741465946
2020,5,SF,pass,base,12.0
2020,5,SF,pass,rate,12.027126099706745
2020,5,SF,pass,rate_pace,12.594476003713334
2020,5,SF,pass,full,12.775051002459941
2020,5,MIA,rec,base,12.0
2020,5,MIA,rec,rate,11.912772585669781
2020,5,MIA,rec,rate_pace,11.912772585669781
2020,5,MIA,rec,full,12.146789792380307
2020,5,MIA,rush,base,12.0
2020,5,MIA,rush,rate,11.93778801843318
2020,5,MIA,rush,rate_pace,11.93778801843318
2020,5,MIA,rush,full,11.417370499761704
2020,5,MIA,pass,base,12.0
2020,5,MIA,pass,rate,11.825513196480939
2020,5,MIA,pass,rate_pace,11.477581040136684
2020,5,MIA,pass,full,11.71063396650081
2020,5,CLE,rec,base,12.0
2020,5,CLE,rec,rate,11.973520249221185
2020,5,CLE,rec,rate_pace,11.973520249221185
2020,5,CLE,rec,full,12.254454739394584
2020,5,CLE,rush,base,12.0
2020,5,CLE,rush,rate,11.887672811059907
2020,5,CLE,rush,rate_pace,11.887672811059907
2020,5,CLE,rush,full,11.49895005417004
2020,5,CLE,pass,base,12.0
2020,5,CLE,pass,rate,11.959677419354836
2020,5,CLE,pass,rate_pace,12.181014547251994
2020,5,CLE,pass,full,12.462996633405682
2020,5,IND,rec,base,12.0
2020,5,IND,rec,rate,12.124999999999998
2020,5,IND,rec,rate_pace,12.124999999999998
2020,5,IND,rec,full,12.295732017125415
2020,5,IND,rush,base,12.0
2020,5,IND,rush,rate,12.153225806451614
2020,5,IND,rush,rate_pace,12.153225806451614
2020,5,IND,rush,full,12.02968421092026
2020,5,IND,pass,base,12.0
2020,5,IND,pass,rate,12.208944281524927
2020,5,IND,pass,rate_pace,12.445661346812967
2020,5,IND,pass,full,12.618095055432438
2020,5,DAL,rec,base,12.0
2020,5,DAL,rec,rate,11.902647975077883
2020,5,DAL,rec,rate_pace,11.902647975077883
2020,5,DAL,rec,full,12.187670921572172
2020,5,DAL,rush,base,12.0
2020,5,DAL,rush,rate,11.930299539170505
2020,5,DAL,rush,rate_pace,11.930299539170505
2020,5,DAL,rush,full,11.47698489786598
2020,5,DAL,pass,base,12.0
2020,5,DAL,pass,rate,11.876099706744869
2020,5,DAL,pass,rate_pace,11.459714811573441
2020,5,DAL,pass,full,11.74352798206553
2020,5,NYG,rec,base,12.0
2020,5,NYG,rec,rate,11.976246105919003
2020,5,NYG,rec,rate_pace,11.976246105919003
2020,5,NYG,rec,full,12.097305023152371
2020,5,NYG,rush,base,12.0
2020,5,NYG,rush,rate,12.0
2020,5,NYG,rush,rate_pace,12.0
2020,5,NYG,rush,full,11.612470903715426
2020,5,NYG,pass,base,12.0
2020,5,NYG,pass,rate,11.987536656891493
2020,5,NYG,pass,rate_pace,11.824781977855336
2020,5,NYG,pass,full,11.945609380835538
2020,5,SEA,rec,base,12.0
2020,5,SEA,rec,rate,11.89057632398754
2020,5,SEA,rec,rate_pace,11.89057632398754
2020,5,SEA,rec,full,12.115455083252073
2020,5,SEA,rush,base,12.0
2020,5,SEA,rush,rate,11.923963133640553
2020,5,SEA,rush,rate_pace,11.923963133640553
2020,5,SEA,rush,full,11.68012030475891
2020,5,SEA,pass,base,12.0
2020,5,SEA,pass,rate,11.839442815249267
2020,5,SEA,pass,rate_pace,11.883871829439624
2020,5,SEA,pass,full,12.108226954100854
2020,5,MIN,rec,base,12.0
2020,5,MIN,rec,rate,12.115264797507786
2020,5,MIN,rec,rate_pace,12.115264797507786
2020,5,MIN,rec,full,12.451027209110396
2020,5,MIN,rush,base,12.0
2020,5,MIN,rush,rate,12.00115207373272
2020,5,MIN,rush,rate_pace,12.00115207373272
2020,5,MIN,rush,full,11.623540405591672
2020,5,MIN,pass,base,12.0
2020,5,MIN,pass,rate,12.178152492668621
2020,5,MIN,pass,rate_pace,12.852287054543364
2020,5,MIN,pass,full,13.191881225616768
2020,5,NO,rec,base,12.0
2020,5,NO,rec,rate,11.97196261682243
2020,5,NO,rec,rate_pace,11.97196261682243
2020,5,NO,rec,full,12.307315328934886
2020,5,NO,rush,base,12.0
2020,5,NO,rush,rate,12.040898617511521
2020,5,NO,rush,rate_pace,12.040898617511521
2020,5,NO,rush,full,11.645350039300656
2020,5,NO,pass,base,12.0
2020,5,NO,pass,rate,11.938416422287391
2020,5,NO,pass,rate_pace,12.054079840598128
2020,5,NO,pass,full,12.389166664036496
2020,5,LAC,rec,base,12.0
2020,5,LAC,rec,rate,12.021028037383179
2020,5,LAC,rec,rate_pace,12.021028037383179
2020,5,LAC,rec,full,12.126479145245913
2020,5,LAC,rush,base,12.0
2020,5,LAC,rush,rate,11.961981566820278
2020,5,LAC,rush,rate_pace,11.961981566820278
2020,5,LAC,rush,full,11.762669452412634
2020,5,LAC,pass,base,12.0
2020,5,LAC,pass,rate,12.035190615835777
2020,5,LAC,pass,rate_pace,12.014494774581737
2020,5,LAC,pass,full,12.121304667933446
2020,5,TEN,rec,base,13.0
2020,5,TEN,rec,rate,13.023364485981308
2020,5,TEN,rec,rate_pace,13.023364485981308
2020,5,TEN,rec,full,13.223270281793612
2020,5,TEN,rush,base,13.0
2020,5,TEN,rush,rate,13.078341013824886
2020,5,TEN,rush,rate_pace,13.078341013824886
2020,5,TEN,rush,full,12.896589374192157
2020,5,TEN,pass,base,13.0
2020,5,TEN,pass,rate,13.043255131964811
2020,5,TEN,pass,rate_pace,13.68060155558315
2020,5,TEN,pass,full,13.881823253173682
2020,5,BUF,rec,base,12.0
2020,5,BUF,rec,rate,11.896417445482868
2020,5,BUF,rec,rate_pace,11.896417445482868
2020,5,BUF,rec,full,11.926218921744272
2020,5,BUF,rush,base,12.0
2020,5,BUF,rush,rate,11.960829493087557
2020,5,BUF,rush,rate_pace,11.960829493087557
2020,5,BUF,rush,full,11.941456019136002
2020,5,BUF,pass,base,12.0
2020,5,BUF,pass,rate,11.782991202346041
2020,5,BUF,pass,rate_pace,11.909948811323385
2020,5,BUF,pass,full,11.940511631836634
2020,5,DET,rec,base,12.0
2020,5,DET,rec,rate,12.088006230529594
2020,5,DET,rec,rate_pace,12.088006230529594
2020,5,DET,rec,full,12.447524266282477
2020,5,DET,rush,base,12.0
2020,5,DET,rush,rate,12.08064516129032
2020,5,DET,rush,rate_pace,12.08064516129032
2020,5,DET,rush,full,11.418054344704482
2020,5,DET,pass,base,12.0
2020,5,DET,pass,rate,12.163489736070382
2020,5,DET,pass,rate_pace,12.07968027809116
2020,5,DET,pass,full,12.443296228051603
2020,5,NE,rec,base,12.0
2020,5,NE,rec,rate,11.910046728971963
2020,5,NE,rec,rate_pace,11.910046728971963
2020,5,NE,rec,full,11.830041846837299
2020,5,NE,rush,base,12.0
2020,5,NE,rush,rate,11.923963133640552
2020,5,NE,rush,rate_pace,11.923963133640552
2020,5,NE,rush,full,12.09022716446279
2020,5,NE,pass,base,12.0
2020,5,NE,pass,rate,11.823313782991201
2020,5,NE,pass,rate_pace,11.736174034828432
2020,5,NE,pass,full,11.657090344079881
2020,5,DEN,rec,base,12.0
2020,5,DEN,rec,rate,11.990264797507788
2020,5,DEN,rec,rate_pace,11.990264797507788
2020,5,DEN,rec,full,12.02913583519552
2020,5,DEN,rush,base,12.0
2020,5,DEN,rush,rate,12.060483870967742
2020,5,DEN,rush,rate_pace,12.060483870967742
2020,5,DEN,rush,full,11.882186417971939
2020,5,DEN,pass,base,12.0
2020,5,DEN,pass,rate,11.998533724340177
2020,5,DEN,pass,rate_pace,12.193492140367068
2020,5,DEN,pass,full,12.232221279335707
2020,5,GB,rec,base,12.0
2020,5,GB,rec,rate,12.018302180685358
2020,5,GB,rec,rate_pace,12.018302180685358
2020,5,GB,rec,full,12.239060629834508
2020,5,GB,rush,base,12.0
2020,5,GB,rush,rate,12.009216589861751
2020,5,GB,rush,rate_pace,12.009216589861751
2020,5,GB,rush,full,11.781705852580245
2020,5,GB,pass,base,12.0
2020,5,GB,pass,rate,12.005865102639296
2020,5,GB,pass,rate_pace,12.043180024657993
2020,5,GB,pass,full,12.26503725161395
2020,9,SF,rec,base,8.0
2020,9,SF,rec,rate,7.946957878315132
2020,9,SF,rec,rate_pace,7.946957878315132
2020,9,SF,rec,full,8.015923543681275
2020,9,SF,rush,base,8.0
2020,9,SF,rush,rate,8.031609195402298
2020,9,SF,rush,rate_pace,8.031609195402298
2020,9,SF,rush,full,7.987250196562172
2020,9,SF,pass,base,8.0
2020,9,SF,pass,rate,7.925844346549193
2020,9,SF,pass,rate_pace,8.378635290907898
2020,9,SF,pass,full,8.447745920175795
2020,9,GB,rec,base,9.0
2020,9,GB,rec,rate,9.024960998439939
2020,9,GB,rec,rate_pace,9.024960998439939
2020,9,GB,rec,full,9.151646819128235
2020,9,GB,rush,base,9.0
2020,9,GB,rush,rate,8.967241379310344
2020,9,GB,rush,rate_pace,8.967241379310344
2020,9,GB,rush,full,8.849180671723621
2020,9,GB,pass,base,9.0
2020,9,GB,pass,rate,8.982378854625551
2020,9,GB,pass,rate_pace,8.986259572804931
2020,9,GB,pass,full,9.112982025375771
2020,9,ATL,rec,base,8.0
2020,9,ATL,rec,rate,7.916536661466459
2020,9,ATL,rec,rate_pace,7.916536661466459
2020,9,ATL,rec,full,8.156053838510656
2020,9,ATL,rush,base,8.0
2020,9,ATL,rush,rate,7.843678160919541
2020,9,ATL,rush,rate_pace,7.843678160919541
2020,9,ATL,rush,full,7.38733996690354
2020,9,ATL,pass,base,8.0
2020,9,ATL,pass,rate,7.85022026431718
2020,9,ATL,pass,rate_pace,7.630559599476696
2020,9,ATL,pass,full,7.868120797499598
2020,9,DEN,rec,base,9.0
2020,9,DEN,rec,rate,9.030421216848675
2020,9,DEN,rec,rate_pace,9.030421216848675
2020,9,DEN,rec,full,9.052684668759095
2020,9,DEN,rush,base,9.0
2020,9,DEN,rush,rate,9.050574712643678
2020,9,DEN,rush,rate_pace,9.050574712643678
2020,9,DEN,rush,full,8.94570887481289
2020,9,DEN,pass,base,9.0
2020,9,DEN,pass,rate,9.04258443465492
2020,9,DEN,pass,rate_pace,9.163549943020614
2020,9,DEN,pass,full,9.185627845292439
2020,9,BUF,rec,base,8.0
2020,9,BUF,rec,rate,7.966068642745711
2020,9,BUF,rec,rate_pace,7.966068642745711
2020,9,BUF,rec,full,7.97655824887813
2020,9,BUF,rush,base,8.0
2020,9,BUF,rush,rate,7.971264367816092
2020,9,BUF,rush,rate_pace,7.971264367816092
2020,9,BUF,rush,full,7.966974123299857
2020,9,BUF,pass,base,8.0
2020,9,BUF,pass,rate,7.920704845814978
2020,9,BUF,pass,rate_pace,7.98794073032978
2020,9,BUF,pass,full,7.998341960868625
2020,9,SEA,rec,base,9.0
2020,9,SEA,rec,rate,8.896645865834634
2020,9,SEA,rec,rate_pace,8.896645865834634
2020,9,SEA,rec,full,9.038935943554726
2020,9,SEA,rush,base,9.0
2020,9,SEA,rush,rate,8.918390804597703
2020,9,SEA,rush,rate_pace,8.918390804597703
2020,9,SEA,rush,full,8.766242449092447
2020,9,SEA,pass,base,9.0
2020,9,SEA,pass,rate,8.8215859030837
2020,9,SEA,pass,rate_pace,8.75497979750004
2020,9,SEA,pass,full,8.89610607455931
2020,9,IND,rec,base,9.0
2020,9,IND,rec,rate,9.042121684867393
2020,9,IND,rec,rate_pace,9.042121684867393
2020,9,IND,rec,full,9.22421456843741
2020,9,IND,rush,base,9.0
2020,9,IND,rush,rate,9.161494252873563
2020,9,IND,rush,rate_pace,9.161494252873563
2020,9,IND,rush,full,8.989297590068393
2020,9,IND,pass,base,9.0
2020,9,IND,pass,rate,9.058737151248165
2020,9,IND,pass,rate_pace,9.300195820524388
2020,9,IND,pass,full,9.482202923001088
2020,9,BAL,rec,base,9.0
2020,9,BAL,rec,rate,9.03393135725429
2020,9,BAL,rec,rate_pace,9.03393135725429
2020,9,BAL,rec,full,9.045628772679645
2020,9,BAL,rush,base,9.0
2020,9,BAL,rush,rate,8.973563218390805
2020,9,BAL,rush,rate_pace,8.973563218390805
2020,9,BAL,rush,full,9.068617890578288
2020,9,BAL,pass,base,9.0
2020,9,BAL,pass,rate,9.061674008810574
2020,9,BAL,pass,rate_pace,9.498227313418754
2020,9,BAL,pass,full,9.509169875707586
2020,9,JAX,rec,base,9.0
2020,9,JAX,rec,rate,8.923946957878314
2020,9,JAX,rec,rate_pace,8.923946957878314
2020,9,JAX,rec,full,9.065782638344924
2020,9,JAX,rush,base,9.0
2020,9,JAX,rush,rate,9.038505747126436
2020,9,JAX,rush,rate_pace,9.038505747126436
2020,9,JAX,rush,full,8.565785308513744
2020,9,JAX,pass,base,9.0
2020,9,JAX,pass,rate,8.868575624082233
2020,9,JAX,pass,rate_pace,8.572492945435176
2020,9,JAX,pass,full,8.714218484529063
2020,9,HOU,rec,base,9.0
2020,9,HOU,rec,rate,9.079953198127924
2020,9,HOU,rec,rate_pace,9.079953198127924
2020,9,HOU,rec,full,9.33936951234172
2020,9,HOU,rush,base,9.0
2020,9,HOU,rush,rate,8.950000000000001
2020,9,HOU,rush,rate_pace,8.950000000000001
2020,9,HOU,rush,full,8.489498836763229
2020,9,HOU,pass,base,9.0
2020,9,HOU,pass,rate,9.119676945668136
2020,9,HOU,pass,rate_pace,8.981885764960595
2020,9,HOU,pass,full,9.242839178582377
2020,9,KC,rec,base,8.0
2020,9,KC,rec,rate,8.029251170046802
2020,9,KC,rec,rate_pace,8.029251170046802
2020,9,KC,rec,full,8.17942675075331
2020,9,KC,rush,base,8.0
2020,9,KC,rush,rate,7.968390804597702
2020,9,KC,rush,rate_pace,7.968390804597702
2020,9,KC,rush,full,7.90093213459273
2020,9,KC,pass,base,8.0
2020,9,KC,pass,rate,8.036710719530102
2020,9,KC,pass,rate_pace,8.029171574926284
2020,9,KC,pass,full,8.179796907265533
2020,9,CAR,rec,base,8.0
2020,9,CAR,rec,rate,7.968798751950078
2020,9,CAR,rec,rate_pace,7.968798751950078
2020,9,CAR,rec,full,8.12470870974309
2020,9,CAR,rush,base,8.0
2020,9,CAR,rush,rate,7.944252873563219
2020,9,CAR,rush,rate_pace,7.944252873563219
2020,9,CAR,rush,full,7.584780622931315
2020,9,CAR,pass,base,8.0
2020,9,CAR,pass,rate,7.9684287812041115
2020,9,CAR,pass,rate_pace,7.772445410849539
2020,9,CAR,pass,full,7.928295756096808
2020,9,MIN,rec,base,9.0
2020,9,MIN,rec,rate,9.033541341653665
2020,9,MIN,rec,rate_pace,9.033541341653665
2020,9,MIN,rec,full,9.205769278162087
2020,9,MIN,rush,base,9.0
2020,9,MIN,rush,rate,8.929310344827586
2020,9,MIN,rush,rate_pace,8.929310344827586
2020,9,MIN,rush,full,8.752217052229128
2020,9,MIN,pass,base,9.0
2020,9,MIN,pass,rate,9.027165932452277
2020,9,MIN,pass,rate_pace,9.525957240957585
2020,9,MIN,pass,full,9.699465380213638
2020,9,DET,rec,base,9.0
2020,9,DET,rec,rate,9.02145085803432
2020,9,DET,rec,rate_pace,9.02145085803432
2020,9,DET,rec,full,9.236882002076396
2020,9,DET,rush,base,9.0
2020,9,DET,rush,rate,9.078735632183907
2020,9,DET,rush,rate_pace,9.078735632183907
2020,9,DET,rush,full,8.696277404097453
2020,9,DET,pass,base,9.0
2020,9,DET,pass,rate,9.02863436123348
2020,9,DET,pass,rate_pace,9.014236562974856
2020,9,DET,pass,full,9.230706466000063
2020,9,TEN,rec,base,9.0
2020,9,TEN,rec,rate,9.014430577223088
2020,9,TEN,rec,rate_pace,9.014430577223088
2020,9,TEN,rec,full,9.229817912051255
2020,9,TEN,rush,base,9.0
2020,9,TEN,rush,rate,9.010919540229885
2020,9,TEN,rush,rate_pace,9.010919540229885
2020,9,TEN,rush,full,8.81648417654184
2020,9,TEN,pass,base,9.0
2020,9,TEN,pass,rate,9.018355359765053
2020,9,TEN,pass,rate_pace,9.556710289453887
2020,9,TEN,pass,full,9.772514187570343
2020,9,CHI,rec,base,8.0
2020,9,CHI,rec,rate,8.119734789391575
2020,9,CHI,rec,rate_pace,8.119734789391575
2020,9,CHI,rec,full,8.063500608128658
2020,9,CHI,rush,base,8.0
2020,9,CHI,rush,rate,8.117241379310345
2020,9,CHI,rush,rate_pace,8.117241379310345
2020,9,CHI,rush,full,8.21044856127611
2020,9,CHI,pass,base,8.0
2020,9,CHI,pass,rate,8.2143906020558
2020,9,CHI,pass,rate_pace,8.042532708760803
2020,9,CHI,pass,full,7.985127649038263
2020,9,WAS,rec,base,9.0
2020,9,WAS,rec,rate,9.019110764430577
2020,9,WAS,rec,rate_pace,9.019110764430577
2020,9,WAS,rec,full,9.070655259056725
2020,9,WAS,rush,base,9.0
2020,9,WAS,rush,rate,8.952298850574714
2020,9,WAS,rush,rate_pace,8.952298850574714
2020,9,WAS,rush,full,8.803258524558169
2020,9,WAS,pass,base,9.0
2020,9,WAS,pass,rate,9.01027900146843
2020,9,WAS,pass,rate_pace,9.24219754226882
2020,9,WAS,pass,full,9.294121066151687
2020,9,NYG,rec,base,8.0
2020,9,NYG,rec,rate,7.97386895475819
2020,9,NYG,rec,rate_pace,7.97386895475819
2020,9,NYG,rec,full,8.044343432163329
2020,9,NYG,rush,base,8.0
2020,9,NYG,rush,rate,8.07241379310345
2020,9,NYG,rush,rate_pace,8.07241379310345
2020,9,NYG,rush,full,7.855947989392346
2020,9,NYG,pass,base,8.0
2020,9,NYG,pass,rate,7.960352422907489
2020,9,NYG,pass,rate_pace,7.891105539859939
2020,9,NYG,pass,full,7.961665471884365
2020,9,LAC,rec,base,9.0
2020,9,LAC,rec,rate,9.049531981279252
2020,9,LAC,rec,rate_pace,9.049531981279252
2020,9,LAC,rec,full,9.180176739415078
2020,9,LAC,rush,base,9.0
2020,9,LAC,rush,rate,9.005747126436782
2020,9,LAC,rush,rate_pace,9.005747126436782
2020,9,LAC,rush,full,8.81834436006993
2020,9,LAC,pass,base,9.0
2020,9,LAC,pass,rate,9.079295154185022
2020,9,LAC,pass,rate_pace,9.023296122230509
2020,9,LAC,pass,full,9.154607948953927
2020,9,LV,rec,base,9.0
2020,9,LV,rec,rate,8.994929797191888
2020,9,LV,rec,rate_pace,8.994929797191888
2020,9,LV,rec,full,9.162334307605887
2020,9,LV,rush,base,9.0
2020,9,LV,rush,rate,8.955172413793104
2020,9,LV,rush,rate_pace,8.955172413793104
2020,9,LV,rush,full,8.725463914415409
2020,9,LV,pass,base,9.0
2020,9,LV,pass,rate,8.948604992657856
2020,9,LV,pass,rate_pace,9.131430082985691
2020,9,LV,pass,full,9.298221792853276
2020,9,ARI,rec,base,9.0
2020,9,ARI,rec,rate,8.91653666146646
2020,9,ARI,rec,rate_pace,8.91653666146646
2020,9,ARI,rec,full,8.990459144291929
2020,9,ARI,rush,base,9.0
2020,9,ARI,rush,rate,8.950000000000001
2020,9,ARI,rush,rate_pace,8.950000000000001
2020,9,ARI,rush,full,8.869472411838045
2020,9,ARI,pass,base,9.0
2020,9,ARI,pass,rate,8.850954478707784
2020,9,ARI,pass,rate_pace,8.96061222600848
2020,9,ARI,pass,full,9.034111070947196
2020,9,MIA,rec,base,9.0
2020,9,MIA,rec,rate,9.019890795631827
2020,9,MIA,rec,rate_pace,9.019890795631827
2020,9,MIA,rec,full,8.993419100947795
2020,9,MIA,rush,base,9.0
2020,9,MIA,rush,rate,9.010919540229885
2020,9,MIA,rush,rate_pace,9.010919540229885
2020,9,MIA,rush,full,9.00356701807502
2020,9,MIA,pass,base,9.0
2020,9,MIA,pass,rate,9.01027900146843
2020,9,MIA,pass,rate_pace,8.824886896471408
2020,9,MIA,pass,full,8.798125531714595
2020,9,DAL,rec,base,8.0
2020,9,DAL,rec,rate,7.908736349453978
2020,9,DAL,rec,rate_pace,7.908736349453978
2020,9,DAL,rec,full,8.012005880450616
2020,9,DAL,rush,base,8.0
2020,9,DAL,rush,rate,7.954022988505747
2020,9,DAL,rush,rate_pace,7.954022988505747
2020,9,DAL,rush,full,7.675088345051465
2020,9,DAL,pass,base,8.0
2020,9,DAL,pass,rate,7.866372980910427
2020,9,DAL,pass,rate_pace,7.549473419747214
2020,9,DAL,pass,full,7.651737524739389
2020,9,PIT,rec,base,9.0
2020,9,PIT,rec,rate,9.001560062402497
2020,9,PIT,rec,rate_pace,9.001560062402497
2020,9,PIT,rec,full,8.990551094375613
2020,9,PIT,rush,base,9.0
2020,9,PIT,rush,rate,9.080459770114944
2020,9,PIT,rush,rate_pace,9.080459770114944
2020,9,PIT,rush,full,9.201283312198735
2020,9,PIT,pass,base,9.0
2020,9,PIT,pass,rate,9.018355359765051
2020,9,PIT,pass,rate_pace,9.088583055783788
2020,9,PIT,pass,full,9.07689964480677
2020,9,TB,rec,base,8.0
2020,9,TB,rec,rate,8.026911076443058
2020,9,TB,rec,rate_pace,8.026911076443058
2020,9,TB,rec,full,8.187176704575453
2020,9,TB,rush,base,8.0
2020,9,TB,rush,rate,8.026436781609195
2020,9,TB,rush,rate_pace,8.026436781609195
2020,9,TB,rush,full,7.81886150722016
2020,9,TB,pass,base,8.0
2020,9,TB,pass,rate,8.057268722466961
2020,9,TB,pass,rate_pace,7.903704719802874
2020,9,TB,pass,full,8.064681758374476
2020,9,NO,rec,base,9.0
2020,9,NO,rec,rate,8.991419656786272
2020,9,NO,rec,rate_pace,8.991419656786272
2020,9,NO,rec,full,9.26090921344331
2020,9,NO,rush,base,9.0
2020,9,NO,rush,rate,8.998850574712643
2020,9,NO,rush,rate_pace,8.998850574712643
2020,9,NO,rush,full,8.638481221118239
2020,9,NO,pass,base,9.0
2020,9,NO,pass,rate,8.972099853157122
2020,9,NO,pass,rate_pace,9.048622397458072
2020,9,NO,pass,full,9.317586708219277
2020,9,NYJ,rec,base,8.0
2020,9,NYJ,rec,rate,8.01638065522621
2020,9,NYJ,rec,rate_pace,8.01638065522621
2020,9,NYJ,rec,full,8.039852751888363
2020,9,NYJ,rush,base,8.0
2020,9,NYJ,rush,rate,8.028735632183908
2020,9,NYJ,rush,rate_pace,8.028735632183908
2020,9,NYJ,rush,full,7.880097584966627
2020,9,NYJ,pass,base,8.0
2020,9,NYJ,pass,rate,8.024229074889869
2020,9,NYJ,pass,rate_pace,8.037168455675936
2020,9,NYJ,pass,full,8.060248850949511
2020,9,NE,rec,base,9.0
2020,9,NE,rec,rate,8.935257410296412
2020,9,NE,rec,rate_pace,8.935257410296412
2020,9,NE,rec,full,8.883562423458766
2020,9,NE,rush,base,9.0
2020,9,NE,rush,rate,9.016666666666667
2020,9,NE,rush,rate_pace,9.016666666666667
2020,9,NE,rush,full,9.080070011589322
2020,9,NE,pass,base,9.0
2020,9,NE,pass,rate,8.867107195301028
2020,9,NE,pass,rate_pace,9.003679821555291
2020,9,NE,pass,full,8.951760968256544
2020,9,CLE,rec,base,8.0
2020,9,CLE,rec,rate,7.987909516380655
2020,9,CLE,rec,rate_pace,7.987909516380655
2020,9,CLE,rec,full,8.120091961466672
2020,9,CLE,rush,base,8.0
2020,9,CLE,rush,rate,7.995402298850575
2020,9,CLE,rush,rate_pace,7.995402298850575
2020,9,CLE,rush,full,7.8150489161228265
2020,9,CLE,pass,base,8.0
2020,9,CLE,pass,rate,7.970631424375918
2020,9,CLE,pass,rate_pace,8.203317004477888
2020,9,CLE,pass,full,8.335225439089339
2020,9,PHI,rec,base,8.0
2020,9,PHI,rec,rate,8.01638065522621
2020,9,PHI,rec,rate_pace,8.01638065522621
2020,9,PHI,rec,full,8.096168975375338
2020,9,PHI,rush,base,8.0
2020,9,PHI,rush,rate,8.00287356321839
2020,9,PHI,rush,rate_pace,8.00287356321839
2020,9,PHI,rush,full,7.841524372875862
2020,9,PHI,pass,base,8.0
2020,9,PHI,pass,rate,8.041850220264317
2020,9,PHI,pass,rate_pace,7.774343014767638
2020,9,PHI,pass,full,7.8544267016986575
2020,9,LA,rec,base,8.0
2020,9,LA,rec,rate,8.023400936037444
2020,9,LA,rec,rate_pace,8.023400936037444
2020,9,LA,rec,full,8.05092853615384
2020,9,LA,rush,base,8.0
2020,9,LA,rush,rate,7.904022988505747
2020,9,LA,rush,rate_pace,7.904022988505747
2020,9,LA,rush,full,7.899393885470698
2020,9,LA,pass,base,8.0
2020,9,LA,pass,rate,8.009544787077827
2020,9,LA,pass,rate_pace,8.121351764447994
2020,9,LA,pass,full,8.148985611348321
2020,9,CIN,rec,base,8.0
2020,9,CIN,rec,rate,7.88377535101404
2020,9,CIN,rec,rate_pace,7.88377535101404
2020,9,CIN,rec,full,7.9987683577201
2020,9,CIN,rush,base,8.0
2020,9,CIN,rush,rate,8.007471264367815
2020,9,CIN,rush,rate_pace,8.007471264367815
2020,9,CIN,rush,full,7.793642920894085
2020,9,CIN,pass,base,8.0
2020,9,CIN,pass,rate,7.834801762114539
2020,9,CIN,pass,rate_pace,7.606690966163513
2020,9,CIN,pass,full,7.721152950316723
2020,13,ATL,rec,base,5.0
2020,13,ATL,rec,rate,4.923166926677067
2020,13,ATL,rec,rate_pace,4.923166926677067
2020,13,ATL,rec,full,5.055415395714468
2020,13,ATL,rush,base,5.0
2020,13,ATL,rush,rate,4.855902777777778
2020,13,ATL,rush,rate_pace,4.855902777777778
2020,13,ATL,rush,full,4.598953600343041
2020,13,ATL,pass,base,5.0
2020,13,ATL,pass,rate,4.864705882352942
2020,13,ATL,pass,rate_pace,4.722017184846343
2020,13,ATL,pass,full,4.852638889070492
2020,13,NO,rec,base,5.0
2020,13,NO,rec,rate,5.021060842433697
2020,13,NO,rec,rate_pace,5.021060842433697
2020,13,NO,rec,full,5.052021672844829
2020,13,NO,rush,base,5.0
2020,13,NO,rush,rate,5.041666666666666
2020,13,NO,rush,rate_pace,5.041666666666666
2020,13,NO,rush,full,5.020886368631336
2020,13,NO,pass,base,5.0
2020,13,NO,pass,rate,5.030882352941177
2020,13,NO,pass,rate_pace,5.160933065547471
2020,13,NO,pass,full,5.191501449138352
2020,13,CHI,rec,base,5.0
2020,13,CHI,rec,rate,5.108034321372855
2020,13,CHI,rec,rate_pace,5.108034321372855
2020,13,CHI,rec,full,5.107242619872304
2020,13,CHI,rush,base,5.0
2020,13,CHI,rush,rate,5.079861111111111
2020,13,CHI,rush,rate_pace,5.079861111111111
2020,13,CHI,rush,full,5.084683091376043
2020,13,CHI,pass,base,5.0
2020,13,CHI,pass,rate,5.177941176470589
2020,13,CHI,pass,rate_pace,4.990087879316408
2020,13,CHI,pass,full,4.988779321828455
2020,13,DET,rec,base,5.0
2020,13,DET,rec,rate,4.959048361934477
2020,13,DET,rec,rate_pace,4.959048361934477
2020,13,DET,rec,full,5.126754717242314
2020,13,DET,rush,base,5.0
2020,13,DET,rush,rate,4.961805555555555
2020,13,DET,rush,rate_pace,4.961805555555555
2020,13,DET,rush,full,4.614476194354122
2020,13,DET,pass,base,5.0
2020,13,DET,pass,rate,4.9125000000000005
2020,13,DET,pass,rate_pace,4.919592356880967
2020,13,DET,pass,full,5.086176831620279
2020,13,HOU,rec,base,5.0
2020,13,HOU,rec,rate,5.019500780031201
2020,13,HOU,rec,rate_pace,5.019500780031201
2020,13,HOU,rec,full,5.151844434659669
2020,13,HOU,rush,base,5.0
2020,13,HOU,rush,rate,4.950231481481482
2020,13,HOU,rush,rate_pace,4.950231481481482
2020,13,HOU,rush,full,4.722970749498154
2020,13,HOU,pass,base,5.0
2020,13,HOU,pass,rate,5.024264705882352
2020,13,HOU,pass,rate_pace,4.931213102862166
2020,13,HOU,pass,full,5.064313464653074
2020,13,IND,rec,base,5.0
2020,13,IND,rec,rate,5.104524180967239
2020,13,IND,rec,rate_pace,5.104524180967239
2020,13,IND,rec,full,5.23145887362596
2020,13,IND,rush,base,5.0
2020,13,IND,rush,rate,5.079282407407407
2020,13,IND,rush,rate_pace,5.079282407407407
2020,13,IND,rush,full,4.938711318473715
2020,13,IND,pass,base,5.0
2020,13,IND,pass,rate,5.17279411764706
2020,13,IND,pass,rate_pace,5.207434471206318
2020,13,IND,pass,full,5.335828456212997
2020,13,MIA,rec,base,5.0
2020,13,MIA,rec,rate,5.039781591263651
2020,13,MIA,rec,rate_pace,5.039781591263651
2020,13,MIA,rec,full,5.040383502025158
2020,13,MIA,rush,base,5.0
2020,13,MIA,rush,rate,5.009837962962963
2020,13,MIA,rush,rate_pace,5.009837962962963
2020,13,MIA,rush,full,5.000821509670004
2020,13,MIA,pass,base,5.0
2020,13,MIA,pass,rate,5.058088235294117
2020,13,MIA,pass,rate_pace,4.983589281627006
2020,13,MIA,pass,full,4.9835010678536875
2020,13,CIN,rec,base,5.0
2020,13,CIN,rec,rate,4.957098283931357
2020,13,CIN,rec,rate_pace,4.957098283931357
2020,13,CIN,rec,full,4.988970133724412
2020,13,CIN,rush,base,5.0
2020,13,CIN,rush,rate,5.078125
2020,13,CIN,rush,rate_pace,5.078125
2020,13,CIN,rush,full,4.933964952668474
2020,13,CIN,pass,base,5.0
2020,13,CIN,pass,rate,4.936029411764707
2020,13,CIN,pass,rate_pace,4.780968761510888
2020,13,CIN,pass,full,4.8134255833626405
2020,13,MIN,rec,base,5.0
2020,13,MIN,rec,rate,5.044461778471139
2020,13,MIN,rec,rate_pace,5.044461778471139
2020,13,MIN,rec,full,5.133703641697219
2020,13,MIN,rush,base,5.0
2020,13,MIN,rush,rate,4.891203703703704
2020,13,MIN,rush,rate_pace,4.891203703703704
2020,13,MIN,rush,full,4.81929076119955
2020,13,MIN,pass,base,5.0
2020,13,MIN,pass,rate,5.072794117647059
2020,13,MIN,pass,rate_pace,5.390930704608749
2020,13,MIN,pass,full,5.480820469610221
2020,13,JAX,rec,base,5.0
2020,13,JAX,rec,rate,4.957878315132605
2020,13,JAX,rec,rate_pace,4.957878315132605
2020,13,JAX,rec,full,5.051429854356341
2020,13,JAX,rush,base,5.0
2020,13,JAX,rush,rate,4.984953703703704
2020,13,JAX,rush,rate_pace,4.984953703703704
2020,13,JAX,rush,full,4.687316580597023
2020,13,JAX,pass,base,5.0
2020,13,JAX,pass,rate,4.913970588235294
2020,13,JAX,pass,rate_pace,4.794176968324401
2020,13,JAX,pass,full,4.887413051586864
2020,13,NYJ,rec,base,5.0
2020,13,NYJ,rec,rate,5.049141965678627
2020,13,NYJ,rec,rate_pace,5.049141965678627
2020,13,NYJ,rec,full,5.098241617053914
2020,13,NYJ,rush,base,5.0
2020,13,NYJ,rush,rate,4.986689814814815
2020,13,NYJ,rush,rate_pace,4.986689814814815
2020,13,NYJ,rush,full,4.814730720066899
2020,13,NYJ,pass,base,5.0
2020,13,NYJ,pass,rate,5.077941176470588
2020,13,NYJ,pass,rate_pace,5.141179338380105
2020,13,NYJ,pass,full,5.190592721776435
2020,13,LV,rec,base,5.0
2020,13,LV,rec,rate,5.028471138845553
2020,13,LV,rec,rate_pace,5.028471138845553
2020,13,LV,rec,full,5.11223201931779
2020,13,LV,rush,base,5.0
2020,13,LV,rush,rate,4.97974537037037
2020,13,LV,rush,rate_pace,4.97974537037037
2020,13,LV,rush,full,4.886368186278103
2020,13,LV,pass,base,5.0
2020,13,LV,pass,rate,5.026470588235294
2020,13,LV,pass,rate_pace,5.078783072247202
2020,13,LV,pass,full,5.1629814904029745
2020,13,TEN,rec,base,5.0
2020,13,TEN,rec,rate,5.1138845553822145
2020,13,TEN,rec,rate_pace,5.1138845553822145
2020,13,TEN,rec,full,5.278320977438278
2020,13,TEN,rush,base,5.0
2020,13,TEN,rush,rate,5.096643518518519
2020,13,TEN,rush,rate_pace,5.096643518518519
2020,13,TEN,rush,full,4.964433055766084
2020,13,TEN,pass,base,5.0
2020,13,TEN,pass,rate,5.188235294117647
2020,13,TEN,pass,rate_pace,5.4424121288761835
2020,13,TEN,pass,full,5.608358282396018
2020,13,CLE,rec,base,5.0
2020,13,CLE,rec,rate,4.9344773790951635
2020,13,CLE,rec,rate_pace,4.9344773790951635
2020,13,CLE,rec,full,4.967129083874891
2020,13,CLE,rush,base,5.0
2020,13,CLE,rush,rate,4.954861111111112
2020,13,CLE,rush,rate_pace,4.954861111111112
2020,13,CLE,rush,full,4.902870955679161
2020,13,CLE,pass,base,5.0
2020,13,CLE,pass,rate,4.875
2020,13,CLE,pass,rate_pace,5.14078991247856
2020,13,CLE,pass,full,5.172745366569737
2020,13,ARI,rec,base,5.0
2020,13,ARI,rec,rate,4.9243369734789395
2020,13,ARI,rec,rate_pace,4.9243369734789395
2020,13,ARI,rec,full,4.96084153806327
2020,13,ARI,rush,base,5.0
2020,13,ARI,rush,rate,4.939236111111111
2020,13,ARI,rush,rate_pace,4.939236111111111
2020,13,ARI,rush,full,4.903865918762385
2020,13,ARI,pass,base,5.0
2020,13,ARI,pass,rate,4.874264705882354
2020,13,ARI,pass,rate_pace,4.896870121583391
2020,13,ARI,pass,full,4.9328892898298715
2020,13,LA,rec,base,5.0
2020,13,LA,rec,rate,5.065522620904836
2020,13,LA,rec,rate_pace,5.065522620904836
2020,13,LA,rec,full,5.06084946012994
2020,13,LA,rush,base,5.0
2020,13,LA,rush,rate,4.967592592592593
2020,13,LA,rush,rate_pace,4.967592592592593
2020,13,LA,rush,full,5.010789861792919
2020,13,LA,pass,base,5.0
2020,13,LA,pass,rate,5.09779411764706
2020,13,LA,pass,rate_pace,5.0490272125248765
2020,13,LA,pass,full,5.04436926593958
2020,13,SEA,rec,base,5.0
2020,13,SEA,rec,rate,4.950468018720748
2020,13,SEA,rec,rate_pace,4.950468018720748
2020,13,SEA,rec,full,4.989653385081948
2020,13,SEA,rush,base,5.0
2020,13,SEA,rush,rate,4.956597222222222
2020,13,SEA,rush,rate_pace,4.956597222222222
2020,13,SEA,rush,full,4.944080827548893
2020,13,SEA,pass,base,5.0
2020,13,SEA,pass,rate,4.909558823529411
2020,13,SEA,pass,rate_pace,4.848291389078007
2020,13,SEA,pass,full,4.887144957617697
2020,13,NYG,rec,base,5.0
2020,13,NYG,rec,rate,4.985179407176287
2020,13,NYG,rec,rate_pace,4.985179407176287
2020,13,NYG,rec,full,5.028276147403625
2020,13,NYG,rush,base,5.0
2020,13,NYG,rush,rate,5.047453703703704
2020,13,NYG,rush,rate_pace,5.047453703703704
2020,13,NYG,rush,full,4.919403827770468
2020,13,NYG,pass,base,5.0
2020,13,NYG,pass,rate,4.965441176470589
2020,13,NYG,pass,rate_pace,4.991701130761571
2020,13,NYG,pass,full,5.034907855561275
2020,13,GB,rec,base,5.0
2020,13,GB,rec,rate,5.032371294851794
2020,13,GB,rec,rate_pace,5.032371294851794
2020,13,GB,rec,full,5.138577567830483
2020,13,GB,rush,base,5.0
2020,13,GB,rush,rate,5.001736111111112
2020,13,GB,rush,rate_pace,5.001736111111112
2020,13,GB,rush,full,4.911902643461723
2020,13,GB,pass,base,5.0
2020,13,GB,pass,rate,5.02720588235294
2020,13,GB,pass,rate_pace,5.060662744683899
2020,13,GB,pass,full,5.167208044665273
2020,13,PHI,rec,base,5.0
2020,13,PHI,rec,rate,4.9418876755070205
2020,13,PHI,rec,rate_pace,4.9418876755070205
2020,13,PHI,rec,full,4.990918534298433
2020,13,PHI,rush,base,5.0
2020,13,PHI,rush,rate,5.038194444444445
2020,13,PHI,rush,rate_pace,5.038194444444445
2020,13,PHI,rush,full,4.909133047113913
2020,13,PHI,pass,base,5.0
2020,13,PHI,pass,rate,4.916911764705883
2020,13,PHI,pass,rate_pace,4.737207152341991
2020,13,PHI,pass,full,4.786056487875835
2020,13,LAC,rec,base,5.0
2020,13,LAC,rec,rate,5.061622464898597
2020,13,LAC,rec,rate_pace,5.061622464898597
2020,13,LAC,rec,full,5.195193699198867
2020,13,LAC,rush,base,5.0
2020,13,LAC,rush,rate,5.008680555555555
2020,13,LAC,rush,rate_pace,5.008680555555555
2020,13,LAC,rush,full,4.789912707596956
2020,13,LAC,pass,base,5.0
2020,13,LAC,pass,rate,5.092647058823529
2020,13,LAC,pass,rate_pace,4.955632386747965
2020,13,LAC,pass,full,5.090316013198919
2020,13,NE,rec,base,5.0
2020,13,NE,rec,rate,4.986739469578783
2020,13,NE,rec,rate_pace,4.986739469578783
2020,13,NE,rec,full,4.945623623744682
2020,13,NE,rush,base,5.0
2020,13,NE,rush,rate,5.013310185185184
2020,13,NE,rush,rate_pace,5.013310185185184
2020,13,NE,rush,full,5.068184951656057
2020,13,NE,pass,base,5.0
2020,13,NE,pass,rate,4.961764705882353
2020,13,NE,pass,rate_pace,5.143440324325228
2020,13,NE,pass,full,5.10142786770006
2020,13,KC,rec,base,5.0
2020,13,KC,rec,rate,5.010140405616225
2020,13,KC,rec,rate_pace,5.010140405616225
2020,13,KC,rec,full,5.101806685988695
2020,13,KC,rush,base,5.0
2020,13,KC,rush,rate,5.005787037037036
2020,13,KC,rush,rate_pace,5.005787037037036
2020,13,KC,rush,full,4.955081234027393
2020,13,KC,pass,base,5.0
2020,13,KC,pass,rate,5.014705882352941
2020,13,KC,pass,rate_pace,4.913748449046272
2020,13,KC,pass,full,5.006013550076477
2020,13,DEN,rec,base,5.0
2020,13,DEN,rec,rate,5.008580343213729
2020,13,DEN,rec,rate_pace,5.008580343213729
2020,13,DEN,rec,full,5.075288347715276
2020,13,DEN,rush,base,5.0
2020,13,DEN,rush,rate,5.053819444444445
2020,13,DEN,rush,rate_pace,5.053819444444445
2020,13,DEN,rush,full,4.880839402029245
2020,13,DEN,pass,base,5.0
2020,13,DEN,pass,rate,4.980882352941176
2020,13,DEN,pass,rate_pace,5.039663218780109
2020,13,DEN,pass,full,5.105692275526834
2020,13,PIT,rec,base,5.0
2020,13,PIT,rec,rate,4.988689547581903
2020,13,PIT,rec,rate_pace,4.988689547581903
2020,13,PIT,rec,full,4.938937442608658
2020,13,PIT,rush,base,5.0
2020,13,PIT,rush,rate,5.037037037037037
2020,13,PIT,rush,rate_pace,5.037037037037037
2020,13,PIT,rush,full,5.1859181910008685
2020,13,PIT,pass,base,5.0
2020,13,PIT,pass,rate,4.997794117647059
2020,13,PIT,pass,rate_pace,5.018302242736931
2020,13,PIT,pass,full,4.968622591297391
2020,13,WAS,rec,base,5.0
2020,13,WAS,rec,rate,4.976209048361935
2020,13,WAS,rec,rate_pace,4.976209048361935
2020,13,WAS,rec,full,5.020032076512692
2020,13,WAS,rush,base,5.0
2020,13,WAS,rush,rate,4.97974537037037
2020,13,WAS,rush,rate_pace,4.97974537037037
2020,13,WAS,rush,full,4.882084819447284
2020,13,WAS,pass,base,5.0
2020,13,WAS,pass,rate,4.952205882352941
2020,13,WAS,pass,rate_pace,4.984783133443012
2020,13,WAS,pass,full,5.028803911801381
2020,13,SF,rec,base,5.0
2020,13,SF,rec,rate,4.992979719188767
2020,13,SF,rec,rate_pace,4.992979719188767
2020,13,SF,rec,full,5.016728601255904
2020,13,SF,rush,base,5.0
2020,13,SF,rush,rate,5.052083333333334
2020,13,SF,rush,rate_pace,5.052083333333334
2020,13,SF,rush,full,5.03760665614172
2020,13,SF,pass,base,5.0
2020,13,SF,pass,rate,4.995588235294118
2020,13,SF,pass,rate_pace,5.23557952548182
2020,13,SF,pass,full,5.259493864112648
2020,13,BUF,rec,base,5.0
2020,13,BUF,rec,rate,4.97386895475819
2020,13,BUF,rec,rate_pace,4.97386895475819
2020,13,BUF,rec,full,4.957612509405262
2020,13,BUF,rush,base,5.0
2020,13,BUF,rush,rate,4.983217592592593
2020,13,BUF,rush,rate_pace,4.983217592592593
2020,13,BUF,rush,full,5.0196122131513485
2020,13,BUF,pass,base,5.0
2020,13,BUF,pass,rate,4.959558823529412
2020,13,BUF,pass,rate_pace,4.888995130146221
2020,13,BUF,pass,full,4.872367529754246
2020,13,BAL,rec,base,5.0
2020,13,BAL,rec,rate,5.072152886115445
2020,13,BAL,rec,rate_pace,5.072152886115445
2020,13,BAL,rec,full,5.009039286468627
2020,13,BAL,rush,base,5.0
2020,13,BAL,rush,rate,5.031828703703703
2020,13,BAL,rush,rate_pace,5.031828703703703
2020,13,BAL,rush,full,5.183306855465948
2020,13,BAL,pass,base,5.0
2020,13,BAL,pass,rate,5.116176470588235
2020,13,BAL,pass,rate_pace,5.326805902729661
2020,13,BAL,pass,full,5.262983586472064
2020,13,DAL,rec,base,5.0
2020,13,DAL,rec,rate,4.954758190327613
2020,13,DAL,rec,rate_pace,4.954758190327613
2020,13,DAL,rec,full,5.016693688433697
2020,13,DAL,rush,base,5.0
2020,13,DAL,rush,rate,4.958912037037036
2020,13,DAL,rush,rate_pace,4.958912037037036
2020,13,DAL,rush,full,4.81615737993157
2020,13,DAL,pass,base,5.0
2020,13,DAL,pass,rate,4.915441176470589
2020,13,DAL,pass,rate_pace,4.75504205061907
2020,13,DAL,pass,full,4.815827597266349
2020,13,CAR,rec,base,4.0
2020,13,CAR,rec,rate,3.93798751950078
2020,13,CAR,rec,rate_pace,3.93798751950078
2020,13,CAR,rec,full,3.9901871579567483
2020,13,CAR,rush,base,4.0
2020,13,CAR,rush,rate,4.03125
2020,13,CAR,rush,rate_pace,4.03125
2020,13,CAR,rush,full,3.9133896369149515
2020,13,CAR,pass,base,4.0
2020,13,CAR,pass,rate,3.9036764705882354
2020,13,CAR,pass,rate_pace,3.8053395460593404
2020,13,CAR,pass,full,3.8572084986521262
2020,13,TB,rec,base,4.0
2020,13,TB,rec,rate,4.085413416536661
2020,13,TB,rec,rate_pace,4.085413416536661
2020,13,TB,rec,full,4.180687432507577
2020,13,TB,rush,base,4.0
2020,13,TB,rush,rate,4.004050925925926
2020,13,TB,rush,rate_pace,4.004050925925926
2020,13,TB,rush,full,3.872229299350523
2020,13,TB,pass,base,4.0
2020,13,TB,pass,rate,4.154411764705882
2020,13,TB,pass,rate_pace,4.08925380970054
2020,13,TB,pass,full,4.18625676414788
2021,1,TB,rec,base,17.0
2021,1,TB,rec,rate,16.981839258114373
2021,1,TB,rec,rate_pace,16.981839258114373
2021,1,TB,rec,full,17.089310209738333
2021,1,TB,rush,base,17.0
2021,1,TB,rush,rate,16.88178733031674
2021,1,TB,rush,rate_pace,16.88178733031674
2021,1,TB,rush,full,16.965525413497456
2021,1,TB,pass,base,17.0
2021,1,TB,pass,rate,16.986842105263158
2021,1,TB,pass,rate_pace,16.87052196545614
2021,1,TB,pass,full,16.977626161482053
2021,1,DAL,rec,base,17.0
2021,1,DAL,rec,rate,16.946290571870172
2021,1,DAL,rec,rate_pace,16.946290571870172
2021,1,DAL,rec,full,17.327780720162117
2021,1,DAL,rush,base,17.0
2021,1,DAL,rush,rate,16.948529411764707
2021,1,DAL,rush,rate_pace,16.948529411764707
2021,1,DAL,rush,full,16.31719213666171
2021,1,DAL,pass,base,17.0
2021,1,DAL,pass,rate,16.913011695906437
2021,1,DAL,pass,rate_pace,16.409637316550686
2021,1,DAL,pass,full,16.790711019228503
2021,1,ATL,rec,base,17.0
2021,1,ATL,rec,rate,17.006955177743432
2021,1,ATL,rec,rate_pace,17.006955177743432
2021,1,ATL,rec,full,17.189584089291156
2021,1,ATL,rush,base,17.0
2021,1,ATL,rush,rate,16.90441176470588
2021,1,ATL,rush,rate_pace,16.90441176470588
2021,1,ATL,rush,full,16.632373136480076
2021,1,ATL,pass,base,17.0
2021,1,ATL,pass,rate,17.005847953216374
2021,1,ATL,pass,rate_pace,16.596453953747663
2021,1,ATL,pass,full,16.778465978155676
2021,1,PHI,rec,base,17.0
2021,1,PHI,rec,rate,16.97140649149923
2021,1,PHI,rec,rate_pace,16.97140649149923
2021,1,PHI,rec,full,17.09199999038725
2021,1,PHI,rush,base,17.0
2021,1,PHI,rush,rate,16.96662895927602
2021,1,PHI,rush,rate_pace,16.96662895927602
2021,1,PHI,rush,full,16.638789950979632
2021,1,PHI,pass,base,17.0
2021,1,PHI,pass,rate,16.926169590643276
2021,1,PHI,pass,rate_pace,16.405729283087073
2021,1,PHI,pass,full,16.52733698986838
2021,1,BUF,rec,base,17.0
2021,1,BUF,rec,rate,17.09775888717156
2021,1,BUF,rec,rate_pace,17.09775888717156
2021,1,BUF,rec,full,17.221590646412217
2021,1,BUF,rush,base,17.0
2021,1,BUF,rush,rate,16.971153846153843
2021,1,BUF,rush,rate_pace,16.971153846153843
2021,1,BUF,rush,full,16.966734844391436
2021,1,BUF,pass,base,17.0
2021,1,BUF,pass,rate,17.19152046783626
2021,1,BUF,pass,rate_pace,16.92497008172484
2021,1,BUF,pass,full,17.046834804324924
2021,1,PIT,rec,base,17.0
2021,1,PIT,rec,rate,17.049845440494593
2021,1,PIT,rec,rate_pace,17.049845440494593
2021,1,PIT,rec,full,17.318601697928703
2021,1,PIT,rush,base,17.0
2021,1,PIT,rush,rate,17.094457013574658
2021,1,PIT,rush,rate_pace,17.094457013574658
2021,1,PIT,rush,full,16.6296194134126
2021,1,PIT,pass,base,17.0
2021,1,PIT,pass,rate,17.011695906432745
2021,1,PIT,pass,rate_pace,16.596272361417988
2021,1,PIT,pass,full,16.864953620307492
2021,1,CAR,rec,base,17.0
2021,1,CAR,rec,rate,17.0370942812983
2021,1,CAR,rec,rate_pace,17.0370942812983
2021,1,CAR,rec,full,17.089771876524924
2021,1,CAR,rush,base,17.0
2021,1,CAR,rush,rate,16.936085972850677
2021,1,CAR,rush,rate_pace,16.936085972850677
2021,1,CAR,rush,full,16.713174950116738
2021,1,CAR,pass,base,17.0
2021,1,CAR,pass,rate,17.097953216374265
2021,1,CAR,pass,rate_pace,17.137856714833003
2021,1,CAR,pass,full,17.190663849577316
2021,1,NYJ,rec,base,17.0
2021,1,NYJ,rec,rate,17.14760432766615
2021,1,NYJ,rec,rate_pace,17.14760432766615
2021,1,NYJ,rec,full,17.156476296629783
2021,1,NYJ,rush,base,17.0
2021,1,NYJ,rush,rate,17.100113122171944
2021,1,NYJ,rush,rate_pace,17.100113122171944
2021,1,NYJ,rush,full,16.8805035371614
2021,1,NYJ,pass,base,17.0
2021,1,NYJ,pass,rate,17.25657894736842
2021,1,NYJ,pass,rate_pace,17.624079802718015
2021,1,NYJ,pass,full,17.630833416500074
2021,1,CIN,rec,base,17.0
2021,1,CIN,rec,rate,16.98531684698609
2021,1,CIN,rec,rate_pace,16.98531684698609
2021,1,CIN,rec,full,17.308003691910425
2021,1,CIN,rush,base,17.0
2021,1,CIN,rush,rate,16.969457013574658
2021,1,CIN,rush,rate_pace,16.969457013574658
2021,1,CIN,rush,full,16.352277421038597
2021,1,CIN,pass,base,17.0
2021,1,CIN,pass,rate,16.942982456140353
2021,1,CIN,pass,rate_pace,16.748356699899745
2021,1,CIN,pass,full,17.07201270813191
2021,1,MIN,rec,base,17.0
2021,1,MIN,rec,rate,16.93122102009274
2021,1,MIN,rec,rate_pace,16.93122102009274
2021,1,MIN,rec,full,17.616430420700848
2021,1,MIN,rush,base,17.0
2021,1,MIN,rush,rate,16.964366515837103
2021,1,MIN,rush,rate_pace,16.964366515837103
2021,1,MIN,rush,full,16.064971742937196
2021,1,MIN,pass,base,17.0
2021,1,MIN,pass,rate,16.86111111111111
2021,1,MIN,pass,rate_pace,17.238383392690313
2021,1,MIN,pass,full,17.92281126190866
2021,1,DET,rec,base,17.0
2021,1,DET,rec,rate,16.93624420401855
2021,1,DET,rec,rate_pace,16.93624420401855
2021,1,DET,rec,full,17.542198520529144
2021,1,DET,rush,base,17.0
2021,1,DET,rush,rate,16.93156108597285
2021,1,DET,rush,rate_pace,16.93156108597285
2021,1,DET,rush,full,15.661893484403512
2021,1,DET,pass,base,17.0
2021,1,DET,pass,rate,16.875
2021,1,DET,pass,rate_pace,16.80247925523942
2021,1,DET,pass,full,17.40719972709291
2021,1,SF,rec,base,17.0
2021,1,SF,rec,rate,17.07998454404946
2021,1,SF,rec,rate_pace,17.07998454404946
2021,1,SF,rec,full,17.31877637823856
2021,1,SF,rush,base,17.0
2021,1,SF,rush,rate,16.95871040723982
2021,1,SF,rush,rate_pace,16.95871040723982
2021,1,SF,rush,full,16.652959129873082
2021,1,SF,pass,base,17.0
2021,1,SF,pass,rate,17.138888888888893
2021,1,SF,pass,rate_pace,17.245390563771288
2021,1,SF,pass,full,17.4864187708173
2021,1,HOU,rec,base,17.0
2021,1,HOU,rec,rate,17.07689335394127
2021,1,HOU,rec,rate_pace,17.07689335394127
2021,1,HOU,rec,full,17.43056962255127
2021,1,HOU,rush,base,17.0
2021,1,HOU,rush,rate,16.943438914027148
2021,1,HOU,rush,rate_pace,16.943438914027148
2021,1,HOU,rush,full,16.13983318279427
2021,1,HOU,pass,base,17.0
2021,1,HOU,pass,rate,17.090643274853804
2021,1,HOU,pass,rate_pace,16.90901420636954
2021,1,HOU,pass,full,17.261251355819333
2021,1,JAX,rec,base,17.0
2021,1,JAX,rec,rate,17.08964451313756
2021,1,JAX,rec,rate_pace,17.08964451313756
2021,1,JAX,rec,full,17.27808731464359
2021,1,JAX,rush,base,17.0
2021,1,JAX,rush,rate,17.036199095022624
2021,1,JAX,rush,rate_pace,17.036199095022624
2021,1,JAX,rush,full,16.364727973554157
2021,1,JAX,pass,base,17.0
2021,1,JAX,pass,rate,17.14546783625731
2021,1,JAX,pass,rate_pace,16.785420389002876
2021,1,JAX,pass,full,16.97347364519736
2021,1,IND,rec,base,17.0
2021,1,IND,rec,rate,17.10432766615147
2021,1,IND,rec,rate_pace,17.10432766615147
2021,1,IND,rec,full,17.290051932084513
2021,1,IND,rush,base,17.0
2021,1,IND,rush,rate,17.062782805429865
2021,1,IND,rush,rate_pace,17.062782805429865
2021,1,IND,rush,full,16.8512588379799
2021,1,IND,pass,base,17.0
2021,1,IND,pass,rate,17.143274853801167
2021,1,IND,pass,rate_pace,17.479268928018545
2021,1,IND,pass,full,17.662818269149223
2021,1,SEA,rec,base,17.0
2021,1,SEA,rec,rate,16.898763523956724
2021,1,SEA,rec,rate_pace,16.898763523956724
2021,1,SEA,rec,full,17.174287540708004
2021,1,SEA,rush,base,17.0
2021,1,SEA,rush,rate,16.8908371040724
2021,1,SEA,rush,rate_pace,16.8908371040724
2021,1,SEA,rush,full,16.519200579390226
2021,1,SEA,pass,base,17.0
2021,1,SEA,pass,rate,16.823099415204673
2021,1,SEA,pass,rate_pace,16.5269066697807
2021,1,SEA,pass,full,16.803945284803547
2021,1,TEN,rec,base,17.0
2021,1,TEN,rec,rate,17.03323029366306
2021,1,TEN,rec,rate_pace,17.03323029366306
2021,1,TEN,rec,full,17.556304040450758
2021,1,TEN,rush,base,17.0
2021,1,TEN,rush,rate,16.952488687782804
2021,1,TEN,rush,rate_pace,16.952488687782804
2021,1,TEN,rush,full,16.453016982528432
2021,1,TEN,pass,base,17.0
2021,1,TEN,pass,rate,17.072368421052634
2021,1,TEN,pass,rate_pace,17.824452544210036
2021,1,TEN,pass,full,18.34590567839548
2021,1,ARI,rec,base,17.0
2021,1,ARI,rec,rate,17.02627511591963
2021,1,ARI,rec,rate_pace,17.02627511591963
2021,1,ARI,rec,full,17.27757478255448
2021,1,ARI,rush,base,17.0
2021,1,ARI,rush,rate,16.906674208144796
2021,1,ARI,rush,rate_pace,16.906674208144796
2021,1,ARI,rush,full,16.579471839662318
2021,1,ARI,pass,base,17.0
2021,1,ARI,pass,rate,17.01388888888889
2021,1,ARI,pass,rate_pace,16.878699239989253
2021,1,ARI,pass,full,17.131987623304813
2021,1,WAS,rec,base,17.0
2021,1,WAS,rec,rate,16.969088098918085
2021,1,WAS,rec,rate_pace,16.969088098918085
2021,1,WAS,rec,full,17.052178463743815
2021,1,WAS,rush,base,17.0
2021,1,WAS,rush,rate,16.99151583710407
2021,1,WAS,rush,rate_pace,16.99151583710407
2021,1,WAS,rush,full,16.872718426599505
2021,1,WAS,pass,base,17.0
2021,1,WAS,pass,rate,16.940058479532166
2021,1,WAS,pass,rate_pace,16.638786323467034
2021,1,WAS,pass,full,16.72075962787168
2021,1,LAC,rec,base,17.0
2021,1,LAC,rec,rate,17.011978361669247
2021,1,LAC,rec,rate_pace,17.011978361669247
2021,1,LAC,rec,full,17.359888759772225
2021,1,LAC,rush,base,17.0
2021,1,LAC,rush,rate,17.156674208144796
2021,1,LAC,rush,rate_pace,17.156674208144796
2021,1,LAC,rush,full,16.635669510685254
2021,1,LAC,pass,base,17.0
2021,1,LAC,pass,rate,17.00657894736842
2021,1,LAC,pass,rate_pace,16.554112493669773
2021,1,LAC,pass,full,16.90210960370924
2021,1,KC,rec,base,17.0
2021,1,KC,rec,rate,16.940108191653792
2021,1,KC,rec,rate_pace,16.940108191653792
2021,1,KC,rec,full,17.36430793739207
2021,1,KC,rush,base,17.0
2021,1,KC,rush,rate,17.11425339366516
2021,1,KC,rush,rate_pace,17.11425339366516
2021,1,KC,rush,full,16.50601906704638
2021,1,KC,pass,base,17.0
2021,1,KC,pass,rate,16.85745614035088
2021,1,KC,pass,rate_pace,16.385884228618224
2021,1,KC,pass,full,16.808328767838017
2021,1,CLE,rec,base,17.0
2021,1,CLE,rec,rate,16.99420401854714
2021,1,CLE,rec,rate_pace,16.99420401854714
2021,1,CLE,rec,full,17.540383330217168
2021,1,CLE,rush,base,17.0
2021,1,CLE,rush,rate,17.146493212669682
2021,1,CLE,rush,rate_pace,17.146493212669682
2021,1,CLE,rush,full,16.525025382011922
2021,1,CLE,pass,base,17.0
2021,1,CLE,pass,rate,16.9656432748538
2021,1,CLE,pass,rate_pace,17.448804089613727
2021,1,CLE,pass,full,17.995083962393903
2021,1,NE,rec,base,17.0
2021,1,NE,rec,rate,17.132921174652243
2021,1,NE,rec,rate_pace,17.132921174652243
2021,1,NE,rec,full,17.059737499776258
2021,1,NE,rush,base,17.0
2021,1,NE,rush,rate,17.028846153846153
2021,1,NE,rush,rate_pace,17.028846153846153
2021,1,NE,rush,full,17.002807846909363
2021,1,NE,pass,base,17.0
2021,1,NE,pass,rate,17.228070175438596
2021,1,NE,pass,rate_pace,18.39994510803864
2021,1,NE,pass,full,18.323680835884772
2021,1,MIA,rec,base,17.0
2021,1,MIA,rec,rate,17.115533230293664
2021,1,MIA,rec,rate_pace,17.115533230293664
2021,1,MIA,rec,full,17.042655193963014
2021,1,MIA,rush,base,17.0
2021,1,MIA,rush,rate,16.984162895927604
2021,1,MIA,rush,rate_pace,16.984162895927604
2021,1,MIA,rush,full,17.09011674140328
2021,1,MIA,pass,base,17.0
2021,1,MIA,pass,rate,17.160087719298243
2021,1,MIA,pass,rate_pace,17.19344384928708
2021,1,MIA,pass,full,17.118287769571094
2021,1,NO,rec,base,17.0
2021,1,NO,rec,rate,17.03284389489954
2021,1,NO,rec,rate_pace,17.03284389489954
2021,1,NO,rec,full,17.115469839934384
2021,1,NO,rush,base,17.0
2021,1,NO,rush,rate,16.964366515837103
2021,1,NO,rush,rate_pace,16.964366515837103
2021,1,NO,rush,full,16.959612398574667
2021,1,NO,pass,base,17.0
2021,1,NO,pass,rate,17.053362573099413
2021,1,NO,pass,rate_pace,17.560206829976284
2021,1,NO,pass,full,17.641828273929697
2021,1,GB,rec,base,17.0
2021,1,GB,rec,rate,16.965996908809892
2021,1,GB,rec,rate_pace,16.965996908809892
2021,1,GB,rec,full,17.364714958700688
2021,1,GB,rush,base,17.0
2021,1,GB,rush,rate,16.895361990950228
2021,1,GB,rush,rate_pace,16.895361990950228
2021,1,GB,rush,full,16.52577568464821
2021,1,GB,pass,base,17.0
2021,1,GB,pass,rate,16.931286549707604
2021,1,GB,pass,rate_pace,17.240165669963336
2021,1,GB,pass,full,17.639129521060983
2021,1,NYG,rec,base,17.0
2021,1,NYG,rec,rate,16.915765069551778
2021,1,NYG,rec,rate_pace,16.915765069551778
2021,1,NYG,rec,full,16.860080273216393
2021,1,NYG,rush,base,17.0
2021,1,NYG,rush,rate,16.979638009049772
2021,1,NYG,rush,rate_pace,16.979638009049772
2021,1,NYG,rush,full,16.963819934418343
2021,1,NYG,pass,base,17.0
2021,1,NYG,pass,rate,16.867690058479532
2021,1,NYG,pass,rate_pace,17.064150538454907
2021,1,NYG,pass,full,17.007710440028177
2021,1,DEN,rec,base,17.0
2021,1,DEN,rec,rate,17.048299845440496
2021,1,DEN,rec,rate_pace,17.048299845440496
2021,1,DEN,rec,full,17.35849631532665
2021,1,DEN,rush,base,17.0
2021,1,DEN,rush,rate,17.06108597285068
2021,1,DEN,rush,rate_pace,17.06108597285068
2021,1,DEN,rush,full,16.564519517095523
2021,1,DEN,pass,base,17.0
2021,1,DEN,pass,rate,17.05263157894737
2021,1,DEN,pass,rate_pace,17.06992895966904
2021,1,DEN,pass,full,17.379662574567362
2021,1,LA,rec,base,17.0
2021,1,LA,rec,rate,17.017001545595054
2021,1,LA,rec,rate_pace,17.017001545595054
2021,1,LA,rec,full,17.112139116138078
2021,1,LA,rush,base,17.0
2021,1,LA,rush,rate,16.887443438914026
2021,1,LA,rush,rate_pace,16.887443438914026
2021,1,LA,rush,full,16.828763711069026
2021,1,LA,pass,base,17.0
2021,1,LA,pass,rate,17.013157894736842
2021,1,LA,pass,rate_pace,17.085899817989322
2021,1,LA,pass,full,17.181675543303992
2021,1,CHI,rec,base,17.0
2021,1,CHI,rec,rate,17.00077279752705
2021,1,CHI,rec,rate_pace,17.00077279752705
2021,1,CHI,rec,full,17.210003829213633
2021,1,CHI,rush,base,17.0
2021,1,CHI,rush,rate,16.92760180995475
2021,1,CHI,rush,rate_pace,16.92760180995475
2021,1,CHI,rush,full,16.504084222898502
2021,1,CHI,pass,base,17.0
2021,1,CHI,pass,rate,16.99780701754386
2021,1,CHI,pass,rate_pace,16.784339416755554
2021,1,CHI,pass,full,16.99377057120153
2021,1,LV,rec,base,17.0
2021,1,LV,rec,rate,16.895285935085006
2021,1,LV,rec,rate_pace,16.895285935085006
2021,1,LV,rec,full,17.433446186111272
2021,1,LV,rush,base,17.0
2021,1,LV,rush,rate,17.036199095022628
2021,1,LV,rush,rate_pace,17.036199095022628
2021,1,LV,rush,full,16.260050016349354
2021,1,LV,pass,base,17.0
2021,1,LV,pass,rate,16.826023391812864
2021,1,LV,pass,rate_pace,16.935413825032168
2021,1,LV,pass,full,17.47117602375825
2021,1,BAL,rec,base,17.0
2021,1,BAL,rec,rate,17.006182380216384
2021,1,BAL,rec,rate_pace,17.006182380216384
2021,1,BAL,rec,full,17.16138624153213
2021,1,BAL,rush,base,17.0
2021,1,BAL,rush,rate,17.031674208144796
2021,1,BAL,rush,rate_pace,17.031674208144796
2021,1,BAL,rush,full,17.02076083666881
2021,1,BAL,pass,base,17.0
2021,1,BAL,pass,rate,17.013888888888886
2021,1,BAL,pass,rate_pace,18.020340186433664
2021,1,BAL,pass,full,18.176565225034977
2021,5,SEA,rec,base,13.0
2021,5,SEA,rec,rate,12.951923076923075
2021,5,SEA,rec,rate_pace,12.951923076923075
2021,5,SEA,rec,full,13.092638340095785
2021,5,SEA,rush,base,13.0
2021,5,SEA,rush,rate,12.94691780821918
2021,5,SEA,rush,rate_pace,12.94691780821918
2021,5,SEA,rush,full,12.812673891974432
2021,5,SEA,pass,base,13.0
2021,5,SEA,pass,rate,12.910480349344978
2021,5,SEA,pass,rate_pace,12.829005338915504
2021,5,SEA,pass,full,12.967597424697493
2021,5,LA,rec,base,13.0
2021,5,LA,rec,rate,13.069230769230767
2021,5,LA,rec,rate_pace,13.069230769230767
2021,5,LA,rec,full,13.207658711371442
2021,5,LA,rush,base,13.0
2021,5,LA,rush,rate,13.014269406392694
2021,5,LA,rush,rate_pace,13.014269406392694
2021,5,LA,rush,full,12.91811158893485
2021,5,LA,pass,base,13.0
2021,5,LA,pass,rate,13.116448326055313
2021,5,LA,pass,rate_pace,13.070913232284965
2021,5,LA,pass,full,13.210245433867655
2021,5,ATL,rec,base,13.0
2021,5,ATL,rec,rate,13.011153846153844
2021,5,ATL,rec,rate_pace,13.011153846153844
2021,5,ATL,rec,full,13.232013656818195
2021,5,ATL,rush,base,13.0
2021,5,ATL,rush,rate,12.934360730593609
2021,5,ATL,rush,rate_pace,12.934360730593609
2021,5,ATL,rush,full,12.505622311999165
2021,5,ATL,pass,base,13.0
2021,5,ATL,pass,rate,13.009461426491995
2021,5,ATL,pass,rate_pace,12.729268934203871
2021,5,ATL,pass,full,12.950286034237086
2021,5,NYJ,rec,base,13.0
2021,5,NYJ,rec,rate,13.058846153846154
2021,5,NYJ,rec,rate_pace,13.058846153846154
2021,5,NYJ,rec,full,12.931161008758009
2021,5,NYJ,rush,base,13.0
2021,5,NYJ,rush,rate,12.98972602739726
2021,5,NYJ,rush,rate_pace,12.98972602739726
2021,5,NYJ,rush,full,12.956004486388883
2021,5,NYJ,pass,base,13.0
2021,5,NYJ,pass,rate,13.126637554585153
2021,5,NYJ,pass,rate_pace,13.33818144404229
2021,5,NYJ,pass,full,13.207633266378911
2021,5,CAR,rec,base,13.0
2021,5,CAR,rec,rate,12.964615384615383
2021,5,CAR,rec,rate_pace,12.964615384615383
2021,5,CAR,rec,full,12.986753012423288
2021,5,CAR,rush,base,13.0
2021,5,CAR,rush,rate,12.937785388127855
2021,5,CAR,rush,rate_pace,12.937785388127855
2021,5,CAR,rush,full,12.857129036003826
2021,5,CAR,pass,base,13.0
2021,5,CAR,pass,rate,12.946142649199418
2021,5,CAR,pass,rate_pace,13.023107734026297
2021,5,CAR,pass,full,13.045161084340048
2021,5,PHI,rec,base,13.0
2021,5,PHI,rec,rate,12.955384615384615
2021,5,PHI,rec,rate_pace,12.955384615384615
2021,5,PHI,rec,full,13.105540280149482
2021,5,PHI,rush,base,13.0
2021,5,PHI,rush,rate,12.968036529680365
2021,5,PHI,rush,rate_pace,12.968036529680365
2021,5,PHI,rush,full,12.644079545875703
2021,5,PHI,pass,base,13.0
2021,5,PHI,pass,rate,12.909752547307134
2021,5,PHI,pass,rate_pace,12.647155418578663
2021,5,PHI,pass,full,12.797939608756936
2021,5,CIN,rec,base,13.0
2021,5,CIN,rec,rate,12.941153846153846
2021,5,CIN,rec,rate_pace,12.941153846153846
2021,5,CIN,rec,full,13.14456284549971
2021,5,CIN,rush,base,13.0
2021,5,CIN,rush,rate,12.993721461187215
2021,5,CIN,rush,rate_pace,12.993721461187215
2021,5,CIN,rush,full,12.679747022132293
2021,5,CIN,pass,base,13.0
2021,5,CIN,pass,rate,12.870451237263465
2021,5,CIN,pass,rate_pace,13.144712132381978
2021,5,CIN,pass,full,13.348903089778842
2021,5,GB,rec,base,13.0
2021,5,GB,rec,rate,13.026538461538461
2021,5,GB,rec,rate_pace,13.026538461538461
2021,5,GB,rec,full,13.343931965945062
2021,5,GB,rush,base,13.0
2021,5,GB,rush,rate,13.009132420091326
2021,5,GB,rush,rate_pace,13.009132420091326
2021,5,GB,rush,full,12.675511198925879
2021,5,GB,pass,base,13.0
2021,5,GB,pass,rate,13.07787481804949
2021,5,GB,pass,rate_pace,13.324909742149343
2021,5,GB,pass,full,13.643168495364034
2021,5,HOU,rec,base,13.0
2021,5,HOU,rec,rate,13.063461538461537
2021,5,HOU,rec,rate_pace,13.063461538461537
2021,5,HOU,rec,full,13.168470093852957
2021,5,HOU,rush,base,13.0
2021,5,HOU,rush,rate,12.912671232876713
2021,5,HOU,rush,rate_pace,12.912671232876713
2021,5,HOU,rush,full,12.483878735139802
2021,5,HOU,pass,base,13.0
2021,5,HOU,pass,rate,13.104803493449783
2021,5,HOU,pass,rate_pace,13.102513672491096
2021,5,HOU,pass,full,13.206096440270123
2021,5,NE,rec,base,13.0
2021,5,NE,rec,rate,13.079615384615382
2021,5,NE,rec,rate_pace,13.079615384615382
2021,5,NE,rec,full,12.982065593104618
2021,5,NE,rush,base,13.0
2021,5,NE,rush,rate,13.068493150684933
2021,5,NE,rush,rate_pace,13.068493150684933
2021,5,NE,rush,full,13.139084509984006
2021,5,NE,pass,base,13.0
2021,5,NE,pass,rate,13.146288209606988
2021,5,NE,pass,rate_pace,13.643905673841203
2021,5,NE,pass,full,13.543991461049542
2021,5,JAX,rec,base,13.0
2021,5,JAX,rec,rate,13.062692307692307
2021,5,JAX,rec,rate_pace,13.062692307692307
2021,5,JAX,rec,full,13.181005531252802
2021,5,JAX,rush,base,13.0
2021,5,JAX,rush,rate,12.90068493150685
2021,5,JAX,rush,rate_pace,12.90068493150685
2021,5,JAX,rush,full,12.42881191307591
2021,5,JAX,pass,base,13.0
2021,5,JAX,pass,rate,13.126637554585152
2021,5,JAX,pass,rate_pace,12.920041989518436
2021,5,JAX,pass,full,13.037469803983553
2021,5,TEN,rec,base,13.0
2021,5,TEN,rec,rate,13.07653846153846
2021,5,TEN,rec,rate_pace,13.07653846153846
2021,5,TEN,rec,full,13.393254886578298
2021,5,TEN,rush,base,13.0
2021,5,TEN,rush,rate,13.0074200913242
2021,5,TEN,rush,rate_pace,13.0074200913242
2021,5,TEN,rush,full,12.706354644842913
2021,5,TEN,pass,base,13.0
2021,5,TEN,pass,rate,13.14410480349345
2021,5,TEN,pass,rate_pace,13.445513448439314
2021,5,TEN,pass,full,13.760363567035045
2021,5,MIN,rec,base,13.0
2021,5,MIN,rec,rate,12.988461538461536
2021,5,MIN,rec,rate_pace,12.988461538461536
2021,5,MIN,rec,full,13.359732152357898
2021,5,MIN,rush,base,13.0
2021,5,MIN,rush,rate,12.979452054794521
2021,5,MIN,rush,rate_pace,12.979452054794521
2021,5,MIN,rush,full,12.480689354193043
2021,5,MIN,pass,base,13.0
2021,5,MIN,pass,rate,12.999272197962155
2021,5,MIN,pass,rate_pace,12.937647344384498
2021,5,MIN,pass,full,13.309407077676772
2021,5,DET,rec,base,13.0
2021,5,DET,rec,rate,12.973461538461537
2021,5,DET,rec,rate_pace,12.973461538461537
2021,5,DET,rec,full,13.4521754804227
2021,5,DET,rush,base,13.0
2021,5,DET,rush,rate,13.041666666666668
2021,5,DET,rush,rate_pace,13.041666666666668
2021,5,DET,rush,full,11.959685273243478
2021,5,DET,pass,base,13.0
2021,5,DET,pass,rate,12.965065502183407
2021,5,DET,pass,rate_pace,12.780184610453247
2021,5,DET,pass,full,13.259129958403753
2021,5,PIT,rec,base,13.0
2021,5,PIT,rec,rate,13.030384615384614
2021,5,PIT,rec,rate_pace,13.030384615384614
2021,5,PIT,rec,full,13.188026020163457
2021,5,PIT,rush,base,13.0
2021,5,PIT,rush,rate,13.04965753424658
2021,5,PIT,rush,rate_pace,13.04965753424658
2021,5,PIT,rush,full,12.646124277269339
2021,5,PIT,pass,base,13.0
2021,5,PIT,pass,rate,13.051673944687046
2021,5,PIT,pass,rate_pace,12.557398150593519
2021,5,PIT,pass,full,12.71555431462394
2021,5,DEN,rec,base,13.0
2021,5,DEN,rec,rate,13.042307692307691
2021,5,DEN,rec,rate_pace,13.042307692307691
2021,5,DEN,rec,full,13.23280062520976
2021,5,DEN,rush,base,13.0
2021,5,DEN,rush,rate,13.113584474885846
2021,5,DEN,rush,rate_pace,13.113584474885846
2021,5,DEN,rush,full,12.858533093089035
2021,5,DEN,pass,base,13.0
2021,5,DEN,pass,rate,13.054585152838428
2021,5,DEN,pass,rate_pace,13.136624069804398
2021,5,DEN,pass,full,13.327841201393102
2021,5,TB,rec,base,13.0
2021,5,TB,rec,rate,12.936538461538458
2021,5,TB,rec,rate_pace,12.936538461538458
2021,5,TB,rec,full,13.038698932128735
2021,5,TB,rush,base,13.0
2021,5,TB,rush,rate,12.873858447488585
2021,5,TB,rush,rate_pace,12.873858447488585
2021,5,TB,rush,full,12.88494338760669
2021,5,TB,pass,base,13.0
2021,5,TB,pass,rate,12.91193595342067
2021,5,TB,pass,rate_pace,12.691475965038642
2021,5,TB,pass,full,12.792926920305456
2021,5,MIA,rec,base,13.0
2021,5,MIA,rec,rate,13.036923076923076
2021,5,MIA,rec,rate_pace,13.036923076923076
2021,5,MIA,rec,full,12.968969145206815
2021,5,MIA,rush,base,13.0
2021,5,MIA,rush,rate,12.958333333333336
2021,5,MIA,rush,rate_pace,12.958333333333336
2021,5,MIA,rush,full,13.028378062187358
2021,5,MIA,pass,base,13.0
2021,5,MIA,pass,rate,13.038573508005822
2021,5,MIA,pass,rate_pace,12.974972906341169
2021,5,MIA,pass,full,12.903968773876382
2021,5,WAS,rec,base,13.0
2021,5,WAS,rec,rate,12.935769230769228
2021,5,WAS,rec,rate_pace,12.935769230769228
2021,5,WAS,rec,full,13.133925268757764
2021,5,WAS,rush,base,13.0
2021,5,WAS,rush,rate,13.068493150684931
2021,5,WAS,rush,rate_pace,13.068493150684931
2021,5,WAS,rush,full,12.685343592270709
2021,5,WAS,pass,base,13.0
2021,5,WAS,pass,rate,12.885007278020378
2021,5,WAS,pass,rate_pace,12.75476101853905
2021,5,WAS,pass,full,12.95229499656167
2021,5,NO,rec,base,13.0
2021,5,NO,rec,rate,13.001153846153846
2021,5,NO,rec,rate_pace,13.001153846153846
2021,5,NO,rec,full,13.100319698450837
2021,5,NO,rush,base,13.0
2021,5,NO,rush,rate,12.961757990867582
2021,5,NO,rush,rate_pace,12.961757990867582
2021,5,NO,rush,full,12.937656286535416
2021,5,NO,pass,base,13.0
2021,5,NO,pass,rate,13.0
2021,5,NO,pass,rate_pace,13.759994491836865
2021,5,NO,pass,full,13.858318356963878
2021,5,LAC,rec,base,13.0
2021,5,LAC,rec,rate,12.987307692307692
2021,5,LAC,rec,rate_pace,12.987307692307692
2021,5,LAC,rec,full,13.15357398298693
2021,5,LAC,rush,base,13.0
2021,5,LAC,rush,rate,13.13527397260274
2021,5,LAC,rush,rate_pace,13.13527397260274
2021,5,LAC,rush,full,12.924038454185418
2021,5,LAC,pass,base,13.0
2021,5,LAC,pass,rate,12.97671033478894
2021,5,LAC,pass,rate_pace,12.590097011626636
2021,5,LAC,pass,full,12.756343656955947
2021,5,CLE,rec,base,13.0
2021,5,CLE,rec,rate,12.916538461538462
2021,5,CLE,rec,rate_pace,12.916538461538462
2021,5,CLE,rec,full,13.111383383495047
2021,5,CLE,rush,base,13.0
2021,5,CLE,rush,rate,13.117579908675799
2021,5,CLE,rush,rate_pace,13.117579908675799
2021,5,CLE,rush,full,12.913835747686626
2021,5,CLE,pass,base,13.0
2021,5,CLE,pass,rate,12.804221251819506
2021,5,CLE,pass,rate_pace,13.097697194373819
2021,5,CLE,pass,full,13.290473704472644
2021,5,LV,rec,base,13.0
2021,5,LV,rec,rate,12.986923076923077
2021,5,LV,rec,rate_pace,12.986923076923077
2021,5,LV,rec,full,13.368502450232784
2021,5,LV,rush,base,13.0
2021,5,LV,rush,rate,13.09474885844749
2021,5,LV,rush,rate_pace,13.09474885844749
2021,5,LV,rush,full,12.509495463664773
2021,5,LV,pass,base,13.0
2021,5,LV,pass,rate,12.98471615720524
2021,5,LV,pass,rate_pace,12.878521997132507
2021,5,LV,pass,full,13.260938321044291
2021,5,CHI,rec,base,13.0
2021,5,CHI,rec,rate,12.965384615384615
2021,5,CHI,rec,rate_pace,12.965384615384615
2021,5,CHI,rec,full,12.944878073587226
2021,5,CHI,rush,base,13.0
2021,5,CHI,rush,rate,12.9925799086758
2021,5,CHI,rush,rate_pace,12.9925799086758
2021,5,CHI,rush,full,12.85376407458548
2021,5,CHI,pass,base,13.0
2021,5,CHI,pass,rate,12.935225618631732
2021,5,CHI,pass,rate_pace,12.977244935412596
2021,5,CHI,pass,full,12.95696818400785
2021,5,ARI,rec,base,13.0
2021,5,ARI,rec,rate,13.005384615384614
2021,5,ARI,rec,rate_pace,13.005384615384614
2021,5,ARI,rec,full,13.144002370812364
2021,5,ARI,rush,base,13.0
2021,5,ARI,rush,rate,12.93949771689498
2021,5,ARI,rush,rate_pace,12.93949771689498
2021,5,ARI,rush,full,12.850222831944992
2021,5,ARI,pass,base,13.0
2021,5,ARI,pass,rate,13.034206695778748
2021,5,ARI,pass,rate_pace,12.974481831293996
2021,5,ARI,pass,full,13.113805051218344
2021,5,SF,rec,base,13.0
2021,5,SF,rec,rate,13.079999999999998
2021,5,SF,rec,rate_pace,13.079999999999998
2021,5,SF,rec,full,13.11774421292212
2021,5,SF,rush,base,13.0
2021,5,SF,rush,rate,13.038242009132421
2021,5,SF,rush,rate_pace,13.038242009132421
2021,5,SF,rush,full,12.96363473216707
2021,5,SF,pass,base,13.0
2021,5,SF,pass,rate,13.143377001455603
2021,5,SF,pass,rate_pace,13.172602956124301
2021,5,SF,pass,full,13.209037504747215
2021,5,DAL,rec,base,13.0
2021,5,DAL,rec,rate,12.954999999999998
2021,5,DAL,rec,rate_pace,12.954999999999998
2021,5,DAL,rec,full,13.322424994636625
2021,5,DAL,rush,base,13.0
2021,5,DAL,rush,rate,13.017123287671232
2021,5,DAL,rush,rate_pace,13.017123287671232
2021,5,DAL,rush,full,12.506786357001971
2021,5,DAL,pass,base,13.0
2021,5,DAL,pass,rate,12.914847161572053
2021,5,DAL,pass,rate_pace,12.7812499910838
2021,5,DAL,pass,full,13.149288507800708
2021,5,NYG,rec,base,13.0
2021,5,NYG,rec,rate,12.962692307692304
2021,5,NYG,rec,rate_pace,12.962692307692304
2021,5,NYG,rec,full,13.078157738752964
2021,5,NYG,rush,base,13.0
2021,5,NYG,rush,rate,13.063926940639268
2021,5,NYG,rush,rate_pace,13.063926940639268
2021,5,NYG,rush,full,12.805101019154433
2021,5,NYG,pass,base,13.0
2021,5,NYG,pass,rate,12.959243085880642
2021,5,NYG,pass,rate_pace,13.11908111518482
2021,5,NYG,pass,full,13.234142501976162
2021,5,KC,rec,base,13.0
2021,5,KC,rec,rate,12.89884615384615
2021,5,KC,rec,rate_pace,12.89884615384615
2021,5,KC,rec,full,13.382905786779947
2021,5,KC,rush,base,13.0
2021,5,KC,rush,rate,13.117579908675799
2021,5,KC,rush,rate_pace,13.117579908675799
2021,5,KC,rush,full,12.315603980669673
2021,5,KC,pass,base,13.0
2021,5,KC,pass,rate,12.769286754002911
2021,5,KC,pass,rate_pace,12.457118885122618
2021,5,KC,pass,full,12.937186368489735
2021,5,BUF,rec,base,13.0
2021,5,BUF,rec,rate,13.109615384615385
2021,5,BUF,rec,rate_pace,13.109615384615385
2021,5,BUF,rec,full,13.080962144914672
2021,5,BUF,rush,base,13.0
2021,5,BUF,rush,rate,12.910388127853881
2021,5,BUF,rush,rate_pace,12.910388127853881
2021,5,BUF,rush,full,13.197855353809963
2021,5,BUF,pass,base,13.0
2021,5,BUF,pass,rate,13.180494905385736
2021,5,BUF,pass,rate_pace,12.927483532245601
2021,5,BUF,pass,full,12.897604193612233
2021,5,BAL,rec,base,13.0
2021,5,BAL,rec,rate,12.954230769230767
2021,5,BAL,rec,rate_pace,12.954230769230767
2021,5,BAL,rec,full,12.999347522757523
2021,5,BAL,rush,base,13.0
2021,5,BAL,rush,rate,12.98744292237443
2021,5,BAL,rush,rate_pace,12.98744292237443
2021,5,BAL,rush,full,13.04346824631876
2021,5,BAL,pass,base,13.0
2021,5,BAL,pass,rate,12.933770014556039
2021,5,BAL,pass,rate_pace,13.518130366518616
2021,5,BAL,pass,full,13.56215953474911
2021,5,IND,rec,base,13.0
2021,5,IND,rec,rate,13.101923076923079
2021,5,IND,rec,rate_pace,13.101923076923079
2021,5,IND,rec,full,13.171007381528497
2021,5,IND,rush,base,13.0
2021,5,IND,rush,rate,13.06335616438356
2021,5,IND,rush,rate_pace,13.06335616438356
2021,5,IND,rush,full,12.991077876169745
2021,5,IND,pass,base,13.0
2021,5,IND,pass,rate,13.13901018922853
2021,5,IND,pass,rate_pace,13.221949598472598
2021,5,IND,pass,full,13.287380227758915
2021,9,IND,rec,base,9.0
2021,9,IND,rec,rate,9.040706605222734
2021,9,IND,rec,rate_pace,9.040706605222734
2021,9,IND,rec,full,9.142310207568391
2021,9,IND,rush,base,9.0
2021,9,IND,rush,rate,9.037100456621003
2021,9,IND,rush,rate_pace,9.037100456621003
2021,9,IND,rush,full,8.912953974538022
2021,9,IND,pass,base,9.0
2021,9,IND,pass,rate,9.04730713245997
2021,9,IND,pass,rate_pace,9.166835920839024
2021,9,IND,pass,full,9.266331662543577
2021,9,NYJ,rec,base,10.0
2021,9,NYJ,rec,rate,10.059907834101383
2021,9,NYJ,rec,rate_pace,10.059907834101383
2021,9,NYJ,rec,full,10.211930270026173
2021,9,NYJ,rush,base,10.0
2021,9,NYJ,rush,rate,9.948630136986301
2021,9,NYJ,rush,rate_pace,9.948630136986301
2021,9,NYJ,rush,full,9.572430576295105
2021,9,NYJ,pass,base,10.0
2021,9,NYJ,pass,rate,10.124454148471616
2021,9,NYJ,pass,rate_pace,10.367353915324308
2021,9,NYJ,pass,full,10.518311467545447
2021,9,BAL,rec,base,10.0
2021,9,BAL,rec,rate,9.968125960061442
2021,9,BAL,rec,rate_pace,9.968125960061442
2021,9,BAL,rec,full,10.023276193915565
2021,9,BAL,rush,base,10.0
2021,9,BAL,rush,rate,9.988013698630137
2021,9,BAL,rush,rate_pace,9.988013698630137
2021,9,BAL,rush,full,9.993997627255101
2021,9,BAL,pass,base,10.0
2021,9,BAL,pass,rate,9.967976710334788
2021,9,BAL,pass,rate_pace,10.252930701257968
2021,9,BAL,pass,full,10.307690555882703
2021,9,MIN,rec,base,10.0
2021,9,MIN,rec,rate,9.974654377880185
2021,9,MIN,rec,rate_pace,9.974654377880185
2021,9,MIN,rec,full,10.097538818381592
2021,9,MIN,rush,base,10.0
2021,9,MIN,rush,rate,9.986301369863014
2021,9,MIN,rush,rate_pace,9.986301369863014
2021,9,MIN,rush,full,9.846445372262297
2021,9,MIN,pass,base,10.0
2021,9,MIN,pass,rate,9.977438136826782
2021,9,MIN,pass,rate_pace,9.857358257550969
2021,9,MIN,pass,full,9.97917198538734
2021,9,CAR,rec,base,9.0
2021,9,CAR,rec,rate,8.908986175115206
2021,9,CAR,rec,rate_pace,8.908986175115206
2021,9,CAR,rec,full,8.856925600058183
2021,9,CAR,rush,base,9.0
2021,9,CAR,rush,rate,8.955479452054796
2021,9,CAR,rush,rate_pace,8.955479452054796
2021,9,CAR,rush,full,8.971500703794838
2021,9,CAR,pass,base,9.0
2021,9,CAR,pass,rate,8.79985443959243
2021,9,CAR,pass,rate_pace,8.858717190951538
2021,9,CAR,pass,full,8.806289902967883
2021,9,NE,rec,base,9.0
2021,9,NE,rec,rate,9.035714285714285
2021,9,NE,rec,rate_pace,9.035714285714285
2021,9,NE,rec,full,9.090787265852835
2021,9,NE,rush,base,9.0
2021,9,NE,rush,rate,9.001141552511417
2021,9,NE,rush,rate_pace,9.001141552511417
2021,9,NE,rush,full,8.939585001972132
2021,9,NE,pass,base,9.0
2021,9,NE,pass,rate,9.048034934497817
2021,9,NE,pass,rate_pace,9.439988070318208
2021,9,NE,pass,full,9.493781246129105
2021,9,CIN,rec,base,9.0
2021,9,CIN,rec,rate,8.955069124423964
2021,9,CIN,rec,rate_pace,8.955069124423964
2021,9,CIN,rec,full,9.135218896970937
2021,9,CIN,rush,base,9.0
2021,9,CIN,rush,rate,9.00513698630137
2021,9,CIN,rush,rate_pace,9.00513698630137
2021,9,CIN,rush,full,8.766211780327785
2021,9,CIN,pass,base,9.0
2021,9,CIN,pass,rate,8.908296943231441
2021,9,CIN,pass,rate_pace,9.14510662851111
2021,9,CIN,pass,full,9.32480952488192
2021,9,CLE,rec,base,9.0
2021,9,CLE,rec,rate,9.01036866359447
2021,9,CLE,rec,rate_pace,9.01036866359447
2021,9,CLE,rec,full,9.139877706974165
2021,9,CLE,rush,base,9.0
2021,9,CLE,rush,rate,9.04337899543379
2021,9,CLE,rush,rate_pace,9.04337899543379
2021,9,CLE,rush,full,8.874412380296926
2021,9,CLE,pass,base,9.0
2021,9,CLE,pass,rate,8.999272197962155
2021,9,CLE,pass,rate_pace,9.1033831322871
2021,9,CLE,pass,full,9.233064934699925
2021,9,DAL,rec,base,10.0
2021,9,DAL,rec,rate,9.952764976958523
2021,9,DAL,rec,rate_pace,9.952764976958523
2021,9,DAL,rec,full,10.152296450153854
2021,9,DAL,rush,base,10.0
2021,9,DAL,rush,rate,9.979452054794521
2021,9,DAL,rush,rate_pace,9.979452054794521
2021,9,DAL,rush,full,9.781551747538494
2021,9,DAL,pass,base,10.0
2021,9,DAL,pass,rate,9.892285298398834
2021,9,DAL,pass,rate_pace,9.899546331934266
2021,9,DAL,pass,full,10.099048195600929
2021,9,DEN,rec,base,9.0
2021,9,DEN,rec,rate,9.099078341013826
2021,9,DEN,rec,rate_pace,9.099078341013826
2021,9,DEN,rec,full,9.234874350989097
2021,9,DEN,rush,base,9.0
2021,9,DEN,rush,rate,9.100456621004566
2021,9,DEN,rush,rate_pace,9.100456621004566
2021,9,DEN,rush,full,8.891026483558349
2021,9,DEN,pass,base,9.0
2021,9,DEN,pass,rate,9.181222707423581
2021,9,DEN,pass,rate_pace,9.118496295624624
2021,9,DEN,pass,full,9.255192465045168
2021,9,JAX,rec,base,10.0
2021,9,JAX,rec,rate,10.02073732718894
2021,9,JAX,rec,rate_pace,10.02073732718894
2021,9,JAX,rec,full,10.204640763682866
2021,9,JAX,rush,base,10.0
2021,9,JAX,rush,rate,9.97431506849315
2021,9,JAX,rush,rate_pace,9.97431506849315
2021,9,JAX,rush,full,9.41654797414184
2021,9,JAX,pass,base,10.0
2021,9,JAX,pass,rate,10.032023289665212
2021,9,JAX,pass,rate_pace,9.921185595946262
2021,9,JAX,pass,full,10.10436518635901
2021,9,BUF,rec,base,10.0
2021,9,BUF,rec,rate,10.043010752688172
2021,9,BUF,rec,rate_pace,10.043010752688172
2021,9,BUF,rec,full,10.056361407808172
2021,9,BUF,rush,base,10.0
2021,9,BUF,rush,rate,9.906392694063927
2021,9,BUF,rush,rate_pace,9.906392694063927
2021,9,BUF,rush,full,10.05448325302874
2021,9,BUF,pass,base,10.0
2021,9,BUF,pass,rate,10.056040756914118
2021,9,BUF,pass,rate_pace,9.87638393013073
2021,9,BUF,pass,full,9.888934447367145
2021,9,MIA,rec,base,9.0
2021,9,MIA,rec,rate,9.011904761904761
2021,9,MIA,rec,rate_pace,9.011904761904761
2021,9,MIA,rec,full,9.041377715216672
2021,9,MIA,rush,base,9.0
2021,9,MIA,rush,rate,8.969178082191782
2021,9,MIA,rush,rate_pace,8.969178082191782
2021,9,MIA,rush,full,8.861374016058724
2021,9,MIA,pass,base,9.0
2021,9,MIA,pass,rate,9.029839883551672
2021,9,MIA,pass,rate_pace,8.866890075108849
2021,9,MIA,pass,full,8.896592175890316
2021,9,HOU,rec,base,9.0
2021,9,HOU,rec,rate,9.076036866359448
2021,9,HOU,rec,rate_pace,9.076036866359448
2021,9,HOU,rec,full,9.3370790408588
2021,9,HOU,rush,base,9.0
2021,9,HOU,rush,rate,8.980022831050228
2021,9,HOU,rush,rate_pace,8.980022831050228
2021,9,HOU,rush,full,8.430530935289221
2021,9,HOU,pass,base,9.0
2021,9,HOU,pass,rate,9.128093158660842
2021,9,HOU,pass,rate_pace,9.191316633116772
2021,9,HOU,pass,full,9.452324489229433
2021,9,NO,rec,base,10.0
2021,9,NO,rec,rate,10.021121351766514
2021,9,NO,rec,rate_pace,10.021121351766514
2021,9,NO,rec,full,10.012438867191001
2021,9,NO,rush,base,10.0
2021,9,NO,rush,rate,9.99714611872146
2021,9,NO,rush,rate_pace,9.99714611872146
2021,9,NO,rush,full,10.026175592761481
2021,9,NO,pass,base,10.0
2021,9,NO,pass,rate,10.03420669577875
2021,9,NO,pass,rate_pace,10.577907864049315
2021,9,NO,pass,full,10.5679812256761
2021,9,ATL,rec,base,10.0
2021,9,ATL,rec,rate,9.99615975422427
2021,9,ATL,rec,rate_pace,9.99615975422427
2021,9,ATL,rec,full,10.193298120660012
2021,9,ATL,rush,base,10.0
2021,9,ATL,rush,rate,9.942351598173516
2021,9,ATL,rush,rate_pace,9.942351598173516
2021,9,ATL,rush,full,9.55978049740194
2021,9,ATL,pass,base,10.0
2021,9,ATL,pass,rate,9.970887918486172
2021,9,ATL,pass,rate_pace,9.799557419273288
2021,9,ATL,pass,full,9.996278826945636
2021,9,NYG,rec,base,9.0
2021,9,NYG,rec,rate,9.023809523809524
2021,9,NYG,rec,rate_pace,9.023809523809524
2021,9,NYG,rec,full,9.057146408732658
2021,9,NYG,rush,base,9.0
2021,9,NYG,rush,rate,8.966894977168948
2021,9,NYG,rush,rate_pace,8.966894977168948
2021,9,NYG,rush,full,8.857978937416574
2021,9,NYG,pass,base,9.0
2021,9,NYG,pass,rate,9.06768558951965
2021,9,NYG,pass,rate_pace,9.040240825725402
2021,9,NYG,pass,full,9.072253905288568
2021,9,LV,rec,base,10.0
2021,9,LV,rec,rate,10.036866359447005
2021,9,LV,rec,rate_pace,10.036866359447005
2021,9,LV,rec,full,10.340265871468574
2021,9,LV,rush,base,10.0
2021,9,LV,rush,rate,10.055936073059362
2021,9,LV,rush,rate_pace,10.055936073059362
2021,9,LV,rush,full,9.61332935353601
2021,9,LV,pass,base,10.0
2021,9,LV,pass,rate,10.06404657933042
2021,9,LV,pass,rate_pace,10.06111899609396
2021,9,LV,pass,full,10.36670636558124
2021,9,PHI,rec,base,9.0
2021,9,PHI,rec,rate,8.948540706605224
2021,9,PHI,rec,rate_pace,8.948540706605224
2021,9,PHI,rec,full,8.972607617629986
2021,9,PHI,rush,base,9.0
2021,9,PHI,rush,rate,8.969178082191782
2021,9,PHI,rush,rate_pace,8.969178082191782
2021,9,PHI,rush,full,8.945520873774962
2021,9,PHI,pass,base,9.0
2021,9,PHI,pass,rate,8.8981077147016
2021,9,PHI,pass,rate_pace,8.848231970049428
2021,9,PHI,pass,full,8.872774746878868
2021,9,LAC,rec,base,10.0
2021,9,LAC,rec,rate,10.020353302611367
2021,9,LAC,rec,rate_pace,10.020353302611367
2021,9,LAC,rec,full,10.219627229248074
2021,9,LAC,rush,base,10.0
2021,9,LAC,rush,rate,10.110159817351597
2021,9,LAC,rush,rate_pace,10.110159817351597
2021,9,LAC,rush,full,9.771120506466888
2021,9,LAC,pass,base,10.0
2021,9,LAC,pass,rate,10.060407569141194
2021,9,LAC,pass,rate_pace,9.706651192563111
2021,9,LAC,pass,full,9.907367042620733
2021,9,KC,rec,base,9.0
2021,9,KC,rec,rate,8.93663594470046
2021,9,KC,rec,rate_pace,8.93663594470046
2021,9,KC,rec,full,9.161703071846212
2021,9,KC,rush,base,9.0
2021,9,KC,rush,rate,9.11986301369863
2021,9,KC,rush,rate_pace,9.11986301369863
2021,9,KC,rush,full,8.72221550982584
2021,9,KC,pass,base,9.0
2021,9,KC,pass,rate,8.860989810771471
2021,9,KC,pass,rate_pace,8.459080079411175
2021,9,KC,pass,full,8.682632262312106
2021,9,GB,rec,base,9.0
2021,9,GB,rec,rate,9.077956989247312
2021,9,GB,rec,rate_pace,9.077956989247312
2021,9,GB,rec,full,9.092596218865076
2021,9,GB,rush,base,9.0
2021,9,GB,rush,rate,8.994292237442922
2021,9,GB,rush,rate_pace,8.994292237442922
2021,9,GB,rush,full,8.953854080678003
2021,9,GB,pass,base,9.0
2021,9,GB,pass,rate,9.182678311499272
2021,9,GB,pass,rate_pace,9.323506190586356
2021,9,GB,pass,full,9.337669421918557
2021,9,SF,rec,base,10.0
2021,9,SF,rec,rate,10.002688172043012
2021,9,SF,rec,rate_pace,10.002688172043012
2021,9,SF,rec,full,10.165829903981543
2021,9,SF,rush,base,10.0
2021,9,SF,rush,rate,10.071917808219176
2021,9,SF,rush,rate_pace,10.071917808219176
2021,9,SF,rush,full,9.871022397831405
2021,9,SF,pass,base,10.0
2021,9,SF,pass,rate,10.003639010189227
2021,9,SF,pass,rate_pace,10.158985277042468
2021,9,SF,pass,full,10.322474864319574
2021,9,ARI,rec,base,9.0
2021,9,ARI,rec,rate,9.00230414746544
2021,9,ARI,rec,rate_pace,9.00230414746544
2021,9,ARI,rec,full,8.900058960192109
2021,9,ARI,rush,base,9.0
2021,9,ARI,rush,rate,8.944634703196346
2021,9,ARI,rush,rate_pace,8.944634703196346
2021,9,ARI,rush,full,9.098156791998136
2021,9,ARI,pass,base,9.0
2021,9,ARI,pass,rate,9.03566229985444
2021,9,ARI,pass,rate_pace,9.040745489954029
2021,9,ARI,pass,full,8.93859791567972
2021,9,LA,rec,base,9.0
2021,9,LA,rec,rate,8.948156682027651
2021,9,LA,rec,rate_pace,8.948156682027651
2021,9,LA,rec,full,9.05237885902366
2021,9,LA,rush,base,9.0
2021,9,LA,rush,rate,9.014269406392694
2021,9,LA,rush,rate_pace,9.014269406392694
2021,9,LA,rush,full,8.950891561114473
2021,9,LA,pass,base,9.0
2021,9,LA,pass,rate,8.875545851528383
2021,9,LA,pass,rate_pace,8.930500287327604
2021,9,LA,pass,full,9.034857908683632
2021,9,TEN,rec,base,9.0
2021,9,TEN,rec,rate,9.050307219662058
2021,9,TEN,rec,rate_pace,9.050307219662058
2021,9,TEN,rec,full,9.25760839895918
2021,9,TEN,rush,base,9.0
2021,9,TEN,rush,rate,8.998858447488583
2021,9,TEN,rush,rate_pace,8.998858447488583
2021,9,TEN,rush,full,8.847944998106264
2021,9,TEN,pass,base,9.0
2021,9,TEN,pass,rate,9.112809315866084
2021,9,TEN,pass,rate_pace,9.356226875857445
2021,9,TEN,pass,full,9.563733152004627
2021,9,PIT,rec,base,10.0
2021,9,PIT,rec,rate,10.115591397849462
2021,9,PIT,rec,rate_pace,10.115591397849462
2021,9,PIT,rec,full,10.188309049763138
2021,9,PIT,rush,base,10.0
2021,9,PIT,rush,rate,10.050799086757989
2021,9,PIT,rush,rate_pace,10.050799086757989
2021,9,PIT,rush,full,9.916726764689592
2021,9,PIT,pass,base,10.0
2021,9,PIT,pass,rate,10.226346433770017
2021,9,PIT,pass,rate_pace,9.807438828905523
2021,9,PIT,pass,full,9.880198750140782
2021,9,CHI,rec,base,9.0
2021,9,CHI,rec,rate,8.98041474654378
2021,9,CHI,rec,rate_pace,8.98041474654378
2021,9,CHI,rec,full,8.931950671291272
2021,9,CHI,rush,base,9.0
2021,9,CHI,rush,rate,9.053082191780822
2021,9,CHI,rush,rate_pace,9.053082191780822
2021,9,CHI,rush,full,8.999644393732945
2021,9,CHI,pass,base,9.0
2021,9,CHI,pass,rate,8.983988355167394
2021,9,CHI,pass,rate_pace,9.085050639810147
2021,9,CHI,pass,full,9.038095220446818
2021,9,DET,rec,base,9.0
2021,9,DET,rec,rate,8.941628264208909
2021,9,DET,rec,rate_pace,8.941628264208909
2021,9,DET,rec,full,9.151027532882946
2021,9,DET,rush,base,9.0
2021,9,DET,rush,rate,9.031963470319635
2021,9,DET,rush,rate_pace,9.031963470319635
2021,9,DET,rush,full,8.478009210749201
2021,9,DET,pass,base,9.0
2021,9,DET,pass,rate,8.89665211062591
2021,9,DET,pass,rate_pace,8.740662821000505
2021,9,DET,pass,full,8.949173587406413
2021,9,WAS,rec,base,9.0
2021,9,WAS,rec,rate,8.943164362519202
2021,9,WAS,rec,rate_pace,8.943164362519202
2021,9,WAS,rec,full,9.042175145277634
2021,9,WAS,rush,base,9.0
2021,9,WAS,rush,rate,8.9925799086758
2021,9,WAS,rush,rate_pace,8.9925799086758
2021,9,WAS,rush,full,8.733649010988998
2021,9,WAS,pass,base,9.0
2021,9,WAS,pass,rate,8.920669577874817
2021,9,WAS,pass,rate_pace,8.778453235459414
2021,9,WAS,pass,full,8.87719911316892
2021,9,TB,rec,base,9.0
2021,9,TB,rec,rate,8.937019969278033
2021,9,TB,rec,rate_pace,8.937019969278033
2021,9,TB,rec,full,9.021188377137436
2021,9,TB,rush,base,9.0
2021,9,TB,rush,rate,8.93835616438356
2021,9,TB,rush,rate_pace,8.93835616438356
2021,9,TB,rush,full,8.938017388658613
2021,9,TB,pass,base,9.0
2021,9,TB,pass,rate,8.869723435225618
2021,9,TB,pass,rate_pace,8.792902660829292
2021,9,TB,pass,full,8.87662567953344
2021,9,SEA,rec,base,9.0
2021,9,SEA,rec,rate,8.991551459293396
2021,9,SEA,rec,rate_pace,8.991551459293396
2021,9,SEA,rec,full,9.015317108761241
2021,9,SEA,rush,base,9.0
2021,9,SEA,rush,rate,9.029109589041095
2021,9,SEA,rush,rate_pace,9.029109589041095
2021,9,SEA,rush,full,9.055652227906632
2021,9,SEA,pass,base,9.0
2021,9,SEA,pass,rate,8.999272197962155
2021,9,SEA,pass,rate_pace,9.102766889389834
2021,9,SEA,pass,full,9.127949840321023
2021,13,NO,rec,base,6.0
2021,13,NO,rec,rate,5.988390092879257
2021,13,NO,rec,rate_pace,5.988390092879257
2021,13,NO,rec,full,6.046141031177449
2021,13,NO,rush,base,6.0
2021,13,NO,rush,rate,6.0045871559633035
2021,13,NO,rush,rate_pace,6.0045871559633035
2021,13,NO,rush,full,5.947168089740126
2021,13,NO,pass,base,6.0
2021,13,NO,pass,rate,5.995607613469985
2021,13,NO,pass,rate_pace,6.183020409297406
2021,13,NO,pass,full,6.240362865188957
2021,13,DAL,rec,base,6.0
2021,13,DAL,rec,rate,5.973297213622291
2021,13,DAL,rec,rate_pace,5.973297213622291
2021,13,DAL,rec,full,6.05131242922352
2021,13,DAL,rush,base,6.0
2021,13,DAL,rush,rate,5.956422018348624
2021,13,DAL,rush,rate_pace,5.956422018348624
2021,13,DAL,rush,full,5.871549249620221
2021,13,DAL,pass,base,6.0
2021,13,DAL,pass,rate,5.929721815519765
2021,13,DAL,pass,rate_pace,5.864133735660509
2021,13,DAL,pass,full,5.941749216434019
2021,13,ATL,rec,base,6.0
2021,13,ATL,rec,rate,5.951238390092879
2021,13,ATL,rec,rate_pace,5.951238390092879
2021,13,ATL,rec,full,6.076994848604473
2021,13,ATL,rush,base,6.0
2021,13,ATL,rush,rate,5.940940366972477
2021,13,ATL,rush,rate_pace,5.940940366972477
2021,13,ATL,rush,full,5.671762300604166
2021,13,ATL,pass,base,6.0
2021,13,ATL,pass,rate,5.898975109809663
2021,13,ATL,pass,rate_pace,5.851487828741103
2021,13,ATL,pass,full,5.974908031924923
2021,13,TB,rec,base,6.0
2021,13,TB,rec,rate,5.925309597523221
2021,13,TB,rec,rate_pace,5.925309597523221
2021,13,TB,rec,full,5.9961910863512955
2021,13,TB,rush,base,6.0
2021,13,TB,rush,rate,5.974197247706422
2021,13,TB,rush,rate_pace,5.974197247706422
2021,13,TB,rush,full,5.943607249686884
2021,13,TB,pass,base,6.0
2021,13,TB,pass,rate,5.86090775988287
2021,13,TB,pass,rate_pace,5.716491792401633
2021,13,TB,pass,full,5.785757990087925
2021,13,CHI,rec,base,6.0
2021,13,CHI,rec,rate,5.970588235294118
2021,13,CHI,rec,rate_pace,5.970588235294118
2021,13,CHI,rec,full,6.02844982633653
2021,13,CHI,rush,base,6.0
2021,13,CHI,rush,rate,6.0625
2021,13,CHI,rush,rate_pace,6.0625
2021,13,CHI,rush,full,5.938273430694975
2021,13,CHI,pass,base,6.0
2021,13,CHI,pass,rate,5.952415812591509
2021,13,CHI,pass,rate_pace,6.096956026665247
2021,13,CHI,pass,full,6.1560792878539115
2021,13,ARI,rec,base,6.0
2021,13,ARI,rec,rate,6.063854489164087
2021,13,ARI,rec,rate_pace,6.063854489164087
2021,13,ARI,rec,full,6.111111469391602
2021,13,ARI,rush,base,6.0
2021,13,ARI,rush,rate,5.958142201834862
2021,13,ARI,rush,rate_pace,5.958142201834862
2021,13,ARI,rush,full,5.946689818584377
2021,13,ARI,pass,base,6.0
2021,13,ARI,pass,rate,6.142020497803806
2021,13,ARI,pass,rate_pace,6.15715999305186
2021,13,ARI,pass,full,6.2054581519844305
2021,13,CIN,rec,base,6.0
2021,13,CIN,rec,rate,5.993034055727554
2021,13,CIN,rec,rate_pace,5.993034055727554
2021,13,CIN,rec,full,6.1162160725164005
2021,13,CIN,rush,base,6.0
2021,13,CIN,rush,rate,6.005160550458714
2021,13,CIN,rush,rate_pace,6.005160550458714
2021,13,CIN,rush,full,5.854637467995172
2021,13,CIN,pass,base,6.0
2021,13,CIN,pass,rate,5.980234260614935
2021,13,CIN,pass,rate_pace,6.1827083769412745
2021,13,CIN,pass,full,6.305615518570121
2021,13,LAC,rec,base,6.0
2021,13,LAC,rec,rate,6.010835913312692
2021,13,LAC,rec,rate_pace,6.010835913312692
2021,13,LAC,rec,full,6.163885037965915
2021,13,LAC,rush,base,6.0
2021,13,LAC,rush,rate,6.107798165137614
2021,13,LAC,rush,rate_pace,6.107798165137614
2021,13,LAC,rush,full,5.826974122488672
2021,13,LAC,pass,base,6.0
2021,13,LAC,pass,rate,6.013909224011713
2021,13,LAC,pass,rate_pace,5.843335992320336
2021,13,LAC,pass,full,5.996944267752702
2021,13,DET,rec,base,6.0
2021,13,DET,rec,rate,5.977941176470588
2021,13,DET,rec,rate_pace,5.977941176470588
2021,13,DET,rec,full,6.129039846455516
2021,13,DET,rush,base,6.0
2021,13,DET,rush,rate,6.051605504587155
2021,13,DET,rush,rate_pace,6.051605504587155
2021,13,DET,rush,full,5.679185332745667
2021,13,DET,pass,base,6.0
2021,13,DET,pass,rate,5.945827232796486
2021,13,DET,pass,rate_pace,5.941074925794328
2021,13,DET,pass,full,6.091797700609159
2021,13,MIN,rec,base,6.0
2021,13,MIN,rec,rate,6.044117647058823
2021,13,MIN,rec,rate_pace,6.044117647058823
2021,13,MIN,rec,full,6.190402480962307
2021,13,MIN,rush,base,6.0
2021,13,MIN,rush,rate,5.967316513761467
2021,13,MIN,rush,rate_pace,5.967316513761467
2021,13,MIN,rush,full,5.7689247158991845
2021,13,MIN,pass,base,6.0
2021,13,MIN,pass,rate,6.11493411420205
2021,13,MIN,pass,rate_pace,5.961571883778216
2021,13,MIN,pass,full,6.108600268929342
2021,13,HOU,rec,base,6.0
2021,13,HOU,rec,rate,6.003869969040248
2021,13,HOU,rec,rate_pace,6.003869969040248
2021,13,HOU,rec,full,6.130233279823446
2021,13,HOU,rush,base,6.0
2021,13,HOU,rush,rate,6.0068807339449535
2021,13,HOU,rush,rate_pace,6.0068807339449535
2021,13,HOU,rush,full,5.724145117507234
2021,13,HOU,pass,base,6.0
2021,13,HOU,pass,rate,5.98316251830161
2021,13,HOU,pass,rate_pace,6.016733224567031
2021,13,HOU,pass,full,6.142006264992848
2021,13,IND,rec,base,5.0
2021,13,IND,rec,rate,4.979876160990712
2021,13,IND,rec,rate_pace,4.979876160990712
2021,13,IND,rec,full,5.060791499117183
2021,13,IND,rush,base,5.0
2021,13,IND,rush,rate,5.084288990825688
2021,13,IND,rush,rate_pace,5.084288990825688
2021,13,IND,rush,full,4.998450213879924
2021,13,IND,pass,base,5.0
2021,13,IND,pass,rate,4.967789165446559
2021,13,IND,pass,rate_pace,5.006400427858687
2021,13,IND,pass,full,5.086078433697157
2021,13,MIA,rec,base,5.0
2021,13,MIA,rec,rate,4.96671826625387
2021,13,MIA,rec,rate_pace,4.96671826625387
2021,13,MIA,rec,full,4.940974277407559
2021,13,MIA,rush,base,5.0
2021,13,MIA,rush,rate,5.021215596330276
2021,13,MIA,rush,rate_pace,5.021215596330276
2021,13,MIA,rush,full,5.092558611619783
2021,13,MIA,pass,base,5.0
2021,13,MIA,pass,rate,4.941434846266471
2021,13,MIA,pass,rate_pace,4.837916432456893
2021,13,MIA,pass,full,4.812320418410866
2021,13,NYG,rec,base,6.0
2021,13,NYG,rec,rate,6.040247678018576
2021,13,NYG,rec,rate_pace,6.040247678018576
2021,13,NYG,rec,full,6.013830022176041
2021,13,NYG,rush,base,6.0
2021,13,NYG,rush,rate,5.982224770642202
2021,13,NYG,rush,rate_pace,5.982224770642202
2021,13,NYG,rush,full,5.947621851379925
2021,13,NYG,pass,base,6.0
2021,13,NYG,pass,rate,6.093704245973646
2021,13,NYG,pass,rate_pace,6.095549414003013
2021,13,NYG,pass,full,6.0684864949682185
2021,13,NYJ,rec,base,6.0
2021,13,NYJ,rec,rate,5.986068111455108
2021,13,NYJ,rec,rate_pace,5.986068111455108
2021,13,NYJ,rec,full,6.0576109873319375
2021,13,NYJ,rush,base,6.0
2021,13,NYJ,rush,rate,5.940940366972478
2021,13,NYJ,rush,rate_pace,5.940940366972478
2021,13,NYJ,rush,full,5.6792762515239605
2021,13,NYJ,pass,base,6.0
2021,13,NYJ,pass,rate,5.969253294289897
2021,13,NYJ,pass,rate_pace,5.983145596485332
2021,13,NYJ,pass,full,6.052756189058943
2021,13,PHI,rec,base,5.0
2021,13,PHI,rec,rate,5.011996904024768
2021,13,PHI,rec,rate_pace,5.011996904024768
2021,13,PHI,rec,full,4.9830081645353514
2021,13,PHI,rush,base,5.0
2021,13,PHI,rush,rate,5.009174311926605
2021,13,PHI,rush,rate_pace,5.009174311926605
2021,13,PHI,rush,full,5.0727926573676765
2021,13,PHI,pass,base,5.0
2021,13,PHI,pass,rate,5.007320644216691
2021,13,PHI,pass,rate_pace,5.087918391312749
2021,13,PHI,pass,full,5.059498844452147
2021,13,LA,rec,base,6.0
2021,13,LA,rec,rate,5.994969040247678
2021,13,LA,rec,rate_pace,5.994969040247678
2021,13,LA,rec,full,6.105953743367946
2021,13,LA,rush,base,6.0
2021,13,LA,rush,rate,6.011467889908256
2021,13,LA,rush,rate_pace,6.011467889908256
2021,13,LA,rush,full,5.8694427384981545
2021,13,LA,pass,base,6.0
2021,13,LA,pass,rate,5.993411420204978
2021,13,LA,pass,rate_pace,5.984023907297099
2021,13,LA,pass,full,6.095876533397042
2021,13,JAX,rec,base,6.0
2021,13,JAX,rec,rate,5.997291021671828
2021,13,JAX,rec,rate_pace,5.997291021671828
2021,13,JAX,rec,full,6.045909499640446
2021,13,JAX,rush,base,6.0
2021,13,JAX,rush,rate,6.044151376146789
2021,13,JAX,rush,rate_pace,6.044151376146789
2021,13,JAX,rush,full,5.844639683733244
2021,13,JAX,pass,base,6.0
2021,13,JAX,pass,rate,6.013909224011713
2021,13,JAX,pass,rate_pace,5.954578262811252
2021,13,JAX,pass,full,6.002669538187347
2021,13,LV,rec,base,6.0
2021,13,LV,rec,rate,6.023606811145511
2021,13,LV,rec,rate_pace,6.023606811145511
2021,13,LV,rec,full,6.215278148984723
2021,13,LV,rush,base,6.0
2021,13,LV,rush,rate,6.014908256880734
2021,13,LV,rush,rate_pace,6.014908256880734
2021,13,LV,rush,full,5.648703573184819
2021,13,LV,pass,base,6.0
2021,13,LV,pass,rate,6.021961932650073
2021,13,LV,pass,rate_pace,5.915674396412988
2021,13,LV,pass,full,6.107655709243524
2021,13,WAS,rec,base,6.0
2021,13,WAS,rec,rate,6.026315789473685
2021,13,WAS,rec,rate_pace,6.026315789473685
2021,13,WAS,rec,full,6.068489756545492
2021,13,WAS,rush,base,6.0
2021,13,WAS,rush,rate,6.027522935779817
2021,13,WAS,rush,rate_pace,6.027522935779817
2021,13,WAS,rush,full,5.945428327239318
2021,13,WAS,pass,base,6.0
2021,13,WAS,pass,rate,6.059297218155198
2021,13,WAS,pass,rate_pace,5.952051707226013
2021,13,WAS,pass,full,5.994963452739654
2021,13,PIT,rec,base,6.0
2021,13,PIT,rec,rate,6.0433436532507745
2021,13,PIT,rec,rate_pace,6.0433436532507745
2021,13,PIT,rec,full,6.159622829818145
2021,13,PIT,rush,base,6.0
2021,13,PIT,rush,rate,6.008027522935779
2021,13,PIT,rush,rate_pace,6.008027522935779
2021,13,PIT,rush,full,5.721462979754324
2021,13,PIT,pass,base,6.0
2021,13,PIT,pass,rate,6.099560761346999
2021,13,PIT,pass,rate_pace,5.904396051245847
2021,13,PIT,pass,full,6.022412233081569
2021,13,BAL,rec,base,6.0
2021,13,BAL,rec,rate,5.966331269349845
2021,13,BAL,rec,rate_pace,5.966331269349845
2021,13,BAL,rec,full,6.015810816221505
2021,13,BAL,rush,base,6.0
2021,13,BAL,rush,rate,5.998853211009175
2021,13,BAL,rush,rate_pace,5.998853211009175
2021,13,BAL,rush,full,5.959095797453209
2021,13,BAL,pass,base,6.0
2021,13,BAL,pass,rate,5.928989751098097
2021,13,BAL,pass,rate_pace,5.926084503014968
2021,13,BAL,pass,full,5.97501887077847
2021,13,SEA,rec,base,6.0
2021,13,SEA,rec,rate,6.026315789473684
2021,13,SEA,rec,rate_pace,6.026315789473684
2021,13,SEA,rec,full,6.056484449476919
2021,13,SEA,rush,base,6.0
2021,13,SEA,rush,rate,6.0005733944954125
2021,13,SEA,rush,rate_pace,6.0005733944954125
2021,13,SEA,rush,full,5.961705252500298
2021,13,SEA,pass,base,6.0
2021,13,SEA,pass,rate,6.078330893118594
2021,13,SEA,pass,rate_pace,6.148312466429159
2021,13,SEA,pass,full,6.177707500704054
2021,13,SF,rec,base,6.0
2021,13,SF,rec,rate,5.999613003095975
2021,13,SF,rec,rate_pace,5.999613003095975
2021,13,SF,rec,full,6.114404498334546
2021,13,SF,rush,base,6.0
2021,13,SF,rush,rate,6.021788990825689
2021,13,SF,rush,rate_pace,6.021788990825689
2021,13,SF,rush,full,5.912279377143726
2021,13,SF,pass,base,6.0
2021,13,SF,pass,rate,5.989751098096632
2021,13,SF,pass,rate_pace,6.195557411333482
2021,13,SF,pass,full,6.310083354570754
2021,13,KC,rec,base,6.0
2021,13,KC,rec,rate,6.0019349845201235
2021,13,KC,rec,rate_pace,6.0019349845201235
2021,13,KC,rec,full,6.1048148935906745
2021,13,KC,rush,base,6.0
2021,13,KC,rush,rate,6.1089449541284395
2021,13,KC,rush,rate_pace,6.1089449541284395
2021,13,KC,rush,full,5.9676879992699785
2021,13,KC,pass,base,6.0
2021,13,KC,pass,rate,5.986090775988288
2021,13,KC,pass,rate_pace,5.707353355229389
2021,13,KC,pass,full,5.809808493360687
2021,13,DEN,rec,base,6.0
2021,13,DEN,rec,rate,6.083978328173374
2021,13,DEN,rec,rate_pace,6.083978328173374
2021,13,DEN,rec,full,6.173082518131611
2021,13,DEN,rush,base,6.0
2021,13,DEN,rush,rate,6.0625
2021,13,DEN,rush,rate_pace,6.0625
2021,13,DEN,rush,full,5.942115875049675
2021,13,DEN,pass,base,6.0
2021,13,DEN,pass,rate,6.140556368960469
2021,13,DEN,pass,rate_pace,6.216245376569199
2021,13,DEN,pass,full,6.304920342012666
2021,13,BUF,rec,base,6.0
2021,13,BUF,rec,rate,5.900541795665635
2021,13,BUF,rec,rate_pace,5.900541795665635
2021,13,BUF,rec,full,5.912298751564135
2021,13,BUF,rush,base,6.0
2021,13,BUF,rush,rate,6.028669724770641
2021,13,BUF,rush,rate_pace,6.028669724770641
2021,13,BUF,rush,full,6.097363080565462
2021,13,BUF,pass,base,6.0
2021,13,BUF,pass,rate,5.819912152269399
2021,13,BUF,pass,rate_pace,5.698953675253132
2021,13,BUF,pass,full,5.7095132367838906
2021,13,NE,rec,base,5.0
2021,13,NE,rec,rate,4.966331269349845
2021,13,NE,rec,rate_pace,4.966331269349845
2021,13,NE,rec,full,4.9427282065795
2021,13,NE,rush,base,5.0
2021,13,NE,rush,rate,4.986811926605505
2021,13,NE,rush,rate_pace,4.986811926605505
2021,13,NE,rush,full,5.043019275407969
2021,13,NE,pass,base,5.0
2021,13,NE,pass,rate,4.9202049780380674
2021,13,NE,pass,rate_pace,5.123238270697977
2021,13,NE,pass,full,5.098247336382648
2021,13,CAR,rec,base,5.0
2021,13,CAR,rec,rate,4.909442724458204
2021,13,CAR,rec,rate_pace,4.909442724458204
2021,13,CAR,rec,full,4.966808410298163
2021,13,CAR,rush,base,5.0
2021,13,CAR,rush,rate,4.9432339449541285
2021,13,CAR,rush,rate_pace,4.9432339449541285
2021,13,CAR,rush,full,4.811439186523521
2021,13,CAR,pass,base,5.0
2021,13,CAR,pass,rate,4.800878477306003
2021,13,CAR,pass,rate_pace,4.892008345243517
2021,13,CAR,pass,full,4.947413082824753
2021,13,CLE,rec,base,5.0
2021,13,CLE,rec,rate,4.981424148606811
2021,13,CLE,rec,rate_pace,4.981424148606811
2021,13,CLE,rec,full,5.06105275024926
2021,13,CLE,rush,base,5.0
2021,13,CLE,rush,rate,5.022935779816514
2021,13,CLE,rush,rate_pace,5.022935779816514
2021,13,CLE,rush,full,4.903999358908436
2021,13,CLE,pass,base,5.0
2021,13,CLE,pass,rate,4.953147877013177
2021,13,CLE,pass,rate_pace,5.039279815882631
2021,13,CLE,pass,full,5.118108284595317
2021,13,TEN,rec,base,5.0
2021,13,TEN,rec,rate,5.039086687306501
2021,13,TEN,rec,rate_pace,5.039086687306501
2021,13,TEN,rec,full,5.13014646450356
2021,13,TEN,rush,base,5.0
2021,13,TEN,rush,rate,5.030963302752293
2021,13,TEN,rush,rate_pace,5.030963302752293
2021,13,TEN,rush,full,4.965882352773618
2021,13,TEN,pass,base,5.0
2021,13,TEN,pass,rate,5.083455344070277
2021,13,TEN,pass,rate_pace,5.207798217928458
2021,13,TEN,pass,full,5.298749132523634
2021,13,GB,rec,base,5.0
2021,13,GB,rec,rate,5.099458204334366
2021,13,GB,rec,rate_pace,5.099458204334366
2021,13,GB,rec,full,5.158982425601343
2021,13,GB,rush,base,5.0
2021,13,GB,rush,rate,4.978784403669724
2021,13,GB,rush,rate_pace,4.978784403669724
2021,13,GB,rush,full,4.9629910031030064
2021,13,GB,pass,base,5.0
2021,13,GB,pass,rate,5.216691068814055
2021,13,GB,pass,rate_pace,5.216371696978767
2021,13,GB,pass,full,5.277227910222107
2022,1,LA,rec,base,17.0
2022,1,LA,rec,rate,16.903724247226627
2022,1,LA,rec,rate_pace,16.903724247226627
2022,1,LA,rec,full,17.21217872729233
2022,1,LA,rush,base,17.0
2022,1,LA,rush,rate,16.897569444444446
2022,1,LA,rush,rate_pace,16.897569444444446
2022,1,LA,rush,full,16.530546143719025
2022,1,LA,pass,base,17.0
2022,1,LA,pass,rate,16.79521674140508
2022,1,LA,pass,rate_pace,16.741574062519746
2022,1,LA,pass,full,17.046982881340245
2022,1,BUF,rec,base,16.0
2022,1,BUF,rec,rate,16.03882725832013
2022,1,BUF,rec,rate_pace,16.03882725832013
2022,1,BUF,rec,full,16.259456390988003
2022,1,BUF,rush,base,16.0
2022,1,BUF,rush,rate,16.07060185185185
2022,1,BUF,rush,rate_pace,16.07060185185185
2022,1,BUF,rush,full,15.903803682485917
2022,1,BUF,pass,base,16.0
2022,1,BUF,pass,rate,16.124065769805682
2022,1,BUF,pass,rate_pace,15.801170701643589
2022,1,BUF,pass,full,16.023089430221557
2022,1,ATL,rec,base,17.0
2022,1,ATL,rec,rate,16.94215530903328
2022,1,ATL,rec,rate_pace,16.94215530903328
2022,1,ATL,rec,full,17.29022549518516
2022,1,ATL,rush,base,17.0
2022,1,ATL,rush,rate,16.84664351851852
2022,1,ATL,rush,rate_pace,16.84664351851852
2022,1,ATL,rush,full,16.144460761203035
2022,1,ATL,pass,base,17.0
2022,1,ATL,pass,rate,16.93348281016442
2022,1,ATL,pass,rate_pace,17.069782338389736
2022,1,ATL,pass,full,17.417518309378043
2022,1,NO,rec,base,17.0
2022,1,NO,rec,rate,16.95800316957211
2022,1,NO,rec,rate_pace,16.95800316957211
2022,1,NO,rec,full,17.123951466739502
2022,1,NO,rush,base,17.0
2022,1,NO,rush,rate,16.885416666666668
2022,1,NO,rush,rate_pace,16.885416666666668
2022,1,NO,rush,full,16.753147191099558
2022,1,NO,pass,base,17.0
2022,1,NO,pass,rate,16.924514200298955
2022,1,NO,pass,rate_pace,17.513247563857725
2022,1,NO,pass,full,17.67924044422556
2022,1,CAR,rec,base,17.0
2022,1,CAR,rec,rate,16.990887480190175
2022,1,CAR,rec,rate_pace,16.990887480190175
2022,1,CAR,rec,full,17.11998000265272
2022,1,CAR,rush,base,17.0
2022,1,CAR,rush,rate,16.875000000000004
2022,1,CAR,rush,rate_pace,16.875000000000004
2022,1,CAR,rush,full,16.620737573898968
2022,1,CAR,pass,base,17.0
2022,1,CAR,pass,rate,16.973094170403584
2022,1,CAR,pass,rate_pace,16.845937122025283
2022,1,CAR,pass,full,16.975448745558953
2022,1,CLE,rec,base,17.0
2022,1,CLE,rec,rate,17.09587955625991
2022,1,CLE,rec,rate_pace,17.09587955625991
2022,1,CLE,rec,full,17.115556877460385
2022,1,CLE,rush,base,17.0
2022,1,CLE,rush,rate,17.06365740740741
2022,1,CLE,rush,rate_pace,17.06365740740741
2022,1,CLE,rush,full,16.957503258525428
2022,1,CLE,pass,base,17.0
2022,1,CLE,pass,rate,17.17488789237668
2022,1,CLE,pass,rate_pace,17.5444226372108
2022,1,CLE,pass,full,17.5629173616615
2022,1,CHI,rec,base,17.0
2022,1,CHI,rec,rate,17.070522979397783
2022,1,CHI,rec,rate_pace,17.070522979397783
2022,1,CHI,rec,full,17.099828251839355
2022,1,CHI,rush,base,17.0
2022,1,CHI,rush,rate,17.10127314814815
2022,1,CHI,rush,rate_pace,17.10127314814815
2022,1,CHI,rush,full,16.912157682970797
2022,1,CHI,pass,base,17.0
2022,1,CHI,pass,rate,17.11808669656203
2022,1,CHI,pass,rate_pace,17.063348038325064
2022,1,CHI,pass,full,17.091225917793622
2022,1,SF,rec,base,17.0
2022,1,SF,rec,rate,16.97147385103011
2022,1,SF,rec,rate_pace,16.97147385103011
2022,1,SF,rec,full,16.93934483960406
2022,1,SF,rush,base,17.0
2022,1,SF,rush,rate,16.85127314814815
2022,1,SF,rush,rate_pace,16.85127314814815
2022,1,SF,rush,full,16.87768191679508
2022,1,SF,pass,base,17.0
2022,1,SF,pass,rate,16.943946188340806
2022,1,SF,pass,rate_pace,17.87072925121906
2022,1,SF,pass,full,17.837264932041467
2022,1,CIN,rec,base,16.0
2022,1,CIN,rec,rate,15.989302694136295
2022,1,CIN,rec,rate_pace,15.989302694136295
2022,1,CIN,rec,full,16.189979439826743
2022,1,CIN,rush,base,16.0
2022,1,CIN,rush,rate,15.99074074074074
2022,1,CIN,rush,rate_pace,15.99074074074074
2022,1,CIN,rush,full,15.756879322756104
2022,1,CIN,pass,base,16.0
2022,1,CIN,pass,rate,16.00373692077728
2022,1,CIN,pass,rate_pace,15.88196133267448
2022,1,CIN,pass,full,16.083205905424453
2022,1,PIT,rec,base,17.0
2022,1,PIT,rec,rate,16.961568938193345
2022,1,PIT,rec,rate_pace,16.961568938193345
2022,1,PIT,rec,full,17.107332517162842
2022,1,PIT,rush,base,17.0
2022,1,PIT,rush,rate,16.920138888888886
2022,1,PIT,rush,rate_pace,16.920138888888886
2022,1,PIT,rush,full,16.57796965042168
2022,1,PIT,pass,base,17.0
2022,1,PIT,pass,rate,16.918535127055303
2022,1,PIT,pass,rate_pace,16.540198381113118
2022,1,PIT,pass,full,16.685454733887138
2022,1,DET,rec,base,17.0
2022,1,DET,rec,rate,16.978605388272584
2022,1,DET,rec,rate_pace,16.978605388272584
2022,1,DET,rec,full,17.320550489656018
2022,1,DET,rush,base,17.0
2022,1,DET,rush,rate,17.070023148148145
2022,1,DET,rush,rate_pace,17.070023148148145
2022,1,DET,rush,full,16.46294678421561
2022,1,DET,pass,base,17.0
2022,1,DET,pass,rate,16.980568011958145
2022,1,DET,pass,rate_pace,17.005768200142775
2022,1,DET,pass,full,17.346013300313313
2022,1,PHI,rec,base,17.0
2022,1,PHI,rec,rate,17.085182250396198
2022,1,PHI,rec,rate_pace,17.085182250396198
2022,1,PHI,rec,full,17.33147404811729
2022,1,PHI,rush,base,17.0
2022,1,PHI,rush,rate,17.078125
2022,1,PHI,rush,rate_pace,17.078125
2022,1,PHI,rush,full,16.837621603923058
2022,1,PHI,pass,base,17.0
2022,1,PHI,pass,rate,17.157698056801195
2022,1,PHI,pass,rate_pace,17.612886852216786
2022,1,PHI,pass,full,17.86096930172852
2022,1,HOU,rec,base,17.0
2022,1,HOU,rec,rate,16.984944532488115
2022,1,HOU,rec,rate_pace,16.984944532488115
2022,1,HOU,rec,full,17.160962248639233
2022,1,HOU,rush,base,17.0
2022,1,HOU,rush,rate,16.957175925925927
2022,1,HOU,rush,rate_pace,16.957175925925927
2022,1,HOU,rush,full,16.50549162039581
2022,1,HOU,pass,base,17.0
2022,1,HOU,pass,rate,16.967862481315397
2022,1,HOU,pass,rate_pace,17.234629477274584
2022,1,HOU,pass,full,17.41024011987857
2022,1,IND,rec,base,17.0
2022,1,IND,rec,rate,17.072900158478607
2022,1,IND,rec,rate_pace,17.072900158478607
2022,1,IND,rec,full,17.371669464464926
2022,1,IND,rush,base,17.0
2022,1,IND,rush,rate,17.05787037037037
2022,1,IND,rush,rate_pace,17.05787037037037
2022,1,IND,rush,full,16.756068362451817
2022,1,IND,pass,base,17.0
2022,1,IND,pass,rate,17.133034379671148
2022,1,IND,pass,rate_pace,17.645425620500973
2022,1,IND,pass,full,17.944042092913943
2022,1,MIA,rec,base,17.0
2022,1,MIA,rec,rate,17.04556259904913
2022,1,MIA,rec,rate_pace,17.04556259904913
2022,1,MIA,rec,full,17.09018731639921
2022,1,MIA,rush,base,17.0
2022,1,MIA,rush,rate,17.145833333333336
2022,1,MIA,rush,rate_pace,17.145833333333336
2022,1,MIA,rush,full,17.06295472427145
2022,1,MIA,pass,base,17.0
2022,1,MIA,pass,rate,17.093423019431988
2022,1,MIA,pass,rate_pace,16.750980579690513
2022,1,MIA,pass,full,16.794286727524355
2022,1,NE,rec,base,17.0
2022,1,NE,rec,rate,17.020206022187008
2022,1,NE,rec,rate_pace,17.020206022187008
2022,1,NE,rec,full,17.229207577383907
2022,1,NE,rush,base,17.0
2022,1,NE,rush,rate,17.11226851851852
2022,1,NE,rush,rate_pace,17.11226851851852
2022,1,NE,rush,full,16.927327041258796
2022,1,NE,pass,base,17.0
2022,1,NE,pass,rate,17.056053811659194
2022,1,NE,pass,rate_pace,17.539174460189823
2022,1,NE,pass,full,17.747221703955695
2022,1,NYJ,rec,base,17.0
2022,1,NYJ,rec,rate,16.955625990491285
2022,1,NYJ,rec,rate_pace,16.955625990491285
2022,1,NYJ,rec,full,17.198082391096182
2022,1,NYJ,rush,base,17.0
2022,1,NYJ,rush,rate,17.10127314814815
2022,1,NYJ,rush,rate_pace,17.10127314814815
2022,1,NYJ,rush,full,16.44541058627944
2022,1,NYJ,pass,base,17.0
2022,1,NYJ,pass,rate,16.92152466367713
2022,1,NYJ,pass,rate_pace,16.702379445861382
2022,1,NYJ,pass,full,16.9435128520896
2022,1,BAL,rec,base,17.0
2022,1,BAL,rec,rate,16.919572107765454
2022,1,BAL,rec,rate_pace,16.919572107765454
2022,1,BAL,rec,full,17.10359500512014
2022,1,BAL,rush,base,17.0
2022,1,BAL,rush,rate,17.09664351851852
2022,1,BAL,rush,rate_pace,17.09664351851852
2022,1,BAL,rush,full,16.841359554063587
2022,1,BAL,pass,base,17.0
2022,1,BAL,pass,rate,16.82436472346786
2022,1,BAL,pass,rate_pace,16.291799279036194
2022,1,BAL,pass,full,16.47431934285768
2022,1,WAS,rec,base,17.0
2022,1,WAS,rec,rate,17.007527733755946
2022,1,WAS,rec,rate_pace,17.007527733755946
2022,1,WAS,rec,full,17.111773182058005
2022,1,WAS,rush,base,17.0
2022,1,WAS,rush,rate,16.998263888888886
2022,1,WAS,rush,rate_pace,16.998263888888886
2022,1,WAS,rush,full,16.824245251178134
2022,1,WAS,pass,base,17.0
2022,1,WAS,pass,rate,17.038116591928254
2022,1,WAS,pass,rate_pace,17.116878641891283
2022,1,WAS,pass,full,17.222561065614396
2022,1,JAX,rec,base,17.0
2022,1,JAX,rec,rate,17.148177496038038
2022,1,JAX,rec,rate_pace,17.148177496038038
2022,1,JAX,rec,full,17.28805380705797
2022,1,JAX,rush,base,17.0
2022,1,JAX,rush,rate,16.973958333333336
2022,1,JAX,rush,rate_pace,16.973958333333336
2022,1,JAX,rush,full,16.530004070888
2022,1,JAX,pass,base,17.0
2022,1,JAX,pass,rate,17.276532137518682
2022,1,JAX,pass,rate_pace,17.197721409758454
2022,1,JAX,pass,full,17.337865418990145
2022,1,ARI,rec,base,17.0
2022,1,ARI,rec,rate,16.908082408874805
2022,1,ARI,rec,rate_pace,16.908082408874805
2022,1,ARI,rec,full,17.181749053424706
2022,1,ARI,rush,base,17.0
2022,1,ARI,rush,rate,16.778935185185183
2022,1,ARI,rush,rate_pace,16.778935185185183
2022,1,ARI,rush,full,16.384288360152613
2022,1,ARI,pass,base,17.0
2022,1,ARI,pass,rate,16.848281016442453
2022,1,ARI,pass,rate_pace,16.82147988542143
2022,1,ARI,pass,full,17.094217562259786
2022,1,KC,rec,base,17.0
2022,1,KC,rec,rate,16.95324881141046
2022,1,KC,rec,rate_pace,16.95324881141046
2022,1,KC,rec,full,17.426095534498728
2022,1,KC,rush,base,17.0
2022,1,KC,rush,rate,16.93113425925926
2022,1,KC,rush,rate_pace,16.93113425925926
2022,1,KC,rush,full,16.233887641566383
2022,1,KC,pass,base,17.0
2022,1,KC,pass,rate,16.902840059790734
2022,1,KC,pass,rate_pace,16.235043117903473
2022,1,KC,pass,full,16.70654632472404
2022,1,LAC,rec,base,17.0
2022,1,LAC,rec,rate,16.979001584786054
2022,1,LAC,rec,rate_pace,16.979001584786054
2022,1,LAC,rec,full,17.504191351371077
2022,1,LAC,rush,base,17.0
2022,1,LAC,rush,rate,16.892361111111114
2022,1,LAC,rush,rate_pace,16.892361111111114
2022,1,LAC,rush,full,16.027408128936937
2022,1,LAC,pass,base,17.0
2022,1,LAC,pass,rate,16.94768310911809
2022,1,LAC,pass,rate_pace,16.455566755700275
2022,1,LAC,pass,full,16.980345171525965
2022,1,LV,rec,base,17.0
2022,1,LV,rec,rate,17.015847860538827
2022,1,LV,rec,rate_pace,17.015847860538827
2022,1,LV,rec,full,17.41999271533873
2022,1,LV,rush,base,17.0
2022,1,LV,rush,rate,16.985532407407405
2022,1,LV,rush,rate_pace,16.985532407407405
2022,1,LV,rush,full,16.216649639041655
2022,1,LV,pass,base,17.0
2022,1,LV,pass,rate,17.02316890881913
2022,1,LV,pass,rate_pace,16.8090612357575
2022,1,LV,pass,full,17.213164865213006
2022,1,MIN,rec,base,17.0
2022,1,MIN,rec,rate,17.02139461172742
2022,1,MIN,rec,rate_pace,17.02139461172742
2022,1,MIN,rec,full,17.408526845588707
2022,1,MIN,rush,base,17.0
2022,1,MIN,rush,rate,17.069444444444443
2022,1,MIN,rush,rate_pace,17.069444444444443
2022,1,MIN,rush,full,16.535094791240695
2022,1,MIN,pass,base,17.0
2022,1,MIN,pass,rate,17.034379671150973
2022,1,MIN,pass,rate_pace,16.94752398447122
2022,1,MIN,pass,full,17.33342614613293
2022,1,GB,rec,base,17.0
2022,1,GB,rec,rate,17.019017432646592
2022,1,GB,rec,rate_pace,17.019017432646592
2022,1,GB,rec,full,17.292272316717753
2022,1,GB,rush,base,17.0
2022,1,GB,rush,rate,17.026041666666668
2022,1,GB,rush,rate_pace,17.026041666666668
2022,1,GB,rush,full,16.7704511019165
2022,1,GB,pass,base,17.0
2022,1,GB,pass,rate,17.094170403587444
2022,1,GB,pass,rate_pace,17.12723014653586
2022,1,GB,pass,full,17.39996674213851
2022,1,TEN,rec,base,17.0
2022,1,TEN,rec,rate,17.05903328050713
2022,1,TEN,rec,rate_pace,17.05903328050713
2022,1,TEN,rec,full,17.25062037065299
2022,1,TEN,rush,base,17.0
2022,1,TEN,rush,rate,17.078703703703702
2022,1,TEN,rush,rate_pace,17.078703703703702
2022,1,TEN,rush,full,16.931313343944502
2022,1,TEN,pass,base,17.0
2022,1,TEN,pass,rate,17.050074738415546
2022,1,TEN,pass,rate_pace,17.50248615947917
2022,1,TEN,pass,full,17.69098796283732
2022,1,NYG,rec,base,17.0
2022,1,NYG,rec,rate,17.14500792393027
2022,1,NYG,rec,rate_pace,17.14500792393027
2022,1,NYG,rec,full,17.125203943427458
2022,1,NYG,rush,base,17.0
2022,1,NYG,rush,rate,16.924189814814817
2022,1,NYG,rush,rate_pace,16.924189814814817
2022,1,NYG,rush,full,16.805680555617087
2022,1,NYG,pass,base,17.0
2022,1,NYG,pass,rate,17.279521674140508
2022,1,NYG,pass,rate_pace,17.18921876293198
2022,1,NYG,pass,full,17.16854198539232
2022,1,DAL,rec,base,17.0
2022,1,DAL,rec,rate,17.063787638668778
2022,1,DAL,rec,rate_pace,17.063787638668778
2022,1,DAL,rec,full,17.306417447839333
2022,1,DAL,rush,base,17.0
2022,1,DAL,rush,rate,16.971064814814813
2022,1,DAL,rush,rate_pace,16.971064814814813
2022,1,DAL,rush,full,16.781037199937778
2022,1,DAL,pass,base,17.0
2022,1,DAL,pass,rate,17.11808669656203
2022,1,DAL,pass,rate_pace,16.8992272300465
2022,1,DAL,pass,full,17.142299055767854
2022,1,TB,rec,base,17.0
2022,1,TB,rec,rate,16.975832012678293
2022,1,TB,rec,rate_pace,16.975832012678293
2022,1,TB,rec,full,17.224262348096616
2022,1,TB,rush,base,17.0
2022,1,TB,rush,rate,16.870949074074073
2022,1,TB,rush,rate_pace,16.870949074074073
2022,1,TB,rush,full,16.535170637916625
2022,1,TB,pass,base,17.0
2022,1,TB,pass,rate,16.958146487294467
2022,1,TB,pass,rate_pace,16.2807934943203
2022,1,TB,pass,full,16.529439181471457
2022,1,SEA,rec,base,17.0
2022,1,SEA,rec,rate,16.977812995245642
2022,1,SEA,rec,rate_pace,16.977812995245642
2022,1,SEA,rec,full,17.131317409433628
2022,1,SEA,rush,base,17.0
2022,1,SEA,rush,rate,16.869212962962962
2022,1,SEA,rush,rate_pace,16.869212962962962
2022,1,SEA,rush,full,16.58181894499451
2022,1,SEA,pass,base,17.0
2022,1,SEA,pass,rate,16.95515695067265
2022,1,SEA,pass,rate_pace,17.531698415427478
2022,1,SEA,pass,full,17.685833985760997
2022,1,DEN,rec,base,17.0
2022,1,DEN,rec,rate,17.078446909667196
2022,1,DEN,rec,rate_pace,17.078446909667196
2022,1,DEN,rec,full,17.269252817860888
2022,1,DEN,rush,base,17.0
2022,1,DEN,rush,rate,16.89814814814815
2022,1,DEN,rush,rate_pace,16.89814814814815
2022,1,DEN,rush,full,16.658838810341965
2022,1,DEN,pass,base,17.0
2022,1,DEN,pass,rate,17.147234678624812
2022,1,DEN,pass,rate_pace,17.500472276229562
2022,1,DEN,pass,full,17.69111056002927
2022,5,DEN,rec,base,13.0
2022,5,DEN,rec,rate,13.048412698412697
2022,5,DEN,rec,rate_pace,13.048412698412697
2022,5,DEN,rec,full,13.152099837040453
2022,5,DEN,rush,base,13.0
2022,5,DEN,rush,rate,12.8934331797235
2022,5,DEN,rush,rate_pace,12.8934331797235
2022,5,DEN,rush,full,12.756353071822128
2022,5,DEN,pass,base,13.0
2022,5,DEN,pass,rate,13.083832335329342
2022,5,DEN,pass,rate_pace,13.406493638818166
2022,5,DEN,pass,full,13.509834621656333
2022,5,IND,rec,base,13.0
2022,5,IND,rec,rate,12.952777777777776
2022,5,IND,rec,rate_pace,12.952777777777776
2022,5,IND,rec,full,13.070170432532416
2022,5,IND,rush,base,13.0
2022,5,IND,rush,rate,13.109447004608292
2022,5,IND,rush,rate_pace,13.109447004608292
2022,5,IND,rush,full,12.967970458617055
2022,5,IND,pass,base,13.0
2022,5,IND,pass,rate,12.89820359281437
2022,5,IND,pass,rate_pace,13.214829749680455
2022,5,IND,pass,full,13.332326161146543
2022,5,GB,rec,base,13.0
2022,5,GB,rec,rate,12.996031746031749
2022,5,GB,rec,rate_pace,12.996031746031749
2022,5,GB,rec,full,13.11041777989001
2022,5,GB,rush,base,13.0
2022,5,GB,rush,rate,13.023617511520735
2022,5,GB,rush,rate_pace,13.023617511520735
2022,5,GB,rush,full,12.989622276931023
2022,5,GB,pass,base,13.0
2022,5,GB,pass,rate,12.990269461077846
2022,5,GB,pass,rate_pace,13.041774011303184
2022,5,GB,pass,full,13.155400772758977
2022,5,NYG,rec,base,13.0
2022,5,NYG,rec,rate,13.066666666666665
2022,5,NYG,rec,rate_pace,13.066666666666665
2022,5,NYG,rec,full,13.047262205007815
2022,5,NYG,rush,base,13.0
2022,5,NYG,rush,rate,13.006336405529956
2022,5,NYG,rush,rate_pace,13.006336405529956
2022,5,NYG,rush,full,12.956151603514073
2022,5,NYG,pass,base,13.0
2022,5,NYG,pass,rate,13.0875748502994
2022,5,NYG,pass,rate_pace,13.176757602587022
2022,5,NYG,pass,full,13.157604562679724
2022,5,BUF,rec,base,12.0
2022,5,BUF,rec,rate,12.025000000000002
2022,5,BUF,rec,rate_pace,12.025000000000002
2022,5,BUF,rec,full,12.094182699346643
2022,5,BUF,rush,base,12.0
2022,5,BUF,rush,rate,12.21716589861751
2022,5,BUF,rush,rate_pace,12.21716589861751
2022,5,BUF,rush,full,12.327780771590277
2022,5,BUF,pass,base,12.0
2022,5,BUF,pass,rate,12.02320359281437
2022,5,BUF,pass,rate_pace,11.642317352082744
2022,5,BUF,pass,full,11.710351970737902
2022,5,PIT,rec,base,13.0
2022,5,PIT,rec,rate,12.93769841269841
2022,5,PIT,rec,rate_pace,12.93769841269841
2022,5,PIT,rec,full,13.065522741361118
2022,5,PIT,rush,base,13.0
2022,5,PIT,rush,rate,12.892281105990785
2022,5,PIT,rush,rate_pace,12.892281105990785
2022,5,PIT,rush,full,12.541105630983754
2022,5,PIT,pass,base,13.0
2022,5,PIT,pass,rate,12.875748502994012
2022,5,PIT,pass,rate_pace,12.749564275739122
2022,5,PIT,pass,full,12.876837157650389
2022,5,CLE,rec,base,13.0
2022,5,CLE,rec,rate,13.007936507936508
2022,5,CLE,rec,rate_pace,13.007936507936508
2022,5,CLE,rec,full,13.119770245061048
2022,5,CLE,rush,base,13.0
2022,5,CLE,rush,rate,13.059907834101384
2022,5,CLE,rush,rate_pace,13.059907834101384
2022,5,CLE,rush,full,12.887958623274438
2022,5,CLE,pass,base,13.0
2022,5,CLE,pass,rate,13.011227544910179
2022,5,CLE,pass,rate_pace,13.329423763492716
2022,5,CLE,pass,full,13.442024743769053
2022,5,LAC,rec,base,13.0
2022,5,LAC,rec,rate,12.948809523809523
2022,5,LAC,rec,rate_pace,12.948809523809523
2022,5,LAC,rec,full,13.365789772108155
2022,5,LAC,rush,base,13.0
2022,5,LAC,rush,rate,12.8536866359447
2022,5,LAC,rush,rate_pace,12.8536866359447
2022,5,LAC,rush,full,12.12005172265445
2022,5,LAC,pass,base,13.0
2022,5,LAC,pass,rate,12.916916167664672
2022,5,LAC,pass,rate_pace,12.573010075152174
2022,5,LAC,pass,full,12.989545874734446
2022,5,JAX,rec,base,13.0
2022,5,JAX,rec,rate,13.071031746031744
2022,5,JAX,rec,rate_pace,13.071031746031744
2022,5,JAX,rec,full,13.075074802541316
2022,5,JAX,rush,base,13.0
2022,5,JAX,rush,rate,13.013824884792626
2022,5,JAX,rush,rate_pace,13.013824884792626
2022,5,JAX,rush,full,13.00760437135637
2022,5,JAX,pass,base,13.0
2022,5,JAX,pass,rate,13.12425149700599
2022,5,JAX,pass,rate_pace,13.153857248711585
2022,5,JAX,pass,full,13.157361495272099
2022,5,HOU,rec,base,13.0
2022,5,HOU,rec,rate,12.894841269841267
2022,5,HOU,rec,rate_pace,12.894841269841267
2022,5,HOU,rec,full,13.022520290659987
2022,5,HOU,rush,base,13.0
2022,5,HOU,rush,rate,12.94700460829493
2022,5,HOU,rush,rate_pace,12.94700460829493
2022,5,HOU,rush,full,12.529074877146746
2022,5,HOU,pass,base,13.0
2022,5,HOU,pass,rate,12.797904191616768
2022,5,HOU,pass,rate_pace,12.915814141044825
2022,5,HOU,pass,full,13.042742175319772
2022,5,MIN,rec,base,13.0
2022,5,MIN,rec,rate,12.964682539682538
2022,5,MIN,rec,rate_pace,12.964682539682538
2022,5,MIN,rec,full,13.129630214838393
2022,5,MIN,rush,base,13.0
2022,5,MIN,rush,rate,13.127304147465434
2022,5,MIN,rush,rate_pace,13.127304147465434
2022,5,MIN,rush,full,12.940218920297427
2022,5,MIN,pass,base,13.0
2022,5,MIN,pass,rate,12.914670658682635
2022,5,MIN,pass,rate_pace,12.78107519536688
2022,5,MIN,pass,full,12.944798542066902
2022,5,CHI,rec,base,13.0
2022,5,CHI,rec,rate,13.018650793650792
2022,5,CHI,rec,rate_pace,13.018650793650792
2022,5,CHI,rec,full,13.022966666883676
2022,5,CHI,rush,base,13.0
2022,5,CHI,rush,rate,13.138824884792626
2022,5,CHI,rush,rate_pace,13.138824884792626
2022,5,CHI,rush,full,13.028805614021966
2022,5,CHI,pass,base,13.0
2022,5,CHI,pass,rate,12.997754491017965
2022,5,CHI,pass,rate_pace,13.124563186144755
2022,5,CHI,pass,full,13.128070765881269
2022,5,NE,rec,base,13.0
2022,5,NE,rec,rate,13.022222222222224
2022,5,NE,rec,rate_pace,13.022222222222224
2022,5,NE,rec,full,13.076024615334433
2022,5,NE,rush,base,13.0
2022,5,NE,rush,rate,13.030529953917052
2022,5,NE,rush,rate_pace,13.030529953917052
2022,5,NE,rush,full,12.908965956965146
2022,5,NE,pass,base,13.0
2022,5,NE,pass,rate,13.033682634730543
2022,5,NE,pass,rate_pace,13.5372098973987
2022,5,NE,pass,full,13.588373571765993
2022,5,DET,rec,base,13.0
2022,5,DET,rec,rate,12.884920634920634
2022,5,DET,rec,rate_pace,12.884920634920634
2022,5,DET,rec,full,13.318543093655848
2022,5,DET,rush,base,13.0
2022,5,DET,rush,rate,13.163018433179722
2022,5,DET,rush,rate_pace,13.163018433179722
2022,5,DET,rush,full,12.439011639916714
2022,5,DET,pass,base,13.0
2022,5,DET,pass,rate,12.796407185628743
2022,5,DET,pass,rate_pace,12.787156290464043
2022,5,DET,pass,full,13.216740098724813
2022,5,NO,rec,base,13.0
2022,5,NO,rec,rate,12.953174603174602
2022,5,NO,rec,rate_pace,12.953174603174602
2022,5,NO,rec,full,13.049663724727468
2022,5,NO,rush,base,13.0
2022,5,NO,rush,rate,12.859447004608295
2022,5,NO,rush,rate_pace,12.859447004608295
2022,5,NO,rush,full,12.687283350558744
2022,5,NO,pass,base,13.0
2022,5,NO,pass,rate,12.922904191616766
2022,5,NO,pass,rate_pace,13.083224422645731
2022,5,NO,pass,full,13.180402653930392
2022,5,SEA,rec,base,13.0
2022,5,SEA,rec,rate,12.939285714285713
2022,5,SEA,rec,rate_pace,12.939285714285713
2022,5,SEA,rec,full,13.246196471765238
2022,5,SEA,rush,base,13.0
2022,5,SEA,rush,rate,12.82258064516129
2022,5,SEA,rush,rate_pace,12.82258064516129
2022,5,SEA,rush,full,12.347779877449184
2022,5,SEA,pass,base,13.0
2022,5,SEA,pass,rate,12.910928143712574
2022,5,SEA,pass,rate_pace,13.304166844427929
2022,5,SEA,pass,full,13.610157495794237
2022,5,NYJ,rec,base,13.0
2022,5,NYJ,rec,rate,12.901190476190475
2022,5,NYJ,rec,rate_pace,12.901190476190475
2022,5,NYJ,rec,full,12.987979300610464
2022,5,NYJ,rush,base,13.0
2022,5,NYJ,rush,rate,13.141705069124423
2022,5,NYJ,rush,rate_pace,13.141705069124423
2022,5,NYJ,rush,full,12.743880807142514
2022,5,NYJ,pass,base,13.0
2022,5,NYJ,pass,rate,12.801646706586826
2022,5,NYJ,pass,rate_pace,12.391999075616226
2022,5,NYJ,pass,full,12.478427523144708
2022,5,MIA,rec,base,13.0
2022,5,MIA,rec,rate,13.023809523809524
2022,5,MIA,rec,rate_pace,13.023809523809524
2022,5,MIA,rec,full,13.078184786992438
2022,5,MIA,rush,base,13.0
2022,5,MIA,rush,rate,13.158410138248849
2022,5,MIA,rush,rate_pace,13.158410138248849
2022,5,MIA,rush,full,13.144658226829591
2022,5,MIA,pass,base,13.0
2022,5,MIA,pass,rate,13.046407185628741
2022,5,MIA,pass,rate_pace,12.886979533432472
2022,5,MIA,pass,full,12.93985224407578
2022,5,TB,rec,base,13.0
2022,5,TB,rec,rate,12.992460317460319
2022,5,TB,rec,rate_pace,12.992460317460319
2022,5,TB,rec,full,13.059722885773672
2022,5,TB,rush,base,13.0
2022,5,TB,rush,rate,12.85426267281106
2022,5,TB,rush,rate_pace,12.85426267281106
2022,5,TB,rush,full,12.895924297971664
2022,5,TB,pass,base,13.0
2022,5,TB,pass,rate,12.989520958083833
2022,5,TB,pass,rate_pace,12.553851576203728
2022,5,TB,pass,full,12.621990781520235
2022,5,ATL,rec,base,13.0
2022,5,ATL,rec,rate,12.933333333333334
2022,5,ATL,rec,rate_pace,12.933333333333334
2022,5,ATL,rec,full,13.228685639285501
2022,5,ATL,rush,base,13.0
2022,5,ATL,rush,rate,12.936635944700463
2022,5,ATL,rush,rate_pace,12.936635944700463
2022,5,ATL,rush,full,12.482178860669782
2022,5,ATL,pass,base,13.0
2022,5,ATL,pass,rate,12.904191616766468
2022,5,ATL,pass,rate_pace,13.333402687675346
2022,5,ATL,pass,full,13.628890781114572
2022,5,WAS,rec,base,13.0
2022,5,WAS,rec,rate,12.868253968253967
2022,5,WAS,rec,rate_pace,12.868253968253967
2022,5,WAS,rec,full,12.908167239292865
2022,5,WAS,rush,base,13.0
2022,5,WAS,rush,rate,13.0426267281106
2022,5,WAS,rush,rate_pace,13.0426267281106
2022,5,WAS,rush,full,12.914115716501685
2022,5,WAS,pass,base,13.0
2022,5,WAS,pass,rate,12.777694610778441
2022,5,WAS,pass,rate_pace,12.575492384624747
2022,5,WAS,pass,full,12.615525803842269
2022,5,TEN,rec,base,13.0
2022,5,TEN,rec,rate,12.983730158730157
2022,5,TEN,rec,rate_pace,12.983730158730157
2022,5,TEN,rec,full,13.132730938901123
2022,5,TEN,rush,base,13.0
2022,5,TEN,rush,rate,13.097926267281103
2022,5,TEN,rush,rate_pace,13.097926267281103
2022,5,TEN,rush,full,12.956698856578786
2022,5,TEN,pass,base,13.0
2022,5,TEN,pass,rate,12.941616766467066
2022,5,TEN,pass,rate_pace,13.555856242826765
2022,5,TEN,pass,full,13.703196324846303
2022,5,CAR,rec,base,13.0
2022,5,CAR,rec,rate,12.96547619047619
2022,5,CAR,rec,rate_pace,12.96547619047619
2022,5,CAR,rec,full,13.115561451432365
2022,5,CAR,rush,base,13.0
2022,5,CAR,rush,rate,12.928571428571427
2022,5,CAR,rush,rate_pace,12.928571428571427
2022,5,CAR,rush,full,12.602896423470543
2022,5,CAR,pass,base,13.0
2022,5,CAR,pass,rate,12.929640718562874
2022,5,CAR,pass,rate_pace,13.004850782836481
2022,5,CAR,pass,full,13.155609315558275
2022,5,SF,rec,base,13.0
2022,5,SF,rec,rate,12.994444444444444
2022,5,SF,rec,rate_pace,12.994444444444444
2022,5,SF,rec,full,13.03222764018454
2022,5,SF,rush,base,13.0
2022,5,SF,rush,rate,12.873847926267283
2022,5,SF,rush,rate_pace,12.873847926267283
2022,5,SF,rush,full,12.934848389379866
2022,5,SF,pass,base,13.0
2022,5,SF,pass,rate,12.988023952095809
2022,5,SF,pass,rate_pace,13.844238157200964
2022,5,SF,pass,full,13.880777384258893
2022,5,ARI,rec,base,13.0
2022,5,ARI,rec,rate,12.90079365079365
2022,5,ARI,rec,rate_pace,12.90079365079365
2022,5,ARI,rec,full,13.07504356495169
2022,5,ARI,rush,base,13.0
2022,5,ARI,rush,rate,12.850230414746544
2022,5,ARI,rush,rate_pace,12.850230414746544
2022,5,ARI,rush,full,12.564913468845024
2022,5,ARI,pass,base,13.0
2022,5,ARI,pass,rate,12.849550898203592
2022,5,ARI,pass,rate_pace,12.629793502015634
2022,5,ARI,pass,full,12.804123601086479
2022,5,PHI,rec,base,13.0
2022,5,PHI,rec,rate,12.893253968253967
2022,5,PHI,rec,rate_pace,12.893253968253967
2022,5,PHI,rec,full,12.930076451498529
2022,5,PHI,rush,base,13.0
2022,5,PHI,rush,rate,13.093894009216589
2022,5,PHI,rush,rate_pace,13.093894009216589
2022,5,PHI,rush,full,13.135745869540756
2022,5,PHI,pass,base,13.0
2022,5,PHI,pass,rate,12.809131736526945
2022,5,PHI,pass,rate_pace,13.236264206779483
2022,5,PHI,pass,full,13.273317319518373
2022,5,LA,rec,base,13.0
2022,5,LA,rec,rate,12.896428571428572
2022,5,LA,rec,rate_pace,12.896428571428572
2022,5,LA,rec,full,13.135590468500713
2022,5,LA,rush,base,13.0
2022,5,LA,rush,rate,12.896889400921658
2022,5,LA,rush,rate_pace,12.896889400921658
2022,5,LA,rush,full,12.526310477590917
2022,5,LA,pass,base,13.0
2022,5,LA,pass,rate,12.827095808383234
2022,5,LA,pass,rate_pace,12.711389437275239
2022,5,LA,pass,full,12.949845593692094
2022,5,DAL,rec,base,13.0
2022,5,DAL,rec,rate,12.975396825396823
2022,5,DAL,rec,rate_pace,12.975396825396823
2022,5,DAL,rec,full,12.984766488843116
2022,5,DAL,rush,base,13.0
2022,5,DAL,rush,rate,13.01094470046083
2022,5,DAL,rush,rate_pace,13.01094470046083
2022,5,DAL,rush,full,13.073888581052378
2022,5,DAL,pass,base,13.0
2022,5,DAL,pass,rate,12.95434131736527
2022,5,DAL,pass,rate_pace,12.676156098710969
2022,5,DAL,pass,full,12.685541083389989
2022,5,BAL,rec,base,13.0
2022,5,BAL,rec,rate,12.868650793650794
2022,5,BAL,rec,rate_pace,12.868650793650794
2022,5,BAL,rec,full,13.024164577689497
2022,5,BAL,rush,base,13.0
2022,5,BAL,rush,rate,13.107142857142854
2022,5,BAL,rush,rate_pace,13.107142857142854
2022,5,BAL,rush,full,12.925148981071805
2022,5,BAL,pass,base,13.0
2022,5,BAL,pass,rate,12.726047904191617
2022,5,BAL,pass,rate_pace,12.371336660522516
2022,5,BAL,pass,full,12.525235234850415
2022,5,CIN,rec,base,12.0
2022,5,CIN,rec,rate,11.940476190476188
2022,5,CIN,rec,rate_pace,11.940476190476188
2022,5,CIN,rec,full,12.035248969578785
2022,5,CIN,rush,base,12.0
2022,5,CIN,rush,rate,12.004608294930875
2022,5,CIN,rush,rate_pace,12.004608294930875
2022,5,CIN,rush,full,11.936000766264371
2022,5,CIN,pass,base,12.0
2022,5,CIN,pass,rate,11.872005988023954
2022,5,CIN,pass,rate_pace,11.711159650172712
2022,5,CIN,pass,full,11.806008103100766
2022,5,KC,rec,base,13.0
2022,5,KC,rec,rate,12.959523809523812
2022,5,KC,rec,rate_pace,12.959523809523812
2022,5,KC,rec,full,13.347823551471144
2022,5,KC,rush,base,13.0
2022,5,KC,rush,rate,12.879608294930875
2022,5,KC,rush,rate_pace,12.879608294930875
2022,5,KC,rush,full,12.398946468557654
2022,5,KC,pass,base,13.0
2022,5,KC,pass,rate,12.948353293413172
2022,5,KC,pass,rate_pace,12.598442338184029
2022,5,KC,pass,full,12.987232284263563
2022,5,LV,rec,base,13.0
2022,5,LV,rec,rate,12.928571428571429
2022,5,LV,rec,rate_pace,12.928571428571429
2022,5,LV,rec,full,13.244793817750637
2022,5,LV,rush,base,13.0
2022,5,LV,rush,rate,12.970622119815667
2022,5,LV,rush,rate_pace,12.970622119815667
2022,5,LV,rush,full,12.351583509510792
2022,5,LV,pass,base,13.0
2022,5,LV,pass,rate,12.865269461077846
2022,5,LV,pass,rate_pace,12.714364116831945
2022,5,LV,pass,full,13.029093819347832
2022,9,HOU,rec,base,10.0
2022,9,HOU,rec,rate,9.860492845786963
2022,9,HOU,rec,rate_pace,9.860492845786963
2022,9,HOU,rec,full,9.913700323532172
2022,9,HOU,rush,base,10.0
2022,9,HOU,rush,rate,10.039383561643836
2022,9,HOU,rush,rate_pace,10.039383561643836
2022,9,HOU,rush,full,9.797704319940491
2022,9,HOU,pass,base,10.0
2022,9,HOU,pass,rate,9.738772455089821
2022,9,HOU,pass,rate_pace,9.827511141014723
2022,9,HOU,pass,full,9.878856853320592
2022,9,PHI,rec,base,10.0
2022,9,PHI,rec,rate,9.896661367249603
2022,9,PHI,rec,rate_pace,9.896661367249603
2022,9,PHI,rec,full,9.882909290172847
2022,9,PHI,rush,base,10.0
2022,9,PHI,rush,rate,10.110730593607308
2022,9,PHI,rush,rate_pace,10.110730593607308
2022,9,PHI,rush,full,10.207555719907132
2022,9,PHI,pass,base,10.0
2022,9,PHI,pass,rate,9.807634730538924
2022,9,PHI,pass,rate_pace,10.01144288495168
2022,9,PHI,pass,full,9.996640307299403
2022,9,ATL,rec,base,9.0
2022,9,ATL,rec,rate,9.007551669316374
2022,9,ATL,rec,rate_pace,9.007551669316374
2022,9,ATL,rec,full,9.239258823398922
2022,9,ATL,rush,base,9.0
2022,9,ATL,rush,rate,9.02568493150685
2022,9,ATL,rush,rate_pace,9.02568493150685
2022,9,ATL,rush,full,8.782039672738158
2022,9,ATL,pass,base,9.0
2022,9,ATL,pass,rate,9.013473053892215
2022,9,ATL,pass,rate_pace,9.516425950305166
2022,9,ATL,pass,full,9.748871455438145
2022,9,LAC,rec,base,10.0
2022,9,LAC,rec,rate,9.955484896661368
2022,9,LAC,rec,rate_pace,9.955484896661368
2022,9,LAC,rec,full,10.228018299031898
2022,9,LAC,rush,base,10.0
2022,9,LAC,rush,rate,9.875
2022,9,LAC,rush,rate_pace,9.875
2022,9,LAC,rush,full,9.394350598442065
2022,9,LAC,pass,base,10.0
2022,9,LAC,pass,rate,9.949850299401199
2022,9,LAC,pass,rate_pace,9.607547080269875
2022,9,LAC,pass,full,9.880827495816115
2022,9,CHI,rec,base,9.0
2022,9,CHI,rec,rate,9.027027027027026
2022,9,CHI,rec,rate_pace,9.027027027027026
2022,9,CHI,rec,full,9.137148756546969
2022,9,CHI,rush,base,9.0
2022,9,CHI,rush,rate,9.077625570776256
2022,9,CHI,rush,rate_pace,9.077625570776256
2022,9,CHI,rush,full,8.883205442112446
2022,9,CHI,pass,base,9.0
2022,9,CHI,pass,rate,9.023952095808383
2022,9,CHI,pass,rate_pace,9.140009762601734
2022,9,CHI,pass,full,9.24979410066569
2022,9,MIA,rec,base,9.0
2022,9,MIA,rec,rate,8.915739268680445
2022,9,MIA,rec,rate_pace,8.915739268680445
2022,9,MIA,rec,full,9.010088467949641
2022,9,MIA,rush,base,9.0
2022,9,MIA,rush,rate,9.090182648401825
2022,9,MIA,rush,rate_pace,9.090182648401825
2022,9,MIA,rush,full,8.963674300029815
2022,9,MIA,pass,base,9.0
2022,9,MIA,pass,rate,8.853293413173652
2022,9,MIA,pass,rate_pace,8.699634854954681
2022,9,MIA,pass,full,8.792845442914183
2022,9,CIN,rec,base,8.0
2022,9,CIN,rec,rate,7.956677265500795
2022,9,CIN,rec,rate_pace,7.956677265500795
2022,9,CIN,rec,full,8.015233410544223
2022,9,CIN,rush,base,8.0
2022,9,CIN,rush,rate,8.012557077625571
2022,9,CIN,rush,rate_pace,8.012557077625571
2022,9,CIN,rush,full,7.963243991973957
2022,9,CIN,pass,base,8.0
2022,9,CIN,pass,rate,7.922904191616767
2022,9,CIN,pass,rate_pace,7.7915401791633085
2022,9,CIN,pass,full,7.848969226702208
2022,9,CAR,rec,base,9.0
2022,9,CAR,rec,rate,9.006359300476948
2022,9,CAR,rec,rate_pace,9.006359300476948
2022,9,CAR,rec,full,9.032182580057926
2022,9,CAR,rush,base,9.0
2022,9,CAR,rush,rate,9.034817351598173
2022,9,CAR,rush,rate_pace,9.034817351598173
2022,9,CAR,rush,full,8.894131033684015
2022,9,CAR,pass,base,9.0
2022,9,CAR,pass,rate,8.987275449101796
2022,9,CAR,pass,rate_pace,9.152142576972933
2022,9,CAR,pass,full,9.178778346374386
2022,9,DET,rec,base,10.0
2022,9,DET,rec,rate,9.93918918918919
2022,9,DET,rec,rate_pace,9.93918918918919
2022,9,DET,rec,full,10.214533109444815
2022,9,DET,rush,base,10.0
2022,9,DET,rush,rate,10.094748858447488
2022,9,DET,rush,rate_pace,10.094748858447488
2022,9,DET,rush,full,9.626278960621255
2022,9,DET,pass,base,10.0
2022,9,DET,pass,rate,9.885479041916167
2022,9,DET,pass,rate_pace,9.857588224794046
2022,9,DET,pass,full,10.131222577669545
2022,9,GB,rec,base,9.0
2022,9,GB,rec,rate,8.976947535771064
2022,9,GB,rec,rate_pace,8.976947535771064
2022,9,GB,rec,full,9.107153845517391
2022,9,GB,rush,base,9.0
2022,9,GB,rush,rate,9.028538812785389
2022,9,GB,rush,rate_pace,9.028538812785389
2022,9,GB,rush,full,8.851922761790675
2022,9,GB,pass,base,9.0
2022,9,GB,pass,rate,8.986526946107784
2022,9,GB,pass,rate_pace,8.965554814679653
2022,9,GB,pass,full,9.095070950382876
2022,9,JAX,rec,base,9.0
2022,9,JAX,rec,rate,9.039348171701114
2022,9,JAX,rec,rate_pace,9.039348171701114
2022,9,JAX,rec,full,9.095505589012623
2022,9,JAX,rush,base,9.0
2022,9,JAX,rush,rate,8.933219178082192
2022,9,JAX,rush,rate_pace,8.933219178082192
2022,9,JAX,rush,full,8.784776161147214
2022,9,JAX,pass,base,9.0
2022,9,JAX,pass,rate,9.084580838323355
2022,9,JAX,pass,rate_pace,9.186848076634561
2022,9,JAX,pass,full,9.2420964344826
2022,9,LV,rec,base,10.0
2022,9,LV,rec,rate,9.925278219395866
2022,9,LV,rec,rate_pace,9.925278219395866
2022,9,LV,rec,full,10.158857632980075
2022,9,LV,rush,base,10.0
2022,9,LV,rush,rate,10.006278538812786
2022,9,LV,rush,rate_pace,10.006278538812786
2022,9,LV,rush,full,9.533992370148095
2022,9,LV,pass,base,10.0
2022,9,LV,pass,rate,9.854790419161677
2022,9,LV,pass,rate_pace,9.76043744540291
2022,9,LV,pass,full,9.993832550263313
2022,9,NE,rec,base,9.0
2022,9,NE,rec,rate,8.954292527821941
2022,9,NE,rec,rate_pace,8.954292527821941
2022,9,NE,rec,full,9.033664284474698
2022,9,NE,rush,base,9.0
2022,9,NE,rush,rate,8.999429223744293
2022,9,NE,rush,rate_pace,8.999429223744293
2022,9,NE,rush,full,8.919480674128097
2022,9,NE,pass,base,9.0
2022,9,NE,pass,rate,8.925898203592814
2022,9,NE,pass,rate_pace,9.272766094641412
2022,9,NE,pass,full,9.35229876773806
2022,9,IND,rec,base,9.0
2022,9,IND,rec,rate,8.95985691573927
2022,9,IND,rec,rate_pace,8.95985691573927
2022,9,IND,rec,full,9.002645729857196
2022,9,IND,rush,base,9.0
2022,9,IND,rush,rate,9.143264840182647
2022,9,IND,rush,rate_pace,9.143264840182647
2022,9,IND,rush,full,9.032210015815512
2022,9,IND,pass,base,9.0
2022,9,IND,pass,rate,8.901197604790418
2022,9,IND,pass,rate_pace,8.985342070471962
2022,9,IND,pass,full,9.027854177737858
2022,9,NYJ,rec,base,9.0
2022,9,NYJ,rec,rate,8.952702702702704
2022,9,NYJ,rec,rate_pace,8.952702702702704
2022,9,NYJ,rec,full,8.974993378228598
2022,9,NYJ,rush,base,9.0
2022,9,NYJ,rush,rate,9.08162100456621
2022,9,NYJ,rush,rate_pace,9.08162100456621
2022,9,NYJ,rush,full,8.955640504746988
2022,9,NYJ,pass,base,9.0
2022,9,NYJ,pass,rate,8.919161676646706
2022,9,NYJ,pass,rate_pace,8.807435147729292
2022,9,NYJ,pass,full,8.82998104435708
2022,9,BUF,rec,base,9.0
2022,9,BUF,rec,rate,8.97933227344992
2022,9,BUF,rec,rate_pace,8.97933227344992
2022,9,BUF,rec,full,9.000588511683087
2022,9,BUF,rush,base,9.0
2022,9,BUF,rush,rate,9.105593607305938
2022,9,BUF,rush,rate_pace,9.105593607305938
2022,9,BUF,rush,full,9.244255361976201
2022,9,BUF,pass,base,9.0
2022,9,BUF,pass,rate,8.953592814371257
2022,9,BUF,pass,rate_pace,8.650146775717754
2022,9,BUF,pass,full,8.671888286922725
2022,9,WAS,rec,base,9.0
2022,9,WAS,rec,rate,8.915341812400635
2022,9,WAS,rec,rate_pace,8.915341812400635
2022,9,WAS,rec,full,8.882380044500987
2022,9,WAS,rush,base,9.0
2022,9,WAS,rush,rate,9.082191780821917
2022,9,WAS,rush,rate_pace,9.082191780821917
2022,9,WAS,rush,full,9.09490191043576
2022,9,WAS,pass,base,9.0
2022,9,WAS,pass,rate,8.83682634730539
2022,9,WAS,pass,rate_pace,8.844317687208973
2022,9,WAS,pass,full,8.812382011647202
2022,9,MIN,rec,base,10.0
2022,9,MIN,rec,rate,9.920906200317965
2022,9,MIN,rec,rate_pace,9.920906200317965
2022,9,MIN,rec,full,10.055887169181489
2022,9,MIN,rush,base,10.0
2022,9,MIN,rush,rate,10.140981735159817
2022,9,MIN,rush,rate_pace,10.140981735159817
2022,9,MIN,rush,full,9.974359907281709
2022,9,MIN,pass,base,10.0
2022,9,MIN,pass,rate,9.813622754491018
2022,9,MIN,pass,rate_pace,9.715431459495496
2022,9,MIN,pass,full,9.848252264441747
2022,9,ARI,rec,base,9.0
2022,9,ARI,rec,rate,8.909379968203497
2022,9,ARI,rec,rate_pace,8.909379968203497
2022,9,ARI,rec,full,9.072594732536512
2022,9,ARI,rush,base,9.0
2022,9,ARI,rush,rate,8.931506849315069
2022,9,ARI,rush,rate_pace,8.931506849315069
2022,9,ARI,rush,full,8.600347096758854
2022,9,ARI,pass,base,9.0
2022,9,ARI,pass,rate,8.865269461077844
2022,9,ARI,pass,rate_pace,8.575516734345772
2022,9,ARI,pass,full,8.738718409243676
2022,9,SEA,rec,base,9.0
2022,9,SEA,rec,rate,8.966216216216216
2022,9,SEA,rec,rate_pace,8.966216216216216
2022,9,SEA,rec,full,9.10798887407607
2022,9,SEA,rush,base,9.0
2022,9,SEA,rush,rate,8.865296803652967
2022,9,SEA,rush,rate_pace,8.865296803652967
2022,9,SEA,rush,full,8.670734414620718
2022,9,SEA,pass,base,9.0
2022,9,SEA,pass,rate,8.9625748502994
2022,9,SEA,pass,rate_pace,9.215246588165774
2022,9,SEA,pass,full,9.356723854258162
2022,9,TB,rec,base,9.0
2022,9,TB,rec,rate,8.977742448330684
2022,9,TB,rec,rate_pace,8.977742448330684
2022,9,TB,rec,full,9.062124199724373
2022,9,TB,rush,base,9.0
2022,9,TB,rush,rate,8.904109589041097
2022,9,TB,rush,rate_pace,8.904109589041097
2022,9,TB,rush,full,8.784428185534743
2022,9,TB,pass,base,9.0
2022,9,TB,pass,rate,8.982784431137725
2022,9,TB,pass,rate_pace,8.595804684924257
2022,9,TB,pass,full,8.680560818493696
2022,9,LA,rec,base,10.0
2022,9,LA,rec,rate,9.93879173290938
2022,9,LA,rec,rate_pace,9.93879173290938
2022,9,LA,rec,full,10.126005856898097
2022,9,LA,rush,base,10.0
2022,9,LA,rush,rate,10.014269406392694
2022,9,LA,rush,rate_pace,10.014269406392694
2022,9,LA,rush,full,9.723966516109675
2022,9,LA,pass,base,10.0
2022,9,LA,pass,rate,9.888473053892216
2022,9,LA,pass,rate_pace,9.88743683044348
2022,9,LA,pass,full,10.074265328378699
2022,9,KC,rec,base,10.0
2022,9,KC,rec,rate,9.94912559618442
2022,9,KC,rec,rate_pace,9.94912559618442
2022,9,KC,rec,full,10.210453567314577
2022,9,KC,rush,base,10.0
2022,9,KC,rush,rate,9.993150684931507
2022,9,KC,rush,rate_pace,9.993150684931507
2022,9,KC,rush,full,9.717519567543114
2022,9,KC,pass,base,10.0
2022,9,KC,pass,rate,9.907185628742514
2022,9,KC,pass,rate_pace,9.66695348652819
2022,9,KC,pass,full,9.928369448352834
2022,9,TEN,rec,base,10.0
2022,9,TEN,rec,rate,9.892686804451511
2022,9,TEN,rec,rate_pace,9.892686804451511
2022,9,TEN,rec,full,9.763584282054975
2022,9,TEN,rush,base,10.0
2022,9,TEN,rush,rate,10.132420091324201
2022,9,TEN,rush,rate_pace,10.132420091324201
2022,9,TEN,rush,full,10.201213331316897
2022,9,TEN,pass,base,10.0
2022,9,TEN,pass,rate,9.763473053892215
2022,9,TEN,pass,rate_pace,10.396921711936507
2022,9,TEN,pass,full,10.26935690288374
2022,9,NO,rec,base,9.0
2022,9,NO,rec,rate,8.951510333863274
2022,9,NO,rec,rate_pace,8.951510333863274
2022,9,NO,rec,full,9.060041949231234
2022,9,NO,rush,base,9.0
2022,9,NO,rush,rate,8.932077625570777
2022,9,NO,rush,rate_pace,8.932077625570777
2022,9,NO,rush,full,8.779678981278067
2022,9,NO,pass,base,9.0
2022,9,NO,pass,rate,8.92065868263473
2022,9,NO,pass,rate_pace,9.101383526579447
2022,9,NO,pass,full,9.209486801071499
2022,9,BAL,rec,base,9.0
2022,9,BAL,rec,rate,8.96860095389507
2022,9,BAL,rec,rate_pace,8.96860095389507
2022,9,BAL,rec,full,9.041142648937548
2022,9,BAL,rush,base,9.0
2022,9,BAL,rush,rate,9.06906392694064
2022,9,BAL,rush,rate_pace,9.06906392694064
2022,9,BAL,rush,full,9.038117348139366
2022,9,BAL,pass,base,9.0
2022,9,BAL,pass,rate,8.89820359281437
2022,9,BAL,pass,rate_pace,8.801379075867537
2022,9,BAL,pass,full,8.873277206997955
2022,9,CLE,rec,base,9.0
2022,9,CLE,rec,rate,8.94872813990461
2022,9,CLE,rec,rate_pace,8.94872813990461
2022,9,CLE,rec,full,9.068892405397065
2022,9,CLE,rush,base,9.0
2022,9,CLE,rush,rate,9.064497716894978
2022,9,CLE,rush,rate_pace,9.064497716894978
2022,9,CLE,rush,full,8.87701880677729
2022,9,CLE,pass,base,9.0
2022,9,CLE,pass,rate,8.914670658682635
2022,9,CLE,pass,rate_pace,9.11753780587643
2022,9,CLE,pass,full,9.236853331422267
2022,9,NYG,rec,base,9.0
2022,9,NYG,rec,rate,8.97058823529412
2022,9,NYG,rec,rate_pace,8.97058823529412
2022,9,NYG,rec,full,8.935013754863522
2022,9,NYG,rush,base,9.0
2022,9,NYG,rush,rate,9.08675799086758
2022,9,NYG,rush,rate_pace,9.08675799086758
2022,9,NYG,rush,full,9.114793093515608
2022,9,NYG,pass,base,9.0
2022,9,NYG,pass,rate,8.919161676646707
2022,9,NYG,pass,rate_pace,9.083830181719785
2022,9,NYG,pass,full,9.047976847446664
2022,9,PIT,rec,base,9.0
2022,9,PIT,rec,rate,9.016295707472178
2022,9,PIT,rec,rate_pace,9.016295707472178
2022,9,PIT,rec,full,9.061873503296622
2022,9,PIT,rush,base,9.0
2022,9,PIT,rush,rate,8.91324200913242
2022,9,PIT,rush,rate_pace,8.91324200913242
2022,9,PIT,rush,full,8.734139621846145
2022,9,PIT,pass,base,9.0
2022,9,PIT,pass,rate,9.021706586826348
2022,9,PIT,pass,rate_pace,8.813706884579883
2022,9,PIT,pass,full,8.860390748899324
2022,9,DEN,rec,base,9.0
2022,9,DEN,rec,rate,9.033783783783784
2022,9,DEN,rec,rate_pace,9.033783783783784
2022,9,DEN,rec,full,9.068550889922173
2022,9,DEN,rush,base,9.0
2022,9,DEN,rush,rate,8.897260273972602
2022,9,DEN,rush,rate_pace,8.897260273972602
2022,9,DEN,rush,full,8.826592143589968
2022,9,DEN,pass,base,9.0
2022,9,DEN,pass,rate,9.079341317365268
2022,9,DEN,pass,rate_pace,9.328353576354889
2022,9,DEN,pass,full,9.362270916802245
2022,9,DAL,rec,base,9.0
2022,9,DAL,rec,rate,8.966613672496024
2022,9,DAL,rec,rate_pace,8.966613672496024
2022,9,DAL,rec,full,8.965785309739418
2022,9,DAL,rush,base,9.0
2022,9,DAL,rush,rate,9.066210045662102
2022,9,DAL,rush,rate_pace,9.066210045662102
2022,9,DAL,rush,full,9.18373206317833
2022,9,DAL,pass,base,9.0
2022,9,DAL,pass,rate,8.92814371257485
2022,9,DAL,pass,rate_pace,8.924949813802574
2022,9,DAL,pass,full,8.923771075614878
2022,9,SF,rec,base,9.0
2022,9,SF,rec,rate,9.001987281399046
2022,9,SF,rec,rate_pace,9.001987281399046
2022,9,SF,rec,full,9.082541532042583
2022,9,SF,rush,base,9.0
2022,9,SF,rush,rate,8.990867579908675
2022,9,SF,rush,rate_pace,8.990867579908675
2022,9,SF,rush,full,8.98528693754773
2022,9,SF,pass,base,9.0
2022,9,SF,pass,rate,9.014221556886227
2022,9,SF,pass,rate_pace,9.380444432929083
2022,9,SF,pass,full,9.460981822244324
2022,13,NE,rec,base,6.0
2022,13,NE,rec,rate,5.968600953895072
2022,13,NE,rec,rate_pace,5.968600953895072
2022,13,NE,rec,full,6.043844413549022
2022,13,NE,rush,base,6.0
2022,13,NE,rush,rate,6.020547945205481
2022,13,NE,rush,rate_pace,6.020547945205481
2022,13,NE,rush,full,5.927128833171668
2022,13,NE,pass,base,6.0
2022,13,NE,pass,rate,5.930284857571214
2022,13,NE,pass,rate_pace,6.116059414191555
2022,13,NE,pass,full,6.190913611559331
2022,13,BUF,rec,base,5.0
2022,13,BUF,rec,rate,4.968203497615263
2022,13,BUF,rec,rate_pace,4.968203497615263
2022,13,BUF,rec,full,5.002057582283888
2022,13,BUF,rush,base,5.0
2022,13,BUF,rush,rate,5.02796803652968
2022,13,BUF,rush,rate_pace,5.02796803652968
2022,13,BUF,rush,full,5.036452699181277
2022,13,BUF,pass,base,5.0
2022,13,BUF,pass,rate,4.943028485757122
2022,13,BUF,pass,rate_pace,4.729321467838989
2022,13,BUF,pass,full,4.76334957679985
2022,13,ATL,rec,base,5.0
2022,13,ATL,rec,rate,4.977742448330684
2022,13,ATL,rec,rate_pace,4.977742448330684
2022,13,ATL,rec,full,5.109865290757695
2022,13,ATL,rush,base,5.0
2022,13,ATL,rush,rate,4.974885844748859
2022,13,ATL,rush,rate_pace,4.974885844748859
2022,13,ATL,rush,full,4.844653105665213
2022,13,ATL,pass,base,5.0
2022,13,ATL,pass,rate,4.9677661169415295
2022,13,ATL,pass,rate_pace,5.425460755425746
2022,13,ATL,pass,full,5.558030585523078
2022,13,PIT,rec,base,6.0
2022,13,PIT,rec,rate,6.052464228934817
2022,13,PIT,rec,rate_pace,6.052464228934817
2022,13,PIT,rec,full,6.116885730419273
2022,13,PIT,rush,base,6.0
2022,13,PIT,rush,rate,5.932648401826484
2022,13,PIT,rush,rate_pace,5.932648401826484
2022,13,PIT,rush,full,5.777261769584278
2022,13,PIT,pass,base,6.0
2022,13,PIT,pass,rate,6.079460269865067
2022,13,PIT,pass,rate_pace,5.941490060563415
2022,13,PIT,pass,full,6.006575135447469
2022,13,BAL,rec,base,6.0
2022,13,BAL,rec,rate,5.987281399046104
2022,13,BAL,rec,rate_pace,5.987281399046104
2022,13,BAL,rec,full,6.023689406060593
2022,13,BAL,rush,base,6.0
2022,13,BAL,rush,rate,6.051369863013699
2022,13,BAL,rush,rate_pace,6.051369863013699
2022,13,BAL,rush,full,6.052597799556052
2022,13,BAL,pass,base,6.0
2022,13,BAL,pass,rate,5.952023988005997
2022,13,BAL,pass,rate_pace,5.956534505932128
2022,13,BAL,pass,full,5.992663178416933
2022,13,DEN,rec,base,6.0
2022,13,DEN,rec,rate,6.03060413354531
2022,13,DEN,rec,rate_pace,6.03060413354531
2022,13,DEN,rec,full,6.0893991604189415
2022,13,DEN,rush,base,6.0
2022,13,DEN,rush,rate,5.991438356164384
2022,13,DEN,rush,rate_pace,5.991438356164384
2022,13,DEN,rush,full,5.864902144178071
2022,13,DEN,pass,base,6.0
2022,13,DEN,pass,rate,6.069715142428786
2022,13,DEN,pass,rate_pace,6.156401971354906
2022,13,DEN,pass,full,6.21545089530674
2022,13,CHI,rec,base,5.0
2022,13,CHI,rec,rate,4.979332273449921
2022,13,CHI,rec,rate_pace,4.979332273449921
2022,13,CHI,rec,full,5.14185825158645
2022,13,CHI,rush,base,5.0
2022,13,CHI,rush,rate,5.082191780821918
2022,13,CHI,rush,rate_pace,5.082191780821918
2022,13,CHI,rush,full,4.866205366585058
2022,13,CHI,pass,base,5.0
2022,13,CHI,pass,rate,4.95952023988006
2022,13,CHI,pass,rate_pace,5.137232046862486
2022,13,CHI,pass,full,5.298854786815276
2022,13,GB,rec,base,5.0
2022,13,GB,rec,rate,5.054054054054054
2022,13,GB,rec,rate_pace,5.054054054054054
2022,13,GB,rec,full,5.155781193666821
2022,13,GB,rush,base,5.0
2022,13,GB,rush,rate,5.03824200913242
2022,13,GB,rush,rate_pace,5.03824200913242
2022,13,GB,rush,full,4.9069567994002465
2022,13,GB,pass,base,5.0
2022,13,GB,pass,rate,5.119190404797602
2022,13,GB,pass,rate_pace,5.1244734397888525
2022,13,GB,pass,full,5.227448830345628
2022,13,DET,rec,base,6.0
2022,13,DET,rec,rate,6.0437201907790135
2022,13,DET,rec,rate_pace,6.0437201907790135
2022,13,DET,rec,full,6.210353573082398
2022,13,DET,rush,base,6.0
2022,13,DET,rush,rate,6.048515981735159
2022,13,DET,rush,rate_pace,6.048515981735159
2022,13,DET,rush,full,5.811850131821663
2022,13,DET,pass,base,6.0
2022,13,DET,pass,rate,6.058470764617692
2022,13,DET,pass,rate_pace,6.067055612585682
2022,13,DET,pass,full,6.2345906387967
2022,13,JAX,rec,base,6.0
2022,13,JAX,rec,rate,5.998012718600954
2022,13,JAX,rec,rate_pace,5.998012718600954
2022,13,JAX,rec,full,6.079473915926485
2022,13,JAX,rush,base,6.0
2022,13,JAX,rush,rate,5.98972602739726
2022,13,JAX,rush,rate_pace,5.98972602739726
2022,13,JAX,rush,full,5.8093620730617355
2022,13,JAX,pass,base,6.0
2022,13,JAX,pass,rate,6.0209895052473765
2022,13,JAX,pass,rate_pace,6.054756739609091
2022,13,JAX,pass,full,6.136375979539022
2022,13,HOU,rec,base,6.0
2022,13,HOU,rec,rate,5.920906200317964
2022,13,HOU,rec,rate_pace,5.920906200317964
2022,13,HOU,rec,full,6.048030513521838
2022,13,HOU,rush,base,6.0
2022,13,HOU,rush,rate,5.977739726027398
2022,13,HOU,rush,rate_pace,5.977739726027398
2022,13,HOU,rush,full,5.645770024036948
2022,13,HOU,pass,base,6.0
2022,13,HOU,pass,rate,5.862818590704648
2022,13,HOU,pass,rate_pace,5.9179957712722215
2022,13,HOU,pass,full,6.043749497163079
2022,13,CLE,rec,base,6.0
2022,13,CLE,rec,rate,6.016693163751988
2022,13,CLE,rec,rate_pace,6.016693163751988
2022,13,CLE,rec,full,6.138837927896618
2022,13,CLE,rush,base,6.0
2022,13,CLE,rush,rate,6.006849315068493
2022,13,CLE,rush,rate_pace,6.006849315068493
2022,13,CLE,rush,full,5.85193862745079
2022,13,CLE,pass,base,6.0
2022,13,CLE,pass,rate,6.0389805097451275
2022,13,CLE,pass,rate_pace,6.041359032357484
2022,13,CLE,pass,full,6.164183144490802
2022,13,MIN,rec,base,6.0
2022,13,MIN,rec,rate,6.017090620031796
2022,13,MIN,rec,rate_pace,6.017090620031796
2022,13,MIN,rec,full,6.114047172245107
2022,13,MIN,rush,base,6.0
2022,13,MIN,rush,rate,6.083333333333334
2022,13,MIN,rush,rate_pace,6.083333333333334
2022,13,MIN,rush,full,5.9556885558883135
2022,13,MIN,pass,base,6.0
2022,13,MIN,pass,rate,6.013493253373313
2022,13,MIN,pass,rate_pace,5.835150712997682
2022,13,MIN,pass,full,5.932218517844033
2022,13,NYJ,rec,base,6.0
2022,13,NYJ,rec,rate,6.034578696343402
2022,13,NYJ,rec,rate_pace,6.034578696343402
2022,13,NYJ,rec,full,6.0922789511561835
2022,13,NYJ,rush,base,6.0
2022,13,NYJ,rush,rate,6.059931506849315
2022,13,NYJ,rush,rate_pace,6.059931506849315
2022,13,NYJ,rush,full,5.959291057863245
2022,13,NYJ,pass,base,6.0
2022,13,NYJ,pass,rate,6.058470764617692
2022,13,NYJ,pass,rate_pace,6.150476280643877
2022,13,NYJ,pass,full,6.2085719843443705
2022,13,NYG,rec,base,6.0
2022,13,NYG,rec,rate,5.918124006359301
2022,13,NYG,rec,rate_pace,5.918124006359301
2022,13,NYG,rec,full,5.923239191730319
2022,13,NYG,rush,base,6.0
2022,13,NYG,rush,rate,5.970890410958904
2022,13,NYG,rush,rate_pace,5.970890410958904
2022,13,NYG,rush,full,5.939875657036592
2022,13,NYG,pass,base,6.0
2022,13,NYG,pass,rate,5.874062968515743
2022,13,NYG,pass,rate_pace,5.950393584419679
2022,13,NYG,pass,full,5.955470441953509
2022,13,WAS,rec,base,5.0
2022,13,WAS,rec,rate,4.891891891891891
2022,13,WAS,rec,rate_pace,4.891891891891891
2022,13,WAS,rec,full,4.853035878509833
2022,13,WAS,rush,base,5.0
2022,13,WAS,rush,rate,5.014840182648402
2022,13,WAS,rush,rate_pace,5.014840182648402
2022,13,WAS,rush,full,5.050285586728223
2022,13,WAS,pass,base,5.0
2022,13,WAS,pass,rate,4.811094452773613
2022,13,WAS,pass,rate_pace,4.804134206458678
2022,13,WAS,pass,full,4.765674867722872
2022,13,PHI,rec,base,6.0
2022,13,PHI,rec,rate,5.920111287758347
2022,13,PHI,rec,rate_pace,5.920111287758347
2022,13,PHI,rec,full,5.991584198897829
2022,13,PHI,rush,base,6.0
2022,13,PHI,rush,rate,6.041095890410959
2022,13,PHI,rush,rate_pace,6.041095890410959
2022,13,PHI,rush,full,6.00318288168987
2022,13,PHI,pass,base,6.0
2022,13,PHI,pass,rate,5.879310344827586
2022,13,PHI,pass,rate_pace,5.955202507319841
2022,13,PHI,pass,full,6.026217876015841
2022,13,TEN,rec,base,6.0
2022,13,TEN,rec,rate,5.984101748807631
2022,13,TEN,rec,rate_pace,5.984101748807631
2022,13,TEN,rec,full,6.000211755229222
2022,13,TEN,rush,base,6.0
2022,13,TEN,rush,rate,6.093036529680365
2022,13,TEN,rush,rate_pace,6.093036529680365
2022,13,TEN,rush,full,6.11052880601204
2022,13,TEN,pass,base,6.0
2022,13,TEN,pass,rate,5.9610194902548725
2022,13,TEN,pass,rate_pace,6.32591689402658
2022,13,TEN,pass,full,6.340419920710817
2022,13,LA,rec,base,6.0
2022,13,LA,rec,rate,6.007551669316374
2022,13,LA,rec,rate_pace,6.007551669316374
2022,13,LA,rec,full,6.072933474220798
2022,13,LA,rush,base,6.0
2022,13,LA,rush,rate,6.071917808219179
2022,13,LA,rush,rate_pace,6.071917808219179
2022,13,LA,rush,full,5.9044470001365825
2022,13,LA,pass,base,6.0
2022,13,LA,pass,rate,6.004497751124438
2022,13,LA,pass,rate_pace,5.948289729915233
2022,13,LA,pass,full,6.014450605477248
2022,13,SEA,rec,base,6.0
2022,13,SEA,rec,rate,5.9463434022257555
2022,13,SEA,rec,rate_pace,5.9463434022257555
2022,13,SEA,rec,full,6.018629041678373
2022,13,SEA,rush,base,6.0
2022,13,SEA,rush,rate,5.880707762557078
2022,13,SEA,rush,rate_pace,5.880707762557078
2022,13,SEA,rush,full,5.8000974063859845
2022,13,SEA,pass,base,6.0
2022,13,SEA,pass,rate,5.919790104947526
2022,13,SEA,pass,rate_pace,6.061351429040679
2022,13,SEA,pass,full,6.133409778060832
2022,13,SF,rec,base,6.0
2022,13,SF,rec,rate,5.998807631160572
2022,13,SF,rec,rate_pace,5.998807631160572
2022,13,SF,rec,full,6.025729309410296
2022,13,SF,rush,base,6.0
2022,13,SF,rush,rate,5.993721461187215
2022,13,SF,rush,rate_pace,5.993721461187215
2022,13,SF,rush,full,6.028680711435936
2022,13,SF,pass,base,6.0
2022,13,SF,pass,rate,6.001499250374813
2022,13,SF,pass,rate_pace,6.251454311830564
2022,13,SF,pass,full,6.278479669221861
2022,13,MIA,rec,base,6.0
2022,13,MIA,rec,rate,5.927662957074722
2022,13,MIA,rec,rate_pace,5.927662957074722
2022,13,MIA,rec,full,6.054476253278407
2022,13,MIA,rush,base,6.0
2022,13,MIA,rush,rate,6.015410958904109
2022,13,MIA,rush,rate_pace,6.015410958904109
2022,13,MIA,rush,full,5.829442952782621
2022,13,MIA,pass,base,6.0
2022,13,MIA,pass,rate,5.862068965517242
2022,13,MIA,pass,rate_pace,5.83812576237834
2022,13,MIA,pass,full,5.9640024980178215
2022,13,CIN,rec,base,5.0
2022,13,CIN,rec,rate,4.942368839427663
2022,13,CIN,rec,rate_pace,4.942368839427663
2022,13,CIN,rec,full,5.056472093896049
2022,13,CIN,rush,base,5.0
2022,13,CIN,rush,rate,4.992009132420092
2022,13,CIN,rush,rate_pace,4.992009132420092
2022,13,CIN,rush,full,4.799979335635996
2022,13,CIN,pass,base,5.0
2022,13,CIN,pass,rate,4.902548725637182
2022,13,CIN,pass,rate_pace,4.811621651780261
2022,13,CIN,pass,full,4.92505479294588
2022,13,KC,rec,base,6.0
2022,13,KC,rec,rate,5.991653418124006
2022,13,KC,rec,rate_pace,5.991653418124006
2022,13,KC,rec,full,6.131659650575778
2022,13,KC,rush,base,6.0
2022,13,KC,rush,rate,6.031392694063927
2022,13,KC,rush,rate_pace,6.031392694063927
2022,13,KC,rush,full,5.883523485423532
2022,13,KC,pass,base,6.0
2022,13,KC,pass,rate,5.975262368815592
2022,13,KC,pass,rate_pace,5.706033378762779
2022,13,KC,pass,full,5.847214841038763
2022,13,LV,rec,base,6.0
2022,13,LV,rec,rate,5.965818759936407
2022,13,LV,rec,rate_pace,5.965818759936407
2022,13,LV,rec,full,6.154942941668488
2022,13,LV,rush,base,6.0
2022,13,LV,rush,rate,5.970890410958905
2022,13,LV,rush,rate_pace,5.970890410958905
2022,13,LV,rush,full,5.622643162253816
2022,13,LV,pass,base,6.0
2022,13,LV,pass,rate,5.9520239880059975
2022,13,LV,pass,rate_pace,5.889235275653576
2022,13,LV,pass,full,6.078158455217309
2022,13,LAC,rec,base,6.0
2022,13,LAC,rec,rate,5.943561208267091
2022,13,LAC,rec,rate_pace,5.943561208267091
2022,13,LAC,rec,full,6.06464439795114
2022,13,LAC,rush,base,6.0
2022,13,LAC,rush,rate,5.904109589041096
2022,13,LAC,rush,rate_pace,5.904109589041096
2022,13,LAC,rush,full,5.706969071770847
2022,13,LAC,pass,base,6.0
2022,13,LAC,pass,rate,5.908545727136431
2022,13,LAC,pass,rate_pace,5.6786077362849685
2022,13,LAC,pass,full,5.799622259479947
2022,13,DAL,rec,base,6.0
2022,13,DAL,rec,rate,5.981319554848966
2022,13,DAL,rec,rate_pace,5.981319554848966
2022,13,DAL,rec,full,6.002649135678089
2022,13,DAL,rush,base,6.0
2022,13,DAL,rush,rate,5.966894977168949
2022,13,DAL,rush,rate_pace,5.966894977168949
2022,13,DAL,rush,full,6.018038520758424
2022,13,DAL,pass,base,6.0
2022,13,DAL,pass,rate,5.970764617691154
2022,13,DAL,pass,rate_pace,6.008563810281893
2022,13,DAL,pass,full,6.029126442769679
2022,13,IND,rec,base,5.0
2022,13,IND,rec,rate,5.009538950715421
2022,13,IND,rec,rate_pace,5.009538950715421
2022,13,IND,rec,full,5.073520195350019
2022,13,IND,rush,base,5.0
2022,13,IND,rush,rate,5.106735159817351
2022,13,IND,rush,rate_pace,5.106735159817351
2022,13,IND,rush,full,4.989347552447143
2022,13,IND,pass,base,5.0
2022,13,IND,pass,rate,5.032233883058471
2022,13,IND,pass,rate_pace,5.01427546504284
2022,13,IND,pass,full,5.0780762890890525
2022,13,TB,rec,base,6.0
2022,13,TB,rec,rate,5.978934817170112
2022,13,TB,rec,rate_pace,5.978934817170112
2022,13,TB,rec,full,5.999740556461526
2022,13,TB,rush,base,6.0
2022,13,TB,rush,rate,5.956050228310502
2022,13,TB,rush,rate_pace,5.956050228310502
2022,13,TB,rush,full,5.969620897777765
2022,13,TB,pass,base,6.0
2022,13,TB,pass,rate,5.950524737631184
2022,13,TB,pass,rate_pace,5.690742955246227
2022,13,TB,pass,full,5.7120511590827245
2022,13,NO,rec,base,5.0
2022,13,NO,rec,rate,4.925675675675675
2022,13,NO,rec,rate_pace,4.925675675675675
2022,13,NO,rec,full,4.980644934098142
2022,13,NO,rush,base,5.0
2022,13,NO,rush,rate,5.0256849315068495
2022,13,NO,rush,rate_pace,5.0256849315068495
2022,13,NO,rush,full,4.927241543147959
2022,13,NO,pass,base,5.0
2022,13,NO,pass,rate,4.857571214392804
2022,13,NO,pass,rate_pace,4.96687399239499
2022,13,NO,pass,full,5.02078191535984
2022,13,CAR,rec,base,5.0
2022,13,CAR,rec,rate,4.980127186009539
2022,13,CAR,rec,rate_pace,4.980127186009539
2022,13,CAR,rec,full,4.998979290347766
2022,13,CAR,rush,base,5.0
2022,13,CAR,rush,rate,5.052511415525115
2022,13,CAR,rush,rate_pace,5.052511415525115
2022,13,CAR,rush,full,4.98374275926846
2022,13,CAR,pass,base,5.0
2022,13,CAR,pass,rate,4.971514242878561
2022,13,CAR,pass,rate_pace,5.116611896926697
2022,13,CAR,pass,full,5.1358918267890195
2022,13,ARI,rec,base,5.0
2022,13,ARI,rec,rate,4.917726550079491
2022,13,ARI,rec,rate_pace,4.917726550079491
2022,13,ARI,rec,full,5.0073655539141955
2022,13,ARI,rush,base,5.0
2022,13,ARI,rush,rate,4.944634703196346
2022,13,ARI,rush,rate_pace,4.944634703196346
2022,13,ARI,rush,full,4.738437294874977
2022,13,ARI,pass,base,5.0
2022,13,ARI,pass,rate,4.850824587706147
2022,13,ARI,pass,rate_pace,4.6494498725255715
2022,13,ARI,pass,full,4.738522576601821
2023,1,KC,rec,base,17.0
2023,1,KC,rec,rate,17.067851373182553
2023,1,KC,rec,rate_pace,17.067851373182553
2023,1,KC,rec,full,17.57817546595773
2023,1,KC,rush,base,17.0
2023,1,KC,rush,rate,17.119101123595506
2023,1,KC,rush,rate_pace,17.119101123595506
2023,1,KC,rush,full,16.428512802718036
2023,1,KC,pass,base,17.0
2023,1,KC,pass,rate,17.08295281582953
2023,1,KC,pass,rate_pace,16.547576430420378
2023,1,KC,pass,full,17.060115683806533
2023,1,DET,rec,base,17.0
2023,1,DET,rec,rate,17.187802907915994
2023,1,DET,rec,rate_pace,17.187802907915994
2023,1,DET,rec,full,17.591598192976786
2023,1,DET,rush,base,17.0
2023,1,DET,rush,rate,17.1438202247191
2023,1,DET,rush,rate_pace,17.1438202247191
2023,1,DET,rush,full,16.66742082121784
2023,1,DET,pass,base,17.0
2023,1,DET,pass,rate,17.32572298325723
2023,1,DET,pass,rate_pace,17.25219047427335
2023,1,DET,pass,full,17.658593910974435
2023,1,ATL,rec,base,17.0
2023,1,ATL,rec,rate,17.088045234248785
2023,1,ATL,rec,rate_pace,17.088045234248785
2023,1,ATL,rec,full,17.10554511840331
2023,1,ATL,rush,base,17.0
2023,1,ATL,rush,rate,17.01011235955056
2023,1,ATL,rush,rate_pace,17.01011235955056
2023,1,ATL,rush,full,16.975139654919058
2023,1,ATL,pass,base,17.0
2023,1,ATL,pass,rate,17.137747336377476
2023,1,ATL,pass,rate_pace,18.38317771702499
2023,1,ATL,pass,full,18.402712536515164
2023,1,CAR,rec,base,17.0
2023,1,CAR,rec,rate,17.149434571890144
2023,1,CAR,rec,rate_pace,17.149434571890144
2023,1,CAR,rec,full,17.05769614908871
2023,1,CAR,rush,base,17.0
2023,1,CAR,rush,rate,17.048876404494383
2023,1,CAR,rush,rate_pace,17.048876404494383
2023,1,CAR,rush,full,17.09418341190986
2023,1,CAR,pass,base,17.0
2023,1,CAR,pass,rate,17.237442922374427
2023,1,CAR,pass,rate_pace,18.25354722750822
2023,1,CAR,pass,full,18.162573702885524
2023,1,BAL,rec,base,17.0
2023,1,BAL,rec,rate,17.118739903069464
2023,1,BAL,rec,rate_pace,17.118739903069464
2023,1,BAL,rec,full,17.213414594497426
2023,1,BAL,rush,base,17.0
2023,1,BAL,rush,rate,16.953932584269662
2023,1,BAL,rush,rate_pace,16.953932584269662
2023,1,BAL,rush,full,16.902854934287006
2023,1,BAL,pass,base,17.0
2023,1,BAL,pass,rate,17.213089802130895
2023,1,BAL,pass,rate_pace,17.77875836546535
2023,1,BAL,pass,full,17.873849680199093
2023,1,HOU,rec,base,17.0
2023,1,HOU,rec,rate,17.016962843295637
2023,1,HOU,rec,rate_pace,17.016962843295637
2023,1,HOU,rec,full,17.02145616425344
2023,1,HOU,rush,base,17.0
2023,1,HOU,rush,rate,16.724719101123597
2023,1,HOU,rush,rate_pace,16.724719101123597
2023,1,HOU,rush,full,16.53890548848459
2023,1,HOU,pass,base,17.0
2023,1,HOU,pass,rate,17.013698630136982
2023,1,HOU,pass,rate_pace,17.05868384120825
2023,1,HOU,pass,full,17.063249629383098
2023,1,CLE,rec,base,17.0
2023,1,CLE,rec,rate,17.09329563812601
2023,1,CLE,rec,rate_pace,17.09329563812601
2023,1,CLE,rec,full,17.255923617285582
2023,1,CLE,rush,base,17.0
2023,1,CLE,rush,rate,16.76797752808989
2023,1,CLE,rush,rate_pace,16.76797752808989
2023,1,CLE,rush,full,16.62297490669149
2023,1,CLE,pass,base,17.0
2023,1,CLE,pass,rate,17.182648401826484
2023,1,CLE,pass,rate_pace,17.34001634877073
2023,1,CLE,pass,full,17.50335681045542
2023,1,CIN,rec,base,17.0
2023,1,CIN,rec,rate,17.07956381260097
2023,1,CIN,rec,rate_pace,17.07956381260097
2023,1,CIN,rec,full,17.269680513393634
2023,1,CIN,rush,base,17.0
2023,1,CIN,rush,rate,16.831460674157302
2023,1,CIN,rush,rate_pace,16.831460674157302
2023,1,CIN,rush,full,16.67259430774791
2023,1,CIN,pass,base,17.0
2023,1,CIN,pass,rate,17.162100456621
2023,1,CIN,pass,rate_pace,16.820031428663242
2023,1,CIN,pass,full,17.010093607723096
2023,1,IND,rec,base,17.0
2023,1,IND,rec,rate,17.101777059773827
2023,1,IND,rec,rate_pace,17.101777059773827
2023,1,IND,rec,full,17.171731736637334
2023,1,IND,rush,base,17.0
2023,1,IND,rush,rate,16.824157303370782
2023,1,IND,rush,rate_pace,16.824157303370782
2023,1,IND,rush,full,16.562029013531827
2023,1,IND,pass,base,17.0
2023,1,IND,pass,rate,17.16133942161339
2023,1,IND,pass,rate_pace,16.878460152457876
2023,1,IND,pass,full,16.948720748035573
2023,1,JAX,rec,base,17.0
2023,1,JAX,rec,rate,17.024232633279485
2023,1,JAX,rec,rate_pace,17.024232633279485
2023,1,JAX,rec,full,17.093368336809093
2023,1,JAX,rush,base,17.0
2023,1,JAX,rush,rate,16.79213483146067
2023,1,JAX,rush,rate_pace,16.79213483146067
2023,1,JAX,rush,full,16.757736251382877
2023,1,JAX,pass,base,17.0
2023,1,JAX,pass,rate,17.054794520547947
2023,1,JAX,pass,rate_pace,16.906385133910103
2023,1,JAX,pass,full,16.974387927914744
2023,1,MIN,rec,base,17.0
2023,1,MIN,rec,rate,17.160743134087237
2023,1,MIN,rec,rate_pace,17.160743134087237
2023,1,MIN,rec,full,17.62366319912875
2023,1,MIN,rush,base,17.0
2023,1,MIN,rush,rate,17.185955056179775
2023,1,MIN,rush,rate_pace,17.185955056179775
2023,1,MIN,rush,full,16.28396460733467
2023,1,MIN,pass,base,17.0
2023,1,MIN,pass,rate,17.267884322678842
2023,1,MIN,pass,rate_pace,16.510912893133487
2023,1,MIN,pass,full,16.97601206546372
2023,1,TB,rec,base,17.0
2023,1,TB,rec,rate,17.123990306946688
2023,1,TB,rec,rate_pace,17.123990306946688
2023,1,TB,rec,full,17.191268486523594
2023,1,TB,rush,base,17.0
2023,1,TB,rush,rate,16.976404494382024
2023,1,TB,rush,rate_pace,16.976404494382024
2023,1,TB,rush,full,16.744108045655523
2023,1,TB,pass,base,17.0
2023,1,TB,pass,rate,17.181126331811264
2023,1,TB,pass,rate_pace,16.179554165976985
2023,1,TB,pass,full,16.24713758301508
2023,1,NO,rec,base,17.0
2023,1,NO,rec,rate,17.212843295638127
2023,1,NO,rec,rate_pace,17.212843295638127
2023,1,NO,rec,full,17.17197156024404
2023,1,NO,rush,base,17.0
2023,1,NO,rush,rate,17.033146067415732
2023,1,NO,rush,rate_pace,17.033146067415732
2023,1,NO,rush,full,17.171304399535554
2023,1,NO,pass,base,17.0
2023,1,NO,pass,rate,17.36986301369863
2023,1,NO,pass,rate_pace,17.867478450765528
2023,1,NO,pass,full,17.827204096151164
2023,1,TEN,rec,base,17.0
2023,1,TEN,rec,rate,17.054523424878838
2023,1,TEN,rec,rate_pace,17.054523424878838
2023,1,TEN,rec,full,17.08789500280987
2023,1,TEN,rush,base,17.0
2023,1,TEN,rush,rate,17.001685393258427
2023,1,TEN,rush,rate_pace,17.001685393258427
2023,1,TEN,rush,full,16.977137393587086
2023,1,TEN,pass,base,17.0
2023,1,TEN,pass,rate,17.089802130898022
2023,1,TEN,pass,rate_pace,17.865681952988382
2023,1,TEN,pass,full,17.898429501082614
2023,1,PIT,rec,base,17.0
2023,1,PIT,rec,rate,17.078352180936996
2023,1,PIT,rec,rate_pace,17.078352180936996
2023,1,PIT,rec,full,17.134188898055157
2023,1,PIT,rush,base,17.0
2023,1,PIT,rush,rate,16.83820224719101
2023,1,PIT,rush,rate_pace,16.83820224719101
2023,1,PIT,rush,full,16.75526165670979
2023,1,PIT,pass,base,17.0
2023,1,PIT,pass,rate,17.134703196347033
2023,1,PIT,pass,rate_pace,17.088457989396243
2023,1,PIT,pass,full,17.144755855948837
2023,1,SF,rec,base,17.0
2023,1,SF,rec,rate,17.034329563812598
2023,1,SF,rec,rate_pace,17.034329563812598
2023,1,SF,rec,full,17.166987901701734
2023,1,SF,rush,base,17.0
2023,1,SF,rush,rate,17.016292134831463
2023,1,SF,rush,rate_pace,17.016292134831463
2023,1,SF,rush,full,17.013345951477095
2023,1,SF,pass,base,17.0
2023,1,SF,pass,rate,17.093607305936075
2023,1,SF,pass,rate_pace,17.71986814488743
2023,1,SF,pass,full,17.853290415211188
2023,1,WAS,rec,base,17.0
2023,1,WAS,rec,rate,16.890549273021
2023,1,WAS,rec,rate_pace,16.890549273021
2023,1,WAS,rec,full,16.797579645319555
2023,1,WAS,rush,base,17.0
2023,1,WAS,rush,rate,17.03370786516854
2023,1,WAS,rush,rate_pace,17.03370786516854
2023,1,WAS,rush,full,17.068204757122885
2023,1,WAS,pass,base,17.0
2023,1,WAS,pass,rate,16.818112633181126
2023,1,WAS,pass,rate_pace,16.869614087730618
2023,1,WAS,pass,full,16.77617583851555
2023,1,ARI,rec,base,17.0
2023,1,ARI,rec,rate,17.05129240710824
2023,1,ARI,rec,rate_pace,17.05129240710824
2023,1,ARI,rec,full,17.193562313163703
2023,1,ARI,rush,base,17.0
2023,1,ARI,rush,rate,16.982584269662922
2023,1,ARI,rush,rate_pace,16.982584269662922
2023,1,ARI,rush,full,16.536224574851545
2023,1,ARI,pass,base,17.0
2023,1,ARI,pass,rate,17.13013698630137
2023,1,ARI,pass,rate_pace,16.36925180153223
2023,1,ARI,pass,full,16.511567174969525
2023,1,CHI,rec,base,17.0
2023,1,CHI,rec,rate,17.162358642972535
2023,1,CHI,rec,rate_pace,17.162358642972535
2023,1,CHI,rec,full,17.516450053096307
2023,1,CHI,rush,base,17.0
2023,1,CHI,rush,rate,17.206741573033707
2023,1,CHI,rush,rate_pace,17.206741573033707
2023,1,CHI,rush,full,16.7500219511427
2023,1,CHI,pass,base,17.0
2023,1,CHI,pass,rate,17.26103500761035
2023,1,CHI,pass,rate_pace,18.313035042183653
2023,1,CHI,pass,full,18.67059021316041
2023,1,GB,rec,base,17.0
2023,1,GB,rec,rate,17.25605815831987
2023,1,GB,rec,rate_pace,17.25605815831987
2023,1,GB,rec,full,17.348128870420982
2023,1,GB,rush,base,17.0
2023,1,GB,rush,rate,17.213483146067414
2023,1,GB,rush,rate_pace,17.213483146067414
2023,1,GB,rush,full,17.04232195235775
2023,1,GB,pass,base,17.0
2023,1,GB,pass,rate,17.451293759512936
2023,1,GB,pass,rate_pace,17.596981806207697
2023,1,GB,pass,full,17.690286583141727
2023,1,DEN,rec,base,17.0
2023,1,DEN,rec,rate,17.09612277867528
2023,1,DEN,rec,rate_pace,17.09612277867528
2023,1,DEN,rec,full,17.27757633487442
2023,1,DEN,rush,base,17.0
2023,1,DEN,rush,rate,17.22078651685393
2023,1,DEN,rush,rate_pace,17.22078651685393
2023,1,DEN,rush,full,16.868040432924307
2023,1,DEN,pass,base,17.0
2023,1,DEN,pass,rate,17.15372907153729
2023,1,DEN,pass,rate_pace,16.930645316669604
2023,1,DEN,pass,full,17.11299211671984
2023,1,LV,rec,base,17.0
2023,1,LV,rec,rate,17.01817447495961
2023,1,LV,rec,rate_pace,17.01817447495961
2023,1,LV,rec,full,17.53898199958882
2023,1,LV,rush,base,17.0
2023,1,LV,rush,rate,17.15898876404495
2023,1,LV,rush,rate_pace,17.15898876404495
2023,1,LV,rush,full,16.36708022013248
2023,1,LV,pass,base,17.0
2023,1,LV,pass,rate,17.035768645357688
2023,1,LV,pass,rate_pace,16.97202893943693
2023,1,LV,pass,full,17.494954410177215
2023,1,LAC,rec,base,17.0
2023,1,LAC,rec,rate,17.05936995153473
2023,1,LAC,rec,rate_pace,17.05936995153473
2023,1,LAC,rec,full,17.436731612719985
2023,1,LAC,rush,base,17.0
2023,1,LAC,rush,rate,16.94157303370787
2023,1,LAC,rush,rate_pace,16.94157303370787
2023,1,LAC,rush,full,16.216837415257988
2023,1,LAC,pass,base,17.0
2023,1,LAC,pass,rate,17.079908675799086
2023,1,LAC,pass,rate_pace,16.368289690438463
2023,1,LAC,pass,full,16.747574892704712
2023,1,MIA,rec,base,17.0
2023,1,MIA,rec,rate,16.815428109854604
2023,1,MIA,rec,rate_pace,16.815428109854604
2023,1,MIA,rec,full,17.049138287474666
2023,1,MIA,rush,base,17.0
2023,1,MIA,rush,rate,16.91123595505618
2023,1,MIA,rush,rate_pace,16.91123595505618
2023,1,MIA,rush,full,16.516468369192634
2023,1,MIA,pass,base,17.0
2023,1,MIA,pass,rate,16.69482496194825
2023,1,MIA,pass,rate_pace,16.688240667749003
2023,1,MIA,pass,full,16.920779547527168
2023,1,NE,rec,base,17.0
2023,1,NE,rec,rate,16.821486268174475
2023,1,NE,rec,rate_pace,16.821486268174475
2023,1,NE,rec,full,16.88500009937507
2023,1,NE,rush,base,17.0
2023,1,NE,rush,rate,17.002808988764045
2023,1,NE,rush,rate_pace,17.002808988764045
2023,1,NE,rush,full,16.841703363857576
2023,1,NE,pass,base,17.0
2023,1,NE,pass,rate,16.67503805175038
2023,1,NE,pass,rate_pace,16.975548119086532
2023,1,NE,pass,full,17.038879220692316
2023,1,PHI,rec,base,17.0
2023,1,PHI,rec,rate,16.903473344103393
2023,1,PHI,rec,rate_pace,16.903473344103393
2023,1,PHI,rec,full,17.261511528390677
2023,1,PHI,rush,base,17.0
2023,1,PHI,rush,rate,17.0
2023,1,PHI,rush,rate_pace,17.0
2023,1,PHI,rush,full,16.732346244999253
2023,1,PHI,pass,base,17.0
2023,1,PHI,pass,rate,16.85235920852359
2023,1,PHI,pass,rate_pace,17.223967940136724
2023,1,PHI,pass,full,17.58181870470992
2023,1,SEA,rec,base,17.0
2023,1,SEA,rec,rate,17.0343295638126
2023,1,SEA,rec,rate_pace,17.0343295638126
2023,1,SEA,rec,full,17.301519621865925
2023,1,SEA,rush,base,17.0
2023,1,SEA,rush,rate,16.852808988764043
2023,1,SEA,rush,rate_pace,16.852808988764043
2023,1,SEA,rush,full,16.387245027952115
2023,1,SEA,pass,base,17.0
2023,1,SEA,pass,rate,17.08980213089802
2023,1,SEA,pass,rate_pace,16.941779666555586
2023,1,SEA,pass,full,17.2102108539752
2023,1,LA,rec,base,17.0
2023,1,LA,rec,rate,16.946688206785133
2023,1,LA,rec,rate_pace,16.946688206785133
2023,1,LA,rec,full,17.258292397257744
2023,1,LA,rush,base,17.0
2023,1,LA,rush,rate,16.96123595505618
2023,1,LA,rush,rate_pace,16.96123595505618
2023,1,LA,rush,full,16.439034527953904
2023,1,LA,pass,base,17.0
2023,1,LA,pass,rate,16.929984779299847
2023,1,LA,pass,rate_pace,17.014210329835755
2023,1,LA,pass,full,17.32530879786432
2023,1,NYG,rec,base,17.0
2023,1,NYG,rec,rate,16.84773828756058
2023,1,NYG,rec,rate_pace,16.84773828756058
2023,1,NYG,rec,full,17.112458127116987
2023,1,NYG,rush,base,17.0
2023,1,NYG,rush,rate,16.95168539325843
2023,1,NYG,rush,rate_pace,16.95168539325843
2023,1,NYG,rush,full,16.556521175509577
2023,1,NYG,pass,base,17.0
2023,1,NYG,pass,rate,16.736681887366817
2023,1,NYG,pass,rate_pace,16.7311904216362
2023,1,NYG,pass,full,16.99407965401684
2023,1,DAL,rec,base,17.0
2023,1,DAL,rec,rate,16.894588045234247
2023,1,DAL,rec,rate_pace,16.894588045234247
2023,1,DAL,rec,full,17.19094572262725
2023,1,DAL,rush,base,17.0
2023,1,DAL,rush,rate,17.105056179775282
2023,1,DAL,rush,rate_pace,17.105056179775282
2023,1,DAL,rush,full,16.864930321453663
2023,1,DAL,pass,base,17.0
2023,1,DAL,pass,rate,16.842465753424655
2023,1,DAL,pass,rate_pace,17.078326718480465
2023,1,DAL,pass,full,17.374211913015625
2023,1,NYJ,rec,base,17.0
2023,1,NYJ,rec,rate,16.878432956381257
2023,1,NYJ,rec,rate_pace,16.878432956381257
2023,1,NYJ,rec,full,16.961791665168384
2023,1,NYJ,rush,base,17.0
2023,1,NYJ,rush,rate,17.06573033707865
2023,1,NYJ,rush,rate_pace,17.06573033707865
2023,1,NYJ,rush,full,16.923392179451334
2023,1,NYJ,pass,base,17.0
2023,1,NYJ,pass,rate,16.780060882800605
2023,1,NYJ,pass,rate_pace,16.498851187738747
2023,1,NYJ,pass,full,16.581109202142642
2023,1,BUF,rec,base,17.0
2023,1,BUF,rec,rate,16.83683360258481
2023,1,BUF,rec,rate_pace,16.83683360258481
2023,1,BUF,rec,full,17.105842680499393
2023,1,BUF,rush,base,17.0
2023,1,BUF,rush,rate,16.970786516853934
2023,1,BUF,rush,rate_pace,16.970786516853934
2023,1,BUF,rush,full,16.638023840226225
2023,1,BUF,pass,base,17.0
2023,1,BUF,pass,rate,16.713850837138512
2023,1,BUF,pass,rate_pace,16.33489204407971
2023,1,BUF,pass,full,16.602879343433685
2023,5,WAS,rec,base,13.0
2023,5,WAS,rec,rate,12.965503246753247
2023,5,WAS,rec,rate_pace,12.965503246753247
2023,5,WAS,rec,full,13.002745150992807
2023,5,WAS,rush,base,13.0
2023,5,WAS,rush,rate,12.948979591836732
2023,5,WAS,rush,rate_pace,12.948979591836732
2023,5,WAS,rush,full,12.840272416335878
2023,5,WAS,pass,base,13.0
2023,5,WAS,pass,rate,12.926717557251909
2023,5,WAS,pass,rate_pace,13.078524109019812
2023,5,WAS,pass,full,13.115936608606315
2023,5,CHI,rec,base,13.0
2023,5,CHI,rec,rate,13.089691558441556
2023,5,CHI,rec,rate_pace,13.089691558441556
2023,5,CHI,rec,full,13.456161484041699
2023,5,CHI,rush,base,13.0
2023,5,CHI,rush,rate,13.102040816326529
2023,5,CHI,rush,rate_pace,13.102040816326529
2023,5,CHI,rush,full,12.548572088061489
2023,5,CHI,pass,base,13.0
2023,5,CHI,pass,rate,13.148091603053437
2023,5,CHI,pass,rate_pace,13.547974530430482
2023,5,CHI,pass,full,13.919271863828408
2023,5,BUF,rec,base,13.0
2023,5,BUF,rec,rate,12.89366883116883
2023,5,BUF,rec,rate_pace,12.89366883116883
2023,5,BUF,rec,full,13.074415744513821
2023,5,BUF,rush,base,13.0
2023,5,BUF,rush,rate,12.951814058956916
2023,5,BUF,rush,rate_pace,12.951814058956916
2023,5,BUF,rush,full,12.853659073172029
2023,5,BUF,pass,base,13.0
2023,5,BUF,pass,rate,12.835877862595419
2023,5,BUF,pass,rate_pace,12.724336605849539
2023,5,BUF,pass,full,12.905804139276864
2023,5,JAX,rec,base,13.0
2023,5,JAX,rec,rate,12.941558441558442
2023,5,JAX,rec,rate_pace,12.941558441558442
2023,5,JAX,rec,full,12.93004496056564
2023,5,JAX,rush,base,13.0
2023,5,JAX,rush,rate,12.757369614512472
2023,5,JAX,rush,rate_pace,12.757369614512472
2023,5,JAX,rush,full,12.79546788205341
2023,5,JAX,pass,base,13.0
2023,5,JAX,pass,rate,12.932061068702287
2023,5,JAX,pass,rate_pace,12.73694201741417
2023,5,JAX,pass,full,12.724301690054192
2023,5,ATL,rec,base,13.0
2023,5,ATL,rec,rate,13.00892857142857
2023,5,ATL,rec,rate_pace,13.00892857142857
2023,5,ATL,rec,full,12.841632694349634
2023,5,ATL,rush,base,13.0
2023,5,ATL,rush,rate,12.951814058956915
2023,5,ATL,rush,rate_pace,12.951814058956915
2023,5,ATL,rush,full,13.088931792652767
2023,5,ATL,pass,base,13.0
2023,5,ATL,pass,rate,13.006106870229008
2023,5,ATL,pass,rate_pace,13.781337004335937
2023,5,ATL,pass,full,13.616098812493503
2023,5,HOU,rec,base,13.0
2023,5,HOU,rec,rate,12.995129870129869
2023,5,HOU,rec,rate_pace,12.995129870129869
2023,5,HOU,rec,full,13.006769610093395
2023,5,HOU,rush,base,13.0
2023,5,HOU,rush,rate,12.798185941043084
2023,5,HOU,rush,rate_pace,12.798185941043084
2023,5,HOU,rush,full,12.80596039513118
2023,5,HOU,pass,base,13.0
2023,5,HOU,pass,rate,12.970992366412213
2023,5,HOU,pass,rate_pace,12.951136629778087
2023,5,HOU,pass,full,12.963754166742492
2023,5,DET,rec,base,13.0
2023,5,DET,rec,rate,13.16720779220779
2023,5,DET,rec,rate_pace,13.16720779220779
2023,5,DET,rec,full,13.436920627885637
2023,5,DET,rush,base,13.0
2023,5,DET,rush,rate,13.043083900226756
2023,5,DET,rush,rate_pace,13.043083900226756
2023,5,DET,rush,full,12.810242086388886
2023,5,DET,pass,base,13.0
2023,5,DET,pass,rate,13.312977099236644
2023,5,DET,pass,rate_pace,13.430418803987628
2023,5,DET,pass,full,13.702951466973275
2023,5,CAR,rec,base,13.0
2023,5,CAR,rec,rate,13.092938311688311
2023,5,CAR,rec,rate_pace,13.092938311688311
2023,5,CAR,rec,full,13.070913926522223
2023,5,CAR,rush,base,13.0
2023,5,CAR,rush,rate,12.956916099773244
2023,5,CAR,rush,rate_pace,12.956916099773244
2023,5,CAR,rush,full,12.835183784671186
2023,5,CAR,pass,base,13.0
2023,5,CAR,pass,rate,13.14503816793893
2023,5,CAR,pass,rate_pace,13.574865270907825
2023,5,CAR,pass,full,13.55285011277451
2023,5,IND,rec,base,13.0
2023,5,IND,rec,rate,13.03125
2023,5,IND,rec,rate_pace,13.03125
2023,5,IND,rec,full,13.071053161290202
2023,5,IND,rush,base,13.0
2023,5,IND,rush,rate,12.799319727891156
2023,5,IND,rush,rate_pace,12.799319727891156
2023,5,IND,rush,full,12.70055814143674
2023,5,IND,pass,base,13.0
2023,5,IND,pass,rate,13.045038167938934
2023,5,IND,pass,rate_pace,12.861685606442032
2023,5,IND,pass,full,12.901617668213227
2023,5,TEN,rec,base,13.0
2023,5,TEN,rec,rate,13.027597402597403
2023,5,TEN,rec,rate_pace,13.027597402597403
2023,5,TEN,rec,full,12.928078459986107
2023,5,TEN,rush,base,13.0
2023,5,TEN,rush,rate,12.952380952380954
2023,5,TEN,rush,rate_pace,12.952380952380954
2023,5,TEN,rush,full,13.093201087228193
2023,5,TEN,pass,base,13.0
2023,5,TEN,pass,rate,13.045038167938932
2023,5,TEN,pass,rate_pace,13.60818209713421
2023,5,TEN,pass,full,13.507509604631482
2023,5,MIA,rec,base,13.0
2023,5,MIA,rec,rate,12.831168831168831
2023,5,MIA,rec,rate_pace,12.831168831168831
2023,5,MIA,rec,full,13.116413162942557
2023,5,MIA,rush,base,13.0
2023,5,MIA,rush,rate,12.879818594104307
2023,5,MIA,rush,rate_pace,12.879818594104307
2023,5,MIA,rush,full,12.517531160413458
2023,5,MIA,pass,base,13.0
2023,5,MIA,pass,rate,12.69618320610687
2023,5,MIA,pass,rate_pace,12.672602869453375
2023,5,MIA,pass,full,12.956144715077983
2023,5,NYG,rec,base,13.0
2023,5,NYG,rec,rate,12.856737012987011
2023,5,NYG,rec,rate_pace,12.856737012987011
2023,5,NYG,rec,full,13.042240476828354
2023,5,NYG,rush,base,13.0
2023,5,NYG,rush,rate,12.999999999999998
2023,5,NYG,rush,rate_pace,12.999999999999998
2023,5,NYG,rush,full,12.585404628406138
2023,5,NYG,pass,base,13.0
2023,5,NYG,pass,rate,12.720610687022901
2023,5,NYG,pass,rate_pace,12.49985719939963
2023,5,NYG,pass,full,12.68513119392882
2023,5,NE,rec,base,13.0
2023,5,NE,rec,rate,12.916396103896103
2023,5,NE,rec,rate_pace,12.916396103896103
2023,5,NE,rec,full,12.974354530747291
2023,5,NE,rush,base,13.0
2023,5,NE,rush,rate,13.122448979591837
2023,5,NE,rush,rate_pace,13.122448979591837
2023,5,NE,rush,full,12.954405061336677
2023,5,NE,pass,base,13.0
2023,5,NE,pass,rate,12.84351145038168
2023,5,NE,pass,rate_pace,12.88666288024796
2023,5,NE,pass,full,12.945377475474544
2023,5,NO,rec,base,13.0
2023,5,NO,rec,rate,13.149350649350648
2023,5,NO,rec,rate_pace,13.149350649350648
2023,5,NO,rec,full,13.091947787280198
2023,5,NO,rush,base,13.0
2023,5,NO,rush,rate,13.0062358276644
2023,5,NO,rush,rate_pace,13.0062358276644
2023,5,NO,rush,full,13.123664368873
2023,5,NO,pass,base,13.0
2023,5,NO,pass,rate,13.246564885496184
2023,5,NO,pass,rate_pace,13.58575162028159
2023,5,NO,pass,full,13.528830414239088
2023,5,PIT,rec,base,13.0
2023,5,PIT,rec,rate,12.95819805194805
2023,5,PIT,rec,rate_pace,12.95819805194805
2023,5,PIT,rec,full,12.91064277679055
2023,5,PIT,rush,base,13.0
2023,5,PIT,rush,rate,12.761337868480725
2023,5,PIT,rush,rate_pace,12.761337868480725
2023,5,PIT,rush,full,12.767976366115764
2023,5,PIT,pass,base,13.0
2023,5,PIT,pass,rate,12.949618320610686
2023,5,PIT,pass,rate_pace,12.96648581473268
2023,5,PIT,pass,full,12.919500722068122
2023,5,BAL,rec,base,13.0
2023,5,BAL,rec,rate,13.054788961038962
2023,5,BAL,rec,rate_pace,13.054788961038962
2023,5,BAL,rec,full,13.049766633017228
2023,5,BAL,rush,base,13.0
2023,5,BAL,rush,rate,12.886621315192741
2023,5,BAL,rush,rate_pace,12.886621315192741
2023,5,BAL,rush,full,12.956025094221081
2023,5,BAL,pass,base,13.0
2023,5,BAL,pass,rate,13.130534351145041
2023,5,BAL,pass,rate_pace,13.64418215443354
2023,5,BAL,pass,full,13.638467737117761
2023,5,ARI,rec,base,13.0
2023,5,ARI,rec,rate,13.012987012987011
2023,5,ARI,rec,rate_pace,13.012987012987011
2023,5,ARI,rec,full,13.24571476992796
2023,5,ARI,rush,base,13.0
2023,5,ARI,rush,rate,12.910430839002267
2023,5,ARI,rush,rate_pace,12.910430839002267
2023,5,ARI,rush,full,12.426408994856006
2023,5,ARI,pass,base,13.0
2023,5,ARI,pass,rate,13.037404580152673
2023,5,ARI,pass,rate_pace,12.696441465946215
2023,5,ARI,pass,full,12.929581821293791
2023,5,CIN,rec,base,13.0
2023,5,CIN,rec,rate,12.954139610389609
2023,5,CIN,rec,rate_pace,12.954139610389609
2023,5,CIN,rec,full,13.093391622072176
2023,5,CIN,rush,base,13.0
2023,5,CIN,rush,rate,12.94331065759637
2023,5,CIN,rush,rate_pace,12.94331065759637
2023,5,CIN,rush,full,12.688745543736754
2023,5,CIN,pass,base,13.0
2023,5,CIN,pass,rate,12.937404580152675
2023,5,CIN,pass,rate_pace,12.673651309784983
2023,5,CIN,pass,full,12.811080789545837
2023,5,LA,rec,base,13.0
2023,5,LA,rec,rate,12.8924512987013
2023,5,LA,rec,rate_pace,12.8924512987013
2023,5,LA,rec,full,13.087838738621626
2023,5,LA,rush,base,13.0
2023,5,LA,rush,rate,12.96655328798186
2023,5,LA,rush,rate_pace,12.96655328798186
2023,5,LA,rush,full,12.710265236041682
2023,5,LA,pass,base,13.0
2023,5,LA,pass,rate,12.816793893129772
2023,5,LA,pass,rate_pace,12.836961849272074
2023,5,LA,pass,full,13.031877352117577
2023,5,PHI,rec,base,13.0
2023,5,PHI,rec,rate,12.87012987012987
2023,5,PHI,rec,rate_pace,12.87012987012987
2023,5,PHI,rec,full,13.21355943554821
2023,5,PHI,rush,base,13.0
2023,5,PHI,rush,rate,13.03174603174603
2023,5,PHI,rush,rate_pace,13.03174603174603
2023,5,PHI,rush,full,12.713572137940066
2023,5,PHI,pass,base,13.0
2023,5,PHI,pass,rate,12.751908396946565
2023,5,PHI,pass,rate_pace,12.905729158436573
2023,5,PHI,pass,full,13.24630338883676
2023,5,DEN,rec,base,13.0
2023,5,DEN,rec,rate,12.938717532467532
2023,5,DEN,rec,rate_pace,12.938717532467532
2023,5,DEN,rec,full,13.352293036243285
2023,5,DEN,rush,base,13.0
2023,5,DEN,rush,rate,13.144557823129254
2023,5,DEN,rush,rate_pace,13.144557823129254
2023,5,DEN,rush,full,12.335527902611311
2023,5,DEN,pass,base,13.0
2023,5,DEN,pass,rate,12.898473282442746
2023,5,DEN,pass,rate_pace,12.779759736303824
2023,5,DEN,pass,full,13.194237941504099
2023,5,NYJ,rec,base,13.0
2023,5,NYJ,rec,rate,12.94155844155844
2023,5,NYJ,rec,rate_pace,12.94155844155844
2023,5,NYJ,rec,full,12.829238397408542
2023,5,NYJ,rush,base,13.0
2023,5,NYJ,rush,rate,13.059523809523808
2023,5,NYJ,rush,rate_pace,13.059523809523808
2023,5,NYJ,rush,full,13.089201841629164
2023,5,NYJ,pass,base,13.0
2023,5,NYJ,pass,rate,12.895419847328242
2023,5,NYJ,pass,rate_pace,12.934507655288513
2023,5,NYJ,pass,full,12.82298339260487
2023,5,MIN,rec,base,13.0
2023,5,MIN,rec,rate,13.176948051948052
2023,5,MIN,rec,rate_pace,13.176948051948052
2023,5,MIN,rec,full,13.534958568623082
2023,5,MIN,rush,base,13.0
2023,5,MIN,rush,rate,13.056689342403628
2023,5,MIN,rush,rate_pace,13.056689342403628
2023,5,MIN,rush,full,12.338229750050672
2023,5,MIN,pass,base,13.0
2023,5,MIN,pass,rate,13.259541984732824
2023,5,MIN,pass,rate_pace,12.750086665138985
2023,5,MIN,pass,full,13.109427651521768
2023,5,KC,rec,base,13.0
2023,5,KC,rec,rate,13.058035714285715
2023,5,KC,rec,rate_pace,13.058035714285715
2023,5,KC,rec,full,13.416011436045581
2023,5,KC,rush,base,13.0
2023,5,KC,rush,rate,13.079365079365077
2023,5,KC,rush,rate_pace,13.079365079365077
2023,5,KC,rush,full,12.67549352034857
2023,5,KC,pass,base,13.0
2023,5,KC,pass,rate,13.122137404580151
2023,5,KC,pass,rate_pace,12.79709785643631
2023,5,KC,pass,full,13.15766629419705
2023,5,SF,rec,base,13.0
2023,5,SF,rec,rate,12.935876623376622
2023,5,SF,rec,rate_pace,12.935876623376622
2023,5,SF,rec,full,13.095786675090839
2023,5,SF,rush,base,13.0
2023,5,SF,rush,rate,12.926303854875282
2023,5,SF,rush,rate_pace,12.926303854875282
2023,5,SF,rush,full,12.920992126712777
2023,5,SF,pass,base,13.0
2023,5,SF,pass,rate,12.914503816793893
2023,5,SF,pass,rate_pace,13.698503016841492
2023,5,SF,pass,full,13.859600231003473
2023,5,DAL,rec,base,13.0
2023,5,DAL,rec,rate,12.922077922077921
2023,5,DAL,rec,rate_pace,12.922077922077921
2023,5,DAL,rec,full,13.112116392836567
2023,5,DAL,rush,base,13.0
2023,5,DAL,rush,rate,13.036848072562357
2023,5,DAL,rush,rate_pace,13.036848072562357
2023,5,DAL,rush,full,12.92475122316992
2023,5,DAL,pass,base,13.0
2023,5,DAL,pass,rate,12.891603053435112
2023,5,DAL,pass,rate_pace,12.90594087666193
2023,5,DAL,pass,full,13.095889198637945
2023,5,LV,rec,base,13.0
2023,5,LV,rec,rate,13.025568181818178
2023,5,LV,rec,rate_pace,13.025568181818178
2023,5,LV,rec,full,13.437319716772729
2023,5,LV,rush,base,13.0
2023,5,LV,rush,rate,13.066893424036282
2023,5,LV,rush,rate_pace,13.066893424036282
2023,5,LV,rush,full,12.442921399909235
2023,5,LV,pass,base,13.0
2023,5,LV,pass,rate,13.04580152671756
2023,5,LV,pass,rate_pace,13.153808506604342
2023,5,LV,pass,full,13.567597486264123
2023,5,GB,rec,base,13.0
2023,5,GB,rec,rate,13.17288961038961
2023,5,GB,rec,rate_pace,13.17288961038961
2023,5,GB,rec,full,13.352117616880063
2023,5,GB,rush,base,13.0
2023,5,GB,rush,rate,13.104308390022673
2023,5,GB,rush,rate_pace,13.104308390022673
2023,5,GB,rush,full,12.856379702843189
2023,5,GB,pass,base,13.0
2023,5,GB,pass,rate,13.337404580152674
2023,5,GB,pass,rate_pace,13.473651891110228
2023,5,GB,pass,full,13.653832005431118
2023,5,SEA,rec,base,13.0
2023,5,SEA,rec,rate,12.920454545454545
2023,5,SEA,rec,rate_pace,12.920454545454545
2023,5,SEA,rec,full,13.09947763039035
2023,5,SEA,rush,base,13.0
2023,5,SEA,rush,rate,12.744897959183675
2023,5,SEA,rush,rate_pace,12.744897959183675
2023,5,SEA,rush,full,12.449042615023085
2023,5,SEA,pass,base,13.0
2023,5,SEA,pass,rate,12.886259541984735
2023,5,SEA,pass,rate_pace,12.794852726742782
2023,5,SEA,pass,full,12.973253661414237
2023,5,CLE,rec,base,13.0
2023,5,CLE,rec,rate,13.043831168831169
2023,5,CLE,rec,rate_pace,13.043831168831169
2023,5,CLE,rec,full,12.877120811374024
2023,5,CLE,rush,base,13.0
2023,5,CLE,rush,rate,12.91326530612245
2023,5,CLE,rush,rate_pace,12.91326530612245
2023,5,CLE,rush,full,13.091234074737864
2023,5,CLE,pass,base,13.0
2023,5,CLE,pass,rate,13.073282442748091
2023,5,CLE,pass,rate_pace,13.060867622638073
2023,5,CLE,pass,full,12.893538896459578
2023,5,TB,rec,base,13.0
2023,5,TB,rec,rate,13.043831168831169
2023,5,TB,rec,rate_pace,13.043831168831169
2023,5,TB,rec,full,12.999712400792587
2023,5,TB,rush,base,13.0
2023,5,TB,rush,rate,12.929705215419501
2023,5,TB,rush,rate_pace,12.929705215419501
2023,5,TB,rush,full,13.0096913769534
2023,5,TB,pass,base,13.0
2023,5,TB,pass,rate,13.027480916030534
2023,5,TB,pass,rate_pace,12.42577488030249
2023,5,TB,pass,full,12.381266245921315
2023,5,LAC,rec,base,13.0
2023,5,LAC,rec,rate,12.957386363636362
2023,5,LAC,rec,rate_pace,12.957386363636362
2023,5,LAC,rec,full,13.264103491727388
2023,5,LAC,rush,base,13.0
2023,5,LAC,rush,rate,13.017573696145126
2023,5,LAC,rush,rate_pace,13.017573696145126
2023,5,LAC,rush,full,12.463964174409309
2023,5,LAC,pass,base,13.0
2023,5,LAC,pass,rate,12.91145038167939
2023,5,LAC,pass,rate_pace,12.35205406875773
2023,5,LAC,pass,full,12.658575494123907
2023,9,PIT,rec,base,10.0
2023,9,PIT,rec,rate,9.98051948051948
2023,9,PIT,rec,rate_pace,9.98051948051948
2023,9,PIT,rec,full,9.881960262082735
2023,9,PIT,rush,base,10.0
2023,9,PIT,rush,rate,9.864678899082568
2023,9,PIT,rush,rate_pace,9.864678899082568
2023,9,PIT,rush,full,9.966996772976195
2023,9,PIT,pass,base,10.0
2023,9,PIT,pass,rate,9.991615853658537
2023,9,PIT,pass,rate_pace,10.1388295085931
2023,9,PIT,pass,full,10.039973714862061
2023,9,TEN,rec,base,10.0
2023,9,TEN,rec,rate,10.01176948051948
2023,9,TEN,rec,rate_pace,10.01176948051948
2023,9,TEN,rec,full,9.936511793208446
2023,9,TEN,rush,base,10.0
2023,9,TEN,rush,rate,9.889908256880732
2023,9,TEN,rush,rate_pace,9.889908256880732
2023,9,TEN,rush,full,9.959211119222713
2023,9,TEN,pass,base,10.0
2023,9,TEN,pass,rate,10.042682926829269
2023,9,TEN,pass,rate_pace,10.409798492619327
2023,9,TEN,pass,full,10.333486401131776
2023,9,KC,rec,base,9.0
2023,9,KC,rec,rate,8.992694805194805
2023,9,KC,rec,rate_pace,8.992694805194805
2023,9,KC,rec,full,9.144107650470865
2023,9,KC,rush,base,9.0
2023,9,KC,rush,rate,8.993692660550458
2023,9,KC,rush,rate_pace,8.993692660550458
2023,9,KC,rush,full,8.87772090998726
2023,9,KC,pass,base,9.0
2023,9,KC,pass,rate,8.980945121951219
2023,9,KC,pass,rate_pace,8.857221381852213
2023,9,KC,pass,full,9.008879220827549
2023,9,MIA,rec,base,9.0
2023,9,MIA,rec,rate,8.859577922077923
2023,9,MIA,rec,rate_pace,8.859577922077923
2023,9,MIA,rec,full,9.027690192495477
2023,9,MIA,rush,base,9.0
2023,9,MIA,rush,rate,8.912270642201834
2023,9,MIA,rush,rate_pace,8.912270642201834
2023,9,MIA,rush,full,8.711737889089246
2023,9,MIA,pass,base,9.0
2023,9,MIA,pass,rate,8.722560975609756
2023,9,MIA,pass,rate_pace,8.787575357914584
2023,9,MIA,pass,full,8.95394256024928
2023,9,ATL,rec,base,9.0
2023,9,ATL,rec,rate,8.995941558441558
2023,9,ATL,rec,rate_pace,8.995941558441558
2023,9,ATL,rec,full,8.91449952240878
2023,9,ATL,rush,base,9.0
2023,9,ATL,rush,rate,8.967316513761467
2023,9,ATL,rush,rate_pace,8.967316513761467
2023,9,ATL,rush,full,9.069849189382197
2023,9,ATL,pass,base,9.0
2023,9,ATL,pass,rate,8.964939024390244
2023,9,ATL,pass,rate_pace,9.180561991230228
2023,9,ATL,pass,full,9.099865856908131
2023,9,MIN,rec,base,9.0
2023,9,MIN,rec,rate,9.085227272727273
2023,9,MIN,rec,rate_pace,9.085227272727273
2023,9,MIN,rec,full,9.106720132000708
2023,9,MIN,rush,base,9.0
2023,9,MIN,rush,rate,9.071674311926605
2023,9,MIN,rush,rate_pace,9.071674311926605
2023,9,MIN,rush,full,9.008579686703097
2023,9,MIN,pass,base,9.0
2023,9,MIN,pass,rate,9.110518292682928
2023,9,MIN,pass,rate_pace,8.801684526466666
2023,9,MIN,pass,full,8.823432104165516
2023,9,BAL,rec,base,9.0
2023,9,BAL,rec,rate,9.004464285714286
2023,9,BAL,rec,rate_pace,9.004464285714286
2023,9,BAL,rec,full,9.003838676565547
2023,9,BAL,rush,base,9.0
2023,9,BAL,rush,rate,8.934059633027523
2023,9,BAL,rush,rate_pace,8.934059633027523
2023,9,BAL,rush,full,8.994062439534332
2023,9,BAL,pass,base,9.0
2023,9,BAL,pass,rate,9.028963414634148
2023,9,BAL,pass,rate_pace,9.30379039654726
2023,9,BAL,pass,full,9.30250694498905
2023,9,SEA,rec,base,10.0
2023,9,SEA,rec,rate,9.95779220779221
2023,9,SEA,rec,rate_pace,9.95779220779221
2023,9,SEA,rec,full,10.03490457410743
2023,9,SEA,rush,base,10.0
2023,9,SEA,rush,rate,9.813646788990825
2023,9,SEA,rush,rate_pace,9.813646788990825
2023,9,SEA,rush,full,9.680040855934791
2023,9,SEA,pass,base,10.0
2023,9,SEA,pass,rate,9.939786585365855
2023,9,SEA,pass,rate_pace,9.895848317926882
2023,9,SEA,pass,full,9.97113760779034
2023,9,CLE,rec,base,10.0
2023,9,CLE,rec,rate,10.052353896103895
2023,9,CLE,rec,rate_pace,10.052353896103895
2023,9,CLE,rec,full,10.021267258413783
2023,9,CLE,rush,base,10.0
2023,9,CLE,rush,rate,9.93922018348624
2023,9,CLE,rush,rate_pace,9.93922018348624
2023,9,CLE,rush,full,10.033852029013726
2023,9,CLE,pass,base,10.0
2023,9,CLE,pass,rate,10.09908536585366
2023,9,CLE,pass,rate_pace,10.139717010721345
2023,9,CLE,pass,full,10.109063999942022
2023,9,ARI,rec,base,9.0
2023,9,ARI,rec,rate,9.012175324675324
2023,9,ARI,rec,rate_pace,9.012175324675324
2023,9,ARI,rec,full,9.117075824880624
2023,9,ARI,rush,base,9.0
2023,9,ARI,rush,rate,8.956422018348624
2023,9,ARI,rush,rate_pace,8.956422018348624
2023,9,ARI,rush,full,8.673663194290938
2023,9,ARI,pass,base,9.0
2023,9,ARI,pass,rate,9.016768292682928
2023,9,ARI,pass,rate_pace,8.818160268893491
2023,9,ARI,pass,full,8.922186197838029
2023,9,GB,rec,base,10.0
2023,9,GB,rec,rate,10.108766233766232
2023,9,GB,rec,rate_pace,10.108766233766232
2023,9,GB,rec,full,10.135307518239674
2023,9,GB,rush,base,10.0
2023,9,GB,rush,rate,10.048738532110091
2023,9,GB,rush,rate_pace,10.048738532110091
2023,9,GB,rush,full,9.981986670189759
2023,9,GB,pass,base,10.0
2023,9,GB,pass,rate,10.23704268292683
2023,9,GB,pass,rate_pace,10.362921616435587
2023,9,GB,pass,full,10.38841629251229
2023,9,LA,rec,base,9.0
2023,9,LA,rec,rate,8.903003246753247
2023,9,LA,rec,rate_pace,8.903003246753247
2023,9,LA,rec,full,8.927294026340341
2023,9,LA,rush,base,9.0
2023,9,LA,rush,rate,9.0
2023,9,LA,rush,rate_pace,9.0
2023,9,LA,rush,full,8.872453779212346
2023,9,LA,pass,base,9.0
2023,9,LA,pass,rate,8.807926829268293
2023,9,LA,pass,rate_pace,8.877343954658352
2023,9,LA,pass,full,8.900706009626395
2023,9,HOU,rec,base,10.0
2023,9,HOU,rec,rate,10.041801948051948
2023,9,HOU,rec,rate_pace,10.041801948051948
2023,9,HOU,rec,full,10.028439974429265
2023,9,HOU,rush,base,10.0
2023,9,HOU,rush,rate,9.833715596330276
2023,9,HOU,rush,rate_pace,9.833715596330276
2023,9,HOU,rush,full,9.888881165364072
2023,9,HOU,pass,base,10.0
2023,9,HOU,pass,rate,10.075457317073171
2023,9,HOU,pass,rate_pace,10.164178186266579
2023,9,HOU,pass,full,10.151413543280237
2023,9,TB,rec,base,10.0
2023,9,TB,rec,rate,10.012581168831169
2023,9,TB,rec,rate_pace,10.012581168831169
2023,9,TB,rec,full,9.961189071128718
2023,9,TB,rush,base,10.0
2023,9,TB,rush,rate,9.887041284403669
2023,9,TB,rush,rate_pace,9.887041284403669
2023,9,TB,rush,full,9.991988110987085
2023,9,TB,pass,base,10.0
2023,9,TB,pass,rate,9.977134146341463
2023,9,TB,pass,rate_pace,9.532202767451667
2023,9,TB,pass,full,9.480677291575443
2023,9,NE,rec,base,9.0
2023,9,NE,rec,rate,8.993100649350648
2023,9,NE,rec,rate_pace,8.993100649350648
2023,9,NE,rec,full,9.034787698832432
2023,9,NE,rush,base,9.0
2023,9,NE,rush,rate,9.057912844036698
2023,9,NE,rush,rate_pace,9.057912844036698
2023,9,NE,rush,full,8.903234332240517
2023,9,NE,pass,base,9.0
2023,9,NE,pass,rate,8.997713414634147
2023,9,NE,pass,rate_pace,9.010762496317703
2023,9,NE,pass,full,9.053294494423612
2023,9,WAS,rec,base,9.0
2023,9,WAS,rec,rate,8.920048701298702
2023,9,WAS,rec,rate_pace,8.920048701298702
2023,9,WAS,rec,full,9.026522750873848
2023,9,WAS,rush,base,9.0
2023,9,WAS,rush,rate,8.885894495412845
2023,9,WAS,rush,rate_pace,8.885894495412845
2023,9,WAS,rush,full,8.65694412451964
2023,9,WAS,pass,base,9.0
2023,9,WAS,pass,rate,8.856707317073171
2023,9,WAS,pass,rate_pace,8.83845984443713
2023,9,WAS,pass,full,8.944896954266145
2023,9,NO,rec,base,9.0
2023,9,NO,rec,rate,9.093344155844155
2023,9,NO,rec,rate_pace,9.093344155844155
2023,9,NO,rec,full,9.025415721931836
2023,9,NO,rush,base,9.0
2023,9,NO,rush,rate,9.003440366972477
2023,9,NO,rush,rate_pace,9.003440366972477
2023,9,NO,rush,full,9.166792944719461
2023,9,NO,pass,base,9.0
2023,9,NO,pass,rate,9.153963414634145
2023,9,NO,pass,rate_pace,9.22682346368946
2023,9,NO,pass,full,9.158779282379463
2023,9,CHI,rec,base,9.0
2023,9,CHI,rec,rate,8.986607142857142
2023,9,CHI,rec,rate_pace,8.986607142857142
2023,9,CHI,rec,full,9.092921520003616
2023,9,CHI,rush,base,9.0
2023,9,CHI,rush,rate,9.05848623853211
2023,9,CHI,rush,rate_pace,9.05848623853211
2023,9,CHI,rush,full,8.842550108417896
2023,9,CHI,pass,base,9.0
2023,9,CHI,pass,rate,8.970274390243901
2023,9,CHI,pass,rate_pace,9.143473939322584
2023,9,CHI,pass,full,9.24947188005594
2023,9,CAR,rec,base,10.0
2023,9,CAR,rec,rate,10.05762987012987
2023,9,CAR,rec,rate_pace,10.05762987012987
2023,9,CAR,rec,full,10.075320501566178
2023,9,CAR,rush,base,10.0
2023,9,CAR,rush,rate,9.84116972477064
2023,9,CAR,rush,rate_pace,9.84116972477064
2023,9,CAR,rush,full,9.724391784448816
2023,9,CAR,pass,base,10.0
2023,9,CAR,pass,rate,10.058689024390244
2023,9,CAR,pass,rate_pace,10.287524305836742
2023,9,CAR,pass,full,10.304378650526573
2023,9,IND,rec,base,9.0
2023,9,IND,rec,rate,9.04180194805195
2023,9,IND,rec,rate_pace,9.04180194805195
2023,9,IND,rec,full,9.201873408212137
2023,9,IND,rush,base,9.0
2023,9,IND,rush,rate,8.875
2023,9,IND,rush,rate_pace,8.875
2023,9,IND,rush,full,8.6208512800167
2023,9,IND,pass,base,9.0
2023,9,IND,pass,rate,9.08765243902439
2023,9,IND,pass,rate_pace,9.008429757435369
2023,9,IND,pass,full,9.169575795345073
2023,9,LV,rec,base,9.0
2023,9,LV,rec,rate,8.967938311688313
2023,9,LV,rec,rate_pace,8.967938311688313
2023,9,LV,rec,full,9.08137675631674
2023,9,LV,rush,base,9.0
2023,9,LV,rush,rate,9.017201834862384
2023,9,LV,rush,rate_pace,9.017201834862384
2023,9,LV,rush,full,8.751770191204704
2023,9,LV,pass,base,9.0
2023,9,LV,pass,rate,8.948170731707318
2023,9,LV,pass,rate_pace,9.072915996024417
2023,9,LV,pass,full,9.18670703693822
2023,9,NYG,rec,base,9.0
2023,9,NYG,rec,rate,8.935470779220779
2023,9,NYG,rec,rate_pace,8.935470779220779
2023,9,NYG,rec,full,8.955953539542705
2023,9,NYG,rush,base,9.0
2023,9,NYG,rush,rate,8.952981651376149
2023,9,NYG,rush,rate_pace,8.952981651376149
2023,9,NYG,rush,full,8.86045750279966
2023,9,NYG,pass,base,9.0
2023,9,NYG,pass,rate,8.84375
2023,9,NYG,pass,rate_pace,8.724310049360664
2023,9,NYG,pass,full,8.743586366277343
2023,9,PHI,rec,base,9.0
2023,9,PHI,rec,rate,8.915584415584416
2023,9,PHI,rec,rate_pace,8.915584415584416
2023,9,PHI,rec,full,9.11245609552534
2023,9,PHI,rush,base,9.0
2023,9,PHI,rush,rate,9.038417431192661
2023,9,PHI,rush,rate_pace,9.038417431192661
2023,9,PHI,rush,full,8.847855046895425
2023,9,PHI,pass,base,9.0
2023,9,PHI,pass,rate,8.857469512195124
2023,9,PHI,pass,rate_pace,8.813159275747026
2023,9,PHI,pass,full,9.007614140712146
2023,9,DAL,rec,base,10.0
2023,9,DAL,rec,rate,9.927353896103897
2023,9,DAL,rec,rate_pace,9.927353896103897
2023,9,DAL,rec,full,10.101649545920557
2023,9,DAL,rush,base,10.0
2023,9,DAL,rush,rate,10.038990825688074
2023,9,DAL,rush,rate_pace,10.038990825688074
2023,9,DAL,rush,full,9.909431664861604
2023,9,DAL,pass,base,10.0
2023,9,DAL,pass,rate,9.896341463414634
2023,9,DAL,pass,rate_pace,9.925594809300303
2023,9,DAL,pass,full,10.098647356331973
2023,9,CIN,rec,base,10.0
2023,9,CIN,rec,rate,9.917207792207792
2023,9,CIN,rec,rate_pace,9.917207792207792
2023,9,CIN,rec,full,9.951475986785933
2023,9,CIN,rush,base,10.0
2023,9,CIN,rush,rate,9.929472477064222
2023,9,CIN,rush,rate_pace,9.929472477064222
2023,9,CIN,rush,full,9.911468294457437
2023,9,CIN,pass,base,10.0
2023,9,CIN,pass,rate,9.891006097560975
2023,9,CIN,pass,rate_pace,9.653393678691101
2023,9,CIN,pass,full,9.685518952729426
2023,9,BUF,rec,base,9.0
2023,9,BUF,rec,rate,8.936282467532468
2023,9,BUF,rec,rate_pace,8.936282467532468
2023,9,BUF,rec,full,9.114925599322412
2023,9,BUF,rush,base,9.0
2023,9,BUF,rush,rate,8.927178899082568
2023,9,BUF,rush,rate_pace,8.927178899082568
2023,9,BUF,rush,full,8.732281305179203
2023,9,BUF,pass,base,9.0
2023,9,BUF,pass,rate,8.901676829268293
2023,9,BUF,pass,rate_pace,8.872002231314253
2023,9,BUF,pass,full,9.051458797347443
2023,9,NYJ,rec,base,10.0
2023,9,NYJ,rec,rate,9.936688311688313
2023,9,NYJ,rec,rate_pace,9.936688311688313
2023,9,NYJ,rec,full,9.776282633029663
2023,9,NYJ,rush,base,10.0
2023,9,NYJ,rush,rate,9.909977064220183
2023,9,NYJ,rush,rate_pace,9.909977064220183
2023,9,NYJ,rush,full,10.119012673117114
2023,9,NYJ,pass,base,10.0
2023,9,NYJ,pass,rate,9.894817073170733
2023,9,NYJ,pass,rate_pace,9.797876522670464
2023,9,NYJ,pass,full,9.638520367167548
2023,9,LAC,rec,base,10.0
2023,9,LAC,rec,rate,9.941964285714286
2023,9,LAC,rec,rate_pace,9.941964285714286
2023,9,LAC,rec,full,10.097935668335127
2023,9,LAC,rush,base,10.0
2023,9,LAC,rush,rate,10.002866972477065
2023,9,LAC,rush,rate_pace,10.002866972477065
2023,9,LAC,rush,full,9.774982262538526
2023,9,LAC,pass,base,10.0
2023,9,LAC,pass,rate,9.878048780487806
2023,9,LAC,pass,rate_pace,9.597931966782614
2023,9,LAC,pass,full,9.753465885842974
2023,9,JAX,rec,base,9.0
2023,9,JAX,rec,rate,8.99310064935065
2023,9,JAX,rec,rate_pace,8.99310064935065
2023,9,JAX,rec,full,8.991590752363175
2023,9,JAX,rush,base,9.0
2023,9,JAX,rush,rate,8.799311926605505
2023,9,JAX,rush,rate_pace,8.799311926605505
2023,9,JAX,rush,full,8.83309917746748
2023,9,JAX,pass,base,9.0
2023,9,JAX,pass,rate,9.019054878048781
2023,9,JAX,pass,rate_pace,8.93907571289086
2023,9,JAX,pass,full,8.936354611076794
2023,9,SF,rec,base,9.0
2023,9,SF,rec,rate,8.944805194805195
2023,9,SF,rec,rate_pace,8.944805194805195
2023,9,SF,rec,full,9.02387553470662
2023,9,SF,rush,base,9.0
2023,9,SF,rush,rate,8.928325688073395
2023,9,SF,rush,rate_pace,8.928325688073395
2023,9,SF,rush,full,8.947231712118137
2023,9,SF,pass,base,9.0
2023,9,SF,pass,rate,8.908536585365855
2023,9,SF,pass,rate_pace,9.508206436837504
2023,9,SF,pass,full,9.585500812030908
2023,9,DET,rec,base,9.0
2023,9,DET,rec,rate,9.1700487012987
2023,9,DET,rec,rate_pace,9.1700487012987
2023,9,DET,rec,full,9.303259139977543
2023,9,DET,rush,base,9.0
2023,9,DET,rush,rate,8.990252293577981
2023,9,DET,rush,rate_pace,8.990252293577981
2023,9,DET,rush,full,8.883265684431432
2023,9,DET,pass,base,9.0
2023,9,DET,pass,rate,9.283536585365855
2023,9,DET,pass,rate_pace,9.248016521507227
2023,9,DET,pass,full,9.382138975191182
2023,9,DEN,rec,base,9.0
2023,9,DEN,rec,rate,9.018262987012985
2023,9,DEN,rec,rate_pace,9.018262987012985
2023,9,DEN,rec,full,9.23656631173399
2023,9,DEN,rush,base,9.0
2023,9,DEN,rush,rate,9.018922018348624
2023,9,DEN,rush,rate_pace,9.018922018348624
2023,9,DEN,rush,full,8.617895903665982
2023,9,DEN,pass,base,9.0
2023,9,DEN,pass,rate,9.06859756097561
2023,9,DEN,pass,rate_pace,9.108117879729136
2023,9,DEN,pass,full,9.328542904987946
2023,13,DAL,rec,base,6.0
2023,13,DAL,rec,rate,5.979641693811075
2023,13,DAL,rec,rate_pace,5.979641693811075
2023,13,DAL,rec,full,6.149994458609993
2023,13,DAL,rush,base,6.0
2023,13,DAL,rush,rate,5.985665137614678
2023,13,DAL,rush,rate_pace,5.985665137614678
2023,13,DAL,rush,full,5.816604536324514
2023,13,DAL,pass,base,6.0
2023,13,DAL,pass,rate,5.970948012232416
2023,13,DAL,pass,rate_pace,5.952446088404769
2023,13,DAL,pass,full,6.122442506422351
2023,13,SEA,rec,base,6.0
2023,13,SEA,rec,rate,5.982491856677524
2023,13,SEA,rec,rate_pace,5.982491856677524
2023,13,SEA,rec,full,6.070741532600929
2023,13,SEA,rush,base,6.0
2023,13,SEA,rush,rate,5.899655963302752
2023,13,SEA,rush,rate_pace,5.899655963302752
2023,13,SEA,rush,full,5.712291384618642
2023,13,SEA,pass,base,6.0
2023,13,SEA,pass,rate,6.002293577981652
2023,13,SEA,pass,rate_pace,5.978690129827422
2023,13,SEA,pass,full,6.065634957668946
2023,13,HOU,rec,base,6.0
2023,13,HOU,rec,rate,6.001628664495114
2023,13,HOU,rec,rate_pace,6.001628664495114
2023,13,HOU,rec,full,6.017175557294692
2023,13,HOU,rush,base,6.0
2023,13,HOU,rush,rate,5.908256880733944
2023,13,HOU,rush,rate_pace,5.908256880733944
2023,13,HOU,rush,full,5.929834980619989
2023,13,HOU,pass,base,6.0
2023,13,HOU,pass,rate,6.017584097859327
2023,13,HOU,pass,rate_pace,5.949065382145995
2023,13,HOU,pass,full,5.964783707547872
2023,13,DEN,rec,base,6.0
2023,13,DEN,rec,rate,6.046009771986971
2023,13,DEN,rec,rate_pace,6.046009771986971
2023,13,DEN,rec,full,6.157600271745716
2023,13,DEN,rush,base,6.0
2023,13,DEN,rush,rate,5.992545871559633
2023,13,DEN,rush,rate_pace,5.992545871559633
2023,13,DEN,rush,full,5.838335904043123
2023,13,DEN,pass,base,6.0
2023,13,DEN,pass,rate,6.108562691131498
2023,13,DEN,pass,rate_pace,6.245362524104557
2023,13,DEN,pass,full,6.359520752435767
2023,13,NE,rec,base,6.0
2023,13,NE,rec,rate,5.939739413680782
2023,13,NE,rec,rate_pace,5.939739413680782
2023,13,NE,rec,full,5.912667225117989
2023,13,NE,rush,base,6.0
2023,13,NE,rush,rate,6.068807339449541
2023,13,NE,rush,rate_pace,6.068807339449541
2023,13,NE,rush,full,6.016983725181494
2023,13,NE,pass,base,6.0
2023,13,NE,pass,rate,5.910550458715596
2023,13,NE,pass,rate_pace,5.922866558128402
2023,13,NE,pass,full,5.896618184624051
2023,13,LAC,rec,base,6.0
2023,13,LAC,rec,rate,5.97557003257329
2023,13,LAC,rec,rate_pace,5.97557003257329
2023,13,LAC,rec,full,6.110309415695156
2023,13,LAC,rush,base,6.0
2023,13,LAC,rush,rate,6.051032110091743
2023,13,LAC,rush,rate_pace,6.051032110091743
2023,13,LAC,rush,full,5.814723516625673
2023,13,LAC,pass,base,6.0
2023,13,LAC,pass,rate,5.942660550458716
2023,13,LAC,pass,rate_pace,5.820501376291229
2023,13,LAC,pass,full,5.954013252291929
2023,13,NO,rec,base,6.0
2023,13,NO,rec,rate,6.05415309446254
2023,13,NO,rec,rate_pace,6.05415309446254
2023,13,NO,rec,full,6.0287657983471235
2023,13,NO,rush,base,6.0
2023,13,NO,rush,rate,5.99197247706422
2023,13,NO,rush,rate_pace,5.99197247706422
2023,13,NO,rush,full,6.074405866432205
2023,13,NO,pass,base,6.0
2023,13,NO,pass,rate,6.083333333333334
2023,13,NO,pass,rate_pace,6.088503605363662
2023,13,NO,pass,full,6.063663383634676
2023,13,DET,rec,base,6.0
2023,13,DET,rec,rate,5.9877850162866455
2023,13,DET,rec,rate_pace,5.9877850162866455
2023,13,DET,rec,full,6.131062937233834
2023,13,DET,rush,base,6.0
2023,13,DET,rush,rate,5.980504587155963
2023,13,DET,rush,rate_pace,5.980504587155963
2023,13,DET,rush,full,5.796193837278051
2023,13,DET,pass,base,6.0
2023,13,DET,pass,rate,5.946483180428134
2023,13,DET,pass,rate_pace,5.918787326028465
2023,13,DET,pass,full,6.060721550920242
2023,13,NYJ,rec,base,6.0
2023,13,NYJ,rec,rate,5.977605863192182
2023,13,NYJ,rec,rate_pace,5.977605863192182
2023,13,NYJ,rec,full,5.891219438312154
2023,13,NYJ,rush,base,6.0
2023,13,NYJ,rush,rate,5.901376146788991
2023,13,NYJ,rush,rate_pace,5.901376146788991
2023,13,NYJ,rush,full,5.9996812363923855
2023,13,NYJ,pass,base,6.0
2023,13,NYJ,pass,rate,5.945718654434251
2023,13,NYJ,pass,rate_pace,5.757707038295032
2023,13,NYJ,pass,full,5.672014745390183
2023,13,ATL,rec,base,6.0
2023,13,ATL,rec,rate,5.999592833876221
2023,13,ATL,rec,rate_pace,5.999592833876221
2023,13,ATL,rec,full,5.932175296515521
2023,13,ATL,rush,base,6.0
2023,13,ATL,rush,rate,5.9610091743119265
2023,13,ATL,rush,rate_pace,5.9610091743119265
2023,13,ATL,rush,full,6.039074032106229
2023,13,ATL,pass,base,6.0
2023,13,ATL,pass,rate,5.964067278287462
2023,13,ATL,pass,rate_pace,6.101793007332696
2023,13,ATL,pass,full,6.035221583752792
2023,13,PIT,rec,base,6.0
2023,13,PIT,rec,rate,5.960097719869706
2023,13,PIT,rec,rate_pace,5.960097719869706
2023,13,PIT,rec,full,5.849035552559036
2023,13,PIT,rush,base,6.0
2023,13,PIT,rush,rate,5.963302752293578
2023,13,PIT,rush,rate_pace,5.963302752293578
2023,13,PIT,rush,full,6.100816549194621
2023,13,PIT,pass,base,6.0
2023,13,PIT,pass,rate,5.956422018348624
2023,13,PIT,pass,rate_pace,6.196128411063834
2023,13,PIT,pass,full,6.084473236585915
2023,13,ARI,rec,base,5.0
2023,13,ARI,rec,rate,4.982899022801304
2023,13,ARI,rec,rate_pace,4.982899022801304
2023,13,ARI,rec,full,5.106730200267901
2023,13,ARI,rush,base,5.0
2023,13,ARI,rush,rate,4.962155963302752
2023,13,ARI,rush,rate_pace,4.962155963302752
2023,13,ARI,rush,full,4.687681009344825
2023,13,ARI,pass,base,5.0
2023,13,ARI,pass,rate,4.9717125382263
2023,13,ARI,pass,rate_pace,4.964099703325005
2023,13,ARI,pass,full,5.087067478475316
2023,13,TEN,rec,base,6.0
2023,13,TEN,rec,rate,6.011400651465798
2023,13,TEN,rec,rate_pace,6.011400651465798
2023,13,TEN,rec,full,6.034898478149827
2023,13,TEN,rush,base,6.0
2023,13,TEN,rush,rate,5.9329128440366965
2023,13,TEN,rush,rate_pace,5.9329128440366965
2023,13,TEN,rush,full,5.83605090289698
2023,13,TEN,pass,base,6.0
2023,13,TEN,pass,rate,6.0221712538226315
2023,13,TEN,pass,rate_pace,6.252701057582616
2023,13,TEN,pass,full,6.276319015021663
2023,13,IND,rec,base,6.0
2023,13,IND,rec,rate,6.07043973941368
2023,13,IND,rec,rate_pace,6.07043973941368
2023,13,IND,rec,full,6.10050391406171
2023,13,IND,rush,base,6.0
2023,13,IND,rush,rate,5.962155963302752
2023,13,IND,rush,rate_pace,5.962155963302752
2023,13,IND,rush,full,5.931114272872221
2023,13,IND,pass,base,6.0
2023,13,IND,pass,rate,6.1192660550458715
2023,13,IND,pass,rate_pace,6.0746563211713624
2023,13,IND,pass,full,6.104606041816145
2023,13,WAS,rec,base,5.0
2023,13,WAS,rec,rate,4.937296416938111
2023,13,WAS,rec,rate_pace,4.937296416938111
2023,13,WAS,rec,full,5.053906150133927
2023,13,WAS,rush,base,5.0
2023,13,WAS,rush,rate,4.918577981651376
2023,13,WAS,rush,rate_pace,4.918577981651376
2023,13,WAS,rush,full,4.632331249361972
2023,13,WAS,pass,base,5.0
2023,13,WAS,pass,rate,4.8807339449541285
2023,13,WAS,pass,rate_pace,4.731777780529147
2023,13,WAS,pass,full,4.848034797376538
2023,13,MIA,rec,base,6.0
2023,13,MIA,rec,rate,5.919788273615635
2023,13,MIA,rec,rate_pace,5.919788273615635
2023,13,MIA,rec,full,6.0194833373318275
2023,13,MIA,rush,base,6.0
2023,13,MIA,rush,rate,5.934059633027523
2023,13,MIA,rush,rate_pace,5.934059633027523
2023,13,MIA,rush,full,5.8372785749703535
2023,13,MIA,pass,base,6.0
2023,13,MIA,pass,rate,5.856269113149848
2023,13,MIA,pass,rate_pace,5.9107297943133545
2023,13,MIA,pass,full,6.009114273010036
2023,13,TB,rec,base,6.0
2023,13,TB,rec,rate,5.9881921824104225
2023,13,TB,rec,rate_pace,5.9881921824104225
2023,13,TB,rec,full,5.961764682179396
2023,13,TB,rush,base,6.0
2023,13,TB,rush,rate,5.9610091743119265
2023,13,TB,rush,rate_pace,5.9610091743119265
2023,13,TB,rush,full,6.008462134104434
2023,13,TB,pass,base,6.0
2023,13,TB,pass,rate,5.915137614678899
2023,13,TB,pass,rate_pace,5.663359179284737
2023,13,TB,pass,full,5.636938426399765
2023,13,CAR,rec,base,6.0
2023,13,CAR,rec,rate,6.034609120521173
2023,13,CAR,rec,rate_pace,6.034609120521173
2023,13,CAR,rec,full,6.007906186001724
2023,13,CAR,rush,base,6.0
2023,13,CAR,rush,rate,5.962155963302752
2023,13,CAR,rush,rate_pace,5.962155963302752
2023,13,CAR,rush,full,5.913044419881376
2023,13,CAR,pass,base,6.0
2023,13,CAR,pass,rate,6.011467889908257
2023,13,CAR,pass,rate_pace,6.045204523882392
2023,13,CAR,pass,full,6.018171635593239
2023,13,LA,rec,base,6.0
2023,13,LA,rec,rate,5.881514657980456
2023,13,LA,rec,rate_pace,5.881514657980456
2023,13,LA,rec,full,5.924073135826177
2023,13,LA,rush,base,6.0
2023,13,LA,rush,rate,5.980504587155964
2023,13,LA,rush,rate_pace,5.980504587155964
2023,13,LA,rush,full,5.933032563859135
2023,13,LA,pass,base,6.0
2023,13,LA,pass,rate,5.756880733944955
2023,13,LA,pass,rate_pace,5.838659135903411
2023,13,LA,pass,full,5.8798980795018405
2023,13,CLE,rec,base,6.0
2023,13,CLE,rec,rate,6.043566775244299
2023,13,CLE,rec,rate_pace,6.043566775244299
2023,13,CLE,rec,full,5.990867209034004
2023,13,CLE,rush,base,6.0
2023,13,CLE,rush,rate,5.974197247706422
2023,13,CLE,rush,rate_pace,5.974197247706422
2023,13,CLE,rush,full,6.057137220261362
2023,13,CLE,pass,base,6.0
2023,13,CLE,pass,rate,6.0535168195718665
2023,13,CLE,pass,rate_pace,6.0650310968353445
2023,13,CLE,pass,full,6.0131283635985815
2023,13,PHI,rec,base,6.0
2023,13,PHI,rec,rate,5.97801302931596
2023,13,PHI,rec,rate_pace,5.97801302931596
2023,13,PHI,rec,full,6.075638221782591
2023,13,PHI,rush,base,6.0
2023,13,PHI,rush,rate,6.015481651376147
2023,13,PHI,rush,rate_pace,6.015481651376147
2023,13,PHI,rush,full,5.961961326830577
2023,13,PHI,pass,base,6.0
2023,13,PHI,pass,rate,5.962538226299694
2023,13,PHI,pass,rate_pace,5.964174870001391
2023,13,PHI,pass,full,6.06106547139265
2023,13,SF,rec,base,6.0
2023,13,SF,rec,rate,5.952768729641694
2023,13,SF,rec,rate_pace,5.952768729641694
2023,13,SF,rec,full,6.031795466097755
2023,13,SF,rush,base,6.0
2023,13,SF,rush,rate,6.004013761467889
2023,13,SF,rush,rate_pace,6.004013761467889
2023,13,SF,rush,full,6.014197841223022
2023,13,SF,pass,base,6.0
2023,13,SF,pass,rate,5.92125382262997
2023,13,SF,pass,rate_pace,6.3317535219446714
2023,13,SF,pass,full,6.410049763062467
2023,13,GB,rec,base,6.0
2023,13,GB,rec,rate,6.00814332247557
2023,13,GB,rec,rate_pace,6.00814332247557
2023,13,GB,rec,full,5.966656775137627
2023,13,GB,rush,base,6.0
2023,13,GB,rush,rate,5.984518348623853
2023,13,GB,rush,rate_pace,5.984518348623853
2023,13,GB,rush,full,6.0858163183797105
2023,13,GB,pass,base,6.0
2023,13,GB,pass,rate,6.0099388379204886
2023,13,GB,pass,rate_pace,6.099628798937336
2023,13,GB,pass,full,6.057190208220571
2023,13,KC,rec,base,6.0
2023,13,KC,rec,rate,6.023208469055374
2023,13,KC,rec,rate_pace,6.023208469055374
2023,13,KC,rec,full,6.072523278834441
2023,13,KC,rush,base,6.0
2023,13,KC,rush,rate,6.034403669724771
2023,13,KC,rush,rate_pace,6.034403669724771
2023,13,KC,rush,full,6.046363322213325
2023,13,KC,pass,base,6.0
2023,13,KC,pass,rate,6.041284403669724
2023,13,KC,pass,rate_pace,5.963600904268638
2023,13,KC,pass,full,6.013266330415437
2023,13,JAX,rec,base,6.0
2023,13,JAX,rec,rate,5.964169381107492
2023,13,JAX,rec,rate_pace,5.964169381107492
2023,13,JAX,rec,full,5.933791252184765
2023,13,JAX,rush,base,6.0
2023,13,JAX,rush,rate,5.9088302752293576
2023,13,JAX,rush,rate_pace,5.9088302752293576
2023,13,JAX,rush,full,5.992164054684947
2023,13,JAX,pass,base,6.0
2023,13,JAX,pass,rate,5.970183486238533
2023,13,JAX,pass,rate_pace,5.895735219464489
2023,13,JAX,pass,full,5.864281497510836
2023,13,CIN,rec,base,6.0
2023,13,CIN,rec,rate,5.912866449511401
2023,13,CIN,rec,rate_pace,5.912866449511401
2023,13,CIN,rec,full,5.886508031988581
2023,13,CIN,rush,base,6.0
2023,13,CIN,rush,rate,5.967889908256881
2023,13,CIN,rush,rate_pace,5.967889908256881
2023,13,CIN,rush,full,5.983275390824689
2023,13,CIN,pass,base,6.0
2023,13,CIN,pass,rate,5.861620795107034
2023,13,CIN,pass,rate_pace,5.6986180797610535
2023,13,CIN,pass,full,5.671915299700801
2023,13,BAL,rec,base,5.0
2023,13,BAL,rec,rate,4.976384364820847
2023,13,BAL,rec,rate_pace,4.976384364820847
2023,13,BAL,rec,full,4.993067498910069
2023,13,BAL,rush,base,5.0
2023,13,BAL,rush,rate,4.908256880733945
2023,13,BAL,rush,rate_pace,4.908256880733945
2023,13,BAL,rush,full,4.914985264900609
2023,13,BAL,pass,base,5.0
2023,13,BAL,pass,rate,4.96559633027523
2023,13,BAL,pass,rate_pace,5.151646415530485
2023,13,BAL,pass,full,5.167515576610093
2023,13,CHI,rec,base,5.0
2023,13,CHI,rec,rate,4.99185667752443
2023,13,CHI,rec,rate_pace,4.99185667752443
2023,13,CHI,rec,full,5.034324505016866
2023,13,CHI,rush,base,5.0
2023,13,CHI,rush,rate,5.0172018348623855
2023,13,CHI,rush,rate_pace,5.0172018348623855
2023,13,CHI,rush,full,4.936355602865877
2023,13,CHI,pass,base,5.0
2023,13,CHI,pass,rate,4.978593272171254
2023,13,CHI,pass,rate_pace,4.968202959334045
2023,13,CHI,pass,full,5.011301286981517
2023,13,LV,rec,base,5.0
2023,13,LV,rec,rate,4.987377850162867
2023,13,LV,rec,rate_pace,4.987377850162867
2023,13,LV,rec,full,5.02399853230863
2023,13,LV,rush,base,5.0
2023,13,LV,rush,rate,5.041857798165138
2023,13,LV,rush,rate_pace,5.041857798165138
2023,13,LV,rush,full,4.947483209333069
2023,13,LV,pass,base,5.0
2023,13,LV,pass,rate,4.995412844036697
2023,13,LV,pass,rate_pace,5.115621153174937
2023,13,LV,pass,full,5.152252148657876
2023,13,MIN,rec,base,5.0
2023,13,MIN,rec,rate,5.067996742671009
2023,13,MIN,rec,rate_pace,5.067996742671009
2023,13,MIN,rec,full,5.086472979346043
2023,13,MIN,rush,base,5.0
2023,13,MIN,rush,rate,5.053899082568807
2023,13,MIN,rush,rate_pace,5.053899082568807
2023,13,MIN,rush,full,5.001765962722842
2023,13,MIN,pass,base,5.0
2023,13,MIN,pass,rate,5.113914373088685
2023,13,MIN,pass,rate_pace,4.956555750599543
2023,13,MIN,pass,full,4.975545517031607
2023,13,BUF,rec,base,5.0
2023,13,BUF,rec,rate,4.93485342019544
2023,13,BUF,rec,rate_pace,4.93485342019544
2023,13,BUF,rec,full,5.067178079362553
2023,13,BUF,rush,base,5.0
2023,13,BUF,rush,rate,4.9317660550458715
2023,13,BUF,rush,rate_pace,4.9317660550458715
2023,13,BUF,rush,full,4.754339979181259
2023,13,BUF,pass,base,5.0
2023,13,BUF,pass,rate,4.909785932721713
2023,13,BUF,pass,rate_pace,4.887122124382069
2023,13,BUF,pass,full,5.018820154734941
2023,13,NYG,rec,base,5.0
2023,13,NYG,rec,rate,4.965390879478827
2023,13,NYG,rec,rate_pace,4.965390879478827
2023,13,NYG,rec,full,4.9894892595946905
2023,13,NYG,rush,base,5.0
2023,13,NYG,rush,rate,5.025802752293578
2023,13,NYG,rush,rate_pace,5.025802752293578
2023,13,NYG,rush,full,4.889491359716771
2023,13,NYG,pass,base,5.0
2023,13,NYG,pass,rate,4.894495412844037
2023,13,NYG,pass,rate_pace,4.87332644420017
2023,13,NYG,pass,full,4.896938320882057
2024,1,KC,rec,base,17.0
2024,1,KC,rec,rate,16.98943089430894
2024,1,KC,rec,rate_pace,16.98943089430894
2024,1,KC,rec,full,17.068112590813964
2024,1,KC,rush,base,17.0
2024,1,KC,rush,rate,17.096199524940616
2024,1,KC,rush,rate_pace,17.096199524940616
2024,1,KC,rush,full,17.14573861062955
2024,1,KC,pass,base,17.0
2024,1,KC,pass,rate,17.010670731707318
2024,1,KC,pass,rate_pace,16.595645329378158
2024,1,KC,pass,full,16.672889272319818
2024,1,BAL,rec,base,17.0
2024,1,BAL,rec,rate,17.07479674796748
2024,1,BAL,rec,rate_pace,17.07479674796748
2024,1,BAL,rec,full,17.20379072190653
2024,1,BAL,rush,base,17.0
2024,1,BAL,rush,rate,17.144299287410924
2024,1,BAL,rush,rate_pace,17.144299287410924
2024,1,BAL,rush,full,17.128476935407175
2024,1,BAL,pass,base,17.0
2024,1,BAL,pass,rate,17.188262195121954
2024,1,BAL,pass,rate_pace,17.437076868282155
2024,1,BAL,pass,full,17.5661471377766
2024,1,PHI,rec,base,17.0
2024,1,PHI,rec,rate,17.09024390243902
2024,1,PHI,rec,rate_pace,17.09024390243902
2024,1,PHI,rec,full,17.491960337995977
2024,1,PHI,rush,base,17.0
2024,1,PHI,rush,rate,17.11995249406176
2024,1,PHI,rush,rate_pace,17.11995249406176
2024,1,PHI,rush,full,16.581969587200707
2024,1,PHI,pass,base,17.0
2024,1,PHI,pass,rate,17.12271341463415
2024,1,PHI,pass,rate_pace,16.999603941129024
2024,1,PHI,pass,full,17.402387223322346
2024,1,GB,rec,base,17.0
2024,1,GB,rec,rate,17.177642276422763
2024,1,GB,rec,rate_pace,17.177642276422763
2024,1,GB,rec,full,17.430181956608177
2024,1,GB,rush,base,17.0
2024,1,GB,rush,rate,16.830760095011875
2024,1,GB,rush,rate_pace,16.830760095011875
2024,1,GB,rush,full,16.58976302480704
2024,1,GB,pass,base,17.0
2024,1,GB,pass,rate,17.332317073170728
2024,1,GB,pass,rate_pace,17.52465091612092
2024,1,GB,pass,full,17.780896780743962
2024,1,ATL,rec,base,17.0
2024,1,ATL,rec,rate,17.068699186991868
2024,1,ATL,rec,rate_pace,17.068699186991868
2024,1,ATL,rec,full,17.29064427992366
2024,1,ATL,rush,base,17.0
2024,1,ATL,rush,rate,17.077197149643705
2024,1,ATL,rush,rate_pace,17.077197149643705
2024,1,ATL,rush,full,16.839815240250125
2024,1,ATL,pass,base,17.0
2024,1,ATL,pass,rate,17.09146341463415
2024,1,ATL,pass,rate_pace,17.384263254569053
2024,1,ATL,pass,full,17.6070293661108
2024,1,PIT,rec,base,17.0
2024,1,PIT,rec,rate,16.91951219512195
2024,1,PIT,rec,rate_pace,16.91951219512195
2024,1,PIT,rec,full,16.88965470908535
2024,1,PIT,rush,base,17.0
2024,1,PIT,rush,rate,17.160926365795728
2024,1,PIT,rush,rate_pace,17.160926365795728
2024,1,PIT,rush,full,17.133879487196726
2024,1,PIT,pass,base,17.0
2024,1,PIT,pass,rate,16.87804878048781
2024,1,PIT,pass,rate_pace,17.589302366531864
2024,1,PIT,pass,full,17.559057684252338
2024,1,BUF,rec,base,17.0
2024,1,BUF,rec,rate,16.921138211382114
2024,1,BUF,rec,rate_pace,16.921138211382114
2024,1,BUF,rec,full,17.293196031328748
2024,1,BUF,rush,base,17.0
2024,1,BUF,rush,rate,16.79809976247031
2024,1,BUF,rush,rate_pace,16.79809976247031
2024,1,BUF,rush,full,16.44586231225289
2024,1,BUF,pass,base,17.0
2024,1,BUF,pass,rate,16.871951219512194
2024,1,BUF,pass,rate_pace,16.931472645125968
2024,1,BUF,pass,full,17.30504937701986
2024,1,ARI,rec,base,17.0
2024,1,ARI,rec,rate,17.057317073170733
2024,1,ARI,rec,rate_pace,17.057317073170733
2024,1,ARI,rec,full,17.45579211284046
2024,1,ARI,rush,base,17.0
2024,1,ARI,rush,rate,16.93349168646081
2024,1,ARI,rush,rate_pace,16.93349168646081
2024,1,ARI,rush,full,16.307614603870057
2024,1,ARI,pass,base,17.0
2024,1,ARI,pass,rate,17.06783536585366
2024,1,ARI,pass,rate_pace,17.22965209976943
2024,1,ARI,pass,full,17.630234398573556
2024,1,CHI,rec,base,17.0
2024,1,CHI,rec,rate,17.18089430894309
2024,1,CHI,rec,rate_pace,17.18089430894309
2024,1,CHI,rec,full,17.0990161390069
2024,1,CHI,rush,base,17.0
2024,1,CHI,rush,rate,16.880641330166274
2024,1,CHI,rush,rate_pace,16.880641330166274
2024,1,CHI,rush,full,16.94162688509661
2024,1,CHI,pass,base,17.0
2024,1,CHI,pass,rate,17.34832317073171
2024,1,CHI,pass,rate_pace,17.534510489409854
2024,1,CHI,pass,full,17.453923944909985
2024,1,TEN,rec,base,17.0
2024,1,TEN,rec,rate,17.12642276422764
2024,1,TEN,rec,rate_pace,17.12642276422764
2024,1,TEN,rec,full,17.195698487380103
2024,1,TEN,rush,base,17.0
2024,1,TEN,rush,rate,16.815914489311165
2024,1,TEN,rush,rate_pace,16.815914489311165
2024,1,TEN,rush,full,16.599027359007916
2024,1,TEN,pass,base,17.0
2024,1,TEN,pass,rate,17.26524390243903
2024,1,TEN,pass,rate_pace,17.888554247069038
2024,1,TEN,pass,full,17.960270741427443
2024,1,CIN,rec,base,17.0
2024,1,CIN,rec,rate,16.878861788617883
2024,1,CIN,rec,rate_pace,16.878861788617883
2024,1,CIN,rec,full,17.010405276722043
2024,1,CIN,rush,base,17.0
2024,1,CIN,rush,rate,17.055225653206648
2024,1,CIN,rush,rate_pace,17.055225653206648
2024,1,CIN,rush,full,16.862835303645124
2024,1,CIN,pass,base,17.0
2024,1,CIN,pass,rate,16.804115853658537
2024,1,CIN,pass,rate_pace,16.491370397682438
2024,1,CIN,pass,full,16.621680827882017
2024,1,NE,rec,base,17.0
2024,1,NE,rec,rate,17.013008130081303
2024,1,NE,rec,rate_pace,17.013008130081303
2024,1,NE,rec,full,17.02254514922486
2024,1,NE,rush,base,17.0
2024,1,NE,rush,rate,16.944180522565322
2024,1,NE,rush,rate_pace,16.944180522565322
2024,1,NE,rush,full,16.81881658375237
2024,1,NE,pass,base,17.0
2024,1,NE,pass,rate,17.04420731707317
2024,1,NE,pass,rate_pace,17.219327790189993
2024,1,NE,pass,full,17.229681835308508
2024,1,IND,rec,base,17.0
2024,1,IND,rec,rate,17.059756097560975
2024,1,IND,rec,rate_pace,17.059756097560975
2024,1,IND,rec,full,17.231894612511475
2024,1,IND,rush,base,17.0
2024,1,IND,rush,rate,16.82719714964371
2024,1,IND,rush,rate_pace,16.82719714964371
2024,1,IND,rush,full,16.551911911415583
2024,1,IND,pass,base,17.0
2024,1,IND,pass,rate,17.168445121951223
2024,1,IND,pass,rate_pace,17.240947111349875
2024,1,IND,pass,full,17.415013125443892
2024,1,HOU,rec,base,17.0
2024,1,HOU,rec,rate,16.940650406504066
2024,1,HOU,rec,rate_pace,16.940650406504066
2024,1,HOU,rec,full,17.271340970415665
2024,1,HOU,rush,base,17.0
2024,1,HOU,rush,rate,16.82660332541568
2024,1,HOU,rush,rate_pace,16.82660332541568
2024,1,HOU,rush,full,16.34471112515911
2024,1,HOU,pass,base,17.0
2024,1,HOU,pass,rate,16.922256097560975
2024,1,HOU,pass,rate_pace,17.217457116217908
2024,1,HOU,pass,full,17.548090288472622
2024,1,MIA,rec,base,17.0
2024,1,MIA,rec,rate,16.892276422764226
2024,1,MIA,rec,rate_pace,16.892276422764226
2024,1,MIA,rec,full,17.285440384211746
2024,1,MIA,rush,base,17.0
2024,1,MIA,rush,rate,16.91983372921615
2024,1,MIA,rush,rate_pace,16.91983372921615
2024,1,MIA,rush,full,16.416112643014095
2024,1,MIA,pass,base,17.0
2024,1,MIA,pass,rate,16.819359756097565
2024,1,MIA,pass,rate_pace,17.058071721536223
2024,1,MIA,pass,full,17.4514122173299
2024,1,JAX,rec,base,17.0
2024,1,JAX,rec,rate,17.004065040650406
2024,1,JAX,rec,rate_pace,17.004065040650406
2024,1,JAX,rec,full,17.145479872756397
2024,1,JAX,rush,base,17.0
2024,1,JAX,rush,rate,16.742874109263656
2024,1,JAX,rush,rate_pace,16.742874109263656
2024,1,JAX,rush,full,16.51616685474691
2024,1,JAX,pass,base,17.0
2024,1,JAX,pass,rate,17.070884146341463
2024,1,JAX,pass,rate_pace,16.7340690648402
2024,1,JAX,pass,full,16.877335769358297
2024,1,NO,rec,base,17.0
2024,1,NO,rec,rate,17.02682926829268
2024,1,NO,rec,rate_pace,17.02682926829268
2024,1,NO,rec,full,17.16226498262112
2024,1,NO,rush,base,17.0
2024,1,NO,rush,rate,17.04334916864608
2024,1,NO,rush,rate_pace,17.04334916864608
2024,1,NO,rush,full,16.9496418308388
2024,1,NO,pass,base,17.0
2024,1,NO,pass,rate,17.01600609756098
2024,1,NO,pass,rate_pace,16.889361194222104
2024,1,NO,pass,full,17.025647732856488
2024,1,CAR,rec,base,17.0
2024,1,CAR,rec,rate,17.135772357723578
2024,1,CAR,rec,rate_pace,17.135772357723578
2024,1,CAR,rec,full,17.02710553967531
2024,1,CAR,rush,base,17.0
2024,1,CAR,rush,rate,17.100356294536816
2024,1,CAR,rush,rate_pace,17.100356294536816
2024,1,CAR,rush,full,17.02733179181749
2024,1,CAR,pass,base,17.0
2024,1,CAR,pass,rate,17.195884146341463
2024,1,CAR,pass,rate_pace,16.957904259758354
2024,1,CAR,pass,full,16.848603647303086
2024,1,NYG,rec,base,17.0
2024,1,NYG,rec,rate,17.083333333333332
2024,1,NYG,rec,rate_pace,17.083333333333332
2024,1,NYG,rec,full,17.06566600131024
2024,1,NYG,rush,base,17.0
2024,1,NYG,rush,rate,17.050475059382425
2024,1,NYG,rush,rate_pace,17.050475059382425
2024,1,NYG,rush,full,17.0196908485621
2024,1,NYG,pass,base,17.0
2024,1,NYG,pass,rate,17.121951219512198
2024,1,NYG,pass,rate_pace,16.97536990494258
2024,1,NYG,pass,full,16.957399372298873
2024,1,MIN,rec,base,17.0
2024,1,MIN,rec,rate,17.145934959349596
2024,1,MIN,rec,rate_pace,17.145934959349596
2024,1,MIN,rec,full,17.223025672168877
2024,1,MIN,rush,base,17.0
2024,1,MIN,rush,rate,16.940023752969118
2024,1,MIN,rush,rate_pace,16.940023752969118
2024,1,MIN,rush,full,16.71933233066107
2024,1,MIN,pass,base,17.0
2024,1,MIN,pass,rate,17.26143292682927
2024,1,MIN,pass,rate_pace,16.891108405655988
2024,1,MIN,pass,full,16.97089017331299
2024,1,LAC,rec,base,17.0
2024,1,LAC,rec,rate,16.90650406504065
2024,1,LAC,rec,rate_pace,16.90650406504065
2024,1,LAC,rec,full,17.074123289305145
2024,1,LAC,rush,base,17.0
2024,1,LAC,rush,rate,17.086698337292162
2024,1,LAC,rush,rate_pace,17.086698337292162
2024,1,LAC,rush,full,16.78753803676904
2024,1,LAC,pass,base,17.0
2024,1,LAC,pass,rate,16.839176829268293
2024,1,LAC,pass,rate_pace,16.37734963265565
2024,1,LAC,pass,full,16.543330111093756
2024,1,LV,rec,base,17.0
2024,1,LV,rec,rate,16.958130081300816
2024,1,LV,rec,rate_pace,16.958130081300816
2024,1,LV,rec,full,17.013349601798964
2024,1,LV,rush,base,17.0
2024,1,LV,rush,rate,17.084916864608076
2024,1,LV,rush,rate_pace,17.084916864608076
2024,1,LV,rush,full,16.995440788120924
2024,1,LV,pass,base,17.0
2024,1,LV,pass,rate,16.932926829268293
2024,1,LV,pass,rate_pace,17.262931573036667
2024,1,LV,pass,full,17.31672113881588
2024,1,SEA,rec,base,17.0
2024,1,SEA,rec,rate,17.069512195121956
2024,1,SEA,rec,rate_pace,17.069512195121956
2024,1,SEA,rec,full,17.36222763576607
2024,1,SEA,rush,base,17.0
2024,1,SEA,rush,rate,17.006532066508317
2024,1,SEA,rush,rate_pace,17.006532066508317
2024,1,SEA,rush,full,16.46028439185261
2024,1,SEA,pass,base,17.0
2024,1,SEA,pass,rate,17.09984756097561
2024,1,SEA,pass,rate_pace,17.176887400213083
2024,1,SEA,pass,full,17.470753697271395
2024,1,DEN,rec,base,17.0
2024,1,DEN,rec,rate,16.877642276422762
2024,1,DEN,rec,rate_pace,16.877642276422762
2024,1,DEN,rec,full,16.916703180909497
2024,1,DEN,rush,base,17.0
2024,1,DEN,rush,rate,17.040973871733968
2024,1,DEN,rush,rate_pace,17.040973871733968
2024,1,DEN,rush,full,16.83903559295903
2024,1,DEN,pass,base,17.0
2024,1,DEN,pass,rate,16.76600609756098
2024,1,DEN,pass,rate_pace,17.077847136014263
2024,1,DEN,pass,full,17.11693387973869
2024,1,CLE,rec,base,17.0
2024,1,CLE,rec,rate,17.046747967479675
2024,1,CLE,rec,rate_pace,17.046747967479675
2024,1,CLE,rec,full,17.252271689696787
2024,1,CLE,rush,base,17.0
2024,1,CLE,rush,rate,17.169239904988125
2024,1,CLE,rush,rate_pace,17.169239904988125
2024,1,CLE,rush,full,16.881004613444173
2024,1,CLE,pass,base,17.0
2024,1,CLE,pass,rate,17.089176829268297
2024,1,CLE,pass,rate_pace,16.765774852763098
2024,1,CLE,pass,full,16.970998032567852
2024,1,DAL,rec,base,17.0
2024,1,DAL,rec,rate,17.11341463414634
2024,1,DAL,rec,rate_pace,17.11341463414634
2024,1,DAL,rec,full,17.467392526852755
2024,1,DAL,rush,base,17.0
2024,1,DAL,rush,rate,17.08729216152019
2024,1,DAL,rush,rate_pace,17.08729216152019
2024,1,DAL,rush,full,16.674374194859496
2024,1,DAL,pass,base,17.0
2024,1,DAL,pass,rate,17.178353658536583
2024,1,DAL,pass,rate_pace,16.732025636221206
2024,1,DAL,pass,full,17.08780846045969
2024,1,TB,rec,base,17.0
2024,1,TB,rec,rate,17.0
2024,1,TB,rec,rate_pace,17.0
2024,1,TB,rec,full,17.082420933696994
2024,1,TB,rush,base,17.0
2024,1,TB,rush,rate,17.100950118764846
2024,1,TB,rush,rate_pace,17.100950118764846
2024,1,TB,rush,full,17.041915740976055
2024,1,TB,pass,base,17.0
2024,1,TB,pass,rate,16.93978658536585
2024,1,TB,pass,rate_pace,16.83302543412937
2024,1,TB,pass,full,16.91729573870012
2024,1,WAS,rec,base,17.0
2024,1,WAS,rec,rate,17.04268292682927
2024,1,WAS,rec,rate_pace,17.04268292682927
2024,1,WAS,rec,full,17.22844996570744
2024,1,WAS,rush,base,17.0
2024,1,WAS,rush,rate,17.07244655581948
2024,1,WAS,rush,rate_pace,17.07244655581948
2024,1,WAS,rush,full,16.378534768565714
2024,1,WAS,pass,base,17.0
2024,1,WAS,pass,rate,17.070121951219512
2024,1,WAS,pass,rate_pace,16.477707401487795
2024,1,WAS,pass,full,16.664494929564846
2024,1,DET,rec,base,17.0
2024,1,DET,rec,rate,17.093495934959346
2024,1,DET,rec,rate_pace,17.093495934959346
2024,1,DET,rec,full,17.59372525993095
2024,1,DET,rush,base,17.0
2024,1,DET,rush,rate,16.906175771971498
2024,1,DET,rush,rate_pace,16.906175771971498
2024,1,DET,rush,full,16.290843671199216
2024,1,DET,pass,base,17.0
2024,1,DET,pass,rate,17.185213414634152
2024,1,DET,pass,rate_pace,17.19104581534791
2024,1,DET,pass,full,17.694881331205284
2024,1,LA,rec,base,17.0
2024,1,LA,rec,rate,17.0479674796748
2024,1,LA,rec,rate_pace,17.0479674796748
2024,1,LA,rec,full,17.455499573683102
2024,1,LA,rush,base,17.0
2024,1,LA,rush,rate,17.013657957244657
2024,1,LA,rush,rate_pace,17.013657957244657
2024,1,LA,rush,full,16.458739716110067
2024,1,LA,pass,base,17.0
2024,1,LA,pass,rate,17.054115853658537
2024,1,LA,pass,rate_pace,17.147177844395998
2024,1,LA,pass,full,17.556550991951624
2024,1,SF,rec,base,17.0
2024,1,SF,rec,rate,17.073577235772362
2024,1,SF,rec,rate_pace,17.073577235772362
2024,1,SF,rec,full,17.553113519183626
2024,1,SF,rush,base,17.0
2024,1,SF,rush,rate,16.954275534441805
2024,1,SF,rush,rate_pace,16.954275534441805
2024,1,SF,rush,full,16.554811575948996
2024,1,SF,pass,base,17.0
2024,1,SF,pass,rate,17.117378048780488
2024,1,SF,pass,rate_pace,17.743681034482112
2024,1,SF,pass,full,18.225378873330953
2024,1,NYJ,rec,base,17.0
2024,1,NYJ,rec,rate,17.034146341463416
2024,1,NYJ,rec,rate_pace,17.034146341463416
2024,1,NYJ,rec,full,17.054698896161554
2024,1,NYJ,rush,base,17.0
2024,1,NYJ,rush,rate,16.87648456057007
2024,1,NYJ,rush,rate_pace,16.87648456057007
2024,1,NYJ,rush,full,16.861827224069412
2024,1,NYJ,pass,base,17.0
2024,1,NYJ,pass,rate,17.083079268292682
2024,1,NYJ,pass,rate_pace,16.828497133972075
2024,1,NYJ,pass,full,16.848814022781106
2024,5,ATL,rec,base,13.0
2024,5,ATL,rec,rate,13.034609120521173
2024,5,ATL,rec,rate_pace,13.034609120521173
2024,5,ATL,rec,full,13.223507907244821
2024,5,ATL,rush,base,13.0
2024,5,ATL,rush,rate,13.063529411764707
2024,5,ATL,rush,rate_pace,13.063529411764707
2024,5,ATL,rush,full,12.84374030415166
2024,5,ATL,pass,base,13.0
2024,5,ATL,pass,rate,13.04885496183206
2024,5,ATL,pass,rate_pace,13.324758775622797
2024,5,ATL,pass,full,13.515351994501103
2024,5,TB,rec,base,13.0
2024,5,TB,rec,rate,12.952768729641694
2024,5,TB,rec,rate_pace,12.952768729641694
2024,5,TB,rec,full,13.045454360646286
2024,5,TB,rush,base,13.0
2024,5,TB,rush,rate,13.024705882352944
2024,5,TB,rush,rate_pace,13.024705882352944
2024,5,TB,rush,full,12.89868069908079
2024,5,TB,pass,base,13.0
2024,5,TB,pass,rate,12.842748091603054
2024,5,TB,pass,rate_pace,12.725158018147791
2024,5,TB,pass,full,12.817234202714902
2024,5,MIN,rec,base,13.0
2024,5,MIN,rec,rate,13.071254071661238
2024,5,MIN,rec,rate_pace,13.071254071661238
2024,5,MIN,rec,full,13.063676811469927
2024,5,MIN,rush,base,13.0
2024,5,MIN,rush,rate,12.979999999999999
2024,5,MIN,rush,rate_pace,12.979999999999999
2024,5,MIN,rush,full,13.049333139981972
2024,5,MIN,pass,base,13.0
2024,5,MIN,pass,rate,13.136641221374047
2024,5,MIN,pass,rate_pace,13.001800927084133
2024,5,MIN,pass,full,12.997812913601372
2024,5,NYJ,rec,base,13.0
2024,5,NYJ,rec,rate,13.030537459283387
2024,5,NYJ,rec,rate_pace,13.030537459283387
2024,5,NYJ,rec,full,12.998486652165663
2024,5,NYJ,rush,base,13.0
2024,5,NYJ,rush,rate,12.945294117647057
2024,5,NYJ,rush,rate_pace,12.945294117647057
2024,5,NYJ,rush,full,13.063718726392645
2024,5,NYJ,pass,base,13.0
2024,5,NYJ,pass,rate,13.059541984732824
2024,5,NYJ,pass,rate_pace,12.700489241947626
2024,5,NYJ,pass,full,12.667539277608942
2024,5,CHI,rec,base,13.0
2024,5,CHI,rec,rate,13.17671009771987
2024,5,CHI,rec,rate_pace,13.17671009771987
2024,5,CHI,rec,full,13.088749215288168
2024,5,CHI,rush,base,13.0
2024,5,CHI,rush,rate,12.967647058823529
2024,5,CHI,rush,rate_pace,12.967647058823529
2024,5,CHI,rush,full,13.006162449191564
2024,5,CHI,pass,base,13.0
2024,5,CHI,pass,rate,13.312977099236644
2024,5,CHI,pass,rate_pace,13.41486197443559
2024,5,CHI,pass,full,13.327226858467355
2024,5,CAR,rec,base,13.0
2024,5,CAR,rec,rate,13.05171009771987
2024,5,CAR,rec,rate_pace,13.05171009771987
2024,5,CAR,rec,full,13.250058273485344
2024,5,CAR,rush,base,13.0
2024,5,CAR,rush,rate,13.087058823529413
2024,5,CAR,rush,rate_pace,13.087058823529413
2024,5,CAR,rush,full,12.652182533496294
2024,5,CAR,pass,base,13.0
2024,5,CAR,pass,rate,13.04503816793893
2024,5,CAR,pass,rate_pace,13.00648685758719
2024,5,CAR,pass,full,13.205997794416055
2024,5,CIN,rec,base,13.0
2024,5,CIN,rec,rate,12.903501628664493
2024,5,CIN,rec,rate_pace,12.903501628664493
2024,5,CIN,rec,full,13.123537415934246
2024,5,CIN,rush,base,13.0
2024,5,CIN,rush,rate,13.062352941176467
2024,5,CIN,rush,rate_pace,13.062352941176467
2024,5,CIN,rush,full,12.668810866655582
2024,5,CIN,pass,base,13.0
2024,5,CIN,pass,rate,12.850381679389313
2024,5,CIN,pass,rate_pace,12.656075755812305
2024,5,CIN,pass,full,12.875728469265368
2024,5,BAL,rec,base,13.0
2024,5,BAL,rec,rate,13.076954397394136
2024,5,BAL,rec,rate_pace,13.076954397394136
2024,5,BAL,rec,full,13.16674150922741
2024,5,BAL,rush,base,13.0
2024,5,BAL,rush,rate,13.097058823529412
2024,5,BAL,rush,rate_pace,13.097058823529412
2024,5,BAL,rush,full,13.126322057911658
2024,5,BAL,pass,base,13.0
2024,5,BAL,pass,rate,13.174045801526717
2024,5,BAL,pass,rate_pace,13.438776959709951
2024,5,BAL,pass,full,13.53151811439254
2024,5,HOU,rec,base,13.0
2024,5,HOU,rec,rate,12.937296416938114
2024,5,HOU,rec,rate_pace,12.937296416938114
2024,5,HOU,rec,full,13.157926960983495
2024,5,HOU,rush,base,13.0
2024,5,HOU,rush,rate,12.908823529411762
2024,5,HOU,rush,rate_pace,12.908823529411762
2024,5,HOU,rush,full,12.555802575252237
2024,5,HOU,pass,base,13.0
2024,5,HOU,pass,rate,12.898473282442747
2024,5,HOU,pass,rate_pace,12.808055260689194
2024,5,HOU,pass,full,13.028038998874694
2024,5,BUF,rec,base,13.0
2024,5,BUF,rec,rate,12.91530944625407
2024,5,BUF,rec,rate_pace,12.91530944625407
2024,5,BUF,rec,full,13.205315487167248
2024,5,BUF,rush,base,13.0
2024,5,BUF,rush,rate,12.855882352941176
2024,5,BUF,rush,rate_pace,12.855882352941176
2024,5,BUF,rush,full,12.62822683665858
2024,5,BUF,pass,base,13.0
2024,5,BUF,pass,rate,12.8793893129771
2024,5,BUF,pass,rate_pace,12.90287049313523
2024,5,BUF,pass,full,13.194480550044613
2024,5,JAX,rec,base,13.0
2024,5,JAX,rec,rate,12.986563517915311
2024,5,JAX,rec,rate_pace,12.986563517915311
2024,5,JAX,rec,full,13.058730984244999
2024,5,JAX,rush,base,13.0
2024,5,JAX,rush,rate,12.87470588235294
2024,5,JAX,rush,rate_pace,12.87470588235294
2024,5,JAX,rush,full,12.7080129157011
2024,5,JAX,pass,base,13.0
2024,5,JAX,pass,rate,13.022900763358779
2024,5,JAX,pass,rate_pace,12.808157862854825
2024,5,JAX,pass,full,12.882608668191882
2024,5,IND,rec,base,13.0
2024,5,IND,rec,rate,12.947475570032573
2024,5,IND,rec,rate_pace,12.947475570032573
2024,5,IND,rec,full,13.025865786992009
2024,5,IND,rush,base,13.0
2024,5,IND,rush,rate,12.9
2024,5,IND,rush,rate_pace,12.9
2024,5,IND,rush,full,12.786949448525753
2024,5,IND,pass,base,13.0
2024,5,IND,pass,rate,12.94885496183206
2024,5,IND,pass,rate_pace,13.211706243918744
2024,5,IND,pass,full,13.290746703921752
2024,5,NE,rec,base,13.0
2024,5,NE,rec,rate,12.95114006514658
2024,5,NE,rec,rate_pace,12.95114006514658
2024,5,NE,rec,full,12.900457666395997
2024,5,NE,rush,base,13.0
2024,5,NE,rush,rate,12.957647058823527
2024,5,NE,rush,rate_pace,12.957647058823527
2024,5,NE,rush,full,12.939709138777488
2024,5,NE,pass,base,13.0
2024,5,NE,pass,rate,12.930534351145038
2024,5,NE,pass,rate_pace,13.112027708678529
2024,5,NE,pass,full,13.061534843590564
2024,5,MIA,rec,base,13.0
2024,5,MIA,rec,rate,12.898208469055373
2024,5,MIA,rec,rate_pace,12.898208469055373
2024,5,MIA,rec,full,13.030920917756918
2024,5,MIA,rush,base,13.0
2024,5,MIA,rush,rate,12.947058823529412
2024,5,MIA,rush,rate_pace,12.947058823529412
2024,5,MIA,rush,full,12.617196509607949
2024,5,MIA,pass,base,13.0
2024,5,MIA,pass,rate,12.838931297709923
2024,5,MIA,pass,rate_pace,12.823933081767448
2024,5,MIA,pass,full,12.957569863435122
2024,5,WAS,rec,base,13.0
2024,5,WAS,rec,rate,12.97882736156352
2024,5,WAS,rec,rate_pace,12.97882736156352
2024,5,WAS,rec,full,13.331250676900387
2024,5,WAS,rush,base,13.0
2024,5,WAS,rush,rate,13.044117647058822
2024,5,WAS,rush,rate_pace,13.044117647058822
2024,5,WAS,rush,full,12.408196646111362
2024,5,WAS,pass,base,13.0
2024,5,WAS,pass,rate,12.932824427480917
2024,5,WAS,pass,rate_pace,12.610043735386522
2024,5,WAS,pass,full,12.962081686355816
2024,5,CLE,rec,base,13.0
2024,5,CLE,rec,rate,13.054560260586321
2024,5,CLE,rec,rate_pace,13.054560260586321
2024,5,CLE,rec,full,13.171603335866811
2024,5,CLE,rush,base,13.0
2024,5,CLE,rush,rate,13.05529411764706
2024,5,CLE,rush,rate_pace,13.05529411764706
2024,5,CLE,rush,full,12.793222470253511
2024,5,CLE,pass,base,13.0
2024,5,CLE,pass,rate,13.092366412213742
2024,5,CLE,pass,rate_pace,12.724387518048538
2024,5,CLE,pass,full,12.842093455081242
2024,5,DEN,rec,base,13.0
2024,5,DEN,rec,rate,12.941775244299674
2024,5,DEN,rec,rate_pace,12.941775244299674
2024,5,DEN,rec,full,12.81987412431019
2024,5,DEN,rush,base,13.0
2024,5,DEN,rush,rate,13.01529411764706
2024,5,DEN,rush,rate_pace,13.01529411764706
2024,5,DEN,rush,full,13.095043827571942
2024,5,DEN,pass,base,13.0
2024,5,DEN,pass,rate,12.855725190839696
2024,5,DEN,pass,rate_pace,13.038764094281799
2024,5,DEN,pass,full,12.917723334163904
2024,5,LV,rec,base,13.0
2024,5,LV,rec,rate,13.003664495114005
2024,5,LV,rec,rate_pace,13.003664495114005
2024,5,LV,rec,full,13.047659672595273
2024,5,LV,rush,base,13.0
2024,5,LV,rush,rate,13.01529411764706
2024,5,LV,rush,rate_pace,13.01529411764706
2024,5,LV,rush,full,12.905472081065714
2024,5,LV,pass,base,13.0
2024,5,LV,pass,rate,12.990076335877863
2024,5,LV,pass,rate_pace,13.187372529678916
2024,5,LV,pass,full,13.231952839404482
2024,5,SF,rec,base,13.0
2024,5,SF,rec,rate,13.08672638436482
2024,5,SF,rec,rate_pace,13.08672638436482
2024,5,SF,rec,full,13.436776708713186
2024,5,SF,rush,base,13.0
2024,5,SF,rush,rate,13.097058823529409
2024,5,SF,rush,rate_pace,13.097058823529409
2024,5,SF,rush,full,12.802715013112937
2024,5,SF,pass,base,13.0
2024,5,SF,pass,rate,13.142748091603055
2024,5,SF,pass,rate_pace,13.303446848086642
2024,5,SF,pass,full,13.655495308540688
2024,5,ARI,rec,base,13.0
2024,5,ARI,rec,rate,12.945846905537458
2024,5,ARI,rec,rate_pace,12.945846905537458
2024,5,ARI,rec,full,13.297158699605756
2024,5,ARI,rush,base,13.0
2024,5,ARI,rush,rate,12.961176470588233
2024,5,ARI,rush,rate_pace,12.961176470588233
2024,5,ARI,rush,full,12.41140392436894
2024,5,ARI,pass,base,13.0
2024,5,ARI,pass,rate,12.897709923664124
2024,5,ARI,pass,rate_pace,12.946254561949296
2024,5,ARI,pass,full,13.297509941380113
2024,5,LA,rec,base,13.0
2024,5,LA,rec,rate,12.969869706840392
2024,5,LA,rec,rate_pace,12.969869706840392
2024,5,LA,rec,full,13.34483860897622
2024,5,LA,rush,base,13.0
2024,5,LA,rush,rate,13.075882352941173
2024,5,LA,rush,rate_pace,13.075882352941173
2024,5,LA,rush,full,12.547917961460382
2024,5,LA,pass,base,13.0
2024,5,LA,pass,rate,12.930534351145038
2024,5,LA,pass,rate_pace,13.158533023874165
2024,5,LA,pass,full,13.532575907553648
2024,5,GB,rec,base,13.0
2024,5,GB,rec,rate,13.102198697068404
2024,5,GB,rec,rate_pace,13.102198697068404
2024,5,GB,rec,full,13.3152944026794
2024,5,GB,rush,base,13.0
2024,5,GB,rush,rate,12.951176470588235
2024,5,GB,rush,rate_pace,12.951176470588235
2024,5,GB,rush,full,12.755223622335912
2024,5,GB,pass,base,13.0
2024,5,GB,pass,rate,13.200763358778628
2024,5,GB,pass,rate_pace,13.406111473805055
2024,5,GB,pass,full,13.623393452599135
2024,5,SEA,rec,base,13.0
2024,5,SEA,rec,rate,13.004071661237788
2024,5,SEA,rec,rate_pace,13.004071661237788
2024,5,SEA,rec,full,13.23566146379164
2024,5,SEA,rush,base,13.0
2024,5,SEA,rush,rate,13.089999999999998
2024,5,SEA,rush,rate_pace,13.089999999999998
2024,5,SEA,rush,full,12.660023530927136
2024,5,SEA,pass,base,13.0
2024,5,SEA,pass,rate,12.98702290076336
2024,5,SEA,pass,rate_pace,12.821857354955
2024,5,SEA,pass,full,13.052845623671704
2024,5,NYG,rec,base,13.0
2024,5,NYG,rec,rate,13.110749185667753
2024,5,NYG,rec,rate_pace,13.110749185667753
2024,5,NYG,rec,full,13.181957557361349
2024,5,NYG,rush,base,13.0
2024,5,NYG,rush,rate,13.08764705882353
2024,5,NYG,rush,rate_pace,13.08764705882353
2024,5,NYG,rush,full,12.891748903377739
2024,5,NYG,pass,base,13.0
2024,5,NYG,pass,rate,13.163358778625955
2024,5,NYG,pass,rate_pace,13.10202677126245
2024,5,NYG,pass,full,13.173874081082474
2024,5,PIT,rec,base,13.0
2024,5,PIT,rec,rate,12.942182410423452
2024,5,PIT,rec,rate_pace,12.942182410423452
2024,5,PIT,rec,full,12.881332333478204
2024,5,PIT,rush,base,13.0
2024,5,PIT,rush,rate,13.130588235294118
2024,5,PIT,rush,rate_pace,13.130588235294118
2024,5,PIT,rush,full,13.191323638372609
2024,5,PIT,pass,base,13.0
2024,5,PIT,pass,rate,12.89083969465649
2024,5,PIT,pass,rate_pace,13.432248566964997
2024,5,PIT,pass,full,13.373694735138768
2024,5,DAL,rec,base,13.0
2024,5,DAL,rec,rate,13.189332247557005
2024,5,DAL,rec,rate_pace,13.189332247557005
2024,5,DAL,rec,full,13.573122599471855
2024,5,DAL,rush,base,13.0
2024,5,DAL,rush,rate,13.069999999999999
2024,5,DAL,rush,rate_pace,13.069999999999999
2024,5,DAL,rush,full,12.484203809400636
2024,5,DAL,pass,base,13.0
2024,5,DAL,pass,rate,13.322900763358778
2024,5,DAL,pass,rate_pace,12.898447477180879
2024,5,DAL,pass,full,13.287544697073118
2024,5,KC,rec,base,13.0
2024,5,KC,rec,rate,12.903501628664493
2024,5,KC,rec,rate_pace,12.903501628664493
2024,5,KC,rec,full,12.913506237495985
2024,5,KC,rush,base,13.0
2024,5,KC,rush,rate,13.057058823529413
2024,5,KC,rush,rate_pace,13.057058823529413
2024,5,KC,rush,full,13.178673621743638
2024,5,KC,pass,base,13.0
2024,5,KC,pass,rate,12.837404580152672
2024,5,KC,pass,rate_pace,12.629159044349805
2024,5,KC,pass,full,12.638174733531518
2024,5,NO,rec,base,13.0
2024,5,NO,rec,rate,13.01913680781759
2024,5,NO,rec,rate_pace,13.01913680781759
2024,5,NO,rec,full,13.134613810244705
2024,5,NO,rush,base,13.0
2024,5,NO,rush,rate,13.069411764705881
2024,5,NO,rush,rate_pace,13.069411764705881
2024,5,NO,rush,full,13.025712030306126
2024,5,NO,pass,base,13.0
2024,5,NO,pass,rate,13.00763358778626
2024,5,NO,pass,rate_pace,13.228691637405708
2024,5,NO,pass,full,13.345518203752874
2024,5,PHI,rec,base,13.0
2024,5,PHI,rec,rate,13.118892508143324
2024,5,PHI,rec,rate_pace,13.118892508143324
2024,5,PHI,rec,full,13.43654875492535
2024,5,PHI,rush,base,13.0
2024,5,PHI,rush,rate,13.11176470588235
2024,5,PHI,rush,rate_pace,13.11176470588235
2024,5,PHI,rush,full,12.680063549093928
2024,5,PHI,pass,base,13.0
2024,5,PHI,pass,rate,13.210687022900766
2024,5,PHI,pass,rate_pace,13.102122976335338
2024,5,PHI,pass,full,13.4235740446368
2024,5,TEN,rec,base,13.0
2024,5,TEN,rec,rate,13.133957654723128
2024,5,TEN,rec,rate_pace,13.133957654723128
2024,5,TEN,rec,full,13.185880456031708
2024,5,TEN,rush,base,13.0
2024,5,TEN,rush,rate,12.89058823529412
2024,5,TEN,rush,rate_pace,12.89058823529412
2024,5,TEN,rush,full,12.695465631095868
2024,5,TEN,pass,base,13.0
2024,5,TEN,pass,rate,13.28702290076336
2024,5,TEN,pass,rate_pace,13.668973843129232
2024,5,TEN,pass,full,13.722396053778702
2024,5,LAC,rec,base,13.0
2024,5,LAC,rec,rate,12.945032573289904
2024,5,LAC,rec,rate_pace,12.945032573289904
2024,5,LAC,rec,full,12.961991232930647
2024,5,LAC,rush,base,13.0
2024,5,LAC,rush,rate,13.03470588235294
2024,5,LAC,rush,rate_pace,13.03470588235294
2024,5,LAC,rush,full,13.032340583787413
2024,5,LAC,pass,base,13.0
2024,5,LAC,pass,rate,12.883969465648853
2024,5,LAC,pass,rate_pace,12.819824150817801
2024,5,LAC,pass,full,12.837598358076523
2024,5,DET,rec,base,13.0
2024,5,DET,rec,rate,12.970276872964172
2024,5,DET,rec,rate_pace,12.970276872964172
2024,5,DET,rec,full,13.28410038231828
2024,5,DET,rush,base,13.0
2024,5,DET,rush,rate,12.930588235294117
2024,5,DET,rush,rate_pace,12.930588235294117
2024,5,DET,rush,full,12.577975717235173
2024,5,DET,pass,base,13.0
2024,5,DET,pass,rate,12.972519083969468
2024,5,DET,pass,rate_pace,13.144876058117068
2024,5,DET,pass,full,13.459882586590139
2024,9,NYJ,rec,base,9.0
2024,9,NYJ,rec,rate,9.074313408723748
2024,9,NYJ,rec,rate_pace,9.074313408723748
2024,9,NYJ,rec,full,9.1616346672697
2024,9,NYJ,rush,base,9.0
2024,9,NYJ,rush,rate,9.06046511627907
2024,9,NYJ,rush,rate_pace,9.06046511627907
2024,9,NYJ,rush,full,8.88812156325171
2024,9,NYJ,pass,base,9.0
2024,9,NYJ,pass,rate,9.117602427921094
2024,9,NYJ,pass,rate_pace,8.831036014012264
2024,9,NYJ,pass,full,8.91876193539728
2024,9,HOU,rec,base,9.0
2024,9,HOU,rec,rate,8.994749596122777
2024,9,HOU,rec,rate_pace,8.994749596122777
2024,9,HOU,rec,full,9.137718216107977
2024,9,HOU,rush,base,9.0
2024,9,HOU,rush,rate,8.912790697674419
2024,9,HOU,rush,rate_pace,8.912790697674419
2024,9,HOU,rush,full,8.715741581044837
2024,9,HOU,pass,base,9.0
2024,9,HOU,pass,rate,8.991654021244308
2024,9,HOU,pass,rate_pace,8.925115111873192
2024,9,HOU,pass,full,9.069645572291368
2024,9,ATL,rec,base,9.0
2024,9,ATL,rec,rate,9.027867528271406
2024,9,ATL,rec,rate_pace,9.027867528271406
2024,9,ATL,rec,full,9.173480490512418
2024,9,ATL,rush,base,9.0
2024,9,ATL,rush,rate,9.094767441860464
2024,9,ATL,rush,rate_pace,9.094767441860464
2024,9,ATL,rush,full,8.949178281565427
2024,9,ATL,pass,base,9.0
2024,9,ATL,pass,rate,9.055386949924127
2024,9,ATL,pass,rate_pace,9.22298917591347
2024,9,ATL,pass,full,9.370333080615833
2024,9,DAL,rec,base,10.0
2024,9,DAL,rec,rate,10.090468497576737
2024,9,DAL,rec,rate_pace,10.090468497576737
2024,9,DAL,rec,full,10.330096618913327
2024,9,DAL,rush,base,10.0
2024,9,DAL,rush,rate,10.136627906976745
2024,9,DAL,rush,rate_pace,10.136627906976745
2024,9,DAL,rush,full,9.754908367139137
2024,9,DAL,pass,base,10.0
2024,9,DAL,pass,rate,10.13277693474962
2024,9,DAL,pass,rate_pace,9.758609713863232
2024,9,DAL,pass,full,9.99966307244805
2024,9,BAL,rec,base,9.0
2024,9,BAL,rec,rate,8.96324717285945
2024,9,BAL,rec,rate_pace,8.96324717285945
2024,9,BAL,rec,full,9.120666205941474
2024,9,BAL,rush,base,9.0
2024,9,BAL,rush,rate,9.051162790697674
2024,9,BAL,rush,rate_pace,9.051162790697674
2024,9,BAL,rush,full,8.94324877083402
2024,9,BAL,pass,base,9.0
2024,9,BAL,pass,rate,8.94081942336874
2024,9,BAL,pass,rate_pace,9.04969056345386
2024,9,BAL,pass,full,9.207282232959173
2024,9,DEN,rec,base,9.0
2024,9,DEN,rec,rate,8.954361873990306
2024,9,DEN,rec,rate_pace,8.954361873990306
2024,9,DEN,rec,full,8.925553436879495
2024,9,DEN,rush,base,9.0
2024,9,DEN,rush,rate,8.97325581395349
2024,9,DEN,rush,rate_pace,8.97325581395349
2024,9,DEN,rush,full,8.99914525195396
2024,9,DEN,pass,base,9.0
2024,9,DEN,pass,rate,8.874810318664643
2024,9,DEN,pass,rate_pace,8.98433176630028
2024,9,DEN,pass,full,8.956121826586486
2024,9,BUF,rec,base,9.0
2024,9,BUF,rec,rate,8.991114701130856
2024,9,BUF,rec,rate_pace,8.991114701130856
2024,9,BUF,rec,full,9.130931024363703
2024,9,BUF,rush,base,9.0
2024,9,BUF,rush,rate,8.912209302325582
2024,9,BUF,rush,rate_pace,8.912209302325582
2024,9,BUF,rush,full,8.858308198700852
2024,9,BUF,pass,base,9.0
2024,9,BUF,pass,rate,8.96813353566009
2024,9,BUF,pass,rate_pace,9.081018249301062
2024,9,BUF,pass,full,9.221765016424223
2024,9,MIA,rec,base,10.0
2024,9,MIA,rec,rate,9.87762520193861
2024,9,MIA,rec,rate_pace,9.87762520193861
2024,9,MIA,rec,full,10.027122534660245
2024,9,MIA,rush,base,10.0
2024,9,MIA,rush,rate,9.988953488372093
2024,9,MIA,rush,rate_pace,9.988953488372093
2024,9,MIA,rush,full,9.747608461900674
2024,9,MIA,pass,base,10.0
2024,9,MIA,pass,rate,9.796661608497722
2024,9,MIA,pass,rate_pace,9.811302379070073
2024,9,MIA,pass,full,9.959832877034339
2024,9,CAR,rec,base,9.0
2024,9,CAR,rec,rate,9.075121163166399
2024,9,CAR,rec,rate_pace,9.075121163166399
2024,9,CAR,rec,full,9.183572954636716
2024,9,CAR,rush,base,9.0
2024,9,CAR,rush,rate,9.137209302325582
2024,9,CAR,rush,rate_pace,9.137209302325582
2024,9,CAR,rush,full,8.752862188985347
2024,9,CAR,pass,base,9.0
2024,9,CAR,pass,rate,9.08421851289833
2024,9,CAR,pass,rate_pace,9.164108223561751
2024,9,CAR,pass,full,9.2725163688944
2024,9,NO,rec,base,9.0
2024,9,NO,rec,rate,9.045638126009694
2024,9,NO,rec,rate_pace,9.045638126009694
2024,9,NO,rec,full,9.207790315830103
2024,9,NO,rush,base,9.0
2024,9,NO,rush,rate,9.104069767441862
2024,9,NO,rush,rate_pace,9.104069767441862
2024,9,NO,rush,full,8.8965505309984
2024,9,NO,pass,base,9.0
2024,9,NO,pass,rate,9.06145675265554
2024,9,NO,pass,rate_pace,9.133993141600715
2024,9,NO,pass,full,9.297405491726781
2024,9,CIN,rec,base,9.0
2024,9,CIN,rec,rate,8.93578352180937
2024,9,CIN,rec,rate_pace,8.93578352180937
2024,9,CIN,rec,full,9.121549005772131
2024,9,CIN,rush,base,9.0
2024,9,CIN,rush,rate,8.973255813953488
2024,9,CIN,rush,rate_pace,8.973255813953488
2024,9,CIN,rush,full,8.642150536736684
2024,9,CIN,pass,base,9.0
2024,9,CIN,pass,rate,8.90288315629742
2024,9,CIN,pass,rate_pace,8.81963135774447
2024,9,CIN,pass,full,9.00582954672938
2024,9,LV,rec,base,9.0
2024,9,LV,rec,rate,9.032310177705977
2024,9,LV,rec,rate_pace,9.032310177705977
2024,9,LV,rec,full,9.165852012496263
2024,9,LV,rush,base,9.0
2024,9,LV,rush,rate,9.036046511627907
2024,9,LV,rush,rate_pace,9.036046511627907
2024,9,LV,rush,full,8.73365846836485
2024,9,LV,pass,base,9.0
2024,9,LV,pass,rate,9.012898330804248
2024,9,LV,pass,rate_pace,9.063576601740461
2024,9,LV,pass,full,9.197833130839866
2024,9,CLE,rec,base,9.0
2024,9,CLE,rec,rate,8.991922455573505
2024,9,CLE,rec,rate_pace,8.991922455573505
2024,9,CLE,rec,full,9.083800182272187
2024,9,CLE,rush,base,9.0
2024,9,CLE,rush,rate,8.973837209302324
2024,9,CLE,rush,rate_pace,8.973837209302324
2024,9,CLE,rush,full,8.729668741668325
2024,9,CLE,pass,base,9.0
2024,9,CLE,pass,rate,8.96813353566009
2024,9,CLE,pass,rate_pace,8.666377659191326
2024,9,CLE,pass,full,8.758553501770608
2024,9,LAC,rec,base,10.0
2024,9,LAC,rec,rate,9.938610662358643
2024,9,LAC,rec,rate_pace,9.938610662358643
2024,9,LAC,rec,full,9.942454666211924
2024,9,LAC,rush,base,10.0
2024,9,LAC,rush,rate,9.950581395348838
2024,9,LAC,rush,rate_pace,9.950581395348838
2024,9,LAC,rush,full,9.990383762189033
2024,9,LAC,pass,base,10.0
2024,9,LAC,pass,rate,9.85887708649469
2024,9,LAC,pass,rate_pace,9.846484149100405
2024,9,LAC,pass,full,9.850928667572934
2024,9,NYG,rec,base,9.0
2024,9,NYG,rec,rate,9.095315024232635
2024,9,NYG,rec,rate_pace,9.095315024232635
2024,9,NYG,rec,full,9.138536766937882
2024,9,NYG,rush,base,9.0
2024,9,NYG,rush,rate,9.082558139534884
2024,9,NYG,rush,rate_pace,9.082558139534884
2024,9,NYG,rush,full,8.93411746936493
2024,9,NYG,pass,base,9.0
2024,9,NYG,pass,rate,9.14112291350531
2024,9,NYG,pass,rate_pace,9.020708164590504
2024,9,NYG,pass,full,9.06425981417431
2024,9,WAS,rec,base,9.0
2024,9,WAS,rec,rate,9.060985460420032
2024,9,WAS,rec,rate_pace,9.060985460420032
2024,9,WAS,rec,full,9.218942037937712
2024,9,WAS,rush,base,9.0
2024,9,WAS,rush,rate,9.096511627906978
2024,9,WAS,rush,rate_pace,9.096511627906978
2024,9,WAS,rush,full,8.87576913228042
2024,9,WAS,pass,base,9.0
2024,9,WAS,pass,rate,9.097875569044007
2024,9,WAS,pass,rate_pace,8.976130191664891
2024,9,WAS,pass,full,9.135643286013618
2024,9,TEN,rec,base,10.0
2024,9,TEN,rec,rate,10.067043618739904
2024,9,TEN,rec,rate_pace,10.067043618739904
2024,9,TEN,rec,full,10.152880237578845
2024,9,TEN,rush,base,10.0
2024,9,TEN,rush,rate,9.990697674418604
2024,9,TEN,rush,rate_pace,9.990697674418604
2024,9,TEN,rush,full,9.781627854962009
2024,9,TEN,pass,base,10.0
2024,9,TEN,pass,rate,10.144157814871017
2024,9,TEN,pass,rate_pace,10.278979571238485
2024,9,TEN,pass,full,10.366485894833383
2024,9,NE,rec,base,9.0
2024,9,NE,rec,rate,8.979806138933764
2024,9,NE,rec,rate_pace,8.979806138933764
2024,9,NE,rec,full,9.005415471567845
2024,9,NE,rush,base,9.0
2024,9,NE,rush,rate,9.070348837209304
2024,9,NE,rush,rate_pace,9.070348837209304
2024,9,NE,rush,full,8.897405212374558
2024,9,NE,pass,base,9.0
2024,9,NE,pass,rate,8.933990895295903
2024,9,NE,pass,rate_pace,8.950781742928621
2024,9,NE,pass,full,8.976075551109425
2024,9,ARI,rec,base,9.0
2024,9,ARI,rec,rate,8.99394184168013
2024,9,ARI,rec,rate_pace,8.99394184168013
2024,9,ARI,rec,full,9.152203911327234
2024,9,ARI,rush,base,9.0
2024,9,ARI,rush,rate,9.011046511627907
2024,9,ARI,rush,rate_pace,9.011046511627907
2024,9,ARI,rush,full,8.811751346701394
2024,9,ARI,pass,base,9.0
2024,9,ARI,pass,rate,8.977996965098635
2024,9,ARI,pass,rate_pace,9.074110025419618
2024,9,ARI,pass,full,9.232278042237201
2024,9,CHI,rec,base,10.0
2024,9,CHI,rec,rate,10.119547657512117
2024,9,CHI,rec,rate_pace,10.119547657512117
2024,9,CHI,rec,full,10.105297897720948
2024,9,CHI,rush,base,10.0
2024,9,CHI,rush,rate,10.00813953488372
2024,9,CHI,rush,rate_pace,10.00813953488372
2024,9,CHI,rush,full,9.997201455111876
2024,9,CHI,pass,base,10.0
2024,9,CHI,pass,rate,10.229135053110774
2024,9,CHI,pass,rate_pace,10.354177390419594
2024,9,CHI,pass,full,10.340711459036477
2024,9,PHI,rec,base,10.0
2024,9,PHI,rec,rate,10.140549273021001
2024,9,PHI,rec,rate_pace,10.140549273021001
2024,9,PHI,rec,full,10.30546538817846
2024,9,PHI,rush,base,10.0
2024,9,PHI,rush,rate,10.109302325581396
2024,9,PHI,rush,rate_pace,10.109302325581396
2024,9,PHI,rush,full,9.98184857714251
2024,9,PHI,pass,base,10.0
2024,9,PHI,pass,rate,10.257966616084978
2024,9,PHI,pass,rate_pace,10.337056123734065
2024,9,PHI,pass,full,10.504902833137649
2024,9,JAX,rec,base,9.0
2024,9,JAX,rec,rate,8.944264943457188
2024,9,JAX,rec,rate_pace,8.944264943457188
2024,9,JAX,rec,full,9.121758097607678
2024,9,JAX,rush,base,9.0
2024,9,JAX,rush,rate,8.916279069767441
2024,9,JAX,rush,rate_pace,8.916279069767441
2024,9,JAX,rush,full,8.585194621983655
2024,9,JAX,pass,base,9.0
2024,9,JAX,pass,rate,8.942336874051593
2024,9,JAX,pass,rate_pace,8.846353547726567
2024,9,JAX,pass,full,9.025449879170397
2024,9,GB,rec,base,9.0
2024,9,GB,rec,rate,9.075121163166397
2024,9,GB,rec,rate_pace,9.075121163166397
2024,9,GB,rec,full,9.232759740415908
2024,9,GB,rush,base,9.0
2024,9,GB,rush,rate,9.034883720930234
2024,9,GB,rush,rate_pace,9.034883720930234
2024,9,GB,rush,full,8.89235646581101
2024,9,GB,pass,base,9.0
2024,9,GB,pass,rate,9.122154779969652
2024,9,GB,pass,rate_pace,9.464060824036327
2024,9,GB,pass,full,9.624320968620852
2024,9,DET,rec,base,10.0
2024,9,DET,rec,rate,9.974151857835217
2024,9,DET,rec,rate_pace,9.974151857835217
2024,9,DET,rec,full,10.227377969641402
2024,9,DET,rush,base,10.0
2024,9,DET,rush,rate,10.034883720930234
2024,9,DET,rush,rate_pace,10.034883720930234
2024,9,DET,rush,full,9.786436309417121
2024,9,DET,pass,base,10.0
2024,9,DET,pass,rate,9.97040971168437
2024,9,DET,pass,rate_pace,10.212071406316673
2024,9,DET,pass,full,10.465385463745712
2024,9,SEA,rec,base,9.0
2024,9,SEA,rec,rate,9.047253634894991
2024,9,SEA,rec,rate_pace,9.047253634894991
2024,9,SEA,rec,full,9.188294363678002
2024,9,SEA,rush,base,9.0
2024,9,SEA,rush,rate,9.043023255813953
2024,9,SEA,rush,rate_pace,9.043023255813953
2024,9,SEA,rush,full,8.735258492934062
2024,9,SEA,pass,base,9.0
2024,9,SEA,pass,rate,9.081183611532627
2024,9,SEA,pass,rate_pace,8.88706514932095
2024,9,SEA,pass,full,9.029377580882512
2024,9,LA,rec,base,10.0
2024,9,LA,rec,rate,10.0359450726979
2024,9,LA,rec,rate_pace,10.0359450726979
2024,9,LA,rec,full,10.240540325910475
2024,9,LA,rush,base,10.0
2024,9,LA,rush,rate,10.122093023255813
2024,9,LA,rush,rate_pace,10.122093023255813
2024,9,LA,rush,full,9.853735379060518
2024,9,LA,pass,base,10.0
2024,9,LA,pass,rate,10.02959028831563
2024,9,LA,pass,rate_pace,10.059495521795034
2024,9,LA,pass,full,10.263665889261818
2024,9,MIN,rec,base,10.0
2024,9,MIN,rec,rate,10.091276252019384
2024,9,MIN,rec,rate_pace,10.091276252019384
2024,9,MIN,rec,full,10.13591046792597
2024,9,MIN,rush,base,10.0
2024,9,MIN,rush,rate,10.06279069767442
2024,9,MIN,rush,rate_pace,10.06279069767442
2024,9,MIN,rush,full,10.009919932351508
2024,9,MIN,pass,base,10.0
2024,9,MIN,pass,rate,10.159332321699544
2024,9,MIN,pass,rate_pace,10.140677879673772
2024,9,MIN,pass,full,10.187326517675874
2024,9,IND,rec,base,9.0
2024,9,IND,rec,rate,8.956785137318255
2024,9,IND,rec,rate_pace,8.956785137318255
2024,9,IND,rec,full,9.009716905751798
2024,9,IND,rush,base,9.0
2024,9,IND,rush,rate,8.988953488372093
2024,9,IND,rush,rate_pace,8.988953488372093
2024,9,IND,rush,full,8.914876167822516
2024,9,IND,pass,base,9.0
2024,9,IND,pass,rate,8.933990895295905
2024,9,IND,pass,rate_pace,9.11660922361195
2024,9,IND,pass,full,9.17023141867514
2024,9,KC,rec,base,10.0
2024,9,KC,rec,rate,9.881663974151857
2024,9,KC,rec,rate_pace,9.881663974151857
2024,9,KC,rec,full,9.849128029660424
2024,9,KC,rush,base,10.0
2024,9,KC,rush,rate,10.030232558139534
2024,9,KC,rush,rate_pace,10.030232558139534
2024,9,KC,rush,full,10.196842435003619
2024,9,KC,pass,base,10.0
2024,9,KC,pass,rate,9.783763277693474
2024,9,KC,pass,rate_pace,9.62788272804293
2024,9,KC,pass,full,9.595059746284782
2024,9,TB,rec,base,9.0
2024,9,TB,rec,rate,9.025848142164781
2024,9,TB,rec,rate_pace,9.025848142164781
2024,9,TB,rec,full,9.139370249280134
2024,9,TB,rush,base,9.0
2024,9,TB,rush,rate,9.066860465116278
2024,9,TB,rush,rate_pace,9.066860465116278
2024,9,TB,rush,full,8.959086068134082
2024,9,TB,pass,base,9.0
2024,9,TB,pass,rate,9.003793626707132
2024,9,TB,pass,rate_pace,8.863039309516441
2024,9,TB,pass,full,8.97608915795099
2024,9,SF,rec,base,9.0
2024,9,SF,rec,rate,9.083602584814216
2024,9,SF,rec,rate_pace,9.083602584814216
2024,9,SF,rec,full,9.333787374433411
2024,9,SF,rush,base,9.0
2024,9,SF,rush,rate,9.100000000000001
2024,9,SF,rush,rate_pace,9.100000000000001
2024,9,SF,rush,full,8.847212719878847
2024,9,SF,pass,base,9.0
2024,9,SF,pass,rate,9.138846737481032
2024,9,SF,pass,rate_pace,9.265322998138997
2024,9,SF,pass,full,9.517462602034591
2024,9,PIT,rec,base,9.0
2024,9,PIT,rec,rate,9.023828756058158
2024,9,PIT,rec,rate_pace,9.023828756058158
2024,9,PIT,rec,full,9.064830128193444
2024,9,PIT,rush,base,9.0
2024,9,PIT,rush,rate,9.036046511627905
2024,9,PIT,rush,rate_pace,9.036046511627905
2024,9,PIT,rush,full,9.0033273281471
2024,9,PIT,pass,base,9.0
2024,9,PIT,pass,rate,9.01062215477997
2024,9,PIT,pass,rate_pace,9.460084228317864
2024,9,PIT,pass,full,9.502082497284949
2024,13,DET,rec,base,6.0
2024,13,DET,rec,rate,5.989533011272141
2024,13,DET,rec,rate_pace,5.989533011272141
2024,13,DET,rec,full,6.0894773211471005
2024,13,DET,rush,base,6.0
2024,13,DET,rush,rate,6.0390442890442895
2024,13,DET,rush,rate_pace,6.0390442890442895
2024,13,DET,rush,full,5.993226108058815
2024,13,DET,pass,base,6.0
2024,13,DET,pass,rate,5.9856278366111955
2024,13,DET,pass,rate_pace,6.134092541282873
2024,13,DET,pass,full,6.232740045929847
2024,13,CHI,rec,base,6.0
2024,13,CHI,rec,rate,6.056360708534622
2024,13,CHI,rec,rate_pace,6.056360708534622
2024,13,CHI,rec,full,6.121562424024387
2024,13,CHI,rush,base,6.0
2024,13,CHI,rush,rate,5.984265734265733
2024,13,CHI,rush,rate_pace,5.984265734265733
2024,13,CHI,rush,full,5.806650521529486
2024,13,CHI,pass,base,6.0
2024,13,CHI,pass,rate,6.11195158850227
2024,13,CHI,pass,rate_pace,6.086154469984117
2024,13,CHI,pass,full,6.151904712367054
2024,13,DAL,rec,base,6.0
2024,13,DAL,rec,rate,6.034219001610306
2024,13,DAL,rec,rate_pace,6.034219001610306
2024,13,DAL,rec,full,6.149194401931467
2024,13,DAL,rush,base,6.0
2024,13,DAL,rush,rate,6.084498834498834
2024,13,DAL,rush,rate_pace,6.084498834498834
2024,13,DAL,rush,full,5.80539471868613
2024,13,DAL,pass,base,6.0
2024,13,DAL,pass,rate,6.050680786686838
2024,13,DAL,pass,rate_pace,5.770291281406678
2024,13,DAL,pass,full,5.885960262413598
2024,13,NYG,rec,base,6.0
2024,13,NYG,rec,rate,6.077294685990338
2024,13,NYG,rec,rate_pace,6.077294685990338
2024,13,NYG,rec,full,6.127852985194995
2024,13,NYG,rush,base,6.0
2024,13,NYG,rush,rate,6.014568764568764
2024,13,NYG,rush,rate_pace,6.014568764568764
2024,13,NYG,rush,full,5.857359219276089
2024,13,NYG,pass,base,6.0
2024,13,NYG,pass,rate,6.138426626323753
2024,13,NYG,pass,rate_pace,6.069131395728699
2024,13,NYG,pass,full,6.1194501405801125
2024,13,GB,rec,base,6.0
2024,13,GB,rec,rate,6.067632850241545
2024,13,GB,rec,rate_pace,6.067632850241545
2024,13,GB,rec,full,6.1480447665243405
2024,13,GB,rush,base,6.0
2024,13,GB,rush,rate,6.037296037296038
2024,13,GB,rush,rate_pace,6.037296037296038
2024,13,GB,rush,full,5.98453560951644
2024,13,GB,pass,base,6.0
2024,13,GB,pass,rate,6.133888048411498
2024,13,GB,pass,rate_pace,6.443386414678284
2024,13,GB,pass,full,6.52517902843983
2024,13,MIA,rec,base,6.0
2024,13,MIA,rec,rate,5.904991948470209
2024,13,MIA,rec,rate_pace,5.904991948470209
2024,13,MIA,rec,full,6.0013872736201845
2024,13,MIA,rush,base,6.0
2024,13,MIA,rush,rate,5.98018648018648
2024,13,MIA,rush,rate_pace,5.98018648018648
2024,13,MIA,rush,full,5.85868641492339
2024,13,MIA,pass,base,6.0
2024,13,MIA,pass,rate,5.843419062027231
2024,13,MIA,pass,rate_pace,5.811865782290237
2024,13,MIA,pass,full,5.907628975194848
2024,13,KC,rec,base,6.0
2024,13,KC,rec,rate,5.9363929146537835
2024,13,KC,rec,rate_pace,5.9363929146537835
2024,13,KC,rec,full,5.945261841447321
2024,13,KC,rush,base,6.0
2024,13,KC,rush,rate,5.987762237762237
2024,13,KC,rush,rate_pace,5.987762237762237
2024,13,KC,rush,full,6.037212154735926
2024,13,KC,pass,base,6.0
2024,13,KC,pass,rate,5.895612708018154
2024,13,KC,pass,rate_pace,5.811735372580759
2024,13,KC,pass,full,5.820498171592904
2024,13,LV,rec,base,6.0
2024,13,LV,rec,rate,6.047101449275362
2024,13,LV,rec,rate_pace,6.047101449275362
2024,13,LV,rec,full,6.188174620496684
2024,13,LV,rush,base,6.0
2024,13,LV,rush,rate,6.019230769230769
2024,13,LV,rush,rate_pace,6.019230769230769
2024,13,LV,rush,full,5.67946852720279
2024,13,LV,pass,base,6.0
2024,13,LV,pass,rate,6.037065052950076
2024,13,LV,pass,rate_pace,5.997988060292798
2024,13,LV,pass,full,6.1393362510179035
2024,13,ATL,rec,base,6.0
2024,13,ATL,rec,rate,6.007648953301127
2024,13,ATL,rec,rate_pace,6.007648953301127
2024,13,ATL,rec,full,6.1024301998939166
2024,13,ATL,rush,base,6.0
2024,13,ATL,rush,rate,6.038461538461538
2024,13,ATL,rush,rate_pace,6.038461538461538
2024,13,ATL,rush,full,5.94032530307222
2024,13,ATL,pass,base,6.0
2024,13,ATL,pass,rate,6.015128593040847
2024,13,ATL,pass,rate_pace,6.071812770602909
2024,13,ATL,pass,full,6.166946848694625
2024,13,LAC,rec,base,6.0
2024,13,LAC,rec,rate,5.965378421900161
2024,13,LAC,rec,rate_pace,5.965378421900161
2024,13,LAC,rec,full,5.986843874053943
2024,13,LAC,rush,base,6.0
2024,13,LAC,rush,rate,5.926573426573427
2024,13,LAC,rush,rate_pace,5.926573426573427
2024,13,LAC,rush,full,5.922238563406602
2024,13,LAC,pass,base,6.0
2024,13,LAC,pass,rate,5.920574886535553
2024,13,LAC,pass,rate_pace,6.005070741519834
2024,13,LAC,pass,full,6.026146434715713
2024,13,CIN,rec,base,6.0
2024,13,CIN,rec,rate,6.003220611916264
2024,13,CIN,rec,rate_pace,6.003220611916264
2024,13,CIN,rec,full,6.133447353962557
2024,13,CIN,rush,base,6.0
2024,13,CIN,rush,rate,5.9877622377622375
2024,13,CIN,rush,rate_pace,5.9877622377622375
2024,13,CIN,rush,full,5.784945066520664
2024,13,CIN,pass,base,6.0
2024,13,CIN,pass,rate,6.012102874432678
2024,13,CIN,pass,rate_pace,5.837584436775299
2024,13,CIN,pass,full,5.9685244747634965
2024,13,PIT,rec,base,6.0
2024,13,PIT,rec,rate,6.003220611916264
2024,13,PIT,rec,rate_pace,6.003220611916264
2024,13,PIT,rec,full,6.06202519976688
2024,13,PIT,rush,base,6.0
2024,13,PIT,rush,rate,5.955128205128205
2024,13,PIT,rush,rate_pace,5.955128205128205
2024,13,PIT,rush,full,5.895390731991922
2024,13,PIT,pass,base,6.0
2024,13,PIT,pass,rate,5.989409984871407
2024,13,PIT,pass,rate_pace,6.265015190721966
2024,13,PIT,pass,full,6.324115305186057
2024,13,JAX,rec,base,6.0
2024,13,JAX,rec,rate,5.923510466988727
2024,13,JAX,rec,rate_pace,5.923510466988727
2024,13,JAX,rec,full,6.0121466597351265
2024,13,JAX,rush,base,6.0
2024,13,JAX,rush,rate,5.927156177156177
2024,13,JAX,rush,rate_pace,5.927156177156177
2024,13,JAX,rush,full,5.752671231981528
2024,13,JAX,pass,base,6.0
2024,13,JAX,pass,rate,5.888048411497731
2024,13,JAX,pass,rate_pace,5.806932503807542
2024,13,JAX,pass,full,5.895416166207974
2024,13,HOU,rec,base,5.0
2024,13,HOU,rec,rate,5.018921095008051
2024,13,HOU,rec,rate_pace,5.018921095008051
2024,13,HOU,rec,full,5.09818208892486
2024,13,HOU,rush,base,5.0
2024,13,HOU,rush,rate,4.916083916083916
2024,13,HOU,rush,rate_pace,4.916083916083916
2024,13,HOU,rush,full,4.7973370688800046
2024,13,HOU,pass,base,5.0
2024,13,HOU,pass,rate,5.01285930408472
2024,13,HOU,pass,rate_pace,5.026202161606215
2024,13,HOU,pass,full,5.105609207407917
2024,13,MIN,rec,base,6.0
2024,13,MIN,rec,rate,6.073671497584542
2024,13,MIN,rec,rate_pace,6.073671497584542
2024,13,MIN,rec,full,6.0902720767273415
2024,13,MIN,rush,base,6.0
2024,13,MIN,rush,rate,6.073426573426573
2024,13,MIN,rush,rate_pace,6.073426573426573
2024,13,MIN,rush,full,6.0608875986348725
2024,13,MIN,pass,base,6.0
2024,13,MIN,pass,rate,6.126323751891074
2024,13,MIN,pass,rate_pace,6.126233882064847
2024,13,MIN,pass,full,6.14317757577601
2024,13,ARI,rec,base,6.0
2024,13,ARI,rec,rate,6.045088566827697
2024,13,ARI,rec,rate_pace,6.045088566827697
2024,13,ARI,rec,full,6.114917164083437
2024,13,ARI,rush,base,6.0
2024,13,ARI,rush,rate,6.003496503496503
2024,13,ARI,rush,rate_pace,6.003496503496503
2024,13,ARI,rush,full,5.935545547051835
2024,13,ARI,pass,base,6.0
2024,13,ARI,pass,rate,6.079425113464447
2024,13,ARI,pass,rate_pace,6.173826592196818
2024,13,ARI,pass,full,6.243851170133737
2024,13,NE,rec,base,5.0
2024,13,NE,rec,rate,5.000805152979066
2024,13,NE,rec,rate_pace,5.000805152979066
2024,13,NE,rec,full,5.053530359706993
2024,13,NE,rush,base,5.0
2024,13,NE,rush,rate,5.094405594405595
2024,13,NE,rush,rate_pace,5.094405594405595
2024,13,NE,rush,full,4.923090511420364
2024,13,NE,pass,base,5.0
2024,13,NE,pass,rate,4.980332829046899
2024,13,NE,pass,rate_pace,4.936271156810779
2024,13,NE,pass,full,4.988175470695325
2024,13,IND,rec,base,5.0
2024,13,IND,rec,rate,4.999597423510467
2024,13,IND,rec,rate_pace,4.999597423510467
2024,13,IND,rec,full,4.9618919802008765
2024,13,IND,rush,base,5.0
2024,13,IND,rush,rate,4.995337995337995
2024,13,IND,rush,rate_pace,4.995337995337995
2024,13,IND,rush,full,5.05754145119109
2024,13,IND,pass,base,5.0
2024,13,IND,pass,rate,4.9969742813918305
2024,13,IND,pass,rate_pace,5.111493069107065
2024,13,IND,pass,full,5.074089158731842
2024,13,NYJ,rec,base,6.0
2024,13,NYJ,rec,rate,6.083735909822867
2024,13,NYJ,rec,rate_pace,6.083735909822867
2024,13,NYJ,rec,full,6.174427953299911
2024,13,NYJ,rush,base,6.0
2024,13,NYJ,rush,rate,6.058275058275058
2024,13,NYJ,rush,rate_pace,6.058275058275058
2024,13,NYJ,rush,full,5.861669902570283
2024,13,NYJ,pass,base,6.0
2024,13,NYJ,pass,rate,6.139939485627837
2024,13,NYJ,pass,rate_pace,6.031454832909461
2024,13,NYJ,pass,full,6.122740303203944
2024,13,SEA,rec,base,6.0
2024,13,SEA,rec,rate,6.015700483091788
2024,13,SEA,rec,rate_pace,6.015700483091788
2024,13,SEA,rec,full,6.0546739562865435
2024,13,SEA,rush,base,6.0
2024,13,SEA,rush,rate,6.008158508158507
2024,13,SEA,rush,rate_pace,6.008158508158507
2024,13,SEA,rush,full,5.9225848658505456
2024,13,SEA,pass,base,6.0
2024,13,SEA,pass,rate,6.068078668683812
2024,13,SEA,pass,rate_pace,5.928723413915135
2024,13,SEA,pass,full,5.96846504569328
2024,13,WAS,rec,base,5.0
2024,13,WAS,rec,rate,5.032608695652174
2024,13,WAS,rec,rate_pace,5.032608695652174
2024,13,WAS,rec,full,5.146945785212261
2024,13,WAS,rush,base,5.0
2024,13,WAS,rush,rate,5.031468531468532
2024,13,WAS,rush,rate_pace,5.031468531468532
2024,13,WAS,rush,full,4.897190113434808
2024,13,WAS,pass,base,5.0
2024,13,WAS,pass,rate,5.043872919818456
2024,13,WAS,pass,rate_pace,5.06857246173897
2024,13,WAS,pass,full,5.183615112462212
2024,13,TEN,rec,base,6.0
2024,13,TEN,rec,rate,6.108695652173913
2024,13,TEN,rec,rate_pace,6.108695652173913
2024,13,TEN,rec,full,6.195558878923132
2024,13,TEN,rush,base,6.0
2024,13,TEN,rush,rate,6.032051282051283
2024,13,TEN,rush,rate_pace,6.032051282051283
2024,13,TEN,rush,full,5.884277218002626
2024,13,TEN,pass,base,6.0
2024,13,TEN,pass,rate,6.201210287443266
2024,13,TEN,pass,rate_pace,6.24940290956511
2024,13,TEN,pass,full,6.33764772825557
2024,13,CAR,rec,base,6.0
2024,13,CAR,rec,rate,6.055555555555555
2024,13,CAR,rec,rate_pace,6.055555555555555
2024,13,CAR,rec,full,6.208446842337352
2024,13,CAR,rush,base,6.0
2024,13,CAR,rush,rate,6.062937062937063
2024,13,CAR,rush,rate_pace,6.062937062937063
2024,13,CAR,rush,full,5.753027552094593
2024,13,CAR,pass,base,6.0
2024,13,CAR,pass,rate,6.079425113464447
2024,13,CAR,pass,rate_pace,6.160363018466845
2024,13,CAR,pass,full,6.313282106477536
2024,13,TB,rec,base,6.0
2024,13,TB,rec,rate,6.076892109500805
2024,13,TB,rec,rate_pace,6.076892109500805
2024,13,TB,rec,full,6.141039326886124
2024,13,TB,rush,base,6.0
2024,13,TB,rush,rate,6.062354312354312
2024,13,TB,rush,rate_pace,6.062354312354312
2024,13,TB,rush,full,6.042481118961618
2024,13,TB,pass,base,6.0
2024,13,TB,pass,rate,6.124810892586989
2024,13,TB,pass,rate_pace,5.977354751416542
2024,13,TB,pass,full,6.042054296916929
2024,13,NO,rec,base,6.0
2024,13,NO,rec,rate,6.049919484702094
2024,13,NO,rec,rate_pace,6.049919484702094
2024,13,NO,rec,full,6.197980848328788
2024,13,NO,rush,base,6.0
2024,13,NO,rush,rate,6.062937062937063
2024,13,NO,rush,rate_pace,6.062937062937063
2024,13,NO,rush,full,5.888629248290033
2024,13,NO,pass,base,6.0
2024,13,NO,pass,rate,6.119515885022692
2024,13,NO,pass,rate_pace,6.24711964080587
2024,13,NO,pass,full,6.3976572015175535
2024,13,LA,rec,base,6.0
2024,13,LA,rec,rate,5.992351046698873
2024,13,LA,rec,rate_pace,5.992351046698873
2024,13,LA,rec,full,6.144731080929263
2024,13,LA,rush,base,6.0
2024,13,LA,rush,rate,6.102564102564102
2024,13,LA,rush,rate_pace,6.102564102564102
2024,13,LA,rush,full,5.861755398920021
2024,13,LA,pass,base,6.0
2024,13,LA,pass,rate,5.972768532526475
2024,13,LA,pass,rate_pace,5.921202143703608
2024,13,LA,pass,full,6.0728371871720235
2024,13,BAL,rec,base,5.0
2024,13,BAL,rec,rate,4.9633655394524965
2024,13,BAL,rec,rate_pace,4.9633655394524965
2024,13,BAL,rec,full,5.054805352564704
2024,13,BAL,rush,base,5.0
2024,13,BAL,rush,rate,5.056526806526806
2024,13,BAL,rush,rate_pace,5.056526806526806
2024,13,BAL,rush,full,5.012434989676709
2024,13,BAL,pass,base,5.0
2024,13,BAL,pass,rate,4.937972768532527
2024,13,BAL,pass,rate_pace,5.056015351298617
2024,13,BAL,pass,full,5.146910872561696
2024,13,PHI,rec,base,6.0
2024,13,PHI,rec,rate,6.081723027375201
2024,13,PHI,rec,rate_pace,6.081723027375201
2024,13,PHI,rec,full,6.119320542522852
2024,13,PHI,rush,base,6.0
2024,13,PHI,rush,rate,6.062354312354312
2024,13,PHI,rush,rate_pace,6.062354312354312
2024,13,PHI,rush,full,6.096024867552575
2024,13,PHI,pass,base,6.0
2024,13,PHI,pass,rate,6.146747352496218
2024,13,PHI,pass,rate_pace,6.24529896564023
2024,13,PHI,pass,full,6.283320821562203
2024,13,BUF,rec,base,6.0
2024,13,BUF,rec,rate,6.011674718196457
2024,13,BUF,rec,rate_pace,6.011674718196457
2024,13,BUF,rec,full,6.132991635957323
2024,13,BUF,rush,base,6.0
2024,13,BUF,rush,rate,5.962703962703962
2024,13,BUF,rush,rate_pace,5.962703962703962
2024,13,BUF,rush,full,5.896423567308638
2024,13,BUF,pass,base,6.0
2024,13,BUF,pass,rate,6.029500756429652
2024,13,BUF,pass,rate_pace,6.108831403739135
2024,13,BUF,pass,full,6.231583918917092
2024,13,SF,rec,base,6.0
2024,13,SF,rec,rate,6.06803542673108
2024,13,SF,rec,rate_pace,6.06803542673108
2024,13,SF,rec,full,6.231430004134229
2024,13,SF,rush,base,6.0
2024,13,SF,rush,rate,6.07983682983683
2024,13,SF,rush,rate_pace,6.07983682983683
2024,13,SF,rush,full,5.887067591504068
2024,13,SF,pass,base,6.0
2024,13,SF,pass,rate,6.122541603630863
2024,13,SF,pass,rate_pace,6.121760170198375
2024,13,SF,pass,full,6.286258538679761
2024,13,DEN,rec,base,5.0
2024,13,DEN,rec,rate,5.0161030595813205
2024,13,DEN,rec,rate_pace,5.0161030595813205
2024,13,DEN,rec,full,5.009348440148681
2024,13,DEN,rush,base,5.0
2024,13,DEN,rush,rate,4.991841491841492
2024,13,DEN,rush,rate_pace,4.991841491841492
2024,13,DEN,rush,full,5.020327245313984
2024,13,DEN,pass,base,5.0
2024,13,DEN,pass,rate,5.0030257186081695
2024,13,DEN,pass,rate_pace,4.99242342682068
2024,13,DEN,pass,full,4.985452037414114
2024,13,CLE,rec,base,6.0
2024,13,CLE,rec,rate,5.994363929146537
2024,13,CLE,rec,rate_pace,5.994363929146537
2024,13,CLE,rec,full,6.104141559792394
2024,13,CLE,rush,base,6.0
2024,13,CLE,rush,rate,5.905011655011655
2024,13,CLE,rush,rate_pace,5.905011655011655
2024,13,CLE,rush,full,5.615527104015307
2024,13,CLE,pass,base,6.0
2024,13,CLE,pass,rate,5.97730711043873
2024,13,CLE,pass,rate_pace,5.816893768699059
2024,13,CLE,pass,full,5.92676890398913
2025,1,PHI,rec,base,17.0
2025,1,PHI,rec,rate,17.055863708399364
2025,1,PHI,rec,rate_pace,17.055863708399364
2025,1,PHI,rec,full,17.430410987800503
2025,1,PHI,rush,base,17.0
2025,1,PHI,rush,rate,17.067415730337082
2025,1,PHI,rush,rate_pace,17.067415730337082
2025,1,PHI,rush,full,16.896348526007905
2025,1,PHI,pass,base,17.0
2025,1,PHI,pass,rate,17.144245142002994
2025,1,PHI,pass,rate_pace,18.271477403264196
2025,1,PHI,pass,full,18.64758511863119
2025,1,DAL,rec,base,17.0
2025,1,DAL,rec,rate,16.913232963549923
2025,1,DAL,rec,rate_pace,16.913232963549923
2025,1,DAL,rec,full,17.32905913414067
2025,1,DAL,rush,base,17.0
2025,1,DAL,rush,rate,17.01123595505618
2025,1,DAL,rush,rate_pace,17.01123595505618
2025,1,DAL,rush,full,16.249943920683826
2025,1,DAL,pass,base,17.0
2025,1,DAL,pass,rate,16.864723467862483
2025,1,DAL,pass,rate_pace,16.470970232557924
2025,1,DAL,pass,full,16.884845324673176
2025,1,LAC,rec,base,17.0
2025,1,LAC,rec,rate,16.94294770206022
2025,1,LAC,rec,rate_pace,16.94294770206022
2025,1,LAC,rec,full,17.087762110017703
2025,1,LAC,rush,base,17.0
2025,1,LAC,rush,rate,16.8623595505618
2025,1,LAC,rush,rate_pace,16.8623595505618
2025,1,LAC,rush,full,16.749945801921793
2025,1,LAC,pass,base,17.0
2025,1,LAC,pass,rate,16.937967115097162
2025,1,LAC,pass,rate_pace,17.21515815458798
2025,1,LAC,pass,full,17.359586686335295
2025,1,KC,rec,base,17.0
2025,1,KC,rec,rate,16.979793977812996
2025,1,KC,rec,rate_pace,16.979793977812996
2025,1,KC,rec,full,17.24615444880048
2025,1,KC,rush,base,17.0
2025,1,KC,rush,rate,16.94550561797753
2025,1,KC,rush,rate_pace,16.94550561797753
2025,1,KC,rush,full,16.60894112724145
2025,1,KC,pass,base,17.0
2025,1,KC,pass,rate,16.949177877428998
2025,1,KC,pass,rate_pace,16.631634256345283
2025,1,KC,pass,full,16.898805150972183
2025,1,ATL,rec,base,17.0
2025,1,ATL,rec,rate,17.043977812995244
2025,1,ATL,rec,rate_pace,17.043977812995244
2025,1,ATL,rec,full,17.347238239603
2025,1,ATL,rush,base,17.0
2025,1,ATL,rush,rate,17.095505617977523
2025,1,ATL,rush,rate_pace,17.095505617977523
2025,1,ATL,rush,full,16.692098881670052
2025,1,ATL,pass,base,17.0
2025,1,ATL,pass,rate,17.08445440956652
2025,1,ATL,pass,rate_pace,17.34314264769996
2025,1,ATL,pass,full,17.64748798067967
2025,1,TB,rec,base,17.0
2025,1,TB,rec,rate,17.003961965134707
2025,1,TB,rec,rate_pace,17.003961965134707
2025,1,TB,rec,full,17.248980643301188
2025,1,TB,rush,base,17.0
2025,1,TB,rush,rate,17.115168539325843
2025,1,TB,rush,rate_pace,17.115168539325843
2025,1,TB,rush,full,16.91281803727927
2025,1,TB,pass,base,17.0
2025,1,TB,pass,rate,16.949177877428998
2025,1,TB,pass,rate_pace,16.85249541480315
2025,1,TB,pass,full,17.096633527018998
2025,1,CLE,rec,base,17.0
2025,1,CLE,rec,rate,16.98732171156894
2025,1,CLE,rec,rate_pace,16.98732171156894
2025,1,CLE,rec,full,17.092197799410553
2025,1,CLE,rush,base,17.0
2025,1,CLE,rush,rate,16.842134831460676
2025,1,CLE,rush,rate_pace,16.842134831460676
2025,1,CLE,rush,full,16.420189788252735
2025,1,CLE,pass,base,17.0
2025,1,CLE,pass,rate,16.983557548579974
2025,1,CLE,pass,rate_pace,16.214917649977476
2025,1,CLE,pass,full,16.31994208857108
2025,1,CIN,rec,base,17.0
2025,1,CIN,rec,rate,17.06259904912837
2025,1,CIN,rec,rate_pace,17.06259904912837
2025,1,CIN,rec,full,17.381556617466252
2025,1,CIN,rush,base,17.0
2025,1,CIN,rush,rate,16.832022471910115
2025,1,CIN,rush,rate_pace,16.832022471910115
2025,1,CIN,rush,full,16.302479902861958
2025,1,CIN,pass,base,17.0
2025,1,CIN,pass,rate,17.1390134529148
2025,1,CIN,pass,rate_pace,16.599577438756995
2025,1,CIN,pass,full,16.91979259663381
2025,1,IND,rec,base,17.0
2025,1,IND,rec,rate,16.949286846275754
2025,1,IND,rec,rate_pace,16.949286846275754
2025,1,IND,rec,full,17.190834637571424
2025,1,IND,rush,base,17.0
2025,1,IND,rush,rate,16.95505617977528
2025,1,IND,rush,rate_pace,16.95505617977528
2025,1,IND,rush,full,16.615530145156736
2025,1,IND,pass,base,17.0
2025,1,IND,pass,rate,16.881165919282513
2025,1,IND,pass,rate_pace,17.327764480310837
2025,1,IND,pass,full,17.56825146809733
2025,1,MIA,rec,base,17.0
2025,1,MIA,rec,rate,17.085182250396198
2025,1,MIA,rec,rate_pace,17.085182250396198
2025,1,MIA,rec,full,17.312631904482256
2025,1,MIA,rush,base,17.0
2025,1,MIA,rush,rate,16.996629213483143
2025,1,MIA,rush,rate_pace,16.996629213483143
2025,1,MIA,rush,full,16.69847264950204
2025,1,MIA,pass,base,17.0
2025,1,MIA,pass,rate,17.10612855007474
2025,1,MIA,pass,rate_pace,16.885035973278818
2025,1,MIA,pass,full,17.11427589448391
2025,1,JAX,rec,base,17.0
2025,1,JAX,rec,rate,16.93423137876387
2025,1,JAX,rec,rate_pace,16.93423137876387
2025,1,JAX,rec,full,17.048374672104433
2025,1,JAX,rush,base,17.0
2025,1,JAX,rush,rate,16.969101123595507
2025,1,JAX,rush,rate_pace,16.969101123595507
2025,1,JAX,rush,full,16.73292581231012
2025,1,JAX,pass,base,17.0
2025,1,JAX,pass,rate,16.86696562032885
2025,1,JAX,pass,rate_pace,16.960069853811817
2025,1,JAX,pass,full,17.074069524421624
2025,1,CAR,rec,base,17.0
2025,1,CAR,rec,rate,17.043977812995244
2025,1,CAR,rec,rate_pace,17.043977812995244
2025,1,CAR,rec,full,17.392429158092344
2025,1,CAR,rush,base,17.0
2025,1,CAR,rush,rate,17.020224719101126
2025,1,CAR,rush,rate_pace,17.020224719101126
2025,1,CAR,rush,full,16.28059659707389
2025,1,CAR,pass,base,17.0
2025,1,CAR,pass,rate,17.041106128550076
2025,1,CAR,pass,rate_pace,17.120546648298546
2025,1,CAR,pass,full,17.47034354482485
2025,1,NE,rec,base,17.0
2025,1,NE,rec,rate,17.06299524564184
2025,1,NE,rec,rate_pace,17.06299524564184
2025,1,NE,rec,full,17.165468470949044
2025,1,NE,rush,base,17.0
2025,1,NE,rush,rate,16.952808988764044
2025,1,NE,rush,rate_pace,16.952808988764044
2025,1,NE,rush,full,16.69102952703477
2025,1,NE,pass,base,17.0
2025,1,NE,pass,rate,17.07772795216741
2025,1,NE,pass,rate_pace,16.973041106825097
2025,1,NE,pass,full,17.077094595985013
2025,1,LV,rec,base,17.0
2025,1,LV,rec,rate,16.989302694136292
2025,1,LV,rec,rate_pace,16.989302694136292
2025,1,LV,rec,full,17.169266101866633
2025,1,LV,rush,base,17.0
2025,1,LV,rush,rate,16.97303370786517
2025,1,LV,rush,rate_pace,16.97303370786517
2025,1,LV,rush,full,16.55274650944303
2025,1,LV,pass,base,17.0
2025,1,LV,pass,rate,16.94693572496263
2025,1,LV,pass,rate_pace,16.455123291667917
2025,1,LV,pass,full,16.634350474301797
2025,1,NO,rec,base,17.0
2025,1,NO,rec,rate,17.061014263074483
2025,1,NO,rec,rate_pace,17.061014263074483
2025,1,NO,rec,full,17.01150435064353
2025,1,NO,rush,base,17.0
2025,1,NO,rush,rate,17.080898876404493
2025,1,NO,rush,rate_pace,17.080898876404493
2025,1,NO,rush,full,16.971977580007596
2025,1,NO,pass,base,17.0
2025,1,NO,pass,rate,17.069506726457405
2025,1,NO,pass,rate_pace,17.083955687531468
2025,1,NO,pass,full,17.034503694182465
2025,1,ARI,rec,base,17.0
2025,1,ARI,rec,rate,17.001188589540412
2025,1,ARI,rec,rate_pace,17.001188589540412
2025,1,ARI,rec,full,17.27771912911179
2025,1,ARI,rush,base,17.0
2025,1,ARI,rush,rate,17.07134831460674
2025,1,ARI,rush,rate_pace,17.07134831460674
2025,1,ARI,rush,full,16.760250246587738
2025,1,ARI,pass,base,17.0
2025,1,ARI,pass,rate,16.98878923766816
2025,1,ARI,pass,rate_pace,17.07596612726924
2025,1,ARI,pass,full,17.352594791819442
2025,1,NYJ,rec,base,17.0
2025,1,NYJ,rec,rate,17.125198098256732
2025,1,NYJ,rec,rate_pace,17.125198098256732
2025,1,NYJ,rec,full,17.273590701408786
2025,1,NYJ,rush,base,17.0
2025,1,NYJ,rush,rate,16.971348314606743
2025,1,NYJ,rush,rate_pace,16.971348314606743
2025,1,NYJ,rush,full,16.589246828119805
2025,1,NYJ,pass,base,17.0
2025,1,NYJ,pass,rate,17.18609865470852
2025,1,NYJ,pass,rate_pace,16.974518261644004
2025,1,NYJ,pass,full,17.124584761711564
2025,1,PIT,rec,base,17.0
2025,1,PIT,rec,rate,17.037242472266243
2025,1,PIT,rec,rate_pace,17.037242472266243
2025,1,PIT,rec,full,17.19296332595
2025,1,PIT,rush,base,17.0
2025,1,PIT,rush,rate,16.882022471910112
2025,1,PIT,rush,rate_pace,16.882022471910112
2025,1,PIT,rush,full,16.6928650030834
2025,1,PIT,pass,base,17.0
2025,1,PIT,pass,rate,17.056053811659194
2025,1,PIT,pass,rate_pace,17.341918668654806
2025,1,PIT,pass,full,17.497060878029504
2025,1,WAS,rec,base,17.0
2025,1,WAS,rec,rate,16.937004754358163
2025,1,WAS,rec,rate_pace,16.937004754358163
2025,1,WAS,rec,full,17.386918246935053
2025,1,WAS,rush,base,17.0
2025,1,WAS,rush,rate,16.962921348314605
2025,1,WAS,rush,rate_pace,16.962921348314605
2025,1,WAS,rush,full,16.433609698872864
2025,1,WAS,pass,base,17.0
2025,1,WAS,pass,rate,16.88490284005979
2025,1,WAS,pass,rate_pace,16.577447826077044
2025,1,WAS,pass,full,17.02515442939183
2025,1,NYG,rec,base,17.0
2025,1,NYG,rec,rate,16.905309033280506
2025,1,NYG,rec,rate_pace,16.905309033280506
2025,1,NYG,rec,full,17.086300494039182
2025,1,NYG,rush,base,17.0
2025,1,NYG,rush,rate,17.03258426966292
2025,1,NYG,rush,rate_pace,17.03258426966292
2025,1,NYG,rush,full,16.614077800673368
2025,1,NYG,pass,base,17.0
2025,1,NYG,pass,rate,16.84304932735426
2025,1,NYG,pass,rate_pace,16.595781790784613
2025,1,NYG,pass,full,16.775177820565276
2025,1,DEN,rec,base,17.0
2025,1,DEN,rec,rate,16.95166402535658
2025,1,DEN,rec,rate_pace,16.95166402535658
2025,1,DEN,rec,full,17.03448052845812
2025,1,DEN,rush,base,17.0
2025,1,DEN,rush,rate,16.9561797752809
2025,1,DEN,rush,rate_pace,16.9561797752809
2025,1,DEN,rush,full,16.925748360953527
2025,1,DEN,pass,base,17.0
2025,1,DEN,pass,rate,16.887892376681616
2025,1,DEN,pass,rate_pace,16.865715784722724
2025,1,DEN,pass,full,16.94772012248435
2025,1,TEN,rec,base,17.0
2025,1,TEN,rec,rate,17.045562599049127
2025,1,TEN,rec,rate_pace,17.045562599049127
2025,1,TEN,rec,full,17.039266711097248
2025,1,TEN,rush,base,17.0
2025,1,TEN,rush,rate,16.964606741573032
2025,1,TEN,rush,rate_pace,16.964606741573032
2025,1,TEN,rush,full,16.808535690057067
2025,1,TEN,pass,base,17.0
2025,1,TEN,pass,rate,17.062780269058297
2025,1,TEN,pass,rate_pace,17.19219286716016
2025,1,TEN,pass,full,17.185318269664986
2025,1,SEA,rec,base,17.0
2025,1,SEA,rec,rate,17.020206022187004
2025,1,SEA,rec,rate_pace,17.020206022187004
2025,1,SEA,rec,full,16.992848472622782
2025,1,SEA,rush,base,17.0
2025,1,SEA,rush,rate,17.080898876404497
2025,1,SEA,rush,rate_pace,17.080898876404497
2025,1,SEA,rush,full,17.116175303337894
2025,1,SEA,pass,base,17.0
2025,1,SEA,pass,rate,17.03587443946188
2025,1,SEA,pass,rate_pace,16.73732371405377
2025,1,SEA,pass,full,16.70932940421207
2025,1,SF,rec,base,17.0
2025,1,SF,rec,rate,17.080824088748017
2025,1,SF,rec,rate_pace,17.080824088748017
2025,1,SF,rec,full,17.41290862673995
2025,1,SF,rush,base,17.0
2025,1,SF,rush,rate,17.12247191011236
2025,1,SF,rush,rate_pace,17.12247191011236
2025,1,SF,rush,full,16.765104415073008
2025,1,SF,pass,base,17.0
2025,1,SF,pass,rate,17.15321375186846
2025,1,SF,pass,rate_pace,17.2394010012157
2025,1,SF,pass,full,17.572972376030243
2025,1,GB,rec,base,17.0
2025,1,GB,rec,rate,17.060221870047542
2025,1,GB,rec,rate_pace,17.060221870047542
2025,1,GB,rec,full,17.29427391132654
2025,1,GB,rush,base,17.0
2025,1,GB,rush,rate,17.017977528089887
2025,1,GB,rush,rate_pace,17.017977528089887
2025,1,GB,rush,full,16.882912920977564
2025,1,GB,pass,base,17.0
2025,1,GB,pass,rate,17.148729446935725
2025,1,GB,pass,rate_pace,18.062192120002827
2025,1,GB,pass,full,18.295584706890917
2025,1,DET,rec,base,17.0
2025,1,DET,rec,rate,16.977812995245642
2025,1,DET,rec,rate_pace,16.977812995245642
2025,1,DET,rec,full,17.51129518483761
2025,1,DET,rush,base,17.0
2025,1,DET,rush,rate,16.921348314606742
2025,1,DET,rush,rate_pace,16.921348314606742
2025,1,DET,rush,full,16.406533009016552
2025,1,DET,pass,base,17.0
2025,1,DET,pass,rate,17.026158445440956
2025,1,DET,pass,rate_pace,17.168171477010727
2025,1,DET,pass,full,17.701313005098378
2025,1,LA,rec,base,17.0
2025,1,LA,rec,rate,16.979793977812996
2025,1,LA,rec,rate_pace,16.979793977812996
2025,1,LA,rec,full,17.182221761818393
2025,1,LA,rush,base,17.0
2025,1,LA,rush,rate,16.99719101123595
2025,1,LA,rush,rate_pace,16.99719101123595
2025,1,LA,rush,full,16.788241603890203
2025,1,LA,pass,base,17.0
2025,1,LA,pass,rate,16.921524663677133
2025,1,LA,pass,rate_pace,17.24450285593269
2025,1,LA,pass,full,17.444936873883446
2025,1,HOU,rec,base,17.0
2025,1,HOU,rec,rate,17.044770206022186
2025,1,HOU,rec,rate_pace,17.044770206022186
2025,1,HOU,rec,full,17.133569318758028
2025,1,HOU,rush,base,17.0
2025,1,HOU,rush,rate,16.913483146067414
2025,1,HOU,rush,rate_pace,16.913483146067414
2025,1,HOU,rush,full,16.776036178771715
2025,1,HOU,pass,base,17.0
2025,1,HOU,pass,rate,17.068759342301945
2025,1,HOU,pass,rate_pace,16.841189210746006
2025,1,HOU,pass,full,16.93003898369166
2025,1,BUF,rec,base,17.0
2025,1,BUF,rec,rate,16.934627575277336
2025,1,BUF,rec,rate_pace,16.934627575277336
2025,1,BUF,rec,full,17.380090607008444
2025,1,BUF,rush,base,17.0
2025,1,BUF,rush,rate,16.879775280898876
2025,1,BUF,rush,rate_pace,16.879775280898876
2025,1,BUF,rush,full,16.573892648854734
2025,1,BUF,pass,base,17.0
2025,1,BUF,pass,rate,16.84080717488789
2025,1,BUF,pass,rate_pace,17.176012173425175
2025,1,BUF,pass,full,17.61856006468021
2025,1,BAL,rec,base,17.0
2025,1,BAL,rec,rate,17.03565768621236
2025,1,BAL,rec,rate_pace,17.03565768621236
2025,1,BAL,rec,full,17.396770448026437
2025,1,BAL,rush,base,17.0
2025,1,BAL,rush,rate,16.92640449438202
2025,1,BAL,rush,rate_pace,16.92640449438202
2025,1,BAL,rush,full,16.76566913693618
2025,1,BAL,pass,base,17.0
2025,1,BAL,pass,rate,17.081464872944693
2025,1,BAL,pass,rate_pace,18.04004777851598
2025,1,BAL,pass,full,18.402591565726777
2025,1,CHI,rec,base,17.0
2025,1,CHI,rec,rate,16.980190174326466
2025,1,CHI,rec,rate_pace,16.980190174326466
2025,1,CHI,rec,full,17.036199542273863
2025,1,CHI,rush,base,17.0
2025,1,CHI,rush,rate,16.93707865168539
2025,1,CHI,rush,rate_pace,16.93707865168539
2025,1,CHI,rush,full,16.69962634007221
2025,1,CHI,pass,base,17.0
2025,1,CHI,pass,rate,16.984304932735427
2025,1,CHI,pass,rate_pace,16.691234910453826
2025,1,CHI,pass,full,16.746345244356714
2025,1,MIN,rec,base,17.0
2025,1,MIN,rec,rate,17.009508716323296
2025,1,MIN,rec,rate_pace,17.009508716323296
2025,1,MIN,rec,full,17.085317171362032
2025,1,MIN,rush,base,17.0
2025,1,MIN,rush,rate,17.022471910112362
2025,1,MIN,rush,rate_pace,17.022471910112362
2025,1,MIN,rush,full,16.798707909264564
2025,1,MIN,pass,base,17.0
2025,1,MIN,pass,rate,17.016442451420033
2025,1,MIN,pass,rate_pace,16.84611294789162
2025,1,MIN,pass,full,16.9196076503262
2025,5,LA,rec,base,13.0
2025,5,LA,rec,rate,12.998805732484078
2025,5,LA,rec,rate_pace,12.998805732484078
2025,5,LA,rec,full,13.081678145051077
2025,5,LA,rush,base,13.0
2025,5,LA,rush,rate,13.016930022573364
2025,5,LA,rush,rate_pace,13.016930022573364
2025,5,LA,rush,full,12.980114166276437
2025,5,LA,pass,base,13.0
2025,5,LA,pass,rate,12.940512048192772
2025,5,LA,pass,rate_pace,13.177995864963922
2025,5,LA,pass,full,13.261395373660365
2025,5,SF,rec,base,13.0
2025,5,SF,rec,rate,13.048566878980889
2025,5,SF,rec,rate_pace,13.048566878980889
2025,5,SF,rec,full,13.020542212933039
2025,5,SF,rush,base,13.0
2025,5,SF,rush,rate,13.082957110609483
2025,5,SF,rush,rate_pace,13.082957110609483
2025,5,SF,rush,full,13.113465496005073
2025,5,SF,pass,base,13.0
2025,5,SF,pass,rate,13.109186746987952
2025,5,SF,pass,rate_pace,13.075088047108732
2025,5,SF,pass,full,13.046216774412663
2025,5,CLE,rec,base,13.0
2025,5,CLE,rec,rate,13.072054140127388
2025,5,CLE,rec,rate_pace,13.072054140127388
2025,5,CLE,rec,full,13.013513173079247
2025,5,CLE,rush,base,13.0
2025,5,CLE,rush,rate,12.990406320541762
2025,5,CLE,rush,rate_pace,12.990406320541762
2025,5,CLE,rush,full,12.943129328083634
2025,5,CLE,pass,base,13.0
2025,5,CLE,pass,rate,13.123493975903614
2025,5,CLE,pass,rate_pace,12.507034314135634
2025,5,CLE,pass,full,12.448475546729899
2025,5,MIN,rec,base,13.0
2025,5,MIN,rec,rate,13.033837579617835
2025,5,MIN,rec,rate_pace,13.033837579617835
2025,5,MIN,rec,full,13.150619810447544
2025,5,MIN,rush,base,13.0
2025,5,MIN,rush,rate,13.001693002257337
2025,5,MIN,rush,rate_pace,13.001693002257337
2025,5,MIN,rush,full,12.806880609309106
2025,5,MIN,pass,base,13.0
2025,5,MIN,pass,rate,13.068524096385541
2025,5,MIN,pass,rate_pace,12.941002777965549
2025,5,MIN,pass,full,13.05772049167686
2025,5,BAL,rec,base,13.0
2025,5,BAL,rec,rate,13.038216560509557
2025,5,BAL,rec,rate_pace,13.038216560509557
2025,5,BAL,rec,full,13.216961384357749
2025,5,BAL,rush,base,13.0
2025,5,BAL,rush,rate,12.950902934537249
2025,5,BAL,rush,rate_pace,12.950902934537249
2025,5,BAL,rush,full,12.75714307832349
2025,5,BAL,pass,base,13.0
2025,5,BAL,pass,rate,13.112951807228914
2025,5,BAL,pass,rate_pace,13.716833610220878
2025,5,BAL,pass,full,13.895792392264221
2025,5,HOU,rec,base,13.0
2025,5,HOU,rec,rate,12.999203821656048
2025,5,HOU,rec,rate_pace,12.999203821656048
2025,5,HOU,rec,full,12.959031293661475
2025,5,HOU,rush,base,13.0
2025,5,HOU,rush,rate,12.961625282167045
2025,5,HOU,rush,rate_pace,12.961625282167045
2025,5,HOU,rush,full,13.020489332697094
2025,5,HOU,pass,base,13.0
2025,5,HOU,pass,rate,12.956325301204819
2025,5,HOU,pass,rate_pace,12.995693504914936
2025,5,HOU,pass,full,12.955766288391882
2025,5,CAR,rec,base,13.0
2025,5,CAR,rec,rate,13.026671974522294
2025,5,CAR,rec,rate_pace,13.026671974522294
2025,5,CAR,rec,full,13.254027864430556
2025,5,CAR,rush,base,13.0
2025,5,CAR,rush,rate,12.957110609480814
2025,5,CAR,rush,rate_pace,12.957110609480814
2025,5,CAR,rush,full,12.433024218587333
2025,5,CAR,pass,base,13.0
2025,5,CAR,pass,rate,13.033132530120481
2025,5,CAR,pass,rate_pace,12.99669101476101
2025,5,CAR,pass,full,13.225264782663546
2025,5,MIA,rec,base,13.0
2025,5,MIA,rec,rate,13.083996815286625
2025,5,MIA,rec,rate_pace,13.083996815286625
2025,5,MIA,rec,full,13.321687991414151
2025,5,MIA,rush,base,13.0
2025,5,MIA,rush,rate,13.012415349887135
2025,5,MIA,rush,rate_pace,13.012415349887135
2025,5,MIA,rush,full,12.647864969525303
2025,5,MIA,pass,base,13.0
2025,5,MIA,pass,rate,13.118222891566266
2025,5,MIA,pass,rate_pace,13.03501993708539
2025,5,MIA,pass,full,13.27313910693096
2025,5,IND,rec,base,13.0
2025,5,IND,rec,rate,12.982085987261145
2025,5,IND,rec,rate_pace,12.982085987261145
2025,5,IND,rec,full,13.115511669056307
2025,5,IND,rush,base,13.0
2025,5,IND,rush,rate,12.992663656884876
2025,5,IND,rush,rate_pace,12.992663656884876
2025,5,IND,rush,full,12.857167350422381
2025,5,IND,pass,base,13.0
2025,5,IND,pass,rate,12.914156626506022
2025,5,IND,pass,rate_pace,13.218274181828471
2025,5,IND,pass,full,13.350506384975155
2025,5,LV,rec,base,13.0
2025,5,LV,rec,rate,13.028662420382167
2025,5,LV,rec,rate_pace,13.028662420382167
2025,5,LV,rec,full,13.1682374398567
2025,5,LV,rush,base,13.0
2025,5,LV,rush,rate,12.970654627539504
2025,5,LV,rush,rate_pace,12.970654627539504
2025,5,LV,rush,full,12.635954365672879
2025,5,LV,pass,base,13.0
2025,5,LV,pass,rate,13.031626506024097
2025,5,LV,pass,rate_pace,12.786809321625391
2025,5,LV,pass,full,12.92594460703168
2025,5,NO,rec,base,13.0
2025,5,NO,rec,rate,13.108280254777071
2025,5,NO,rec,rate_pace,13.108280254777071
2025,5,NO,rec,full,13.142242083294946
2025,5,NO,rush,base,13.0
2025,5,NO,rush,rate,13.104966139954854
2025,5,NO,rush,rate_pace,13.104966139954854
2025,5,NO,rush,full,12.923472109139945
2025,5,NO,pass,base,13.0
2025,5,NO,pass,rate,13.167921686746986
2025,5,NO,pass,rate_pace,12.875958246458545
2025,5,NO,pass,full,12.90943901928583
2025,5,NYG,rec,base,13.0
2025,5,NYG,rec,rate,13.01154458598726
2025,5,NYG,rec,rate_pace,13.01154458598726
2025,5,NYG,rec,full,13.087762999343283
2025,5,NYG,rush,base,13.0
2025,5,NYG,rush,rate,12.983069977426636
2025,5,NYG,rush,rate_pace,12.983069977426636
2025,5,NYG,rush,full,12.679266453135346
2025,5,NYG,pass,base,13.0
2025,5,NYG,pass,rate,13.034638554216867
2025,5,NYG,pass,rate_pace,12.827915728359496
2025,5,NYG,pass,full,12.904939324862653
2025,5,NYJ,rec,base,13.0
2025,5,NYJ,rec,rate,13.132563694267516
2025,5,NYJ,rec,rate_pace,13.132563694267516
2025,5,NYJ,rec,full,13.310632527320191
2025,5,NYJ,rush,base,13.0
2025,5,NYJ,rush,rate,13.028781038374719
2025,5,NYJ,rush,rate_pace,13.028781038374719
2025,5,NYJ,rush,full,12.652570796647773
2025,5,NYJ,pass,base,13.0
2025,5,NYJ,pass,rate,13.213855421686747
2025,5,NYJ,pass,rate_pace,13.103590526603941
2025,5,NYJ,pass,full,13.283022190081278
2025,5,DAL,rec,base,13.0
2025,5,DAL,rec,rate,13.01751592356688
2025,5,DAL,rec,rate_pace,13.01751592356688
2025,5,DAL,rec,full,13.499149383910204
2025,5,DAL,rush,base,13.0
2025,5,DAL,rush,rate,13.050225733634308
2025,5,DAL,rush,rate_pace,13.050225733634308
2025,5,DAL,rush,full,12.178618254877357
2025,5,DAL,pass,base,13.0
2025,5,DAL,pass,rate,13.03539156626506
2025,5,DAL,pass,rate_pace,12.6953605397941
2025,5,DAL,pass,full,13.178659633215899
2025,5,PHI,rec,base,13.0
2025,5,PHI,rec,rate,13.10390127388535
2025,5,PHI,rec,rate_pace,13.10390127388535
2025,5,PHI,rec,full,13.360963049646715
2025,5,PHI,rush,base,13.0
2025,5,PHI,rush,rate,13.084650112866816
2025,5,PHI,rush,rate_pace,13.084650112866816
2025,5,PHI,rush,full,12.964268809590862
2025,5,PHI,pass,base,13.0
2025,5,PHI,pass,rate,13.216867469879517
2025,5,PHI,pass,rate_pace,13.865849031272875
2025,5,PHI,pass,full,14.125748541298613
2025,5,DEN,rec,base,13.0
2025,5,DEN,rec,rate,13.010748407643312
2025,5,DEN,rec,rate_pace,13.010748407643312
2025,5,DEN,rec,full,13.00261801550333
2025,5,DEN,rush,base,13.0
2025,5,DEN,rush,rate,12.966704288939054
2025,5,DEN,rush,rate_pace,12.966704288939054
2025,5,DEN,rush,full,13.058472087852923
2025,5,DEN,pass,base,13.0
2025,5,DEN,pass,rate,13.001506024096388
2025,5,DEN,pass,rate_pace,12.96325387976631
2025,5,DEN,pass,full,12.954954593289681
2025,5,ARI,rec,base,13.0
2025,5,ARI,rec,rate,12.978503184713379
2025,5,ARI,rec,rate_pace,12.978503184713379
2025,5,ARI,rec,full,13.10334648045968
2025,5,ARI,rush,base,13.0
2025,5,ARI,rush,rate,12.963882618510159
2025,5,ARI,rush,rate_pace,12.963882618510159
2025,5,ARI,rush,full,12.814913212525626
2025,5,ARI,pass,base,13.0
2025,5,ARI,pass,rate,12.980421686746988
2025,5,ARI,pass,rate_pace,12.945073234693943
2025,5,ARI,pass,full,13.071173907821098
2025,5,TEN,rec,base,13.0
2025,5,TEN,rec,rate,13.039410828025476
2025,5,TEN,rec,rate_pace,13.039410828025476
2025,5,TEN,rec,full,13.004907285476282
2025,5,TEN,rush,base,13.0
2025,5,TEN,rush,rate,12.96839729119639
2025,5,TEN,rush,rate_pace,12.96839729119639
2025,5,TEN,rush,full,12.778477634309766
2025,5,TEN,pass,base,13.0
2025,5,TEN,pass,rate,13.01882530120482
2025,5,TEN,pass,rate_pace,13.070331833119448
2025,5,TEN,pass,full,13.035628876078114
2025,5,SEA,rec,base,13.0
2025,5,SEA,rec,rate,13.000000000000002
2025,5,SEA,rec,rate_pace,13.000000000000002
2025,5,SEA,rec,full,12.950427504237393
2025,5,SEA,rush,base,13.0
2025,5,SEA,rush,rate,13.04288939051919
2025,5,SEA,rush,rate_pace,13.04288939051919
2025,5,SEA,rush,full,13.165576518181922
2025,5,SEA,pass,base,13.0
2025,5,SEA,pass,rate,13.018072289156624
2025,5,SEA,pass,rate_pace,13.116451567612955
2025,5,SEA,pass,full,13.067458286622351
2025,5,TB,rec,base,13.0
2025,5,TB,rec,rate,13.076433121019107
2025,5,TB,rec,rate_pace,13.076433121019107
2025,5,TB,rec,full,13.256291004883412
2025,5,TB,rush,base,13.0
2025,5,TB,rush,rate,13.172686230248308
2025,5,TB,rush,rate_pace,13.172686230248308
2025,5,TB,rush,full,13.02699902085119
2025,5,TB,pass,base,13.0
2025,5,TB,pass,rate,13.100150602409638
2025,5,TB,pass,rate_pace,12.942039843990798
2025,5,TB,pass,full,13.123357487324581
2025,5,CIN,rec,base,13.0
2025,5,CIN,rec,rate,13.071656050955415
2025,5,CIN,rec,rate_pace,13.071656050955415
2025,5,CIN,rec,full,13.223005527369722
2025,5,CIN,rush,base,13.0
2025,5,CIN,rush,rate,12.936230248307
2025,5,CIN,rush,rate_pace,12.936230248307
2025,5,CIN,rush,full,12.552861450442558
2025,5,CIN,pass,base,13.0
2025,5,CIN,pass,rate,13.131024096385541
2025,5,CIN,pass,rate_pace,12.73988877665709
2025,5,CIN,pass,full,12.891486278717842
2025,5,DET,rec,base,13.0
2025,5,DET,rec,rate,13.030254777070063
2025,5,DET,rec,rate_pace,13.030254777070063
2025,5,DET,rec,full,13.462221076340434
2025,5,DET,rush,base,13.0
2025,5,DET,rush,rate,13.02257336343115
2025,5,DET,rush,rate_pace,13.02257336343115
2025,5,DET,rush,full,12.63306914367813
2025,5,DET,pass,base,13.0
2025,5,DET,pass,rate,13.106927710843374
2025,5,DET,pass,rate_pace,13.275389384131099
2025,5,DET,pass,full,13.70972213085282
2025,5,LAC,rec,base,13.0
2025,5,LAC,rec,rate,13.039012738853502
2025,5,LAC,rec,rate_pace,13.039012738853502
2025,5,LAC,rec,full,13.121712862434519
2025,5,LAC,rush,base,13.0
2025,5,LAC,rush,rate,12.963318284424382
2025,5,LAC,rush,rate_pace,12.963318284424382
2025,5,LAC,rush,full,12.916877656100713
2025,5,LAC,pass,base,13.0
2025,5,LAC,pass,rate,13.095632530120481
2025,5,LAC,pass,rate_pace,13.015671695188013
2025,5,LAC,pass,full,13.099311657088121
2025,5,WAS,rec,base,13.0
2025,5,WAS,rec,rate,13.036624203821656
2025,5,WAS,rec,rate_pace,13.036624203821656
2025,5,WAS,rec,full,13.3730773209644
2025,5,WAS,rush,base,13.0
2025,5,WAS,rush,rate,13.080135440180587
2025,5,WAS,rush,rate_pace,13.080135440180587
2025,5,WAS,rush,full,12.65147155189567
2025,5,WAS,pass,base,13.0
2025,5,WAS,pass,rate,13.0625
2025,5,WAS,pass,rate_pace,12.872559096020897
2025,5,WAS,pass,full,13.210383338123936
2025,5,BUF,rec,base,13.0
2025,5,BUF,rec,rate,13.026273885350319
2025,5,BUF,rec,rate_pace,13.026273885350319
2025,5,BUF,rec,full,13.384709360531081
2025,5,BUF,rush,base,13.0
2025,5,BUF,rush,rate,12.947516930022577
2025,5,BUF,rush,rate_pace,12.947516930022577
2025,5,BUF,rush,full,12.714396611194113
2025,5,BUF,pass,base,13.0
2025,5,BUF,pass,rate,13.021084337349398
2025,5,BUF,pass,rate_pace,13.216341229423476
2025,5,BUF,pass,full,13.573674636947782
2025,5,NE,rec,base,13.0
2025,5,NE,rec,rate,13.110668789808917
2025,5,NE,rec,rate_pace,13.110668789808917
2025,5,NE,rec,full,13.170136661554944
2025,5,NE,rush,base,13.0
2025,5,NE,rush,rate,12.975733634311513
2025,5,NE,rush,rate_pace,12.975733634311513
2025,5,NE,rush,full,12.911630393426565
2025,5,NE,pass,base,13.0
2025,5,NE,pass,rate,13.150602409638553
2025,5,NE,pass,rate_pace,12.968795255459785
2025,5,NE,pass,full,13.028099901748972
2025,5,JAX,rec,base,13.0
2025,5,JAX,rec,rate,12.980493630573246
2025,5,JAX,rec,rate_pace,12.980493630573246
2025,5,JAX,rec,full,12.95372770707408
2025,5,JAX,rush,base,13.0
2025,5,JAX,rush,rate,12.954288939051922
2025,5,JAX,rush,rate_pace,12.954288939051922
2025,5,JAX,rush,full,12.997439462047153
2025,5,JAX,pass,base,13.0
2025,5,JAX,pass,rate,12.963102409638553
2025,5,JAX,pass,rate_pace,13.094010686068406
2025,5,JAX,pass,full,13.06709246969564
2025,5,KC,rec,base,13.0
2025,5,KC,rec,rate,13.077229299363056
2025,5,KC,rec,rate_pace,13.077229299363056
2025,5,KC,rec,full,13.234407291087148
2025,5,KC,rush,base,13.0
2025,5,KC,rush,rate,12.95372460496614
2025,5,KC,rush,rate_pace,12.95372460496614
2025,5,KC,rush,full,12.811113551021853
2025,5,KC,pass,base,13.0
2025,5,KC,pass,rate,13.161897590361445
2025,5,KC,pass,rate_pace,12.854119308640428
2025,5,KC,pass,full,13.01455838944542
2025,5,PIT,rec,base,13.0
2025,5,PIT,rec,rate,13.073646496815286
2025,5,PIT,rec,rate_pace,13.073646496815286
2025,5,PIT,rec,full,13.205182209174419
2025,5,PIT,rush,base,13.0
2025,5,PIT,rush,rate,12.957674943566593
2025,5,PIT,rush,rate_pace,12.957674943566593
2025,5,PIT,rush,full,12.81713567679159
2025,5,PIT,pass,base,13.0
2025,5,PIT,pass,rate,13.116716867469881
2025,5,PIT,pass,rate_pace,13.413257080165844
2025,5,PIT,pass,full,13.544138174767083
2025,5,GB,rec,base,13.0
2025,5,GB,rec,rate,13.08558917197452
2025,5,GB,rec,rate_pace,13.08558917197452
2025,5,GB,rec,full,13.198716598302534
2025,5,GB,rush,base,13.0
2025,5,GB,rush,rate,13.085778781038377
2025,5,GB,rush,rate_pace,13.085778781038377
2025,5,GB,rush,full,13.074832479636504
2025,5,GB,pass,base,13.0
2025,5,GB,pass,rate,13.172439759036145
2025,5,GB,pass,rate_pace,13.833271093570657
2025,5,GB,pass,full,13.945675621143337
2025,5,ATL,rec,base,13.0
2025,5,ATL,rec,rate,13.052547770700638
2025,5,ATL,rec,rate_pace,13.052547770700638
2025,5,ATL,rec,full,13.187463309537314
2025,5,ATL,rush,base,13.0
2025,5,ATL,rush,rate,13.036117381489845
2025,5,ATL,rush,rate_pace,13.036117381489845
2025,5,ATL,rush,full,12.883835055036574
2025,5,ATL,pass,base,13.0
2025,5,ATL,pass,rate,13.066265060240964
2025,5,ATL,pass,rate_pace,13.121218165058407
2025,5,ATL,pass,full,13.256162347669408
2025,5,CHI,rec,base,13.0
2025,5,CHI,rec,rate,12.980891719745223
2025,5,CHI,rec,rate_pace,12.980891719745223
2025,5,CHI,rec,full,13.013851866280865
2025,5,CHI,rush,base,13.0
2025,5,CHI,rush,rate,12.937358916478557
2025,5,CHI,rush,rate_pace,12.937358916478557
2025,5,CHI,rush,full,12.822431520881747
2025,5,CHI,pass,base,13.0
2025,5,CHI,pass,rate,12.968373493975905
2025,5,CHI,pass,rate_pace,12.7551333451472
2025,5,CHI,pass,full,12.787305940242874
2025,9,MIA,rec,base,9.0
2025,9,MIA,rec,rate,9.054365079365079
2025,9,MIA,rec,rate_pace,9.054365079365079
2025,9,MIA,rec,full,9.23424827663516
2025,9,MIA,rush,base,9.0
2025,9,MIA,rush,rate,8.944130925507901
2025,9,MIA,rush,rate_pace,8.944130925507901
2025,9,MIA,rush,full,8.634253737350015
2025,9,MIA,pass,base,9.0
2025,9,MIA,pass,rate,9.094594594594595
2025,9,MIA,pass,rate_pace,9.040207830057117
2025,9,MIA,pass,full,9.221166148239426
2025,9,BAL,rec,base,10.0
2025,9,BAL,rec,rate,10.030158730158728
2025,9,BAL,rec,rate_pace,10.030158730158728
2025,9,BAL,rec,full,10.34669369718619
2025,9,BAL,rush,base,10.0
2025,9,BAL,rush,rate,9.947516930022573
2025,9,BAL,rush,rate_pace,9.947516930022573
2025,9,BAL,rush,full,9.68466062864001
2025,9,BAL,pass,base,10.0
2025,9,BAL,pass,rate,10.084834834834833
2025,9,BAL,pass,rate_pace,10.613177605167719
2025,9,BAL,pass,full,10.930392343978934
2025,9,CIN,rec,base,9.0
2025,9,CIN,rec,rate,9.034523809523808
2025,9,CIN,rec,rate_pace,9.034523809523808
2025,9,CIN,rec,full,9.254822781159417
2025,9,CIN,rush,base,9.0
2025,9,CIN,rush,rate,8.98081264108352
2025,9,CIN,rush,rate_pace,8.98081264108352
2025,9,CIN,rush,full,8.407644843401638
2025,9,CIN,pass,base,9.0
2025,9,CIN,pass,rate,9.054804804804805
2025,9,CIN,pass,rate_pace,8.672188224955768
2025,9,CIN,pass,full,8.891799862946142
2025,9,CHI,rec,base,10.0
2025,9,CHI,rec,rate,9.977777777777778
2025,9,CHI,rec,rate_pace,9.977777777777778
2025,9,CHI,rec,full,10.004320505336228
2025,9,CHI,rush,base,10.0
2025,9,CHI,rush,rate,9.905756207674942
2025,9,CHI,rush,rate_pace,9.905756207674942
2025,9,CHI,rush,full,9.819578762143413
2025,9,CHI,pass,base,10.0
2025,9,CHI,pass,rate,9.966216216216218
2025,9,CHI,pass,rate_pace,9.824680827349624
2025,9,CHI,pass,full,9.849842302207648
2025,9,DET,rec,base,10.0
2025,9,DET,rec,rate,10.045238095238096
2025,9,DET,rec,rate_pace,10.045238095238096
2025,9,DET,rec,full,10.294818787326118
2025,9,DET,rush,base,10.0
2025,9,DET,rush,rate,10.05530474040632
2025,9,DET,rush,rate_pace,10.05530474040632
2025,9,DET,rush,full,9.85568017718942
2025,9,DET,pass,base,10.0
2025,9,DET,pass,rate,10.093843843843844
2025,9,DET,pass,rate_pace,10.136937579957554
2025,9,DET,pass,full,10.387030511541617
2025,9,MIN,rec,base,10.0
2025,9,MIN,rec,rate,10.03015873015873
2025,9,MIN,rec,rate_pace,10.03015873015873
2025,9,MIN,rec,full,10.107137098165932
2025,9,MIN,rush,base,10.0
2025,9,MIN,rush,rate,9.939616252821672
2025,9,MIN,rush,rate_pace,9.939616252821672
2025,9,MIN,rush,full,9.685373877557472
2025,9,MIN,pass,base,10.0
2025,9,MIN,pass,rate,10.060060060060058
2025,9,MIN,pass,rate_pace,9.942694128929578
2025,9,MIN,pass,full,10.019974170987801
2025,9,GB,rec,base,10.0
2025,9,GB,rec,rate,10.081746031746032
2025,9,GB,rec,rate_pace,10.081746031746032
2025,9,GB,rec,full,10.189949533002524
2025,9,GB,rush,base,10.0
2025,9,GB,rush,rate,10.033295711060948
2025,9,GB,rush,rate_pace,10.033295711060948
2025,9,GB,rush,full,10.016226667858833
2025,9,GB,pass,base,10.0
2025,9,GB,pass,rate,10.144894894894893
2025,9,GB,pass,rate_pace,10.5600053005637
2025,9,GB,pass,full,10.666709652004375
2025,9,CAR,rec,base,9.0
2025,9,CAR,rec,rate,8.913888888888888
2025,9,CAR,rec,rate_pace,8.913888888888888
2025,9,CAR,rec,full,8.920707460195633
2025,9,CAR,rush,base,9.0
2025,9,CAR,rush,rate,8.840857787810384
2025,9,CAR,rush,rate_pace,8.840857787810384
2025,9,CAR,rush,full,8.74278550343385
2025,9,CAR,pass,base,9.0
2025,9,CAR,pass,rate,8.837837837837837
2025,9,CAR,pass,rate_pace,8.932680598378747
2025,9,CAR,pass,full,8.939021380218882
2025,9,HOU,rec,base,10.0
2025,9,HOU,rec,rate,10.026587301587298
2025,9,HOU,rec,rate_pace,10.026587301587298
2025,9,HOU,rec,full,10.007065251885734
2025,9,HOU,rush,base,10.0
2025,9,HOU,rush,rate,9.963882618510159
2025,9,HOU,rush,rate_pace,9.963882618510159
2025,9,HOU,rush,full,10.04649629957418
2025,9,HOU,pass,base,10.0
2025,9,HOU,pass,rate,10.042042042042043
2025,9,HOU,pass,rate_pace,10.010879602415642
2025,9,HOU,pass,full,9.990264441434528
2025,9,DEN,rec,base,9.0
2025,9,DEN,rec,rate,9.008333333333333
2025,9,DEN,rec,rate_pace,9.008333333333333
2025,9,DEN,rec,full,9.036152739251218
2025,9,DEN,rush,base,9.0
2025,9,DEN,rush,rate,8.92155756207675
2025,9,DEN,rush,rate_pace,8.92155756207675
2025,9,DEN,rush,full,8.928819982060928
2025,9,DEN,pass,base,9.0
2025,9,DEN,pass,rate,9.0
2025,9,DEN,pass,rate_pace,8.988447304642603
2025,9,DEN,pass,full,9.01601616787142
2025,9,NE,rec,base,9.0
2025,9,NE,rec,rate,9.030158730158728
2025,9,NE,rec,rate_pace,9.030158730158728
2025,9,NE,rec,full,9.125945734841014
2025,9,NE,rush,base,9.0
2025,9,NE,rush,rate,8.979683972911966
2025,9,NE,rush,rate_pace,8.979683972911966
2025,9,NE,rush,full,8.914161610269883
2025,9,NE,pass,base,9.0
2025,9,NE,pass,rate,9.030780780780782
2025,9,NE,pass,rate_pace,9.007536782096041
2025,9,NE,pass,full,9.10344381511835
2025,9,ATL,rec,base,10.0
2025,9,ATL,rec,rate,9.958333333333332
2025,9,ATL,rec,rate_pace,9.958333333333332
2025,9,ATL,rec,full,9.946212901365314
2025,9,ATL,rush,base,10.0
2025,9,ATL,rush,rate,9.925507900677202
2025,9,ATL,rush,rate_pace,9.925507900677202
2025,9,ATL,rush,full,9.931337512928584
2025,9,ATL,pass,base,10.0
2025,9,ATL,pass,rate,9.911411411411411
2025,9,ATL,pass,rate_pace,10.13148033263636
2025,9,ATL,pass,full,10.11910432640314
2025,9,NYG,rec,base,9.0
2025,9,NYG,rec,rate,9.082142857142857
2025,9,NYG,rec,rate_pace,9.082142857142857
2025,9,NYG,rec,full,9.248003340384228
2025,9,NYG,rush,base,9.0
2025,9,NYG,rush,rate,8.963882618510159
2025,9,NYG,rush,rate_pace,8.963882618510159
2025,9,NYG,rush,full,8.66827006631752
2025,9,NYG,pass,base,9.0
2025,9,NYG,pass,rate,9.156906906906906
2025,9,NYG,pass,rate_pace,9.043758349954452
2025,9,NYG,pass,full,9.211262258460188
2025,9,SF,rec,base,9.0
2025,9,SF,rec,rate,9.032936507936508
2025,9,SF,rec,rate_pace,9.032936507936508
2025,9,SF,rec,full,8.97721741092135
2025,9,SF,rush,base,9.0
2025,9,SF,rush,rate,9.068848758465013
2025,9,SF,rush,rate_pace,9.068848758465013
2025,9,SF,rush,full,9.18278538949192
2025,9,SF,pass,base,9.0
2025,9,SF,pass,rate,9.07057057057057
2025,9,SF,pass,rate_pace,8.977332643538565
2025,9,SF,pass,full,8.920351172181576
2025,9,PIT,rec,base,10.0
2025,9,PIT,rec,rate,10.063095238095238
2025,9,PIT,rec,rate_pace,10.063095238095238
2025,9,PIT,rec,full,10.299500297556774
2025,9,PIT,rush,base,10.0
2025,9,PIT,rush,rate,10.005079006772009
2025,9,PIT,rush,rate_pace,10.005079006772009
2025,9,PIT,rush,full,9.680078164436923
2025,9,PIT,pass,base,10.0
2025,9,PIT,pass,rate,10.104354354354353
2025,9,PIT,pass,rate_pace,10.24979046813766
2025,9,PIT,pass,full,10.485679520152125
2025,9,IND,rec,base,9.0
2025,9,IND,rec,rate,9.011111111111111
2025,9,IND,rec,rate_pace,9.011111111111111
2025,9,IND,rec,full,9.125159505037868
2025,9,IND,rush,base,9.0
2025,9,IND,rush,rate,8.89277652370203
2025,9,IND,rush,rate_pace,8.89277652370203
2025,9,IND,rush,full,8.789313750219089
2025,9,IND,pass,base,9.0
2025,9,IND,pass,rate,8.997747747747747
2025,9,IND,pass,rate_pace,9.286320597035308
2025,9,IND,pass,full,9.40042143662887
2025,9,TEN,rec,base,9.0
2025,9,TEN,rec,rate,9.028571428571428
2025,9,TEN,rec,rate_pace,9.028571428571428
2025,9,TEN,rec,full,8.950452718305149
2025,9,TEN,rush,base,9.0
2025,9,TEN,rush,rate,8.917042889390519
2025,9,TEN,rush,rate_pace,8.917042889390519
2025,9,TEN,rush,full,8.867987812464946
2025,9,TEN,pass,base,9.0
2025,9,TEN,pass,rate,9.017267267267266
2025,9,TEN,pass,rate_pace,8.975043856808496
2025,9,TEN,pass,full,8.896338747680806
2025,9,LAC,rec,base,9.0
2025,9,LAC,rec,rate,9.031746031746032
2025,9,LAC,rec,rate_pace,9.031746031746032
2025,9,LAC,rec,full,9.119732430135167
2025,9,LAC,rush,base,9.0
2025,9,LAC,rush,rate,8.946952595936795
2025,9,LAC,rush,rate_pace,8.946952595936795
2025,9,LAC,rush,full,8.837693575146982
2025,9,LAC,pass,base,9.0
2025,9,LAC,pass,rate,9.07057057057057
2025,9,LAC,pass,rate_pace,8.922533342290029
2025,9,LAC,pass,full,9.010451734728974
2025,9,LA,rec,base,10.0
2025,9,LA,rec,rate,9.93095238095238
2025,9,LA,rec,rate_pace,9.93095238095238
2025,9,LA,rec,full,9.922509000204192
2025,9,LA,rush,base,10.0
2025,9,LA,rush,rate,9.920993227990971
2025,9,LA,rush,rate_pace,9.920993227990971
2025,9,LA,rush,full,10.02456069000263
2025,9,LA,pass,base,10.0
2025,9,LA,pass,rate,9.85885885885886
2025,9,LA,pass,rate_pace,10.138605861293254
2025,9,LA,pass,full,10.130748571877055
2025,9,NO,rec,base,9.0
2025,9,NO,rec,rate,8.978571428571428
2025,9,NO,rec,rate_pace,8.978571428571428
2025,9,NO,rec,full,8.917004583858432
2025,9,NO,rush,base,9.0
2025,9,NO,rush,rate,9.100451467268623
2025,9,NO,rush,rate_pace,9.100451467268623
2025,9,NO,rush,full,9.078984992632604
2025,9,NO,pass,base,9.0
2025,9,NO,pass,rate,8.95870870870871
2025,9,NO,pass,rate_pace,8.858153871933911
2025,9,NO,pass,full,8.796089186585693
2025,9,LV,rec,base,10.0
2025,9,LV,rec,rate,9.992460317460317
2025,9,LV,rec,rate_pace,9.992460317460317
2025,9,LV,rec,full,10.11403230569205
2025,9,LV,rush,base,10.0
2025,9,LV,rush,rate,9.940744920993229
2025,9,LV,rush,rate_pace,9.940744920993229
2025,9,LV,rush,full,9.61178030265382
2025,9,LV,pass,base,10.0
2025,9,LV,pass,rate,9.987987987987987
2025,9,LV,pass,rate_pace,9.98011033071336
2025,9,LV,pass,full,10.101111234133217
2025,9,JAX,rec,base,10.0
2025,9,JAX,rec,rate,10.01031746031746
2025,9,JAX,rec,rate_pace,10.01031746031746
2025,9,JAX,rec,full,10.009391897616876
2025,9,JAX,rush,base,10.0
2025,9,JAX,rush,rate,9.915349887133184
2025,9,JAX,rush,rate_pace,9.915349887133184
2025,9,JAX,rush,full,9.909899956665694
2025,9,JAX,pass,base,10.0
2025,9,JAX,pass,rate,10.028528528528527
2025,9,JAX,pass,rate_pace,9.945807815916002
2025,9,JAX,pass,full,9.943382150152326
2025,9,BUF,rec,base,10.0
2025,9,BUF,rec,rate,10.001190476190475
2025,9,BUF,rec,rate_pace,10.001190476190475
2025,9,BUF,rec,full,10.238979670173858
2025,9,BUF,rush,base,10.0
2025,9,BUF,rush,rate,9.882618510158014
2025,9,BUF,rush,rate_pace,9.882618510158014
2025,9,BUF,rush,full,9.735581153344492
2025,9,BUF,pass,base,10.0
2025,9,BUF,pass,rate,10.010510510510512
2025,9,BUF,pass,rate_pace,10.282077053545265
2025,9,BUF,pass,full,10.519404612733261
2025,9,KC,rec,base,9.0
2025,9,KC,rec,rate,9.001587301587302
2025,9,KC,rec,rate_pace,9.001587301587302
2025,9,KC,rec,full,9.080863943704498
2025,9,KC,rush,base,9.0
2025,9,KC,rush,rate,8.943002257336342
2025,9,KC,rush,rate_pace,8.943002257336342
2025,9,KC,rush,full,8.91584635607276
2025,9,KC,pass,base,9.0
2025,9,KC,pass,rate,9.036786786786788
2025,9,KC,pass,rate_pace,8.903770367447082
2025,9,KC,pass,full,8.98386695701609
2025,9,WAS,rec,base,9.0
2025,9,WAS,rec,rate,8.966269841269842
2025,9,WAS,rec,rate_pace,8.966269841269842
2025,9,WAS,rec,full,9.218438372920907
2025,9,WAS,rush,base,9.0
2025,9,WAS,rush,rate,8.950902934537245
2025,9,WAS,rush,rate_pace,8.950902934537245
2025,9,WAS,rush,full,8.59308638792996
2025,9,WAS,pass,base,9.0
2025,9,WAS,pass,rate,8.946696696696698
2025,9,WAS,pass,rate_pace,8.888611561156692
2025,9,WAS,pass,full,9.140567540799331
2025,9,SEA,rec,base,10.0
2025,9,SEA,rec,rate,9.971825396825395
2025,9,SEA,rec,rate_pace,9.971825396825395
2025,9,SEA,rec,full,9.942754095582933
2025,9,SEA,rush,base,10.0
2025,9,SEA,rush,rate,10.10609480812641
2025,9,SEA,rush,rate_pace,10.10609480812641
2025,9,SEA,rush,full,10.201663261816366
2025,9,SEA,pass,base,10.0
2025,9,SEA,pass,rate,9.957207207207206
2025,9,SEA,pass,rate_pace,10.206033730181455
2025,9,SEA,pass,full,10.176769357358735
2025,9,DAL,rec,base,9.0
2025,9,DAL,rec,rate,9.013492063492063
2025,9,DAL,rec,rate_pace,9.013492063492063
2025,9,DAL,rec,full,9.408259739735104
2025,9,DAL,rush,base,9.0
2025,9,DAL,rush,rate,9.006207674943566
2025,9,DAL,rush,rate_pace,9.006207674943566
2025,9,DAL,rush,full,8.408429702926686
2025,9,DAL,pass,base,9.0
2025,9,DAL,pass,rate,8.99924924924925
2025,9,DAL,pass,rate_pace,8.92748699434595
2025,9,DAL,pass,full,9.322047175067237
2025,9,ARI,rec,base,10.0
2025,9,ARI,rec,rate,9.959920634920634
2025,9,ARI,rec,rate_pace,9.959920634920634
2025,9,ARI,rec,full,10.08028196552786
2025,9,ARI,rush,base,10.0
2025,9,ARI,rush,rate,9.971783295711061
2025,9,ARI,rush,rate_pace,9.971783295711061
2025,9,ARI,rush,full,9.727901931949843
2025,9,ARI,pass,base,10.0
2025,9,ARI,pass,rate,9.94069069069069
2025,9,ARI,pass,rate_pace,9.858254646105292
2025,9,ARI,pass,full,9.979493806900125
2025,9,NYJ,rec,base,9.0
2025,9,NYJ,rec,rate,9.034126984126983
2025,9,NYJ,rec,rate_pace,9.034126984126983
2025,9,NYJ,rec,full,9.137939996711426
2025,9,NYJ,rush,base,9.0
2025,9,NYJ,rush,rate,8.940744920993227
2025,9,NYJ,rush,rate_pace,8.940744920993227
2025,9,NYJ,rush,full,8.698488987512018
2025,9,NYJ,pass,base,9.0
2025,9,NYJ,pass,rate,9.033783783783782
2025,9,NYJ,pass,rate_pace,8.91517713597383
2025,9,NYJ,pass,full,9.01836048495951
2025,9,CLE,rec,base,9.0
2025,9,CLE,rec,rate,9.107142857142856
2025,9,CLE,rec,rate_pace,9.107142857142856
2025,9,CLE,rec,full,9.03439054827513
2025,9,CLE,rush,base,9.0
2025,9,CLE,rush,rate,9.026523702031604
2025,9,CLE,rush,rate_pace,9.026523702031604
2025,9,CLE,rush,full,9.051814764747508
2025,9,CLE,pass,base,9.0
2025,9,CLE,pass,rate,9.186186186186184
2025,9,CLE,pass,rate_pace,8.757062766523577
2025,9,CLE,pass,full,8.68308866109442
2025,9,TB,rec,base,9.0
2025,9,TB,rec,rate,8.967063492063494
2025,9,TB,rec,rate_pace,8.967063492063494
2025,9,TB,rec,full,9.01070612514301
2025,9,TB,rush,base,9.0
2025,9,TB,rush,rate,9.134311512415351
2025,9,TB,rush,rate_pace,9.134311512415351
2025,9,TB,rush,full,9.158261017645978
2025,9,TB,pass,base,9.0
2025,9,TB,pass,rate,8.92042042042042
2025,9,TB,pass,rate_pace,8.925910041392413
2025,9,TB,pass,full,8.969570134205014
2025,9,PHI,rec,base,9.0
2025,9,PHI,rec,rate,9.100000000000001
2025,9,PHI,rec,rate_pace,9.100000000000001
2025,9,PHI,rec,full,9.37417718306261
2025,9,PHI,rush,base,9.0
2025,9,PHI,rush,rate,9.062076749435665
2025,9,PHI,rush,rate_pace,9.062076749435665
2025,9,PHI,rush,full,8.841250581697969
2025,9,PHI,pass,base,9.0
2025,9,PHI,pass,rate,9.184684684684685
2025,9,PHI,pass,rate_pace,9.507832622660771
2025,9,PHI,pass,full,9.784120851449511
2025,13,DET,rec,base,6.0
2025,13,DET,rec,rate,5.968152866242038
2025,13,DET,rec,rate_pace,5.968152866242038
2025,13,DET,rec,full,6.123995141344661
2025,13,DET,rush,base,6.0
2025,13,DET,rush,rate,6.0017006802721085
2025,13,DET,rush,rate_pace,6.0017006802721085
2025,13,DET,rush,full,5.836370587119471
2025,13,DET,pass,base,6.0
2025,13,DET,pass,rate,5.966917293233083
2025,13,DET,pass,rate_pace,5.975578022680851
2025,13,DET,pass,full,6.131389134087774
2025,13,GB,rec,base,6.0
2025,13,GB,rec,rate,6.050159235668789
2025,13,GB,rec,rate_pace,6.050159235668789
2025,13,GB,rec,full,6.094560975163336
2025,13,GB,rush,base,6.0
2025,13,GB,rush,rate,6.0017006802721085
2025,13,GB,rush,rate_pace,6.0017006802721085
2025,13,GB,rush,full,5.988727963089192
2025,13,GB,pass,base,6.0
2025,13,GB,pass,rate,6.099248120300752
2025,13,GB,pass,rate_pace,6.287209123421464
2025,13,GB,pass,full,6.331962549985057
2025,13,DAL,rec,base,6.0
2025,13,DAL,rec,rate,6.078025477707007
2025,13,DAL,rec,rate_pace,6.078025477707007
2025,13,DAL,rec,full,6.305838795535207
2025,13,DAL,rush,base,6.0
2025,13,DAL,rush,rate,6.063492063492063
2025,13,DAL,rush,rate_pace,6.063492063492063
2025,13,DAL,rush,full,5.757003509527236
2025,13,DAL,pass,base,6.0
2025,13,DAL,pass,rate,6.128571428571429
2025,13,DAL,pass,rate_pace,6.030563812380432
2025,13,DAL,pass,full,6.260891041382271
2025,13,KC,rec,base,6.0
2025,13,KC,rec,rate,5.973328025477707
2025,13,KC,rec,rate_pace,5.973328025477707
2025,13,KC,rec,full,5.990214200476391
2025,13,KC,rush,base,6.0
2025,13,KC,rush,rate,5.985827664399093
2025,13,KC,rush,rate_pace,5.985827664399093
2025,13,KC,rush,full,6.04100434629802
2025,13,KC,pass,base,6.0
2025,13,KC,pass,rate,5.974436090225564
2025,13,KC,pass,rate_pace,5.839749300150407
2025,13,KC,pass,full,5.857183222561474
2025,13,BAL,rec,base,6.0
2025,13,BAL,rec,rate,5.9948248407643305
2025,13,BAL,rec,rate_pace,5.9948248407643305
2025,13,BAL,rec,full,6.16104342919629
2025,13,BAL,rush,base,6.0
2025,13,BAL,rush,rate,6.005102040816326
2025,13,BAL,rush,rate_pace,6.005102040816326
2025,13,BAL,rush,full,5.890681807946612
2025,13,BAL,pass,base,6.0
2025,13,BAL,pass,rate,5.993984962406015
2025,13,BAL,pass,rate_pace,6.4509545606395715
2025,13,BAL,pass,full,6.6177441598540065
2025,13,CIN,rec,base,6.0
2025,13,CIN,rec,rate,5.980891719745224
2025,13,CIN,rec,rate_pace,5.980891719745224
2025,13,CIN,rec,full,6.216221091181151
2025,13,CIN,rush,base,6.0
2025,13,CIN,rush,rate,6.013038548752834
2025,13,CIN,rush,rate_pace,6.013038548752834
2025,13,CIN,rush,full,5.451364669829724
2025,13,CIN,pass,base,6.0
2025,13,CIN,pass,rate,5.946616541353383
2025,13,CIN,pass,rate_pace,5.721233560951546
2025,13,CIN,pass,full,5.95522640145712
2025,13,PHI,rec,base,6.0
2025,13,PHI,rec,rate,6.113853503184712
2025,13,PHI,rec,rate_pace,6.113853503184712
2025,13,PHI,rec,full,6.175076862558713
2025,13,PHI,rush,base,6.0
2025,13,PHI,rush,rate,6.129818594104309
2025,13,PHI,rush,rate_pace,6.129818594104309
2025,13,PHI,rush,full,6.128284279470419
2025,13,PHI,pass,base,6.0
2025,13,PHI,pass,rate,6.20375939849624
2025,13,PHI,pass,rate_pace,6.319419572113142
2025,13,PHI,pass,full,6.380687358442145
2025,13,CHI,rec,base,6.0
2025,13,CHI,rec,rate,5.9255573248407645
2025,13,CHI,rec,rate_pace,5.9255573248407645
2025,13,CHI,rec,full,6.005322162254717
2025,13,CHI,rush,base,6.0
2025,13,CHI,rush,rate,5.8815192743764175
2025,13,CHI,rush,rate_pace,5.8815192743764175
2025,13,CHI,rush,full,5.724610399361152
2025,13,CHI,pass,base,6.0
2025,13,CHI,pass,rate,5.8654135338345865
2025,13,CHI,pass,rate_pace,5.8278898927868035
2025,13,CHI,pass,full,5.907220215680049
2025,13,CAR,rec,base,5.0
2025,13,CAR,rec,rate,4.934315286624204
2025,13,CAR,rec,rate_pace,4.934315286624204
2025,13,CAR,rec,full,4.936694682837451
2025,13,CAR,rush,base,5.0
2025,13,CAR,rush,rate,4.885487528344671
2025,13,CAR,rush,rate_pace,4.885487528344671
2025,13,CAR,rush,full,4.83354106812133
2025,13,CAR,pass,base,5.0
2025,13,CAR,pass,rate,4.9075187969924805
2025,13,CAR,pass,rate_pace,5.0113771148659785
2025,13,CAR,pass,full,5.01387047830248
2025,13,LA,rec,base,6.0
2025,13,LA,rec,rate,6.0063694267515935
2025,13,LA,rec,rate_pace,6.0063694267515935
2025,13,LA,rec,full,6.045340795951179
2025,13,LA,rush,base,6.0
2025,13,LA,rush,rate,6.020975056689342
2025,13,LA,rush,rate_pace,6.020975056689342
2025,13,LA,rush,full,6.042740518184126
2025,13,LA,pass,base,6.0
2025,13,LA,pass,rate,6.0060150375939845
2025,13,LA,pass,rate_pace,6.102434332530624
2025,13,LA,pass,full,6.141775093706695
2025,13,CLE,rec,base,6.0
2025,13,CLE,rec,rate,6.085191082802547
2025,13,CLE,rec,rate_pace,6.085191082802547
2025,13,CLE,rec,full,6.079992487576025
2025,13,CLE,rush,base,6.0
2025,13,CLE,rush,rate,6.116213151927438
2025,13,CLE,rush,rate_pace,6.116213151927438
2025,13,CLE,rush,full,6.051850429155647
2025,13,CLE,pass,base,6.0
2025,13,CLE,pass,rate,6.14360902255639
2025,13,CLE,pass,rate_pace,5.940708739755939
2025,13,CLE,pass,full,5.934896245290152
2025,13,SF,rec,base,5.0
2025,13,SF,rec,rate,5.0015923566878975
2025,13,SF,rec,rate_pace,5.0015923566878975
2025,13,SF,rec,full,5.055259431231503
2025,13,SF,rush,base,5.0
2025,13,SF,rush,rate,4.988095238095238
2025,13,SF,rush,rate_pace,4.988095238095238
2025,13,SF,rush,full,4.9693133437021855
2025,13,SF,pass,base,5.0
2025,13,SF,pass,rate,5.018796992481203
2025,13,SF,pass,rate_pace,4.971771883996879
2025,13,SF,pass,full,5.025283324455025
2025,13,IND,rec,base,6.0
2025,13,IND,rec,rate,5.910031847133758
2025,13,IND,rec,rate_pace,5.910031847133758
2025,13,IND,rec,full,6.012247565985323
2025,13,IND,rush,base,6.0
2025,13,IND,rush,rate,5.884920634920634
2025,13,IND,rush,rate_pace,5.884920634920634
2025,13,IND,rush,full,5.766380967250368
2025,13,IND,pass,base,6.0
2025,13,IND,pass,rate,5.818045112781954
2025,13,IND,pass,rate_pace,5.9842749193521705
2025,13,IND,pass,full,6.085369554520446
2025,13,HOU,rec,base,6.0
2025,13,HOU,rec,rate,6.009952229299363
2025,13,HOU,rec,rate_pace,6.009952229299363
2025,13,HOU,rec,full,6.014162312182927
2025,13,HOU,rush,base,6.0
2025,13,HOU,rush,rate,5.9433106575963714
2025,13,HOU,rush,rate_pace,5.9433106575963714
2025,13,HOU,rush,full,5.968240847468809
2025,13,HOU,pass,base,6.0
2025,13,HOU,pass,rate,5.991729323308271
2025,13,HOU,pass,rate_pace,5.916193784827581
2025,13,HOU,pass,full,5.92007334873742
2025,13,MIA,rec,base,6.0
2025,13,MIA,rec,rate,6.022691082802547
2025,13,MIA,rec,rate_pace,6.022691082802547
2025,13,MIA,rec,full,6.111966994732219
2025,13,MIA,rush,base,6.0
2025,13,MIA,rush,rate,5.950113378684807
2025,13,MIA,rush,rate_pace,5.950113378684807
2025,13,MIA,rush,full,5.815990746908609
2025,13,MIA,pass,base,6.0
2025,13,MIA,pass,rate,6.025563909774435
2025,13,MIA,pass,rate_pace,6.0623249182159435
2025,13,MIA,pass,full,6.152530664924594
2025,13,NO,rec,base,6.0
2025,13,NO,rec,rate,6.041799363057325
2025,13,NO,rec,rate_pace,6.041799363057325
2025,13,NO,rec,full,6.012516472804016
2025,13,NO,rush,base,6.0
2025,13,NO,rush,rate,6.029478458049886
2025,13,NO,rush,rate_pace,6.029478458049886
2025,13,NO,rush,full,6.017793574349061
2025,13,NO,pass,base,6.0
2025,13,NO,pass,rate,6.076691729323308
2025,13,NO,pass,rate_pace,5.93481529657687
2025,13,NO,pass,full,5.904981397201502
2025,13,NYJ,rec,base,6.0
2025,13,NYJ,rec,rate,5.98765923566879
2025,13,NYJ,rec,rate_pace,5.98765923566879
2025,13,NYJ,rec,full,6.072878337780152
2025,13,NYJ,rush,base,6.0
2025,13,NYJ,rush,rate,6.025510204081633
2025,13,NYJ,rush,rate_pace,6.025510204081633
2025,13,NYJ,rush,full,5.846515187633329
2025,13,NYJ,pass,base,6.0
2025,13,NYJ,pass,rate,5.9451127819548875
2025,13,NYJ,pass,rate_pace,5.910128580710625
2025,13,NYJ,pass,full,5.994825173501487
2025,13,ATL,rec,base,6.0
2025,13,ATL,rec,rate,5.939092356687898
2025,13,ATL,rec,rate_pace,5.939092356687898
2025,13,ATL,rec,full,6.037609376467611
2025,13,ATL,rush,base,6.0
2025,13,ATL,rush,rate,5.921201814058957
2025,13,ATL,rush,rate_pace,5.921201814058957
2025,13,ATL,rush,full,5.78680685276725
2025,13,ATL,pass,base,6.0
2025,13,ATL,pass,rate,5.888721804511278
2025,13,ATL,pass,rate_pace,6.031493520858272
2025,13,ATL,pass,full,6.12912282136093
2025,13,TB,rec,base,6.0
2025,13,TB,rec,rate,6.044984076433121
2025,13,TB,rec,rate_pace,6.044984076433121
2025,13,TB,rec,full,6.054470495073142
2025,13,TB,rush,base,6.0
2025,13,TB,rush,rate,6.084467120181405
2025,13,TB,rush,rate_pace,6.084467120181405
2025,13,TB,rush,full,6.138472382342343
2025,13,TB,pass,base,6.0
2025,13,TB,pass,rate,6.057142857142857
2025,13,TB,pass,rate_pace,5.958478731547222
2025,13,TB,pass,full,5.967941113898526
2025,13,ARI,rec,base,6.0
2025,13,ARI,rec,rate,5.900875796178345
2025,13,ARI,rec,rate_pace,5.900875796178345
2025,13,ARI,rec,full,6.038999661471657
2025,13,ARI,rush,base,6.0
2025,13,ARI,rush,rate,5.972222222222221
2025,13,ARI,rush,rate_pace,5.972222222222221
2025,13,ARI,rush,full,5.6487792401327415
2025,13,ARI,pass,base,6.0
2025,13,ARI,pass,rate,5.861654135338345
2025,13,ARI,pass,rate_pace,5.662809444595717
2025,13,ARI,pass,full,5.800749742803671
2025,13,TEN,rec,base,6.0
2025,13,TEN,rec,rate,5.998407643312102
2025,13,TEN,rec,rate_pace,5.998407643312102
2025,13,TEN,rec,full,5.999259828321176
2025,13,TEN,rush,base,6.0
2025,13,TEN,rush,rate,5.923469387755102
2025,13,TEN,rush,rate_pace,5.923469387755102
2025,13,TEN,rush,full,5.808438710132924
2025,13,TEN,pass,base,6.0
2025,13,TEN,pass,rate,5.962406015037594
2025,13,TEN,pass,rate_pace,5.910902276633895
2025,13,TEN,pass,full,5.9119090874918685
2025,13,JAX,rec,base,6.0
2025,13,JAX,rec,rate,6.013535031847134
2025,13,JAX,rec,rate_pace,6.013535031847134
2025,13,JAX,rec,full,6.009591117244631
2025,13,JAX,rush,base,6.0
2025,13,JAX,rush,rate,5.959750566893424
2025,13,JAX,rush,rate_pace,5.959750566893424
2025,13,JAX,rush,full,5.991450562667864
2025,13,JAX,pass,base,6.0
2025,13,JAX,pass,rate,6.040601503759398
2025,13,JAX,pass,rate_pace,5.985620625195448
2025,13,JAX,pass,full,5.980737486365676
2025,13,SEA,rec,base,6.0
2025,13,SEA,rec,rate,5.9745222929936315
2025,13,SEA,rec,rate_pace,5.9745222929936315
2025,13,SEA,rec,full,6.006412326644876
2025,13,SEA,rush,base,6.0
2025,13,SEA,rush,rate,5.989795918367347
2025,13,SEA,rush,rate_pace,5.989795918367347
2025,13,SEA,rush,full,5.995760708950119
2025,13,SEA,pass,base,6.0
2025,13,SEA,pass,rate,5.962406015037594
2025,13,SEA,pass,rate_pace,6.252191411057995
2025,13,SEA,pass,full,6.283575205707047
2025,13,MIN,rec,base,6.0
2025,13,MIN,rec,rate,6.01671974522293
2025,13,MIN,rec,rate_pace,6.01671974522293
2025,13,MIN,rec,full,6.107809378387664
2025,13,MIN,rush,base,6.0
2025,13,MIN,rush,rate,6.017573696145123
2025,13,MIN,rush,rate_pace,6.017573696145123
2025,13,MIN,rush,full,5.7768649790823465
2025,13,MIN,pass,base,6.0
2025,13,MIN,pass,rate,6.054135338345865
2025,13,MIN,pass,rate_pace,6.039780895089814
2025,13,MIN,pass,full,6.132482961255729
2025,13,LAC,rec,base,6.0
2025,13,LAC,rec,rate,5.969347133757962
2025,13,LAC,rec,rate_pace,5.969347133757962
2025,13,LAC,rec,full,6.027801215975551
2025,13,LAC,rush,base,6.0
2025,13,LAC,rush,rate,5.918367346938775
2025,13,LAC,rush,rate_pace,5.918367346938775
2025,13,LAC,rush,full,5.820393610966551
2025,13,LAC,pass,base,6.0
2025,13,LAC,pass,rate,5.953383458646616
2025,13,LAC,pass,rate_pace,5.864307487394332
2025,13,LAC,pass,full,5.923050112590601
2025,13,LV,rec,base,6.0
2025,13,LV,rec,rate,5.9414808917197455
2025,13,LV,rec,rate_pace,5.9414808917197455
2025,13,LV,rec,full,6.018730025425382
2025,13,LV,rush,base,6.0
2025,13,LV,rush,rate,5.9897959183673475
2025,13,LV,rush,rate_pace,5.9897959183673475
2025,13,LV,rush,full,5.741752228141391
2025,13,LV,pass,base,6.0
2025,13,LV,pass,rate,5.875187969924811
2025,13,LV,pass,rate_pace,5.847057112106967
2025,13,LV,pass,full,5.9237332384324715
2025,13,PIT,rec,base,6.0
2025,13,PIT,rec,rate,5.995222929936306
2025,13,PIT,rec,rate_pace,5.995222929936306
2025,13,PIT,rec,full,6.121057925308647
2025,13,PIT,rush,base,6.0
2025,13,PIT,rush,rate,5.986961451247166
2025,13,PIT,rush,rate_pace,5.986961451247166
2025,13,PIT,rush,full,5.786159662772093
2025,13,PIT,pass,base,6.0
2025,13,PIT,pass,rate,5.984962406015038
2025,13,PIT,pass,rate_pace,6.059407434873041
2025,13,PIT,pass,full,6.185609625564177
2025,13,BUF,rec,base,6.0
2025,13,BUF,rec,rate,5.989649681528662
2025,13,BUF,rec,rate_pace,5.989649681528662
2025,13,BUF,rec,full,6.14440691503278
2025,13,BUF,rush,base,6.0
2025,13,BUF,rush,rate,5.967120181405895
2025,13,BUF,rush,rate_pace,5.967120181405895
2025,13,BUF,rush,full,5.862346748464315
2025,13,BUF,pass,base,6.0
2025,13,BUF,pass,rate,5.967669172932331
2025,13,BUF,pass,rate_pace,6.103877487954381
2025,13,BUF,pass,full,6.25869654125311
2025,13,WAS,rec,base,6.0
2025,13,WAS,rec,rate,5.9824840764331215
2025,13,WAS,rec,rate_pace,5.9824840764331215
2025,13,WAS,rec,full,6.147418053970607
2025,13,WAS,rush,base,6.0
2025,13,WAS,rush,rate,6.000566893424036
2025,13,WAS,rush,rate_pace,6.000566893424036
2025,13,WAS,rush,full,5.735637883750994
2025,13,WAS,pass,base,6.0
2025,13,WAS,pass,rate,5.973684210526315
2025,13,WAS,pass,rate_pace,6.002949885953716
2025,13,WAS,pass,full,6.1680778014797095
2025,13,DEN,rec,base,6.0
2025,13,DEN,rec,rate,6.000398089171974
2025,13,DEN,rec,rate_pace,6.000398089171974
2025,13,DEN,rec,full,5.9875583883167
2025,13,DEN,rush,base,6.0
2025,13,DEN,rush,rate,5.9733560090702955
2025,13,DEN,rush,rate_pace,5.9733560090702955
2025,13,DEN,rush,full,6.026872628931805
2025,13,DEN,pass,base,6.0
2025,13,DEN,pass,rate,5.9864661654135345
2025,13,DEN,pass,rate_pace,5.945536319898086
2025,13,DEN,pass,full,5.933196531481494
2025,13,NE,rec,base,5.0
2025,13,NE,rec,rate,5.011544585987261
2025,13,NE,rec,rate_pace,5.011544585987261
2025,13,NE,rec,full,5.082637266768915
2025,13,NE,rush,base,5.0
2025,13,NE,rush,rate,5.061224489795918
2025,13,NE,rush,rate_pace,5.061224489795918
2025,13,NE,rush,full,4.999085984769505
2025,13,NE,pass,base,5.0
2025,13,NE,pass,rate,4.99172932330827
2025,13,NE,pass,rate_pace,4.979015795820653
2025,13,NE,pass,full,5.049662972649789
2025,13,NYG,rec,base,5.0
2025,13,NYG,rec,rate,5.063296178343949
2025,13,NYG,rec,rate_pace,5.063296178343949
2025,13,NYG,rec,full,5.179982561203282
2025,13,NYG,rush,base,5.0
2025,13,NYG,rush,rate,5.003968253968254
2025,13,NYG,rush,rate_pace,5.003968253968254
2025,13,NYG,rush,full,4.8300256721056645
2025,13,NYG,pass,base,5.0
2025,13,NYG,pass,rate,5.127067669172932
2025,13,NYG,pass,rate_pace,5.047137747023207
2025,13,NYG,pass,full,5.16554731172994
