family,idea,type,variant,stat,has_2017_18,diff_2017-18,diff_2019-22,diff_2023-25,se_2017-18,se_2019-22,se_2023-25,base_2017-18,base_2019-22,base_2023-25,chance_ll_diff_2017-18,chance_ll_diff_2019-22,chance_ll_diff_2023-25,lean_rule,lean_variant,lean_n,placebo_beat_2017-18,placebo_beat_2019-22,placebo_beat_2023-25,placebo_min_pct,rule1,rule2,rule3,verdict,fit_2026,what
Situational,turf,L,pooled,rec_yards,True,0.00267,-0.00222,-0.00353,0.00457,0.00244,0.00432,19.6893,19.131,18.1454,,,,,,,,,,,False,,,fails 1 (2017-18),all +3.15% on vs off (+0.80 at a 25.4 line),artificial turf (the schedule's surface) against grass
Situational,turf,L,by position,rec_yards,True,0.01141,0.00136,-0.00151,0.0063,0.00351,0.0047,19.6893,19.131,18.1454,,,,,,,,,,,False,,,"fails 1 (2017-18, 2019-22)",WR +3.69% on vs off (+1.24 at a 33.6 line); TE +0.00% on vs off (+0.00 at a 20.9 line); RB +4.77% on vs off (+0.68 at a 14.3 line); other +86.04% on vs off (+8.21 at a 9.5 line),artificial turf (the schedule's surface) against grass
Situational,turf,L,pooled,rec_catches,True,0.0001,-4e-05,7e-05,0.00024,0.0001,0.00012,1.4479,1.4404,1.367,,,,,,,,,,,False,,,"fails 1 (2017-18, 2023-25)",all +0.52% on vs off (+0.01 at a 2.4 line),artificial turf (the schedule's surface) against grass
Situational,turf,L,by position,rec_catches,True,0.00022,-6e-05,0.00019,0.00026,0.00022,0.00021,1.4479,1.4404,1.367,,,,,,,,,,,False,,,"fails 1 (2017-18, 2023-25)",WR +1.04% on vs off (+0.03 at a 2.9 line); TE -2.55% on vs off (-0.05 at a 2.1 line); RB +2.62% on vs off (+0.05 at a 1.8 line); other +17.39% on vs off (+0.20 at a 1.2 line),artificial turf (the schedule's surface) against grass
Situational,turf,L,pooled,rec_targets,True,0.00075,0.00032,6e-05,0.0008,0.00019,6e-05,1.8752,1.8257,1.7128,,,,,,,,,,,False,,,"fails 1 (2017-18, 2019-22, 2023-25)",all +0.52% on vs off (+0.02 at a 4.0 line),artificial turf (the schedule's surface) against grass
Situational,turf,L,by position,rec_targets,True,0.00109,0.00073,0.00025,0.00076,0.00033,0.0002,1.8752,1.8257,1.7128,,,,,,,,,,,False,,,"fails 1 (2017-18, 2019-22, 2023-25)",WR +0.00% on vs off (+0.00 at a 5.0 line); TE +1.56% on vs off (+0.05 at a 3.4 line); RB +0.00% on vs off (+0.00 at a 2.7 line); other +28.85% on vs off (+0.51 at a 1.8 line),artificial turf (the schedule's surface) against grass
Situational,turf,L,pooled,rec_td,True,2e-05,-3e-05,-9e-05,0.0002,9e-05,9e-05,0.5007,0.4919,0.4727,,,,,,,,,,,False,,,fails 1 (2017-18),all +5.86% on vs off (+0.01 at a 0.2 line),artificial turf (the schedule's surface) against grass
Situational,turf,L,by position,rec_td,True,9e-05,0.0002,-2e-05,0.00024,0.00016,0.0001,0.5007,0.4919,0.4727,,,,,,,,,,,False,,,"fails 1 (2017-18, 2019-22)",WR +6.96% on vs off (+0.02 at a 0.2 line); TE +3.15% on vs off (+0.01 at a 0.2 line); RB +9.19% on vs off (+0.01 at a 0.1 line); other -34.91% on vs off (-0.04 at a 0.1 line),artificial turf (the schedule's surface) against grass
Situational,turf,L,pooled,rush_yards,True,0.01156,-0.00057,0.00364,0.00784,0.00065,0.00438,18.041,17.6866,16.9681,,,,,,,,,,,False,,,"fails 1 (2017-18, 2023-25)",all +1.56% on vs off (+0.41 at a 26.3 line),artificial turf (the schedule's surface) against grass
Situational,turf,L,by position,rush_yards,True,0.01526,0.00396,0.00611,0.00916,0.0048,0.0052,18.041,17.6866,16.9681,,,,,,,,,,,False,,,"fails 1 (2017-18, 2019-22, 2023-25)",RB +0.52% on vs off (+0.18 at a 34.8 line); QB +5.85% on vs off (+0.85 at a 14.6 line); other +20.44% on vs off (+0.68 at a 3.3 line),artificial turf (the schedule's surface) against grass
Situational,turf,L,pooled,rush_carries,True,-0.00144,-0.0002,-0.00079,0.00147,0.00075,0.00123,3.0824,2.933,2.8393,,,,44-40,42-42,84.0,,,,,True,False,,fails 2 (lean record),all +2.62% on vs off (+0.18 at a 6.8 line),artificial turf (the schedule's surface) against grass
Situational,turf,L,by position,rush_carries,True,-0.00158,0.00061,-0.00014,0.00164,0.00106,0.0013,3.0824,2.933,2.8393,,,,,,,,,,,False,,,fails 1 (2019-22),RB +2.62% on vs off (+0.24 at a 9.1 line); QB +2.09% on vs off (+0.08 at a 3.7 line); other +13.20% on vs off (+0.10 at a 0.7 line),artificial turf (the schedule's surface) against grass
Situational,turf,L,pooled,rush_td,True,-0.00059,-0.00018,0.00011,0.00028,0.00033,0.00034,0.5136,0.5501,0.5199,,,,,,,,,,,False,,,fails 1 (2023-25),all +9.74% on vs off (+0.02 at a 0.2 line),artificial turf (the schedule's surface) against grass
Situational,turf,L,by position,rush_td,True,-0.00059,0.00013,0.0002,0.00045,0.00037,0.00035,0.5136,0.5501,0.5199,,,,,,,,,,,False,,,"fails 1 (2019-22, 2023-25)",RB +11.46% on vs off (+0.03 at a 0.3 line); QB +3.15% on vs off (+0.00 at a 0.2 line); other -4.05% on vs off (-0.00 at a 0.0 line),artificial turf (the schedule's surface) against grass
Situational,turf,L,pooled,pass_yards,True,0.072,0.06349,-0.00605,0.08191,0.03201,0.01334,60.7221,56.5737,56.1092,,,,,,,,,,,False,,,"fails 1 (2017-18, 2019-22)",all +0.52% on vs off (+1.19 at a 228.9 line),artificial turf (the schedule's surface) against grass
Situational,turf,L,pooled,pass_dropbacks,True,-0.00264,-0.00445,0.00132,0.00572,0.006,0.00597,7.5939,7.686,7.7009,,,,,,,,,,,False,,,fails 1 (2023-25),all -1.55% on vs off (-0.58 at a 37.7 line),artificial turf (the schedule's surface) against grass
Situational,turf,L,pooled,pass_td,True,0.00058,0.00018,2e-05,0.00089,0.00012,4e-05,0.8534,0.8376,0.8698,,,,,,,,,,,False,,,"fails 1 (2017-18, 2019-22, 2023-25)",all +1.05% on vs off (+0.02 at a 1.5 line),artificial turf (the schedule's surface) against grass
Situational,turf,L,pooled,pass_int,True,0.00052,4e-05,-5e-05,0.00051,0.00015,0.00026,0.9749,0.9645,0.9458,,,,,,,,,,,False,,,"fails 1 (2017-18, 2019-22)",all -3.07% on vs off (-0.02 at a 0.8 line),artificial turf (the schedule's surface) against grass
Situational,indoor,L,pooled,rec_yards,True,0.00512,-0.00288,-0.00773,0.00522,0.00461,0.00572,19.6893,19.131,18.1454,,,,,,,,,,,False,,,fails 1 (2017-18),all +4.98% on vs off (+1.27 at a 25.4 line),dome or closed roof (as the game model's dome input)
Situational,indoor,L,by position,rec_yards,True,0.00643,0.00306,-0.01412,0.00701,0.00576,0.00687,19.6893,19.131,18.1454,,,,,,,,,,,False,,,"fails 1 (2017-18, 2019-22)",WR +6.92% on vs off (+2.32 at a 33.6 line); TE -0.61% on vs off (-0.13 at a 20.9 line); RB +3.09% on vs off (+0.44 at a 14.3 line); other +107.42% on vs off (+10.25 at a 9.5 line),dome or closed roof (as the game model's dome input)
Situational,indoor,L,pooled,rec_catches,True,0.00028,-0.0001,-0.00025,0.00043,0.00025,0.00025,1.4479,1.4404,1.367,,,,,,,,,,,False,,,fails 1 (2017-18),all +2.46% on vs off (+0.06 at a 2.4 line),dome or closed roof (as the game model's dome input)
Situational,indoor,L,by position,rec_catches,True,0.00031,0.00017,-0.00079,0.0005,0.00029,0.0003,1.4479,1.4404,1.367,,,,,,,,,,,False,,,"fails 1 (2017-18, 2019-22)",WR +3.72% on vs off (+0.11 at a 2.9 line); TE -2.99% on vs off (-0.06 at a 2.1 line); RB +3.72% on vs off (+0.07 at a 1.8 line); other +17.84% on vs off (+0.21 at a 1.2 line),dome or closed roof (as the game model's dome input)
Situational,indoor,L,pooled,rec_targets,True,3e-05,5e-05,0.00036,0.0001,0.00022,0.00015,1.8752,1.8257,1.7128,,,,,,,,,,,False,,,"fails 1 (2017-18, 2019-22, 2023-25)",all +0.00% on vs off (+0.00 at a 4.0 line),dome or closed roof (as the game model's dome input)
Situational,indoor,L,by position,rec_targets,True,0.00162,0.00042,0.00047,0.0008,0.00041,0.00026,1.8752,1.8257,1.7128,,,,,,,,,,,False,,,"fails 1 (2017-18, 2019-22, 2023-25)",WR +0.61% on vs off (+0.03 at a 5.0 line); TE -1.21% on vs off (-0.04 at a 3.4 line); RB +0.00% on vs off (+0.00 at a 2.7 line); other +53.98% on vs off (+0.96 at a 1.8 line),dome or closed roof (as the game model's dome input)
Situational,indoor,L,pooled,rec_td,True,-0.0,-0.00011,-2e-05,0.00013,0.00011,0.00013,0.5007,0.4919,0.4727,,,,156-68,157-67,224.0,40.0,49.0,44.0,0.8,True,True,False,"fails 3 (placebo, worst window beaten in 40/50)",all +6.92% on vs off (+0.01 at a 0.2 line),dome or closed roof (as the game model's dome input)
Situational,indoor,L,by position,rec_td,True,-7e-05,-2e-05,-2e-05,0.00022,0.00018,0.00016,0.5007,0.4919,0.4727,,,,156-68,158-66,224.0,45.0,45.0,43.0,0.86,True,True,False,"fails 3 (placebo, worst window beaten in 43/50)",WR +9.55% on vs off (+0.02 at a 0.2 line); TE -2.99% on vs off (-0.01 at a 0.2 line); RB +17.13% on vs off (+0.01 at a 0.1 line); other -1.21% on vs off (-0.00 at a 0.1 line),dome or closed roof (as the game model's dome input)
Situational,indoor,L,pooled,rush_yards,True,-0.00254,0.01132,0.00068,0.01309,0.00494,0.00164,18.041,17.6866,16.9681,,,,,,,,,,,False,,,"fails 1 (2019-22, 2023-25)",all +0.00% on vs off (+0.00 at a 26.3 line),dome or closed roof (as the game model's dome input)
Situational,indoor,L,by position,rush_yards,True,0.01026,0.01066,-0.00074,0.01437,0.00454,0.00242,18.041,17.6866,16.9681,,,,,,,,,,,False,,,"fails 1 (2017-18, 2019-22)",RB -0.61% on vs off (-0.21 at a 34.8 line); QB +5.63% on vs off (+0.82 at a 14.6 line); other -9.82% on vs off (-0.32 at a 3.3 line),dome or closed roof (as the game model's dome input)
Situational,indoor,L,pooled,rush_carries,True,0.00225,0.00024,-0.00026,0.00186,0.00022,0.00042,3.0824,2.933,2.8393,,,,,,,,,,,False,,,"fails 1 (2017-18, 2019-22)",all +1.22% on vs off (+0.08 at a 6.8 line),dome or closed roof (as the game model's dome input)
Situational,indoor,L,by position,rush_carries,True,0.00405,0.00035,0.00015,0.00264,0.00023,0.00051,3.0824,2.933,2.8393,,,,,,,,,,,False,,,"fails 1 (2017-18, 2019-22, 2023-25)",RB +1.22% on vs off (+0.11 at a 9.1 line); QB +2.46% on vs off (+0.09 at a 3.7 line); other -4.17% on vs off (-0.03 at a 0.7 line),dome or closed roof (as the game model's dome input)
Situational,indoor,L,pooled,rush_td,True,8e-05,8e-05,-3e-05,0.0001,6e-05,0.00012,0.5136,0.5501,0.5199,,,,,,,,,,,False,,,"fails 1 (2017-18, 2019-22)",all +4.35% on vs off (+0.01 at a 0.2 line),dome or closed roof (as the game model's dome input)
Situational,indoor,L,by position,rush_td,True,0.00024,0.00026,-0.00013,0.00026,0.00017,0.00018,0.5136,0.5501,0.5199,,,,,,,,,,,False,,,"fails 1 (2017-18, 2019-22)",RB +2.46% on vs off (+0.01 at a 0.3 line); QB +14.31% on vs off (+0.02 at a 0.2 line); other -36.62% on vs off (-0.01 at a 0.0 line),dome or closed roof (as the game model's dome input)
Situational,indoor,L,pooled,pass_yards,True,0.01208,-0.02716,0.00639,0.01735,0.04752,0.04845,60.7221,56.5737,56.1092,,,,,,,,,,,False,,,"fails 1 (2017-18, 2023-25)",all +1.83% on vs off (+4.19 at a 228.9 line),dome or closed roof (as the game model's dome input)
Situational,indoor,L,pooled,pass_dropbacks,True,-0.02663,0.00553,0.0055,0.01683,0.01152,0.00949,7.5939,7.686,7.7009,,,,,,,,,,,False,,,"fails 1 (2019-22, 2023-25)",all -1.80% on vs off (-0.68 at a 37.7 line),dome or closed roof (as the game model's dome input)
Situational,indoor,L,pooled,pass_td,True,1e-05,0.00019,0.0001,0.00025,0.0002,9e-05,0.8534,0.8376,0.8698,,,,,,,,,,,False,,,"fails 1 (2017-18, 2019-22, 2023-25)",all +0.00% on vs off (+0.00 at a 1.5 line),dome or closed roof (as the game model's dome input)
Situational,indoor,L,pooled,pass_int,True,0.0017,-0.00113,0.00091,0.00143,0.00063,0.00083,0.9749,0.9645,0.9458,,,,,,,,,,,False,,,"fails 1 (2017-18, 2023-25)",all -5.87% on vs off (-0.05 at a 0.8 line),dome or closed roof (as the game model's dome input)
Situational,dome_fixed,L,pooled,rec_yards,True,-0.00094,0.00185,-0.0036,0.00124,0.00263,0.00351,19.6893,19.131,18.1454,,,,,,,,,,,False,,,fails 1 (2019-22),all +3.40% on vs off (+0.87 at a 25.4 line),fixed dome only
Situational,dome_fixed,L,by position,rec_yards,True,0.00193,0.00185,-0.00729,0.0037,0.00385,0.00546,19.6893,19.131,18.1454,,,,,,,,,,,False,,,"fails 1 (2017-18, 2019-22)",WR +6.92% on vs off (+2.32 at a 33.6 line); TE -4.10% on vs off (-0.86 at a 20.9 line); RB -0.83% on vs off (-0.12 at a 14.3 line); other +82.67% on vs off (+7.89 at a 9.5 line),fixed dome only
Situational,dome_fixed,L,pooled,rec_catches,True,0.00015,-2e-05,-5e-05,0.00027,0.00016,0.00018,1.4479,1.4404,1.367,,,,,,,,,,,False,,,fails 1 (2017-18),all +1.69% on vs off (+0.04 at a 2.4 line),fixed dome only
Situational,dome_fixed,L,by position,rec_catches,True,0.00065,5e-05,-0.00031,0.00052,0.00024,0.00028,1.4479,1.4404,1.367,,,,,,,,,,,False,,,"fails 1 (2017-18, 2019-22)",WR +3.40% on vs off (+0.10 at a 2.9 line); TE -3.29% on vs off (-0.07 at a 2.1 line); RB -0.83% on vs off (-0.02 at a 1.8 line); other +21.22% on vs off (+0.25 at a 1.2 line),fixed dome only
Situational,dome_fixed,L,pooled,rec_targets,True,0.0015,0.00016,0.00028,0.00072,0.00017,0.00016,1.8752,1.8257,1.7128,,,,,,,,,,,False,,,"fails 1 (2017-18, 2019-22, 2023-25)",all +0.84% on vs off (+0.03 at a 4.0 line),fixed dome only
Situational,dome_fixed,L,by position,rec_targets,True,0.00245,0.00046,0.00019,0.00101,0.00029,0.00025,1.8752,1.8257,1.7128,,,,,,,,,,,False,,,"fails 1 (2017-18, 2019-22, 2023-25)",WR +1.69% on vs off (+0.08 at a 5.0 line); TE -0.83% on vs off (-0.03 at a 3.4 line); RB -0.83% on vs off (-0.02 at a 2.7 line); other +69.41% on vs off (+1.24 at a 1.8 line),fixed dome only
Situational,dome_fixed,L,pooled,rec_td,True,9e-05,-1e-05,1e-05,0.00012,7e-05,8e-05,0.5007,0.4919,0.4727,,,,,,,,,,,False,,,"fails 1 (2017-18, 2023-25)",all +4.27% on vs off (+0.01 at a 0.2 line),fixed dome only
Situational,dome_fixed,L,by position,rec_td,True,0.00013,2e-05,0.00011,0.00024,0.00019,0.00014,0.5007,0.4919,0.4727,,,,,,,,,,,False,,,"fails 1 (2017-18, 2019-22, 2023-25)",WR +6.92% on vs off (+0.02 at a 0.2 line); TE -8.03% on vs off (-0.02 at a 0.2 line); RB +15.29% on vs off (+0.01 at a 0.1 line); other -38.45% on vs off (-0.04 at a 0.1 line),fixed dome only
Situational,dome_fixed,L,pooled,rush_yards,True,-0.00335,0.00318,5e-05,0.00437,0.0034,0.00072,18.041,17.6866,16.9681,,,,,,,,,,,False,,,"fails 1 (2019-22, 2023-25)",all -1.68% on vs off (-0.44 at a 26.3 line),fixed dome only
Situational,dome_fixed,L,by position,rush_yards,True,0.00027,0.0037,-0.00457,0.0059,0.0039,0.00346,18.041,17.6866,16.9681,,,,,,,,,,,False,,,"fails 1 (2017-18, 2019-22)",RB -2.51% on vs off (-0.87 at a 34.8 line); QB +10.70% on vs off (+1.56 at a 14.6 line); other -26.28% on vs off (-0.87 at a 3.3 line),fixed dome only
Situational,dome_fixed,L,pooled,rush_carries,True,0.00023,3e-05,-0.00026,0.00071,0.00024,0.00047,3.0824,2.933,2.8393,,,,,,,,,,,False,,,"fails 1 (2017-18, 2019-22)",all +1.71% on vs off (+0.12 at a 6.8 line),fixed dome only
Situational,dome_fixed,L,by position,rush_carries,True,-0.00061,0.00042,0.00149,0.0013,0.00093,0.00086,3.0824,2.933,2.8393,,,,,,,,,,,False,,,"fails 1 (2019-22, 2023-25)",RB +1.71% on vs off (+0.16 at a 9.1 line); QB +5.21% on vs off (+0.19 at a 3.7 line); other +10.70% on vs off (+0.08 at a 0.7 line),fixed dome only
Situational,dome_fixed,L,pooled,rush_td,True,-2e-05,8e-05,7e-05,0.00012,5e-05,7e-05,0.5136,0.5501,0.5199,,,,,,,,,,,False,,,"fails 1 (2019-22, 2023-25)",all +0.85% on vs off (+0.00 at a 0.2 line),fixed dome only
Situational,dome_fixed,L,by position,rush_td,True,-0.00058,-0.00014,0.00016,0.00035,0.00036,0.00033,0.5136,0.5501,0.5199,,,,,,,,,,,False,,,fails 1 (2023-25),RB +6.11% on vs off (+0.02 at a 0.3 line); QB -15.58% on vs off (-0.02 at a 0.2 line); other -63.81% on vs off (-0.01 at a 0.0 line),fixed dome only
Situational,dome_fixed,L,pooled,pass_yards,True,0.01531,0.01733,0.02032,0.04144,0.05295,0.02328,60.7221,56.5737,56.1092,,,,,,,,,,,False,,,"fails 1 (2017-18, 2019-22, 2023-25)",all +0.84% on vs off (+1.92 at a 228.9 line),fixed dome only
Situational,dome_fixed,L,pooled,pass_dropbacks,True,0.01911,-0.00125,0.00242,0.01307,0.00547,0.0047,7.5939,7.686,7.7009,,,,,,,,,,,False,,,"fails 1 (2017-18, 2023-25)",all -0.83% on vs off (-0.31 at a 37.7 line),fixed dome only
Situational,dome_fixed,L,pooled,pass_td,True,0.0004,0.00022,8e-05,0.0006,0.00034,8e-05,0.8534,0.8376,0.8698,,,,,,,,,,,False,,,"fails 1 (2017-18, 2019-22, 2023-25)",all -0.83% on vs off (-0.01 at a 1.5 line),fixed dome only
Situational,dome_fixed,L,pooled,pass_int,True,0.00107,-0.00054,0.0002,0.00087,0.00039,0.00073,0.9749,0.9645,0.9458,,,,,,,,,,,False,,,"fails 1 (2017-18, 2023-25)",all -6.47% on vs off (-0.05 at a 0.8 line),fixed dome only
Situational,home,L,pooled,rec_yards,True,0.00541,0.00157,-0.00121,0.0064,0.00127,0.00127,19.6893,19.131,18.1454,,,,,,,,,,,False,,,"fails 1 (2017-18, 2019-22)",all +1.79% on vs off (+0.45 at a 25.4 line),home (neutral sites 0)
Situational,home,L,by position,rec_yards,True,0.01443,0.004,-0.00166,0.00959,0.00239,0.00203,19.6893,19.131,18.1454,,,,,,,,,,,False,,,"fails 1 (2017-18, 2019-22)",WR +1.79% on vs off (+0.60 at a 33.6 line); TE +0.00% on vs off (+0.00 at a 20.9 line); RB +3.15% on vs off (+0.45 at a 14.3 line); other +65.05% on vs off (+6.21 at a 9.5 line),home (neutral sites 0)
Situational,home,L,pooled,rec_catches,True,0.00012,-5e-05,-0.00012,0.00022,0.00012,0.00018,1.4479,1.4404,1.367,,,,,,,,,,,False,,,fails 1 (2017-18),all +1.34% on vs off (+0.03 at a 2.4 line),home (neutral sites 0)
Situational,home,L,by position,rec_catches,True,0.00022,0.00027,-6e-05,0.00046,0.00019,0.00019,1.4479,1.4404,1.367,,,,,,,,,,,False,,,"fails 1 (2017-18, 2019-22)",WR +1.34% on vs off (+0.04 at a 2.9 line); TE +0.44% on vs off (+0.01 at a 2.1 line); RB +3.15% on vs off (+0.06 at a 1.8 line); other +17.31% on vs off (+0.20 at a 1.2 line),home (neutral sites 0)
Situational,home,L,pooled,rec_targets,True,0.00164,0.00033,0.0,0.00109,0.0002,6e-05,1.8752,1.8257,1.7128,,,,,,,,,,,False,,,"fails 1 (2017-18, 2019-22, 2023-25)",all +0.44% on vs off (+0.02 at a 4.0 line),home (neutral sites 0)
Situational,home,L,by position,rec_targets,True,0.00156,0.00051,0.00012,0.00117,0.00029,0.00033,1.8752,1.8257,1.7128,,,,,,,,,,,False,,,"fails 1 (2017-18, 2019-22, 2023-25)",WR +0.44% on vs off (+0.02 at a 5.0 line); TE +0.89% on vs off (+0.03 at a 3.4 line); RB +0.44% on vs off (+0.01 at a 2.7 line); other +62.14% on vs off (+1.11 at a 1.8 line),home (neutral sites 0)
Situational,home,L,pooled,rec_td,True,-0.0,-0.0,4e-05,0.0001,6e-05,3e-05,0.5007,0.4919,0.4727,,,,,,,,,,,False,,,"fails 1 (2017-18, 2019-22, 2023-25)",all -1.76% on vs off (-0.00 at a 0.2 line),home (neutral sites 0)
Situational,home,L,by position,rec_td,True,0.00023,-6e-05,6e-05,0.00026,0.00017,0.00015,0.5007,0.4919,0.4727,,,,,,,,,,,False,,,"fails 1 (2017-18, 2023-25)",WR +3.15% on vs off (+0.01 at a 0.2 line); TE -8.08% on vs off (-0.02 at a 0.2 line); RB -12.46% on vs off (-0.01 at a 0.1 line); other +11.23% on vs off (+0.01 at a 0.1 line),home (neutral sites 0)
Situational,home,L,pooled,rush_yards,True,-0.00842,0.00501,0.0116,0.0256,0.01093,0.00627,18.041,17.6866,16.9681,,,,,,,,,,,False,,,"fails 1 (2019-22, 2023-25)",all +1.34% on vs off (+0.35 at a 26.3 line),home (neutral sites 0)
Situational,home,L,by position,rush_yards,True,-0.00034,0.01089,0.01034,0.02552,0.01148,0.00714,18.041,17.6866,16.9681,,,,,,,,,,,False,,,"fails 1 (2019-22, 2023-25)",RB +1.78% on vs off (+0.62 at a 34.8 line); QB +1.34% on vs off (+0.19 at a 14.6 line); other -21.24% on vs off (-0.70 at a 3.3 line),home (neutral sites 0)
Situational,home,L,pooled,rush_carries,True,-0.00111,0.00351,0.00043,0.00545,0.00206,0.00107,3.0824,2.933,2.8393,,,,,,,,,,,False,,,"fails 1 (2019-22, 2023-25)",all +1.34% on vs off (+0.09 at a 6.8 line),home (neutral sites 0)
Situational,home,L,by position,rush_carries,True,0.0041,0.00442,-0.00026,0.00583,0.00215,0.00102,3.0824,2.933,2.8393,,,,,,,,,,,False,,,"fails 1 (2017-18, 2019-22)",RB +1.34% on vs off (+0.12 at a 9.1 line); QB +4.06% on vs off (+0.15 at a 3.7 line); other -10.47% on vs off (-0.08 at a 0.7 line),home (neutral sites 0)
Situational,home,L,pooled,rush_td,True,0.00046,0.00032,-0.00019,0.00103,0.00032,0.00025,0.5136,0.5501,0.5199,,,,,,,,,,,False,,,"fails 1 (2017-18, 2019-22)",all +8.29% on vs off (+0.02 at a 0.2 line),home (neutral sites 0)
Situational,home,L,by position,rush_td,True,0.00092,0.0003,-0.00018,0.00106,0.00038,0.00037,0.5136,0.5501,0.5199,,,,,,,,,,,False,,,"fails 1 (2017-18, 2019-22)",RB +6.39% on vs off (+0.02 at a 0.3 line); QB +17.78% on vs off (+0.03 at a 0.2 line); other -30.41% on vs off (-0.01 at a 0.0 line),home (neutral sites 0)
Situational,home,L,pooled,pass_yards,True,0.0395,0.03075,0.04963,0.05475,0.03448,0.02366,60.7221,56.5737,56.1092,,,,,,,,,,,False,,,"fails 1 (2017-18, 2019-22, 2023-25)",all +0.45% on vs off (+1.03 at a 228.9 line),home (neutral sites 0)
Situational,home,L,pooled,pass_dropbacks,True,0.07583,0.00042,-0.00755,0.02585,0.00171,0.00509,7.5939,7.686,7.7009,,,,,,,,,,,False,,,"fails 1 (2017-18, 2019-22)",all +1.35% on vs off (+0.51 at a 37.7 line),home (neutral sites 0)
Situational,home,L,pooled,pass_td,True,0.00011,-0.00021,0.0002,0.00126,0.00057,0.00037,0.8534,0.8376,0.8698,,,,,,,,,,,False,,,"fails 1 (2017-18, 2023-25)",all -2.65% on vs off (-0.04 at a 1.5 line),home (neutral sites 0)
Situational,home,L,pooled,pass_int,True,-8e-05,0.00093,-4e-05,0.00089,0.00043,0.00027,0.9749,0.9645,0.9458,,,,,,,,,,,False,,,fails 1 (2019-22),all -2.65% on vs off (-0.02 at a 0.8 line),home (neutral sites 0)
Situational,division,L,pooled,rec_yards,True,-0.00121,0.00138,0.00225,0.00142,0.00148,0.00184,19.6893,19.131,18.1454,,,,,,,,,,,False,,,"fails 1 (2019-22, 2023-25)",all -0.93% on vs off (-0.24 at a 25.4 line),division opponent
Situational,division,L,by position,rec_yards,True,0.01268,0.00177,0.0027,0.00632,0.00176,0.00274,19.6893,19.131,18.1454,,,,,,,,,,,False,,,"fails 1 (2017-18, 2019-22, 2023-25)",WR -0.93% on vs off (-0.31 at a 33.6 line); TE +0.94% on vs off (+0.20 at a 20.9 line); RB -2.76% on vs off (-0.39 at a 14.3 line); other -38.78% on vs off (-3.70 at a 9.5 line),division opponent
Situational,division,L,pooled,rec_catches,True,1e-05,-0.00023,0.00019,0.00039,0.00019,0.00029,1.4479,1.4404,1.367,,,,,,,,,,,False,,,"fails 1 (2017-18, 2023-25)",all -1.85% on vs off (-0.04 at a 2.4 line),division opponent
Situational,division,L,by position,rec_catches,True,-0.00015,7e-05,0.00031,0.00054,0.00034,0.0003,1.4479,1.4404,1.367,,,,,,,,,,,False,,,"fails 1 (2019-22, 2023-25)",WR -2.31% on vs off (-0.07 at a 2.9 line); TE -1.39% on vs off (-0.03 at a 2.1 line); RB +1.41% on vs off (+0.03 at a 1.8 line); other -4.12% on vs off (-0.05 at a 1.2 line),division opponent
Situational,division,L,pooled,rec_targets,True,2e-05,3e-05,6e-05,9e-05,4e-05,0.00017,1.8752,1.8257,1.7128,,,,,,,,,,,False,,,"fails 1 (2017-18, 2019-22, 2023-25)",all -0.47% on vs off (-0.02 at a 4.0 line),division opponent
Situational,division,L,by position,rec_targets,True,0.00098,-7e-05,0.00051,0.00051,0.00026,0.00036,1.8752,1.8257,1.7128,,,,,,,,,,,False,,,"fails 1 (2017-18, 2023-25)",WR -0.47% on vs off (-0.02 at a 5.0 line); TE +0.94% on vs off (+0.03 at a 3.4 line); RB -1.39% on vs off (-0.04 at a 2.7 line); other -37.91% on vs off (-0.68 at a 1.8 line),division opponent
Situational,division,L,pooled,rec_td,True,2e-05,-3e-05,7e-05,7e-05,7e-05,7e-05,0.5007,0.4919,0.4727,,,,,,,,,,,False,,,"fails 1 (2017-18, 2023-25)",all -2.76% on vs off (-0.01 at a 0.2 line),division opponent
Situational,division,L,by position,rec_td,True,0.00103,-2e-05,0.00019,0.00044,0.0001,9e-05,0.5007,0.4919,0.4727,,,,,,,,,,,False,,,"fails 1 (2017-18, 2023-25)",WR -2.31% on vs off (-0.01 at a 0.2 line); TE +0.47% on vs off (+0.00 at a 0.2 line); RB -9.77% on vs off (-0.01 at a 0.1 line); other -42.92% on vs off (-0.04 at a 0.1 line),division opponent
Situational,division,L,pooled,rush_yards,True,0.00372,0.00282,-0.00085,0.00719,0.00384,0.00312,18.041,17.6866,16.9681,,,,,,,,,,,False,,,"fails 1 (2017-18, 2019-22)",all +1.41% on vs off (+0.37 at a 26.3 line),division opponent
Situational,division,L,by position,rush_yards,True,-0.00124,0.00284,0.00289,0.01004,0.00475,0.00364,18.041,17.6866,16.9681,,,,,,,,,,,False,,,"fails 1 (2019-22, 2023-25)",RB +1.89% on vs off (+0.66 at a 34.8 line); QB +0.00% on vs off (+0.00 at a 14.6 line); other +25.16% on vs off (+0.83 at a 3.3 line),division opponent
Situational,division,L,pooled,rush_carries,True,0.00026,0.00014,0.00028,0.00218,0.00072,0.00056,3.0824,2.933,2.8393,,,,,,,,,,,False,,,"fails 1 (2017-18, 2019-22, 2023-25)",all -0.93% on vs off (-0.06 at a 6.8 line),division opponent
Situational,division,L,by position,rush_carries,True,0.00249,0.00027,0.00023,0.00289,0.00087,0.00061,3.0824,2.933,2.8393,,,,,,,,,,,False,,,"fails 1 (2017-18, 2019-22, 2023-25)",RB -0.93% on vs off (-0.08 at a 9.1 line); QB -3.22% on vs off (-0.12 at a 3.7 line); other +5.28% on vs off (+0.04 at a 0.7 line),division opponent
Situational,division,L,pooled,rush_td,True,0.00046,0.0001,-2e-05,0.00042,6e-05,6e-05,0.5136,0.5501,0.5199,,,,,,,,,,,False,,,"fails 1 (2017-18, 2019-22)",all -2.77% on vs off (-0.01 at a 0.2 line),division opponent
Situational,division,L,by position,rush_td,True,0.00055,-0.00027,-0.00049,0.0006,0.00033,0.0004,0.5136,0.5501,0.5199,,,,,,,,,,,False,,,fails 1 (2017-18),RB -0.47% on vs off (-0.00 at a 0.3 line); QB -18.21% on vs off (-0.03 at a 0.2 line); other +75.24% on vs off (+0.02 at a 0.0 line),division opponent
Situational,division,L,pooled,pass_yards,True,-0.15701,-0.09048,0.04222,0.17062,0.12519,0.09739,60.7221,56.5737,56.1092,,,,,,,,,,,False,,,fails 1 (2023-25),all -3.66% on vs off (-8.38 at a 228.9 line),division opponent
Situational,division,L,pooled,pass_dropbacks,True,-0.00395,0.00302,0.0023,0.01066,0.00497,0.00299,7.5939,7.686,7.7009,,,,,,,,,,,False,,,"fails 1 (2019-22, 2023-25)",all -0.46% on vs off (-0.18 at a 37.7 line),division opponent
Situational,division,L,pooled,pass_td,True,0.00016,-0.00052,0.0002,0.00141,0.00074,0.00065,0.8534,0.8376,0.8698,,,,,,,,,,,False,,,"fails 1 (2017-18, 2023-25)",all -4.55% on vs off (-0.07 at a 1.5 line),division opponent
Situational,division,L,pooled,pass_int,True,0.0004,0.00045,-0.00024,0.0009,0.00033,0.00015,0.9749,0.9645,0.9458,,,,,,,,,,,False,,,"fails 1 (2017-18, 2019-22)",all -3.66% on vs off (-0.03 at a 0.8 line),division opponent
Situational,short_week,L,pooled,rec_yards,True,0.0098,0.00014,0.0019,0.00684,0.00537,0.00426,19.6893,19.131,18.1454,,,,,,,,,,,False,,,"fails 1 (2017-18, 2019-22, 2023-25)",all +4.71% on vs off (+1.20 at a 25.4 line),5 or fewer days of rest
Situational,short_week,L,by position,rec_yards,True,0.00338,-0.00244,0.01106,0.015,0.009,0.00809,19.6893,19.131,18.1454,,,,,,,,,,,False,,,"fails 1 (2017-18, 2023-25)",WR +9.64% on vs off (+3.24 at a 33.6 line); TE +2.80% on vs off (+0.59 at a 20.9 line); RB -7.10% on vs off (-1.01 at a 14.3 line); other +94.00% on vs off (+8.97 at a 9.5 line),5 or fewer days of rest
Situational,short_week,L,pooled,rec_catches,True,0.00038,-0.00016,-0.00075,0.00026,0.00024,0.00035,1.4479,1.4404,1.367,,,,,,,,,,,False,,,fails 1 (2017-18),all +6.66% on vs off (+0.16 at a 2.4 line),5 or fewer days of rest
Situational,short_week,L,by position,rec_catches,True,0.00077,-9e-05,-0.00015,0.00065,0.00035,0.00043,1.4479,1.4404,1.367,,,,,,,,,,,False,,,fails 1 (2017-18),WR +7.64% on vs off (+0.22 at a 2.9 line); TE +8.64% on vs off (+0.18 at a 2.1 line); RB +2.80% on vs off (+0.05 at a 1.8 line); other +101.28% on vs off (+1.18 at a 1.2 line),5 or fewer days of rest
Situational,short_week,L,pooled,rec_targets,True,0.00137,0.00031,-0.00043,0.00058,0.00019,0.00025,1.8752,1.8257,1.7128,,,,,,,,,,,False,,,"fails 1 (2017-18, 2019-22)",all +2.80% on vs off (+0.11 at a 4.0 line),5 or fewer days of rest
Situational,short_week,L,by position,rec_targets,True,0.00049,0.00031,-0.00025,0.0007,0.00031,0.00035,1.8752,1.8257,1.7128,,,,,,,,,,,False,,,"fails 1 (2017-18, 2019-22)",WR +3.75% on vs off (+0.19 at a 5.0 line); TE +0.92% on vs off (+0.03 at a 3.4 line); RB +0.92% on vs off (+0.03 at a 2.7 line); other +201.78% on vs off (+3.60 at a 1.8 line),5 or fewer days of rest
Situational,short_week,L,pooled,rec_td,True,-9e-05,7e-05,-0.00012,7e-05,9e-05,8e-05,0.5007,0.4919,0.4727,,,,,,,,,,,False,,,fails 1 (2019-22),all +9.64% on vs off (+0.02 at a 0.2 line),5 or fewer days of rest
Situational,short_week,L,by position,rec_td,True,0.00016,0.00021,-5e-05,0.0004,0.00014,0.0001,0.5007,0.4919,0.4727,,,,,,,,,,,False,,,"fails 1 (2017-18, 2019-22)",WR +11.68% on vs off (+0.03 at a 0.2 line); TE +10.66% on vs off (+0.02 at a 0.2 line); RB -2.72% on vs off (-0.00 at a 0.1 line); other +101.28% on vs off (+0.11 at a 0.1 line),5 or fewer days of rest
Situational,short_week,L,pooled,rush_yards,True,0.00224,0.00146,0.00162,0.00909,0.00388,0.00248,18.041,17.6866,16.9681,,,,,,,,,,,False,,,"fails 1 (2017-18, 2019-22, 2023-25)",all -1.83% on vs off (-0.48 at a 26.3 line),5 or fewer days of rest
Situational,short_week,L,by position,rush_yards,True,-0.00789,0.0044,0.00438,0.01596,0.0066,0.00613,18.041,17.6866,16.9681,,,,,,,,,,,False,,,"fails 1 (2019-22, 2023-25)",RB +0.00% on vs off (+0.00 at a 34.8 line); QB -12.96% on vs off (-1.89 at a 14.6 line); other -67.07% on vs off (-2.22 at a 3.3 line),5 or fewer days of rest
Situational,short_week,L,pooled,rush_carries,True,-0.00042,8e-05,0.00075,0.00092,0.00057,0.00071,3.0824,2.933,2.8393,,,,,,,,,,,False,,,"fails 1 (2019-22, 2023-25)",all +1.87% on vs off (+0.13 at a 6.8 line),5 or fewer days of rest
Situational,short_week,L,by position,rush_carries,True,0.00037,0.00049,0.00115,0.00141,0.00072,0.00092,3.0824,2.933,2.8393,,,,,,,,,,,False,,,"fails 1 (2017-18, 2019-22, 2023-25)",RB +2.82% on vs off (+0.26 at a 9.1 line); QB -2.74% on vs off (-0.10 at a 3.7 line); other +22.58% on vs off (+0.16 at a 0.7 line),5 or fewer days of rest
Situational,short_week,L,pooled,rush_td,True,0.00037,0.0001,6e-05,0.00033,9e-05,6e-05,0.5136,0.5501,0.5199,,,,,,,,,,,False,,,"fails 1 (2017-18, 2019-22, 2023-25)",all -1.83% on vs off (-0.00 at a 0.2 line),5 or fewer days of rest
Situational,short_week,L,by position,rush_td,True,0.00084,0.00021,-0.00046,0.0005,0.00032,0.00027,0.5136,0.5501,0.5199,,,,,,,,,,,False,,,"fails 1 (2017-18, 2019-22)",RB -1.83% on vs off (-0.01 at a 0.3 line); QB +4.74% on vs off (+0.01 at a 0.2 line); other -67.07% on vs off (-0.01 at a 0.0 line),5 or fewer days of rest
Situational,short_week,L,pooled,pass_yards,True,0.16304,-0.00499,-0.01135,0.09197,0.00595,0.02711,60.7221,56.5737,56.1092,,,,,,,,,,,False,,,fails 1 (2017-18),all +1.88% on vs off (+4.30 at a 228.9 line),5 or fewer days of rest
Situational,short_week,L,pooled,pass_dropbacks,True,-0.00225,8e-05,-0.00519,0.00528,0.00352,0.00527,7.5939,7.686,7.7009,,,,,,,,,,,False,,,fails 1 (2019-22),all +2.83% on vs off (+1.07 at a 37.7 line),5 or fewer days of rest
Situational,short_week,L,pooled,pass_td,True,-0.00059,0.00064,-0.00014,0.00035,0.00048,0.00028,0.8534,0.8376,0.8698,,,,,,,,,,,False,,,fails 1 (2019-22),all +4.76% on vs off (+0.07 at a 1.5 line),5 or fewer days of rest
Situational,short_week,L,pooled,pass_int,True,0.00153,5e-05,-0.00036,0.00186,0.0003,0.0003,0.9749,0.9645,0.9458,,,,,,,,,,,False,,,"fails 1 (2017-18, 2019-22)",all -8.03% on vs off (-0.06 at a 0.8 line),5 or fewer days of rest
Situational,off_bye,L,pooled,rec_yards,True,0.00524,-0.00619,0.00321,0.00604,0.0043,0.00489,19.6893,19.131,18.1454,,,,,,,,,,,False,,,"fails 1 (2017-18, 2023-25)",all -5.92% on vs off (-1.51 at a 25.4 line),13+ days of rest
Situational,off_bye,L,by position,rec_yards,True,0.00929,-0.00517,0.00531,0.00716,0.00462,0.00568,19.6893,19.131,18.1454,,,,,,,,,,,False,,,"fails 1 (2017-18, 2023-25)",WR -5.92% on vs off (-1.99 at a 33.6 line); TE -6.74% on vs off (-1.41 at a 20.9 line); RB -4.27% on vs off (-0.61 at a 14.3 line); other +26.54% on vs off (+2.53 at a 9.5 line),13+ days of rest
Situational,off_bye,L,pooled,rec_catches,True,-0.00014,-0.00029,2e-05,0.00079,0.00044,0.00039,1.4479,1.4404,1.367,,,,,,,,,,,False,,,fails 1 (2023-25),all -5.92% on vs off (-0.14 at a 2.4 line),13+ days of rest
Situational,off_bye,L,by position,rec_catches,True,2e-05,-0.00024,0.00018,0.00076,0.00047,0.00044,1.4479,1.4404,1.367,,,,,,,,,,,False,,,"fails 1 (2017-18, 2023-25)",WR -6.74% on vs off (-0.19 at a 2.9 line); TE -5.10% on vs off (-0.11 at a 2.1 line); RB -3.43% on vs off (-0.06 at a 1.8 line); other +16.99% on vs off (+0.20 at a 1.2 line),13+ days of rest
Situational,off_bye,L,pooled,rec_targets,True,-0.00044,-0.00015,0.00021,0.00044,0.00031,0.00033,1.8752,1.8257,1.7128,,,,,,,,,,,False,,,fails 1 (2023-25),all -2.58% on vs off (-0.10 at a 4.0 line),13+ days of rest
Situational,off_bye,L,by position,rec_targets,True,0.00027,-0.00023,0.00051,0.00041,0.0004,0.00035,1.8752,1.8257,1.7128,,,,,,,,,,,False,,,"fails 1 (2017-18, 2023-25)",WR -3.43% on vs off (-0.17 at a 5.0 line); TE +0.00% on vs off (+0.00 at a 3.4 line); RB -2.58% on vs off (-0.07 at a 2.7 line); other +23.27% on vs off (+0.41 at a 1.8 line),13+ days of rest
Situational,off_bye,L,pooled,rec_td,True,0.00032,1e-05,-1e-05,0.00018,3e-05,6e-05,0.5007,0.4919,0.4727,,,,,,,,,,,False,,,"fails 1 (2017-18, 2019-22)",all -5.10% on vs off (-0.01 at a 0.2 line),13+ days of rest
Situational,off_bye,L,by position,rec_td,True,0.00087,4e-05,-1e-05,0.0004,5e-05,7e-05,0.5007,0.4919,0.4727,,,,,,,,,,,False,,,"fails 1 (2017-18, 2019-22)",WR -5.10% on vs off (-0.01 at a 0.2 line); TE -8.35% on vs off (-0.02 at a 0.2 line); RB +0.88% on vs off (+0.00 at a 0.1 line); other -64.87% on vs off (-0.07 at a 0.1 line),13+ days of rest
Situational,off_bye,L,pooled,rush_yards,True,0.00336,0.00064,0.00235,0.00365,0.00097,0.00236,18.041,17.6866,16.9681,,,,,,,,,,,False,,,"fails 1 (2017-18, 2019-22, 2023-25)",all +2.58% on vs off (+0.68 at a 26.3 line),13+ days of rest
Situational,off_bye,L,by position,rush_yards,True,0.00922,0.00287,0.00181,0.00672,0.00189,0.00265,18.041,17.6866,16.9681,,,,,,,,,,,False,,,"fails 1 (2017-18, 2019-22, 2023-25)",RB +1.71% on vs off (+0.60 at a 34.8 line); QB +4.34% on vs off (+0.63 at a 14.6 line); other +31.25% on vs off (+1.03 at a 3.3 line),13+ days of rest
Situational,off_bye,L,pooled,rush_carries,True,0.00073,6e-05,-0.00039,0.00108,0.00067,0.00081,3.0824,2.933,2.8393,,,,,,,,,,,False,,,"fails 1 (2017-18, 2019-22)",all +3.46% on vs off (+0.24 at a 6.8 line),13+ days of rest
Situational,off_bye,L,by position,rush_carries,True,0.00466,7e-05,-0.0016,0.00266,0.00087,0.00107,3.0824,2.933,2.8393,,,,,,,,,,,False,,,"fails 1 (2017-18, 2019-22)",RB +1.71% on vs off (+0.16 at a 9.1 line); QB +15.54% on vs off (+0.57 at a 3.7 line); other +5.23% on vs off (+0.04 at a 0.7 line),13+ days of rest
Situational,off_bye,L,pooled,rush_td,True,0.00024,0.0001,0.0,0.00022,6e-05,3e-05,0.5136,0.5501,0.5199,,,,,,,,,,,False,,,"fails 1 (2017-18, 2019-22, 2023-25)",all +1.71% on vs off (+0.00 at a 0.2 line),13+ days of rest
Situational,off_bye,L,by position,rush_td,True,0.00021,0.00016,-0.00017,0.00034,0.00015,0.00025,0.5136,0.5501,0.5199,,,,,,,,,,,False,,,"fails 1 (2017-18, 2019-22)",RB -0.85% on vs off (-0.00 at a 0.3 line); QB +17.52% on vs off (+0.03 at a 0.2 line); other -63.93% on vs off (-0.01 at a 0.0 line),13+ days of rest
Situational,off_bye,L,pooled,pass_yards,True,-0.00867,0.04869,0.01161,0.10687,0.03034,0.02039,60.7221,56.5737,56.1092,,,,,,,,,,,False,,,"fails 1 (2019-22, 2023-25)",all -0.87% on vs off (-2.00 at a 228.9 line),13+ days of rest
Situational,off_bye,L,pooled,pass_dropbacks,True,0.02123,-0.0001,0.00058,0.01438,0.00399,0.00391,7.5939,7.686,7.7009,,,,,,,,,,,False,,,"fails 1 (2017-18, 2023-25)",all -0.87% on vs off (-0.33 at a 37.7 line),13+ days of rest
Situational,off_bye,L,pooled,pass_td,True,-0.00052,0.00093,-0.0,0.00042,0.00043,0.00018,0.8534,0.8376,0.8698,,,,,,,,,,,False,,,"fails 1 (2019-22, 2023-25)",all -2.60% on vs off (-0.04 at a 1.5 line),13+ days of rest
Situational,off_bye,L,pooled,pass_int,True,0.00063,9e-05,2e-05,0.00077,9e-05,6e-05,0.9749,0.9645,0.9458,,,,,,,,,,,False,,,"fails 1 (2017-18, 2019-22, 2023-25)",all +1.77% on vs off (+0.01 at a 0.8 line),13+ days of rest
Situational,rest_days,L,pooled,rec_yards,True,-0.00083,-0.0104,0.00325,0.00421,0.0047,0.00653,19.6893,19.131,18.1454,,,,,,,,,,,False,,,fails 1 (2023-25),all -1.88% per sd (2.02) (-0.48 at a 25.4 line),"days of rest (4 to 14), per day"
Situational,rest_days,L,by position,rec_yards,True,-0.00451,-0.01431,0.01305,0.00706,0.00829,0.00943,19.6893,19.131,18.1454,,,,,,,,,,,False,,,fails 1 (2023-25),WR -2.70% per sd (2.02) (-0.91 at a 33.6 line); TE -1.25% per sd (2.02) (-0.26 at a 20.9 line); RB +0.21% per sd (2.02) (+0.03 at a 14.3 line); other +7.42% per sd (2.02) (+0.71 at a 9.5 line),"days of rest (4 to 14), per day"
Situational,rest_days,L,pooled,rec_catches,True,-0.00051,-0.0004,-0.00068,0.00044,0.00041,0.00046,1.4479,1.4404,1.367,-0.000376,-0.000227,-0.000207,81-81,81-81,162.0,49.0,50.0,50.0,0.98,True,True,True,passes 1-3,all -1.88% per sd (2.02) (-0.05 at a 2.4 line),"days of rest (4 to 14), per day"
Situational,rest_days,L,by position,rec_catches,True,-0.00075,-0.00037,-0.00033,0.00073,0.00053,0.00055,1.4479,1.4404,1.367,-0.00089,-0.000336,-8e-05,81-81,82-80,162.0,49.0,50.0,50.0,0.98,True,True,True,passes 1-3,WR -2.29% per sd (2.02) (-0.07 at a 2.9 line); TE -1.67% per sd (2.02) (-0.04 at a 2.1 line); RB -0.21% per sd (2.02) (-0.00 at a 1.8 line); other +4.52% per sd (2.02) (+0.05 at a 1.2 line),"days of rest (4 to 14), per day"
Situational,rest_days,L,pooled,rec_targets,True,-0.00053,-0.0001,-0.00037,0.00038,0.00029,0.00037,1.8752,1.8257,1.7128,,,,84-63,84-63,151.0,49.0,46.0,50.0,0.92,True,True,True,passes 1-3,all -0.84% per sd (2.02) (-0.03 at a 4.0 line),"days of rest (4 to 14), per day"
Situational,rest_days,L,by position,rec_targets,True,-0.00061,-0.00045,9e-05,0.00042,0.00052,0.00055,1.8752,1.8257,1.7128,,,,,,,,,,,False,,,fails 1 (2023-25),WR -1.25% per sd (2.02) (-0.06 at a 5.0 line); TE +0.63% per sd (2.02) (+0.02 at a 3.4 line); RB -0.63% per sd (2.02) (-0.02 at a 2.7 line); other -8.46% per sd (2.02) (-0.15 at a 1.8 line),"days of rest (4 to 14), per day"
Situational,rest_days,L,pooled,rec_td,True,0.00014,-4e-05,-0.00011,0.00013,4e-05,9e-05,0.5007,0.4919,0.4727,,,,,,,,,,,False,,,fails 1 (2017-18),all -2.29% per sd (2.02) (-0.00 at a 0.2 line),"days of rest (4 to 14), per day"
Situational,rest_days,L,by position,rec_td,True,0.00027,-2e-05,-3e-05,0.00016,8e-05,0.0001,0.5007,0.4919,0.4727,,,,,,,,,,,False,,,fails 1 (2017-18),WR -2.49% per sd (2.02) (-0.01 at a 0.2 line); TE -2.29% per sd (2.02) (-0.00 at a 0.2 line); RB -0.84% per sd (2.02) (-0.00 at a 0.1 line); other -22.31% per sd (2.02) (-0.02 at a 0.1 line),"days of rest (4 to 14), per day"
Situational,rest_days,L,pooled,rush_yards,True,-0.00152,0.00025,-0.00334,0.00537,0.00282,0.00396,18.041,17.6866,16.9681,,,,,,,,,,,False,,,fails 1 (2019-22),all +0.84% per sd (2.03) (+0.22 at a 26.3 line),"days of rest (4 to 14), per day"
Situational,rest_days,L,by position,rush_yards,True,0.01383,-8e-05,-0.0028,0.01216,0.00287,0.00558,18.041,17.6866,16.9681,,,,,,,,,,,False,,,fails 1 (2017-18),RB +0.63% per sd (2.03) (+0.22 at a 34.8 line); QB +4.05% per sd (2.03) (+0.59 at a 14.6 line); other +5.14% per sd (2.03) (+0.17 at a 3.3 line),"days of rest (4 to 14), per day"
Situational,rest_days,L,pooled,rush_carries,True,0.00147,0.00025,-0.00115,0.00141,0.001,0.00092,3.0824,2.933,2.8393,,,,,,,,,,,False,,,"fails 1 (2017-18, 2019-22)",all +1.05% per sd (2.03) (+0.07 at a 6.8 line),"days of rest (4 to 14), per day"
Situational,rest_days,L,by position,rush_carries,True,0.00391,0.00026,-0.00222,0.0023,0.00106,0.00122,3.0824,2.933,2.8393,,,,,,,,,,,False,,,"fails 1 (2017-18, 2019-22)",RB +0.63% per sd (2.03) (+0.06 at a 9.1 line); QB +3.83% per sd (2.03) (+0.14 at a 3.7 line); other +0.42% per sd (2.03) (+0.00 at a 0.7 line),"days of rest (4 to 14), per day"
Situational,rest_days,L,pooled,rush_td,True,2e-05,4e-05,-1e-05,6e-05,4e-05,3e-05,0.5136,0.5501,0.5199,,,,,,,,,,,False,,,"fails 1 (2017-18, 2019-22)",all +0.84% per sd (2.03) (+0.00 at a 0.2 line),"days of rest (4 to 14), per day"
Situational,rest_days,L,by position,rush_td,True,0.00043,0.00031,-1e-05,0.00032,0.00017,0.00024,0.5136,0.5501,0.5199,,,,,,,,,,,False,,,"fails 1 (2017-18, 2019-22)",RB +0.21% per sd (2.03) (+0.00 at a 0.3 line); QB +3.40% per sd (2.03) (+0.01 at a 0.2 line); other -16.27% per sd (2.03) (-0.00 at a 0.0 line),"days of rest (4 to 14), per day"
Situational,rest_days,L,pooled,pass_yards,True,0.01812,0.04563,-0.00049,0.10889,0.0289,0.038,60.7221,56.5737,56.1092,,,,,,,,,,,False,,,"fails 1 (2017-18, 2019-22)",all -0.42% per sd (2.01) (-0.97 at a 228.9 line),"days of rest (4 to 14), per day"
Situational,rest_days,L,pooled,pass_dropbacks,True,0.01871,0.00017,-0.00322,0.01871,0.0058,0.00604,7.5939,7.686,7.7009,,,,,,,,,,,False,,,"fails 1 (2017-18, 2019-22)",all -0.63% per sd (2.01) (-0.24 at a 37.7 line),"days of rest (4 to 14), per day"
Situational,rest_days,L,pooled,pass_td,True,-0.00035,0.00051,-0.00018,0.0005,0.00032,0.00024,0.8534,0.8376,0.8698,,,,,,,,,,,False,,,fails 1 (2019-22),all -1.05% per sd (2.01) (-0.02 at a 1.5 line),"days of rest (4 to 14), per day"
Situational,rest_days,L,pooled,pass_int,True,0.00053,-4e-05,-0.00049,0.00079,0.00017,0.00034,0.9749,0.9645,0.9458,,,,,,,,,,,False,,,fails 1 (2017-18),all +2.14% per sd (2.01) (+0.02 at a 0.8 line),"days of rest (4 to 14), per day"
Situational,rest_diff,L,pooled,rec_yards,True,0.00791,-0.00457,0.00168,0.00773,0.00467,0.00432,19.6893,19.131,18.1454,,,,,,,,,,,False,,,"fails 1 (2017-18, 2023-25)",all -1.21% per sd (2.45) (-0.31 at a 25.4 line),"own rest minus the opponent's (-7 to 7), per day"
Situational,rest_diff,L,by position,rec_yards,True,0.00609,-0.00332,0.00103,0.00897,0.00529,0.00474,19.6893,19.131,18.1454,,,,,,,,,,,False,,,"fails 1 (2017-18, 2023-25)",WR -1.21% per sd (2.45) (-0.41 at a 33.6 line); TE -2.40% per sd (2.45) (-0.50 at a 20.9 line); RB -0.61% per sd (2.45) (-0.09 at a 14.3 line); other +7.57% per sd (2.45) (+0.72 at a 9.5 line),"own rest minus the opponent's (-7 to 7), per day"
Situational,rest_diff,L,pooled,rec_catches,True,-0.00016,-0.00025,-0.0002,0.00069,0.00044,0.00039,1.4479,1.4404,1.367,-0.000468,-0.000256,-0.000112,81-81,83-79,162.0,43.0,49.0,49.0,0.86,True,True,False,"fails 3 (placebo, worst window beaten in 43/50)",all -1.61% per sd (2.45) (-0.04 at a 2.4 line),"own rest minus the opponent's (-7 to 7), per day"
Situational,rest_diff,L,by position,rec_catches,True,-0.00017,0.0002,-9e-05,0.00083,0.00048,0.00042,1.4479,1.4404,1.367,,,,,,,,,,,False,,,fails 1 (2019-22),WR -1.41% per sd (2.45) (-0.04 at a 2.9 line); TE -1.81% per sd (2.45) (-0.04 at a 2.1 line); RB -1.21% per sd (2.45) (-0.02 at a 1.8 line); other +15.94% per sd (2.45) (+0.19 at a 1.2 line),"own rest minus the opponent's (-7 to 7), per day"
Situational,rest_diff,L,pooled,rec_targets,True,-0.00053,-0.00011,-0.00018,0.00055,0.00039,0.00034,1.8752,1.8257,1.7128,,,,84-63,84-63,151.0,49.0,44.0,48.0,0.88,True,True,False,"fails 3 (placebo, worst window beaten in 44/50)",all -0.81% per sd (2.45) (-0.03 at a 4.0 line),"own rest minus the opponent's (-7 to 7), per day"
Situational,rest_diff,L,by position,rec_targets,True,0.00025,0.00017,0.00021,0.00082,0.00054,0.00055,1.8752,1.8257,1.7128,,,,,,,,,,,False,,,"fails 1 (2017-18, 2019-22, 2023-25)",WR -1.21% per sd (2.45) (-0.06 at a 5.0 line); TE -0.40% per sd (2.45) (-0.01 at a 3.4 line); RB -0.81% per sd (2.45) (-0.02 at a 2.7 line); other -9.27% per sd (2.45) (-0.17 at a 1.8 line),"own rest minus the opponent's (-7 to 7), per day"
Situational,rest_diff,L,pooled,rec_td,True,4e-05,-1e-05,4e-05,0.00011,5e-05,4e-05,0.5007,0.4919,0.4727,,,,,,,,,,,False,,,"fails 1 (2017-18, 2023-25)",all -0.40% per sd (2.45) (-0.00 at a 0.2 line),"own rest minus the opponent's (-7 to 7), per day"
Situational,rest_diff,L,by position,rec_td,True,0.00021,4e-05,7e-05,0.00016,6e-05,5e-05,0.5007,0.4919,0.4727,,,,,,,,,,,False,,,"fails 1 (2017-18, 2019-22, 2023-25)",WR +0.00% per sd (2.45) (+0.00 at a 0.2 line); TE -1.61% per sd (2.45) (-0.00 at a 0.2 line); RB +0.20% per sd (2.45) (+0.00 at a 0.1 line); other -4.94% per sd (2.45) (-0.01 at a 0.1 line),"own rest minus the opponent's (-7 to 7), per day"
Situational,rest_diff,L,pooled,rush_yards,True,-0.00735,-0.00052,-0.00417,0.01179,0.00725,0.00788,18.041,17.6866,16.9681,-0.000607,0.000504,0.000109,40-46,39-47,86.0,,,,,True,False,,"fails 2 (chance 2019-22, chance 2023-25, lean record)",all +1.82% per sd (2.46) (+0.48 at a 26.3 line),"own rest minus the opponent's (-7 to 7), per day"
Situational,rest_diff,L,by position,rush_yards,True,0.00427,0.00069,-0.00324,0.01425,0.00768,0.0078,18.041,17.6866,16.9681,,,,,,,,,,,False,,,"fails 1 (2017-18, 2019-22)",RB +1.62% per sd (2.46) (+0.56 at a 34.8 line); QB +1.82% per sd (2.46) (+0.27 at a 14.6 line); other +10.77% per sd (2.46) (+0.36 at a 3.3 line),"own rest minus the opponent's (-7 to 7), per day"
Situational,rest_diff,L,pooled,rush_carries,True,-0.0005,-0.00023,-0.0018,0.00212,0.00127,0.00125,3.0824,2.933,2.8393,,,,44-40,43-41,84.0,,,,,True,False,,fails 2 (lean record),all +1.21% per sd (2.46) (+0.08 at a 6.8 line),"own rest minus the opponent's (-7 to 7), per day"
Situational,rest_diff,L,by position,rush_carries,True,0.00047,-0.00017,-0.00211,0.00254,0.00128,0.00141,3.0824,2.933,2.8393,,,,,,,,,,,False,,,fails 1 (2017-18),RB +1.01% per sd (2.46) (+0.09 at a 9.1 line); QB +3.06% per sd (2.46) (+0.11 at a 3.7 line); other +6.20% per sd (2.46) (+0.04 at a 0.7 line),"own rest minus the opponent's (-7 to 7), per day"
Situational,rest_diff,L,pooled,rush_td,True,-0.00016,0.00012,-4e-05,0.00017,0.00013,0.00012,0.5136,0.5501,0.5199,,,,,,,,,,,False,,,fails 1 (2019-22),all +2.23% per sd (2.46) (+0.00 at a 0.2 line),"own rest minus the opponent's (-7 to 7), per day"
Situational,rest_diff,L,by position,rush_td,True,4e-05,8e-05,1e-05,0.00037,0.00024,0.00024,0.5136,0.5501,0.5199,,,,,,,,,,,False,,,"fails 1 (2017-18, 2019-22, 2023-25)",RB +2.03% per sd (2.46) (+0.01 at a 0.3 line); QB +5.14% per sd (2.46) (+0.01 at a 0.2 line); other -21.40% per sd (2.46) (-0.00 at a 0.0 line),"own rest minus the opponent's (-7 to 7), per day"
Situational,rest_diff,L,pooled,pass_yards,True,-0.05191,-0.02439,0.04031,0.06433,0.04283,0.04211,60.7221,56.5737,56.1092,,,,,,,,,,,False,,,fails 1 (2023-25),all -0.62% per sd (2.43) (-1.41 at a 228.9 line),"own rest minus the opponent's (-7 to 7), per day"
Situational,rest_diff,L,pooled,pass_dropbacks,True,0.05167,-0.00506,0.00174,0.03065,0.0082,0.00837,7.5939,7.686,7.7009,,,,,,,,,,,False,,,"fails 1 (2017-18, 2023-25)",all -0.82% per sd (2.43) (-0.31 at a 37.7 line),"own rest minus the opponent's (-7 to 7), per day"
Situational,rest_diff,L,pooled,pass_td,True,2e-05,4e-05,0.00016,0.00016,0.00011,0.00013,0.8534,0.8376,0.8698,,,,,,,,,,,False,,,"fails 1 (2017-18, 2019-22, 2023-25)",all +0.00% per sd (2.43) (+0.00 at a 1.5 line),"own rest minus the opponent's (-7 to 7), per day"
Situational,rest_diff,L,pooled,pass_int,True,0.0,-0.00014,0.00023,0.0,0.00021,0.00032,0.9749,0.9645,0.9458,,,,,,,,,,,False,,,"fails 1 (2017-18, 2023-25)",all -0.82% per sd (2.43) (-0.01 at a 0.8 line),"own rest minus the opponent's (-7 to 7), per day"
Situational,opp_off_bye,L,pooled,rec_yards,True,0.00301,0.00387,0.00111,0.00673,0.00406,0.0005,19.6893,19.131,18.1454,,,,,,,,,,,False,,,"fails 1 (2017-18, 2019-22, 2023-25)",all +0.00% on vs off (+0.00 at a 25.4 line),the opponent off a bye
Situational,opp_off_bye,L,by position,rec_yards,True,0.01197,0.00951,0.00459,0.01358,0.00533,0.00219,19.6893,19.131,18.1454,,,,,,,,,,,False,,,"fails 1 (2017-18, 2019-22, 2023-25)",WR +0.00% on vs off (+0.00 at a 33.6 line); TE +6.57% on vs off (+1.37 at a 20.9 line); RB -0.90% on vs off (-0.13 at a 14.3 line); other +101.34% on vs off (+9.67 at a 9.5 line),the opponent off a bye
Situational,opp_off_bye,L,pooled,rec_catches,True,-3e-05,-0.0,3e-05,0.00023,0.00016,0.00011,1.4479,1.4404,1.367,,,,,,,,,,,False,,,"fails 1 (2019-22, 2023-25)",all +1.83% on vs off (+0.04 at a 2.4 line),the opponent off a bye
Situational,opp_off_bye,L,by position,rec_catches,True,-5e-05,0.0006,0.00016,0.00061,0.00032,0.00019,1.4479,1.4404,1.367,,,,,,,,,,,False,,,"fails 1 (2019-22, 2023-25)",WR +1.83% on vs off (+0.05 at a 2.9 line); TE +5.60% on vs off (+0.12 at a 2.1 line); RB -3.57% on vs off (-0.07 at a 1.8 line); other +16.71% on vs off (+0.19 at a 1.2 line),the opponent off a bye
Situational,opp_off_bye,L,pooled,rec_targets,True,-1e-05,0.00014,6e-05,0.00053,0.00019,8e-05,1.8752,1.8257,1.7128,,,,,,,,,,,False,,,"fails 1 (2019-22, 2023-25)",all +0.91% on vs off (+0.04 at a 4.0 line),the opponent off a bye
Situational,opp_off_bye,L,by position,rec_targets,True,9e-05,0.0007,0.00044,0.00079,0.00038,0.00017,1.8752,1.8257,1.7128,,,,,,,,,,,False,,,"fails 1 (2017-18, 2019-22, 2023-25)",WR +0.91% on vs off (+0.05 at a 5.0 line); TE +0.91% on vs off (+0.03 at a 3.4 line); RB -1.80% on vs off (-0.05 at a 2.7 line); other -5.31% on vs off (-0.09 at a 1.8 line),the opponent off a bye
Situational,opp_off_bye,L,pooled,rec_td,True,-4e-05,4e-05,1e-05,4e-05,5e-05,3e-05,0.5007,0.4919,0.4727,,,,,,,,,,,False,,,"fails 1 (2019-22, 2023-25)",all -4.44% on vs off (-0.01 at a 0.2 line),the opponent off a bye
Situational,opp_off_bye,L,by position,rec_td,True,0.00027,8e-05,5e-05,0.00023,0.0001,5e-05,0.5007,0.4919,0.4727,,,,,,,,,,,False,,,"fails 1 (2017-18, 2019-22, 2023-25)",WR -5.31% on vs off (-0.01 at a 0.2 line); TE +2.76% on vs off (+0.01 at a 0.2 line); RB -11.14% on vs off (-0.01 at a 0.1 line); other -66.40% on vs off (-0.07 at a 0.1 line),the opponent off a bye
Situational,opp_off_bye,L,pooled,rush_yards,True,0.00445,0.0009,0.00485,0.0177,0.00633,0.00512,18.041,17.6866,16.9681,,,,,,,,,,,False,,,"fails 1 (2017-18, 2019-22, 2023-25)",all -2.66% on vs off (-0.70 at a 26.3 line),the opponent off a bye
Situational,opp_off_bye,L,by position,rush_yards,True,0.0148,0.00447,0.00359,0.01987,0.00771,0.00593,18.041,17.6866,16.9681,,,,,,,,,,,False,,,"fails 1 (2017-18, 2019-22, 2023-25)",RB -4.40% on vs off (-1.53 at a 34.8 line); QB +12.40% on vs off (+1.81 at a 14.6 line); other -6.10% on vs off (-0.20 at a 3.3 line),the opponent off a bye
Situational,opp_off_bye,L,pooled,rush_carries,True,0.00049,0.00078,-0.00045,0.00178,0.0006,0.00063,3.0824,2.933,2.8393,,,,,,,,,,,False,,,"fails 1 (2017-18, 2019-22)",all -2.66% on vs off (-0.18 at a 6.8 line),the opponent off a bye
Situational,opp_off_bye,L,by position,rush_carries,True,0.00297,0.00114,-0.00087,0.00273,0.00067,0.00077,3.0824,2.933,2.8393,,,,,,,,,,,False,,,"fails 1 (2017-18, 2019-22)",RB -2.66% on vs off (-0.24 at a 9.1 line); QB +3.66% on vs off (+0.13 at a 3.7 line); other -33.87% on vs off (-0.25 at a 0.7 line),the opponent off a bye
Situational,opp_off_bye,L,pooled,rush_td,True,0.00016,0.00014,-9e-05,0.00052,0.00016,0.00012,0.5136,0.5501,0.5199,,,,,,,,,,,False,,,"fails 1 (2017-18, 2019-22)",all -9.42% on vs off (-0.02 at a 0.2 line),the opponent off a bye
Situational,opp_off_bye,L,by position,rush_td,True,-8e-05,0.0002,0.00023,0.00076,0.00033,0.00021,0.5136,0.5501,0.5199,,,,,,,,,,,False,,,"fails 1 (2019-22, 2023-25)",RB -11.83% on vs off (-0.03 at a 0.3 line); QB +0.90% on vs off (+0.00 at a 0.2 line); other +56.76% on vs off (+0.01 at a 0.0 line),the opponent off a bye
Situational,opp_off_bye,L,pooled,pass_yards,True,-0.1893,0.08234,0.1192,0.17017,0.07982,0.04357,60.7221,56.5737,56.1092,,,,,,,,,,,False,,,"fails 1 (2019-22, 2023-25)",all +1.87% on vs off (+4.27 at a 228.9 line),the opponent off a bye
Situational,opp_off_bye,L,pooled,pass_dropbacks,True,0.05207,-0.00756,0.00538,0.03443,0.00728,0.00764,7.5939,7.686,7.7009,,,,,,,,,,,False,,,"fails 1 (2017-18, 2023-25)",all +3.77% on vs off (+1.42 at a 37.7 line),the opponent off a bye
Situational,opp_off_bye,L,pooled,pass_td,True,-0.00063,0.00037,0.00074,0.00073,0.00056,0.00027,0.8534,0.8376,0.8698,,,,,,,,,,,False,,,"fails 1 (2019-22, 2023-25)",all +0.00% on vs off (+0.00 at a 1.5 line),the opponent off a bye
Situational,opp_off_bye,L,pooled,pass_int,True,0.00024,-0.00039,0.00014,0.00076,0.00031,0.00059,0.9749,0.9645,0.9458,,,,,,,,,,,False,,,"fails 1 (2017-18, 2023-25)",all +9.69% on vs off (+0.08 at a 0.8 line),the opponent off a bye
Situational,travel,L,pooled,rec_yards,True,-0.00345,0.00301,-0.00425,0.00667,0.00368,0.00289,19.6893,19.131,18.1454,,,,,,,,,,,False,,,fails 1 (2019-22),all -1.29% per sd (1.29) (-0.33 at a 25.4 line),"km from the team's home stadium to the venue, per 1,000"
Situational,travel,L,by position,rec_yards,True,-0.00046,0.00626,-0.00241,0.00904,0.00537,0.00504,19.6893,19.131,18.1454,,,,,,,,,,,False,,,fails 1 (2019-22),WR -1.29% per sd (1.29) (-0.43 at a 33.6 line); TE -2.98% per sd (1.29) (-0.62 at a 20.9 line); RB +0.22% per sd (1.29) (+0.03 at a 14.3 line); other -22.82% per sd (1.29) (-2.18 at a 9.5 line),"km from the team's home stadium to the venue, per 1,000"
Situational,travel,L,pooled,rec_catches,True,-0.00015,-5e-05,-6e-05,0.0002,0.00031,0.00028,1.4479,1.4404,1.367,-0.000143,3.4e-05,-0.000121,81-81,82-80,162.0,,,,,True,False,,fails 2 (chance 2019-22),all -0.86% per sd (1.29) (-0.02 at a 2.4 line),"km from the team's home stadium to the venue, per 1,000"
Situational,travel,L,by position,rec_catches,True,-0.00073,0.00068,0.0,0.00042,0.00036,0.0003,1.4479,1.4404,1.367,,,,,,,,,,,False,,,"fails 1 (2019-22, 2023-25)",WR -0.86% per sd (1.29) (-0.02 at a 2.9 line); TE -1.07% per sd (1.29) (-0.02 at a 2.1 line); RB -2.14% per sd (1.29) (-0.04 at a 1.8 line); other -13.09% per sd (1.29) (-0.15 at a 1.2 line),"km from the team's home stadium to the venue, per 1,000"
Situational,travel,L,pooled,rec_targets,True,0.00262,-5e-05,-0.00012,0.00108,0.0001,0.00021,1.8752,1.8257,1.7128,,,,,,,,,,,False,,,fails 1 (2017-18),all -0.43% per sd (1.29) (-0.02 at a 4.0 line),"km from the team's home stadium to the venue, per 1,000"
Situational,travel,L,by position,rec_targets,True,0.00163,0.00063,0.0007,0.00124,0.00047,0.00037,1.8752,1.8257,1.7128,,,,,,,,,,,False,,,"fails 1 (2017-18, 2019-22, 2023-25)",WR -0.43% per sd (1.29) (-0.02 at a 5.0 line); TE -1.07% per sd (1.29) (-0.04 at a 3.4 line); RB +0.00% per sd (1.29) (+0.00 at a 2.7 line); other -22.82% per sd (1.29) (-0.41 at a 1.8 line),"km from the team's home stadium to the venue, per 1,000"
Situational,travel,L,pooled,rec_td,True,4e-05,1e-05,2e-05,0.00012,4e-05,2e-05,0.5007,0.4919,0.4727,,,,,,,,,,,False,,,"fails 1 (2017-18, 2019-22, 2023-25)",all +0.65% per sd (1.29) (+0.00 at a 0.2 line),"km from the team's home stadium to the venue, per 1,000"
Situational,travel,L,by position,rec_td,True,0.00093,-1e-05,0.00015,0.00035,0.00012,9e-05,0.5007,0.4919,0.4727,,,,,,,,,,,False,,,"fails 1 (2017-18, 2023-25)",WR +0.00% per sd (1.29) (+0.00 at a 0.2 line); TE +0.00% per sd (1.29) (+0.00 at a 0.2 line); RB +4.41% per sd (1.29) (+0.00 at a 0.1 line); other -22.82% per sd (1.29) (-0.02 at a 0.1 line),"km from the team's home stadium to the venue, per 1,000"
Situational,travel,L,pooled,rush_yards,True,-0.017,0.00914,0.00716,0.01607,0.01034,0.00519,18.041,17.6866,16.9681,,,,,,,,,,,False,,,"fails 1 (2019-22, 2023-25)",all -0.64% per sd (1.28) (-0.17 at a 26.3 line),"km from the team's home stadium to the venue, per 1,000"
Situational,travel,L,by position,rush_yards,True,-0.0134,0.01208,0.00666,0.01662,0.01036,0.00482,18.041,17.6866,16.9681,,,,,,,,,,,False,,,"fails 1 (2019-22, 2023-25)",RB -0.85% per sd (1.28) (-0.29 at a 34.8 line); QB -0.42% per sd (1.28) (-0.06 at a 14.6 line); other +3.46% per sd (1.28) (+0.11 at a 3.3 line),"km from the team's home stadium to the venue, per 1,000"
Situational,travel,L,pooled,rush_carries,True,-0.0005,0.00237,-0.00015,0.00466,0.00176,0.00093,3.0824,2.933,2.8393,,,,,,,,,,,False,,,fails 1 (2019-22),all -0.85% per sd (1.28) (-0.06 at a 6.8 line),"km from the team's home stadium to the venue, per 1,000"
Situational,travel,L,by position,rush_carries,True,1e-05,0.0026,-0.00012,0.00469,0.00182,0.00091,3.0824,2.933,2.8393,,,,,,,,,,,False,,,"fails 1 (2017-18, 2019-22)",RB -0.85% per sd (1.28) (-0.08 at a 9.1 line); QB -0.64% per sd (1.28) (-0.02 at a 3.7 line); other +3.46% per sd (1.28) (+0.03 at a 0.7 line),"km from the team's home stadium to the venue, per 1,000"
Situational,travel,L,pooled,rush_td,True,-1e-05,0.00024,-5e-05,0.00053,0.00018,0.00011,0.5136,0.5501,0.5199,,,,,,,,,,,False,,,fails 1 (2019-22),all -1.89% per sd (1.28) (-0.00 at a 0.2 line),"km from the team's home stadium to the venue, per 1,000"
Situational,travel,L,by position,rush_td,True,0.00082,0.00042,-0.00016,0.0008,0.00025,0.00022,0.5136,0.5501,0.5199,,,,,,,,,,,False,,,"fails 1 (2017-18, 2019-22)",RB -1.48% per sd (1.28) (-0.00 at a 0.3 line); QB -4.97% per sd (1.28) (-0.01 at a 0.2 line); other +16.03% per sd (1.28) (+0.00 at a 0.0 line),"km from the team's home stadium to the venue, per 1,000"
Situational,travel,L,pooled,pass_yards,True,0.03241,0.0251,0.03921,0.06683,0.02693,0.02638,60.7221,56.5737,56.1092,,,,,,,,,,,False,,,"fails 1 (2017-18, 2019-22, 2023-25)",all +0.00% per sd (1.3) (+0.00 at a 228.9 line),"km from the team's home stadium to the venue, per 1,000"
Situational,travel,L,pooled,pass_dropbacks,True,0.06871,0.00298,-0.00184,0.02975,0.00198,0.00219,7.5939,7.686,7.7009,,,,,,,,,,,False,,,"fails 1 (2017-18, 2019-22)",all -0.42% per sd (1.3) (-0.16 at a 37.7 line),"km from the team's home stadium to the venue, per 1,000"
Situational,travel,L,pooled,pass_td,True,0.00072,-7e-05,7e-05,0.00113,0.00028,0.00019,0.8534,0.8376,0.8698,,,,,,,,,,,False,,,"fails 1 (2017-18, 2023-25)",all +1.06% per sd (1.3) (+0.02 at a 1.5 line),"km from the team's home stadium to the venue, per 1,000"
Situational,travel,L,pooled,pass_int,True,-0.00015,0.00073,0.00012,0.00118,0.00041,0.00011,0.9749,0.9645,0.9458,,,,,,,,,,,False,,,"fails 1 (2019-22, 2023-25)",all +0.21% per sd (1.3) (+0.00 at a 0.8 line),"km from the team's home stadium to the venue, per 1,000"
Situational,tz_signed,L,pooled,rec_yards,True,0.00754,-0.00016,0.00137,0.00613,0.00194,0.00175,19.6893,19.131,18.1454,,,,,,,,,,,False,,,"fails 1 (2017-18, 2023-25)",all +0.00% per sd (1.22) (+0.00 at a 25.4 line),"time-zone shift of the venue from home, hours (east +)"
Situational,tz_signed,L,by position,rec_yards,True,0.00337,0.00572,0.00346,0.00903,0.00409,0.00224,19.6893,19.131,18.1454,,,,,,,,,,,False,,,"fails 1 (2017-18, 2019-22, 2023-25)",WR +0.00% per sd (1.22) (+0.00 at a 33.6 line); TE -0.71% per sd (1.22) (-0.15 at a 20.9 line); RB -0.24% per sd (1.22) (-0.03 at a 14.3 line); other -17.54% per sd (1.22) (-1.67 at a 9.5 line),"time-zone shift of the venue from home, hours (east +)"
Situational,tz_signed,L,pooled,rec_catches,True,0.00083,5e-05,-3e-05,0.00066,6e-05,6e-05,1.4479,1.4404,1.367,,,,,,,,,,,False,,,"fails 1 (2017-18, 2019-22)",all -0.24% per sd (1.22) (-0.01 at a 2.4 line),"time-zone shift of the venue from home, hours (east +)"
Situational,tz_signed,L,by position,rec_catches,True,0.0006,0.00063,0.0,0.00102,0.00031,0.00015,1.4479,1.4404,1.367,,,,,,,,,,,False,,,"fails 1 (2017-18, 2019-22, 2023-25)",WR -0.24% per sd (1.22) (-0.01 at a 2.9 line); TE +0.48% per sd (1.22) (+0.01 at a 2.1 line); RB -1.89% per sd (1.22) (-0.03 at a 1.8 line); other -14.95% per sd (1.22) (-0.17 at a 1.2 line),"time-zone shift of the venue from home, hours (east +)"
Situational,tz_signed,L,pooled,rec_targets,True,0.00059,0.0003,1e-05,0.00121,0.00023,6e-05,1.8752,1.8257,1.7128,,,,,,,,,,,False,,,"fails 1 (2017-18, 2019-22, 2023-25)",all -0.24% per sd (1.22) (-0.01 at a 4.0 line),"time-zone shift of the venue from home, hours (east +)"
Situational,tz_signed,L,by position,rec_targets,True,-0.00134,0.00165,0.00022,0.00158,0.00065,0.0003,1.8752,1.8257,1.7128,,,,,,,,,,,False,,,"fails 1 (2019-22, 2023-25)",WR -0.48% per sd (1.22) (-0.02 at a 5.0 line); TE +0.48% per sd (1.22) (+0.02 at a 3.4 line); RB +0.00% per sd (1.22) (+0.00 at a 2.7 line); other -24.85% per sd (1.22) (-0.44 at a 1.8 line),"time-zone shift of the venue from home, hours (east +)"
Situational,tz_signed,L,pooled,rec_td,True,0.00025,2e-05,-0.0,0.00016,3e-05,1e-05,0.5007,0.4919,0.4727,,,,,,,,,,,False,,,"fails 1 (2017-18, 2019-22, 2023-25)",all +0.48% per sd (1.22) (+0.00 at a 0.2 line),"time-zone shift of the venue from home, hours (east +)"
Situational,tz_signed,L,by position,rec_td,True,0.00045,0.00012,5e-05,0.0002,0.0001,4e-05,0.5007,0.4919,0.4727,,,,,,,,,,,False,,,"fails 1 (2017-18, 2019-22, 2023-25)",WR +0.24% per sd (1.22) (+0.00 at a 0.2 line); TE +2.17% per sd (1.22) (+0.00 at a 0.2 line); RB -0.71% per sd (1.22) (-0.00 at a 0.1 line); other +33.07% per sd (1.22) (+0.03 at a 0.1 line),"time-zone shift of the venue from home, hours (east +)"
Situational,tz_signed,L,pooled,rush_yards,True,0.00403,5e-05,0.00012,0.00625,0.00059,0.00078,18.041,17.6866,16.9681,,,,,,,,,,,False,,,"fails 1 (2017-18, 2019-22, 2023-25)",all +0.24% per sd (1.21) (+0.06 at a 26.3 line),"time-zone shift of the venue from home, hours (east +)"
Situational,tz_signed,L,by position,rush_yards,True,0.01747,0.01375,-0.00041,0.01603,0.00656,0.00354,18.041,17.6866,16.9681,,,,,,,,,,,False,,,"fails 1 (2017-18, 2019-22)",RB +0.00% per sd (1.21) (+0.00 at a 34.8 line); QB +1.66% per sd (1.21) (+0.24 at a 14.6 line); other +12.78% per sd (1.21) (+0.42 at a 3.3 line),"time-zone shift of the venue from home, hours (east +)"
Situational,tz_signed,L,pooled,rush_carries,True,4e-05,0.00016,0.0001,0.00101,0.00059,0.00022,3.0824,2.933,2.8393,,,,,,,,,,,False,,,"fails 1 (2017-18, 2019-22, 2023-25)",all +0.00% per sd (1.21) (+0.00 at a 6.8 line),"time-zone shift of the venue from home, hours (east +)"
Situational,tz_signed,L,by position,rush_carries,True,0.00014,0.00145,0.00043,0.00174,0.0009,0.00032,3.0824,2.933,2.8393,,,,,,,,,,,False,,,"fails 1 (2017-18, 2019-22, 2023-25)",RB +0.00% per sd (1.21) (+0.00 at a 9.1 line); QB +0.00% per sd (1.21) (+0.00 at a 3.7 line); other -0.70% per sd (1.21) (-0.01 at a 0.7 line),"time-zone shift of the venue from home, hours (east +)"
Situational,tz_signed,L,pooled,rush_td,True,-0.0002,0.00026,-8e-05,0.00041,0.00016,0.00011,0.5136,0.5501,0.5199,,,,,,,,,,,False,,,fails 1 (2019-22),all -2.10% per sd (1.21) (-0.00 at a 0.2 line),"time-zone shift of the venue from home, hours (east +)"
Situational,tz_signed,L,by position,rush_td,True,0.00044,0.00071,-9e-05,0.00066,0.00025,0.00015,0.5136,0.5501,0.5199,,,,,,,,,,,False,,,"fails 1 (2017-18, 2019-22)",RB -1.17% per sd (1.21) (-0.00 at a 0.3 line); QB -6.61% per sd (1.21) (-0.01 at a 0.2 line); other -5.50% per sd (1.21) (-0.00 at a 0.0 line),"time-zone shift of the venue from home, hours (east +)"
Situational,tz_signed,L,pooled,pass_yards,True,0.21315,0.00116,0.02603,0.11722,0.02607,0.02873,60.7221,56.5737,56.1092,,,,,,,,,,,False,,,"fails 1 (2017-18, 2019-22, 2023-25)",all +0.46% per sd (1.23) (+1.05 at a 228.9 line),"time-zone shift of the venue from home, hours (east +)"
Situational,tz_signed,L,pooled,pass_dropbacks,True,0.00653,0.00353,0.00107,0.02235,0.00492,0.00194,7.5939,7.686,7.7009,,,,,,,,,,,False,,,"fails 1 (2017-18, 2019-22, 2023-25)",all +0.00% per sd (1.23) (+0.00 at a 37.7 line),"time-zone shift of the venue from home, hours (east +)"
Situational,tz_signed,L,pooled,pass_td,True,0.00022,0.00021,-0.00013,0.00034,0.0002,0.00011,0.8534,0.8376,0.8698,,,,,,,,,,,False,,,"fails 1 (2017-18, 2019-22)",all +0.92% per sd (1.23) (+0.01 at a 1.5 line),"time-zone shift of the venue from home, hours (east +)"
Situational,tz_signed,L,pooled,pass_int,True,-0.00102,-0.00017,0.00037,0.00145,0.00098,0.00075,0.9749,0.9645,0.9458,,,,,,,,,,,False,,,fails 1 (2023-25),all +3.02% per sd (1.23) (+0.02 at a 0.8 line),"time-zone shift of the venue from home, hours (east +)"
Situational,tz_abs,L,pooled,rec_yards,True,-0.00568,0.00274,-0.00472,0.00378,0.00438,0.00353,19.6893,19.131,18.1454,,,,,,,,,,,False,,,fails 1 (2019-22),all -1.35% per sd (1.09) (-0.34 at a 25.4 line),"time zones crossed, hours"
Situational,tz_abs,L,by position,rec_yards,True,-0.0091,0.00545,-0.00175,0.00759,0.00669,0.00602,19.6893,19.131,18.1454,,,,,,,,,,,False,,,fails 1 (2019-22),WR -1.12% per sd (1.09) (-0.38 at a 33.6 line); TE -4.42% per sd (1.09) (-0.92 at a 20.9 line); RB +0.23% per sd (1.09) (+0.03 at a 14.3 line); other -23.76% per sd (1.09) (-2.27 at a 9.5 line),"time zones crossed, hours"
Situational,tz_abs,L,pooled,rec_catches,True,-0.0001,-0.00016,0.0001,0.00022,0.00031,0.00031,1.4479,1.4404,1.367,,,,,,,,,,,False,,,fails 1 (2023-25),all -0.90% per sd (1.09) (-0.02 at a 2.4 line),"time zones crossed, hours"
Situational,tz_abs,L,by position,rec_catches,True,-0.00057,0.00066,5e-05,0.00034,0.00041,0.00034,1.4479,1.4404,1.367,,,,,,,,,,,False,,,"fails 1 (2019-22, 2023-25)",WR -0.68% per sd (1.09) (-0.02 at a 2.9 line); TE -1.35% per sd (1.09) (-0.03 at a 2.1 line); RB -2.46% per sd (1.09) (-0.05 at a 1.8 line); other -6.98% per sd (1.09) (-0.08 at a 1.2 line),"time zones crossed, hours"
Situational,tz_abs,L,pooled,rec_targets,True,0.00328,-0.00022,-0.00018,0.00117,0.00019,0.00028,1.8752,1.8257,1.7128,,,,,,,,,,,False,,,fails 1 (2017-18),all -0.68% per sd (1.09) (-0.03 at a 4.0 line),"time zones crossed, hours"
Situational,tz_abs,L,by position,rec_targets,True,0.00168,0.00071,0.00047,0.00146,0.00055,0.00043,1.8752,1.8257,1.7128,,,,,,,,,,,False,,,"fails 1 (2017-18, 2019-22, 2023-25)",WR -0.68% per sd (1.09) (-0.03 at a 5.0 line); TE -1.57% per sd (1.09) (-0.05 at a 3.4 line); RB +0.00% per sd (1.09) (+0.00 at a 2.7 line); other -23.76% per sd (1.09) (-0.42 at a 1.8 line),"time zones crossed, hours"
Situational,tz_abs,L,pooled,rec_td,True,3e-05,-0.0,3e-05,0.0001,4e-05,2e-05,0.5007,0.4919,0.4727,,,,,,,,,,,False,,,"fails 1 (2017-18, 2019-22, 2023-25)",all +0.68% per sd (1.09) (+0.00 at a 0.2 line),"time zones crossed, hours"
Situational,tz_abs,L,by position,rec_td,True,0.00072,1e-05,7e-05,0.00037,0.00015,0.00011,0.5007,0.4919,0.4727,,,,,,,,,,,False,,,"fails 1 (2017-18, 2019-22, 2023-25)",WR +1.37% per sd (1.09) (+0.00 at a 0.2 line); TE -3.33% per sd (1.09) (-0.01 at a 0.2 line); RB +4.15% per sd (1.09) (+0.00 at a 0.1 line); other +16.09% per sd (1.09) (+0.02 at a 0.1 line),"time zones crossed, hours"
Situational,tz_abs,L,pooled,rush_yards,True,-0.00568,0.0068,0.00557,0.01669,0.00964,0.00388,18.041,17.6866,16.9681,,,,,,,,,,,False,,,"fails 1 (2019-22, 2023-25)",all -0.66% per sd (1.08) (-0.17 at a 26.3 line),"time zones crossed, hours"
Situational,tz_abs,L,by position,rush_yards,True,-0.00536,0.00704,0.00761,0.01671,0.00954,0.0046,18.041,17.6866,16.9681,,,,,,,,,,,False,,,"fails 1 (2019-22, 2023-25)",RB -0.66% per sd (1.08) (-0.23 at a 34.8 line); QB -1.32% per sd (1.08) (-0.19 at a 14.6 line); other -1.32% per sd (1.08) (-0.04 at a 3.3 line),"time zones crossed, hours"
Situational,tz_abs,L,pooled,rush_carries,True,0.00295,0.00093,-5e-05,0.00429,0.00127,0.00094,3.0824,2.933,2.8393,,,,,,,,,,,False,,,"fails 1 (2017-18, 2019-22)",all -0.88% per sd (1.08) (-0.06 at a 6.8 line),"time zones crossed, hours"
Situational,tz_abs,L,by position,rush_carries,True,0.00364,0.00128,7e-05,0.0044,0.00136,0.00111,3.0824,2.933,2.8393,,,,,,,,,,,False,,,"fails 1 (2017-18, 2019-22, 2023-25)",RB -0.88% per sd (1.08) (-0.08 at a 9.1 line); QB -0.66% per sd (1.08) (-0.02 at a 3.7 line); other +0.67% per sd (1.08) (+0.00 at a 0.7 line),"time zones crossed, hours"
Situational,tz_abs,L,pooled,rush_td,True,-7e-05,0.00011,-3e-05,0.00036,0.00014,9e-05,0.5136,0.5501,0.5199,,,,,,,,,,,False,,,fails 1 (2019-22),all -1.54% per sd (1.08) (-0.00 at a 0.2 line),"time zones crossed, hours"
Situational,tz_abs,L,by position,rush_td,True,0.0008,0.00044,7e-05,0.00074,0.00023,0.00014,0.5136,0.5501,0.5199,,,,,,,,,,,False,,,"fails 1 (2017-18, 2019-22, 2023-25)",RB -1.54% per sd (1.08) (-0.00 at a 0.3 line); QB -2.20% per sd (1.08) (-0.00 at a 0.2 line); other +5.95% per sd (1.08) (+0.00 at a 0.0 line),"time zones crossed, hours"
Situational,tz_abs,L,pooled,pass_yards,True,0.0099,0.0137,0.03972,0.03685,0.02735,0.03145,60.7221,56.5737,56.1092,,,,,,,,,,,False,,,"fails 1 (2017-18, 2019-22, 2023-25)",all +0.22% per sd (1.1) (+0.50 at a 228.9 line),"time zones crossed, hours"
Situational,tz_abs,L,pooled,pass_dropbacks,True,0.07031,0.00184,-0.00152,0.02818,0.00125,0.00279,7.5939,7.686,7.7009,,,,,,,,,,,False,,,"fails 1 (2017-18, 2019-22)",all -0.44% per sd (1.1) (-0.16 at a 37.7 line),"time zones crossed, hours"
Situational,tz_abs,L,pooled,pass_td,True,0.00051,-0.00016,0.00017,0.00097,0.00035,0.00031,0.8534,0.8376,0.8698,,,,,,,,,,,False,,,"fails 1 (2017-18, 2023-25)",all +1.32% per sd (1.1) (+0.02 at a 1.5 line),"time zones crossed, hours"
Situational,tz_abs,L,pooled,pass_int,True,0.00051,0.00029,0.00028,0.0011,0.0003,0.00032,0.9749,0.9645,0.9458,,,,,,,,,,,False,,,"fails 1 (2017-18, 2019-22, 2023-25)",all -0.65% per sd (1.1) (-0.01 at a 0.8 line),"time zones crossed, hours"
Situational,altitude,L,pooled,rec_yards,True,0.00323,9e-05,-0.00125,0.00273,0.00044,0.00102,19.6893,19.131,18.1454,,,,,,,,,,,False,,,"fails 1 (2017-18, 2019-22)",all -7.48% on vs off (-1.90 at a 25.4 line),a visitor at Denver
Situational,altitude,L,by position,rec_yards,True,0.02243,0.00213,-0.00268,0.01091,0.00147,0.00206,19.6893,19.131,18.1454,,,,,,,,,,,False,,,"fails 1 (2017-18, 2019-22)",WR -9.26% on vs off (-3.11 at a 33.6 line); TE -9.26% on vs off (-1.94 at a 20.9 line); RB +12.37% on vs off (+1.76 at a 14.3 line); other -38.49% on vs off (-3.67 at a 9.5 line),a visitor at Denver
Situational,altitude,L,pooled,rec_catches,True,2e-05,-6e-05,-0.0001,8e-05,7e-05,0.00012,1.4479,1.4404,1.367,,,,,,,,,,,False,,,fails 1 (2017-18),all -3.81% on vs off (-0.09 at a 2.4 line),a visitor at Denver
Situational,altitude,L,by position,rec_catches,True,0.00037,-9e-05,-1e-05,0.00033,0.00012,0.00015,1.4479,1.4404,1.367,,,,,,,,,,,False,,,fails 1 (2017-18),WR -1.93% on vs off (-0.06 at a 2.9 line); TE -5.67% on vs off (-0.12 at a 2.1 line); RB -9.26% on vs off (-0.17 at a 1.8 line); other -9.26% on vs off (-0.11 at a 1.2 line),a visitor at Denver
Situational,altitude,L,pooled,rec_targets,True,0.00064,3e-05,-0.00011,0.0007,0.00019,0.0002,1.8752,1.8257,1.7128,,,,,,,,,,,False,,,"fails 1 (2017-18, 2019-22)",all -3.81% on vs off (-0.15 at a 4.0 line),a visitor at Denver
Situational,altitude,L,by position,rec_targets,True,0.00079,0.00012,0.00012,0.00099,0.00032,0.00026,1.8752,1.8257,1.7128,,,,,,,,,,,False,,,"fails 1 (2017-18, 2019-22, 2023-25)",WR -1.93% on vs off (-0.10 at a 5.0 line); TE -3.81% on vs off (-0.13 at a 3.4 line); RB -14.40% on vs off (-0.40 at a 2.7 line); other -47.35% on vs off (-0.84 at a 1.8 line),a visitor at Denver
Situational,altitude,L,pooled,rec_td,True,5e-05,-0.0001,5e-05,0.00017,0.00012,0.00011,0.5007,0.4919,0.4727,,,,,,,,,,,False,,,"fails 1 (2017-18, 2023-25)",all -17.67% on vs off (-0.03 at a 0.2 line),a visitor at Denver
Situational,altitude,L,by position,rec_td,True,0.00068,-0.00011,0.00017,0.00033,0.00019,0.00017,0.5007,0.4919,0.4727,,,,,,,,,,,False,,,"fails 1 (2017-18, 2023-25)",WR -26.73% on vs off (-0.07 at a 0.2 line); TE -12.72% on vs off (-0.02 at a 0.2 line); RB +8.09% on vs off (+0.01 at a 0.1 line); other +101.35% on vs off (+0.11 at a 0.1 line),a visitor at Denver
Situational,altitude,L,pooled,rush_yards,True,0.0073,0.00813,0.00143,0.01231,0.00757,0.00177,18.041,17.6866,16.9681,,,,,,,,,,,False,,,"fails 1 (2017-18, 2019-22, 2023-25)",all -1.81% on vs off (-0.48 at a 26.3 line),a visitor at Denver
Situational,altitude,L,by position,rush_yards,True,0.0186,0.00892,0.00011,0.01635,0.00917,0.00515,18.041,17.6866,16.9681,,,,,,,,,,,False,,,"fails 1 (2017-18, 2019-22, 2023-25)",RB +1.84% on vs off (+0.64 at a 34.8 line); QB -30.60% on vs off (-4.46 at a 14.6 line); other -72.67% on vs off (-2.40 at a 3.3 line),a visitor at Denver
Situational,altitude,L,pooled,rush_carries,True,-0.00013,0.00032,0.00039,0.00292,0.00101,0.00066,3.0824,2.933,2.8393,,,,,,,,,,,False,,,"fails 1 (2019-22, 2023-25)",all -3.59% on vs off (-0.24 at a 6.8 line),a visitor at Denver
Situational,altitude,L,by position,rush_carries,True,6e-05,0.00065,0.0009,0.00294,0.00148,0.00089,3.0824,2.933,2.8393,,,,,,,,,,,False,,,"fails 1 (2017-18, 2019-22, 2023-25)",RB -1.81% on vs off (-0.16 at a 9.1 line); QB -18.20% on vs off (-0.66 at a 3.7 line); other -1.81% on vs off (-0.01 at a 0.7 line),a visitor at Denver
Situational,altitude,L,pooled,rush_td,True,-0.00012,-0.00024,5e-05,0.00043,0.00034,0.00032,0.5136,0.5501,0.5199,,,,,,,,,,,False,,,fails 1 (2023-25),all -33.09% on vs off (-0.07 at a 0.2 line),a visitor at Denver
Situational,altitude,L,by position,rush_td,True,-0.00015,-0.00024,-0.00023,0.00053,0.00042,0.00045,0.5136,0.5501,0.5199,,,,71-30,69-32,101.0,,,,,True,False,,fails 2 (lean record),RB -31.86% on vs off (-0.09 at a 0.3 line); QB -88.83% on vs off (-0.14 at a 0.2 line); other -88.83% on vs off (-0.02 at a 0.0 line),a visitor at Denver
Situational,altitude,L,pooled,pass_yards,True,-0.01888,0.00549,-0.025,0.06849,0.0694,0.03593,60.7221,56.5737,56.1092,,,,,,,,,,,False,,,fails 1 (2019-22),all -5.62% on vs off (-12.86 at a 228.9 line),a visitor at Denver
Situational,altitude,L,pooled,pass_dropbacks,True,0.05934,0.00354,0.00402,0.03268,0.00456,0.00382,7.5939,7.686,7.7009,,,,,,,,,,,False,,,"fails 1 (2017-18, 2019-22, 2023-25)",all -1.91% on vs off (-0.72 at a 37.7 line),a visitor at Denver
Situational,altitude,L,pooled,pass_td,True,0.00354,-0.00021,0.00016,0.0019,0.00025,0.00038,0.8534,0.8376,0.8698,,,,,,,,,,,False,,,"fails 1 (2017-18, 2023-25)",all -7.42% on vs off (-0.11 at a 1.5 line),a visitor at Denver
Situational,altitude,L,pooled,pass_int,True,0.00065,0.0001,5e-05,0.00082,0.00014,8e-05,0.9749,0.9645,0.9458,,,,,,,,,,,False,,,"fails 1 (2017-18, 2019-22, 2023-25)",all +3.93% on vs off (+0.03 at a 0.8 line),a visitor at Denver
Situational,vs_former_team,L,pooled,rec_yards,True,0.00484,-0.00411,0.00123,0.0022,0.00229,0.00388,19.6893,19.131,18.1454,,,,,,,,,,,False,,,"fails 1 (2017-18, 2023-25)",all +10.51% on vs off (+2.67 at a 25.4 line),against a team he played for before (snap counts)
Situational,vs_former_team,L,by position,rec_yards,True,0.01392,0.00334,0.00074,0.0102,0.00347,0.00419,19.6893,19.131,18.1454,,,,,,,,,,,False,,,"fails 1 (2017-18, 2019-22, 2023-25)",WR +4.08% on vs off (+1.37 at a 33.6 line); TE +24.59% on vs off (+5.14 at a 20.9 line); RB +6.18% on vs off (+0.88 at a 14.3 line); other -50.32% on vs off (-4.80 at a 9.5 line),against a team he played for before (snap counts)
Situational,vs_former_team,L,pooled,rec_catches,True,0.00027,0.00011,-4e-05,0.00029,6e-05,0.00014,1.4479,1.4404,1.367,,,,,,,,,,,False,,,"fails 1 (2017-18, 2019-22)",all +4.08% on vs off (+0.10 at a 2.4 line),against a team he played for before (snap counts)
Situational,vs_former_team,L,by position,rec_catches,True,0.00053,0.00214,9e-05,0.00131,0.00065,0.00032,1.4479,1.4404,1.367,,,,,,,,,,,False,,,"fails 1 (2017-18, 2019-22, 2023-25)",WR +2.02% on vs off (+0.06 at a 2.9 line); TE +17.34% on vs off (+0.37 at a 2.1 line); RB +10.51% on vs off (+0.19 at a 1.8 line); other -90.91% on vs off (-1.06 at a 1.2 line),against a team he played for before (snap counts)
Situational,vs_former_team,L,pooled,rec_targets,True,0.00048,-0.00012,0.00012,0.0005,0.00014,0.00029,1.8752,1.8257,1.7128,,,,,,,,,,,False,,,"fails 1 (2017-18, 2023-25)",all +4.08% on vs off (+0.16 at a 4.0 line),against a team he played for before (snap counts)
Situational,vs_former_team,L,by position,rec_targets,True,0.00049,-4e-05,-0.00018,0.00108,0.0004,0.00044,1.8752,1.8257,1.7128,,,,,,,,,,,False,,,fails 1 (2017-18),WR +2.02% on vs off (+0.10 at a 5.0 line); TE +19.71% on vs off (+0.67 at a 3.4 line); RB -3.92% on vs off (-0.11 at a 2.7 line); other +34.96% on vs off (+0.62 at a 1.8 line),against a team he played for before (snap counts)
Situational,vs_former_team,L,pooled,rec_td,True,-1e-05,5e-05,-0.0,4e-05,3e-05,2e-05,0.5007,0.4919,0.4727,,,,,,,,,,,False,,,"fails 1 (2019-22, 2023-25)",all +4.08% on vs off (+0.01 at a 0.2 line),against a team he played for before (snap counts)
Situational,vs_former_team,L,by position,rec_td,True,-0.00018,0.00021,6e-05,0.00017,0.00013,8e-05,0.5007,0.4919,0.4727,,,,,,,,,,,False,,,"fails 1 (2019-22, 2023-25)",WR +10.51% on vs off (+0.03 at a 0.2 line); TE -9.51% on vs off (-0.02 at a 0.2 line); RB +2.02% on vs off (+0.00 at a 0.1 line); other -90.91% on vs off (-0.09 at a 0.1 line),against a team he played for before (snap counts)
Situational,vs_former_team,L,pooled,rush_yards,True,0.00111,-0.00012,-0.00097,0.00191,0.00491,0.00332,18.041,17.6866,16.9681,,,,,,,,,,,False,,,fails 1 (2017-18),all +7.64% on vs off (+2.01 at a 26.3 line),against a team he played for before (snap counts)
Situational,vs_former_team,L,by position,rush_yards,True,0.00491,0.00418,-0.00293,0.00379,0.0059,0.0045,18.041,17.6866,16.9681,,,,,,,,,,,False,,,"fails 1 (2017-18, 2019-22)",RB +9.64% on vs off (+3.36 at a 34.8 line); QB -15.26% on vs off (-2.23 at a 14.6 line); other -89.01% on vs off (-2.95 at a 3.3 line),against a team he played for before (snap counts)
Situational,vs_former_team,L,pooled,rush_carries,True,0.00128,-0.00026,0.00267,0.00436,0.00192,0.00129,3.0824,2.933,2.8393,,,,,,,,,,,False,,,"fails 1 (2017-18, 2023-25)",all +5.68% on vs off (+0.39 at a 6.8 line),against a team he played for before (snap counts)
Situational,vs_former_team,L,by position,rush_carries,True,0.00195,-4e-05,0.00291,0.00435,0.00203,0.00162,3.0824,2.933,2.8393,,,,,,,,,,,False,,,"fails 1 (2017-18, 2023-25)",RB +5.68% on vs off (+0.52 at a 9.1 line); QB -1.82% on vs off (-0.07 at a 3.7 line); other -89.01% on vs off (-0.64 at a 0.7 line),against a team he played for before (snap counts)
Situational,vs_former_team,L,pooled,rush_td,True,-0.00012,0.00011,0.00014,0.00025,7e-05,8e-05,0.5136,0.5501,0.5199,,,,,,,,,,,False,,,"fails 1 (2019-22, 2023-25)",all +3.75% on vs off (+0.01 at a 0.2 line),against a team he played for before (snap counts)
Situational,vs_former_team,L,by position,rush_td,True,-0.00028,0.00023,0.0004,0.00033,0.00028,0.00023,0.5136,0.5501,0.5199,,,,,,,,,,,False,,,"fails 1 (2019-22, 2023-25)",RB +3.75% on vs off (+0.01 at a 0.3 line); QB -8.79% on vs off (-0.01 at a 0.2 line); other +160.37% on vs off (+0.03 at a 0.0 line),against a team he played for before (snap counts)
Situational,vs_former_team,L,pooled,pass_yards,True,-0.03202,0.07468,0.0,0.05939,0.04043,0.0,60.7221,56.5737,56.1092,,,,,,,,,,,False,,,"fails 1 (2019-22, 2023-25)",all -2.08% on vs off (-4.77 at a 228.9 line),against a team he played for before (snap counts)
Situational,vs_former_team,L,pooled,pass_dropbacks,True,0.00427,-0.0028,0.00515,0.0029,0.00687,0.00701,7.5939,7.686,7.7009,,,,,,,,,,,False,,,"fails 1 (2017-18, 2023-25)",all -2.08% on vs off (-0.79 at a 37.7 line),against a team he played for before (snap counts)
Situational,vs_former_team,L,pooled,pass_td,True,-0.00089,0.00033,-0.00072,0.00065,0.00106,0.00076,0.8534,0.8376,0.8698,,,,,,,,,,,False,,,fails 1 (2019-22),all -15.51% on vs off (-0.23 at a 1.5 line),against a team he played for before (snap counts)
Situational,vs_former_team,L,pooled,pass_int,True,0.00015,0.00079,7e-05,0.00013,0.00031,0.00015,0.9749,0.9645,0.9458,,,,,,,,,,,False,,,"fails 1 (2017-18, 2019-22, 2023-25)",all -2.08% on vs off (-0.02 at a 0.8 line),against a team he played for before (snap counts)
Situational,own_turf_split,P,pooled,rec_yards,True,0.00492,-0.0009,-0.00126,0.00765,0.00294,0.0024,19.6893,19.131,18.1454,,,,,,,,,,,False,,,fails 1 (2017-18),all k=2 c=+0.10,"his own turf/grass split, shrunk toward the league's"
Situational,own_turf_split,P,pooled,rec_catches,True,0.00025,-3e-05,7e-05,0.00057,0.0001,0.00017,1.4479,1.4404,1.367,,,,,,,,,,,False,,,"fails 1 (2017-18, 2023-25)",all k=2 c=+0.10,"his own turf/grass split, shrunk toward the league's"
Situational,own_turf_split,P,pooled,rec_targets,True,-0.00037,0.00064,-8e-05,0.00038,0.00029,0.00011,1.8752,1.8257,1.7128,,,,,,,,,,,False,,,fails 1 (2019-22),all k=80 c=+0.50,"his own turf/grass split, shrunk toward the league's"
Situational,own_turf_split,P,pooled,rec_td,True,5e-05,3e-05,-0.00012,0.0002,6e-05,7e-05,0.5007,0.4919,0.4727,,,,,,,,,,,False,,,"fails 1 (2017-18, 2019-22)",all k=20 c=-0.90,"his own turf/grass split, shrunk toward the league's"
Situational,own_turf_split,P,pooled,rush_yards,True,0.00193,0.00727,0.00379,0.01932,0.00728,0.00489,18.041,17.6866,16.9681,,,,,,,,,,,False,,,"fails 1 (2017-18, 2019-22, 2023-25)",all k=2 c=-0.10,"his own turf/grass split, shrunk toward the league's"
Situational,own_turf_split,P,pooled,rush_carries,True,-0.00028,4e-05,0.00068,0.00159,0.00055,0.00098,3.0824,2.933,2.8393,,,,,,,,,,,False,,,"fails 1 (2019-22, 2023-25)",all k=5 c=-0.15,"his own turf/grass split, shrunk toward the league's"
Situational,own_turf_split,P,pooled,rush_td,True,-9e-05,0.0001,8e-05,0.00031,0.00017,0.00022,0.5136,0.5501,0.5199,,,,,,,,,,,False,,,"fails 1 (2019-22, 2023-25)",all k=80 c=+1.55,"his own turf/grass split, shrunk toward the league's"
Situational,own_turf_split,P,pooled,pass_yards,True,0.03426,0.03912,-0.00701,0.08494,0.04458,0.05104,60.7221,56.5737,56.1092,,,,,,,,,,,False,,,"fails 1 (2017-18, 2019-22)",all k=2 c=+0.20,"his own turf/grass split, shrunk toward the league's"
Situational,own_turf_split,P,pooled,pass_dropbacks,True,-0.00173,0.00183,-0.00293,0.00721,0.00362,0.00581,7.5939,7.686,7.7009,,,,,,,,,,,False,,,fails 1 (2019-22),all k=80 c=+0.80,"his own turf/grass split, shrunk toward the league's"
Situational,own_turf_split,P,pooled,pass_td,True,0.00284,0.00015,-1e-05,0.00217,0.0003,0.00011,0.8534,0.8376,0.8698,,,,,,,,,,,False,,,"fails 1 (2017-18, 2019-22)",all k=2 c=+0.05,"his own turf/grass split, shrunk toward the league's"
Situational,own_turf_split,P,pooled,pass_int,True,0.00018,0.0001,0.0001,0.00104,0.0002,0.00012,0.9749,0.9645,0.9458,,,,,,,,,,,False,,,"fails 1 (2017-18, 2019-22, 2023-25)",all k=10 c=+0.10,"his own turf/grass split, shrunk toward the league's"
Situational,own_indoor_split,P,pooled,rec_yards,True,0.0277,0.00011,-0.00331,0.01312,0.00334,0.00311,19.6893,19.131,18.1454,,,,,,,,,,,False,,,"fails 1 (2017-18, 2019-22)",all k=80 c=+0.80,his own indoor/outdoor split
Situational,own_indoor_split,P,pooled,rec_catches,True,-0.00042,0.00017,0.00011,0.00058,0.00044,0.00024,1.4479,1.4404,1.367,,,,,,,,,,,False,,,"fails 1 (2019-22, 2023-25)",all k=2 c=+0.15,his own indoor/outdoor split
Situational,own_indoor_split,P,pooled,rec_targets,True,0.00169,-5e-05,-0.00012,0.00089,0.0001,0.00012,1.8752,1.8257,1.7128,,,,,,,,,,,False,,,fails 1 (2017-18),all k=40 c=+0.50,his own indoor/outdoor split
Situational,own_indoor_split,P,pooled,rec_td,True,5e-05,3e-05,-2e-05,9e-05,7e-05,4e-05,0.5007,0.4919,0.4727,,,,,,,,,,,False,,,"fails 1 (2017-18, 2019-22)",all k=10 c=-0.45,his own indoor/outdoor split
Situational,own_indoor_split,P,pooled,rush_yards,True,0.00875,0.00689,-0.00292,0.00814,0.00492,0.00389,18.041,17.6866,16.9681,,,,,,,,,,,False,,,"fails 1 (2017-18, 2019-22)",all k=2 c=-0.15,his own indoor/outdoor split
Situational,own_indoor_split,P,pooled,rush_carries,True,0.00475,-1e-05,0.00053,0.00262,0.00084,0.00161,3.0824,2.933,2.8393,,,,,,,,,,,False,,,"fails 1 (2017-18, 2023-25)",all k=10 c=-0.40,his own indoor/outdoor split
Situational,own_indoor_split,P,pooled,rush_td,True,0.00011,1e-05,0.0,0.00018,9e-05,0.00015,0.5136,0.5501,0.5199,,,,,,,,,,,False,,,"fails 1 (2017-18, 2019-22, 2023-25)",all k=5 c=-0.45,his own indoor/outdoor split
Situational,own_indoor_split,P,pooled,pass_yards,True,0.05079,0.06747,0.0029,0.17515,0.07061,0.04062,60.7221,56.5737,56.1092,,,,,,,,,,,False,,,"fails 1 (2017-18, 2019-22, 2023-25)",all k=2 c=-0.20,his own indoor/outdoor split
Situational,own_indoor_split,P,pooled,pass_dropbacks,True,0.02942,0.00646,0.00441,0.02206,0.00783,0.00371,7.5939,7.686,7.7009,,,,,,,,,,,False,,,"fails 1 (2017-18, 2019-22, 2023-25)",all k=80 c=+0.70,his own indoor/outdoor split
Situational,own_indoor_split,P,pooled,pass_td,True,0.00334,-0.00019,3e-05,0.00212,0.00032,0.0004,0.8534,0.8376,0.8698,,,,,,,,,,,False,,,"fails 1 (2017-18, 2023-25)",all k=40 c=-0.95,his own indoor/outdoor split
Situational,own_indoor_split,P,pooled,pass_int,True,0.00107,-0.00017,0.00101,0.00222,0.00077,0.00074,0.9749,0.9645,0.9458,,,,,,,,,,,False,,,"fails 1 (2017-18, 2023-25)",all k=80 c=+0.60,his own indoor/outdoor split
Situational,own_home_split,P,pooled,rec_yards,True,-0.00036,0.0022,0.00171,0.00722,0.00432,0.00431,19.6893,19.131,18.1454,,,,,,,,,,,False,,,"fails 1 (2019-22, 2023-25)",all k=80 c=+0.90,his own home/away split
Situational,own_home_split,P,pooled,rec_catches,True,-0.00038,0.00052,7e-05,0.00042,0.0003,7e-05,1.4479,1.4404,1.367,,,,,,,,,,,False,,,"fails 1 (2019-22, 2023-25)",all k=80 c=+0.10,his own home/away split
Situational,own_home_split,P,pooled,rec_targets,True,0.00043,-5e-05,-0.00011,0.00056,0.00019,0.00025,1.8752,1.8257,1.7128,,,,,,,,,,,False,,,fails 1 (2017-18),all k=10 c=-0.20,his own home/away split
Situational,own_home_split,P,pooled,rec_td,True,0.00039,1e-05,2e-05,0.00025,7e-05,6e-05,0.5007,0.4919,0.4727,,,,,,,,,,,False,,,"fails 1 (2017-18, 2019-22, 2023-25)",all k=80 c=+0.70,his own home/away split
Situational,own_home_split,P,pooled,rush_yards,True,0.05448,-0.00139,0.00267,0.03102,0.00458,0.00267,18.041,17.6866,16.9681,,,,,,,,,,,False,,,"fails 1 (2017-18, 2023-25)",all k=80 c=+0.50,his own home/away split
Situational,own_home_split,P,pooled,rush_carries,True,0.00154,0.00113,0.00011,0.00333,0.00096,0.00069,3.0824,2.933,2.8393,,,,,,,,,,,False,,,"fails 1 (2017-18, 2019-22, 2023-25)",all k=2 c=-0.10,his own home/away split
Situational,own_home_split,P,pooled,rush_td,True,0.00111,9e-05,-1e-05,0.0009,7e-05,5e-05,0.5136,0.5501,0.5199,,,,,,,,,,,False,,,"fails 1 (2017-18, 2019-22)",all k=5 c=-0.15,his own home/away split
Situational,own_home_split,P,pooled,pass_yards,True,-0.01174,0.01897,0.04443,0.15344,0.07826,0.04993,60.7221,56.5737,56.1092,,,,,,,,,,,False,,,"fails 1 (2019-22, 2023-25)",all k=2 c=+0.20,his own home/away split
Situational,own_home_split,P,pooled,pass_dropbacks,True,-0.00116,-0.00223,0.0038,0.00414,0.00362,0.00331,7.5939,7.686,7.7009,,,,,,,,,,,False,,,fails 1 (2023-25),all k=80 c=-0.70,his own home/away split
Situational,own_home_split,P,pooled,pass_td,True,-0.00013,0.00038,-0.00028,0.00103,0.00042,0.00023,0.8534,0.8376,0.8698,,,,,,,,,,,False,,,fails 1 (2019-22),all k=2 c=+0.10,his own home/away split
Situational,own_home_split,P,pooled,pass_int,True,0.00022,0.00062,0.00057,0.00083,0.00059,0.00032,0.9749,0.9645,0.9458,,,,,,,,,,,False,,,"fails 1 (2017-18, 2019-22, 2023-25)",all k=80 c=-0.35,his own home/away split
Situational,own_division_split,P,pooled,rec_yards,True,0.00797,0.00049,0.00301,0.00849,0.00428,0.00672,19.6893,19.131,18.1454,,,,,,,,,,,False,,,"fails 1 (2017-18, 2019-22, 2023-25)",all k=40 c=+0.85,his own split against division opponents
Situational,own_division_split,P,pooled,rec_catches,True,0.00019,0.0001,0.00022,0.00053,0.00014,0.00024,1.4479,1.4404,1.367,,,,,,,,,,,False,,,"fails 1 (2017-18, 2019-22, 2023-25)",all k=20 c=+0.20,his own split against division opponents
Situational,own_division_split,P,pooled,rec_targets,True,0.00181,-1e-05,0.00015,0.00099,0.00014,0.00019,1.8752,1.8257,1.7128,,,,,,,,,,,False,,,"fails 1 (2017-18, 2023-25)",all k=20 c=+0.15,his own split against division opponents
Situational,own_division_split,P,pooled,rec_td,True,6e-05,3e-05,2e-05,9e-05,4e-05,4e-05,0.5007,0.4919,0.4727,,,,,,,,,,,False,,,"fails 1 (2017-18, 2019-22, 2023-25)",all k=80 c=+0.45,his own split against division opponents
Situational,own_division_split,P,pooled,rush_yards,True,0.0083,-0.00995,0.01524,0.0092,0.01363,0.0138,18.041,17.6866,16.9681,,,,,,,,,,,False,,,"fails 1 (2017-18, 2023-25)",all k=10 c=+0.50,his own split against division opponents
Situational,own_division_split,P,pooled,rush_carries,True,0.00045,0.00039,-4e-05,0.00176,0.00063,0.00065,3.0824,2.933,2.8393,,,,,,,,,,,False,,,"fails 1 (2017-18, 2019-22)",all k=5 c=+0.10,his own split against division opponents
Situational,own_division_split,P,pooled,rush_td,True,-0.00015,0.00047,0.0,0.00065,0.00025,9e-05,0.5136,0.5501,0.5199,,,,,,,,,,,False,,,"fails 1 (2019-22, 2023-25)",all k=20 c=+0.40,his own split against division opponents
Situational,own_division_split,P,pooled,pass_yards,True,0.69588,0.00663,0.03788,0.33174,0.11646,0.07501,60.7221,56.5737,56.1092,,,,,,,,,,,False,,,"fails 1 (2017-18, 2019-22, 2023-25)",all k=80 c=+0.95,his own split against division opponents
Situational,own_division_split,P,pooled,pass_dropbacks,True,0.03816,0.0023,0.01332,0.02997,0.00509,0.00473,7.5939,7.686,7.7009,,,,,,,,,,,False,,,"fails 1 (2017-18, 2019-22, 2023-25)",all k=80 c=+0.25,his own split against division opponents
Situational,own_division_split,P,pooled,pass_td,True,0.00025,-0.00058,0.00051,0.00145,0.00071,0.00068,0.8534,0.8376,0.8698,,,,,,,,,,,False,,,"fails 1 (2017-18, 2023-25)",all k=2 c=-0.20,his own split against division opponents
Situational,own_division_split,P,pooled,pass_int,True,0.00023,0.00042,0.00025,0.00169,0.00068,0.00025,0.9749,0.9645,0.9458,,,,,,,,,,,False,,,"fails 1 (2017-18, 2019-22, 2023-25)",all k=2 c=+0.10,his own split against division opponents
Situational,at_stadium,H,pooled,rec_yards,True,0.00394,0.00169,0.00176,0.00719,0.00194,0.0009,19.6893,19.131,18.1454,,,,,,,,,,,False,,,"fails 1 (2017-18, 2019-22, 2023-25)",all k=32 c=+0.10,his residual history at this stadium
Situational,at_stadium,H,pooled,rec_catches,True,0.00202,5e-05,-7e-05,0.00099,0.00014,0.00014,1.4479,1.4404,1.367,,,,,,,,,,,False,,,"fails 1 (2017-18, 2019-22)",all k=1 c=+0.05,his residual history at this stadium
Situational,at_stadium,H,pooled,rec_targets,True,-0.0002,0.00028,1e-05,0.0002,0.0002,0.00011,1.8752,1.8257,1.7128,,,,,,,,,,,False,,,"fails 1 (2019-22, 2023-25)",all k=32 c=-0.10,his residual history at this stadium
Situational,at_stadium,H,pooled,rec_td,True,0.0,0.0001,2e-05,0.00012,8e-05,3e-05,0.5007,0.4919,0.4727,,,,,,,,,,,False,,,"fails 1 (2017-18, 2019-22, 2023-25)",all k=32 c=+0.15,his residual history at this stadium
Situational,at_stadium,H,pooled,rush_yards,True,0.0217,0.01107,0.00274,0.02412,0.00879,0.00257,18.041,17.6866,16.9681,,,,,,,,,,,False,,,"fails 1 (2017-18, 2019-22, 2023-25)",all k=32 c=+0.10,his residual history at this stadium
Situational,at_stadium,H,pooled,rush_carries,True,0.00064,0.00116,-0.00103,0.00271,0.00083,0.00062,3.0824,2.933,2.8393,,,,,,,,,,,False,,,"fails 1 (2017-18, 2019-22)",all k=2 c=+0.10,his residual history at this stadium
Situational,at_stadium,H,pooled,rush_td,True,0.00044,0.00014,0.0001,0.00059,0.0002,0.00013,0.5136,0.5501,0.5199,,,,,,,,,,,False,,,"fails 1 (2017-18, 2019-22, 2023-25)",all k=1 c=+0.05,his residual history at this stadium
Situational,at_stadium,H,pooled,pass_yards,True,0.44555,0.00386,-0.07195,0.18464,0.06166,0.07746,60.7221,56.5737,56.1092,,,,,,,,,,,False,,,"fails 1 (2017-18, 2019-22)",all k=2 c=+0.25,his residual history at this stadium
Situational,at_stadium,H,pooled,pass_dropbacks,True,0.01214,-0.00132,0.00488,0.01162,0.00483,0.00673,7.5939,7.686,7.7009,,,,,,,,,,,False,,,"fails 1 (2017-18, 2023-25)",all k=1 c=+0.05,his residual history at this stadium
Situational,at_stadium,H,pooled,pass_td,True,0.00161,0.00022,7e-05,0.00143,0.0002,0.00018,0.8534,0.8376,0.8698,,,,,,,,,,,False,,,"fails 1 (2017-18, 2019-22, 2023-25)",all k=32 c=+0.25,his residual history at this stadium
Situational,at_stadium,H,pooled,pass_int,True,0.00064,0.0002,-0.00015,0.00059,0.00031,0.00028,0.9749,0.9645,0.9458,,,,,,,,,,,False,,,"fails 1 (2017-18, 2019-22)",all k=1 c=+0.05,his residual history at this stadium
Situational,vs_head_coach,H,pooled,rec_yards,True,0.04372,0.00208,0.00159,0.0185,0.00721,0.00549,19.6893,19.131,18.1454,,,,,,,,,,,False,,,"fails 1 (2017-18, 2019-22, 2023-25)",all k=32 c=+0.65,his residual history against this opposing head coach
Situational,vs_head_coach,H,pooled,rec_catches,True,0.00094,7e-05,2e-05,0.0011,0.00026,0.00035,1.4479,1.4404,1.367,,,,,,,,,,,False,,,"fails 1 (2017-18, 2019-22, 2023-25)",all k=32 c=+0.70,his residual history against this opposing head coach
Situational,vs_head_coach,H,pooled,rec_targets,True,0.00078,3e-05,-2e-05,0.00053,0.00037,0.00037,1.8752,1.8257,1.7128,,,,,,,,,,,False,,,"fails 1 (2017-18, 2019-22)",all k=32 c=+0.55,his residual history against this opposing head coach
Situational,vs_head_coach,H,pooled,rec_td,True,-3e-05,0.00021,-2e-05,0.0002,8e-05,3e-05,0.5007,0.4919,0.4727,,,,,,,,,,,False,,,fails 1 (2019-22),all k=1 c=-0.05,his residual history against this opposing head coach
Situational,vs_head_coach,H,pooled,rush_yards,True,0.04827,0.00655,0.00443,0.0297,0.00423,0.00546,18.041,17.6866,16.9681,,,,,,,,,,,False,,,"fails 1 (2017-18, 2019-22, 2023-25)",all k=1 c=+0.05,his residual history against this opposing head coach
Situational,vs_head_coach,H,pooled,rush_carries,True,0.00311,0.00214,-0.00175,0.00193,0.00094,0.0012,3.0824,2.933,2.8393,,,,,,,,,,,False,,,"fails 1 (2017-18, 2019-22)",all k=32 c=+1.10,his residual history against this opposing head coach
Situational,vs_head_coach,H,pooled,rush_td,True,0.00187,0.0001,-0.00011,0.00098,9e-05,0.00018,0.5136,0.5501,0.5199,,,,,,,,,,,False,,,"fails 1 (2017-18, 2019-22)",all k=1 c=+0.10,his residual history against this opposing head coach
Situational,vs_head_coach,H,pooled,pass_yards,True,0.17411,0.07875,-0.00222,0.15775,0.0537,0.02954,60.7221,56.5737,56.1092,,,,,,,,,,,False,,,"fails 1 (2017-18, 2019-22)",all k=1 c=-0.05,his residual history against this opposing head coach
Situational,vs_head_coach,H,pooled,pass_dropbacks,True,0.04878,0.00279,0.00416,0.02785,0.00587,0.00444,7.5939,7.686,7.7009,,,,,,,,,,,False,,,"fails 1 (2017-18, 2019-22, 2023-25)",all k=4 c=+0.10,his residual history against this opposing head coach
Situational,vs_head_coach,H,pooled,pass_td,True,0.00024,0.00022,0.0007,0.00061,0.00031,0.00026,0.8534,0.8376,0.8698,,,,,,,,,,,False,,,"fails 1 (2017-18, 2019-22, 2023-25)",all k=32 c=-0.10,his residual history against this opposing head coach
Situational,vs_head_coach,H,pooled,pass_int,True,0.00043,0.00021,2e-05,0.00037,0.00047,0.00032,0.9749,0.9645,0.9458,,,,,,,,,,,False,,,"fails 1 (2017-18, 2019-22, 2023-25)",all k=1 c=+0.05,his residual history against this opposing head coach
Situational,vs_opponent,H,pooled,rec_yards,True,0.07591,0.00211,0.00198,0.02572,0.00485,0.00239,19.6893,19.131,18.1454,,,,,,,,,,,False,,,"fails 1 (2017-18, 2019-22, 2023-25)",all k=32 c=+0.10,his residual history against this opponent
Situational,vs_opponent,H,pooled,rec_catches,True,9e-05,-0.00024,0.00022,0.00076,0.00025,0.00045,1.4479,1.4404,1.367,,,,,,,,,,,False,,,"fails 1 (2017-18, 2023-25)",all k=32 c=+0.65,his residual history against this opponent
Situational,vs_opponent,H,pooled,rec_targets,True,0.00024,-8e-05,1e-05,0.00031,0.00029,0.00036,1.8752,1.8257,1.7128,,,,,,,,,,,False,,,"fails 1 (2017-18, 2023-25)",all k=32 c=+0.40,his residual history against this opponent
Situational,vs_opponent,H,pooled,rec_td,True,-2e-05,-0.00019,-3e-05,0.00027,0.00015,0.00015,0.5007,0.4919,0.4727,,,,156-68,155-69,224.0,,,,,True,False,,fails 2 (lean record),all k=1 c=-0.15,his residual history against this opponent
Situational,vs_opponent,H,pooled,rush_yards,True,0.0368,0.00653,0.00761,0.0304,0.00568,0.0069,18.041,17.6866,16.9681,,,,,,,,,,,False,,,"fails 1 (2017-18, 2019-22, 2023-25)",all k=2 c=+0.05,his residual history against this opponent
Situational,vs_opponent,H,pooled,rush_carries,True,0.0067,0.00235,-0.00013,0.00449,0.00138,0.00024,3.0824,2.933,2.8393,,,,,,,,,,,False,,,"fails 1 (2017-18, 2019-22)",all k=4 c=+0.05,his residual history against this opponent
Situational,vs_opponent,H,pooled,rush_td,True,0.00133,-4e-05,7e-05,0.00084,6e-05,0.00016,0.5136,0.5501,0.5199,,,,,,,,,,,False,,,"fails 1 (2017-18, 2023-25)",all k=1 c=+0.05,his residual history against this opponent
Situational,vs_opponent,H,pooled,pass_yards,True,0.19942,0.00563,-0.00545,0.13206,0.05364,0.07227,60.7221,56.5737,56.1092,,,,,,,,,,,False,,,"fails 1 (2017-18, 2019-22)",all k=1 c=-0.10,his residual history against this opponent
Situational,vs_opponent,H,pooled,pass_dropbacks,True,0.02446,0.00813,0.00255,0.02049,0.00814,0.00304,7.5939,7.686,7.7009,,,,,,,,,,,False,,,"fails 1 (2017-18, 2019-22, 2023-25)",all k=32 c=+0.15,his residual history against this opponent
Situational,vs_opponent,H,pooled,pass_td,True,0.00136,0.00047,0.00016,0.00146,0.0003,0.0003,0.8534,0.8376,0.8698,,,,,,,,,,,False,,,"fails 1 (2017-18, 2019-22, 2023-25)",all k=1 c=-0.05,his residual history against this opponent
Situational,vs_opponent,H,pooled,pass_int,True,0.00068,0.00043,0.00019,0.00042,0.00056,0.00031,0.9749,0.9645,0.9458,,,,,,,,,,,False,,,"fails 1 (2017-18, 2019-22, 2023-25)",all k=32 c=+0.20,his residual history against this opponent
Primetime and kickoff time,primetime,L,pooled,rec_yards,True,0.00379,0.00197,0.00075,0.00319,0.00115,0.00097,19.6893,19.131,18.1454,,,,,,,,,,,False,,,"fails 1 (2017-18, 2019-22, 2023-25)",all +0.00% on vs off (+0.00 at a 25.4 line),the schedule's primetime flag
Primetime and kickoff time,primetime,L,by position,rec_yards,True,0.01367,0.00544,0.00076,0.00921,0.0025,0.00127,19.6893,19.131,18.1454,,,,,,,,,,,False,,,"fails 1 (2017-18, 2019-22, 2023-25)",WR -0.57% on vs off (-0.19 at a 33.6 line); TE +1.16% on vs off (+0.24 at a 20.9 line); RB -0.57% on vs off (-0.08 at a 14.3 line); other -43.48% on vs off (-4.15 at a 9.5 line),the schedule's primetime flag
Primetime and kickoff time,primetime,L,pooled,rec_catches,True,7e-05,9e-05,-0.00025,0.00011,0.00017,0.00017,1.4479,1.4404,1.367,,,,,,,,,,,False,,,"fails 1 (2017-18, 2019-22)",all +1.74% on vs off (+0.04 at a 2.4 line),the schedule's primetime flag
Primetime and kickoff time,primetime,L,by position,rec_catches,True,7e-05,0.00041,-0.00046,0.00041,0.0002,0.00023,1.4479,1.4404,1.367,,,,,,,,,,,False,,,"fails 1 (2017-18, 2019-22)",WR +0.58% on vs off (+0.02 at a 2.9 line); TE +4.12% on vs off (+0.09 at a 2.1 line); RB +5.32% on vs off (+0.10 at a 1.8 line); other +0.58% on vs off (+0.01 at a 1.2 line),the schedule's primetime flag
Primetime and kickoff time,primetime,L,pooled,rec_targets,True,0.00018,0.0,-0.00023,0.00022,6e-05,0.0002,1.8752,1.8257,1.7128,,,,,,,,,,,False,,,"fails 1 (2017-18, 2019-22)",all +1.16% on vs off (+0.05 at a 4.0 line),the schedule's primetime flag
Primetime and kickoff time,primetime,L,by position,rec_targets,True,0.00071,0.00024,-0.00027,0.0006,0.00021,0.00021,1.8752,1.8257,1.7128,,,,,,,,,,,False,,,"fails 1 (2017-18, 2019-22)",WR +1.16% on vs off (+0.06 at a 5.0 line); TE +1.16% on vs off (+0.04 at a 3.4 line); RB +2.33% on vs off (+0.06 at a 2.7 line); other +67.02% on vs off (+1.19 at a 1.8 line),the schedule's primetime flag
Primetime and kickoff time,primetime,L,pooled,rec_td,True,2e-05,6e-05,3e-05,0.00011,5e-05,2e-05,0.5007,0.4919,0.4727,,,,,,,,,,,False,,,"fails 1 (2017-18, 2019-22, 2023-25)",all -0.57% on vs off (-0.00 at a 0.2 line),the schedule's primetime flag
Primetime and kickoff time,primetime,L,by position,rec_td,True,0.00078,-7e-05,0.00015,0.00042,0.00011,0.00011,0.5007,0.4919,0.4727,,,,,,,,,,,False,,,"fails 1 (2017-18, 2023-25)",WR -3.40% on vs off (-0.01 at a 0.2 line); TE +5.93% on vs off (+0.01 at a 0.2 line); RB -2.28% on vs off (-0.00 at a 0.1 line); other +99.69% on vs off (+0.10 at a 0.1 line),the schedule's primetime flag
Primetime and kickoff time,primetime,L,pooled,rush_yards,True,0.00561,-0.0015,0.00674,0.00593,0.00523,0.00715,18.041,17.6866,16.9681,,,,,,,,,,,False,,,"fails 1 (2017-18, 2023-25)",all -2.25% on vs off (-0.59 at a 26.3 line),the schedule's primetime flag
Primetime and kickoff time,primetime,L,by position,rush_yards,True,0.01122,-0.0005,0.00131,0.00921,0.00832,0.00887,18.041,17.6866,16.9681,,,,,,,,,,,False,,,"fails 1 (2017-18, 2023-25)",RB -3.90% on vs off (-1.36 at a 34.8 line); QB +6.45% on vs off (+0.94 at a 14.6 line); other +18.58% on vs off (+0.61 at a 3.3 line),the schedule's primetime flag
Primetime and kickoff time,primetime,L,pooled,rush_carries,True,0.00015,6e-05,0.00062,0.00179,0.00072,0.00037,3.0824,2.933,2.8393,,,,,,,,,,,False,,,"fails 1 (2017-18, 2019-22, 2023-25)",all +0.57% on vs off (+0.04 at a 6.8 line),the schedule's primetime flag
Primetime and kickoff time,primetime,L,by position,rush_carries,True,0.00312,-9e-05,0.00027,0.00339,0.00085,0.00107,3.0824,2.933,2.8393,,,,,,,,,,,False,,,"fails 1 (2017-18, 2023-25)",RB -0.57% on vs off (-0.05 at a 9.1 line); QB +5.85% on vs off (+0.21 at a 3.7 line); other +8.90% on vs off (+0.06 at a 0.7 line),the schedule's primetime flag
Primetime and kickoff time,primetime,L,pooled,rush_td,True,1e-05,-0.00019,0.00017,0.00016,0.00011,0.00023,0.5136,0.5501,0.5199,,,,,,,,,,,False,,,"fails 1 (2017-18, 2023-25)",all -6.06% on vs off (-0.01 at a 0.2 line),the schedule's primetime flag
Primetime and kickoff time,primetime,L,by position,rush_td,True,0.00032,-6e-05,-0.00019,0.0003,0.00029,0.00038,0.5136,0.5501,0.5199,,,,,,,,,,,False,,,fails 1 (2017-18),RB -4.98% on vs off (-0.01 at a 0.3 line); QB -4.98% on vs off (-0.01 at a 0.2 line); other -49.43% on vs off (-0.01 at a 0.0 line),the schedule's primetime flag
Primetime and kickoff time,primetime,L,pooled,pass_yards,True,-0.14048,0.14368,0.00713,0.08895,0.06012,0.01906,60.7221,56.5737,56.1092,,,,,,,,,,,False,,,"fails 1 (2019-22, 2023-25)",all -0.58% on vs off (-1.33 at a 228.9 line),the schedule's primetime flag
Primetime and kickoff time,primetime,L,pooled,pass_dropbacks,True,0.01976,0.00365,-0.00259,0.01228,0.00413,0.00308,7.5939,7.686,7.7009,,,,,,,,,,,False,,,"fails 1 (2017-18, 2019-22)",all +1.17% on vs off (+0.44 at a 37.7 line),the schedule's primetime flag
Primetime and kickoff time,primetime,L,pooled,pass_td,True,0.00034,0.00038,-4e-05,0.00059,0.00023,0.0002,0.8534,0.8376,0.8698,,,,,,,,,,,False,,,"fails 1 (2017-18, 2019-22)",all -2.30% on vs off (-0.03 at a 1.5 line),the schedule's primetime flag
Primetime and kickoff time,primetime,L,pooled,pass_int,True,0.00278,0.00061,3e-05,0.00267,0.00039,0.00044,0.9749,0.9645,0.9458,,,,,,,,,,,False,,,"fails 1 (2017-18, 2019-22, 2023-25)",all +4.76% on vs off (+0.04 at a 0.8 line),the schedule's primetime flag
Primetime and kickoff time,night,L,pooled,rec_yards,True,0.00331,0.00033,0.00097,0.00325,0.00076,0.00098,19.6893,19.131,18.1454,,,,,,,,,,,False,,,"fails 1 (2017-18, 2019-22, 2023-25)",all +0.00% on vs off (+0.00 at a 25.4 line),"kickoff 7 PM ET or later, or SNF / MNF / TNF"
Primetime and kickoff time,night,L,by position,rec_yards,True,0.01297,0.00315,0.00057,0.00904,0.00192,0.0018,19.6893,19.131,18.1454,,,,,,,,,,,False,,,"fails 1 (2017-18, 2019-22, 2023-25)",WR -0.56% on vs off (-0.19 at a 33.6 line); TE +2.29% on vs off (+0.48 at a 20.9 line); RB -1.68% on vs off (-0.24 at a 14.3 line); other -43.23% on vs off (-4.13 at a 9.5 line),"kickoff 7 PM ET or later, or SNF / MNF / TNF"
Primetime and kickoff time,night,L,pooled,rec_catches,True,0.00016,3e-05,-0.00021,8e-05,9e-05,0.00017,1.4479,1.4404,1.367,,,,,,,,,,,False,,,"fails 1 (2017-18, 2019-22)",all +1.71% on vs off (+0.04 at a 2.4 line),"kickoff 7 PM ET or later, or SNF / MNF / TNF"
Primetime and kickoff time,night,L,by position,rec_catches,True,0.00024,0.00035,-0.00036,0.0004,0.00016,0.00021,1.4479,1.4404,1.367,,,,,,,,,,,False,,,"fails 1 (2017-18, 2019-22)",WR +0.57% on vs off (+0.02 at a 2.9 line); TE +4.04% on vs off (+0.09 at a 2.1 line); RB +4.04% on vs off (+0.07 at a 1.8 line); other +0.57% on vs off (+0.01 at a 1.2 line),"kickoff 7 PM ET or later, or SNF / MNF / TNF"
Primetime and kickoff time,night,L,pooled,rec_targets,True,0.00017,5e-05,-0.00012,0.00035,8e-05,0.0001,1.8752,1.8257,1.7128,,,,,,,,,,,False,,,"fails 1 (2017-18, 2019-22)",all +1.14% on vs off (+0.05 at a 4.0 line),"kickoff 7 PM ET or later, or SNF / MNF / TNF"
Primetime and kickoff time,night,L,by position,rec_targets,True,0.00062,0.00037,-0.00014,0.00066,0.00024,0.00014,1.8752,1.8257,1.7128,,,,,,,,,,,False,,,"fails 1 (2017-18, 2019-22)",WR +0.57% on vs off (+0.03 at a 5.0 line); TE +0.57% on vs off (+0.02 at a 3.4 line); RB +1.71% on vs off (+0.05 at a 2.7 line); other +65.52% on vs off (+1.17 at a 1.8 line),"kickoff 7 PM ET or later, or SNF / MNF / TNF"
Primetime and kickoff time,night,L,pooled,rec_td,True,4e-05,4e-05,2e-05,0.00011,3e-05,2e-05,0.5007,0.4919,0.4727,,,,,,,,,,,False,,,"fails 1 (2017-18, 2019-22, 2023-25)",all -1.13% on vs off (-0.00 at a 0.2 line),"kickoff 7 PM ET or later, or SNF / MNF / TNF"
Primetime and kickoff time,night,L,by position,rec_td,True,0.00085,-0.0001,0.00016,0.00044,0.00011,0.00013,0.5007,0.4919,0.4727,,,,,,,,,,,False,,,"fails 1 (2017-18, 2023-25)",WR -4.43% on vs off (-0.01 at a 0.2 line); TE +6.43% on vs off (+0.01 at a 0.2 line); RB -1.13% on vs off (-0.00 at a 0.1 line); other +97.28% on vs off (+0.10 at a 0.1 line),"kickoff 7 PM ET or later, or SNF / MNF / TNF"
Primetime and kickoff time,night,L,pooled,rush_yards,True,0.00235,-6e-05,0.00677,0.00439,0.00542,0.00592,18.041,17.6866,16.9681,,,,,,,,,,,False,,,"fails 1 (2017-18, 2023-25)",all -1.66% on vs off (-0.44 at a 26.3 line),"kickoff 7 PM ET or later, or SNF / MNF / TNF"
Primetime and kickoff time,night,L,by position,rush_yards,True,0.00769,0.00114,0.00017,0.00872,0.00785,0.00827,18.041,17.6866,16.9681,,,,,,,,,,,False,,,"fails 1 (2017-18, 2019-22, 2023-25)",RB -3.84% on vs off (-1.34 at a 34.8 line); QB +7.54% on vs off (+1.10 at a 14.6 line); other +18.93% on vs off (+0.63 at a 3.3 line),"kickoff 7 PM ET or later, or SNF / MNF / TNF"
Primetime and kickoff time,night,L,pooled,rush_carries,True,0.00049,0.0002,0.00063,0.00163,0.00046,0.00026,3.0824,2.933,2.8393,,,,,,,,,,,False,,,"fails 1 (2017-18, 2019-22, 2023-25)",all +0.56% on vs off (+0.04 at a 6.8 line),"kickoff 7 PM ET or later, or SNF / MNF / TNF"
Primetime and kickoff time,night,L,by position,rush_carries,True,0.00398,-0.00033,-0.00025,0.00342,0.00077,0.00102,3.0824,2.933,2.8393,,,,,,,,,,,False,,,fails 1 (2017-18),RB -0.56% on vs off (-0.05 at a 9.1 line); QB +6.35% on vs off (+0.23 at a 3.7 line); other +9.36% on vs off (+0.07 at a 0.7 line),"kickoff 7 PM ET or later, or SNF / MNF / TNF"
Primetime and kickoff time,night,L,pooled,rush_td,True,4e-05,-0.00026,0.00017,0.0001,0.00011,0.00025,0.5136,0.5501,0.5199,,,,,,,,,,,False,,,"fails 1 (2017-18, 2023-25)",all -6.49% on vs off (-0.01 at a 0.2 line),"kickoff 7 PM ET or later, or SNF / MNF / TNF"
Primetime and kickoff time,night,L,by position,rush_td,True,0.00028,-8e-05,-3e-05,0.00027,0.0003,0.0004,0.5136,0.5501,0.5199,,,,,,,,,,,False,,,fails 1 (2017-18),RB -6.49% on vs off (-0.02 at a 0.3 line); QB -2.21% on vs off (-0.00 at a 0.2 line); other -48.89% on vs off (-0.01 at a 0.0 line),"kickoff 7 PM ET or later, or SNF / MNF / TNF"
Primetime and kickoff time,night,L,pooled,pass_yards,True,-0.1086,0.1069,0.00495,0.08909,0.0519,0.02706,60.7221,56.5737,56.1092,,,,,,,,,,,False,,,"fails 1 (2019-22, 2023-25)",all -0.57% on vs off (-1.30 at a 228.9 line),"kickoff 7 PM ET or later, or SNF / MNF / TNF"
Primetime and kickoff time,night,L,pooled,pass_dropbacks,True,0.01705,0.00501,-0.00221,0.01242,0.0048,0.0022,7.5939,7.686,7.7009,,,,,,,,,,,False,,,"fails 1 (2017-18, 2019-22)",all +1.15% on vs off (+0.43 at a 37.7 line),"kickoff 7 PM ET or later, or SNF / MNF / TNF"
Primetime and kickoff time,night,L,pooled,pass_td,True,0.00053,0.00029,-0.00012,0.00056,0.00015,0.0002,0.8534,0.8376,0.8698,,,,,,,,,,,False,,,"fails 1 (2017-18, 2019-22)",all -2.82% on vs off (-0.04 at a 1.5 line),"kickoff 7 PM ET or later, or SNF / MNF / TNF"
Primetime and kickoff time,night,L,pooled,pass_int,True,0.0026,0.00038,9e-05,0.00239,0.00034,0.00046,0.9749,0.9645,0.9458,,,,,,,,,,,False,,,"fails 1 (2017-18, 2019-22, 2023-25)",all +4.08% on vs off (+0.03 at a 0.8 line),"kickoff 7 PM ET or later, or SNF / MNF / TNF"
Primetime and kickoff time,slot_early,L,pooled,rec_yards,True,0.00092,0.00082,0.00036,0.0019,0.00091,0.00038,19.6893,19.131,18.1454,,,,,,,,,,,False,,,"fails 1 (2017-18, 2019-22, 2023-25)",all -0.49% on vs off (-0.12 at a 25.4 line),Sunday 1 PM ET
Primetime and kickoff time,slot_early,L,by position,rec_yards,True,0.00341,0.00356,0.00142,0.00739,0.0031,0.00158,19.6893,19.131,18.1454,,,,,,,,,,,False,,,"fails 1 (2017-18, 2019-22, 2023-25)",WR +0.00% on vs off (+0.00 at a 33.6 line); TE -2.90% on vs off (-0.61 at a 20.9 line); RB +0.49% on vs off (+0.07 at a 14.3 line); other +5.54% on vs off (+0.53 at a 9.5 line),Sunday 1 PM ET
Primetime and kickoff time,slot_early,L,pooled,rec_catches,True,0.00016,1e-05,-2e-05,0.00017,5e-05,5e-05,1.4479,1.4404,1.367,,,,,,,,,,,False,,,"fails 1 (2017-18, 2019-22)",all -0.49% on vs off (-0.01 at a 2.4 line),Sunday 1 PM ET
Primetime and kickoff time,slot_early,L,by position,rec_catches,True,0.00031,0.00012,0.00018,0.00042,0.00016,9e-05,1.4479,1.4404,1.367,,,,,,,,,,,False,,,"fails 1 (2017-18, 2019-22, 2023-25)",WR +0.00% on vs off (+0.00 at a 2.9 line); TE -1.46% on vs off (-0.03 at a 2.1 line); RB -1.94% on vs off (-0.04 at a 1.8 line); other -7.99% on vs off (-0.09 at a 1.2 line),Sunday 1 PM ET
Primetime and kickoff time,slot_early,L,pooled,rec_targets,True,-5e-05,0.00025,0.0,0.00054,0.00014,0.0,1.8752,1.8257,1.7128,,,,,,,,,,,False,,,"fails 1 (2019-22, 2023-25)",all +0.00% on vs off (+0.00 at a 4.0 line),Sunday 1 PM ET
Primetime and kickoff time,slot_early,L,by position,rec_targets,True,0.00087,0.00019,-2e-05,0.00071,0.00024,0.00032,1.8752,1.8257,1.7128,,,,,,,,,,,False,,,"fails 1 (2017-18, 2019-22)",WR +0.00% on vs off (+0.00 at a 5.0 line); TE -0.97% on vs off (-0.03 at a 3.4 line); RB +0.00% on vs off (+0.00 at a 2.7 line); other -44.17% on vs off (-0.79 at a 1.8 line),Sunday 1 PM ET
Primetime and kickoff time,slot_early,L,pooled,rec_td,True,6e-05,3e-05,-0.0,8e-05,2e-05,1e-05,0.5007,0.4919,0.4727,,,,,,,,,,,False,,,"fails 1 (2017-18, 2019-22, 2023-25)",all +0.98% on vs off (+0.00 at a 0.2 line),Sunday 1 PM ET
Primetime and kickoff time,slot_early,L,by position,rec_td,True,0.00029,7e-05,3e-05,0.0002,8e-05,4e-05,0.5007,0.4919,0.4727,,,,,,,,,,,False,,,"fails 1 (2017-18, 2019-22, 2023-25)",WR +0.98% on vs off (+0.00 at a 0.2 line); TE +1.98% on vs off (+0.00 at a 0.2 line); RB -1.46% on vs off (-0.00 at a 0.1 line); other -44.44% on vs off (-0.05 at a 0.1 line),Sunday 1 PM ET
Primetime and kickoff time,slot_early,L,pooled,rush_yards,True,0.00118,0.00291,0.00187,0.00884,0.00353,0.00291,18.041,17.6866,16.9681,,,,,,,,,,,False,,,"fails 1 (2017-18, 2019-22, 2023-25)",all -0.98% on vs off (-0.26 at a 26.3 line),Sunday 1 PM ET
Primetime and kickoff time,slot_early,L,by position,rush_yards,True,0.01883,0.00811,0.00885,0.01676,0.00458,0.00363,18.041,17.6866,16.9681,,,,,,,,,,,False,,,"fails 1 (2017-18, 2019-22, 2023-25)",RB -0.98% on vs off (-0.34 at a 34.8 line); QB +0.00% on vs off (+0.00 at a 14.6 line); other -0.49% on vs off (-0.02 at a 3.3 line),Sunday 1 PM ET
Primetime and kickoff time,slot_early,L,pooled,rush_carries,True,0.00065,0.00056,9e-05,0.00107,0.00046,0.00015,3.0824,2.933,2.8393,,,,,,,,,,,False,,,"fails 1 (2017-18, 2019-22, 2023-25)",all -0.49% on vs off (-0.03 at a 6.8 line),Sunday 1 PM ET
Primetime and kickoff time,slot_early,L,by position,rush_carries,True,0.00146,0.00049,-0.00129,0.00139,0.00082,0.00075,3.0824,2.933,2.8393,,,,,,,,,,,False,,,"fails 1 (2017-18, 2019-22)",RB +0.49% on vs off (+0.04 at a 9.1 line); QB -5.73% on vs off (-0.21 at a 3.7 line); other -5.73% on vs off (-0.04 at a 0.7 line),Sunday 1 PM ET
Primetime and kickoff time,slot_early,L,pooled,rush_td,True,0.00049,-0.00015,0.0003,0.00047,9e-05,0.00017,0.5136,0.5501,0.5199,,,,,,,,,,,False,,,"fails 1 (2017-18, 2023-25)",all +2.99% on vs off (+0.01 at a 0.2 line),Sunday 1 PM ET
Primetime and kickoff time,slot_early,L,by position,rush_td,True,0.00046,0.00021,0.00033,0.0005,0.00019,0.00018,0.5136,0.5501,0.5199,,,,,,,,,,,False,,,"fails 1 (2017-18, 2019-22, 2023-25)",RB +3.50% on vs off (+0.01 at a 0.3 line); QB +0.49% on vs off (+0.00 at a 0.2 line); other +5.56% on vs off (+0.00 at a 0.0 line),Sunday 1 PM ET
Primetime and kickoff time,slot_early,L,pooled,pass_yards,True,0.13193,0.07759,0.03207,0.15142,0.03942,0.03102,60.7221,56.5737,56.1092,,,,,,,,,,,False,,,"fails 1 (2017-18, 2019-22, 2023-25)",all +0.50% on vs off (+1.14 at a 228.9 line),Sunday 1 PM ET
Primetime and kickoff time,slot_early,L,pooled,pass_dropbacks,True,0.02911,-0.00011,0.00468,0.01165,0.00361,0.00378,7.5939,7.686,7.7009,,,,,,,,,,,False,,,"fails 1 (2017-18, 2023-25)",all +0.00% on vs off (+0.00 at a 37.7 line),Sunday 1 PM ET
Primetime and kickoff time,slot_early,L,pooled,pass_td,True,0.00091,0.00018,-0.00013,0.00061,0.00024,0.00023,0.8534,0.8376,0.8698,,,,,,,,,,,False,,,"fails 1 (2017-18, 2019-22)",all +2.02% on vs off (+0.03 at a 1.5 line),Sunday 1 PM ET
Primetime and kickoff time,slot_early,L,pooled,pass_int,True,-0.00028,0.00058,-2e-05,0.00159,0.00059,0.0003,0.9749,0.9645,0.9458,,,,,,,,,,,False,,,fails 1 (2019-22),all +2.53% on vs off (+0.02 at a 0.8 line),Sunday 1 PM ET
Primetime and kickoff time,slot_late,L,pooled,rec_yards,True,0.00562,0.00055,0.00075,0.00385,0.00079,0.0008,19.6893,19.131,18.1454,,,,,,,,,,,False,,,"fails 1 (2017-18, 2019-22, 2023-25)",all -0.57% on vs off (-0.15 at a 25.4 line),Sunday 4 PM ET
Primetime and kickoff time,slot_late,L,by position,rec_yards,True,0.01254,0.0028,0.00165,0.00581,0.00174,0.00152,19.6893,19.131,18.1454,,,,,,,,,,,False,,,"fails 1 (2017-18, 2019-22, 2023-25)",WR -1.14% on vs off (-0.38 at a 33.6 line); TE -0.57% on vs off (-0.12 at a 20.9 line); RB +2.91% on vs off (+0.41 at a 14.3 line); other +28.66% on vs off (+2.74 at a 9.5 line),Sunday 4 PM ET
Primetime and kickoff time,slot_late,L,pooled,rec_catches,True,5e-05,9e-05,-7e-05,0.00011,7e-05,9e-05,1.4479,1.4404,1.367,,,,,,,,,,,False,,,"fails 1 (2017-18, 2019-22)",all -1.14% on vs off (-0.03 at a 2.4 line),Sunday 4 PM ET
Primetime and kickoff time,slot_late,L,by position,rec_catches,True,0.00015,0.00031,0.00021,0.00018,0.00022,0.00016,1.4479,1.4404,1.367,,,,,,,,,,,False,,,"fails 1 (2017-18, 2019-22, 2023-25)",WR -1.14% on vs off (-0.03 at a 2.9 line); TE -1.14% on vs off (-0.02 at a 2.1 line); RB -1.14% on vs off (-0.02 at a 1.8 line); other +11.50% on vs off (+0.13 at a 1.2 line),Sunday 4 PM ET
Primetime and kickoff time,slot_late,L,pooled,rec_targets,True,0.0003,0.00064,-3e-05,0.0005,0.00023,0.00013,1.8752,1.8257,1.7128,,,,,,,,,,,False,,,"fails 1 (2017-18, 2019-22)",all -0.57% on vs off (-0.02 at a 4.0 line),Sunday 4 PM ET
Primetime and kickoff time,slot_late,L,by position,rec_targets,True,0.00044,0.00092,-2e-05,0.00061,0.00036,0.00033,1.8752,1.8257,1.7128,,,,,,,,,,,False,,,"fails 1 (2017-18, 2019-22)",WR -1.14% on vs off (-0.06 at a 5.0 line); TE +0.57% on vs off (+0.02 at a 3.4 line); RB -1.14% on vs off (-0.03 at a 2.7 line); other +66.50% on vs off (+1.19 at a 1.8 line),Sunday 4 PM ET
Primetime and kickoff time,slot_late,L,pooled,rec_td,True,0.0001,1e-05,2e-05,0.00016,5e-05,3e-05,0.5007,0.4919,0.4727,,,,,,,,,,,False,,,"fails 1 (2017-18, 2019-22, 2023-25)",all -1.70% on vs off (-0.00 at a 0.2 line),Sunday 4 PM ET
Primetime and kickoff time,slot_late,L,by position,rec_td,True,0.00147,0.00014,0.00014,0.00058,0.00015,0.00014,0.5007,0.4919,0.4727,,,,,,,,,,,False,,,"fails 1 (2017-18, 2019-22, 2023-25)",WR +1.73% on vs off (+0.00 at a 0.2 line); TE -11.33% on vs off (-0.02 at a 0.2 line); RB +1.73% on vs off (+0.00 at a 0.1 line); other -17.70% on vs off (-0.02 at a 0.1 line),Sunday 4 PM ET
Primetime and kickoff time,slot_late,L,pooled,rush_yards,True,-0.00342,-0.00117,0.00094,0.00834,0.00568,0.00599,18.041,17.6866,16.9681,,,,,,,,,,,False,,,fails 1 (2023-25),all +2.34% on vs off (+0.61 at a 26.3 line),Sunday 4 PM ET
Primetime and kickoff time,slot_late,L,by position,rush_yards,True,0.01917,-0.00397,0.00446,0.01882,0.00829,0.00794,18.041,17.6866,16.9681,,,,,,,,,,,False,,,"fails 1 (2017-18, 2023-25)",RB +4.13% on vs off (+1.44 at a 34.8 line); QB -6.71% on vs off (-0.98 at a 14.6 line); other -15.45% on vs off (-0.51 at a 3.3 line),Sunday 4 PM ET
Primetime and kickoff time,slot_late,L,pooled,rush_carries,True,-0.00064,0.00057,0.00015,0.00126,0.00081,0.00046,3.0824,2.933,2.8393,,,,,,,,,,,False,,,"fails 1 (2019-22, 2023-25)",all -0.58% on vs off (-0.04 at a 6.8 line),Sunday 4 PM ET
Primetime and kickoff time,slot_late,L,by position,rush_carries,True,-0.00143,0.00127,0.0002,0.00211,0.00106,0.00054,3.0824,2.933,2.8393,,,,,,,,,,,False,,,"fails 1 (2019-22, 2023-25)",RB -1.15% on vs off (-0.10 at a 9.1 line); QB +1.75% on vs off (+0.06 at a 3.7 line); other +1.16% on vs off (+0.01 at a 0.7 line),Sunday 4 PM ET
Primetime and kickoff time,slot_late,L,pooled,rush_td,True,7e-05,1e-05,8e-05,0.00012,7e-05,5e-05,0.5136,0.5501,0.5199,,,,,,,,,,,False,,,"fails 1 (2017-18, 2019-22, 2023-25)",all +1.16% on vs off (+0.00 at a 0.2 line),Sunday 4 PM ET
Primetime and kickoff time,slot_late,L,by position,rush_td,True,-5e-05,0.00015,0.00021,0.00032,0.00024,0.00029,0.5136,0.5501,0.5199,,,,,,,,,,,False,,,"fails 1 (2019-22, 2023-25)",RB +1.16% on vs off (+0.00 at a 0.3 line); QB -2.29% on vs off (-0.00 at a 0.2 line); other +88.99% on vs off (+0.02 at a 0.0 line),Sunday 4 PM ET
Primetime and kickoff time,slot_late,L,pooled,pass_yards,True,0.15516,0.02347,0.00796,0.09876,0.02459,0.00786,60.7221,56.5737,56.1092,,,,,,,,,,,False,,,"fails 1 (2017-18, 2019-22, 2023-25)",all +0.00% on vs off (+0.00 at a 228.9 line),Sunday 4 PM ET
Primetime and kickoff time,slot_late,L,pooled,pass_dropbacks,True,-0.00983,0.00744,0.00208,0.01168,0.00794,0.00605,7.5939,7.686,7.7009,,,,,,,,,,,False,,,"fails 1 (2019-22, 2023-25)",all -1.15% on vs off (-0.44 at a 37.7 line),Sunday 4 PM ET
Primetime and kickoff time,slot_late,L,pooled,pass_td,True,0.00027,8e-05,0.00012,0.00081,0.00037,0.00017,0.8534,0.8376,0.8698,,,,,,,,,,,False,,,"fails 1 (2017-18, 2019-22, 2023-25)",all -0.58% on vs off (-0.01 at a 1.5 line),Sunday 4 PM ET
Primetime and kickoff time,slot_late,L,pooled,pass_int,True,0.00085,-0.00051,-0.00021,0.00073,0.00077,0.00082,0.9749,0.9645,0.9458,,,,,,,,,,,False,,,fails 1 (2017-18),all -8.34% on vs off (-0.07 at a 0.8 line),Sunday 4 PM ET
Primetime and kickoff time,SNF,L,pooled,rec_yards,True,0.00019,-0.00076,0.00168,0.00095,0.00044,0.00159,19.6893,19.131,18.1454,,,,,,,,,,,False,,,"fails 1 (2017-18, 2023-25)",all -0.91% on vs off (-0.23 at a 25.4 line),Sunday night
Primetime and kickoff time,SNF,L,by position,rec_yards,True,0.00899,-9e-05,0.00325,0.00964,0.00192,0.00281,19.6893,19.131,18.1454,,,,,,,,,,,False,,,"fails 1 (2017-18, 2023-25)",WR -1.80% on vs off (-0.61 at a 33.6 line); TE +3.71% on vs off (+0.78 at a 20.9 line); RB -3.57% on vs off (-0.51 at a 14.3 line); other -47.59% on vs off (-4.54 at a 9.5 line),Sunday night
Primetime and kickoff time,SNF,L,pooled,rec_catches,True,2e-05,0.00012,5e-05,6e-05,9e-05,8e-05,1.4479,1.4404,1.367,,,,,,,,,,,False,,,"fails 1 (2017-18, 2019-22, 2023-25)",all -0.91% on vs off (-0.02 at a 2.4 line),Sunday night
Primetime and kickoff time,SNF,L,by position,rec_catches,True,0.00055,0.0003,0.0,0.00064,0.00015,0.00014,1.4479,1.4404,1.367,,,,,,,,,,,False,,,"fails 1 (2017-18, 2019-22, 2023-25)",WR -1.80% on vs off (-0.05 at a 2.9 line); TE +2.77% on vs off (+0.06 at a 2.1 line); RB -3.57% on vs off (-0.07 at a 1.8 line); other -5.31% on vs off (-0.06 at a 1.2 line),Sunday night
Primetime and kickoff time,SNF,L,pooled,rec_targets,True,0.00063,6e-05,1e-05,0.00061,6e-05,8e-05,1.8752,1.8257,1.7128,,,,,,,,,,,False,,,"fails 1 (2017-18, 2019-22, 2023-25)",all +0.00% on vs off (+0.00 at a 4.0 line),Sunday night
Primetime and kickoff time,SNF,L,by position,rec_targets,True,0.00091,0.00042,-1e-05,0.00081,0.00023,0.0001,1.8752,1.8257,1.7128,,,,,,,,,,,False,,,"fails 1 (2017-18, 2019-22)",WR +0.91% on vs off (+0.05 at a 5.0 line); TE +0.91% on vs off (+0.03 at a 3.4 line); RB -2.69% on vs off (-0.07 at a 2.7 line); other -37.13% on vs off (-0.66 at a 1.8 line),Sunday night
Primetime and kickoff time,SNF,L,pooled,rec_td,True,1e-05,2e-05,-3e-05,3e-05,1e-05,4e-05,0.5007,0.4919,0.4727,,,,,,,,,,,False,,,"fails 1 (2017-18, 2019-22)",all -4.45% on vs off (-0.01 at a 0.2 line),Sunday night
Primetime and kickoff time,SNF,L,by position,rec_td,True,0.00085,8e-05,0.0002,0.00043,0.00015,0.00012,0.5007,0.4919,0.4727,,,,,,,,,,,False,,,"fails 1 (2017-18, 2019-22, 2023-25)",WR -8.70% on vs off (-0.02 at a 0.2 line); TE +2.77% on vs off (+0.01 at a 0.2 line); RB +5.61% on vs off (+0.00 at a 0.1 line); other -66.44% on vs off (-0.07 at a 0.1 line),Sunday night
Primetime and kickoff time,SNF,L,pooled,rush_yards,True,-0.00179,0.00329,0.00299,0.01127,0.00439,0.00208,18.041,17.6866,16.9681,,,,,,,,,,,False,,,"fails 1 (2019-22, 2023-25)",all +0.88% on vs off (+0.23 at a 26.3 line),Sunday night
Primetime and kickoff time,SNF,L,by position,rush_yards,True,0.0063,0.00271,0.00224,0.01362,0.00524,0.00359,18.041,17.6866,16.9681,,,,,,,,,,,False,,,"fails 1 (2017-18, 2019-22, 2023-25)",RB -0.87% on vs off (-0.30 at a 34.8 line); QB +10.09% on vs off (+1.47 at a 14.6 line); other +17.03% on vs off (+0.56 at a 3.3 line),Sunday night
Primetime and kickoff time,SNF,L,pooled,rush_carries,True,0.0025,0.00044,2e-05,0.00138,0.0003,0.0002,3.0824,2.933,2.8393,,,,,,,,,,,False,,,"fails 1 (2017-18, 2019-22, 2023-25)",all +0.88% on vs off (+0.06 at a 6.8 line),Sunday night
Primetime and kickoff time,SNF,L,by position,rush_carries,True,0.00422,-0.00075,0.00075,0.00204,0.00076,0.00116,3.0824,2.933,2.8393,,,,,,,,,,,False,,,"fails 1 (2017-18, 2023-25)",RB -0.87% on vs off (-0.08 at a 9.1 line); QB +9.13% on vs off (+0.33 at a 3.7 line); other +16.01% on vs off (+0.12 at a 0.7 line),Sunday night
Primetime and kickoff time,SNF,L,pooled,rush_td,True,0.0002,-0.00027,0.00028,0.00023,0.00015,0.00026,0.5136,0.5501,0.5199,,,,,,,,,,,False,,,"fails 1 (2017-18, 2023-25)",all -9.95% on vs off (-0.02 at a 0.2 line),Sunday night
Primetime and kickoff time,SNF,L,by position,rush_td,True,0.00028,-0.00014,0.00024,0.00025,0.00025,0.0003,0.5136,0.5501,0.5199,,,,,,,,,,,False,,,"fails 1 (2017-18, 2023-25)",RB -10.74% on vs off (-0.03 at a 0.3 line); QB -2.59% on vs off (-0.00 at a 0.2 line); other -64.95% on vs off (-0.01 at a 0.0 line),Sunday night
Primetime and kickoff time,SNF,L,pooled,pass_yards,True,-0.11387,0.19496,0.02362,0.19308,0.07877,0.0166,60.7221,56.5737,56.1092,,,,,,,,,,,False,,,"fails 1 (2019-22, 2023-25)",all +0.00% on vs off (+0.00 at a 228.9 line),Sunday night
Primetime and kickoff time,SNF,L,pooled,pass_dropbacks,True,0.00531,0.00132,0.00126,0.00413,0.00137,0.00168,7.5939,7.686,7.7009,,,,,,,,,,,False,,,"fails 1 (2017-18, 2019-22, 2023-25)",all +0.00% on vs off (+0.00 at a 37.7 line),Sunday night
Primetime and kickoff time,SNF,L,pooled,pass_td,True,1e-05,0.00011,-0.00012,7e-05,0.00016,0.00017,0.8534,0.8376,0.8698,,,,,,,,,,,False,,,"fails 1 (2017-18, 2019-22)",all -3.55% on vs off (-0.05 at a 1.5 line),Sunday night
Primetime and kickoff time,SNF,L,pooled,pass_int,True,0.00059,-0.00038,0.00035,0.00088,0.00038,0.00057,0.9749,0.9645,0.9458,,,,,,,,,,,False,,,"fails 1 (2017-18, 2023-25)",all +8.47% on vs off (+0.07 at a 0.8 line),Sunday night
Primetime and kickoff time,MNF,L,pooled,rec_yards,True,0.00518,0.0001,9e-05,0.00407,0.00075,0.00126,19.6893,19.131,18.1454,,,,,,,,,,,False,,,"fails 1 (2017-18, 2019-22, 2023-25)",all -1.81% on vs off (-0.46 at a 25.4 line),Monday night
Primetime and kickoff time,MNF,L,by position,rec_yards,True,0.01898,0.00381,-0.00347,0.01027,0.00435,0.00294,19.6893,19.131,18.1454,,,,,,,,,,,False,,,"fails 1 (2017-18, 2019-22)",WR -3.59% on vs off (-1.21 at a 33.6 line); TE +0.92% on vs off (+0.19 at a 20.9 line); RB +7.59% on vs off (+1.08 at a 14.3 line); other -66.64% on vs off (-6.36 at a 9.5 line),Monday night
Primetime and kickoff time,MNF,L,pooled,rec_catches,True,7e-05,5e-05,-1e-05,0.00018,7e-05,7e-05,1.4479,1.4404,1.367,,,,,,,,,,,False,,,"fails 1 (2017-18, 2019-22)",all +0.92% on vs off (+0.02 at a 2.4 line),Monday night
Primetime and kickoff time,MNF,L,by position,rec_catches,True,5e-05,-8e-05,-0.00042,0.00045,0.00021,0.00026,1.4479,1.4404,1.367,,,,,,,,,,,False,,,fails 1 (2017-18),WR -2.71% on vs off (-0.08 at a 2.9 line); TE +1.85% on vs off (+0.04 at a 2.1 line); RB +12.63% on vs off (+0.23 at a 1.8 line); other -50.56% on vs off (-0.59 at a 1.2 line),Monday night
Primetime and kickoff time,MNF,L,pooled,rec_targets,True,0.00035,7e-05,7e-05,0.00048,0.00012,9e-05,1.8752,1.8257,1.7128,,,,,,,,,,,False,,,"fails 1 (2017-18, 2019-22, 2023-25)",all +0.92% on vs off (+0.04 at a 4.0 line),Monday night
Primetime and kickoff time,MNF,L,by position,rec_targets,True,-0.00043,0.00035,0.0001,0.00121,0.00057,0.0004,1.8752,1.8257,1.7128,,,,,,,,,,,False,,,"fails 1 (2019-22, 2023-25)",WR -1.81% on vs off (-0.09 at a 5.0 line); TE +2.78% on vs off (+0.10 at a 3.4 line); RB +8.58% on vs off (+0.24 at a 2.7 line); other +49.57% on vs off (+0.88 at a 1.8 line),Monday night
Primetime and kickoff time,MNF,L,pooled,rec_td,True,8e-05,2e-05,2e-05,9e-05,2e-05,5e-05,0.5007,0.4919,0.4727,,,,,,,,,,,False,,,"fails 1 (2017-18, 2019-22, 2023-25)",all -4.47% on vs off (-0.01 at a 0.2 line),Monday night
Primetime and kickoff time,MNF,L,by position,rec_td,True,2e-05,-1e-05,0.00026,0.00016,0.00012,0.00012,0.5007,0.4919,0.4727,,,,,,,,,,,False,,,"fails 1 (2017-18, 2023-25)",WR -8.74% on vs off (-0.02 at a 0.2 line); TE +5.64% on vs off (+0.01 at a 0.2 line); RB -0.91% on vs off (-0.00 at a 0.1 line); other +111.75% on vs off (+0.12 at a 0.1 line),Monday night
Primetime and kickoff time,MNF,L,pooled,rush_yards,True,-0.00937,-0.00899,0.01264,0.01263,0.00757,0.00849,18.041,17.6866,16.9681,,,,,,,,,,,False,,,fails 1 (2023-25),all -4.44% on vs off (-1.17 at a 26.3 line),Monday night
Primetime and kickoff time,MNF,L,by position,rush_yards,True,-0.01271,-0.0049,0.00443,0.01621,0.00998,0.01009,18.041,17.6866,16.9681,,,,,,,,,,,False,,,fails 1 (2023-25),RB -6.16% on vs off (-2.15 at a 34.8 line); QB +12.53% on vs off (+1.83 at a 14.6 line); other +19.92% on vs off (+0.66 at a 3.3 line),Monday night
Primetime and kickoff time,MNF,L,pooled,rush_carries,True,0.00362,-7e-05,0.00224,0.0057,0.00127,0.00103,3.0824,2.933,2.8393,,,,,,,,,,,False,,,"fails 1 (2017-18, 2023-25)",all -0.90% on vs off (-0.06 at a 6.8 line),Monday night
Primetime and kickoff time,MNF,L,by position,rush_carries,True,0.00461,0.00053,0.00189,0.00432,0.00127,0.00111,3.0824,2.933,2.8393,,,,,,,,,,,False,,,"fails 1 (2017-18, 2019-22, 2023-25)",RB -0.90% on vs off (-0.08 at a 9.1 line); QB +3.70% on vs off (+0.14 at a 3.7 line); other -13.52% on vs off (-0.10 at a 0.7 line),Monday night
Primetime and kickoff time,MNF,L,pooled,rush_td,True,0.0003,-2e-05,0.0001,0.00034,8e-05,0.00011,0.5136,0.5501,0.5199,,,,,,,,,,,False,,,"fails 1 (2017-18, 2023-25)",all -4.44% on vs off (-0.01 at a 0.2 line),Monday night
Primetime and kickoff time,MNF,L,by position,rush_td,True,0.00038,-8e-05,0.00011,0.00046,0.0002,0.00031,0.5136,0.5501,0.5199,,,,,,,,,,,False,,,"fails 1 (2017-18, 2023-25)",RB -2.69% on vs off (-0.01 at a 0.3 line); QB -10.32% on vs off (-0.02 at a 0.2 line); other -66.37% on vs off (-0.01 at a 0.0 line),Monday night
Primetime and kickoff time,MNF,L,pooled,pass_yards,True,-0.06159,0.07911,-0.0109,0.10181,0.03969,0.03502,60.7221,56.5737,56.1092,,,,,,,,,,,False,,,fails 1 (2019-22),all -1.88% on vs off (-4.31 at a 228.9 line),Monday night
Primetime and kickoff time,MNF,L,pooled,pass_dropbacks,True,0.01755,0.00444,-0.00093,0.01249,0.00517,0.00241,7.5939,7.686,7.7009,,,,,,,,,,,False,,,"fails 1 (2017-18, 2019-22)",all +0.96% on vs off (+0.36 at a 37.7 line),Monday night
Primetime and kickoff time,MNF,L,pooled,pass_td,True,0.00106,0.00016,-0.00011,0.00064,0.00013,0.00033,0.8534,0.8376,0.8698,,,,,,,,,,,False,,,"fails 1 (2017-18, 2019-22)",all -5.55% on vs off (-0.08 at a 1.5 line),Monday night
Primetime and kickoff time,MNF,L,pooled,pass_int,True,0.00099,0.00068,-0.00054,0.0017,0.00028,0.00038,0.9749,0.9645,0.9458,,,,,,,,,,,False,,,"fails 1 (2017-18, 2019-22)",all +8.94% on vs off (+0.07 at a 0.8 line),Monday night
Primetime and kickoff time,TNF,L,pooled,rec_yards,True,0.00684,0.00086,0.00115,0.00546,0.00359,0.00301,19.6893,19.131,18.1454,,,,,,,,,,,False,,,"fails 1 (2017-18, 2019-22, 2023-25)",all +3.67% on vs off (+0.93 at a 25.4 line),Thursday night (by position: the short-week usage shift)
Primetime and kickoff time,TNF,L,by position,rec_yards,True,0.00755,-0.00058,0.01434,0.01606,0.00821,0.00762,19.6893,19.131,18.1454,,,,,,,,,,,False,,,"fails 1 (2017-18, 2023-25)",WR +7.47% on vs off (+2.51 at a 33.6 line); TE +0.00% on vs off (+0.00 at a 20.9 line); RB -6.95% on vs off (-0.99 at a 14.3 line); other +103.71% on vs off (+9.90 at a 9.5 line),Thursday night (by position: the short-week usage shift)
Primetime and kickoff time,TNF,L,pooled,rec_catches,True,5e-05,-0.0002,-0.00059,0.00011,0.00024,0.00033,1.4479,1.4404,1.367,,,,,,,,,,,False,,,fails 1 (2017-18),all +5.55% on vs off (+0.13 at a 2.4 line),Thursday night (by position: the short-week usage shift)
Primetime and kickoff time,TNF,L,by position,rec_catches,True,0.00098,-8e-05,-0.00011,0.00085,0.00035,0.00043,1.4479,1.4404,1.367,,,,,,,,,,,False,,,fails 1 (2017-18),WR +6.51% on vs off (+0.19 at a 2.9 line); TE +8.44% on vs off (+0.18 at a 2.1 line); RB +2.74% on vs off (+0.05 at a 1.8 line); other +103.71% on vs off (+1.21 at a 1.2 line),Thursday night (by position: the short-week usage shift)
Primetime and kickoff time,TNF,L,pooled,rec_targets,True,0.00187,0.00014,-0.00033,0.00074,0.00014,0.00022,1.8752,1.8257,1.7128,,,,,,,,,,,False,,,"fails 1 (2017-18, 2019-22)",all +2.74% on vs off (+0.11 at a 4.0 line),Thursday night (by position: the short-week usage shift)
Primetime and kickoff time,TNF,L,by position,rec_targets,True,0.00142,0.00028,-0.00033,0.00083,0.00027,0.00039,1.8752,1.8257,1.7128,,,,,,,,,,,False,,,"fails 1 (2017-18, 2019-22)",WR +3.67% on vs off (+0.18 at a 5.0 line); TE -0.90% on vs off (-0.03 at a 3.4 line); RB +2.74% on vs off (+0.08 at a 2.7 line); other +194.69% on vs off (+3.47 at a 1.8 line),Thursday night (by position: the short-week usage shift)
Primetime and kickoff time,TNF,L,pooled,rec_td,True,-5e-05,5e-05,-7e-05,6e-05,6e-05,7e-05,0.5007,0.4919,0.4727,,,,,,,,,,,False,,,fails 1 (2019-22),all +7.47% on vs off (+0.01 at a 0.2 line),Thursday night (by position: the short-week usage shift)
Primetime and kickoff time,TNF,L,by position,rec_td,True,0.0001,0.00011,2e-05,0.00041,0.00014,0.00011,0.5007,0.4919,0.4727,,,,,,,,,,,False,,,"fails 1 (2017-18, 2019-22, 2023-25)",WR +9.42% on vs off (+0.02 at a 0.2 line); TE +7.47% on vs off (+0.01 at a 0.2 line); RB -9.43% on vs off (-0.01 at a 0.1 line); other +101.88% on vs off (+0.11 at a 0.1 line),Thursday night (by position: the short-week usage shift)
Primetime and kickoff time,TNF,L,pooled,rush_yards,True,0.00225,0.00106,0.00208,0.00784,0.00469,0.00285,18.041,17.6866,16.9681,,,,,,,,,,,False,,,"fails 1 (2017-18, 2019-22, 2023-25)",all -1.79% on vs off (-0.47 at a 26.3 line),Thursday night (by position: the short-week usage shift)
Primetime and kickoff time,TNF,L,by position,rush_yards,True,-0.00031,0.00584,0.00951,0.01809,0.00657,0.00582,18.041,17.6866,16.9681,,,,,,,,,,,False,,,"fails 1 (2019-22, 2023-25)",RB -0.90% on vs off (-0.31 at a 34.8 line); QB -11.09% on vs off (-1.62 at a 14.6 line); other -1.79% on vs off (-0.06 at a 3.3 line),Thursday night (by position: the short-week usage shift)
Primetime and kickoff time,TNF,L,pooled,rush_carries,True,-0.00018,5e-05,0.00038,0.00058,0.00034,0.00057,3.0824,2.933,2.8393,,,,,,,,,,,False,,,"fails 1 (2019-22, 2023-25)",all +1.82% on vs off (+0.12 at a 6.8 line),Thursday night (by position: the short-week usage shift)
Primetime and kickoff time,TNF,L,by position,rush_carries,True,1e-05,0.00075,0.00023,0.00123,0.00042,0.0004,3.0824,2.933,2.8393,,,,,,,,,,,False,,,"fails 1 (2017-18, 2019-22, 2023-25)",RB +1.82% on vs off (+0.17 at a 9.1 line); QB +2.75% on vs off (+0.10 at a 3.7 line); other +12.47% on vs off (+0.09 at a 0.7 line),Thursday night (by position: the short-week usage shift)
Primetime and kickoff time,TNF,L,pooled,rush_td,True,0.00078,8e-05,-0.0,0.00049,7e-05,1e-05,0.5136,0.5501,0.5199,,,,,,,,,,,False,,,"fails 1 (2017-18, 2019-22, 2023-25)",all -1.79% on vs off (-0.00 at a 0.2 line),Thursday night (by position: the short-week usage shift)
Primetime and kickoff time,TNF,L,by position,rush_td,True,0.0018,0.00017,-0.00057,0.00067,0.00024,0.00026,0.5136,0.5501,0.5199,,,,,,,,,,,False,,,"fails 1 (2017-18, 2019-22)",RB +0.00% on vs off (+0.00 at a 0.3 line); QB +0.91% on vs off (+0.00 at a 0.2 line); other -66.21% on vs off (-0.01 at a 0.0 line),Thursday night (by position: the short-week usage shift)
Primetime and kickoff time,TNF,L,pooled,pass_yards,True,0.13366,0.00952,0.00332,0.09363,0.01866,0.01747,60.7221,56.5737,56.1092,,,,,,,,,,,False,,,"fails 1 (2017-18, 2019-22, 2023-25)",all +1.83% on vs off (+4.19 at a 228.9 line),Thursday night (by position: the short-week usage shift)
Primetime and kickoff time,TNF,L,pooled,pass_dropbacks,True,-0.00034,-0.00035,-0.0046,0.00439,0.00174,0.00372,7.5939,7.686,7.7009,,,,,,,38.0,35.0,46.0,0.7,True,True,False,"fails 3 (placebo, worst window beaten in 35/50)",all +1.83% on vs off (+0.69 at a 37.7 line),Thursday night (by position: the short-week usage shift)
Primetime and kickoff time,TNF,L,pooled,pass_td,True,-0.00052,0.00046,-8e-05,0.00044,0.00034,0.00022,0.8534,0.8376,0.8698,,,,,,,,,,,False,,,fails 1 (2019-22),all +3.69% on vs off (+0.06 at a 1.5 line),Thursday night (by position: the short-week usage shift)
Primetime and kickoff time,TNF,L,pooled,pass_int,True,0.00224,0.00027,-0.00025,0.00223,0.00031,0.0002,0.9749,0.9645,0.9458,,,,,,,,,,,False,,,"fails 1 (2017-18, 2019-22)",all -7.00% on vs off (-0.06 at a 0.8 line),Thursday night (by position: the short-week usage shift)
Primetime and kickoff time,thursday,L,pooled,rec_yards,True,0.00684,0.00086,0.00115,0.00546,0.00359,0.00301,19.6893,19.131,18.1454,,,,,,,,,,,False,,,"fails 1 (2017-18, 2019-22, 2023-25)",all +3.67% on vs off (+0.93 at a 25.4 line),any Thursday game
Primetime and kickoff time,thursday,L,by position,rec_yards,True,0.00755,-0.00058,0.01434,0.01606,0.00821,0.00762,19.6893,19.131,18.1454,,,,,,,,,,,False,,,"fails 1 (2017-18, 2023-25)",WR +7.47% on vs off (+2.51 at a 33.6 line); TE +0.00% on vs off (+0.00 at a 20.9 line); RB -6.95% on vs off (-0.99 at a 14.3 line); other +103.71% on vs off (+9.90 at a 9.5 line),any Thursday game
Primetime and kickoff time,thursday,L,pooled,rec_catches,True,5e-05,-0.0002,-0.00059,0.00011,0.00024,0.00033,1.4479,1.4404,1.367,,,,,,,,,,,False,,,fails 1 (2017-18),all +5.55% on vs off (+0.13 at a 2.4 line),any Thursday game
Primetime and kickoff time,thursday,L,by position,rec_catches,True,0.00098,-8e-05,-0.00011,0.00085,0.00035,0.00043,1.4479,1.4404,1.367,,,,,,,,,,,False,,,fails 1 (2017-18),WR +6.51% on vs off (+0.19 at a 2.9 line); TE +8.44% on vs off (+0.18 at a 2.1 line); RB +2.74% on vs off (+0.05 at a 1.8 line); other +103.71% on vs off (+1.21 at a 1.2 line),any Thursday game
Primetime and kickoff time,thursday,L,pooled,rec_targets,True,0.00187,0.00014,-0.00033,0.00074,0.00014,0.00022,1.8752,1.8257,1.7128,,,,,,,,,,,False,,,"fails 1 (2017-18, 2019-22)",all +2.74% on vs off (+0.11 at a 4.0 line),any Thursday game
Primetime and kickoff time,thursday,L,by position,rec_targets,True,0.00142,0.00028,-0.00033,0.00083,0.00027,0.00039,1.8752,1.8257,1.7128,,,,,,,,,,,False,,,"fails 1 (2017-18, 2019-22)",WR +3.67% on vs off (+0.18 at a 5.0 line); TE -0.90% on vs off (-0.03 at a 3.4 line); RB +2.74% on vs off (+0.08 at a 2.7 line); other +194.69% on vs off (+3.47 at a 1.8 line),any Thursday game
Primetime and kickoff time,thursday,L,pooled,rec_td,True,-5e-05,5e-05,-7e-05,6e-05,6e-05,7e-05,0.5007,0.4919,0.4727,,,,,,,,,,,False,,,fails 1 (2019-22),all +7.47% on vs off (+0.01 at a 0.2 line),any Thursday game
Primetime and kickoff time,thursday,L,by position,rec_td,True,0.0001,0.00011,2e-05,0.00041,0.00014,0.00011,0.5007,0.4919,0.4727,,,,,,,,,,,False,,,"fails 1 (2017-18, 2019-22, 2023-25)",WR +9.42% on vs off (+0.02 at a 0.2 line); TE +7.47% on vs off (+0.01 at a 0.2 line); RB -9.43% on vs off (-0.01 at a 0.1 line); other +101.88% on vs off (+0.11 at a 0.1 line),any Thursday game
Primetime and kickoff time,thursday,L,pooled,rush_yards,True,0.00225,0.00106,0.00208,0.00784,0.00469,0.00285,18.041,17.6866,16.9681,,,,,,,,,,,False,,,"fails 1 (2017-18, 2019-22, 2023-25)",all -1.79% on vs off (-0.47 at a 26.3 line),any Thursday game
Primetime and kickoff time,thursday,L,by position,rush_yards,True,-0.00031,0.00584,0.00951,0.01809,0.00657,0.00582,18.041,17.6866,16.9681,,,,,,,,,,,False,,,"fails 1 (2019-22, 2023-25)",RB -0.90% on vs off (-0.31 at a 34.8 line); QB -11.09% on vs off (-1.62 at a 14.6 line); other -1.79% on vs off (-0.06 at a 3.3 line),any Thursday game
Primetime and kickoff time,thursday,L,pooled,rush_carries,True,-0.00018,5e-05,0.00038,0.00058,0.00034,0.00057,3.0824,2.933,2.8393,,,,,,,,,,,False,,,"fails 1 (2019-22, 2023-25)",all +1.82% on vs off (+0.12 at a 6.8 line),any Thursday game
Primetime and kickoff time,thursday,L,by position,rush_carries,True,1e-05,0.00075,0.00023,0.00123,0.00042,0.0004,3.0824,2.933,2.8393,,,,,,,,,,,False,,,"fails 1 (2017-18, 2019-22, 2023-25)",RB +1.82% on vs off (+0.17 at a 9.1 line); QB +2.75% on vs off (+0.10 at a 3.7 line); other +12.47% on vs off (+0.09 at a 0.7 line),any Thursday game
Primetime and kickoff time,thursday,L,pooled,rush_td,True,0.00078,8e-05,-0.0,0.00049,7e-05,1e-05,0.5136,0.5501,0.5199,,,,,,,,,,,False,,,"fails 1 (2017-18, 2019-22, 2023-25)",all -1.79% on vs off (-0.00 at a 0.2 line),any Thursday game
Primetime and kickoff time,thursday,L,by position,rush_td,True,0.0018,0.00017,-0.00057,0.00067,0.00024,0.00026,0.5136,0.5501,0.5199,,,,,,,,,,,False,,,"fails 1 (2017-18, 2019-22)",RB +0.00% on vs off (+0.00 at a 0.3 line); QB +0.91% on vs off (+0.00 at a 0.2 line); other -66.21% on vs off (-0.01 at a 0.0 line),any Thursday game
Primetime and kickoff time,thursday,L,pooled,pass_yards,True,0.13366,0.00952,0.00332,0.09363,0.01866,0.01747,60.7221,56.5737,56.1092,,,,,,,,,,,False,,,"fails 1 (2017-18, 2019-22, 2023-25)",all +1.83% on vs off (+4.19 at a 228.9 line),any Thursday game
Primetime and kickoff time,thursday,L,pooled,pass_dropbacks,True,-0.00034,-0.00035,-0.0046,0.00439,0.00174,0.00372,7.5939,7.686,7.7009,,,,,,,37.0,40.0,48.0,0.74,True,True,False,"fails 3 (placebo, worst window beaten in 37/50)",all +1.83% on vs off (+0.69 at a 37.7 line),any Thursday game
Primetime and kickoff time,thursday,L,pooled,pass_td,True,-0.00052,0.00046,-8e-05,0.00044,0.00034,0.00022,0.8534,0.8376,0.8698,,,,,,,,,,,False,,,fails 1 (2019-22),all +3.69% on vs off (+0.06 at a 1.5 line),any Thursday game
Primetime and kickoff time,thursday,L,pooled,pass_int,True,0.00224,0.00027,-0.00025,0.00223,0.00031,0.0002,0.9749,0.9645,0.9458,,,,,,,,,,,False,,,"fails 1 (2017-18, 2019-22)",all -7.00% on vs off (-0.06 at a 0.8 line),any Thursday game
Primetime and kickoff time,saturday,L,pooled,rec_yards,True,0.00045,7e-05,-0.00035,0.00055,0.00023,0.00114,19.6893,19.131,18.1454,,,,,,,,,,,False,,,"fails 1 (2017-18, 2019-22)",all +2.46% on vs off (+0.62 at a 25.4 line),Saturday
Primetime and kickoff time,saturday,L,by position,rec_yards,True,0.00238,0.00012,-0.00299,0.00277,0.00133,0.00236,19.6893,19.131,18.1454,,,,,,,,,,,False,,,"fails 1 (2017-18, 2019-22)",WR +4.98% on vs off (+1.67 at a 33.6 line); TE +3.71% on vs off (+0.78 at a 20.9 line); RB -12.50% on vs off (-1.78 at a 14.3 line); other -49.94% on vs off (-4.77 at a 9.5 line),Saturday
Primetime and kickoff time,saturday,L,pooled,rec_catches,True,3e-05,-1e-05,0.00026,0.00046,0.0003,0.00026,1.4479,1.4404,1.367,,,,,,,,,,,False,,,"fails 1 (2017-18, 2023-25)",all -4.74% on vs off (-0.12 at a 2.4 line),Saturday
Primetime and kickoff time,saturday,L,by position,rec_catches,True,-0.00022,0.00046,0.00024,0.00054,0.00036,0.00026,1.4479,1.4404,1.367,,,,,,,,,,,False,,,"fails 1 (2019-22, 2023-25)",WR -3.58% on vs off (-0.10 at a 2.9 line); TE -2.40% on vs off (-0.05 at a 2.1 line); RB -10.35% on vs off (-0.19 at a 1.8 line); other -25.27% on vs off (-0.29 at a 1.2 line),Saturday
Primetime and kickoff time,saturday,L,pooled,rec_targets,True,0.00043,-0.0004,0.00027,0.00043,0.00033,0.00037,1.8752,1.8257,1.7128,,,,,,,,,,,False,,,"fails 1 (2017-18, 2023-25)",all -4.74% on vs off (-0.19 at a 4.0 line),Saturday
Primetime and kickoff time,saturday,L,by position,rec_targets,True,0.00061,-0.00027,0.00026,0.00055,0.00035,0.00036,1.8752,1.8257,1.7128,,,,,,,,,,,False,,,"fails 1 (2017-18, 2023-25)",WR -1.21% on vs off (-0.06 at a 5.0 line); TE -7.02% on vs off (-0.24 at a 3.4 line); RB -9.26% on vs off (-0.25 at a 2.7 line); other -50.54% on vs off (-0.90 at a 1.8 line),Saturday
Primetime and kickoff time,saturday,L,pooled,rec_td,True,0.00011,-1e-05,2e-05,0.00012,4e-05,6e-05,0.5007,0.4919,0.4727,,,,,,,,,,,False,,,"fails 1 (2017-18, 2023-25)",all +6.26% on vs off (+0.01 at a 0.2 line),Saturday
Primetime and kickoff time,saturday,L,by position,rec_td,True,0.00015,2e-05,7e-05,0.00014,0.0001,8e-05,0.5007,0.4919,0.4727,,,,,,,,,,,False,,,"fails 1 (2017-18, 2019-22, 2023-25)",WR +0.00% on vs off (+0.00 at a 0.2 line); TE +14.29% on vs off (+0.03 at a 0.2 line); RB +22.92% on vs off (+0.02 at a 0.1 line); other -76.70% on vs off (-0.08 at a 0.1 line),Saturday
Primetime and kickoff time,saturday,L,pooled,rush_yards,True,0.00301,-0.00626,0.0053,0.01369,0.00972,0.00816,18.041,17.6866,16.9681,,,,,,,,,,,False,,,"fails 1 (2017-18, 2023-25)",all +10.71% on vs off (+2.81 at a 26.3 line),Saturday
Primetime and kickoff time,saturday,L,by position,rush_yards,True,-0.00022,0.00175,0.01204,0.01436,0.01105,0.01172,18.041,17.6866,16.9681,,,,,,,,,,,False,,,"fails 1 (2019-22, 2023-25)",RB +12.13% on vs off (+4.22 at a 34.8 line); QB +9.31% on vs off (+1.36 at a 14.6 line); other -32.58% on vs off (-1.08 at a 3.3 line),Saturday
Primetime and kickoff time,saturday,L,pooled,rush_carries,True,-0.00171,-0.00019,0.00091,0.00148,0.00148,0.00135,3.0824,2.933,2.8393,,,,,,,,,,,False,,,fails 1 (2023-25),all +6.56% on vs off (+0.45 at a 6.8 line),Saturday
Primetime and kickoff time,saturday,L,by position,rush_carries,True,-0.00191,-0.00032,0.00128,0.00146,0.00143,0.00132,3.0824,2.933,2.8393,,,,,,,,,,,False,,,fails 1 (2023-25),RB +6.56% on vs off (+0.60 at a 9.1 line); QB +1.28% on vs off (+0.05 at a 3.7 line); other +30.61% on vs off (+0.22 at a 0.7 line),Saturday
Primetime and kickoff time,saturday,L,pooled,rush_td,True,0.00048,4e-05,4e-05,0.00022,0.00011,3e-05,0.5136,0.5501,0.5199,,,,,,,,,,,False,,,"fails 1 (2017-18, 2019-22, 2023-25)",all +0.00% on vs off (+0.00 at a 0.2 line),Saturday
Primetime and kickoff time,saturday,L,by position,rush_td,True,0.00064,4e-05,5e-05,0.0003,0.00022,0.00023,0.5136,0.5501,0.5199,,,,,,,,,,,False,,,"fails 1 (2017-18, 2019-22, 2023-25)",RB -8.52% on vs off (-0.02 at a 0.3 line); QB +32.28% on vs off (+0.05 at a 0.2 line); other +101.25% on vs off (+0.02 at a 0.0 line),Saturday
Primetime and kickoff time,saturday,L,pooled,pass_yards,True,0.01693,0.0107,0.00675,0.01937,0.01209,0.00765,60.7221,56.5737,56.1092,,,,,,,,,,,False,,,"fails 1 (2017-18, 2019-22, 2023-25)",all +0.00% on vs off (+0.00 at a 228.9 line),Saturday
Primetime and kickoff time,saturday,L,pooled,pass_dropbacks,True,0.01382,0.00275,0.00941,0.00693,0.00265,0.00419,7.5939,7.686,7.7009,,,,,,,,,,,False,,,"fails 1 (2017-18, 2019-22, 2023-25)",all -1.27% on vs off (-0.48 at a 37.7 line),Saturday
Primetime and kickoff time,saturday,L,pooled,pass_td,True,0.00033,7e-05,7e-05,0.0003,0.00012,0.00014,0.8534,0.8376,0.8698,,,,,,,,,,,False,,,"fails 1 (2017-18, 2019-22, 2023-25)",all +2.59% on vs off (+0.04 at a 1.5 line),Saturday
Primetime and kickoff time,saturday,L,pooled,pass_int,True,0.00013,0.00056,6e-05,0.00049,0.00028,7e-05,0.9749,0.9645,0.9458,,,,,,,,,,,False,,,"fails 1 (2017-18, 2019-22, 2023-25)",all +1.28% on vs off (+0.01 at a 0.8 line),Saturday
Primetime and kickoff time,sunday,L,pooled,rec_yards,True,0.00526,0.00055,-0.00072,0.00421,0.00095,0.00119,19.6893,19.131,18.1454,,,,,,,,,,,False,,,"fails 1 (2017-18, 2019-22)",all -1.20% on vs off (-0.30 at a 25.4 line),Sunday
Primetime and kickoff time,sunday,L,by position,rec_yards,True,0.01497,0.00273,1e-05,0.0092,0.0026,0.00253,19.6893,19.131,18.1454,,,,,,,,,,,False,,,"fails 1 (2017-18, 2019-22, 2023-25)",WR -1.79% on vs off (-0.60 at a 33.6 line); TE -2.96% on vs off (-0.62 at a 20.9 line); RB +3.05% on vs off (+0.44 at a 14.3 line); other +63.73% on vs off (+6.08 at a 9.5 line),Sunday
Primetime and kickoff time,sunday,L,pooled,rec_catches,True,0.00024,-5e-05,-0.00032,0.00019,0.00011,0.00021,1.4479,1.4404,1.367,,,,,,,,,,,False,,,fails 1 (2017-18),all -2.38% on vs off (-0.06 at a 2.4 line),Sunday
Primetime and kickoff time,sunday,L,by position,rec_catches,True,0.00024,0.00025,-0.00028,0.00043,0.00018,0.00022,1.4479,1.4404,1.367,,,,,,,,,,,False,,,"fails 1 (2017-18, 2019-22)",WR -1.79% on vs off (-0.05 at a 2.9 line); TE -2.38% on vs off (-0.05 at a 2.1 line); RB -4.70% on vs off (-0.09 at a 1.8 line); other -2.96% on vs off (-0.03 at a 1.2 line),Sunday
Primetime and kickoff time,sunday,L,pooled,rec_targets,True,0.00186,1e-05,-0.00019,0.00087,6e-05,0.00013,1.8752,1.8257,1.7128,,,,,,,,,,,False,,,"fails 1 (2017-18, 2019-22)",all -1.20% on vs off (-0.05 at a 4.0 line),Sunday
Primetime and kickoff time,sunday,L,by position,rec_targets,True,0.00176,0.00044,-0.00014,0.00098,0.00032,0.00018,1.8752,1.8257,1.7128,,,,,,,,,,,False,,,"fails 1 (2017-18, 2019-22)",WR -1.20% on vs off (-0.06 at a 5.0 line); TE +0.00% on vs off (+0.00 at a 3.4 line); RB -1.79% on vs off (-0.05 at a 2.7 line); other -31.53% on vs off (-0.56 at a 1.8 line),Sunday
Primetime and kickoff time,sunday,L,pooled,rec_td,True,-3e-05,4e-05,2e-05,0.00018,7e-05,4e-05,0.5007,0.4919,0.4727,,,,,,,,,,,False,,,"fails 1 (2019-22, 2023-25)",all -2.38% on vs off (-0.00 at a 0.2 line),Sunday
Primetime and kickoff time,sunday,L,by position,rec_td,True,-0.0,-2e-05,0.00017,0.00027,0.00013,9e-05,0.5007,0.4919,0.4727,,,,,,,,,,,False,,,"fails 1 (2017-18, 2023-25)",WR +0.00% on vs off (+0.00 at a 0.2 line); TE -8.07% on vs off (-0.02 at a 0.2 line); RB +1.82% on vs off (+0.00 at a 0.1 line); other -51.40% on vs off (-0.05 at a 0.1 line),Sunday
Primetime and kickoff time,sunday,L,pooled,rush_yards,True,-0.0015,-0.00281,0.00754,0.003,0.00632,0.0051,18.041,17.6866,16.9681,,,,,,,,,,,False,,,fails 1 (2023-25),all +1.84% on vs off (+0.48 at a 26.3 line),Sunday
Primetime and kickoff time,sunday,L,by position,rush_yards,True,-0.00065,0.00462,0.01083,0.01382,0.00692,0.00575,18.041,17.6866,16.9681,,,,,,,,,,,False,,,"fails 1 (2019-22, 2023-25)",RB +1.84% on vs off (+0.64 at a 34.8 line); QB -1.21% on vs off (-0.18 at a 14.6 line); other +3.08% on vs off (+0.10 at a 3.3 line),Sunday
Primetime and kickoff time,sunday,L,pooled,rush_carries,True,5e-05,0.00034,0.00036,0.00125,0.00043,0.00035,3.0824,2.933,2.8393,,,,,,,,,,,False,,,"fails 1 (2017-18, 2019-22, 2023-25)",all -1.21% on vs off (-0.08 at a 6.8 line),Sunday
Primetime and kickoff time,sunday,L,by position,rush_carries,True,0.00081,0.00066,0.00014,0.0022,0.00044,0.00039,3.0824,2.933,2.8393,,,,,,,,,,,False,,,"fails 1 (2017-18, 2019-22, 2023-25)",RB -0.60% on vs off (-0.06 at a 9.1 line); QB -2.99% on vs off (-0.11 at a 3.7 line); other -7.58% on vs off (-0.05 at a 0.7 line),Sunday
Primetime and kickoff time,sunday,L,pooled,rush_td,True,-0.0,0.00015,0.0,0.00029,0.0001,1e-05,0.5136,0.5501,0.5199,,,,,,,,,,,False,,,"fails 1 (2017-18, 2019-22, 2023-25)",all +1.22% on vs off (+0.00 at a 0.2 line),Sunday
Primetime and kickoff time,sunday,L,by position,rush_td,True,0.00018,0.00028,-7e-05,0.00047,0.00034,0.00028,0.5136,0.5501,0.5199,,,,,,,,,,,False,,,"fails 1 (2017-18, 2019-22)",RB +1.22% on vs off (+0.00 at a 0.3 line); QB -2.99% on vs off (-0.00 at a 0.2 line); other +106.98% on vs off (+0.02 at a 0.0 line),Sunday
Primetime and kickoff time,sunday,L,pooled,pass_yards,True,0.00488,0.00424,0.0234,0.01175,0.02261,0.02716,60.7221,56.5737,56.1092,,,,,,,,,,,False,,,"fails 1 (2017-18, 2019-22, 2023-25)",all +0.62% on vs off (+1.41 at a 228.9 line),Sunday
Primetime and kickoff time,sunday,L,pooled,pass_dropbacks,True,-0.00392,0.00316,-0.00416,0.00693,0.00442,0.00379,7.5939,7.686,7.7009,,,,,,,,,,,False,,,fails 1 (2019-22),all -1.22% on vs off (-0.46 at a 37.7 line),Sunday
Primetime and kickoff time,sunday,L,pooled,pass_td,True,-3e-05,0.0004,2e-05,0.00077,0.0003,7e-05,0.8534,0.8376,0.8698,,,,,,,,,,,False,,,"fails 1 (2019-22, 2023-25)",all +0.62% on vs off (+0.01 at a 1.5 line),Sunday
Primetime and kickoff time,sunday,L,pooled,pass_int,True,0.00128,0.00064,6e-05,0.00179,0.00024,0.00016,0.9749,0.9645,0.9458,,,,,,,,,,,False,,,"fails 1 (2017-18, 2019-22, 2023-25)",all -1.83% on vs off (-0.01 at a 0.8 line),Sunday
Primetime and kickoff time,monday,L,pooled,rec_yards,True,0.00518,0.0001,9e-05,0.00407,0.00075,0.00126,19.6893,19.131,18.1454,,,,,,,,,,,False,,,"fails 1 (2017-18, 2019-22, 2023-25)",all -1.81% on vs off (-0.46 at a 25.4 line),Monday
Primetime and kickoff time,monday,L,by position,rec_yards,True,0.01898,0.00381,-0.00347,0.01027,0.00435,0.00294,19.6893,19.131,18.1454,,,,,,,,,,,False,,,"fails 1 (2017-18, 2019-22)",WR -3.59% on vs off (-1.21 at a 33.6 line); TE +0.92% on vs off (+0.19 at a 20.9 line); RB +7.59% on vs off (+1.08 at a 14.3 line); other -66.64% on vs off (-6.36 at a 9.5 line),Monday
Primetime and kickoff time,monday,L,pooled,rec_catches,True,7e-05,5e-05,-1e-05,0.00018,7e-05,7e-05,1.4479,1.4404,1.367,,,,,,,,,,,False,,,"fails 1 (2017-18, 2019-22)",all +0.92% on vs off (+0.02 at a 2.4 line),Monday
Primetime and kickoff time,monday,L,by position,rec_catches,True,5e-05,-8e-05,-0.00042,0.00045,0.00021,0.00026,1.4479,1.4404,1.367,,,,,,,,,,,False,,,fails 1 (2017-18),WR -2.71% on vs off (-0.08 at a 2.9 line); TE +1.85% on vs off (+0.04 at a 2.1 line); RB +12.63% on vs off (+0.23 at a 1.8 line); other -50.56% on vs off (-0.59 at a 1.2 line),Monday
Primetime and kickoff time,monday,L,pooled,rec_targets,True,0.00035,7e-05,7e-05,0.00048,0.00012,9e-05,1.8752,1.8257,1.7128,,,,,,,,,,,False,,,"fails 1 (2017-18, 2019-22, 2023-25)",all +0.92% on vs off (+0.04 at a 4.0 line),Monday
Primetime and kickoff time,monday,L,by position,rec_targets,True,-0.00043,0.00035,0.0001,0.00121,0.00057,0.0004,1.8752,1.8257,1.7128,,,,,,,,,,,False,,,"fails 1 (2019-22, 2023-25)",WR -1.81% on vs off (-0.09 at a 5.0 line); TE +2.78% on vs off (+0.10 at a 3.4 line); RB +8.58% on vs off (+0.24 at a 2.7 line); other +49.57% on vs off (+0.88 at a 1.8 line),Monday
Primetime and kickoff time,monday,L,pooled,rec_td,True,8e-05,2e-05,2e-05,9e-05,2e-05,5e-05,0.5007,0.4919,0.4727,,,,,,,,,,,False,,,"fails 1 (2017-18, 2019-22, 2023-25)",all -4.47% on vs off (-0.01 at a 0.2 line),Monday
Primetime and kickoff time,monday,L,by position,rec_td,True,2e-05,-1e-05,0.00026,0.00016,0.00012,0.00012,0.5007,0.4919,0.4727,,,,,,,,,,,False,,,"fails 1 (2017-18, 2023-25)",WR -8.74% on vs off (-0.02 at a 0.2 line); TE +5.64% on vs off (+0.01 at a 0.2 line); RB -0.91% on vs off (-0.00 at a 0.1 line); other +111.75% on vs off (+0.12 at a 0.1 line),Monday
Primetime and kickoff time,monday,L,pooled,rush_yards,True,-0.00937,-0.00899,0.01264,0.01263,0.00757,0.00849,18.041,17.6866,16.9681,,,,,,,,,,,False,,,fails 1 (2023-25),all -4.44% on vs off (-1.17 at a 26.3 line),Monday
Primetime and kickoff time,monday,L,by position,rush_yards,True,-0.01271,-0.0049,0.00443,0.01621,0.00998,0.01009,18.041,17.6866,16.9681,,,,,,,,,,,False,,,fails 1 (2023-25),RB -6.16% on vs off (-2.15 at a 34.8 line); QB +12.53% on vs off (+1.83 at a 14.6 line); other +19.92% on vs off (+0.66 at a 3.3 line),Monday
Primetime and kickoff time,monday,L,pooled,rush_carries,True,0.00362,-7e-05,0.00224,0.0057,0.00127,0.00103,3.0824,2.933,2.8393,,,,,,,,,,,False,,,"fails 1 (2017-18, 2023-25)",all -0.90% on vs off (-0.06 at a 6.8 line),Monday
Primetime and kickoff time,monday,L,by position,rush_carries,True,0.00461,0.00053,0.00189,0.00432,0.00127,0.00111,3.0824,2.933,2.8393,,,,,,,,,,,False,,,"fails 1 (2017-18, 2019-22, 2023-25)",RB -0.90% on vs off (-0.08 at a 9.1 line); QB +3.70% on vs off (+0.14 at a 3.7 line); other -13.52% on vs off (-0.10 at a 0.7 line),Monday
Primetime and kickoff time,monday,L,pooled,rush_td,True,0.0003,-2e-05,0.0001,0.00034,8e-05,0.00011,0.5136,0.5501,0.5199,,,,,,,,,,,False,,,"fails 1 (2017-18, 2023-25)",all -4.44% on vs off (-0.01 at a 0.2 line),Monday
Primetime and kickoff time,monday,L,by position,rush_td,True,0.00038,-8e-05,0.00011,0.00046,0.0002,0.00031,0.5136,0.5501,0.5199,,,,,,,,,,,False,,,"fails 1 (2017-18, 2023-25)",RB -2.69% on vs off (-0.01 at a 0.3 line); QB -10.32% on vs off (-0.02 at a 0.2 line); other -66.37% on vs off (-0.01 at a 0.0 line),Monday
Primetime and kickoff time,monday,L,pooled,pass_yards,True,-0.06159,0.07911,-0.0109,0.10181,0.03969,0.03502,60.7221,56.5737,56.1092,,,,,,,,,,,False,,,fails 1 (2019-22),all -1.88% on vs off (-4.31 at a 228.9 line),Monday
Primetime and kickoff time,monday,L,pooled,pass_dropbacks,True,0.01755,0.00444,-0.00093,0.01249,0.00517,0.00241,7.5939,7.686,7.7009,,,,,,,,,,,False,,,"fails 1 (2017-18, 2019-22)",all +0.96% on vs off (+0.36 at a 37.7 line),Monday
Primetime and kickoff time,monday,L,pooled,pass_td,True,0.00106,0.00016,-0.00011,0.00064,0.00013,0.00033,0.8534,0.8376,0.8698,,,,,,,,,,,False,,,"fails 1 (2017-18, 2019-22)",all -5.55% on vs off (-0.08 at a 1.5 line),Monday
Primetime and kickoff time,monday,L,pooled,pass_int,True,0.00099,0.00068,-0.00054,0.0017,0.00028,0.00038,0.9749,0.9645,0.9458,,,,,,,,,,,False,,,"fails 1 (2017-18, 2019-22)",all +8.94% on vs off (+0.07 at a 0.8 line),Monday
Primetime and kickoff time,west_team_1pm,L,pooled,rec_yards,True,0.00272,0.00062,0.00034,0.00211,0.00217,0.00119,19.6893,19.131,18.1454,,,,,,,,,,,False,,,"fails 1 (2017-18, 2019-22, 2023-25)",all -1.12% on vs off (-0.28 at a 25.4 line),a Pacific/Mountain team away at 1 PM ET (body clock 10 AM)
Primetime and kickoff time,west_team_1pm,L,by position,rec_yards,True,0.00579,0.00281,0.00274,0.00649,0.00432,0.0043,19.6893,19.131,18.1454,,,,,,,,,,,False,,,"fails 1 (2017-18, 2019-22, 2023-25)",WR +2.28% on vs off (+0.76 at a 33.6 line); TE -12.64% on vs off (-2.64 at a 20.9 line); RB -2.23% on vs off (-0.32 at a 14.3 line); other -10.65% on vs off (-1.02 at a 9.5 line),a Pacific/Mountain team away at 1 PM ET (body clock 10 AM)
Primetime and kickoff time,west_team_1pm,L,pooled,rec_catches,True,0.0001,-1e-05,2e-05,0.00018,5e-05,4e-05,1.4479,1.4404,1.367,,,,,,,,,,,False,,,"fails 1 (2017-18, 2023-25)",all +0.00% on vs off (+0.00 at a 2.4 line),a Pacific/Mountain team away at 1 PM ET (body clock 10 AM)
Primetime and kickoff time,west_team_1pm,L,by position,rec_catches,True,0.0002,-1e-05,7e-05,0.00058,0.00012,0.00021,1.4479,1.4404,1.367,,,,,,,,,,,False,,,"fails 1 (2017-18, 2023-25)",WR +2.28% on vs off (+0.07 at a 2.9 line); TE -5.47% on vs off (-0.12 at a 2.1 line); RB -5.47% on vs off (-0.10 at a 1.8 line); other +286.17% on vs off (+3.33 at a 1.2 line),a Pacific/Mountain team away at 1 PM ET (body clock 10 AM)
Primetime and kickoff time,west_team_1pm,L,pooled,rec_targets,True,-9e-05,0.00023,-1e-05,0.00055,0.00016,0.0001,1.8752,1.8257,1.7128,,,,,,,,,,,False,,,fails 1 (2019-22),all -1.12% on vs off (-0.04 at a 4.0 line),a Pacific/Mountain team away at 1 PM ET (body clock 10 AM)
Primetime and kickoff time,west_team_1pm,L,by position,rec_targets,True,0.00033,0.00032,8e-05,0.00081,0.00031,0.00031,1.8752,1.8257,1.7128,,,,,,,,,,,False,,,"fails 1 (2017-18, 2019-22, 2023-25)",WR +2.28% on vs off (+0.11 at a 5.0 line); TE -6.53% on vs off (-0.22 at a 3.4 line); RB -2.23% on vs off (-0.06 at a 2.7 line); other +46.64% on vs off (+0.83 at a 1.8 line),a Pacific/Mountain team away at 1 PM ET (body clock 10 AM)
Primetime and kickoff time,west_team_1pm,L,pooled,rec_td,True,0.0004,0.0,-0.0,0.00024,2e-05,2e-05,0.5007,0.4919,0.4727,,,,,,,,,,,False,,,"fails 1 (2017-18, 2019-22, 2023-25)",all +2.28% on vs off (+0.00 at a 0.2 line),a Pacific/Mountain team away at 1 PM ET (body clock 10 AM)
Primetime and kickoff time,west_team_1pm,L,by position,rec_td,True,0.00062,0.0002,2e-05,0.0003,0.00011,5e-05,0.5007,0.4919,0.4727,,,,,,,,,,,False,,,"fails 1 (2017-18, 2019-22, 2023-25)",WR +1.13% on vs off (+0.00 at a 0.2 line); TE -2.23% on vs off (-0.00 at a 0.2 line); RB +17.07% on vs off (+0.01 at a 0.1 line); other +103.26% on vs off (+0.11 at a 0.1 line),a Pacific/Mountain team away at 1 PM ET (body clock 10 AM)
Primetime and kickoff time,west_team_1pm,L,pooled,rush_yards,True,0.02088,0.00038,6e-05,0.01361,0.00068,0.00214,18.041,17.6866,16.9681,,,,,,,,,,,False,,,"fails 1 (2017-18, 2019-22, 2023-25)",all -3.42% on vs off (-0.90 at a 26.3 line),a Pacific/Mountain team away at 1 PM ET (body clock 10 AM)
Primetime and kickoff time,west_team_1pm,L,by position,rush_yards,True,0.01863,0.00806,0.0018,0.01496,0.00486,0.00423,18.041,17.6866,16.9681,,,,,,,,,,,False,,,"fails 1 (2017-18, 2019-22, 2023-25)",RB -1.15% on vs off (-0.40 at a 34.8 line); QB -15.96% on vs off (-2.33 at a 14.6 line); other -5.63% on vs off (-0.19 at a 3.3 line),a Pacific/Mountain team away at 1 PM ET (body clock 10 AM)
Primetime and kickoff time,west_team_1pm,L,pooled,rush_carries,True,0.00425,0.00033,-0.00032,0.00272,0.00041,0.00044,3.0824,2.933,2.8393,,,,,,,,,,,False,,,"fails 1 (2017-18, 2019-22)",all -3.42% on vs off (-0.23 at a 6.8 line),a Pacific/Mountain team away at 1 PM ET (body clock 10 AM)
Primetime and kickoff time,west_team_1pm,L,by position,rush_carries,True,0.00634,0.00101,-0.00028,0.00326,0.00082,0.00048,3.0824,2.933,2.8393,,,,,,,,,,,False,,,"fails 1 (2017-18, 2019-22)",RB -3.42% on vs off (-0.31 at a 9.1 line); QB -5.63% on vs off (-0.21 at a 3.7 line); other +14.92% on vs off (+0.11 at a 0.7 line),a Pacific/Mountain team away at 1 PM ET (body clock 10 AM)
Primetime and kickoff time,west_team_1pm,L,pooled,rush_td,True,0.00162,0.00024,-7e-05,0.00087,0.00016,6e-05,0.5136,0.5501,0.5199,,,,,,,,,,,False,,,"fails 1 (2017-18, 2019-22)",all -7.79% on vs off (-0.02 at a 0.2 line),a Pacific/Mountain team away at 1 PM ET (body clock 10 AM)
Primetime and kickoff time,west_team_1pm,L,by position,rush_td,True,0.0018,0.00035,7e-05,0.00087,0.00026,0.00023,0.5136,0.5501,0.5199,,,,,,,,,,,False,,,"fails 1 (2017-18, 2019-22, 2023-25)",RB -8.86% on vs off (-0.02 at a 0.3 line); QB -1.15% on vs off (-0.00 at a 0.2 line); other -75.12% on vs off (-0.02 at a 0.0 line),a Pacific/Mountain team away at 1 PM ET (body clock 10 AM)
Primetime and kickoff time,west_team_1pm,L,pooled,pass_yards,True,0.0102,-0.02961,0.02856,0.04123,0.03557,0.04542,60.7221,56.5737,56.1092,,,,,,,,,,,False,,,"fails 1 (2017-18, 2023-25)",all +3.50% on vs off (+8.02 at a 228.9 line),a Pacific/Mountain team away at 1 PM ET (body clock 10 AM)
Primetime and kickoff time,west_team_1pm,L,pooled,pass_dropbacks,True,0.00891,0.00628,0.0,0.01535,0.00433,0.0,7.5939,7.686,7.7009,,,,,,,,,,,False,,,"fails 1 (2017-18, 2019-22, 2023-25)",all -1.14% on vs off (-0.43 at a 37.7 line),a Pacific/Mountain team away at 1 PM ET (body clock 10 AM)
Primetime and kickoff time,west_team_1pm,L,pooled,pass_td,True,0.00337,-0.0,1e-05,0.00181,0.00028,0.00023,0.8534,0.8376,0.8698,,,,,,,,,,,False,,,"fails 1 (2017-18, 2019-22, 2023-25)",all +4.70% on vs off (+0.07 at a 1.5 line),a Pacific/Mountain team away at 1 PM ET (body clock 10 AM)
Primetime and kickoff time,west_team_1pm,L,pooled,pass_int,True,0.00013,0.00039,1e-05,0.00111,0.00021,0.00013,0.9749,0.9645,0.9458,,,,,,,,,,,False,,,"fails 1 (2017-18, 2019-22, 2023-25)",all -3.38% on vs off (-0.03 at a 0.8 line),a Pacific/Mountain team away at 1 PM ET (body clock 10 AM)
Primetime and kickoff time,east_team_late_west,L,pooled,rec_yards,True,-0.00144,0.0046,-0.00131,0.00177,0.00265,0.0022,19.6893,19.131,18.1454,,,,,,,,,,,False,,,fails 1 (2019-22),all -8.47% on vs off (-2.15 at a 25.4 line),"an Eastern team at a Pacific venue, kickoff 8 PM ET or later"
Primetime and kickoff time,east_team_late_west,L,by position,rec_yards,True,-0.0063,-0.00071,0.00678,0.00691,0.00502,0.0066,19.6893,19.131,18.1454,,,,,,,,,,,False,,,fails 1 (2023-25),WR +0.00% on vs off (+0.00 at a 33.6 line); TE -42.92% on vs off (-8.98 at a 20.9 line); RB -13.72% on vs off (-1.96 at a 14.3 line); other +3350.93% on vs off (+319.78 at a 9.5 line),"an Eastern team at a Pacific venue, kickoff 8 PM ET or later"
Primetime and kickoff time,east_team_late_west,L,pooled,rec_catches,True,-0.0003,0.00054,0.00021,0.00029,0.00039,0.00017,1.4479,1.4404,1.367,,,,,,,,,,,False,,,"fails 1 (2019-22, 2023-25)",all -2.91% on vs off (-0.07 at a 2.4 line),"an Eastern team at a Pacific venue, kickoff 8 PM ET or later"
Primetime and kickoff time,east_team_late_west,L,by position,rec_catches,True,-0.00036,0.00101,0.00042,0.00043,0.00054,0.00031,1.4479,1.4404,1.367,,,,,,,,,,,False,,,"fails 1 (2019-22, 2023-25)",WR +0.00% on vs off (+0.00 at a 2.9 line); TE -11.13% on vs off (-0.24 at a 2.1 line); RB -13.72% on vs off (-0.25 at a 1.8 line); other -97.10% on vs off (-1.13 at a 1.2 line),"an Eastern team at a Pacific venue, kickoff 8 PM ET or later"
Primetime and kickoff time,east_team_late_west,L,pooled,rec_targets,True,-0.00062,0.0006,0.0004,0.00041,0.00051,0.00031,1.8752,1.8257,1.7128,,,,,,,,,,,False,,,"fails 1 (2019-22, 2023-25)",all -2.91% on vs off (-0.12 at a 4.0 line),"an Eastern team at a Pacific venue, kickoff 8 PM ET or later"
Primetime and kickoff time,east_team_late_west,L,by position,rec_targets,True,-0.00084,0.00028,0.00024,0.00046,0.0005,0.00045,1.8752,1.8257,1.7128,,,,,,,,,,,False,,,"fails 1 (2019-22, 2023-25)",WR +2.99% on vs off (+0.15 at a 5.0 line); TE -18.66% on vs off (-0.64 at a 3.4 line); RB -11.13% on vs off (-0.31 at a 2.7 line); other -97.10% on vs off (-1.73 at a 1.8 line),"an Eastern team at a Pacific venue, kickoff 8 PM ET or later"
Primetime and kickoff time,east_team_late_west,L,pooled,rec_td,True,6e-05,1e-05,1e-05,9e-05,2e-05,4e-05,0.5007,0.4919,0.4727,,,,,,,,,,,False,,,"fails 1 (2017-18, 2019-22, 2023-25)",all -8.47% on vs off (-0.02 at a 0.2 line),"an Eastern team at a Pacific venue, kickoff 8 PM ET or later"
Primetime and kickoff time,east_team_late_west,L,by position,rec_td,True,0.0001,0.00025,-0.00018,0.00029,0.00016,0.00012,0.5007,0.4919,0.4727,,,,,,,,,,,False,,,"fails 1 (2017-18, 2019-22)",WR +12.53% on vs off (+0.03 at a 0.2 line); TE -62.24% on vs off (-0.12 at a 0.2 line); RB -83.47% on vs off (-0.07 at a 0.1 line); other -97.10% on vs off (-0.10 at a 0.1 line),"an Eastern team at a Pacific venue, kickoff 8 PM ET or later"
Primetime and kickoff time,east_team_late_west,L,pooled,rush_yards,True,0.03698,0.00022,0.0039,0.01823,0.00417,0.004,18.041,17.6866,16.9681,,,,,,,,,,,False,,,"fails 1 (2017-18, 2019-22, 2023-25)",all -5.20% on vs off (-1.37 at a 26.3 line),"an Eastern team at a Pacific venue, kickoff 8 PM ET or later"
Primetime and kickoff time,east_team_late_west,L,by position,rush_yards,True,0.03972,0.00471,0.00922,0.02612,0.01064,0.00582,18.041,17.6866,16.9681,,,,,,,,,,,False,,,"fails 1 (2017-18, 2019-22, 2023-25)",RB -7.70% on vs off (-2.68 at a 34.8 line); QB +8.34% on vs off (+1.22 at a 14.6 line); other -50.07% on vs off (-1.66 at a 3.3 line),"an Eastern team at a Pacific venue, kickoff 8 PM ET or later"
Primetime and kickoff time,east_team_late_west,L,pooled,rush_carries,True,0.01247,0.00153,0.00203,0.00361,0.00087,0.00098,3.0824,2.933,2.8393,,,,,,,,,,,False,,,"fails 1 (2017-18, 2019-22, 2023-25)",all +8.34% on vs off (+0.57 at a 6.8 line),"an Eastern team at a Pacific venue, kickoff 8 PM ET or later"
Primetime and kickoff time,east_team_late_west,L,by position,rush_carries,True,0.01289,0.00217,0.00252,0.00372,0.00113,0.00134,3.0824,2.933,2.8393,,,,,,,,,,,False,,,"fails 1 (2017-18, 2019-22, 2023-25)",RB +8.34% on vs off (+0.76 at a 9.1 line); QB +14.29% on vs off (+0.52 at a 3.7 line); other -88.20% on vs off (-0.64 at a 0.7 line),"an Eastern team at a Pacific venue, kickoff 8 PM ET or later"
Primetime and kickoff time,east_team_late_west,L,pooled,rush_td,True,0.00098,-3e-05,7e-05,0.00047,6e-05,0.00011,0.5136,0.5501,0.5199,,,,,,,,,,,False,,,"fails 1 (2017-18, 2023-25)",all -12.50% on vs off (-0.03 at a 0.2 line),"an Eastern team at a Pacific venue, kickoff 8 PM ET or later"
Primetime and kickoff time,east_team_late_west,L,by position,rush_td,True,0.0013,0.00014,0.00012,0.0005,0.0002,0.00021,0.5136,0.5501,0.5199,,,,,,,,,,,False,,,"fails 1 (2017-18, 2019-22, 2023-25)",RB -25.46% on vs off (-0.07 at a 0.3 line); QB +20.56% on vs off (+0.03 at a 0.2 line); other +747.63% on vs off (+0.16 at a 0.0 line),"an Eastern team at a Pacific venue, kickoff 8 PM ET or later"
Primetime and kickoff time,east_team_late_west,L,pooled,pass_yards,True,0.01842,0.03514,-0.02435,0.09653,0.04773,0.03499,60.7221,56.5737,56.1092,,,,,,,,,,,False,,,"fails 1 (2017-18, 2019-22)",all -8.27% on vs off (-18.92 at a 228.9 line),"an Eastern team at a Pacific venue, kickoff 8 PM ET or later"
Primetime and kickoff time,east_team_late_west,L,pooled,pass_dropbacks,True,0.01973,-0.00086,0.0013,0.01809,0.01111,0.00952,7.5939,7.686,7.7009,,,,,,,,,,,False,,,"fails 1 (2017-18, 2023-25)",all -5.59% on vs off (-2.11 at a 37.7 line),"an Eastern team at a Pacific venue, kickoff 8 PM ET or later"
Primetime and kickoff time,east_team_late_west,L,pooled,pass_td,True,0.0002,0.00011,-5e-05,0.0002,0.00021,0.00012,0.8534,0.8376,0.8698,,,,,,,,,,,False,,,"fails 1 (2017-18, 2019-22)",all -8.27% on vs off (-0.12 at a 1.5 line),"an Eastern team at a Pacific venue, kickoff 8 PM ET or later"
Primetime and kickoff time,east_team_late_west,L,pooled,pass_int,True,1e-05,0.00021,0.00069,5e-05,0.00038,0.00044,0.9749,0.9645,0.9458,,,,,,,,,,,False,,,"fails 1 (2017-18, 2019-22, 2023-25)",all +5.92% on vs off (+0.05 at a 0.8 line),"an Eastern team at a Pacific venue, kickoff 8 PM ET or later"
Primetime and kickoff time,body_clock_hour,L,pooled,rec_yards,True,0.00264,-7e-05,0.00147,0.00355,0.00104,0.00158,19.6893,19.131,18.1454,,,,,,,,,,,False,,,"fails 1 (2017-18, 2023-25)",all -0.23% per sd (2.9) (-0.06 at a 25.4 line),"kickoff hour on the team's home clock, per hour"
Primetime and kickoff time,body_clock_hour,L,by position,rec_yards,True,0.00953,0.00178,0.00212,0.00946,0.00201,0.00214,19.6893,19.131,18.1454,,,,,,,,,,,False,,,"fails 1 (2017-18, 2019-22, 2023-25)",WR -0.46% per sd (2.9) (-0.16 at a 33.6 line); TE +0.93% per sd (2.9) (+0.19 at a 20.9 line); RB -1.15% per sd (2.9) (-0.16 at a 14.3 line); other -7.15% per sd (2.9) (-0.68 at a 9.5 line),"kickoff hour on the team's home clock, per hour"
Primetime and kickoff time,body_clock_hour,L,pooled,rec_catches,True,0.00019,2e-05,-2e-05,0.00017,4e-05,4e-05,1.4479,1.4404,1.367,,,,,,,,,,,False,,,"fails 1 (2017-18, 2019-22)",all +0.23% per sd (2.9) (+0.01 at a 2.4 line),"kickoff hour on the team's home clock, per hour"
Primetime and kickoff time,body_clock_hour,L,by position,rec_catches,True,0.00037,0.00018,4e-05,0.00061,0.00021,0.00015,1.4479,1.4404,1.367,,,,,,,,,,,False,,,"fails 1 (2017-18, 2019-22, 2023-25)",WR -0.23% per sd (2.9) (-0.01 at a 2.9 line); TE +1.40% per sd (2.9) (+0.03 at a 2.1 line); RB +0.93% per sd (2.9) (+0.02 at a 1.8 line); other +0.93% per sd (2.9) (+0.01 at a 1.2 line),"kickoff hour on the team's home clock, per hour"
Primetime and kickoff time,body_clock_hour,L,pooled,rec_targets,True,-3e-05,0.0002,0.0,0.0006,0.00016,0.0,1.8752,1.8257,1.7128,,,,,,,,,,,False,,,"fails 1 (2019-22, 2023-25)",all +0.23% per sd (2.9) (+0.01 at a 4.0 line),"kickoff hour on the team's home clock, per hour"
Primetime and kickoff time,body_clock_hour,L,by position,rec_targets,True,0.00047,0.00037,-8e-05,0.00074,0.00023,0.00015,1.8752,1.8257,1.7128,,,,,,,,,,,False,,,"fails 1 (2017-18, 2019-22)",WR +0.00% per sd (2.9) (+0.00 at a 5.0 line); TE +0.23% per sd (2.9) (+0.01 at a 3.4 line); RB +0.23% per sd (2.9) (+0.01 at a 2.7 line); other +21.22% per sd (2.9) (+0.38 at a 1.8 line),"kickoff hour on the team's home clock, per hour"
Primetime and kickoff time,body_clock_hour,L,pooled,rec_td,True,5e-05,5e-05,0.0,0.0001,3e-05,2e-05,0.5007,0.4919,0.4727,,,,,,,,,,,False,,,"fails 1 (2017-18, 2019-22, 2023-25)",all -0.69% per sd (2.9) (-0.00 at a 0.2 line),"kickoff hour on the team's home clock, per hour"
Primetime and kickoff time,body_clock_hour,L,by position,rec_td,True,0.00012,-3e-05,2e-05,0.00014,9e-05,9e-05,0.5007,0.4919,0.4727,,,,,,,,,,,False,,,"fails 1 (2017-18, 2023-25)",WR -2.07% per sd (2.9) (-0.01 at a 0.2 line); TE +1.17% per sd (2.9) (+0.00 at a 0.2 line); RB +2.11% per sd (2.9) (+0.00 at a 0.1 line); other +32.08% per sd (2.9) (+0.03 at a 0.1 line),"kickoff hour on the team's home clock, per hour"
Primetime and kickoff time,body_clock_hour,L,pooled,rush_yards,True,0.00232,0.00149,0.00235,0.00697,0.00175,0.00256,18.041,17.6866,16.9681,,,,,,,,,,,False,,,"fails 1 (2017-18, 2019-22, 2023-25)",all -0.23% per sd (2.9) (-0.06 at a 26.3 line),"kickoff hour on the team's home clock, per hour"
Primetime and kickoff time,body_clock_hour,L,by position,rush_yards,True,0.02018,0.00685,0.0021,0.0142,0.00329,0.00278,18.041,17.6866,16.9681,,,,,,,,,,,False,,,"fails 1 (2017-18, 2019-22, 2023-25)",RB -0.69% per sd (2.9) (-0.24 at a 34.8 line); QB +0.69% per sd (2.9) (+0.10 at a 14.6 line); other +5.44% per sd (2.9) (+0.18 at a 3.3 line),"kickoff hour on the team's home clock, per hour"
Primetime and kickoff time,body_clock_hour,L,pooled,rush_carries,True,0.00036,0.00029,0.00028,0.00101,0.00043,0.00021,3.0824,2.933,2.8393,,,,,,,,,,,False,,,"fails 1 (2017-18, 2019-22, 2023-25)",all +0.23% per sd (2.9) (+0.02 at a 6.8 line),"kickoff hour on the team's home clock, per hour"
Primetime and kickoff time,body_clock_hour,L,by position,rush_carries,True,0.00175,0.00013,-0.00107,0.00161,0.00075,0.00089,3.0824,2.933,2.8393,,,,,,,,,,,False,,,"fails 1 (2017-18, 2019-22)",RB -0.46% per sd (2.9) (-0.04 at a 9.1 line); QB +2.57% per sd (2.9) (+0.09 at a 3.7 line); other +2.33% per sd (2.9) (+0.02 at a 0.7 line),"kickoff hour on the team's home clock, per hour"
Primetime and kickoff time,body_clock_hour,L,pooled,rush_td,True,5e-05,-0.0005,0.00057,8e-05,0.00017,0.0003,0.5136,0.5501,0.5199,,,,,,,,,,,False,,,"fails 1 (2017-18, 2023-25)",all -2.73% per sd (2.9) (-0.01 at a 0.2 line),"kickoff hour on the team's home clock, per hour"
Primetime and kickoff time,body_clock_hour,L,by position,rush_td,True,0.00029,-0.00022,0.00052,0.00019,0.00026,0.00038,0.5136,0.5501,0.5199,,,,,,,,,,,False,,,"fails 1 (2017-18, 2023-25)",RB -2.95% per sd (2.9) (-0.01 at a 0.3 line); QB -1.14% per sd (2.9) (-0.00 at a 0.2 line); other -21.48% per sd (2.9) (-0.00 at a 0.0 line),"kickoff hour on the team's home clock, per hour"
Primetime and kickoff time,body_clock_hour,L,pooled,pass_yards,True,0.10879,0.09104,0.02842,0.15309,0.0427,0.03517,60.7221,56.5737,56.1092,,,,,,,,,,,False,,,"fails 1 (2017-18, 2019-22, 2023-25)",all -0.47% per sd (2.91) (-1.07 at a 228.9 line),"kickoff hour on the team's home clock, per hour"
Primetime and kickoff time,body_clock_hour,L,pooled,pass_dropbacks,True,0.03173,0.00033,0.00237,0.01233,0.001,0.00212,7.5939,7.686,7.7009,,,,,,,,,,,False,,,"fails 1 (2017-18, 2019-22, 2023-25)",all +0.00% per sd (2.91) (+0.00 at a 37.7 line),"kickoff hour on the team's home clock, per hour"
Primetime and kickoff time,body_clock_hour,L,pooled,pass_td,True,0.00063,0.00037,-0.00026,0.0006,0.0002,0.00025,0.8534,0.8376,0.8698,,,,,,,,,,,False,,,"fails 1 (2017-18, 2019-22)",all -1.16% per sd (2.91) (-0.02 at a 1.5 line),"kickoff hour on the team's home clock, per hour"
Primetime and kickoff time,body_clock_hour,L,pooled,pass_int,True,0.0009,0.0008,-1e-05,0.00209,0.00044,0.00013,0.9749,0.9645,0.9458,,,,,,,,,,,False,,,"fails 1 (2017-18, 2019-22)",all +0.70% per sd (2.91) (+0.01 at a 0.8 line),"kickoff hour on the team's home clock, per hour"
Primetime and kickoff time,holiday,L,pooled,rec_yards,True,0.00056,-0.00266,0.00439,0.00226,0.00321,0.0045,19.6893,19.131,18.1454,,,,,,,,,,,False,,,"fails 1 (2017-18, 2023-25)",all +6.44% on vs off (+1.64 at a 25.4 line),"Thanksgiving, Black Friday, Christmas Day"
Primetime and kickoff time,holiday,L,by position,rec_yards,True,0.01944,-0.0004,0.00588,0.0143,0.00585,0.00603,19.6893,19.131,18.1454,,,,,,,,,,,False,,,"fails 1 (2017-18, 2023-25)",WR +13.29% on vs off (+4.46 at a 33.6 line); TE +6.44% on vs off (+1.35 at a 20.9 line); RB -14.44% on vs off (-2.06 at a 14.3 line); other +80.88% on vs off (+7.72 at a 9.5 line),"Thanksgiving, Black Friday, Christmas Day"
Primetime and kickoff time,holiday,L,pooled,rec_catches,True,5e-05,-0.00039,2e-05,4e-05,0.00015,0.00039,1.4479,1.4404,1.367,,,,,,,,,,,False,,,"fails 1 (2017-18, 2023-25)",all +8.11% on vs off (+0.20 at a 2.4 line),"Thanksgiving, Black Friday, Christmas Day"
Primetime and kickoff time,holiday,L,by position,rec_catches,True,0.00139,-0.00033,0.00024,0.00124,0.00026,0.00042,1.4479,1.4404,1.367,,,,,,,,,,,False,,,"fails 1 (2017-18, 2023-25)",WR +8.11% on vs off (+0.23 at a 2.9 line); TE +11.54% on vs off (+0.25 at a 2.1 line); RB +8.11% on vs off (+0.15 at a 1.8 line); other +0.00% on vs off (+0.00 at a 1.2 line),"Thanksgiving, Black Friday, Christmas Day"
Primetime and kickoff time,holiday,L,pooled,rec_targets,True,0.00037,0.00016,-0.00033,0.00041,7e-05,0.00032,1.8752,1.8257,1.7128,,,,,,,,,,,False,,,"fails 1 (2017-18, 2019-22)",all +4.79% on vs off (+0.19 at a 4.0 line),"Thanksgiving, Black Friday, Christmas Day"
Primetime and kickoff time,holiday,L,by position,rec_targets,True,0.00178,0.00036,-0.00025,0.00131,0.00031,0.00041,1.8752,1.8257,1.7128,,,,,,,,,,,False,,,"fails 1 (2017-18, 2019-22)",WR +3.17% on vs off (+0.16 at a 5.0 line); TE +11.54% on vs off (+0.39 at a 3.4 line); RB +6.44% on vs off (+0.18 at a 2.7 line); other +32.41% on vs off (+0.58 at a 1.8 line),"Thanksgiving, Black Friday, Christmas Day"
Primetime and kickoff time,holiday,L,pooled,rec_td,True,-1e-05,0.0,3e-05,3e-05,2e-05,2e-05,0.5007,0.4919,0.4727,,,,,,,,,,,False,,,"fails 1 (2019-22, 2023-25)",all +0.00% on vs off (+0.00 at a 0.2 line),"Thanksgiving, Black Friday, Christmas Day"
Primetime and kickoff time,holiday,L,by position,rec_td,True,0.00039,2e-05,0.0001,0.00024,6e-05,5e-05,0.5007,0.4919,0.4727,,,,,,,,,,,False,,,"fails 1 (2017-18, 2019-22, 2023-25)",WR -1.55% on vs off (-0.00 at a 0.2 line); TE +9.81% on vs off (+0.02 at a 0.2 line); RB -8.93% on vs off (-0.01 at a 0.1 line); other +101.74% on vs off (+0.11 at a 0.1 line),"Thanksgiving, Black Friday, Christmas Day"
Primetime and kickoff time,holiday,L,pooled,rush_yards,True,0.00201,-0.00057,0.00389,0.00576,0.00317,0.00291,18.041,17.6866,16.9681,,,,,,,,,,,False,,,"fails 1 (2017-18, 2023-25)",all -3.28% on vs off (-0.86 at a 26.3 line),"Thanksgiving, Black Friday, Christmas Day"
Primetime and kickoff time,holiday,L,by position,rush_yards,True,0.00936,0.00172,0.00618,0.00872,0.004,0.004,18.041,17.6866,16.9681,,,,,,,,,,,False,,,"fails 1 (2017-18, 2019-22, 2023-25)",RB -3.28% on vs off (-1.14 at a 34.8 line); QB -1.66% on vs off (-0.24 at a 14.6 line); other +64.99% on vs off (+2.15 at a 3.3 line),"Thanksgiving, Black Friday, Christmas Day"
Primetime and kickoff time,holiday,L,pooled,rush_carries,True,0.00215,1e-05,0.00018,0.00228,0.00045,0.00057,3.0824,2.933,2.8393,,,,,,,,,,,False,,,"fails 1 (2017-18, 2019-22, 2023-25)",all -1.66% on vs off (-0.11 at a 6.8 line),"Thanksgiving, Black Friday, Christmas Day"
Primetime and kickoff time,holiday,L,by position,rush_carries,True,0.00255,0.00053,0.00074,0.00228,0.00086,0.00078,3.0824,2.933,2.8393,,,,,,,,,,,False,,,"fails 1 (2017-18, 2019-22, 2023-25)",RB -1.66% on vs off (-0.15 at a 9.1 line); QB -9.53% on vs off (-0.35 at a 3.7 line); other +54.33% on vs off (+0.39 at a 0.7 line),"Thanksgiving, Black Friday, Christmas Day"
Primetime and kickoff time,holiday,L,pooled,rush_td,True,0.0001,0.0002,2e-05,9e-05,0.00012,4e-05,0.5136,0.5501,0.5199,,,,,,,,,,,False,,,"fails 1 (2017-18, 2019-22, 2023-25)",all +1.68% on vs off (+0.00 at a 0.2 line),"Thanksgiving, Black Friday, Christmas Day"
Primetime and kickoff time,holiday,L,by position,rush_td,True,0.00036,0.00053,0.00023,0.00035,0.00034,0.00016,0.5136,0.5501,0.5199,,,,,,,,,,,False,,,"fails 1 (2017-18, 2019-22, 2023-25)",RB -1.66% on vs off (-0.00 at a 0.3 line); QB +14.28% on vs off (+0.02 at a 0.2 line); other -86.50% on vs off (-0.02 at a 0.0 line),"Thanksgiving, Black Friday, Christmas Day"
Primetime and kickoff time,holiday,L,pooled,pass_yards,True,0.03205,0.02327,0.0099,0.06306,0.01354,0.03054,60.7221,56.5737,56.1092,,,,,,,,,,,False,,,"fails 1 (2017-18, 2019-22, 2023-25)",all +1.75% on vs off (+4.00 at a 228.9 line),"Thanksgiving, Black Friday, Christmas Day"
Primetime and kickoff time,holiday,L,pooled,pass_dropbacks,True,0.00761,0.0,-0.00353,0.00338,0.0,0.00247,7.5939,7.686,7.7009,,,,,,,,,,,False,,,"fails 1 (2017-18, 2019-22)",all +1.75% on vs off (+0.66 at a 37.7 line),"Thanksgiving, Black Friday, Christmas Day"
Primetime and kickoff time,holiday,L,pooled,pass_td,True,8e-05,4e-05,0.0001,0.00011,5e-05,0.00013,0.8534,0.8376,0.8698,,,,,,,,,,,False,,,"fails 1 (2017-18, 2019-22, 2023-25)",all -1.72% on vs off (-0.03 at a 1.5 line),"Thanksgiving, Black Friday, Christmas Day"
Primetime and kickoff time,holiday,L,pooled,pass_int,True,0.0003,-0.00024,0.00042,0.00049,0.00023,0.00054,0.9749,0.9645,0.9458,,,,,,,,,,,False,,,"fails 1 (2017-18, 2023-25)",all +9.05% on vs off (+0.07 at a 0.8 line),"Thanksgiving, Black Friday, Christmas Day"
Primetime and kickoff time,international,L,pooled,rec_yards,True,-0.00159,0.00108,-9e-05,0.00182,0.00197,0.00099,19.6893,19.131,18.1454,,,,,,,,,,,False,,,fails 1 (2019-22),all -3.13% on vs off (-0.80 at a 25.4 line),"London, Germany, Mexico, Brazil and the other foreign venues"
Primetime and kickoff time,international,L,by position,rec_yards,True,0.0163,0.00505,0.00189,0.01209,0.00397,0.00302,19.6893,19.131,18.1454,,,,,,,,,,,False,,,"fails 1 (2017-18, 2019-22, 2023-25)",WR -6.17% on vs off (-2.07 at a 33.6 line); TE -7.65% on vs off (-1.60 at a 20.9 line); RB +19.14% on vs off (+2.73 at a 14.3 line); other +575.77% on vs off (+54.95 at a 9.5 line),"London, Germany, Mexico, Brazil and the other foreign venues"
Primetime and kickoff time,international,L,pooled,rec_catches,True,0.00043,5e-05,0.0,0.00035,5e-05,0.0,1.4479,1.4404,1.367,,,,,,,,,,,False,,,"fails 1 (2017-18, 2019-22, 2023-25)",all +0.00% on vs off (+0.00 at a 2.4 line),"London, Germany, Mexico, Brazil and the other foreign venues"
Primetime and kickoff time,international,L,by position,rec_catches,True,0.00023,0.0002,0.00053,0.0009,0.00033,0.00025,1.4479,1.4404,1.367,,,,,,,,,,,False,,,"fails 1 (2017-18, 2019-22, 2023-25)",WR -3.13% on vs off (-0.09 at a 2.9 line); TE +4.89% on vs off (+0.10 at a 2.1 line); RB +10.02% on vs off (+0.18 at a 1.8 line); other -85.20% on vs off (-0.99 at a 1.2 line),"London, Germany, Mexico, Brazil and the other foreign venues"
Primetime and kickoff time,international,L,pooled,rec_targets,True,0.00013,-1e-05,3e-05,0.00021,5e-05,5e-05,1.8752,1.8257,1.7128,,,,,,,,,,,False,,,"fails 1 (2017-18, 2023-25)",all +0.00% on vs off (+0.00 at a 4.0 line),"London, Germany, Mexico, Brazil and the other foreign venues"
Primetime and kickoff time,international,L,by position,rec_targets,True,-0.0001,-0.0002,0.00078,0.00077,0.00043,0.00032,1.8752,1.8257,1.7128,,,,,,,,,,,False,,,fails 1 (2023-25),WR -1.58% on vs off (-0.08 at a 5.0 line); TE +3.24% on vs off (+0.11 at a 3.4 line); RB +15.41% on vs off (+0.42 at a 2.7 line); other -85.20% on vs off (-1.52 at a 1.8 line),"London, Germany, Mexico, Brazil and the other foreign venues"
Primetime and kickoff time,international,L,pooled,rec_td,True,0.0,-1e-05,2e-05,2e-05,2e-05,4e-05,0.5007,0.4919,0.4727,,,,,,,,,,,False,,,"fails 1 (2017-18, 2023-25)",all -4.66% on vs off (-0.01 at a 0.2 line),"London, Germany, Mexico, Brazil and the other foreign venues"
Primetime and kickoff time,international,L,by position,rec_td,True,0.00022,-0.0,7e-05,0.00023,4e-05,4e-05,0.5007,0.4919,0.4727,,,,,,,,,,,False,,,"fails 1 (2017-18, 2019-22, 2023-25)",WR -3.13% on vs off (-0.01 at a 0.2 line); TE -4.66% on vs off (-0.01 at a 0.2 line); RB -9.11% on vs off (-0.01 at a 0.1 line); other -85.20% on vs off (-0.09 at a 0.1 line),"London, Germany, Mexico, Brazil and the other foreign venues"
Primetime and kickoff time,international,L,pooled,rush_yards,True,0.00345,0.00292,0.00075,0.00517,0.00356,0.00131,18.041,17.6866,16.9681,,,,,,,,,,,False,,,"fails 1 (2017-18, 2019-22, 2023-25)",all +6.61% on vs off (+1.73 at a 26.3 line),"London, Germany, Mexico, Brazil and the other foreign venues"
Primetime and kickoff time,international,L,by position,rush_yards,True,-0.00354,0.01055,-0.00121,0.00636,0.0079,0.00545,18.041,17.6866,16.9681,,,,,,,,,,,False,,,fails 1 (2019-22),RB -1.59% on vs off (-0.55 at a 34.8 line); QB +37.70% on vs off (+5.50 at a 14.6 line); other +105.41% on vs off (+3.49 at a 3.3 line),"London, Germany, Mexico, Brazil and the other foreign venues"
Primetime and kickoff time,international,L,pooled,rush_carries,True,0.00034,-0.00044,0.00094,0.00073,0.00069,0.00073,3.0824,2.933,2.8393,,,,,,,,,,,False,,,"fails 1 (2017-18, 2023-25)",all -4.69% on vs off (-0.32 at a 6.8 line),"London, Germany, Mexico, Brazil and the other foreign venues"
Primetime and kickoff time,international,L,by position,rush_carries,True,-0.00081,0.0012,0.00066,0.00085,0.00098,0.00081,3.0824,2.933,2.8393,,,,,,,,,,,False,,,"fails 1 (2019-22, 2023-25)",RB -4.69% on vs off (-0.43 at a 9.1 line); QB +4.92% on vs off (+0.18 at a 3.7 line); other -85.33% on vs off (-0.62 at a 0.7 line),"London, Germany, Mexico, Brazil and the other foreign venues"
Primetime and kickoff time,international,L,pooled,rush_td,True,0.00075,8e-05,4e-05,0.00033,7e-05,3e-05,0.5136,0.5501,0.5199,,,,,,,,,,,False,,,"fails 1 (2017-18, 2019-22, 2023-25)",all -3.15% on vs off (-0.01 at a 0.2 line),"London, Germany, Mexico, Brazil and the other foreign venues"
Primetime and kickoff time,international,L,by position,rush_td,True,0.00054,0.00039,-0.00027,0.00037,0.00016,0.00017,0.5136,0.5501,0.5199,,,,,,,,,,,False,,,"fails 1 (2017-18, 2019-22)",RB +0.00% on vs off (+0.00 at a 0.3 line); QB -85.33% on vs off (-0.14 at a 0.2 line); other +102.15% on vs off (+0.02 at a 0.0 line),"London, Germany, Mexico, Brazil and the other foreign venues"
Primetime and kickoff time,international,L,pooled,pass_yards,True,0.02772,-0.01316,0.01005,0.04218,0.01929,0.02678,60.7221,56.5737,56.1092,,,,,,,,,,,False,,,"fails 1 (2017-18, 2023-25)",all +3.10% on vs off (+7.09 at a 228.9 line),"London, Germany, Mexico, Brazil and the other foreign venues"
Primetime and kickoff time,international,L,pooled,pass_dropbacks,True,0.01349,0.00364,0.00435,0.01873,0.00774,0.00427,7.5939,7.686,7.7009,,,,,,,,,,,False,,,"fails 1 (2017-18, 2019-22, 2023-25)",all +1.54% on vs off (+0.58 at a 37.7 line),"London, Germany, Mexico, Brazil and the other foreign venues"
Primetime and kickoff time,international,L,pooled,pass_td,True,4e-05,4e-05,3e-05,0.0003,0.00012,0.00014,0.8534,0.8376,0.8698,,,,,,,,,,,False,,,"fails 1 (2017-18, 2019-22, 2023-25)",all -4.47% on vs off (-0.07 at a 1.5 line),"London, Germany, Mexico, Brazil and the other foreign venues"
Primetime and kickoff time,international,L,pooled,pass_int,True,0.0008,5e-05,-4e-05,0.00062,0.00015,0.0001,0.9749,0.9645,0.9458,,,,,,,,,,,False,,,"fails 1 (2017-18, 2019-22)",all +11.26% on vs off (+0.09 at a 0.8 line),"London, Germany, Mexico, Brazil and the other foreign venues"
Primetime and kickoff time,own_primetime_split,P,pooled,rec_yards,True,-0.00839,0.00552,-0.00115,0.00715,0.0048,0.0035,19.6893,19.131,18.1454,,,,,,,,,,,False,,,fails 1 (2019-22),all k=5 c=+0.20,"his own primetime split, shrunk toward the league's"
Primetime and kickoff time,own_primetime_split,P,pooled,rec_catches,True,8e-05,0.00068,-0.00011,0.00045,0.00035,0.00023,1.4479,1.4404,1.367,,,,,,,,,,,False,,,"fails 1 (2017-18, 2019-22)",all k=80 c=+0.85,"his own primetime split, shrunk toward the league's"
Primetime and kickoff time,own_primetime_split,P,pooled,rec_targets,True,0.00349,0.00027,-7e-05,0.00149,0.00017,0.0001,1.8752,1.8257,1.7128,,,,,,,,,,,False,,,"fails 1 (2017-18, 2019-22)",all k=2 c=-0.05,"his own primetime split, shrunk toward the league's"
Primetime and kickoff time,own_primetime_split,P,pooled,rec_td,True,0.00015,0.00017,3e-05,0.00028,7e-05,5e-05,0.5007,0.4919,0.4727,,,,,,,,,,,False,,,"fails 1 (2017-18, 2019-22, 2023-25)",all k=2 c=+0.10,"his own primetime split, shrunk toward the league's"
Primetime and kickoff time,own_primetime_split,P,pooled,rush_yards,True,0.00241,0.00255,0.0002,0.0086,0.0042,0.00344,18.041,17.6866,16.9681,,,,,,,,,,,False,,,"fails 1 (2017-18, 2019-22, 2023-25)",all k=80 c=+0.95,"his own primetime split, shrunk toward the league's"
Primetime and kickoff time,own_primetime_split,P,pooled,rush_carries,True,0.003,0.00011,0.00086,0.00404,0.00064,0.0006,3.0824,2.933,2.8393,,,,,,,,,,,False,,,"fails 1 (2017-18, 2019-22, 2023-25)",all k=80 c=-0.25,"his own primetime split, shrunk toward the league's"
Primetime and kickoff time,own_primetime_split,P,pooled,rush_td,True,7e-05,-0.00014,7e-05,0.0001,0.00016,0.00025,0.5136,0.5501,0.5199,,,,,,,,,,,False,,,"fails 1 (2017-18, 2023-25)",all k=80 c=+2.25,"his own primetime split, shrunk toward the league's"
Primetime and kickoff time,own_primetime_split,P,pooled,pass_yards,True,-0.02906,0.11262,0.03203,0.13794,0.0699,0.01959,60.7221,56.5737,56.1092,,,,,,,,,,,False,,,"fails 1 (2019-22, 2023-25)",all k=80 c=-1.00,"his own primetime split, shrunk toward the league's"
Primetime and kickoff time,own_primetime_split,P,pooled,pass_dropbacks,True,-0.00029,0.00845,-0.00016,0.00804,0.00681,0.00268,7.5939,7.686,7.7009,,,,,,,,,,,False,,,fails 1 (2019-22),all k=20 c=+0.50,"his own primetime split, shrunk toward the league's"
Primetime and kickoff time,own_primetime_split,P,pooled,pass_td,True,-0.00062,-0.00013,0.00028,0.00099,0.00061,0.00053,0.8534,0.8376,0.8698,,,,,,,,,,,False,,,fails 1 (2023-25),all k=2 c=+0.20,"his own primetime split, shrunk toward the league's"
Primetime and kickoff time,own_primetime_split,P,pooled,pass_int,True,0.00452,-0.00031,-0.00015,0.00257,0.00043,0.00052,0.9749,0.9645,0.9458,,,,,,,,,,,False,,,fails 1 (2017-18),all k=2 c=+0.25,"his own primetime split, shrunk toward the league's"
Primetime and kickoff time,own_night_split,P,pooled,rec_yards,True,-0.00186,0.0033,2e-05,0.00451,0.00307,0.00254,19.6893,19.131,18.1454,,,,,,,,,,,False,,,"fails 1 (2019-22, 2023-25)",all k=10 c=+0.20,his own night-game split
Primetime and kickoff time,own_night_split,P,pooled,rec_catches,True,0.00033,0.00056,-8e-05,0.00041,0.00035,0.00024,1.4479,1.4404,1.367,,,,,,,,,,,False,,,"fails 1 (2017-18, 2019-22)",all k=80 c=+0.90,his own night-game split
Primetime and kickoff time,own_night_split,P,pooled,rec_targets,True,0.00392,0.00017,-1e-05,0.00166,0.00016,0.0001,1.8752,1.8257,1.7128,,,,,,,,,,,False,,,"fails 1 (2017-18, 2019-22)",all k=2 c=-0.05,his own night-game split
Primetime and kickoff time,own_night_split,P,pooled,rec_td,True,0.0003,0.0001,2e-05,0.00032,5e-05,5e-05,0.5007,0.4919,0.4727,,,,,,,,,,,False,,,"fails 1 (2017-18, 2019-22, 2023-25)",all k=80 c=-1.00,his own night-game split
Primetime and kickoff time,own_night_split,P,pooled,rush_yards,True,-0.00071,0.00179,-0.0008,0.00966,0.00356,0.00364,18.041,17.6866,16.9681,,,,,,,,,,,False,,,fails 1 (2019-22),all k=20 c=+0.40,his own night-game split
Primetime and kickoff time,own_night_split,P,pooled,rush_carries,True,0.00309,-0.00059,0.00113,0.00376,0.00081,0.00088,3.0824,2.933,2.8393,,,,,,,,,,,False,,,"fails 1 (2017-18, 2023-25)",all k=2 c=-0.10,his own night-game split
Primetime and kickoff time,own_night_split,P,pooled,rush_td,True,0.0002,-0.00015,4e-05,0.00018,0.00015,0.00025,0.5136,0.5501,0.5199,,,,,,,,,,,False,,,"fails 1 (2017-18, 2023-25)",all k=80 c=+2.20,his own night-game split
Primetime and kickoff time,own_night_split,P,pooled,pass_yards,True,0.003,0.0326,0.0213,0.09755,0.05798,0.02802,60.7221,56.5737,56.1092,,,,,,,,,,,False,,,"fails 1 (2017-18, 2019-22, 2023-25)",all k=2 c=+0.15,his own night-game split
Primetime and kickoff time,own_night_split,P,pooled,pass_dropbacks,True,0.00392,0.01479,-0.0059,0.01115,0.00756,0.00507,7.5939,7.686,7.7009,,,,,,,,,,,False,,,"fails 1 (2017-18, 2019-22)",all k=10 c=+0.60,his own night-game split
Primetime and kickoff time,own_night_split,P,pooled,pass_td,True,-0.00063,-0.00019,0.00033,0.00114,0.00061,0.00049,0.8534,0.8376,0.8698,,,,,,,,,,,False,,,fails 1 (2023-25),all k=2 c=+0.20,his own night-game split
Primetime and kickoff time,own_night_split,P,pooled,pass_int,True,0.00602,-0.00025,-0.00036,0.00259,0.00027,0.00057,0.9749,0.9645,0.9458,,,,,,,,,,,False,,,fails 1 (2017-18),all k=2 c=+0.30,his own night-game split
Weather,wind_over_10,L,pooled,rec_yards,True,0.00172,-0.00242,-0.00026,0.00206,0.00226,0.00218,19.6893,19.131,18.1454,,,,,,,,,,,False,,,fails 1 (2017-18),all -1.16% per sd (2.35) (-0.29 at a 25.4 line),"mph of kickoff wind above 10, outdoors (passing: on top of the live WIND_C)"
Weather,wind_over_10,L,by position,rec_yards,True,0.01008,-0.00244,0.001,0.00461,0.00298,0.00272,19.6893,19.131,18.1454,,,,,,,,,,,False,,,"fails 1 (2017-18, 2023-25)",WR -1.35% per sd (2.35) (-0.45 at a 33.6 line); TE -1.54% per sd (2.35) (-0.32 at a 20.9 line); RB +0.78% per sd (2.35) (+0.11 at a 14.3 line); other +17.95% per sd (2.35) (+1.71 at a 9.5 line),"mph of kickoff wind above 10, outdoors (passing: on top of the live WIND_C)"
Weather,wind_over_10,L,pooled,rec_catches,True,-2e-05,-1e-05,-6e-05,3e-05,4e-05,7e-05,1.4479,1.4404,1.367,8e-06,3.1e-05,-7.5e-05,81-81,81-81,162.0,,,,,True,False,,"fails 2 (chance 2017-18, chance 2019-22)",all -0.39% per sd (2.35) (-0.01 at a 2.4 line),"mph of kickoff wind above 10, outdoors (passing: on top of the live WIND_C)"
Weather,wind_over_10,L,by position,rec_catches,True,0.0001,6e-05,-3e-05,8e-05,0.00015,0.0001,1.4479,1.4404,1.367,,,,,,,,,,,False,,,"fails 1 (2017-18, 2019-22)",WR -0.19% per sd (2.35) (-0.01 at a 2.9 line); TE -1.54% per sd (2.35) (-0.03 at a 2.1 line); RB -0.77% per sd (2.35) (-0.01 at a 1.8 line); other -2.68% per sd (2.35) (-0.03 at a 1.2 line),"mph of kickoff wind above 10, outdoors (passing: on top of the live WIND_C)"
Weather,wind_over_10,L,pooled,rec_targets,True,-0.00027,0.00039,8e-05,0.00017,0.00028,9e-05,1.8752,1.8257,1.7128,,,,,,,,,,,False,,,"fails 1 (2019-22, 2023-25)",all +0.00% per sd (2.35) (+0.00 at a 4.0 line),"mph of kickoff wind above 10, outdoors (passing: on top of the live WIND_C)"
Weather,wind_over_10,L,by position,rec_targets,True,-0.00041,0.0008,0.00013,0.0005,0.00038,0.00016,1.8752,1.8257,1.7128,,,,,,,,,,,False,,,"fails 1 (2019-22, 2023-25)",WR +0.19% per sd (2.35) (+0.01 at a 5.0 line); TE +0.19% per sd (2.35) (+0.01 at a 3.4 line); RB -0.58% per sd (2.35) (-0.02 at a 2.7 line); other -16.85% per sd (2.35) (-0.30 at a 1.8 line),"mph of kickoff wind above 10, outdoors (passing: on top of the live WIND_C)"
Weather,wind_over_10,L,pooled,rec_td,True,0.0001,5e-05,1e-05,0.00014,4e-05,3e-05,0.5007,0.4919,0.4727,,,,,,,,,,,False,,,"fails 1 (2017-18, 2019-22, 2023-25)",all -0.77% per sd (2.35) (-0.00 at a 0.2 line),"mph of kickoff wind above 10, outdoors (passing: on top of the live WIND_C)"
Weather,wind_over_10,L,by position,rec_td,True,0.00013,3e-05,0.00012,0.00015,8e-05,8e-05,0.5007,0.4919,0.4727,,,,,,,,,,,False,,,"fails 1 (2017-18, 2019-22, 2023-25)",WR -0.19% per sd (2.35) (-0.00 at a 0.2 line); TE -3.81% per sd (2.35) (-0.01 at a 0.2 line); RB +2.56% per sd (2.35) (+0.00 at a 0.1 line); other -20.79% per sd (2.35) (-0.02 at a 0.1 line),"mph of kickoff wind above 10, outdoors (passing: on top of the live WIND_C)"
Weather,wind_over_10,L,pooled,rush_yards,True,5e-05,0.00055,0.00458,0.00304,0.00588,0.00437,18.041,17.6866,16.9681,,,,,,,,,,,False,,,"fails 1 (2017-18, 2019-22, 2023-25)",all +1.25% per sd (2.4) (+0.33 at a 26.3 line),"mph of kickoff wind above 10, outdoors (passing: on top of the live WIND_C)"
Weather,wind_over_10,L,by position,rush_yards,True,0.05895,-0.00211,0.01153,0.02043,0.00708,0.0064,18.041,17.6866,16.9681,,,,,,,,,,,False,,,"fails 1 (2017-18, 2023-25)",RB +1.04% per sd (2.4) (+0.36 at a 34.8 line); QB +1.46% per sd (2.4) (+0.21 at a 14.6 line); other +7.05% per sd (2.4) (+0.23 at a 3.3 line),"mph of kickoff wind above 10, outdoors (passing: on top of the live WIND_C)"
Weather,wind_over_10,L,pooled,rush_carries,True,-4e-05,-0.00013,0.00036,0.00049,0.00053,0.00031,3.0824,2.933,2.8393,,,,,,,,,,,False,,,fails 1 (2023-25),all +0.21% per sd (2.4) (+0.01 at a 6.8 line),"mph of kickoff wind above 10, outdoors (passing: on top of the live WIND_C)"
Weather,wind_over_10,L,by position,rush_carries,True,0.00203,-0.00013,0.00055,0.00101,0.00042,0.00035,3.0824,2.933,2.8393,,,,,,,,,,,False,,,"fails 1 (2017-18, 2023-25)",RB +0.21% per sd (2.4) (+0.02 at a 9.1 line); QB +0.21% per sd (2.4) (+0.01 at a 3.7 line); other +0.83% per sd (2.4) (+0.01 at a 0.7 line),"mph of kickoff wind above 10, outdoors (passing: on top of the live WIND_C)"
Weather,wind_over_10,L,pooled,rush_td,True,-0.00019,0.00046,1e-05,0.00025,0.00016,4e-05,0.5136,0.5501,0.5199,,,,,,,,,,,False,,,"fails 1 (2019-22, 2023-25)",all -0.41% per sd (2.4) (-0.00 at a 0.2 line),"mph of kickoff wind above 10, outdoors (passing: on top of the live WIND_C)"
Weather,wind_over_10,L,by position,rush_td,True,-0.00013,0.00061,-6e-05,0.00038,0.00024,0.00011,0.5136,0.5501,0.5199,,,,,,,,,,,False,,,fails 1 (2019-22),RB -1.64% per sd (2.4) (-0.00 at a 0.3 line); QB +2.93% per sd (2.4) (+0.00 at a 0.2 line); other +5.95% per sd (2.4) (+0.00 at a 0.0 line),"mph of kickoff wind above 10, outdoors (passing: on top of the live WIND_C)"
Weather,wind_over_10,L,pooled,pass_yards,True,0.19701,-0.12375,-0.11275,0.16202,0.08586,0.08331,60.7221,56.5737,56.1092,,,,,,,,,,,False,,,fails 1 (2017-18),all -2.28% per sd (2.38) (-5.23 at a 228.9 line),"mph of kickoff wind above 10, outdoors (passing: on top of the live WIND_C)"
Weather,wind_over_10,L,pooled,pass_dropbacks,True,0.0,0.00279,-0.00086,0.0,0.00239,0.00085,7.5939,7.686,7.7009,,,,,,,,,,,False,,,"fails 1 (2017-18, 2019-22)",all -0.19% per sd (2.38) (-0.07 at a 37.7 line),"mph of kickoff wind above 10, outdoors (passing: on top of the live WIND_C)"
Weather,wind_over_10,L,pooled,pass_td,True,4e-05,0.00059,7e-05,0.0009,0.00029,0.00013,0.8534,0.8376,0.8698,,,,,,,,,,,False,,,"fails 1 (2017-18, 2019-22, 2023-25)",all -0.38% per sd (2.38) (-0.01 at a 1.5 line),"mph of kickoff wind above 10, outdoors (passing: on top of the live WIND_C)"
Weather,wind_over_10,L,pooled,pass_int,True,6e-05,0.00024,0.00015,0.00016,0.00025,9e-05,0.9749,0.9645,0.9458,,,,,,,,,,,False,,,"fails 1 (2017-18, 2019-22, 2023-25)",all +0.39% per sd (2.38) (+0.00 at a 0.8 line),"mph of kickoff wind above 10, outdoors (passing: on top of the live WIND_C)"
Weather,rain,L,pooled,rec_yards,True,0.00057,-0.00814,-0.0081,0.00306,0.00424,0.00597,19.6893,19.131,18.1454,,,,,,,,,,,False,,,fails 1 (2017-18),all -11.09% on vs off (-2.82 at a 25.4 line),rain at kickoff (outdoors)
Weather,rain,L,by position,rec_yards,True,0.01061,-0.00484,-0.00772,0.00512,0.00437,0.00575,19.6893,19.131,18.1454,,,,,,,,,,,False,,,fails 1 (2017-18),WR -10.21% on vs off (-3.43 at a 33.6 line); TE -11.96% on vs off (-2.50 at a 20.9 line); RB -10.21% on vs off (-1.46 at a 14.3 line); other -35.01% on vs off (-3.34 at a 9.5 line),rain at kickoff (outdoors)
Weather,rain,L,pooled,rec_catches,True,0.00133,-0.00068,-0.00044,0.00085,0.00035,0.00038,1.4479,1.4404,1.367,,,,,,,,,,,False,,,fails 1 (2017-18),all -7.54% on vs off (-0.18 at a 2.4 line),rain at kickoff (outdoors)
Weather,rain,L,by position,rec_catches,True,0.00202,-0.00034,-0.00041,0.00098,0.00035,0.00039,1.4479,1.4404,1.367,,,,,,,,,,,False,,,fails 1 (2017-18),WR -7.54% on vs off (-0.22 at a 2.9 line); TE -7.54% on vs off (-0.16 at a 2.1 line); RB -11.96% on vs off (-0.22 at a 1.8 line); other +15.83% on vs off (+0.18 at a 1.2 line),rain at kickoff (outdoors)
Weather,rain,L,pooled,rec_targets,True,0.00063,-9e-05,-0.00011,0.0008,0.00029,0.00026,1.8752,1.8257,1.7128,,,,,,,,,,,False,,,fails 1 (2017-18),all -2.90% on vs off (-0.12 at a 4.0 line),rain at kickoff (outdoors)
Weather,rain,L,by position,rec_targets,True,0.00175,0.00019,-0.00012,0.00103,0.00032,0.00028,1.8752,1.8257,1.7128,,,,,,,,,,,False,,,"fails 1 (2017-18, 2019-22)",WR -3.84% on vs off (-0.19 at a 5.0 line); TE +0.00% on vs off (+0.00 at a 3.4 line); RB -3.84% on vs off (-0.11 at a 2.7 line); other -36.27% on vs off (-0.65 at a 1.8 line),rain at kickoff (outdoors)
Weather,rain,L,pooled,rec_td,True,-0.00023,-0.00016,-7e-05,0.00015,0.00018,0.00014,0.5007,0.4919,0.4727,,,,156-68,158-66,224.0,50.0,49.0,50.0,0.98,True,True,True,passes 1-3,all -16.98% on vs off (-0.03 at a 0.2 line),rain at kickoff (outdoors)
Weather,rain,L,by position,rec_td,True,-2e-05,-4e-05,-0.00011,0.00026,0.00022,0.00017,0.5007,0.4919,0.4727,,,,156-68,159-65,224.0,44.0,47.0,49.0,0.88,True,True,False,"fails 3 (placebo, worst window beaten in 44/50)",WR -8.44% on vs off (-0.02 at a 0.2 line); TE -25.46% on vs off (-0.05 at a 0.2 line); RB -40.50% on vs off (-0.04 at a 0.1 line); other -69.13% on vs off (-0.07 at a 0.1 line),rain at kickoff (outdoors)
Weather,rain,L,pooled,rush_yards,True,0.00022,-0.0003,0.0038,0.003,0.00214,0.00247,18.041,17.6866,16.9681,,,,,,,,,,,False,,,"fails 1 (2017-18, 2023-25)",all -0.96% on vs off (-0.25 at a 26.3 line),rain at kickoff (outdoors)
Weather,rain,L,by position,rush_yards,True,0.00373,0.00055,0.00539,0.0063,0.0032,0.00483,18.041,17.6866,16.9681,,,,,,,,,,,False,,,"fails 1 (2017-18, 2019-22, 2023-25)",RB -1.91% on vs off (-0.67 at a 34.8 line); QB +10.13% on vs off (+1.48 at a 14.6 line); other +9.08% on vs off (+0.30 at a 3.3 line),rain at kickoff (outdoors)
Weather,rain,L,pooled,rush_carries,True,0.00199,-0.00061,9e-05,0.00177,0.00073,0.00083,3.0824,2.933,2.8393,,,,,,,,,,,False,,,"fails 1 (2017-18, 2023-25)",all +2.94% on vs off (+0.20 at a 6.8 line),rain at kickoff (outdoors)
Weather,rain,L,by position,rush_carries,True,0.00317,0.00171,-0.00052,0.00212,0.00121,0.00116,3.0824,2.933,2.8393,,,,,,,,,,,False,,,"fails 1 (2017-18, 2019-22)",RB +1.95% on vs off (+0.18 at a 9.1 line); QB +15.58% on vs off (+0.57 at a 3.7 line); other -6.53% on vs off (-0.05 at a 0.7 line),rain at kickoff (outdoors)
Weather,rain,L,pooled,rush_td,True,0.00043,0.00019,8e-05,0.00042,0.0002,5e-05,0.5136,0.5501,0.5199,,,,,,,,,,,False,,,"fails 1 (2017-18, 2019-22, 2023-25)",all -1.91% on vs off (-0.00 at a 0.2 line),rain at kickoff (outdoors)
Weather,rain,L,by position,rush_td,True,0.00043,0.00025,0.00022,0.00048,0.00032,0.00018,0.5136,0.5501,0.5199,,,,,,,,,,,False,,,"fails 1 (2017-18, 2019-22, 2023-25)",RB -3.79% on vs off (-0.01 at a 0.3 line); QB -5.63% on vs off (-0.01 at a 0.2 line); other +110.28% on vs off (+0.02 at a 0.0 line),rain at kickoff (outdoors)
Weather,rain,L,pooled,pass_yards,True,0.07004,-0.14415,-0.08396,0.0681,0.05385,0.08271,60.7221,56.5737,56.1092,,,,,,,,,,,False,,,fails 1 (2017-18),all -7.57% on vs off (-17.34 at a 228.9 line),rain at kickoff (outdoors)
Weather,rain,L,pooled,pass_dropbacks,True,0.02006,-0.00263,0.00489,0.01548,0.00309,0.00491,7.5939,7.686,7.7009,,,,,,,,,,,False,,,"fails 1 (2017-18, 2023-25)",all -1.95% on vs off (-0.74 at a 37.7 line),rain at kickoff (outdoors)
Weather,rain,L,pooled,pass_td,True,0.00019,-0.00053,-9e-05,0.00053,0.00079,0.00078,0.8534,0.8376,0.8698,,,,,,,,,,,False,,,fails 1 (2017-18),all -11.14% on vs off (-0.17 at a 1.5 line),rain at kickoff (outdoors)
Weather,rain,L,pooled,pass_int,True,-0.00011,-0.00012,0.00037,0.00059,0.00031,0.00029,0.9749,0.9645,0.9458,,,,,,,,,,,False,,,fails 1 (2023-25),all +3.00% on vs off (+0.02 at a 0.8 line),rain at kickoff (outdoors)
Weather,snow,L,pooled,rec_yards,True,-0.00467,0.00491,-0.00653,0.00941,0.00414,0.00542,19.6893,19.131,18.1454,,,,,,,,,,,False,,,fails 1 (2019-22),all -21.97% on vs off (-5.59 at a 25.4 line),snow at kickoff (outdoors)
Weather,snow,L,by position,rec_yards,True,-0.00693,0.00771,-0.00585,0.01135,0.00486,0.00564,19.6893,19.131,18.1454,,,,,,,,,,,False,,,fails 1 (2019-22),WR -20.19% on vs off (-6.78 at a 33.6 line); TE -21.97% on vs off (-4.60 at a 20.9 line); RB -18.37% on vs off (-2.62 at a 14.3 line); other +1396.87% on vs off (+133.30 at a 9.5 line),snow at kickoff (outdoors)
Weather,snow,L,pooled,rec_catches,True,-0.00071,-0.00017,-0.00028,0.00063,0.0004,0.00048,1.4479,1.4404,1.367,0.00016,-7.9e-05,-0.000233,81-81,81-81,162.0,,,,,True,False,,fails 2 (chance 2017-18),all -18.37% on vs off (-0.45 at a 2.4 line),snow at kickoff (outdoors)
Weather,snow,L,by position,rec_catches,True,-0.00018,-0.0001,-0.00013,0.00061,0.00049,0.00056,1.4479,1.4404,1.367,0.000174,-1e-06,-8.1e-05,81-81,81-81,162.0,,,,,True,False,,fails 2 (chance 2017-18),WR -14.60% on vs off (-0.42 at a 2.9 line); TE -34.85% on vs off (-0.74 at a 2.1 line); RB -25.41% on vs off (-0.47 at a 1.8 line); other -93.32% on vs off (-1.09 at a 1.2 line),snow at kickoff (outdoors)
Weather,snow,L,pooled,rec_targets,True,0.00072,-0.00011,-0.0003,0.00083,0.0003,0.00033,1.8752,1.8257,1.7128,,,,,,,,,,,False,,,fails 1 (2017-18),all -8.63% on vs off (-0.35 at a 4.0 line),snow at kickoff (outdoors)
Weather,snow,L,by position,rec_targets,True,0.00199,-2e-05,-0.00025,0.001,0.00035,0.00038,1.8752,1.8257,1.7128,,,,,,,,,,,False,,,fails 1 (2017-18),WR -8.63% on vs off (-0.43 at a 5.0 line); TE -6.54% on vs off (-0.22 at a 3.4 line); RB -18.37% on vs off (-0.50 at a 2.7 line); other -93.32% on vs off (-1.66 at a 1.8 line),snow at kickoff (outdoors)
Weather,snow,L,pooled,rec_td,True,0.0,-2e-05,-1e-05,0.00015,9e-05,0.00011,0.5007,0.4919,0.4727,,,,,,,,,,,False,,,fails 1 (2017-18),all -21.97% on vs off (-0.04 at a 0.2 line),snow at kickoff (outdoors)
Weather,snow,L,by position,rec_td,True,0.0002,1e-05,-3e-05,0.00021,9e-05,0.00018,0.5007,0.4919,0.4727,,,,,,,,,,,False,,,"fails 1 (2017-18, 2019-22)",WR -16.51% on vs off (-0.04 at a 0.2 line); TE -16.51% on vs off (-0.03 at a 0.2 line); RB -92.52% on vs off (-0.08 at a 0.1 line); other -93.32% on vs off (-0.10 at a 0.1 line),snow at kickoff (outdoors)
Weather,snow,L,pooled,rush_yards,True,0.01071,-0.00111,-0.00291,0.02342,0.00285,0.004,18.041,17.6866,16.9681,,,,,,,,,,,False,,,fails 1 (2017-18),all +11.03% on vs off (+2.89 at a 26.3 line),snow at kickoff (outdoors)
Weather,snow,L,by position,rush_yards,True,0.02926,0.00082,-0.00374,0.02918,0.00359,0.00445,18.041,17.6866,16.9681,,,,,,,,,,,False,,,"fails 1 (2017-18, 2019-22)",RB +11.03% on vs off (+3.84 at a 34.8 line); QB +2.11% on vs off (+0.31 at a 14.6 line); other -91.88% on vs off (-3.04 at a 3.3 line),snow at kickoff (outdoors)
Weather,snow,L,pooled,rush_carries,True,0.00286,0.0008,-1e-05,0.00156,0.00049,0.00024,3.0824,2.933,2.8393,,,,,,,,,,,False,,,"fails 1 (2017-18, 2019-22)",all +2.11% on vs off (+0.14 at a 6.8 line),snow at kickoff (outdoors)
Weather,snow,L,by position,rush_carries,True,-0.00065,0.00193,0.00037,0.00324,0.00106,0.00075,3.0824,2.933,2.8393,,,,,,,,,,,False,,,"fails 1 (2019-22, 2023-25)",RB +4.27% on vs off (+0.39 at a 9.1 line); QB -6.08% on vs off (-0.22 at a 3.7 line); other -91.88% on vs off (-0.67 at a 0.7 line),snow at kickoff (outdoors)
Weather,snow,L,pooled,rush_td,True,-0.00023,9e-05,-0.00029,0.00033,0.00013,0.00022,0.5136,0.5501,0.5199,,,,,,,,,,,False,,,fails 1 (2019-22),all +42.71% on vs off (+0.09 at a 0.2 line),snow at kickoff (outdoors)
Weather,snow,L,by position,rush_td,True,-0.00012,6e-05,-0.00012,0.00046,0.0002,0.00029,0.5136,0.5501,0.5199,,,,,,,,,,,False,,,fails 1 (2019-22),RB +36.87% on vs off (+0.10 at a 0.3 line); QB +68.72% on vs off (+0.11 at a 0.2 line); other -91.88% on vs off (-0.02 at a 0.0 line),snow at kickoff (outdoors)
Weather,snow,L,pooled,pass_yards,True,0.19269,-0.029,-0.0256,0.12855,0.03567,0.07305,60.7221,56.5737,56.1092,,,,,,,,,,,False,,,fails 1 (2017-18),all -11.06% on vs off (-25.32 at a 228.9 line),snow at kickoff (outdoors)
Weather,snow,L,pooled,pass_dropbacks,True,0.00632,0.00422,-0.00514,0.01565,0.00831,0.00912,7.5939,7.686,7.7009,,,,,,,,,,,False,,,"fails 1 (2017-18, 2019-22)",all -8.95% on vs off (-3.38 at a 37.7 line),snow at kickoff (outdoors)
Weather,snow,L,pooled,pass_td,True,-0.00034,-0.00014,-4e-05,0.001,0.00055,0.00095,0.8534,0.8376,0.8698,,,,18-14,18-14,32.0,46.0,40.0,40.0,0.8,True,True,False,"fails 3 (placebo, worst window beaten in 40/50)",all -20.89% on vs off (-0.32 at a 1.5 line),snow at kickoff (outdoors)
Weather,snow,L,pooled,pass_int,True,0.00028,0.00025,0.00014,0.00037,0.00028,0.00024,0.9749,0.9645,0.9458,,,,,,,,,,,False,,,"fails 1 (2017-18, 2019-22, 2023-25)",all +4.80% on vs off (+0.04 at a 0.8 line),snow at kickoff (outdoors)
Weather,cold,L,pooled,rec_yards,True,-0.01457,0.00134,0.00505,0.01477,0.00628,0.00492,19.6893,19.131,18.1454,,,,,,,,,,,False,,,"fails 1 (2019-22, 2023-25)",all -7.18% on vs off (-1.83 at a 25.4 line),under 35 F outdoors
Weather,cold,L,by position,rec_yards,True,-0.01234,0.00372,0.01069,0.0147,0.00697,0.00638,19.6893,19.131,18.1454,,,,,,,,,,,False,,,"fails 1 (2019-22, 2023-25)",WR -7.18% on vs off (-2.41 at a 33.6 line); TE -9.74% on vs off (-2.04 at a 20.9 line); RB -3.66% on vs off (-0.52 at a 14.3 line); other +205.93% on vs off (+19.65 at a 9.5 line),under 35 F outdoors
Weather,cold,L,pooled,rec_catches,True,-0.00097,0.0002,0.00028,0.00107,0.00052,0.00043,1.4479,1.4404,1.367,,,,,,,,,,,False,,,"fails 1 (2019-22, 2023-25)",all -7.18% on vs off (-0.17 at a 2.4 line),under 35 F outdoors
Weather,cold,L,by position,rec_catches,True,-0.00026,0.00029,0.00078,0.00114,0.00056,0.00042,1.4479,1.4404,1.367,,,,,,,,,,,False,,,"fails 1 (2019-22, 2023-25)",WR -5.44% on vs off (-0.16 at a 2.9 line); TE -8.90% on vs off (-0.19 at a 2.1 line); RB -8.04% on vs off (-0.15 at a 1.8 line); other -67.31% on vs off (-0.78 at a 1.2 line),under 35 F outdoors
Weather,cold,L,pooled,rec_targets,True,0.0016,-0.0003,-0.00024,0.00113,0.00035,0.00036,1.8752,1.8257,1.7128,,,,,,,,,,,False,,,fails 1 (2017-18),all -4.55% on vs off (-0.18 at a 4.0 line),under 35 F outdoors
Weather,cold,L,by position,rec_targets,True,0.00208,-0.00057,0.00091,0.00123,0.00038,0.00042,1.8752,1.8257,1.7128,,,,,,,,,,,False,,,"fails 1 (2017-18, 2023-25)",WR -3.66% on vs off (-0.18 at a 5.0 line); TE -7.18% on vs off (-0.25 at a 3.4 line); RB -5.44% on vs off (-0.15 at a 2.7 line); other -67.31% on vs off (-1.20 at a 1.8 line),under 35 F outdoors
Weather,cold,L,pooled,rec_td,True,1e-05,0.00029,6e-05,0.00044,0.00016,7e-05,0.5007,0.4919,0.4727,,,,,,,,,,,False,,,"fails 1 (2017-18, 2019-22, 2023-25)",all -4.55% on vs off (-0.01 at a 0.2 line),under 35 F outdoors
Weather,cold,L,by position,rec_td,True,0.00031,0.00034,6e-05,0.00052,0.00022,0.00012,0.5007,0.4919,0.4727,,,,,,,,,,,False,,,"fails 1 (2017-18, 2019-22, 2023-25)",WR -0.93% on vs off (-0.00 at a 0.2 line); TE -20.04% on vs off (-0.04 at a 0.2 line); RB +8.75% on vs off (+0.01 at a 0.1 line); other -67.31% on vs off (-0.07 at a 0.1 line),under 35 F outdoors
Weather,cold,L,pooled,rush_yards,True,-0.00983,-0.0093,-0.0039,0.01841,0.01088,0.01075,18.041,17.6866,16.9681,-0.000495,-4.4e-05,-0.00026,40-46,40-46,86.0,46.0,50.0,47.0,0.92,True,True,True,passes 1-3,all +10.80% on vs off (+2.84 at a 26.3 line),under 35 F outdoors
Weather,cold,L,by position,rush_yards,True,0.02083,-0.00053,-0.00331,0.02784,0.01114,0.01063,18.041,17.6866,16.9681,,,,,,,,,,,False,,,fails 1 (2017-18),RB +10.80% on vs off (+3.76 at a 34.8 line); QB +6.75% on vs off (+0.98 at a 14.6 line); other -2.76% on vs off (-0.09 at a 3.3 line),under 35 F outdoors
Weather,cold,L,pooled,rush_carries,True,-0.00141,-0.00057,0.00149,0.00181,0.00112,0.00114,3.0824,2.933,2.8393,,,,,,,,,,,False,,,fails 1 (2023-25),all +3.80% on vs off (+0.26 at a 6.8 line),under 35 F outdoors
Weather,cold,L,by position,rush_carries,True,0.00428,0.00067,0.00133,0.00363,0.00138,0.00131,3.0824,2.933,2.8393,,,,,,,,,,,False,,,"fails 1 (2017-18, 2019-22, 2023-25)",RB +4.77% on vs off (+0.43 at a 9.1 line); QB -2.76% on vs off (-0.10 at a 3.7 line); other +4.77% on vs off (+0.03 at a 0.7 line),under 35 F outdoors
Weather,cold,L,pooled,rush_td,True,5e-05,6e-05,5e-05,0.00022,9e-05,8e-05,0.5136,0.5501,0.5199,,,,,,,,,,,False,,,"fails 1 (2017-18, 2019-22, 2023-25)",all +4.77% on vs off (+0.01 at a 0.2 line),under 35 F outdoors
Weather,cold,L,by position,rush_td,True,0.00077,0.00033,0.00014,0.00055,0.00024,0.00012,0.5136,0.5501,0.5199,,,,,,,,,,,False,,,"fails 1 (2017-18, 2019-22, 2023-25)",RB +7.75% on vs off (+0.02 at a 0.3 line); QB -9.75% on vs off (-0.02 at a 0.2 line); other +83.34% on vs off (+0.02 at a 0.0 line),under 35 F outdoors
Weather,cold,L,pooled,pass_yards,True,-0.20746,0.05837,-0.07833,0.16621,0.1072,0.08985,60.7221,56.5737,56.1092,,,,,,,,,,,False,,,fails 1 (2019-22),all -7.59% on vs off (-17.37 at a 228.9 line),under 35 F outdoors
Weather,cold,L,pooled,pass_dropbacks,True,-0.00033,0.00124,-0.00567,0.0192,0.00773,0.006,7.5939,7.686,7.7009,,,,,,,,,,,False,,,fails 1 (2019-22),all -3.87% on vs off (-1.46 at a 37.7 line),under 35 F outdoors
Weather,cold,L,pooled,pass_td,True,0.00168,0.00147,0.00047,0.00303,0.00095,0.00044,0.8534,0.8376,0.8698,,,,,,,,,,,False,,,"fails 1 (2017-18, 2019-22, 2023-25)",all -4.81% on vs off (-0.07 at a 1.5 line),under 35 F outdoors
Weather,cold,L,pooled,pass_int,True,-0.00068,0.00016,0.00027,0.0007,0.0006,0.00035,0.9749,0.9645,0.9458,,,,,,,,,,,False,,,"fails 1 (2019-22, 2023-25)",all +6.10% on vs off (+0.05 at a 0.8 line),under 35 F outdoors
Weather,bad_weather,L,pooled,rec_yards,True,-0.00256,-0.0119,-0.00415,0.01044,0.00581,0.0071,19.6893,19.131,18.1454,-0.000315,-0.000521,-0.000323,91-80,90-81,171.0,,,,,True,False,,fails 2 (lean record),all -7.09% on vs off (-1.80 at a 25.4 line),"any of wind 15+, rain, snow, cold"
Weather,bad_weather,L,by position,rec_yards,True,0.0042,-0.0095,-0.00309,0.0123,0.0067,0.00739,19.6893,19.131,18.1454,,,,,,,,,,,False,,,fails 1 (2017-18),WR -6.52% on vs off (-2.19 at a 33.6 line); TE -11.54% on vs off (-2.41 at a 20.9 line); RB -5.37% on vs off (-0.77 at a 14.3 line); other -35.30% on vs off (-3.37 at a 9.5 line),"any of wind 15+, rain, snow, cold"
Weather,bad_weather,L,pooled,rec_catches,True,0.00113,-0.00072,-0.00063,0.00103,0.00042,0.00044,1.4479,1.4404,1.367,,,,,,,,,,,False,,,fails 1 (2017-18),all -5.37% on vs off (-0.13 at a 2.4 line),"any of wind 15+, rain, snow, cold"
Weather,bad_weather,L,by position,rec_catches,True,0.00206,-0.0005,-0.00057,0.00104,0.00054,0.00051,1.4479,1.4404,1.367,,,,,,,,,,,False,,,fails 1 (2017-18),WR -4.20% on vs off (-0.12 at a 2.9 line); TE -8.79% on vs off (-0.19 at a 2.1 line); RB -6.52% on vs off (-0.12 at a 1.8 line); other -17.31% on vs off (-0.20 at a 1.2 line),"any of wind 15+, rain, snow, cold"
Weather,bad_weather,L,pooled,rec_targets,True,0.00093,-0.00021,-0.00039,0.00068,0.00023,0.00028,1.8752,1.8257,1.7128,,,,,,,,,,,False,,,fails 1 (2017-18),all -2.42% on vs off (-0.10 at a 4.0 line),"any of wind 15+, rain, snow, cold"
Weather,bad_weather,L,by position,rec_targets,True,0.00177,-6e-05,-0.00018,0.00104,0.00034,0.00035,1.8752,1.8257,1.7128,,,,,,,,,,,False,,,fails 1 (2017-18),WR -1.82% on vs off (-0.09 at a 5.0 line); TE -3.02% on vs off (-0.10 at a 3.4 line); RB -4.20% on vs off (-0.12 at a 2.7 line); other -39.89% on vs off (-0.71 at a 1.8 line),"any of wind 15+, rain, snow, cold"
Weather,bad_weather,L,pooled,rec_td,True,-0.00027,2e-05,1e-05,0.00016,0.00018,0.00011,0.5007,0.4919,0.4727,,,,,,,,,,,False,,,"fails 1 (2019-22, 2023-25)",all -7.66% on vs off (-0.01 at a 0.2 line),"any of wind 15+, rain, snow, cold"
Weather,bad_weather,L,by position,rec_td,True,-0.00016,-3e-05,8e-05,0.0002,0.00023,0.00016,0.5007,0.4919,0.4727,,,,,,,,,,,False,,,fails 1 (2023-25),WR -2.42% on vs off (-0.01 at a 0.2 line); TE -17.82% on vs off (-0.03 at a 0.2 line); RB -9.34% on vs off (-0.01 at a 0.1 line); other -52.09% on vs off (-0.05 at a 0.1 line),"any of wind 15+, rain, snow, cold"
Weather,bad_weather,L,pooled,rush_yards,True,-0.00228,-0.00223,-0.00073,0.00633,0.00514,0.0047,18.041,17.6866,16.9681,-0.000347,-0.000137,-8.7e-05,40-46,40-46,86.0,36.0,50.0,39.0,0.72,True,True,False,"fails 3 (placebo, worst window beaten in 36/50)",all +3.75% on vs off (+0.98 at a 26.3 line),"any of wind 15+, rain, snow, cold"
Weather,bad_weather,L,by position,rush_yards,True,0.00638,-0.00026,0.00123,0.00977,0.00637,0.00585,18.041,17.6866,16.9681,,,,,,,,,,,False,,,"fails 1 (2017-18, 2023-25)",RB +3.75% on vs off (+1.30 at a 34.8 line); QB +5.02% on vs off (+0.73 at a 14.6 line); other +28.56% on vs off (+0.95 at a 3.3 line),"any of wind 15+, rain, snow, cold"
Weather,bad_weather,L,pooled,rush_carries,True,0.00121,-0.00048,0.00096,0.0015,0.00087,0.0008,3.0824,2.933,2.8393,,,,,,,,,,,False,,,"fails 1 (2017-18, 2023-25)",all +1.86% on vs off (+0.13 at a 6.8 line),"any of wind 15+, rain, snow, cold"
Weather,bad_weather,L,by position,rush_carries,True,0.00481,0.0006,0.00153,0.00325,0.00102,0.00089,3.0824,2.933,2.8393,,,,,,,,,,,False,,,"fails 1 (2017-18, 2019-22, 2023-25)",RB +1.23% on vs off (+0.11 at a 9.1 line); QB +2.48% on vs off (+0.09 at a 3.7 line); other -2.42% on vs off (-0.02 at a 0.7 line),"any of wind 15+, rain, snow, cold"
Weather,bad_weather,L,pooled,rush_td,True,6e-05,0.00012,0.0,0.00012,7e-05,9e-05,0.5136,0.5501,0.5199,,,,,,,,,,,False,,,"fails 1 (2017-18, 2019-22, 2023-25)",all -3.61% on vs off (-0.01 at a 0.2 line),"any of wind 15+, rain, snow, cold"
Weather,bad_weather,L,by position,rush_td,True,0.00033,0.00024,-0.0,0.00051,0.00032,0.00026,0.5136,0.5501,0.5199,,,,,,,,,,,False,,,"fails 1 (2017-18, 2019-22, 2023-25)",RB -5.94% on vs off (-0.02 at a 0.3 line); QB -1.22% on vs off (-0.00 at a 0.2 line); other +108.63% on vs off (+0.02 at a 0.0 line),"any of wind 15+, rain, snow, cold"
Weather,bad_weather,L,pooled,pass_yards,True,0.08136,-0.18026,-0.29108,0.24375,0.12388,0.13046,60.7221,56.5737,56.1092,,,,,,,,,,,False,,,fails 1 (2017-18),all -7.24% on vs off (-16.57 at a 228.9 line),"any of wind 15+, rain, snow, cold"
Weather,bad_weather,L,pooled,pass_dropbacks,True,-3e-05,-0.00363,-0.00426,0.00287,0.00346,0.00512,7.5939,7.686,7.7009,,,,,,,38.0,47.0,47.0,0.76,True,True,False,"fails 3 (placebo, worst window beaten in 38/50)",all -1.86% on vs off (-0.70 at a 37.7 line),"any of wind 15+, rain, snow, cold"
Weather,bad_weather,L,pooled,pass_td,True,-0.00094,9e-05,0.00015,0.00055,0.00089,0.00056,0.8534,0.8376,0.8698,,,,,,,,,,,False,,,"fails 1 (2019-22, 2023-25)",all -5.48% on vs off (-0.08 at a 1.5 line),"any of wind 15+, rain, snow, cold"
Weather,bad_weather,L,pooled,pass_int,True,-0.00127,-0.00018,0.00041,0.00122,0.00091,0.00058,0.9749,0.9645,0.9458,,,,,,,,,,,False,,,fails 1 (2023-25),all +7.13% on vs off (+0.06 at a 0.8 line),"any of wind 15+, rain, snow, cold"
Weather,warm_team_in_cold,L,pooled,rec_yards,True,0.00604,0.00089,-0.003,0.01395,0.00486,0.00355,19.6893,19.131,18.1454,,,,,,,,,,,False,,,"fails 1 (2017-18, 2019-22)",all -13.89% on vs off (-3.53 at a 25.4 line),a warm-climate or dome team outdoors under 35 F (the game model's list)
Weather,warm_team_in_cold,L,by position,rec_yards,True,0.02217,0.00272,-0.00284,0.02012,0.0049,0.00392,19.6893,19.131,18.1454,,,,,,,,,,,False,,,"fails 1 (2017-18, 2019-22)",WR -12.26% on vs off (-4.12 at a 33.6 line); TE -21.57% on vs off (-4.51 at a 20.9 line); RB -13.89% on vs off (-1.98 at a 14.3 line); other +841.73% on vs off (+80.33 at a 9.5 line),a warm-climate or dome team outdoors under 35 F (the game model's list)
Weather,warm_team_in_cold,L,pooled,rec_catches,True,-5e-05,-9e-05,-0.00017,0.00065,0.00034,0.00026,1.4479,1.4404,1.367,0.000305,-3.4e-05,-4.4e-05,81-81,81-81,162.0,,,,,True,False,,fails 2 (chance 2017-18),all -12.26% on vs off (-0.30 at a 2.4 line),a warm-climate or dome team outdoors under 35 F (the game model's list)
Weather,warm_team_in_cold,L,by position,rec_catches,True,0.00078,0.00039,-0.00025,0.0012,0.0005,0.00036,1.4479,1.4404,1.367,,,,,,,,,,,False,,,"fails 1 (2017-18, 2019-22)",WR -3.67% on vs off (-0.11 at a 2.9 line); TE -21.57% on vs off (-0.46 at a 2.1 line); RB -25.84% on vs off (-0.48 at a 1.8 line); other -89.38% on vs off (-1.04 at a 1.2 line),a warm-climate or dome team outdoors under 35 F (the game model's list)
Weather,warm_team_in_cold,L,pooled,rec_targets,True,0.00059,-0.00019,-0.00011,0.00039,0.00017,0.00021,1.8752,1.8257,1.7128,,,,,,,,,,,False,,,fails 1 (2017-18),all -5.45% on vs off (-0.22 at a 4.0 line),a warm-climate or dome team outdoors under 35 F (the game model's list)
Weather,warm_team_in_cold,L,by position,rec_targets,True,0.001,-0.00042,0.00058,0.00085,0.00034,0.00041,1.8752,1.8257,1.7128,,,,,,,,,,,False,,,"fails 1 (2017-18, 2023-25)",WR +0.00% on vs off (+0.00 at a 5.0 line); TE -15.48% on vs off (-0.53 at a 3.4 line); RB -13.89% on vs off (-0.38 at a 2.7 line); other -89.38% on vs off (-1.59 at a 1.8 line),a warm-climate or dome team outdoors under 35 F (the game model's list)
Weather,warm_team_in_cold,L,pooled,rec_td,True,-0.00024,0.00011,0.0,0.00025,0.00015,7e-05,0.5007,0.4919,0.4727,,,,,,,,,,,False,,,"fails 1 (2019-22, 2023-25)",all -17.05% on vs off (-0.03 at a 0.2 line),a warm-climate or dome team outdoors under 35 F (the game model's list)
Weather,warm_team_in_cold,L,by position,rec_td,True,-8e-05,0.00021,-5e-05,0.00029,0.0002,7e-05,0.5007,0.4919,0.4727,,,,,,,,,,,False,,,fails 1 (2019-22),WR -25.84% on vs off (-0.06 at a 0.2 line); TE -10.61% on vs off (-0.02 at a 0.2 line); RB +18.32% on vs off (+0.02 at a 0.1 line); other -89.38% on vs off (-0.09 at a 0.1 line),a warm-climate or dome team outdoors under 35 F (the game model's list)
Weather,warm_team_in_cold,L,pooled,rush_yards,True,0.01262,0.00183,0.00077,0.01715,0.00757,0.00566,18.041,17.6866,16.9681,,,,,,,,,,,False,,,"fails 1 (2017-18, 2019-22, 2023-25)",all +12.03% on vs off (+3.16 at a 26.3 line),a warm-climate or dome team outdoors under 35 F (the game model's list)
Weather,warm_team_in_cold,L,by position,rush_yards,True,0.01227,0.0064,0.00286,0.0246,0.01133,0.00828,18.041,17.6866,16.9681,,,,,,,,,,,False,,,"fails 1 (2017-18, 2019-22, 2023-25)",RB +14.17% on vs off (+4.94 at a 34.8 line); QB -14.06% on vs off (-2.05 at a 14.6 line); other -89.69% on vs off (-2.97 at a 3.3 line),a warm-climate or dome team outdoors under 35 F (the game model's list)
Weather,warm_team_in_cold,L,pooled,rush_carries,True,-0.00032,-0.00122,0.0001,0.00334,0.00148,0.00144,3.0824,2.933,2.8393,,,,,,,,,,,False,,,fails 1 (2023-25),all +14.17% on vs off (+0.96 at a 6.8 line),a warm-climate or dome team outdoors under 35 F (the game model's list)
Weather,warm_team_in_cold,L,by position,rush_carries,True,-0.00178,4e-05,-0.00059,0.00361,0.00174,0.00145,3.0824,2.933,2.8393,,,,,,,,,,,False,,,fails 1 (2019-22),RB +14.17% on vs off (+1.29 at a 9.1 line); QB +0.00% on vs off (+0.00 at a 3.7 line); other -89.69% on vs off (-0.65 at a 0.7 line),a warm-climate or dome team outdoors under 35 F (the game model's list)
Weather,warm_team_in_cold,L,pooled,rush_td,True,0.00014,0.00026,1e-05,0.00069,0.00024,2e-05,0.5136,0.5501,0.5199,,,,,,,,,,,False,,,"fails 1 (2017-18, 2019-22, 2023-25)",all -3.72% on vs off (-0.01 at a 0.2 line),a warm-climate or dome team outdoors under 35 F (the game model's list)
Weather,warm_team_in_cold,L,by position,rush_td,True,6e-05,0.00043,-0.00011,0.0006,0.0003,0.00011,0.5136,0.5501,0.5199,,,,,,,,,,,False,,,"fails 1 (2017-18, 2019-22)",RB -5.52% on vs off (-0.02 at a 0.3 line); QB +12.03% on vs off (+0.02 at a 0.2 line); other -89.69% on vs off (-0.02 at a 0.0 line),a warm-climate or dome team outdoors under 35 F (the game model's list)
Weather,warm_team_in_cold,L,pooled,pass_yards,True,0.05164,0.00846,-0.03405,0.12349,0.05912,0.05312,60.7221,56.5737,56.1092,,,,,,,,,,,False,,,"fails 1 (2017-18, 2019-22)",all -10.56% on vs off (-24.18 at a 228.9 line),a warm-climate or dome team outdoors under 35 F (the game model's list)
Weather,warm_team_in_cold,L,pooled,pass_dropbacks,True,0.00748,-0.00149,-0.00047,0.00639,0.0014,0.00344,7.5939,7.686,7.7009,,,,,,,,,,,False,,,fails 1 (2017-18),all -3.65% on vs off (-1.38 at a 37.7 line),a warm-climate or dome team outdoors under 35 F (the game model's list)
Weather,warm_team_in_cold,L,pooled,pass_td,True,-0.00098,0.00065,3e-05,0.00155,0.00084,0.0003,0.8534,0.8376,0.8698,,,,,,,,,,,False,,,"fails 1 (2019-22, 2023-25)",all -13.83% on vs off (-0.21 at a 1.5 line),a warm-climate or dome team outdoors under 35 F (the game model's list)
Weather,warm_team_in_cold,L,pooled,pass_int,True,0.00154,0.00011,-9e-05,0.00163,9e-05,0.0001,0.9749,0.9645,0.9458,,,,,,,,,,,False,,,"fails 1 (2017-18, 2019-22)",all +9.75% on vs off (+0.08 at a 0.8 line),a warm-climate or dome team outdoors under 35 F (the game model's list)
Weather,bad_x_turf,L,pooled,rec_yards,True,-0.00178,-0.00229,-0.00346,0.00467,0.00389,0.00457,19.6893,19.131,18.1454,-0.000304,-0.000131,-0.000139,91-80,90-81,171.0,,,,,True,False,,fails 2 (lean record),all -6.78% on vs off (-1.72 at a 25.4 line),bad weather on turf
Weather,bad_x_turf,L,by position,rec_yards,True,0.00348,-0.00379,-0.0046,0.0084,0.00452,0.00521,19.6893,19.131,18.1454,,,,,,,,,,,False,,,fails 1 (2017-18),WR -7.71% on vs off (-2.59 at a 33.6 line); TE -13.96% on vs off (-2.92 at a 20.9 line); RB +2.03% on vs off (+0.29 at a 14.3 line); other -35.02% on vs off (-3.34 at a 9.5 line),bad weather on turf
Weather,bad_x_turf,L,pooled,rec_catches,True,0.00164,-0.00019,-0.00067,0.00107,0.00043,0.00043,1.4479,1.4404,1.367,,,,,,,,,,,False,,,fails 1 (2017-18),all -7.71% on vs off (-0.19 at a 2.4 line),bad weather on turf
Weather,bad_x_turf,L,by position,rec_catches,True,0.00208,8e-05,-0.00064,0.00113,0.00042,0.00041,1.4479,1.4404,1.367,,,,,,,,,,,False,,,"fails 1 (2017-18, 2019-22)",WR -7.71% on vs off (-0.22 at a 2.9 line); TE -9.54% on vs off (-0.20 at a 2.1 line); RB -6.78% on vs off (-0.12 at a 1.8 line); other +16.23% on vs off (+0.19 at a 1.2 line),bad weather on turf
Weather,bad_x_turf,L,pooled,rec_targets,True,0.001,9e-05,-9e-05,0.00074,0.00016,0.00012,1.8752,1.8257,1.7128,,,,,,,,,,,False,,,"fails 1 (2017-18, 2019-22)",all -1.99% on vs off (-0.08 at a 4.0 line),bad weather on turf
Weather,bad_x_turf,L,by position,rec_targets,True,0.00191,0.00073,-7e-05,0.00127,0.00025,0.00013,1.8752,1.8257,1.7128,,,,,,,,,,,False,,,"fails 1 (2017-18, 2019-22)",WR -1.99% on vs off (-0.10 at a 5.0 line); TE +0.00% on vs off (+0.00 at a 3.4 line); RB -3.93% on vs off (-0.11 at a 2.7 line); other -36.31% on vs off (-0.65 at a 1.8 line),bad weather on turf
Weather,bad_x_turf,L,pooled,rec_td,True,-0.00018,7e-05,5e-05,9e-05,0.00013,8e-05,0.5007,0.4919,0.4727,,,,,,,,,,,False,,,"fails 1 (2019-22, 2023-25)",all -6.78% on vs off (-0.01 at a 0.2 line),bad weather on turf
Weather,bad_x_turf,L,by position,rec_td,True,-0.00015,0.0001,0.00013,9e-05,0.00015,0.00011,0.5007,0.4919,0.4727,,,,,,,,,,,False,,,"fails 1 (2019-22, 2023-25)",WR -2.96% on vs off (-0.01 at a 0.2 line); TE -18.17% on vs off (-0.03 at a 0.2 line); RB -1.99% on vs off (-0.00 at a 0.1 line); other -69.98% on vs off (-0.07 at a 0.1 line),bad weather on turf
Weather,bad_x_turf,L,pooled,rush_yards,True,0.00965,0.00092,0.0,0.00851,0.0011,0.0,18.041,17.6866,16.9681,,,,,,,,,,,False,,,"fails 1 (2017-18, 2019-22, 2023-25)",all +2.00% on vs off (+0.53 at a 26.3 line),bad weather on turf
Weather,bad_x_turf,L,by position,rush_yards,True,0.01448,0.00473,0.00146,0.01362,0.00327,0.00163,18.041,17.6866,16.9681,,,,,,,,,,,False,,,"fails 1 (2017-18, 2019-22, 2023-25)",RB +2.00% on vs off (+0.70 at a 34.8 line); QB +1.00% on vs off (+0.15 at a 14.6 line); other +28.13% on vs off (+0.93 at a 3.3 line),bad weather on turf
Weather,bad_x_turf,L,pooled,rush_carries,True,-0.00041,9e-05,0.00027,0.0005,0.00045,0.00039,3.0824,2.933,2.8393,,,,,,,,,,,False,,,"fails 1 (2019-22, 2023-25)",all +2.00% on vs off (+0.14 at a 6.8 line),bad weather on turf
Weather,bad_x_turf,L,by position,rush_carries,True,0.00017,0.0021,-0.00021,0.0022,0.00088,0.00042,3.0824,2.933,2.8393,,,,,,,,,,,False,,,"fails 1 (2017-18, 2019-22)",RB +2.00% on vs off (+0.18 at a 9.1 line); QB +0.00% on vs off (+0.00 at a 3.7 line); other -69.57% on vs off (-0.50 at a 0.7 line),bad weather on turf
Weather,bad_x_turf,L,pooled,rush_td,True,-0.00027,5e-05,6e-05,0.00018,0.00026,0.00013,0.5136,0.5501,0.5199,,,,,,,,,,,False,,,"fails 1 (2019-22, 2023-25)",all +11.52% on vs off (+0.03 at a 0.2 line),bad weather on turf
Weather,bad_x_turf,L,by position,rush_td,True,2e-05,0.00027,0.00028,0.00038,0.00031,0.00018,0.5136,0.5501,0.5199,,,,,,,,,,,False,,,"fails 1 (2017-18, 2019-22, 2023-25)",RB +10.42% on vs off (+0.03 at a 0.3 line); QB +18.36% on vs off (+0.03 at a 0.2 line); other -69.57% on vs off (-0.01 at a 0.0 line),bad weather on turf
Weather,bad_x_turf,L,pooled,pass_yards,True,0.04741,-0.02682,-0.08683,0.09187,0.03088,0.04318,60.7221,56.5737,56.1092,,,,,,,,,,,False,,,fails 1 (2017-18),all -4.10% on vs off (-9.39 at a 228.9 line),bad weather on turf
Weather,bad_x_turf,L,pooled,pass_dropbacks,True,0.00739,0.00148,0.00032,0.00581,0.00231,0.00108,7.5939,7.686,7.7009,,,,,,,,,,,False,,,"fails 1 (2017-18, 2019-22, 2023-25)",all -1.04% on vs off (-0.39 at a 37.7 line),bad weather on turf
Weather,bad_x_turf,L,pooled,pass_td,True,-0.00075,0.00051,0.00014,0.00042,0.00065,0.00044,0.8534,0.8376,0.8698,,,,,,,,,,,False,,,"fails 1 (2019-22, 2023-25)",all -5.10% on vs off (-0.08 at a 1.5 line),bad weather on turf
Weather,bad_x_turf,L,pooled,pass_int,True,-0.00036,0.00046,1e-05,0.00087,0.00042,4e-05,0.9749,0.9645,0.9458,,,,,,,,,,,False,,,"fails 1 (2019-22, 2023-25)",all -2.07% on vs off (-0.02 at a 0.8 line),bad weather on turf
Weather,bad_x_grass,L,pooled,rec_yards,True,7e-05,-0.00674,0.00113,0.00893,0.00436,0.00499,19.6893,19.131,18.1454,,,,,,,,,,,False,,,"fails 1 (2017-18, 2023-25)",all -6.33% on vs off (-1.61 at a 25.4 line),bad weather on grass
Weather,bad_x_grass,L,by position,rec_yards,True,0.00514,-0.00363,0.00351,0.01005,0.0048,0.00512,19.6893,19.131,18.1454,,,,,,,,,,,False,,,"fails 1 (2017-18, 2023-25)",WR -4.96% on vs off (-1.66 at a 33.6 line); TE -9.67% on vs off (-2.02 at a 20.9 line); RB -8.35% on vs off (-1.19 at a 14.3 line); other -50.23% on vs off (-4.79 at a 9.5 line),bad weather on grass
Weather,bad_x_grass,L,pooled,rec_catches,True,8e-05,-0.00037,3e-05,0.00045,0.00027,0.00025,1.4479,1.4404,1.367,,,,,,,,,,,False,,,"fails 1 (2017-18, 2023-25)",all -3.57% on vs off (-0.09 at a 2.4 line),bad weather on grass
Weather,bad_x_grass,L,by position,rec_catches,True,0.00059,-0.0003,0.00011,0.00058,0.00036,0.00032,1.4479,1.4404,1.367,,,,,,,,,,,False,,,"fails 1 (2017-18, 2023-25)",WR -2.16% on vs off (-0.06 at a 2.9 line); TE -7.01% on vs off (-0.15 at a 2.1 line); RB -4.96% on vs off (-0.09 at a 1.8 line); other -17.82% on vs off (-0.21 at a 1.2 line),bad weather on grass
Weather,bad_x_grass,L,pooled,rec_targets,True,0.00019,-0.00026,-0.0002,0.00026,0.0002,0.00025,1.8752,1.8257,1.7128,,,,,,,,,,,False,,,fails 1 (2017-18),all -2.16% on vs off (-0.09 at a 4.0 line),bad weather on grass
Weather,bad_x_grass,L,by position,rec_targets,True,0.00094,-0.00031,4e-05,0.00055,0.00024,0.00031,1.8752,1.8257,1.7128,,,,,,,,,,,False,,,"fails 1 (2017-18, 2023-25)",WR -1.44% on vs off (-0.07 at a 5.0 line); TE -3.57% on vs off (-0.12 at a 3.4 line); RB -4.27% on vs off (-0.12 at a 2.7 line); other -39.88% on vs off (-0.71 at a 1.8 line),bad weather on grass
Weather,bad_x_grass,L,pooled,rec_td,True,-9e-05,-3e-05,-0.0,0.00011,0.00012,8e-05,0.5007,0.4919,0.4727,,,,156-68,154-70,224.0,,,,,True,False,,fails 2 (lean record),all -7.01% on vs off (-0.01 at a 0.2 line),bad weather on grass
Weather,bad_x_grass,L,by position,rec_td,True,2e-05,1e-05,2e-05,0.00017,0.00018,0.00012,0.5007,0.4919,0.4727,,,,,,,,,,,False,,,"fails 1 (2017-18, 2019-22, 2023-25)",WR -2.16% on vs off (-0.01 at a 0.2 line); TE -16.01% on vs off (-0.03 at a 0.2 line); RB -12.26% on vs off (-0.01 at a 0.1 line); other -58.19% on vs off (-0.06 at a 0.1 line),bad weather on grass
Weather,bad_x_grass,L,pooled,rush_yards,True,0.01959,-0.00028,0.00114,0.02106,0.0071,0.00496,18.041,17.6866,16.9681,,,,,,,,,,,False,,,"fails 1 (2017-18, 2023-25)",all +3.71% on vs off (+0.98 at a 26.3 line),bad weather on grass
Weather,bad_x_grass,L,by position,rush_yards,True,0.02127,-0.00158,0.0024,0.02159,0.0069,0.00546,18.041,17.6866,16.9681,,,,,,,,,,,False,,,"fails 1 (2017-18, 2023-25)",RB +3.71% on vs off (+1.29 at a 34.8 line); QB +6.78% on vs off (+0.99 at a 14.6 line); other +4.47% on vs off (+0.15 at a 3.3 line),bad weather on grass
Weather,bad_x_grass,L,pooled,rush_carries,True,0.00146,-0.0003,0.00076,0.00152,0.00083,0.00064,3.0824,2.933,2.8393,,,,,,,,,,,False,,,"fails 1 (2017-18, 2023-25)",all +0.73% on vs off (+0.05 at a 6.8 line),bad weather on grass
Weather,bad_x_grass,L,by position,rush_carries,True,0.00388,0.00013,0.00079,0.0019,0.00076,0.0008,3.0824,2.933,2.8393,,,,,,,,,,,False,,,"fails 1 (2017-18, 2019-22, 2023-25)",RB +0.73% on vs off (+0.07 at a 9.1 line); QB +4.47% on vs off (+0.16 at a 3.7 line); other -4.98% on vs off (-0.04 at a 0.7 line),bad weather on grass
Weather,bad_x_grass,L,pooled,rush_td,True,-0.00011,0.00015,-0.00026,0.0003,0.00016,0.00017,0.5136,0.5501,0.5199,,,,,,,,,,,False,,,fails 1 (2019-22),all -11.02% on vs off (-0.02 at a 0.2 line),bad weather on grass
Weather,bad_x_grass,L,by position,rush_td,True,-0.00033,0.00039,-0.0002,0.00057,0.00039,0.0003,0.5136,0.5501,0.5199,,,,,,,,,,,False,,,fails 1 (2019-22),RB -12.30% on vs off (-0.03 at a 0.3 line); QB -11.02% on vs off (-0.02 at a 0.2 line); other +115.09% on vs off (+0.02 at a 0.0 line),bad weather on grass
Weather,bad_x_grass,L,pooled,pass_yards,True,-0.02501,-0.15525,-0.14219,0.18928,0.11494,0.12065,60.7221,56.5737,56.1092,-0.000937,-0.001814,0.000702,15-17,15-17,32.0,,,,,True,False,,fails 2 (chance 2023-25),all -7.75% on vs off (-17.74 at a 228.9 line),bad weather on grass
Weather,bad_x_grass,L,pooled,pass_dropbacks,True,-3e-05,-0.00407,-0.00319,0.00468,0.00432,0.00505,7.5939,7.686,7.7009,,,,,,,39.0,50.0,47.0,0.78,True,True,False,"fails 3 (placebo, worst window beaten in 39/50)",all -2.18% on vs off (-0.82 at a 37.7 line),bad weather on grass
Weather,bad_x_grass,L,pooled,pass_td,True,-0.00028,-0.00015,0.0002,0.00033,0.00062,0.0004,0.8534,0.8376,0.8698,,,,,,,,,,,False,,,fails 1 (2023-25),all -5.00% on vs off (-0.08 at a 1.5 line),bad weather on grass
Weather,bad_x_grass,L,pooled,pass_int,True,-0.00074,-0.00068,0.00016,0.0008,0.00076,0.00069,0.9749,0.9645,0.9458,,,,,,,,,,,False,,,fails 1 (2023-25),all +10.81% on vs off (+0.09 at a 0.8 line),bad weather on grass
Weather,bad_x_night,L,pooled,rec_yards,True,0.003,0.00672,0.00041,0.00611,0.00274,0.00212,19.6893,19.131,18.1454,,,,,,,,,,,False,,,"fails 1 (2017-18, 2019-22, 2023-25)",all -3.71% on vs off (-0.94 at a 25.4 line),bad weather at night
Weather,bad_x_night,L,by position,rec_yards,True,0.01393,0.00776,0.00036,0.01071,0.00331,0.00291,19.6893,19.131,18.1454,,,,,,,,,,,False,,,"fails 1 (2017-18, 2019-22, 2023-25)",WR -7.28% on vs off (-2.44 at a 33.6 line); TE +0.00% on vs off (+0.00 at a 20.9 line); RB +0.00% on vs off (+0.00 at a 14.3 line); other +102.41% on vs off (+9.77 at a 9.5 line),bad weather at night
Weather,bad_x_night,L,pooled,rec_catches,True,4e-05,5e-05,-0.00022,0.00029,0.0002,0.00015,1.4479,1.4404,1.367,,,,,,,,,,,False,,,"fails 1 (2017-18, 2019-22)",all -4.91% on vs off (-0.12 at a 2.4 line),bad weather at night
Weather,bad_x_night,L,by position,rec_catches,True,0.00067,0.00029,-0.00016,0.00047,0.00027,0.00016,1.4479,1.4404,1.367,,,,,,,,,,,False,,,"fails 1 (2017-18, 2019-22)",WR -6.10% on vs off (-0.18 at a 2.9 line); TE -1.25% on vs off (-0.03 at a 2.1 line); RB +1.27% on vs off (+0.02 at a 1.8 line); other -6.10% on vs off (-0.07 at a 1.2 line),bad weather at night
Weather,bad_x_night,L,pooled,rec_targets,True,0.00015,0.00042,4e-05,0.00024,0.00019,7e-05,1.8752,1.8257,1.7128,,,,,,,,,,,False,,,"fails 1 (2017-18, 2019-22, 2023-25)",all -1.25% on vs off (-0.05 at a 4.0 line),bad weather at night
Weather,bad_x_night,L,by position,rec_targets,True,0.00097,0.00073,8e-05,0.00072,0.00031,0.00013,1.8752,1.8257,1.7128,,,,,,,,,,,False,,,"fails 1 (2017-18, 2019-22, 2023-25)",WR -3.71% on vs off (-0.18 at a 5.0 line); TE +3.85% on vs off (+0.13 at a 3.4 line); RB +1.27% on vs off (+0.03 at a 2.7 line); other -34.00% on vs off (-0.61 at a 1.8 line),bad weather at night
Weather,bad_x_night,L,pooled,rec_td,True,0.00016,0.0,4e-05,0.00012,3e-05,2e-05,0.5007,0.4919,0.4727,,,,,,,,,,,False,,,"fails 1 (2017-18, 2019-22, 2023-25)",all -2.49% on vs off (-0.00 at a 0.2 line),bad weather at night
Weather,bad_x_night,L,by position,rec_td,True,0.00057,8e-05,6e-05,0.00023,7e-05,3e-05,0.5007,0.4919,0.4727,,,,,,,,,,,False,,,"fails 1 (2017-18, 2019-22, 2023-25)",WR -2.49% on vs off (-0.01 at a 0.2 line); TE +1.27% on vs off (+0.00 at a 0.2 line); RB -3.71% on vs off (-0.00 at a 0.1 line); other -50.60% on vs off (-0.05 at a 0.1 line),bad weather at night
Weather,bad_x_night,L,pooled,rush_yards,True,-0.00538,0.00694,-0.00026,0.01073,0.00549,0.00184,18.041,17.6866,16.9681,,,,,,,,,,,False,,,fails 1 (2019-22),all +2.64% on vs off (+0.69 at a 26.3 line),bad weather at night
Weather,bad_x_night,L,by position,rush_yards,True,-0.0033,0.00826,0.00248,0.01144,0.00669,0.00256,18.041,17.6866,16.9681,,,,,,,,,,,False,,,"fails 1 (2019-22, 2023-25)",RB +1.31% on vs off (+0.46 at a 34.8 line); QB +8.12% on vs off (+1.18 at a 14.6 line); other -15.57% on vs off (-0.52 at a 3.3 line),bad weather at night
Weather,bad_x_night,L,pooled,rush_carries,True,0.00074,0.00028,7e-05,0.00068,0.0005,0.00012,3.0824,2.933,2.8393,,,,,,,,,,,False,,,"fails 1 (2017-18, 2019-22, 2023-25)",all +0.00% on vs off (+0.00 at a 6.8 line),bad weather at night
Weather,bad_x_night,L,by position,rush_carries,True,0.0031,0.00031,-6e-05,0.00161,0.00058,0.0002,3.0824,2.933,2.8393,,,,,,,,,,,False,,,"fails 1 (2017-18, 2019-22)",RB -1.29% on vs off (-0.12 at a 9.1 line); QB +3.98% on vs off (+0.15 at a 3.7 line); other -8.71% on vs off (-0.06 at a 0.7 line),bad weather at night
Weather,bad_x_night,L,pooled,rush_td,True,5e-05,-8e-05,0.00011,8e-05,0.00015,0.00014,0.5136,0.5501,0.5199,,,,,,,,,,,False,,,"fails 1 (2017-18, 2023-25)",all -8.71% on vs off (-0.02 at a 0.2 line),bad weather at night
Weather,bad_x_night,L,by position,rush_td,True,0.00027,0.00042,0.00027,0.00031,0.00028,0.0002,0.5136,0.5501,0.5199,,,,,,,,,,,False,,,"fails 1 (2017-18, 2019-22, 2023-25)",RB -9.89% on vs off (-0.03 at a 0.3 line); QB -11.06% on vs off (-0.02 at a 0.2 line); other +99.38% on vs off (+0.02 at a 0.0 line),bad weather at night
Weather,bad_x_night,L,pooled,pass_yards,True,0.08205,0.11748,-0.02814,0.15036,0.0576,0.03762,60.7221,56.5737,56.1092,,,,,,,,,,,False,,,"fails 1 (2017-18, 2019-22)",all -5.18% on vs off (-11.86 at a 228.9 line),bad weather at night
Weather,bad_x_night,L,pooled,pass_dropbacks,True,-0.01244,0.01334,0.00552,0.01498,0.0086,0.00319,7.5939,7.686,7.7009,,,,,,,,,,,False,,,"fails 1 (2019-22, 2023-25)",all +0.00% on vs off (+0.00 at a 37.7 line),bad weather at night
Weather,bad_x_night,L,pooled,pass_td,True,0.00093,-0.0001,0.00033,0.00083,0.00023,0.00016,0.8534,0.8376,0.8698,,,,,,,,,,,False,,,"fails 1 (2017-18, 2023-25)",all -1.32% on vs off (-0.02 at a 1.5 line),bad weather at night
Weather,bad_x_night,L,pooled,pass_int,True,-0.00124,0.00027,0.00079,0.00077,0.00086,0.00046,0.9749,0.9645,0.9458,,,,,,,,,,,False,,,"fails 1 (2019-22, 2023-25)",all +6.88% on vs off (+0.06 at a 0.8 line),bad weather at night
Weather,wind_x_turf,L,pooled,rec_yards,True,-0.00012,0.00073,-0.00074,0.00101,0.00219,0.00124,19.6893,19.131,18.1454,,,,,,,,,,,False,,,fails 1 (2019-22),all -0.67% per sd (1.2) (-0.17 at a 25.4 line),wind above 10 on turf
Weather,wind_x_turf,L,by position,rec_yards,True,0.01071,0.00199,-0.00075,0.01288,0.00265,0.00172,19.6893,19.131,18.1454,,,,,,,,,,,False,,,"fails 1 (2017-18, 2019-22)",WR -0.83% per sd (1.2) (-0.28 at a 33.6 line); TE -0.67% per sd (1.2) (-0.14 at a 20.9 line); RB +0.50% per sd (1.2) (+0.07 at a 14.3 line); other +22.19% per sd (1.2) (+2.12 at a 9.5 line),wind above 10 on turf
Weather,wind_x_turf,L,pooled,rec_catches,True,-0.00011,-0.00011,-0.00017,0.00023,0.00024,0.00014,1.4479,1.4404,1.367,3.7e-05,-7.8e-05,-4.1e-05,81-81,82-80,162.0,,,,,True,False,,fails 2 (chance 2017-18),all -1.00% per sd (1.2) (-0.02 at a 2.4 line),wind above 10 on turf
Weather,wind_x_turf,L,by position,rec_catches,True,-0.00031,0.00015,-0.00017,0.00037,0.00029,0.00017,1.4479,1.4404,1.367,,,,,,,,,,,False,,,fails 1 (2019-22),WR -1.16% per sd (1.2) (-0.03 at a 2.9 line); TE -1.82% per sd (1.2) (-0.04 at a 2.1 line); RB -0.33% per sd (1.2) (-0.01 at a 1.8 line); other -18.16% per sd (1.2) (-0.21 at a 1.2 line),wind above 10 on turf
Weather,wind_x_turf,L,pooled,rec_targets,True,-0.00058,0.00063,9e-05,0.00036,0.0003,7e-05,1.8752,1.8257,1.7128,,,,,,,,,,,False,,,"fails 1 (2019-22, 2023-25)",all +0.00% per sd (1.2) (+0.00 at a 4.0 line),wind above 10 on turf
Weather,wind_x_turf,L,by position,rec_targets,True,-0.0004,0.00079,0.00015,0.00042,0.00035,0.00017,1.8752,1.8257,1.7128,,,,,,,,,,,False,,,"fails 1 (2019-22, 2023-25)",WR -0.17% per sd (1.2) (-0.01 at a 5.0 line); TE +1.01% per sd (1.2) (+0.03 at a 3.4 line); RB -0.17% per sd (1.2) (-0.00 at a 2.7 line); other -18.16% per sd (1.2) (-0.32 at a 1.8 line),wind above 10 on turf
Weather,wind_x_turf,L,pooled,rec_td,True,6e-05,-0.0,1e-05,6e-05,3e-05,3e-05,0.5007,0.4919,0.4727,,,,,,,,,,,False,,,"fails 1 (2017-18, 2019-22, 2023-25)",all -0.67% per sd (1.2) (-0.00 at a 0.2 line),wind above 10 on turf
Weather,wind_x_turf,L,by position,rec_td,True,0.0003,-4e-05,-1e-05,0.00023,8e-05,5e-05,0.5007,0.4919,0.4727,,,,,,,,,,,False,,,fails 1 (2017-18),WR -0.50% per sd (1.2) (-0.00 at a 0.2 line); TE -3.93% per sd (1.2) (-0.01 at a 0.2 line); RB +3.22% per sd (1.2) (+0.00 at a 0.1 line); other -18.16% per sd (1.2) (-0.02 at a 0.1 line),wind above 10 on turf
Weather,wind_x_turf,L,pooled,rush_yards,True,-0.00045,-0.00188,0.00072,0.00087,0.0027,0.00238,18.041,17.6866,16.9681,,,,,,,,,,,False,,,fails 1 (2023-25),all +0.87% per sd (1.27) (+0.23 at a 26.3 line),wind above 10 on turf
Weather,wind_x_turf,L,by position,rush_yards,True,0.00622,-0.003,0.00195,0.00433,0.00331,0.00261,18.041,17.6866,16.9681,,,,,,,,,,,False,,,"fails 1 (2017-18, 2023-25)",RB +0.52% per sd (1.27) (+0.18 at a 34.8 line); QB +2.11% per sd (1.27) (+0.31 at a 14.6 line); other +4.82% per sd (1.27) (+0.16 at a 3.3 line),wind above 10 on turf
Weather,wind_x_turf,L,pooled,rush_carries,True,-0.0002,-0.00013,-0.00027,0.00023,0.00027,0.00026,3.0824,2.933,2.8393,,,,44-40,44-40,84.0,44.0,44.0,46.0,0.88,True,True,False,"fails 3 (placebo, worst window beaten in 44/50)",all +0.35% per sd (1.27) (+0.02 at a 6.8 line),wind above 10 on turf
Weather,wind_x_turf,L,by position,rush_carries,True,0.00025,0.00021,-0.00033,0.00079,0.00039,0.00029,3.0824,2.933,2.8393,,,,,,,,,,,False,,,"fails 1 (2017-18, 2019-22)",RB +0.35% per sd (1.27) (+0.03 at a 9.1 line); QB +0.35% per sd (1.27) (+0.01 at a 3.7 line); other -18.86% per sd (1.27) (-0.14 at a 0.7 line),wind above 10 on turf
Weather,wind_x_turf,L,pooled,rush_td,True,-7e-05,-9e-05,-0.00017,0.0001,0.0002,0.00024,0.5136,0.5501,0.5199,,,,71-30,71-30,101.0,46.0,49.0,48.0,0.92,True,True,True,passes 1-3,all +4.45% per sd (1.27) (+0.01 at a 0.2 line),wind above 10 on turf
Weather,wind_x_turf,L,by position,rush_td,True,0.0004,-1e-05,-0.0004,0.00052,0.00024,0.00032,0.5136,0.5501,0.5199,,,,,,,,,,,False,,,fails 1 (2017-18),RB +3.91% per sd (1.27) (+0.01 at a 0.3 line); QB +9.29% per sd (1.27) (+0.01 at a 0.2 line); other -18.86% per sd (1.27) (-0.00 at a 0.0 line),wind above 10 on turf
Weather,wind_x_turf,L,pooled,pass_yards,True,-0.02682,-0.01637,-0.0037,0.05771,0.05459,0.03726,60.7221,56.5737,56.1092,-0.000371,-0.000183,0.000675,15-17,15-17,32.0,,,,,True,False,,fails 2 (chance 2023-25),all -0.85% per sd (1.22) (-1.95 at a 228.9 line),wind above 10 on turf
Weather,wind_x_turf,L,pooled,pass_dropbacks,True,-0.00498,0.00203,0.00164,0.00358,0.00194,0.00119,7.5939,7.686,7.7009,,,,,,,,,,,False,,,"fails 1 (2019-22, 2023-25)",all +0.00% per sd (1.22) (+0.00 at a 37.7 line),wind above 10 on turf
Weather,wind_x_turf,L,pooled,pass_td,True,-0.00037,0.00023,0.00017,0.00024,0.00031,0.00023,0.8534,0.8376,0.8698,,,,,,,,,,,False,,,"fails 1 (2019-22, 2023-25)",all -0.85% per sd (1.22) (-0.01 at a 1.5 line),wind above 10 on turf
Weather,wind_x_turf,L,pooled,pass_int,True,0.00014,0.00022,8e-05,0.00025,0.00016,0.00013,0.9749,0.9645,0.9458,,,,,,,,,,,False,,,"fails 1 (2017-18, 2019-22, 2023-25)",all -0.51% per sd (1.22) (-0.00 at a 0.8 line),wind above 10 on turf
Weather,own_bad_weather_split,P,pooled,rec_yards,True,0.03609,-0.01402,-0.00198,0.01788,0.00516,0.00696,19.6893,19.131,18.1454,,,,,,,,,,,False,,,fails 1 (2017-18),all k=80 c=+1.05,"his own bad-weather split, shrunk toward the league's"
Weather,own_bad_weather_split,P,pooled,rec_catches,True,0.00259,-6e-05,-0.00044,0.00157,0.00023,0.00029,1.4479,1.4404,1.367,,,,,,,,,,,False,,,fails 1 (2017-18),all k=80 c=+0.75,"his own bad-weather split, shrunk toward the league's"
Weather,own_bad_weather_split,P,pooled,rec_targets,True,0.00693,0.00018,0.0,0.00217,0.0002,3e-05,1.8752,1.8257,1.7128,,,,,,,,,,,False,,,"fails 1 (2017-18, 2019-22, 2023-25)",all k=80 c=+0.15,"his own bad-weather split, shrunk toward the league's"
Weather,own_bad_weather_split,P,pooled,rec_td,True,5e-05,-0.00014,-4e-05,0.00021,0.00013,0.00011,0.5007,0.4919,0.4727,,,,,,,,,,,False,,,fails 1 (2017-18),all k=80 c=+2.50,"his own bad-weather split, shrunk toward the league's"
Weather,own_bad_weather_split,P,pooled,rush_yards,True,0.00643,-0.00069,-0.00336,0.01038,0.0027,0.00312,18.041,17.6866,16.9681,,,,,,,,,,,False,,,fails 1 (2017-18),all k=40 c=-1.00,"his own bad-weather split, shrunk toward the league's"
Weather,own_bad_weather_split,P,pooled,rush_carries,True,-0.00013,-6e-05,-0.00055,0.00167,0.00046,0.00053,3.0824,2.933,2.8393,,,,44-40,44-40,84.0,41.0,41.0,41.0,0.82,True,True,False,"fails 3 (placebo, worst window beaten in 41/50)",all k=80 c=-1.00,"his own bad-weather split, shrunk toward the league's"
Weather,own_bad_weather_split,P,pooled,rush_td,True,-0.00016,0.00034,2e-05,0.00062,0.00027,5e-05,0.5136,0.5501,0.5199,,,,,,,,,,,False,,,"fails 1 (2019-22, 2023-25)",all k=80 c=-1.00,"his own bad-weather split, shrunk toward the league's"
Weather,own_bad_weather_split,P,pooled,pass_yards,True,-0.0698,-0.12577,-0.30027,0.05649,0.0885,0.1137,60.7221,56.5737,56.1092,-0.000398,-0.001389,-0.001774,15-17,14-18,32.0,,,,,True,False,,fails 2 (lean record),all k=80 c=+1.35,"his own bad-weather split, shrunk toward the league's"
Weather,own_bad_weather_split,P,pooled,pass_dropbacks,True,0.02418,-0.00086,0.00202,0.01983,0.00318,0.00325,7.5939,7.686,7.7009,,,,,,,,,,,False,,,"fails 1 (2017-18, 2023-25)",all k=80 c=+0.65,"his own bad-weather split, shrunk toward the league's"
Weather,own_bad_weather_split,P,pooled,pass_td,True,0.00043,0.00039,-0.00018,0.0011,0.00101,0.00044,0.8534,0.8376,0.8698,,,,,,,,,,,False,,,"fails 1 (2017-18, 2019-22)",all k=80 c=+0.55,"his own bad-weather split, shrunk toward the league's"
Weather,own_bad_weather_split,P,pooled,pass_int,True,0.00369,-0.00013,0.00027,0.0027,0.00106,0.00042,0.9749,0.9645,0.9458,,,,,,,,,,,False,,,"fails 1 (2017-18, 2023-25)",all k=80 c=+0.90,"his own bad-weather split, shrunk toward the league's"
Injuries,teammate_out_same_group,L,pooled,rec_yards,True,-0.01147,-0.00182,0.00124,0.0073,0.00527,0.00416,19.6893,19.131,18.1454,,,,,,,,,,,False,,,fails 1 (2023-25),all +2.11% per sd (0.112) (+0.54 at a 25.4 line),shares of known-out starters at his position group (on top of ABSORB)
Injuries,teammate_out_same_group,L,by position,rec_yards,True,-0.01766,0.00341,-0.0023,0.01277,0.00597,0.00389,19.6893,19.131,18.1454,,,,,,,,,,,False,,,fails 1 (2019-22),WR +0.00% per sd (0.112) (+0.00 at a 33.6 line); TE +7.09% per sd (0.112) (+1.48 at a 20.9 line); RB +3.95% per sd (0.112) (+0.56 at a 14.3 line); other +42.94% per sd (0.112) (+4.10 at a 9.5 line),shares of known-out starters at his position group (on top of ABSORB)
Injuries,teammate_out_same_group,L,pooled,rec_catches,True,-0.00309,-0.0009,-0.00188,0.00119,0.00094,0.00077,1.4479,1.4404,1.367,-0.001822,-0.000335,-0.00082,81-81,81-81,162.0,50.0,50.0,50.0,1.0,True,True,True,passes 1-3,all +4.88% per sd (0.112) (+0.12 at a 2.4 line),shares of known-out starters at his position group (on top of ABSORB)
Injuries,teammate_out_same_group,L,by position,rec_catches,True,-0.0027,-0.00039,-0.00191,0.00144,0.00099,0.00077,1.4479,1.4404,1.367,-0.001207,-0.000276,-0.000755,81-81,81-81,162.0,50.0,50.0,50.0,1.0,True,True,True,passes 1-3,WR +4.57% per sd (0.112) (+0.13 at a 2.9 line); TE +7.41% per sd (0.112) (+0.16 at a 2.1 line); RB +5.19% per sd (0.112) (+0.10 at a 1.8 line); other -30.04% per sd (0.112) (-0.35 at a 1.2 line),shares of known-out starters at his position group (on top of ABSORB)
Injuries,teammate_out_same_group,L,pooled,rec_targets,True,-0.00159,-0.00116,-0.00242,0.002,0.00118,0.00085,1.8752,1.8257,1.7128,,,,84-63,85-62,151.0,50.0,50.0,50.0,1.0,True,True,True,passes 1-3,all +3.64% per sd (0.112) (+0.15 at a 4.0 line),shares of known-out starters at his position group (on top of ABSORB)
Injuries,teammate_out_same_group,L,by position,rec_targets,True,8e-05,-0.00097,-0.00213,0.00249,0.00117,0.00087,1.8752,1.8257,1.7128,,,,,,,,,,,False,,,fails 1 (2017-18),WR +3.02% per sd (0.112) (+0.15 at a 5.0 line); TE +12.65% per sd (0.112) (+0.43 at a 3.4 line); RB +3.95% per sd (0.112) (+0.11 at a 2.7 line); other +25.77% per sd (0.112) (+0.46 at a 1.8 line),shares of known-out starters at his position group (on top of ABSORB)
Injuries,teammate_out_same_group,L,pooled,rec_td,True,-0.00017,-0.00011,-0.0001,0.00017,0.00017,0.00015,0.5007,0.4919,0.4727,,,,156-68,155-69,224.0,,,,,True,False,,fails 2 (lean record),all +5.51% per sd (0.112) (+0.01 at a 0.2 line),shares of known-out starters at his position group (on top of ABSORB)
Injuries,teammate_out_same_group,L,by position,rec_td,True,-0.0001,2e-05,-6e-05,0.00027,0.00021,0.00014,0.5007,0.4919,0.4727,,,,,,,,,,,False,,,fails 1 (2019-22),WR +4.26% per sd (0.112) (+0.01 at a 0.2 line); TE +5.19% per sd (0.112) (+0.01 at a 0.2 line); RB +6.45% per sd (0.112) (+0.01 at a 0.1 line); other -30.04% per sd (0.112) (-0.03 at a 0.1 line),shares of known-out starters at his position group (on top of ABSORB)
Injuries,teammate_out_same_group,L,pooled,rush_yards,True,0.00368,-0.00527,-0.00948,0.00832,0.00512,0.0084,18.041,17.6866,16.9681,,,,,,,,,,,False,,,fails 1 (2017-18),all +2.55% per sd (0.158) (+0.67 at a 26.3 line),shares of known-out starters at his position group (on top of ABSORB)
Injuries,teammate_out_same_group,L,by position,rush_yards,True,0.00377,-0.00692,-0.01427,0.01197,0.00529,0.00874,18.041,17.6866,16.9681,,,,,,,,,,,False,,,fails 1 (2017-18),RB +2.55% per sd (0.158) (+0.89 at a 34.8 line); QB +32.69% per sd (0.158) (+4.77 at a 14.6 line); other -28.54% per sd (0.158) (-0.94 at a 3.3 line),shares of known-out starters at his position group (on top of ABSORB)
Injuries,teammate_out_same_group,L,pooled,rush_carries,True,0.0056,-0.01048,-0.00985,0.00615,0.00225,0.0037,3.0824,2.933,2.8393,,,,,,,,,,,False,,,fails 1 (2017-18),all +4.58% per sd (0.158) (+0.31 at a 6.8 line),shares of known-out starters at his position group (on top of ABSORB)
Injuries,teammate_out_same_group,L,by position,rush_carries,True,0.00722,-0.0107,-0.01039,0.0062,0.00225,0.00372,3.0824,2.933,2.8393,,,,,,,,,,,False,,,fails 1 (2017-18),RB +4.58% per sd (0.158) (+0.42 at a 9.1 line); QB +33.81% per sd (0.158) (+1.23 at a 3.7 line); other -7.28% per sd (0.158) (-0.05 at a 0.7 line),shares of known-out starters at his position group (on top of ABSORB)
Injuries,teammate_out_same_group,L,pooled,rush_td,True,-3e-05,-0.00018,-0.00044,5e-05,0.00014,0.00022,0.5136,0.5501,0.5199,,,,71-30,70-31,101.0,,,,,True,False,,fails 2 (lean record),all +5.17% per sd (0.158) (+0.01 at a 0.2 line),shares of known-out starters at his position group (on top of ABSORB)
Injuries,teammate_out_same_group,L,by position,rush_td,True,-0.00019,-0.00019,-0.00043,0.00014,0.00017,0.00025,0.5136,0.5501,0.5199,,,,71-30,70-31,101.0,,,,,True,False,,fails 2 (lean record),RB +5.17% per sd (0.158) (+0.01 at a 0.3 line); QB -28.54% per sd (0.158) (-0.05 at a 0.2 line); other -28.54% per sd (0.158) (-0.01 at a 0.0 line),shares of known-out starters at his position group (on top of ABSORB)
Injuries,teammate_out_cross,L,pooled,rec_yards,True,0.00056,0.0035,-0.0012,0.0007,0.00143,0.00087,19.6893,19.131,18.1454,,,,,,,,,,,False,,,"fails 1 (2017-18, 2019-22)",all +0.86% per sd (0.0603) (+0.22 at a 25.4 line),"known-out starters at the other receiving groups (WR out for TE / RB, TE out for WR)"
Injuries,teammate_out_cross,L,by position,rec_yards,True,0.01434,0.00777,-0.00203,0.01246,0.00337,0.00357,19.6893,19.131,18.1454,,,,,,,,,,,False,,,"fails 1 (2017-18, 2019-22)",WR +2.32% per sd (0.0603) (+0.78 at a 33.6 line); TE +1.15% per sd (0.0603) (+0.24 at a 20.9 line); RB +0.00% per sd (0.0603) (+0.00 at a 14.3 line); other +41.09% per sd (0.0603) (+3.92 at a 9.5 line),"known-out starters at the other receiving groups (WR out for TE / RB, TE out for WR)"
Injuries,teammate_out_cross,L,pooled,rec_catches,True,0.00028,-0.00064,-0.00118,0.00056,0.00032,0.00052,1.4479,1.4404,1.367,,,,,,,,,,,False,,,fails 1 (2017-18),all +2.62% per sd (0.0603) (+0.06 at a 2.4 line),"known-out starters at the other receiving groups (WR out for TE / RB, TE out for WR)"
Injuries,teammate_out_cross,L,by position,rec_catches,True,0.00099,-5e-05,-0.00101,0.00095,0.00046,0.00057,1.4479,1.4404,1.367,,,,,,,,,,,False,,,fails 1 (2017-18),WR +2.91% per sd (0.0603) (+0.08 at a 2.9 line); TE +2.91% per sd (0.0603) (+0.06 at a 2.1 line); RB +1.74% per sd (0.0603) (+0.03 at a 1.8 line); other +9.93% per sd (0.0603) (+0.12 at a 1.2 line),"known-out starters at the other receiving groups (WR out for TE / RB, TE out for WR)"
Injuries,teammate_out_cross,L,pooled,rec_targets,True,0.00071,-0.00082,-0.00116,0.00137,0.00071,0.00073,1.8752,1.8257,1.7128,,,,,,,,,,,False,,,fails 1 (2017-18),all +2.03% per sd (0.0603) (+0.08 at a 4.0 line),"known-out starters at the other receiving groups (WR out for TE / RB, TE out for WR)"
Injuries,teammate_out_cross,L,by position,rec_targets,True,0.00111,-0.00073,-0.0007,0.00118,0.00078,0.00092,1.8752,1.8257,1.7128,,,,,,,,,,,False,,,fails 1 (2017-18),WR +3.80% per sd (0.0603) (+0.19 at a 5.0 line); TE +2.32% per sd (0.0603) (+0.08 at a 3.4 line); RB +1.15% per sd (0.0603) (+0.03 at a 2.7 line); other +1.44% per sd (0.0603) (+0.03 at a 1.8 line),"known-out starters at the other receiving groups (WR out for TE / RB, TE out for WR)"
Injuries,teammate_out_cross,L,pooled,rec_td,True,1e-05,0.0,-4e-05,7e-05,6e-05,6e-05,0.5007,0.4919,0.4727,,,,,,,,,,,False,,,"fails 1 (2017-18, 2019-22)",all -1.99% per sd (0.0603) (-0.00 at a 0.2 line),"known-out starters at the other receiving groups (WR out for TE / RB, TE out for WR)"
Injuries,teammate_out_cross,L,by position,rec_td,True,7e-05,9e-05,4e-05,0.00015,0.00011,8e-05,0.5007,0.4919,0.4727,,,,,,,,,,,False,,,"fails 1 (2017-18, 2019-22, 2023-25)",WR -2.83% per sd (0.0603) (-0.01 at a 0.2 line); TE -1.14% per sd (0.0603) (-0.00 at a 0.2 line); RB -2.83% per sd (0.0603) (-0.00 at a 0.1 line); other +27.61% per sd (0.0603) (+0.03 at a 0.1 line),"known-out starters at the other receiving groups (WR out for TE / RB, TE out for WR)"
Injuries,wr_out,L,pooled,rec_yards,True,0.00157,0.00171,0.00036,0.00145,0.00116,0.0011,19.6893,19.131,18.1454,,,,,,,,,,,False,,,"fails 1 (2017-18, 2019-22, 2023-25)",all +0.28% per sd (0.0721) (+0.07 at a 25.4 line),known-out WR starters' shares
Injuries,wr_out,L,by position,rec_yards,True,0.02362,0.00476,-0.00029,0.01206,0.00223,0.0025,19.6893,19.131,18.1454,,,,,,,,,,,False,,,"fails 1 (2017-18, 2019-22)",WR +0.00% per sd (0.0721) (+0.00 at a 33.6 line); TE +1.41% per sd (0.0721) (+0.29 at a 20.9 line); RB +1.41% per sd (0.0721) (+0.20 at a 14.3 line); other +39.85% per sd (0.0721) (+3.80 at a 9.5 line),known-out WR starters' shares
Injuries,wr_out,L,pooled,rec_catches,True,0.00023,-0.00087,-0.00185,0.00069,0.00051,0.0007,1.4479,1.4404,1.367,,,,,,,,,,,False,,,fails 1 (2017-18),all +3.12% per sd (0.0721) (+0.08 at a 2.4 line),known-out WR starters' shares
Injuries,wr_out,L,by position,rec_catches,True,0.00079,-0.00044,-0.00167,0.00111,0.00061,0.0007,1.4479,1.4404,1.367,,,,,,,,,,,False,,,fails 1 (2017-18),WR +2.83% per sd (0.0721) (+0.08 at a 2.9 line); TE +3.70% per sd (0.0721) (+0.08 at a 2.1 line); RB +2.55% per sd (0.0721) (+0.05 at a 1.8 line); other +12.14% per sd (0.0721) (+0.14 at a 1.2 line),known-out WR starters' shares
Injuries,wr_out,L,pooled,rec_targets,True,0.00203,-0.00067,-0.0023,0.00186,0.00074,0.00071,1.8752,1.8257,1.7128,,,,,,,,,,,False,,,fails 1 (2017-18),all +1.98% per sd (0.0721) (+0.08 at a 4.0 line),known-out WR starters' shares
Injuries,wr_out,L,by position,rec_targets,True,0.0047,-0.00039,-0.00184,0.00226,0.00076,0.00077,1.8752,1.8257,1.7128,,,,,,,,,,,False,,,fails 1 (2017-18),WR +1.98% per sd (0.0721) (+0.10 at a 5.0 line); TE +2.55% per sd (0.0721) (+0.09 at a 3.4 line); RB +1.98% per sd (0.0721) (+0.05 at a 2.7 line); other +1.41% per sd (0.0721) (+0.03 at a 1.8 line),known-out WR starters' shares
Injuries,wr_out,L,pooled,rec_td,True,5e-05,4e-05,-1e-05,7e-05,3e-05,3e-05,0.5007,0.4919,0.4727,,,,,,,,,,,False,,,"fails 1 (2017-18, 2019-22)",all +0.84% per sd (0.0721) (+0.00 at a 0.2 line),known-out WR starters' shares
Injuries,wr_out,L,by position,rec_td,True,0.00013,0.00013,-1e-05,0.00018,0.00011,8e-05,0.5007,0.4919,0.4727,,,,,,,,,,,False,,,"fails 1 (2017-18, 2019-22)",WR +2.55% per sd (0.0721) (+0.01 at a 0.2 line); TE -1.39% per sd (0.0721) (-0.00 at a 0.2 line); RB -1.39% per sd (0.0721) (-0.00 at a 0.1 line); other +33.74% per sd (0.0721) (+0.04 at a 0.1 line),known-out WR starters' shares
Injuries,wr_out,L,pooled,rush_yards,True,0.07205,0.00843,0.00147,0.03072,0.00895,0.00107,18.041,17.6866,16.9681,,,,,,,,,,,False,,,"fails 1 (2017-18, 2019-22, 2023-25)",all +0.28% per sd (0.0725) (+0.07 at a 26.3 line),known-out WR starters' shares
Injuries,wr_out,L,by position,rush_yards,True,0.08824,0.00603,-0.00375,0.03233,0.00982,0.00471,18.041,17.6866,16.9681,,,,,,,,,,,False,,,"fails 1 (2017-18, 2019-22)",RB +0.85% per sd (0.0725) (+0.30 at a 34.8 line); QB -2.78% per sd (0.0725) (-0.41 at a 14.6 line); other -20.18% per sd (0.0725) (-0.67 at a 3.3 line),known-out WR starters' shares
Injuries,wr_out,L,pooled,rush_carries,True,0.00691,0.00013,-0.00034,0.00304,0.00044,0.00064,3.0824,2.933,2.8393,,,,,,,,,,,False,,,"fails 1 (2017-18, 2019-22)",all +0.85% per sd (0.0725) (+0.06 at a 6.8 line),known-out WR starters' shares
Injuries,wr_out,L,by position,rush_carries,True,0.02094,0.0004,-0.00052,0.00614,0.00068,0.00106,3.0824,2.933,2.8393,,,,,,,,,,,False,,,"fails 1 (2017-18, 2019-22)",RB +1.13% per sd (0.0725) (+0.10 at a 9.1 line); QB -0.84% per sd (0.0725) (-0.03 at a 3.7 line); other -3.32% per sd (0.0725) (-0.02 at a 0.7 line),known-out WR starters' shares
Injuries,wr_out,L,pooled,rush_td,True,-0.00019,0.00013,-3e-05,0.00035,0.00024,0.00017,0.5136,0.5501,0.5199,,,,,,,,,,,False,,,fails 1 (2019-22),all -2.23% per sd (0.0725) (-0.00 at a 0.2 line),known-out WR starters' shares
Injuries,wr_out,L,by position,rush_td,True,-8e-05,0.00018,-0.00018,0.00046,0.00029,0.00024,0.5136,0.5501,0.5199,,,,,,,,,,,False,,,fails 1 (2019-22),RB -1.68% per sd (0.0725) (-0.00 at a 0.3 line); QB -4.95% per sd (0.0725) (-0.01 at a 0.2 line); other -28.69% per sd (0.0725) (-0.01 at a 0.0 line),known-out WR starters' shares
Injuries,wr_out,L,pooled,pass_yards,True,0.15995,0.10663,-0.07831,0.14611,0.08496,0.06153,60.7221,56.5737,56.1092,,,,,,,,,,,False,,,"fails 1 (2017-18, 2019-22)",all -1.14% per sd (0.073) (-2.61 at a 228.9 line),known-out WR starters' shares
Injuries,wr_out,L,pooled,pass_dropbacks,True,0.13595,0.00157,0.0,0.03877,0.00126,0.0,7.5939,7.686,7.7009,,,,,,,,,,,False,,,"fails 1 (2017-18, 2019-22, 2023-25)",all +0.00% per sd (0.073) (+0.00 at a 37.7 line),known-out WR starters' shares
Injuries,wr_out,L,pooled,pass_td,True,0.00121,0.00014,7e-05,0.00092,0.00043,0.00013,0.8534,0.8376,0.8698,,,,,,,,,,,False,,,"fails 1 (2017-18, 2019-22, 2023-25)",all -0.57% per sd (0.073) (-0.01 at a 1.5 line),known-out WR starters' shares
Injuries,wr_out,L,pooled,pass_int,True,0.0005,0.001,0.00012,0.00148,0.00046,0.00012,0.9749,0.9645,0.9458,,,,,,,,,,,False,,,"fails 1 (2017-18, 2019-22, 2023-25)",all -0.29% per sd (0.073) (-0.00 at a 0.8 line),known-out WR starters' shares
Injuries,te_out,L,pooled,rec_yards,True,0.00313,0.00238,-0.00016,0.00547,0.00178,0.00172,19.6893,19.131,18.1454,,,,,,,,,,,False,,,"fails 1 (2017-18, 2019-22)",all +0.57% per sd (0.0297) (+0.15 at a 25.4 line),known-out TE starters' shares
Injuries,te_out,L,by position,rec_yards,True,1e-05,0.00278,-0.00409,0.0082,0.00388,0.00409,19.6893,19.131,18.1454,,,,,,,,,,,False,,,"fails 1 (2017-18, 2019-22)",WR +1.15% per sd (0.0297) (+0.39 at a 33.6 line); TE +2.91% per sd (0.0297) (+0.61 at a 20.9 line); RB -2.55% per sd (0.0297) (-0.36 at a 14.3 line); other +41.04% per sd (0.0297) (+3.92 at a 9.5 line),known-out TE starters' shares
Injuries,te_out,L,pooled,rec_catches,True,0.00025,-0.00016,0.00027,0.00103,0.00038,0.00038,1.4479,1.4404,1.367,,,,,,,,,,,False,,,"fails 1 (2017-18, 2023-25)",all +1.15% per sd (0.0297) (+0.03 at a 2.4 line),known-out TE starters' shares
Injuries,te_out,L,by position,rec_catches,True,4e-05,0.00028,-0.00022,0.00133,0.00052,0.00038,1.4479,1.4404,1.367,,,,,,,,,,,False,,,"fails 1 (2017-18, 2019-22)",WR +1.44% per sd (0.0297) (+0.04 at a 2.9 line); TE +2.03% per sd (0.0297) (+0.04 at a 2.1 line); RB -1.70% per sd (0.0297) (-0.03 at a 1.8 line); other -29.10% per sd (0.0297) (-0.34 at a 1.2 line),known-out TE starters' shares
Injuries,te_out,L,pooled,rec_targets,True,-0.00024,-0.00042,-1e-05,0.00089,0.00068,0.00073,1.8752,1.8257,1.7128,,,,84-63,84-63,151.0,48.0,49.0,38.0,0.76,True,True,False,"fails 3 (placebo, worst window beaten in 38/50)",all +1.44% per sd (0.0297) (+0.06 at a 4.0 line),known-out TE starters' shares
Injuries,te_out,L,by position,rec_targets,True,-0.00016,-0.00042,-0.00052,0.00122,0.00074,0.00082,1.8752,1.8257,1.7128,,,,84-63,84-63,151.0,44.0,49.0,50.0,0.88,True,True,False,"fails 3 (placebo, worst window beaten in 44/50)",WR +1.73% per sd (0.0297) (+0.09 at a 5.0 line); TE +3.20% per sd (0.0297) (+0.11 at a 3.4 line); RB -0.86% per sd (0.0297) (-0.02 at a 2.7 line); other +41.04% per sd (0.0297) (+0.73 at a 1.8 line),known-out TE starters' shares
Injuries,te_out,L,pooled,rec_td,True,-1e-05,-1e-05,-3e-05,6e-05,5e-05,5e-05,0.5007,0.4919,0.4727,,,,156-68,156-68,224.0,37.0,42.0,44.0,0.74,True,True,False,"fails 3 (placebo, worst window beaten in 37/50)",all -1.70% per sd (0.0297) (-0.00 at a 0.2 line),known-out TE starters' shares
Injuries,te_out,L,by position,rec_td,True,0.00022,5e-05,-8e-05,0.00017,8e-05,9e-05,0.5007,0.4919,0.4727,,,,,,,,,,,False,,,"fails 1 (2017-18, 2019-22)",WR -1.42% per sd (0.0297) (-0.00 at a 0.2 line); TE +1.73% per sd (0.0297) (+0.00 at a 0.2 line); RB -6.91% per sd (0.0297) (-0.01 at a 0.1 line); other -29.10% per sd (0.0297) (-0.03 at a 0.1 line),known-out TE starters' shares
Injuries,te_out,L,pooled,rush_yards,True,0.01432,0.00133,0.00042,0.00943,0.0032,0.00202,18.041,17.6866,16.9681,,,,,,,,,,,False,,,"fails 1 (2017-18, 2019-22, 2023-25)",all +0.84% per sd (0.0304) (+0.22 at a 26.3 line),known-out TE starters' shares
Injuries,te_out,L,by position,rush_yards,True,0.05215,0.02406,0.00132,0.01817,0.0071,0.00287,18.041,17.6866,16.9681,,,,,,,,,,,False,,,"fails 1 (2017-18, 2019-22, 2023-25)",RB +1.12% per sd (0.0304) (+0.39 at a 34.8 line); QB -0.83% per sd (0.0304) (-0.12 at a 14.6 line); other +9.92% per sd (0.0304) (+0.33 at a 3.3 line),known-out TE starters' shares
Injuries,te_out,L,pooled,rush_carries,True,0.00129,-8e-05,0.00031,0.00128,0.00031,0.00016,3.0824,2.933,2.8393,,,,,,,,,,,False,,,"fails 1 (2017-18, 2023-25)",all +0.28% per sd (0.0304) (+0.02 at a 6.8 line),known-out TE starters' shares
Injuries,te_out,L,by position,rush_carries,True,0.00136,0.00078,0.00051,0.00163,0.0013,0.00081,3.0824,2.933,2.8393,,,,,,,,,,,False,,,"fails 1 (2017-18, 2019-22, 2023-25)",RB +0.00% per sd (0.0304) (+0.00 at a 9.1 line); QB +1.68% per sd (0.0304) (+0.06 at a 3.7 line); other -23.65% per sd (0.0304) (-0.17 at a 0.7 line),known-out TE starters' shares
Injuries,te_out,L,pooled,rush_td,True,0.00026,6e-05,2e-05,0.00013,7e-05,3e-05,0.5136,0.5501,0.5199,,,,,,,,,,,False,,,"fails 1 (2017-18, 2019-22, 2023-25)",all +1.12% per sd (0.0304) (+0.00 at a 0.2 line),known-out TE starters' shares
Injuries,te_out,L,by position,rush_td,True,-0.00046,0.00025,5e-05,0.00049,0.00042,0.00033,0.5136,0.5501,0.5199,,,,,,,,,,,False,,,"fails 1 (2019-22, 2023-25)",RB -0.28% per sd (0.0304) (-0.00 at a 0.3 line); QB +6.61% per sd (0.0304) (+0.01 at a 0.2 line); other -28.38% per sd (0.0304) (-0.01 at a 0.0 line),known-out TE starters' shares
Injuries,te_out,L,pooled,pass_yards,True,0.04727,-0.01076,-0.04976,0.03395,0.01259,0.03394,60.7221,56.5737,56.1092,,,,,,,,,,,False,,,fails 1 (2017-18),all -0.82% per sd (0.0301) (-1.88 at a 228.9 line),known-out TE starters' shares
Injuries,te_out,L,pooled,pass_dropbacks,True,0.01573,0.00098,0.00101,0.01253,0.00292,0.00494,7.5939,7.686,7.7009,,,,,,,,,,,False,,,"fails 1 (2017-18, 2019-22, 2023-25)",all -0.55% per sd (0.0301) (-0.21 at a 37.7 line),known-out TE starters' shares
Injuries,te_out,L,pooled,pass_td,True,8e-05,-6e-05,-0.00027,0.00013,0.00011,0.00021,0.8534,0.8376,0.8698,,,,,,,,,,,False,,,fails 1 (2017-18),all -1.64% per sd (0.0301) (-0.02 at a 1.5 line),known-out TE starters' shares
Injuries,te_out,L,pooled,pass_int,True,0.00082,0.00034,0.00017,0.00116,0.00026,0.00028,0.9749,0.9645,0.9458,,,,,,,,,,,False,,,"fails 1 (2017-18, 2019-22, 2023-25)",all -0.82% per sd (0.0301) (-0.01 at a 0.8 line),known-out TE starters' shares
Injuries,rb_out,L,pooled,rec_yards,True,0.00052,0.00019,-0.0024,0.00138,0.0022,0.00167,19.6893,19.131,18.1454,,,,,,,,,,,False,,,"fails 1 (2017-18, 2019-22)",all +0.84% per sd (0.197) (+0.21 at a 25.4 line),known-out RB starters' shares (RB2 carries and receptions)
Injuries,rb_out,L,by position,rec_yards,True,-0.01581,0.00485,-0.00536,0.01144,0.0058,0.00323,19.6893,19.131,18.1454,,,,,,,,,,,False,,,fails 1 (2019-22),WR +0.56% per sd (0.197) (+0.19 at a 33.6 line); TE -0.28% per sd (0.197) (-0.06 at a 20.9 line); RB +7.21% per sd (0.197) (+1.03 at a 14.3 line); other -27.20% per sd (0.197) (-2.60 at a 9.5 line),known-out RB starters' shares (RB2 carries and receptions)
Injuries,rb_out,L,pooled,rec_catches,True,-0.00077,-0.00038,-0.00026,0.00071,0.00075,0.00053,1.4479,1.4404,1.367,-0.00122,-0.000119,-0.000642,81-81,82-80,162.0,49.0,49.0,50.0,0.98,True,True,True,passes 1-3,all +2.25% per sd (0.197) (+0.05 at a 2.4 line),known-out RB starters' shares (RB2 carries and receptions)
Injuries,rb_out,L,by position,rec_catches,True,-0.00234,0.00018,-0.00109,0.00097,0.00095,0.0006,1.4479,1.4404,1.367,,,,,,,,,,,False,,,fails 1 (2019-22),WR +1.68% per sd (0.197) (+0.05 at a 2.9 line); TE +1.68% per sd (0.197) (+0.04 at a 2.1 line); RB +9.32% per sd (0.197) (+0.17 at a 1.8 line); other -5.42% per sd (0.197) (-0.06 at a 1.2 line),known-out RB starters' shares (RB2 carries and receptions)
Injuries,rb_out,L,pooled,rec_targets,True,0.00265,0.00011,-0.00115,0.00182,0.00076,0.00055,1.8752,1.8257,1.7128,,,,,,,,,,,False,,,"fails 1 (2017-18, 2019-22)",all +1.68% per sd (0.197) (+0.07 at a 4.0 line),known-out RB starters' shares (RB2 carries and receptions)
Injuries,rb_out,L,by position,rec_targets,True,0.00073,-0.00064,-0.0012,0.00187,0.00099,0.00067,1.8752,1.8257,1.7128,,,,,,,,,,,False,,,fails 1 (2017-18),WR +1.12% per sd (0.197) (+0.06 at a 5.0 line); TE +0.84% per sd (0.197) (+0.03 at a 3.4 line); RB +6.91% per sd (0.197) (+0.19 at a 2.7 line); other -4.62% per sd (0.197) (-0.08 at a 1.8 line),known-out RB starters' shares (RB2 carries and receptions)
Injuries,rb_out,L,pooled,rec_td,True,7e-05,-0.0,-2e-05,6e-05,1e-05,4e-05,0.5007,0.4919,0.4727,,,,,,,,,,,False,,,"fails 1 (2017-18, 2019-22)",all +1.12% per sd (0.197) (+0.00 at a 0.2 line),known-out RB starters' shares (RB2 carries and receptions)
Injuries,rb_out,L,by position,rec_td,True,-0.0001,0.00015,5e-05,0.00029,0.00022,0.00013,0.5007,0.4919,0.4727,,,,,,,,,,,False,,,"fails 1 (2019-22, 2023-25)",WR +0.56% per sd (0.197) (+0.00 at a 0.2 line); TE -1.11% per sd (0.197) (-0.00 at a 0.2 line); RB +11.47% per sd (0.197) (+0.01 at a 0.1 line); other +1.12% per sd (0.197) (+0.00 at a 0.1 line),known-out RB starters' shares (RB2 carries and receptions)
Injuries,rb_out,L,pooled,rush_yards,True,0.00545,-0.00132,-0.00034,0.0094,0.00397,0.00691,18.041,17.6866,16.9681,,,,,,,,,,,False,,,fails 1 (2017-18),all +2.31% per sd (0.194) (+0.61 at a 26.3 line),known-out RB starters' shares (RB2 carries and receptions)
Injuries,rb_out,L,by position,rush_yards,True,0.02125,-0.00493,-0.01352,0.01567,0.00778,0.00894,18.041,17.6866,16.9681,,,,,,,,,,,False,,,fails 1 (2017-18),RB +3.19% per sd (0.194) (+1.11 at a 34.8 line); QB -3.09% per sd (0.194) (-0.45 at a 14.6 line); other -17.39% per sd (0.194) (-0.58 at a 3.3 line),known-out RB starters' shares (RB2 carries and receptions)
Injuries,rb_out,L,pooled,rush_carries,True,0.00533,-0.00944,-0.00893,0.00533,0.00211,0.00335,3.0824,2.933,2.8393,,,,,,,,,,,False,,,fails 1 (2017-18),all +4.37% per sd (0.194) (+0.30 at a 6.8 line),known-out RB starters' shares (RB2 carries and receptions)
Injuries,rb_out,L,by position,rush_carries,True,0.00656,-0.01039,-0.00988,0.00653,0.00244,0.00372,3.0824,2.933,2.8393,,,,,,,,,,,False,,,fails 1 (2017-18),RB +5.57% per sd (0.194) (+0.51 at a 9.1 line); QB +0.00% per sd (0.194) (+0.00 at a 3.7 line); other +2.31% per sd (0.194) (+0.02 at a 0.7 line),known-out RB starters' shares (RB2 carries and receptions)
Injuries,rb_out,L,pooled,rush_td,True,-0.0001,2e-05,-0.00011,0.00016,0.00016,0.00013,0.5136,0.5501,0.5199,,,,,,,,,,,False,,,fails 1 (2019-22),all +2.89% per sd (0.194) (+0.01 at a 0.2 line),known-out RB starters' shares (RB2 carries and receptions)
Injuries,rb_out,L,by position,rush_td,True,0.00021,-0.00045,-0.00062,0.00024,0.00038,0.00036,0.5136,0.5501,0.5199,,,,,,,,,,,False,,,fails 1 (2017-18),RB +6.47% per sd (0.194) (+0.02 at a 0.3 line); QB -4.46% per sd (0.194) (-0.01 at a 0.2 line); other -28.97% per sd (0.194) (-0.01 at a 0.0 line),known-out RB starters' shares (RB2 carries and receptions)
Injuries,rb_out,L,pooled,pass_yards,True,0.46853,-0.00305,0.01451,0.14746,0.06531,0.02692,60.7221,56.5737,56.1092,,,,,,,,,,,False,,,"fails 1 (2017-18, 2023-25)",all +0.55% per sd (0.203) (+1.26 at a 228.9 line),known-out RB starters' shares (RB2 carries and receptions)
Injuries,rb_out,L,pooled,pass_dropbacks,True,0.03348,-0.00102,0.00901,0.01878,0.00925,0.00733,7.5939,7.686,7.7009,,,,,,,,,,,False,,,"fails 1 (2017-18, 2023-25)",all +0.55% per sd (0.203) (+0.21 at a 37.7 line),known-out RB starters' shares (RB2 carries and receptions)
Injuries,rb_out,L,pooled,pass_td,True,0.00094,4e-05,8e-05,0.00051,5e-05,0.0001,0.8534,0.8376,0.8698,,,,,,,,,,,False,,,"fails 1 (2017-18, 2019-22, 2023-25)",all +0.00% per sd (0.203) (+0.00 at a 1.5 line),known-out RB starters' shares (RB2 carries and receptions)
Injuries,rb_out,L,pooled,pass_int,True,-0.00016,0.0003,0.00015,0.00023,0.00025,0.00011,0.9749,0.9645,0.9458,,,,,,,,,,,False,,,"fails 1 (2019-22, 2023-25)",all -0.55% per sd (0.203) (-0.00 at a 0.8 line),known-out RB starters' shares (RB2 carries and receptions)
Injuries,qb_out,L,pooled,rec_yards,True,0.00203,-0.00226,0.00106,0.0035,0.00268,0.00262,19.6893,19.131,18.1454,,,,,,,,,,,False,,,"fails 1 (2017-18, 2023-25)",all -4.65% on vs off (-1.18 at a 25.4 line),the team's usual starting QB listed out (backup QB)
Injuries,qb_out,L,by position,rec_yards,True,0.0047,0.00031,0.00162,0.0068,0.00472,0.00352,19.6893,19.131,18.1454,,,,,,,,,,,False,,,"fails 1 (2017-18, 2019-22, 2023-25)",WR -7.62% on vs off (-2.56 at a 33.6 line); TE +1.60% on vs off (+0.33 at a 20.9 line); RB +1.60% on vs off (+0.23 at a 14.3 line); other +570.68% on vs off (+54.46 at a 9.5 line),the team's usual starting QB listed out (backup QB)
Injuries,qb_out,L,pooled,rec_catches,True,0.00052,-9e-05,0.00015,0.00047,0.0003,0.00016,1.4479,1.4404,1.367,,,,,,,,,,,False,,,"fails 1 (2017-18, 2023-25)",all -4.65% on vs off (-0.11 at a 2.4 line),the team's usual starting QB listed out (backup QB)
Injuries,qb_out,L,by position,rec_catches,True,-0.00018,0.00032,0.00027,0.00087,0.00047,0.00027,1.4479,1.4404,1.367,,,,,,,,,,,False,,,"fails 1 (2019-22, 2023-25)",WR -7.62% on vs off (-0.22 at a 2.9 line); TE +3.22% on vs off (+0.07 at a 2.1 line); RB +1.60% on vs off (+0.03 at a 1.8 line); other -85.09% on vs off (-0.99 at a 1.2 line),the team's usual starting QB listed out (backup QB)
Injuries,qb_out,L,pooled,rec_targets,True,0.00015,0.00012,4e-05,0.00028,0.00017,5e-05,1.8752,1.8257,1.7128,,,,,,,,,,,False,,,"fails 1 (2017-18, 2019-22, 2023-25)",all +0.00% on vs off (+0.00 at a 4.0 line),the team's usual starting QB listed out (backup QB)
Injuries,qb_out,L,by position,rec_targets,True,0.00124,0.00026,0.00053,0.00099,0.0005,0.00033,1.8752,1.8257,1.7128,,,,,,,,,,,False,,,"fails 1 (2017-18, 2019-22, 2023-25)",WR -3.12% on vs off (-0.15 at a 5.0 line); TE +3.22% on vs off (+0.11 at a 3.4 line); RB +1.60% on vs off (+0.04 at a 2.7 line); other -85.09% on vs off (-1.52 at a 1.8 line),the team's usual starting QB listed out (backup QB)
Injuries,qb_out,L,pooled,rec_td,True,0.0,2e-05,-1e-05,1e-05,3e-05,3e-05,0.5007,0.4919,0.4727,,,,,,,,,,,False,,,"fails 1 (2017-18, 2019-22)",all +4.87% on vs off (+0.01 at a 0.2 line),the team's usual starting QB listed out (backup QB)
Injuries,qb_out,L,by position,rec_td,True,0.00025,0.0005,3e-05,0.00031,0.00017,5e-05,0.5007,0.4919,0.4727,,,,,,,,,,,False,,,"fails 1 (2017-18, 2019-22, 2023-25)",WR +3.22% on vs off (+0.01 at a 0.2 line); TE +6.55% on vs off (+0.01 at a 0.2 line); RB +17.19% on vs off (+0.01 at a 0.1 line); other -85.09% on vs off (-0.09 at a 0.1 line),the team's usual starting QB listed out (backup QB)
Injuries,qb_out,L,pooled,rush_yards,True,0.0162,0.00714,-0.00292,0.01846,0.00601,0.00286,18.041,17.6866,16.9681,,,,,,,,,,,False,,,"fails 1 (2017-18, 2019-22)",all -5.21% on vs off (-1.37 at a 26.3 line),the team's usual starting QB listed out (backup QB)
Injuries,qb_out,L,by position,rush_yards,True,0.01959,0.02114,-0.0033,0.02043,0.01219,0.00435,18.041,17.6866,16.9681,,,,,,,,,,,False,,,"fails 1 (2017-18, 2019-22)",RB -6.88% on vs off (-2.40 at a 34.8 line); QB +26.07% on vs off (+3.80 at a 14.6 line); other -19.25% on vs off (-0.64 at a 3.3 line),the team's usual starting QB listed out (backup QB)
Injuries,qb_out,L,pooled,rush_carries,True,0.00163,-0.00021,-0.00046,0.00125,0.00063,0.00083,3.0824,2.933,2.8393,,,,,,,,,,,False,,,fails 1 (2017-18),all -5.21% on vs off (-0.35 at a 6.8 line),the team's usual starting QB listed out (backup QB)
Injuries,qb_out,L,by position,rush_carries,True,0.00582,-7e-05,-0.00145,0.00201,0.00107,0.00095,3.0824,2.933,2.8393,,,,,,,,,,,False,,,fails 1 (2017-18),RB -6.88% on vs off (-0.63 at a 9.1 line); QB +15.32% on vs off (+0.56 at a 3.7 line); other +48.00% on vs off (+0.35 at a 0.7 line),the team's usual starting QB listed out (backup QB)
Injuries,qb_out,L,pooled,rush_td,True,0.00098,8e-05,1e-05,0.00051,0.0001,1e-05,0.5136,0.5501,0.5199,,,,,,,,,,,False,,,"fails 1 (2017-18, 2019-22, 2023-25)",all +0.00% on vs off (+0.00 at a 0.2 line),the team's usual starting QB listed out (backup QB)
Injuries,qb_out,L,by position,rush_td,True,0.00105,0.00075,-1e-05,0.00055,0.00031,0.00014,0.5136,0.5501,0.5199,,,,,,,,,,,False,,,"fails 1 (2017-18, 2019-22)",RB -5.21% on vs off (-0.01 at a 0.3 line); QB +40.29% on vs off (+0.06 at a 0.2 line); other -88.21% on vs off (-0.02 at a 0.0 line),the team's usual starting QB listed out (backup QB)
Injuries,qb_rating,L,pooled,rec_yards,True,-0.01104,-0.00797,-0.01063,0.01198,0.00635,0.00807,19.6893,19.131,18.1454,-0.001922,-0.000152,-0.000165,91-80,87-84,171.0,,,,,True,False,,fails 2 (lean record),all +4.48% per sd (0.0976) (+1.14 at a 25.4 line),"this week's starter's QB rating, against his history of QBs"
Injuries,qb_rating,L,by position,rec_yards,True,-0.00346,-0.00336,-0.01634,0.0173,0.00773,0.00847,19.6893,19.131,18.1454,-0.001514,-7.7e-05,-0.000346,91-80,89-82,171.0,,,,,True,False,,fails 2 (lean record),WR +4.94% per sd (0.0976) (+1.66 at a 33.6 line); TE +5.40% per sd (0.0976) (+1.13 at a 20.9 line); RB +0.44% per sd (0.0976) (+0.06 at a 14.3 line); other +69.17% per sd (0.0976) (+6.60 at a 9.5 line),"this week's starter's QB rating, against his history of QBs"
Injuries,qb_rating,L,pooled,rec_catches,True,-0.00073,-0.00018,-0.0001,0.00042,0.00046,0.00042,1.4479,1.4404,1.367,-0.00019,-0.000126,5.1e-05,81-81,80-82,162.0,,,,,True,False,,"fails 2 (chance 2023-25, lean record)",all +2.21% per sd (0.0976) (+0.05 at a 2.4 line),"this week's starter's QB rating, against his history of QBs"
Injuries,qb_rating,L,by position,rec_catches,True,-0.00077,1e-05,7e-05,0.00071,0.00055,0.00049,1.4479,1.4404,1.367,,,,,,,,,,,False,,,"fails 1 (2019-22, 2023-25)",WR +3.11% per sd (0.0976) (+0.09 at a 2.9 line); TE +2.21% per sd (0.0976) (+0.05 at a 2.1 line); RB +0.44% per sd (0.0976) (+0.01 at a 1.8 line); other +69.17% per sd (0.0976) (+0.80 at a 1.2 line),"this week's starter's QB rating, against his history of QBs"
Injuries,qb_rating,L,pooled,rec_targets,True,-3e-05,-8e-05,0.00013,0.00029,0.0001,0.00021,1.8752,1.8257,1.7128,,,,,,,,,,,False,,,fails 1 (2023-25),all +0.44% per sd (0.0976) (+0.02 at a 4.0 line),"this week's starter's QB rating, against his history of QBs"
Injuries,qb_rating,L,by position,rec_targets,True,0.0021,0.0001,0.00037,0.00161,0.00036,0.00038,1.8752,1.8257,1.7128,,,,,,,,,,,False,,,"fails 1 (2017-18, 2019-22, 2023-25)",WR +0.88% per sd (0.0976) (+0.04 at a 5.0 line); TE +0.00% per sd (0.0976) (+0.00 at a 3.4 line); RB -0.44% per sd (0.0976) (-0.01 at a 2.7 line); other +62.63% per sd (0.0976) (+1.12 at a 1.8 line),"this week's starter's QB rating, against his history of QBs"
Injuries,qb_rating,L,pooled,rec_td,True,-0.00072,-3e-05,-0.00024,0.00043,0.00024,0.00023,0.5007,0.4919,0.4727,,,,156-68,156-68,224.0,50.0,47.0,50.0,0.94,True,True,True,passes 1-3,all +9.64% per sd (0.0976) (+0.02 at a 0.2 line),"this week's starter's QB rating, against his history of QBs"
Injuries,qb_rating,L,by position,rec_td,True,0.00024,0.00017,-0.00016,0.0005,0.00031,0.00026,0.5007,0.4919,0.4727,,,,,,,,,,,False,,,"fails 1 (2017-18, 2019-22)",WR +9.16% per sd (0.0976) (+0.02 at a 0.2 line); TE +7.26% per sd (0.0976) (+0.01 at a 0.2 line); RB +16.57% per sd (0.0976) (+0.01 at a 0.1 line); other +55.66% per sd (0.0976) (+0.06 at a 0.1 line),"this week's starter's QB rating, against his history of QBs"
Injuries,qb_rating,L,pooled,rush_yards,True,0.00991,0.01052,-0.00097,0.01067,0.00448,0.00257,18.041,17.6866,16.9681,,,,,,,,,,,False,,,"fails 1 (2017-18, 2019-22)",all +1.87% per sd (0.0973) (+0.49 at a 26.3 line),"this week's starter's QB rating, against his history of QBs"
Injuries,qb_rating,L,by position,rush_yards,True,0.01587,0.01486,-0.00946,0.0156,0.00563,0.00474,18.041,17.6866,16.9681,,,,,,,,,,,False,,,"fails 1 (2017-18, 2019-22)",RB +2.81% per sd (0.0973) (+0.98 at a 34.8 line); QB -9.25% per sd (0.0973) (-1.35 at a 14.6 line); other -6.70% per sd (0.0973) (-0.22 at a 3.3 line),"this week's starter's QB rating, against his history of QBs"
Injuries,qb_rating,L,pooled,rush_carries,True,0.00233,-0.00109,0.00333,0.00355,0.00108,0.00135,3.0824,2.933,2.8393,,,,,,,,,,,False,,,"fails 1 (2017-18, 2023-25)",all -0.92% per sd (0.0973) (-0.06 at a 6.8 line),"this week's starter's QB rating, against his history of QBs"
Injuries,qb_rating,L,by position,rush_carries,True,0.00622,0.00043,0.00297,0.00421,0.00138,0.00138,3.0824,2.933,2.8393,,,,,,,,,,,False,,,"fails 1 (2017-18, 2019-22, 2023-25)",RB -0.46% per sd (0.0973) (-0.04 at a 9.1 line); QB -4.96% per sd (0.0973) (-0.18 at a 3.7 line); other +6.19% per sd (0.0973) (+0.04 at a 0.7 line),"this week's starter's QB rating, against his history of QBs"
Injuries,qb_rating,L,pooled,rush_td,True,-9e-05,0.00025,-0.00019,7e-05,0.00023,0.00012,0.5136,0.5501,0.5199,,,,,,,,,,,False,,,fails 1 (2019-22),all +4.73% per sd (0.0973) (+0.01 at a 0.2 line),"this week's starter's QB rating, against his history of QBs"
Injuries,qb_rating,L,by position,rush_td,True,0.00028,0.00059,-0.00035,0.0005,0.00046,0.00028,0.5136,0.5501,0.5199,,,,,,,,,,,False,,,"fails 1 (2017-18, 2019-22)",RB +7.68% per sd (0.0973) (+0.02 at a 0.3 line); QB -14.15% per sd (0.0973) (-0.02 at a 0.2 line); other -5.83% per sd (0.0973) (-0.00 at a 0.0 line),"this week's starter's QB rating, against his history of QBs"
Injuries,own_backup_qb_split,P,pooled,rec_yards,True,0.00543,-0.00225,-0.00033,0.0029,0.00201,0.00144,19.6893,19.131,18.1454,,,,,,,,,,,False,,,fails 1 (2017-18),all k=10 c=+0.65,each receiver's / rusher's own split with the backup QB
Injuries,own_backup_qb_split,P,pooled,rec_catches,True,0.0012,-2e-05,0.0001,0.00048,0.00031,7e-05,1.4479,1.4404,1.367,,,,,,,,,,,False,,,"fails 1 (2017-18, 2023-25)",all k=40 c=+1.05,each receiver's / rusher's own split with the backup QB
Injuries,own_backup_qb_split,P,pooled,rec_targets,True,0.00068,0.00021,0.0001,0.00099,0.00022,6e-05,1.8752,1.8257,1.7128,,,,,,,,,,,False,,,"fails 1 (2017-18, 2019-22, 2023-25)",all k=80 c=+0.35,each receiver's / rusher's own split with the backup QB
Injuries,own_backup_qb_split,P,pooled,rec_td,True,0.00021,-1e-05,5e-05,0.00011,2e-05,3e-05,0.5007,0.4919,0.4727,,,,,,,,,,,False,,,"fails 1 (2017-18, 2023-25)",all k=10 c=-1.00,each receiver's / rusher's own split with the backup QB
Injuries,own_backup_qb_split,P,pooled,rush_yards,True,0.06463,0.00475,0.00561,0.02269,0.00564,0.00327,18.041,17.6866,16.9681,,,,,,,,,,,False,,,"fails 1 (2017-18, 2019-22, 2023-25)",all k=80 c=-0.70,each receiver's / rusher's own split with the backup QB
Injuries,own_backup_qb_split,P,pooled,rush_carries,True,-0.00255,0.00414,0.00083,0.00189,0.00174,0.0007,3.0824,2.933,2.8393,,,,,,,,,,,False,,,"fails 1 (2019-22, 2023-25)",all k=80 c=-1.00,each receiver's / rusher's own split with the backup QB
Injuries,own_backup_qb_split,P,pooled,rush_td,True,3e-05,5e-05,0.0,0.00013,5e-05,2e-05,0.5136,0.5501,0.5199,,,,,,,,,,,False,,,"fails 1 (2017-18, 2019-22, 2023-25)",all k=80 c=-1.00,each receiver's / rusher's own split with the backup QB
Injuries,ol_out,L,pooled,rec_yards,True,-0.00135,0.00321,0.00088,0.00122,0.00152,0.00149,19.6893,19.131,18.1454,,,,,,,,,,,False,,,"fails 1 (2019-22, 2023-25)",all +0.24% per sd (0.392) (+0.06 at a 25.4 line),OL starters listed out (QB pass yards; rushing)
Injuries,ol_out,L,by position,rec_yards,True,0.00067,0.01173,0.00615,0.01441,0.00524,0.00402,19.6893,19.131,18.1454,,,,,,,,,,,False,,,"fails 1 (2017-18, 2019-22, 2023-25)",WR +0.49% per sd (0.392) (+0.16 at a 33.6 line); TE -0.24% per sd (0.392) (-0.05 at a 20.9 line); RB -0.24% per sd (0.392) (-0.03 at a 14.3 line); other +12.69% per sd (0.392) (+1.21 at a 9.5 line),OL starters listed out (QB pass yards; rushing)
Injuries,ol_out,L,pooled,rec_catches,True,0.00074,5e-05,0.0,0.0004,5e-05,0.0,1.4479,1.4404,1.367,,,,,,,,,,,False,,,"fails 1 (2017-18, 2019-22, 2023-25)",all +0.24% per sd (0.392) (+0.01 at a 2.4 line),OL starters listed out (QB pass yards; rushing)
Injuries,ol_out,L,by position,rec_catches,True,0.00094,0.00047,0.00024,0.00087,0.00021,0.00025,1.4479,1.4404,1.367,,,,,,,,,,,False,,,"fails 1 (2017-18, 2019-22, 2023-25)",WR +0.24% per sd (0.392) (+0.01 at a 2.9 line); TE +1.47% per sd (0.392) (+0.03 at a 2.1 line); RB -0.49% per sd (0.392) (-0.01 at a 1.8 line); other -5.69% per sd (0.392) (-0.07 at a 1.2 line),OL starters listed out (QB pass yards; rushing)
Injuries,ol_out,L,pooled,rec_targets,True,3e-05,-3e-05,-0.00028,9e-05,8e-05,0.00024,1.8752,1.8257,1.7128,,,,,,,,,,,False,,,fails 1 (2017-18),all +0.73% per sd (0.392) (+0.03 at a 4.0 line),OL starters listed out (QB pass yards; rushing)
Injuries,ol_out,L,by position,rec_targets,True,0.00181,0.00043,0.00018,0.00119,0.00034,0.00049,1.8752,1.8257,1.7128,,,,,,,,,,,False,,,"fails 1 (2017-18, 2019-22, 2023-25)",WR +0.98% per sd (0.392) (+0.05 at a 5.0 line); TE +0.49% per sd (0.392) (+0.02 at a 3.4 line); RB -0.24% per sd (0.392) (-0.01 at a 2.7 line); other -2.88% per sd (0.392) (-0.05 at a 1.8 line),OL starters listed out (QB pass yards; rushing)
Injuries,ol_out,L,pooled,rec_td,True,-3e-05,7e-05,2e-05,0.0001,4e-05,2e-05,0.5007,0.4919,0.4727,,,,,,,,,,,False,,,"fails 1 (2019-22, 2023-25)",all -0.24% per sd (0.392) (-0.00 at a 0.2 line),OL starters listed out (QB pass yards; rushing)
Injuries,ol_out,L,by position,rec_td,True,0.00012,0.00017,6e-05,0.00036,0.00013,0.00011,0.5007,0.4919,0.4727,,,,,,,,,,,False,,,"fails 1 (2017-18, 2019-22, 2023-25)",WR +1.23% per sd (0.392) (+0.00 at a 0.2 line); TE -3.12% per sd (0.392) (-0.01 at a 0.2 line); RB -2.65% per sd (0.392) (-0.00 at a 0.1 line); other -19.71% per sd (0.392) (-0.02 at a 0.1 line),OL starters listed out (QB pass yards; rushing)
Injuries,ol_out,L,pooled,rush_yards,True,-0.00576,0.00243,-0.00209,0.01184,0.00922,0.00625,18.041,17.6866,16.9681,,,,,,,,,,,False,,,fails 1 (2019-22),all -1.45% per sd (0.39) (-0.38 at a 26.3 line),OL starters listed out (QB pass yards; rushing)
Injuries,ol_out,L,by position,rush_yards,True,0.02503,0.00405,-0.00088,0.02711,0.00937,0.00582,18.041,17.6866,16.9681,,,,,,,,,,,False,,,"fails 1 (2017-18, 2019-22)",RB -1.21% per sd (0.39) (-0.42 at a 34.8 line); QB -1.93% per sd (0.39) (-0.28 at a 14.6 line); other -4.05% per sd (0.39) (-0.13 at a 3.3 line),OL starters listed out (QB pass yards; rushing)
Injuries,ol_out,L,pooled,rush_carries,True,-0.00123,-0.00078,0.00043,0.00195,0.00188,0.00142,3.0824,2.933,2.8393,,,,,,,,,,,False,,,fails 1 (2023-25),all -1.21% per sd (0.39) (-0.08 at a 6.8 line),OL starters listed out (QB pass yards; rushing)
Injuries,ol_out,L,by position,rush_carries,True,-0.00021,-0.00097,0.00042,0.00278,0.00192,0.00143,3.0824,2.933,2.8393,,,,,,,,,,,False,,,fails 1 (2023-25),RB -1.21% per sd (0.39) (-0.11 at a 9.1 line); QB -1.45% per sd (0.39) (-0.05 at a 3.7 line); other +2.46% per sd (0.39) (+0.02 at a 0.7 line),OL starters listed out (QB pass yards; rushing)
Injuries,ol_out,L,pooled,rush_td,True,0.00056,4e-05,0.0,0.00028,0.00012,8e-05,0.5136,0.5501,0.5199,,,,,,,,,,,False,,,"fails 1 (2017-18, 2019-22, 2023-25)",all +1.22% per sd (0.39) (+0.00 at a 0.2 line),OL starters listed out (QB pass yards; rushing)
Injuries,ol_out,L,by position,rush_td,True,0.001,8e-05,0.00028,0.00061,0.00023,0.00016,0.5136,0.5501,0.5199,,,,,,,,,,,False,,,"fails 1 (2017-18, 2019-22, 2023-25)",RB +0.98% per sd (0.39) (+0.00 at a 0.3 line); QB +2.46% per sd (0.39) (+0.00 at a 0.2 line); other +6.27% per sd (0.39) (+0.00 at a 0.0 line),OL starters listed out (QB pass yards; rushing)
Injuries,ol_out,L,pooled,pass_yards,True,0.30821,0.02339,0.05221,0.1283,0.03424,0.04195,60.7221,56.5737,56.1092,,,,,,,,,,,False,,,"fails 1 (2017-18, 2019-22, 2023-25)",all +0.25% per sd (0.391) (+0.57 at a 228.9 line),OL starters listed out (QB pass yards; rushing)
Injuries,ol_out,L,pooled,pass_dropbacks,True,-0.00117,0.00433,-0.00284,0.0044,0.00479,0.00228,7.5939,7.686,7.7009,,,,,,,,,,,False,,,fails 1 (2019-22),all +0.25% per sd (0.391) (+0.09 at a 37.7 line),OL starters listed out (QB pass yards; rushing)
Injuries,ol_out,L,pooled,pass_td,True,-0.00115,0.00146,0.00019,0.00152,0.0006,0.00012,0.8534,0.8376,0.8698,,,,,,,,,,,False,,,"fails 1 (2019-22, 2023-25)",all -0.25% per sd (0.391) (-0.00 at a 1.5 line),OL starters listed out (QB pass yards; rushing)
Injuries,ol_out,L,pooled,pass_int,True,-0.00046,0.00043,-0.00044,0.00039,0.00048,0.00044,0.9749,0.9645,0.9458,,,,,,,,,,,False,,,fails 1 (2019-22),all +2.50% per sd (0.391) (+0.02 at a 0.8 line),OL starters listed out (QB pass yards; rushing)
Injuries,off_starters_out,L,pooled,rec_yards,True,-0.00364,0.0033,0.0,0.00313,0.00156,0.0,19.6893,19.131,18.1454,,,,,,,,,,,False,,,"fails 1 (2019-22, 2023-25)",all +0.00% per sd (0.589) (+0.00 at a 25.4 line),offensive starters listed out
Injuries,off_starters_out,L,by position,rec_yards,True,-0.00308,0.01092,-0.00015,0.00985,0.00397,0.00192,19.6893,19.131,18.1454,,,,,,,,,,,False,,,fails 1 (2019-22),WR +0.00% per sd (0.589) (+0.00 at a 33.6 line); TE -0.80% per sd (0.589) (-0.17 at a 20.9 line); RB +0.27% per sd (0.589) (+0.04 at a 14.3 line); other -27.50% per sd (0.589) (-2.62 at a 9.5 line),offensive starters listed out
Injuries,off_starters_out,L,pooled,rec_catches,True,0.00065,-5e-05,-0.00013,0.00031,0.00019,0.00023,1.4479,1.4404,1.367,,,,,,,,,,,False,,,fails 1 (2017-18),all +1.08% per sd (0.589) (+0.03 at a 2.4 line),offensive starters listed out
Injuries,off_starters_out,L,by position,rec_catches,True,0.00054,0.00049,-0.0001,0.00038,0.00025,0.00024,1.4479,1.4404,1.367,,,,,,,,,,,False,,,"fails 1 (2017-18, 2019-22)",WR +0.81% per sd (0.589) (+0.02 at a 2.9 line); TE +1.08% per sd (0.589) (+0.02 at a 2.1 line); RB +1.08% per sd (0.589) (+0.02 at a 1.8 line); other -4.96% per sd (0.589) (-0.06 at a 1.2 line),offensive starters listed out
Injuries,off_starters_out,L,pooled,rec_targets,True,2e-05,-0.00031,-0.00084,0.00041,0.00033,0.0004,1.8752,1.8257,1.7128,,,,,,,,,,,False,,,fails 1 (2017-18),all +1.35% per sd (0.589) (+0.05 at a 4.0 line),offensive starters listed out
Injuries,off_starters_out,L,by position,rec_targets,True,-0.00025,0.00019,-0.00087,0.00063,0.0005,0.00049,1.8752,1.8257,1.7128,,,,,,,,,,,False,,,fails 1 (2019-22),WR +1.62% per sd (0.589) (+0.08 at a 5.0 line); TE +0.54% per sd (0.589) (+0.02 at a 3.4 line); RB +1.08% per sd (0.589) (+0.03 at a 2.7 line); other +5.22% per sd (0.589) (+0.09 at a 1.8 line),offensive starters listed out
Injuries,off_starters_out,L,pooled,rec_td,True,0.00012,6e-05,3e-05,0.0001,4e-05,2e-05,0.5007,0.4919,0.4727,,,,,,,,,,,False,,,"fails 1 (2017-18, 2019-22, 2023-25)",all +0.27% per sd (0.589) (+0.00 at a 0.2 line),offensive starters listed out
Injuries,off_starters_out,L,by position,rec_td,True,0.00027,0.00015,-1e-05,0.00018,0.0001,0.00011,0.5007,0.4919,0.4727,,,,,,,,,,,False,,,"fails 1 (2017-18, 2019-22)",WR +2.17% per sd (0.589) (+0.01 at a 0.2 line); TE -2.90% per sd (0.589) (-0.01 at a 0.2 line); RB -2.90% per sd (0.589) (-0.00 at a 0.1 line); other -27.50% per sd (0.589) (-0.03 at a 0.1 line),offensive starters listed out
Injuries,off_starters_out,L,pooled,rush_yards,True,0.00069,0.00147,-0.00075,0.0148,0.01088,0.00661,18.041,17.6866,16.9681,,,,,,,,,,,False,,,"fails 1 (2017-18, 2019-22)",all -1.07% per sd (0.586) (-0.28 at a 26.3 line),offensive starters listed out
Injuries,off_starters_out,L,by position,rush_yards,True,0.03907,-0.00172,0.00287,0.0276,0.01086,0.0065,18.041,17.6866,16.9681,,,,,,,,,,,False,,,"fails 1 (2017-18, 2023-25)",RB -1.07% per sd (0.586) (-0.37 at a 34.8 line); QB -2.65% per sd (0.586) (-0.39 at a 14.6 line); other -14.87% per sd (0.586) (-0.49 at a 3.3 line),offensive starters listed out
Injuries,off_starters_out,L,pooled,rush_carries,True,0.004,-0.00014,-0.00014,0.00214,0.00069,0.00058,3.0824,2.933,2.8393,,,,,,,,,,,False,,,fails 1 (2017-18),all -0.54% per sd (0.586) (-0.04 at a 6.8 line),offensive starters listed out
Injuries,off_starters_out,L,by position,rush_carries,True,0.00727,-5e-05,-0.00011,0.00301,0.0007,0.00063,3.0824,2.933,2.8393,,,,,,,,,,,False,,,fails 1 (2017-18),RB -0.54% per sd (0.586) (-0.05 at a 9.1 line); QB -0.54% per sd (0.586) (-0.02 at a 3.7 line); other +3.55% per sd (0.586) (+0.03 at a 0.7 line),offensive starters listed out
Injuries,off_starters_out,L,pooled,rush_td,True,0.00066,7e-05,3e-05,0.00027,8e-05,4e-05,0.5136,0.5501,0.5199,,,,,,,,,,,False,,,"fails 1 (2017-18, 2019-22, 2023-25)",all +0.27% per sd (0.586) (+0.00 at a 0.2 line),offensive starters listed out
Injuries,off_starters_out,L,by position,rush_td,True,0.001,0.00021,1e-05,0.00048,0.00014,0.0001,0.5136,0.5501,0.5199,,,,,,,,,,,False,,,"fails 1 (2017-18, 2019-22, 2023-25)",RB -0.80% per sd (0.586) (-0.00 at a 0.3 line); QB +4.95% per sd (0.586) (+0.01 at a 0.2 line); other +3.00% per sd (0.586) (+0.00 at a 0.0 line),offensive starters listed out
Injuries,off_starters_out,L,pooled,pass_yards,True,0.01554,0.06181,0.01301,0.08649,0.04649,0.01549,60.7221,56.5737,56.1092,,,,,,,,,,,False,,,"fails 1 (2017-18, 2019-22, 2023-25)",all +0.00% per sd (0.584) (+0.00 at a 228.9 line),offensive starters listed out
Injuries,off_starters_out,L,pooled,pass_dropbacks,True,0.00324,0.00628,-0.00191,0.00648,0.00494,0.00457,7.5939,7.686,7.7009,,,,,,,,,,,False,,,"fails 1 (2017-18, 2019-22)",all +0.28% per sd (0.584) (+0.11 at a 37.7 line),offensive starters listed out
Injuries,off_starters_out,L,pooled,pass_td,True,-0.00059,0.00103,0.00018,0.0005,0.00046,0.00014,0.8534,0.8376,0.8698,,,,,,,,,,,False,,,"fails 1 (2019-22, 2023-25)",all +0.28% per sd (0.584) (+0.00 at a 1.5 line),offensive starters listed out
Injuries,off_starters_out,L,pooled,pass_int,True,-6e-05,0.00034,-3e-05,0.00024,0.00021,0.0002,0.9749,0.9645,0.9458,,,,,,,,,,,False,,,fails 1 (2019-22),all +1.12% per sd (0.584) (+0.01 at a 0.8 line),offensive starters listed out
Injuries,opp_cb_out,L,pooled,rec_yards,True,0.00576,-0.00017,-0.00231,0.00526,0.00509,0.00392,19.6893,19.131,18.1454,,,,,,,,,,,False,,,fails 1 (2017-18),all +1.44% per sd (0.353) (+0.37 at a 25.4 line),the opponent's expected starting CBs known out (snap-weighted)
Injuries,opp_cb_out,L,by position,rec_yards,True,0.01709,-0.00247,0.00151,0.00901,0.00663,0.00604,19.6893,19.131,18.1454,,,,,,,,,,,False,,,"fails 1 (2017-18, 2023-25)",WR +2.02% per sd (0.353) (+0.68 at a 33.6 line); TE +0.86% per sd (0.353) (+0.18 at a 20.9 line); RB -0.28% per sd (0.353) (-0.04 at a 14.3 line); other -25.67% per sd (0.353) (-2.45 at a 9.5 line),the opponent's expected starting CBs known out (snap-weighted)
Injuries,opp_cb_out,L,pooled,rec_catches,True,0.00012,-0.00022,-0.00024,0.0002,0.00031,0.0004,1.4479,1.4404,1.367,,,,,,,,,,,False,,,fails 1 (2017-18),all +1.44% per sd (0.353) (+0.03 at a 2.4 line),the opponent's expected starting CBs known out (snap-weighted)
Injuries,opp_cb_out,L,by position,rec_catches,True,0.00075,-0.00016,-9e-05,0.00047,0.00039,0.00043,1.4479,1.4404,1.367,,,,,,,,,,,False,,,fails 1 (2017-18),WR +1.73% per sd (0.353) (+0.05 at a 2.9 line); TE +1.15% per sd (0.353) (+0.02 at a 2.1 line); RB +1.15% per sd (0.353) (+0.02 at a 1.8 line); other -9.24% per sd (0.353) (-0.11 at a 1.2 line),the opponent's expected starting CBs known out (snap-weighted)
Injuries,opp_cb_out,L,pooled,rec_targets,True,-0.00019,0.00066,0.00024,0.00067,0.00031,0.00014,1.8752,1.8257,1.7128,,,,,,,,,,,False,,,"fails 1 (2019-22, 2023-25)",all +0.29% per sd (0.353) (+0.01 at a 4.0 line),the opponent's expected starting CBs known out (snap-weighted)
Injuries,opp_cb_out,L,by position,rec_targets,True,0.00012,0.0004,0.00024,0.00084,0.00052,0.00044,1.8752,1.8257,1.7128,,,,,,,,,,,False,,,"fails 1 (2017-18, 2019-22, 2023-25)",WR +0.86% per sd (0.353) (+0.04 at a 5.0 line); TE -1.13% per sd (0.353) (-0.04 at a 3.4 line); RB -0.28% per sd (0.353) (-0.01 at a 2.7 line); other -18.10% per sd (0.353) (-0.32 at a 1.8 line),the opponent's expected starting CBs known out (snap-weighted)
Injuries,opp_cb_out,L,pooled,rec_td,True,0.00025,-0.00049,-0.00015,0.00029,0.00024,0.00021,0.5007,0.4919,0.4727,,,,,,,,,,,False,,,fails 1 (2017-18),all +5.57% per sd (0.353) (+0.01 at a 0.2 line),the opponent's expected starting CBs known out (snap-weighted)
Injuries,opp_cb_out,L,by position,rec_td,True,0.00044,-0.00015,-0.00012,0.00033,0.00026,0.00022,0.5007,0.4919,0.4727,,,,,,,,,,,False,,,fails 1 (2017-18),WR +5.57% per sd (0.353) (+0.01 at a 0.2 line); TE +4.37% per sd (0.353) (+0.01 at a 0.2 line); RB +7.09% per sd (0.353) (+0.01 at a 0.1 line); other -28.99% per sd (0.353) (-0.03 at a 0.1 line),the opponent's expected starting CBs known out (snap-weighted)
Injuries,opp_cb_out,L,pooled,pass_yards,True,0.32541,-0.02593,0.08023,0.18571,0.0772,0.05992,60.7221,56.5737,56.1092,,,,,,,,,,,False,,,"fails 1 (2017-18, 2023-25)",all +1.13% per sd (0.353) (+2.58 at a 228.9 line),the opponent's expected starting CBs known out (snap-weighted)
Injuries,opp_cb_out,L,pooled,pass_dropbacks,True,0.02764,0.00471,0.00124,0.02114,0.00303,0.0015,7.5939,7.686,7.7009,,,,,,,,,,,False,,,"fails 1 (2017-18, 2019-22, 2023-25)",all -0.28% per sd (0.353) (-0.11 at a 37.7 line),the opponent's expected starting CBs known out (snap-weighted)
Injuries,opp_cb_out,L,pooled,pass_td,True,0.00018,-0.00347,-0.0008,0.0012,0.00136,0.00133,0.8534,0.8376,0.8698,,,,,,,,,,,False,,,fails 1 (2017-18),all +4.88% per sd (0.353) (+0.07 at a 1.5 line),the opponent's expected starting CBs known out (snap-weighted)
Injuries,opp_cb_out,L,pooled,pass_int,True,0.0031,-0.0019,-0.00018,0.00278,0.00097,0.0012,0.9749,0.9645,0.9458,,,,,,,,,,,False,,,fails 1 (2017-18),all -5.18% per sd (0.353) (-0.04 at a 0.8 line),the opponent's expected starting CBs known out (snap-weighted)
Injuries,opp_s_out,L,pooled,rec_yards,True,0.0031,3e-05,0.00195,0.00344,0.00101,0.00254,19.6893,19.131,18.1454,,,,,,,,,,,False,,,"fails 1 (2017-18, 2019-22, 2023-25)",all -0.58% per sd (0.291) (-0.15 at a 25.4 line),the opponent's starting safeties known out
Injuries,opp_s_out,L,by position,rec_yards,True,0.00927,0.00298,0.00422,0.01014,0.0035,0.0028,19.6893,19.131,18.1454,,,,,,,,,,,False,,,"fails 1 (2017-18, 2019-22, 2023-25)",WR -0.29% per sd (0.291) (-0.10 at a 33.6 line); TE -0.29% per sd (0.291) (-0.06 at a 20.9 line); RB -1.73% per sd (0.291) (-0.25 at a 14.3 line); other +25.86% per sd (0.291) (+2.47 at a 9.5 line),the opponent's starting safeties known out
Injuries,opp_s_out,L,pooled,rec_catches,True,0.00077,0.00018,-7e-05,0.00051,0.00012,0.00016,1.4479,1.4404,1.367,,,,,,,,,,,False,,,"fails 1 (2017-18, 2019-22)",all -0.58% per sd (0.291) (-0.01 at a 2.4 line),the opponent's starting safeties known out
Injuries,opp_s_out,L,by position,rec_catches,True,0.00253,0.00054,-4e-05,0.00105,0.00018,0.00022,1.4479,1.4404,1.367,,,,,,,,,,,False,,,"fails 1 (2017-18, 2019-22)",WR -0.29% per sd (0.291) (-0.01 at a 2.9 line); TE -0.58% per sd (0.291) (-0.01 at a 2.1 line); RB -0.58% per sd (0.291) (-0.01 at a 1.8 line); other +41.82% per sd (0.291) (+0.49 at a 1.2 line),the opponent's starting safeties known out
Injuries,opp_s_out,L,pooled,rec_targets,True,0.00181,0.00033,6e-05,0.00109,0.00024,0.00018,1.8752,1.8257,1.7128,,,,,,,,,,,False,,,"fails 1 (2017-18, 2019-22, 2023-25)",all -0.29% per sd (0.291) (-0.01 at a 4.0 line),the opponent's starting safeties known out
Injuries,opp_s_out,L,by position,rec_targets,True,0.00245,0.00094,2e-05,0.00133,0.00039,0.00026,1.8752,1.8257,1.7128,,,,,,,,,,,False,,,"fails 1 (2017-18, 2019-22, 2023-25)",WR -0.29% per sd (0.291) (-0.01 at a 5.0 line); TE +0.00% per sd (0.291) (+0.00 at a 3.4 line); RB -0.87% per sd (0.291) (-0.02 at a 2.7 line); other +41.82% per sd (0.291) (+0.75 at a 1.8 line),the opponent's starting safeties known out
Injuries,opp_s_out,L,pooled,rec_td,True,3e-05,2e-05,0.0,9e-05,3e-05,2e-05,0.5007,0.4919,0.4727,,,,,,,,,,,False,,,"fails 1 (2017-18, 2019-22, 2023-25)",all +0.29% per sd (0.291) (+0.00 at a 0.2 line),the opponent's starting safeties known out
Injuries,opp_s_out,L,by position,rec_td,True,0.00067,0.00013,-1e-05,0.00038,8e-05,8e-05,0.5007,0.4919,0.4727,,,,,,,,,,,False,,,"fails 1 (2017-18, 2019-22)",WR -0.87% per sd (0.291) (-0.00 at a 0.2 line); TE +1.17% per sd (0.291) (+0.00 at a 0.2 line); RB +4.46% per sd (0.291) (+0.00 at a 0.1 line); other +24.04% per sd (0.291) (+0.03 at a 0.1 line),the opponent's starting safeties known out
Injuries,opp_s_out,L,pooled,pass_yards,True,-0.01112,-0.01147,0.00468,0.11898,0.04791,0.04523,60.7221,56.5737,56.1092,,,,,,,,,,,False,,,fails 1 (2023-25),all -0.57% per sd (0.288) (-1.32 at a 228.9 line),the opponent's starting safeties known out
Injuries,opp_s_out,L,pooled,pass_dropbacks,True,0.00526,-0.00228,-0.00093,0.01132,0.00789,0.00652,7.5939,7.686,7.7009,,,,,,,,,,,False,,,fails 1 (2017-18),all -0.57% per sd (0.288) (-0.22 at a 37.7 line),the opponent's starting safeties known out
Injuries,opp_s_out,L,pooled,pass_td,True,0.0002,5e-05,-7e-05,0.00052,0.00014,0.00016,0.8534,0.8376,0.8698,,,,,,,,,,,False,,,"fails 1 (2017-18, 2019-22)",all +0.58% per sd (0.288) (+0.01 at a 1.5 line),the opponent's starting safeties known out
Injuries,opp_s_out,L,pooled,pass_int,True,0.00092,-0.0004,0.00026,0.00205,0.00106,0.00079,0.9749,0.9645,0.9458,,,,,,,,,,,False,,,"fails 1 (2017-18, 2023-25)",all -3.12% per sd (0.288) (-0.03 at a 0.8 line),the opponent's starting safeties known out
Injuries,opp_lb_out,L,pooled,rec_yards,True,-0.00243,-8e-05,0.00228,0.00152,0.00211,0.00135,19.6893,19.131,18.1454,,,,,,,,,,,False,,,fails 1 (2023-25),all +0.26% per sd (0.256) (+0.07 at a 25.4 line),the opponent's starting LBs known out (TE and RB receiving; rushing)
Injuries,opp_lb_out,L,by position,rec_yards,True,-0.00815,0.00631,0.00535,0.00753,0.00525,0.00322,19.6893,19.131,18.1454,,,,,,,,,,,False,,,"fails 1 (2019-22, 2023-25)",WR +0.52% per sd (0.256) (+0.17 at a 33.6 line); TE -1.53% per sd (0.256) (-0.32 at a 20.9 line); RB +0.52% per sd (0.256) (+0.07 at a 14.3 line); other +3.67% per sd (0.256) (+0.35 at a 9.5 line),the opponent's starting LBs known out (TE and RB receiving; rushing)
Injuries,opp_lb_out,L,pooled,rec_catches,True,0.00111,6e-05,0.00018,0.00048,0.00024,0.00013,1.4479,1.4404,1.367,,,,,,,,,,,False,,,"fails 1 (2017-18, 2019-22, 2023-25)",all +0.26% per sd (0.256) (+0.01 at a 2.4 line),the opponent's starting LBs known out (TE and RB receiving; rushing)
Injuries,opp_lb_out,L,by position,rec_catches,True,0.00145,0.00049,0.0004,0.00085,0.00032,0.00015,1.4479,1.4404,1.367,,,,,,,,,,,False,,,"fails 1 (2017-18, 2019-22, 2023-25)",WR +0.52% per sd (0.256) (+0.01 at a 2.9 line); TE +0.00% per sd (0.256) (+0.00 at a 2.1 line); RB +1.03% per sd (0.256) (+0.02 at a 1.8 line); other -2.54% per sd (0.256) (-0.03 at a 1.2 line),the opponent's starting LBs known out (TE and RB receiving; rushing)
Injuries,opp_lb_out,L,pooled,rec_targets,True,0.00037,-0.00036,0.00068,0.00031,0.00021,0.0003,1.8752,1.8257,1.7128,,,,,,,,,,,False,,,"fails 1 (2017-18, 2023-25)",all +0.26% per sd (0.256) (+0.01 at a 4.0 line),the opponent's starting LBs known out (TE and RB receiving; rushing)
Injuries,opp_lb_out,L,by position,rec_targets,True,0.00093,-0.00029,0.00093,0.00056,0.00027,0.00034,1.8752,1.8257,1.7128,,,,,,,,,,,False,,,"fails 1 (2017-18, 2023-25)",WR +0.00% per sd (0.256) (+0.00 at a 5.0 line); TE +0.52% per sd (0.256) (+0.02 at a 3.4 line); RB +1.03% per sd (0.256) (+0.03 at a 2.7 line); other -2.54% per sd (0.256) (-0.05 at a 1.8 line),the opponent's starting LBs known out (TE and RB receiving; rushing)
Injuries,opp_lb_out,L,pooled,rec_td,True,2e-05,3e-05,3e-05,2e-05,4e-05,3e-05,0.5007,0.4919,0.4727,,,,,,,,,,,False,,,"fails 1 (2017-18, 2019-22, 2023-25)",all +0.00% per sd (0.256) (+0.00 at a 0.2 line),the opponent's starting LBs known out (TE and RB receiving; rushing)
Injuries,opp_lb_out,L,by position,rec_td,True,0.00048,0.0001,4e-05,0.00035,8e-05,6e-05,0.5007,0.4919,0.4727,,,,,,,,,,,False,,,"fails 1 (2017-18, 2019-22, 2023-25)",WR +0.52% per sd (0.256) (+0.00 at a 0.2 line); TE +0.00% per sd (0.256) (+0.00 at a 0.2 line); RB -2.79% per sd (0.256) (-0.00 at a 0.1 line); other +23.48% per sd (0.256) (+0.02 at a 0.1 line),the opponent's starting LBs known out (TE and RB receiving; rushing)
Injuries,opp_lb_out,L,pooled,rush_yards,True,0.03085,0.0008,0.00216,0.01867,0.00192,0.00209,18.041,17.6866,16.9681,,,,,,,,,,,False,,,"fails 1 (2017-18, 2019-22, 2023-25)",all +0.77% per sd (0.263) (+0.20 at a 26.3 line),the opponent's starting LBs known out (TE and RB receiving; rushing)
Injuries,opp_lb_out,L,by position,rush_yards,True,0.04056,0.00401,0.00414,0.02355,0.00339,0.00309,18.041,17.6866,16.9681,,,,,,,,,,,False,,,"fails 1 (2017-18, 2019-22, 2023-25)",RB +1.29% per sd (0.263) (+0.45 at a 34.8 line); QB -0.51% per sd (0.263) (-0.07 at a 14.6 line); other -2.53% per sd (0.263) (-0.08 at a 3.3 line),the opponent's starting LBs known out (TE and RB receiving; rushing)
Injuries,opp_lb_out,L,pooled,rush_carries,True,0.01094,0.00021,-0.00016,0.00635,0.00081,0.00086,3.0824,2.933,2.8393,,,,,,,,,,,False,,,"fails 1 (2017-18, 2019-22)",all +0.51% per sd (0.263) (+0.03 at a 6.8 line),the opponent's starting LBs known out (TE and RB receiving; rushing)
Injuries,opp_lb_out,L,by position,rush_carries,True,0.01153,0.00057,0.00089,0.00663,0.00089,0.00097,3.0824,2.933,2.8393,,,,,,,,,,,False,,,"fails 1 (2017-18, 2019-22, 2023-25)",RB +0.51% per sd (0.263) (+0.05 at a 9.1 line); QB +0.00% per sd (0.263) (+0.00 at a 3.7 line); other -0.26% per sd (0.263) (-0.00 at a 0.7 line),the opponent's starting LBs known out (TE and RB receiving; rushing)
Injuries,opp_lb_out,L,pooled,rush_td,True,-0.00045,0.00018,-0.00025,0.00073,0.0004,0.00027,0.5136,0.5501,0.5199,,,,,,,,,,,False,,,fails 1 (2019-22),all +3.92% per sd (0.263) (+0.01 at a 0.2 line),the opponent's starting LBs known out (TE and RB receiving; rushing)
Injuries,opp_lb_out,L,by position,rush_td,True,7e-05,0.00041,-0.00025,0.00091,0.00045,0.00031,0.5136,0.5501,0.5199,,,,,,,,,,,False,,,"fails 1 (2017-18, 2019-22)",RB +4.45% per sd (0.263) (+0.01 at a 0.3 line); QB +1.29% per sd (0.263) (+0.00 at a 0.2 line); other +14.25% per sd (0.263) (+0.00 at a 0.0 line),the opponent's starting LBs known out (TE and RB receiving; rushing)
Injuries,opp_lb_out,L,pooled,pass_yards,True,-0.01275,0.04137,0.09303,0.06636,0.07752,0.03822,60.7221,56.5737,56.1092,,,,,,,,,,,False,,,"fails 1 (2019-22, 2023-25)",all +0.54% per sd (0.26) (+1.23 at a 228.9 line),the opponent's starting LBs known out (TE and RB receiving; rushing)
Injuries,opp_lb_out,L,pooled,pass_dropbacks,True,0.01195,-0.00155,0.00922,0.00851,0.00527,0.00342,7.5939,7.686,7.7009,,,,,,,,,,,False,,,"fails 1 (2017-18, 2023-25)",all +0.00% per sd (0.26) (+0.00 at a 37.7 line),the opponent's starting LBs known out (TE and RB receiving; rushing)
Injuries,opp_lb_out,L,pooled,pass_td,True,0.00036,0.00029,0.00016,0.00044,0.00022,0.00017,0.8534,0.8376,0.8698,,,,,,,,,,,False,,,"fails 1 (2017-18, 2019-22, 2023-25)",all +0.00% per sd (0.26) (+0.00 at a 1.5 line),the opponent's starting LBs known out (TE and RB receiving; rushing)
Injuries,opp_lb_out,L,pooled,pass_int,True,0.00171,8e-05,3e-05,0.0009,0.00014,8e-05,0.9749,0.9645,0.9458,,,,,,,,,,,False,,,"fails 1 (2017-18, 2019-22, 2023-25)",all +0.27% per sd (0.26) (+0.00 at a 0.8 line),the opponent's starting LBs known out (TE and RB receiving; rushing)
Injuries,opp_dl_out,L,pooled,rec_yards,True,0.00103,-0.00241,0.00705,0.00601,0.00598,0.00372,19.6893,19.131,18.1454,,,,,,,,,,,False,,,"fails 1 (2017-18, 2023-25)",all +0.61% per sd (0.271) (+0.16 at a 25.4 line),the opponent's starting EDGE / IDL known out (rushing; pass yards)
Injuries,opp_dl_out,L,by position,rec_yards,True,0.00622,0.00041,0.01,0.00812,0.00619,0.00411,19.6893,19.131,18.1454,,,,,,,,,,,False,,,"fails 1 (2017-18, 2019-22, 2023-25)",WR +0.61% per sd (0.271) (+0.21 at a 33.6 line); TE +0.00% per sd (0.271) (+0.00 at a 20.9 line); RB +1.85% per sd (0.271) (+0.26 at a 14.3 line); other -18.05% per sd (0.271) (-1.72 at a 9.5 line),the opponent's starting EDGE / IDL known out (rushing; pass yards)
Injuries,opp_dl_out,L,pooled,rec_catches,True,-0.00074,0.00021,0.00049,0.00072,0.00052,0.00029,1.4479,1.4404,1.367,,,,,,,,,,,False,,,"fails 1 (2019-22, 2023-25)",all +0.61% per sd (0.271) (+0.01 at a 2.4 line),the opponent's starting EDGE / IDL known out (rushing; pass yards)
Injuries,opp_dl_out,L,by position,rec_catches,True,0.00079,0.00054,0.00053,0.00099,0.00058,0.00031,1.4479,1.4404,1.367,,,,,,,,,,,False,,,"fails 1 (2017-18, 2019-22, 2023-25)",WR +0.61% per sd (0.271) (+0.02 at a 2.9 line); TE +0.61% per sd (0.271) (+0.01 at a 2.1 line); RB +0.31% per sd (0.271) (+0.01 at a 1.8 line); other +0.00% per sd (0.271) (+0.00 at a 1.2 line),the opponent's starting EDGE / IDL known out (rushing; pass yards)
Injuries,opp_dl_out,L,pooled,rec_targets,True,0.00111,0.00036,0.00015,0.00107,0.00036,0.0001,1.8752,1.8257,1.7128,,,,,,,,,,,False,,,"fails 1 (2017-18, 2019-22, 2023-25)",all -0.31% per sd (0.271) (-0.01 at a 4.0 line),the opponent's starting EDGE / IDL known out (rushing; pass yards)
Injuries,opp_dl_out,L,by position,rec_targets,True,0.00245,0.0006,0.00018,0.00107,0.00042,0.00031,1.8752,1.8257,1.7128,,,,,,,,,,,False,,,"fails 1 (2017-18, 2019-22, 2023-25)",WR +0.00% per sd (0.271) (+0.00 at a 5.0 line); TE -0.91% per sd (0.271) (-0.03 at a 3.4 line); RB -0.31% per sd (0.271) (-0.01 at a 2.7 line); other -14.46% per sd (0.271) (-0.26 at a 1.8 line),the opponent's starting EDGE / IDL known out (rushing; pass yards)
Injuries,opp_dl_out,L,pooled,rec_td,True,2e-05,3e-05,4e-05,0.00015,6e-05,2e-05,0.5007,0.4919,0.4727,,,,,,,,,,,False,,,"fails 1 (2017-18, 2019-22, 2023-25)",all -0.31% per sd (0.271) (-0.00 at a 0.2 line),the opponent's starting EDGE / IDL known out (rushing; pass yards)
Injuries,opp_dl_out,L,by position,rec_td,True,0.00053,0.00011,0.00014,0.00034,0.00011,7e-05,0.5007,0.4919,0.4727,,,,,,,,,,,False,,,"fails 1 (2017-18, 2019-22, 2023-25)",WR -0.31% per sd (0.271) (-0.00 at a 0.2 line); TE -1.52% per sd (0.271) (-0.00 at a 0.2 line); RB +1.54% per sd (0.271) (+0.00 at a 0.1 line); other +1.85% per sd (0.271) (+0.00 at a 0.1 line),the opponent's starting EDGE / IDL known out (rushing; pass yards)
Injuries,opp_dl_out,L,pooled,rush_yards,True,0.0216,-0.00095,0.00424,0.01364,0.00283,0.0023,18.041,17.6866,16.9681,,,,,,,,,,,False,,,"fails 1 (2017-18, 2023-25)",all +0.31% per sd (0.272) (+0.08 at a 26.3 line),the opponent's starting EDGE / IDL known out (rushing; pass yards)
Injuries,opp_dl_out,L,by position,rush_yards,True,0.03908,0.00718,0.00465,0.01594,0.00778,0.00243,18.041,17.6866,16.9681,,,,,,,,,,,False,,,"fails 1 (2017-18, 2019-22, 2023-25)",RB +0.31% per sd (0.272) (+0.11 at a 34.8 line); QB +0.00% per sd (0.272) (+0.00 at a 14.6 line); other +5.15% per sd (0.272) (+0.17 at a 3.3 line),the opponent's starting EDGE / IDL known out (rushing; pass yards)
Injuries,opp_dl_out,L,pooled,rush_carries,True,-2e-05,0.00018,0.00022,0.0009,0.00057,0.00019,3.0824,2.933,2.8393,,,,,,,,,,,False,,,"fails 1 (2019-22, 2023-25)",all +0.00% per sd (0.272) (+0.00 at a 6.8 line),the opponent's starting EDGE / IDL known out (rushing; pass yards)
Injuries,opp_dl_out,L,by position,rush_carries,True,-0.00218,0.002,0.00099,0.0018,0.00153,0.0006,3.0824,2.933,2.8393,,,,,,,,,,,False,,,"fails 1 (2019-22, 2023-25)",RB -0.31% per sd (0.272) (-0.03 at a 9.1 line); QB +0.63% per sd (0.272) (+0.02 at a 3.7 line); other +3.52% per sd (0.272) (+0.03 at a 0.7 line),the opponent's starting EDGE / IDL known out (rushing; pass yards)
Injuries,opp_dl_out,L,pooled,rush_td,True,0.00012,0.00026,-0.00039,0.00033,0.00018,0.00019,0.5136,0.5501,0.5199,,,,,,,,,,,False,,,"fails 1 (2017-18, 2019-22)",all +3.84% per sd (0.272) (+0.01 at a 0.2 line),the opponent's starting EDGE / IDL known out (rushing; pass yards)
Injuries,opp_dl_out,L,by position,rush_td,True,0.00197,0.00072,-0.00044,0.00058,0.0004,0.00024,0.5136,0.5501,0.5199,,,,,,,,,,,False,,,"fails 1 (2017-18, 2019-22)",RB +2.87% per sd (0.272) (+0.01 at a 0.3 line); QB +5.48% per sd (0.272) (+0.01 at a 0.2 line); other +15.18% per sd (0.272) (+0.00 at a 0.0 line),the opponent's starting EDGE / IDL known out (rushing; pass yards)
Injuries,opp_dl_out,L,pooled,pass_yards,True,0.00553,-0.02088,0.04256,0.07314,0.07672,0.04703,60.7221,56.5737,56.1092,,,,,,,,,,,False,,,"fails 1 (2017-18, 2023-25)",all +0.64% per sd (0.269) (+1.46 at a 228.9 line),the opponent's starting EDGE / IDL known out (rushing; pass yards)
Injuries,opp_dl_out,L,pooled,pass_dropbacks,True,-0.00267,0.00466,0.00261,0.01066,0.00633,0.00171,7.5939,7.686,7.7009,,,,,,,,,,,False,,,"fails 1 (2019-22, 2023-25)",all -0.32% per sd (0.269) (-0.12 at a 37.7 line),the opponent's starting EDGE / IDL known out (rushing; pass yards)
Injuries,opp_dl_out,L,pooled,pass_td,True,0.00022,0.00034,-1e-05,0.00046,0.0002,0.00016,0.8534,0.8376,0.8698,,,,,,,,,,,False,,,"fails 1 (2017-18, 2019-22)",all -0.63% per sd (0.269) (-0.01 at a 1.5 line),the opponent's starting EDGE / IDL known out (rushing; pass yards)
Injuries,opp_dl_out,L,pooled,pass_int,True,0.00051,0.00023,0.0,0.00062,0.00019,6e-05,0.9749,0.9645,0.9458,,,,,,,,,,,False,,,"fails 1 (2017-18, 2019-22, 2023-25)",all -0.95% per sd (0.269) (-0.01 at a 0.8 line),the opponent's starting EDGE / IDL known out (rushing; pass yards)
Injuries,opp_def_starters_out,L,pooled,rec_yards,True,-0.00554,-0.00599,0.00463,0.00511,0.0061,0.00523,19.6893,19.131,18.1454,,,,,,,,,,,False,,,fails 1 (2023-25),all +1.64% per sd (0.594) (+0.42 at a 25.4 line),the opponent's defensive starters listed out (the game model's count)
Injuries,opp_def_starters_out,L,by position,rec_yards,True,0.00044,-0.00755,0.01097,0.00716,0.00857,0.00689,19.6893,19.131,18.1454,,,,,,,,,,,False,,,"fails 1 (2017-18, 2023-25)",WR +2.19% per sd (0.594) (+0.73 at a 33.6 line); TE +0.54% per sd (0.594) (+0.11 at a 20.9 line); RB -0.27% per sd (0.594) (-0.04 at a 14.3 line); other +3.30% per sd (0.594) (+0.31 at a 9.5 line),the opponent's defensive starters listed out (the game model's count)
Injuries,opp_def_starters_out,L,pooled,rec_catches,True,9e-05,-0.0003,9e-05,0.00032,0.00034,0.00034,1.4479,1.4404,1.367,,,,,,,,,,,False,,,"fails 1 (2017-18, 2023-25)",all +1.09% per sd (0.594) (+0.03 at a 2.4 line),the opponent's defensive starters listed out (the game model's count)
Injuries,opp_def_starters_out,L,by position,rec_catches,True,0.00202,-0.00029,0.00021,0.00098,0.00041,0.00041,1.4479,1.4404,1.367,,,,,,,,,,,False,,,"fails 1 (2017-18, 2023-25)",WR +1.36% per sd (0.594) (+0.04 at a 2.9 line); TE +0.81% per sd (0.594) (+0.02 at a 2.1 line); RB +0.00% per sd (0.594) (+0.00 at a 1.8 line); other +0.00% per sd (0.594) (+0.00 at a 1.2 line),the opponent's defensive starters listed out (the game model's count)
Injuries,opp_def_starters_out,L,pooled,rec_targets,True,4e-05,-4e-05,0.00018,0.00021,0.0001,0.00011,1.8752,1.8257,1.7128,,,,,,,,,,,False,,,"fails 1 (2017-18, 2023-25)",all +0.00% per sd (0.594) (+0.00 at a 4.0 line),the opponent's defensive starters listed out (the game model's count)
Injuries,opp_def_starters_out,L,by position,rec_targets,True,0.0017,-0.00032,0.00039,0.00077,0.00027,0.0004,1.8752,1.8257,1.7128,,,,,,,,,,,False,,,"fails 1 (2017-18, 2023-25)",WR +0.54% per sd (0.594) (+0.03 at a 5.0 line); TE -0.54% per sd (0.594) (-0.02 at a 3.4 line); RB -0.54% per sd (0.594) (-0.01 at a 2.7 line); other -16.12% per sd (0.594) (-0.29 at a 1.8 line),the opponent's defensive starters listed out (the game model's count)
Injuries,opp_def_starters_out,L,pooled,rec_td,True,0.00087,-9e-05,4e-05,0.00041,0.00015,0.0001,0.5007,0.4919,0.4727,,,,,,,,,,,False,,,"fails 1 (2017-18, 2023-25)",all +2.46% per sd (0.594) (+0.00 at a 0.2 line),the opponent's defensive starters listed out (the game model's count)
Injuries,opp_def_starters_out,L,by position,rec_td,True,0.00093,8e-05,0.00011,0.00044,0.00022,0.00014,0.5007,0.4919,0.4727,,,,,,,,,,,False,,,"fails 1 (2017-18, 2019-22, 2023-25)",WR +3.30% per sd (0.594) (+0.01 at a 0.2 line); TE +1.64% per sd (0.594) (+0.00 at a 0.2 line); RB -1.08% per sd (0.594) (-0.00 at a 0.1 line); other +38.33% per sd (0.594) (+0.04 at a 0.1 line),the opponent's defensive starters listed out (the game model's count)
Injuries,opp_def_starters_out,L,pooled,rush_yards,True,0.01846,-0.00291,0.01007,0.01115,0.00507,0.00517,18.041,17.6866,16.9681,,,,,,,,,,,False,,,"fails 1 (2017-18, 2023-25)",all -0.80% per sd (0.6) (-0.21 at a 26.3 line),the opponent's defensive starters listed out (the game model's count)
Injuries,opp_def_starters_out,L,by position,rush_yards,True,0.02756,0.00556,0.01154,0.01801,0.00636,0.00521,18.041,17.6866,16.9681,,,,,,,,,,,False,,,"fails 1 (2017-18, 2019-22, 2023-25)",RB -0.80% per sd (0.6) (-0.28 at a 34.8 line); QB -1.07% per sd (0.6) (-0.16 at a 14.6 line); other +1.90% per sd (0.6) (+0.06 at a 3.3 line),the opponent's defensive starters listed out (the game model's count)
Injuries,opp_def_starters_out,L,pooled,rush_carries,True,0.00525,0.00026,0.00014,0.00271,0.00087,0.00024,3.0824,2.933,2.8393,,,,,,,,,,,False,,,"fails 1 (2017-18, 2019-22, 2023-25)",all -0.27% per sd (0.6) (-0.02 at a 6.8 line),the opponent's defensive starters listed out (the game model's count)
Injuries,opp_def_starters_out,L,by position,rush_carries,True,0.00409,0.0021,9e-05,0.00327,0.00139,0.00027,3.0824,2.933,2.8393,,,,,,,,,,,False,,,"fails 1 (2017-18, 2019-22, 2023-25)",RB -0.27% per sd (0.6) (-0.02 at a 9.1 line); QB +0.00% per sd (0.6) (+0.00 at a 3.7 line); other +4.68% per sd (0.6) (+0.03 at a 0.7 line),the opponent's defensive starters listed out (the game model's count)
Injuries,opp_def_starters_out,L,pooled,rush_td,True,0.00028,0.00013,-3e-05,0.00025,8e-05,0.00013,0.5136,0.5501,0.5199,,,,,,,,,,,False,,,"fails 1 (2017-18, 2019-22)",all +1.90% per sd (0.6) (+0.00 at a 0.2 line),the opponent's defensive starters listed out (the game model's count)
Injuries,opp_def_starters_out,L,by position,rush_td,True,0.00073,0.00066,-2e-05,0.00067,0.00038,0.00021,0.5136,0.5501,0.5199,,,,,,,,,,,False,,,"fails 1 (2017-18, 2019-22)",RB +1.63% per sd (0.6) (+0.00 at a 0.3 line); QB +3.00% per sd (0.6) (+0.00 at a 0.2 line); other -27.57% per sd (0.6) (-0.01 at a 0.0 line),the opponent's defensive starters listed out (the game model's count)
Injuries,opp_def_starters_out,L,pooled,pass_yards,True,0.12461,0.04989,0.0293,0.1294,0.05605,0.01472,60.7221,56.5737,56.1092,,,,,,,,,,,False,,,"fails 1 (2017-18, 2019-22, 2023-25)",all -0.27% per sd (0.593) (-0.62 at a 228.9 line),the opponent's defensive starters listed out (the game model's count)
Injuries,opp_def_starters_out,L,pooled,pass_dropbacks,True,0.0175,0.00935,0.00251,0.01671,0.00713,0.00422,7.5939,7.686,7.7009,,,,,,,,,,,False,,,"fails 1 (2017-18, 2019-22, 2023-25)",all -0.27% per sd (0.593) (-0.10 at a 37.7 line),the opponent's defensive starters listed out (the game model's count)
Injuries,opp_def_starters_out,L,pooled,pass_td,True,0.0031,-0.00036,-0.00033,0.00179,0.0005,0.00053,0.8534,0.8376,0.8698,,,,,,,,,,,False,,,fails 1 (2017-18),all +2.19% per sd (0.593) (+0.03 at a 1.5 line),the opponent's defensive starters listed out (the game model's count)
Injuries,opp_def_starters_out,L,pooled,pass_int,True,0.00105,-0.00059,-0.00088,0.00177,0.0007,0.00078,0.9749,0.9645,0.9458,,,,,,,,,,,False,,,fails 1 (2017-18),all -3.98% per sd (0.593) (-0.03 at a 0.8 line),the opponent's defensive starters listed out (the game model's count)
Injuries,injuries_x_bad_weather,L,pooled,rec_yards,True,-0.00549,-0.0041,0.00655,0.00963,0.00635,0.00487,19.6893,19.131,18.1454,,,,,,,,,,,False,,,fails 1 (2023-25),all -1.60% per sd (0.26) (-0.41 at a 25.4 line),offensive starters out x bad weather
Injuries,injuries_x_bad_weather,L,by position,rec_yards,True,-0.00324,8e-05,0.01085,0.00993,0.00719,0.00605,19.6893,19.131,18.1454,,,,,,,,,,,False,,,"fails 1 (2019-22, 2023-25)",WR -1.34% per sd (0.26) (-0.45 at a 33.6 line); TE -3.18% per sd (0.26) (-0.67 at a 20.9 line); RB -1.34% per sd (0.26) (-0.19 at a 14.3 line); other -16.51% per sd (0.26) (-1.58 at a 9.5 line),offensive starters out x bad weather
Injuries,injuries_x_bad_weather,L,pooled,rec_catches,True,-0.00073,0.00039,0.0001,0.00084,0.00054,0.00025,1.4479,1.4404,1.367,,,,,,,,,,,False,,,"fails 1 (2019-22, 2023-25)",all -1.07% per sd (0.26) (-0.03 at a 2.4 line),offensive starters out x bad weather
Injuries,injuries_x_bad_weather,L,by position,rec_catches,True,-0.00082,0.00093,0.00017,0.0013,0.00066,0.00027,1.4479,1.4404,1.367,,,,,,,,,,,False,,,"fails 1 (2019-22, 2023-25)",WR -1.34% per sd (0.26) (-0.04 at a 2.9 line); TE -0.80% per sd (0.26) (-0.02 at a 2.1 line); RB -0.54% per sd (0.26) (-0.01 at a 1.8 line); other -9.97% per sd (0.26) (-0.12 at a 1.2 line),offensive starters out x bad weather
Injuries,injuries_x_bad_weather,L,pooled,rec_targets,True,-0.0001,0.00017,0.0001,0.0006,0.00035,0.00016,1.8752,1.8257,1.7128,,,,,,,,,,,False,,,"fails 1 (2019-22, 2023-25)",all -0.54% per sd (0.26) (-0.02 at a 4.0 line),offensive starters out x bad weather
Injuries,injuries_x_bad_weather,L,by position,rec_targets,True,0.00013,0.00075,4e-05,0.00067,0.00055,0.00023,1.8752,1.8257,1.7128,,,,,,,,,,,False,,,"fails 1 (2017-18, 2019-22, 2023-25)",WR -0.54% per sd (0.26) (-0.03 at a 5.0 line); TE -0.27% per sd (0.26) (-0.01 at a 3.4 line); RB +0.27% per sd (0.26) (+0.01 at a 2.7 line); other -11.17% per sd (0.26) (-0.20 at a 1.8 line),offensive starters out x bad weather
Injuries,injuries_x_bad_weather,L,pooled,rec_td,True,-5e-05,7e-05,-3e-05,8e-05,0.00013,8e-05,0.5007,0.4919,0.4727,,,,,,,,,,,False,,,fails 1 (2019-22),all -2.13% per sd (0.26) (-0.00 at a 0.2 line),offensive starters out x bad weather
Injuries,injuries_x_bad_weather,L,by position,rec_td,True,3e-05,0.00015,-1e-05,0.00027,0.00024,0.00012,0.5007,0.4919,0.4727,,,,,,,,,,,False,,,"fails 1 (2017-18, 2019-22)",WR -1.07% per sd (0.26) (-0.00 at a 0.2 line); TE -7.26% per sd (0.26) (-0.01 at a 0.2 line); RB +0.27% per sd (0.26) (+0.00 at a 0.1 line); other -27.61% per sd (0.26) (-0.03 at a 0.1 line),offensive starters out x bad weather
Injuries,injuries_x_bad_weather,L,pooled,rush_yards,True,0.06016,0.00236,0.00193,0.02328,0.00689,0.00217,18.041,17.6866,16.9681,,,,,,,,,,,False,,,"fails 1 (2017-18, 2019-22, 2023-25)",all +0.28% per sd (0.258) (+0.07 at a 26.3 line),offensive starters out x bad weather
Injuries,injuries_x_bad_weather,L,by position,rush_yards,True,0.06293,0.00319,0.00312,0.02479,0.00777,0.00436,18.041,17.6866,16.9681,,,,,,,,,,,False,,,"fails 1 (2017-18, 2019-22, 2023-25)",RB +0.28% per sd (0.258) (+0.10 at a 34.8 line); QB +0.28% per sd (0.258) (+0.04 at a 14.6 line); other +23.28% per sd (0.258) (+0.77 at a 3.3 line),offensive starters out x bad weather
Injuries,injuries_x_bad_weather,L,pooled,rush_carries,True,0.00104,0.00033,-0.00025,0.0011,0.00086,0.00059,3.0824,2.933,2.8393,,,,,,,,,,,False,,,"fails 1 (2017-18, 2019-22)",all +0.57% per sd (0.258) (+0.04 at a 6.8 line),offensive starters out x bad weather
Injuries,injuries_x_bad_weather,L,by position,rush_carries,True,0.00522,0.00086,0.00015,0.00301,0.00095,0.00058,3.0824,2.933,2.8393,,,,,,,,,,,False,,,"fails 1 (2017-18, 2019-22, 2023-25)",RB +0.57% per sd (0.258) (+0.05 at a 9.1 line); QB +0.85% per sd (0.258) (+0.03 at a 3.7 line); other +1.71% per sd (0.258) (+0.01 at a 0.7 line),offensive starters out x bad weather
Injuries,injuries_x_bad_weather,L,pooled,rush_td,True,0.00057,9e-05,1e-05,0.00049,0.00014,7e-05,0.5136,0.5501,0.5199,,,,,,,,,,,False,,,"fails 1 (2017-18, 2019-22, 2023-25)",all -1.12% per sd (0.258) (-0.00 at a 0.2 line),offensive starters out x bad weather
Injuries,injuries_x_bad_weather,L,by position,rush_td,True,0.00059,0.00046,-0.00026,0.00049,0.00017,0.00019,0.5136,0.5501,0.5199,,,,,,,,,,,False,,,"fails 1 (2017-18, 2019-22)",RB -2.51% per sd (0.258) (-0.01 at a 0.3 line); QB +1.71% per sd (0.258) (+0.00 at a 0.2 line); other +19.84% per sd (0.258) (+0.00 at a 0.0 line),offensive starters out x bad weather
Injuries,injuries_x_bad_weather,L,pooled,pass_yards,True,-0.31951,0.10896,-0.00827,0.14301,0.11073,0.08111,60.7221,56.5737,56.1092,,,,,,,,,,,False,,,fails 1 (2019-22),all -1.23% per sd (0.255) (-2.82 at a 228.9 line),offensive starters out x bad weather
Injuries,injuries_x_bad_weather,L,pooled,pass_dropbacks,True,0.01372,0.00479,-0.00091,0.01278,0.00881,0.00301,7.5939,7.686,7.7009,,,,,,,,,,,False,,,"fails 1 (2017-18, 2019-22)",all -0.31% per sd (0.255) (-0.12 at a 37.7 line),offensive starters out x bad weather
Injuries,injuries_x_bad_weather,L,pooled,pass_td,True,-0.00212,0.00216,0.00022,0.00091,0.00116,0.00044,0.8534,0.8376,0.8698,,,,,,,,,,,False,,,"fails 1 (2019-22, 2023-25)",all -0.92% per sd (0.255) (-0.01 at a 1.5 line),offensive starters out x bad weather
Injuries,injuries_x_bad_weather,L,pooled,pass_int,True,0.00228,-0.00017,0.00051,0.00115,0.00024,0.00027,0.9749,0.9645,0.9458,,,,,,,,,,,False,,,"fails 1 (2017-18, 2023-25)",all +1.25% per sd (0.255) (+0.01 at a 0.8 line),offensive starters out x bad weather
Injuries,qb_out_x_bad_weather,L,pooled,rec_yards,True,0.00061,-0.00031,0.00452,0.00033,0.00481,0.00244,19.6893,19.131,18.1454,,,,,,,,,,,False,,,"fails 1 (2017-18, 2023-25)",all -7.68% on vs off (-1.95 at a 25.4 line),backup QB x bad weather
Injuries,qb_out_x_bad_weather,L,by position,rec_yards,True,0.00148,0.00567,0.00506,0.0016,0.00692,0.00364,19.6893,19.131,18.1454,,,,,,,,,,,False,,,"fails 1 (2017-18, 2019-22, 2023-25)",WR -14.76% on vs off (-4.96 at a 33.6 line); TE +12.73% on vs off (+2.66 at a 20.9 line); RB -11.29% on vs off (-1.61 at a 14.3 line); other +11961.49% on vs off (+1141.48 at a 9.5 line),backup QB x bad weather
Injuries,qb_out_x_bad_weather,L,pooled,rec_catches,True,-0.00021,0.00032,-7e-05,0.00033,0.00027,0.0001,1.4479,1.4404,1.367,,,,,,,,,,,False,,,fails 1 (2019-22),all -7.68% on vs off (-0.19 at a 2.4 line),backup QB x bad weather
Injuries,qb_out_x_bad_weather,L,by position,rec_catches,True,-0.00029,0.00083,-3e-05,0.00068,0.00032,0.00011,1.4479,1.4404,1.367,,,,,,,,,,,False,,,fails 1 (2019-22),WR -11.29% on vs off (-0.33 at a 2.9 line); TE -3.92% on vs off (-0.08 at a 2.1 line); RB +4.07% on vs off (+0.07 at a 1.8 line); other -99.17% on vs off (-1.15 at a 1.2 line),backup QB x bad weather
Injuries,qb_out_x_bad_weather,L,pooled,rec_targets,True,-0.00018,0.00012,6e-05,0.00024,0.00029,0.00016,1.8752,1.8257,1.7128,,,,,,,,,,,False,,,"fails 1 (2019-22, 2023-25)",all -7.68% on vs off (-0.31 at a 4.0 line),backup QB x bad weather
Injuries,qb_out_x_bad_weather,L,by position,rec_targets,True,-0.00017,0.00101,0.00022,0.00091,0.00063,0.0002,1.8752,1.8257,1.7128,,,,,,,,,,,False,,,"fails 1 (2019-22, 2023-25)",WR -7.68% on vs off (-0.38 at a 5.0 line); TE +8.32% on vs off (+0.28 at a 3.4 line); RB +0.00% on vs off (+0.00 at a 2.7 line); other -99.17% on vs off (-1.77 at a 1.8 line),backup QB x bad weather
Injuries,qb_out_x_bad_weather,L,pooled,rec_td,True,0.00022,-1e-05,-2e-05,0.00014,3e-05,3e-05,0.5007,0.4919,0.4727,,,,,,,,,,,False,,,fails 1 (2017-18),all -21.31% on vs off (-0.04 at a 0.2 line),backup QB x bad weather
Injuries,qb_out_x_bad_weather,L,by position,rec_td,True,0.00034,2e-05,2e-05,0.0002,8e-05,8e-05,0.5007,0.4919,0.4727,,,,,,,,,,,False,,,"fails 1 (2017-18, 2019-22, 2023-25)",WR -14.76% on vs off (-0.04 at a 0.2 line); TE -78.08% on vs off (-0.15 at a 0.2 line); RB +0.00% on vs off (+0.00 at a 0.1 line); other -99.17% on vs off (-0.10 at a 0.1 line),backup QB x bad weather
Injuries,qb_out_x_bad_weather,L,pooled,rush_yards,True,0.0171,0.00545,0.00049,0.02236,0.00706,0.00112,18.041,17.6866,16.9681,,,,,,,,,,,False,,,"fails 1 (2017-18, 2019-22, 2023-25)",all -4.44% on vs off (-1.17 at a 26.3 line),backup QB x bad weather
Injuries,qb_out_x_bad_weather,L,by position,rush_yards,True,0.04602,0.00442,0.0002,0.02375,0.00627,0.00554,18.041,17.6866,16.9681,,,,,,,,,,,False,,,"fails 1 (2017-18, 2019-22, 2023-25)",RB -8.69% on vs off (-3.03 at a 34.8 line); QB +915.46% on vs off (+133.51 at a 14.6 line); other -99.57% on vs off (-3.29 at a 3.3 line),backup QB x bad weather
Injuries,qb_out_x_bad_weather,L,pooled,rush_carries,True,0.00131,0.00187,0.0,0.00177,0.00093,0.0,3.0824,2.933,2.8393,,,,,,,,,,,False,,,"fails 1 (2017-18, 2019-22, 2023-25)",all +0.00% on vs off (+0.00 at a 6.8 line),backup QB x bad weather
Injuries,qb_out_x_bad_weather,L,by position,rush_carries,True,0.00657,0.00204,-0.00048,0.00303,0.001,0.00049,3.0824,2.933,2.8393,,,,,,,,,,,False,,,"fails 1 (2017-18, 2019-22)",RB +0.00% on vs off (+0.00 at a 9.1 line); QB +50.54% on vs off (+1.85 at a 3.7 line); other -99.57% on vs off (-0.72 at a 0.7 line),backup QB x bad weather
Injuries,qb_out_x_bad_weather,L,pooled,rush_td,True,-6e-05,0.0001,3e-05,0.00013,5e-05,3e-05,0.5136,0.5501,0.5199,,,,,,,,,,,False,,,"fails 1 (2019-22, 2023-25)",all +9.52% on vs off (+0.02 at a 0.2 line),backup QB x bad weather
Injuries,qb_out_x_bad_weather,L,by position,rush_td,True,0.00041,0.00029,0.0,0.00025,0.00019,0.0001,0.5136,0.5501,0.5199,,,,,,,,,,,False,,,"fails 1 (2017-18, 2019-22, 2023-25)",RB -4.44% on vs off (-0.01 at a 0.3 line); QB +88.95% on vs off (+0.14 at a 0.2 line); other -99.57% on vs off (-0.02 at a 0.0 line),backup QB x bad weather
Injuries,injuries_x_short_week,L,pooled,rec_yards,True,0.00393,0.00077,0.00112,0.00405,0.00049,0.00062,19.6893,19.131,18.1454,,,,,,,,,,,False,,,"fails 1 (2017-18, 2019-22, 2023-25)",all +0.44% per sd (0.185) (+0.11 at a 25.4 line),offensive starters out x short week
Injuries,injuries_x_short_week,L,by position,rec_yards,True,0.03099,0.00124,0.0008,0.0109,0.00125,0.00177,19.6893,19.131,18.1454,,,,,,,,,,,False,,,"fails 1 (2017-18, 2019-22, 2023-25)",WR +0.89% per sd (0.185) (+0.30 at a 33.6 line); TE -0.44% per sd (0.185) (-0.09 at a 20.9 line); RB -0.22% per sd (0.185) (-0.03 at a 14.3 line); other -23.34% per sd (0.185) (-2.23 at a 9.5 line),offensive starters out x short week
Injuries,injuries_x_short_week,L,pooled,rec_catches,True,0.00025,-3e-05,-0.00029,0.00026,0.00017,0.00016,1.4479,1.4404,1.367,,,,,,,,,,,False,,,fails 1 (2017-18),all +0.89% per sd (0.185) (+0.02 at a 2.4 line),offensive starters out x short week
Injuries,injuries_x_short_week,L,by position,rec_catches,True,0.00288,0.00021,-0.00041,0.00152,0.00036,0.00022,1.4479,1.4404,1.367,,,,,,,,,,,False,,,"fails 1 (2017-18, 2019-22)",WR +0.67% per sd (0.185) (+0.02 at a 2.9 line); TE +0.44% per sd (0.185) (+0.01 at a 2.1 line); RB +1.56% per sd (0.185) (+0.03 at a 1.8 line); other +14.21% per sd (0.185) (+0.17 at a 1.2 line),offensive starters out x short week
Injuries,injuries_x_short_week,L,pooled,rec_targets,True,0.00058,-0.00014,-0.00081,0.00039,0.00031,0.00034,1.8752,1.8257,1.7128,,,,,,,,,,,False,,,fails 1 (2017-18),all +0.89% per sd (0.185) (+0.04 at a 4.0 line),offensive starters out x short week
Injuries,injuries_x_short_week,L,by position,rec_targets,True,0.0013,0.00014,-0.00094,0.00058,0.00035,0.00037,1.8752,1.8257,1.7128,,,,,,,,,,,False,,,"fails 1 (2017-18, 2019-22)",WR +0.89% per sd (0.185) (+0.04 at a 5.0 line); TE +1.79% per sd (0.185) (+0.06 at a 3.4 line); RB +0.89% per sd (0.185) (+0.02 at a 2.7 line); other +30.44% per sd (0.185) (+0.54 at a 1.8 line),offensive starters out x short week
Injuries,injuries_x_short_week,L,pooled,rec_td,True,0.0001,1e-05,2e-05,0.00014,8e-05,6e-05,0.5007,0.4919,0.4727,,,,,,,,,,,False,,,"fails 1 (2017-18, 2019-22, 2023-25)",all +1.11% per sd (0.185) (+0.00 at a 0.2 line),offensive starters out x short week
Injuries,injuries_x_short_week,L,by position,rec_td,True,0.00026,0.00017,0.00036,0.00044,0.00025,0.00021,0.5007,0.4919,0.4727,,,,,,,,,,,False,,,"fails 1 (2017-18, 2019-22, 2023-25)",WR +2.24% per sd (0.185) (+0.01 at a 0.2 line); TE -3.27% per sd (0.185) (-0.01 at a 0.2 line); RB +0.67% per sd (0.185) (+0.00 at a 0.1 line); other +13.96% per sd (0.185) (+0.01 at a 0.1 line),offensive starters out x short week
Injuries,injuries_x_short_week,L,pooled,rush_yards,True,0.00114,0.0019,0.00136,0.01611,0.00451,0.00336,18.041,17.6866,16.9681,,,,,,,,,,,False,,,"fails 1 (2017-18, 2019-22, 2023-25)",all -0.51% per sd (0.182) (-0.13 at a 26.3 line),offensive starters out x short week
Injuries,injuries_x_short_week,L,by position,rush_yards,True,0.0197,-0.00047,0.00313,0.02395,0.00463,0.00376,18.041,17.6866,16.9681,,,,,,,,,,,False,,,"fails 1 (2017-18, 2023-25)",RB -0.26% per sd (0.182) (-0.09 at a 34.8 line); QB -3.54% per sd (0.182) (-0.52 at a 14.6 line); other -6.00% per sd (0.182) (-0.20 at a 3.3 line),offensive starters out x short week
Injuries,injuries_x_short_week,L,pooled,rush_carries,True,0.00482,0.00146,0.00011,0.00284,0.00119,0.00043,3.0824,2.933,2.8393,,,,,,,,,,,False,,,"fails 1 (2017-18, 2019-22, 2023-25)",all +0.26% per sd (0.182) (+0.02 at a 6.8 line),offensive starters out x short week
Injuries,injuries_x_short_week,L,by position,rush_carries,True,0.00622,0.00108,0.00123,0.00333,0.00155,0.00101,3.0824,2.933,2.8393,,,,,,,,,,,False,,,"fails 1 (2017-18, 2019-22, 2023-25)",RB +0.78% per sd (0.182) (+0.07 at a 9.1 line); QB -1.28% per sd (0.182) (-0.05 at a 3.7 line); other -1.53% per sd (0.182) (-0.01 at a 0.7 line),offensive starters out x short week
Injuries,injuries_x_short_week,L,pooled,rush_td,True,0.00043,5e-05,3e-05,0.00042,8e-05,3e-05,0.5136,0.5501,0.5199,,,,,,,,,,,False,,,"fails 1 (2017-18, 2019-22, 2023-25)",all -0.26% per sd (0.182) (-0.00 at a 0.2 line),offensive starters out x short week
Injuries,injuries_x_short_week,L,by position,rush_td,True,0.00057,0.0001,3e-05,0.00046,9e-05,4e-05,0.5136,0.5501,0.5199,,,,,,,,,,,False,,,"fails 1 (2017-18, 2019-22, 2023-25)",RB +0.00% per sd (0.182) (+0.00 at a 0.3 line); QB -1.03% per sd (0.182) (-0.00 at a 0.2 line); other -20.90% per sd (0.182) (-0.00 at a 0.0 line),offensive starters out x short week
Injuries,injuries_x_short_week,L,pooled,pass_yards,True,0.06183,0.01802,-0.01821,0.06852,0.02769,0.03173,60.7221,56.5737,56.1092,,,,,,,,,,,False,,,"fails 1 (2017-18, 2019-22)",all +0.82% per sd (0.181) (+1.89 at a 228.9 line),offensive starters out x short week
Injuries,injuries_x_short_week,L,pooled,pass_dropbacks,True,0.01258,0.00347,-0.00473,0.01358,0.00306,0.00246,7.5939,7.686,7.7009,,,,,,,,,,,False,,,"fails 1 (2017-18, 2019-22)",all +0.27% per sd (0.181) (+0.10 at a 37.7 line),offensive starters out x short week
Injuries,injuries_x_short_week,L,pooled,pass_td,True,0.00061,0.00034,9e-05,0.00116,0.00048,0.00022,0.8534,0.8376,0.8698,,,,,,,,,,,False,,,"fails 1 (2017-18, 2019-22, 2023-25)",all +0.55% per sd (0.181) (+0.01 at a 1.5 line),offensive starters out x short week
Injuries,injuries_x_short_week,L,pooled,pass_int,True,0.00036,0.00015,0.00022,0.00043,0.00036,0.0001,0.9749,0.9645,0.9458,,,,,,,,,,,False,,,"fails 1 (2017-18, 2019-22, 2023-25)",all -0.27% per sd (0.181) (-0.00 at a 0.8 line),offensive starters out x short week
Player vs player,opp_cb_unit_rating,L,pooled,rec_yards,False,0.0,-0.00447,-0.00249,0.0,0.00543,0.00489,19.6893,19.131,18.1454,0.0,-6.9e-05,6.3e-05,91-80,91-80,171.0,,,,,True,False,,fails 2 (chance 2023-25),all -1.86% per sd (0.00333) (-0.47 at a 25.4 line),"this week's expected starting corners' rating (snap-weighted, positions.py recipe)"
Player vs player,opp_cb_unit_rating,L,by position,rec_yards,False,0.0,-0.00302,0.00042,0.0,0.00594,0.00543,19.6893,19.131,18.1454,,,,,,,,,,,False,,,fails 1 (2023-25),WR -1.86% per sd (0.00333) (-0.62 at a 33.6 line); TE -3.16% per sd (0.00333) (-0.66 at a 20.9 line); RB -1.60% per sd (0.00333) (-0.23 at a 14.3 line); other +29.34% per sd (0.00333) (+2.80 at a 9.5 line),"this week's expected starting corners' rating (snap-weighted, positions.py recipe)"
Player vs player,opp_cb_unit_rating,L,pooled,rec_catches,False,0.0,-0.00019,-0.00108,0.0,0.00031,0.00038,1.4479,1.4404,1.367,0.0,-2.1e-05,-0.000355,81-81,81-81,162.0,0.0,49.0,50.0,0.98,True,True,True,passes 1-3,all -1.86% per sd (0.00333) (-0.05 at a 2.4 line),"this week's expected starting corners' rating (snap-weighted, positions.py recipe)"
Player vs player,opp_cb_unit_rating,L,by position,rec_catches,False,0.0,0.0003,-0.00106,0.0,0.00046,0.00037,1.4479,1.4404,1.367,,,,,,,,,,,False,,,fails 1 (2019-22),WR -1.86% per sd (0.00333) (-0.05 at a 2.9 line); TE -2.64% per sd (0.00333) (-0.06 at a 2.1 line); RB -1.07% per sd (0.00333) (-0.02 at a 1.8 line); other -6.73% per sd (0.00333) (-0.08 at a 1.2 line),"this week's expected starting corners' rating (snap-weighted, positions.py recipe)"
Player vs player,opp_cb_unit_rating,L,pooled,rec_targets,False,0.0,0.00042,0.00013,0.0,0.00037,0.00017,1.8752,1.8257,1.7128,,,,,,,,,,,False,,,"fails 1 (2019-22, 2023-25)",all -0.27% per sd (0.00333) (-0.01 at a 4.0 line),"this week's expected starting corners' rating (snap-weighted, positions.py recipe)"
Player vs player,opp_cb_unit_rating,L,by position,rec_targets,False,0.0,0.00075,0.00033,0.0,0.00089,0.00037,1.8752,1.8257,1.7128,,,,,,,,,,,False,,,"fails 1 (2019-22, 2023-25)",WR +0.27% per sd (0.00333) (+0.01 at a 5.0 line); TE -1.86% per sd (0.00333) (-0.06 at a 3.4 line); RB -0.53% per sd (0.00333) (-0.01 at a 2.7 line); other -10.65% per sd (0.00333) (-0.19 at a 1.8 line),"this week's expected starting corners' rating (snap-weighted, positions.py recipe)"
Player vs player,opp_cb_unit_rating,L,pooled,rec_td,False,0.0,8e-05,6e-05,0.0,0.00023,7e-05,0.5007,0.4919,0.4727,,,,,,,,,,,False,,,"fails 1 (2019-22, 2023-25)",all -1.86% per sd (0.00333) (-0.00 at a 0.2 line),"this week's expected starting corners' rating (snap-weighted, positions.py recipe)"
Player vs player,opp_cb_unit_rating,L,by position,rec_td,False,0.0,0.00016,0.00012,0.0,0.00027,8e-05,0.5007,0.4919,0.4727,,,,,,,,,,,False,,,"fails 1 (2019-22, 2023-25)",WR -1.60% per sd (0.00333) (-0.00 at a 0.2 line); TE -2.64% per sd (0.00333) (-0.01 at a 0.2 line); RB -1.86% per sd (0.00333) (-0.00 at a 0.1 line); other +11.02% per sd (0.00333) (+0.01 at a 0.1 line),"this week's expected starting corners' rating (snap-weighted, positions.py recipe)"
Player vs player,opp_cb_unit_rating,L,pooled,pass_yards,False,0.0,0.00846,0.02831,0.0,0.01635,0.03678,60.7221,56.5737,56.1092,,,,,,,,,,,False,,,"fails 1 (2019-22, 2023-25)",all -0.53% per sd (0.00333) (-1.22 at a 228.9 line),"this week's expected starting corners' rating (snap-weighted, positions.py recipe)"
Player vs player,opp_cb_unit_rating,L,pooled,pass_dropbacks,False,0.0,-0.00314,0.00475,0.0,0.00526,0.00668,7.5939,7.686,7.7009,,,,,,,,,,,False,,,fails 1 (2023-25),all -0.53% per sd (0.00333) (-0.20 at a 37.7 line),"this week's expected starting corners' rating (snap-weighted, positions.py recipe)"
Player vs player,opp_cb_unit_rating,L,pooled,pass_td,False,0.0,0.00026,0.00012,0.0,0.00091,0.00029,0.8534,0.8376,0.8698,,,,,,,,,,,False,,,"fails 1 (2019-22, 2023-25)",all -1.59% per sd (0.00333) (-0.02 at a 1.5 line),"this week's expected starting corners' rating (snap-weighted, positions.py recipe)"
Player vs player,opp_cb_unit_rating,L,pooled,pass_int,False,0.0,-0.00098,-0.00122,0.0,0.001,0.00091,0.9749,0.9645,0.9458,,,,18-14,15-17,32.0,,,,,True,False,,fails 2 (lean record),all +5.50% per sd (0.00333) (+0.04 at a 0.8 line),"this week's expected starting corners' rating (snap-weighted, positions.py recipe)"
Player vs player,opp_cb_unit_change,L,pooled,rec_yards,False,0.0,0.00508,-0.00344,0.0,0.0025,0.00196,19.6893,19.131,18.1454,,,,,,,,,,,False,,,fails 1 (2019-22),all -1.29% per sd (0.00155) (-0.33 at a 25.4 line),that minus the corners who played the defense's last 8 games (the change the allowed rate has not seen)
Player vs player,opp_cb_unit_change,L,by position,rec_yards,False,0.0,0.01015,-0.0048,0.0,0.00873,0.00317,19.6893,19.131,18.1454,,,,,,,,,,,False,,,fails 1 (2019-22),WR -1.29% per sd (0.00155) (-0.43 at a 33.6 line); TE -2.81% per sd (0.00155) (-0.59 at a 20.9 line); RB +1.04% per sd (0.00155) (+0.15 at a 14.3 line); other +5.04% per sd (0.00155) (+0.48 at a 9.5 line),that minus the corners who played the defense's last 8 games (the change the allowed rate has not seen)
Player vs player,opp_cb_unit_change,L,pooled,rec_catches,False,0.0,8e-05,-0.00038,0.0,0.00013,0.00016,1.4479,1.4404,1.367,,,,,,,,,,,False,,,fails 1 (2019-22),all -1.03% per sd (0.00155) (-0.03 at a 2.4 line),that minus the corners who played the defense's last 8 games (the change the allowed rate has not seen)
Player vs player,opp_cb_unit_change,L,by position,rec_catches,False,0.0,0.00023,-0.00033,0.0,0.00023,0.00017,1.4479,1.4404,1.367,,,,,,,,,,,False,,,fails 1 (2019-22),WR -1.03% per sd (0.00155) (-0.03 at a 2.9 line); TE -2.05% per sd (0.00155) (-0.04 at a 2.1 line); RB -0.52% per sd (0.00155) (-0.01 at a 1.8 line); other -6.51% per sd (0.00155) (-0.08 at a 1.2 line),that minus the corners who played the defense's last 8 games (the change the allowed rate has not seen)
Player vs player,opp_cb_unit_change,L,pooled,rec_targets,False,0.0,0.00086,-1e-05,0.0,0.00039,9e-05,1.8752,1.8257,1.7128,,,,,,,,,,,False,,,fails 1 (2019-22),all -0.26% per sd (0.00155) (-0.01 at a 4.0 line),that minus the corners who played the defense's last 8 games (the change the allowed rate has not seen)
Player vs player,opp_cb_unit_change,L,by position,rec_targets,False,0.0,0.00142,0.00015,0.0,0.00071,0.00018,1.8752,1.8257,1.7128,,,,,,,,,,,False,,,"fails 1 (2019-22, 2023-25)",WR +0.00% per sd (0.00155) (+0.00 at a 5.0 line); TE -1.03% per sd (0.00155) (-0.04 at a 3.4 line); RB +0.00% per sd (0.00155) (+0.00 at a 2.7 line); other -15.06% per sd (0.00155) (-0.27 at a 1.8 line),that minus the corners who played the defense's last 8 games (the change the allowed rate has not seen)
Player vs player,opp_cb_unit_change,L,pooled,rec_td,False,0.0,-4e-05,-2e-05,0.0,0.00012,8e-05,0.5007,0.4919,0.4727,,,,156-68,158-66,224.0,0.0,46.0,43.0,0.86,True,True,False,"fails 3 (placebo, worst window beaten in 43/50)",all -2.05% per sd (0.00155) (-0.00 at a 0.2 line),that minus the corners who played the defense's last 8 games (the change the allowed rate has not seen)
Player vs player,opp_cb_unit_change,L,by position,rec_td,False,0.0,9e-05,0.0,0.0,0.00015,0.0001,0.5007,0.4919,0.4727,,,,,,,,,,,False,,,"fails 1 (2019-22, 2023-25)",WR -1.54% per sd (0.00155) (-0.00 at a 0.2 line); TE -4.31% per sd (0.00155) (-0.01 at a 0.2 line); RB -0.26% per sd (0.00155) (-0.00 at a 0.1 line); other -3.06% per sd (0.00155) (-0.00 at a 0.1 line),that minus the corners who played the defense's last 8 games (the change the allowed rate has not seen)
Player vs player,opp_cb_unit_change,L,pooled,pass_yards,False,0.0,-0.01056,-0.01652,0.0,0.03883,0.04314,60.7221,56.5737,56.1092,0.0,-0.00017,0.000989,15-17,15-17,32.0,,,,,True,False,,fails 2 (chance 2023-25),all -0.78% per sd (0.00154) (-1.79 at a 228.9 line),that minus the corners who played the defense's last 8 games (the change the allowed rate has not seen)
Player vs player,opp_cb_unit_change,L,pooled,pass_dropbacks,False,0.0,0.01306,-0.00102,0.0,0.0071,0.00191,7.5939,7.686,7.7009,,,,,,,,,,,False,,,fails 1 (2019-22),all -0.26% per sd (0.00154) (-0.10 at a 37.7 line),that minus the corners who played the defense's last 8 games (the change the allowed rate has not seen)
Player vs player,opp_cb_unit_change,L,pooled,pass_td,False,0.0,-0.00011,-0.00026,0.0,0.0005,0.00037,0.8534,0.8376,0.8698,,,,18-14,18-14,32.0,0.0,46.0,48.0,0.92,True,True,True,passes 1-3,all -1.82% per sd (0.00154) (-0.03 at a 1.5 line),that minus the corners who played the defense's last 8 games (the change the allowed rate has not seen)
Player vs player,opp_cb_unit_change,L,pooled,pass_int,False,0.0,-0.00034,-0.00113,0.0,0.00077,0.0007,0.9749,0.9645,0.9458,,,,18-14,16-16,32.0,,,,,True,False,,fails 2 (lean record),all +4.29% per sd (0.00154) (+0.03 at a 0.8 line),that minus the corners who played the defense's last 8 games (the change the allowed rate has not seen)
Player vs player,cb_unit_wr_only,L,pooled,rec_yards,False,0.0,-0.00407,-0.00022,0.0,0.00432,0.0044,19.6893,19.131,18.1454,0.0,-0.000122,3.5e-05,91-80,92-79,171.0,,,,,True,False,,fails 2 (chance 2023-25),all -1.89% per sd (0.00334) (-0.48 at a 25.4 line),the corner unit rating on WR rows only
Player vs player,cb_unit_wr_only,L,pooled,rec_catches,False,0.0,0.00013,-0.0007,0.0,0.00022,0.00029,1.4479,1.4404,1.367,,,,,,,,,,,False,,,fails 1 (2019-22),all -1.89% per sd (0.00334) (-0.05 at a 2.4 line),the corner unit rating on WR rows only
Player vs player,cb_unit_wr_only,L,pooled,rec_targets,False,0.0,0.00047,0.00011,0.0,0.00036,7e-05,1.8752,1.8257,1.7128,,,,,,,,,,,False,,,"fails 1 (2019-22, 2023-25)",all +0.38% per sd (0.00334) (+0.02 at a 4.0 line),the corner unit rating on WR rows only
Player vs player,cb_unit_wr_only,L,pooled,rec_td,False,0.0,0.00018,6e-05,0.0,0.00025,6e-05,0.5007,0.4919,0.4727,,,,,,,,,,,False,,,"fails 1 (2019-22, 2023-25)",all -1.52% per sd (0.00334) (-0.00 at a 0.2 line),the corner unit rating on WR rows only
Player vs player,cb_shadow_assigned,L,pooled,rec_yards,False,0.0,-0.00302,-0.0005,0.0,0.0034,0.00403,19.6893,19.131,18.1454,0.0,-9.9e-05,0.000101,91-80,92-79,171.0,,,,,True,False,,fails 2 (chance 2023-25),all -1.52% per sd (0.00337) (-0.39 at a 25.4 line),"a shadow corner's own rating on the WR1, the rest of the unit on the other WRs"
Player vs player,cb_shadow_assigned,L,pooled,rec_catches,False,0.0,0.00014,-0.00071,0.0,0.00022,0.00026,1.4479,1.4404,1.367,,,,,,,,,,,False,,,fails 1 (2019-22),all -1.89% per sd (0.00337) (-0.05 at a 2.4 line),"a shadow corner's own rating on the WR1, the rest of the unit on the other WRs"
Player vs player,cb_shadow_assigned,L,pooled,rec_targets,False,0.0,0.00031,0.00011,0.0,0.00028,7e-05,1.8752,1.8257,1.7128,,,,,,,,,,,False,,,"fails 1 (2019-22, 2023-25)",all +0.38% per sd (0.00337) (+0.02 at a 4.0 line),"a shadow corner's own rating on the WR1, the rest of the unit on the other WRs"
Player vs player,cb_shadow_assigned,L,pooled,rec_td,False,0.0,0.00012,7e-05,0.0,0.0002,5e-05,0.5007,0.4919,0.4727,,,,,,,,,,,False,,,"fails 1 (2019-22, 2023-25)",all -1.14% per sd (0.00337) (-0.00 at a 0.2 line),"a shadow corner's own rating on the WR1, the rest of the unit on the other WRs"
Player vs player,vs_shadow_corner_wr1,L,pooled,rec_yards,False,0.29038,-0.00055,0.00046,0.05165,0.00031,0.001,19.6893,19.131,18.1454,,,,,,,,,,,False,,,"fails 1 (2017-18, 2023-25)",all +7.36% on vs off (+1.87 at a 25.4 line),the WR1 against a corner whose credits follow WR1s
Player vs player,vs_shadow_corner_wr1,L,pooled,rec_catches,False,0.0249,0.0,0.0,0.00384,0.0,0.0,1.4479,1.4404,1.367,,,,,,,,,,,False,,,"fails 1 (2017-18, 2019-22, 2023-25)",all +0.00% on vs off (+0.00 at a 2.4 line),the WR1 against a corner whose credits follow WR1s
Player vs player,vs_shadow_corner_wr1,L,pooled,rec_targets,False,0.04627,0.00041,-0.00021,0.00712,0.00033,0.00022,1.8752,1.8257,1.7128,,,,,,,,,,,False,,,"fails 1 (2017-18, 2019-22)",all -13.24% on vs off (-0.53 at a 4.0 line),the WR1 against a corner whose credits follow WR1s
Player vs player,vs_shadow_corner_wr1,L,pooled,rec_td,False,0.00306,1e-05,-6e-05,0.00068,4e-05,6e-05,0.5007,0.4919,0.4727,,,,,,,,,,,False,,,"fails 1 (2017-18, 2019-22)",all +42.61% on vs off (+0.08 at a 0.2 line),the WR1 against a corner whose credits follow WR1s
Player vs player,man_zone_x_opp_man,L,pooled,rec_yards,False,0.0,0.00522,0.00265,0.0,0.00267,0.00103,19.6893,19.131,18.1454,,,,,,,,,,,False,,,"fails 1 (2019-22, 2023-25)",all +0.00% per sd (0.0129) (+0.00 at a 25.4 line),his man/zone split (earlier seasons) x the opponent's man rate last season
Player vs player,man_zone_x_opp_man,L,by position,rec_yards,False,0.0,0.00845,0.00291,0.0,0.00435,0.00248,19.6893,19.131,18.1454,,,,,,,,,,,False,,,"fails 1 (2019-22, 2023-25)",WR +0.00% per sd (0.0129) (+0.00 at a 33.6 line); TE +1.94% per sd (0.0129) (+0.41 at a 20.9 line); RB -1.09% per sd (0.0129) (-0.16 at a 14.3 line); other -2.18% per sd (0.0129) (-0.21 at a 9.5 line),his man/zone split (earlier seasons) x the opponent's man rate last season
Player vs player,man_zone_x_opp_man,L,pooled,rec_catches,False,0.0,0.00013,-0.0002,0.0,0.00012,0.00017,1.4479,1.4404,1.367,,,,,,,,,,,False,,,fails 1 (2019-22),all -0.82% per sd (0.0129) (-0.02 at a 2.4 line),his man/zone split (earlier seasons) x the opponent's man rate last season
Player vs player,man_zone_x_opp_man,L,by position,rec_catches,False,0.0,0.001,0.00011,0.0,0.0004,0.00024,1.4479,1.4404,1.367,,,,,,,,,,,False,,,"fails 1 (2019-22, 2023-25)",WR -0.82% per sd (0.0129) (-0.02 at a 2.9 line); TE +0.00% per sd (0.0129) (+0.00 at a 2.1 line); RB -1.37% per sd (0.0129) (-0.03 at a 1.8 line); other -11.64% per sd (0.0129) (-0.14 at a 1.2 line),his man/zone split (earlier seasons) x the opponent's man rate last season
Player vs player,man_zone_x_opp_man,L,pooled,rec_targets,False,0.0,0.00012,-0.00018,0.0,0.00014,0.00019,1.8752,1.8257,1.7128,,,,,,,,,,,False,,,fails 1 (2019-22),all -0.55% per sd (0.0129) (-0.02 at a 4.0 line),his man/zone split (earlier seasons) x the opponent's man rate last season
Player vs player,man_zone_x_opp_man,L,by position,rec_targets,False,0.0,0.001,-0.00012,0.0,0.00047,0.00034,1.8752,1.8257,1.7128,,,,,,,,,,,False,,,fails 1 (2019-22),WR -0.55% per sd (0.0129) (-0.03 at a 5.0 line); TE +0.55% per sd (0.0129) (+0.02 at a 3.4 line); RB -1.37% per sd (0.0129) (-0.04 at a 2.7 line); other +7.12% per sd (0.0129) (+0.13 at a 1.8 line),his man/zone split (earlier seasons) x the opponent's man rate last season
Player vs player,man_zone_x_opp_man,L,pooled,rec_td,False,0.0,7e-05,1e-05,0.0,5e-05,0.0,0.5007,0.4919,0.4727,,,,,,,,,,,False,,,"fails 1 (2019-22, 2023-25)",all -0.27% per sd (0.0129) (-0.00 at a 0.2 line),his man/zone split (earlier seasons) x the opponent's man rate last season
Player vs player,man_zone_x_opp_man,L,by position,rec_td,False,0.0,2e-05,7e-05,0.0,0.00017,0.00016,0.5007,0.4919,0.4727,,,,,,,,,,,False,,,"fails 1 (2019-22, 2023-25)",WR -1.37% per sd (0.0129) (-0.00 at a 0.2 line); TE +5.66% per sd (0.0129) (+0.01 at a 0.2 line); RB -3.78% per sd (0.0129) (-0.00 at a 0.1 line); other +13.80% per sd (0.0129) (+0.01 at a 0.1 line),his man/zone split (earlier seasons) x the opponent's man rate last season
Player vs player,man_zone_x_opp_man,L,pooled,pass_yards,False,0.0,0.017,0.03302,0.0,0.03532,0.03049,60.7221,56.5737,56.1092,,,,,,,,,,,False,,,"fails 1 (2019-22, 2023-25)",all -0.55% per sd (0.00728) (-1.26 at a 228.9 line),his man/zone split (earlier seasons) x the opponent's man rate last season
Player vs player,man_zone_x_opp_man,L,pooled,pass_dropbacks,False,0.0,0.01175,-0.00021,0.0,0.0088,0.00333,7.5939,7.686,7.7009,,,,,,,,,,,False,,,fails 1 (2019-22),all -0.28% per sd (0.00728) (-0.10 at a 37.7 line),his man/zone split (earlier seasons) x the opponent's man rate last season
Player vs player,man_zone_x_opp_man,L,pooled,pass_td,False,0.0,0.00012,0.00013,0.0,0.00015,0.00032,0.8534,0.8376,0.8698,,,,,,,,,,,False,,,"fails 1 (2019-22, 2023-25)",all -1.10% per sd (0.00728) (-0.02 at a 1.5 line),his man/zone split (earlier seasons) x the opponent's man rate last season
Player vs player,man_zone_x_opp_man,L,pooled,pass_int,False,0.0,0.00023,-7e-05,0.0,0.00063,0.00034,0.9749,0.9645,0.9458,,,,,,,,,,,False,,,fails 1 (2019-22),all -1.64% per sd (0.00728) (-0.01 at a 0.8 line),his man/zone split (earlier seasons) x the opponent's man rate last season
Player vs player,opp_lb_s_rating,L,pooled,rec_yards,False,0.0,-0.00037,-0.00328,0.0,0.00128,0.00243,19.6893,19.131,18.1454,0.0,-2.3e-05,-6.8e-05,91-80,88-83,171.0,,,,,True,False,,fails 2 (lean record),all -1.15% per sd (0.0105) (-0.29 at a 25.4 line),the opponent's expected LBs and safeties (TE / RB receiving)
Player vs player,opp_lb_s_rating,L,by position,rec_yards,False,0.0,0.0,0.00153,0.0,0.00338,0.00354,19.6893,19.131,18.1454,,,,,,,,,,,False,,,"fails 1 (2019-22, 2023-25)",WR -1.15% per sd (0.0105) (-0.39 at a 33.6 line); TE -0.87% per sd (0.0105) (-0.18 at a 20.9 line); RB -2.29% per sd (0.0105) (-0.33 at a 14.3 line); other +4.75% per sd (0.0105) (+0.45 at a 9.5 line),the opponent's expected LBs and safeties (TE / RB receiving)
Player vs player,opp_lb_s_rating,L,pooled,rec_catches,False,0.0,0.00029,9e-05,0.0,0.00019,9e-05,1.4479,1.4404,1.367,,,,,,,,,,,False,,,"fails 1 (2019-22, 2023-25)",all +0.00% per sd (0.0105) (+0.00 at a 2.4 line),the opponent's expected LBs and safeties (TE / RB receiving)
Player vs player,opp_lb_s_rating,L,by position,rec_catches,False,0.0,0.00063,0.00038,0.0,0.0003,0.0002,1.4479,1.4404,1.367,,,,,,,,,,,False,,,"fails 1 (2019-22, 2023-25)",WR +0.00% per sd (0.0105) (+0.00 at a 2.9 line); TE +0.29% per sd (0.0105) (+0.01 at a 2.1 line); RB +0.87% per sd (0.0105) (+0.02 at a 1.8 line); other -1.15% per sd (0.0105) (-0.01 at a 1.2 line),the opponent's expected LBs and safeties (TE / RB receiving)
Player vs player,opp_lb_s_rating,L,pooled,rec_targets,False,0.0,3e-05,0.00044,0.0,0.00046,0.00029,1.8752,1.8257,1.7128,,,,,,,,,,,False,,,"fails 1 (2019-22, 2023-25)",all -0.29% per sd (0.0105) (-0.01 at a 4.0 line),the opponent's expected LBs and safeties (TE / RB receiving)
Player vs player,opp_lb_s_rating,L,by position,rec_targets,False,0.0,9e-05,0.00098,0.0,0.00058,0.00041,1.8752,1.8257,1.7128,,,,,,,,,,,False,,,"fails 1 (2019-22, 2023-25)",WR -0.29% per sd (0.0105) (-0.01 at a 5.0 line); TE +0.00% per sd (0.0105) (+0.00 at a 3.4 line); RB -0.29% per sd (0.0105) (-0.01 at a 2.7 line); other -11.47% per sd (0.0105) (-0.20 at a 1.8 line),the opponent's expected LBs and safeties (TE / RB receiving)
Player vs player,opp_lb_s_rating,L,pooled,rec_td,False,0.0,4e-05,-2e-05,0.0,9e-05,5e-05,0.5007,0.4919,0.4727,,,,,,,,,,,False,,,fails 1 (2019-22),all -1.72% per sd (0.0105) (-0.00 at a 0.2 line),the opponent's expected LBs and safeties (TE / RB receiving)
Player vs player,opp_lb_s_rating,L,by position,rec_td,False,0.0,0.00023,3e-05,0.0,0.00016,6e-05,0.5007,0.4919,0.4727,,,,,,,,,,,False,,,"fails 1 (2019-22, 2023-25)",WR -2.01% per sd (0.0105) (-0.00 at a 0.2 line); TE -1.44% per sd (0.0105) (-0.00 at a 0.2 line); RB -0.87% per sd (0.0105) (-0.00 at a 0.1 line); other +41.62% per sd (0.0105) (+0.04 at a 0.1 line),the opponent's expected LBs and safeties (TE / RB receiving)
Player vs player,opp_lb_s_change,L,pooled,rec_yards,False,0.0,0.00778,0.00124,0.0,0.00459,0.00156,19.6893,19.131,18.1454,,,,,,,,,,,False,,,"fails 1 (2019-22, 2023-25)",all -0.51% per sd (0.00596) (-0.13 at a 25.4 line),that against the last 8 games' unit
Player vs player,opp_lb_s_change,L,by position,rec_yards,False,0.0,0.01293,0.00836,0.0,0.00697,0.00355,19.6893,19.131,18.1454,,,,,,,,,,,False,,,"fails 1 (2019-22, 2023-25)",WR -0.51% per sd (0.00596) (-0.17 at a 33.6 line); TE -1.28% per sd (0.00596) (-0.27 at a 20.9 line); RB -0.26% per sd (0.00596) (-0.04 at a 14.3 line); other -12.55% per sd (0.00596) (-1.20 at a 9.5 line),that against the last 8 games' unit
Player vs player,opp_lb_s_change,L,pooled,rec_catches,False,0.0,0.00199,6e-05,0.0,0.00057,6e-05,1.4479,1.4404,1.367,,,,,,,,,,,False,,,"fails 1 (2019-22, 2023-25)",all -0.26% per sd (0.00596) (-0.01 at a 2.4 line),that against the last 8 games' unit
Player vs player,opp_lb_s_change,L,by position,rec_catches,False,0.0,0.00235,0.00043,0.0,0.00077,0.00032,1.4479,1.4404,1.367,,,,,,,,,,,False,,,"fails 1 (2019-22, 2023-25)",WR -0.26% per sd (0.00596) (-0.01 at a 2.9 line); TE -0.26% per sd (0.00596) (-0.01 at a 2.1 line); RB -1.54% per sd (0.00596) (-0.03 at a 1.8 line); other +6.66% per sd (0.00596) (+0.08 at a 1.2 line),that against the last 8 games' unit
Player vs player,opp_lb_s_change,L,pooled,rec_targets,False,0.0,0.00133,0.0002,0.0,0.00058,0.00017,1.8752,1.8257,1.7128,,,,,,,,,,,False,,,"fails 1 (2019-22, 2023-25)",all +0.00% per sd (0.00596) (+0.00 at a 4.0 line),that against the last 8 games' unit
Player vs player,opp_lb_s_change,L,by position,rec_targets,False,0.0,0.00209,0.0006,0.0,0.00076,0.00029,1.8752,1.8257,1.7128,,,,,,,,,,,False,,,"fails 1 (2019-22, 2023-25)",WR +0.00% per sd (0.00596) (+0.00 at a 5.0 line); TE +0.00% per sd (0.00596) (+0.00 at a 3.4 line); RB -0.51% per sd (0.00596) (-0.01 at a 2.7 line); other -6.24% per sd (0.00596) (-0.11 at a 1.8 line),that against the last 8 games' unit
Player vs player,opp_lb_s_change,L,pooled,rec_td,False,0.0,0.0001,7e-05,0.0,8e-05,4e-05,0.5007,0.4919,0.4727,,,,,,,,,,,False,,,"fails 1 (2019-22, 2023-25)",all -1.28% per sd (0.00596) (-0.00 at a 0.2 line),that against the last 8 games' unit
Player vs player,opp_lb_s_change,L,by position,rec_td,False,0.0,0.00028,0.00013,0.0,0.00021,7e-05,0.5007,0.4919,0.4727,,,,,,,,,,,False,,,"fails 1 (2019-22, 2023-25)",WR -2.04% per sd (0.00596) (-0.01 at a 0.2 line); TE +0.52% per sd (0.00596) (+0.00 at a 0.2 line); RB -1.79% per sd (0.00596) (-0.00 at a 0.1 line); other +30.77% per sd (0.00596) (+0.03 at a 0.1 line),that against the last 8 games' unit
Player vs player,opp_front_rating,L,pooled,rush_yards,False,0.0,0.00691,-0.00286,0.0,0.00368,0.00516,18.041,17.6866,16.9681,,,,,,,,,,,False,,,fails 1 (2019-22),all -1.44% per sd (0.00938) (-0.38 at a 26.3 line),"the opponent's expected IDL, LB and EDGE (the run front)"
Player vs player,opp_front_rating,L,by position,rush_yards,False,0.0,0.00797,-0.00136,0.0,0.00431,0.00541,18.041,17.6866,16.9681,,,,,,,,,,,False,,,fails 1 (2019-22),RB -1.73% per sd (0.00938) (-0.60 at a 34.8 line); QB -0.29% per sd (0.00938) (-0.04 at a 14.6 line); other -8.62% per sd (0.00938) (-0.29 at a 3.3 line),"the opponent's expected IDL, LB and EDGE (the run front)"
Player vs player,opp_front_rating,L,pooled,rush_carries,False,0.0,0.00081,0.00021,0.0,0.0006,0.00022,3.0824,2.933,2.8393,,,,,,,,,,,False,,,"fails 1 (2019-22, 2023-25)",all +0.00% per sd (0.00938) (+0.00 at a 6.8 line),"the opponent's expected IDL, LB and EDGE (the run front)"
Player vs player,opp_front_rating,L,by position,rush_carries,False,0.0,-5e-05,0.00094,0.0,0.00068,0.0007,3.0824,2.933,2.8393,,,,,,,,,,,False,,,fails 1 (2023-25),RB +0.00% per sd (0.00938) (+0.00 at a 9.1 line); QB +0.29% per sd (0.00938) (+0.01 at a 3.7 line); other +14.99% per sd (0.00938) (+0.11 at a 0.7 line),"the opponent's expected IDL, LB and EDGE (the run front)"
Player vs player,opp_front_rating,L,pooled,rush_td,False,0.0,0.00019,9e-05,0.0,0.00022,9e-05,0.5136,0.5501,0.5199,,,,,,,,,,,False,,,"fails 1 (2019-22, 2023-25)",all +1.17% per sd (0.00938) (+0.00 at a 0.2 line),"the opponent's expected IDL, LB and EDGE (the run front)"
Player vs player,opp_front_rating,L,by position,rush_td,False,0.0,0.00027,0.00021,0.0,0.00027,0.00026,0.5136,0.5501,0.5199,,,,,,,,,,,False,,,"fails 1 (2019-22, 2023-25)",RB +1.17% per sd (0.00938) (+0.00 at a 0.3 line); QB +0.00% per sd (0.00938) (+0.00 at a 0.2 line); other +19.42% per sd (0.00938) (+0.00 at a 0.0 line),"the opponent's expected IDL, LB and EDGE (the run front)"
Player vs player,opp_front_change,L,pooled,rush_yards,False,0.0,0.00584,-0.0064,0.0,0.00376,0.0075,18.041,17.6866,16.9681,,,,,,,,,,,False,,,fails 1 (2019-22),all -1.76% per sd (0.0047) (-0.46 at a 26.3 line),that against the last 8 games' unit
Player vs player,opp_front_change,L,by position,rush_yards,False,0.0,0.01329,-0.00013,0.0,0.00515,0.00649,18.041,17.6866,16.9681,,,,,,,,,,,False,,,fails 1 (2019-22),RB -1.51% per sd (0.0047) (-0.53 at a 34.8 line); QB -2.26% per sd (0.0047) (-0.33 at a 14.6 line); other -8.04% per sd (0.0047) (-0.27 at a 3.3 line),that against the last 8 games' unit
Player vs player,opp_front_change,L,pooled,rush_carries,False,0.0,0.00215,0.00052,0.0,0.00133,0.00041,3.0824,2.933,2.8393,,,,,,,,,,,False,,,"fails 1 (2019-22, 2023-25)",all +0.00% per sd (0.0047) (+0.00 at a 6.8 line),that against the last 8 games' unit
Player vs player,opp_front_change,L,by position,rush_carries,False,0.0,0.00376,0.00037,0.0,0.00176,0.00045,3.0824,2.933,2.8393,,,,,,,,,,,False,,,"fails 1 (2019-22, 2023-25)",RB +0.25% per sd (0.0047) (+0.02 at a 9.1 line); QB -1.26% per sd (0.0047) (-0.05 at a 3.7 line); other +3.62% per sd (0.0047) (+0.03 at a 0.7 line),that against the last 8 games' unit
Player vs player,opp_front_change,L,pooled,rush_td,False,0.0,0.00046,7e-05,0.0,0.0004,0.00016,0.5136,0.5501,0.5199,,,,,,,,,,,False,,,"fails 1 (2019-22, 2023-25)",all -1.51% per sd (0.0047) (-0.00 at a 0.2 line),that against the last 8 games' unit
Player vs player,opp_front_change,L,by position,rush_td,False,0.0,0.00138,0.0005,0.0,0.00061,0.00028,0.5136,0.5501,0.5199,,,,,,,,,,,False,,,"fails 1 (2019-22, 2023-25)",RB -1.01% per sd (0.0047) (-0.00 at a 0.3 line); QB -1.76% per sd (0.0047) (-0.00 at a 0.2 line); other -9.20% per sd (0.0047) (-0.00 at a 0.0 line),that against the last 8 games' unit
Player vs player,opp_heavy_box_last_season,L,pooled,rush_yards,True,0.02207,0.01925,0.00228,0.02284,0.00668,0.00229,18.041,17.6866,16.9681,,,,,,,,,,,False,,,"fails 1 (2017-18, 2019-22, 2023-25)",all -0.36% per sd (0.0866) (-0.09 at a 26.3 line),the opponent's 8+ box rate on runs last season (participation)
Player vs player,opp_heavy_box_last_season,L,by position,rush_yards,True,0.01968,0.02533,0.01126,0.02534,0.00927,0.00402,18.041,17.6866,16.9681,,,,,,,,,,,False,,,"fails 1 (2017-18, 2019-22, 2023-25)",RB -0.36% per sd (0.0866) (-0.13 at a 34.8 line); QB -1.78% per sd (0.0866) (-0.26 at a 14.6 line); other +5.93% per sd (0.0866) (+0.20 at a 3.3 line),the opponent's 8+ box rate on runs last season (participation)
Player vs player,opp_heavy_box_last_season,L,pooled,rush_carries,True,0.00254,0.00212,0.00044,0.00332,0.00092,0.00017,3.0824,2.933,2.8393,,,,,,,,,,,False,,,"fails 1 (2017-18, 2019-22, 2023-25)",all +0.00% per sd (0.0866) (+0.00 at a 6.8 line),the opponent's 8+ box rate on runs last season (participation)
Player vs player,opp_heavy_box_last_season,L,by position,rush_carries,True,0.00351,0.00308,0.00076,0.00363,0.00115,0.00053,3.0824,2.933,2.8393,,,,,,,,,,,False,,,"fails 1 (2017-18, 2019-22, 2023-25)",RB +0.36% per sd (0.0866) (+0.03 at a 9.1 line); QB -0.72% per sd (0.0866) (-0.03 at a 3.7 line); other -6.61% per sd (0.0866) (-0.05 at a 0.7 line),the opponent's 8+ box rate on runs last season (participation)
Player vs player,opp_heavy_box_last_season,L,pooled,rush_td,True,0.00023,3e-05,4e-05,0.00026,5e-05,6e-05,0.5136,0.5501,0.5199,,,,,,,,,,,False,,,"fails 1 (2017-18, 2019-22, 2023-25)",all +0.00% per sd (0.0866) (+0.00 at a 0.2 line),the opponent's 8+ box rate on runs last season (participation)
Player vs player,opp_heavy_box_last_season,L,by position,rush_td,True,0.00021,0.00022,0.00016,0.00033,0.00019,0.0001,0.5136,0.5501,0.5199,,,,,,,,,,,False,,,"fails 1 (2017-18, 2019-22, 2023-25)",RB +0.36% per sd (0.0866) (+0.00 at a 0.3 line); QB +0.00% per sd (0.0866) (+0.00 at a 0.2 line); other -7.62% per sd (0.0866) (-0.00 at a 0.0 line),the opponent's 8+ box rate on runs last season (participation)
Player vs player,opp_pass_rush_rating,L,pooled,pass_yards,False,0.0,-0.02272,0.12909,0.0,0.07356,0.05737,60.7221,56.5737,56.1092,,,,,,,,,,,False,,,fails 1 (2023-25),all -0.57% per sd (0.00701) (-1.30 at a 228.9 line),the opponent's expected EDGE and IDL
Player vs player,opp_pass_rush_rating,L,pooled,pass_dropbacks,False,0.0,0.03303,0.00888,0.0,0.01977,0.00961,7.5939,7.686,7.7009,,,,,,,,,,,False,,,"fails 1 (2019-22, 2023-25)",all -0.85% per sd (0.00701) (-0.32 at a 37.7 line),the opponent's expected EDGE and IDL
Player vs player,opp_pass_rush_rating,L,pooled,pass_td,False,0.0,0.00026,0.00073,0.0,0.00071,0.00023,0.8534,0.8376,0.8698,,,,,,,,,,,False,,,"fails 1 (2019-22, 2023-25)",all -0.28% per sd (0.00701) (-0.00 at a 1.5 line),the opponent's expected EDGE and IDL
Player vs player,opp_pass_rush_rating,L,pooled,pass_int,False,0.0,0.00034,-0.00058,0.0,0.00034,0.00027,0.9749,0.9645,0.9458,,,,,,,,,,,False,,,fails 1 (2019-22),all +3.19% per sd (0.00701) (+0.03 at a 0.8 line),the opponent's expected EDGE and IDL
Player vs player,opp_pass_rush_change,L,pooled,pass_yards,False,0.0,-0.0716,0.13779,0.0,0.10454,0.07169,60.7221,56.5737,56.1092,,,,,,,,,,,False,,,fails 1 (2023-25),all -0.78% per sd (0.00365) (-1.79 at a 228.9 line),that against the last 8 games' unit
Player vs player,opp_pass_rush_change,L,pooled,pass_dropbacks,False,0.0,0.02446,-0.00085,0.0,0.01027,0.00149,7.5939,7.686,7.7009,,,,,,,,,,,False,,,fails 1 (2019-22),all +0.26% per sd (0.00365) (+0.10 at a 37.7 line),that against the last 8 games' unit
Player vs player,opp_pass_rush_change,L,pooled,pass_td,False,0.0,-0.00025,0.0005,0.0,0.00052,0.00031,0.8534,0.8376,0.8698,,,,,,,,,,,False,,,fails 1 (2023-25),all -0.78% per sd (0.00365) (-0.01 at a 1.5 line),that against the last 8 games' unit
Player vs player,opp_pass_rush_change,L,pooled,pass_int,False,0.0,0.00055,-0.00064,0.0,0.00037,0.00033,0.9749,0.9645,0.9458,,,,,,,,,,,False,,,fails 1 (2019-22),all +2.92% per sd (0.00365) (+0.02 at a 0.8 line),that against the last 8 games' unit
Player vs player,pass_rush_vs_protection,L,pooled,pass_yards,False,15.75712,0.22037,0.23917,1.45793,0.16846,0.08615,60.7221,56.5737,56.1092,,,,,,,,,,,False,,,"fails 1 (2017-18, 2019-22, 2023-25)",all -0.94% per sd (1.26) (-2.16 at a 228.9 line),the opponent's rush rating plus his line's sacks and hits allowed per dropback (both standardised)
Player vs player,pass_rush_vs_protection,L,pooled,pass_dropbacks,False,2.85023,0.01086,0.00286,0.22497,0.00542,0.00429,7.5939,7.686,7.7009,,,,,,,,,,,False,,,"fails 1 (2017-18, 2019-22, 2023-25)",all -0.32% per sd (1.26) (-0.12 at a 37.7 line),the opponent's rush rating plus his line's sacks and hits allowed per dropback (both standardised)
Player vs player,pass_rush_vs_protection,L,pooled,pass_td,False,0.06632,0.00109,0.00115,0.00968,0.00107,0.00037,0.8534,0.8376,0.8698,,,,,,,,,,,False,,,"fails 1 (2017-18, 2019-22, 2023-25)",all -0.63% per sd (1.26) (-0.01 at a 1.5 line),the opponent's rush rating plus his line's sacks and hits allowed per dropback (both standardised)
Player vs player,pass_rush_vs_protection,L,pooled,pass_int,False,0.02119,-0.00047,-0.00231,0.00689,0.0006,0.00088,0.9749,0.9645,0.9458,,,,,,,,,,,False,,,fails 1 (2017-18),all +6.86% per sd (1.26) (+0.05 at a 0.8 line),the opponent's rush rating plus his line's sacks and hits allowed per dropback (both standardised)
Player vs player,vs_specific_corners,C,pooled,rec_yards,True,-0.00159,0.00034,0.00278,0.00331,0.00293,0.00305,19.6893,19.131,18.1454,,,,,,,,,,,False,,,"fails 1 (2019-22, 2023-25)",all k=32 c=+0.45,"his residual history against this week's expected corners, counting only his targets with each on the field (earlier seasons)"
Player vs player,vs_specific_corners,C,pooled,rec_catches,True,0.00068,7e-05,0.00017,0.00084,0.00019,0.00026,1.4479,1.4404,1.367,,,,,,,,,,,False,,,"fails 1 (2017-18, 2019-22, 2023-25)",all k=32 c=+0.90,"his residual history against this week's expected corners, counting only his targets with each on the field (earlier seasons)"
Player vs player,vs_specific_corners,C,pooled,rec_targets,True,-2e-05,4e-05,-0.00029,5e-05,0.00026,0.00035,1.8752,1.8257,1.7128,,,,,,,,,,,False,,,fails 1 (2019-22),all k=32 c=+1.20,"his residual history against this week's expected corners, counting only his targets with each on the field (earlier seasons)"
Player vs player,vs_specific_corners,C,pooled,rec_td,True,-2e-05,4e-05,1e-05,8e-05,9e-05,7e-05,0.5007,0.4919,0.4727,,,,,,,,,,,False,,,"fails 1 (2019-22, 2023-25)",all k=32 c=-1.00,"his residual history against this week's expected corners, counting only his targets with each on the field (earlier seasons)"
Task B,rushing median factor: flat refit,B,pooled,rush_yards,True,-0.01937,0.00434,0.00179,0.01276,0.01078,0.00841,18.041,17.6866,16.9681,,,,,,,,,,,False,,,"fails 1 (2019-22, 2023-25)",0.8210,"the rushing median factor as a function of the mean, refitted walk-forward, against the flat 0.84"
Task B,rushing median factor: linear,B,pooled,rush_yards,True,-0.01636,0.00943,0.00156,0.01699,0.01202,0.00879,18.041,17.6866,16.9681,,,,,,,,,,,False,,,"fails 1 (2019-22, 2023-25)","0.7981, 0.0004","the rushing median factor as a function of the mean, refitted walk-forward, against the flat 0.84"
Task B,"rushing median factor: logistic, scale 5",B,pooled,rush_yards,True,-0.0104,0.00983,-0.00493,0.02268,0.0134,0.01024,18.041,17.6866,16.9681,,,,,,,,,,,False,,,fails 1 (2019-22),"0.7927, 0.8324, 45.2936","the rushing median factor as a function of the mean, refitted walk-forward, against the flat 0.84"
Task B,"rushing median factor: logistic, free scale",B,pooled,rush_yards,True,0.00262,0.00404,-0.00659,0.02482,0.01372,0.01092,18.041,17.6866,16.9681,,,,,,,,,,,False,,,"fails 1 (2017-18, 2019-22)","0.7933, 0.8324, 48.1494, -0.1334","the rushing median factor as a function of the mean, refitted walk-forward, against the flat 0.84"
Task B,receiving shares capped at one: Out/Doubtful removed (as specified),B,pooled,rec_yards,True,0.03071,0.03496,0.00066,0.02002,0.01512,0.01049,19.6893,19.131,18.1454,,,,,,,,,,,False,,,"fails 1 (2017-18, 2019-22, 2023-25)",sum > 1 on 23.0% of rows,"shares scaled by min(1, 1 / sum) over the roster the card can know"
Task B,receiving shares capped at one: Out/Doubtful removed (as specified),B,pooled,rec_catches,True,0.00569,0.00539,0.00311,0.00209,0.00163,0.0012,1.4479,1.4404,1.367,,,,,,,,,,,False,,,"fails 1 (2017-18, 2019-22, 2023-25)",sum > 1 on 23.0% of rows,"shares scaled by min(1, 1 / sum) over the roster the card can know"
Task B,receiving shares capped at one: Out/Doubtful removed (as specified),B,pooled,rec_targets,True,-0.00361,-0.0005,-0.00277,0.00356,0.00266,0.00194,1.8752,1.8257,1.7128,,,,84-63,83-64,151.0,,,,,True,False,,fails 2 (lean record),sum > 1 on 23.0% of rows,"shares scaled by min(1, 1 / sum) over the roster the card can know"
Task B,receiving shares capped at one: Out/Doubtful and inactive roster removed,B,pooled,rec_yards,True,0.02386,0.01837,-0.00292,0.01284,0.01098,0.00658,19.6893,19.131,18.1454,,,,,,,,,,,False,,,"fails 1 (2017-18, 2019-22)",sum > 1 on 12.6% of rows,"shares scaled by min(1, 1 / sum) over the roster the card can know"
Task B,receiving shares capped at one: Out/Doubtful and inactive roster removed,B,pooled,rec_catches,True,0.00209,0.00164,0.00073,0.00135,0.00113,0.00077,1.4479,1.4404,1.367,,,,,,,,,,,False,,,"fails 1 (2017-18, 2019-22, 2023-25)",sum > 1 on 12.6% of rows,"shares scaled by min(1, 1 / sum) over the roster the card can know"
Task B,receiving shares capped at one: Out/Doubtful and inactive roster removed,B,pooled,rec_targets,True,-0.00556,-0.00215,-0.00275,0.00233,0.00186,0.00125,1.8752,1.8257,1.7128,,,,84-63,85-62,151.0,49.0,50.0,50.0,0.98,True,True,True,passes 1-3,sum > 1 on 12.6% of rows,"shares scaled by min(1, 1 / sum) over the roster the card can know"
Injuries,live rule without ABSORB (round 18),R,reading,rec_yards,True,0.01642,0.02549,0.01192,0.01117,0.00911,0.0096,19.6893,19.131,18.1454,,,,,,,,,,,,,,reading,rows changed 14.1%,a live piece removed (positive diff = the live piece helps)
Injuries,live rule without the own injury-report factor (round 13),R,reading,rec_yards,True,0.01203,0.02326,-0.00321,0.01084,0.00758,0.00799,19.6893,19.131,18.1454,,,,,,,,,,,,,,reading,rows changed 7.1%,a live piece removed (positive diff = the live piece helps)
Injuries,live rule without ABSORB (round 18),R,reading,rush_yards,True,0.03025,0.08028,0.0675,0.02427,0.01895,0.01785,18.041,17.6866,16.9681,,,,,,,,,,,,,,reading,rows changed 16.4%,a live piece removed (positive diff = the live piece helps)
Injuries,live rule without the own injury-report factor (round 13),R,reading,rush_yards,True,0.01486,0.00496,0.01268,0.00916,0.00689,0.00644,18.041,17.6866,16.9681,,,,,,,,,,,,,,reading,rows changed 3.9%,a live piece removed (positive diff = the live piece helps)
Together,teammate_out_same_group[pooled] + opp_cb_unit_rating[pooled] + rest_days[pooled] + rb_out[pooled],T,together (all),rec_catches,False,-0.00377,-0.00079,-0.00343,0.00155,0.00127,0.00099,1.4479,1.4404,1.367,-0.002491,-0.000674,-0.001254,81-81,82-80,162.0,,,,,True,True,,passes 1-2 together (rule 5 met),,the passing pieces refitted together
Together,receiving shares capped at one: Out/Doubtful and inactive roster removed + teammate_out_same_group[pooled] + rest_days[pooled],T,together (all),rec_targets,True,-0.00854,-0.00315,-0.00544,0.00312,0.00225,0.00159,1.8752,1.8257,1.7128,,,,84-63,86-61,151.0,,,,,True,True,,passes 1-2 together (rule 5 met),,the passing pieces refitted together
Together,qb_rating[pooled] + rain[pooled],T,together (all),rec_td,True,-0.00095,-0.00018,-0.00031,0.00045,0.0003,0.00027,0.5007,0.4919,0.4727,,,,156-68,158-66,224.0,,,,,True,True,,passes 1-2 together (rule 5 met),,the passing pieces refitted together
Together,cold[pooled],T,together (all),rush_yards,True,-0.00983,-0.0093,-0.0039,0.01841,0.01088,0.01075,18.041,17.6866,16.9681,-0.000495,-4.4e-05,-0.00026,40-46,40-46,86.0,,,,,True,True,,passes 1-2 together (rule 5 met),,the passing pieces refitted together
Together,wind_x_turf[pooled],T,together (all),rush_td,True,-7e-05,-9e-05,-0.00017,0.0001,0.0002,0.00024,0.5136,0.5501,0.5199,,,,71-30,71-30,101.0,,,,,True,True,,passes 1-2 together (rule 5 met),,the passing pieces refitted together
Together,opp_cb_unit_change[pooled],T,together (all),pass_td,False,0.0,-0.00011,-0.00026,0.0,0.0005,0.00037,0.8534,0.8376,0.8698,,,,18-14,18-14,32.0,,,,,True,True,,passes 1-2 together (rule 5 met),,the passing pieces refitted together
