part,family,rule,window,bets,w,l,p,win_pct,units,roi,p_luck,placebo_p,placebo_p_window,beats_live_units_all3,beats_live_pct_all3,min_bets_window,positive_all3,seasons_up,seasons_with_bets,note,bought,bought_units,bought_units_at_110,gain_vs_live,flips_push_to_win,flips_loss_to_push,price_off3,gain_vs_110_off3_120,gain_per_100_off3_120,gain_vs_110_off3_125,gain_per_100_off3_125,gain_vs_110_off3_130,gain_per_100_off3_130,n_games,bias,bias_t,mae,mkt_bias,lean,every_w,every_l,every_p,every_units,flag_w,flag_l,flag_p,flag_units,flag_on_w,flag_on_l,flag_on_units,flag_against_w,flag_against_l,flag_against_units,margin_mae_base,margin_mae_corr,mae_gain,live_units,live_w,live_l,mean_abs_adj
live,live,"LIVE: 4+ edge, weeks 1-17",2015-18,123.0,68.0,55.0,0.0,0.5528,7.5,0.0554,0.29,0.0,0.24,,,61.0,True,2.0,4.0,,,,,,,,,,,,,,,,,,,,,,,,,,,,,,,,,,,,,,,,,
live,live,"LIVE: 4+ edge, weeks 1-17",2019-22,131.0,80.0,51.0,0.0,0.6107,23.9,0.1659,0.028,0.0,0.005,,,61.0,True,3.0,4.0,,,,,,,,,,,,,,,,,,,,,,,,,,,,,,,,,,,,,,,,,
live,live,"LIVE: 4+ edge, weeks 1-17",2023-25,61.0,40.0,21.0,1.0,0.6557,16.9,0.2519,0.0257,0.0,0.015,,,61.0,True,3.0,3.0,,,,,,,,,,,,,,,,,,,,,,,,,,,,,,,,,,,,,,,,,
live,live,"LIVE: 4+ edge, weeks 1-17",2015-25,315.0,188.0,127.0,1.0,0.5968,48.3,0.1394,0.0054,0.0,0.0,,,61.0,True,8.0,11.0,,,,,,,,,,,,,,,,,,,,,,,,,,,,,,,,,,,,,,,,,
live,live,"LIVE: 4+ edge, weeks 1-17",2026,3.0,1.0,2.0,0.0,0.3333,-1.2,-0.3636,0.892,0.0,0.855,,,61.0,True,0.0,1.0,,,,,,,,,,,,,,,,,,,,,,,,,,,,,,,,,,,,,,,,,
A,hook,"buy half a point: every 4+ bet (off 3 at -120, off 7 at -120, else -115)",2015-18,120.0,68.0,52.0,3.0,0.5667,7.4,0.0529,0.1982,,,,,61.0,True,2.0,4.0,,123.0,7.4,7.5,-0.1,0.0,3.0,120.0,,,,,,,,,,,,,,,,,,,,,,,,,,,,,,,,,
A,hook,"buy half a point: every 4+ bet (off 3 at -120, off 7 at -120, else -115)",2019-22,129.0,80.0,49.0,2.0,0.6202,22.75,0.1514,0.0173,,,,,61.0,True,3.0,4.0,,131.0,22.75,23.9,-1.15,0.0,2.0,120.0,,,,,,,,,,,,,,,,,,,,,,,,,,,,,,,,,
A,hook,"buy half a point: every 4+ bet (off 3 at -120, off 7 at -120, else -115)",2023-25,61.0,41.0,20.0,1.0,0.6721,17.6,0.246,0.0135,,,,,61.0,True,3.0,3.0,,62.0,17.6,16.9,0.7,1.0,1.0,120.0,,,,,,,,,,,,,,,,,,,,,,,,,,,,,,,,,
A,hook,"buy half a point: every 4+ bet (off 3 at -120, off 7 at -120, else -115)",2015-25,310.0,189.0,121.0,6.0,0.6097,47.75,0.132,0.0014,,,,,61.0,True,8.0,11.0,,316.0,47.75,48.3,-0.55,1.0,6.0,120.0,,,,,,,,,,,,,,,,,,,,,,,,,,,,,,,,,
A,hook,"buy half a point: every 4+ bet (off 3 at -120, off 7 at -120, else -115)",2026,3.0,1.0,2.0,0.0,0.3333,-1.4,-0.3889,0.892,,,,,61.0,True,0.0,1.0,,3.0,-1.4,-1.2,-0.2,0.0,0.0,120.0,,,,,,,,,,,,,,,,,,,,,,,,,,,,,,,,,
A,hook,"buy half a point: line on 2.5 / 3.5 / 6.5 / 7.5 (off 3 at -120, off 7 at -120, else -115)",2015-18,120.0,68.0,52.0,3.0,0.5667,9.45,0.0701,0.1982,,,,,61.0,True,2.0,4.0,,38.0,0.05,-1.9,1.95,0.0,3.0,120.0,,,,,,,,,,,,,,,,,,,,,,,,,,,,,,,,,
A,hook,"buy half a point: line on 2.5 / 3.5 / 6.5 / 7.5 (off 3 at -120, off 7 at -120, else -115)",2019-22,129.0,80.0,49.0,2.0,0.6202,25.4,0.1766,0.0173,,,,,61.0,True,3.0,4.0,,27.0,7.5,6.0,1.5,0.0,2.0,120.0,,,,,,,,,,,,,,,,,,,,,,,,,,,,,,,,,
A,hook,"buy half a point: line on 2.5 / 3.5 / 6.5 / 7.5 (off 3 at -120, off 7 at -120, else -115)",2023-25,61.0,40.0,21.0,1.0,0.6557,16.25,0.2345,0.0257,,,,,61.0,True,3.0,3.0,,27.0,7.45,8.1,-0.65,0.0,0.0,120.0,,,,,,,,,,,,,,,,,,,,,,,,,,,,,,,,,
A,hook,"buy half a point: line on 2.5 / 3.5 / 6.5 / 7.5 (off 3 at -120, off 7 at -120, else -115)",2015-25,310.0,188.0,122.0,6.0,0.6065,51.1,0.1469,0.0021,,,,,61.0,True,8.0,11.0,,92.0,15.0,12.2,2.8,0.0,5.0,120.0,,,,,,,,,,,,,,,,,,,,,,,,,,,,,,,,,
A,hook,"buy half a point: line on 2.5 / 3.5 / 6.5 / 7.5 (off 3 at -120, off 7 at -120, else -115)",2026,3.0,1.0,2.0,0.0,0.3333,-1.4,-0.3889,0.892,,,,,61.0,True,0.0,1.0,,3.0,-1.4,-1.2,-0.2,0.0,0.0,120.0,,,,,,,,,,,,,,,,,,,,,,,,,,,,,,,,,
A,hook,"buy half a point: our number crosses 3 or 7 (off 3 at -120, off 7 at -120, else -115)",2015-18,120.0,68.0,52.0,3.0,0.5667,8.45,0.0617,0.1982,,,,,60.0,True,2.0,4.0,,87.0,3.95,3.0,0.95,0.0,3.0,120.0,,,,,,,,,,,,,,,,,,,,,,,,,,,,,,,,,
A,hook,"buy half a point: our number crosses 3 or 7 (off 3 at -120, off 7 at -120, else -115)",2019-22,131.0,80.0,51.0,0.0,0.6107,21.7,0.1452,0.028,,,,,60.0,True,3.0,4.0,,89.0,19.6,21.8,-2.2,0.0,0.0,120.0,,,,,,,,,,,,,,,,,,,,,,,,,,,,,,,,,
A,hook,"buy half a point: our number crosses 3 or 7 (off 3 at -120, off 7 at -120, else -115)",2023-25,60.0,40.0,20.0,2.0,0.6667,17.0,0.2476,0.0177,,,,,60.0,True,3.0,3.0,,41.0,7.5,7.4,0.1,0.0,1.0,120.0,,,,,,,,,,,,,,,,,,,,,,,,,,,,,,,,,
A,hook,"buy half a point: our number crosses 3 or 7 (off 3 at -120, off 7 at -120, else -115)",2015-25,311.0,188.0,123.0,5.0,0.6045,47.15,0.1327,0.0025,,,,,60.0,True,8.0,11.0,,217.0,31.05,32.2,-1.15,0.0,4.0,120.0,,,,,,,,,,,,,,,,,,,,,,,,,,,,,,,,,
A,hook,"buy half a point: our number crosses 3 or 7 (off 3 at -120, off 7 at -120, else -115)",2026,3.0,1.0,2.0,0.0,0.3333,-1.3,-0.3824,0.892,,,,,60.0,True,0.0,1.0,,1.0,-1.2,-1.1,-0.1,0.0,0.0,120.0,,,,,,,,,,,,,,,,,,,,,,,,,,,,,,,,,
A,hook,"buy half a point: half point moves on or off 3 or 7 (off 3 at -120, off 7 at -120, else -115)",2015-18,121.0,68.0,53.0,2.0,0.562,8.1,0.0592,0.227,,,,,62.0,True,2.0,4.0,,40.0,2.8,2.2,0.6,0.0,2.0,120.0,,,,,,,,,,,,,,,,,,,,,,,,,,,,,,,,,
A,hook,"buy half a point: half point moves on or off 3 or 7 (off 3 at -120, off 7 at -120, else -115)",2019-22,129.0,80.0,49.0,2.0,0.6202,24.3,0.1668,0.0173,,,,,62.0,True,3.0,4.0,,40.0,-1.6,-2.0,0.4,0.0,2.0,120.0,,,,,,,,,,,,,,,,,,,,,,,,,,,,,,,,,
A,hook,"buy half a point: half point moves on or off 3 or 7 (off 3 at -120, off 7 at -120, else -115)",2023-25,62.0,41.0,21.0,0.0,0.6613,17.1,0.2408,0.0199,,,,,62.0,True,3.0,3.0,,28.0,10.4,10.2,0.2,1.0,0.0,120.0,,,,,,,,,,,,,,,,,,,,,,,,,,,,,,,,,
A,hook,"buy half a point: half point moves on or off 3 or 7 (off 3 at -120, off 7 at -120, else -115)",2015-25,312.0,189.0,123.0,4.0,0.6058,49.5,0.14,0.0022,,,,,62.0,True,8.0,11.0,,108.0,11.6,10.4,1.2,1.0,4.0,120.0,,,,,,,,,,,,,,,,,,,,,,,,,,,,,,,,,
A,hook,"buy half a point: half point moves on or off 3 or 7 (off 3 at -120, off 7 at -120, else -115)",2026,3.0,1.0,2.0,0.0,0.3333,-1.4,-0.3889,0.892,,,,,62.0,True,0.0,1.0,,3.0,-1.4,-1.2,-0.2,0.0,0.0,120.0,,,,,,,,,,,,,,,,,,,,,,,,,,,,,,,,,
A,hook,"buy half a point: on or off 3 only (off 3 at -120, off 7 at -120, else -115)",2015-18,121.0,68.0,53.0,2.0,0.562,8.7,0.064,0.227,,,,,62.0,True,2.0,4.0,,30.0,6.0,4.8,1.2,0.0,2.0,120.0,,,,,,,,,,,,,,,,,,,,,,,,,,,,,,,,,
A,hook,"buy half a point: on or off 3 only (off 3 at -120, off 7 at -120, else -115)",2019-22,129.0,80.0,49.0,2.0,0.6202,24.8,0.1715,0.0173,,,,,62.0,True,3.0,4.0,,29.0,-1.6,-2.5,0.9,0.0,2.0,120.0,,,,,,,,,,,,,,,,,,,,,,,,,,,,,,,,,
A,hook,"buy half a point: on or off 3 only (off 3 at -120, off 7 at -120, else -115)",2023-25,62.0,41.0,21.0,0.0,0.6613,17.5,0.2496,0.0199,,,,,62.0,True,3.0,3.0,,19.0,10.2,9.6,0.6,1.0,0.0,120.0,,,,,,,,,,,,,,,,,,,,,,,,,,,,,,,,,
A,hook,"buy half a point: on or off 3 only (off 3 at -120, off 7 at -120, else -115)",2015-25,312.0,189.0,123.0,4.0,0.6058,51.0,0.1455,0.0022,,,,,62.0,True,8.0,11.0,,78.0,14.6,11.9,2.7,1.0,4.0,120.0,,,,,,,,,,,,,,,,,,,,,,,,,,,,,,,,,
A,hook,"buy half a point: on or off 3 only (off 3 at -120, off 7 at -120, else -115)",2026,3.0,1.0,2.0,0.0,0.3333,-1.4,-0.3889,0.892,,,,,62.0,True,0.0,1.0,,3.0,-1.4,-1.2,-0.2,0.0,0.0,120.0,,,,,,,,,,,,,,,,,,,,,,,,,,,,,,,,,
A,hook,"buy half a point: onto 3 or 7 only (our line -3.5, +2.5, -7.5, +6.5) (off 3 at -120, off 7 at -120, else -115)",2015-18,121.0,68.0,53.0,2.0,0.562,8.6,0.0637,0.227,,,,,61.0,True,2.0,4.0,,22.0,-4.2,-5.3,1.1,0.0,2.0,120.0,,,,,,,,,,,,,,,,,,,,,,,,,,,,,,,,,
A,hook,"buy half a point: onto 3 or 7 only (our line -3.5, +2.5, -7.5, +6.5) (off 3 at -120, off 7 at -120, else -115)",2019-22,129.0,80.0,49.0,2.0,0.6202,25.5,0.1781,0.0173,,,,,61.0,True,3.0,4.0,,15.0,-0.2,-1.8,1.6,0.0,2.0,120.0,,,,,,,,,,,,,,,,,,,,,,,,,,,,,,,,,
A,hook,"buy half a point: onto 3 or 7 only (our line -3.5, +2.5, -7.5, +6.5) (off 3 at -120, off 7 at -120, else -115)",2023-25,61.0,40.0,21.0,1.0,0.6557,16.5,0.2398,0.0257,,,,,61.0,True,3.0,3.0,,17.0,8.2,8.6,-0.4,0.0,0.0,120.0,,,,,,,,,,,,,,,,,,,,,,,,,,,,,,,,,
A,hook,"buy half a point: onto 3 or 7 only (our line -3.5, +2.5, -7.5, +6.5) (off 3 at -120, off 7 at -120, else -115)",2015-25,311.0,188.0,123.0,5.0,0.6045,50.6,0.1458,0.0025,,,,,61.0,True,8.0,11.0,,54.0,3.8,1.5,2.3,0.0,4.0,120.0,,,,,,,,,,,,,,,,,,,,,,,,,,,,,,,,,
A,hook,"buy half a point: onto 3 or 7 only (our line -3.5, +2.5, -7.5, +6.5) (off 3 at -120, off 7 at -120, else -115)",2026,3.0,1.0,2.0,0.0,0.3333,-1.4,-0.3889,0.892,,,,,61.0,True,0.0,1.0,,3.0,-1.4,-1.2,-0.2,0.0,0.0,120.0,,,,,,,,,,,,,,,,,,,,,,,,,,,,,,,,,
A,hook,"buy half a point: off 3 or 7 only (our line -3, +3, -7, +7) (off 3 at -120, off 7 at -120, else -115)",2015-18,123.0,68.0,55.0,0.0,0.5528,7.0,0.0511,0.29,,,,,62.0,True,2.0,4.0,,18.0,7.0,7.5,-0.5,0.0,0.0,120.0,,,,,,,,,,,,,,,,,,,,,,,,,,,,,,,,,
A,hook,"buy half a point: off 3 or 7 only (our line -3, +3, -7, +7) (off 3 at -120, off 7 at -120, else -115)",2019-22,131.0,80.0,51.0,0.0,0.6107,22.7,0.1548,0.028,,,,,62.0,True,3.0,4.0,,25.0,-1.4,-0.2,-1.2,0.0,0.0,120.0,,,,,,,,,,,,,,,,,,,,,,,,,,,,,,,,,
A,hook,"buy half a point: off 3 or 7 only (our line -3, +3, -7, +7) (off 3 at -120, off 7 at -120, else -115)",2023-25,62.0,41.0,21.0,0.0,0.6613,17.5,0.2525,0.0199,,,,,62.0,True,3.0,3.0,,11.0,2.2,1.6,0.6,1.0,0.0,120.0,,,,,,,,,,,,,,,,,,,,,,,,,,,,,,,,,
A,hook,"buy half a point: off 3 or 7 only (our line -3, +3, -7, +7) (off 3 at -120, off 7 at -120, else -115)",2015-25,316.0,189.0,127.0,0.0,0.5981,47.2,0.1337,0.0047,,,,,62.0,True,8.0,11.0,,54.0,7.8,8.9,-1.1,1.0,0.0,120.0,,,,,,,,,,,,,,,,,,,,,,,,,,,,,,,,,
A,hook,"buy half a point: off 3 or 7 only (our line -3, +3, -7, +7) (off 3 at -120, off 7 at -120, else -115)",2026,3.0,1.0,2.0,0.0,0.3333,-1.2,-0.3636,0.892,,,,,62.0,True,0.0,1.0,,0.0,0.0,0.0,0.0,0.0,0.0,120.0,,,,,,,,,,,,,,,,,,,,,,,,,,,,,,,,,
A,hook,"buy half a point: on or off 7 only (off 3 at -120, off 7 at -120, else -115)",2015-18,123.0,68.0,55.0,0.0,0.5528,6.9,0.0506,0.29,,,,,61.0,True,2.0,4.0,,10.0,-3.2,-2.6,-0.6,0.0,0.0,120.0,,,,,,,,,,,,,,,,,,,,,,,,,,,,,,,,,
A,hook,"buy half a point: on or off 7 only (off 3 at -120, off 7 at -120, else -115)",2019-22,131.0,80.0,51.0,0.0,0.6107,23.4,0.1612,0.028,,,,,61.0,True,3.0,4.0,,11.0,0.0,0.5,-0.5,0.0,0.0,120.0,,,,,,,,,,,,,,,,,,,,,,,,,,,,,,,,,
A,hook,"buy half a point: on or off 7 only (off 3 at -120, off 7 at -120, else -115)",2023-25,61.0,40.0,21.0,1.0,0.6557,16.5,0.2426,0.0257,,,,,61.0,True,3.0,3.0,,9.0,0.2,0.6,-0.4,0.0,0.0,120.0,,,,,,,,,,,,,,,,,,,,,,,,,,,,,,,,,
A,hook,"buy half a point: on or off 7 only (off 3 at -120, off 7 at -120, else -115)",2015-25,315.0,188.0,127.0,1.0,0.5968,46.8,0.1339,0.0054,,,,,61.0,True,8.0,11.0,,30.0,-3.0,-1.5,-1.5,0.0,0.0,120.0,,,,,,,,,,,,,,,,,,,,,,,,,,,,,,,,,
A,hook,"buy half a point: on or off 7 only (off 3 at -120, off 7 at -120, else -115)",2026,3.0,1.0,2.0,0.0,0.3333,-1.2,-0.3636,0.892,,,,,61.0,True,0.0,1.0,,0.0,0.0,0.0,0.0,0.0,0.0,120.0,,,,,,,,,,,,,,,,,,,,,,,,,,,,,,,,,
A,hook,"buy half a point: half point touches neither 3 nor 7 (off 3 at -120, off 7 at -120, else -115)",2015-18,122.0,68.0,54.0,1.0,0.5574,6.8,0.0492,0.2576,,,,,60.0,True,2.0,4.0,,83.0,4.6,5.3,-0.7,0.0,1.0,120.0,,,,,,,,,,,,,,,,,,,,,,,,,,,,,,,,,
A,hook,"buy half a point: half point touches neither 3 nor 7 (off 3 at -120, off 7 at -120, else -115)",2019-22,131.0,80.0,51.0,0.0,0.6107,22.35,0.1504,0.028,,,,,60.0,True,3.0,4.0,,91.0,24.35,25.9,-1.55,0.0,0.0,120.0,,,,,,,,,,,,,,,,,,,,,,,,,,,,,,,,,
A,hook,"buy half a point: half point touches neither 3 nor 7 (off 3 at -120, off 7 at -120, else -115)",2023-25,60.0,40.0,20.0,2.0,0.6667,17.4,0.2572,0.0177,,,,,60.0,True,3.0,3.0,,34.0,7.2,6.7,0.5,0.0,1.0,120.0,,,,,,,,,,,,,,,,,,,,,,,,,,,,,,,,,
A,hook,"buy half a point: half point touches neither 3 nor 7 (off 3 at -120, off 7 at -120, else -115)",2015-25,313.0,188.0,125.0,3.0,0.6006,46.55,0.1313,0.0037,,,,,60.0,True,8.0,11.0,,208.0,36.15,37.9,-1.75,0.0,2.0,120.0,,,,,,,,,,,,,,,,,,,,,,,,,,,,,,,,,
A,hook,"buy half a point: half point touches neither 3 nor 7 (off 3 at -120, off 7 at -120, else -115)",2026,3.0,1.0,2.0,0.0,0.3333,-1.2,-0.3636,0.892,,,,,60.0,True,0.0,1.0,,0.0,0.0,0.0,0.0,0.0,0.0,120.0,,,,,,,,,,,,,,,,,,,,,,,,,,,,,,,,,
A,hook,"buy half a point: every 4+ bet (off 3 at -125, off 7 at -120, else -115)",2015-18,120.0,68.0,52.0,3.0,0.5667,6.9,0.0488,0.1982,,,,,61.0,True,2.0,4.0,,123.0,6.9,7.5,-0.6,0.0,3.0,125.0,,,,,,,,,,,,,,,,,,,,,,,,,,,,,,,,,
A,hook,"buy half a point: every 4+ bet (off 3 at -125, off 7 at -120, else -115)",2019-22,129.0,80.0,49.0,2.0,0.6202,22.1,0.1458,0.0173,,,,,61.0,True,3.0,4.0,,131.0,22.1,23.9,-1.8,0.0,2.0,125.0,,,,,,,,,,,,,,,,,,,,,,,,,,,,,,,,,
A,hook,"buy half a point: every 4+ bet (off 3 at -125, off 7 at -120, else -115)",2023-25,61.0,41.0,20.0,1.0,0.6721,17.4,0.24,0.0135,,,,,61.0,True,3.0,3.0,,62.0,17.4,16.9,0.5,1.0,1.0,125.0,,,,,,,,,,,,,,,,,,,,,,,,,,,,,,,,,
A,hook,"buy half a point: every 4+ bet (off 3 at -125, off 7 at -120, else -115)",2015-25,310.0,189.0,121.0,6.0,0.6097,46.4,0.127,0.0014,,,,,61.0,True,8.0,11.0,,316.0,46.4,48.3,-1.9,1.0,6.0,125.0,,,,,,,,,,,,,,,,,,,,,,,,,,,,,,,,,
A,hook,"buy half a point: every 4+ bet (off 3 at -125, off 7 at -120, else -115)",2026,3.0,1.0,2.0,0.0,0.3333,-1.5,-0.4,0.892,,,,,61.0,True,0.0,1.0,,3.0,-1.5,-1.2,-0.3,0.0,0.0,125.0,,,,,,,,,,,,,,,,,,,,,,,,,,,,,,,,,
A,hook,"buy half a point: line on 2.5 / 3.5 / 6.5 / 7.5 (off 3 at -125, off 7 at -120, else -115)",2015-18,120.0,68.0,52.0,3.0,0.5667,9.15,0.0676,0.1982,,,,,61.0,True,2.0,4.0,,38.0,-0.25,-1.9,1.65,0.0,3.0,125.0,,,,,,,,,,,,,,,,,,,,,,,,,,,,,,,,,
A,hook,"buy half a point: line on 2.5 / 3.5 / 6.5 / 7.5 (off 3 at -125, off 7 at -120, else -115)",2019-22,129.0,80.0,49.0,2.0,0.6202,25.15,0.1744,0.0173,,,,,61.0,True,3.0,4.0,,27.0,7.25,6.0,1.25,0.0,2.0,125.0,,,,,,,,,,,,,,,,,,,,,,,,,,,,,,,,,
A,hook,"buy half a point: line on 2.5 / 3.5 / 6.5 / 7.5 (off 3 at -125, off 7 at -120, else -115)",2023-25,61.0,40.0,21.0,1.0,0.6557,16.2,0.2321,0.0257,,,,,61.0,True,3.0,3.0,,27.0,7.4,8.1,-0.7,0.0,0.0,125.0,,,,,,,,,,,,,,,,,,,,,,,,,,,,,,,,,
A,hook,"buy half a point: line on 2.5 / 3.5 / 6.5 / 7.5 (off 3 at -125, off 7 at -120, else -115)",2015-25,310.0,188.0,122.0,6.0,0.6065,50.5,0.1445,0.0021,,,,,61.0,True,8.0,11.0,,92.0,14.4,12.2,2.2,0.0,5.0,125.0,,,,,,,,,,,,,,,,,,,,,,,,,,,,,,,,,
A,hook,"buy half a point: line on 2.5 / 3.5 / 6.5 / 7.5 (off 3 at -125, off 7 at -120, else -115)",2026,3.0,1.0,2.0,0.0,0.3333,-1.5,-0.4,0.892,,,,,61.0,True,0.0,1.0,,3.0,-1.5,-1.2,-0.3,0.0,0.0,125.0,,,,,,,,,,,,,,,,,,,,,,,,,,,,,,,,,
A,hook,"buy half a point: our number crosses 3 or 7 (off 3 at -125, off 7 at -120, else -115)",2015-18,120.0,68.0,52.0,3.0,0.5667,8.1,0.0589,0.1982,,,,,60.0,True,2.0,4.0,,87.0,3.6,3.0,0.6,0.0,3.0,125.0,,,,,,,,,,,,,,,,,,,,,,,,,,,,,,,,,
A,hook,"buy half a point: our number crosses 3 or 7 (off 3 at -125, off 7 at -120, else -115)",2019-22,131.0,80.0,51.0,0.0,0.6107,21.35,0.1423,0.028,,,,,60.0,True,3.0,4.0,,89.0,19.25,21.8,-2.55,0.0,0.0,125.0,,,,,,,,,,,,,,,,,,,,,,,,,,,,,,,,,
A,hook,"buy half a point: our number crosses 3 or 7 (off 3 at -125, off 7 at -120, else -115)",2023-25,60.0,40.0,20.0,2.0,0.6667,16.9,0.2451,0.0177,,,,,60.0,True,3.0,3.0,,41.0,7.4,7.4,0.0,0.0,1.0,125.0,,,,,,,,,,,,,,,,,,,,,,,,,,,,,,,,,
A,hook,"buy half a point: our number crosses 3 or 7 (off 3 at -125, off 7 at -120, else -115)",2015-25,311.0,188.0,123.0,5.0,0.6045,46.35,0.13,0.0025,,,,,60.0,True,8.0,11.0,,217.0,30.25,32.2,-1.95,0.0,4.0,125.0,,,,,,,,,,,,,,,,,,,,,,,,,,,,,,,,,
A,hook,"buy half a point: our number crosses 3 or 7 (off 3 at -125, off 7 at -120, else -115)",2026,3.0,1.0,2.0,0.0,0.3333,-1.35,-0.3913,0.892,,,,,60.0,True,0.0,1.0,,1.0,-1.25,-1.1,-0.15,0.0,0.0,125.0,,,,,,,,,,,,,,,,,,,,,,,,,,,,,,,,,
A,hook,"buy half a point: half point moves on or off 3 or 7 (off 3 at -125, off 7 at -120, else -115)",2015-18,121.0,68.0,53.0,2.0,0.562,7.6,0.055,0.227,,,,,62.0,True,2.0,4.0,,40.0,2.3,2.2,0.1,0.0,2.0,125.0,,,,,,,,,,,,,,,,,,,,,,,,,,,,,,,,,
A,hook,"buy half a point: half point moves on or off 3 or 7 (off 3 at -125, off 7 at -120, else -115)",2019-22,129.0,80.0,49.0,2.0,0.6202,23.65,0.1608,0.0173,,,,,62.0,True,3.0,4.0,,40.0,-2.25,-2.0,-0.25,0.0,2.0,125.0,,,,,,,,,,,,,,,,,,,,,,,,,,,,,,,,,
A,hook,"buy half a point: half point moves on or off 3 or 7 (off 3 at -125, off 7 at -120, else -115)",2023-25,62.0,41.0,21.0,0.0,0.6613,16.9,0.2349,0.0199,,,,,62.0,True,3.0,3.0,,28.0,10.2,10.2,0.0,1.0,0.0,125.0,,,,,,,,,,,,,,,,,,,,,,,,,,,,,,,,,
A,hook,"buy half a point: half point moves on or off 3 or 7 (off 3 at -125, off 7 at -120, else -115)",2015-25,312.0,189.0,123.0,4.0,0.6058,48.15,0.1348,0.0022,,,,,62.0,True,8.0,11.0,,108.0,10.25,10.4,-0.15,1.0,4.0,125.0,,,,,,,,,,,,,,,,,,,,,,,,,,,,,,,,,
A,hook,"buy half a point: half point moves on or off 3 or 7 (off 3 at -125, off 7 at -120, else -115)",2026,3.0,1.0,2.0,0.0,0.3333,-1.5,-0.4,0.892,,,,,62.0,True,0.0,1.0,,3.0,-1.5,-1.2,-0.3,0.0,0.0,125.0,,,,,,,,,,,,,,,,,,,,,,,,,,,,,,,,,
A,hook,"buy half a point: on or off 3 only (off 3 at -125, off 7 at -120, else -115)",2015-18,121.0,68.0,53.0,2.0,0.562,8.2,0.0597,0.227,,,,,62.0,True,2.0,4.0,,30.0,5.5,4.8,0.7,0.0,2.0,125.0,,,,,,,,,,,,,,,,,,,,,,,,,,,,,,,,,
A,hook,"buy half a point: on or off 3 only (off 3 at -125, off 7 at -120, else -115)",2019-22,129.0,80.0,49.0,2.0,0.6202,24.15,0.1655,0.0173,,,,,62.0,True,3.0,4.0,,29.0,-2.25,-2.5,0.25,0.0,2.0,125.0,,,,,,,,,,,,,,,,,,,,,,,,,,,,,,,,,
A,hook,"buy half a point: on or off 3 only (off 3 at -125, off 7 at -120, else -115)",2023-25,62.0,41.0,21.0,0.0,0.6613,17.3,0.2435,0.0199,,,,,62.0,True,3.0,3.0,,19.0,10.0,9.6,0.4,1.0,0.0,125.0,,,,,,,,,,,,,,,,,,,,,,,,,,,,,,,,,
A,hook,"buy half a point: on or off 3 only (off 3 at -125, off 7 at -120, else -115)",2015-25,312.0,189.0,123.0,4.0,0.6058,49.65,0.1401,0.0022,,,,,62.0,True,8.0,11.0,,78.0,13.25,11.9,1.35,1.0,4.0,125.0,,,,,,,,,,,,,,,,,,,,,,,,,,,,,,,,,
A,hook,"buy half a point: on or off 3 only (off 3 at -125, off 7 at -120, else -115)",2026,3.0,1.0,2.0,0.0,0.3333,-1.5,-0.4,0.892,,,,,62.0,True,0.0,1.0,,3.0,-1.5,-1.2,-0.3,0.0,0.0,125.0,,,,,,,,,,,,,,,,,,,,,,,,,,,,,,,,,
A,hook,"buy half a point: onto 3 or 7 only (our line -3.5, +2.5, -7.5, +6.5) (off 3 at -125, off 7 at -120, else -115)",2015-18,121.0,68.0,53.0,2.0,0.562,8.3,0.0611,0.227,,,,,61.0,True,2.0,4.0,,22.0,-4.5,-5.3,0.8,0.0,2.0,125.0,,,,,,,,,,,,,,,,,,,,,,,,,,,,,,,,,
A,hook,"buy half a point: onto 3 or 7 only (our line -3.5, +2.5, -7.5, +6.5) (off 3 at -125, off 7 at -120, else -115)",2019-22,129.0,80.0,49.0,2.0,0.6202,25.25,0.1758,0.0173,,,,,61.0,True,3.0,4.0,,15.0,-0.45,-1.8,1.35,0.0,2.0,125.0,,,,,,,,,,,,,,,,,,,,,,,,,,,,,,,,,
A,hook,"buy half a point: onto 3 or 7 only (our line -3.5, +2.5, -7.5, +6.5) (off 3 at -125, off 7 at -120, else -115)",2023-25,61.0,40.0,21.0,1.0,0.6557,16.45,0.2374,0.0257,,,,,61.0,True,3.0,3.0,,17.0,8.15,8.6,-0.45,0.0,0.0,125.0,,,,,,,,,,,,,,,,,,,,,,,,,,,,,,,,,
A,hook,"buy half a point: onto 3 or 7 only (our line -3.5, +2.5, -7.5, +6.5) (off 3 at -125, off 7 at -120, else -115)",2015-25,311.0,188.0,123.0,5.0,0.6045,50.0,0.1434,0.0025,,,,,61.0,True,8.0,11.0,,54.0,3.2,1.5,1.7,0.0,4.0,125.0,,,,,,,,,,,,,,,,,,,,,,,,,,,,,,,,,
A,hook,"buy half a point: onto 3 or 7 only (our line -3.5, +2.5, -7.5, +6.5) (off 3 at -125, off 7 at -120, else -115)",2026,3.0,1.0,2.0,0.0,0.3333,-1.5,-0.4,0.892,,,,,61.0,True,0.0,1.0,,3.0,-1.5,-1.2,-0.3,0.0,0.0,125.0,,,,,,,,,,,,,,,,,,,,,,,,,,,,,,,,,
A,hook,"buy half a point: off 3 or 7 only (our line -3, +3, -7, +7) (off 3 at -125, off 7 at -120, else -115)",2015-18,123.0,68.0,55.0,0.0,0.5528,6.8,0.0493,0.29,,,,,62.0,True,2.0,4.0,,18.0,6.8,7.5,-0.7,0.0,0.0,125.0,,,,,,,,,,,,,,,,,,,,,,,,,,,,,,,,,
A,hook,"buy half a point: off 3 or 7 only (our line -3, +3, -7, +7) (off 3 at -125, off 7 at -120, else -115)",2019-22,131.0,80.0,51.0,0.0,0.6107,22.3,0.1512,0.028,,,,,62.0,True,3.0,4.0,,25.0,-1.8,-0.2,-1.6,0.0,0.0,125.0,,,,,,,,,,,,,,,,,,,,,,,,,,,,,,,,,
A,hook,"buy half a point: off 3 or 7 only (our line -3, +3, -7, +7) (off 3 at -125, off 7 at -120, else -115)",2023-25,62.0,41.0,21.0,0.0,0.6613,17.35,0.2487,0.0199,,,,,62.0,True,3.0,3.0,,11.0,2.05,1.6,0.45,1.0,0.0,125.0,,,,,,,,,,,,,,,,,,,,,,,,,,,,,,,,,
A,hook,"buy half a point: off 3 or 7 only (our line -3, +3, -7, +7) (off 3 at -125, off 7 at -120, else -115)",2015-25,316.0,189.0,127.0,0.0,0.5981,46.45,0.1308,0.0047,,,,,62.0,True,8.0,11.0,,54.0,7.05,8.9,-1.85,1.0,0.0,125.0,,,,,,,,,,,,,,,,,,,,,,,,,,,,,,,,,
A,hook,"buy half a point: off 3 or 7 only (our line -3, +3, -7, +7) (off 3 at -125, off 7 at -120, else -115)",2026,3.0,1.0,2.0,0.0,0.3333,-1.2,-0.3636,0.892,,,,,62.0,True,0.0,1.0,,0.0,0.0,0.0,0.0,0.0,0.0,125.0,,,,,,,,,,,,,,,,,,,,,,,,,,,,,,,,,
A,hook,"buy half a point: on or off 7 only (off 3 at -125, off 7 at -120, else -115)",2015-18,123.0,68.0,55.0,0.0,0.5528,6.9,0.0506,0.29,,,,,61.0,True,2.0,4.0,,10.0,-3.2,-2.6,-0.6,0.0,0.0,125.0,,,,,,,,,,,,,,,,,,,,,,,,,,,,,,,,,
A,hook,"buy half a point: on or off 7 only (off 3 at -125, off 7 at -120, else -115)",2019-22,131.0,80.0,51.0,0.0,0.6107,23.4,0.1612,0.028,,,,,61.0,True,3.0,4.0,,11.0,0.0,0.5,-0.5,0.0,0.0,125.0,,,,,,,,,,,,,,,,,,,,,,,,,,,,,,,,,
A,hook,"buy half a point: on or off 7 only (off 3 at -125, off 7 at -120, else -115)",2023-25,61.0,40.0,21.0,1.0,0.6557,16.5,0.2426,0.0257,,,,,61.0,True,3.0,3.0,,9.0,0.2,0.6,-0.4,0.0,0.0,125.0,,,,,,,,,,,,,,,,,,,,,,,,,,,,,,,,,
A,hook,"buy half a point: on or off 7 only (off 3 at -125, off 7 at -120, else -115)",2015-25,315.0,188.0,127.0,1.0,0.5968,46.8,0.1339,0.0054,,,,,61.0,True,8.0,11.0,,30.0,-3.0,-1.5,-1.5,0.0,0.0,125.0,,,,,,,,,,,,,,,,,,,,,,,,,,,,,,,,,
A,hook,"buy half a point: on or off 7 only (off 3 at -125, off 7 at -120, else -115)",2026,3.0,1.0,2.0,0.0,0.3333,-1.2,-0.3636,0.892,,,,,61.0,True,0.0,1.0,,0.0,0.0,0.0,0.0,0.0,0.0,125.0,,,,,,,,,,,,,,,,,,,,,,,,,,,,,,,,,
A,hook,"buy half a point: half point touches neither 3 nor 7 (off 3 at -125, off 7 at -120, else -115)",2015-18,122.0,68.0,54.0,1.0,0.5574,6.8,0.0492,0.2576,,,,,60.0,True,2.0,4.0,,83.0,4.6,5.3,-0.7,0.0,1.0,125.0,,,,,,,,,,,,,,,,,,,,,,,,,,,,,,,,,
A,hook,"buy half a point: half point touches neither 3 nor 7 (off 3 at -125, off 7 at -120, else -115)",2019-22,131.0,80.0,51.0,0.0,0.6107,22.35,0.1504,0.028,,,,,60.0,True,3.0,4.0,,91.0,24.35,25.9,-1.55,0.0,0.0,125.0,,,,,,,,,,,,,,,,,,,,,,,,,,,,,,,,,
A,hook,"buy half a point: half point touches neither 3 nor 7 (off 3 at -125, off 7 at -120, else -115)",2023-25,60.0,40.0,20.0,2.0,0.6667,17.4,0.2572,0.0177,,,,,60.0,True,3.0,3.0,,34.0,7.2,6.7,0.5,0.0,1.0,125.0,,,,,,,,,,,,,,,,,,,,,,,,,,,,,,,,,
A,hook,"buy half a point: half point touches neither 3 nor 7 (off 3 at -125, off 7 at -120, else -115)",2015-25,313.0,188.0,125.0,3.0,0.6006,46.55,0.1313,0.0037,,,,,60.0,True,8.0,11.0,,208.0,36.15,37.9,-1.75,0.0,2.0,125.0,,,,,,,,,,,,,,,,,,,,,,,,,,,,,,,,,
A,hook,"buy half a point: half point touches neither 3 nor 7 (off 3 at -125, off 7 at -120, else -115)",2026,3.0,1.0,2.0,0.0,0.3333,-1.2,-0.3636,0.892,,,,,60.0,True,0.0,1.0,,0.0,0.0,0.0,0.0,0.0,0.0,125.0,,,,,,,,,,,,,,,,,,,,,,,,,,,,,,,,,
A,hook,"buy half a point: every 4+ bet (off 3 at -130, off 7 at -120, else -115)",2015-18,120.0,68.0,52.0,3.0,0.5667,6.4,0.0448,0.1982,,,,,61.0,True,2.0,4.0,,123.0,6.4,7.5,-1.1,0.0,3.0,130.0,,,,,,,,,,,,,,,,,,,,,,,,,,,,,,,,,
A,hook,"buy half a point: every 4+ bet (off 3 at -130, off 7 at -120, else -115)",2019-22,129.0,80.0,49.0,2.0,0.6202,21.45,0.1402,0.0173,,,,,61.0,True,3.0,4.0,,131.0,21.45,23.9,-2.45,0.0,2.0,130.0,,,,,,,,,,,,,,,,,,,,,,,,,,,,,,,,,
A,hook,"buy half a point: every 4+ bet (off 3 at -130, off 7 at -120, else -115)",2023-25,61.0,41.0,20.0,1.0,0.6721,17.2,0.2342,0.0135,,,,,61.0,True,3.0,3.0,,62.0,17.2,16.9,0.3,1.0,1.0,130.0,,,,,,,,,,,,,,,,,,,,,,,,,,,,,,,,,
A,hook,"buy half a point: every 4+ bet (off 3 at -130, off 7 at -120, else -115)",2015-25,310.0,189.0,121.0,6.0,0.6097,45.05,0.1221,0.0014,,,,,61.0,True,8.0,11.0,,316.0,45.05,48.3,-3.25,1.0,6.0,130.0,,,,,,,,,,,,,,,,,,,,,,,,,,,,,,,,,
A,hook,"buy half a point: every 4+ bet (off 3 at -130, off 7 at -120, else -115)",2026,3.0,1.0,2.0,0.0,0.3333,-1.6,-0.4103,0.892,,,,,61.0,True,0.0,1.0,,3.0,-1.6,-1.2,-0.4,0.0,0.0,130.0,,,,,,,,,,,,,,,,,,,,,,,,,,,,,,,,,
A,hook,"buy half a point: line on 2.5 / 3.5 / 6.5 / 7.5 (off 3 at -130, off 7 at -120, else -115)",2015-18,120.0,68.0,52.0,3.0,0.5667,8.85,0.065,0.1982,,,,,61.0,True,2.0,4.0,,38.0,-0.55,-1.9,1.35,0.0,3.0,130.0,,,,,,,,,,,,,,,,,,,,,,,,,,,,,,,,,
A,hook,"buy half a point: line on 2.5 / 3.5 / 6.5 / 7.5 (off 3 at -130, off 7 at -120, else -115)",2019-22,129.0,80.0,49.0,2.0,0.6202,24.9,0.1721,0.0173,,,,,61.0,True,3.0,4.0,,27.0,7.0,6.0,1.0,0.0,2.0,130.0,,,,,,,,,,,,,,,,,,,,,,,,,,,,,,,,,
A,hook,"buy half a point: line on 2.5 / 3.5 / 6.5 / 7.5 (off 3 at -130, off 7 at -120, else -115)",2023-25,61.0,40.0,21.0,1.0,0.6557,16.15,0.2297,0.0257,,,,,61.0,True,3.0,3.0,,27.0,7.35,8.1,-0.75,0.0,0.0,130.0,,,,,,,,,,,,,,,,,,,,,,,,,,,,,,,,,
A,hook,"buy half a point: line on 2.5 / 3.5 / 6.5 / 7.5 (off 3 at -130, off 7 at -120, else -115)",2015-25,310.0,188.0,122.0,6.0,0.6065,49.9,0.1421,0.0021,,,,,61.0,True,8.0,11.0,,92.0,13.8,12.2,1.6,0.0,5.0,130.0,,,,,,,,,,,,,,,,,,,,,,,,,,,,,,,,,
A,hook,"buy half a point: line on 2.5 / 3.5 / 6.5 / 7.5 (off 3 at -130, off 7 at -120, else -115)",2026,3.0,1.0,2.0,0.0,0.3333,-1.6,-0.4103,0.892,,,,,61.0,True,0.0,1.0,,3.0,-1.6,-1.2,-0.4,0.0,0.0,130.0,,,,,,,,,,,,,,,,,,,,,,,,,,,,,,,,,
A,hook,"buy half a point: our number crosses 3 or 7 (off 3 at -130, off 7 at -120, else -115)",2015-18,120.0,68.0,52.0,3.0,0.5667,7.75,0.0561,0.1982,,,,,60.0,True,2.0,4.0,,87.0,3.25,3.0,0.25,0.0,3.0,130.0,,,,,,,,,,,,,,,,,,,,,,,,,,,,,,,,,
A,hook,"buy half a point: our number crosses 3 or 7 (off 3 at -130, off 7 at -120, else -115)",2019-22,131.0,80.0,51.0,0.0,0.6107,21.0,0.1395,0.028,,,,,60.0,True,3.0,4.0,,89.0,18.9,21.8,-2.9,0.0,0.0,130.0,,,,,,,,,,,,,,,,,,,,,,,,,,,,,,,,,
A,hook,"buy half a point: our number crosses 3 or 7 (off 3 at -130, off 7 at -120, else -115)",2023-25,60.0,40.0,20.0,2.0,0.6667,16.8,0.2426,0.0177,,,,,60.0,True,3.0,3.0,,41.0,7.3,7.4,-0.1,0.0,1.0,130.0,,,,,,,,,,,,,,,,,,,,,,,,,,,,,,,,,
A,hook,"buy half a point: our number crosses 3 or 7 (off 3 at -130, off 7 at -120, else -115)",2015-25,311.0,188.0,123.0,5.0,0.6045,45.55,0.1273,0.0025,,,,,60.0,True,8.0,11.0,,217.0,29.45,32.2,-2.75,0.0,4.0,130.0,,,,,,,,,,,,,,,,,,,,,,,,,,,,,,,,,
A,hook,"buy half a point: our number crosses 3 or 7 (off 3 at -130, off 7 at -120, else -115)",2026,3.0,1.0,2.0,0.0,0.3333,-1.4,-0.4,0.892,,,,,60.0,True,0.0,1.0,,1.0,-1.3,-1.1,-0.2,0.0,0.0,130.0,,,,,,,,,,,,,,,,,,,,,,,,,,,,,,,,,
A,hook,"buy half a point: half point moves on or off 3 or 7 (off 3 at -130, off 7 at -120, else -115)",2015-18,121.0,68.0,53.0,2.0,0.562,7.1,0.0508,0.227,,,,,62.0,True,2.0,4.0,,40.0,1.8,2.2,-0.4,0.0,2.0,130.0,,,,,,,,,,,,,,,,,,,,,,,,,,,,,,,,,
A,hook,"buy half a point: half point moves on or off 3 or 7 (off 3 at -130, off 7 at -120, else -115)",2019-22,129.0,80.0,49.0,2.0,0.6202,23.0,0.155,0.0173,,,,,62.0,True,3.0,4.0,,40.0,-2.9,-2.0,-0.9,0.0,2.0,130.0,,,,,,,,,,,,,,,,,,,,,,,,,,,,,,,,,
A,hook,"buy half a point: half point moves on or off 3 or 7 (off 3 at -130, off 7 at -120, else -115)",2023-25,62.0,41.0,21.0,0.0,0.6613,16.7,0.2291,0.0199,,,,,62.0,True,3.0,3.0,,28.0,10.0,10.2,-0.2,1.0,0.0,130.0,,,,,,,,,,,,,,,,,,,,,,,,,,,,,,,,,
A,hook,"buy half a point: half point moves on or off 3 or 7 (off 3 at -130, off 7 at -120, else -115)",2015-25,312.0,189.0,123.0,4.0,0.6058,46.8,0.1296,0.0022,,,,,62.0,True,8.0,11.0,,108.0,8.9,10.4,-1.5,1.0,4.0,130.0,,,,,,,,,,,,,,,,,,,,,,,,,,,,,,,,,
A,hook,"buy half a point: half point moves on or off 3 or 7 (off 3 at -130, off 7 at -120, else -115)",2026,3.0,1.0,2.0,0.0,0.3333,-1.6,-0.4103,0.892,,,,,62.0,True,0.0,1.0,,3.0,-1.6,-1.2,-0.4,0.0,0.0,130.0,,,,,,,,,,,,,,,,,,,,,,,,,,,,,,,,,
A,hook,"buy half a point: on or off 3 only (off 3 at -130, off 7 at -120, else -115)",2015-18,121.0,68.0,53.0,2.0,0.562,7.7,0.0555,0.227,,,,,62.0,True,2.0,4.0,,30.0,5.0,4.8,0.2,0.0,2.0,130.0,,,,,,,,,,,,,,,,,,,,,,,,,,,,,,,,,
A,hook,"buy half a point: on or off 3 only (off 3 at -130, off 7 at -120, else -115)",2019-22,129.0,80.0,49.0,2.0,0.6202,23.5,0.1595,0.0173,,,,,62.0,True,3.0,4.0,,29.0,-2.9,-2.5,-0.4,0.0,2.0,130.0,,,,,,,,,,,,,,,,,,,,,,,,,,,,,,,,,
A,hook,"buy half a point: on or off 3 only (off 3 at -130, off 7 at -120, else -115)",2023-25,62.0,41.0,21.0,0.0,0.6613,17.1,0.2375,0.0199,,,,,62.0,True,3.0,3.0,,19.0,9.8,9.6,0.2,1.0,0.0,130.0,,,,,,,,,,,,,,,,,,,,,,,,,,,,,,,,,
A,hook,"buy half a point: on or off 3 only (off 3 at -130, off 7 at -120, else -115)",2015-25,312.0,189.0,123.0,4.0,0.6058,48.3,0.1349,0.0022,,,,,62.0,True,8.0,11.0,,78.0,11.9,11.9,0.0,1.0,4.0,130.0,,,,,,,,,,,,,,,,,,,,,,,,,,,,,,,,,
A,hook,"buy half a point: on or off 3 only (off 3 at -130, off 7 at -120, else -115)",2026,3.0,1.0,2.0,0.0,0.3333,-1.6,-0.4103,0.892,,,,,62.0,True,0.0,1.0,,3.0,-1.6,-1.2,-0.4,0.0,0.0,130.0,,,,,,,,,,,,,,,,,,,,,,,,,,,,,,,,,
A,hook,"buy half a point: onto 3 or 7 only (our line -3.5, +2.5, -7.5, +6.5) (off 3 at -130, off 7 at -120, else -115)",2015-18,121.0,68.0,53.0,2.0,0.562,8.0,0.0586,0.227,,,,,61.0,True,2.0,4.0,,22.0,-4.8,-5.3,0.5,0.0,2.0,130.0,,,,,,,,,,,,,,,,,,,,,,,,,,,,,,,,,
A,hook,"buy half a point: onto 3 or 7 only (our line -3.5, +2.5, -7.5, +6.5) (off 3 at -130, off 7 at -120, else -115)",2019-22,129.0,80.0,49.0,2.0,0.6202,25.0,0.1735,0.0173,,,,,61.0,True,3.0,4.0,,15.0,-0.7,-1.8,1.1,0.0,2.0,130.0,,,,,,,,,,,,,,,,,,,,,,,,,,,,,,,,,
A,hook,"buy half a point: onto 3 or 7 only (our line -3.5, +2.5, -7.5, +6.5) (off 3 at -130, off 7 at -120, else -115)",2023-25,61.0,40.0,21.0,1.0,0.6557,16.4,0.235,0.0257,,,,,61.0,True,3.0,3.0,,17.0,8.1,8.6,-0.5,0.0,0.0,130.0,,,,,,,,,,,,,,,,,,,,,,,,,,,,,,,,,
A,hook,"buy half a point: onto 3 or 7 only (our line -3.5, +2.5, -7.5, +6.5) (off 3 at -130, off 7 at -120, else -115)",2015-25,311.0,188.0,123.0,5.0,0.6045,49.4,0.141,0.0025,,,,,61.0,True,8.0,11.0,,54.0,2.6,1.5,1.1,0.0,4.0,130.0,,,,,,,,,,,,,,,,,,,,,,,,,,,,,,,,,
A,hook,"buy half a point: onto 3 or 7 only (our line -3.5, +2.5, -7.5, +6.5) (off 3 at -130, off 7 at -120, else -115)",2026,3.0,1.0,2.0,0.0,0.3333,-1.6,-0.4103,0.892,,,,,61.0,True,0.0,1.0,,3.0,-1.6,-1.2,-0.4,0.0,0.0,130.0,,,,,,,,,,,,,,,,,,,,,,,,,,,,,,,,,
A,hook,"buy half a point: off 3 or 7 only (our line -3, +3, -7, +7) (off 3 at -130, off 7 at -120, else -115)",2015-18,123.0,68.0,55.0,0.0,0.5528,6.6,0.0477,0.29,,,,,62.0,True,2.0,4.0,,18.0,6.6,7.5,-0.9,0.0,0.0,130.0,,,,,,,,,,,,,,,,,,,,,,,,,,,,,,,,,
A,hook,"buy half a point: off 3 or 7 only (our line -3, +3, -7, +7) (off 3 at -130, off 7 at -120, else -115)",2019-22,131.0,80.0,51.0,0.0,0.6107,21.9,0.1476,0.028,,,,,62.0,True,3.0,4.0,,25.0,-2.2,-0.2,-2.0,0.0,0.0,130.0,,,,,,,,,,,,,,,,,,,,,,,,,,,,,,,,,
A,hook,"buy half a point: off 3 or 7 only (our line -3, +3, -7, +7) (off 3 at -130, off 7 at -120, else -115)",2023-25,62.0,41.0,21.0,0.0,0.6613,17.2,0.245,0.0199,,,,,62.0,True,3.0,3.0,,11.0,1.9,1.6,0.3,1.0,0.0,130.0,,,,,,,,,,,,,,,,,,,,,,,,,,,,,,,,,
A,hook,"buy half a point: off 3 or 7 only (our line -3, +3, -7, +7) (off 3 at -130, off 7 at -120, else -115)",2015-25,316.0,189.0,127.0,0.0,0.5981,45.7,0.128,0.0047,,,,,62.0,True,8.0,11.0,,54.0,6.3,8.9,-2.6,1.0,0.0,130.0,,,,,,,,,,,,,,,,,,,,,,,,,,,,,,,,,
A,hook,"buy half a point: off 3 or 7 only (our line -3, +3, -7, +7) (off 3 at -130, off 7 at -120, else -115)",2026,3.0,1.0,2.0,0.0,0.3333,-1.2,-0.3636,0.892,,,,,62.0,True,0.0,1.0,,0.0,0.0,0.0,0.0,0.0,0.0,130.0,,,,,,,,,,,,,,,,,,,,,,,,,,,,,,,,,
A,hook,"buy half a point: on or off 7 only (off 3 at -130, off 7 at -120, else -115)",2015-18,123.0,68.0,55.0,0.0,0.5528,6.9,0.0506,0.29,,,,,61.0,True,2.0,4.0,,10.0,-3.2,-2.6,-0.6,0.0,0.0,130.0,,,,,,,,,,,,,,,,,,,,,,,,,,,,,,,,,
A,hook,"buy half a point: on or off 7 only (off 3 at -130, off 7 at -120, else -115)",2019-22,131.0,80.0,51.0,0.0,0.6107,23.4,0.1612,0.028,,,,,61.0,True,3.0,4.0,,11.0,0.0,0.5,-0.5,0.0,0.0,130.0,,,,,,,,,,,,,,,,,,,,,,,,,,,,,,,,,
A,hook,"buy half a point: on or off 7 only (off 3 at -130, off 7 at -120, else -115)",2023-25,61.0,40.0,21.0,1.0,0.6557,16.5,0.2426,0.0257,,,,,61.0,True,3.0,3.0,,9.0,0.2,0.6,-0.4,0.0,0.0,130.0,,,,,,,,,,,,,,,,,,,,,,,,,,,,,,,,,
A,hook,"buy half a point: on or off 7 only (off 3 at -130, off 7 at -120, else -115)",2015-25,315.0,188.0,127.0,1.0,0.5968,46.8,0.1339,0.0054,,,,,61.0,True,8.0,11.0,,30.0,-3.0,-1.5,-1.5,0.0,0.0,130.0,,,,,,,,,,,,,,,,,,,,,,,,,,,,,,,,,
A,hook,"buy half a point: on or off 7 only (off 3 at -130, off 7 at -120, else -115)",2026,3.0,1.0,2.0,0.0,0.3333,-1.2,-0.3636,0.892,,,,,61.0,True,0.0,1.0,,0.0,0.0,0.0,0.0,0.0,0.0,130.0,,,,,,,,,,,,,,,,,,,,,,,,,,,,,,,,,
A,hook,"buy half a point: half point touches neither 3 nor 7 (off 3 at -130, off 7 at -120, else -115)",2015-18,122.0,68.0,54.0,1.0,0.5574,6.8,0.0492,0.2576,,,,,60.0,True,2.0,4.0,,83.0,4.6,5.3,-0.7,0.0,1.0,130.0,,,,,,,,,,,,,,,,,,,,,,,,,,,,,,,,,
A,hook,"buy half a point: half point touches neither 3 nor 7 (off 3 at -130, off 7 at -120, else -115)",2019-22,131.0,80.0,51.0,0.0,0.6107,22.35,0.1504,0.028,,,,,60.0,True,3.0,4.0,,91.0,24.35,25.9,-1.55,0.0,0.0,130.0,,,,,,,,,,,,,,,,,,,,,,,,,,,,,,,,,
A,hook,"buy half a point: half point touches neither 3 nor 7 (off 3 at -130, off 7 at -120, else -115)",2023-25,60.0,40.0,20.0,2.0,0.6667,17.4,0.2572,0.0177,,,,,60.0,True,3.0,3.0,,34.0,7.2,6.7,0.5,0.0,1.0,130.0,,,,,,,,,,,,,,,,,,,,,,,,,,,,,,,,,
A,hook,"buy half a point: half point touches neither 3 nor 7 (off 3 at -130, off 7 at -120, else -115)",2015-25,313.0,188.0,125.0,3.0,0.6006,46.55,0.1313,0.0037,,,,,60.0,True,8.0,11.0,,208.0,36.15,37.9,-1.75,0.0,2.0,130.0,,,,,,,,,,,,,,,,,,,,,,,,,,,,,,,,,
A,hook,"buy half a point: half point touches neither 3 nor 7 (off 3 at -130, off 7 at -120, else -115)",2026,3.0,1.0,2.0,0.0,0.3333,-1.2,-0.3636,0.892,,,,,60.0,True,0.0,1.0,,0.0,0.0,0.0,0.0,0.0,0.0,130.0,,,,,,,,,,,,,,,,,,,,,,,,,,,,,,,,,
A,"hook, every game","every game, our line -3 (buy to -2.5, off 3)",2015-18,62.0,,,,,8.9,,,,,,,,,,,,,,,,9.0,0.0,,6.9,11.13,5.85,9.44,4.8,7.74,,,,,,,,,,,,,,,,,,,,,,,,,,,
A,"hook, every game","every game, our line -3 (buy to -2.5, off 3)",2019-22,53.0,,,,,-5.7,,,,,,,,,,,,,,,,2.0,0.0,,-0.7,-1.32,-2.05,-3.87,-3.4,-6.42,,,,,,,,,,,,,,,,,,,,,,,,,,,
A,"hook, every game","every game, our line -3 (buy to -2.5, off 3)",2023-25,34.0,,,,,-8.8,,,,,,,,,,,,,,,,5.0,0.0,,3.2,9.41,2.3,6.76,1.4,4.12,,,,,,,,,,,,,,,,,,,,,,,,,,,
A,"hook, every game","every game, our line -3 (buy to -2.5, off 3)",2015-25,149.0,,,,,-5.6,,,,,,,,,,,,,,,,16.0,0.0,,9.4,6.31,6.1,4.09,2.8,1.88,,,,,,,,,,,,,,,,,,,,,,,,,,,
A,"hook, every game","every game, our line -3 (buy to -2.5, off 3)",2026,2.0,,,,,1.0,,,,,,,,,,,,,,,,1.0,0.0,,1.0,50.0,1.0,50.0,1.0,50.0,,,,,,,,,,,,,,,,,,,,,,,,,,,
A,"hook, every game","every game, our line +3 (buy to +3.5, off 3)",2015-18,94.0,,,,,1.1,,,,,,,,,,,,,,,,11.0,0.0,,7.1,7.55,5.15,5.48,3.2,3.4,,,,,,,,,,,,,,,,,,,,,,,,,,,
A,"hook, every game","every game, our line +3 (buy to +3.5, off 3)",2019-22,87.0,,,,,12.9,,,,,,,,,,,,,,,,9.0,0.0,,5.9,6.78,4.35,5.0,2.8,3.22,,,,,,,,,,,,,,,,,,,,,,,,,,,
A,"hook, every game","every game, our line +3 (buy to +3.5, off 3)",2023-25,78.0,,,,,-20.3,,,,,,,,,,,,,,,,8.0,0.0,,3.7,4.74,1.55,1.99,-0.6,-0.77,,,,,,,,,,,,,,,,,,,,,,,,,,,
A,"hook, every game","every game, our line +3 (buy to +3.5, off 3)",2015-25,259.0,,,,,-6.3,,,,,,,,,,,,,,,,28.0,0.0,,16.7,6.45,11.05,4.27,5.4,2.08,,,,,,,,,,,,,,,,,,,,,,,,,,,
A,"hook, every game","every game, our line +3 (buy to +3.5, off 3)",2026,6.0,,,,,-1.3,,,,,,,,,,,,,,,,1.0,0.0,,0.7,11.67,0.55,9.17,0.4,6.67,,,,,,,,,,,,,,,,,,,,,,,,,,,
A,"hook, every game","every game, our line +2.5 (buy to +3, onto 3)",2015-18,74.0,,,,,11.0,,,,,,,,,,,,,,,,0.0,3.0,,0.6,0.81,-0.75,-1.01,-2.1,-2.84,,,,,,,,,,,,,,,,,,,,,,,,,,,
A,"hook, every game","every game, our line +2.5 (buy to +3, onto 3)",2019-22,61.0,,,,,-6.2,,,,,,,,,,,,,,,,0.0,5.0,,2.8,4.59,1.45,2.38,0.1,0.16,,,,,,,,,,,,,,,,,,,,,,,,,,,
A,"hook, every game","every game, our line +2.5 (buy to +3, onto 3)",2023-25,61.0,,,,,-4.1,,,,,,,,,,,,,,,,0.0,8.0,,6.5,10.66,5.35,8.77,4.2,6.89,,,,,,,,,,,,,,,,,,,,,,,,,,,
A,"hook, every game","every game, our line +2.5 (buy to +3, onto 3)",2015-25,196.0,,,,,0.7,,,,,,,,,,,,,,,,0.0,16.0,,9.9,5.05,6.05,3.09,2.2,1.12,,,,,,,,,,,,,,,,,,,,,,,,,,,
A,"hook, every game","every game, our line +2.5 (buy to +3, onto 3)",2026,4.0,,,,,-2.3,,,,,,,,,,,,,,,,0.0,0.0,,-0.3,-7.5,-0.45,-11.25,-0.6,-15.0,,,,,,,,,,,,,,,,,,,,,,,,,,,
A,"hook, every game","every game, our line -3.5 (buy to -3, onto 3)",2015-18,50.0,,,,,-6.7,,,,,,,,,,,,,,,,0.0,6.0,,4.5,9.0,3.45,6.9,2.4,4.8,,,,,,,,,,,,,,,,,,,,,,,,,,,
A,"hook, every game","every game, our line -3.5 (buy to -3, onto 3)",2019-22,35.0,,,,,-7.0,,,,,,,,,,,,,,,,0.0,2.0,,0.4,1.14,-0.5,-1.43,-1.4,-4.0,,,,,,,,,,,,,,,,,,,,,,,,,,,
A,"hook, every game","every game, our line -3.5 (buy to -3, onto 3)",2023-25,34.0,,,,,10.9,,,,,,,,,,,,,,,,0.0,2.0,,1.3,3.82,0.85,2.5,0.4,1.18,,,,,,,,,,,,,,,,,,,,,,,,,,,
A,"hook, every game","every game, our line -3.5 (buy to -3, onto 3)",2015-25,119.0,,,,,-2.8,,,,,,,,,,,,,,,,0.0,10.0,,6.2,5.21,3.8,3.19,1.4,1.18,,,,,,,,,,,,,,,,,,,,,,,,,,,
A,"hook, every game","every game, our line -3.5 (buy to -3, onto 3)",2026,4.0,,,,,-2.3,,,,,,,,,,,,,,,,0.0,0.0,,-0.3,-7.5,-0.45,-11.25,-0.6,-15.0,,,,,,,,,,,,,,,,,,,,,,,,,,,
A,"hook, every game","every game, our line -7 (buy to -6.5, off 7)",2015-18,19.0,,,,,4.5,,,,,,,,,,,,,,,,4.0,0.0,,3.5,18.42,3.5,18.42,3.5,18.42,,,,,,,,,,,,,,,,,,,,,,,,,,,
A,"hook, every game","every game, our line -7 (buy to -6.5, off 7)",2019-22,29.0,,,,,-2.4,,,,,,,,,,,,,,,,2.0,0.0,,0.6,2.07,0.6,2.07,0.6,2.07,,,,,,,,,,,,,,,,,,,,,,,,,,,
A,"hook, every game","every game, our line -7 (buy to -6.5, off 7)",2023-25,22.0,,,,,-0.0,,,,,,,,,,,,,,,,1.0,0.0,,0.0,0.0,0.0,0.0,0.0,0.0,,,,,,,,,,,,,,,,,,,,,,,,,,,
A,"hook, every game","every game, our line -7 (buy to -6.5, off 7)",2015-25,70.0,,,,,2.1,,,,,,,,,,,,,,,,7.0,0.0,,4.1,5.86,4.1,5.86,4.1,5.86,,,,,,,,,,,,,,,,,,,,,,,,,,,
A,"hook, every game","every game, our line -7 (buy to -6.5, off 7)",2026,3.0,,,,,-0.1,,,,,,,,,,,,,,,,1.0,0.0,,0.9,30.0,0.9,30.0,0.9,30.0,,,,,,,,,,,,,,,,,,,,,,,,,,,
A,"hook, every game","every game, our line +7 (buy to +7.5, off 7)",2015-18,42.0,,,,,-2.0,,,,,,,,,,,,,,,,2.0,0.0,,0.0,0.0,0.0,0.0,0.0,0.0,,,,,,,,,,,,,,,,,,,,,,,,,,,
A,"hook, every game","every game, our line +7 (buy to +7.5, off 7)",2019-22,31.0,,,,,-0.5,,,,,,,,,,,,,,,,0.0,0.0,,-1.5,-4.84,-1.5,-4.84,-1.5,-4.84,,,,,,,,,,,,,,,,,,,,,,,,,,,
A,"hook, every game","every game, our line +7 (buy to +7.5, off 7)",2023-25,18.0,,,,,-1.9,,,,,,,,,,,,,,,,1.0,0.0,,0.1,0.56,0.1,0.56,0.1,0.56,,,,,,,,,,,,,,,,,,,,,,,,,,,
A,"hook, every game","every game, our line +7 (buy to +7.5, off 7)",2015-25,91.0,,,,,-4.4,,,,,,,,,,,,,,,,3.0,0.0,,-1.4,-1.54,-1.4,-1.54,-1.4,-1.54,,,,,,,,,,,,,,,,,,,,,,,,,,,
A,"hook, every game","every game, our line +7 (buy to +7.5, off 7)",2026,1.0,,,,,1.0,,,,,,,,,,,,,,,,0.0,0.0,,0.0,0.0,0.0,0.0,0.0,0.0,,,,,,,,,,,,,,,,,,,,,,,,,,,
A,"hook, every game","every game, our line +6.5 (buy to +7, onto 7)",2015-18,23.0,,,,,-0.1,,,,,,,,,,,,,,,,0.0,1.0,,0.1,0.43,0.1,0.43,0.1,0.43,,,,,,,,,,,,,,,,,,,,,,,,,,,
A,"hook, every game","every game, our line +6.5 (buy to +7, onto 7)",2019-22,39.0,,,,,-0.9,,,,,,,,,,,,,,,,0.0,4.0,,2.9,7.44,2.9,7.44,2.9,7.44,,,,,,,,,,,,,,,,,,,,,,,,,,,
A,"hook, every game","every game, our line +6.5 (buy to +7, onto 7)",2023-25,21.0,,,,,2.1,,,,,,,,,,,,,,,,0.0,0.0,,-0.9,-4.29,-0.9,-4.29,-0.9,-4.29,,,,,,,,,,,,,,,,,,,,,,,,,,,
A,"hook, every game","every game, our line +6.5 (buy to +7, onto 7)",2015-25,83.0,,,,,1.1,,,,,,,,,,,,,,,,0.0,5.0,,2.1,2.53,2.1,2.53,2.1,2.53,,,,,,,,,,,,,,,,,,,,,,,,,,,
A,"hook, every game","every game, our line +6.5 (buy to +7, onto 7)",2026,2.0,,,,,-0.1,,,,,,,,,,,,,,,,0.0,0.0,,-0.1,-5.0,-0.1,-5.0,-0.1,-5.0,,,,,,,,,,,,,,,,,,,,,,,,,,,
A,"hook, every game","every game, our line -7.5 (buy to -7, onto 7)",2015-18,21.0,,,,,-2.1,,,,,,,,,,,,,,,,0.0,2.0,,1.3,6.19,1.3,6.19,1.3,6.19,,,,,,,,,,,,,,,,,,,,,,,,,,,
A,"hook, every game","every game, our line -7.5 (buy to -7, onto 7)",2019-22,19.0,,,,,-8.3,,,,,,,,,,,,,,,,0.0,1.0,,-0.1,-0.53,-0.1,-0.53,-0.1,-0.53,,,,,,,,,,,,,,,,,,,,,,,,,,,
A,"hook, every game","every game, our line -7.5 (buy to -7, onto 7)",2023-25,14.0,,,,,-4.9,,,,,,,,,,,,,,,,0.0,1.0,,0.3,2.14,0.3,2.14,0.3,2.14,,,,,,,,,,,,,,,,,,,,,,,,,,,
A,"hook, every game","every game, our line -7.5 (buy to -7, onto 7)",2015-25,54.0,,,,,-15.3,,,,,,,,,,,,,,,,0.0,4.0,,1.5,2.78,1.5,2.78,1.5,2.78,,,,,,,,,,,,,,,,,,,,,,,,,,,
A,"hook, every game","every game, our line -7.5 (buy to -7, onto 7)",2026,1.0,,,,,-1.1,,,,,,,,,,,,,,,,0.0,0.0,,-0.1,-10.0,-0.1,-10.0,-0.1,-10.0,,,,,,,,,,,,,,,,,,,,,,,,,,,
A,"hook, every game","every game, any other line",2015-18,639.0,,,,,-43.3,,,,,,,,,,,,,,,,4.0,8.0,,-2.95,-0.46,-2.95,-0.46,-2.95,-0.46,,,,,,,,,,,,,,,,,,,,,,,,,,,
A,"hook, every game","every game, any other line",2019-22,669.0,,,,,16.4,,,,,,,,,,,,,,,,10.0,7.0,,2.75,0.41,2.75,0.41,2.75,0.41,,,,,,,,,,,,,,,,,,,,,,,,,,,
A,"hook, every game","every game, any other line",2023-25,486.0,,,,,-9.4,,,,,,,,,,,,,,,,4.0,14.0,,8.4,1.73,8.4,1.73,8.4,1.73,,,,,,,,,,,,,,,,,,,,,,,,,,,
A,"hook, every game","every game, any other line",2015-25,1794.0,,,,,-36.3,,,,,,,,,,,,,,,,18.0,29.0,,8.2,0.46,8.2,0.46,8.2,0.46,,,,,,,,,,,,,,,,,,,,,,,,,,,
A,"hook, every game","every game, any other line",2026,25.0,,,,,-0.2,,,,,,,,,,,,,,,,0.0,0.0,,-0.6,-2.4,-0.6,-2.4,-0.6,-2.4,,,,,,,,,,,,,,,,,,,,,,,,,,,
A,"hook, every game","every game, every game",2015-18,1024.0,,,,,-28.7,,,,,,,,,,,,,,,,30.0,20.0,,21.05,2.06,15.65,1.53,10.25,1.0,,,,,,,,,,,,,,,,,,,,,,,,,,,
A,"hook, every game","every game, every game",2019-22,1023.0,,,,,-1.7,,,,,,,,,,,,,,,,23.0,19.0,,13.05,1.28,7.9,0.77,2.75,0.27,,,,,,,,,,,,,,,,,,,,,,,,,,,
A,"hook, every game","every game, every game",2023-25,768.0,,,,,-36.4,,,,,,,,,,,,,,,,19.0,25.0,,22.6,2.94,17.95,2.34,13.3,1.73,,,,,,,,,,,,,,,,,,,,,,,,,,,
A,"hook, every game","every game, every game",2015-25,2815.0,,,,,-66.8,,,,,,,,,,,,,,,,72.0,64.0,,56.7,2.01,41.5,1.47,26.3,0.93,,,,,,,,,,,,,,,,,,,,,,,,,,,
A,"hook, every game","every game, every game",2026,48.0,,,,,-5.4,,,,,,,,,,,,,,,,3.0,0.0,,1.2,2.5,0.75,1.56,0.3,0.63,,,,,,,,,,,,,,,,,,,,,,,,,,,
B,team error,ARI,2015-18,,,,,,,,,,,,,,,,,,,,,,,,,,,,,,,64.0,0.645,0.33,12.581,0.367,0.278,33.0,29.0,2.0,1.1,3.0,6.0,0.0,-3.6,2.0,5.0,-3.5,1.0,1.0,-0.1,,,,,,,
B,team error,ATL,2015-18,,,,,,,,,,,,,,,,,,,,,,,,,,,,,,,64.0,0.174,0.12,9.391,-0.227,0.401,28.0,36.0,0.0,-11.6,2.0,3.0,0.0,-1.3,1.0,3.0,-2.3,1.0,0.0,1.0,,,,,,,
B,team error,BAL,2015-18,,,,,,,,,,,,,,,,,,,,,,,,,,,,,,,64.0,-0.703,-0.42,9.736,-1.312,0.61,35.0,26.0,3.0,6.4,3.0,3.0,0.0,-0.3,3.0,2.0,0.8,0.0,1.0,-1.1,,,,,,,
B,team error,BUF,2015-18,,,,,,,,,,,,,,,,,,,,,,,,,,,,,,,64.0,0.511,0.28,10.991,0.047,0.464,33.0,29.0,2.0,1.1,5.0,3.0,0.0,1.7,2.0,3.0,-1.3,3.0,0.0,3.0,,,,,,,
B,team error,CAR,2015-18,,,,,,,,,,,,,,,,,,,,,,,,,,,,,,,64.0,-1.222,-0.79,9.766,-1.359,0.137,31.0,32.0,1.0,-4.2,2.0,0.0,0.0,2.0,2.0,0.0,2.0,0.0,0.0,0.0,,,,,,,
B,team error,CHI,2015-18,,,,,,,,,,,,,,,,,,,,,,,,,,,,,,,64.0,-1.734,-1.08,9.399,-0.727,-1.008,39.0,24.0,1.0,12.6,6.0,3.0,0.0,2.7,1.0,0.0,1.0,5.0,3.0,1.7,,,,,,,
B,team error,CIN,2015-18,,,,,,,,,,,,,,,,,,,,,,,,,,,,,,,64.0,0.734,0.47,9.552,0.078,0.656,33.0,30.0,1.0,0.0,2.0,2.0,0.0,-0.2,1.0,2.0,-1.2,1.0,0.0,1.0,,,,,,,
B,team error,CLE,2015-18,,,,,,,,,,,,,,,,,,,,,,,,,,,,,,,64.0,2.749,2.25,8.118,3.281,-0.532,33.0,31.0,0.0,-1.1,5.0,7.0,0.0,-2.7,1.0,4.0,-3.4,4.0,3.0,0.7,,,,,,,
B,team error,DAL,2015-18,,,,,,,,,,,,,,,,,,,,,,,,,,,,,,,64.0,-0.215,-0.14,9.764,-0.453,0.238,34.0,27.0,3.0,4.3,6.0,8.0,0.0,-2.8,3.0,5.0,-2.5,3.0,3.0,-0.3,,,,,,,
B,team error,DEN,2015-18,,,,,,,,,,,,,,,,,,,,,,,,,,,,,,,64.0,0.777,0.51,9.482,0.938,-0.161,32.0,30.0,2.0,-1.0,5.0,0.0,0.0,5.0,2.0,0.0,2.0,3.0,0.0,3.0,,,,,,,
B,team error,DET,2015-18,,,,,,,,,,,,,,,,,,,,,,,,,,,,,,,64.0,0.661,0.43,9.123,-0.234,0.895,35.0,28.0,1.0,4.2,3.0,2.0,0.0,0.8,3.0,2.0,0.8,0.0,0.0,0.0,,,,,,,
B,team error,GB,2015-18,,,,,,,,,,,,,,,,,,,,,,,,,,,,,,,64.0,1.973,1.36,8.821,2.094,-0.121,38.0,24.0,2.0,11.6,6.0,2.0,0.0,3.8,4.0,1.0,2.9,2.0,1.0,0.9,,,,,,,
B,team error,HOU,2015-18,,,,,,,,,,,,,,,,,,,,,,,,,,,,,,,64.0,0.768,0.48,9.759,-0.156,0.925,32.0,30.0,2.0,-1.0,9.0,5.0,0.0,3.5,5.0,4.0,0.6,4.0,1.0,2.9,,,,,,,
B,team error,IND,2015-18,,,,,,,,,,,,,,,,,,,,,,,,,,,,,,,64.0,0.419,0.24,10.427,0.117,0.302,31.0,31.0,2.0,-3.1,3.0,3.0,0.0,-0.3,3.0,2.0,0.8,0.0,1.0,-1.1,,,,,,,
B,team error,JAX,2015-18,,,,,,,,,,,,,,,,,,,,,,,,,,,,,,,64.0,0.156,0.09,10.609,0.492,-0.336,29.0,32.0,3.0,-6.2,5.0,2.0,0.0,2.8,1.0,1.0,-0.1,4.0,1.0,2.9,,,,,,,
B,team error,KC,2015-18,,,,,,,,,,,,,,,,,,,,,,,,,,,,,,,64.0,-2.961,-2.12,8.886,-3.047,0.086,34.0,28.0,2.0,3.2,4.0,2.0,0.0,1.8,1.0,1.0,-0.1,3.0,1.0,1.9,,,,,,,
B,team error,LA,2015-18,,,,,,,,,,,,,,,,,,,,,,,,,,,,,,,64.0,-1.348,-0.67,12.31,0.094,-1.442,27.0,34.0,3.0,-10.4,8.0,12.0,0.0,-5.2,1.0,2.0,-1.2,7.0,10.0,-4.0,,,,,,,
B,team error,LAC,2015-18,,,,,,,,,,,,,,,,,,,,,,,,,,,,,,,64.0,-0.496,-0.37,8.725,-0.625,0.129,32.0,31.0,1.0,-2.1,3.0,4.0,0.0,-1.4,2.0,2.0,-0.2,1.0,2.0,-1.2,,,,,,,
B,team error,LV,2015-18,,,,,,,,,,,,,,,,,,,,,,,,,,,,,,,64.0,0.931,0.68,8.864,2.164,-1.233,35.0,27.0,2.0,5.3,5.0,5.0,0.0,-0.5,0.0,1.0,-1.1,5.0,4.0,0.6,,,,,,,
B,team error,MIA,2015-18,,,,,,,,,,,,,,,,,,,,,,,,,,,,,,,64.0,2.584,1.51,11.28,2.039,0.545,24.0,37.0,3.0,-16.7,4.0,2.0,0.0,1.8,2.0,1.0,0.9,2.0,1.0,0.9,,,,,,,
B,team error,MIN,2015-18,,,,,,,,,,,,,,,,,,,,,,,,,,,,,,,64.0,-2.128,-1.33,10.358,-1.922,-0.206,29.0,34.0,1.0,-8.4,4.0,3.0,0.0,0.7,3.0,0.0,3.0,1.0,3.0,-2.3,,,,,,,
B,team error,NE,2015-18,,,,,,,,,,,,,,,,,,,,,,,,,,,,,,,64.0,-3.236,-2.04,10.338,-2.047,-1.189,31.0,31.0,2.0,-3.1,5.0,5.0,0.0,-0.5,2.0,0.0,2.0,3.0,5.0,-2.5,,,,,,,
B,team error,NO,2015-18,,,,,,,,,,,,,,,,,,,,,,,,,,,,,,,64.0,-2.055,-1.21,10.577,-1.617,-0.438,30.0,32.0,2.0,-5.2,1.0,0.0,0.0,1.0,1.0,0.0,1.0,0.0,0.0,0.0,,,,,,,
B,team error,NYG,2015-18,,,,,,,,,,,,,,,,,,,,,,,,,,,,,,,64.0,0.653,0.48,8.032,0.789,-0.136,33.0,28.0,3.0,2.2,9.0,5.0,0.0,3.5,4.0,2.0,1.8,5.0,3.0,1.7,,,,,,,
B,team error,NYJ,2015-18,,,,,,,,,,,,,,,,,,,,,,,,,,,,,,,64.0,1.547,0.93,9.987,0.953,0.594,27.0,33.0,4.0,-9.3,1.0,3.0,0.0,-2.3,1.0,2.0,-1.2,0.0,1.0,-1.1,,,,,,,
B,team error,PHI,2015-18,,,,,,,,,,,,,,,,,,,,,,,,,,,,,,,64.0,-1.703,-0.97,11.058,-0.891,-0.812,29.0,35.0,0.0,-9.5,3.0,5.0,0.0,-2.5,1.0,1.0,-0.1,2.0,4.0,-2.4,,,,,,,
B,team error,PIT,2015-18,,,,,,,,,,,,,,,,,,,,,,,,,,,,,,,64.0,-1.84,-1.14,10.254,-1.625,-0.215,31.0,31.0,2.0,-3.1,1.0,2.0,0.0,-1.2,1.0,2.0,-1.2,0.0,0.0,0.0,,,,,,,
B,team error,SEA,2015-18,,,,,,,,,,,,,,,,,,,,,,,,,,,,,,,64.0,-0.864,-0.53,9.702,-1.266,0.401,34.0,26.0,4.0,5.4,4.0,3.0,0.0,0.7,3.0,1.0,1.9,1.0,2.0,-1.2,,,,,,,
B,team error,SF,2015-18,,,,,,,,,,,,,,,,,,,,,,,,,,,,,,,64.0,1.988,1.24,10.604,2.062,-0.075,27.0,36.0,1.0,-12.6,5.0,4.0,0.0,0.6,2.0,1.0,0.9,3.0,3.0,-0.3,,,,,,,
B,team error,TB,2015-18,,,,,,,,,,,,,,,,,,,,,,,,,,,,,,,64.0,1.208,0.75,9.756,0.57,0.638,28.0,33.0,3.0,-8.3,0.0,0.0,0.0,0.0,0.0,0.0,0.0,0.0,0.0,0.0,,,,,,,
B,team error,TEN,2015-18,,,,,,,,,,,,,,,,,,,,,,,,,,,,,,,64.0,1.062,0.62,10.035,1.562,-0.501,34.0,28.0,2.0,3.2,5.0,1.0,0.0,3.9,2.0,1.0,0.9,3.0,0.0,3.0,,,,,,,
B,team error,WAS,2015-18,,,,,,,,,,,,,,,,,,,,,,,,,,,,,,,64.0,0.966,0.62,10.088,-0.141,1.107,33.0,31.0,0.0,-1.1,9.0,5.0,0.0,3.5,8.0,4.0,3.6,1.0,1.0,-0.1,,,,,,,
B,team error,ARI,2019-22,,,,,,,,,,,,,,,,,,,,,,,,,,,,,,,66.0,0.283,0.18,10.498,-0.038,0.321,36.0,26.0,2.0,7.4,3.0,2.0,0.0,0.8,3.0,1.0,1.9,0.0,1.0,-1.1,,,,,,,
B,team error,ATL,2019-22,,,,,,,,,,,,,,,,,,,,,,,,,,,,,,,66.0,2.079,1.31,9.569,0.538,1.541,31.0,31.0,2.0,-3.1,5.0,4.0,0.0,0.6,5.0,4.0,0.6,0.0,0.0,0.0,,,,,,,
B,team error,BAL,2019-22,,,,,,,,,,,,,,,,,,,,,,,,,,,,,,,66.0,-3.006,-1.8,9.921,-2.742,-0.263,40.0,23.0,1.0,14.7,5.0,2.0,0.0,2.8,2.0,0.0,2.0,3.0,2.0,0.8,,,,,,,
B,team error,BUF,2019-22,,,,,,,,,,,,,,,,,,,,,,,,,,,,,,,65.0,-3.483,-2.17,10.081,-3.777,0.294,31.0,27.0,5.0,1.3,6.0,4.0,0.0,1.6,4.0,1.0,2.9,2.0,3.0,-1.3,,,,,,,
B,team error,CAR,2019-22,,,,,,,,,,,,,,,,,,,,,,,,,,,,,,,66.0,0.931,0.53,11.448,1.712,-0.781,30.0,33.0,1.0,-6.3,3.0,2.0,0.0,0.8,1.0,1.0,-0.1,2.0,1.0,0.9,,,,,,,
B,team error,CHI,2019-22,,,,,,,,,,,,,,,,,,,,,,,,,,,,,,,66.0,2.075,1.64,8.033,1.015,1.059,30.0,31.0,3.0,-4.1,7.0,1.0,0.0,5.9,6.0,1.0,4.9,1.0,0.0,1.0,,,,,,,
B,team error,CIN,2019-22,,,,,,,,,,,,,,,,,,,,,,,,,,,,,,,65.0,-0.511,-0.31,10.084,-0.792,0.281,37.0,26.0,0.0,8.4,5.0,1.0,0.0,3.9,4.0,1.0,2.9,1.0,0.0,1.0,,,,,,,
B,team error,CLE,2019-22,,,,,,,,,,,,,,,,,,,,,,,,,,,,,,,66.0,0.422,0.26,10.021,2.758,-2.336,36.0,27.0,1.0,6.3,12.0,7.0,0.0,4.3,0.0,1.0,-1.1,12.0,6.0,5.4,,,,,,,
B,team error,DAL,2019-22,,,,,,,,,,,,,,,,,,,,,,,,,,,,,,,66.0,-1.858,-1.03,11.786,-2.015,0.158,30.0,33.0,1.0,-6.3,6.0,4.0,0.0,1.6,5.0,3.0,1.7,1.0,1.0,-0.1,,,,,,,
B,team error,DEN,2019-22,,,,,,,,,,,,,,,,,,,,,,,,,,,,,,,66.0,1.25,0.84,9.482,1.235,0.015,35.0,29.0,0.0,3.1,5.0,5.0,0.0,-0.5,2.0,4.0,-2.4,3.0,1.0,1.9,,,,,,,
B,team error,DET,2019-22,,,,,,,,,,,,,,,,,,,,,,,,,,,,,,,66.0,1.379,0.91,9.266,0.583,0.796,36.0,27.0,1.0,6.3,4.0,1.0,0.0,2.9,4.0,1.0,2.9,0.0,0.0,0.0,,,,,,,
B,team error,GB,2019-22,,,,,,,,,,,,,,,,,,,,,,,,,,,,,,,66.0,-0.156,-0.1,9.439,-0.515,0.359,39.0,25.0,0.0,11.5,4.0,3.0,0.0,0.7,2.0,1.0,0.9,2.0,2.0,-0.2,,,,,,,
B,team error,HOU,2019-22,,,,,,,,,,,,,,,,,,,,,,,,,,,,,,,66.0,2.605,1.73,9.976,0.985,1.62,30.0,32.0,2.0,-5.2,7.0,5.0,0.0,1.5,6.0,5.0,0.5,1.0,0.0,1.0,,,,,,,
B,team error,IND,2019-22,,,,,,,,,,,,,,,,,,,,,,,,,,,,,,,66.0,0.414,0.25,10.507,0.811,-0.397,30.0,32.0,2.0,-5.2,3.0,1.0,0.0,1.9,1.0,1.0,-0.1,2.0,0.0,2.0,,,,,,,
B,team error,JAX,2019-22,,,,,,,,,,,,,,,,,,,,,,,,,,,,,,,66.0,2.147,1.22,11.918,2.03,0.117,36.0,27.0,1.0,6.3,2.0,3.0,0.0,-1.3,0.0,1.0,-1.1,2.0,2.0,-0.2,,,,,,,
B,team error,KC,2019-22,,,,,,,,,,,,,,,,,,,,,,,,,,,,,,,66.0,-1.308,-0.93,9.029,-1.22,-0.088,32.0,30.0,2.0,-1.0,4.0,3.0,0.0,0.7,2.0,2.0,-0.2,2.0,1.0,0.9,,,,,,,
B,team error,LA,2019-22,,,,,,,,,,,,,,,,,,,,,,,,,,,,,,,66.0,0.421,0.25,10.66,0.917,-0.496,35.0,27.0,2.0,5.3,3.0,1.0,0.0,1.9,1.0,1.0,-0.1,2.0,0.0,2.0,,,,,,,
B,team error,LAC,2019-22,,,,,,,,,,,,,,,,,,,,,,,,,,,,,,,66.0,1.724,1.1,8.98,1.773,-0.049,29.0,31.0,4.0,-5.1,2.0,3.0,0.0,-1.3,1.0,1.0,-0.1,1.0,2.0,-1.2,,,,,,,
B,team error,LV,2019-22,,,,,,,,,,,,,,,,,,,,,,,,,,,,,,,66.0,1.062,0.66,10.328,2.129,-1.067,36.0,28.0,0.0,5.2,7.0,1.0,0.0,5.9,0.0,0.0,0.0,7.0,1.0,5.9,,,,,,,
B,team error,MIA,2019-22,,,,,,,,,,,,,,,,,,,,,,,,,,,,,,,66.0,0.584,0.33,10.37,-0.424,1.009,34.0,29.0,1.0,2.1,8.0,7.0,0.0,0.3,7.0,6.0,0.4,1.0,1.0,-0.1,,,,,,,
B,team error,MIN,2019-22,,,,,,,,,,,,,,,,,,,,,,,,,,,,,,,66.0,0.136,0.11,8.026,0.682,-0.546,33.0,30.0,1.0,0.0,4.0,0.0,0.0,4.0,1.0,0.0,1.0,3.0,0.0,3.0,,,,,,,
B,team error,NE,2019-22,,,,,,,,,,,,,,,,,,,,,,,,,,,,,,,66.0,-1.753,-0.91,11.901,-1.985,0.232,33.0,29.0,2.0,1.1,6.0,3.0,0.0,2.7,2.0,2.0,-0.2,4.0,1.0,2.9,,,,,,,
B,team error,NO,2019-22,,,,,,,,,,,,,,,,,,,,,,,,,,,,,,,66.0,-2.499,-1.53,10.661,-2.136,-0.362,29.0,35.0,0.0,-9.5,5.0,3.0,0.0,1.7,2.0,0.0,2.0,3.0,3.0,-0.3,,,,,,,
B,team error,NYG,2019-22,,,,,,,,,,,,,,,,,,,,,,,,,,,,,,,66.0,0.681,0.48,9.356,0.659,0.022,30.0,34.0,0.0,-7.4,3.0,2.0,0.0,0.8,0.0,1.0,-1.1,3.0,1.0,1.9,,,,,,,
B,team error,NYJ,2019-22,,,,,,,,,,,,,,,,,,,,,,,,,,,,,,,66.0,1.288,0.77,10.713,1.659,-0.371,31.0,33.0,0.0,-5.3,11.0,8.0,0.0,2.2,4.0,2.0,1.8,7.0,6.0,0.4,,,,,,,
B,team error,PHI,2019-22,,,,,,,,,,,,,,,,,,,,,,,,,,,,,,,66.0,-1.089,-0.72,9.426,0.091,-1.179,31.0,32.0,1.0,-4.2,5.0,3.0,0.0,1.7,1.0,1.0,-0.1,4.0,2.0,1.8,,,,,,,
B,team error,PIT,2019-22,,,,,,,,,,,,,,,,,,,,,,,,,,,,,,,66.0,1.099,0.79,8.687,0.061,1.039,32.0,31.0,1.0,-2.1,9.0,5.0,0.0,3.5,6.0,4.0,1.6,3.0,1.0,1.9,,,,,,,
B,team error,SEA,2019-22,,,,,,,,,,,,,,,,,,,,,,,,,,,,,,,66.0,-0.444,-0.36,8.116,-0.508,0.064,33.0,30.0,1.0,0.0,4.0,2.0,0.0,1.8,2.0,1.0,0.9,2.0,1.0,0.9,,,,,,,
B,team error,SF,2019-22,,,,,,,,,,,,,,,,,,,,,,,,,,,,,,,66.0,-3.934,-2.27,11.784,-2.485,-1.449,29.0,34.0,1.0,-8.4,4.0,8.0,0.0,-4.8,0.0,1.0,-1.1,4.0,7.0,-3.7,,,,,,,
B,team error,TB,2019-22,,,,,,,,,,,,,,,,,,,,,,,,,,,,,,,66.0,-0.068,-0.04,10.723,0.121,-0.189,29.0,32.0,3.0,-6.2,2.0,6.0,0.0,-4.6,1.0,2.0,-1.2,1.0,4.0,-3.4,,,,,,,
B,team error,TEN,2019-22,,,,,,,,,,,,,,,,,,,,,,,,,,,,,,,66.0,-1.199,-0.7,11.137,-1.523,0.324,29.0,32.0,3.0,-6.2,4.0,2.0,0.0,1.8,3.0,1.0,1.9,1.0,1.0,-0.1,,,,,,,
B,team error,WAS,2019-22,,,,,,,,,,,,,,,,,,,,,,,,,,,,,,,66.0,0.664,0.47,8.729,0.333,0.33,34.0,28.0,2.0,3.2,2.0,0.0,0.0,2.0,2.0,0.0,2.0,0.0,0.0,0.0,,,,,,,
B,team error,ARI,2023-25,,,,,,,,,,,,,,,,,,,,,,,,,,,,,,,51.0,1.581,0.91,9.255,0.598,0.983,25.0,23.0,0.0,-0.3,2.0,0.0,0.0,2.0,2.0,0.0,2.0,0.0,0.0,0.0,,,,,,,
B,team error,ATL,2023-25,,,,,,,,,,,,,,,,,,,,,,,,,,,,,,,51.0,2.824,1.54,10.252,3.098,-0.274,24.0,24.0,0.0,-2.4,2.0,0.0,0.0,2.0,1.0,0.0,1.0,1.0,0.0,1.0,,,,,,,
B,team error,BAL,2023-25,,,,,,,,,,,,,,,,,,,,,,,,,,,,,,,51.0,-3.624,-1.75,12.004,-2.99,-0.634,19.0,29.0,0.0,-12.9,1.0,4.0,0.0,-3.4,0.0,1.0,-1.1,1.0,3.0,-2.3,,,,,,,
B,team error,BUF,2023-25,,,,,,,,,,,,,,,,,,,,,,,,,,,,,,,51.0,-1.566,-0.83,11.116,-2.804,1.238,28.0,20.0,0.0,6.0,3.0,1.0,0.0,1.9,3.0,1.0,1.9,0.0,0.0,0.0,,,,,,,
B,team error,CAR,2023-25,,,,,,,,,,,,,,,,,,,,,,,,,,,,,,,51.0,2.313,1.27,10.588,3.235,-0.922,24.0,22.0,2.0,-0.2,4.0,0.0,0.0,4.0,1.0,0.0,1.0,3.0,0.0,3.0,,,,,,,
B,team error,CHI,2023-25,,,,,,,,,,,,,,,,,,,,,,,,,,,,,,,51.0,-1.628,-0.99,8.785,-1.137,-0.491,22.0,20.0,6.0,0.0,1.0,0.0,0.0,1.0,1.0,0.0,1.0,0.0,0.0,0.0,,,,,,,
B,team error,CIN,2023-25,,,,,,,,,,,,,,,,,,,,,,,,,,,,,,,51.0,1.533,0.81,10.344,1.706,-0.173,17.0,29.0,2.0,-14.9,1.0,2.0,0.0,-1.2,1.0,1.0,-0.1,0.0,1.0,-1.1,,,,,,,
B,team error,CLE,2023-25,,,,,,,,,,,,,,,,,,,,,,,,,,,,,,,51.0,0.558,0.32,10.351,1.696,-1.138,20.0,26.0,2.0,-8.6,4.0,2.0,0.0,1.8,0.0,0.0,0.0,4.0,2.0,1.8,,,,,,,
B,team error,DAL,2023-25,,,,,,,,,,,,,,,,,,,,,,,,,,,,,,,51.0,0.683,0.3,13.02,0.314,0.369,22.0,26.0,0.0,-6.6,3.0,2.0,0.0,0.8,2.0,2.0,-0.2,1.0,0.0,1.0,,,,,,,
B,team error,DEN,2023-25,,,,,,,,,,,,,,,,,,,,,,,,,,,,,,,51.0,-1.963,-1.02,10.021,-1.686,-0.277,22.0,25.0,1.0,-5.5,2.0,0.0,0.0,2.0,0.0,0.0,0.0,2.0,0.0,2.0,,,,,,,
B,team error,DET,2023-25,,,,,,,,,,,,,,,,,,,,,,,,,,,,,,,51.0,-3.109,-1.63,10.945,-2.853,-0.256,15.0,32.0,1.0,-20.2,2.0,1.0,0.0,0.9,1.0,0.0,1.0,1.0,1.0,-0.1,,,,,,,
B,team error,GB,2023-25,,,,,,,,,,,,,,,,,,,,,,,,,,,,,,,51.0,-0.435,-0.29,8.424,-1.657,1.222,27.0,20.0,1.0,5.0,2.0,2.0,0.0,-0.2,2.0,2.0,-0.2,0.0,0.0,0.0,,,,,,,
B,team error,HOU,2023-25,,,,,,,,,,,,,,,,,,,,,,,,,,,,,,,51.0,-2.52,-1.44,8.988,-1.667,-0.854,29.0,18.0,1.0,9.2,2.0,6.0,0.0,-4.6,0.0,1.0,-1.1,2.0,5.0,-3.5,,,,,,,
B,team error,IND,2023-25,,,,,,,,,,,,,,,,,,,,,,,,,,,,,,,51.0,-0.099,-0.07,7.427,-0.225,0.126,32.0,16.0,0.0,14.4,2.0,1.0,0.0,0.9,1.0,1.0,-0.1,1.0,0.0,1.0,,,,,,,
B,team error,JAX,2023-25,,,,,,,,,,,,,,,,,,,,,,,,,,,,,,,51.0,-0.162,-0.08,10.475,-0.5,0.338,30.0,18.0,0.0,10.2,2.0,1.0,0.0,0.9,1.0,1.0,-0.1,1.0,0.0,1.0,,,,,,,
B,team error,KC,2023-25,,,,,,,,,,,,,,,,,,,,,,,,,,,,,,,51.0,1.324,0.91,7.898,1.157,0.168,29.0,18.0,1.0,9.2,6.0,0.0,0.0,6.0,3.0,0.0,3.0,3.0,0.0,3.0,,,,,,,
B,team error,LA,2023-25,,,,,,,,,,,,,,,,,,,,,,,,,,,,,,,51.0,-1.87,-1.22,8.332,-1.784,-0.086,24.0,23.0,1.0,-1.3,0.0,1.0,0.0,-1.1,0.0,0.0,0.0,0.0,1.0,-1.1,,,,,,,
B,team error,LAC,2023-25,,,,,,,,,,,,,,,,,,,,,,,,,,,,,,,51.0,-0.571,-0.31,9.563,-0.284,-0.286,22.0,25.0,1.0,-5.5,2.0,0.0,0.0,2.0,2.0,0.0,2.0,0.0,0.0,0.0,,,,,,,
B,team error,LV,2023-25,,,,,,,,,,,,,,,,,,,,,,,,,,,,,,,51.0,3.517,1.99,9.894,1.843,1.673,22.0,24.0,2.0,-4.4,3.0,0.0,0.0,3.0,3.0,0.0,3.0,0.0,0.0,0.0,,,,,,,
B,team error,MIA,2023-25,,,,,,,,,,,,,,,,,,,,,,,,,,,,,,,51.0,0.576,0.26,12.013,0.667,-0.091,23.0,25.0,0.0,-4.5,6.0,3.0,0.0,2.7,2.0,3.0,-1.3,4.0,0.0,4.0,,,,,,,
B,team error,MIN,2023-25,,,,,,,,,,,,,,,,,,,,,,,,,,,,,,,51.0,-3.329,-1.92,9.095,-1.794,-1.535,18.0,26.0,4.0,-10.6,5.0,1.0,0.0,3.9,0.0,0.0,0.0,5.0,1.0,3.9,,,,,,,
B,team error,NE,2023-25,,,,,,,,,,,,,,,,,,,,,,,,,,,,,,,51.0,-0.12,-0.07,9.838,-0.176,0.057,21.0,25.0,2.0,-6.5,1.0,3.0,0.0,-2.3,1.0,1.0,-0.1,0.0,2.0,-2.2,,,,,,,
B,team error,NO,2023-25,,,,,,,,,,,,,,,,,,,,,,,,,,,,,,,51.0,0.575,0.3,11.068,-0.608,1.183,21.0,26.0,1.0,-7.6,4.0,2.0,0.0,1.8,4.0,1.0,2.9,0.0,1.0,-1.1,,,,,,,
B,team error,NYG,2023-25,,,,,,,,,,,,,,,,,,,,,,,,,,,,,,,51.0,1.977,1.05,10.57,1.206,0.771,23.0,24.0,1.0,-3.4,1.0,1.0,1.0,-0.1,0.0,1.0,-1.1,1.0,0.0,1.0,,,,,,,
B,team error,NYJ,2023-25,,,,,,,,,,,,,,,,,,,,,,,,,,,,,,,51.0,3.45,2.11,9.745,3.873,-0.422,25.0,22.0,1.0,0.8,4.0,3.0,1.0,0.7,1.0,3.0,-2.3,3.0,0.0,3.0,,,,,,,
B,team error,PHI,2023-25,,,,,,,,,,,,,,,,,,,,,,,,,,,,,,,51.0,-0.586,-0.36,9.08,-0.088,-0.498,23.0,23.0,2.0,-2.3,1.0,2.0,0.0,-1.2,0.0,0.0,0.0,1.0,2.0,-1.2,,,,,,,
B,team error,PIT,2023-25,,,,,,,,,,,,,,,,,,,,,,,,,,,,,,,51.0,-0.25,-0.16,9.472,-0.618,0.368,24.0,23.0,1.0,-1.3,2.0,0.0,0.0,2.0,2.0,0.0,2.0,0.0,0.0,0.0,,,,,,,
B,team error,SEA,2023-25,,,,,,,,,,,,,,,,,,,,,,,,,,,,,,,51.0,-2.721,-1.64,9.316,-1.882,-0.839,22.0,24.0,2.0,-4.4,2.0,0.0,0.0,2.0,0.0,0.0,0.0,2.0,0.0,2.0,,,,,,,
B,team error,SF,2023-25,,,,,,,,,,,,,,,,,,,,,,,,,,,,,,,51.0,-0.868,-0.49,10.217,-0.059,-0.809,25.0,23.0,0.0,-0.3,3.0,1.0,0.0,1.9,0.0,0.0,0.0,3.0,1.0,1.9,,,,,,,
B,team error,TB,2023-25,,,,,,,,,,,,,,,,,,,,,,,,,,,,,,,51.0,-0.412,-0.26,8.778,-1.892,1.481,27.0,21.0,0.0,3.9,6.0,1.0,0.0,4.9,6.0,1.0,4.9,0.0,0.0,0.0,,,,,,,
B,team error,TEN,2023-25,,,,,,,,,,,,,,,,,,,,,,,,,,,,,,,51.0,3.168,1.97,9.367,3.353,-0.185,23.0,23.0,2.0,-2.3,0.0,1.0,0.0,-1.1,0.0,1.0,-1.1,0.0,0.0,0.0,,,,,,,
B,team error,WAS,2023-25,,,,,,,,,,,,,,,,,,,,,,,,,,,,,,,51.0,1.754,0.88,10.689,1.961,-0.207,22.0,25.0,1.0,-5.5,1.0,1.0,0.0,-0.1,0.0,0.0,0.0,1.0,1.0,-0.1,,,,,,,
B,team error,ARI,2015-25,,,,,,,,,,,,,,,,,,,,,,,,,,,,,,,181.0,0.777,0.76,10.884,0.285,0.492,94.0,78.0,4.0,8.2,8.0,8.0,0.0,-0.8,7.0,6.0,0.4,1.0,2.0,-1.2,,,,,,,
B,team error,ATL,2015-25,,,,,,,,,,,,,,,,,,,,,,,,,,,,,,,181.0,1.615,1.74,9.699,0.989,0.626,83.0,91.0,2.0,-17.1,9.0,7.0,0.0,1.3,7.0,7.0,-0.7,2.0,0.0,2.0,,,,,,,
B,team error,BAL,2015-25,,,,,,,,,,,,,,,,,,,,,,,,,,,,,,,181.0,-2.366,-2.3,10.442,-2.307,-0.059,94.0,78.0,4.0,8.2,9.0,9.0,0.0,-0.9,5.0,3.0,1.7,4.0,6.0,-2.6,,,,,,,
B,team error,BUF,2015-25,,,,,,,,,,,,,,,,,,,,,,,,,,,,,,,180.0,-1.52,-1.48,10.698,-2.142,0.622,92.0,76.0,7.0,8.4,14.0,8.0,0.0,5.2,9.0,5.0,3.5,5.0,3.0,1.7,,,,,,,
B,team error,CAR,2015-25,,,,,,,,,,,,,,,,,,,,,,,,,,,,,,,181.0,0.559,0.57,10.611,1.055,-0.496,85.0,87.0,4.0,-10.7,9.0,2.0,0.0,6.8,4.0,1.0,2.9,5.0,1.0,3.9,,,,,,,
B,team error,CHI,2015-25,,,,,,,,,,,,,,,,,,,,,,,,,,,,,,,181.0,-0.315,-0.36,8.728,-0.207,-0.108,91.0,75.0,10.0,8.5,14.0,4.0,0.0,9.6,8.0,1.0,6.9,6.0,3.0,2.7,,,,,,,
B,team error,CIN,2015-25,,,,,,,,,,,,,,,,,,,,,,,,,,,,,,,180.0,0.511,0.52,9.969,0.225,0.286,87.0,85.0,3.0,-6.5,8.0,5.0,0.0,2.5,6.0,4.0,1.6,2.0,1.0,0.9,,,,,,,
B,team error,CLE,2015-25,,,,,,,,,,,,,,,,,,,,,,,,,,,,,,,181.0,1.283,1.46,9.441,2.644,-1.361,89.0,84.0,3.0,-3.4,21.0,16.0,0.0,3.4,1.0,5.0,-4.5,20.0,11.0,7.9,,,,,,,
B,team error,DAL,2015-25,,,,,,,,,,,,,,,,,,,,,,,,,,,,,,,181.0,-0.561,-0.52,11.419,-0.807,0.246,86.0,86.0,4.0,-8.6,15.0,14.0,0.0,-0.4,10.0,10.0,-1.0,5.0,4.0,0.6,,,,,,,
B,team error,DEN,2015-25,,,,,,,,,,,,,,,,,,,,,,,,,,,,,,,181.0,0.177,0.19,9.634,0.307,-0.129,89.0,84.0,3.0,-3.4,12.0,5.0,0.0,6.5,4.0,4.0,-0.4,8.0,1.0,6.9,,,,,,,
B,team error,DET,2015-25,,,,,,,,,,,,,,,,,,,,,,,,,,,,,,,181.0,-0.139,-0.15,9.688,-0.674,0.535,86.0,87.0,3.0,-9.7,9.0,4.0,0.0,4.6,8.0,3.0,4.7,1.0,1.0,-0.1,,,,,,,
B,team error,GB,2015-25,,,,,,,,,,,,,,,,,,,,,,,,,,,,,,,181.0,0.518,0.61,8.935,0.086,0.433,104.0,69.0,3.0,28.1,12.0,7.0,0.0,4.3,8.0,4.0,3.6,4.0,3.0,0.7,,,,,,,
B,team error,HOU,2015-25,,,,,,,,,,,,,,,,,,,,,,,,,,,,,,,181.0,0.511,0.55,9.621,-0.166,0.677,91.0,80.0,5.0,3.0,18.0,16.0,0.0,0.4,11.0,10.0,0.0,7.0,6.0,0.4,,,,,,,
B,team error,IND,2015-25,,,,,,,,,,,,,,,,,,,,,,,,,,,,,,,181.0,0.271,0.29,9.611,0.273,-0.002,93.0,79.0,4.0,6.1,8.0,5.0,0.0,2.5,5.0,4.0,0.6,3.0,1.0,1.9,,,,,,,
B,team error,JAX,2015-25,,,,,,,,,,,,,,,,,,,,,,,,,,,,,,,181.0,0.793,0.75,11.049,0.773,0.019,95.0,77.0,4.0,10.3,9.0,6.0,0.0,2.4,2.0,3.0,-1.3,7.0,3.0,3.7,,,,,,,
B,team error,KC,2015-25,,,,,,,,,,,,,,,,,,,,,,,,,,,,,,,181.0,-1.151,-1.39,8.66,-1.196,0.045,95.0,76.0,5.0,11.4,14.0,5.0,0.0,8.5,6.0,3.0,2.7,8.0,2.0,5.8,,,,,,,
B,team error,LA,2015-25,,,,,,,,,,,,,,,,,,,,,,,,,,,,,,,181.0,-0.85,-0.82,10.588,-0.135,-0.715,86.0,84.0,6.0,-6.4,11.0,14.0,0.0,-4.4,2.0,3.0,-1.3,9.0,11.0,-3.1,,,,,,,
B,team error,LAC,2015-25,,,,,,,,,,,,,,,,,,,,,,,,,,,,,,,181.0,0.292,0.32,9.054,0.345,-0.053,83.0,87.0,6.0,-12.7,7.0,7.0,0.0,-0.7,5.0,3.0,1.7,2.0,4.0,-2.4,,,,,,,
B,team error,LV,2015-25,,,,,,,,,,,,,,,,,,,,,,,,,,,,,,,181.0,1.707,1.88,9.688,2.061,-0.353,93.0,79.0,4.0,6.1,15.0,6.0,0.0,8.4,3.0,1.0,1.9,12.0,5.0,6.5,,,,,,,
B,team error,MIA,2015-25,,,,,,,,,,,,,,,,,,,,,,,,,,,,,,,181.0,1.289,1.2,11.155,0.754,0.535,81.0,91.0,4.0,-19.1,18.0,12.0,0.0,4.8,11.0,10.0,0.0,7.0,2.0,4.8,,,,,,,
B,team error,MIN,2015-25,,,,,,,,,,,,,,,,,,,,,,,,,,,,,,,181.0,-1.641,-1.85,9.152,-0.936,-0.704,80.0,90.0,6.0,-19.0,13.0,4.0,0.0,8.6,4.0,0.0,4.0,9.0,4.0,4.6,,,,,,,
B,team error,NE,2015-25,,,,,,,,,,,,,,,,,,,,,,,,,,,,,,,181.0,-1.817,-1.77,10.767,-1.497,-0.32,85.0,85.0,6.0,-8.5,12.0,11.0,0.0,-0.1,5.0,3.0,1.7,7.0,8.0,-1.8,,,,,,,
B,team error,NO,2015-25,,,,,,,,,,,,,,,,,,,,,,,,,,,,,,,181.0,-1.476,-1.47,10.746,-1.522,0.047,80.0,93.0,3.0,-22.3,10.0,5.0,0.0,4.5,7.0,1.0,5.9,3.0,4.0,-1.4,,,,,,,
B,team error,NYG,2015-25,,,,,,,,,,,,,,,,,,,,,,,,,,,,,,,181.0,1.036,1.18,9.23,0.859,0.177,86.0,86.0,4.0,-8.6,13.0,8.0,1.0,4.2,4.0,4.0,-0.4,9.0,4.0,4.6,,,,,,,
B,team error,NYJ,2015-25,,,,,,,,,,,,,,,,,,,,,,,,,,,,,,,181.0,1.989,2.07,10.184,2.033,-0.045,83.0,88.0,5.0,-13.8,16.0,14.0,1.0,0.6,6.0,7.0,-1.7,10.0,7.0,2.3,,,,,,,
B,team error,PHI,2015-25,,,,,,,,,,,,,,,,,,,,,,,,,,,,,,,181.0,-1.164,-1.23,9.905,-0.307,-0.858,83.0,90.0,3.0,-16.0,9.0,10.0,0.0,-2.0,2.0,2.0,-0.2,7.0,8.0,-1.8,,,,,,,
B,team error,PIT,2015-25,,,,,,,,,,,,,,,,,,,,,,,,,,,,,,,181.0,-0.32,-0.36,9.462,-0.727,0.406,87.0,85.0,4.0,-6.5,12.0,7.0,0.0,4.3,9.0,6.0,2.4,3.0,1.0,1.9,,,,,,,
B,team error,SEA,2015-25,,,,,,,,,,,,,,,,,,,,,,,,,,,,,,,181.0,-1.234,-1.42,9.015,-1.163,-0.071,89.0,80.0,7.0,1.0,10.0,5.0,0.0,4.5,5.0,2.0,2.8,5.0,3.0,1.7,,,,,,,
B,team error,SF,2015-25,,,,,,,,,,,,,,,,,,,,,,,,,,,,,,,181.0,-0.976,-0.98,10.925,-0.193,-0.783,81.0,93.0,2.0,-21.3,12.0,13.0,0.0,-2.3,2.0,2.0,-0.2,10.0,11.0,-2.1,,,,,,,
B,team error,TB,2015-25,,,,,,,,,,,,,,,,,,,,,,,,,,,,,,,181.0,0.286,0.3,9.833,-0.287,0.574,84.0,86.0,6.0,-10.6,8.0,7.0,0.0,0.3,7.0,3.0,3.7,1.0,4.0,-3.4,,,,,,,
B,team error,TEN,2015-25,,,,,,,,,,,,,,,,,,,,,,,,,,,,,,,181.0,0.831,0.84,10.248,0.942,-0.111,86.0,83.0,7.0,-5.3,9.0,4.0,0.0,4.6,5.0,3.0,1.7,4.0,1.0,2.9,,,,,,,
B,team error,WAS,2015-25,,,,,,,,,,,,,,,,,,,,,,,,,,,,,,,181.0,1.078,1.15,9.762,0.624,0.454,89.0,84.0,3.0,-3.4,12.0,6.0,0.0,5.4,10.0,4.0,5.6,2.0,2.0,-0.2,,,,,,,
B,team error,ARI,2026,,,,,,,,,,,,,,,,,,,,,,,,,,,,,,,3.0,-1.695,-0.15,14.309,-0.5,-1.195,1.0,2.0,0.0,-1.2,0.0,0.0,0.0,0.0,0.0,0.0,0.0,0.0,0.0,0.0,,,,,,,
B,team error,ATL,2026,,,,,,,,,,,,,,,,,,,,,,,,,,,,,,,3.0,3.519,0.19,21.082,1.167,2.353,1.0,2.0,0.0,-1.2,0.0,1.0,0.0,-1.1,0.0,1.0,-1.1,0.0,0.0,0.0,,,,,,,
B,team error,BAL,2026,,,,,,,,,,,,,,,,,,,,,,,,,,,,,,,3.0,-1.499,-0.18,9.99,0.167,-1.666,1.0,1.0,1.0,-0.1,0.0,0.0,0.0,0.0,0.0,0.0,0.0,0.0,0.0,0.0,,,,,,,
B,team error,BUF,2026,,,,,,,,,,,,,,,,,,,,,,,,,,,,,,,3.0,-3.562,-2.47,3.562,-3.0,-0.562,1.0,2.0,0.0,-1.2,0.0,0.0,0.0,0.0,0.0,0.0,0.0,0.0,0.0,0.0,,,,,,,
B,team error,CAR,2026,,,,,,,,,,,,,,,,,,,,,,,,,,,,,,,3.0,-5.211,-0.31,19.39,-1.333,-3.878,1.0,2.0,0.0,-1.2,1.0,1.0,0.0,-0.1,0.0,0.0,0.0,1.0,1.0,-0.1,,,,,,,
B,team error,CHI,2026,,,,,,,,,,,,,,,,,,,,,,,,,,,,,,,3.0,-11.661,-1.16,17.263,-10.667,-0.994,1.0,2.0,0.0,-1.2,0.0,0.0,0.0,0.0,0.0,0.0,0.0,0.0,0.0,0.0,,,,,,,
B,team error,CIN,2026,,,,,,,,,,,,,,,,,,,,,,,,,,,,,,,3.0,-4.921,-0.95,7.286,-4.333,-0.588,2.0,1.0,0.0,0.9,0.0,0.0,0.0,0.0,0.0,0.0,0.0,0.0,0.0,0.0,,,,,,,
B,team error,CLE,2026,,,,,,,,,,,,,,,,,,,,,,,,,,,,,,,3.0,0.659,0.09,8.8,-0.833,1.492,3.0,0.0,0.0,3.0,1.0,0.0,0.0,1.0,1.0,0.0,1.0,0.0,0.0,0.0,,,,,,,
B,team error,DAL,2026,,,,,,,,,,,,,,,,,,,,,,,,,,,,,,,3.0,-1.597,-0.26,7.425,-0.833,-0.763,1.0,1.0,1.0,-0.1,0.0,0.0,0.0,0.0,0.0,0.0,0.0,0.0,0.0,0.0,,,,,,,
B,team error,DEN,2026,,,,,,,,,,,,,,,,,,,,,,,,,,,,,,,3.0,4.986,0.55,10.334,3.833,1.153,1.0,2.0,0.0,-1.2,0.0,1.0,0.0,-1.1,0.0,1.0,-1.1,0.0,0.0,0.0,,,,,,,
B,team error,DET,2026,,,,,,,,,,,,,,,,,,,,,,,,,,,,,,,3.0,3.314,2.19,3.314,3.5,-0.186,1.0,1.0,1.0,-0.1,0.0,0.0,0.0,0.0,0.0,0.0,0.0,0.0,0.0,0.0,,,,,,,
B,team error,GB,2026,,,,,,,,,,,,,,,,,,,,,,,,,,,,,,,3.0,13.343,1.78,13.343,13.833,-0.49,2.0,1.0,0.0,0.9,0.0,0.0,0.0,0.0,0.0,0.0,0.0,0.0,0.0,0.0,,,,,,,
B,team error,HOU,2026,,,,,,,,,,,,,,,,,,,,,,,,,,,,,,,3.0,7.524,2.18,7.524,8.0,-0.476,2.0,1.0,0.0,0.9,0.0,0.0,0.0,0.0,0.0,0.0,0.0,0.0,0.0,0.0,,,,,,,
B,team error,IND,2026,,,,,,,,,,,,,,,,,,,,,,,,,,,,,,,3.0,3.164,0.49,7.548,2.833,0.331,1.0,2.0,0.0,-1.2,0.0,0.0,0.0,0.0,0.0,0.0,0.0,0.0,0.0,0.0,,,,,,,
B,team error,JAX,2026,,,,,,,,,,,,,,,,,,,,,,,,,,,,,,,3.0,-11.038,-1.17,15.431,-12.333,1.295,2.0,1.0,0.0,0.9,0.0,0.0,0.0,0.0,0.0,0.0,0.0,0.0,0.0,0.0,,,,,,,
B,team error,KC,2026,,,,,,,,,,,,,,,,,,,,,,,,,,,,,,,3.0,-9.096,-1.19,11.328,-6.5,-2.596,0.0,3.0,0.0,-3.3,0.0,1.0,0.0,-1.1,0.0,0.0,0.0,0.0,1.0,-1.1,,,,,,,
B,team error,LA,2026,,,,,,,,,,,,,,,,,,,,,,,,,,,,,,,3.0,3.974,0.32,14.94,3.5,0.474,1.0,2.0,0.0,-1.2,0.0,0.0,0.0,0.0,0.0,0.0,0.0,0.0,0.0,0.0,,,,,,,
B,team error,LAC,2026,,,,,,,,,,,,,,,,,,,,,,,,,,,,,,,3.0,13.34,2.09,13.34,13.333,0.007,2.0,1.0,0.0,0.9,0.0,0.0,0.0,0.0,0.0,0.0,0.0,0.0,0.0,0.0,,,,,,,
B,team error,LV,2026,,,,,,,,,,,,,,,,,,,,,,,,,,,,,,,3.0,-14.255,-6.69,14.255,-13.667,-0.588,1.0,2.0,0.0,-1.2,0.0,0.0,0.0,0.0,0.0,0.0,0.0,0.0,0.0,0.0,,,,,,,
B,team error,MIA,2026,,,,,,,,,,,,,,,,,,,,,,,,,,,,,,,3.0,10.971,6.61,10.971,8.167,2.805,0.0,3.0,0.0,-3.3,0.0,0.0,0.0,0.0,0.0,0.0,0.0,0.0,0.0,0.0,,,,,,,
B,team error,MIN,2026,,,,,,,,,,,,,,,,,,,,,,,,,,,,,,,3.0,-9.445,-4.01,9.445,-10.5,1.055,2.0,1.0,0.0,0.9,0.0,0.0,0.0,0.0,0.0,0.0,0.0,0.0,0.0,0.0,,,,,,,
B,team error,NE,2026,,,,,,,,,,,,,,,,,,,,,,,,,,,,,,,3.0,3.827,0.33,13.184,4.5,-0.673,1.0,1.0,1.0,-0.1,0.0,0.0,0.0,0.0,0.0,0.0,0.0,0.0,0.0,0.0,,,,,,,
B,team error,NO,2026,,,,,,,,,,,,,,,,,,,,,,,,,,,,,,,3.0,-1.945,-0.27,9.644,-3.333,1.388,2.0,1.0,0.0,0.9,0.0,0.0,0.0,0.0,0.0,0.0,0.0,0.0,0.0,0.0,,,,,,,
B,team error,NYG,2026,,,,,,,,,,,,,,,,,,,,,,,,,,,,,,,3.0,2.777,0.39,8.189,0.667,2.111,2.0,1.0,0.0,0.9,0.0,0.0,0.0,0.0,0.0,0.0,0.0,0.0,0.0,0.0,,,,,,,
B,team error,NYJ,2026,,,,,,,,,,,,,,,,,,,,,,,,,,,,,,,3.0,-4.316,-1.04,4.316,-5.0,0.684,2.0,0.0,1.0,2.0,0.0,0.0,0.0,0.0,0.0,0.0,0.0,0.0,0.0,0.0,,,,,,,
B,team error,PHI,2026,,,,,,,,,,,,,,,,,,,,,,,,,,,,,,,3.0,11.499,1.9,11.499,10.167,1.332,0.0,3.0,0.0,-3.3,0.0,0.0,0.0,0.0,0.0,0.0,0.0,0.0,0.0,0.0,,,,,,,
B,team error,PIT,2026,,,,,,,,,,,,,,,,,,,,,,,,,,,,,,,3.0,3.404,0.66,5.768,1.833,1.57,2.0,1.0,0.0,0.9,0.0,0.0,0.0,0.0,0.0,0.0,0.0,0.0,0.0,0.0,,,,,,,
B,team error,SEA,2026,,,,,,,,,,,,,,,,,,,,,,,,,,,,,,,3.0,-3.003,-0.36,9.611,-3.333,0.33,2.0,0.0,1.0,2.0,0.0,0.0,0.0,0.0,0.0,0.0,0.0,0.0,0.0,0.0,,,,,,,
B,team error,SF,2026,,,,,,,,,,,,,,,,,,,,,,,,,,,,,,,3.0,-12.104,-1.39,14.187,-10.5,-1.604,0.0,3.0,0.0,-3.3,0.0,0.0,0.0,0.0,0.0,0.0,0.0,0.0,0.0,0.0,,,,,,,
B,team error,TB,2026,,,,,,,,,,,,,,,,,,,,,,,,,,,,,,,3.0,6.908,3.42,6.908,6.833,0.074,1.0,2.0,0.0,-1.2,0.0,0.0,0.0,0.0,0.0,0.0,0.0,0.0,0.0,0.0,,,,,,,
B,team error,TEN,2026,,,,,,,,,,,,,,,,,,,,,,,,,,,,,,,3.0,2.816,0.55,5.954,4.667,-1.851,2.0,1.0,0.0,0.9,0.0,0.0,0.0,0.0,0.0,0.0,0.0,0.0,0.0,0.0,,,,,,,
B,team error,WAS,2026,,,,,,,,,,,,,,,,,,,,,,,,,,,,,,,3.0,-0.677,-0.09,9.698,-0.333,-0.343,1.0,2.0,0.0,-1.2,0.0,0.0,0.0,0.0,0.0,0.0,0.0,0.0,0.0,0.0,,,,,,,
B,team bias correction,"prior 1 season, shrink k=17",2015-18,217.0,121.0,96.0,6.0,0.5576,15.4,0.0645,0.1765,,,,,,,2.0,4.0,,,,,,,,,,,,,,,,,,,,,,,,,,,,,,,,,,,9.9491,10.1078,-0.1587,7.5,68.0,55.0,1.467
B,team bias correction,"prior 1 season, shrink k=17",2019-22,253.0,136.0,117.0,4.0,0.5375,7.3,0.0262,0.3543,,,,,,,2.0,4.0,,,,,,,,,,,,,,,,,,,,,,,,,,,,,,,,,,,10.0204,10.1811,-0.1607,23.9,80.0,51.0,1.867
B,team bias correction,"prior 1 season, shrink k=17",2023-25,182.0,96.0,86.0,4.0,0.5275,1.4,0.007,0.4906,,,,,,,2.0,3.0,,,,,,,,,,,,,,,,,,,,,,,,,,,,,,,,,,,9.9041,10.1662,-0.2621,16.9,40.0,21.0,1.897
B,team bias correction,"prior 1 season, shrink k=17",2015-25,652.0,353.0,299.0,14.0,0.5414,24.1,0.0336,0.1948,,,,,,,6.0,11.0,,,,,,,,,,,,,,,,,,,,,,,,,,,,,,,,,,,9.9624,10.151,-0.1886,48.3,188.0,127.0,1.734
B,team bias correction,"prior 1 season, shrink k=17",2026,13.0,6.0,7.0,0.0,0.4615,-1.7,-0.1189,0.7663,,,,,,,0.0,1.0,,,,,,,,,,,,,,,,,,,,,,,,,,,,,,,,,,,10.62,10.7617,-0.1418,-1.2,1.0,2.0,1.98
B,team bias correction,"prior 1 season, shrink k=34",2015-18,146.0,85.0,61.0,1.0,0.5822,17.9,0.1115,0.0916,,,,,,,3.0,4.0,,,,,,,,,,,,,,,,,,,,,,,,,,,,,,,,,,,9.9491,10.026,-0.0769,7.5,68.0,55.0,0.968
B,team bias correction,"prior 1 season, shrink k=34",2019-22,181.0,100.0,81.0,2.0,0.5525,10.9,0.0547,0.2428,,,,,,,3.0,4.0,,,,,,,,,,,,,,,,,,,,,,,,,,,,,,,,,,,10.0204,10.0904,-0.07,23.9,80.0,51.0,1.235
B,team bias correction,"prior 1 season, shrink k=34",2023-25,136.0,71.0,65.0,2.0,0.5221,-0.5,-0.0033,0.5509,,,,,,,2.0,3.0,,,,,,,,,,,,,,,,,,,,,,,,,,,,,,,,,,,9.9041,10.0374,-0.1334,16.9,40.0,21.0,1.264
B,team bias correction,"prior 1 season, shrink k=34",2015-25,463.0,256.0,207.0,5.0,0.5529,28.3,0.0556,0.1135,,,,,,,8.0,11.0,,,,,,,,,,,,,,,,,,,,,,,,,,,,,,,,,,,9.9624,10.0527,-0.0903,48.3,188.0,127.0,1.149
B,team bias correction,"prior 1 season, shrink k=34",2026,7.0,4.0,3.0,0.0,0.5714,0.7,0.0909,0.552,,,,,,,1.0,1.0,,,,,,,,,,,,,,,,,,,,,,,,,,,,,,,,,,,10.62,10.707,-0.087,-1.2,1.0,2.0,1.32
B,team bias correction,"prior 1 season, shrink k=68",2015-18,128.0,75.0,53.0,1.0,0.5859,16.7,0.1186,0.0933,,,,,,,2.0,4.0,,,,,,,,,,,,,,,,,,,,,,,,,,,,,,,,,,,9.9491,9.9839,-0.0348,7.5,68.0,55.0,0.576
B,team bias correction,"prior 1 season, shrink k=68",2019-22,153.0,84.0,69.0,1.0,0.549,8.1,0.0481,0.2938,,,,,,,3.0,4.0,,,,,,,,,,,,,,,,,,,,,,,,,,,,,,,,,,,10.0204,10.0462,-0.0258,23.9,80.0,51.0,0.737
B,team bias correction,"prior 1 season, shrink k=68",2023-25,94.0,50.0,44.0,2.0,0.5319,1.6,0.0155,0.4791,,,,,,,2.0,3.0,,,,,,,,,,,,,,,,,,,,,,,,,,,,,,,,,,,9.9041,9.96,-0.0559,16.9,40.0,21.0,0.759
B,team bias correction,"prior 1 season, shrink k=68",2015-25,375.0,209.0,166.0,4.0,0.5573,26.4,0.064,0.1059,,,,,,,7.0,11.0,,,,,,,,,,,,,,,,,,,,,,,,,,,,,,,,,,,9.9624,9.9999,-0.0374,48.3,188.0,127.0,0.686
B,team bias correction,"prior 1 season, shrink k=68",2026,4.0,2.0,2.0,0.0,0.5,-0.2,-0.0455,0.7223,,,,,,,0.0,1.0,,,,,,,,,,,,,,,,,,,,,,,,,,,,,,,,,,,10.62,10.6632,-0.0432,-1.2,1.0,2.0,0.792
B,team bias correction,"prior 3 seasons (decay 0.5), shrink k=17",2015-18,200.0,111.0,89.0,3.0,0.555,13.1,0.0595,0.2084,,,,,,,2.0,4.0,,,,,,,,,,,,,,,,,,,,,,,,,,,,,,,,,,,9.9491,10.0932,-0.144,7.5,68.0,55.0,1.268
B,team bias correction,"prior 3 seasons (decay 0.5), shrink k=17",2019-22,246.0,135.0,111.0,3.0,0.5488,12.9,0.0477,0.2358,,,,,,,2.0,4.0,,,,,,,,,,,,,,,,,,,,,,,,,,,,,,,,,,,10.0204,10.1652,-0.1448,23.9,80.0,51.0,1.745
B,team bias correction,"prior 3 seasons (decay 0.5), shrink k=17",2023-25,139.0,71.0,68.0,2.0,0.5108,-3.8,-0.0249,0.6529,,,,,,,2.0,3.0,,,,,,,,,,,,,,,,,,,,,,,,,,,,,,,,,,,9.9041,10.07,-0.1659,16.9,40.0,21.0,1.424
B,team bias correction,"prior 3 seasons (decay 0.5), shrink k=17",2015-25,585.0,317.0,268.0,8.0,0.5419,22.2,0.0345,0.2023,,,,,,,6.0,11.0,,,,,,,,,,,,,,,,,,,,,,,,,,,,,,,,,,,9.9624,10.1129,-0.1505,48.3,188.0,127.0,1.486
B,team bias correction,"prior 3 seasons (decay 0.5), shrink k=17",2026,9.0,4.0,5.0,1.0,0.4444,-1.5,-0.1515,0.7907,,,,,,,0.0,1.0,,,,,,,,,,,,,,,,,,,,,,,,,,,,,,,,,,,10.62,11.048,-0.428,-1.2,1.0,2.0,1.68
B,team bias correction,"prior 3 seasons (decay 0.5), shrink k=34",2015-18,152.0,90.0,62.0,1.0,0.5921,21.8,0.1304,0.0539,,,,,,,3.0,4.0,,,,,,,,,,,,,,,,,,,,,,,,,,,,,,,,,,,9.9491,10.0249,-0.0757,7.5,68.0,55.0,0.881
B,team bias correction,"prior 3 seasons (decay 0.5), shrink k=34",2019-22,194.0,104.0,90.0,2.0,0.5361,5.0,0.0234,0.3939,,,,,,,3.0,4.0,,,,,,,,,,,,,,,,,,,,,,,,,,,,,,,,,,,10.0204,10.0962,-0.0758,23.9,80.0,51.0,1.268
B,team bias correction,"prior 3 seasons (decay 0.5), shrink k=34",2023-25,110.0,63.0,47.0,2.0,0.5727,11.3,0.0934,0.1758,,,,,,,2.0,3.0,,,,,,,,,,,,,,,,,,,,,,,,,,,,,,,,,,,9.9041,10.0054,-0.1013,16.9,40.0,21.0,1.043
B,team bias correction,"prior 3 seasons (decay 0.5), shrink k=34",2015-25,456.0,257.0,199.0,5.0,0.5636,38.1,0.076,0.0488,,,,,,,8.0,11.0,,,,,,,,,,,,,,,,,,,,,,,,,,,,,,,,,,,9.9624,10.0454,-0.0829,48.3,188.0,127.0,1.068
B,team bias correction,"prior 3 seasons (decay 0.5), shrink k=34",2026,5.0,2.0,3.0,0.0,0.4,-1.3,-0.2364,0.8408,,,,,,,0.0,1.0,,,,,,,,,,,,,,,,,,,,,,,,,,,,,,,,,,,10.62,10.9149,-0.2949,-1.2,1.0,2.0,1.232
B,team bias correction,"prior 3 seasons (decay 0.5), shrink k=68",2015-18,135.0,78.0,57.0,0.0,0.5778,15.3,0.103,0.121,,,,,,,2.0,4.0,,,,,,,,,,,,,,,,,,,,,,,,,,,,,,,,,,,9.9491,9.9852,-0.0361,7.5,68.0,55.0,0.548
B,team bias correction,"prior 3 seasons (decay 0.5), shrink k=68",2019-22,156.0,86.0,70.0,1.0,0.5513,9.0,0.0524,0.2723,,,,,,,3.0,4.0,,,,,,,,,,,,,,,,,,,,,,,,,,,,,,,,,,,10.0204,10.0541,-0.0337,23.9,80.0,51.0,0.82
B,team bias correction,"prior 3 seasons (decay 0.5), shrink k=68",2023-25,87.0,50.0,37.0,2.0,0.5747,9.3,0.0972,0.1997,,,,,,,2.0,3.0,,,,,,,,,,,,,,,,,,,,,,,,,,,,,,,,,,,9.9041,9.9534,-0.0493,16.9,40.0,21.0,0.68
B,team bias correction,"prior 3 seasons (decay 0.5), shrink k=68",2015-25,378.0,214.0,164.0,3.0,0.5661,33.6,0.0808,0.055,,,,,,,7.0,11.0,,,,,,,,,,,,,,,,,,,,,,,,,,,,,,,,,,,9.9624,10.0014,-0.0389,48.3,188.0,127.0,0.685
B,team bias correction,"prior 3 seasons (decay 0.5), shrink k=68",2026,3.0,1.0,2.0,0.0,0.3333,-1.2,-0.3636,0.892,,,,,,,0.0,1.0,,,,,,,,,,,,,,,,,,,,,,,,,,,,,,,,,,,10.62,10.7998,-0.1798,-1.2,1.0,2.0,0.804
C,thresholds,3+ edge (all),2015-18,237.0,120.0,117.0,3.0,0.5063,-8.7,-0.0334,0.7272,0.175,0.695,False,False,137.0,False,1.0,4.0,,,,,,,,,,,,,,,,,,,,,,,,,,,,,,,,,,,,,,,,,
C,thresholds,3+ edge (all),2019-22,248.0,132.0,116.0,2.0,0.5323,4.4,0.0161,0.42,0.175,0.36,False,False,137.0,False,3.0,4.0,,,,,,,,,,,,,,,,,,,,,,,,,,,,,,,,,,,,,,,,,
C,thresholds,3+ edge (all),2023-25,137.0,79.0,58.0,3.0,0.5766,15.2,0.1009,0.1244,0.175,0.025,False,False,137.0,False,2.0,3.0,,,,,,,,,,,,,,,,,,,,,,,,,,,,,,,,,,,,,,,,,
C,thresholds,3+ edge (all),2015-25,622.0,331.0,291.0,8.0,0.5322,10.9,0.0159,0.3535,0.175,0.175,False,False,137.0,False,6.0,11.0,,,,,,,,,,,,,,,,,,,,,,,,,,,,,,,,,,,,,,,,,
C,thresholds,3+ edge (all),2026,6.0,2.0,4.0,0.0,0.3333,-2.4,-0.3636,0.9114,0.175,0.875,False,False,137.0,False,0.0,1.0,,,,,,,,,,,,,,,,,,,,,,,,,,,,,,,,,,,,,,,,,
C,favourite/dog,"3+ edge, our side the favourite",2015-18,64.0,31.0,33.0,1.0,0.4844,-5.3,-0.0753,0.7755,0.95,0.7,False,False,33.0,False,2.0,4.0,,,,,,,,,,,,,,,,,,,,,,,,,,,,,,,,,,,,,,,,,
C,favourite/dog,"3+ edge, our side the favourite",2019-22,43.0,15.0,28.0,1.0,0.3488,-15.8,-0.334,0.9931,0.95,0.99,False,False,33.0,False,0.0,4.0,,,,,,,,,,,,,,,,,,,,,,,,,,,,,,,,,,,,,,,,,
C,favourite/dog,"3+ edge, our side the favourite",2023-25,33.0,20.0,13.0,1.0,0.6061,5.7,0.157,0.2207,0.95,0.385,False,False,33.0,False,2.0,3.0,,,,,,,,,,,,,,,,,,,,,,,,,,,,,,,,,,,,,,,,,
C,favourite/dog,"3+ edge, our side the favourite",2015-25,140.0,66.0,74.0,3.0,0.4714,-15.4,-0.1,0.9074,0.95,0.95,False,False,33.0,False,4.0,11.0,,,,,,,,,,,,,,,,,,,,,,,,,,,,,,,,,,,,,,,,,
C,favourite/dog,"3+ edge, our side the favourite",2026,1.0,0.0,1.0,0.0,0.0,-1.1,-1.0,1.0,0.95,1.0,False,False,33.0,False,0.0,1.0,,,,,,,,,,,,,,,,,,,,,,,,,,,,,,,,,,,,,,,,,
C,favourite/dog,"3+ edge, our side the underdog",2015-18,172.0,88.0,84.0,2.0,0.5116,-4.4,-0.0233,0.6543,0.1,0.47,False,False,104.0,False,2.0,4.0,,,,,,,,,,,,,,,,,,,,,,,,,,,,,,,,,,,,,,,,,
C,favourite/dog,"3+ edge, our side the underdog",2019-22,205.0,117.0,88.0,1.0,0.5707,20.2,0.0896,0.1009,0.1,0.005,False,False,104.0,False,3.0,4.0,,,,,,,,,,,,,,,,,,,,,,,,,,,,,,,,,,,,,,,,,
C,favourite/dog,"3+ edge, our side the underdog",2023-25,104.0,59.0,45.0,2.0,0.5673,9.5,0.083,0.215,0.1,0.67,False,False,104.0,False,2.0,3.0,,,,,,,,,,,,,,,,,,,,,,,,,,,,,,,,,,,,,,,,,
C,favourite/dog,"3+ edge, our side the underdog",2015-25,481.0,264.0,217.0,5.0,0.5489,25.3,0.0478,0.1459,0.1,0.1,False,False,104.0,False,7.0,11.0,,,,,,,,,,,,,,,,,,,,,,,,,,,,,,,,,,,,,,,,,
C,favourite/dog,"3+ edge, our side the underdog",2026,5.0,2.0,3.0,0.0,0.4,-1.3,-0.2364,0.8408,0.1,0.655,False,False,104.0,False,0.0,1.0,,,,,,,,,,,,,,,,,,,,,,,,,,,,,,,,,,,,,,,,,
C,favourite/dog,"3+ edge, pick'em",2015-18,1.0,1.0,0.0,0.0,1.0,1.0,0.9091,0.5238,0.495,0.495,False,False,0.0,False,1.0,1.0,,,,,,,,,,,,,,,,,,,,,,,,,,,,,,,,,,,,,,,,,
C,favourite/dog,"3+ edge, pick'em",2019-22,0.0,0.0,0.0,0.0,,0.0,,,0.495,,False,False,0.0,False,0.0,0.0,,,,,,,,,,,,,,,,,,,,,,,,,,,,,,,,,,,,,,,,,
C,favourite/dog,"3+ edge, pick'em",2023-25,0.0,0.0,0.0,0.0,,0.0,,,0.495,,False,False,0.0,False,0.0,0.0,,,,,,,,,,,,,,,,,,,,,,,,,,,,,,,,,,,,,,,,,
C,favourite/dog,"3+ edge, pick'em",2015-25,1.0,1.0,0.0,0.0,1.0,1.0,0.9091,0.5238,0.495,0.495,False,False,0.0,False,1.0,1.0,,,,,,,,,,,,,,,,,,,,,,,,,,,,,,,,,,,,,,,,,
C,favourite/dog,"3+ edge, pick'em",2026,0.0,0.0,0.0,0.0,,0.0,,,0.495,,False,False,0.0,False,0.0,0.0,,,,,,,,,,,,,,,,,,,,,,,,,,,,,,,,,,,,,,,,,
C,favourite/dog,"3+ edge, underdog or pick'em",2015-18,173.0,89.0,84.0,2.0,0.5145,-3.4,-0.0179,0.6269,0.075,0.475,False,False,104.0,False,2.0,4.0,,,,,,,,,,,,,,,,,,,,,,,,,,,,,,,,,,,,,,,,,
C,favourite/dog,"3+ edge, underdog or pick'em",2019-22,205.0,117.0,88.0,1.0,0.5707,20.2,0.0896,0.1009,0.075,0.0,False,False,104.0,False,3.0,4.0,,,,,,,,,,,,,,,,,,,,,,,,,,,,,,,,,,,,,,,,,
C,favourite/dog,"3+ edge, underdog or pick'em",2023-25,104.0,59.0,45.0,2.0,0.5673,9.5,0.083,0.215,0.075,0.7,False,False,104.0,False,2.0,3.0,,,,,,,,,,,,,,,,,,,,,,,,,,,,,,,,,,,,,,,,,
C,favourite/dog,"3+ edge, underdog or pick'em",2015-25,482.0,265.0,217.0,5.0,0.5498,26.3,0.0496,0.1364,0.075,0.075,False,False,104.0,False,7.0,11.0,,,,,,,,,,,,,,,,,,,,,,,,,,,,,,,,,,,,,,,,,
C,favourite/dog,"3+ edge, underdog or pick'em",2026,5.0,2.0,3.0,0.0,0.4,-1.3,-0.2364,0.8408,0.075,0.64,False,False,104.0,False,0.0,1.0,,,,,,,,,,,,,,,,,,,,,,,,,,,,,,,,,,,,,,,,,
C,favourite/dog,"3+ edge, home dog",2015-18,88.0,39.0,49.0,0.0,0.4432,-14.9,-0.1539,0.9475,0.775,0.99,False,False,59.0,False,1.0,4.0,,,,,,,,,,,,,,,,,,,,,,,,,,,,,,,,,,,,,,,,,
C,favourite/dog,"3+ edge, home dog",2019-22,119.0,67.0,52.0,0.0,0.563,9.8,0.0749,0.2225,0.775,0.275,False,False,59.0,False,2.0,4.0,,,,,,,,,,,,,,,,,,,,,,,,,,,,,,,,,,,,,,,,,
C,favourite/dog,"3+ edge, home dog",2023-25,59.0,33.0,26.0,1.0,0.5593,4.4,0.0678,0.3396,0.775,0.67,False,False,59.0,False,1.0,3.0,,,,,,,,,,,,,,,,,,,,,,,,,,,,,,,,,,,,,,,,,
C,favourite/dog,"3+ edge, home dog",2015-25,266.0,139.0,127.0,1.0,0.5226,-0.7,-0.0024,0.5411,0.775,0.775,False,False,59.0,False,4.0,11.0,,,,,,,,,,,,,,,,,,,,,,,,,,,,,,,,,,,,,,,,,
C,favourite/dog,"3+ edge, home dog",2026,4.0,2.0,2.0,0.0,0.5,-0.2,-0.0455,0.7223,0.775,0.415,False,False,59.0,False,0.0,1.0,,,,,,,,,,,,,,,,,,,,,,,,,,,,,,,,,,,,,,,,,
C,favourite/dog,"3+ edge, road dog",2015-18,84.0,49.0,35.0,2.0,0.5833,10.5,0.1136,0.1628,0.04,0.015,False,False,45.0,True,2.0,4.0,,,,,,,,,,,,,,,,,,,,,,,,,,,,,,,,,,,,,,,,,
C,favourite/dog,"3+ edge, road dog",2019-22,86.0,50.0,36.0,1.0,0.5814,10.4,0.1099,0.1683,0.04,0.115,False,False,45.0,True,3.0,4.0,,,,,,,,,,,,,,,,,,,,,,,,,,,,,,,,,,,,,,,,,
C,favourite/dog,"3+ edge, road dog",2023-25,45.0,26.0,19.0,1.0,0.5778,5.1,0.103,0.2832,0.04,0.63,False,False,45.0,True,2.0,3.0,,,,,,,,,,,,,,,,,,,,,,,,,,,,,,,,,,,,,,,,,
C,favourite/dog,"3+ edge, road dog",2015-25,215.0,125.0,90.0,4.0,0.5814,26.0,0.1099,0.0521,0.04,0.04,False,False,45.0,True,7.0,11.0,,,,,,,,,,,,,,,,,,,,,,,,,,,,,,,,,,,,,,,,,
C,favourite/dog,"3+ edge, road dog",2026,1.0,0.0,1.0,0.0,0.0,-1.1,-1.0,1.0,0.04,1.0,False,False,45.0,True,0.0,1.0,,,,,,,,,,,,,,,,,,,,,,,,,,,,,,,,,,,,,,,,,
C,favourite/dog,"3+ edge, home favourite",2015-18,51.0,22.0,29.0,0.0,0.4314,-9.9,-0.1765,0.9281,0.955,0.895,False,False,30.0,False,2.0,4.0,,,,,,,,,,,,,,,,,,,,,,,,,,,,,,,,,,,,,,,,,
C,favourite/dog,"3+ edge, home favourite",2019-22,38.0,13.0,25.0,1.0,0.3421,-14.5,-0.3469,0.9922,0.955,0.995,False,False,30.0,False,0.0,4.0,,,,,,,,,,,,,,,,,,,,,,,,,,,,,,,,,,,,,,,,,
C,favourite/dog,"3+ edge, home favourite",2023-25,30.0,19.0,11.0,1.0,0.6333,6.9,0.2091,0.1542,0.955,0.245,False,False,30.0,False,2.0,3.0,,,,,,,,,,,,,,,,,,,,,,,,,,,,,,,,,,,,,,,,,
C,favourite/dog,"3+ edge, home favourite",2015-25,119.0,54.0,65.0,2.0,0.4538,-17.5,-0.1337,0.9475,0.955,0.955,False,False,30.0,False,4.0,11.0,,,,,,,,,,,,,,,,,,,,,,,,,,,,,,,,,,,,,,,,,
C,favourite/dog,"3+ edge, home favourite",2026,1.0,0.0,1.0,0.0,0.0,-1.1,-1.0,1.0,0.955,1.0,False,False,30.0,False,0.0,1.0,,,,,,,,,,,,,,,,,,,,,,,,,,,,,,,,,,,,,,,,,
C,favourite/dog,"3+ edge, road favourite",2015-18,13.0,9.0,4.0,1.0,0.6923,4.6,0.3217,0.1744,0.375,0.08,False,False,3.0,False,2.0,2.0,,,,,,,,,,,,,,,,,,,,,,,,,,,,,,,,,,,,,,,,,
C,favourite/dog,"3+ edge, road favourite",2019-22,5.0,2.0,3.0,0.0,0.4,-1.3,-0.2364,0.8408,0.375,0.79,False,False,3.0,False,1.0,3.0,,,,,,,,,,,,,,,,,,,,,,,,,,,,,,,,,,,,,,,,,
C,favourite/dog,"3+ edge, road favourite",2023-25,3.0,1.0,2.0,0.0,0.3333,-1.2,-0.3636,0.892,0.375,0.925,False,False,3.0,False,0.0,2.0,,,,,,,,,,,,,,,,,,,,,,,,,,,,,,,,,,,,,,,,,
C,favourite/dog,"3+ edge, road favourite",2015-25,21.0,12.0,9.0,1.0,0.5714,2.1,0.0909,0.4152,0.375,0.375,False,False,3.0,False,3.0,7.0,,,,,,,,,,,,,,,,,,,,,,,,,,,,,,,,,,,,,,,,,
C,favourite/dog,"3+ edge, road favourite",2026,0.0,0.0,0.0,0.0,,0.0,,,0.375,,False,False,3.0,False,0.0,0.0,,,,,,,,,,,,,,,,,,,,,,,,,,,,,,,,,,,,,,,,,
C,favourite/dog,"3+ edge, dog +0.5 to +3",2015-18,62.0,31.0,31.0,2.0,0.5,-3.1,-0.0455,0.6927,0.48,0.45,False,False,56.0,False,3.0,4.0,,,,,,,,,,,,,,,,,,,,,,,,,,,,,,,,,,,,,,,,,
C,favourite/dog,"3+ edge, dog +0.5 to +3",2019-22,69.0,37.0,32.0,1.0,0.5362,1.8,0.0237,0.4665,0.48,0.415,False,False,56.0,False,2.0,4.0,,,,,,,,,,,,,,,,,,,,,,,,,,,,,,,,,,,,,,,,,
C,favourite/dog,"3+ edge, dog +0.5 to +3",2023-25,56.0,32.0,24.0,1.0,0.5714,5.6,0.0909,0.2817,0.48,0.63,False,False,56.0,False,2.0,3.0,,,,,,,,,,,,,,,,,,,,,,,,,,,,,,,,,,,,,,,,,
C,favourite/dog,"3+ edge, dog +0.5 to +3",2015-25,187.0,100.0,87.0,4.0,0.5348,4.3,0.0209,0.4108,0.48,0.48,False,False,56.0,False,7.0,11.0,,,,,,,,,,,,,,,,,,,,,,,,,,,,,,,,,,,,,,,,,
C,favourite/dog,"3+ edge, dog +0.5 to +3",2026,4.0,2.0,2.0,0.0,0.5,-0.2,-0.0455,0.7223,0.48,0.345,False,False,56.0,False,0.0,1.0,,,,,,,,,,,,,,,,,,,,,,,,,,,,,,,,,,,,,,,,,
C,favourite/dog,"3+ edge, dog +3.5 to +6.5",2015-18,51.0,26.0,25.0,0.0,0.5098,-1.5,-0.0267,0.6338,0.055,0.44,False,False,23.0,False,2.0,4.0,,,,,,,,,,,,,,,,,,,,,,,,,,,,,,,,,,,,,,,,,
C,favourite/dog,"3+ edge, dog +3.5 to +6.5",2019-22,64.0,41.0,23.0,0.0,0.6406,15.7,0.223,0.0396,0.055,0.025,False,False,23.0,False,4.0,4.0,,,,,,,,,,,,,,,,,,,,,,,,,,,,,,,,,,,,,,,,,
C,favourite/dog,"3+ edge, dog +3.5 to +6.5",2023-25,23.0,14.0,9.0,0.0,0.6087,4.1,0.1621,0.2734,0.055,0.465,False,False,23.0,False,1.0,3.0,,,,,,,,,,,,,,,,,,,,,,,,,,,,,,,,,,,,,,,,,
C,favourite/dog,"3+ edge, dog +3.5 to +6.5",2015-25,138.0,81.0,57.0,0.0,0.587,18.3,0.1206,0.0804,0.055,0.055,False,False,23.0,False,7.0,11.0,,,,,,,,,,,,,,,,,,,,,,,,,,,,,,,,,,,,,,,,,
C,favourite/dog,"3+ edge, dog +3.5 to +6.5",2026,0.0,0.0,0.0,0.0,,0.0,,,0.055,,False,False,23.0,False,0.0,0.0,,,,,,,,,,,,,,,,,,,,,,,,,,,,,,,,,,,,,,,,,
C,favourite/dog,"3+ edge, dog +7 and up",2015-18,59.0,31.0,28.0,0.0,0.5254,0.2,0.0031,0.5428,0.575,0.495,False,False,25.0,False,1.0,4.0,,,,,,,,,,,,,,,,,,,,,,,,,,,,,,,,,,,,,,,,,
C,favourite/dog,"3+ edge, dog +7 and up",2019-22,72.0,39.0,33.0,0.0,0.5417,2.7,0.0341,0.4273,0.575,0.565,False,False,25.0,False,3.0,4.0,,,,,,,,,,,,,,,,,,,,,,,,,,,,,,,,,,,,,,,,,
C,favourite/dog,"3+ edge, dog +7 and up",2023-25,25.0,13.0,12.0,1.0,0.52,-0.2,-0.0073,0.5951,0.575,0.74,False,False,25.0,False,1.0,3.0,,,,,,,,,,,,,,,,,,,,,,,,,,,,,,,,,,,,,,,,,
C,favourite/dog,"3+ edge, dog +7 and up",2015-25,156.0,83.0,73.0,1.0,0.5321,2.7,0.0157,0.4504,0.575,0.575,False,False,25.0,False,5.0,11.0,,,,,,,,,,,,,,,,,,,,,,,,,,,,,,,,,,,,,,,,,
C,favourite/dog,"3+ edge, dog +7 and up",2026,1.0,0.0,1.0,0.0,0.0,-1.1,-1.0,1.0,0.575,1.0,False,False,25.0,False,0.0,1.0,,,,,,,,,,,,,,,,,,,,,,,,,,,,,,,,,,,,,,,,,
C,thresholds,3.5+ edge (all),2015-18,168.0,88.0,80.0,3.0,0.5238,-0.0,-0.0,0.5313,0.045,0.445,False,False,94.0,False,2.0,4.0,,,,,,,,,,,,,,,,,,,,,,,,,,,,,,,,,,,,,,,,,
C,thresholds,3.5+ edge (all),2019-22,186.0,106.0,80.0,1.0,0.5699,18.0,0.088,0.1179,0.045,0.08,False,False,94.0,False,3.0,4.0,,,,,,,,,,,,,,,,,,,,,,,,,,,,,,,,,,,,,,,,,
C,thresholds,3.5+ edge (all),2023-25,94.0,57.0,37.0,2.0,0.6064,16.3,0.1576,0.0664,0.045,0.015,False,False,94.0,False,2.0,3.0,,,,,,,,,,,,,,,,,,,,,,,,,,,,,,,,,,,,,,,,,
C,thresholds,3.5+ edge (all),2015-25,448.0,251.0,197.0,6.0,0.5603,34.3,0.0696,0.0669,0.045,0.045,False,False,94.0,False,7.0,11.0,,,,,,,,,,,,,,,,,,,,,,,,,,,,,,,,,,,,,,,,,
C,thresholds,3.5+ edge (all),2026,4.0,1.0,3.0,0.0,0.25,-2.3,-0.5227,0.9486,0.045,0.92,False,False,94.0,False,0.0,1.0,,,,,,,,,,,,,,,,,,,,,,,,,,,,,,,,,,,,,,,,,
C,favourite/dog,"3.5+ edge, our side the favourite",2015-18,50.0,21.0,29.0,1.0,0.42,-10.9,-0.1982,0.9465,0.995,0.995,False,False,19.0,False,0.0,4.0,,,,,,,,,,,,,,,,,,,,,,,,,,,,,,,,,,,,,,,,,
C,favourite/dog,"3.5+ edge, our side the favourite",2019-22,30.0,13.0,17.0,0.0,0.4333,-5.7,-0.1727,0.88,0.995,0.94,False,False,19.0,False,2.0,4.0,,,,,,,,,,,,,,,,,,,,,,,,,,,,,,,,,,,,,,,,,
C,favourite/dog,"3.5+ edge, our side the favourite",2023-25,19.0,10.0,9.0,1.0,0.5263,0.1,0.0048,0.5833,0.995,0.785,False,False,19.0,False,2.0,3.0,,,,,,,,,,,,,,,,,,,,,,,,,,,,,,,,,,,,,,,,,
C,favourite/dog,"3.5+ edge, our side the favourite",2015-25,99.0,44.0,55.0,2.0,0.4444,-16.5,-0.1515,0.9537,0.995,0.995,False,False,19.0,False,4.0,11.0,,,,,,,,,,,,,,,,,,,,,,,,,,,,,,,,,,,,,,,,,
C,favourite/dog,"3.5+ edge, our side the favourite",2026,0.0,0.0,0.0,0.0,,0.0,,,0.995,,False,False,19.0,False,0.0,0.0,,,,,,,,,,,,,,,,,,,,,,,,,,,,,,,,,,,,,,,,,
C,favourite/dog,"3.5+ edge, our side the underdog",2015-18,118.0,67.0,51.0,2.0,0.5678,10.9,0.084,0.1938,0.0,0.02,False,False,75.0,True,2.0,4.0,,,,,,,,,,,,,,,,,,,,,,,,,,,,,,,,,,,,,,,,,
C,favourite/dog,"3.5+ edge, our side the underdog",2019-22,156.0,93.0,63.0,1.0,0.5962,23.7,0.1381,0.0415,0.0,0.115,False,False,75.0,True,3.0,4.0,,,,,,,,,,,,,,,,,,,,,,,,,,,,,,,,,,,,,,,,,
C,favourite/dog,"3.5+ edge, our side the underdog",2023-25,75.0,47.0,28.0,1.0,0.6267,16.2,0.1964,0.047,0.0,0.285,False,False,75.0,True,3.0,3.0,,,,,,,,,,,,,,,,,,,,,,,,,,,,,,,,,,,,,,,,,
C,favourite/dog,"3.5+ edge, our side the underdog",2015-25,349.0,207.0,142.0,4.0,0.5931,50.8,0.1323,0.0054,0.0,0.0,False,False,75.0,True,8.0,11.0,,,,,,,,,,,,,,,,,,,,,,,,,,,,,,,,,,,,,,,,,
C,favourite/dog,"3.5+ edge, our side the underdog",2026,4.0,1.0,3.0,0.0,0.25,-2.3,-0.5227,0.9486,0.0,1.0,False,False,75.0,True,0.0,1.0,,,,,,,,,,,,,,,,,,,,,,,,,,,,,,,,,,,,,,,,,
C,favourite/dog,"3.5+ edge, pick'em",2015-18,0.0,0.0,0.0,0.0,,0.0,,,,,False,False,0.0,False,0.0,0.0,,,,,,,,,,,,,,,,,,,,,,,,,,,,,,,,,,,,,,,,,
C,favourite/dog,"3.5+ edge, pick'em",2019-22,0.0,0.0,0.0,0.0,,0.0,,,,,False,False,0.0,False,0.0,0.0,,,,,,,,,,,,,,,,,,,,,,,,,,,,,,,,,,,,,,,,,
C,favourite/dog,"3.5+ edge, pick'em",2023-25,0.0,0.0,0.0,0.0,,0.0,,,,,False,False,0.0,False,0.0,0.0,,,,,,,,,,,,,,,,,,,,,,,,,,,,,,,,,,,,,,,,,
C,favourite/dog,"3.5+ edge, pick'em",2015-25,0.0,0.0,0.0,0.0,,0.0,,,,,False,False,0.0,False,0.0,0.0,,,,,,,,,,,,,,,,,,,,,,,,,,,,,,,,,,,,,,,,,
C,favourite/dog,"3.5+ edge, pick'em",2026,0.0,0.0,0.0,0.0,,0.0,,,,,False,False,0.0,False,0.0,0.0,,,,,,,,,,,,,,,,,,,,,,,,,,,,,,,,,,,,,,,,,
C,favourite/dog,"3.5+ edge, underdog or pick'em",2015-18,118.0,67.0,51.0,2.0,0.5678,10.9,0.084,0.1938,0.005,0.02,False,False,75.0,True,2.0,4.0,,,,,,,,,,,,,,,,,,,,,,,,,,,,,,,,,,,,,,,,,
C,favourite/dog,"3.5+ edge, underdog or pick'em",2019-22,156.0,93.0,63.0,1.0,0.5962,23.7,0.1381,0.0415,0.005,0.115,False,False,75.0,True,3.0,4.0,,,,,,,,,,,,,,,,,,,,,,,,,,,,,,,,,,,,,,,,,
C,favourite/dog,"3.5+ edge, underdog or pick'em",2023-25,75.0,47.0,28.0,1.0,0.6267,16.2,0.1964,0.047,0.005,0.285,False,False,75.0,True,3.0,3.0,,,,,,,,,,,,,,,,,,,,,,,,,,,,,,,,,,,,,,,,,
C,favourite/dog,"3.5+ edge, underdog or pick'em",2015-25,349.0,207.0,142.0,4.0,0.5931,50.8,0.1323,0.0054,0.005,0.005,False,False,75.0,True,8.0,11.0,,,,,,,,,,,,,,,,,,,,,,,,,,,,,,,,,,,,,,,,,
C,favourite/dog,"3.5+ edge, underdog or pick'em",2026,4.0,1.0,3.0,0.0,0.25,-2.3,-0.5227,0.9486,0.005,1.0,False,False,75.0,True,0.0,1.0,,,,,,,,,,,,,,,,,,,,,,,,,,,,,,,,,,,,,,,,,
C,favourite/dog,"3.5+ edge, home dog",2015-18,61.0,29.0,32.0,0.0,0.4754,-6.2,-0.0924,0.812,0.705,0.885,False,False,40.0,False,2.0,4.0,,,,,,,,,,,,,,,,,,,,,,,,,,,,,,,,,,,,,,,,,
C,favourite/dog,"3.5+ edge, home dog",2019-22,88.0,52.0,36.0,0.0,0.5909,12.4,0.1281,0.1241,0.705,0.46,False,False,40.0,False,2.0,4.0,,,,,,,,,,,,,,,,,,,,,,,,,,,,,,,,,,,,,,,,,
C,favourite/dog,"3.5+ edge, home dog",2023-25,40.0,25.0,15.0,1.0,0.625,8.5,0.1932,0.1304,0.705,0.475,False,False,40.0,False,2.0,3.0,,,,,,,,,,,,,,,,,,,,,,,,,,,,,,,,,,,,,,,,,
C,favourite/dog,"3.5+ edge, home dog",2015-25,189.0,106.0,83.0,1.0,0.5608,14.7,0.0707,0.1719,0.705,0.705,False,False,40.0,False,6.0,11.0,,,,,,,,,,,,,,,,,,,,,,,,,,,,,,,,,,,,,,,,,
C,favourite/dog,"3.5+ edge, home dog",2026,3.0,1.0,2.0,0.0,0.3333,-1.2,-0.3636,0.892,0.705,0.665,False,False,40.0,False,0.0,1.0,,,,,,,,,,,,,,,,,,,,,,,,,,,,,,,,,,,,,,,,,
C,favourite/dog,"3.5+ edge, road dog",2015-18,57.0,38.0,19.0,2.0,0.6667,17.1,0.2727,0.0205,0.01,0.005,False,False,35.0,True,4.0,4.0,,,,,,,,,,,,,,,,,,,,,,,,,,,,,,,,,,,,,,,,,
C,favourite/dog,"3.5+ edge, road dog",2019-22,68.0,41.0,27.0,1.0,0.6029,11.3,0.1511,0.1177,0.01,0.275,False,False,35.0,True,3.0,4.0,,,,,,,,,,,,,,,,,,,,,,,,,,,,,,,,,,,,,,,,,
C,favourite/dog,"3.5+ edge, road dog",2023-25,35.0,22.0,13.0,0.0,0.6286,7.7,0.2,0.1418,0.01,0.445,False,False,35.0,True,3.0,3.0,,,,,,,,,,,,,,,,,,,,,,,,,,,,,,,,,,,,,,,,,
C,favourite/dog,"3.5+ edge, road dog",2015-25,160.0,101.0,59.0,3.0,0.6312,36.1,0.2051,0.0039,0.01,0.01,False,False,35.0,True,10.0,11.0,,,,,,,,,,,,,,,,,,,,,,,,,,,,,,,,,,,,,,,,,
C,favourite/dog,"3.5+ edge, road dog",2026,1.0,0.0,1.0,0.0,0.0,-1.1,-1.0,1.0,0.01,1.0,False,False,35.0,True,0.0,1.0,,,,,,,,,,,,,,,,,,,,,,,,,,,,,,,,,,,,,,,,,
C,favourite/dog,"3.5+ edge, home favourite",2015-18,39.0,13.0,26.0,0.0,0.3333,-15.6,-0.3636,0.9947,1.0,1.0,False,False,18.0,False,0.0,4.0,,,,,,,,,,,,,,,,,,,,,,,,,,,,,,,,,,,,,,,,,
C,favourite/dog,"3.5+ edge, home favourite",2019-22,26.0,11.0,15.0,0.0,0.4231,-5.5,-0.1923,0.8897,1.0,0.96,False,False,18.0,False,1.0,4.0,,,,,,,,,,,,,,,,,,,,,,,,,,,,,,,,,,,,,,,,,
C,favourite/dog,"3.5+ edge, home favourite",2023-25,18.0,10.0,8.0,1.0,0.5556,1.2,0.0606,0.4881,1.0,0.76,False,False,18.0,False,2.0,3.0,,,,,,,,,,,,,,,,,,,,,,,,,,,,,,,,,,,,,,,,,
C,favourite/dog,"3.5+ edge, home favourite",2015-25,83.0,34.0,49.0,1.0,0.4096,-19.9,-0.218,0.9859,1.0,1.0,False,False,18.0,False,3.0,11.0,,,,,,,,,,,,,,,,,,,,,,,,,,,,,,,,,,,,,,,,,
C,favourite/dog,"3.5+ edge, home favourite",2026,0.0,0.0,0.0,0.0,,0.0,,,1.0,,False,False,18.0,False,0.0,0.0,,,,,,,,,,,,,,,,,,,,,,,,,,,,,,,,,,,,,,,,,
C,favourite/dog,"3.5+ edge, road favourite",2015-18,11.0,8.0,3.0,1.0,0.7273,4.7,0.3884,0.147,0.265,0.14,False,False,1.0,False,2.0,2.0,,,,,,,,,,,,,,,,,,,,,,,,,,,,,,,,,,,,,,,,,
C,favourite/dog,"3.5+ edge, road favourite",2019-22,4.0,2.0,2.0,0.0,0.5,-0.2,-0.0455,0.7223,0.265,0.755,False,False,1.0,False,2.0,3.0,,,,,,,,,,,,,,,,,,,,,,,,,,,,,,,,,,,,,,,,,
C,favourite/dog,"3.5+ edge, road favourite",2023-25,1.0,0.0,1.0,0.0,0.0,-1.1,-1.0,1.0,0.265,1.0,False,False,1.0,False,0.0,1.0,,,,,,,,,,,,,,,,,,,,,,,,,,,,,,,,,,,,,,,,,
C,favourite/dog,"3.5+ edge, road favourite",2015-25,16.0,10.0,6.0,1.0,0.625,3.4,0.1932,0.2894,0.265,0.265,False,False,1.0,False,4.0,6.0,,,,,,,,,,,,,,,,,,,,,,,,,,,,,,,,,,,,,,,,,
C,favourite/dog,"3.5+ edge, road favourite",2026,0.0,0.0,0.0,0.0,,0.0,,,0.265,,False,False,1.0,False,0.0,0.0,,,,,,,,,,,,,,,,,,,,,,,,,,,,,,,,,,,,,,,,,
C,favourite/dog,"3.5+ edge, dog +0.5 to +3",2015-18,41.0,24.0,17.0,2.0,0.5854,5.3,0.1175,0.2642,0.065,0.095,False,False,37.0,True,2.0,4.0,,,,,,,,,,,,,,,,,,,,,,,,,,,,,,,,,,,,,,,,,
C,favourite/dog,"3.5+ edge, dog +0.5 to +3",2019-22,54.0,30.0,24.0,1.0,0.5556,3.6,0.0606,0.3713,0.065,0.555,False,False,37.0,True,3.0,4.0,,,,,,,,,,,,,,,,,,,,,,,,,,,,,,,,,,,,,,,,,
C,favourite/dog,"3.5+ edge, dog +0.5 to +3",2023-25,37.0,26.0,11.0,1.0,0.7027,13.9,0.3415,0.0208,0.065,0.09,False,False,37.0,True,3.0,3.0,,,,,,,,,,,,,,,,,,,,,,,,,,,,,,,,,,,,,,,,,
C,favourite/dog,"3.5+ edge, dog +0.5 to +3",2015-25,132.0,80.0,52.0,4.0,0.6061,22.8,0.157,0.0351,0.065,0.065,False,False,37.0,True,8.0,11.0,,,,,,,,,,,,,,,,,,,,,,,,,,,,,,,,,,,,,,,,,
C,favourite/dog,"3.5+ edge, dog +0.5 to +3",2026,3.0,1.0,2.0,0.0,0.3333,-1.2,-0.3636,0.892,0.065,0.735,False,False,37.0,True,0.0,1.0,,,,,,,,,,,,,,,,,,,,,,,,,,,,,,,,,,,,,,,,,
C,favourite/dog,"3.5+ edge, dog +3.5 to +6.5",2015-18,31.0,18.0,13.0,0.0,0.5806,3.7,0.1085,0.3262,0.03,0.225,False,False,19.0,True,2.0,4.0,,,,,,,,,,,,,,,,,,,,,,,,,,,,,,,,,,,,,,,,,
C,favourite/dog,"3.5+ edge, dog +3.5 to +6.5",2019-22,49.0,35.0,14.0,0.0,0.7143,19.6,0.3636,0.0052,0.03,0.02,False,False,19.0,True,4.0,4.0,,,,,,,,,,,,,,,,,,,,,,,,,,,,,,,,,,,,,,,,,
C,favourite/dog,"3.5+ edge, dog +3.5 to +6.5",2023-25,19.0,11.0,8.0,0.0,0.5789,2.2,0.1053,0.4025,0.03,0.79,False,False,19.0,True,1.0,3.0,,,,,,,,,,,,,,,,,,,,,,,,,,,,,,,,,,,,,,,,,
C,favourite/dog,"3.5+ edge, dog +3.5 to +6.5",2015-25,99.0,64.0,35.0,0.0,0.6465,25.5,0.2342,0.0092,0.03,0.03,False,False,19.0,True,7.0,11.0,,,,,,,,,,,,,,,,,,,,,,,,,,,,,,,,,,,,,,,,,
C,favourite/dog,"3.5+ edge, dog +3.5 to +6.5",2026,0.0,0.0,0.0,0.0,,0.0,,,0.03,,False,False,19.0,True,0.0,0.0,,,,,,,,,,,,,,,,,,,,,,,,,,,,,,,,,,,,,,,,,
C,favourite/dog,"3.5+ edge, dog +7 and up",2015-18,46.0,25.0,21.0,0.0,0.5435,1.9,0.0375,0.4535,0.85,0.535,False,False,19.0,True,2.0,4.0,,,,,,,,,,,,,,,,,,,,,,,,,,,,,,,,,,,,,,,,,
C,favourite/dog,"3.5+ edge, dog +7 and up",2019-22,53.0,28.0,25.0,0.0,0.5283,0.5,0.0086,0.5295,0.85,0.895,False,False,19.0,True,2.0,4.0,,,,,,,,,,,,,,,,,,,,,,,,,,,,,,,,,,,,,,,,,
C,favourite/dog,"3.5+ edge, dog +7 and up",2023-25,19.0,10.0,9.0,0.0,0.5263,0.1,0.0048,0.5833,0.85,0.8,False,False,19.0,True,2.0,3.0,,,,,,,,,,,,,,,,,,,,,,,,,,,,,,,,,,,,,,,,,
C,favourite/dog,"3.5+ edge, dog +7 and up",2015-25,118.0,63.0,55.0,0.0,0.5339,2.5,0.0193,0.45,0.85,0.85,False,False,19.0,True,6.0,11.0,,,,,,,,,,,,,,,,,,,,,,,,,,,,,,,,,,,,,,,,,
C,favourite/dog,"3.5+ edge, dog +7 and up",2026,1.0,0.0,1.0,0.0,0.0,-1.1,-1.0,1.0,0.85,1.0,False,False,19.0,True,0.0,1.0,,,,,,,,,,,,,,,,,,,,,,,,,,,,,,,,,,,,,,,,,
C,favourite/dog,"4+ edge, our side the favourite",2015-18,35.0,18.0,17.0,0.0,0.5143,-0.7,-0.0182,0.6118,0.94,0.935,False,False,11.0,False,2.0,4.0,,,,,,,,,,,,,,,,,,,,,,,,,,,,,,,,,,,,,,,,,
C,favourite/dog,"4+ edge, our side the favourite",2019-22,16.0,7.0,9.0,0.0,0.4375,-2.9,-0.1648,0.8267,0.94,0.935,False,False,11.0,False,3.0,4.0,,,,,,,,,,,,,,,,,,,,,,,,,,,,,,,,,,,,,,,,,
C,favourite/dog,"4+ edge, our side the favourite",2023-25,11.0,8.0,3.0,0.0,0.7273,4.7,0.3884,0.147,0.94,0.47,False,False,11.0,False,3.0,3.0,,,,,,,,,,,,,,,,,,,,,,,,,,,,,,,,,,,,,,,,,
C,favourite/dog,"4+ edge, our side the favourite",2015-25,62.0,33.0,29.0,0.0,0.5323,1.1,0.0161,0.4984,0.94,0.94,False,False,11.0,False,8.0,11.0,,,,,,,,,,,,,,,,,,,,,,,,,,,,,,,,,,,,,,,,,
C,favourite/dog,"4+ edge, our side the favourite",2026,0.0,0.0,0.0,0.0,,0.0,,,0.94,,False,False,11.0,False,0.0,0.0,,,,,,,,,,,,,,,,,,,,,,,,,,,,,,,,,,,,,,,,,
C,favourite/dog,"4+ edge, our side the underdog",2015-18,88.0,50.0,38.0,0.0,0.5682,8.2,0.0847,0.234,0.185,0.19,False,False,50.0,True,2.0,4.0,,,,,,,,,,,,,,,,,,,,,,,,,,,,,,,,,,,,,,,,,
C,favourite/dog,"4+ edge, our side the underdog",2019-22,115.0,73.0,42.0,0.0,0.6348,26.8,0.2119,0.0106,0.185,0.23,False,False,50.0,True,3.0,4.0,,,,,,,,,,,,,,,,,,,,,,,,,,,,,,,,,,,,,,,,,
C,favourite/dog,"4+ edge, our side the underdog",2023-25,50.0,32.0,18.0,1.0,0.64,12.2,0.2218,0.0656,0.185,0.775,False,False,50.0,True,3.0,3.0,,,,,,,,,,,,,,,,,,,,,,,,,,,,,,,,,,,,,,,,,
C,favourite/dog,"4+ edge, our side the underdog",2015-25,253.0,155.0,98.0,1.0,0.6126,47.2,0.1696,0.0027,0.185,0.185,False,False,50.0,True,8.0,11.0,,,,,,,,,,,,,,,,,,,,,,,,,,,,,,,,,,,,,,,,,
C,favourite/dog,"4+ edge, our side the underdog",2026,3.0,1.0,2.0,0.0,0.3333,-1.2,-0.3636,0.892,0.185,1.0,False,False,50.0,True,0.0,1.0,,,,,,,,,,,,,,,,,,,,,,,,,,,,,,,,,,,,,,,,,
C,favourite/dog,"4+ edge, pick'em",2015-18,0.0,0.0,0.0,0.0,,0.0,,,,,False,False,0.0,False,0.0,0.0,,,,,,,,,,,,,,,,,,,,,,,,,,,,,,,,,,,,,,,,,
C,favourite/dog,"4+ edge, pick'em",2019-22,0.0,0.0,0.0,0.0,,0.0,,,,,False,False,0.0,False,0.0,0.0,,,,,,,,,,,,,,,,,,,,,,,,,,,,,,,,,,,,,,,,,
C,favourite/dog,"4+ edge, pick'em",2023-25,0.0,0.0,0.0,0.0,,0.0,,,,,False,False,0.0,False,0.0,0.0,,,,,,,,,,,,,,,,,,,,,,,,,,,,,,,,,,,,,,,,,
C,favourite/dog,"4+ edge, pick'em",2015-25,0.0,0.0,0.0,0.0,,0.0,,,,,False,False,0.0,False,0.0,0.0,,,,,,,,,,,,,,,,,,,,,,,,,,,,,,,,,,,,,,,,,
C,favourite/dog,"4+ edge, pick'em",2026,0.0,0.0,0.0,0.0,,0.0,,,,,False,False,0.0,False,0.0,0.0,,,,,,,,,,,,,,,,,,,,,,,,,,,,,,,,,,,,,,,,,
C,favourite/dog,"4+ edge, underdog or pick'em",2015-18,88.0,50.0,38.0,0.0,0.5682,8.2,0.0847,0.234,0.095,0.175,False,False,50.0,True,2.0,4.0,,,,,,,,,,,,,,,,,,,,,,,,,,,,,,,,,,,,,,,,,
C,favourite/dog,"4+ edge, underdog or pick'em",2019-22,115.0,73.0,42.0,0.0,0.6348,26.8,0.2119,0.0106,0.095,0.225,False,False,50.0,True,3.0,4.0,,,,,,,,,,,,,,,,,,,,,,,,,,,,,,,,,,,,,,,,,
C,favourite/dog,"4+ edge, underdog or pick'em",2023-25,50.0,32.0,18.0,1.0,0.64,12.2,0.2218,0.0656,0.095,0.725,False,False,50.0,True,3.0,3.0,,,,,,,,,,,,,,,,,,,,,,,,,,,,,,,,,,,,,,,,,
C,favourite/dog,"4+ edge, underdog or pick'em",2015-25,253.0,155.0,98.0,1.0,0.6126,47.2,0.1696,0.0027,0.095,0.095,False,False,50.0,True,8.0,11.0,,,,,,,,,,,,,,,,,,,,,,,,,,,,,,,,,,,,,,,,,
C,favourite/dog,"4+ edge, underdog or pick'em",2026,3.0,1.0,2.0,0.0,0.3333,-1.2,-0.3636,0.892,0.095,1.0,False,False,50.0,True,0.0,1.0,,,,,,,,,,,,,,,,,,,,,,,,,,,,,,,,,,,,,,,,,
C,favourite/dog,"4+ edge, home dog",2015-18,47.0,20.0,27.0,0.0,0.4255,-9.7,-0.1876,0.9326,1.0,0.985,False,False,28.0,False,2.0,4.0,,,,,,,,,,,,,,,,,,,,,,,,,,,,,,,,,,,,,,,,,
C,favourite/dog,"4+ edge, home dog",2019-22,64.0,39.0,25.0,0.0,0.6094,11.5,0.1634,0.1061,1.0,0.815,False,False,28.0,False,2.0,4.0,,,,,,,,,,,,,,,,,,,,,,,,,,,,,,,,,,,,,,,,,
C,favourite/dog,"4+ edge, home dog",2023-25,28.0,17.0,11.0,1.0,0.6071,4.9,0.1591,0.2448,1.0,0.815,False,False,28.0,False,2.0,3.0,,,,,,,,,,,,,,,,,,,,,,,,,,,,,,,,,,,,,,,,,
C,favourite/dog,"4+ edge, home dog",2015-25,139.0,76.0,63.0,1.0,0.5468,6.7,0.0438,0.3243,1.0,1.0,False,False,28.0,False,6.0,11.0,,,,,,,,,,,,,,,,,,,,,,,,,,,,,,,,,,,,,,,,,
C,favourite/dog,"4+ edge, home dog",2026,2.0,1.0,1.0,0.0,0.5,-0.1,-0.0455,0.7732,1.0,0.675,False,False,28.0,False,0.0,1.0,,,,,,,,,,,,,,,,,,,,,,,,,,,,,,,,,,,,,,,,,
C,favourite/dog,"4+ edge, road dog",2015-18,41.0,30.0,11.0,0.0,0.7317,17.9,0.3969,0.0054,0.005,0.0,False,True,22.0,True,3.0,4.0,,,,,,,,,,,,,,,,,,,,,,,,,,,,,,,,,,,,,,,,,
C,favourite/dog,"4+ edge, road dog",2019-22,51.0,34.0,17.0,0.0,0.6667,15.3,0.2727,0.0276,0.005,0.15,False,True,22.0,True,4.0,4.0,,,,,,,,,,,,,,,,,,,,,,,,,,,,,,,,,,,,,,,,,
C,favourite/dog,"4+ edge, road dog",2023-25,22.0,15.0,7.0,0.0,0.6818,7.3,0.3017,0.1011,0.005,0.41,False,True,22.0,True,3.0,3.0,,,,,,,,,,,,,,,,,,,,,,,,,,,,,,,,,,,,,,,,,
C,favourite/dog,"4+ edge, road dog",2015-25,114.0,79.0,35.0,0.0,0.693,40.5,0.323,0.0002,0.005,0.005,False,True,22.0,True,10.0,11.0,,,,,,,,,,,,,,,,,,,,,,,,,,,,,,,,,,,,,,,,,
C,favourite/dog,"4+ edge, road dog",2026,1.0,0.0,1.0,0.0,0.0,-1.1,-1.0,1.0,0.005,1.0,False,True,22.0,True,0.0,1.0,,,,,,,,,,,,,,,,,,,,,,,,,,,,,,,,,,,,,,,,,
C,favourite/dog,"4+ edge, home favourite",2015-18,25.0,10.0,15.0,0.0,0.4,-6.5,-0.2364,0.9252,0.925,0.98,False,False,11.0,False,0.0,4.0,,,,,,,,,,,,,,,,,,,,,,,,,,,,,,,,,,,,,,,,,
C,favourite/dog,"4+ edge, home favourite",2019-22,13.0,6.0,7.0,0.0,0.4615,-1.7,-0.1189,0.7663,0.925,0.89,False,False,11.0,False,2.0,4.0,,,,,,,,,,,,,,,,,,,,,,,,,,,,,,,,,,,,,,,,,
C,favourite/dog,"4+ edge, home favourite",2023-25,11.0,8.0,3.0,0.0,0.7273,4.7,0.3884,0.147,0.925,0.415,False,False,11.0,False,3.0,3.0,,,,,,,,,,,,,,,,,,,,,,,,,,,,,,,,,,,,,,,,,
C,favourite/dog,"4+ edge, home favourite",2015-25,49.0,24.0,25.0,0.0,0.4898,-3.5,-0.0649,0.7325,0.925,0.925,False,False,11.0,False,5.0,11.0,,,,,,,,,,,,,,,,,,,,,,,,,,,,,,,,,,,,,,,,,
C,favourite/dog,"4+ edge, home favourite",2026,0.0,0.0,0.0,0.0,,0.0,,,0.925,,False,False,11.0,False,0.0,0.0,,,,,,,,,,,,,,,,,,,,,,,,,,,,,,,,,,,,,,,,,
C,favourite/dog,"4+ edge, road favourite",2015-18,10.0,8.0,2.0,0.0,0.8,5.8,0.5273,0.0735,0.34,0.185,False,False,0.0,False,2.0,2.0,,,,,,,,,,,,,,,,,,,,,,,,,,,,,,,,,,,,,,,,,
C,favourite/dog,"4+ edge, road favourite",2019-22,3.0,1.0,2.0,0.0,0.3333,-1.2,-0.3636,0.892,0.34,0.895,False,False,0.0,False,1.0,2.0,,,,,,,,,,,,,,,,,,,,,,,,,,,,,,,,,,,,,,,,,
C,favourite/dog,"4+ edge, road favourite",2023-25,0.0,0.0,0.0,0.0,,0.0,,,0.34,,False,False,0.0,False,0.0,0.0,,,,,,,,,,,,,,,,,,,,,,,,,,,,,,,,,,,,,,,,,
C,favourite/dog,"4+ edge, road favourite",2015-25,13.0,9.0,4.0,0.0,0.6923,4.6,0.3217,0.1744,0.34,0.34,False,False,0.0,False,3.0,4.0,,,,,,,,,,,,,,,,,,,,,,,,,,,,,,,,,,,,,,,,,
C,favourite/dog,"4+ edge, road favourite",2026,0.0,0.0,0.0,0.0,,0.0,,,0.34,,False,False,0.0,False,0.0,0.0,,,,,,,,,,,,,,,,,,,,,,,,,,,,,,,,,,,,,,,,,
C,favourite/dog,"4+ edge, dog +0.5 to +3",2015-18,31.0,20.0,11.0,0.0,0.6452,7.9,0.2317,0.12,0.04,0.05,False,True,25.0,True,3.0,4.0,,,,,,,,,,,,,,,,,,,,,,,,,,,,,,,,,,,,,,,,,
C,favourite/dog,"4+ edge, dog +0.5 to +3",2019-22,39.0,24.0,15.0,0.0,0.6154,7.5,0.1748,0.1624,0.04,0.505,False,True,25.0,True,2.0,4.0,,,,,,,,,,,,,,,,,,,,,,,,,,,,,,,,,,,,,,,,,
C,favourite/dog,"4+ edge, dog +0.5 to +3",2023-25,25.0,19.0,6.0,1.0,0.76,12.4,0.4509,0.0137,0.04,0.095,False,True,25.0,True,3.0,3.0,,,,,,,,,,,,,,,,,,,,,,,,,,,,,,,,,,,,,,,,,
C,favourite/dog,"4+ edge, dog +0.5 to +3",2015-25,95.0,63.0,32.0,1.0,0.6632,27.8,0.266,0.0041,0.04,0.04,False,True,25.0,True,8.0,11.0,,,,,,,,,,,,,,,,,,,,,,,,,,,,,,,,,,,,,,,,,
C,favourite/dog,"4+ edge, dog +0.5 to +3",2026,3.0,1.0,2.0,0.0,0.3333,-1.2,-0.3636,0.892,0.04,1.0,False,True,25.0,True,0.0,1.0,,,,,,,,,,,,,,,,,,,,,,,,,,,,,,,,,,,,,,,,,
C,favourite/dog,"4+ edge, dog +3.5 to +6.5",2015-18,21.0,10.0,11.0,0.0,0.4762,-2.1,-0.0909,0.744,0.32,0.81,False,False,13.0,False,1.0,4.0,,,,,,,,,,,,,,,,,,,,,,,,,,,,,,,,,,,,,,,,,
C,favourite/dog,"4+ edge, dog +3.5 to +6.5",2019-22,34.0,27.0,7.0,0.0,0.7941,19.3,0.516,0.0011,0.32,0.015,False,False,13.0,False,4.0,4.0,,,,,,,,,,,,,,,,,,,,,,,,,,,,,,,,,,,,,,,,,
C,favourite/dog,"4+ edge, dog +3.5 to +6.5",2023-25,13.0,6.0,7.0,0.0,0.4615,-1.7,-0.1189,0.7663,0.32,0.975,False,False,13.0,False,1.0,3.0,,,,,,,,,,,,,,,,,,,,,,,,,,,,,,,,,,,,,,,,,
C,favourite/dog,"4+ edge, dog +3.5 to +6.5",2015-25,68.0,43.0,25.0,0.0,0.6324,15.5,0.2072,0.0467,0.32,0.32,False,False,13.0,False,6.0,11.0,,,,,,,,,,,,,,,,,,,,,,,,,,,,,,,,,,,,,,,,,
C,favourite/dog,"4+ edge, dog +3.5 to +6.5",2026,0.0,0.0,0.0,0.0,,0.0,,,0.32,,False,False,13.0,False,0.0,0.0,,,,,,,,,,,,,,,,,,,,,,,,,,,,,,,,,,,,,,,,,
C,favourite/dog,"4+ edge, dog +7 and up",2015-18,36.0,20.0,16.0,0.0,0.5556,2.4,0.0606,0.4163,0.955,0.635,False,False,12.0,False,2.0,4.0,,,,,,,,,,,,,,,,,,,,,,,,,,,,,,,,,,,,,,,,,
C,favourite/dog,"4+ edge, dog +7 and up",2019-22,42.0,22.0,20.0,0.0,0.5238,-0.0,-0.0,0.5622,0.955,0.98,False,False,12.0,False,2.0,4.0,,,,,,,,,,,,,,,,,,,,,,,,,,,,,,,,,,,,,,,,,
C,favourite/dog,"4+ edge, dog +7 and up",2023-25,12.0,7.0,5.0,0.0,0.5833,1.5,0.1136,0.4529,0.955,0.805,False,False,12.0,False,2.0,3.0,,,,,,,,,,,,,,,,,,,,,,,,,,,,,,,,,,,,,,,,,
C,favourite/dog,"4+ edge, dog +7 and up",2015-25,90.0,49.0,41.0,0.0,0.5444,3.9,0.0394,0.388,0.955,0.955,False,False,12.0,False,6.0,11.0,,,,,,,,,,,,,,,,,,,,,,,,,,,,,,,,,,,,,,,,,
C,favourite/dog,"4+ edge, dog +7 and up",2026,0.0,0.0,0.0,0.0,,0.0,,,0.955,,False,False,12.0,False,0.0,0.0,,,,,,,,,,,,,,,,,,,,,,,,,,,,,,,,,,,,,,,,,
C,thresholds,4.5+ edge (all),2015-18,79.0,43.0,36.0,0.0,0.5443,3.4,0.0391,0.4012,0.865,0.74,False,False,40.0,True,2.0,4.0,,,,,,,,,,,,,,,,,,,,,,,,,,,,,,,,,,,,,,,,,
C,thresholds,4.5+ edge (all),2019-22,89.0,52.0,37.0,0.0,0.5843,11.3,0.1154,0.1501,0.865,0.875,False,False,40.0,True,3.0,4.0,,,,,,,,,,,,,,,,,,,,,,,,,,,,,,,,,,,,,,,,,
C,thresholds,4.5+ edge (all),2023-25,40.0,25.0,15.0,1.0,0.625,8.5,0.1932,0.1304,0.865,0.8,False,False,40.0,True,3.0,3.0,,,,,,,,,,,,,,,,,,,,,,,,,,,,,,,,,,,,,,,,,
C,thresholds,4.5+ edge (all),2015-25,208.0,120.0,88.0,1.0,0.5769,23.2,0.1014,0.0713,0.865,0.865,False,False,40.0,True,8.0,11.0,,,,,,,,,,,,,,,,,,,,,,,,,,,,,,,,,,,,,,,,,
C,thresholds,4.5+ edge (all),2026,1.0,0.0,1.0,0.0,0.0,-1.1,-1.0,1.0,0.865,1.0,False,False,40.0,True,0.0,1.0,,,,,,,,,,,,,,,,,,,,,,,,,,,,,,,,,,,,,,,,,
C,favourite/dog,"4.5+ edge, our side the favourite",2015-18,21.0,10.0,11.0,0.0,0.4762,-2.1,-0.0909,0.744,0.94,0.98,False,False,9.0,False,2.0,4.0,,,,,,,,,,,,,,,,,,,,,,,,,,,,,,,,,,,,,,,,,
C,favourite/dog,"4.5+ edge, our side the favourite",2019-22,13.0,6.0,7.0,0.0,0.4615,-1.7,-0.1189,0.7663,0.94,0.885,False,False,9.0,False,2.0,4.0,,,,,,,,,,,,,,,,,,,,,,,,,,,,,,,,,,,,,,,,,
C,favourite/dog,"4.5+ edge, our side the favourite",2023-25,9.0,6.0,3.0,0.0,0.6667,2.7,0.2727,0.3029,0.94,0.545,False,False,9.0,False,2.0,3.0,,,,,,,,,,,,,,,,,,,,,,,,,,,,,,,,,,,,,,,,,
C,favourite/dog,"4.5+ edge, our side the favourite",2015-25,43.0,22.0,21.0,0.0,0.5116,-1.1,-0.0233,0.6233,0.94,0.94,False,False,9.0,False,6.0,11.0,,,,,,,,,,,,,,,,,,,,,,,,,,,,,,,,,,,,,,,,,
C,favourite/dog,"4.5+ edge, our side the favourite",2026,0.0,0.0,0.0,0.0,,0.0,,,0.94,,False,False,9.0,False,0.0,0.0,,,,,,,,,,,,,,,,,,,,,,,,,,,,,,,,,,,,,,,,,
C,favourite/dog,"4.5+ edge, our side the underdog",2015-18,58.0,33.0,25.0,0.0,0.569,5.5,0.0862,0.2894,0.12,0.095,False,False,31.0,True,2.0,4.0,,,,,,,,,,,,,,,,,,,,,,,,,,,,,,,,,,,,,,,,,
C,favourite/dog,"4.5+ edge, our side the underdog",2019-22,76.0,46.0,30.0,0.0,0.6053,13.0,0.1555,0.0952,0.12,0.33,False,False,31.0,True,3.0,4.0,,,,,,,,,,,,,,,,,,,,,,,,,,,,,,,,,,,,,,,,,
C,favourite/dog,"4.5+ edge, our side the underdog",2023-25,31.0,19.0,12.0,1.0,0.6129,5.8,0.1701,0.2085,0.12,0.73,False,False,31.0,True,3.0,3.0,,,,,,,,,,,,,,,,,,,,,,,,,,,,,,,,,,,,,,,,,
C,favourite/dog,"4.5+ edge, our side the underdog",2015-25,165.0,98.0,67.0,1.0,0.5939,24.3,0.1339,0.0418,0.12,0.12,False,False,31.0,True,8.0,11.0,,,,,,,,,,,,,,,,,,,,,,,,,,,,,,,,,,,,,,,,,
C,favourite/dog,"4.5+ edge, our side the underdog",2026,1.0,0.0,1.0,0.0,0.0,-1.1,-1.0,1.0,0.12,1.0,False,False,31.0,True,0.0,1.0,,,,,,,,,,,,,,,,,,,,,,,,,,,,,,,,,,,,,,,,,
C,favourite/dog,"4.5+ edge, pick'em",2015-18,0.0,0.0,0.0,0.0,,0.0,,,,,False,False,0.0,False,0.0,0.0,,,,,,,,,,,,,,,,,,,,,,,,,,,,,,,,,,,,,,,,,
C,favourite/dog,"4.5+ edge, pick'em",2019-22,0.0,0.0,0.0,0.0,,0.0,,,,,False,False,0.0,False,0.0,0.0,,,,,,,,,,,,,,,,,,,,,,,,,,,,,,,,,,,,,,,,,
C,favourite/dog,"4.5+ edge, pick'em",2023-25,0.0,0.0,0.0,0.0,,0.0,,,,,False,False,0.0,False,0.0,0.0,,,,,,,,,,,,,,,,,,,,,,,,,,,,,,,,,,,,,,,,,
C,favourite/dog,"4.5+ edge, pick'em",2015-25,0.0,0.0,0.0,0.0,,0.0,,,,,False,False,0.0,False,0.0,0.0,,,,,,,,,,,,,,,,,,,,,,,,,,,,,,,,,,,,,,,,,
C,favourite/dog,"4.5+ edge, pick'em",2026,0.0,0.0,0.0,0.0,,0.0,,,,,False,False,0.0,False,0.0,0.0,,,,,,,,,,,,,,,,,,,,,,,,,,,,,,,,,,,,,,,,,
C,favourite/dog,"4.5+ edge, underdog or pick'em",2015-18,58.0,33.0,25.0,0.0,0.569,5.5,0.0862,0.2894,0.1,0.06,False,False,31.0,True,2.0,4.0,,,,,,,,,,,,,,,,,,,,,,,,,,,,,,,,,,,,,,,,,
C,favourite/dog,"4.5+ edge, underdog or pick'em",2019-22,76.0,46.0,30.0,0.0,0.6053,13.0,0.1555,0.0952,0.1,0.36,False,False,31.0,True,3.0,4.0,,,,,,,,,,,,,,,,,,,,,,,,,,,,,,,,,,,,,,,,,
C,favourite/dog,"4.5+ edge, underdog or pick'em",2023-25,31.0,19.0,12.0,1.0,0.6129,5.8,0.1701,0.2085,0.1,0.77,False,False,31.0,True,3.0,3.0,,,,,,,,,,,,,,,,,,,,,,,,,,,,,,,,,,,,,,,,,
C,favourite/dog,"4.5+ edge, underdog or pick'em",2015-25,165.0,98.0,67.0,1.0,0.5939,24.3,0.1339,0.0418,0.1,0.1,False,False,31.0,True,8.0,11.0,,,,,,,,,,,,,,,,,,,,,,,,,,,,,,,,,,,,,,,,,
C,favourite/dog,"4.5+ edge, underdog or pick'em",2026,1.0,0.0,1.0,0.0,0.0,-1.1,-1.0,1.0,0.1,1.0,False,False,31.0,True,0.0,1.0,,,,,,,,,,,,,,,,,,,,,,,,,,,,,,,,,,,,,,,,,
C,favourite/dog,"4.5+ edge, home dog",2015-18,31.0,12.0,19.0,0.0,0.3871,-8.9,-0.261,0.9561,0.96,0.98,False,False,16.0,False,1.0,4.0,,,,,,,,,,,,,,,,,,,,,,,,,,,,,,,,,,,,,,,,,
C,favourite/dog,"4.5+ edge, home dog",2019-22,43.0,25.0,18.0,0.0,0.5814,5.2,0.1099,0.2739,0.96,0.625,False,False,16.0,False,3.0,4.0,,,,,,,,,,,,,,,,,,,,,,,,,,,,,,,,,,,,,,,,,
C,favourite/dog,"4.5+ edge, home dog",2023-25,16.0,8.0,8.0,1.0,0.5,-0.8,-0.0455,0.6708,0.96,0.935,False,False,16.0,False,1.0,3.0,,,,,,,,,,,,,,,,,,,,,,,,,,,,,,,,,,,,,,,,,
C,favourite/dog,"4.5+ edge, home dog",2015-25,90.0,45.0,45.0,1.0,0.5,-4.5,-0.0455,0.7118,0.96,0.96,False,False,16.0,False,5.0,11.0,,,,,,,,,,,,,,,,,,,,,,,,,,,,,,,,,,,,,,,,,
C,favourite/dog,"4.5+ edge, home dog",2026,1.0,0.0,1.0,0.0,0.0,-1.1,-1.0,1.0,0.96,1.0,False,False,16.0,False,0.0,1.0,,,,,,,,,,,,,,,,,,,,,,,,,,,,,,,,,,,,,,,,,
C,favourite/dog,"4.5+ edge, road dog",2015-18,27.0,21.0,6.0,0.0,0.7778,14.4,0.4848,0.0061,0.0,0.0,False,True,15.0,True,3.0,4.0,,,,,,,,,,,,,,,,,,,,,,,,,,,,,,,,,,,,,,,,,
C,favourite/dog,"4.5+ edge, road dog",2019-22,33.0,21.0,12.0,0.0,0.6364,7.8,0.2149,0.131,0.0,0.345,False,True,15.0,True,3.0,4.0,,,,,,,,,,,,,,,,,,,,,,,,,,,,,,,,,,,,,,,,,
C,favourite/dog,"4.5+ edge, road dog",2023-25,15.0,11.0,4.0,0.0,0.7333,6.6,0.4,0.0843,0.0,0.18,False,True,15.0,True,3.0,3.0,,,,,,,,,,,,,,,,,,,,,,,,,,,,,,,,,,,,,,,,,
C,favourite/dog,"4.5+ edge, road dog",2015-25,75.0,53.0,22.0,0.0,0.7067,28.8,0.3491,0.001,0.0,0.0,False,True,15.0,True,9.0,11.0,,,,,,,,,,,,,,,,,,,,,,,,,,,,,,,,,,,,,,,,,
C,favourite/dog,"4.5+ edge, road dog",2026,0.0,0.0,0.0,0.0,,0.0,,,0.0,,False,True,15.0,True,0.0,0.0,,,,,,,,,,,,,,,,,,,,,,,,,,,,,,,,,,,,,,,,,
C,favourite/dog,"4.5+ edge, home favourite",2015-18,16.0,6.0,10.0,0.0,0.375,-5.0,-0.2841,0.9258,0.975,0.99,False,False,9.0,False,0.0,4.0,,,,,,,,,,,,,,,,,,,,,,,,,,,,,,,,,,,,,,,,,
C,favourite/dog,"4.5+ edge, home favourite",2019-22,12.0,6.0,6.0,0.0,0.5,-0.6,-0.0455,0.6755,0.975,0.785,False,False,9.0,False,2.0,4.0,,,,,,,,,,,,,,,,,,,,,,,,,,,,,,,,,,,,,,,,,
C,favourite/dog,"4.5+ edge, home favourite",2023-25,9.0,6.0,3.0,0.0,0.6667,2.7,0.2727,0.3029,0.975,0.515,False,False,9.0,False,2.0,3.0,,,,,,,,,,,,,,,,,,,,,,,,,,,,,,,,,,,,,,,,,
C,favourite/dog,"4.5+ edge, home favourite",2015-25,37.0,18.0,19.0,0.0,0.4865,-2.9,-0.0713,0.7323,0.975,0.975,False,False,9.0,False,4.0,11.0,,,,,,,,,,,,,,,,,,,,,,,,,,,,,,,,,,,,,,,,,
C,favourite/dog,"4.5+ edge, home favourite",2026,0.0,0.0,0.0,0.0,,0.0,,,0.975,,False,False,9.0,False,0.0,0.0,,,,,,,,,,,,,,,,,,,,,,,,,,,,,,,,,,,,,,,,,
C,favourite/dog,"4.5+ edge, road favourite",2015-18,5.0,4.0,1.0,0.0,0.8,2.9,0.5273,0.2187,0.635,0.48,False,False,0.0,False,2.0,2.0,,,,,,,,,,,,,,,,,,,,,,,,,,,,,,,,,,,,,,,,,
C,favourite/dog,"4.5+ edge, road favourite",2019-22,1.0,0.0,1.0,0.0,0.0,-1.1,-1.0,1.0,0.635,1.0,False,False,0.0,False,0.0,1.0,,,,,,,,,,,,,,,,,,,,,,,,,,,,,,,,,,,,,,,,,
C,favourite/dog,"4.5+ edge, road favourite",2023-25,0.0,0.0,0.0,0.0,,0.0,,,0.635,,False,False,0.0,False,0.0,0.0,,,,,,,,,,,,,,,,,,,,,,,,,,,,,,,,,,,,,,,,,
C,favourite/dog,"4.5+ edge, road favourite",2015-25,6.0,4.0,2.0,0.0,0.6667,1.8,0.2727,0.3894,0.635,0.635,False,False,0.0,False,2.0,3.0,,,,,,,,,,,,,,,,,,,,,,,,,,,,,,,,,,,,,,,,,
C,favourite/dog,"4.5+ edge, road favourite",2026,0.0,0.0,0.0,0.0,,0.0,,,0.635,,False,False,0.0,False,0.0,0.0,,,,,,,,,,,,,,,,,,,,,,,,,,,,,,,,,,,,,,,,,
C,favourite/dog,"4.5+ edge, dog +0.5 to +3",2015-18,18.0,11.0,7.0,0.0,0.6111,3.3,0.1667,0.3082,0.045,0.155,False,True,15.0,True,3.0,4.0,,,,,,,,,,,,,,,,,,,,,,,,,,,,,,,,,,,,,,,,,
C,favourite/dog,"4.5+ edge, dog +0.5 to +3",2019-22,27.0,17.0,10.0,0.0,0.6296,6.0,0.202,0.1822,0.045,0.295,False,True,15.0,True,3.0,4.0,,,,,,,,,,,,,,,,,,,,,,,,,,,,,,,,,,,,,,,,,
C,favourite/dog,"4.5+ edge, dog +0.5 to +3",2023-25,15.0,11.0,4.0,1.0,0.7333,6.6,0.4,0.0843,0.045,0.175,False,True,15.0,True,2.0,3.0,,,,,,,,,,,,,,,,,,,,,,,,,,,,,,,,,,,,,,,,,
C,favourite/dog,"4.5+ edge, dog +0.5 to +3",2015-25,60.0,39.0,21.0,1.0,0.65,15.9,0.2409,0.033,0.045,0.045,False,True,15.0,True,8.0,11.0,,,,,,,,,,,,,,,,,,,,,,,,,,,,,,,,,,,,,,,,,
C,favourite/dog,"4.5+ edge, dog +0.5 to +3",2026,1.0,0.0,1.0,0.0,0.0,-1.1,-1.0,1.0,0.045,1.0,False,True,15.0,True,0.0,1.0,,,,,,,,,,,,,,,,,,,,,,,,,,,,,,,,,,,,,,,,,
C,favourite/dog,"4.5+ edge, dog +3.5 to +6.5",2015-18,16.0,8.0,8.0,0.0,0.5,-0.8,-0.0455,0.6708,0.18,0.645,False,False,7.0,False,1.0,4.0,,,,,,,,,,,,,,,,,,,,,,,,,,,,,,,,,,,,,,,,,
C,favourite/dog,"4.5+ edge, dog +3.5 to +6.5",2019-22,20.0,16.0,4.0,0.0,0.8,11.6,0.5273,0.0105,0.18,0.02,False,False,7.0,False,4.0,4.0,,,,,,,,,,,,,,,,,,,,,,,,,,,,,,,,,,,,,,,,,
C,favourite/dog,"4.5+ edge, dog +3.5 to +6.5",2023-25,7.0,3.0,4.0,0.0,0.4286,-1.4,-0.1818,0.8106,0.18,0.915,False,False,7.0,False,0.0,2.0,,,,,,,,,,,,,,,,,,,,,,,,,,,,,,,,,,,,,,,,,
C,favourite/dog,"4.5+ edge, dog +3.5 to +6.5",2015-25,43.0,27.0,16.0,0.0,0.6279,9.4,0.1987,0.1119,0.18,0.18,False,False,7.0,False,5.0,10.0,,,,,,,,,,,,,,,,,,,,,,,,,,,,,,,,,,,,,,,,,
C,favourite/dog,"4.5+ edge, dog +3.5 to +6.5",2026,0.0,0.0,0.0,0.0,,0.0,,,0.18,,False,False,7.0,False,0.0,0.0,,,,,,,,,,,,,,,,,,,,,,,,,,,,,,,,,,,,,,,,,
C,favourite/dog,"4.5+ edge, dog +7 and up",2015-18,24.0,14.0,10.0,0.0,0.5833,3.0,0.1136,0.3537,0.94,0.37,False,False,9.0,False,2.0,4.0,,,,,,,,,,,,,,,,,,,,,,,,,,,,,,,,,,,,,,,,,
C,favourite/dog,"4.5+ edge, dog +7 and up",2019-22,29.0,13.0,16.0,0.0,0.4483,-4.6,-0.1442,0.8414,0.94,1.0,False,False,9.0,False,1.0,4.0,,,,,,,,,,,,,,,,,,,,,,,,,,,,,,,,,,,,,,,,,
C,favourite/dog,"4.5+ edge, dog +7 and up",2023-25,9.0,5.0,4.0,0.0,0.5556,0.6,0.0606,0.5584,0.94,0.725,False,False,9.0,False,1.0,3.0,,,,,,,,,,,,,,,,,,,,,,,,,,,,,,,,,,,,,,,,,
C,favourite/dog,"4.5+ edge, dog +7 and up",2015-25,62.0,32.0,30.0,0.0,0.5161,-1.0,-0.0147,0.5986,0.94,0.94,False,False,9.0,False,4.0,11.0,,,,,,,,,,,,,,,,,,,,,,,,,,,,,,,,,,,,,,,,,
C,favourite/dog,"4.5+ edge, dog +7 and up",2026,0.0,0.0,0.0,0.0,,0.0,,,0.94,,False,False,9.0,False,0.0,0.0,,,,,,,,,,,,,,,,,,,,,,,,,,,,,,,,,,,,,,,,,
C,thresholds,5+ edge (all),2015-18,53.0,29.0,24.0,0.0,0.5472,2.6,0.0446,0.4205,0.5,0.46,False,False,22.0,True,2.0,4.0,,,,,,,,,,,,,,,,,,,,,,,,,,,,,,,,,,,,,,,,,
C,thresholds,5+ edge (all),2019-22,65.0,37.0,28.0,0.0,0.5692,6.2,0.0867,0.2718,0.5,0.865,False,False,22.0,True,3.0,4.0,,,,,,,,,,,,,,,,,,,,,,,,,,,,,,,,,,,,,,,,,
C,thresholds,5+ edge (all),2023-25,22.0,16.0,6.0,1.0,0.7273,9.4,0.3884,0.043,0.5,0.215,False,False,22.0,True,3.0,3.0,,,,,,,,,,,,,,,,,,,,,,,,,,,,,,,,,,,,,,,,,
C,thresholds,5+ edge (all),2015-25,140.0,82.0,58.0,1.0,0.5857,18.2,0.1182,0.0832,0.5,0.5,False,False,22.0,True,8.0,11.0,,,,,,,,,,,,,,,,,,,,,,,,,,,,,,,,,,,,,,,,,
C,thresholds,5+ edge (all),2026,1.0,0.0,1.0,0.0,0.0,-1.1,-1.0,1.0,0.5,1.0,False,False,22.0,True,0.0,1.0,,,,,,,,,,,,,,,,,,,,,,,,,,,,,,,,,,,,,,,,,
C,favourite/dog,"5+ edge, our side the favourite",2015-18,13.0,4.0,9.0,0.0,0.3077,-5.9,-0.4126,0.9683,1.0,1.0,False,False,4.0,False,0.0,4.0,,,,,,,,,,,,,,,,,,,,,,,,,,,,,,,,,,,,,,,,,
C,favourite/dog,"5+ edge, our side the favourite",2019-22,8.0,3.0,5.0,0.0,0.375,-2.5,-0.2841,0.8845,1.0,0.94,False,False,4.0,False,2.0,4.0,,,,,,,,,,,,,,,,,,,,,,,,,,,,,,,,,,,,,,,,,
C,favourite/dog,"5+ edge, our side the favourite",2023-25,4.0,2.0,2.0,0.0,0.5,-0.2,-0.0455,0.7223,1.0,1.0,False,False,4.0,False,1.0,2.0,,,,,,,,,,,,,,,,,,,,,,,,,,,,,,,,,,,,,,,,,
C,favourite/dog,"5+ edge, our side the favourite",2015-25,25.0,9.0,16.0,0.0,0.36,-8.6,-0.3127,0.9676,1.0,1.0,False,False,4.0,False,3.0,10.0,,,,,,,,,,,,,,,,,,,,,,,,,,,,,,,,,,,,,,,,,
C,favourite/dog,"5+ edge, our side the favourite",2026,0.0,0.0,0.0,0.0,,0.0,,,1.0,,False,False,4.0,False,0.0,0.0,,,,,,,,,,,,,,,,,,,,,,,,,,,,,,,,,,,,,,,,,
C,favourite/dog,"5+ edge, our side the underdog",2015-18,40.0,25.0,15.0,0.0,0.625,8.5,0.1932,0.1304,0.005,0.005,False,False,18.0,True,2.0,4.0,,,,,,,,,,,,,,,,,,,,,,,,,,,,,,,,,,,,,,,,,
C,favourite/dog,"5+ edge, our side the underdog",2019-22,57.0,34.0,23.0,0.0,0.5965,8.7,0.1388,0.1671,0.005,0.245,False,False,18.0,True,3.0,4.0,,,,,,,,,,,,,,,,,,,,,,,,,,,,,,,,,,,,,,,,,
C,favourite/dog,"5+ edge, our side the underdog",2023-25,18.0,14.0,4.0,1.0,0.7778,9.6,0.4848,0.0251,0.005,0.09,False,False,18.0,True,3.0,3.0,,,,,,,,,,,,,,,,,,,,,,,,,,,,,,,,,,,,,,,,,
C,favourite/dog,"5+ edge, our side the underdog",2015-25,115.0,73.0,42.0,1.0,0.6348,26.8,0.2119,0.0106,0.005,0.005,False,False,18.0,True,8.0,11.0,,,,,,,,,,,,,,,,,,,,,,,,,,,,,,,,,,,,,,,,,
C,favourite/dog,"5+ edge, our side the underdog",2026,1.0,0.0,1.0,0.0,0.0,-1.1,-1.0,1.0,0.005,1.0,False,False,18.0,True,0.0,1.0,,,,,,,,,,,,,,,,,,,,,,,,,,,,,,,,,,,,,,,,,
C,favourite/dog,"5+ edge, pick'em",2015-18,0.0,0.0,0.0,0.0,,0.0,,,,,False,False,0.0,False,0.0,0.0,,,,,,,,,,,,,,,,,,,,,,,,,,,,,,,,,,,,,,,,,
C,favourite/dog,"5+ edge, pick'em",2019-22,0.0,0.0,0.0,0.0,,0.0,,,,,False,False,0.0,False,0.0,0.0,,,,,,,,,,,,,,,,,,,,,,,,,,,,,,,,,,,,,,,,,
C,favourite/dog,"5+ edge, pick'em",2023-25,0.0,0.0,0.0,0.0,,0.0,,,,,False,False,0.0,False,0.0,0.0,,,,,,,,,,,,,,,,,,,,,,,,,,,,,,,,,,,,,,,,,
C,favourite/dog,"5+ edge, pick'em",2015-25,0.0,0.0,0.0,0.0,,0.0,,,,,False,False,0.0,False,0.0,0.0,,,,,,,,,,,,,,,,,,,,,,,,,,,,,,,,,,,,,,,,,
C,favourite/dog,"5+ edge, pick'em",2026,0.0,0.0,0.0,0.0,,0.0,,,,,False,False,0.0,False,0.0,0.0,,,,,,,,,,,,,,,,,,,,,,,,,,,,,,,,,,,,,,,,,
C,favourite/dog,"5+ edge, underdog or pick'em",2015-18,40.0,25.0,15.0,0.0,0.625,8.5,0.1932,0.1304,0.0,0.015,False,False,18.0,True,2.0,4.0,,,,,,,,,,,,,,,,,,,,,,,,,,,,,,,,,,,,,,,,,
C,favourite/dog,"5+ edge, underdog or pick'em",2019-22,57.0,34.0,23.0,0.0,0.5965,8.7,0.1388,0.1671,0.0,0.17,False,False,18.0,True,3.0,4.0,,,,,,,,,,,,,,,,,,,,,,,,,,,,,,,,,,,,,,,,,
C,favourite/dog,"5+ edge, underdog or pick'em",2023-25,18.0,14.0,4.0,1.0,0.7778,9.6,0.4848,0.0251,0.0,0.04,False,False,18.0,True,3.0,3.0,,,,,,,,,,,,,,,,,,,,,,,,,,,,,,,,,,,,,,,,,
C,favourite/dog,"5+ edge, underdog or pick'em",2015-25,115.0,73.0,42.0,1.0,0.6348,26.8,0.2119,0.0106,0.0,0.0,False,False,18.0,True,8.0,11.0,,,,,,,,,,,,,,,,,,,,,,,,,,,,,,,,,,,,,,,,,
C,favourite/dog,"5+ edge, underdog or pick'em",2026,1.0,0.0,1.0,0.0,0.0,-1.1,-1.0,1.0,0.0,1.0,False,False,18.0,True,0.0,1.0,,,,,,,,,,,,,,,,,,,,,,,,,,,,,,,,,,,,,,,,,
C,favourite/dog,"5+ edge, home dog",2015-18,20.0,9.0,11.0,0.0,0.45,-3.1,-0.1409,0.8118,0.74,0.895,False,False,7.0,False,1.0,4.0,,,,,,,,,,,,,,,,,,,,,,,,,,,,,,,,,,,,,,,,,
C,favourite/dog,"5+ edge, home dog",2019-22,30.0,17.0,13.0,0.0,0.5667,2.7,0.0818,0.3883,0.74,0.615,False,False,7.0,False,2.0,4.0,,,,,,,,,,,,,,,,,,,,,,,,,,,,,,,,,,,,,,,,,
C,favourite/dog,"5+ edge, home dog",2023-25,7.0,5.0,2.0,1.0,0.7143,2.8,0.3636,0.2675,0.74,0.61,False,False,7.0,False,2.0,3.0,,,,,,,,,,,,,,,,,,,,,,,,,,,,,,,,,,,,,,,,,
C,favourite/dog,"5+ edge, home dog",2015-25,57.0,31.0,26.0,1.0,0.5439,2.4,0.0383,0.4332,0.74,0.74,False,False,7.0,False,5.0,11.0,,,,,,,,,,,,,,,,,,,,,,,,,,,,,,,,,,,,,,,,,
C,favourite/dog,"5+ edge, home dog",2026,1.0,0.0,1.0,0.0,0.0,-1.1,-1.0,1.0,0.74,1.0,False,False,7.0,False,0.0,1.0,,,,,,,,,,,,,,,,,,,,,,,,,,,,,,,,,,,,,,,,,
C,favourite/dog,"5+ edge, road dog",2015-18,20.0,16.0,4.0,0.0,0.8,11.6,0.5273,0.0105,0.01,0.005,False,True,11.0,True,3.0,4.0,,,,,,,,,,,,,,,,,,,,,,,,,,,,,,,,,,,,,,,,,
C,favourite/dog,"5+ edge, road dog",2019-22,27.0,17.0,10.0,0.0,0.6296,6.0,0.202,0.1822,0.01,0.295,False,True,11.0,True,3.0,4.0,,,,,,,,,,,,,,,,,,,,,,,,,,,,,,,,,,,,,,,,,
C,favourite/dog,"5+ edge, road dog",2023-25,11.0,9.0,2.0,0.0,0.8182,6.8,0.562,0.046,0.01,0.095,False,True,11.0,True,3.0,3.0,,,,,,,,,,,,,,,,,,,,,,,,,,,,,,,,,,,,,,,,,
C,favourite/dog,"5+ edge, road dog",2015-25,58.0,42.0,16.0,0.0,0.7241,24.4,0.3824,0.0015,0.01,0.01,False,True,11.0,True,9.0,11.0,,,,,,,,,,,,,,,,,,,,,,,,,,,,,,,,,,,,,,,,,
C,favourite/dog,"5+ edge, road dog",2026,0.0,0.0,0.0,0.0,,0.0,,,0.01,,False,True,11.0,True,0.0,0.0,,,,,,,,,,,,,,,,,,,,,,,,,,,,,,,,,,,,,,,,,
C,favourite/dog,"5+ edge, home favourite",2015-18,13.0,4.0,9.0,0.0,0.3077,-5.9,-0.4126,0.9683,1.0,1.0,False,False,4.0,False,0.0,4.0,,,,,,,,,,,,,,,,,,,,,,,,,,,,,,,,,,,,,,,,,
C,favourite/dog,"5+ edge, home favourite",2019-22,8.0,3.0,5.0,0.0,0.375,-2.5,-0.2841,0.8845,1.0,0.93,False,False,4.0,False,2.0,4.0,,,,,,,,,,,,,,,,,,,,,,,,,,,,,,,,,,,,,,,,,
C,favourite/dog,"5+ edge, home favourite",2023-25,4.0,2.0,2.0,0.0,0.5,-0.2,-0.0455,0.7223,1.0,1.0,False,False,4.0,False,1.0,2.0,,,,,,,,,,,,,,,,,,,,,,,,,,,,,,,,,,,,,,,,,
C,favourite/dog,"5+ edge, home favourite",2015-25,25.0,9.0,16.0,0.0,0.36,-8.6,-0.3127,0.9676,1.0,1.0,False,False,4.0,False,3.0,10.0,,,,,,,,,,,,,,,,,,,,,,,,,,,,,,,,,,,,,,,,,
C,favourite/dog,"5+ edge, home favourite",2026,0.0,0.0,0.0,0.0,,0.0,,,1.0,,False,False,4.0,False,0.0,0.0,,,,,,,,,,,,,,,,,,,,,,,,,,,,,,,,,,,,,,,,,
C,favourite/dog,"5+ edge, road favourite",2015-18,0.0,0.0,0.0,0.0,,0.0,,,,,False,False,0.0,False,0.0,0.0,,,,,,,,,,,,,,,,,,,,,,,,,,,,,,,,,,,,,,,,,
C,favourite/dog,"5+ edge, road favourite",2019-22,0.0,0.0,0.0,0.0,,0.0,,,,,False,False,0.0,False,0.0,0.0,,,,,,,,,,,,,,,,,,,,,,,,,,,,,,,,,,,,,,,,,
C,favourite/dog,"5+ edge, road favourite",2023-25,0.0,0.0,0.0,0.0,,0.0,,,,,False,False,0.0,False,0.0,0.0,,,,,,,,,,,,,,,,,,,,,,,,,,,,,,,,,,,,,,,,,
C,favourite/dog,"5+ edge, road favourite",2015-25,0.0,0.0,0.0,0.0,,0.0,,,,,False,False,0.0,False,0.0,0.0,,,,,,,,,,,,,,,,,,,,,,,,,,,,,,,,,,,,,,,,,
C,favourite/dog,"5+ edge, road favourite",2026,0.0,0.0,0.0,0.0,,0.0,,,,,False,False,0.0,False,0.0,0.0,,,,,,,,,,,,,,,,,,,,,,,,,,,,,,,,,,,,,,,,,
C,favourite/dog,"5+ edge, dog +0.5 to +3",2015-18,11.0,6.0,5.0,0.0,0.5455,0.5,0.0413,0.5642,0.095,0.48,False,False,8.0,True,2.0,4.0,,,,,,,,,,,,,,,,,,,,,,,,,,,,,,,,,,,,,,,,,
C,favourite/dog,"5+ edge, dog +0.5 to +3",2019-22,21.0,13.0,8.0,0.0,0.619,4.2,0.1818,0.2573,0.095,0.3,False,False,8.0,True,3.0,4.0,,,,,,,,,,,,,,,,,,,,,,,,,,,,,,,,,,,,,,,,,
C,favourite/dog,"5+ edge, dog +0.5 to +3",2023-25,8.0,7.0,1.0,1.0,0.875,5.9,0.6705,0.0469,0.095,0.145,False,False,8.0,True,3.0,3.0,,,,,,,,,,,,,,,,,,,,,,,,,,,,,,,,,,,,,,,,,
C,favourite/dog,"5+ edge, dog +0.5 to +3",2015-25,40.0,26.0,14.0,1.0,0.65,10.6,0.2409,0.0741,0.095,0.095,False,False,8.0,True,8.0,11.0,,,,,,,,,,,,,,,,,,,,,,,,,,,,,,,,,,,,,,,,,
C,favourite/dog,"5+ edge, dog +0.5 to +3",2026,1.0,0.0,1.0,0.0,0.0,-1.1,-1.0,1.0,0.095,1.0,False,False,8.0,True,0.0,1.0,,,,,,,,,,,,,,,,,,,,,,,,,,,,,,,,,,,,,,,,,
C,favourite/dog,"5+ edge, dog +3.5 to +6.5",2015-18,12.0,6.0,6.0,0.0,0.5,-0.6,-0.0455,0.6755,0.1,0.715,False,False,4.0,False,1.0,4.0,,,,,,,,,,,,,,,,,,,,,,,,,,,,,,,,,,,,,,,,,
C,favourite/dog,"5+ edge, dog +3.5 to +6.5",2019-22,13.0,11.0,2.0,0.0,0.8462,8.8,0.6154,0.0173,0.1,0.025,False,False,4.0,False,4.0,4.0,,,,,,,,,,,,,,,,,,,,,,,,,,,,,,,,,,,,,,,,,
C,favourite/dog,"5+ edge, dog +3.5 to +6.5",2023-25,4.0,3.0,1.0,0.0,0.75,1.9,0.4318,0.349,0.1,0.755,False,False,4.0,False,1.0,2.0,,,,,,,,,,,,,,,,,,,,,,,,,,,,,,,,,,,,,,,,,
C,favourite/dog,"5+ edge, dog +3.5 to +6.5",2015-25,29.0,20.0,9.0,0.0,0.6897,10.1,0.3166,0.0532,0.1,0.1,False,False,4.0,False,6.0,10.0,,,,,,,,,,,,,,,,,,,,,,,,,,,,,,,,,,,,,,,,,
C,favourite/dog,"5+ edge, dog +3.5 to +6.5",2026,0.0,0.0,0.0,0.0,,0.0,,,0.1,,False,False,4.0,False,0.0,0.0,,,,,,,,,,,,,,,,,,,,,,,,,,,,,,,,,,,,,,,,,
C,favourite/dog,"5+ edge, dog +7 and up",2015-18,17.0,13.0,4.0,0.0,0.7647,8.6,0.4599,0.0381,0.57,0.02,False,False,6.0,False,3.0,4.0,,,,,,,,,,,,,,,,,,,,,,,,,,,,,,,,,,,,,,,,,
C,favourite/dog,"5+ edge, dog +7 and up",2019-22,23.0,10.0,13.0,0.0,0.4348,-4.3,-0.17,0.8562,0.57,0.975,False,False,6.0,False,1.0,4.0,,,,,,,,,,,,,,,,,,,,,,,,,,,,,,,,,,,,,,,,,
C,favourite/dog,"5+ edge, dog +7 and up",2023-25,6.0,4.0,2.0,0.0,0.6667,1.8,0.2727,0.3894,0.57,0.62,False,False,6.0,False,1.0,2.0,,,,,,,,,,,,,,,,,,,,,,,,,,,,,,,,,,,,,,,,,
C,favourite/dog,"5+ edge, dog +7 and up",2015-25,46.0,27.0,19.0,0.0,0.587,6.1,0.1206,0.2395,0.57,0.57,False,False,6.0,False,5.0,10.0,,,,,,,,,,,,,,,,,,,,,,,,,,,,,,,,,,,,,,,,,
C,favourite/dog,"5+ edge, dog +7 and up",2026,0.0,0.0,0.0,0.0,,0.0,,,0.57,,False,False,6.0,False,0.0,0.0,,,,,,,,,,,,,,,,,,,,,,,,,,,,,,,,,,,,,,,,,
C,thresholds,5.5+ edge (all),2015-18,35.0,17.0,18.0,0.0,0.4857,-2.8,-0.0727,0.7328,0.73,0.745,False,False,15.0,False,1.0,4.0,,,,,,,,,,,,,,,,,,,,,,,,,,,,,,,,,,,,,,,,,
C,thresholds,5.5+ edge (all),2019-22,44.0,24.0,20.0,0.0,0.5455,2.0,0.0413,0.4467,0.73,0.92,False,False,15.0,False,3.0,4.0,,,,,,,,,,,,,,,,,,,,,,,,,,,,,,,,,,,,,,,,,
C,thresholds,5.5+ edge (all),2023-25,15.0,11.0,4.0,1.0,0.7333,6.6,0.4,0.0843,0.73,0.21,False,False,15.0,False,3.0,3.0,,,,,,,,,,,,,,,,,,,,,,,,,,,,,,,,,,,,,,,,,
C,thresholds,5.5+ edge (all),2015-25,94.0,52.0,42.0,1.0,0.5532,5.8,0.0561,0.3208,0.73,0.73,False,False,15.0,False,7.0,11.0,,,,,,,,,,,,,,,,,,,,,,,,,,,,,,,,,,,,,,,,,
C,thresholds,5.5+ edge (all),2026,1.0,0.0,1.0,0.0,0.0,-1.1,-1.0,1.0,0.73,1.0,False,False,15.0,False,0.0,1.0,,,,,,,,,,,,,,,,,,,,,,,,,,,,,,,,,,,,,,,,,
C,favourite/dog,"5.5+ edge, our side the favourite",2015-18,9.0,3.0,6.0,0.0,0.3333,-3.6,-0.3636,0.9314,0.995,1.0,False,False,3.0,False,1.0,4.0,,,,,,,,,,,,,,,,,,,,,,,,,,,,,,,,,,,,,,,,,
C,favourite/dog,"5.5+ edge, our side the favourite",2019-22,5.0,2.0,3.0,0.0,0.4,-1.3,-0.2364,0.8408,0.995,0.845,False,False,3.0,False,2.0,4.0,,,,,,,,,,,,,,,,,,,,,,,,,,,,,,,,,,,,,,,,,
C,favourite/dog,"5.5+ edge, our side the favourite",2023-25,3.0,2.0,1.0,0.0,0.6667,0.9,0.2727,0.5357,0.995,1.0,False,False,3.0,False,1.0,1.0,,,,,,,,,,,,,,,,,,,,,,,,,,,,,,,,,,,,,,,,,
C,favourite/dog,"5.5+ edge, our side the favourite",2015-25,17.0,7.0,10.0,0.0,0.4118,-4.0,-0.2139,0.8786,0.995,0.995,False,False,3.0,False,4.0,9.0,,,,,,,,,,,,,,,,,,,,,,,,,,,,,,,,,,,,,,,,,
C,favourite/dog,"5.5+ edge, our side the favourite",2026,0.0,0.0,0.0,0.0,,0.0,,,0.995,,False,False,3.0,False,0.0,0.0,,,,,,,,,,,,,,,,,,,,,,,,,,,,,,,,,,,,,,,,,
C,favourite/dog,"5.5+ edge, our side the underdog",2015-18,26.0,14.0,12.0,0.0,0.5385,0.8,0.028,0.5198,0.06,0.055,False,False,12.0,True,2.0,4.0,,,,,,,,,,,,,,,,,,,,,,,,,,,,,,,,,,,,,,,,,
C,favourite/dog,"5.5+ edge, our side the underdog",2019-22,39.0,22.0,17.0,0.0,0.5641,3.3,0.0769,0.3667,0.06,0.495,False,False,12.0,True,3.0,4.0,,,,,,,,,,,,,,,,,,,,,,,,,,,,,,,,,,,,,,,,,
C,favourite/dog,"5.5+ edge, our side the underdog",2023-25,12.0,9.0,3.0,1.0,0.75,5.7,0.4318,0.0989,0.06,0.595,False,False,12.0,True,3.0,3.0,,,,,,,,,,,,,,,,,,,,,,,,,,,,,,,,,,,,,,,,,
C,favourite/dog,"5.5+ edge, our side the underdog",2015-25,77.0,45.0,32.0,1.0,0.5844,9.8,0.1157,0.1709,0.06,0.06,False,False,12.0,True,8.0,11.0,,,,,,,,,,,,,,,,,,,,,,,,,,,,,,,,,,,,,,,,,
C,favourite/dog,"5.5+ edge, our side the underdog",2026,1.0,0.0,1.0,0.0,0.0,-1.1,-1.0,1.0,0.06,1.0,False,False,12.0,True,0.0,1.0,,,,,,,,,,,,,,,,,,,,,,,,,,,,,,,,,,,,,,,,,
C,favourite/dog,"5.5+ edge, pick'em",2015-18,0.0,0.0,0.0,0.0,,0.0,,,,,False,False,0.0,False,0.0,0.0,,,,,,,,,,,,,,,,,,,,,,,,,,,,,,,,,,,,,,,,,
C,favourite/dog,"5.5+ edge, pick'em",2019-22,0.0,0.0,0.0,0.0,,0.0,,,,,False,False,0.0,False,0.0,0.0,,,,,,,,,,,,,,,,,,,,,,,,,,,,,,,,,,,,,,,,,
C,favourite/dog,"5.5+ edge, pick'em",2023-25,0.0,0.0,0.0,0.0,,0.0,,,,,False,False,0.0,False,0.0,0.0,,,,,,,,,,,,,,,,,,,,,,,,,,,,,,,,,,,,,,,,,
C,favourite/dog,"5.5+ edge, pick'em",2015-25,0.0,0.0,0.0,0.0,,0.0,,,,,False,False,0.0,False,0.0,0.0,,,,,,,,,,,,,,,,,,,,,,,,,,,,,,,,,,,,,,,,,
C,favourite/dog,"5.5+ edge, pick'em",2026,0.0,0.0,0.0,0.0,,0.0,,,,,False,False,0.0,False,0.0,0.0,,,,,,,,,,,,,,,,,,,,,,,,,,,,,,,,,,,,,,,,,
C,favourite/dog,"5.5+ edge, underdog or pick'em",2015-18,26.0,14.0,12.0,0.0,0.5385,0.8,0.028,0.5198,0.06,0.045,False,False,12.0,True,2.0,4.0,,,,,,,,,,,,,,,,,,,,,,,,,,,,,,,,,,,,,,,,,
C,favourite/dog,"5.5+ edge, underdog or pick'em",2019-22,39.0,22.0,17.0,0.0,0.5641,3.3,0.0769,0.3667,0.06,0.47,False,False,12.0,True,3.0,4.0,,,,,,,,,,,,,,,,,,,,,,,,,,,,,,,,,,,,,,,,,
C,favourite/dog,"5.5+ edge, underdog or pick'em",2023-25,12.0,9.0,3.0,1.0,0.75,5.7,0.4318,0.0989,0.06,0.58,False,False,12.0,True,3.0,3.0,,,,,,,,,,,,,,,,,,,,,,,,,,,,,,,,,,,,,,,,,
C,favourite/dog,"5.5+ edge, underdog or pick'em",2015-25,77.0,45.0,32.0,1.0,0.5844,9.8,0.1157,0.1709,0.06,0.06,False,False,12.0,True,8.0,11.0,,,,,,,,,,,,,,,,,,,,,,,,,,,,,,,,,,,,,,,,,
C,favourite/dog,"5.5+ edge, underdog or pick'em",2026,1.0,0.0,1.0,0.0,0.0,-1.1,-1.0,1.0,0.06,1.0,False,False,12.0,True,0.0,1.0,,,,,,,,,,,,,,,,,,,,,,,,,,,,,,,,,,,,,,,,,
C,favourite/dog,"5.5+ edge, home dog",2015-18,12.0,4.0,8.0,0.0,0.3333,-4.8,-0.3636,0.9474,0.83,0.925,False,False,5.0,False,1.0,4.0,,,,,,,,,,,,,,,,,,,,,,,,,,,,,,,,,,,,,,,,,
C,favourite/dog,"5.5+ edge, home dog",2019-22,25.0,13.0,12.0,0.0,0.52,-0.2,-0.0073,0.5951,0.83,0.76,False,False,5.0,False,2.0,4.0,,,,,,,,,,,,,,,,,,,,,,,,,,,,,,,,,,,,,,,,,
C,favourite/dog,"5.5+ edge, home dog",2023-25,5.0,4.0,1.0,1.0,0.8,2.9,0.5273,0.2187,0.83,0.495,False,False,5.0,False,2.0,3.0,,,,,,,,,,,,,,,,,,,,,,,,,,,,,,,,,,,,,,,,,
C,favourite/dog,"5.5+ edge, home dog",2015-25,42.0,21.0,21.0,1.0,0.5,-2.1,-0.0455,0.6789,0.83,0.83,False,False,5.0,False,5.0,11.0,,,,,,,,,,,,,,,,,,,,,,,,,,,,,,,,,,,,,,,,,
C,favourite/dog,"5.5+ edge, home dog",2026,1.0,0.0,1.0,0.0,0.0,-1.1,-1.0,1.0,0.83,1.0,False,False,5.0,False,0.0,1.0,,,,,,,,,,,,,,,,,,,,,,,,,,,,,,,,,,,,,,,,,
C,favourite/dog,"5.5+ edge, road dog",2015-18,14.0,10.0,4.0,0.0,0.7143,5.6,0.3636,0.1225,0.035,0.0,False,True,7.0,True,3.0,4.0,,,,,,,,,,,,,,,,,,,,,,,,,,,,,,,,,,,,,,,,,
C,favourite/dog,"5.5+ edge, road dog",2019-22,14.0,9.0,5.0,0.0,0.6429,3.5,0.2273,0.268,0.035,0.31,False,True,7.0,True,3.0,4.0,,,,,,,,,,,,,,,,,,,,,,,,,,,,,,,,,,,,,,,,,
C,favourite/dog,"5.5+ edge, road dog",2023-25,7.0,5.0,2.0,0.0,0.7143,2.8,0.3636,0.2675,0.035,0.515,False,True,7.0,True,3.0,3.0,,,,,,,,,,,,,,,,,,,,,,,,,,,,,,,,,,,,,,,,,
C,favourite/dog,"5.5+ edge, road dog",2015-25,35.0,24.0,11.0,0.0,0.6857,11.9,0.3091,0.0389,0.035,0.035,False,True,7.0,True,9.0,11.0,,,,,,,,,,,,,,,,,,,,,,,,,,,,,,,,,,,,,,,,,
C,favourite/dog,"5.5+ edge, road dog",2026,0.0,0.0,0.0,0.0,,0.0,,,0.035,,False,True,7.0,True,0.0,0.0,,,,,,,,,,,,,,,,,,,,,,,,,,,,,,,,,,,,,,,,,
C,favourite/dog,"5.5+ edge, home favourite",2015-18,9.0,3.0,6.0,0.0,0.3333,-3.6,-0.3636,0.9314,0.995,1.0,False,False,3.0,False,1.0,4.0,,,,,,,,,,,,,,,,,,,,,,,,,,,,,,,,,,,,,,,,,
C,favourite/dog,"5.5+ edge, home favourite",2019-22,5.0,2.0,3.0,0.0,0.4,-1.3,-0.2364,0.8408,0.995,0.875,False,False,3.0,False,2.0,4.0,,,,,,,,,,,,,,,,,,,,,,,,,,,,,,,,,,,,,,,,,
C,favourite/dog,"5.5+ edge, home favourite",2023-25,3.0,2.0,1.0,0.0,0.6667,0.9,0.2727,0.5357,0.995,1.0,False,False,3.0,False,1.0,1.0,,,,,,,,,,,,,,,,,,,,,,,,,,,,,,,,,,,,,,,,,
C,favourite/dog,"5.5+ edge, home favourite",2015-25,17.0,7.0,10.0,0.0,0.4118,-4.0,-0.2139,0.8786,0.995,0.995,False,False,3.0,False,4.0,9.0,,,,,,,,,,,,,,,,,,,,,,,,,,,,,,,,,,,,,,,,,
C,favourite/dog,"5.5+ edge, home favourite",2026,0.0,0.0,0.0,0.0,,0.0,,,0.995,,False,False,3.0,False,0.0,0.0,,,,,,,,,,,,,,,,,,,,,,,,,,,,,,,,,,,,,,,,,
C,favourite/dog,"5.5+ edge, road favourite",2015-18,0.0,0.0,0.0,0.0,,0.0,,,,,False,False,0.0,False,0.0,0.0,,,,,,,,,,,,,,,,,,,,,,,,,,,,,,,,,,,,,,,,,
C,favourite/dog,"5.5+ edge, road favourite",2019-22,0.0,0.0,0.0,0.0,,0.0,,,,,False,False,0.0,False,0.0,0.0,,,,,,,,,,,,,,,,,,,,,,,,,,,,,,,,,,,,,,,,,
C,favourite/dog,"5.5+ edge, road favourite",2023-25,0.0,0.0,0.0,0.0,,0.0,,,,,False,False,0.0,False,0.0,0.0,,,,,,,,,,,,,,,,,,,,,,,,,,,,,,,,,,,,,,,,,
C,favourite/dog,"5.5+ edge, road favourite",2015-25,0.0,0.0,0.0,0.0,,0.0,,,,,False,False,0.0,False,0.0,0.0,,,,,,,,,,,,,,,,,,,,,,,,,,,,,,,,,,,,,,,,,
C,favourite/dog,"5.5+ edge, road favourite",2026,0.0,0.0,0.0,0.0,,0.0,,,,,False,False,0.0,False,0.0,0.0,,,,,,,,,,,,,,,,,,,,,,,,,,,,,,,,,,,,,,,,,
C,favourite/dog,"5.5+ edge, dog +0.5 to +3",2015-18,7.0,4.0,3.0,0.0,0.5714,0.7,0.0909,0.552,0.325,0.445,False,False,5.0,True,2.0,4.0,,,,,,,,,,,,,,,,,,,,,,,,,,,,,,,,,,,,,,,,,
C,favourite/dog,"5.5+ edge, dog +0.5 to +3",2019-22,13.0,7.0,6.0,0.0,0.5385,0.4,0.028,0.5695,0.325,0.585,False,False,5.0,True,1.0,4.0,,,,,,,,,,,,,,,,,,,,,,,,,,,,,,,,,,,,,,,,,
C,favourite/dog,"5.5+ edge, dog +0.5 to +3",2023-25,5.0,4.0,1.0,1.0,0.8,2.9,0.5273,0.2187,0.325,0.485,False,False,5.0,True,2.0,3.0,,,,,,,,,,,,,,,,,,,,,,,,,,,,,,,,,,,,,,,,,
C,favourite/dog,"5.5+ edge, dog +0.5 to +3",2015-25,25.0,15.0,10.0,1.0,0.6,4.0,0.1455,0.2881,0.325,0.325,False,False,5.0,True,5.0,11.0,,,,,,,,,,,,,,,,,,,,,,,,,,,,,,,,,,,,,,,,,
C,favourite/dog,"5.5+ edge, dog +0.5 to +3",2026,1.0,0.0,1.0,0.0,0.0,-1.1,-1.0,1.0,0.325,1.0,False,False,5.0,True,0.0,1.0,,,,,,,,,,,,,,,,,,,,,,,,,,,,,,,,,,,,,,,,,
C,favourite/dog,"5.5+ edge, dog +3.5 to +6.5",2015-18,9.0,3.0,6.0,0.0,0.3333,-3.6,-0.3636,0.9314,0.34,0.935,False,False,3.0,False,1.0,4.0,,,,,,,,,,,,,,,,,,,,,,,,,,,,,,,,,,,,,,,,,
C,favourite/dog,"5.5+ edge, dog +3.5 to +6.5",2019-22,9.0,8.0,1.0,0.0,0.8889,6.9,0.697,0.0273,0.34,0.01,False,False,3.0,False,4.0,4.0,,,,,,,,,,,,,,,,,,,,,,,,,,,,,,,,,,,,,,,,,
C,favourite/dog,"5.5+ edge, dog +3.5 to +6.5",2023-25,3.0,2.0,1.0,0.0,0.6667,0.9,0.2727,0.5357,0.34,0.82,False,False,3.0,False,1.0,2.0,,,,,,,,,,,,,,,,,,,,,,,,,,,,,,,,,,,,,,,,,
C,favourite/dog,"5.5+ edge, dog +3.5 to +6.5",2015-25,21.0,13.0,8.0,0.0,0.619,4.2,0.1818,0.2573,0.34,0.34,False,False,3.0,False,6.0,10.0,,,,,,,,,,,,,,,,,,,,,,,,,,,,,,,,,,,,,,,,,
C,favourite/dog,"5.5+ edge, dog +3.5 to +6.5",2026,0.0,0.0,0.0,0.0,,0.0,,,0.34,,False,False,3.0,False,0.0,0.0,,,,,,,,,,,,,,,,,,,,,,,,,,,,,,,,,,,,,,,,,
C,favourite/dog,"5.5+ edge, dog +7 and up",2015-18,10.0,7.0,3.0,0.0,0.7,3.7,0.3364,0.2137,0.4,0.03,False,False,4.0,False,2.0,3.0,,,,,,,,,,,,,,,,,,,,,,,,,,,,,,,,,,,,,,,,,
C,favourite/dog,"5.5+ edge, dog +7 and up",2019-22,17.0,7.0,10.0,0.0,0.4118,-4.0,-0.2139,0.8786,0.4,0.965,False,False,4.0,False,1.0,4.0,,,,,,,,,,,,,,,,,,,,,,,,,,,,,,,,,,,,,,,,,
C,favourite/dog,"5.5+ edge, dog +7 and up",2023-25,4.0,3.0,1.0,0.0,0.75,1.9,0.4318,0.349,0.4,0.425,False,False,4.0,False,2.0,2.0,,,,,,,,,,,,,,,,,,,,,,,,,,,,,,,,,,,,,,,,,
C,favourite/dog,"5.5+ edge, dog +7 and up",2015-25,31.0,17.0,14.0,0.0,0.5484,1.6,0.0469,0.4637,0.4,0.4,False,False,4.0,False,5.0,9.0,,,,,,,,,,,,,,,,,,,,,,,,,,,,,,,,,,,,,,,,,
C,favourite/dog,"5.5+ edge, dog +7 and up",2026,0.0,0.0,0.0,0.0,,0.0,,,0.4,,False,False,4.0,False,0.0,0.0,,,,,,,,,,,,,,,,,,,,,,,,,,,,,,,,,,,,,,,,,
C,thresholds,6+ edge (all),2015-18,18.0,7.0,11.0,0.0,0.3889,-5.1,-0.2576,0.9168,0.79,0.885,False,False,11.0,False,1.0,4.0,,,,,,,,,,,,,,,,,,,,,,,,,,,,,,,,,,,,,,,,,
C,thresholds,6+ edge (all),2019-22,27.0,15.0,12.0,0.0,0.5556,1.8,0.0606,0.4467,0.79,0.885,False,False,11.0,False,1.0,4.0,,,,,,,,,,,,,,,,,,,,,,,,,,,,,,,,,,,,,,,,,
C,thresholds,6+ edge (all),2023-25,11.0,8.0,3.0,0.0,0.7273,4.7,0.3884,0.147,0.79,0.31,False,False,11.0,False,3.0,3.0,,,,,,,,,,,,,,,,,,,,,,,,,,,,,,,,,,,,,,,,,
C,thresholds,6+ edge (all),2015-25,56.0,30.0,26.0,0.0,0.5357,1.4,0.0227,0.4831,0.79,0.79,False,False,11.0,False,5.0,11.0,,,,,,,,,,,,,,,,,,,,,,,,,,,,,,,,,,,,,,,,,
C,thresholds,6+ edge (all),2026,1.0,0.0,1.0,0.0,0.0,-1.1,-1.0,1.0,0.79,1.0,False,False,11.0,False,0.0,1.0,,,,,,,,,,,,,,,,,,,,,,,,,,,,,,,,,,,,,,,,,
C,favourite/dog,"6+ edge, our side the favourite",2015-18,5.0,1.0,4.0,0.0,0.2,-3.4,-0.6182,0.9755,0.965,1.0,False,False,2.0,False,0.0,4.0,,,,,,,,,,,,,,,,,,,,,,,,,,,,,,,,,,,,,,,,,
C,favourite/dog,"6+ edge, our side the favourite",2019-22,2.0,1.0,1.0,0.0,0.5,-0.1,-0.0455,0.7732,0.965,0.8,False,False,2.0,False,1.0,2.0,,,,,,,,,,,,,,,,,,,,,,,,,,,,,,,,,,,,,,,,,
C,favourite/dog,"6+ edge, our side the favourite",2023-25,3.0,2.0,1.0,0.0,0.6667,0.9,0.2727,0.5357,0.965,1.0,False,False,2.0,False,1.0,1.0,,,,,,,,,,,,,,,,,,,,,,,,,,,,,,,,,,,,,,,,,
C,favourite/dog,"6+ edge, our side the favourite",2015-25,10.0,4.0,6.0,0.0,0.4,-2.6,-0.2364,0.8644,0.965,0.965,False,False,2.0,False,2.0,7.0,,,,,,,,,,,,,,,,,,,,,,,,,,,,,,,,,,,,,,,,,
C,favourite/dog,"6+ edge, our side the favourite",2026,0.0,0.0,0.0,0.0,,0.0,,,0.965,,False,False,2.0,False,0.0,0.0,,,,,,,,,,,,,,,,,,,,,,,,,,,,,,,,,,,,,,,,,
C,favourite/dog,"6+ edge, our side the underdog",2015-18,13.0,6.0,7.0,0.0,0.4615,-1.7,-0.1189,0.7663,0.165,0.18,False,False,8.0,False,2.0,4.0,,,,,,,,,,,,,,,,,,,,,,,,,,,,,,,,,,,,,,,,,
C,favourite/dog,"6+ edge, our side the underdog",2019-22,25.0,14.0,11.0,0.0,0.56,1.9,0.0691,0.4371,0.165,0.69,False,False,8.0,False,1.0,4.0,,,,,,,,,,,,,,,,,,,,,,,,,,,,,,,,,,,,,,,,,
C,favourite/dog,"6+ edge, our side the underdog",2023-25,8.0,6.0,2.0,0.0,0.75,3.8,0.4318,0.178,0.165,1.0,False,False,8.0,False,2.0,2.0,,,,,,,,,,,,,,,,,,,,,,,,,,,,,,,,,,,,,,,,,
C,favourite/dog,"6+ edge, our side the underdog",2015-25,46.0,26.0,20.0,0.0,0.5652,4.0,0.0791,0.3401,0.165,0.165,False,False,8.0,False,5.0,10.0,,,,,,,,,,,,,,,,,,,,,,,,,,,,,,,,,,,,,,,,,
C,favourite/dog,"6+ edge, our side the underdog",2026,1.0,0.0,1.0,0.0,0.0,-1.1,-1.0,1.0,0.165,1.0,False,False,8.0,False,0.0,1.0,,,,,,,,,,,,,,,,,,,,,,,,,,,,,,,,,,,,,,,,,
C,favourite/dog,"6+ edge, pick'em",2015-18,0.0,0.0,0.0,0.0,,0.0,,,,,False,False,0.0,False,0.0,0.0,,,,,,,,,,,,,,,,,,,,,,,,,,,,,,,,,,,,,,,,,
C,favourite/dog,"6+ edge, pick'em",2019-22,0.0,0.0,0.0,0.0,,0.0,,,,,False,False,0.0,False,0.0,0.0,,,,,,,,,,,,,,,,,,,,,,,,,,,,,,,,,,,,,,,,,
C,favourite/dog,"6+ edge, pick'em",2023-25,0.0,0.0,0.0,0.0,,0.0,,,,,False,False,0.0,False,0.0,0.0,,,,,,,,,,,,,,,,,,,,,,,,,,,,,,,,,,,,,,,,,
C,favourite/dog,"6+ edge, pick'em",2015-25,0.0,0.0,0.0,0.0,,0.0,,,,,False,False,0.0,False,0.0,0.0,,,,,,,,,,,,,,,,,,,,,,,,,,,,,,,,,,,,,,,,,
C,favourite/dog,"6+ edge, pick'em",2026,0.0,0.0,0.0,0.0,,0.0,,,,,False,False,0.0,False,0.0,0.0,,,,,,,,,,,,,,,,,,,,,,,,,,,,,,,,,,,,,,,,,
C,favourite/dog,"6+ edge, underdog or pick'em",2015-18,13.0,6.0,7.0,0.0,0.4615,-1.7,-0.1189,0.7663,0.245,0.245,False,False,8.0,False,2.0,4.0,,,,,,,,,,,,,,,,,,,,,,,,,,,,,,,,,,,,,,,,,
C,favourite/dog,"6+ edge, underdog or pick'em",2019-22,25.0,14.0,11.0,0.0,0.56,1.9,0.0691,0.4371,0.245,0.72,False,False,8.0,False,1.0,4.0,,,,,,,,,,,,,,,,,,,,,,,,,,,,,,,,,,,,,,,,,
C,favourite/dog,"6+ edge, underdog or pick'em",2023-25,8.0,6.0,2.0,0.0,0.75,3.8,0.4318,0.178,0.245,1.0,False,False,8.0,False,2.0,2.0,,,,,,,,,,,,,,,,,,,,,,,,,,,,,,,,,,,,,,,,,
C,favourite/dog,"6+ edge, underdog or pick'em",2015-25,46.0,26.0,20.0,0.0,0.5652,4.0,0.0791,0.3401,0.245,0.245,False,False,8.0,False,5.0,10.0,,,,,,,,,,,,,,,,,,,,,,,,,,,,,,,,,,,,,,,,,
C,favourite/dog,"6+ edge, underdog or pick'em",2026,1.0,0.0,1.0,0.0,0.0,-1.1,-1.0,1.0,0.245,1.0,False,False,8.0,False,0.0,1.0,,,,,,,,,,,,,,,,,,,,,,,,,,,,,,,,,,,,,,,,,
C,favourite/dog,"6+ edge, home dog",2015-18,6.0,1.0,5.0,0.0,0.1667,-4.5,-0.6818,0.9883,0.845,0.98,False,False,3.0,False,0.0,3.0,,,,,,,,,,,,,,,,,,,,,,,,,,,,,,,,,,,,,,,,,
C,favourite/dog,"6+ edge, home dog",2019-22,16.0,9.0,7.0,0.0,0.5625,1.3,0.0739,0.478,0.845,0.65,False,False,3.0,False,2.0,4.0,,,,,,,,,,,,,,,,,,,,,,,,,,,,,,,,,,,,,,,,,
C,favourite/dog,"6+ edge, home dog",2023-25,3.0,2.0,1.0,0.0,0.6667,0.9,0.2727,0.5357,0.845,0.84,False,False,3.0,False,1.0,1.0,,,,,,,,,,,,,,,,,,,,,,,,,,,,,,,,,,,,,,,,,
C,favourite/dog,"6+ edge, home dog",2015-25,25.0,12.0,13.0,0.0,0.48,-2.3,-0.0836,0.7387,0.845,0.845,False,False,3.0,False,3.0,8.0,,,,,,,,,,,,,,,,,,,,,,,,,,,,,,,,,,,,,,,,,
C,favourite/dog,"6+ edge, home dog",2026,1.0,0.0,1.0,0.0,0.0,-1.1,-1.0,1.0,0.845,1.0,False,False,3.0,False,0.0,1.0,,,,,,,,,,,,,,,,,,,,,,,,,,,,,,,,,,,,,,,,,
C,favourite/dog,"6+ edge, road dog",2015-18,7.0,5.0,2.0,0.0,0.7143,2.8,0.3636,0.2675,0.085,0.04,False,False,5.0,True,3.0,4.0,,,,,,,,,,,,,,,,,,,,,,,,,,,,,,,,,,,,,,,,,
C,favourite/dog,"6+ edge, road dog",2019-22,9.0,5.0,4.0,0.0,0.5556,0.6,0.0606,0.5584,0.085,0.585,False,False,5.0,True,1.0,4.0,,,,,,,,,,,,,,,,,,,,,,,,,,,,,,,,,,,,,,,,,
C,favourite/dog,"6+ edge, road dog",2023-25,5.0,4.0,1.0,0.0,0.8,2.9,0.5273,0.2187,0.085,0.67,False,False,5.0,True,2.0,2.0,,,,,,,,,,,,,,,,,,,,,,,,,,,,,,,,,,,,,,,,,
C,favourite/dog,"6+ edge, road dog",2015-25,21.0,14.0,7.0,0.0,0.6667,6.3,0.2727,0.1371,0.085,0.085,False,False,5.0,True,6.0,10.0,,,,,,,,,,,,,,,,,,,,,,,,,,,,,,,,,,,,,,,,,
C,favourite/dog,"6+ edge, road dog",2026,0.0,0.0,0.0,0.0,,0.0,,,0.085,,False,False,5.0,True,0.0,0.0,,,,,,,,,,,,,,,,,,,,,,,,,,,,,,,,,,,,,,,,,
C,favourite/dog,"6+ edge, home favourite",2015-18,5.0,1.0,4.0,0.0,0.2,-3.4,-0.6182,0.9755,0.97,1.0,False,False,2.0,False,0.0,4.0,,,,,,,,,,,,,,,,,,,,,,,,,,,,,,,,,,,,,,,,,
C,favourite/dog,"6+ edge, home favourite",2019-22,2.0,1.0,1.0,0.0,0.5,-0.1,-0.0455,0.7732,0.97,0.85,False,False,2.0,False,1.0,2.0,,,,,,,,,,,,,,,,,,,,,,,,,,,,,,,,,,,,,,,,,
C,favourite/dog,"6+ edge, home favourite",2023-25,3.0,2.0,1.0,0.0,0.6667,0.9,0.2727,0.5357,0.97,1.0,False,False,2.0,False,1.0,1.0,,,,,,,,,,,,,,,,,,,,,,,,,,,,,,,,,,,,,,,,,
C,favourite/dog,"6+ edge, home favourite",2015-25,10.0,4.0,6.0,0.0,0.4,-2.6,-0.2364,0.8644,0.97,0.97,False,False,2.0,False,2.0,7.0,,,,,,,,,,,,,,,,,,,,,,,,,,,,,,,,,,,,,,,,,
C,favourite/dog,"6+ edge, home favourite",2026,0.0,0.0,0.0,0.0,,0.0,,,0.97,,False,False,2.0,False,0.0,0.0,,,,,,,,,,,,,,,,,,,,,,,,,,,,,,,,,,,,,,,,,
C,favourite/dog,"6+ edge, road favourite",2015-18,0.0,0.0,0.0,0.0,,0.0,,,,,False,False,0.0,False,0.0,0.0,,,,,,,,,,,,,,,,,,,,,,,,,,,,,,,,,,,,,,,,,
C,favourite/dog,"6+ edge, road favourite",2019-22,0.0,0.0,0.0,0.0,,0.0,,,,,False,False,0.0,False,0.0,0.0,,,,,,,,,,,,,,,,,,,,,,,,,,,,,,,,,,,,,,,,,
C,favourite/dog,"6+ edge, road favourite",2023-25,0.0,0.0,0.0,0.0,,0.0,,,,,False,False,0.0,False,0.0,0.0,,,,,,,,,,,,,,,,,,,,,,,,,,,,,,,,,,,,,,,,,
C,favourite/dog,"6+ edge, road favourite",2015-25,0.0,0.0,0.0,0.0,,0.0,,,,,False,False,0.0,False,0.0,0.0,,,,,,,,,,,,,,,,,,,,,,,,,,,,,,,,,,,,,,,,,
C,favourite/dog,"6+ edge, road favourite",2026,0.0,0.0,0.0,0.0,,0.0,,,,,False,False,0.0,False,0.0,0.0,,,,,,,,,,,,,,,,,,,,,,,,,,,,,,,,,,,,,,,,,
C,favourite/dog,"6+ edge, dog +0.5 to +3",2015-18,3.0,1.0,2.0,0.0,0.3333,-1.2,-0.3636,0.892,0.79,0.66,False,False,3.0,False,1.0,3.0,,,,,,,,,,,,,,,,,,,,,,,,,,,,,,,,,,,,,,,,,
C,favourite/dog,"6+ edge, dog +0.5 to +3",2019-22,7.0,3.0,4.0,0.0,0.4286,-1.4,-0.1818,0.8106,0.79,0.86,False,False,3.0,False,0.0,3.0,,,,,,,,,,,,,,,,,,,,,,,,,,,,,,,,,,,,,,,,,
C,favourite/dog,"6+ edge, dog +0.5 to +3",2023-25,3.0,2.0,1.0,0.0,0.6667,0.9,0.2727,0.5357,0.79,0.865,False,False,3.0,False,1.0,1.0,,,,,,,,,,,,,,,,,,,,,,,,,,,,,,,,,,,,,,,,,
C,favourite/dog,"6+ edge, dog +0.5 to +3",2015-25,13.0,6.0,7.0,0.0,0.4615,-1.7,-0.1189,0.7663,0.79,0.79,False,False,3.0,False,2.0,7.0,,,,,,,,,,,,,,,,,,,,,,,,,,,,,,,,,,,,,,,,,
C,favourite/dog,"6+ edge, dog +0.5 to +3",2026,1.0,0.0,1.0,0.0,0.0,-1.1,-1.0,1.0,0.79,1.0,False,False,3.0,False,0.0,1.0,,,,,,,,,,,,,,,,,,,,,,,,,,,,,,,,,,,,,,,,,
C,favourite/dog,"6+ edge, dog +3.5 to +6.5",2015-18,5.0,1.0,4.0,0.0,0.2,-3.4,-0.6182,0.9755,0.265,0.96,False,False,2.0,False,1.0,3.0,,,,,,,,,,,,,,,,,,,,,,,,,,,,,,,,,,,,,,,,,
C,favourite/dog,"6+ edge, dog +3.5 to +6.5",2019-22,6.0,6.0,0.0,0.0,1.0,6.0,0.9091,0.0207,0.265,0.04,False,False,2.0,False,3.0,3.0,,,,,,,,,,,,,,,,,,,,,,,,,,,,,,,,,,,,,,,,,
C,favourite/dog,"6+ edge, dog +3.5 to +6.5",2023-25,2.0,1.0,1.0,0.0,0.5,-0.1,-0.0455,0.7732,0.265,0.96,False,False,2.0,False,0.0,1.0,,,,,,,,,,,,,,,,,,,,,,,,,,,,,,,,,,,,,,,,,
C,favourite/dog,"6+ edge, dog +3.5 to +6.5",2015-25,13.0,8.0,5.0,0.0,0.6154,2.5,0.1748,0.353,0.265,0.265,False,False,2.0,False,4.0,7.0,,,,,,,,,,,,,,,,,,,,,,,,,,,,,,,,,,,,,,,,,
C,favourite/dog,"6+ edge, dog +3.5 to +6.5",2026,0.0,0.0,0.0,0.0,,0.0,,,0.265,,False,False,2.0,False,0.0,0.0,,,,,,,,,,,,,,,,,,,,,,,,,,,,,,,,,,,,,,,,,
C,favourite/dog,"6+ edge, dog +7 and up",2015-18,5.0,4.0,1.0,0.0,0.8,2.9,0.5273,0.2187,0.45,0.09,False,False,3.0,False,2.0,2.0,,,,,,,,,,,,,,,,,,,,,,,,,,,,,,,,,,,,,,,,,
C,favourite/dog,"6+ edge, dog +7 and up",2019-22,12.0,5.0,7.0,0.0,0.4167,-2.7,-0.2045,0.8489,0.45,0.965,False,False,3.0,False,0.0,4.0,,,,,,,,,,,,,,,,,,,,,,,,,,,,,,,,,,,,,,,,,
C,favourite/dog,"6+ edge, dog +7 and up",2023-25,3.0,3.0,0.0,0.0,1.0,3.0,0.9091,0.1437,0.45,0.555,False,False,3.0,False,2.0,2.0,,,,,,,,,,,,,,,,,,,,,,,,,,,,,,,,,,,,,,,,,
C,favourite/dog,"6+ edge, dog +7 and up",2015-25,20.0,12.0,8.0,0.0,0.6,3.2,0.1455,0.325,0.45,0.45,False,False,3.0,False,4.0,8.0,,,,,,,,,,,,,,,,,,,,,,,,,,,,,,,,,,,,,,,,,
C,favourite/dog,"6+ edge, dog +7 and up",2026,0.0,0.0,0.0,0.0,,0.0,,,0.45,,False,False,3.0,False,0.0,0.0,,,,,,,,,,,,,,,,,,,,,,,,,,,,,,,,,,,,,,,,,
C,thresholds,7+ edge (all),2015-18,7.0,1.0,6.0,0.0,0.1429,-5.6,-0.7273,0.9944,0.86,0.98,False,False,4.0,False,1.0,4.0,,,,,,,,,,,,,,,,,,,,,,,,,,,,,,,,,,,,,,,,,
C,thresholds,7+ edge (all),2019-22,10.0,5.0,5.0,0.0,0.5,-0.5,-0.0455,0.6801,0.86,0.925,False,False,4.0,False,1.0,4.0,,,,,,,,,,,,,,,,,,,,,,,,,,,,,,,,,,,,,,,,,
C,thresholds,7+ edge (all),2023-25,4.0,4.0,0.0,0.0,1.0,4.0,0.9091,0.0753,0.86,0.115,False,False,4.0,False,2.0,2.0,,,,,,,,,,,,,,,,,,,,,,,,,,,,,,,,,,,,,,,,,
C,thresholds,7+ edge (all),2015-25,21.0,10.0,11.0,0.0,0.4762,-2.1,-0.0909,0.744,0.86,0.86,False,False,4.0,False,4.0,10.0,,,,,,,,,,,,,,,,,,,,,,,,,,,,,,,,,,,,,,,,,
C,thresholds,7+ edge (all),2026,1.0,0.0,1.0,0.0,0.0,-1.1,-1.0,1.0,0.86,1.0,False,False,4.0,False,0.0,1.0,,,,,,,,,,,,,,,,,,,,,,,,,,,,,,,,,,,,,,,,,
C,favourite/dog,"7+ edge, our side the favourite",2015-18,3.0,0.0,3.0,0.0,0.0,-3.3,-1.0,1.0,0.51,1.0,False,False,2.0,False,0.0,3.0,,,,,,,,,,,,,,,,,,,,,,,,,,,,,,,,,,,,,,,,,
C,favourite/dog,"7+ edge, our side the favourite",2019-22,2.0,1.0,1.0,0.0,0.5,-0.1,-0.0455,0.7732,0.51,0.51,False,False,2.0,False,1.0,2.0,,,,,,,,,,,,,,,,,,,,,,,,,,,,,,,,,,,,,,,,,
C,favourite/dog,"7+ edge, our side the favourite",2023-25,2.0,2.0,0.0,0.0,1.0,2.0,0.9091,0.2744,0.51,1.0,False,False,2.0,False,1.0,1.0,,,,,,,,,,,,,,,,,,,,,,,,,,,,,,,,,,,,,,,,,
C,favourite/dog,"7+ edge, our side the favourite",2015-25,7.0,3.0,4.0,0.0,0.4286,-1.4,-0.1818,0.8106,0.51,0.51,False,False,2.0,False,2.0,6.0,,,,,,,,,,,,,,,,,,,,,,,,,,,,,,,,,,,,,,,,,
C,favourite/dog,"7+ edge, our side the favourite",2026,0.0,0.0,0.0,0.0,,0.0,,,0.51,,False,False,2.0,False,0.0,0.0,,,,,,,,,,,,,,,,,,,,,,,,,,,,,,,,,,,,,,,,,
C,favourite/dog,"7+ edge, our side the underdog",2015-18,4.0,1.0,3.0,0.0,0.25,-2.3,-0.5227,0.9486,1.0,1.0,False,False,2.0,False,1.0,3.0,,,,,,,,,,,,,,,,,,,,,,,,,,,,,,,,,,,,,,,,,
C,favourite/dog,"7+ edge, our side the underdog",2019-22,8.0,4.0,4.0,0.0,0.5,-0.4,-0.0455,0.6874,1.0,1.0,False,False,2.0,False,1.0,3.0,,,,,,,,,,,,,,,,,,,,,,,,,,,,,,,,,,,,,,,,,
C,favourite/dog,"7+ edge, our side the underdog",2023-25,2.0,2.0,0.0,0.0,1.0,2.0,0.9091,0.2744,1.0,1.0,False,False,2.0,False,1.0,1.0,,,,,,,,,,,,,,,,,,,,,,,,,,,,,,,,,,,,,,,,,
C,favourite/dog,"7+ edge, our side the underdog",2015-25,14.0,7.0,7.0,0.0,0.5,-0.7,-0.0455,0.6726,1.0,1.0,False,False,2.0,False,3.0,7.0,,,,,,,,,,,,,,,,,,,,,,,,,,,,,,,,,,,,,,,,,
C,favourite/dog,"7+ edge, our side the underdog",2026,1.0,0.0,1.0,0.0,0.0,-1.1,-1.0,1.0,1.0,1.0,False,False,2.0,False,0.0,1.0,,,,,,,,,,,,,,,,,,,,,,,,,,,,,,,,,,,,,,,,,
C,favourite/dog,"7+ edge, pick'em",2015-18,0.0,0.0,0.0,0.0,,0.0,,,,,False,False,0.0,False,0.0,0.0,,,,,,,,,,,,,,,,,,,,,,,,,,,,,,,,,,,,,,,,,
C,favourite/dog,"7+ edge, pick'em",2019-22,0.0,0.0,0.0,0.0,,0.0,,,,,False,False,0.0,False,0.0,0.0,,,,,,,,,,,,,,,,,,,,,,,,,,,,,,,,,,,,,,,,,
C,favourite/dog,"7+ edge, pick'em",2023-25,0.0,0.0,0.0,0.0,,0.0,,,,,False,False,0.0,False,0.0,0.0,,,,,,,,,,,,,,,,,,,,,,,,,,,,,,,,,,,,,,,,,
C,favourite/dog,"7+ edge, pick'em",2015-25,0.0,0.0,0.0,0.0,,0.0,,,,,False,False,0.0,False,0.0,0.0,,,,,,,,,,,,,,,,,,,,,,,,,,,,,,,,,,,,,,,,,
C,favourite/dog,"7+ edge, pick'em",2026,0.0,0.0,0.0,0.0,,0.0,,,,,False,False,0.0,False,0.0,0.0,,,,,,,,,,,,,,,,,,,,,,,,,,,,,,,,,,,,,,,,,
C,favourite/dog,"7+ edge, underdog or pick'em",2015-18,4.0,1.0,3.0,0.0,0.25,-2.3,-0.5227,0.9486,1.0,1.0,False,False,2.0,False,1.0,3.0,,,,,,,,,,,,,,,,,,,,,,,,,,,,,,,,,,,,,,,,,
C,favourite/dog,"7+ edge, underdog or pick'em",2019-22,8.0,4.0,4.0,0.0,0.5,-0.4,-0.0455,0.6874,1.0,1.0,False,False,2.0,False,1.0,3.0,,,,,,,,,,,,,,,,,,,,,,,,,,,,,,,,,,,,,,,,,
C,favourite/dog,"7+ edge, underdog or pick'em",2023-25,2.0,2.0,0.0,0.0,1.0,2.0,0.9091,0.2744,1.0,1.0,False,False,2.0,False,1.0,1.0,,,,,,,,,,,,,,,,,,,,,,,,,,,,,,,,,,,,,,,,,
C,favourite/dog,"7+ edge, underdog or pick'em",2015-25,14.0,7.0,7.0,0.0,0.5,-0.7,-0.0455,0.6726,1.0,1.0,False,False,2.0,False,3.0,7.0,,,,,,,,,,,,,,,,,,,,,,,,,,,,,,,,,,,,,,,,,
C,favourite/dog,"7+ edge, underdog or pick'em",2026,1.0,0.0,1.0,0.0,0.0,-1.1,-1.0,1.0,1.0,1.0,False,False,2.0,False,0.0,1.0,,,,,,,,,,,,,,,,,,,,,,,,,,,,,,,,,,,,,,,,,
C,favourite/dog,"7+ edge, home dog",2015-18,2.0,0.0,2.0,0.0,0.0,-2.2,-1.0,1.0,1.0,1.0,False,False,1.0,False,0.0,2.0,,,,,,,,,,,,,,,,,,,,,,,,,,,,,,,,,,,,,,,,,
C,favourite/dog,"7+ edge, home dog",2019-22,6.0,2.0,4.0,0.0,0.3333,-2.4,-0.3636,0.9114,1.0,1.0,False,False,1.0,False,0.0,2.0,,,,,,,,,,,,,,,,,,,,,,,,,,,,,,,,,,,,,,,,,
C,favourite/dog,"7+ edge, home dog",2023-25,1.0,1.0,0.0,0.0,1.0,1.0,0.9091,0.5238,1.0,1.0,False,False,1.0,False,1.0,1.0,,,,,,,,,,,,,,,,,,,,,,,,,,,,,,,,,,,,,,,,,
C,favourite/dog,"7+ edge, home dog",2015-25,9.0,3.0,6.0,0.0,0.3333,-3.6,-0.3636,0.9314,1.0,1.0,False,False,1.0,False,1.0,5.0,,,,,,,,,,,,,,,,,,,,,,,,,,,,,,,,,,,,,,,,,
C,favourite/dog,"7+ edge, home dog",2026,1.0,0.0,1.0,0.0,0.0,-1.1,-1.0,1.0,1.0,1.0,False,False,1.0,False,0.0,1.0,,,,,,,,,,,,,,,,,,,,,,,,,,,,,,,,,,,,,,,,,
C,favourite/dog,"7+ edge, road dog",2015-18,2.0,1.0,1.0,0.0,0.5,-0.1,-0.0455,0.7732,0.5,1.0,False,False,1.0,False,1.0,2.0,,,,,,,,,,,,,,,,,,,,,,,,,,,,,,,,,,,,,,,,,
C,favourite/dog,"7+ edge, road dog",2019-22,2.0,2.0,0.0,0.0,1.0,2.0,0.9091,0.2744,0.5,0.5,False,False,1.0,False,2.0,2.0,,,,,,,,,,,,,,,,,,,,,,,,,,,,,,,,,,,,,,,,,
C,favourite/dog,"7+ edge, road dog",2023-25,1.0,1.0,0.0,0.0,1.0,1.0,0.9091,0.5238,0.5,1.0,False,False,1.0,False,1.0,1.0,,,,,,,,,,,,,,,,,,,,,,,,,,,,,,,,,,,,,,,,,
C,favourite/dog,"7+ edge, road dog",2015-25,5.0,4.0,1.0,0.0,0.8,2.9,0.5273,0.2187,0.5,0.5,False,False,1.0,False,4.0,5.0,,,,,,,,,,,,,,,,,,,,,,,,,,,,,,,,,,,,,,,,,
C,favourite/dog,"7+ edge, road dog",2026,0.0,0.0,0.0,0.0,,0.0,,,0.5,,False,False,1.0,False,0.0,0.0,,,,,,,,,,,,,,,,,,,,,,,,,,,,,,,,,,,,,,,,,
C,favourite/dog,"7+ edge, home favourite",2015-18,3.0,0.0,3.0,0.0,0.0,-3.3,-1.0,1.0,0.545,1.0,False,False,2.0,False,0.0,3.0,,,,,,,,,,,,,,,,,,,,,,,,,,,,,,,,,,,,,,,,,
C,favourite/dog,"7+ edge, home favourite",2019-22,2.0,1.0,1.0,0.0,0.5,-0.1,-0.0455,0.7732,0.545,0.545,False,False,2.0,False,1.0,2.0,,,,,,,,,,,,,,,,,,,,,,,,,,,,,,,,,,,,,,,,,
C,favourite/dog,"7+ edge, home favourite",2023-25,2.0,2.0,0.0,0.0,1.0,2.0,0.9091,0.2744,0.545,1.0,False,False,2.0,False,1.0,1.0,,,,,,,,,,,,,,,,,,,,,,,,,,,,,,,,,,,,,,,,,
C,favourite/dog,"7+ edge, home favourite",2015-25,7.0,3.0,4.0,0.0,0.4286,-1.4,-0.1818,0.8106,0.545,0.545,False,False,2.0,False,2.0,6.0,,,,,,,,,,,,,,,,,,,,,,,,,,,,,,,,,,,,,,,,,
C,favourite/dog,"7+ edge, home favourite",2026,0.0,0.0,0.0,0.0,,0.0,,,0.545,,False,False,2.0,False,0.0,0.0,,,,,,,,,,,,,,,,,,,,,,,,,,,,,,,,,,,,,,,,,
C,favourite/dog,"7+ edge, road favourite",2015-18,0.0,0.0,0.0,0.0,,0.0,,,,,False,False,0.0,False,0.0,0.0,,,,,,,,,,,,,,,,,,,,,,,,,,,,,,,,,,,,,,,,,
C,favourite/dog,"7+ edge, road favourite",2019-22,0.0,0.0,0.0,0.0,,0.0,,,,,False,False,0.0,False,0.0,0.0,,,,,,,,,,,,,,,,,,,,,,,,,,,,,,,,,,,,,,,,,
C,favourite/dog,"7+ edge, road favourite",2023-25,0.0,0.0,0.0,0.0,,0.0,,,,,False,False,0.0,False,0.0,0.0,,,,,,,,,,,,,,,,,,,,,,,,,,,,,,,,,,,,,,,,,
C,favourite/dog,"7+ edge, road favourite",2015-25,0.0,0.0,0.0,0.0,,0.0,,,,,False,False,0.0,False,0.0,0.0,,,,,,,,,,,,,,,,,,,,,,,,,,,,,,,,,,,,,,,,,
C,favourite/dog,"7+ edge, road favourite",2026,0.0,0.0,0.0,0.0,,0.0,,,,,False,False,0.0,False,0.0,0.0,,,,,,,,,,,,,,,,,,,,,,,,,,,,,,,,,,,,,,,,,
C,favourite/dog,"7+ edge, dog +0.5 to +3",2015-18,1.0,0.0,1.0,0.0,0.0,-1.1,-1.0,1.0,0.825,1.0,False,False,0.0,False,0.0,1.0,,,,,,,,,,,,,,,,,,,,,,,,,,,,,,,,,,,,,,,,,
C,favourite/dog,"7+ edge, dog +0.5 to +3",2019-22,2.0,1.0,1.0,0.0,0.5,-0.1,-0.0455,0.7732,0.825,0.825,False,False,0.0,False,0.0,1.0,,,,,,,,,,,,,,,,,,,,,,,,,,,,,,,,,,,,,,,,,
C,favourite/dog,"7+ edge, dog +0.5 to +3",2023-25,0.0,0.0,0.0,0.0,,0.0,,,0.825,,False,False,0.0,False,0.0,0.0,,,,,,,,,,,,,,,,,,,,,,,,,,,,,,,,,,,,,,,,,
C,favourite/dog,"7+ edge, dog +0.5 to +3",2015-25,3.0,1.0,2.0,0.0,0.3333,-1.2,-0.3636,0.892,0.825,0.825,False,False,0.0,False,0.0,2.0,,,,,,,,,,,,,,,,,,,,,,,,,,,,,,,,,,,,,,,,,
C,favourite/dog,"7+ edge, dog +0.5 to +3",2026,1.0,0.0,1.0,0.0,0.0,-1.1,-1.0,1.0,0.825,1.0,False,False,0.0,False,0.0,1.0,,,,,,,,,,,,,,,,,,,,,,,,,,,,,,,,,,,,,,,,,
C,favourite/dog,"7+ edge, dog +3.5 to +6.5",2015-18,2.0,0.0,2.0,0.0,0.0,-2.2,-1.0,1.0,0.505,1.0,False,False,0.0,False,0.0,2.0,,,,,,,,,,,,,,,,,,,,,,,,,,,,,,,,,,,,,,,,,
C,favourite/dog,"7+ edge, dog +3.5 to +6.5",2019-22,1.0,1.0,0.0,0.0,1.0,1.0,0.9091,0.5238,0.505,0.505,False,False,0.0,False,1.0,1.0,,,,,,,,,,,,,,,,,,,,,,,,,,,,,,,,,,,,,,,,,
C,favourite/dog,"7+ edge, dog +3.5 to +6.5",2023-25,0.0,0.0,0.0,0.0,,0.0,,,0.505,,False,False,0.0,False,0.0,0.0,,,,,,,,,,,,,,,,,,,,,,,,,,,,,,,,,,,,,,,,,
C,favourite/dog,"7+ edge, dog +3.5 to +6.5",2015-25,3.0,1.0,2.0,0.0,0.3333,-1.2,-0.3636,0.892,0.505,0.505,False,False,0.0,False,1.0,3.0,,,,,,,,,,,,,,,,,,,,,,,,,,,,,,,,,,,,,,,,,
C,favourite/dog,"7+ edge, dog +3.5 to +6.5",2026,0.0,0.0,0.0,0.0,,0.0,,,0.505,,False,False,0.0,False,0.0,0.0,,,,,,,,,,,,,,,,,,,,,,,,,,,,,,,,,,,,,,,,,
C,favourite/dog,"7+ edge, dog +7 and up",2015-18,1.0,1.0,0.0,0.0,1.0,1.0,0.9091,0.5238,1.0,1.0,False,False,1.0,False,1.0,1.0,,,,,,,,,,,,,,,,,,,,,,,,,,,,,,,,,,,,,,,,,
C,favourite/dog,"7+ edge, dog +7 and up",2019-22,5.0,2.0,3.0,0.0,0.4,-1.3,-0.2364,0.8408,1.0,1.0,False,False,1.0,False,1.0,3.0,,,,,,,,,,,,,,,,,,,,,,,,,,,,,,,,,,,,,,,,,
C,favourite/dog,"7+ edge, dog +7 and up",2023-25,2.0,2.0,0.0,0.0,1.0,2.0,0.9091,0.2744,1.0,1.0,False,False,1.0,False,1.0,1.0,,,,,,,,,,,,,,,,,,,,,,,,,,,,,,,,,,,,,,,,,
C,favourite/dog,"7+ edge, dog +7 and up",2015-25,8.0,5.0,3.0,0.0,0.625,1.7,0.1932,0.4165,1.0,1.0,False,False,1.0,False,3.0,5.0,,,,,,,,,,,,,,,,,,,,,,,,,,,,,,,,,,,,,,,,,
C,favourite/dog,"7+ edge, dog +7 and up",2026,0.0,0.0,0.0,0.0,,0.0,,,1.0,,False,False,1.0,False,0.0,0.0,,,,,,,,,,,,,,,,,,,,,,,,,,,,,,,,,,,,,,,,,
C,favourite/dog,"every game (all), the model's side",2015-18,994.0,507.0,487.0,30.0,0.5101,-28.7,-0.0262,0.8159,,,False,False,749.0,False,1.0,4.0,,,,,,,,,,,,,,,,,,,,,,,,,,,,,,,,,,,,,,,,,
C,favourite/dog,"every game (all), the model's side",2019-22,1000.0,523.0,477.0,23.0,0.523,-1.7,-0.0015,0.5332,,,False,False,749.0,False,3.0,4.0,,,,,,,,,,,,,,,,,,,,,,,,,,,,,,,,,,,,,,,,,
C,favourite/dog,"every game (all), the model's side",2023-25,749.0,375.0,374.0,19.0,0.5007,-36.4,-0.0442,0.904,,,False,False,749.0,False,0.0,3.0,,,,,,,,,,,,,,,,,,,,,,,,,,,,,,,,,,,,,,,,,
C,favourite/dog,"every game (all), the model's side",2015-25,2743.0,1405.0,1338.0,72.0,0.5122,-66.8,-0.0221,0.8916,,,False,False,749.0,False,4.0,11.0,,,,,,,,,,,,,,,,,,,,,,,,,,,,,,,,,,,,,,,,,
C,favourite/dog,"every game (all), the model's side",2026,45.0,21.0,24.0,3.0,0.4667,-5.4,-0.1091,0.8204,,,False,False,749.0,False,0.0,1.0,,,,,,,,,,,,,,,,,,,,,,,,,,,,,,,,,,,,,,,,,
C,favourite/dog,"every game, our side the favourite",2015-18,369.0,186.0,183.0,14.0,0.5041,-15.3,-0.0377,0.7915,0.865,0.63,False,False,277.0,False,1.0,4.0,,,,,,,,,,,,,,,,,,,,,,,,,,,,,,,,,,,,,,,,,
C,favourite/dog,"every game, our side the favourite",2019-22,342.0,161.0,181.0,7.0,0.4708,-38.1,-0.1013,0.9782,0.865,0.995,False,False,277.0,False,0.0,4.0,,,,,,,,,,,,,,,,,,,,,,,,,,,,,,,,,,,,,,,,,
C,favourite/dog,"every game, our side the favourite",2023-25,277.0,145.0,132.0,7.0,0.5235,-0.2,-0.0007,0.5289,0.865,0.14,False,False,277.0,False,1.0,3.0,,,,,,,,,,,,,,,,,,,,,,,,,,,,,,,,,,,,,,,,,
C,favourite/dog,"every game, our side the favourite",2015-25,988.0,492.0,496.0,28.0,0.498,-53.6,-0.0493,0.9513,0.865,0.865,False,False,277.0,False,2.0,11.0,,,,,,,,,,,,,,,,,,,,,,,,,,,,,,,,,,,,,,,,,
C,favourite/dog,"every game, our side the favourite",2026,17.0,8.0,9.0,2.0,0.4706,-1.9,-0.1016,0.7525,0.865,0.49,False,False,277.0,False,0.0,1.0,,,,,,,,,,,,,,,,,,,,,,,,,,,,,,,,,,,,,,,,,
C,favourite/dog,"every game, our side the underdog",2015-18,621.0,319.0,302.0,16.0,0.5137,-13.2,-0.0193,0.7073,0.125,0.32,False,False,472.0,False,2.0,4.0,,,,,,,,,,,,,,,,,,,,,,,,,,,,,,,,,,,,,,,,,
C,favourite/dog,"every game, our side the underdog",2019-22,658.0,362.0,296.0,16.0,0.5502,36.4,0.0503,0.0943,0.125,0.01,False,False,472.0,False,4.0,4.0,,,,,,,,,,,,,,,,,,,,,,,,,,,,,,,,,,,,,,,,,
C,favourite/dog,"every game, our side the underdog",2023-25,472.0,230.0,242.0,12.0,0.4873,-36.2,-0.0697,0.9489,0.125,0.885,False,False,472.0,False,0.0,3.0,,,,,,,,,,,,,,,,,,,,,,,,,,,,,,,,,,,,,,,,,
C,favourite/dog,"every game, our side the underdog",2015-25,1751.0,911.0,840.0,44.0,0.5203,-13.0,-0.0067,0.6257,0.125,0.125,False,False,472.0,False,6.0,11.0,,,,,,,,,,,,,,,,,,,,,,,,,,,,,,,,,,,,,,,,,
C,favourite/dog,"every game, our side the underdog",2026,28.0,13.0,15.0,1.0,0.4643,-3.5,-0.1136,0.7939,0.125,0.6,False,False,472.0,False,0.0,1.0,,,,,,,,,,,,,,,,,,,,,,,,,,,,,,,,,,,,,,,,,
C,favourite/dog,"every game, pick'em",2015-18,4.0,2.0,2.0,0.0,0.5,-0.2,-0.0455,0.7223,0.57,0.57,False,False,0.0,False,1.0,2.0,,,,,,,,,,,,,,,,,,,,,,,,,,,,,,,,,,,,,,,,,
C,favourite/dog,"every game, pick'em",2019-22,0.0,0.0,0.0,0.0,,0.0,,,0.57,,False,False,0.0,False,0.0,0.0,,,,,,,,,,,,,,,,,,,,,,,,,,,,,,,,,,,,,,,,,
C,favourite/dog,"every game, pick'em",2023-25,0.0,0.0,0.0,0.0,,0.0,,,0.57,,False,False,0.0,False,0.0,0.0,,,,,,,,,,,,,,,,,,,,,,,,,,,,,,,,,,,,,,,,,
C,favourite/dog,"every game, pick'em",2015-25,4.0,2.0,2.0,0.0,0.5,-0.2,-0.0455,0.7223,0.57,0.57,False,False,0.0,False,1.0,2.0,,,,,,,,,,,,,,,,,,,,,,,,,,,,,,,,,,,,,,,,,
C,favourite/dog,"every game, pick'em",2026,0.0,0.0,0.0,0.0,,0.0,,,0.57,,False,False,0.0,False,0.0,0.0,,,,,,,,,,,,,,,,,,,,,,,,,,,,,,,,,,,,,,,,,
C,favourite/dog,"every game, underdog or pick'em",2015-18,625.0,321.0,304.0,16.0,0.5136,-13.4,-0.0195,0.7094,0.15,0.395,False,False,472.0,False,2.0,4.0,,,,,,,,,,,,,,,,,,,,,,,,,,,,,,,,,,,,,,,,,
C,favourite/dog,"every game, underdog or pick'em",2019-22,658.0,362.0,296.0,16.0,0.5502,36.4,0.0503,0.0943,0.15,0.025,False,False,472.0,False,4.0,4.0,,,,,,,,,,,,,,,,,,,,,,,,,,,,,,,,,,,,,,,,,
C,favourite/dog,"every game, underdog or pick'em",2023-25,472.0,230.0,242.0,12.0,0.4873,-36.2,-0.0697,0.9489,0.15,0.885,False,False,472.0,False,0.0,3.0,,,,,,,,,,,,,,,,,,,,,,,,,,,,,,,,,,,,,,,,,
C,favourite/dog,"every game, underdog or pick'em",2015-25,1755.0,913.0,842.0,44.0,0.5202,-13.2,-0.0068,0.6273,0.15,0.15,False,False,472.0,False,6.0,11.0,,,,,,,,,,,,,,,,,,,,,,,,,,,,,,,,,,,,,,,,,
C,favourite/dog,"every game, underdog or pick'em",2026,28.0,13.0,15.0,1.0,0.4643,-3.5,-0.1136,0.7939,0.15,0.49,False,False,472.0,False,0.0,1.0,,,,,,,,,,,,,,,,,,,,,,,,,,,,,,,,,,,,,,,,,
C,favourite/dog,"every game, home dog",2015-18,259.0,130.0,129.0,5.0,0.5019,-11.9,-0.0418,0.7786,0.86,0.66,False,False,230.0,False,1.0,4.0,,,,,,,,,,,,,,,,,,,,,,,,,,,,,,,,,,,,,,,,,
C,favourite/dog,"every game, home dog",2019-22,313.0,163.0,150.0,5.0,0.5208,-2.0,-0.0058,0.5656,0.86,0.55,False,False,230.0,False,2.0,4.0,,,,,,,,,,,,,,,,,,,,,,,,,,,,,,,,,,,,,,,,,
C,favourite/dog,"every game, home dog",2023-25,230.0,106.0,124.0,5.0,0.4609,-30.4,-0.1202,0.9759,0.86,0.935,False,False,230.0,False,0.0,3.0,,,,,,,,,,,,,,,,,,,,,,,,,,,,,,,,,,,,,,,,,
C,favourite/dog,"every game, home dog",2015-25,802.0,399.0,403.0,15.0,0.4975,-44.3,-0.0502,0.9365,0.86,0.86,False,False,230.0,False,3.0,11.0,,,,,,,,,,,,,,,,,,,,,,,,,,,,,,,,,,,,,,,,,
C,favourite/dog,"every game, home dog",2026,12.0,6.0,6.0,1.0,0.5,-0.6,-0.0455,0.6755,0.86,0.445,False,False,230.0,False,0.0,1.0,,,,,,,,,,,,,,,,,,,,,,,,,,,,,,,,,,,,,,,,,
C,favourite/dog,"every game, road dog",2015-18,362.0,189.0,173.0,11.0,0.5221,-1.3,-0.0033,0.5472,0.03,0.295,False,False,242.0,False,2.0,4.0,,,,,,,,,,,,,,,,,,,,,,,,,,,,,,,,,,,,,,,,,
C,favourite/dog,"every game, road dog",2019-22,345.0,199.0,146.0,11.0,0.5768,38.4,0.1012,0.0274,0.03,0.02,False,False,242.0,False,4.0,4.0,,,,,,,,,,,,,,,,,,,,,,,,,,,,,,,,,,,,,,,,,
C,favourite/dog,"every game, road dog",2023-25,242.0,124.0,118.0,7.0,0.5124,-5.8,-0.0218,0.663,0.03,0.325,False,False,242.0,False,1.0,3.0,,,,,,,,,,,,,,,,,,,,,,,,,,,,,,,,,,,,,,,,,
C,favourite/dog,"every game, road dog",2015-25,949.0,512.0,437.0,29.0,0.5395,31.3,0.03,0.1746,0.03,0.03,False,False,242.0,False,7.0,11.0,,,,,,,,,,,,,,,,,,,,,,,,,,,,,,,,,,,,,,,,,
C,favourite/dog,"every game, road dog",2026,16.0,7.0,9.0,0.0,0.4375,-2.9,-0.1648,0.8267,0.03,0.68,False,False,242.0,False,0.0,1.0,,,,,,,,,,,,,,,,,,,,,,,,,,,,,,,,,,,,,,,,,
C,favourite/dog,"every game, home favourite",2015-18,281.0,139.0,142.0,10.0,0.4947,-17.2,-0.0556,0.8504,0.72,0.745,False,False,201.0,False,1.0,4.0,,,,,,,,,,,,,,,,,,,,,,,,,,,,,,,,,,,,,,,,,
C,favourite/dog,"every game, home favourite",2019-22,252.0,119.0,133.0,5.0,0.4722,-27.3,-0.0985,0.9556,0.72,0.975,False,False,201.0,False,0.0,4.0,,,,,,,,,,,,,,,,,,,,,,,,,,,,,,,,,,,,,,,,,
C,favourite/dog,"every game, home favourite",2023-25,201.0,109.0,92.0,4.0,0.5423,7.8,0.0353,0.3253,0.72,0.065,False,False,201.0,False,2.0,3.0,,,,,,,,,,,,,,,,,,,,,,,,,,,,,,,,,,,,,,,,,
C,favourite/dog,"every game, home favourite",2015-25,734.0,367.0,367.0,19.0,0.5,-36.7,-0.0455,0.9079,0.72,0.72,False,False,201.0,False,3.0,11.0,,,,,,,,,,,,,,,,,,,,,,,,,,,,,,,,,,,,,,,,,
C,favourite/dog,"every game, home favourite",2026,14.0,7.0,7.0,2.0,0.5,-0.7,-0.0455,0.6726,0.72,0.36,False,False,201.0,False,0.0,1.0,,,,,,,,,,,,,,,,,,,,,,,,,,,,,,,,,,,,,,,,,
C,favourite/dog,"every game, road favourite",2015-18,88.0,47.0,41.0,4.0,0.5341,1.9,0.0196,0.4663,0.75,0.375,False,False,76.0,False,2.0,4.0,,,,,,,,,,,,,,,,,,,,,,,,,,,,,,,,,,,,,,,,,
C,favourite/dog,"every game, road favourite",2019-22,90.0,42.0,48.0,2.0,0.4667,-10.8,-0.1091,0.8831,0.75,0.86,False,False,76.0,False,1.0,4.0,,,,,,,,,,,,,,,,,,,,,,,,,,,,,,,,,,,,,,,,,
C,favourite/dog,"every game, road favourite",2023-25,76.0,36.0,40.0,3.0,0.4737,-8.0,-0.0957,0.8389,0.75,0.64,False,False,76.0,False,1.0,3.0,,,,,,,,,,,,,,,,,,,,,,,,,,,,,,,,,,,,,,,,,
C,favourite/dog,"every game, road favourite",2015-25,254.0,125.0,129.0,9.0,0.4921,-16.9,-0.0605,0.8585,0.75,0.75,False,False,76.0,False,4.0,11.0,,,,,,,,,,,,,,,,,,,,,,,,,,,,,,,,,,,,,,,,,
C,favourite/dog,"every game, road favourite",2026,3.0,1.0,2.0,0.0,0.3333,-1.2,-0.3636,0.892,0.75,0.795,False,False,76.0,False,0.0,1.0,,,,,,,,,,,,,,,,,,,,,,,,,,,,,,,,,,,,,,,,,
C,favourite/dog,"every game, dog +0.5 to +3",2015-18,240.0,127.0,113.0,11.0,0.5292,2.7,0.0102,0.46,0.62,0.21,False,False,202.0,False,2.0,4.0,,,,,,,,,,,,,,,,,,,,,,,,,,,,,,,,,,,,,,,,,
C,favourite/dog,"every game, dog +0.5 to +3",2019-22,233.0,128.0,105.0,10.0,0.5494,12.5,0.0488,0.2374,0.62,0.215,False,False,202.0,False,3.0,4.0,,,,,,,,,,,,,,,,,,,,,,,,,,,,,,,,,,,,,,,,,
C,favourite/dog,"every game, dog +0.5 to +3",2023-25,202.0,88.0,114.0,8.0,0.4356,-37.4,-0.1683,0.995,0.62,0.98,False,False,202.0,False,0.0,3.0,,,,,,,,,,,,,,,,,,,,,,,,,,,,,,,,,,,,,,,,,
C,favourite/dog,"every game, dog +0.5 to +3",2015-25,675.0,343.0,332.0,29.0,0.5081,-22.2,-0.0299,0.8033,0.62,0.62,False,False,202.0,False,5.0,11.0,,,,,,,,,,,,,,,,,,,,,,,,,,,,,,,,,,,,,,,,,
C,favourite/dog,"every game, dog +0.5 to +3",2026,13.0,5.0,8.0,1.0,0.3846,-3.8,-0.2657,0.9005,0.62,0.805,False,False,202.0,False,0.0,1.0,,,,,,,,,,,,,,,,,,,,,,,,,,,,,,,,,,,,,,,,,
C,favourite/dog,"every game, dog +3.5 to +6.5",2015-18,195.0,98.0,97.0,2.0,0.5026,-8.7,-0.0406,0.7474,0.23,0.6,False,False,147.0,False,2.0,4.0,,,,,,,,,,,,,,,,,,,,,,,,,,,,,,,,,,,,,,,,,
C,favourite/dog,"every game, dog +3.5 to +6.5",2019-22,208.0,118.0,90.0,1.0,0.5673,19.0,0.083,0.1175,0.23,0.08,False,False,147.0,False,4.0,4.0,,,,,,,,,,,,,,,,,,,,,,,,,,,,,,,,,,,,,,,,,
C,favourite/dog,"every game, dog +3.5 to +6.5",2023-25,147.0,74.0,73.0,2.0,0.5034,-6.3,-0.039,0.7186,0.23,0.535,False,False,147.0,False,1.0,3.0,,,,,,,,,,,,,,,,,,,,,,,,,,,,,,,,,,,,,,,,,
C,favourite/dog,"every game, dog +3.5 to +6.5",2015-25,550.0,290.0,260.0,5.0,0.5273,4.0,0.0066,0.4525,0.23,0.23,False,False,147.0,False,7.0,11.0,,,,,,,,,,,,,,,,,,,,,,,,,,,,,,,,,,,,,,,,,
C,favourite/dog,"every game, dog +3.5 to +6.5",2026,9.0,4.0,5.0,0.0,0.4444,-1.5,-0.1515,0.7907,0.23,0.705,False,False,147.0,False,0.0,1.0,,,,,,,,,,,,,,,,,,,,,,,,,,,,,,,,,,,,,,,,,
C,favourite/dog,"every game, dog +7 and up",2015-18,186.0,94.0,92.0,3.0,0.5054,-7.2,-0.0352,0.7182,0.215,0.58,False,False,123.0,False,2.0,4.0,,,,,,,,,,,,,,,,,,,,,,,,,,,,,,,,,,,,,,,,,
C,favourite/dog,"every game, dog +7 and up",2019-22,217.0,116.0,101.0,5.0,0.5346,4.9,0.0205,0.402,0.215,0.36,False,False,123.0,False,2.0,4.0,,,,,,,,,,,,,,,,,,,,,,,,,,,,,,,,,,,,,,,,,
C,favourite/dog,"every game, dog +7 and up",2023-25,123.0,68.0,55.0,2.0,0.5528,7.5,0.0554,0.29,0.215,0.115,False,False,123.0,False,3.0,3.0,,,,,,,,,,,,,,,,,,,,,,,,,,,,,,,,,,,,,,,,,
C,favourite/dog,"every game, dog +7 and up",2015-25,526.0,278.0,248.0,10.0,0.5285,5.2,0.009,0.4318,0.215,0.215,False,False,123.0,False,7.0,11.0,,,,,,,,,,,,,,,,,,,,,,,,,,,,,,,,,,,,,,,,,
C,favourite/dog,"every game, dog +7 and up",2026,6.0,4.0,2.0,0.0,0.6667,1.8,0.2727,0.3894,0.215,0.255,False,False,123.0,False,1.0,1.0,,,,,,,,,,,,,,,,,,,,,,,,,,,,,,,,,,,,,,,,,
C,favourite/dog,BLIND: every road dog ATS,2015-18,643.0,331.0,312.0,21.0,0.5148,-12.2,-0.0172,0.691,,,,,443.0,False,2.0,4.0,,,,,,,,,,,,,,,,,,,,,,,,,,,,,,,,,,,,,,,,,
C,favourite/dog,BLIND: every road dog ATS,2019-22,597.0,332.0,265.0,16.0,0.5561,40.5,0.0617,0.0617,,,,,443.0,False,4.0,4.0,,,,,,,,,,,,,,,,,,,,,,,,,,,,,,,,,,,,,,,,,
C,favourite/dog,BLIND: every road dog ATS,2023-25,443.0,216.0,227.0,11.0,0.4876,-33.7,-0.0692,0.9422,,,,,443.0,False,0.0,3.0,,,,,,,,,,,,,,,,,,,,,,,,,,,,,,,,,,,,,,,,,
C,favourite/dog,BLIND: every road dog ATS,2015-25,1683.0,879.0,804.0,48.0,0.5223,-5.4,-0.0029,0.5597,,,,,443.0,False,6.0,11.0,,,,,,,,,,,,,,,,,,,,,,,,,,,,,,,,,,,,,,,,,
C,favourite/dog,BLIND: every road dog ATS,2026,30.0,14.0,16.0,2.0,0.4667,-3.6,-0.1091,0.7909,,,,,443.0,False,0.0,1.0,,,,,,,,,,,,,,,,,,,,,,,,,,,,,,,,,,,,,,,,,
C,favourite/dog,BLIND: every home dog ATS,2015-18,347.0,171.0,176.0,9.0,0.4928,-22.6,-0.0592,0.8869,,,,,306.0,False,1.0,4.0,,,,,,,,,,,,,,,,,,,,,,,,,,,,,,,,,,,,,,,,,
C,favourite/dog,BLIND: every home dog ATS,2019-22,403.0,211.0,192.0,7.0,0.5236,-0.2,-0.0005,0.524,,,,,306.0,False,2.0,4.0,,,,,,,,,,,,,,,,,,,,,,,,,,,,,,,,,,,,,,,,,
C,favourite/dog,BLIND: every home dog ATS,2023-25,306.0,146.0,160.0,8.0,0.4771,-30.0,-0.0891,0.9546,,,,,306.0,False,0.0,3.0,,,,,,,,,,,,,,,,,,,,,,,,,,,,,,,,,,,,,,,,,
C,favourite/dog,BLIND: every home dog ATS,2015-25,1056.0,528.0,528.0,24.0,0.5,-52.8,-0.0455,0.9429,,,,,306.0,False,3.0,11.0,,,,,,,,,,,,,,,,,,,,,,,,,,,,,,,,,,,,,,,,,
C,favourite/dog,BLIND: every home dog ATS,2026,15.0,8.0,7.0,1.0,0.5333,0.3,0.0182,0.5744,,,,,306.0,False,1.0,1.0,,,,,,,,,,,,,,,,,,,,,,,,,,,,,,,,,,,,,,,,,
C,rating tiers,"4+ edge, our side top third vs opponent top third",2015-18,13.0,9.0,4.0,0.0,0.6923,4.6,0.3217,0.1744,0.165,0.24,False,True,12.0,True,2.0,4.0,,,,,,,,,,,,,,,,,,,,,,,,,,,,,,,,,,,,,,,,,
C,rating tiers,"4+ edge, our side top third vs opponent top third",2019-22,14.0,9.0,5.0,0.0,0.6429,3.5,0.2273,0.268,0.165,0.47,False,True,12.0,True,2.0,4.0,,,,,,,,,,,,,,,,,,,,,,,,,,,,,,,,,,,,,,,,,
C,rating tiers,"4+ edge, our side top third vs opponent top third",2023-25,12.0,9.0,3.0,0.0,0.75,5.7,0.4318,0.0989,0.165,0.435,False,True,12.0,True,3.0,3.0,,,,,,,,,,,,,,,,,,,,,,,,,,,,,,,,,,,,,,,,,
C,rating tiers,"4+ edge, our side top third vs opponent top third",2015-25,39.0,27.0,12.0,0.0,0.6923,13.8,0.3217,0.0246,0.165,0.165,False,True,12.0,True,7.0,11.0,,,,,,,,,,,,,,,,,,,,,,,,,,,,,,,,,,,,,,,,,
C,rating tiers,"4+ edge, our side top third vs opponent top third",2026,0.0,0.0,0.0,0.0,,0.0,,,0.165,,False,True,12.0,True,0.0,0.0,,,,,,,,,,,,,,,,,,,,,,,,,,,,,,,,,,,,,,,,,
C,rating tiers,"every game, our side top third vs opponent top third",2015-18,119.0,61.0,58.0,4.0,0.5126,-2.8,-0.0214,0.6322,0.92,0.43,False,False,100.0,False,2.0,4.0,,,,,,,,,,,,,,,,,,,,,,,,,,,,,,,,,,,,,,,,,
C,rating tiers,"every game, our side top third vs opponent top third",2019-22,124.0,59.0,65.0,3.0,0.4758,-12.5,-0.0916,0.877,0.92,0.89,False,False,100.0,False,2.0,4.0,,,,,,,,,,,,,,,,,,,,,,,,,,,,,,,,,,,,,,,,,
C,rating tiers,"every game, our side top third vs opponent top third",2023-25,100.0,42.0,58.0,1.0,0.42,-21.8,-0.1982,0.9854,0.92,0.95,False,False,100.0,False,1.0,3.0,,,,,,,,,,,,,,,,,,,,,,,,,,,,,,,,,,,,,,,,,
C,rating tiers,"every game, our side top third vs opponent top third",2015-25,343.0,162.0,181.0,8.0,0.4723,-37.1,-0.0983,0.9752,0.92,0.92,False,False,100.0,False,5.0,11.0,,,,,,,,,,,,,,,,,,,,,,,,,,,,,,,,,,,,,,,,,
C,rating tiers,"every game, our side top third vs opponent top third",2026,4.0,1.0,3.0,1.0,0.25,-2.3,-0.5227,0.9486,0.92,0.865,False,False,100.0,False,0.0,1.0,,,,,,,,,,,,,,,,,,,,,,,,,,,,,,,,,,,,,,,,,
C,rating tiers,"4+ edge, our side top third vs opponent mid third",2015-18,8.0,4.0,4.0,0.0,0.5,-0.4,-0.0455,0.6874,0.67,0.74,False,False,8.0,False,1.0,4.0,,,,,,,,,,,,,,,,,,,,,,,,,,,,,,,,,,,,,,,,,
C,rating tiers,"4+ edge, our side top third vs opponent mid third",2019-22,13.0,8.0,5.0,0.0,0.6154,2.5,0.1748,0.353,0.67,0.72,False,False,8.0,False,3.0,4.0,,,,,,,,,,,,,,,,,,,,,,,,,,,,,,,,,,,,,,,,,
C,rating tiers,"4+ edge, our side top third vs opponent mid third",2023-25,9.0,6.0,3.0,0.0,0.6667,2.7,0.2727,0.3029,0.67,0.675,False,False,8.0,False,2.0,2.0,,,,,,,,,,,,,,,,,,,,,,,,,,,,,,,,,,,,,,,,,
C,rating tiers,"4+ edge, our side top third vs opponent mid third",2015-25,30.0,18.0,12.0,0.0,0.6,4.8,0.1455,0.2579,0.67,0.67,False,False,8.0,False,6.0,10.0,,,,,,,,,,,,,,,,,,,,,,,,,,,,,,,,,,,,,,,,,
C,rating tiers,"4+ edge, our side top third vs opponent mid third",2026,0.0,0.0,0.0,0.0,,0.0,,,0.67,,False,False,8.0,False,0.0,0.0,,,,,,,,,,,,,,,,,,,,,,,,,,,,,,,,,,,,,,,,,
C,rating tiers,"every game, our side top third vs opponent mid third",2015-18,96.0,43.0,53.0,5.0,0.4479,-15.3,-0.1449,0.9442,0.715,0.91,False,False,73.0,False,1.0,4.0,,,,,,,,,,,,,,,,,,,,,,,,,,,,,,,,,,,,,,,,,
C,rating tiers,"every game, our side top third vs opponent mid third",2019-22,100.0,50.0,50.0,2.0,0.5,-5.0,-0.0455,0.7182,0.715,0.68,False,False,73.0,False,1.0,4.0,,,,,,,,,,,,,,,,,,,,,,,,,,,,,,,,,,,,,,,,,
C,rating tiers,"every game, our side top third vs opponent mid third",2023-25,73.0,40.0,33.0,1.0,0.5479,3.7,0.0461,0.3845,0.715,0.185,False,False,73.0,False,2.0,3.0,,,,,,,,,,,,,,,,,,,,,,,,,,,,,,,,,,,,,,,,,
C,rating tiers,"every game, our side top third vs opponent mid third",2015-25,269.0,133.0,136.0,8.0,0.4944,-16.6,-0.0561,0.8476,0.715,0.715,False,False,73.0,False,4.0,11.0,,,,,,,,,,,,,,,,,,,,,,,,,,,,,,,,,,,,,,,,,
C,rating tiers,"every game, our side top third vs opponent mid third",2026,3.0,1.0,2.0,0.0,0.3333,-1.2,-0.3636,0.892,0.715,0.83,False,False,73.0,False,0.0,1.0,,,,,,,,,,,,,,,,,,,,,,,,,,,,,,,,,,,,,,,,,
C,rating tiers,"4+ edge, our side top third vs opponent bot third",2015-18,15.0,7.0,8.0,0.0,0.4667,-1.8,-0.1091,0.7585,0.44,0.885,False,False,6.0,False,1.0,4.0,,,,,,,,,,,,,,,,,,,,,,,,,,,,,,,,,,,,,,,,,
C,rating tiers,"4+ edge, our side top third vs opponent bot third",2019-22,7.0,4.0,3.0,0.0,0.5714,0.7,0.0909,0.552,0.44,0.54,False,False,6.0,False,2.0,3.0,,,,,,,,,,,,,,,,,,,,,,,,,,,,,,,,,,,,,,,,,
C,rating tiers,"4+ edge, our side top third vs opponent bot third",2023-25,6.0,6.0,0.0,0.0,1.0,6.0,0.9091,0.0207,0.44,0.075,False,False,6.0,False,3.0,3.0,,,,,,,,,,,,,,,,,,,,,,,,,,,,,,,,,,,,,,,,,
C,rating tiers,"4+ edge, our side top third vs opponent bot third",2015-25,28.0,17.0,11.0,0.0,0.6071,4.9,0.1591,0.2448,0.44,0.44,False,False,6.0,False,6.0,10.0,,,,,,,,,,,,,,,,,,,,,,,,,,,,,,,,,,,,,,,,,
C,rating tiers,"4+ edge, our side top third vs opponent bot third",2026,0.0,0.0,0.0,0.0,,0.0,,,0.44,,False,False,6.0,False,0.0,0.0,,,,,,,,,,,,,,,,,,,,,,,,,,,,,,,,,,,,,,,,,
C,rating tiers,"every game, our side top third vs opponent bot third",2015-18,106.0,50.0,56.0,4.0,0.4717,-11.6,-0.0995,0.8793,0.775,0.83,False,False,72.0,False,1.0,4.0,,,,,,,,,,,,,,,,,,,,,,,,,,,,,,,,,,,,,,,,,
C,rating tiers,"every game, our side top third vs opponent bot third",2019-22,96.0,43.0,53.0,4.0,0.4479,-15.3,-0.1449,0.9442,0.775,0.915,False,False,72.0,False,0.0,4.0,,,,,,,,,,,,,,,,,,,,,,,,,,,,,,,,,,,,,,,,,
C,rating tiers,"every game, our side top third vs opponent bot third",2023-25,72.0,41.0,31.0,1.0,0.5694,6.9,0.0871,0.256,0.775,0.125,False,False,72.0,False,2.0,3.0,,,,,,,,,,,,,,,,,,,,,,,,,,,,,,,,,,,,,,,,,
C,rating tiers,"every game, our side top third vs opponent bot third",2015-25,274.0,134.0,140.0,9.0,0.4891,-20.0,-0.0664,0.8873,0.775,0.775,False,False,72.0,False,3.0,11.0,,,,,,,,,,,,,,,,,,,,,,,,,,,,,,,,,,,,,,,,,
C,rating tiers,"every game, our side top third vs opponent bot third",2026,6.0,2.0,4.0,1.0,0.3333,-2.4,-0.3636,0.9114,0.775,0.785,False,False,72.0,False,0.0,1.0,,,,,,,,,,,,,,,,,,,,,,,,,,,,,,,,,,,,,,,,,
C,rating tiers,"4+ edge, our side mid third vs opponent top third",2015-18,10.0,6.0,4.0,0.0,0.6,1.6,0.1455,0.4368,0.67,0.535,False,False,6.0,False,2.0,4.0,,,,,,,,,,,,,,,,,,,,,,,,,,,,,,,,,,,,,,,,,
C,rating tiers,"4+ edge, our side mid third vs opponent top third",2019-22,14.0,9.0,5.0,0.0,0.6429,3.5,0.2273,0.268,0.67,0.71,False,False,6.0,False,2.0,4.0,,,,,,,,,,,,,,,,,,,,,,,,,,,,,,,,,,,,,,,,,
C,rating tiers,"4+ edge, our side mid third vs opponent top third",2023-25,6.0,3.0,3.0,0.0,0.5,-0.3,-0.0455,0.6998,0.67,0.795,False,False,6.0,False,1.0,3.0,,,,,,,,,,,,,,,,,,,,,,,,,,,,,,,,,,,,,,,,,
C,rating tiers,"4+ edge, our side mid third vs opponent top third",2015-25,30.0,18.0,12.0,0.0,0.6,4.8,0.1455,0.2579,0.67,0.67,False,False,6.0,False,5.0,11.0,,,,,,,,,,,,,,,,,,,,,,,,,,,,,,,,,,,,,,,,,
C,rating tiers,"4+ edge, our side mid third vs opponent top third",2026,1.0,0.0,1.0,0.0,0.0,-1.1,-1.0,1.0,0.67,1.0,False,False,6.0,False,0.0,1.0,,,,,,,,,,,,,,,,,,,,,,,,,,,,,,,,,,,,,,,,,
C,rating tiers,"every game, our side mid third vs opponent top third",2015-18,150.0,78.0,72.0,0.0,0.52,-1.2,-0.0073,0.57,0.6,0.365,False,False,86.0,False,2.0,4.0,,,,,,,,,,,,,,,,,,,,,,,,,,,,,,,,,,,,,,,,,
C,rating tiers,"every game, our side mid third vs opponent top third",2019-22,136.0,70.0,66.0,1.0,0.5147,-2.6,-0.0174,0.6177,0.6,0.66,False,False,86.0,False,2.0,4.0,,,,,,,,,,,,,,,,,,,,,,,,,,,,,,,,,,,,,,,,,
C,rating tiers,"every game, our side mid third vs opponent top third",2023-25,86.0,41.0,45.0,2.0,0.4767,-8.5,-0.0899,0.8369,0.6,0.75,False,False,86.0,False,1.0,3.0,,,,,,,,,,,,,,,,,,,,,,,,,,,,,,,,,,,,,,,,,
C,rating tiers,"every game, our side mid third vs opponent top third",2015-25,372.0,189.0,183.0,3.0,0.5081,-12.3,-0.0301,0.7455,0.6,0.6,False,False,86.0,False,5.0,11.0,,,,,,,,,,,,,,,,,,,,,,,,,,,,,,,,,,,,,,,,,
C,rating tiers,"every game, our side mid third vs opponent top third",2026,7.0,2.0,5.0,1.0,0.2857,-3.5,-0.4545,0.9517,0.6,0.85,False,False,86.0,False,0.0,1.0,,,,,,,,,,,,,,,,,,,,,,,,,,,,,,,,,,,,,,,,,
C,rating tiers,"4+ edge, our side mid third vs opponent mid third",2015-18,13.0,6.0,7.0,0.0,0.4615,-1.7,-0.1189,0.7663,0.645,0.785,False,False,2.0,False,1.0,3.0,,,,,,,,,,,,,,,,,,,,,,,,,,,,,,,,,,,,,,,,,
C,rating tiers,"4+ edge, our side mid third vs opponent mid third",2019-22,13.0,8.0,5.0,0.0,0.6154,2.5,0.1748,0.353,0.645,0.495,False,False,2.0,False,2.0,4.0,,,,,,,,,,,,,,,,,,,,,,,,,,,,,,,,,,,,,,,,,
C,rating tiers,"4+ edge, our side mid third vs opponent mid third",2023-25,2.0,1.0,1.0,0.0,0.5,-0.1,-0.0455,0.7732,0.645,0.825,False,False,2.0,False,0.0,1.0,,,,,,,,,,,,,,,,,,,,,,,,,,,,,,,,,,,,,,,,,
C,rating tiers,"4+ edge, our side mid third vs opponent mid third",2015-25,28.0,15.0,13.0,0.0,0.5357,0.7,0.0227,0.5263,0.645,0.645,False,False,2.0,False,3.0,8.0,,,,,,,,,,,,,,,,,,,,,,,,,,,,,,,,,,,,,,,,,
C,rating tiers,"4+ edge, our side mid third vs opponent mid third",2026,0.0,0.0,0.0,0.0,,0.0,,,0.645,,False,False,2.0,False,0.0,0.0,,,,,,,,,,,,,,,,,,,,,,,,,,,,,,,,,,,,,,,,,
C,rating tiers,"every game, our side mid third vs opponent mid third",2015-18,102.0,58.0,44.0,7.0,0.5686,9.6,0.0856,0.21,0.03,0.115,False,False,85.0,True,3.0,4.0,,,,,,,,,,,,,,,,,,,,,,,,,,,,,,,,,,,,,,,,,
C,rating tiers,"every game, our side mid third vs opponent mid third",2019-22,105.0,59.0,46.0,4.0,0.5619,8.4,0.0727,0.2474,0.03,0.19,False,False,85.0,True,2.0,4.0,,,,,,,,,,,,,,,,,,,,,,,,,,,,,,,,,,,,,,,,,
C,rating tiers,"every game, our side mid third vs opponent mid third",2023-25,85.0,47.0,38.0,3.0,0.5529,5.2,0.0556,0.3345,0.03,0.145,False,False,85.0,True,2.0,3.0,,,,,,,,,,,,,,,,,,,,,,,,,,,,,,,,,,,,,,,,,
C,rating tiers,"every game, our side mid third vs opponent mid third",2015-25,292.0,164.0,128.0,14.0,0.5616,23.2,0.0722,0.1081,0.03,0.03,False,False,85.0,True,7.0,11.0,,,,,,,,,,,,,,,,,,,,,,,,,,,,,,,,,,,,,,,,,
C,rating tiers,"every game, our side mid third vs opponent mid third",2026,6.0,5.0,1.0,0.0,0.8333,3.9,0.5909,0.1333,0.03,0.04,False,False,85.0,True,1.0,1.0,,,,,,,,,,,,,,,,,,,,,,,,,,,,,,,,,,,,,,,,,
C,rating tiers,"4+ edge, our side mid third vs opponent bot third",2015-18,19.0,15.0,4.0,0.0,0.7895,10.6,0.5072,0.0163,0.06,0.015,False,False,7.0,True,4.0,4.0,,,,,,,,,,,,,,,,,,,,,,,,,,,,,,,,,,,,,,,,,
C,rating tiers,"4+ edge, our side mid third vs opponent bot third",2019-22,15.0,9.0,6.0,0.0,0.6,2.4,0.1455,0.3719,0.06,0.61,False,False,7.0,True,2.0,4.0,,,,,,,,,,,,,,,,,,,,,,,,,,,,,,,,,,,,,,,,,
C,rating tiers,"4+ edge, our side mid third vs opponent bot third",2023-25,7.0,5.0,2.0,0.0,0.7143,2.8,0.3636,0.2675,0.06,0.45,False,False,7.0,True,2.0,3.0,,,,,,,,,,,,,,,,,,,,,,,,,,,,,,,,,,,,,,,,,
C,rating tiers,"4+ edge, our side mid third vs opponent bot third",2015-25,41.0,29.0,12.0,0.0,0.7073,15.8,0.3503,0.0131,0.06,0.06,False,False,7.0,True,8.0,11.0,,,,,,,,,,,,,,,,,,,,,,,,,,,,,,,,,,,,,,,,,
C,rating tiers,"4+ edge, our side mid third vs opponent bot third",2026,1.0,0.0,1.0,0.0,0.0,-1.1,-1.0,1.0,0.06,1.0,False,False,7.0,True,0.0,1.0,,,,,,,,,,,,,,,,,,,,,,,,,,,,,,,,,,,,,,,,,
C,rating tiers,"every game, our side mid third vs opponent bot third",2015-18,121.0,71.0,50.0,1.0,0.5868,16.0,0.1202,0.0972,0.11,0.025,False,False,86.0,False,3.0,4.0,,,,,,,,,,,,,,,,,,,,,,,,,,,,,,,,,,,,,,,,,
C,rating tiers,"every game, our side mid third vs opponent bot third",2019-22,103.0,55.0,48.0,1.0,0.534,2.2,0.0194,0.4576,0.11,0.465,False,False,86.0,False,2.0,4.0,,,,,,,,,,,,,,,,,,,,,,,,,,,,,,,,,,,,,,,,,
C,rating tiers,"every game, our side mid third vs opponent bot third",2023-25,86.0,43.0,43.0,3.0,0.5,-4.3,-0.0455,0.7091,0.11,0.48,False,False,86.0,False,1.0,3.0,,,,,,,,,,,,,,,,,,,,,,,,,,,,,,,,,,,,,,,,,
C,rating tiers,"every game, our side mid third vs opponent bot third",2015-25,310.0,169.0,141.0,5.0,0.5452,13.9,0.0408,0.2434,0.11,0.11,False,False,86.0,False,6.0,11.0,,,,,,,,,,,,,,,,,,,,,,,,,,,,,,,,,,,,,,,,,
C,rating tiers,"every game, our side mid third vs opponent bot third",2026,5.0,1.0,4.0,0.0,0.2,-3.4,-0.6182,0.9755,0.11,0.96,False,False,86.0,False,0.0,1.0,,,,,,,,,,,,,,,,,,,,,,,,,,,,,,,,,,,,,,,,,
C,rating tiers,"4+ edge, our side bot third vs opponent top third",2015-18,12.0,4.0,8.0,0.0,0.3333,-4.8,-0.3636,0.9474,1.0,0.97,False,False,5.0,False,1.0,4.0,,,,,,,,,,,,,,,,,,,,,,,,,,,,,,,,,,,,,,,,,
C,rating tiers,"4+ edge, our side bot third vs opponent top third",2019-22,16.0,7.0,9.0,0.0,0.4375,-2.9,-0.1648,0.8267,1.0,0.98,False,False,5.0,False,0.0,4.0,,,,,,,,,,,,,,,,,,,,,,,,,,,,,,,,,,,,,,,,,
C,rating tiers,"4+ edge, our side bot third vs opponent top third",2023-25,5.0,2.0,3.0,0.0,0.4,-1.3,-0.2364,0.8408,1.0,0.925,False,False,5.0,False,1.0,3.0,,,,,,,,,,,,,,,,,,,,,,,,,,,,,,,,,,,,,,,,,
C,rating tiers,"4+ edge, our side bot third vs opponent top third",2015-25,33.0,13.0,20.0,0.0,0.3939,-9.0,-0.2479,0.9526,1.0,1.0,False,False,5.0,False,2.0,11.0,,,,,,,,,,,,,,,,,,,,,,,,,,,,,,,,,,,,,,,,,
C,rating tiers,"4+ edge, our side bot third vs opponent top third",2026,0.0,0.0,0.0,0.0,,0.0,,,1.0,,False,False,5.0,False,0.0,0.0,,,,,,,,,,,,,,,,,,,,,,,,,,,,,,,,,,,,,,,,,
C,rating tiers,"every game, our side bot third vs opponent top third",2015-18,97.0,47.0,50.0,3.0,0.4845,-8.0,-0.075,0.8096,0.465,0.665,False,False,91.0,False,1.0,4.0,,,,,,,,,,,,,,,,,,,,,,,,,,,,,,,,,,,,,,,,,
C,rating tiers,"every game, our side bot third vs opponent top third",2019-22,112.0,57.0,55.0,3.0,0.5089,-3.5,-0.0284,0.6594,0.465,0.64,False,False,91.0,False,1.0,4.0,,,,,,,,,,,,,,,,,,,,,,,,,,,,,,,,,,,,,,,,,
C,rating tiers,"every game, our side bot third vs opponent top third",2023-25,91.0,49.0,42.0,3.0,0.5385,2.8,0.028,0.4313,0.465,0.195,False,False,91.0,False,2.0,3.0,,,,,,,,,,,,,,,,,,,,,,,,,,,,,,,,,,,,,,,,,
C,rating tiers,"every game, our side bot third vs opponent top third",2015-25,300.0,153.0,147.0,9.0,0.51,-8.7,-0.0264,0.7045,0.465,0.465,False,False,91.0,False,4.0,11.0,,,,,,,,,,,,,,,,,,,,,,,,,,,,,,,,,,,,,,,,,
C,rating tiers,"every game, our side bot third vs opponent top third",2026,5.0,3.0,2.0,0.0,0.6,0.8,0.1455,0.5446,0.465,0.46,False,False,91.0,False,1.0,1.0,,,,,,,,,,,,,,,,,,,,,,,,,,,,,,,,,,,,,,,,,
C,rating tiers,"4+ edge, our side bot third vs opponent mid third",2015-18,14.0,6.0,8.0,0.0,0.4286,-2.8,-0.1818,0.8366,0.83,0.865,False,False,6.0,False,2.0,4.0,,,,,,,,,,,,,,,,,,,,,,,,,,,,,,,,,,,,,,,,,
C,rating tiers,"4+ edge, our side bot third vs opponent mid third",2019-22,19.0,13.0,6.0,0.0,0.6842,6.4,0.3062,0.1203,0.83,0.445,False,False,6.0,False,3.0,4.0,,,,,,,,,,,,,,,,,,,,,,,,,,,,,,,,,,,,,,,,,
C,rating tiers,"4+ edge, our side bot third vs opponent mid third",2023-25,6.0,2.0,4.0,0.0,0.3333,-2.4,-0.3636,0.9114,0.83,0.985,False,False,6.0,False,1.0,3.0,,,,,,,,,,,,,,,,,,,,,,,,,,,,,,,,,,,,,,,,,
C,rating tiers,"4+ edge, our side bot third vs opponent mid third",2015-25,39.0,21.0,18.0,0.0,0.5385,1.2,0.028,0.4919,0.83,0.83,False,False,6.0,False,6.0,11.0,,,,,,,,,,,,,,,,,,,,,,,,,,,,,,,,,,,,,,,,,
C,rating tiers,"4+ edge, our side bot third vs opponent mid third",2026,0.0,0.0,0.0,0.0,,0.0,,,0.83,,False,False,6.0,False,0.0,0.0,,,,,,,,,,,,,,,,,,,,,,,,,,,,,,,,,,,,,,,,,
C,rating tiers,"every game, our side bot third vs opponent mid third",2015-18,99.0,43.0,56.0,1.0,0.4343,-18.6,-0.1708,0.9701,0.935,0.975,False,False,91.0,False,1.0,4.0,,,,,,,,,,,,,,,,,,,,,,,,,,,,,,,,,,,,,,,,,
C,rating tiers,"every game, our side bot third vs opponent mid third",2019-22,124.0,71.0,53.0,2.0,0.5726,12.7,0.0931,0.1593,0.935,0.175,False,False,91.0,False,2.0,4.0,,,,,,,,,,,,,,,,,,,,,,,,,,,,,,,,,,,,,,,,,
C,rating tiers,"every game, our side bot third vs opponent mid third",2023-25,91.0,37.0,54.0,0.0,0.4066,-22.4,-0.2238,0.9905,0.935,0.995,False,False,91.0,False,0.0,3.0,,,,,,,,,,,,,,,,,,,,,,,,,,,,,,,,,,,,,,,,,
C,rating tiers,"every game, our side bot third vs opponent mid third",2015-25,314.0,151.0,163.0,3.0,0.4809,-28.3,-0.0819,0.9428,0.935,0.935,False,False,91.0,False,3.0,11.0,,,,,,,,,,,,,,,,,,,,,,,,,,,,,,,,,,,,,,,,,
C,rating tiers,"every game, our side bot third vs opponent mid third",2026,5.0,3.0,2.0,0.0,0.6,0.8,0.1455,0.5446,0.935,0.455,False,False,91.0,False,1.0,1.0,,,,,,,,,,,,,,,,,,,,,,,,,,,,,,,,,,,,,,,,,
C,rating tiers,"4+ edge, our side bot third vs opponent bot third",2015-18,19.0,11.0,8.0,0.0,0.5789,2.2,0.1053,0.4025,0.435,0.645,False,True,8.0,True,2.0,4.0,,,,,,,,,,,,,,,,,,,,,,,,,,,,,,,,,,,,,,,,,
C,rating tiers,"4+ edge, our side bot third vs opponent bot third",2019-22,20.0,13.0,7.0,0.0,0.65,5.3,0.2409,0.1829,0.435,0.565,False,True,8.0,True,2.0,4.0,,,,,,,,,,,,,,,,,,,,,,,,,,,,,,,,,,,,,,,,,
C,rating tiers,"4+ edge, our side bot third vs opponent bot third",2023-25,8.0,6.0,2.0,1.0,0.75,3.8,0.4318,0.178,0.435,0.38,False,True,8.0,True,2.0,3.0,,,,,,,,,,,,,,,,,,,,,,,,,,,,,,,,,,,,,,,,,
C,rating tiers,"4+ edge, our side bot third vs opponent bot third",2015-25,47.0,30.0,17.0,1.0,0.6383,11.3,0.2186,0.0763,0.435,0.435,False,True,8.0,True,6.0,11.0,,,,,,,,,,,,,,,,,,,,,,,,,,,,,,,,,,,,,,,,,
C,rating tiers,"4+ edge, our side bot third vs opponent bot third",2026,1.0,1.0,0.0,0.0,1.0,1.0,0.9091,0.5238,0.435,0.32,False,True,8.0,True,1.0,1.0,,,,,,,,,,,,,,,,,,,,,,,,,,,,,,,,,,,,,,,,,
C,rating tiers,"every game, our side bot third vs opponent bot third",2015-18,104.0,56.0,48.0,5.0,0.5385,3.2,0.028,0.421,0.06,0.31,False,False,65.0,True,1.0,4.0,,,,,,,,,,,,,,,,,,,,,,,,,,,,,,,,,,,,,,,,,
C,rating tiers,"every game, our side bot third vs opponent bot third",2019-22,100.0,59.0,41.0,3.0,0.59,13.9,0.1264,0.11,0.06,0.075,False,False,65.0,True,4.0,4.0,,,,,,,,,,,,,,,,,,,,,,,,,,,,,,,,,,,,,,,,,
C,rating tiers,"every game, our side bot third vs opponent bot third",2023-25,65.0,35.0,30.0,5.0,0.5385,2.0,0.028,0.4561,0.06,0.3,False,False,65.0,True,2.0,3.0,,,,,,,,,,,,,,,,,,,,,,,,,,,,,,,,,,,,,,,,,
C,rating tiers,"every game, our side bot third vs opponent bot third",2015-25,269.0,150.0,119.0,13.0,0.5576,19.1,0.0645,0.147,0.06,0.06,False,False,65.0,True,7.0,11.0,,,,,,,,,,,,,,,,,,,,,,,,,,,,,,,,,,,,,,,,,
C,rating tiers,"every game, our side bot third vs opponent bot third",2026,4.0,3.0,1.0,0.0,0.75,1.9,0.4318,0.349,0.06,0.195,False,False,65.0,True,1.0,1.0,,,,,,,,,,,,,,,,,,,,,,,,,,,,,,,,,,,,,,,,,
C,rating tiers,"4+ edge, same third (top-top, mid-mid, bot-bot)",2015-18,45.0,26.0,19.0,0.0,0.5778,5.1,0.103,0.2832,0.155,0.47,False,True,22.0,True,2.0,4.0,,,,,,,,,,,,,,,,,,,,,,,,,,,,,,,,,,,,,,,,,
C,rating tiers,"4+ edge, same third (top-top, mid-mid, bot-bot)",2019-22,47.0,30.0,17.0,0.0,0.6383,11.3,0.2186,0.0763,0.155,0.28,False,True,22.0,True,3.0,4.0,,,,,,,,,,,,,,,,,,,,,,,,,,,,,,,,,,,,,,,,,
C,rating tiers,"4+ edge, same third (top-top, mid-mid, bot-bot)",2023-25,22.0,16.0,6.0,1.0,0.7273,9.4,0.3884,0.043,0.155,0.215,False,True,22.0,True,3.0,3.0,,,,,,,,,,,,,,,,,,,,,,,,,,,,,,,,,,,,,,,,,
C,rating tiers,"4+ edge, same third (top-top, mid-mid, bot-bot)",2015-25,114.0,72.0,42.0,1.0,0.6316,25.8,0.2057,0.0131,0.155,0.155,False,True,22.0,True,8.0,11.0,,,,,,,,,,,,,,,,,,,,,,,,,,,,,,,,,,,,,,,,,
C,rating tiers,"4+ edge, same third (top-top, mid-mid, bot-bot)",2026,1.0,1.0,0.0,0.0,1.0,1.0,0.9091,0.5238,0.155,0.355,False,True,22.0,True,1.0,1.0,,,,,,,,,,,,,,,,,,,,,,,,,,,,,,,,,,,,,,,,,
C,rating tiers,"every game, same third (top-top, mid-mid, bot-bot)",2015-18,325.0,175.0,150.0,16.0,0.5385,10.0,0.028,0.3183,0.14,0.08,False,False,250.0,False,3.0,4.0,,,,,,,,,,,,,,,,,,,,,,,,,,,,,,,,,,,,,,,,,
C,rating tiers,"every game, same third (top-top, mid-mid, bot-bot)",2019-22,329.0,177.0,152.0,10.0,0.538,9.8,0.0271,0.3231,0.14,0.265,False,False,250.0,False,3.0,4.0,,,,,,,,,,,,,,,,,,,,,,,,,,,,,,,,,,,,,,,,,
C,rating tiers,"every game, same third (top-top, mid-mid, bot-bot)",2023-25,250.0,124.0,126.0,9.0,0.496,-14.6,-0.0531,0.8274,0.14,0.525,False,False,250.0,False,1.0,3.0,,,,,,,,,,,,,,,,,,,,,,,,,,,,,,,,,,,,,,,,,
C,rating tiers,"every game, same third (top-top, mid-mid, bot-bot)",2015-25,904.0,476.0,428.0,35.0,0.5265,5.2,0.0052,0.4479,0.14,0.14,False,False,250.0,False,7.0,11.0,,,,,,,,,,,,,,,,,,,,,,,,,,,,,,,,,,,,,,,,,
C,rating tiers,"every game, same third (top-top, mid-mid, bot-bot)",2026,14.0,9.0,5.0,1.0,0.6429,3.5,0.2273,0.268,0.14,0.075,False,False,250.0,False,1.0,1.0,,,,,,,,,,,,,,,,,,,,,,,,,,,,,,,,,,,,,,,,,
C,rating tiers,"4+ edge, our side the higher third",2015-18,42.0,26.0,16.0,0.0,0.619,8.4,0.1818,0.1396,0.12,0.215,False,False,22.0,True,2.0,4.0,,,,,,,,,,,,,,,,,,,,,,,,,,,,,,,,,,,,,,,,,
C,rating tiers,"4+ edge, our side the higher third",2019-22,35.0,21.0,14.0,0.0,0.6,5.6,0.1455,0.2323,0.12,0.525,False,False,22.0,True,3.0,4.0,,,,,,,,,,,,,,,,,,,,,,,,,,,,,,,,,,,,,,,,,
C,rating tiers,"4+ edge, our side the higher third",2023-25,22.0,17.0,5.0,0.0,0.7727,11.5,0.4752,0.0151,0.12,0.12,False,False,22.0,True,3.0,3.0,,,,,,,,,,,,,,,,,,,,,,,,,,,,,,,,,,,,,,,,,
C,rating tiers,"4+ edge, our side the higher third",2015-25,99.0,64.0,35.0,0.0,0.6465,25.5,0.2342,0.0092,0.12,0.12,False,False,22.0,True,8.0,11.0,,,,,,,,,,,,,,,,,,,,,,,,,,,,,,,,,,,,,,,,,
C,rating tiers,"4+ edge, our side the higher third",2026,1.0,0.0,1.0,0.0,0.0,-1.1,-1.0,1.0,0.12,1.0,False,False,22.0,True,0.0,1.0,,,,,,,,,,,,,,,,,,,,,,,,,,,,,,,,,,,,,,,,,
C,rating tiers,"every game, our side the higher third",2015-18,323.0,164.0,159.0,10.0,0.5077,-10.9,-0.0307,0.7371,0.53,0.58,False,False,231.0,False,1.0,4.0,,,,,,,,,,,,,,,,,,,,,,,,,,,,,,,,,,,,,,,,,
C,rating tiers,"every game, our side the higher third",2019-22,299.0,148.0,151.0,7.0,0.495,-18.1,-0.055,0.8545,0.53,0.895,False,False,231.0,False,0.0,4.0,,,,,,,,,,,,,,,,,,,,,,,,,,,,,,,,,,,,,,,,,
C,rating tiers,"every game, our side the higher third",2023-25,231.0,124.0,107.0,5.0,0.5368,6.3,0.0248,0.3713,0.53,0.06,False,False,231.0,False,1.0,3.0,,,,,,,,,,,,,,,,,,,,,,,,,,,,,,,,,,,,,,,,,
C,rating tiers,"every game, our side the higher third",2015-25,853.0,436.0,417.0,22.0,0.5111,-22.7,-0.0242,0.781,0.53,0.53,False,False,231.0,False,2.0,11.0,,,,,,,,,,,,,,,,,,,,,,,,,,,,,,,,,,,,,,,,,
C,rating tiers,"every game, our side the higher third",2026,14.0,4.0,10.0,1.0,0.2857,-7.0,-0.4545,0.9812,0.53,0.97,False,False,231.0,False,0.0,1.0,,,,,,,,,,,,,,,,,,,,,,,,,,,,,,,,,,,,,,,,,
C,rating tiers,"4+ edge, our side the lower third",2015-18,36.0,16.0,20.0,0.0,0.4444,-6.0,-0.1515,0.8687,0.985,0.925,False,False,17.0,False,1.0,4.0,,,,,,,,,,,,,,,,,,,,,,,,,,,,,,,,,,,,,,,,,
C,rating tiers,"4+ edge, our side the lower third",2019-22,49.0,29.0,20.0,0.0,0.5918,7.0,0.1299,0.2092,0.985,0.865,False,False,17.0,False,3.0,4.0,,,,,,,,,,,,,,,,,,,,,,,,,,,,,,,,,,,,,,,,,
C,rating tiers,"4+ edge, our side the lower third",2023-25,17.0,7.0,10.0,0.0,0.4118,-4.0,-0.2139,0.8786,0.985,0.995,False,False,17.0,False,1.0,3.0,,,,,,,,,,,,,,,,,,,,,,,,,,,,,,,,,,,,,,,,,
C,rating tiers,"4+ edge, our side the lower third",2015-25,102.0,52.0,50.0,0.0,0.5098,-3.0,-0.0267,0.6493,0.985,0.985,False,False,17.0,False,5.0,11.0,,,,,,,,,,,,,,,,,,,,,,,,,,,,,,,,,,,,,,,,,
C,rating tiers,"4+ edge, our side the lower third",2026,1.0,0.0,1.0,0.0,0.0,-1.1,-1.0,1.0,0.985,1.0,False,False,17.0,False,0.0,1.0,,,,,,,,,,,,,,,,,,,,,,,,,,,,,,,,,,,,,,,,,
C,rating tiers,"every game, our side the lower third",2015-18,346.0,168.0,178.0,4.0,0.4855,-27.8,-0.073,0.9303,0.845,0.805,False,False,268.0,False,1.0,4.0,,,,,,,,,,,,,,,,,,,,,,,,,,,,,,,,,,,,,,,,,
C,rating tiers,"every game, our side the lower third",2019-22,372.0,198.0,174.0,6.0,0.5323,6.6,0.0161,0.3922,0.845,0.385,False,False,268.0,False,2.0,4.0,,,,,,,,,,,,,,,,,,,,,,,,,,,,,,,,,,,,,,,,,
C,rating tiers,"every game, our side the lower third",2023-25,268.0,127.0,141.0,5.0,0.4739,-28.1,-0.0953,0.9551,0.845,0.91,False,False,268.0,False,1.0,3.0,,,,,,,,,,,,,,,,,,,,,,,,,,,,,,,,,,,,,,,,,
C,rating tiers,"every game, our side the lower third",2015-25,986.0,493.0,493.0,15.0,0.5,-49.3,-0.0455,0.9368,0.845,0.845,False,False,268.0,False,4.0,11.0,,,,,,,,,,,,,,,,,,,,,,,,,,,,,,,,,,,,,,,,,
C,rating tiers,"every game, our side the lower third",2026,17.0,8.0,9.0,1.0,0.4706,-1.9,-0.1016,0.7525,0.845,0.59,False,False,268.0,False,0.0,1.0,,,,,,,,,,,,,,,,,,,,,,,,,,,,,,,,,,,,,,,,,
C,rating tiers,"4+ edge, top vs bottom, either side",2015-18,27.0,11.0,16.0,0.0,0.4074,-6.6,-0.2222,0.92,0.96,0.97,False,False,11.0,False,1.0,4.0,,,,,,,,,,,,,,,,,,,,,,,,,,,,,,,,,,,,,,,,,
C,rating tiers,"4+ edge, top vs bottom, either side",2019-22,23.0,11.0,12.0,0.0,0.4783,-2.2,-0.087,0.7411,0.96,0.935,False,False,11.0,False,1.0,4.0,,,,,,,,,,,,,,,,,,,,,,,,,,,,,,,,,,,,,,,,,
C,rating tiers,"4+ edge, top vs bottom, either side",2023-25,11.0,8.0,3.0,0.0,0.7273,4.7,0.3884,0.147,0.96,0.35,False,False,11.0,False,2.0,3.0,,,,,,,,,,,,,,,,,,,,,,,,,,,,,,,,,,,,,,,,,
C,rating tiers,"4+ edge, top vs bottom, either side",2015-25,61.0,30.0,31.0,0.0,0.4918,-4.1,-0.0611,0.7355,0.96,0.96,False,False,11.0,False,4.0,11.0,,,,,,,,,,,,,,,,,,,,,,,,,,,,,,,,,,,,,,,,,
C,rating tiers,"4+ edge, top vs bottom, either side",2026,0.0,0.0,0.0,0.0,,0.0,,,0.96,,False,False,11.0,False,0.0,0.0,,,,,,,,,,,,,,,,,,,,,,,,,,,,,,,,,,,,,,,,,
C,rating tiers,"every game, top vs bottom, either side",2015-18,203.0,97.0,106.0,7.0,0.4778,-19.6,-0.0878,0.9164,0.72,0.845,False,False,163.0,False,1.0,4.0,,,,,,,,,,,,,,,,,,,,,,,,,,,,,,,,,,,,,,,,,
C,rating tiers,"every game, top vs bottom, either side",2019-22,208.0,100.0,108.0,7.0,0.4808,-18.8,-0.0822,0.9052,0.72,0.92,False,False,163.0,False,1.0,4.0,,,,,,,,,,,,,,,,,,,,,,,,,,,,,,,,,,,,,,,,,
C,rating tiers,"every game, top vs bottom, either side",2023-25,163.0,90.0,73.0,4.0,0.5521,9.7,0.0541,0.2594,0.72,0.08,False,False,163.0,False,3.0,3.0,,,,,,,,,,,,,,,,,,,,,,,,,,,,,,,,,,,,,,,,,
C,rating tiers,"every game, top vs bottom, either side",2015-25,574.0,287.0,287.0,18.0,0.5,-28.7,-0.0455,0.8817,0.72,0.72,False,False,163.0,False,5.0,11.0,,,,,,,,,,,,,,,,,,,,,,,,,,,,,,,,,,,,,,,,,
C,rating tiers,"every game, top vs bottom, either side",2026,11.0,5.0,6.0,1.0,0.4545,-1.6,-0.1322,0.7766,0.72,0.58,False,False,163.0,False,0.0,1.0,,,,,,,,,,,,,,,,,,,,,,,,,,,,,,,,,,,,,,,,,
C,division/conference,"4+ edge, division game",2015-18,55.0,29.0,26.0,0.0,0.5273,0.4,0.0066,0.5341,0.69,0.765,False,False,16.0,True,1.0,4.0,,,,,,,,,,,,,,,,,,,,,,,,,,,,,,,,,,,,,,,,,
C,division/conference,"4+ edge, division game",2019-22,48.0,28.0,20.0,0.0,0.5833,6.0,0.1136,0.2485,0.69,0.775,False,False,16.0,True,3.0,4.0,,,,,,,,,,,,,,,,,,,,,,,,,,,,,,,,,,,,,,,,,
C,division/conference,"4+ edge, division game",2023-25,16.0,12.0,4.0,0.0,0.75,7.6,0.4318,0.0571,0.69,0.22,False,False,16.0,True,3.0,3.0,,,,,,,,,,,,,,,,,,,,,,,,,,,,,,,,,,,,,,,,,
C,division/conference,"4+ edge, division game",2015-25,119.0,69.0,50.0,0.0,0.5798,14.0,0.107,0.1287,0.69,0.69,False,False,16.0,True,7.0,11.0,,,,,,,,,,,,,,,,,,,,,,,,,,,,,,,,,,,,,,,,,
C,division/conference,"4+ edge, division game",2026,2.0,0.0,2.0,0.0,0.0,-2.2,-1.0,1.0,0.69,1.0,False,False,16.0,True,0.0,1.0,,,,,,,,,,,,,,,,,,,,,,,,,,,,,,,,,,,,,,,,,
C,division/conference,"every game, division game",2015-18,374.0,193.0,181.0,10.0,0.516,-6.1,-0.0148,0.638,0.315,0.44,False,False,235.0,False,1.0,4.0,,,,,,,,,,,,,,,,,,,,,,,,,,,,,,,,,,,,,,,,,
C,division/conference,"every game, division game",2019-22,345.0,183.0,162.0,7.0,0.5304,4.8,0.0126,0.424,0.315,0.33,False,False,235.0,False,2.0,4.0,,,,,,,,,,,,,,,,,,,,,,,,,,,,,,,,,,,,,,,,,
C,division/conference,"every game, division game",2023-25,235.0,119.0,116.0,5.0,0.5064,-8.6,-0.0333,0.726,0.315,0.415,False,False,235.0,False,1.0,3.0,,,,,,,,,,,,,,,,,,,,,,,,,,,,,,,,,,,,,,,,,
C,division/conference,"every game, division game",2015-25,954.0,495.0,459.0,22.0,0.5189,-9.9,-0.0094,0.6325,0.315,0.315,False,False,235.0,False,4.0,11.0,,,,,,,,,,,,,,,,,,,,,,,,,,,,,,,,,,,,,,,,,
C,division/conference,"every game, division game",2026,13.0,7.0,6.0,0.0,0.5385,0.4,0.028,0.5695,0.315,0.33,False,False,235.0,False,1.0,1.0,,,,,,,,,,,,,,,,,,,,,,,,,,,,,,,,,,,,,,,,,
C,division/conference,"4+ edge, conference, not division",2015-18,38.0,22.0,16.0,0.0,0.5789,4.4,0.1053,0.3032,0.595,0.43,False,False,27.0,True,2.0,4.0,,,,,,,,,,,,,,,,,,,,,,,,,,,,,,,,,,,,,,,,,
C,division/conference,"4+ edge, conference, not division",2019-22,47.0,28.0,19.0,0.0,0.5957,7.1,0.1373,0.2004,0.595,0.65,False,False,27.0,True,3.0,4.0,,,,,,,,,,,,,,,,,,,,,,,,,,,,,,,,,,,,,,,,,
C,division/conference,"4+ edge, conference, not division",2023-25,27.0,17.0,10.0,0.0,0.6296,6.0,0.202,0.1822,0.595,0.755,False,False,27.0,True,3.0,3.0,,,,,,,,,,,,,,,,,,,,,,,,,,,,,,,,,,,,,,,,,
C,division/conference,"4+ edge, conference, not division",2015-25,112.0,67.0,45.0,0.0,0.5982,17.5,0.142,0.0687,0.595,0.595,False,False,27.0,True,8.0,11.0,,,,,,,,,,,,,,,,,,,,,,,,,,,,,,,,,,,,,,,,,
C,division/conference,"4+ edge, conference, not division",2026,0.0,0.0,0.0,0.0,,0.0,,,0.595,,False,False,27.0,True,0.0,0.0,,,,,,,,,,,,,,,,,,,,,,,,,,,,,,,,,,,,,,,,,
C,division/conference,"every game, conference, not division",2015-18,373.0,194.0,179.0,11.0,0.5201,-2.9,-0.0071,0.5776,0.665,0.29,False,False,284.0,False,2.0,4.0,,,,,,,,,,,,,,,,,,,,,,,,,,,,,,,,,,,,,,,,,
C,division/conference,"every game, conference, not division",2019-22,372.0,197.0,175.0,11.0,0.5296,4.5,0.011,0.4326,0.665,0.425,False,False,284.0,False,2.0,4.0,,,,,,,,,,,,,,,,,,,,,,,,,,,,,,,,,,,,,,,,,
C,division/conference,"every game, conference, not division",2023-25,284.0,130.0,154.0,4.0,0.4577,-39.4,-0.1261,0.9889,0.665,0.95,False,False,284.0,False,0.0,3.0,,,,,,,,,,,,,,,,,,,,,,,,,,,,,,,,,,,,,,,,,
C,division/conference,"every game, conference, not division",2015-25,1029.0,521.0,508.0,26.0,0.5063,-37.8,-0.0334,0.8759,0.665,0.665,False,False,284.0,False,4.0,11.0,,,,,,,,,,,,,,,,,,,,,,,,,,,,,,,,,,,,,,,,,
C,division/conference,"every game, conference, not division",2026,19.0,7.0,12.0,0.0,0.3684,-6.2,-0.2967,0.9442,0.665,0.895,False,False,284.0,False,0.0,1.0,,,,,,,,,,,,,,,,,,,,,,,,,,,,,,,,,,,,,,,,,
C,division/conference,"4+ edge, non-conference",2015-18,30.0,17.0,13.0,0.0,0.5667,2.7,0.0818,0.3883,0.335,0.575,False,False,18.0,True,1.0,3.0,,,,,,,,,,,,,,,,,,,,,,,,,,,,,,,,,,,,,,,,,
C,division/conference,"4+ edge, non-conference",2019-22,36.0,24.0,12.0,0.0,0.6667,10.8,0.2727,0.0596,0.335,0.25,False,False,18.0,True,4.0,4.0,,,,,,,,,,,,,,,,,,,,,,,,,,,,,,,,,,,,,,,,,
C,division/conference,"4+ edge, non-conference",2023-25,18.0,11.0,7.0,1.0,0.6111,3.3,0.1667,0.3082,0.335,0.74,False,False,18.0,True,1.0,3.0,,,,,,,,,,,,,,,,,,,,,,,,,,,,,,,,,,,,,,,,,
C,division/conference,"4+ edge, non-conference",2015-25,84.0,52.0,32.0,1.0,0.619,16.8,0.1818,0.0501,0.335,0.335,False,False,18.0,True,6.0,10.0,,,,,,,,,,,,,,,,,,,,,,,,,,,,,,,,,,,,,,,,,
C,division/conference,"4+ edge, non-conference",2026,1.0,1.0,0.0,0.0,1.0,1.0,0.9091,0.5238,0.335,0.285,False,False,18.0,True,1.0,1.0,,,,,,,,,,,,,,,,,,,,,,,,,,,,,,,,,,,,,,,,,
C,division/conference,"every game, non-conference",2015-18,247.0,120.0,127.0,9.0,0.4858,-19.7,-0.0725,0.8959,0.495,0.83,False,False,230.0,False,1.0,4.0,,,,,,,,,,,,,,,,,,,,,,,,,,,,,,,,,,,,,,,,,
C,division/conference,"every game, non-conference",2019-22,283.0,143.0,140.0,5.0,0.5053,-11.0,-0.0353,0.7528,0.495,0.78,False,False,230.0,False,1.0,4.0,,,,,,,,,,,,,,,,,,,,,,,,,,,,,,,,,,,,,,,,,
C,division/conference,"every game, non-conference",2023-25,230.0,126.0,104.0,10.0,0.5478,11.6,0.0458,0.2538,0.495,0.06,False,False,230.0,False,3.0,3.0,,,,,,,,,,,,,,,,,,,,,,,,,,,,,,,,,,,,,,,,,
C,division/conference,"every game, non-conference",2015-25,760.0,389.0,371.0,24.0,0.5118,-19.1,-0.0228,0.7571,0.495,0.495,False,False,230.0,False,5.0,11.0,,,,,,,,,,,,,,,,,,,,,,,,,,,,,,,,,,,,,,,,,
C,division/conference,"every game, non-conference",2026,13.0,7.0,6.0,3.0,0.5385,0.4,0.028,0.5695,0.495,0.28,False,False,230.0,False,1.0,1.0,,,,,,,,,,,,,,,,,,,,,,,,,,,,,,,,,,,,,,,,,
C,rematch,"4+ edge, second meeting this season",2015-18,26.0,11.0,15.0,0.0,0.4231,-5.5,-0.1923,0.8897,0.89,0.915,False,False,5.0,False,2.0,4.0,,,,,,,,,,,,,,,,,,,,,,,,,,,,,,,,,,,,,,,,,
C,rematch,"4+ edge, second meeting this season",2019-22,17.0,9.0,8.0,0.0,0.5294,0.2,0.0107,0.579,0.89,0.9,False,False,5.0,False,1.0,4.0,,,,,,,,,,,,,,,,,,,,,,,,,,,,,,,,,,,,,,,,,
C,rematch,"4+ edge, second meeting this season",2023-25,5.0,4.0,1.0,0.0,0.8,2.9,0.5273,0.2187,0.89,0.345,False,False,5.0,False,3.0,3.0,,,,,,,,,,,,,,,,,,,,,,,,,,,,,,,,,,,,,,,,,
C,rematch,"4+ edge, second meeting this season",2015-25,48.0,24.0,24.0,0.0,0.5,-2.4,-0.0455,0.6829,0.89,0.89,False,False,5.0,False,6.0,11.0,,,,,,,,,,,,,,,,,,,,,,,,,,,,,,,,,,,,,,,,,
C,rematch,"4+ edge, second meeting this season",2026,0.0,0.0,0.0,0.0,,0.0,,,0.89,,False,False,5.0,False,0.0,0.0,,,,,,,,,,,,,,,,,,,,,,,,,,,,,,,,,,,,,,,,,
C,rematch,"every game, second meeting this season",2015-18,189.0,91.0,98.0,3.0,0.4815,-16.8,-0.0808,0.8921,0.69,0.805,False,False,94.0,False,2.0,4.0,,,,,,,,,,,,,,,,,,,,,,,,,,,,,,,,,,,,,,,,,
C,rematch,"every game, second meeting this season",2019-22,154.0,81.0,73.0,6.0,0.526,0.7,0.0041,0.5112,0.69,0.51,False,False,94.0,False,2.0,4.0,,,,,,,,,,,,,,,,,,,,,,,,,,,,,,,,,,,,,,,,,
C,rematch,"every game, second meeting this season",2023-25,94.0,49.0,45.0,2.0,0.5213,-0.5,-0.0048,0.5612,0.69,0.375,False,False,94.0,False,1.0,3.0,,,,,,,,,,,,,,,,,,,,,,,,,,,,,,,,,,,,,,,,,
C,rematch,"every game, second meeting this season",2015-25,437.0,221.0,216.0,11.0,0.5057,-16.6,-0.0345,0.7897,0.69,0.69,False,False,94.0,False,5.0,11.0,,,,,,,,,,,,,,,,,,,,,,,,,,,,,,,,,,,,,,,,,
C,rematch,"every game, second meeting this season",2026,0.0,0.0,0.0,0.0,,0.0,,,0.69,,False,False,94.0,False,0.0,0.0,,,,,,,,,,,,,,,,,,,,,,,,,,,,,,,,,,,,,,,,,
C,rematch,"4+ edge, first meeting (division teams)",2015-18,29.0,18.0,11.0,0.0,0.6207,5.9,0.185,0.1957,0.3,0.41,False,True,11.0,True,2.0,4.0,,,,,,,,,,,,,,,,,,,,,,,,,,,,,,,,,,,,,,,,,
C,rematch,"4+ edge, first meeting (division teams)",2019-22,31.0,19.0,12.0,0.0,0.6129,5.8,0.1701,0.2085,0.3,0.48,False,True,11.0,True,3.0,4.0,,,,,,,,,,,,,,,,,,,,,,,,,,,,,,,,,,,,,,,,,
C,rematch,"4+ edge, first meeting (division teams)",2023-25,11.0,8.0,3.0,0.0,0.7273,4.7,0.3884,0.147,0.3,0.385,False,True,11.0,True,2.0,3.0,,,,,,,,,,,,,,,,,,,,,,,,,,,,,,,,,,,,,,,,,
C,rematch,"4+ edge, first meeting (division teams)",2015-25,71.0,45.0,26.0,0.0,0.6338,16.4,0.21,0.0405,0.3,0.3,False,True,11.0,True,7.0,11.0,,,,,,,,,,,,,,,,,,,,,,,,,,,,,,,,,,,,,,,,,
C,rematch,"4+ edge, first meeting (division teams)",2026,2.0,0.0,2.0,0.0,0.0,-2.2,-1.0,1.0,0.3,1.0,False,True,11.0,True,0.0,1.0,,,,,,,,,,,,,,,,,,,,,,,,,,,,,,,,,,,,,,,,,
C,rematch,"every game, first meeting (division teams)",2015-18,185.0,102.0,83.0,7.0,0.5514,10.7,0.0526,0.2496,0.145,0.075,False,False,141.0,False,2.0,4.0,,,,,,,,,,,,,,,,,,,,,,,,,,,,,,,,,,,,,,,,,
C,rematch,"every game, first meeting (division teams)",2019-22,191.0,102.0,89.0,1.0,0.534,4.1,0.0195,0.4171,0.145,0.38,False,False,141.0,False,3.0,4.0,,,,,,,,,,,,,,,,,,,,,,,,,,,,,,,,,,,,,,,,,
C,rematch,"every game, first meeting (division teams)",2023-25,141.0,70.0,71.0,3.0,0.4965,-8.1,-0.0522,0.7689,0.145,0.53,False,False,141.0,False,1.0,3.0,,,,,,,,,,,,,,,,,,,,,,,,,,,,,,,,,,,,,,,,,
C,rematch,"every game, first meeting (division teams)",2015-25,517.0,274.0,243.0,11.0,0.53,6.7,0.0118,0.4066,0.145,0.145,False,False,141.0,False,6.0,11.0,,,,,,,,,,,,,,,,,,,,,,,,,,,,,,,,,,,,,,,,,
C,rematch,"every game, first meeting (division teams)",2026,13.0,7.0,6.0,0.0,0.5385,0.4,0.028,0.5695,0.145,0.35,False,False,141.0,False,1.0,1.0,,,,,,,,,,,,,,,,,,,,,,,,,,,,,,,,,,,,,,,,,
C,rematch,"4+ edge, rematch, our side lost the first meeting",2015-18,9.0,6.0,3.0,0.0,0.6667,2.7,0.2727,0.3029,0.605,0.35,False,False,3.0,False,2.0,4.0,,,,,,,,,,,,,,,,,,,,,,,,,,,,,,,,,,,,,,,,,
C,rematch,"4+ edge, rematch, our side lost the first meeting",2019-22,8.0,4.0,4.0,0.0,0.5,-0.4,-0.0455,0.6874,0.605,0.94,False,False,3.0,False,1.0,4.0,,,,,,,,,,,,,,,,,,,,,,,,,,,,,,,,,,,,,,,,,
C,rematch,"4+ edge, rematch, our side lost the first meeting",2023-25,3.0,2.0,1.0,0.0,0.6667,0.9,0.2727,0.5357,0.605,0.685,False,False,3.0,False,1.0,1.0,,,,,,,,,,,,,,,,,,,,,,,,,,,,,,,,,,,,,,,,,
C,rematch,"4+ edge, rematch, our side lost the first meeting",2015-25,20.0,12.0,8.0,0.0,0.6,3.2,0.1455,0.325,0.605,0.605,False,False,3.0,False,4.0,9.0,,,,,,,,,,,,,,,,,,,,,,,,,,,,,,,,,,,,,,,,,
C,rematch,"4+ edge, rematch, our side lost the first meeting",2026,0.0,0.0,0.0,0.0,,0.0,,,0.605,,False,False,3.0,False,0.0,0.0,,,,,,,,,,,,,,,,,,,,,,,,,,,,,,,,,,,,,,,,,
C,rematch,"every game, rematch, our side lost the first meeting",2015-18,101.0,51.0,50.0,2.0,0.505,-4.0,-0.036,0.6844,0.355,0.55,False,False,55.0,False,1.0,4.0,,,,,,,,,,,,,,,,,,,,,,,,,,,,,,,,,,,,,,,,,
C,rematch,"every game, rematch, our side lost the first meeting",2019-22,78.0,42.0,36.0,4.0,0.5385,2.4,0.028,0.4428,0.355,0.395,False,False,55.0,False,2.0,4.0,,,,,,,,,,,,,,,,,,,,,,,,,,,,,,,,,,,,,,,,,
C,rematch,"every game, rematch, our side lost the first meeting",2023-25,55.0,29.0,26.0,0.0,0.5273,0.4,0.0066,0.5341,0.355,0.31,False,False,55.0,False,1.0,3.0,,,,,,,,,,,,,,,,,,,,,,,,,,,,,,,,,,,,,,,,,
C,rematch,"every game, rematch, our side lost the first meeting",2015-25,234.0,122.0,112.0,6.0,0.5214,-1.2,-0.0047,0.5561,0.355,0.355,False,False,55.0,False,4.0,11.0,,,,,,,,,,,,,,,,,,,,,,,,,,,,,,,,,,,,,,,,,
C,rematch,"every game, rematch, our side lost the first meeting",2026,0.0,0.0,0.0,0.0,,0.0,,,0.355,,False,False,55.0,False,0.0,0.0,,,,,,,,,,,,,,,,,,,,,,,,,,,,,,,,,,,,,,,,,
C,rematch,"4+ edge, rematch, our side won the first meeting",2015-18,17.0,5.0,12.0,0.0,0.2941,-8.2,-0.4385,0.9848,0.93,0.99,False,False,2.0,False,1.0,4.0,,,,,,,,,,,,,,,,,,,,,,,,,,,,,,,,,,,,,,,,,
C,rematch,"4+ edge, rematch, our side won the first meeting",2019-22,9.0,5.0,4.0,0.0,0.5556,0.6,0.0606,0.5584,0.93,0.75,False,False,2.0,False,1.0,3.0,,,,,,,,,,,,,,,,,,,,,,,,,,,,,,,,,,,,,,,,,
C,rematch,"4+ edge, rematch, our side won the first meeting",2023-25,2.0,2.0,0.0,0.0,1.0,2.0,0.9091,0.2744,0.93,0.44,False,False,2.0,False,2.0,2.0,,,,,,,,,,,,,,,,,,,,,,,,,,,,,,,,,,,,,,,,,
C,rematch,"4+ edge, rematch, our side won the first meeting",2015-25,28.0,12.0,16.0,0.0,0.4286,-5.6,-0.1818,0.8846,0.93,0.93,False,False,2.0,False,4.0,9.0,,,,,,,,,,,,,,,,,,,,,,,,,,,,,,,,,,,,,,,,,
C,rematch,"4+ edge, rematch, our side won the first meeting",2026,0.0,0.0,0.0,0.0,,0.0,,,0.93,,False,False,2.0,False,0.0,0.0,,,,,,,,,,,,,,,,,,,,,,,,,,,,,,,,,,,,,,,,,
C,rematch,"every game, rematch, our side won the first meeting",2015-18,85.0,38.0,47.0,1.0,0.4471,-13.7,-0.1465,0.9364,0.795,0.94,False,False,39.0,False,1.0,4.0,,,,,,,,,,,,,,,,,,,,,,,,,,,,,,,,,,,,,,,,,
C,rematch,"every game, rematch, our side won the first meeting",2019-22,75.0,38.0,37.0,2.0,0.5067,-2.7,-0.0327,0.6606,0.795,0.57,False,False,39.0,False,1.0,4.0,,,,,,,,,,,,,,,,,,,,,,,,,,,,,,,,,,,,,,,,,
C,rematch,"every game, rematch, our side won the first meeting",2023-25,39.0,20.0,19.0,2.0,0.5128,-0.9,-0.021,0.6177,0.795,0.415,False,False,39.0,False,2.0,3.0,,,,,,,,,,,,,,,,,,,,,,,,,,,,,,,,,,,,,,,,,
C,rematch,"every game, rematch, our side won the first meeting",2015-25,199.0,96.0,103.0,5.0,0.4824,-17.3,-0.079,0.8925,0.795,0.795,False,False,39.0,False,4.0,11.0,,,,,,,,,,,,,,,,,,,,,,,,,,,,,,,,,,,,,,,,,
C,rematch,"every game, rematch, our side won the first meeting",2026,0.0,0.0,0.0,0.0,,0.0,,,0.795,,False,False,39.0,False,0.0,0.0,,,,,,,,,,,,,,,,,,,,,,,,,,,,,,,,,,,,,,,,,
C,off a big result,"4+ edge, our side off a 14+ loss",2015-18,15.0,5.0,10.0,0.0,0.3333,-6.0,-0.3636,0.9597,0.995,0.99,False,False,10.0,False,0.0,3.0,,,,,,,,,,,,,,,,,,,,,,,,,,,,,,,,,,,,,,,,,
C,off a big result,"4+ edge, our side off a 14+ loss",2019-22,25.0,14.0,11.0,0.0,0.56,1.9,0.0691,0.4371,0.995,0.825,False,False,10.0,False,2.0,4.0,,,,,,,,,,,,,,,,,,,,,,,,,,,,,,,,,,,,,,,,,
C,off a big result,"4+ edge, our side off a 14+ loss",2023-25,10.0,4.0,6.0,0.0,0.4,-2.6,-0.2364,0.8644,0.995,0.975,False,False,10.0,False,1.0,3.0,,,,,,,,,,,,,,,,,,,,,,,,,,,,,,,,,,,,,,,,,
C,off a big result,"4+ edge, our side off a 14+ loss",2015-25,50.0,23.0,27.0,0.0,0.46,-6.7,-0.1218,0.852,0.995,0.995,False,False,10.0,False,3.0,10.0,,,,,,,,,,,,,,,,,,,,,,,,,,,,,,,,,,,,,,,,,
C,off a big result,"4+ edge, our side off a 14+ loss",2026,0.0,0.0,0.0,0.0,,0.0,,,0.995,,False,False,10.0,False,0.0,0.0,,,,,,,,,,,,,,,,,,,,,,,,,,,,,,,,,,,,,,,,,
C,off a big result,"every game, our side off a 14+ loss",2015-18,162.0,87.0,75.0,2.0,0.537,4.5,0.0253,0.3985,0.67,0.24,False,False,138.0,False,2.0,4.0,,,,,,,,,,,,,,,,,,,,,,,,,,,,,,,,,,,,,,,,,
C,off a big result,"every game, our side off a 14+ loss",2019-22,166.0,89.0,77.0,3.0,0.5361,4.3,0.0235,0.4055,0.67,0.38,False,False,138.0,False,2.0,4.0,,,,,,,,,,,,,,,,,,,,,,,,,,,,,,,,,,,,,,,,,
C,off a big result,"every game, our side off a 14+ loss",2023-25,138.0,59.0,79.0,2.0,0.4275,-27.9,-0.1838,0.9906,0.67,0.98,False,False,138.0,False,0.0,3.0,,,,,,,,,,,,,,,,,,,,,,,,,,,,,,,,,,,,,,,,,
C,off a big result,"every game, our side off a 14+ loss",2015-25,466.0,235.0,231.0,7.0,0.5043,-19.1,-0.0373,0.8133,0.67,0.67,False,False,138.0,False,4.0,11.0,,,,,,,,,,,,,,,,,,,,,,,,,,,,,,,,,,,,,,,,,
C,off a big result,"every game, our side off a 14+ loss",2026,6.0,4.0,2.0,0.0,0.6667,1.8,0.2727,0.3894,0.67,0.245,False,False,138.0,False,1.0,1.0,,,,,,,,,,,,,,,,,,,,,,,,,,,,,,,,,,,,,,,,,
C,off a big result,"4+ edge, our side off a 14+ win",2015-18,16.0,10.0,6.0,0.0,0.625,3.4,0.1932,0.2894,0.185,0.375,False,False,10.0,True,2.0,4.0,,,,,,,,,,,,,,,,,,,,,,,,,,,,,,,,,,,,,,,,,
C,off a big result,"4+ edge, our side off a 14+ win",2019-22,16.0,13.0,3.0,0.0,0.8125,9.7,0.5511,0.0172,0.185,0.07,False,False,10.0,True,4.0,4.0,,,,,,,,,,,,,,,,,,,,,,,,,,,,,,,,,,,,,,,,,
C,off a big result,"4+ edge, our side off a 14+ win",2023-25,10.0,6.0,4.0,0.0,0.6,1.6,0.1455,0.4368,0.185,0.83,False,False,10.0,True,2.0,3.0,,,,,,,,,,,,,,,,,,,,,,,,,,,,,,,,,,,,,,,,,
C,off a big result,"4+ edge, our side off a 14+ win",2015-25,42.0,29.0,13.0,0.0,0.6905,14.7,0.3182,0.0212,0.185,0.185,False,False,10.0,True,8.0,11.0,,,,,,,,,,,,,,,,,,,,,,,,,,,,,,,,,,,,,,,,,
C,off a big result,"4+ edge, our side off a 14+ win",2026,0.0,0.0,0.0,0.0,,0.0,,,0.185,,False,False,10.0,True,0.0,0.0,,,,,,,,,,,,,,,,,,,,,,,,,,,,,,,,,,,,,,,,,
C,off a big result,"every game, our side off a 14+ win",2015-18,143.0,67.0,76.0,5.0,0.4685,-16.6,-0.1055,0.9203,0.97,0.875,False,False,123.0,False,0.0,4.0,,,,,,,,,,,,,,,,,,,,,,,,,,,,,,,,,,,,,,,,,
C,off a big result,"every game, our side off a 14+ win",2019-22,139.0,66.0,73.0,4.0,0.4748,-14.3,-0.0935,0.8927,0.97,0.88,False,False,123.0,False,0.0,4.0,,,,,,,,,,,,,,,,,,,,,,,,,,,,,,,,,,,,,,,,,
C,off a big result,"every game, our side off a 14+ win",2023-25,123.0,58.0,65.0,3.0,0.4715,-13.5,-0.0998,0.8944,0.97,0.77,False,False,123.0,False,0.0,3.0,,,,,,,,,,,,,,,,,,,,,,,,,,,,,,,,,,,,,,,,,
C,off a big result,"every game, our side off a 14+ win",2015-25,405.0,191.0,214.0,12.0,0.4716,-44.4,-0.0997,0.9843,0.97,0.97,False,False,123.0,False,0.0,11.0,,,,,,,,,,,,,,,,,,,,,,,,,,,,,,,,,,,,,,,,,
C,off a big result,"every game, our side off a 14+ win",2026,5.0,2.0,3.0,1.0,0.4,-1.3,-0.2364,0.8408,0.97,0.7,False,False,123.0,False,0.0,1.0,,,,,,,,,,,,,,,,,,,,,,,,,,,,,,,,,,,,,,,,,
C,off a big result,"4+ edge, opponent off a 14+ loss",2015-18,19.0,11.0,8.0,0.0,0.5789,2.2,0.1053,0.4025,0.495,0.615,False,False,8.0,False,1.0,4.0,,,,,,,,,,,,,,,,,,,,,,,,,,,,,,,,,,,,,,,,,
C,off a big result,"4+ edge, opponent off a 14+ loss",2019-22,19.0,13.0,6.0,0.0,0.6842,6.4,0.3062,0.1203,0.495,0.3,False,False,8.0,False,3.0,4.0,,,,,,,,,,,,,,,,,,,,,,,,,,,,,,,,,,,,,,,,,
C,off a big result,"4+ edge, opponent off a 14+ loss",2023-25,8.0,4.0,4.0,0.0,0.5,-0.4,-0.0455,0.6874,0.495,0.84,False,False,8.0,False,1.0,3.0,,,,,,,,,,,,,,,,,,,,,,,,,,,,,,,,,,,,,,,,,
C,off a big result,"4+ edge, opponent off a 14+ loss",2015-25,46.0,28.0,18.0,0.0,0.6087,8.2,0.1621,0.1574,0.495,0.495,False,False,8.0,False,5.0,11.0,,,,,,,,,,,,,,,,,,,,,,,,,,,,,,,,,,,,,,,,,
C,off a big result,"4+ edge, opponent off a 14+ loss",2026,1.0,0.0,1.0,0.0,0.0,-1.1,-1.0,1.0,0.495,1.0,False,False,8.0,False,0.0,1.0,,,,,,,,,,,,,,,,,,,,,,,,,,,,,,,,,,,,,,,,,
C,off a big result,"every game, opponent off a 14+ loss",2015-18,150.0,75.0,75.0,5.0,0.5,-7.5,-0.0455,0.7473,0.77,0.62,False,False,108.0,False,3.0,4.0,,,,,,,,,,,,,,,,,,,,,,,,,,,,,,,,,,,,,,,,,
C,off a big result,"every game, opponent off a 14+ loss",2019-22,145.0,77.0,68.0,4.0,0.531,2.2,0.0138,0.4643,0.77,0.49,False,False,108.0,False,3.0,4.0,,,,,,,,,,,,,,,,,,,,,,,,,,,,,,,,,,,,,,,,,
C,off a big result,"every game, opponent off a 14+ loss",2023-25,108.0,48.0,60.0,4.0,0.4444,-18.0,-0.1515,0.9597,0.77,0.9,False,False,108.0,False,2.0,3.0,,,,,,,,,,,,,,,,,,,,,,,,,,,,,,,,,,,,,,,,,
C,off a big result,"every game, opponent off a 14+ loss",2015-25,403.0,200.0,203.0,13.0,0.4963,-23.3,-0.0526,0.8762,0.77,0.77,False,False,108.0,False,8.0,11.0,,,,,,,,,,,,,,,,,,,,,,,,,,,,,,,,,,,,,,,,,
C,off a big result,"every game, opponent off a 14+ loss",2026,8.0,2.0,6.0,0.0,0.25,-4.6,-0.5227,0.9741,0.77,0.95,False,False,108.0,False,0.0,1.0,,,,,,,,,,,,,,,,,,,,,,,,,,,,,,,,,,,,,,,,,
C,off a big result,"4+ edge, opponent off a 14+ win",2015-18,18.0,9.0,9.0,0.0,0.5,-0.9,-0.0455,0.6699,0.925,0.79,False,False,8.0,False,2.0,4.0,,,,,,,,,,,,,,,,,,,,,,,,,,,,,,,,,,,,,,,,,
C,off a big result,"4+ edge, opponent off a 14+ win",2019-22,17.0,6.0,11.0,0.0,0.3529,-6.1,-0.3262,0.9516,0.925,0.995,False,False,8.0,False,0.0,4.0,,,,,,,,,,,,,,,,,,,,,,,,,,,,,,,,,,,,,,,,,
C,off a big result,"4+ edge, opponent off a 14+ win",2023-25,8.0,6.0,2.0,0.0,0.75,3.8,0.4318,0.178,0.925,0.345,False,False,8.0,False,2.0,3.0,,,,,,,,,,,,,,,,,,,,,,,,,,,,,,,,,,,,,,,,,
C,off a big result,"4+ edge, opponent off a 14+ win",2015-25,43.0,21.0,22.0,0.0,0.4884,-3.2,-0.0677,0.7319,0.925,0.925,False,False,8.0,False,4.0,11.0,,,,,,,,,,,,,,,,,,,,,,,,,,,,,,,,,,,,,,,,,
C,off a big result,"4+ edge, opponent off a 14+ win",2026,1.0,1.0,0.0,0.0,1.0,1.0,0.9091,0.5238,0.925,0.295,False,False,8.0,False,1.0,1.0,,,,,,,,,,,,,,,,,,,,,,,,,,,,,,,,,,,,,,,,,
C,off a big result,"every game, opponent off a 14+ win",2015-18,166.0,81.0,85.0,5.0,0.488,-12.5,-0.0685,0.842,0.895,0.68,False,False,125.0,False,1.0,4.0,,,,,,,,,,,,,,,,,,,,,,,,,,,,,,,,,,,,,,,,,
C,off a big result,"every game, opponent off a 14+ win",2019-22,171.0,84.0,87.0,3.0,0.4912,-11.7,-0.0622,0.8237,0.895,0.795,False,False,125.0,False,1.0,4.0,,,,,,,,,,,,,,,,,,,,,,,,,,,,,,,,,,,,,,,,,
C,off a big result,"every game, opponent off a 14+ win",2023-25,125.0,58.0,67.0,1.0,0.464,-15.7,-0.1142,0.9233,0.895,0.825,False,False,125.0,False,0.0,3.0,,,,,,,,,,,,,,,,,,,,,,,,,,,,,,,,,,,,,,,,,
C,off a big result,"every game, opponent off a 14+ win",2015-25,462.0,223.0,239.0,9.0,0.4827,-39.9,-0.0785,0.9653,0.895,0.895,False,False,125.0,False,2.0,11.0,,,,,,,,,,,,,,,,,,,,,,,,,,,,,,,,,,,,,,,,,
C,off a big result,"every game, opponent off a 14+ win",2026,8.0,7.0,1.0,0.0,0.875,5.9,0.6705,0.0469,0.895,0.015,False,False,125.0,False,1.0,1.0,,,,,,,,,,,,,,,,,,,,,,,,,,,,,,,,,,,,,,,,,
C,streaks,"4+ edge, our side on a 2+ game win streak",2015-18,25.0,18.0,7.0,0.0,0.72,10.3,0.3745,0.0372,0.075,0.03,False,False,10.0,False,2.0,4.0,,,,,,,,,,,,,,,,,,,,,,,,,,,,,,,,,,,,,,,,,
C,streaks,"4+ edge, our side on a 2+ game win streak",2019-22,29.0,20.0,9.0,0.0,0.6897,10.1,0.3166,0.0532,0.075,0.29,False,False,10.0,False,4.0,4.0,,,,,,,,,,,,,,,,,,,,,,,,,,,,,,,,,,,,,,,,,
C,streaks,"4+ edge, our side on a 2+ game win streak",2023-25,10.0,5.0,5.0,0.0,0.5,-0.5,-0.0455,0.6801,0.075,0.88,False,False,10.0,False,2.0,3.0,,,,,,,,,,,,,,,,,,,,,,,,,,,,,,,,,,,,,,,,,
C,streaks,"4+ edge, our side on a 2+ game win streak",2015-25,64.0,43.0,21.0,0.0,0.6719,19.9,0.2827,0.0117,0.075,0.075,False,False,10.0,False,8.0,11.0,,,,,,,,,,,,,,,,,,,,,,,,,,,,,,,,,,,,,,,,,
C,streaks,"4+ edge, our side on a 2+ game win streak",2026,0.0,0.0,0.0,0.0,,0.0,,,0.075,,False,False,10.0,False,0.0,0.0,,,,,,,,,,,,,,,,,,,,,,,,,,,,,,,,,,,,,,,,,
C,streaks,"every game, our side on a 2+ game win streak",2015-18,220.0,112.0,108.0,7.0,0.5091,-6.8,-0.0281,0.6933,0.265,0.545,False,False,174.0,False,1.0,4.0,,,,,,,,,,,,,,,,,,,,,,,,,,,,,,,,,,,,,,,,,
C,streaks,"every game, our side on a 2+ game win streak",2019-22,218.0,116.0,102.0,5.0,0.5321,3.8,0.0158,0.43,0.265,0.415,False,False,174.0,False,2.0,4.0,,,,,,,,,,,,,,,,,,,,,,,,,,,,,,,,,,,,,,,,,
C,streaks,"every game, our side on a 2+ game win streak",2023-25,174.0,94.0,80.0,3.0,0.5402,6.0,0.0313,0.3607,0.265,0.155,False,False,174.0,False,2.0,3.0,,,,,,,,,,,,,,,,,,,,,,,,,,,,,,,,,,,,,,,,,
C,streaks,"every game, our side on a 2+ game win streak",2015-25,612.0,322.0,290.0,15.0,0.5261,3.0,0.0045,0.4703,0.265,0.265,False,False,174.0,False,5.0,11.0,,,,,,,,,,,,,,,,,,,,,,,,,,,,,,,,,,,,,,,,,
C,streaks,"every game, our side on a 2+ game win streak",2026,3.0,1.0,2.0,0.0,0.3333,-1.2,-0.3636,0.892,0.265,0.835,False,False,174.0,False,0.0,1.0,,,,,,,,,,,,,,,,,,,,,,,,,,,,,,,,,,,,,,,,,
C,streaks,"4+ edge, our side on a 2+ game losing streak",2015-18,34.0,17.0,17.0,0.0,0.5,-1.7,-0.0455,0.674,0.89,0.82,False,False,12.0,False,2.0,4.0,,,,,,,,,,,,,,,,,,,,,,,,,,,,,,,,,,,,,,,,,
C,streaks,"4+ edge, our side on a 2+ game losing streak",2019-22,41.0,25.0,16.0,0.0,0.6098,7.4,0.1641,0.1723,0.89,0.635,False,False,12.0,False,2.0,4.0,,,,,,,,,,,,,,,,,,,,,,,,,,,,,,,,,,,,,,,,,
C,streaks,"4+ edge, our side on a 2+ game losing streak",2023-25,12.0,5.0,7.0,0.0,0.4167,-2.7,-0.2045,0.8489,0.89,0.98,False,False,12.0,False,1.0,3.0,,,,,,,,,,,,,,,,,,,,,,,,,,,,,,,,,,,,,,,,,
C,streaks,"4+ edge, our side on a 2+ game losing streak",2015-25,87.0,47.0,40.0,0.0,0.5402,3.0,0.0313,0.4217,0.89,0.89,False,False,12.0,False,5.0,11.0,,,,,,,,,,,,,,,,,,,,,,,,,,,,,,,,,,,,,,,,,
C,streaks,"4+ edge, our side on a 2+ game losing streak",2026,0.0,0.0,0.0,0.0,,0.0,,,0.89,,False,False,12.0,False,0.0,0.0,,,,,,,,,,,,,,,,,,,,,,,,,,,,,,,,,,,,,,,,,
C,streaks,"every game, our side on a 2+ game losing streak",2015-18,249.0,129.0,120.0,9.0,0.5181,-3.0,-0.011,0.597,0.36,0.35,False,False,208.0,False,2.0,4.0,,,,,,,,,,,,,,,,,,,,,,,,,,,,,,,,,,,,,,,,,
C,streaks,"every game, our side on a 2+ game losing streak",2019-22,264.0,145.0,119.0,8.0,0.5492,14.1,0.0486,0.2221,0.36,0.22,False,False,208.0,False,3.0,4.0,,,,,,,,,,,,,,,,,,,,,,,,,,,,,,,,,,,,,,,,,
C,streaks,"every game, our side on a 2+ game losing streak",2023-25,208.0,99.0,109.0,5.0,0.476,-20.9,-0.0913,0.9265,0.36,0.765,False,False,208.0,False,1.0,3.0,,,,,,,,,,,,,,,,,,,,,,,,,,,,,,,,,,,,,,,,,
C,streaks,"every game, our side on a 2+ game losing streak",2015-25,721.0,373.0,348.0,22.0,0.5173,-9.8,-0.0124,0.6502,0.36,0.36,False,False,208.0,False,6.0,11.0,,,,,,,,,,,,,,,,,,,,,,,,,,,,,,,,,,,,,,,,,
C,streaks,"every game, our side on a 2+ game losing streak",2026,4.0,2.0,2.0,0.0,0.5,-0.2,-0.0455,0.7223,0.36,0.59,False,False,208.0,False,0.0,1.0,,,,,,,,,,,,,,,,,,,,,,,,,,,,,,,,,,,,,,,,,
C,streaks,"4+ edge, opponent on a 2+ game win streak",2015-18,25.0,13.0,12.0,0.0,0.52,-0.2,-0.0073,0.5951,0.915,0.79,False,False,14.0,False,1.0,4.0,,,,,,,,,,,,,,,,,,,,,,,,,,,,,,,,,,,,,,,,,
C,streaks,"4+ edge, opponent on a 2+ game win streak",2019-22,39.0,24.0,15.0,0.0,0.6154,7.5,0.1748,0.1624,0.915,0.66,False,False,14.0,False,3.0,4.0,,,,,,,,,,,,,,,,,,,,,,,,,,,,,,,,,,,,,,,,,
C,streaks,"4+ edge, opponent on a 2+ game win streak",2023-25,14.0,6.0,8.0,1.0,0.4286,-2.8,-0.1818,0.8366,0.915,0.995,False,False,14.0,False,0.0,3.0,,,,,,,,,,,,,,,,,,,,,,,,,,,,,,,,,,,,,,,,,
C,streaks,"4+ edge, opponent on a 2+ game win streak",2015-25,78.0,43.0,35.0,1.0,0.5513,4.5,0.0524,0.3555,0.915,0.915,False,False,14.0,False,4.0,11.0,,,,,,,,,,,,,,,,,,,,,,,,,,,,,,,,,,,,,,,,,
C,streaks,"4+ edge, opponent on a 2+ game win streak",2026,0.0,0.0,0.0,0.0,,0.0,,,0.915,,False,False,14.0,False,0.0,0.0,,,,,,,,,,,,,,,,,,,,,,,,,,,,,,,,,,,,,,,,,
C,streaks,"every game, opponent on a 2+ game win streak",2015-18,253.0,131.0,122.0,11.0,0.5178,-3.2,-0.0115,0.6009,0.31,0.375,False,False,190.0,False,2.0,4.0,,,,,,,,,,,,,,,,,,,,,,,,,,,,,,,,,,,,,,,,,
C,streaks,"every game, opponent on a 2+ game win streak",2019-22,271.0,149.0,122.0,3.0,0.5498,14.8,0.0496,0.213,0.31,0.09,False,False,190.0,False,4.0,4.0,,,,,,,,,,,,,,,,,,,,,,,,,,,,,,,,,,,,,,,,,
C,streaks,"every game, opponent on a 2+ game win streak",2023-25,190.0,91.0,99.0,5.0,0.4789,-17.9,-0.0856,0.905,0.31,0.775,False,False,190.0,False,0.0,3.0,,,,,,,,,,,,,,,,,,,,,,,,,,,,,,,,,,,,,,,,,
C,streaks,"every game, opponent on a 2+ game win streak",2015-25,714.0,371.0,343.0,19.0,0.5196,-6.3,-0.008,0.6036,0.31,0.31,False,False,190.0,False,6.0,11.0,,,,,,,,,,,,,,,,,,,,,,,,,,,,,,,,,,,,,,,,,
C,streaks,"every game, opponent on a 2+ game win streak",2026,5.0,2.0,3.0,0.0,0.4,-1.3,-0.2364,0.8408,0.31,0.785,False,False,190.0,False,0.0,1.0,,,,,,,,,,,,,,,,,,,,,,,,,,,,,,,,,,,,,,,,,
C,streaks,"4+ edge, opponent on a 2+ game losing streak",2015-18,26.0,16.0,10.0,0.0,0.6154,5.0,0.1748,0.2309,0.325,0.445,False,False,8.0,False,1.0,4.0,,,,,,,,,,,,,,,,,,,,,,,,,,,,,,,,,,,,,,,,,
C,streaks,"4+ edge, opponent on a 2+ game losing streak",2019-22,24.0,18.0,6.0,0.0,0.75,11.4,0.4318,0.0203,0.325,0.125,False,False,8.0,False,3.0,4.0,,,,,,,,,,,,,,,,,,,,,,,,,,,,,,,,,,,,,,,,,
C,streaks,"4+ edge, opponent on a 2+ game losing streak",2023-25,8.0,4.0,4.0,0.0,0.5,-0.4,-0.0455,0.6874,0.325,0.915,False,False,8.0,False,1.0,3.0,,,,,,,,,,,,,,,,,,,,,,,,,,,,,,,,,,,,,,,,,
C,streaks,"4+ edge, opponent on a 2+ game losing streak",2015-25,58.0,38.0,20.0,0.0,0.6552,16.0,0.2508,0.0298,0.325,0.325,False,False,8.0,False,5.0,11.0,,,,,,,,,,,,,,,,,,,,,,,,,,,,,,,,,,,,,,,,,
C,streaks,"4+ edge, opponent on a 2+ game losing streak",2026,0.0,0.0,0.0,0.0,,0.0,,,0.325,,False,False,8.0,False,0.0,0.0,,,,,,,,,,,,,,,,,,,,,,,,,,,,,,,,,,,,,,,,,
C,streaks,"every game, opponent on a 2+ game losing streak",2015-18,229.0,120.0,109.0,4.0,0.524,0.1,0.0004,0.5243,0.545,0.34,False,False,154.0,False,2.0,4.0,,,,,,,,,,,,,,,,,,,,,,,,,,,,,,,,,,,,,,,,,
C,streaks,"every game, opponent on a 2+ game losing streak",2019-22,217.0,115.0,102.0,7.0,0.53,2.8,0.0117,0.4553,0.545,0.33,False,False,154.0,False,3.0,4.0,,,,,,,,,,,,,,,,,,,,,,,,,,,,,,,,,,,,,,,,,
C,streaks,"every game, opponent on a 2+ game losing streak",2023-25,154.0,72.0,82.0,5.0,0.4675,-18.2,-0.1074,0.9304,0.545,0.81,False,False,154.0,False,0.0,3.0,,,,,,,,,,,,,,,,,,,,,,,,,,,,,,,,,,,,,,,,,
C,streaks,"every game, opponent on a 2+ game losing streak",2015-25,600.0,307.0,293.0,16.0,0.5117,-15.3,-0.0232,0.7379,0.545,0.545,False,False,154.0,False,5.0,11.0,,,,,,,,,,,,,,,,,,,,,,,,,,,,,,,,,,,,,,,,,
C,streaks,"every game, opponent on a 2+ game losing streak",2026,4.0,3.0,1.0,0.0,0.75,1.9,0.4318,0.349,0.545,0.255,False,False,154.0,False,1.0,1.0,,,,,,,,,,,,,,,,,,,,,,,,,,,,,,,,,,,,,,,,,
C,streaks,"4+ edge, our side on a 3+ game losing streak",2015-18,13.0,6.0,7.0,0.0,0.4615,-1.7,-0.1189,0.7663,0.835,0.815,False,False,9.0,False,2.0,4.0,,,,,,,,,,,,,,,,,,,,,,,,,,,,,,,,,,,,,,,,,
C,streaks,"4+ edge, our side on a 3+ game losing streak",2019-22,28.0,18.0,10.0,0.0,0.6429,7.0,0.2273,0.1417,0.835,0.495,False,False,9.0,False,2.0,4.0,,,,,,,,,,,,,,,,,,,,,,,,,,,,,,,,,,,,,,,,,
C,streaks,"4+ edge, our side on a 3+ game losing streak",2023-25,9.0,4.0,5.0,0.0,0.4444,-1.5,-0.1515,0.7907,0.835,0.975,False,False,9.0,False,1.0,3.0,,,,,,,,,,,,,,,,,,,,,,,,,,,,,,,,,,,,,,,,,
C,streaks,"4+ edge, our side on a 3+ game losing streak",2015-25,50.0,28.0,22.0,0.0,0.56,3.8,0.0691,0.3563,0.835,0.835,False,False,9.0,False,5.0,11.0,,,,,,,,,,,,,,,,,,,,,,,,,,,,,,,,,,,,,,,,,
C,streaks,"4+ edge, our side on a 3+ game losing streak",2026,0.0,0.0,0.0,0.0,,0.0,,,0.835,,False,False,9.0,False,0.0,0.0,,,,,,,,,,,,,,,,,,,,,,,,,,,,,,,,,,,,,,,,,
C,streaks,"every game, our side on a 3+ game losing streak",2015-18,127.0,66.0,61.0,5.0,0.5197,-1.1,-0.0079,0.5727,0.18,0.36,False,False,123.0,False,3.0,4.0,,,,,,,,,,,,,,,,,,,,,,,,,,,,,,,,,,,,,,,,,
C,streaks,"every game, our side on a 3+ game losing streak",2019-22,157.0,87.0,70.0,5.0,0.5541,10.0,0.0579,0.2482,0.18,0.16,False,False,123.0,False,3.0,4.0,,,,,,,,,,,,,,,,,,,,,,,,,,,,,,,,,,,,,,,,,
C,streaks,"every game, our side on a 3+ game losing streak",2023-25,123.0,64.0,59.0,1.0,0.5203,-0.9,-0.0067,0.5671,0.18,0.35,False,False,123.0,False,2.0,3.0,,,,,,,,,,,,,,,,,,,,,,,,,,,,,,,,,,,,,,,,,
C,streaks,"every game, our side on a 3+ game losing streak",2015-25,407.0,217.0,190.0,11.0,0.5332,8.0,0.0179,0.3716,0.18,0.18,False,False,123.0,False,8.0,11.0,,,,,,,,,,,,,,,,,,,,,,,,,,,,,,,,,,,,,,,,,
C,streaks,"every game, our side on a 3+ game losing streak",2026,0.0,0.0,0.0,0.0,,0.0,,,0.18,,False,False,123.0,False,0.0,0.0,,,,,,,,,,,,,,,,,,,,,,,,,,,,,,,,,,,,,,,,,
C,streaks,"4+ edge, opponent on a 3+ game win streak",2015-18,16.0,8.0,8.0,0.0,0.5,-0.8,-0.0455,0.6708,0.72,0.81,False,False,7.0,False,1.0,4.0,,,,,,,,,,,,,,,,,,,,,,,,,,,,,,,,,,,,,,,,,
C,streaks,"4+ edge, opponent on a 3+ game win streak",2019-22,28.0,19.0,9.0,0.0,0.6786,9.1,0.2955,0.0723,0.72,0.41,False,False,7.0,False,3.0,4.0,,,,,,,,,,,,,,,,,,,,,,,,,,,,,,,,,,,,,,,,,
C,streaks,"4+ edge, opponent on a 3+ game win streak",2023-25,7.0,3.0,4.0,0.0,0.4286,-1.4,-0.1818,0.8106,0.72,0.955,False,False,7.0,False,0.0,2.0,,,,,,,,,,,,,,,,,,,,,,,,,,,,,,,,,,,,,,,,,
C,streaks,"4+ edge, opponent on a 3+ game win streak",2015-25,51.0,30.0,21.0,0.0,0.5882,6.9,0.123,0.2178,0.72,0.72,False,False,7.0,False,4.0,10.0,,,,,,,,,,,,,,,,,,,,,,,,,,,,,,,,,,,,,,,,,
C,streaks,"4+ edge, opponent on a 3+ game win streak",2026,0.0,0.0,0.0,0.0,,0.0,,,0.72,,False,False,7.0,False,0.0,0.0,,,,,,,,,,,,,,,,,,,,,,,,,,,,,,,,,,,,,,,,,
C,streaks,"every game, opponent on a 3+ game win streak",2015-18,133.0,64.0,69.0,2.0,0.4812,-11.9,-0.0813,0.8578,0.245,0.765,False,False,112.0,False,1.0,4.0,,,,,,,,,,,,,,,,,,,,,,,,,,,,,,,,,,,,,,,,,
C,streaks,"every game, opponent on a 3+ game win streak",2019-22,151.0,86.0,65.0,2.0,0.5695,14.5,0.0873,0.1483,0.245,0.1,False,False,112.0,False,4.0,4.0,,,,,,,,,,,,,,,,,,,,,,,,,,,,,,,,,,,,,,,,,
C,streaks,"every game, opponent on a 3+ game win streak",2023-25,112.0,59.0,53.0,2.0,0.5268,0.7,0.0057,0.5132,0.245,0.28,False,False,112.0,False,2.0,3.0,,,,,,,,,,,,,,,,,,,,,,,,,,,,,,,,,,,,,,,,,
C,streaks,"every game, opponent on a 3+ game win streak",2015-25,396.0,209.0,187.0,6.0,0.5278,3.3,0.0076,0.4574,0.245,0.245,False,False,112.0,False,7.0,11.0,,,,,,,,,,,,,,,,,,,,,,,,,,,,,,,,,,,,,,,,,
C,streaks,"every game, opponent on a 3+ game win streak",2026,0.0,0.0,0.0,0.0,,0.0,,,0.245,,False,False,112.0,False,0.0,0.0,,,,,,,,,,,,,,,,,,,,,,,,,,,,,,,,,,,,,,,,,
C,dog off a blowout,"4+ edge, our side a dog off a 14+ loss",2015-18,13.0,4.0,9.0,0.0,0.3077,-5.9,-0.4126,0.9683,0.99,0.98,False,False,9.0,False,0.0,2.0,,,,,,,,,,,,,,,,,,,,,,,,,,,,,,,,,,,,,,,,,
C,dog off a blowout,"4+ edge, our side a dog off a 14+ loss",2019-22,23.0,14.0,9.0,0.0,0.6087,4.1,0.1621,0.2734,0.99,0.75,False,False,9.0,False,2.0,4.0,,,,,,,,,,,,,,,,,,,,,,,,,,,,,,,,,,,,,,,,,
C,dog off a blowout,"4+ edge, our side a dog off a 14+ loss",2023-25,9.0,3.0,6.0,0.0,0.3333,-3.6,-0.3636,0.9314,0.99,0.99,False,False,9.0,False,0.0,2.0,,,,,,,,,,,,,,,,,,,,,,,,,,,,,,,,,,,,,,,,,
C,dog off a blowout,"4+ edge, our side a dog off a 14+ loss",2015-25,45.0,21.0,24.0,0.0,0.4667,-5.4,-0.1091,0.8204,0.99,0.99,False,False,9.0,False,2.0,8.0,,,,,,,,,,,,,,,,,,,,,,,,,,,,,,,,,,,,,,,,,
C,dog off a blowout,"4+ edge, our side a dog off a 14+ loss",2026,0.0,0.0,0.0,0.0,,0.0,,,0.99,,False,False,9.0,False,0.0,0.0,,,,,,,,,,,,,,,,,,,,,,,,,,,,,,,,,,,,,,,,,
C,dog off a blowout,"every game, our side a dog off a 14+ loss",2015-18,127.0,68.0,59.0,1.0,0.5354,3.1,0.0222,0.4317,0.65,0.265,False,False,103.0,False,2.0,4.0,,,,,,,,,,,,,,,,,,,,,,,,,,,,,,,,,,,,,,,,,
C,dog off a blowout,"every game, our side a dog off a 14+ loss",2019-22,136.0,74.0,62.0,2.0,0.5441,5.8,0.0388,0.3494,0.65,0.39,False,False,103.0,False,2.0,4.0,,,,,,,,,,,,,,,,,,,,,,,,,,,,,,,,,,,,,,,,,
C,dog off a blowout,"every game, our side a dog off a 14+ loss",2023-25,103.0,43.0,60.0,2.0,0.4175,-23.0,-0.203,0.9881,0.65,0.955,False,False,103.0,False,0.0,3.0,,,,,,,,,,,,,,,,,,,,,,,,,,,,,,,,,,,,,,,,,
C,dog off a blowout,"every game, our side a dog off a 14+ loss",2015-25,366.0,185.0,181.0,5.0,0.5055,-14.1,-0.035,0.775,0.65,0.65,False,False,103.0,False,4.0,11.0,,,,,,,,,,,,,,,,,,,,,,,,,,,,,,,,,,,,,,,,,
C,dog off a blowout,"every game, our side a dog off a 14+ loss",2026,5.0,3.0,2.0,0.0,0.6,0.8,0.1455,0.5446,0.65,0.4,False,False,103.0,False,1.0,1.0,,,,,,,,,,,,,,,,,,,,,,,,,,,,,,,,,,,,,,,,,
C,dog off a blowout,"4+ edge, our side a favourite, opponent a dog off a 14+ loss",2015-18,8.0,4.0,4.0,0.0,0.5,-0.4,-0.0455,0.6874,0.895,0.785,False,False,0.0,False,1.0,3.0,,,,,,,,,,,,,,,,,,,,,,,,,,,,,,,,,,,,,,,,,
C,dog off a blowout,"4+ edge, our side a favourite, opponent a dog off a 14+ loss",2019-22,2.0,0.0,2.0,0.0,0.0,-2.2,-1.0,1.0,0.895,1.0,False,False,0.0,False,0.0,1.0,,,,,,,,,,,,,,,,,,,,,,,,,,,,,,,,,,,,,,,,,
C,dog off a blowout,"4+ edge, our side a favourite, opponent a dog off a 14+ loss",2023-25,0.0,0.0,0.0,0.0,,0.0,,,0.895,,False,False,0.0,False,0.0,0.0,,,,,,,,,,,,,,,,,,,,,,,,,,,,,,,,,,,,,,,,,
C,dog off a blowout,"4+ edge, our side a favourite, opponent a dog off a 14+ loss",2015-25,10.0,4.0,6.0,0.0,0.4,-2.6,-0.2364,0.8644,0.895,0.895,False,False,0.0,False,1.0,4.0,,,,,,,,,,,,,,,,,,,,,,,,,,,,,,,,,,,,,,,,,
C,dog off a blowout,"4+ edge, our side a favourite, opponent a dog off a 14+ loss",2026,0.0,0.0,0.0,0.0,,0.0,,,0.895,,False,False,0.0,False,0.0,0.0,,,,,,,,,,,,,,,,,,,,,,,,,,,,,,,,,,,,,,,,,
C,dog off a blowout,"every game, our side a favourite, opponent a dog off a 14+ loss",2015-18,90.0,41.0,49.0,3.0,0.4556,-12.9,-0.1303,0.9195,0.97,0.89,False,False,58.0,False,1.0,4.0,,,,,,,,,,,,,,,,,,,,,,,,,,,,,,,,,,,,,,,,,
C,dog off a blowout,"every game, our side a favourite, opponent a dog off a 14+ loss",2019-22,71.0,32.0,39.0,2.0,0.4507,-10.9,-0.1396,0.9118,0.97,0.875,False,False,58.0,False,1.0,4.0,,,,,,,,,,,,,,,,,,,,,,,,,,,,,,,,,,,,,,,,,
C,dog off a blowout,"every game, our side a favourite, opponent a dog off a 14+ loss",2023-25,58.0,25.0,33.0,2.0,0.431,-11.3,-0.1771,0.939,0.97,0.845,False,False,58.0,False,2.0,3.0,,,,,,,,,,,,,,,,,,,,,,,,,,,,,,,,,,,,,,,,,
C,dog off a blowout,"every game, our side a favourite, opponent a dog off a 14+ loss",2015-25,219.0,98.0,121.0,7.0,0.4475,-35.1,-0.1457,0.9901,0.97,0.97,False,False,58.0,False,4.0,11.0,,,,,,,,,,,,,,,,,,,,,,,,,,,,,,,,,,,,,,,,,
C,dog off a blowout,"every game, our side a favourite, opponent a dog off a 14+ loss",2026,3.0,0.0,3.0,0.0,0.0,-3.3,-1.0,1.0,0.97,1.0,False,False,58.0,False,0.0,1.0,,,,,,,,,,,,,,,,,,,,,,,,,,,,,,,,,,,,,,,,,
C,dog off a blowout,"4+ edge, our side a dog off a 14+ win",2015-18,8.0,7.0,1.0,0.0,0.875,5.9,0.6705,0.0469,0.04,0.04,False,True,7.0,True,3.0,4.0,,,,,,,,,,,,,,,,,,,,,,,,,,,,,,,,,,,,,,,,,
C,dog off a blowout,"4+ edge, our side a dog off a 14+ win",2019-22,13.0,10.0,3.0,0.0,0.7692,6.7,0.4685,0.0653,0.04,0.26,False,True,7.0,True,3.0,4.0,,,,,,,,,,,,,,,,,,,,,,,,,,,,,,,,,,,,,,,,,
C,dog off a blowout,"4+ edge, our side a dog off a 14+ win",2023-25,7.0,5.0,2.0,0.0,0.7143,2.8,0.3636,0.2675,0.04,0.52,False,True,7.0,True,2.0,3.0,,,,,,,,,,,,,,,,,,,,,,,,,,,,,,,,,,,,,,,,,
C,dog off a blowout,"4+ edge, our side a dog off a 14+ win",2015-25,28.0,22.0,6.0,0.0,0.7857,15.4,0.5,0.004,0.04,0.04,False,True,7.0,True,8.0,11.0,,,,,,,,,,,,,,,,,,,,,,,,,,,,,,,,,,,,,,,,,
C,dog off a blowout,"4+ edge, our side a dog off a 14+ win",2026,0.0,0.0,0.0,0.0,,0.0,,,0.04,,False,True,7.0,True,0.0,0.0,,,,,,,,,,,,,,,,,,,,,,,,,,,,,,,,,,,,,,,,,
C,dog off a blowout,"every game, our side a dog off a 14+ win",2015-18,65.0,37.0,28.0,2.0,0.5692,6.2,0.0867,0.2718,0.38,0.135,False,False,62.0,False,3.0,4.0,,,,,,,,,,,,,,,,,,,,,,,,,,,,,,,,,,,,,,,,,
C,dog off a blowout,"every game, our side a dog off a 14+ win",2019-22,62.0,35.0,27.0,2.0,0.5645,5.3,0.0777,0.3041,0.38,0.305,False,False,62.0,False,3.0,4.0,,,,,,,,,,,,,,,,,,,,,,,,,,,,,,,,,,,,,,,,,
C,dog off a blowout,"every game, our side a dog off a 14+ win",2023-25,69.0,31.0,38.0,2.0,0.4493,-10.8,-0.1423,0.9131,0.38,0.815,False,False,62.0,False,0.0,3.0,,,,,,,,,,,,,,,,,,,,,,,,,,,,,,,,,,,,,,,,,
C,dog off a blowout,"every game, our side a dog off a 14+ win",2015-25,196.0,103.0,93.0,6.0,0.5255,0.7,0.0032,0.51,0.38,0.38,False,False,62.0,False,6.0,11.0,,,,,,,,,,,,,,,,,,,,,,,,,,,,,,,,,,,,,,,,,
C,dog off a blowout,"every game, our side a dog off a 14+ win",2026,3.0,2.0,1.0,1.0,0.6667,0.9,0.2727,0.5357,0.38,0.26,False,False,62.0,False,1.0,1.0,,,,,,,,,,,,,,,,,,,,,,,,,,,,,,,,,,,,,,,,,
C,dog off a blowout,BLIND: every dog off a 14+ loss ATS,2015-18,217.0,117.0,100.0,4.0,0.5392,7.0,0.0293,0.3505,,,,,161.0,False,3.0,4.0,,,,,,,,,,,,,,,,,,,,,,,,,,,,,,,,,,,,,,,,,
C,dog off a blowout,BLIND: every dog off a 14+ loss ATS,2019-22,207.0,113.0,94.0,4.0,0.5459,9.6,0.0422,0.2858,,,,,161.0,False,3.0,4.0,,,,,,,,,,,,,,,,,,,,,,,,,,,,,,,,,,,,,,,,,
C,dog off a blowout,BLIND: every dog off a 14+ loss ATS,2023-25,161.0,76.0,85.0,4.0,0.472,-17.5,-0.0988,0.9183,,,,,161.0,False,1.0,3.0,,,,,,,,,,,,,,,,,,,,,,,,,,,,,,,,,,,,,,,,,
C,dog off a blowout,BLIND: every dog off a 14+ loss ATS,2015-25,585.0,306.0,279.0,12.0,0.5231,-0.9,-0.0014,0.5309,,,,,161.0,False,7.0,11.0,,,,,,,,,,,,,,,,,,,,,,,,,,,,,,,,,,,,,,,,,
C,dog off a blowout,BLIND: every dog off a 14+ loss ATS,2026,8.0,6.0,2.0,0.0,0.75,3.8,0.4318,0.178,,,,,161.0,False,1.0,1.0,,,,,,,,,,,,,,,,,,,,,,,,,,,,,,,,,,,,,,,,,
