lean,edge,2015-18,2019-22,2023-25,2015-25,units,mean_edge,mean_realized,median_realized,section,chance,stated,won,band,gap_pts,dim,group,games,model_bias,line_bias,model_minus_line,bias 2015-18,bias 2019-22,bias 2023-25,over_hit,over 3+,under 55%,window,mean_actual_minus_line,median_actual_minus_line,share_of_edge_realized,slope,side_won,refs,obs_var,exp_var,ratio,split_corr,split_n,sd_between_refs,mean,median,under_share,mean_model_minus_actual,median_model_minus_actual,family,variant,mae_2015-18,bias_2015-18,under55_2015-18,under55_pct_2015-18,under55_u_2015-18,over55_2015-18,over55_pct_2015-18,over55_u_2015-18,logloss_2015-18,over3_2015-18,over3_u_2015-18,under3_2015-18,under3_u_2015-18,mae_2019-22,bias_2019-22,under55_2019-22,under55_pct_2019-22,under55_u_2019-22,over55_2019-22,over55_pct_2019-22,over55_u_2019-22,logloss_2019-22,over3_2019-22,over3_u_2019-22,under3_2019-22,under3_u_2019-22,mae_2023-25,bias_2023-25,under55_2023-25,under55_pct_2023-25,under55_u_2023-25,over55_2023-25,over55_pct_2023-25,over55_u_2023-25,logloss_2023-25,over3_2023-25,over3_u_2023-25,under3_2023-25,under3_u_2023-25,verdict,cut,live 2015-18,two-piece 2015-18,flags changed 2015-18,live 2019-22,two-piece 2019-22,flags changed 2019-22,live 2023-25,two-piece 2023-25,flags changed 2023-25,source,side,rule,filter,rec 2015-18,units 2015-18,roi 2015-18,rec 2019-22,units 2019-22,roi 2019-22,rec 2023-25,units 2023-25,roi 2023-25,rec 2015-25,units 2015-25,roi 2015-25,wins all three,worst window roi,which,P(roi>0) 2015-18,P(roi>0) 2019-22,P(roi>0) 2023-25,P(roi>0) 2015-25,2015,2016,2017,2018,2019,2020,2021,2022,2023,2024,2025,losing seasons
over,0-2,146-162 (-9.5%),150-155 (-6.1%),126-107 (+3.2%),422-424 (-4.8%),-44.4,0.99,0.71,0.0,p1_edge_bands,,,,,,,,,,,,,,,,,,,,,,,,,,,,,,,,,,,,,,,,,,,,,,,,,,,,,,,,,,,,,,,,,,,,,,,,,,,,,,,,,,,,,,,,,,,,,,,,,,,,,,,,,,,,,,,,,,,,,,,,,,
over,2-3,66-68 (-6.0%),47-48 (-5.6%),57-52 (-0.2%),170-168 (-4.0%),-14.8,2.46,0.39,0.25,p1_edge_bands,,,,,,,,,,,,,,,,,,,,,,,,,,,,,,,,,,,,,,,,,,,,,,,,,,,,,,,,,,,,,,,,,,,,,,,,,,,,,,,,,,,,,,,,,,,,,,,,,,,,,,,,,,,,,,,,,,,,,,,,,,
over,3-4,34-28 (+4.7%),28-36 (-16.5%),43-41 (-2.3%),105-105 (-4.5%),-10.5,3.47,0.75,0.0,p1_edge_bands,,,,,,,,,,,,,,,,,,,,,,,,,,,,,,,,,,,,,,,,,,,,,,,,,,,,,,,,,,,,,,,,,,,,,,,,,,,,,,,,,,,,,,,,,,,,,,,,,,,,,,,,,,,,,,,,,,,,,,,,,,
over,4-5,17-18 (-7.3%),18-18 (-4.5%),29-28 (-2.9%),64-64 (-4.5%),-6.4,4.42,1.68,0.0,p1_edge_bands,,,,,,,,,,,,,,,,,,,,,,,,,,,,,,,,,,,,,,,,,,,,,,,,,,,,,,,,,,,,,,,,,,,,,,,,,,,,,,,,,,,,,,,,,,,,,,,,,,,,,,,,,,,,,,,,,,,,,,,,,,
over,5-6,8-12 (-23.6%),6-7 (-11.9%),8-11 (-19.6%),22-30 (-19.2%),-11.0,5.41,-0.89,-4.5,p1_edge_bands,,,,,,,,,,,,,,,,,,,,,,,,,,,,,,,,,,,,,,,,,,,,,,,,,,,,,,,,,,,,,,,,,,,,,,,,,,,,,,,,,,,,,,,,,,,,,,,,,,,,,,,,,,,,,,,,,,,,,,,,,,
over,6+,11-8 (+10.5%),9-4 (+32.2%),6-5 (+4.1%),26-17 (+15.4%),7.3,7.17,3.59,6.0,p1_edge_bands,,,,,,,,,,,,,,,,,,,,,,,,,,,,,,,,,,,,,,,,,,,,,,,,,,,,,,,,,,,,,,,,,,,,,,,,,,,,,,,,,,,,,,,,,,,,,,,,,,,,,,,,,,,,,,,,,,,,,,,,,,
over,2+ (all),136-134 (-3.8%),108-113 (-6.7%),143-137 (-2.5%),387-384 (-4.2%),-35.4,3.52,0.8,0.0,p1_edge_bands,,,,,,,,,,,,,,,,,,,,,,,,,,,,,,,,,,,,,,,,,,,,,,,,,,,,,,,,,,,,,,,,,,,,,,,,,,,,,,,,,,,,,,,,,,,,,,,,,,,,,,,,,,,,,,,,,,,,,,,,,,
over,3+ (all),70-66 (-1.7%),61-65 (-7.6%),86-85 (-4.0%),217-216 (-4.3%),-20.6,4.35,1.11,0.0,p1_edge_bands,,,,,,,,,,,,,,,,,,,,,,,,,,,,,,,,,,,,,,,,,,,,,,,,,,,,,,,,,,,,,,,,,,,,,,,,,,,,,,,,,,,,,,,,,,,,,,,,,,,,,,,,,,,,,,,,,,,,,,,,,,
over,4+ (all),36-38 (-7.1%),33-29 (+1.6%),43-44 (-5.6%),112-111 (-4.1%),-10.1,5.17,1.44,0.0,p1_edge_bands,,,,,,,,,,,,,,,,,,,,,,,,,,,,,,,,,,,,,,,,,,,,,,,,,,,,,,,,,,,,,,,,,,,,,,,,,,,,,,,,,,,,,,,,,,,,,,,,,,,,,,,,,,,,,,,,,,,,,,,,,,
over,5+ (all),19-20 (-7.0%),15-11 (+10.1%),14-16 (-10.9%),48-47 (-3.5%),-3.7,6.2,1.12,0.5,p1_edge_bands,,,,,,,,,,,,,,,,,,,,,,,,,,,,,,,,,,,,,,,,,,,,,,,,,,,,,,,,,,,,,,,,,,,,,,,,,,,,,,,,,,,,,,,,,,,,,,,,,,,,,,,,,,,,,,,,,,,,,,,,,,
under,0-2,131-128 (-3.4%),123-126 (-5.7%),97-81 (+4.0%),351-335 (-2.3%),-17.5,0.96,-0.09,0.5,p1_edge_bands,,,,,,,,,,,,,,,,,,,,,,,,,,,,,,,,,,,,,,,,,,,,,,,,,,,,,,,,,,,,,,,,,,,,,,,,,,,,,,,,,,,,,,,,,,,,,,,,,,,,,,,,,,,,,,,,,,,,,,,,,,
under,2-3,34-37 (-8.6%),45-46 (-5.6%),16-19 (-12.7%),95-102 (-7.9%),-17.2,2.47,-1.78,-0.5,p1_edge_bands,,,,,,,,,,,,,,,,,,,,,,,,,,,,,,,,,,,,,,,,,,,,,,,,,,,,,,,,,,,,,,,,,,,,,,,,,,,,,,,,,,,,,,,,,,,,,,,,,,,,,,,,,,,,,,,,,,,,,,,,,,
under,3-4,30-23 (+8.1%),42-29 (+12.9%),13-10 (+7.9%),85-62 (+10.4%),16.8,3.45,1.7,2.25,p1_edge_bands,,,,,,,,,,,,,,,,,,,,,,,,,,,,,,,,,,,,,,,,,,,,,,,,,,,,,,,,,,,,,,,,,,,,,,,,,,,,,,,,,,,,,,,,,,,,,,,,,,,,,,,,,,,,,,,,,,,,,,,,,,
under,4-5,11-15 (-19.2%),27-9 (+43.2%),3-3 (-4.5%),41-27 (+15.1%),11.3,4.45,1.38,2.25,p1_edge_bands,,,,,,,,,,,,,,,,,,,,,,,,,,,,,,,,,,,,,,,,,,,,,,,,,,,,,,,,,,,,,,,,,,,,,,,,,,,,,,,,,,,,,,,,,,,,,,,,,,,,,,,,,,,,,,,,,,,,,,,,,,
under,5-6,10-4 (+36.4%),12-7 (+20.6%),4-2 (+27.3%),26-13 (+27.3%),11.7,5.37,1.85,4.0,p1_edge_bands,,,,,,,,,,,,,,,,,,,,,,,,,,,,,,,,,,,,,,,,,,,,,,,,,,,,,,,,,,,,,,,,,,,,,,,,,,,,,,,,,,,,,,,,,,,,,,,,,,,,,,,,,,,,,,,,,,,,,,,,,,
under,6+,10-4 (+36.4%),14-5 (+40.7%),1-1 (-4.5%),25-10 (+36.4%),14.0,7.34,4.14,6.0,p1_edge_bands,,,,,,,,,,,,,,,,,,,,,,,,,,,,,,,,,,,,,,,,,,,,,,,,,,,,,,,,,,,,,,,,,,,,,,,,,,,,,,,,,,,,,,,,,,,,,,,,,,,,,,,,,,,,,,,,,,,,,,,,,,
under,2+ (all),95-83 (+1.9%),140-96 (+13.3%),37-35 (-1.9%),272-214 (+6.8%),36.6,3.62,0.42,1.5,p1_edge_bands,,,,,,,,,,,,,,,,,,,,,,,,,,,,,,,,,,,,,,,,,,,,,,,,,,,,,,,,,,,,,,,,,,,,,,,,,,,,,,,,,,,,,,,,,,,,,,,,,,,,,,,,,,,,,,,,,,,,,,,,,,
under,3+ (all),61-46 (+8.8%),95-50 (+25.1%),21-16 (+8.4%),177-112 (+16.9%),53.8,4.41,1.94,2.75,p1_edge_bands,,,,,,,,,,,,,,,,,,,,,,,,,,,,,,,,,,,,,,,,,,,,,,,,,,,,,,,,,,,,,,,,,,,,,,,,,,,,,,,,,,,,,,,,,,,,,,,,,,,,,,,,,,,,,,,,,,,,,,,,,,
under,4+ (all),31-23 (+9.6%),53-21 (+36.7%),8-6 (+9.1%),92-50 (+23.7%),37.0,5.42,2.19,3.25,p1_edge_bands,,,,,,,,,,,,,,,,,,,,,,,,,,,,,,,,,,,,,,,,,,,,,,,,,,,,,,,,,,,,,,,,,,,,,,,,,,,,,,,,,,,,,,,,,,,,,,,,,,,,,,,,,,,,,,,,,,,,,,,,,,
under,5+ (all),20-8 (+36.4%),26-12 (+30.6%),5-3 (+19.3%),51-23 (+31.6%),25.7,6.3,2.93,4.0,p1_edge_bands,,,,,,,,,,,,,,,,,,,,,,,,,,,,,,,,,,,,,,,,,,,,,,,,,,,,,,,,,,,,,,,,,,,,,,,,,,,,,,,,,,,,,,,,,,,,,,,,,,,,,,,,,,,,,,,,,,,,,,,,,,
over,,123-131 (-7.6%),120-133 (-9.5%),98-88 (+0.6%),341-352 (-6.1%),-46.2,,,,p1_chance_bands,50-55,0.524,0.492,,,,,,,,,,,,,,,,,,,,,,,,,,,,,,,,,,,,,,,,,,,,,,,,,,,,,,,,,,,,,,,,,,,,,,,,,,,,,,,,,,,,,,,,,,,,,,,,,,,,,,,,,,,,,,,,,,,,,,,
over,,64-79 (-14.6%),68-68 (-4.5%),86-76 (+1.3%),218-223 (-5.6%),-27.3,,,,p1_chance_bands,55-60,0.574,0.494,,,,,,,,,,,,,,,,,,,,,,,,,,,,,,,,,,,,,,,,,,,,,,,,,,,,,,,,,,,,,,,,,,,,,,,,,,,,,,,,,,,,,,,,,,,,,,,,,,,,,,,,,,,,,,,,,,,,,,,
over,,44-33 (+9.1%),25-33 (-17.7%),36-39 (-8.4%),105-105 (-4.5%),-10.5,,,,p1_chance_bands,60-65,0.619,0.5,,,,,,,,,,,,,,,,,,,,,,,,,,,,,,,,,,,,,,,,,,,,,,,,,,,,,,,,,,,,,,,,,,,,,,,,,,,,,,,,,,,,,,,,,,,,,,,,,,,,,,,,,,,,,,,,,,,,,,,
over,,13-12 (-0.7%),11-7 (+16.7%),10-8 (+6.1%),34-27 (+6.4%),4.3,,,,p1_chance_bands,65+,0.681,0.557,,,,,,,,,,,,,,,,,,,,,,,,,,,,,,,,,,,,,,,,,,,,,,,,,,,,,,,,,,,,,,,,,,,,,,,,,,,,,,,,,,,,,,,,,,,,,,,,,,,,,,,,,,,,,,,,,,,,,,,
over,,121-124 (-5.7%),104-108 (-6.3%),132-123 (-1.2%),357-355 (-4.3%),-33.5,,,,p1_chance_bands,55+ (all),0.596,0.501,,,,,,,,,,,,,,,,,,,,,,,,,,,,,,,,,,,,,,,,,,,,,,,,,,,,,,,,,,,,,,,,,,,,,,,,,,,,,,,,,,,,,,,,,,,,,,,,,,,,,,,,,,,,,,,,,,,,,,,
under,,132-122 (-0.8%),115-128 (-9.7%),96-96 (-4.5%),343-346 (-5.0%),-37.6,,,,p1_chance_bands,50-55,0.525,0.498,,,,,,,,,,,,,,,,,,,,,,,,,,,,,,,,,,,,,,,,,,,,,,,,,,,,,,,,,,,,,,,,,,,,,,,,,,,,,,,,,,,,,,,,,,,,,,,,,,,,,,,,,,,,,,,,,,,,,,,
under,,71-74 (-6.5%),73-70 (-2.5%),47-35 (+9.4%),191-179 (-1.4%),-5.9,,,,p1_chance_bands,55-60,0.571,0.516,,,,,,,,,,,,,,,,,,,,,,,,,,,,,,,,,,,,,,,,,,,,,,,,,,,,,,,,,,,,,,,,,,,,,,,,,,,,,,,,,,,,,,,,,,,,,,,,,,,,,,,,,,,,,,,,,,,,,,,
under,,38-38 (-4.5%),70-44 (+17.2%),18-19 (-7.1%),126-101 (+6.0%),14.9,,,,p1_chance_bands,60-65,0.621,0.555,,,,,,,,,,,,,,,,,,,,,,,,,,,,,,,,,,,,,,,,,,,,,,,,,,,,,,,,,,,,,,,,,,,,,,,,,,,,,,,,,,,,,,,,,,,,,,,,,,,,,,,,,,,,,,,,,,,,,,,
under,,26-15 (+21.1%),32-14 (+32.8%),6-5 (+4.1%),64-34 (+24.7%),26.6,,,,p1_chance_bands,65+,0.687,0.653,,,,,,,,,,,,,,,,,,,,,,,,,,,,,,,,,,,,,,,,,,,,,,,,,,,,,,,,,,,,,,,,,,,,,,,,,,,,,,,,,,,,,,,,,,,,,,,,,,,,,,,,,,,,,,,,,,,,,,,
under,,135-127 (-1.6%),175-128 (+10.3%),71-59 (+4.3%),381-314 (+4.7%),35.6,,,,p1_chance_bands,55+ (all),0.604,0.548,,,,,,,,,,,,,,,,,,,,,,,,,,,,,,,,,,,,,,,,,,,,,,,,,,,,,,,,,,,,,,,,,,,,,,,,,,,,,,,,,,,,,,,,,,,,,,,,,,,,,,,,,,,,,,,,,,,,,,,
over,,"52.4% said, 48.4% won (n 254)","52.3% said, 47.4% won (n 253)","52.5% said, 52.7% won (n 186)","52.4% said, 49.2% won (n 693)",,,,,p1_reliability,,,,50-55,-3.2,,,,,,,,,,,,,,,,,,,,,,,,,,,,,,,,,,,,,,,,,,,,,,,,,,,,,,,,,,,,,,,,,,,,,,,,,,,,,,,,,,,,,,,,,,,,,,,,,,,,,,,,,,,,,,,,,,,,,
over,,"57.0% said, 44.8% won (n 143)","57.6% said, 50.0% won (n 136)","57.5% said, 53.1% won (n 162)","57.4% said, 49.4% won (n 441)",,,,,p1_reliability,,,,55-60,-7.9,,,,,,,,,,,,,,,,,,,,,,,,,,,,,,,,,,,,,,,,,,,,,,,,,,,,,,,,,,,,,,,,,,,,,,,,,,,,,,,,,,,,,,,,,,,,,,,,,,,,,,,,,,,,,,,,,,,,,
over,,"62.0% said, 57.1% won (n 77)","61.8% said, 43.1% won (n 58)","61.7% said, 48.0% won (n 75)","61.9% said, 50.0% won (n 210)",,,,,p1_reliability,,,,60-65,-11.9,,,,,,,,,,,,,,,,,,,,,,,,,,,,,,,,,,,,,,,,,,,,,,,,,,,,,,,,,,,,,,,,,,,,,,,,,,,,,,,,,,,,,,,,,,,,,,,,,,,,,,,,,,,,,,,,,,,,,
over,,"69.1% said, 52.0% won (n 25)","68.0% said, 61.1% won (n 18)","66.8% said, 55.6% won (n 18)","68.1% said, 55.7% won (n 61)",,,,,p1_reliability,,,,65+,-12.3,,,,,,,,,,,,,,,,,,,,,,,,,,,,,,,,,,,,,,,,,,,,,,,,,,,,,,,,,,,,,,,,,,,,,,,,,,,,,,,,,,,,,,,,,,,,,,,,,,,,,,,,,,,,,,,,,,,,,
under,,"52.6% said, 52.0% won (n 254)","52.5% said, 47.3% won (n 243)","52.6% said, 50.0% won (n 192)","52.6% said, 49.8% won (n 689)",,,,,p1_reliability,,,,50-55,-2.8,,,,,,,,,,,,,,,,,,,,,,,,,,,,,,,,,,,,,,,,,,,,,,,,,,,,,,,,,,,,,,,,,,,,,,,,,,,,,,,,,,,,,,,,,,,,,,,,,,,,,,,,,,,,,,,,,,,,,
under,,"57.0% said, 49.0% won (n 145)","57.3% said, 51.0% won (n 143)","57.0% said, 57.3% won (n 82)","57.1% said, 51.6% won (n 370)",,,,,p1_reliability,,,,55-60,-5.5,,,,,,,,,,,,,,,,,,,,,,,,,,,,,,,,,,,,,,,,,,,,,,,,,,,,,,,,,,,,,,,,,,,,,,,,,,,,,,,,,,,,,,,,,,,,,,,,,,,,,,,,,,,,,,,,,,,,,
under,,"62.0% said, 50.0% won (n 76)","62.2% said, 61.4% won (n 114)","62.1% said, 48.6% won (n 37)","62.1% said, 55.5% won (n 227)",,,,,p1_reliability,,,,60-65,-6.6,,,,,,,,,,,,,,,,,,,,,,,,,,,,,,,,,,,,,,,,,,,,,,,,,,,,,,,,,,,,,,,,,,,,,,,,,,,,,,,,,,,,,,,,,,,,,,,,,,,,,,,,,,,,,,,,,,,,,
under,,"68.6% said, 63.4% won (n 41)","68.8% said, 69.6% won (n 46)","68.2% said, 54.5% won (n 11)","68.7% said, 65.3% won (n 98)",,,,,p1_reliability,,,,65+,-3.4,,,,,,,,,,,,,,,,,,,,,,,,,,,,,,,,,,,,,,,,,,,,,,,,,,,,,,,,,,,,,,,,,,,,,,,,,,,,,,,,,,,,,,,,,,,,,,,,,,,,,,,,,,,,,,,,,,,,,
,,,,,,,,,,p1_bias,,,,,,projected total,<40,237.0,0.81,1.92,-1.11,-1.02,0.87,2.59,0.418,4-5,54-43,,,,,,,,,,,,,,,,,,,,,,,,,,,,,,,,,,,,,,,,,,,,,,,,,,,,,,,,,,,,,,,,,,,,,,,,,,,,,,,,,,,,,,,,,,,,,,,,,,,,,,,,,
,,,,,,,,,,p1_bias,,,,,,projected total,40-43,504.0,-0.8,-0.74,-0.06,-1.12,-0.19,-1.06,0.495,29-25,90-62,,,,,,,,,,,,,,,,,,,,,,,,,,,,,,,,,,,,,,,,,,,,,,,,,,,,,,,,,,,,,,,,,,,,,,,,,,,,,,,,,,,,,,,,,,,,,,,,,,,,,,,,,
,,,,,,,,,,p1_bias,,,,,,projected total,43-46,805.0,0.22,-0.31,0.54,0.65,0.26,-0.44,0.481,66-55,104-74,,,,,,,,,,,,,,,,,,,,,,,,,,,,,,,,,,,,,,,,,,,,,,,,,,,,,,,,,,,,,,,,,,,,,,,,,,,,,,,,,,,,,,,,,,,,,,,,,,,,,,,,,
,,,,,,,,,,p1_bias,,,,,,projected total,46-49,785.0,-0.35,-1.16,0.8,0.81,-1.23,-0.57,0.526,71-64,65-82,,,,,,,,,,,,,,,,,,,,,,,,,,,,,,,,,,,,,,,,,,,,,,,,,,,,,,,,,,,,,,,,,,,,,,,,,,,,,,,,,,,,,,,,,,,,,,,,,,,,,,,,,
,,,,,,,,,,p1_bias,,,,,,projected total,49-52,412.0,0.8,0.02,0.78,0.26,0.29,2.08,0.467,36-47,56-40,,,,,,,,,,,,,,,,,,,,,,,,,,,,,,,,,,,,,,,,,,,,,,,,,,,,,,,,,,,,,,,,,,,,,,,,,,,,,,,,,,,,,,,,,,,,,,,,,,,,,,,,,
,,,,,,,,,,p1_bias,,,,,,projected total,52+,152.0,0.62,-0.55,1.17,2.73,-0.99,-1.01,0.49,11-20,12-13,,,,,,,,,,,,,,,,,,,,,,,,,,,,,,,,,,,,,,,,,,,,,,,,,,,,,,,,,,,,,,,,,,,,,,,,,,,,,,,,,,,,,,,,,,,,,,,,,,,,,,,,,
,,,,,,,,,,p1_bias,,,,,,line,<40,275.0,1.64,-0.48,2.12,1.37,2.57,1.27,0.493,50-40,10-8,,,,,,,,,,,,,,,,,,,,,,,,,,,,,,,,,,,,,,,,,,,,,,,,,,,,,,,,,,,,,,,,,,,,,,,,,,,,,,,,,,,,,,,,,,,,,,,,,,,,,,,,,
,,,,,,,,,,p1_bias,,,,,,line,40-43,563.0,0.18,-1.23,1.41,0.33,0.74,-0.52,0.52,74-68,36-29,,,,,,,,,,,,,,,,,,,,,,,,,,,,,,,,,,,,,,,,,,,,,,,,,,,,,,,,,,,,,,,,,,,,,,,,,,,,,,,,,,,,,,,,,,,,,,,,,,,,,,,,,
,,,,,,,,,,p1_bias,,,,,,line,43-46,802.0,0.83,0.05,0.78,1.4,-0.08,1.17,0.469,65-62,89-69,,,,,,,,,,,,,,,,,,,,,,,,,,,,,,,,,,,,,,,,,,,,,,,,,,,,,,,,,,,,,,,,,,,,,,,,,,,,,,,,,,,,,,,,,,,,,,,,,,,,,,,,,
,,,,,,,,,,p1_bias,,,,,,line,46-49,692.0,-0.3,-0.42,0.12,-0.01,-0.37,-0.59,0.497,24-36,92-83,,,,,,,,,,,,,,,,,,,,,,,,,,,,,,,,,,,,,,,,,,,,,,,,,,,,,,,,,,,,,,,,,,,,,,,,,,,,,,,,,,,,,,,,,,,,,,,,,,,,,,,,,
,,,,,,,,,,p1_bias,,,,,,line,49-52,345.0,-1.01,0.02,-1.02,-0.3,-1.32,-1.37,0.471,4-7,79-68,,,,,,,,,,,,,,,,,,,,,,,,,,,,,,,,,,,,,,,,,,,,,,,,,,,,,,,,,,,,,,,,,,,,,,,,,,,,,,,,,,,,,,,,,,,,,,,,,,,,,,,,,
,,,,,,,,,,p1_bias,,,,,,line,52+,218.0,-2.54,-0.43,-2.1,-2.45,-2.32,-3.72,0.477,0-3,75-57,,,,,,,,,,,,,,,,,,,,,,,,,,,,,,,,,,,,,,,,,,,,,,,,,,,,,,,,,,,,,,,,,,,,,,,,,,,,,,,,,,,,,,,,,,,,,,,,,,,,,,,,,
,,,,,,,,,,p1_bias,,,,,,roof,indoors (dome or closed),821.0,-0.27,-1.36,1.09,1.23,-1.77,0.14,0.505,79-81,71-61,,,,,,,,,,,,,,,,,,,,,,,,,,,,,,,,,,,,,,,,,,,,,,,,,,,,,,,,,,,,,,,,,,,,,,,,,,,,,,,,,,,,,,,,,,,,,,,,,,,,,,,,,
,,,,,,,,,,p1_bias,,,,,,roof,outdoors,2022.0,0.26,0.05,0.2,0.13,0.47,0.15,0.482,135-134,300-245,,,,,,,,,,,,,,,,,,,,,,,,,,,,,,,,,,,,,,,,,,,,,,,,,,,,,,,,,,,,,,,,,,,,,,,,,,,,,,,,,,,,,,,,,,,,,,,,,,,,,,,,,
,,,,,,,,,,p1_bias,,,,,,roof,"retractable, open",52.0,-3.66,-2.91,-0.74,-2.74,-2.38,-7.92,0.481,3-1,10-8,,,,,,,,,,,,,,,,,,,,,,,,,,,,,,,,,,,,,,,,,,,,,,,,,,,,,,,,,,,,,,,,,,,,,,,,,,,,,,,,,,,,,,,,,,,,,,,,,,,,,,,,,
,,,,,,,,,,p1_bias,,,,,,wind,indoors,821.0,-0.27,-1.36,1.09,1.23,-1.77,0.14,0.505,79-81,71-61,,,,,,,,,,,,,,,,,,,,,,,,,,,,,,,,,,,,,,,,,,,,,,,,,,,,,,,,,,,,,,,,,,,,,,,,,,,,,,,,,,,,,,,,,,,,,,,,,,,,,,,,,
,,,,,,,,,,p1_bias,,,,,,wind,"outdoors, wind 10-14",425.0,1.03,1.45,-0.42,1.25,0.85,0.97,0.405,17-19,93-56,,,,,,,,,,,,,,,,,,,,,,,,,,,,,,,,,,,,,,,,,,,,,,,,,,,,,,,,,,,,,,,,,,,,,,,,,,,,,,,,,,,,,,,,,,,,,,,,,,,,,,,,,
,,,,,,,,,,p1_bias,,,,,,wind,"outdoors, wind 15+",216.0,0.49,1.65,-1.16,1.31,-0.77,1.53,0.449,5-9,55-48,,,,,,,,,,,,,,,,,,,,,,,,,,,,,,,,,,,,,,,,,,,,,,,,,,,,,,,,,,,,,,,,,,,,,,,,,,,,,,,,,,,,,,,,,,,,,,,,,,,,,,,,,
,,,,,,,,,,p1_bias,,,,,,wind,"outdoors, wind <10",1433.0,-0.15,-0.71,0.56,-0.46,0.44,-0.47,0.51,116-107,162-149,,,,,,,,,,,,,,,,,,,,,,,,,,,,,,,,,,,,,,,,,,,,,,,,,,,,,,,,,,,,,,,,,,,,,,,,,,,,,,,,,,,,,,,,,,,,,,,,,,,,,,,,,
,,,,,,,,,,p1_bias,,,,,,cold,indoors,821.0,-0.27,-1.36,1.09,1.23,-1.77,0.14,0.505,79-81,71-61,,,,,,,,,,,,,,,,,,,,,,,,,,,,,,,,,,,,,,,,,,,,,,,,,,,,,,,,,,,,,,,,,,,,,,,,,,,,,,,,,,,,,,,,,,,,,,,,,,,,,,,,,
,,,,,,,,,,p1_bias,,,,,,cold,"outdoors, 35F+",1923.0,-0.06,-0.09,0.03,-0.39,0.36,-0.17,0.484,120-103,300-247,,,,,,,,,,,,,,,,,,,,,,,,,,,,,,,,,,,,,,,,,,,,,,,,,,,,,,,,,,,,,,,,,,,,,,,,,,,,,,,,,,,,,,,,,,,,,,,,,,,,,,,,,
,,,,,,,,,,p1_bias,,,,,,cold,"outdoors, under 35F",151.0,2.95,0.83,2.12,6.19,0.54,1.76,0.46,18-32,10-6,,,,,,,,,,,,,,,,,,,,,,,,,,,,,,,,,,,,,,,,,,,,,,,,,,,,,,,,,,,,,,,,,,,,,,,,,,,,,,,,,,,,,,,,,,,,,,,,,,,,,,,,,
,,,,,,,,,,p1_bias,,,,,,warm/dome team in cold,a warm or dome team in the cold,70.0,4.7,2.7,2.0,9.99,1.39,1.35,0.391,6-17,7-2,,,,,,,,,,,,,,,,,,,,,,,,,,,,,,,,,,,,,,,,,,,,,,,,,,,,,,,,,,,,,,,,,,,,,,,,,,,,,,,,,,,,,,,,,,,,,,,,,,,,,,,,,
,,,,,,,,,,p1_bias,,,,,,warm/dome team in cold,no,2825.0,-0.08,-0.48,0.4,0.09,-0.31,0.01,0.491,211-199,374-312,,,,,,,,,,,,,,,,,,,,,,,,,,,,,,,,,,,,,,,,,,,,,,,,,,,,,,,,,,,,,,,,,,,,,,,,,,,,,,,,,,,,,,,,,,,,,,,,,,,,,,,,,
,,,,,,,,,,p1_bias,,,,,,primetime,day,2299.0,-0.18,-0.66,0.48,0.46,-0.77,-0.21,0.496,176-163,276-253,,,,,,,,,,,,,,,,,,,,,,,,,,,,,,,,,,,,,,,,,,,,,,,,,,,,,,,,,,,,,,,,,,,,,,,,,,,,,,,,,,,,,,,,,,,,,,,,,,,,,,,,,
,,,,,,,,,,p1_bias,,,,,,primetime,primetime,596.0,0.88,0.59,0.29,-0.09,1.81,0.93,0.458,41-53,105-61,,,,,,,,,,,,,,,,,,,,,,,,,,,,,,,,,,,,,,,,,,,,,,,,,,,,,,,,,,,,,,,,,,,,,,,,,,,,,,,,,,,,,,,,,,,,,,,,,,,,,,,,,
,,,,,,,,,,p1_bias,,,,,,division,division,1056.0,0.72,-0.05,0.77,1.09,0.47,0.58,0.487,93-92,117-96,,,,,,,,,,,,,,,,,,,,,,,,,,,,,,,,,,,,,,,,,,,,,,,,,,,,,,,,,,,,,,,,,,,,,,,,,,,,,,,,,,,,,,,,,,,,,,,,,,,,,,,,,
,,,,,,,,,,p1_bias,,,,,,division,non-division,1839.0,-0.36,-0.6,0.25,-0.1,-0.68,-0.26,0.49,124-124,264-218,,,,,,,,,,,,,,,,,,,,,,,,,,,,,,,,,,,,,,,,,,,,,,,,,,,,,,,,,,,,,,,,,,,,,,,,,,,,,,,,,,,,,,,,,,,,,,,,,,,,,,,,,
,,,,,,,,,,p1_bias,,,,,,week,1-4,698.0,-0.35,-0.42,0.08,-0.77,-0.46,0.35,0.489,43-37,98-104,,,,,,,,,,,,,,,,,,,,,,,,,,,,,,,,,,,,,,,,,,,,,,,,,,,,,,,,,,,,,,,,,,,,,,,,,,,,,,,,,,,,,,,,,,,,,,,,,,,,,,,,,
,,,,,,,,,,p1_bias,,,,,,week,5-13,1425.0,0.16,-0.08,0.24,-0.15,0.39,0.26,0.48,100-100,221-151,,,,,,,,,,,,,,,,,,,,,,,,,,,,,,,,,,,,,,,,,,,,,,,,,,,,,,,,,,,,,,,,,,,,,,,,,,,,,,,,,,,,,,,,,,,,,,,,,,,,,,,,,
,,,,,,,,,,p1_bias,,,,,,week,14-18,772.0,0.16,-0.97,1.13,2.45,-1.28,-0.6,0.503,74-79,62-59,,,,,,,,,,,,,,,,,,,,,,,,,,,,,,,,,,,,,,,,,,,,,,,,,,,,,,,,,,,,,,,,,,,,,,,,,,,,,,,,,,,,,,,,,,,,,,,,,,,,,,,,,
,,,,,,,,,,p1_bias,,,,,,rest,a team off a bye,666.0,-0.01,-0.24,0.23,-0.48,-0.18,0.77,0.48,39-54,95-77,,,,,,,,,,,,,,,,,,,,,,,,,,,,,,,,,,,,,,,,,,,,,,,,,,,,,,,,,,,,,,,,,,,,,,,,,,,,,,,,,,,,,,,,,,,,,,,,,,,,,,,,,
,,,,,,,,,,p1_bias,,,,,,rest,normal,2042.0,0.09,-0.38,0.48,0.71,-0.3,-0.16,0.491,157-149,259-222,,,,,,,,,,,,,,,,,,,,,,,,,,,,,,,,,,,,,,,,,,,,,,,,,,,,,,,,,,,,,,,,,,,,,,,,,,,,,,,,,,,,,,,,,,,,,,,,,,,,,,,,,
,,,,,,,,,,p1_bias,,,,,,rest,short week (Thursday),187.0,-0.41,-1.16,0.74,-0.69,-0.04,-0.53,0.495,21-13,27-15,,,,,,,,,,,,,,,,,,,,,,,,,,,,,,,,,,,,,,,,,,,,,,,,,,,,,,,,,,,,,,,,,,,,,,,,,,,,,,,,,,,,,,,,,,,,,,,,,,,,,,,,,
,,,,,,,,,,p1_bias,,,,,,pace (both offenses' plays),slow third,965.0,0.08,-0.69,0.77,0.45,-0.61,0.54,0.502,87-79,96-95,,,,,,,,,,,,,,,,,,,,,,,,,,,,,,,,,,,,,,,,,,,,,,,,,,,,,,,,,,,,,,,,,,,,,,,,,,,,,,,,,,,,,,,,,,,,,,,,,,,,,,,,,
,,,,,,,,,,p1_bias,,,,,,pace (both offenses' plays),middle third,965.0,0.22,-0.17,0.39,0.61,0.02,-0.02,0.484,74-69,120-115,,,,,,,,,,,,,,,,,,,,,,,,,,,,,,,,,,,,,,,,,,,,,,,,,,,,,,,,,,,,,,,,,,,,,,,,,,,,,,,,,,,,,,,,,,,,,,,,,,,,,,,,,
,,,,,,,,,,p1_bias,,,,,,pace (both offenses' plays),fast third,965.0,-0.18,-0.34,0.15,-0.01,-0.16,-0.44,0.48,56-68,165-104,,,,,,,,,,,,,,,,,,,,,,,,,,,,,,,,,,,,,,,,,,,,,,,,,,,,,,,,,,,,,,,,,,,,,,,,,,,,,,,,,,,,,,,,,,,,,,,,,,,,,,,,,
,,,,,,,,,,p1_bias,,,,,,offenses,both below median,733.0,-0.19,-1.05,0.87,0.08,-0.25,-0.44,0.503,78-54,74-65,,,,,,,,,,,,,,,,,,,,,,,,,,,,,,,,,,,,,,,,,,,,,,,,,,,,,,,,,,,,,,,,,,,,,,,,,,,,,,,,,,,,,,,,,,,,,,,,,,,,,,,,,
,,,,,,,,,,p1_bias,,,,,,offenses,both offenses above median,733.0,-0.95,-0.86,-0.09,-0.34,-1.54,-0.83,0.512,35-43,107-111,,,,,,,,,,,,,,,,,,,,,,,,,,,,,,,,,,,,,,,,,,,,,,,,,,,,,,,,,,,,,,,,,,,,,,,,,,,,,,,,,,,,,,,,,,,,,,,,,,,,,,,,,
,,,,,,,,,,p1_bias,,,,,,offenses,one of each,1429.0,0.66,0.17,0.49,0.81,0.46,0.73,0.469,104-119,200-138,,,,,,,,,,,,,,,,,,,,,,,,,,,,,,,,,,,,,,,,,,,,,,,,,,,,,,,,,,,,,,,,,,,,,,,,,,,,,,,,,,,,,,,,,,,,,,,,,,,,,,,,,
,,,,,,,,,,p1_bias,,,,,,defenses,both defenses bad,709.0,-0.1,-0.48,0.38,-0.25,0.08,-0.16,0.49,55-56,104-82,,,,,,,,,,,,,,,,,,,,,,,,,,,,,,,,,,,,,,,,,,,,,,,,,,,,,,,,,,,,,,,,,,,,,,,,,,,,,,,,,,,,,,,,,,,,,,,,,,,,,,,,,
,,,,,,,,,,p1_bias,,,,,,defenses,both defenses good,709.0,0.82,0.31,0.51,0.27,1.22,1.01,0.474,52-57,94-68,,,,,,,,,,,,,,,,,,,,,,,,,,,,,,,,,,,,,,,,,,,,,,,,,,,,,,,,,,,,,,,,,,,,,,,,,,,,,,,,,,,,,,,,,,,,,,,,,,,,,,,,,
,,,,,,,,,,p1_bias,,,,,,defenses,one of each,1477.0,-0.27,-0.7,0.43,0.63,-1.13,-0.33,0.495,110-103,183-164,,,,,,,,,,,,,,,,,,,,,,,,,,,,,,,,,,,,,,,,,,,,,,,,,,,,,,,,,,,,,,,,,,,,,,,,,,,,,,,,,,,,,,,,,,,,,,,,,,,,,,,,,
,,,,,,,,,,p1_bias,,,,,,referee (ref_tot),referee low-scoring third,965.0,-0.08,0.44,-0.52,0.67,-0.54,-0.41,0.455,27-30,199-134,,,,,,,,,,,,,,,,,,,,,,,,,,,,,,,,,,,,,,,,,,,,,,,,,,,,,,,,,,,,,,,,,,,,,,,,,,,,,,,,,,,,,,,,,,,,,,,,,,,,,,,,,
,,,,,,,,,,p1_bias,,,,,,referee (ref_tot),middle third,965.0,-0.34,-0.85,0.51,-0.38,-0.01,-0.79,0.518,63-67,98-105,,,,,,,,,,,,,,,,,,,,,,,,,,,,,,,,,,,,,,,,,,,,,,,,,,,,,,,,,,,,,,,,,,,,,,,,,,,,,,,,,,,,,,,,,,,,,,,,,,,,,,,,,
,,,,,,,,,,p1_bias,,,,,,referee (ref_tot),high-scoring third,965.0,0.54,-0.79,1.33,0.71,-0.27,1.4,0.494,127-119,84-75,,,,,,,,,,,,,,,,,,,,,,,,,,,,,,,,,,,,,,,,,,,,,,,,,,,,,,,,,,,,,,,,,,,,,,,,,,,,,,,,,,,,,,,,,,,,,,,,,,,,,,,,,
,,,,,,,,,,p1_bias,,,,,,sign of the edge,model over the line,1689.0,1.38,-0.84,2.22,2.2,1.07,0.83,0.505,217-216,0-0,,,,,,,,,,,,,,,,,,,,,,,,,,,,,,,,,,,,,,,,,,,,,,,,,,,,,,,,,,,,,,,,,,,,,,,,,,,,,,,,,,,,,,,,,,,,,,,,,,,,,,,,,
,,,,,,,,,,p1_bias,,,,,,sign of the edge,model under the line,1206.0,-1.85,0.21,-2.06,-2.11,-1.76,-1.59,0.465,0-0,381-314,,,,,,,,,,,,,,,,,,,,,,,,,,,,,,,,,,,,,,,,,,,,,,,,,,,,,,,,,,,,,,,,,,,,,,,,,,,,,,,,,,,,,,,,,,,,,,,,,,,,,,,,,
,,,,,,,,,,p1_bias,,,,,,signed edge,under 6+,35.0,-3.2,4.14,-7.34,-3.58,-3.4,1.38,0.286,0-0,25-10,,,,,,,,,,,,,,,,,,,,,,,,,,,,,,,,,,,,,,,,,,,,,,,,,,,,,,,,,,,,,,,,,,,,,,,,,,,,,,,,,,,,,,,,,,,,,,,,,,,,,,,,,
,,,,,,,,,,p1_bias,,,,,,signed edge,under 4-6,108.0,-3.25,1.54,-4.79,-6.13,-0.9,-4.62,0.37,0-0,67-40,,,,,,,,,,,,,,,,,,,,,,,,,,,,,,,,,,,,,,,,,,,,,,,,,,,,,,,,,,,,,,,,,,,,,,,,,,,,,,,,,,,,,,,,,,,,,,,,,,,,,,,,,
,,,,,,,,,,p1_bias,,,,,,signed edge,under 2-4,356.0,-3.17,-0.28,-2.89,-3.47,-2.17,-5.24,0.476,0-0,180-164,,,,,,,,,,,,,,,,,,,,,,,,,,,,,,,,,,,,,,,,,,,,,,,,,,,,,,,,,,,,,,,,,,,,,,,,,,,,,,,,,,,,,,,,,,,,,,,,,,,,,,,,,
,,,,,,,,,,p1_bias,,,,,,signed edge,under 0-2,707.0,-0.9,0.06,-0.96,-0.75,-1.56,-0.23,0.484,0-0,109-100,,,,,,,,,,,,,,,,,,,,,,,,,,,,,,,,,,,,,,,,,,,,,,,,,,,,,,,,,,,,,,,,,,,,,,,,,,,,,,,,,,,,,,,,,,,,,,,,,,,,,,,,,
,,,,,,,,,,p1_bias,,,,,,signed edge,over 0-2,874.0,0.16,-0.83,0.99,0.96,-0.24,-0.33,0.503,0-0,0-0,,,,,,,,,,,,,,,,,,,,,,,,,,,,,,,,,,,,,,,,,,,,,,,,,,,,,,,,,,,,,,,,,,,,,,,,,,,,,,,,,,,,,,,,,,,,,,,,,,,,,,,,,
,,,,,,,,,,p1_bias,,,,,,signed edge,over 2-4,574.0,2.39,-0.46,2.85,2.62,3.3,1.42,0.503,105-105,0-0,,,,,,,,,,,,,,,,,,,,,,,,,,,,,,,,,,,,,,,,,,,,,,,,,,,,,,,,,,,,,,,,,,,,,,,,,,,,,,,,,,,,,,,,,,,,,,,,,,,,,,,,,
,,,,,,,,,,p1_bias,,,,,,signed edge,over 4-6,194.0,3.57,-1.14,4.71,6.38,2.91,2.09,0.497,86-94,0-0,,,,,,,,,,,,,,,,,,,,,,,,,,,,,,,,,,,,,,,,,,,,,,,,,,,,,,,,,,,,,,,,,,,,,,,,,,,,,,,,,,,,,,,,,,,,,,,,,,,,,,,,,
,,,,,,,,,,p1_bias,,,,,,signed edge,over 6+,47.0,2.83,-4.31,7.14,5.54,-2.29,4.77,0.617,26-17,0-0,,,,,,,,,,,,,,,,,,,,,,,,,,,,,,,,,,,,,,,,,,,,,,,,,,,,,,,,,,,,,,,,,,,,,,,,,,,,,,,,,,,,,,,,,,,,,,,,,,,,,,,,,
over,,,,,,,2.17,,,p1_realized,,,,,,,,584.0,2.2,0.03,,,,,,,,2015-18,-0.03,-0.5,-0.01,0.04,0.488,,,,,,,,,,,,,,,,,,,,,,,,,,,,,,,,,,,,,,,,,,,,,,,,,,,,,,,,,,,,,,,,,,,,,,,,,,,,,,,,,,,,,,,,,,,,,,,,,,,
over,,,,,,,2.06,,,p1_realized,,,,,,,,558.0,1.07,-0.98,,,,,,,,2019-22,0.98,0.0,0.48,0.18,0.498,,,,,,,,,,,,,,,,,,,,,,,,,,,,,,,,,,,,,,,,,,,,,,,,,,,,,,,,,,,,,,,,,,,,,,,,,,,,,,,,,,,,,,,,,,,,,,,,,,,
over,,,,,,,2.44,,,p1_realized,,,,,,,,547.0,0.83,-1.61,,,,,,,,2023-25,1.61,1.0,0.66,0.2,0.531,,,,,,,,,,,,,,,,,,,,,,,,,,,,,,,,,,,,,,,,,,,,,,,,,,,,,,,,,,,,,,,,,,,,,,,,,,,,,,,,,,,,,,,,,,,,,,,,,,,
over,,,,,,,2.22,,,p1_realized,,,,,,,,1689.0,1.38,-0.84,,,,,,,,2015-25,0.84,0.5,0.38,0.15,0.505,,,,,,,,,,,,,,,,,,,,,,,,,,,,,,,,,,,,,,,,,,,,,,,,,,,,,,,,,,,,,,,,,,,,,,,,,,,,,,,,,,,,,,,,,,,,,,,,,,,
under,,,,,,,-2.07,,,p1_realized,,,,,,,,440.0,-2.11,-0.03,,,,,,,,2015-18,0.03,-0.75,-0.02,0.1,0.517,,,,,,,,,,,,,,,,,,,,,,,,,,,,,,,,,,,,,,,,,,,,,,,,,,,,,,,,,,,,,,,,,,,,,,,,,,,,,,,,,,,,,,,,,,,,,,,,,,,
under,,,,,,,-2.29,,,p1_realized,,,,,,,,497.0,-1.76,0.53,,,,,,,,2019-22,-0.53,-1.5,0.23,0.9,0.546,,,,,,,,,,,,,,,,,,,,,,,,,,,,,,,,,,,,,,,,,,,,,,,,,,,,,,,,,,,,,,,,,,,,,,,,,,,,,,,,,,,,,,,,,,,,,,,,,,,
under,,,,,,,-1.61,,,p1_realized,,,,,,,,269.0,-1.59,0.02,,,,,,,,2023-25,-0.02,-1.5,0.01,-0.42,0.543,,,,,,,,,,,,,,,,,,,,,,,,,,,,,,,,,,,,,,,,,,,,,,,,,,,,,,,,,,,,,,,,,,,,,,,,,,,,,,,,,,,,,,,,,,,,,,,,,,,
under,,,,,,,-2.06,,,p1_realized,,,,,,,,1206.0,-1.85,0.21,,,,,,,,2015-25,-0.21,-1.0,0.1,0.38,0.535,,,,,,,,,,,,,,,,,,,,,,,,,,,,,,,,,,,,,,,,,,,,,,,,,,,,,,,,,,,,,,,,,,,,,,,,,,,,,,,,,,,,,,,,,,,,,,,,,,,
,,,,,,,,,,p1_referee,,,,,,,,,,,,,,,,,,,,,,,,27.0,1.423,2.146,0.66,-0.187,21.0,0.0,,,,,,,,,,,,,,,,,,,,,,,,,,,,,,,,,,,,,,,,,,,,,,,,,,,,,,,,,,,,,,,,,,,,,,,,,,,,,,,,,,,,,,,,,,,,
,,,,,,,,,,p1_skew,,,,,,,,,,,,,,,,,,,,,,,,,,,,,,,0.4,-0.5,0.511,0.04,0.71,,,,,,,,,,,,,,,,,,,,,,,,,,,,,,,,,,,,,,,,,,,,,,,,,,,,,,,,,,,,,,,,,,,,,,,,,,,,,,,,,,,,,,,
,,,,,,,,,,p2_variants,,,,,,,,,,,,,,,,,,,,,,,,,,,,,,,,,,,,base,"live total equation, p_over_emp",10.7437,0.348,135-127,0.5153,-4.7,121-124,0.4939,-15.4,0.70168,70-66,-2.6,61-46,10.4,10.5406,-0.261,175-128,0.5776,34.2,104-108,0.4906,-14.8,0.69445,61-65,-10.5,95-50,40.0,10.1767,0.035,71-59,0.5462,6.1,132-123,0.5176,-3.3,0.69933,86-85,-7.5,21-16,3.4,base,,,,,,,,,,,,,,,,,,,,,,,,,,,,,,,,,,,,,,,,,,,,,
,,,,,,,,,,p2_variants,,,,,,,,,,,,,,,,,,,,,,,,,,,,,,,,,,,,a shrink,s 0.70,10.7153,0.383,140-142,0.4965,-16.2,121-107,0.5307,3.3,0.70092,80-65,8.5,54-45,4.5,10.6292,-0.277,180-157,0.5341,7.3,100-105,0.4878,-15.5,0.6989,65-63,-4.3,83-57,20.3,10.23,0.202,67-72,0.482,-12.2,130-124,0.5118,-6.4,0.70165,100-89,2.1,24-18,4.2,"not adopted: MAE better on 1/3, under 55% win rate better on 0/3",,,,,,,,,,,,,,,,,,,,,,,,,,,,,,,,,,,,,,,,,,,,,
,,,,,,,,,,p2_variants,,,,,,,,,,,,,,,,,,,,,,,,,,,,,,,,,,,,a shrink,s 0.75,10.715,0.377,136-135,0.5018,-12.5,114-108,0.5135,-4.8,0.70044,74-66,1.4,54-49,0.1,10.6073,-0.275,176-150,0.5399,11.0,98-105,0.4828,-17.5,0.69789,62-63,-7.3,84-53,25.7,10.2169,0.174,68-73,0.4823,-12.3,129-122,0.5139,-5.2,0.70082,93-88,-3.8,22-19,1.1,"not adopted: MAE better on 1/3, under 55% win rate better on 0/3",,,,,,,,,,,,,,,,,,,,,,,,,,,,,,,,,,,,,,,,,,,,,
,,,,,,,,,,p2_variants,,,,,,,,,,,,,,,,,,,,,,,,,,,,,,,,,,,,a shrink,s 0.80,10.7164,0.372,135-128,0.5133,-5.8,109-105,0.5093,-6.5,0.70025,71-63,1.7,53-48,0.2,10.5894,-0.272,175-148,0.5418,12.2,97-105,0.4802,-18.5,0.6969,61-63,-8.3,87-52,29.8,10.2047,0.147,70-73,0.4895,-10.3,125-124,0.502,-11.4,0.70016,95-88,-1.8,22-21,-1.1,"not adopted: MAE better on 1/3, under 55% win rate better on 0/3",,,,,,,,,,,,,,,,,,,,,,,,,,,,,,,,,,,,,,,,,,,,,
,,,,,,,,,,p2_variants,,,,,,,,,,,,,,,,,,,,,,,,,,,,,,,,,,,,a shrink,s 0.85,10.7199,0.366,131-123,0.5157,-4.3,107-106,0.5023,-9.6,0.70036,73-63,3.7,57-46,6.4,10.5749,-0.269,178-143,0.5545,20.7,96-112,0.4615,-27.2,0.69616,59-60,-7.0,87-52,29.8,10.1941,0.119,69-68,0.5036,-5.8,125-124,0.502,-11.4,0.6997,94-89,-3.9,19-20,-3.0,"not adopted: MAE better on 1/3, under 55% win rate better on 1/3",,,,,,,,,,,,,,,,,,,,,,,,,,,,,,,,,,,,,,,,,,,,,
,,,,,,,,,,p2_variants,,,,,,,,,,,,,,,,,,,,,,,,,,,,,,,,,,,,a shrink,s 0.90,10.7251,0.36,131-117,0.5282,2.3,109-108,0.5023,-9.8,0.70067,72-62,3.8,59-44,10.6,10.5623,-0.267,179-139,0.5629,26.1,97-110,0.4686,-24.0,0.69553,59-57,-3.7,85-48,32.2,10.1857,0.091,67-65,0.5076,-4.5,126-123,0.506,-9.3,0.6995,90-91,-10.1,19-20,-3.0,"not adopted: MAE better on 1/3, under 55% win rate better on 1/3",,,,,,,,,,,,,,,,,,,,,,,,,,,,,,,,,,,,,,,,,,,,,
,,,,,,,,,,p2_variants,,,,,,,,,,,,,,,,,,,,,,,,,,,,,,,,,,,,a shrink,s 0.95,10.733,0.354,129-119,0.5202,-1.9,111-112,0.4978,-12.2,0.7011,69-64,-1.4,60-44,11.6,10.551,-0.264,174-136,0.5613,24.4,98-110,0.4712,-23.0,0.69491,58-59,-6.9,91-49,37.1,10.18,0.063,68-61,0.5271,0.9,133-124,0.5175,-3.4,0.69942,89-88,-7.8,21-18,1.2,"not adopted: MAE better on 1/3, under 55% win rate better on 1/3",,,,,,,,,,,,,,,,,,,,,,,,,,,,,,,,,,,,,,,,,,,,,
,,,,,,,,,,p2_variants,,,,,,,,,,,,,,,,,,,,,,,,,,,,,,,,,,,,a shrink,s refit weekly from earlier misses,10.7232,0.406,140-138,0.5036,-11.8,115-110,0.5111,-6.0,0.70089,82-63,12.7,50-44,1.6,10.5694,-0.273,181-144,0.5569,22.6,97-107,0.4755,-20.7,0.69616,61-60,-5.0,86-49,32.1,10.1861,0.089,69-64,0.5188,-1.4,125-126,0.498,-13.6,0.69955,91-89,-6.9,19-20,-3.0,"not adopted: MAE better on 1/3, under 55% win rate better on 0/3",,,,,,,,,,,,,,,,,,,,,,,,,,,,,,,,,,,,,,,,,,,,,
,,,,,,,,,,p2_variants,,,,,,,,,,,,,,,,,,,,,,,,,,,,,,,,,,,,b upside,above the mean x 0.5,10.7376,-0.413,144-144,0.5,-14.4,116-117,0.4979,-12.7,0.70221,50-43,2.7,91-78,5.2,10.609,-1.075,184-157,0.5396,11.3,96-106,0.4752,-20.6,0.69769,44-40,0.0,128-94,24.6,10.1355,-0.624,67-63,0.5154,-2.3,126-124,0.504,-10.4,0.69877,66-51,9.9,40-36,0.4,"not adopted: MAE better on 2/3, under 55% win rate better on 0/3",,,,,,,,,,,,,,,,,,,,,,,,,,,,,,,,,,,,,,,,,,,,,
,,,,,,,,,,p2_variants,,,,,,,,,,,,,,,,,,,,,,,,,,,,,,,,,,,,b upside,above the mean x 0.6,10.7314,-0.261,139-139,0.5,-13.9,113-111,0.5045,-9.1,0.70167,55-48,2.2,85-71,6.9,10.5863,-0.912,181-152,0.5435,13.8,95-103,0.4798,-18.3,0.69654,45-44,-3.4,122-83,30.7,10.1386,-0.492,63-63,0.5,-6.3,128-125,0.5059,-9.5,0.69848,69-56,7.4,35-28,4.2,"not adopted: MAE better on 2/3, under 55% win rate better on 0/3",,,,,,,,,,,,,,,,,,,,,,,,,,,,,,,,,,,,,,,,,,,,,
,,,,,,,,,,p2_variants,,,,,,,,,,,,,,,,,,,,,,,,,,,,,,,,,,,,b upside,above the mean x 0.7,10.7287,-0.108,136-130,0.5113,-7.0,110-108,0.5046,-8.8,0.70145,58-53,-0.3,79-64,8.6,10.5681,-0.749,179-145,0.5525,19.5,95-104,0.4774,-19.4,0.69571,48-47,-3.7,111-71,32.9,10.1437,-0.36,64-64,0.5,-6.4,128-126,0.5039,-10.6,0.69862,73-60,7.0,30-25,2.5,"not adopted: MAE better on 2/3, under 55% win rate better on 0/3",,,,,,,,,,,,,,,,,,,,,,,,,,,,,,,,,,,,,,,,,,,,,
,,,,,,,,,,p2_variants,,,,,,,,,,,,,,,,,,,,,,,,,,,,,,,,,,,,b upside,above the mean x 0.8,10.7311,0.044,131-124,0.5137,-5.4,107-107,0.5,-10.7,0.70136,60-56,-1.6,70-60,4.0,10.5552,-0.587,180-136,0.5696,30.4,97-109,0.4709,-22.9,0.6951,51-54,-8.4,104-60,38.0,10.15,-0.228,65-64,0.5039,-5.4,129-125,0.5079,-8.5,0.69853,76-70,-1.0,27-24,0.6,"not adopted: MAE better on 2/3, under 55% win rate better on 0/3",,,,,,,,,,,,,,,,,,,,,,,,,,,,,,,,,,,,,,,,,,,,,
,,,,,,,,,,p2_variants,,,,,,,,,,,,,,,,,,,,,,,,,,,,,,,,,,,,b upside,above the mean x 0.9,10.7353,0.196,132-119,0.5259,1.1,111-113,0.4955,-13.3,0.70135,65-59,0.1,67-53,8.7,10.5458,-0.424,177-136,0.5655,27.4,100-109,0.4785,-19.9,0.69466,55-57,-7.7,98-51,41.9,10.1609,-0.097,69-64,0.5188,-1.4,135-126,0.5172,-3.6,0.69894,81-81,-8.1,22-22,-2.2,"not adopted: MAE better on 2/3, under 55% win rate better on 1/3",,,,,,,,,,,,,,,,,,,,,,,,,,,,,,,,,,,,,,,,,,,,,
,,,,,,,,,,p2_variants,,,,,,,,,,,,,,,,,,,,,,,,,,,,,,,,,,,,b upside,"knee +2, beyond it x 0.3",10.742,-0.19,143-139,0.5071,-9.9,118-121,0.4937,-15.1,0.70321,59-54,-0.4,83-72,3.8,10.5933,-0.811,185-154,0.5457,15.6,98-104,0.4851,-16.4,0.69711,51-48,-1.8,123-75,40.5,10.1373,-0.367,64-62,0.5079,-4.2,130-128,0.5039,-10.8,0.69854,76-62,7.8,34-27,4.3,"not adopted: MAE better on 2/3, under 55% win rate better on 0/3",,,,,,,,,,,,,,,,,,,,,,,,,,,,,,,,,,,,,,,,,,,,,
,,,,,,,,,,p2_variants,,,,,,,,,,,,,,,,,,,,,,,,,,,,,,,,,,,,b upside,"knee +2, beyond it x 0.5",10.7369,-0.036,138-134,0.5074,-9.4,113-111,0.5045,-9.1,0.7021,64-58,0.2,77-62,8.8,10.5697,-0.654,183-146,0.5562,22.4,98-104,0.4851,-16.4,0.69573,51-53,-7.3,113-68,38.2,10.1449,-0.252,63-65,0.4922,-8.5,128-126,0.5039,-10.6,0.69838,78-65,6.5,29-22,4.8,"not adopted: MAE better on 2/3, under 55% win rate better on 0/3",,,,,,,,,,,,,,,,,,,,,,,,,,,,,,,,,,,,,,,,,,,,,
,,,,,,,,,,p2_variants,,,,,,,,,,,,,,,,,,,,,,,,,,,,,,,,,,,,b upside,"knee +4, beyond it x 0.3",10.7454,0.103,137-133,0.5074,-9.3,113-113,0.5,-11.3,0.70232,66-60,0.0,72-57,9.3,10.569,-0.483,180-137,0.5678,29.3,102-108,0.4857,-16.8,0.69541,55-55,-5.5,105-61,37.9,10.1714,-0.093,72-67,0.518,-1.7,134-123,0.5214,-1.3,0.69965,81-79,-5.9,24-21,0.9,"not adopted: MAE better on 1/3, under 55% win rate better on 0/3",,,,,,,,,,,,,,,,,,,,,,,,,,,,,,,,,,,,,,,,,,,,,
,,,,,,,,,,p2_variants,,,,,,,,,,,,,,,,,,,,,,,,,,,,,,,,,,,,b upside,"knee +4, beyond it x 0.5",10.7438,0.173,134-129,0.5095,-7.9,113-116,0.4934,-14.6,0.70179,67-62,-1.2,66-52,8.8,10.5582,-0.419,180-134,0.5732,32.6,102-110,0.4811,-19.0,0.6949,56-56,-5.6,101-55,40.5,10.1708,-0.057,71-65,0.5221,-0.5,136-125,0.5211,-1.5,0.69943,83-80,-5.0,22-19,1.1,"not adopted: MAE better on 1/3, under 55% win rate better on 0/3",,,,,,,,,,,,,,,,,,,,,,,,,,,,,,,,,,,,,,,,,,,,,
,,,,,,,,,,p2_variants,,,,,,,,,,,,,,,,,,,,,,,,,,,,,,,,,,,,c chance,symmetric residuals (mirrored),10.7437,0.348,108-96,0.5294,2.4,148-149,0.4983,-15.9,0.70239,70-66,-2.6,61-46,10.4,10.5406,-0.261,157-114,0.5793,31.6,125-136,0.4789,-24.6,0.6957,61-65,-10.5,95-50,40.0,10.1767,0.035,48-44,0.5217,-0.4,162-149,0.5209,-1.9,0.70065,86-85,-7.5,21-16,3.4,"not adopted: MAE better on 0/3, under 55% win rate better on 2/3",,,,,,,,,,,,,,,,,,,,,,,,,,,,,,,,,,,,,,,,,,,,,
,,,,,,,,,,p2_variants,,,,,,,,,,,,,,,,,,,,,,,,,,,,,,,,,,,,c chance,"two-piece: upper half above, lower half below the median",10.7437,0.348,141-130,0.5203,-2.0,121-123,0.4959,-14.3,0.70189,70-66,-2.6,61-46,10.4,10.5406,-0.261,175-127,0.5795,35.3,110-115,0.4889,-16.5,0.69509,61-65,-10.5,95-50,40.0,10.1767,0.035,70-58,0.5469,6.2,137-128,0.517,-3.8,0.69952,86-85,-7.5,21-16,3.4,ADOPTABLE,,,,,,,,,,,,,,,,,,,,,,,,,,,,,,,,,,,,,,,,,,,,,
,,,,,,,,,,p2_variants,,,,,,,,,,,,,,,,,,,,,,,,,,,,,,,,,,,,c chance,normal curve (p_over),10.7437,0.348,111-104,0.5163,-3.4,156-159,0.4952,-18.9,0.70212,70-66,-2.6,61-46,10.4,10.5406,-0.261,160-114,0.5839,34.6,127-138,0.4792,-24.8,0.69529,61-65,-10.5,95-50,40.0,10.1767,0.035,50-46,0.5208,-0.6,164-152,0.519,-3.2,0.70006,86-85,-7.5,21-16,3.4,"not adopted: MAE better on 0/3, under 55% win rate better on 2/3",,,,,,,,,,,,,,,,,,,,,,,,,,,,,,,,,,,,,,,,,,,,,
,,,,,,,,,,p2_variants,,,,,,,,,,,,,,,,,,,,,,,,,,,,,,,,,,,,c chance,"earlier out-of-sample misses, all",10.7437,0.348,147-145,0.5034,-12.5,94-92,0.5054,-7.2,0.70135,70-66,-2.6,61-46,10.4,10.5406,-0.261,178-137,0.5651,27.3,96-99,0.4923,-12.9,0.6946,61-65,-10.5,95-50,40.0,10.1767,0.035,84-74,0.5316,2.6,128-114,0.5289,2.6,0.69922,86-85,-7.5,21-16,3.4,"not adopted: MAE better on 0/3, under 55% win rate better on 0/3",,,,,,,,,,,,,,,,,,,,,,,,,,,,,,,,,,,,,,,,,,,,,
,,,,,,,,,,p2_variants,,,,,,,,,,,,,,,,,,,,,,,,,,,,,,,,,,,,c chance,"earlier out-of-sample misses, same projected half",10.7437,0.348,139-140,0.4982,-15.0,86-80,0.5181,-2.0,0.70159,70-66,-2.6,61-46,10.4,10.5406,-0.261,184-136,0.575,34.4,93-102,0.4769,-19.2,0.69504,61-65,-10.5,95-50,40.0,10.1767,0.035,87-75,0.537,4.5,126-114,0.525,0.6,0.69911,86-85,-7.5,21-16,3.4,"not adopted: MAE better on 0/3, under 55% win rate better on 0/3",,,,,,,,,,,,,,,,,,,,,,,,,,,,,,,,,,,,,,,,,,,,,
,,,,,,,,,,p2_variants,,,,,,,,,,,,,,,,,,,,,,,,,,,,,,,,,,,,d drift,offset: league mean of last 128 games x 0.5,10.7515,0.134,143-138,0.5089,-8.8,101-93,0.5206,-1.3,0.7029,61-60,-5.0,66-52,8.8,10.5273,-0.094,164-119,0.5795,33.1,101-110,0.4787,-20.0,0.69332,58-66,-14.6,67-33,30.7,10.1613,-0.155,76-72,0.5135,-3.2,106-103,0.5072,-7.3,0.69869,73-70,-4.0,21-17,2.3,"not adopted: MAE better on 2/3, under 55% win rate better on 1/3",,,,,,,,,,,,,,,,,,,,,,,,,,,,,,,,,,,,,,,,,,,,,
,,,,,,,,,,p2_variants,,,,,,,,,,,,,,,,,,,,,,,,,,,,,,,,,,,,d drift,offset: league mean of last 128 games x 1,10.7888,-0.08,145-157,0.4801,-27.7,89-88,0.5028,-7.8,0.70649,64-60,-2.0,72-62,3.8,10.5828,0.073,159-118,0.574,29.2,119-123,0.4917,-16.3,0.69583,77-79,-9.9,56-38,14.2,10.1726,-0.345,96-86,0.5275,1.4,100-94,0.5155,-3.4,0.69978,67-61,-0.1,29-25,1.5,"not adopted: MAE better on 1/3, under 55% win rate better on 0/3",,,,,,,,,,,,,,,,,,,,,,,,,,,,,,,,,,,,,,,,,,,,,
,,,,,,,,,,p2_variants,,,,,,,,,,,,,,,,,,,,,,,,,,,,,,,,,,,,d drift,offset: league mean of last 256 games x 0.5,10.7504,0.05,149-150,0.4983,-16.0,95-95,0.5,-9.5,0.70285,61-52,3.8,64-58,0.2,10.5414,0.031,151-106,0.5875,34.4,112-129,0.4647,-29.9,0.69472,66-74,-15.4,63-25,35.5,10.1536,-0.254,84-75,0.5283,1.5,106-107,0.4977,-11.7,0.69848,70-66,-2.6,25-18,5.2,"not adopted: MAE better on 1/3, under 55% win rate better on 1/3",,,,,,,,,,,,,,,,,,,,,,,,,,,,,,,,,,,,,,,,,,,,,
,,,,,,,,,,p2_variants,,,,,,,,,,,,,,,,,,,,,,,,,,,,,,,,,,,,d drift,offset: league mean of last 256 games x 1,10.7685,-0.247,169-175,0.4913,-23.5,80-79,0.5031,-6.9,0.70465,49-48,-3.8,77-65,5.5,10.5811,0.324,126-87,0.5915,30.3,131-139,0.4852,-21.9,0.6973,80-89,-17.9,44-22,19.8,10.1547,-0.543,94-83,0.5311,2.7,89-80,0.5266,1.0,0.69893,63-56,1.4,31-26,2.4,"not adopted: MAE better on 1/3, under 55% win rate better on 1/3",,,,,,,,,,,,,,,,,,,,,,,,,,,,,,,,,,,,,,,,,,,,,
,,,,,,,,,,p2_variants,,,,,,,,,,,,,,,,,,,,,,,,,,,,,,,,,,,,d drift,offset: league mean of last 512 games x 0.5,10.7379,0.12,148-145,0.5051,-11.5,103-105,0.4952,-12.5,0.70132,61-56,-0.6,68-54,8.6,10.5642,0.128,152-103,0.5961,38.7,121-133,0.4764,-25.3,0.69596,71-85,-22.5,70-35,31.5,10.1569,-0.44,92-81,0.5318,2.9,99-97,0.5051,-7.7,0.699,60-62,-8.2,28-26,-0.6,"not adopted: MAE better on 2/3, under 55% win rate better on 1/3",,,,,,,,,,,,,,,,,,,,,,,,,,,,,,,,,,,,,,,,,,,,,
,,,,,,,,,,p2_variants,,,,,,,,,,,,,,,,,,,,,,,,,,,,,,,,,,,,d drift,offset: league mean of last 512 games x 1,10.737,-0.108,167-161,0.5091,-10.1,93-85,0.5225,-0.5,0.70195,54-50,-1.0,71-61,3.9,10.6038,0.518,120-83,0.5911,28.7,148-164,0.4744,-32.4,0.69878,94-102,-18.2,58-28,27.2,10.1588,-0.916,115-99,0.5374,6.1,73-67,0.5214,-0.7,0.69959,39-42,-7.2,41-38,-0.8,"not adopted: MAE better on 2/3, under 55% win rate better on 1/3",,,,,,,,,,,,,,,,,,,,,,,,,,,,,,,,,,,,,,,,,,,,,
,,,,,,,,,,p2_variants,,,,,,,,,,,,,,,,,,,,,,,,,,,,,,,,,,,,d drift,own recent miss: last 128 games x 0.5,10.7571,0.207,135-138,0.4945,-16.8,110-106,0.5093,-6.6,0.70392,66-62,-2.2,63-52,5.8,10.5154,-0.214,177-121,0.594,43.9,105-110,0.4884,-16.0,0.69289,57-63,-12.3,79-39,36.1,10.1872,0.009,72-65,0.5255,0.5,122-123,0.498,-13.3,0.70022,85-77,0.3,21-14,5.6,"not adopted: MAE better on 1/3, under 55% win rate better on 1/3",,,,,,,,,,,,,,,,,,,,,,,,,,,,,,,,,,,,,,,,,,,,,
,,,,,,,,,,p2_variants,,,,,,,,,,,,,,,,,,,,,,,,,,,,,,,,,,,,d drift,own recent miss: last 128 games x 1,10.8005,0.065,144-155,0.4816,-26.5,111-108,0.5068,-7.8,0.70729,65-63,-4.3,68-64,-2.4,10.5522,-0.168,176-129,0.577,34.1,118-122,0.4917,-16.2,0.69447,72-68,-2.8,78-51,21.9,10.2052,-0.017,77-70,0.5238,0.0,121-125,0.4919,-16.5,0.70176,83-75,0.5,22-20,0.0,"not adopted: MAE better on 0/3, under 55% win rate better on 0/3",,,,,,,,,,,,,,,,,,,,,,,,,,,,,,,,,,,,,,,,,,,,,
,,,,,,,,,,p2_variants,,,,,,,,,,,,,,,,,,,,,,,,,,,,,,,,,,,,d drift,own recent miss: last 256 games x 0.5,10.7506,0.103,148-148,0.5,-14.8,98-102,0.49,-14.2,0.70268,63-55,2.5,66-57,3.3,10.5221,-0.161,172-121,0.587,38.9,107-119,0.4735,-23.9,0.69354,63-66,-9.6,69-32,33.8,10.1653,-0.047,75-69,0.5208,-0.9,122-118,0.5083,-7.8,0.69875,85-80,-3.0,23-15,6.5,"not adopted: MAE better on 2/3, under 55% win rate better on 1/3",,,,,,,,,,,,,,,,,,,,,,,,,,,,,,,,,,,,,,,,,,,,,
,,,,,,,,,,p2_variants,,,,,,,,,,,,,,,,,,,,,,,,,,,,,,,,,,,,d drift,own recent miss: last 256 games x 1,10.767,-0.143,158-163,0.4922,-21.3,84-89,0.4855,-13.9,0.70446,55-51,-1.1,76-62,7.8,10.5332,-0.06,160-115,0.5818,33.5,110-118,0.4825,-19.8,0.69438,72-76,-11.6,63-37,22.3,10.1594,-0.129,85-68,0.5556,10.2,118-122,0.4917,-16.2,0.6987,77-74,-4.4,25-19,4.1,"not adopted: MAE better on 2/3, under 55% win rate better on 2/3",,,,,,,,,,,,,,,,,,,,,,,,,,,,,,,,,,,,,,,,,,,,,
,,,,,,,,,,p2_variants,,,,,,,,,,,,,,,,,,,,,,,,,,,,,,,,,,,,e weather,+ wind x pass rate,10.7409,0.405,133-123,0.5195,-2.3,122-125,0.4939,-15.5,0.7024,70-71,-8.1,56-42,9.8,10.5489,-0.262,175-130,0.5738,32.0,104-110,0.486,-17.0,0.69506,59-67,-14.7,93-54,33.6,10.1808,0.026,71-62,0.5338,2.8,128-124,0.5079,-8.4,0.69971,85-86,-9.6,20-16,2.4,"not adopted: MAE better on 1/3, under 55% win rate better on 1/3",,,,,,,,,,,,,,,,,,,,,,,,,,,,,,,,,,,,,,,,,,,,,
,,,,,,,,,,p2_variants,,,,,,,,,,,,,,,,,,,,,,,,,,,,,,,,,,,,e weather,+ warm/dome team in the cold,10.7365,0.353,135-127,0.5153,-4.7,126-121,0.5101,-7.1,0.70085,75-68,0.2,63-46,12.4,10.566,-0.268,177-130,0.5765,34.0,103-105,0.4952,-12.5,0.69501,62-66,-10.6,96-54,36.6,10.1808,0.064,73-60,0.5489,7.0,134-120,0.5276,2.0,0.69913,86-87,-9.7,22-15,5.5,"not adopted: MAE better on 1/3, under 55% win rate better on 1/3",,,,,,,,,,,,,,,,,,,,,,,,,,,,,,,,,,,,,,,,,,,,,
,,,,,,,,,,p2_variants,,,,,,,,,,,,,,,,,,,,,,,,,,,,,,,,,,,,e weather,+ both,10.7349,0.409,132-125,0.5136,-5.5,125-121,0.5081,-8.1,0.7016,76-73,-4.3,60-43,12.7,10.5745,-0.268,176-127,0.5809,36.3,105-107,0.4953,-12.7,0.6954,60-65,-11.5,94-57,31.3,10.1846,0.057,73-60,0.5489,7.0,132-120,0.5238,0.0,0.69945,85-87,-10.7,21-15,4.5,"not adopted: MAE better on 1/3, under 55% win rate better on 2/3",,,,,,,,,,,,,,,,,,,,,,,,,,,,,,,,,,,,,,,,,,,,,
,,,,,,,,,,p2_variants,,,,,,,,,,,,,,,,,,,,,,,,,,,,,,,,,,,,e weather,"+ both, and the pass-rate sum",10.6942,0.447,139-122,0.5326,4.8,136-125,0.5211,-1.5,0.69886,78-78,-7.8,55-42,8.8,10.6159,-0.257,174-140,0.5541,20.0,113-114,0.4978,-12.4,0.6975,67-73,-13.3,93-55,32.5,10.202,-0.05,75-69,0.5208,-0.9,120-111,0.5195,-2.1,0.6992,87-85,-6.5,25-19,4.1,"not adopted: MAE better on 1/3, under 55% win rate better on 1/3",,,,,,,,,,,,,,,,,,,,,,,,,,,,,,,,,,,,,,,,,,,,,
,,,,,,,,,,p2_variants,,,,,,,,,,,,,,,,,,,,,,,,,,,,,,,,,,,,f team points,sum of the ridge points equation (own misses for the chance),10.7986,0.149,170-153,0.5263,1.7,109-127,0.4619,-30.7,0.70421,65-82,-25.2,75-55,14.5,10.5845,-0.242,181-142,0.5604,24.8,121-111,0.5216,-1.1,0.69684,69-66,-3.6,81-63,11.7,10.3148,0.403,52-51,0.5049,-4.1,147-140,0.5122,-7.0,0.70358,105-101,-6.1,12-11,-0.1,"not adopted: MAE better on 0/3, under 55% win rate better on 1/3",,,,,,,,,,,,,,,,,,,,,,,,,,,,,,,,,,,,,,,,,,,,,
,,,,,,,,,,p2_variants,,,,,,,,,,,,,,,,,,,,,,,,,,,,,,,,,,,,f team points,sum of the live seven-model blend (pred_v3; total equation's misses for the chance),10.7576,0.121,158-136,0.5374,8.4,105-125,0.4565,-32.5,0.70115,64-76,-19.6,74-49,20.1,10.576,-0.243,171-132,0.5644,25.8,117-117,0.5,-11.7,0.69616,72-60,6.0,82-59,17.1,10.2811,0.391,52-47,0.5253,0.3,156-149,0.5115,-7.9,0.702,108-96,2.4,11-11,-1.1,"not adopted: MAE better on 0/3, under 55% win rate better on 1/3",,,,,,,,,,,,,,,,,,,,,,,,,,,,,,,,,,,,,,,,,,,,,
,,,,,,,,,,p2_variants,,,,,,,,,,,,,,,,,,,,,,,,,,,,,,,,,,,,f team points,"half the total equation, half the blend sum",10.6969,0.235,145-126,0.5351,6.4,105-109,0.4907,-14.9,0.69885,53-59,-11.9,52-34,14.6,10.5241,-0.252,158-124,0.5603,21.6,94-101,0.4821,-17.1,0.693,50-55,-10.5,79-36,39.4,10.1953,0.213,51-51,0.5,-5.1,136-131,0.5094,-8.1,0.6986,83-81,-6.1,8-10,-3.0,"not adopted: MAE better on 2/3, under 55% win rate better on 1/3",,,,,,,,,,,,,,,,,,,,,,,,,,,,,,,,,,,,,,,,,,,,,
,,,,,,,,,,p2_twopiece_cuts,,,,,,,,,,,,,,,,,,,,,,,,,,,,,,,,,,,,,,,,,,,,,,,,,,,,,,,,,,,,,,,,,,,,,,,,,,,,,,53%,189-176 (-4.6u),185-176 (-8.6u),20.0,222-187 (+16.3u),226-185 (+22.5u),16.0,116-100 (+6.0u),114-95 (+9.5u),7.0,,,,,,,,,,,,,,,,,,,,,,,,,,,,,,,,,,,
,,,,,,,,,,p2_twopiece_cuts,,,,,,,,,,,,,,,,,,,,,,,,,,,,,,,,,,,,,,,,,,,,,,,,,,,,,,,,,,,,,,,,,,,,,,,,,,,,,,54%,161-155 (-9.5u),162-156 (-9.6u),18.0,192-157 (+19.3u),194-158 (+20.2u),13.0,93-83 (+1.7u),90-81 (+0.9u),5.0,,,,,,,,,,,,,,,,,,,,,,,,,,,,,,,,,,,
,,,,,,,,,,p2_twopiece_cuts,,,,,,,,,,,,,,,,,,,,,,,,,,,,,,,,,,,,,,,,,,,,,,,,,,,,,,,,,,,,,,,,,,,,,,,,,,,,,,55%,135-127 (-4.7u),141-130 (-2.0u),15.0,175-128 (+34.2u),175-127 (+35.3u),11.0,71-59 (+6.1u),70-58 (+6.2u),3.0,,,,,,,,,,,,,,,,,,,,,,,,,,,,,,,,,,,
,,,,,,,,,,p2_twopiece_cuts,,,,,,,,,,,,,,,,,,,,,,,,,,,,,,,,,,,,,,,,,,,,,,,,,,,,,,,,,,,,,,,,,,,,,,,,,,,,,,56%,115-103 (+1.7u),119-113 (-5.3u),19.0,159-114 (+33.6u),154-111 (+31.9u),8.0,52-52 (-5.2u),51-52 (-6.2u),1.0,,,,,,,,,,,,,,,,,,,,,,,,,,,,,,,,,,,
,,,,,,,,,,p2_twopiece_cuts,,,,,,,,,,,,,,,,,,,,,,,,,,,,,,,,,,,,,,,,,,,,,,,,,,,,,,,,,,,,,,,,,,,,,,,,,,,,,,57%,95-86 (+0.4u),99-88 (+2.2u),20.0,143-99 (+34.1u),135-90 (+36.0u),17.0,41-39 (-1.9u),37-37 (-3.7u),6.0,,,,,,,,,,,,,,,,,,,,,,,,,,,,,,,,,,,
,,,,,,,,,,p2_twopiece_cuts,,,,,,,,,,,,,,,,,,,,,,,,,,,,,,,,,,,,,,,,,,,,,,,,,,,,,,,,,,,,,,,,,,,,,,,,,,,,,,58%,83-72 (+3.8u),83-71 (+4.9u),15.0,125-84 (+32.6u),116-73 (+35.7u),21.0,35-31 (+0.9u),33-31 (-1.1u),2.0,,,,,,,,,,,,,,,,,,,,,,,,,,,,,,,,,,,
,,,,,,,,,,p2_twopiece_cuts,,,,,,,,,,,,,,,,,,,,,,,,,,,,,,,,,,,,,,,,,,,,,,,,,,,,,,,,,,,,,,,,,,,,,,,,,,,,,,60%,64-53 (+5.7u),60-46 (+9.4u),12.0,102-58 (+38.2u),89-41 (+43.9u),30.0,24-24 (-2.4u),21-16 (+3.4u),11.0,,,,,,,,,,,,,,,,,,,,,,,,,,,,,,,,,,,
,,,,,,,,,,p3_rules,,,,,,,,,,,,,,,,,,,,,,,,,,,,,,,,,,,,,,,,,,,,,,,,,,,,,,,,,,,,,,,,,,,,,,,,,,,,,,,,,,,,,,,,p_over_emp (live),over,"over, chance 55%+",all,121-124,-15.4,-0.057,104-108,-14.8,-0.063,132-123,-3.3,-0.012,357-355,-33.5,-0.043,False,-0.063,,,,,,,,,,,,,,,,,
,,,,,,,,,,p3_rules,,,,,,,,,,,,,,,,,,,,,,,,,,,,,,,,,,,,,,,,,,,,,,,,,,,,,,,,,,,,,,,,,,,,,,,,,,,,,,,,,,,,,,,,p_over_emp (live),over,"over, chance 55%+",indoors,40-45,-9.5,-0.102,42-30,9.0,0.114,50-55,-10.5,-0.091,132-130,-11.0,-0.038,False,-0.102,,,,,,,,,,,,,,,,,
,,,,,,,,,,p3_rules,,,,,,,,,,,,,,,,,,,,,,,,,,,,,,,,,,,,,,,,,,,,,,,,,,,,,,,,,,,,,,,,,,,,,,,,,,,,,,,,,,,,,,,,p_over_emp (live),over,"over, chance 55%+",outdoors,81-79,-5.9,-0.034,62-78,-23.8,-0.155,82-68,7.2,0.044,225-225,-22.5,-0.045,False,-0.155,,,,,,,,,,,,,,,,,
,,,,,,,,,,p3_rules,,,,,,,,,,,,,,,,,,,,,,,,,,,,,,,,,,,,,,,,,,,,,,,,,,,,,,,,,,,,,,,,,,,,,,,,,,,,,,,,,,,,,,,,p_over_emp (live),over,"over, chance 55%+",line 47+,18-22,-6.2,-0.141,20-19,-0.9,-0.021,14-11,1.9,0.069,52-52,-5.2,-0.045,False,-0.141,,,,,,,,,,,,,,,,,
,,,,,,,,,,p3_rules,,,,,,,,,,,,,,,,,,,,,,,,,,,,,,,,,,,,,,,,,,,,,,,,,,,,,,,,,,,,,,,,,,,,,,,,,,,,,,,,,,,,,,,,p_over_emp (live),over,"over, chance 55%+",line under 43,58-49,4.1,0.035,40-40,-4.0,-0.045,82-63,12.7,0.08,180-152,12.8,0.035,False,-0.045,,,,,,,,,,,,,,,,,
,,,,,,,,,,p3_rules,,,,,,,,,,,,,,,,,,,,,,,,,,,,,,,,,,,,,,,,,,,,,,,,,,,,,,,,,,,,,,,,,,,,,,,,,,,,,,,,,,,,,,,,p_over_emp (live),over,"over, chance 55%+",primetime,26-21,2.9,0.056,14-25,-13.5,-0.315,31-32,-4.2,-0.061,71-78,-14.8,-0.09,False,-0.315,,,,,,,,,,,,,,,,,
,,,,,,,,,,p3_rules,,,,,,,,,,,,,,,,,,,,,,,,,,,,,,,,,,,,,,,,,,,,,,,,,,,,,,,,,,,,,,,,,,,,,,,,,,,,,,,,,,,,,,,,p_over_emp (live),over,"over, chance 55%+",day games,95-103,-18.3,-0.084,90-83,-1.3,-0.007,101-91,0.9,0.004,286-277,-18.7,-0.03,False,-0.084,,,,,,,,,,,,,,,,,
,,,,,,,,,,p3_rules,,,,,,,,,,,,,,,,,,,,,,,,,,,,,,,,,,,,,,,,,,,,,,,,,,,,,,,,,,,,,,,,,,,,,,,,,,,,,,,,,,,,,,,,p_over_emp (live),over,"over, chance 55%+",division,53-52,-4.2,-0.036,47-44,-1.4,-0.014,46-45,-3.5,-0.035,146-141,-9.1,-0.029,False,-0.036,,,,,,,,,,,,,,,,,
,,,,,,,,,,p3_rules,,,,,,,,,,,,,,,,,,,,,,,,,,,,,,,,,,,,,,,,,,,,,,,,,,,,,,,,,,,,,,,,,,,,,,,,,,,,,,,,,,,,,,,,p_over_emp (live),over,"over, chance 55%+",weeks 1-8,42-42,-4.2,-0.045,36-40,-8.0,-0.096,61-58,-2.8,-0.021,139-140,-15.0,-0.049,False,-0.096,,,,,,,,,,,,,,,,,
,,,,,,,,,,p3_rules,,,,,,,,,,,,,,,,,,,,,,,,,,,,,,,,,,,,,,,,,,,,,,,,,,,,,,,,,,,,,,,,,,,,,,,,,,,,,,,,,,,,,,,,p_over_emp (live),over,"over, chance 55%+",weeks 9-17,79-82,-11.2,-0.063,68-68,-6.8,-0.045,71-65,-0.5,-0.003,218-215,-18.5,-0.039,False,-0.063,,,,,,,,,,,,,,,,,
,,,,,,,,,,p3_rules,,,,,,,,,,,,,,,,,,,,,,,,,,,,,,,,,,,,,,,,,,,,,,,,,,,,,,,,,,,,,,,,,,,,,,,,,,,,,,,,,,,,,,,,p_over_emp (live),over,"over, chance 58%+",all,71-65,-0.5,-0.003,68-69,-7.9,-0.052,78-78,-7.8,-0.045,217-212,-16.2,-0.034,False,-0.052,,,,,,,,,,,,,,,,,
,,,,,,,,,,p3_rules,,,,,,,,,,,,,,,,,,,,,,,,,,,,,,,,,,,,,,,,,,,,,,,,,,,,,,,,,,,,,,,,,,,,,,,,,,,,,,,,,,,,,,,,p_over_emp (live),over,"over, chance 58%+",indoors,21-27,-8.7,-0.165,28-21,4.9,0.091,31-33,-5.3,-0.075,80-81,-9.1,-0.051,False,-0.165,,,,,,,,,,,,,,,,,
,,,,,,,,,,p3_rules,,,,,,,,,,,,,,,,,,,,,,,,,,,,,,,,,,,,,,,,,,,,,,,,,,,,,,,,,,,,,,,,,,,,,,,,,,,,,,,,,,,,,,,,p_over_emp (live),over,"over, chance 58%+",outdoors,50-38,8.2,0.085,40-48,-12.8,-0.132,47-45,-2.5,-0.025,137-131,-7.1,-0.024,False,-0.132,,,,,,,,,,,,,,,,,
,,,,,,,,,,p3_rules,,,,,,,,,,,,,,,,,,,,,,,,,,,,,,,,,,,,,,,,,,,,,,,,,,,,,,,,,,,,,,,,,,,,,,,,,,,,,,,,,,,,,,,,p_over_emp (live),over,"over, chance 58%+",line 47+,4-8,-4.8,-0.364,7-10,-4.0,-0.214,4-5,-1.5,-0.152,15-23,-10.3,-0.246,False,-9.0,,,,,,,,,,,,,,,,,
,,,,,,,,,,p3_rules,,,,,,,,,,,,,,,,,,,,,,,,,,,,,,,,,,,,,,,,,,,,,,,,,,,,,,,,,,,,,,,,,,,,,,,,,,,,,,,,,,,,,,,,p_over_emp (live),over,"over, chance 58%+",line under 43,38-34,0.6,0.008,31-30,-2.0,-0.03,51-40,7.0,0.07,120-104,5.6,0.023,False,-0.03,,,,,,,,,,,,,,,,,
,,,,,,,,,,p3_rules,,,,,,,,,,,,,,,,,,,,,,,,,,,,,,,,,,,,,,,,,,,,,,,,,,,,,,,,,,,,,,,,,,,,,,,,,,,,,,,,,,,,,,,,p_over_emp (live),over,"over, chance 58%+",primetime,18-10,7.0,0.227,7-17,-11.7,-0.443,17-23,-8.3,-0.189,42-50,-13.0,-0.128,False,-0.443,,,,,,,,,,,,,,,,,
,,,,,,,,,,p3_rules,,,,,,,,,,,,,,,,,,,,,,,,,,,,,,,,,,,,,,,,,,,,,,,,,,,,,,,,,,,,,,,,,,,,,,,,,,,,,,,,,,,,,,,,p_over_emp (live),over,"over, chance 58%+",day games,53-55,-7.5,-0.063,61-52,3.8,0.031,61-55,0.5,0.004,175-162,-3.2,-0.009,False,-0.063,,,,,,,,,,,,,,,,,
,,,,,,,,,,p3_rules,,,,,,,,,,,,,,,,,,,,,,,,,,,,,,,,,,,,,,,,,,,,,,,,,,,,,,,,,,,,,,,,,,,,,,,,,,,,,,,,,,,,,,,,p_over_emp (live),over,"over, chance 58%+",division,30-31,-4.1,-0.061,33-32,-2.2,-0.031,34-26,5.4,0.082,97-89,-0.9,-0.004,False,-0.061,,,,,,,,,,,,,,,,,
,,,,,,,,,,p3_rules,,,,,,,,,,,,,,,,,,,,,,,,,,,,,,,,,,,,,,,,,,,,,,,,,,,,,,,,,,,,,,,,,,,,,,,,,,,,,,,,,,,,,,,,p_over_emp (live),over,"over, chance 58%+",weeks 1-8,24-17,5.3,0.118,25-22,0.8,0.015,32-41,-13.1,-0.163,81-80,-7.0,-0.04,False,-0.163,,,,,,,,,,,,,,,,,
,,,,,,,,,,p3_rules,,,,,,,,,,,,,,,,,,,,,,,,,,,,,,,,,,,,,,,,,,,,,,,,,,,,,,,,,,,,,,,,,,,,,,,,,,,,,,,,,,,,,,,,p_over_emp (live),over,"over, chance 58%+",weeks 9-17,47-48,-5.8,-0.056,43-47,-8.7,-0.088,46-37,5.3,0.058,136-132,-9.2,-0.031,False,-0.088,,,,,,,,,,,,,,,,,
,,,,,,,,,,p3_rules,,,,,,,,,,,,,,,,,,,,,,,,,,,,,,,,,,,,,,,,,,,,,,,,,,,,,,,,,,,,,,,,,,,,,,,,,,,,,,,,,,,,,,,,p_over_emp (live),over,"over, chance 60%+",all,57-45,7.5,0.067,36-40,-8.0,-0.096,46-47,-5.7,-0.056,139-132,-6.2,-0.021,False,-0.096,,,,,,,,,,,,,,,,,
,,,,,,,,,,p3_rules,,,,,,,,,,,,,,,,,,,,,,,,,,,,,,,,,,,,,,,,,,,,,,,,,,,,,,,,,,,,,,,,,,,,,,,,,,,,,,,,,,,,,,,,p_over_emp (live),over,"over, chance 60%+",indoors,19-16,1.4,0.036,13-15,-3.5,-0.114,21-22,-3.2,-0.068,53-53,-5.3,-0.045,False,-0.114,,,,,,,,,,,,,,,,,
,,,,,,,,,,p3_rules,,,,,,,,,,,,,,,,,,,,,,,,,,,,,,,,,,,,,,,,,,,,,,,,,,,,,,,,,,,,,,,,,,,,,,,,,,,,,,,,,,,,,,,,p_over_emp (live),over,"over, chance 60%+",outdoors,38-29,6.1,0.083,23-25,-4.5,-0.085,25-25,-2.5,-0.045,86-79,-0.9,-0.005,False,-0.085,,,,,,,,,,,,,,,,,
,,,,,,,,,,p3_rules,,,,,,,,,,,,,,,,,,,,,,,,,,,,,,,,,,,,,,,,,,,,,,,,,,,,,,,,,,,,,,,,,,,,,,,,,,,,,,,,,,,,,,,,p_over_emp (live),over,"over, chance 60%+",line 47+,2-4,-2.4,-0.364,2-4,-2.4,-0.364,1-3,-2.3,-0.523,5-11,-7.1,-0.403,False,-9.0,,,,,,,,,,,,,,,,,
,,,,,,,,,,p3_rules,,,,,,,,,,,,,,,,,,,,,,,,,,,,,,,,,,,,,,,,,,,,,,,,,,,,,,,,,,,,,,,,,,,,,,,,,,,,,,,,,,,,,,,,p_over_emp (live),over,"over, chance 60%+",line under 43,31-25,3.5,0.057,18-16,0.4,0.011,33-27,3.3,0.05,82-68,7.2,0.044,True,0.011,,,,,,,,,,,,,,,,,
,,,,,,,,,,p3_rules,,,,,,,,,,,,,,,,,,,,,,,,,,,,,,,,,,,,,,,,,,,,,,,,,,,,,,,,,,,,,,,,,,,,,,,,,,,,,,,,,,,,,,,,p_over_emp (live),over,"over, chance 60%+",primetime,13-9,3.1,0.128,3-7,-4.7,-0.427,11-12,-2.2,-0.087,27-28,-3.8,-0.063,False,-9.0,,,,,,,,,,,,,,,,,
,,,,,,,,,,p3_rules,,,,,,,,,,,,,,,,,,,,,,,,,,,,,,,,,,,,,,,,,,,,,,,,,,,,,,,,,,,,,,,,,,,,,,,,,,,,,,,,,,,,,,,,p_over_emp (live),over,"over, chance 60%+",day games,44-36,4.4,0.05,33-33,-3.3,-0.045,35-35,-3.5,-0.045,112-104,-2.4,-0.01,False,-0.045,,,,,,,,,,,,,,,,,
,,,,,,,,,,p3_rules,,,,,,,,,,,,,,,,,,,,,,,,,,,,,,,,,,,,,,,,,,,,,,,,,,,,,,,,,,,,,,,,,,,,,,,,,,,,,,,,,,,,,,,,p_over_emp (live),over,"over, chance 60%+",division,21-27,-8.7,-0.165,15-16,-2.6,-0.076,20-17,1.3,0.032,56-60,-10.0,-0.078,False,-0.165,,,,,,,,,,,,,,,,,
,,,,,,,,,,p3_rules,,,,,,,,,,,,,,,,,,,,,,,,,,,,,,,,,,,,,,,,,,,,,,,,,,,,,,,,,,,,,,,,,,,,,,,,,,,,,,,,,,,,,,,,p_over_emp (live),over,"over, chance 60%+",weeks 1-8,22-9,12.1,0.355,11-8,2.2,0.105,14-24,-12.4,-0.297,47-41,1.9,0.02,False,-0.297,,,,,,,,,,,,,,,,,
,,,,,,,,,,p3_rules,,,,,,,,,,,,,,,,,,,,,,,,,,,,,,,,,,,,,,,,,,,,,,,,,,,,,,,,,,,,,,,,,,,,,,,,,,,,,,,,,,,,,,,,p_over_emp (live),over,"over, chance 60%+",weeks 9-17,35-36,-4.6,-0.059,25-32,-10.2,-0.163,32-23,6.7,0.111,92-91,-8.1,-0.04,False,-0.163,,,,,,,,,,,,,,,,,
,,,,,,,,,,p3_rules,,,,,,,,,,,,,,,,,,,,,,,,,,,,,,,,,,,,,,,,,,,,,,,,,,,,,,,,,,,,,,,,,,,,,,,,,,,,,,,,,,,,,,,,p_over_emp (live),over,"over, chance 65%+",all,13-12,-0.2,-0.007,11-7,3.3,0.167,10-8,1.2,0.061,34-27,4.3,0.064,False,-0.007,,,,,,,,,,,,,,,,,
,,,,,,,,,,p3_rules,,,,,,,,,,,,,,,,,,,,,,,,,,,,,,,,,,,,,,,,,,,,,,,,,,,,,,,,,,,,,,,,,,,,,,,,,,,,,,,,,,,,,,,,p_over_emp (live),over,"over, chance 65%+",indoors,5-4,0.6,0.061,5-4,0.6,0.061,6-3,2.7,0.273,16-11,3.9,0.131,False,-9.0,,,,,,,,,,,,,,,,,
,,,,,,,,,,p3_rules,,,,,,,,,,,,,,,,,,,,,,,,,,,,,,,,,,,,,,,,,,,,,,,,,,,,,,,,,,,,,,,,,,,,,,,,,,,,,,,,,,,,,,,,p_over_emp (live),over,"over, chance 65%+",outdoors,8-8,-0.8,-0.045,6-3,2.7,0.273,4-5,-1.5,-0.152,18-16,0.4,0.011,False,-9.0,,,,,,,,,,,,,,,,,
,,,,,,,,,,p3_rules,,,,,,,,,,,,,,,,,,,,,,,,,,,,,,,,,,,,,,,,,,,,,,,,,,,,,,,,,,,,,,,,,,,,,,,,,,,,,,,,,,,,,,,,p_over_emp (live),over,"over, chance 65%+",line 47+,0-2,-2.2,-1.0,1-0,1.0,0.909,1-1,-0.1,-0.045,2-3,-1.3,-0.236,False,-9.0,,,,,,,,,,,,,,,,,
,,,,,,,,,,p3_rules,,,,,,,,,,,,,,,,,,,,,,,,,,,,,,,,,,,,,,,,,,,,,,,,,,,,,,,,,,,,,,,,,,,,,,,,,,,,,,,,,,,,,,,,p_over_emp (live),over,"over, chance 65%+",line under 43,7-8,-1.8,-0.109,6-4,1.6,0.145,6-7,-1.7,-0.119,19-19,-1.9,-0.045,False,-9.0,,,,,,,,,,,,,,,,,
,,,,,,,,,,p3_rules,,,,,,,,,,,,,,,,,,,,,,,,,,,,,,,,,,,,,,,,,,,,,,,,,,,,,,,,,,,,,,,,,,,,,,,,,,,,,,,,,,,,,,,,p_over_emp (live),over,"over, chance 65%+",primetime,3-3,-0.3,-0.045,2-2,-0.2,-0.045,1-0,1.0,0.909,6-5,0.5,0.041,False,-9.0,,,,,,,,,,,,,,,,,
,,,,,,,,,,p3_rules,,,,,,,,,,,,,,,,,,,,,,,,,,,,,,,,,,,,,,,,,,,,,,,,,,,,,,,,,,,,,,,,,,,,,,,,,,,,,,,,,,,,,,,,p_over_emp (live),over,"over, chance 65%+",day games,10-9,0.1,0.005,9-5,3.5,0.227,9-8,0.2,0.011,28-22,3.8,0.069,False,-9.0,,,,,,,,,,,,,,,,,
,,,,,,,,,,p3_rules,,,,,,,,,,,,,,,,,,,,,,,,,,,,,,,,,,,,,,,,,,,,,,,,,,,,,,,,,,,,,,,,,,,,,,,,,,,,,,,,,,,,,,,,p_over_emp (live),over,"over, chance 65%+",division,6-6,-0.6,-0.045,5-3,1.7,0.193,5-4,0.6,0.061,16-13,1.7,0.053,False,-9.0,,,,,,,,,,,,,,,,,
,,,,,,,,,,p3_rules,,,,,,,,,,,,,,,,,,,,,,,,,,,,,,,,,,,,,,,,,,,,,,,,,,,,,,,,,,,,,,,,,,,,,,,,,,,,,,,,,,,,,,,,p_over_emp (live),over,"over, chance 65%+",weeks 1-8,3-2,0.8,0.145,4-1,2.9,0.527,5-5,-0.5,-0.045,12-8,3.2,0.145,False,-9.0,,,,,,,,,,,,,,,,,
,,,,,,,,,,p3_rules,,,,,,,,,,,,,,,,,,,,,,,,,,,,,,,,,,,,,,,,,,,,,,,,,,,,,,,,,,,,,,,,,,,,,,,,,,,,,,,,,,,,,,,,p_over_emp (live),over,"over, chance 65%+",weeks 9-17,10-10,-1.0,-0.045,7-6,0.4,0.028,5-3,1.7,0.193,22-19,1.1,0.024,False,-9.0,,,,,,,,,,,,,,,,,
,,,,,,,,,,p3_rules,,,,,,,,,,,,,,,,,,,,,,,,,,,,,,,,,,,,,,,,,,,,,,,,,,,,,,,,,,,,,,,,,,,,,,,,,,,,,,,,,,,,,,,,p_over_emp (live),over,"over, edge 2+",all,136-134,-11.4,-0.038,108-113,-16.3,-0.067,143-137,-7.7,-0.025,387-384,-35.4,-0.042,False,-0.067,,,,,,,,,,,,,,,,,
,,,,,,,,,,p3_rules,,,,,,,,,,,,,,,,,,,,,,,,,,,,,,,,,,,,,,,,,,,,,,,,,,,,,,,,,,,,,,,,,,,,,,,,,,,,,,,,,,,,,,,,p_over_emp (live),over,"over, edge 2+",indoors,41-49,-12.9,-0.13,43-32,7.8,0.095,54-64,-16.4,-0.126,138-145,-21.5,-0.069,False,-0.13,,,,,,,,,,,,,,,,,
,,,,,,,,,,p3_rules,,,,,,,,,,,,,,,,,,,,,,,,,,,,,,,,,,,,,,,,,,,,,,,,,,,,,,,,,,,,,,,,,,,,,,,,,,,,,,,,,,,,,,,,p_over_emp (live),over,"over, edge 2+",outdoors,95-85,1.5,0.008,65-81,-24.1,-0.15,89-73,8.7,0.049,249-239,-13.9,-0.026,False,-0.15,,,,,,,,,,,,,,,,,
,,,,,,,,,,p3_rules,,,,,,,,,,,,,,,,,,,,,,,,,,,,,,,,,,,,,,,,,,,,,,,,,,,,,,,,,,,,,,,,,,,,,,,,,,,,,,,,,,,,,,,,p_over_emp (live),over,"over, edge 2+",line 47+,21-24,-5.4,-0.109,18-19,-2.9,-0.071,15-13,0.7,0.023,54-56,-7.6,-0.063,False,-0.109,,,,,,,,,,,,,,,,,
,,,,,,,,,,p3_rules,,,,,,,,,,,,,,,,,,,,,,,,,,,,,,,,,,,,,,,,,,,,,,,,,,,,,,,,,,,,,,,,,,,,,,,,,,,,,,,,,,,,,,,,p_over_emp (live),over,"over, edge 2+",line under 43,62-51,5.9,0.047,44-45,-5.5,-0.056,87-66,14.4,0.086,193-162,14.8,0.038,False,-0.056,,,,,,,,,,,,,,,,,
,,,,,,,,,,p3_rules,,,,,,,,,,,,,,,,,,,,,,,,,,,,,,,,,,,,,,,,,,,,,,,,,,,,,,,,,,,,,,,,,,,,,,,,,,,,,,,,,,,,,,,,p_over_emp (live),over,"over, edge 2+",primetime,30-23,4.7,0.081,14-27,-15.7,-0.348,32-34,-5.4,-0.074,76-84,-16.4,-0.093,False,-0.348,,,,,,,,,,,,,,,,,
,,,,,,,,,,p3_rules,,,,,,,,,,,,,,,,,,,,,,,,,,,,,,,,,,,,,,,,,,,,,,,,,,,,,,,,,,,,,,,,,,,,,,,,,,,,,,,,,,,,,,,,p_over_emp (live),over,"over, edge 2+",day games,106-111,-16.1,-0.067,94-86,-0.6,-0.003,111-103,-2.3,-0.01,311-300,-19.0,-0.028,False,-0.067,,,,,,,,,,,,,,,,,
,,,,,,,,,,p3_rules,,,,,,,,,,,,,,,,,,,,,,,,,,,,,,,,,,,,,,,,,,,,,,,,,,,,,,,,,,,,,,,,,,,,,,,,,,,,,,,,,,,,,,,,p_over_emp (live),over,"over, edge 2+",division,63-56,1.4,0.011,47-48,-5.8,-0.056,50-51,-6.1,-0.055,160-155,-10.5,-0.03,False,-0.056,,,,,,,,,,,,,,,,,
,,,,,,,,,,p3_rules,,,,,,,,,,,,,,,,,,,,,,,,,,,,,,,,,,,,,,,,,,,,,,,,,,,,,,,,,,,,,,,,,,,,,,,,,,,,,,,,,,,,,,,,p_over_emp (live),over,"over, edge 2+",weeks 1-8,50-47,-1.7,-0.016,39-44,-9.4,-0.103,67-64,-3.4,-0.024,156-155,-14.5,-0.042,False,-0.103,,,,,,,,,,,,,,,,,
,,,,,,,,,,p3_rules,,,,,,,,,,,,,,,,,,,,,,,,,,,,,,,,,,,,,,,,,,,,,,,,,,,,,,,,,,,,,,,,,,,,,,,,,,,,,,,,,,,,,,,,p_over_emp (live),over,"over, edge 2+",weeks 9-17,86-87,-9.7,-0.051,69-69,-6.9,-0.045,76-73,-4.3,-0.026,231-229,-20.9,-0.041,False,-0.051,,,,,,,,,,,,,,,,,
,,,,,,,,,,p3_rules,,,,,,,,,,,,,,,,,,,,,,,,,,,,,,,,,,,,,,,,,,,,,,,,,,,,,,,,,,,,,,,,,,,,,,,,,,,,,,,,,,,,,,,,p_over_emp (live),over,"over, edge 3+",all,70-66,-2.6,-0.017,61-65,-10.5,-0.076,86-85,-7.5,-0.04,217-216,-20.6,-0.043,False,-0.076,,,,,,,,,,,,,,,,,
,,,,,,,,,,p3_rules,,,,,,,,,,,,,,,,,,,,,,,,,,,,,,,,,,,,,,,,,,,,,,,,,,,,,,,,,,,,,,,,,,,,,,,,,,,,,,,,,,,,,,,,p_over_emp (live),over,"over, edge 3+",indoors,21-27,-8.7,-0.165,24-20,2.0,0.041,34-34,-3.4,-0.045,79-81,-10.1,-0.057,False,-0.165,,,,,,,,,,,,,,,,,
,,,,,,,,,,p3_rules,,,,,,,,,,,,,,,,,,,,,,,,,,,,,,,,,,,,,,,,,,,,,,,,,,,,,,,,,,,,,,,,,,,,,,,,,,,,,,,,,,,,,,,,p_over_emp (live),over,"over, edge 3+",outdoors,49-39,6.1,0.063,37-45,-12.5,-0.139,52-51,-4.1,-0.036,138-135,-10.5,-0.035,False,-0.139,,,,,,,,,,,,,,,,,
,,,,,,,,,,p3_rules,,,,,,,,,,,,,,,,,,,,,,,,,,,,,,,,,,,,,,,,,,,,,,,,,,,,,,,,,,,,,,,,,,,,,,,,,,,,,,,,,,,,,,,,p_over_emp (live),over,"over, edge 3+",line 47+,4-8,-4.8,-0.364,6-10,-5.0,-0.284,5-7,-2.7,-0.205,15-25,-12.5,-0.284,False,-9.0,,,,,,,,,,,,,,,,,
,,,,,,,,,,p3_rules,,,,,,,,,,,,,,,,,,,,,,,,,,,,,,,,,,,,,,,,,,,,,,,,,,,,,,,,,,,,,,,,,,,,,,,,,,,,,,,,,,,,,,,,p_over_emp (live),over,"over, edge 3+",line under 43,38-35,-0.5,-0.006,29-30,-4.0,-0.062,57-43,9.7,0.088,124-108,5.2,0.02,False,-0.062,,,,,,,,,,,,,,,,,
,,,,,,,,,,p3_rules,,,,,,,,,,,,,,,,,,,,,,,,,,,,,,,,,,,,,,,,,,,,,,,,,,,,,,,,,,,,,,,,,,,,,,,,,,,,,,,,,,,,,,,,p_over_emp (live),over,"over, edge 3+",primetime,18-11,5.9,0.185,5-17,-13.7,-0.566,18-25,-9.5,-0.201,41-53,-17.3,-0.167,False,-0.566,,,,,,,,,,,,,,,,,
,,,,,,,,,,p3_rules,,,,,,,,,,,,,,,,,,,,,,,,,,,,,,,,,,,,,,,,,,,,,,,,,,,,,,,,,,,,,,,,,,,,,,,,,,,,,,,,,,,,,,,,p_over_emp (live),over,"over, edge 3+",day games,52-55,-8.5,-0.072,56-48,3.2,0.028,68-60,2.0,0.014,176-163,-3.3,-0.009,False,-0.072,,,,,,,,,,,,,,,,,
,,,,,,,,,,p3_rules,,,,,,,,,,,,,,,,,,,,,,,,,,,,,,,,,,,,,,,,,,,,,,,,,,,,,,,,,,,,,,,,,,,,,,,,,,,,,,,,,,,,,,,,p_over_emp (live),over,"over, edge 3+",division,28-32,-7.2,-0.109,31-30,-2.0,-0.03,34-30,1.0,0.014,93-92,-8.2,-0.04,False,-0.109,,,,,,,,,,,,,,,,,
,,,,,,,,,,p3_rules,,,,,,,,,,,,,,,,,,,,,,,,,,,,,,,,,,,,,,,,,,,,,,,,,,,,,,,,,,,,,,,,,,,,,,,,,,,,,,,,,,,,,,,,p_over_emp (live),over,"over, edge 3+",weeks 1-8,25-16,7.4,0.164,20-18,0.2,0.005,37-43,-10.3,-0.117,82-77,-2.7,-0.015,False,-0.117,,,,,,,,,,,,,,,,,
,,,,,,,,,,p3_rules,,,,,,,,,,,,,,,,,,,,,,,,,,,,,,,,,,,,,,,,,,,,,,,,,,,,,,,,,,,,,,,,,,,,,,,,,,,,,,,,,,,,,,,,p_over_emp (live),over,"over, edge 3+",weeks 9-17,45-50,-10.0,-0.096,41-47,-10.7,-0.111,49-42,2.8,0.028,135-139,-17.9,-0.059,False,-0.111,,,,,,,,,,,,,,,,,
,,,,,,,,,,p3_rules,,,,,,,,,,,,,,,,,,,,,,,,,,,,,,,,,,,,,,,,,,,,,,,,,,,,,,,,,,,,,,,,,,,,,,,,,,,,,,,,,,,,,,,,p_over_emp (live),over,"over, edge 4+",all,36-38,-5.8,-0.071,33-29,1.1,0.016,43-44,-5.4,-0.056,112-111,-10.1,-0.041,False,-0.071,,,,,,,,,,,,,,,,,
,,,,,,,,,,p3_rules,,,,,,,,,,,,,,,,,,,,,,,,,,,,,,,,,,,,,,,,,,,,,,,,,,,,,,,,,,,,,,,,,,,,,,,,,,,,,,,,,,,,,,,,p_over_emp (live),over,"over, edge 4+",indoors,7-14,-8.4,-0.364,12-12,-1.2,-0.045,20-21,-3.1,-0.069,39-47,-12.7,-0.134,False,-0.364,,,,,,,,,,,,,,,,,
,,,,,,,,,,p3_rules,,,,,,,,,,,,,,,,,,,,,,,,,,,,,,,,,,,,,,,,,,,,,,,,,,,,,,,,,,,,,,,,,,,,,,,,,,,,,,,,,,,,,,,,p_over_emp (live),over,"over, edge 4+",outdoors,29-24,2.6,0.045,21-17,2.3,0.055,23-23,-2.3,-0.045,73-64,2.6,0.017,False,-0.045,,,,,,,,,,,,,,,,,
,,,,,,,,,,p3_rules,,,,,,,,,,,,,,,,,,,,,,,,,,,,,,,,,,,,,,,,,,,,,,,,,,,,,,,,,,,,,,,,,,,,,,,,,,,,,,,,,,,,,,,,p_over_emp (live),over,"over, edge 4+",line 47+,0-3,-3.3,-1.0,2-3,-1.3,-0.236,1-3,-2.3,-0.523,3-9,-6.9,-0.523,False,-9.0,,,,,,,,,,,,,,,,,
,,,,,,,,,,p3_rules,,,,,,,,,,,,,,,,,,,,,,,,,,,,,,,,,,,,,,,,,,,,,,,,,,,,,,,,,,,,,,,,,,,,,,,,,,,,,,,,,,,,,,,,p_over_emp (live),over,"over, edge 4+",line under 43,19-21,-4.1,-0.093,17-10,6.0,0.202,31-26,2.4,0.038,67-57,4.3,0.032,False,-0.093,,,,,,,,,,,,,,,,,
,,,,,,,,,,p3_rules,,,,,,,,,,,,,,,,,,,,,,,,,,,,,,,,,,,,,,,,,,,,,,,,,,,,,,,,,,,,,,,,,,,,,,,,,,,,,,,,,,,,,,,,p_over_emp (live),over,"over, edge 4+",primetime,5-7,-2.7,-0.205,3-4,-1.4,-0.182,11-10,0.0,0.0,19-21,-4.1,-0.093,False,-9.0,,,,,,,,,,,,,,,,,
,,,,,,,,,,p3_rules,,,,,,,,,,,,,,,,,,,,,,,,,,,,,,,,,,,,,,,,,,,,,,,,,,,,,,,,,,,,,,,,,,,,,,,,,,,,,,,,,,,,,,,,p_over_emp (live),over,"over, edge 4+",day games,31-31,-3.1,-0.045,30-25,2.5,0.041,32-34,-5.4,-0.074,93-90,-6.0,-0.03,False,-0.074,,,,,,,,,,,,,,,,,
,,,,,,,,,,p3_rules,,,,,,,,,,,,,,,,,,,,,,,,,,,,,,,,,,,,,,,,,,,,,,,,,,,,,,,,,,,,,,,,,,,,,,,,,,,,,,,,,,,,,,,,p_over_emp (live),over,"over, edge 4+",division,12-24,-14.4,-0.364,14-12,0.8,0.028,20-16,2.4,0.061,46-52,-11.2,-0.104,False,-0.364,,,,,,,,,,,,,,,,,
,,,,,,,,,,p3_rules,,,,,,,,,,,,,,,,,,,,,,,,,,,,,,,,,,,,,,,,,,,,,,,,,,,,,,,,,,,,,,,,,,,,,,,,,,,,,,,,,,,,,,,,p_over_emp (live),over,"over, edge 4+",weeks 1-8,10-8,1.2,0.061,10-5,4.5,0.273,13-22,-11.2,-0.291,33-35,-5.5,-0.074,False,-0.291,,,,,,,,,,,,,,,,,
,,,,,,,,,,p3_rules,,,,,,,,,,,,,,,,,,,,,,,,,,,,,,,,,,,,,,,,,,,,,,,,,,,,,,,,,,,,,,,,,,,,,,,,,,,,,,,,,,,,,,,,p_over_emp (live),over,"over, edge 4+",weeks 9-17,26-30,-7.0,-0.114,23-24,-3.4,-0.066,30-22,5.8,0.101,79-76,-4.6,-0.027,False,-0.114,,,,,,,,,,,,,,,,,
,,,,,,,,,,p3_rules,,,,,,,,,,,,,,,,,,,,,,,,,,,,,,,,,,,,,,,,,,,,,,,,,,,,,,,,,,,,,,,,,,,,,,,,,,,,,,,,,,,,,,,,p_over_emp (live),over,"over, edge 5+",all,19-20,-3.0,-0.07,15-11,2.9,0.101,14-16,-3.6,-0.109,48-47,-3.7,-0.035,False,-0.109,,,,,,,,,,,,,,,,,
,,,,,,,,,,p3_rules,,,,,,,,,,,,,,,,,,,,,,,,,,,,,,,,,,,,,,,,,,,,,,,,,,,,,,,,,,,,,,,,,,,,,,,,,,,,,,,,,,,,,,,,p_over_emp (live),over,"over, edge 5+",indoors,7-5,1.5,0.114,9-7,1.3,0.074,8-9,-1.9,-0.102,24-21,0.9,0.018,False,-9.0,,,,,,,,,,,,,,,,,
,,,,,,,,,,p3_rules,,,,,,,,,,,,,,,,,,,,,,,,,,,,,,,,,,,,,,,,,,,,,,,,,,,,,,,,,,,,,,,,,,,,,,,,,,,,,,,,,,,,,,,,p_over_emp (live),over,"over, edge 5+",outdoors,12-15,-4.5,-0.152,6-4,1.6,0.145,6-7,-1.7,-0.119,24-26,-4.6,-0.084,False,-9.0,,,,,,,,,,,,,,,,,
,,,,,,,,,,p3_rules,,,,,,,,,,,,,,,,,,,,,,,,,,,,,,,,,,,,,,,,,,,,,,,,,,,,,,,,,,,,,,,,,,,,,,,,,,,,,,,,,,,,,,,,p_over_emp (live),over,"over, edge 5+",line 47+,0-3,-3.3,-1.0,1-0,1.0,0.909,1-1,-0.1,-0.045,2-4,-2.4,-0.364,False,-9.0,,,,,,,,,,,,,,,,,
,,,,,,,,,,p3_rules,,,,,,,,,,,,,,,,,,,,,,,,,,,,,,,,,,,,,,,,,,,,,,,,,,,,,,,,,,,,,,,,,,,,,,,,,,,,,,,,,,,,,,,,p_over_emp (live),over,"over, edge 5+",line under 43,11-12,-2.2,-0.087,8-5,2.5,0.175,9-11,-3.1,-0.141,28-28,-2.8,-0.045,False,-9.0,,,,,,,,,,,,,,,,,
,,,,,,,,,,p3_rules,,,,,,,,,,,,,,,,,,,,,,,,,,,,,,,,,,,,,,,,,,,,,,,,,,,,,,,,,,,,,,,,,,,,,,,,,,,,,,,,,,,,,,,,p_over_emp (live),over,"over, edge 5+",primetime,3-4,-1.4,-0.182,2-3,-1.3,-0.236,2-3,-1.3,-0.236,7-10,-4.0,-0.214,False,-9.0,,,,,,,,,,,,,,,,,
,,,,,,,,,,p3_rules,,,,,,,,,,,,,,,,,,,,,,,,,,,,,,,,,,,,,,,,,,,,,,,,,,,,,,,,,,,,,,,,,,,,,,,,,,,,,,,,,,,,,,,,p_over_emp (live),over,"over, edge 5+",day games,16-16,-1.6,-0.045,13-8,4.2,0.182,12-13,-2.3,-0.084,41-37,0.3,0.003,False,-0.084,,,,,,,,,,,,,,,,,
,,,,,,,,,,p3_rules,,,,,,,,,,,,,,,,,,,,,,,,,,,,,,,,,,,,,,,,,,,,,,,,,,,,,,,,,,,,,,,,,,,,,,,,,,,,,,,,,,,,,,,,p_over_emp (live),over,"over, edge 5+",division,7-12,-6.2,-0.297,5-3,1.7,0.193,6-7,-1.7,-0.119,18-22,-6.2,-0.141,False,-9.0,,,,,,,,,,,,,,,,,
,,,,,,,,,,p3_rules,,,,,,,,,,,,,,,,,,,,,,,,,,,,,,,,,,,,,,,,,,,,,,,,,,,,,,,,,,,,,,,,,,,,,,,,,,,,,,,,,,,,,,,,p_over_emp (live),over,"over, edge 5+",weeks 1-8,5-4,0.6,0.061,5-1,3.9,0.591,5-11,-7.1,-0.403,15-16,-2.6,-0.076,False,-9.0,,,,,,,,,,,,,,,,,
,,,,,,,,,,p3_rules,,,,,,,,,,,,,,,,,,,,,,,,,,,,,,,,,,,,,,,,,,,,,,,,,,,,,,,,,,,,,,,,,,,,,,,,,,,,,,,,,,,,,,,,p_over_emp (live),over,"over, edge 5+",weeks 9-17,14-16,-3.6,-0.109,10-10,-1.0,-0.045,9-5,3.5,0.227,33-31,-1.1,-0.016,False,-9.0,,,,,,,,,,,,,,,,,
,,,,,,,,,,p3_rules,,,,,,,,,,,,,,,,,,,,,,,,,,,,,,,,,,,,,,,,,,,,,,,,,,,,,,,,,,,,,,,,,,,,,,,,,,,,,,,,,,,,,,,,p_over_emp (live),over,"over, edge 6+",all,11-8,2.2,0.105,9-4,4.6,0.322,6-5,0.5,0.041,26-17,7.3,0.154,False,-9.0,,,,,,,,,,,,,,,,,
,,,,,,,,,,p3_rules,,,,,,,,,,,,,,,,,,,,,,,,,,,,,,,,,,,,,,,,,,,,,,,,,,,,,,,,,,,,,,,,,,,,,,,,,,,,,,,,,,,,,,,,p_over_emp (live),over,"over, edge 6+",indoors,5-4,0.6,0.061,5-2,2.8,0.364,2-2,-0.2,-0.045,12-8,3.2,0.145,False,-9.0,,,,,,,,,,,,,,,,,
,,,,,,,,,,p3_rules,,,,,,,,,,,,,,,,,,,,,,,,,,,,,,,,,,,,,,,,,,,,,,,,,,,,,,,,,,,,,,,,,,,,,,,,,,,,,,,,,,,,,,,,p_over_emp (live),over,"over, edge 6+",outdoors,6-4,1.6,0.145,4-2,1.8,0.273,4-3,0.7,0.091,14-9,4.1,0.162,False,-9.0,,,,,,,,,,,,,,,,,
,,,,,,,,,,p3_rules,,,,,,,,,,,,,,,,,,,,,,,,,,,,,,,,,,,,,,,,,,,,,,,,,,,,,,,,,,,,,,,,,,,,,,,,,,,,,,,,,,,,,,,,p_over_emp (live),over,"over, edge 6+",line 47+,0-2,-2.2,-1.0,0-0,0.0,,0-1,-1.1,-1.0,0-3,-3.3,-1.0,False,-9.0,,,,,,,,,,,,,,,,,
,,,,,,,,,,p3_rules,,,,,,,,,,,,,,,,,,,,,,,,,,,,,,,,,,,,,,,,,,,,,,,,,,,,,,,,,,,,,,,,,,,,,,,,,,,,,,,,,,,,,,,,p_over_emp (live),over,"over, edge 6+",line under 43,6-5,0.5,0.041,5-2,2.8,0.364,5-4,0.6,0.061,16-11,3.9,0.131,False,-9.0,,,,,,,,,,,,,,,,,
,,,,,,,,,,p3_rules,,,,,,,,,,,,,,,,,,,,,,,,,,,,,,,,,,,,,,,,,,,,,,,,,,,,,,,,,,,,,,,,,,,,,,,,,,,,,,,,,,,,,,,,p_over_emp (live),over,"over, edge 6+",primetime,3-2,0.8,0.145,1-1,-0.1,-0.045,1-0,1.0,0.909,5-3,1.7,0.193,False,-9.0,,,,,,,,,,,,,,,,,
,,,,,,,,,,p3_rules,,,,,,,,,,,,,,,,,,,,,,,,,,,,,,,,,,,,,,,,,,,,,,,,,,,,,,,,,,,,,,,,,,,,,,,,,,,,,,,,,,,,,,,,p_over_emp (live),over,"over, edge 6+",day games,8-6,1.4,0.091,8-3,4.7,0.388,5-5,-0.5,-0.045,21-14,5.6,0.145,False,-9.0,,,,,,,,,,,,,,,,,
,,,,,,,,,,p3_rules,,,,,,,,,,,,,,,,,,,,,,,,,,,,,,,,,,,,,,,,,,,,,,,,,,,,,,,,,,,,,,,,,,,,,,,,,,,,,,,,,,,,,,,,p_over_emp (live),over,"over, edge 6+",division,5-3,1.7,0.193,4-2,1.8,0.273,4-2,1.8,0.273,13-7,5.3,0.241,False,-9.0,,,,,,,,,,,,,,,,,
,,,,,,,,,,p3_rules,,,,,,,,,,,,,,,,,,,,,,,,,,,,,,,,,,,,,,,,,,,,,,,,,,,,,,,,,,,,,,,,,,,,,,,,,,,,,,,,,,,,,,,,p_over_emp (live),over,"over, edge 6+",weeks 1-8,3-2,0.8,0.145,2-1,0.9,0.273,3-4,-1.4,-0.182,8-7,0.3,0.018,False,-9.0,,,,,,,,,,,,,,,,,
,,,,,,,,,,p3_rules,,,,,,,,,,,,,,,,,,,,,,,,,,,,,,,,,,,,,,,,,,,,,,,,,,,,,,,,,,,,,,,,,,,,,,,,,,,,,,,,,,,,,,,,p_over_emp (live),over,"over, edge 6+",weeks 9-17,8-6,1.4,0.091,7-3,3.7,0.336,3-1,1.9,0.432,18-10,7.0,0.227,False,-9.0,,,,,,,,,,,,,,,,,
,,,,,,,,,,p3_rules,,,,,,,,,,,,,,,,,,,,,,,,,,,,,,,,,,,,,,,,,,,,,,,,,,,,,,,,,,,,,,,,,,,,,,,,,,,,,,,,,,,,,,,,p_over_emp (live),over,"over, edge 3+ and chance 55%+",all,70-66,-2.6,-0.017,61-65,-10.5,-0.076,86-85,-7.5,-0.04,217-216,-20.6,-0.043,False,-0.076,,,,,,,,,,,,,,,,,
,,,,,,,,,,p3_rules,,,,,,,,,,,,,,,,,,,,,,,,,,,,,,,,,,,,,,,,,,,,,,,,,,,,,,,,,,,,,,,,,,,,,,,,,,,,,,,,,,,,,,,,p_over_emp (live),over,"over, edge 3+ and chance 55%+",indoors,21-27,-8.7,-0.165,24-20,2.0,0.041,34-34,-3.4,-0.045,79-81,-10.1,-0.057,False,-0.165,,,,,,,,,,,,,,,,,
,,,,,,,,,,p3_rules,,,,,,,,,,,,,,,,,,,,,,,,,,,,,,,,,,,,,,,,,,,,,,,,,,,,,,,,,,,,,,,,,,,,,,,,,,,,,,,,,,,,,,,,p_over_emp (live),over,"over, edge 3+ and chance 55%+",outdoors,49-39,6.1,0.063,37-45,-12.5,-0.139,52-51,-4.1,-0.036,138-135,-10.5,-0.035,False,-0.139,,,,,,,,,,,,,,,,,
,,,,,,,,,,p3_rules,,,,,,,,,,,,,,,,,,,,,,,,,,,,,,,,,,,,,,,,,,,,,,,,,,,,,,,,,,,,,,,,,,,,,,,,,,,,,,,,,,,,,,,,p_over_emp (live),over,"over, edge 3+ and chance 55%+",line 47+,4-8,-4.8,-0.364,6-10,-5.0,-0.284,5-7,-2.7,-0.205,15-25,-12.5,-0.284,False,-9.0,,,,,,,,,,,,,,,,,
,,,,,,,,,,p3_rules,,,,,,,,,,,,,,,,,,,,,,,,,,,,,,,,,,,,,,,,,,,,,,,,,,,,,,,,,,,,,,,,,,,,,,,,,,,,,,,,,,,,,,,,p_over_emp (live),over,"over, edge 3+ and chance 55%+",line under 43,38-35,-0.5,-0.006,29-30,-4.0,-0.062,57-43,9.7,0.088,124-108,5.2,0.02,False,-0.062,,,,,,,,,,,,,,,,,
,,,,,,,,,,p3_rules,,,,,,,,,,,,,,,,,,,,,,,,,,,,,,,,,,,,,,,,,,,,,,,,,,,,,,,,,,,,,,,,,,,,,,,,,,,,,,,,,,,,,,,,p_over_emp (live),over,"over, edge 3+ and chance 55%+",primetime,18-11,5.9,0.185,5-17,-13.7,-0.566,18-25,-9.5,-0.201,41-53,-17.3,-0.167,False,-0.566,,,,,,,,,,,,,,,,,
,,,,,,,,,,p3_rules,,,,,,,,,,,,,,,,,,,,,,,,,,,,,,,,,,,,,,,,,,,,,,,,,,,,,,,,,,,,,,,,,,,,,,,,,,,,,,,,,,,,,,,,p_over_emp (live),over,"over, edge 3+ and chance 55%+",day games,52-55,-8.5,-0.072,56-48,3.2,0.028,68-60,2.0,0.014,176-163,-3.3,-0.009,False,-0.072,,,,,,,,,,,,,,,,,
,,,,,,,,,,p3_rules,,,,,,,,,,,,,,,,,,,,,,,,,,,,,,,,,,,,,,,,,,,,,,,,,,,,,,,,,,,,,,,,,,,,,,,,,,,,,,,,,,,,,,,,p_over_emp (live),over,"over, edge 3+ and chance 55%+",division,28-32,-7.2,-0.109,31-30,-2.0,-0.03,34-30,1.0,0.014,93-92,-8.2,-0.04,False,-0.109,,,,,,,,,,,,,,,,,
,,,,,,,,,,p3_rules,,,,,,,,,,,,,,,,,,,,,,,,,,,,,,,,,,,,,,,,,,,,,,,,,,,,,,,,,,,,,,,,,,,,,,,,,,,,,,,,,,,,,,,,p_over_emp (live),over,"over, edge 3+ and chance 55%+",weeks 1-8,25-16,7.4,0.164,20-18,0.2,0.005,37-43,-10.3,-0.117,82-77,-2.7,-0.015,False,-0.117,,,,,,,,,,,,,,,,,
,,,,,,,,,,p3_rules,,,,,,,,,,,,,,,,,,,,,,,,,,,,,,,,,,,,,,,,,,,,,,,,,,,,,,,,,,,,,,,,,,,,,,,,,,,,,,,,,,,,,,,,p_over_emp (live),over,"over, edge 3+ and chance 55%+",weeks 9-17,45-50,-10.0,-0.096,41-47,-10.7,-0.111,49-42,2.8,0.028,135-139,-17.9,-0.059,False,-0.111,,,,,,,,,,,,,,,,,
,,,,,,,,,,p3_rules,,,,,,,,,,,,,,,,,,,,,,,,,,,,,,,,,,,,,,,,,,,,,,,,,,,,,,,,,,,,,,,,,,,,,,,,,,,,,,,,,,,,,,,,p_over_emp (live),under,"under, chance 52%+",all,216-203,-7.3,-0.016,245-201,23.9,0.049,132-114,6.6,0.024,593-518,23.2,0.019,False,-0.016,,,,,,,,,,,,,,,,,
,,,,,,,,,,p3_rules,,,,,,,,,,,,,,,,,,,,,,,,,,,,,,,,,,,,,,,,,,,,,,,,,,,,,,,,,,,,,,,,,,,,,,,,,,,,,,,,,,,,,,,,p_over_emp (live),under,"under, chance 53%+",all,189-176,-4.6,-0.011,222-187,16.3,0.036,116-100,6.0,0.025,527-463,17.7,0.016,False,-0.011,,,,,,,,,,,,,,,,,
,,,,,,,,,,p3_rules,,,,,,,,,,,,,,,,,,,,,,,,,,,,,,,,,,,,,,,,,,,,,,,,,,,,,,,,,,,,,,,,,,,,,,,,,,,,,,,,,,,,,,,,p_over_emp (live),under,"under, chance 54%+",all,161-155,-9.5,-0.027,192-157,19.3,0.05,93-83,1.7,0.009,446-395,11.5,0.012,False,-0.027,,,,,,,,,,,,,,,,,
,,,,,,,,,,p3_rules,,,,,,,,,,,,,,,,,,,,,,,,,,,,,,,,,,,,,,,,,,,,,,,,,,,,,,,,,,,,,,,,,,,,,,,,,,,,,,,,,,,,,,,,p_over_emp (live),under,"under, chance 55%+",all,135-127,-4.7,-0.016,175-128,34.2,0.103,71-59,6.1,0.043,381-314,35.6,0.047,False,-0.016,,,,,,,,,,,,,,,,,
,,,,,,,,,,p3_rules,,,,,,,,,,,,,,,,,,,,,,,,,,,,,,,,,,,,,,,,,,,,,,,,,,,,,,,,,,,,,,,,,,,,,,,,,,,,,,,,,,,,,,,,p_over_emp (live),under,"under, chance 55%+",indoors,22-16,4.4,0.105,30-33,-6.3,-0.091,19-12,5.8,0.17,71-61,3.9,0.027,False,-0.091,,,,,,,,,,,,,,,,,
,,,,,,,,,,p3_rules,,,,,,,,,,,,,,,,,,,,,,,,,,,,,,,,,,,,,,,,,,,,,,,,,,,,,,,,,,,,,,,,,,,,,,,,,,,,,,,,,,,,,,,,p_over_emp (live),under,"under, chance 55%+",outdoors,113-111,-9.1,-0.037,145-95,40.5,0.153,52-47,0.3,0.003,310-253,31.7,0.051,False,-0.037,,,,,,,,,,,,,,,,,
,,,,,,,,,,p3_rules,,,,,,,,,,,,,,,,,,,,,,,,,,,,,,,,,,,,,,,,,,,,,,,,,,,,,,,,,,,,,,,,,,,,,,,,,,,,,,,,,,,,,,,,p_over_emp (live),under,"under, chance 55%+",line 47+,75-69,-0.9,-0.006,105-86,10.4,0.05,36-30,3.0,0.041,216-185,12.5,0.028,False,-0.006,,,,,,,,,,,,,,,,,
,,,,,,,,,,p3_rules,,,,,,,,,,,,,,,,,,,,,,,,,,,,,,,,,,,,,,,,,,,,,,,,,,,,,,,,,,,,,,,,,,,,,,,,,,,,,,,,,,,,,,,,p_over_emp (live),under,"under, chance 55%+",line under 43,18-18,-1.8,-0.045,17-12,3.8,0.119,11-7,3.3,0.167,46-37,5.3,0.058,False,-0.045,,,,,,,,,,,,,,,,,
,,,,,,,,,,p3_rules,,,,,,,,,,,,,,,,,,,,,,,,,,,,,,,,,,,,,,,,,,,,,,,,,,,,,,,,,,,,,,,,,,,,,,,,,,,,,,,,,,,,,,,,p_over_emp (live),under,"under, chance 55%+",primetime,41-25,13.5,0.186,45-23,19.7,0.263,19-13,4.7,0.134,105-61,37.9,0.208,True,0.134,,,,,,,,,,,,,,,,,
,,,,,,,,,,p3_rules,,,,,,,,,,,,,,,,,,,,,,,,,,,,,,,,,,,,,,,,,,,,,,,,,,,,,,,,,,,,,,,,,,,,,,,,,,,,,,,,,,,,,,,,p_over_emp (live),under,"under, chance 55%+",day games,94-102,-18.2,-0.084,130-105,14.5,0.056,52-46,1.4,0.013,276-253,-2.3,-0.004,False,-0.084,,,,,,,,,,,,,,,,,
,,,,,,,,,,p3_rules,,,,,,,,,,,,,,,,,,,,,,,,,,,,,,,,,,,,,,,,,,,,,,,,,,,,,,,,,,,,,,,,,,,,,,,,,,,,,,,,,,,,,,,,p_over_emp (live),under,"under, chance 55%+",division,54-43,6.7,0.063,49-36,9.4,0.101,14-17,-4.7,-0.138,117-96,11.4,0.049,False,-0.138,,,,,,,,,,,,,,,,,
,,,,,,,,,,p3_rules,,,,,,,,,,,,,,,,,,,,,,,,,,,,,,,,,,,,,,,,,,,,,,,,,,,,,,,,,,,,,,,,,,,,,,,,,,,,,,,,,,,,,,,,p_over_emp (live),under,"under, chance 55%+",weeks 1-8,67-82,-23.2,-0.142,92-70,15.0,0.084,37-31,2.9,0.039,196-183,-5.3,-0.013,False,-0.142,,,,,,,,,,,,,,,,,
,,,,,,,,,,p3_rules,,,,,,,,,,,,,,,,,,,,,,,,,,,,,,,,,,,,,,,,,,,,,,,,,,,,,,,,,,,,,,,,,,,,,,,,,,,,,,,,,,,,,,,,p_over_emp (live),under,"under, chance 55%+",weeks 9-17,68-45,18.5,0.149,83-58,19.2,0.124,34-28,3.2,0.047,185-131,40.9,0.118,True,0.047,,,,,,,,,,,,,,,,,
,,,,,,,,,,p3_rules,,,,,,,,,,,,,,,,,,,,,,,,,,,,,,,,,,,,,,,,,,,,,,,,,,,,,,,,,,,,,,,,,,,,,,,,,,,,,,,,,,,,,,,,p_over_emp (live),under,"under, chance 56%+",all,115-103,1.7,0.007,159-114,33.6,0.112,52-52,-5.2,-0.045,326-269,30.1,0.046,False,-0.045,,,,,,,,,,,,,,,,,
,,,,,,,,,,p3_rules,,,,,,,,,,,,,,,,,,,,,,,,,,,,,,,,,,,,,,,,,,,,,,,,,,,,,,,,,,,,,,,,,,,,,,,,,,,,,,,,,,,,,,,,p_over_emp (live),under,"under, chance 57%+",all,95-86,0.4,0.002,143-99,34.1,0.128,41-39,-1.9,-0.022,279-224,32.6,0.059,False,-0.022,,,,,,,,,,,,,,,,,
,,,,,,,,,,p3_rules,,,,,,,,,,,,,,,,,,,,,,,,,,,,,,,,,,,,,,,,,,,,,,,,,,,,,,,,,,,,,,,,,,,,,,,,,,,,,,,,,,,,,,,,p_over_emp (live),under,"under, chance 58%+",all,83-72,3.8,0.022,125-84,32.6,0.142,35-31,0.9,0.012,243-187,37.3,0.079,True,0.012,,,,,,,,,,,,,,,,,
,,,,,,,,,,p3_rules,,,,,,,,,,,,,,,,,,,,,,,,,,,,,,,,,,,,,,,,,,,,,,,,,,,,,,,,,,,,,,,,,,,,,,,,,,,,,,,,,,,,,,,,p_over_emp (live),under,"under, chance 60%+",all,64-53,5.7,0.044,102-58,38.2,0.217,24-24,-2.4,-0.045,190-135,41.5,0.116,False,-0.045,,,,,,,,,,,,,,,,,
,,,,,,,,,,p3_rules,,,,,,,,,,,,,,,,,,,,,,,,,,,,,,,,,,,,,,,,,,,,,,,,,,,,,,,,,,,,,,,,,,,,,,,,,,,,,,,,,,,,,,,,p_over_emp (live),under,"under, chance 62%+",all,45-29,13.1,0.161,71-34,33.6,0.291,20-13,5.7,0.157,136-76,52.4,0.225,True,0.157,,,,,,,,,,,,,,,,,
,,,,,,,,,,p3_rules,,,,,,,,,,,,,,,,,,,,,,,,,,,,,,,,,,,,,,,,,,,,,,,,,,,,,,,,,,,,,,,,,,,,,,,,,,,,,,,,,,,,,,,,p_over_emp (live),under,"under, chance 65%+",all,26-15,9.5,0.211,32-14,16.6,0.328,6-5,0.5,0.041,64-34,26.6,0.247,False,-9.0,,,,,,,,,,,,,,,,,
,,,,,,,,,,p3_rules,,,,,,,,,,,,,,,,,,,,,,,,,,,,,,,,,,,,,,,,,,,,,,,,,,,,,,,,,,,,,,,,,,,,,,,,,,,,,,,,,,,,,,,,p_over_emp (live),under,"under, edge 2+",all,95-83,3.7,0.019,140-96,34.4,0.133,37-35,-1.5,-0.019,272-214,36.6,0.068,False,-0.019,,,,,,,,,,,,,,,,,
,,,,,,,,,,p3_rules,,,,,,,,,,,,,,,,,,,,,,,,,,,,,,,,,,,,,,,,,,,,,,,,,,,,,,,,,,,,,,,,,,,,,,,,,,,,,,,,,,,,,,,,p_over_emp (live),under,"under, edge 2.5+",all,74-63,4.7,0.031,114-72,34.8,0.17,27-30,-6.0,-0.096,215-165,33.5,0.08,False,-0.096,,,,,,,,,,,,,,,,,
,,,,,,,,,,p3_rules,,,,,,,,,,,,,,,,,,,,,,,,,,,,,,,,,,,,,,,,,,,,,,,,,,,,,,,,,,,,,,,,,,,,,,,,,,,,,,,,,,,,,,,,p_over_emp (live),under,"under, edge 3+",all,61-46,10.4,0.088,95-50,40.0,0.251,21-16,3.4,0.084,177-112,53.8,0.169,True,0.084,,,,,,,,,,,,,,,,,
,,,,,,,,,,p3_rules,,,,,,,,,,,,,,,,,,,,,,,,,,,,,,,,,,,,,,,,,,,,,,,,,,,,,,,,,,,,,,,,,,,,,,,,,,,,,,,,,,,,,,,,p_over_emp (live),under,"under, edge 3.5+",all,45-31,10.9,0.13,72-34,34.6,0.297,17-9,7.1,0.248,134-74,52.6,0.23,True,0.13,,,,,,,,,,,,,,,,,
,,,,,,,,,,p3_rules,,,,,,,,,,,,,,,,,,,,,,,,,,,,,,,,,,,,,,,,,,,,,,,,,,,,,,,,,,,,,,,,,,,,,,,,,,,,,,,,,,,,,,,,p_over_emp (live),under,"under, edge 4+",all,31-23,5.7,0.096,53-21,29.9,0.367,8-6,1.4,0.091,92-50,37.0,0.237,False,-9.0,,,,,,,,,,,,,,,,,
,,,,,,,,,,p3_rules,,,,,,,,,,,,,,,,,,,,,,,,,,,,,,,,,,,,,,,,,,,,,,,,,,,,,,,,,,,,,,,,,,,,,,,,,,,,,,,,,,,,,,,,p_over_emp (live),under,"under, edge 5+",all,20-8,11.2,0.364,26-12,12.8,0.306,5-3,1.7,0.193,51-23,25.7,0.316,False,-9.0,,,,,,,,,,,,,,,,,
,,,,,,,,,,p3_rules,,,,,,,,,,,,,,,,,,,,,,,,,,,,,,,,,,,,,,,,,,,,,,,,,,,,,,,,,,,,,,,,,,,,,,,,,,,,,,,,,,,,,,,,p_over_emp (live),under,"under, edge 6+",all,10-4,5.6,0.364,14-5,8.5,0.407,1-1,-0.1,-0.045,25-10,14.0,0.364,False,-9.0,,,,,,,,,,,,,,,,,
,,,,,,,,,,p3_bootstrap,,,,,,,,,,,,,,,,,,,,,,,,,,,,,,,,,,,,,,,,,,,,,,,,,,,,,,,,,,,,,,,,,,,,,,,,,,,,,,,,,,,,,,,,,,"over, chance 60%+",line under 43,31-25,3.5,,18-16,0.4,,33-27,3.3,,82-68,7.2,,,,best over rule (by worst window),0.655,0.567,0.655,0.714,,,,,,,,,,,,
,,,,,,,,,,p3_bootstrap,,,,,,,,,,,,,,,,,,,,,,,,,,,,,,,,,,,,,,,,,,,,,,,,,,,,,,,,,,,,,,,,,,,,,,,,,,,,,,,,,,,,,,,,,,"under, chance 62%+",all,45-29,13.1,,71-34,33.6,,20-13,5.7,,136-76,52.4,,,,best under rule (by worst window),0.937,0.999,0.818,1.0,,,,,,,,,,,,
,,,,,,,,,,p3_bootstrap,,,,,,,,,,,,,,,,,,,,,,,,,,,,,,,,,,,,,,,,,,,,,,,,,,,,,,,,,,,,,,,,,,,,,,,,,,,,,,,,,,,,,,,,,,"under, chance 55%+",all,135-127,-4.7,,175-128,34.2,,71-59,6.1,,381-314,35.6,,,,"the live under rule (55%, every game)",0.382,0.975,0.669,0.888,,,,,,,,,,,,
,,,,,,,,,,p3_bootstrap,,,,,,,,,,,,,,,,,,,,,,,,,,,,,,,,,,,,,,,,,,,,,,,,,,,,,,,,,,,,,,,,,,,,,,,,,,,,,,,,,,,,,,,,,,"under, chance 58%+",all,83-72,3.8,,125-84,32.6,,35-31,0.9,,243-187,37.3,,,,"under, 58% chance",0.586,0.986,0.556,0.955,,,,,,,,,,,,
,,,,,,,,,,p3_bootstrap,,,,,,,,,,,,,,,,,,,,,,,,,,,,,,,,,,,,,,,,,,,,,,,,,,,,,,,,,,,,,,,,,,,,,,,,,,,,,,,,,,,,,,,,,,"under, edge 3+",all,61-46,10.4,,95-50,40.0,,21-16,3.4,,177-112,53.8,,,,"under, 3+ edge",0.81,1.0,0.695,0.999,,,,,,,,,,,,
,,,,,,,,,,p3_bootstrap,,,,,,,,,,,,,,,,,,,,,,,,,,,,,,,,,,,,,,,,,,,,,,,,,,,,,,,,,,,,,,,,,,,,,,,,,,,,,,,,,,,,,,,,,,"under, edge 4+",all,31-23,5.7,,53-21,29.9,,8-6,1.4,,92-50,37.0,,,,"under, 4+ edge",0.765,1.0,0.61,0.999,,,,,,,,,,,,
,,,,,381-314,35.6,,,,p3_by_season,,,,,,,,,,,,,,,,,,,,,,,,,,,,,,,,,,,,,,,,,,,,,,,,,,,,,,,,,,,,,,,,,,,,,,,,,,,,,,,,,,,,,,,,,,"under, chance 55%+ (live)",,,,,,,,,,,,,,,,,,,,,42-34,23-33,20-19,50-41,30-23,66-56,56-38,23-11,22-13,23-26,26-20,2.0
,,,,,243-187,37.3,,,,p3_by_season,,,,,,,,,,,,,,,,,,,,,,,,,,,,,,,,,,,,,,,,,,,,,,,,,,,,,,,,,,,,,,,,,,,,,,,,,,,,,,,,,,,,,,,,,,"under, chance 58%+",,,,,,,,,,,,,,,,,,,,,28-16,13-16,14-8,28-32,17-12,51-39,42-28,15-5,13-8,9-12,13-11,3.0
,,,,,136-76,52.4,,,,p3_by_season,,,,,,,,,,,,,,,,,,,,,,,,,,,,,,,,,,,,,,,,,,,,,,,,,,,,,,,,,,,,,,,,,,,,,,,,,,,,,,,,,,,,,,,,,,"under, chance 62%+",,,,,,,,,,,,,,,,,,,,,19-7,10-4,3-4,13-14,8-4,36-19,22-11,5-0,7-5,5-3,8-5,2.0
,,,,,177-112,53.8,,,,p3_by_season,,,,,,,,,,,,,,,,,,,,,,,,,,,,,,,,,,,,,,,,,,,,,,,,,,,,,,,,,,,,,,,,,,,,,,,,,,,,,,,,,,,,,,,,,,"under, edge 3+",,,,,,,,,,,,,,,,,,,,,24-12,11-11,7-6,19-17,12-4,43-28,30-17,10-1,8-5,5-4,8-7,0.0
,,,,,92-50,37.0,,,,p3_by_season,,,,,,,,,,,,,,,,,,,,,,,,,,,,,,,,,,,,,,,,,,,,,,,,,,,,,,,,,,,,,,,,,,,,,,,,,,,,,,,,,,,,,,,,,,"under, edge 4+",,,,,,,,,,,,,,,,,,,,,10-6,10-3,2-4,9-10,5-2,32-10,14-9,2-0,3-2,2-2,3-2,2.0
,,,,,82-68,7.2,,,,p3_by_season,,,,,,,,,,,,,,,,,,,,,,,,,,,,,,,,,,,,,,,,,,,,,,,,,,,,,,,,,,,,,,,,,,,,,,,,,,,,,,,,,,,,,,,,,,"over, chance 60%+, line under 43",,,,,,,,,,,,,,,,,,,,,9-6,3-6,11-8,8-5,1-3,1-1,3-3,13-9,13-8,11-10,9-9,2.0
,,,,,217-216,-20.6,,,,p3_by_season,,,,,,,,,,,,,,,,,,,,,,,,,,,,,,,,,,,,,,,,,,,,,,,,,,,,,,,,,,,,,,,,,,,,,,,,,,,,,,,,,,,,,,,,,,"over, edge 3+",,,,,,,,,,,,,,,,,,,,,15-21,14-17,24-17,17-11,11-12,9-5,19-20,22-28,26-33,31-25,29-27,6.0
,,,,,,,,,,p3_rules_alt_chance,,,,,,,,,,,,,,,,,,,,,,,,,,,,,,,,,,,,,,,,,,,,,,,,,,,,,,,,,,,,,,,,,,,,,,,,,,,,,,,,,,,,,,,,"oos misses, same half",over,"over, chance 55%+",all,86-80,-2.0,-0.011,93-102,-19.2,-0.09,126-114,0.6,0.002,305-296,-20.6,-0.031,False,-0.09,,,,,,,,,,,,,,,,,
,,,,,,,,,,p3_rules_alt_chance,,,,,,,,,,,,,,,,,,,,,,,,,,,,,,,,,,,,,,,,,,,,,,,,,,,,,,,,,,,,,,,,,,,,,,,,,,,,,,,,,,,,,,,,"oos misses, same half",over,"over, chance 55%+",indoors,26-29,-5.9,-0.098,37-28,6.2,0.087,49-50,-6.0,-0.055,112-107,-5.7,-0.024,False,-0.098,,,,,,,,,,,,,,,,,
,,,,,,,,,,p3_rules_alt_chance,,,,,,,,,,,,,,,,,,,,,,,,,,,,,,,,,,,,,,,,,,,,,,,,,,,,,,,,,,,,,,,,,,,,,,,,,,,,,,,,,,,,,,,,"oos misses, same half",over,"over, chance 55%+",outdoors,60-51,3.9,0.032,56-74,-25.4,-0.178,77-64,6.6,0.043,193-189,-14.9,-0.035,False,-0.178,,,,,,,,,,,,,,,,,
,,,,,,,,,,p3_rules_alt_chance,,,,,,,,,,,,,,,,,,,,,,,,,,,,,,,,,,,,,,,,,,,,,,,,,,,,,,,,,,,,,,,,,,,,,,,,,,,,,,,,,,,,,,,,"oos misses, same half",over,"over, chance 55%+",line 47+,4-6,-2.6,-0.236,15-16,-2.6,-0.076,13-10,2.0,0.079,32-32,-3.2,-0.045,False,-9.0,,,,,,,,,,,,,,,,,
,,,,,,,,,,p3_rules_alt_chance,,,,,,,,,,,,,,,,,,,,,,,,,,,,,,,,,,,,,,,,,,,,,,,,,,,,,,,,,,,,,,,,,,,,,,,,,,,,,,,,,,,,,,,,"oos misses, same half",over,"over, chance 55%+",line under 43,54-45,4.5,0.041,39-41,-6.1,-0.069,78-58,14.2,0.095,171-144,12.6,0.036,False,-0.069,,,,,,,,,,,,,,,,,
,,,,,,,,,,p3_rules_alt_chance,,,,,,,,,,,,,,,,,,,,,,,,,,,,,,,,,,,,,,,,,,,,,,,,,,,,,,,,,,,,,,,,,,,,,,,,,,,,,,,,,,,,,,,,"oos misses, same half",over,"over, chance 55%+",primetime,22-10,11.0,0.312,11-22,-13.2,-0.364,31-30,-2.0,-0.03,64-62,-4.2,-0.03,False,-0.364,,,,,,,,,,,,,,,,,
,,,,,,,,,,p3_rules_alt_chance,,,,,,,,,,,,,,,,,,,,,,,,,,,,,,,,,,,,,,,,,,,,,,,,,,,,,,,,,,,,,,,,,,,,,,,,,,,,,,,,,,,,,,,,"oos misses, same half",over,"over, chance 55%+",day games,64-70,-13.0,-0.088,82-80,-6.0,-0.034,95-84,2.6,0.013,241-234,-16.4,-0.031,False,-0.088,,,,,,,,,,,,,,,,,
,,,,,,,,,,p3_rules_alt_chance,,,,,,,,,,,,,,,,,,,,,,,,,,,,,,,,,,,,,,,,,,,,,,,,,,,,,,,,,,,,,,,,,,,,,,,,,,,,,,,,,,,,,,,,"oos misses, same half",over,"over, chance 55%+",division,35-38,-6.8,-0.085,40-41,-5.1,-0.057,44-41,-1.1,-0.012,119-120,-13.0,-0.049,False,-0.085,,,,,,,,,,,,,,,,,
,,,,,,,,,,p3_rules_alt_chance,,,,,,,,,,,,,,,,,,,,,,,,,,,,,,,,,,,,,,,,,,,,,,,,,,,,,,,,,,,,,,,,,,,,,,,,,,,,,,,,,,,,,,,,"oos misses, same half",over,"over, chance 55%+",weeks 1-8,28-25,0.5,0.009,31-38,-10.8,-0.142,57-56,-4.6,-0.037,116-119,-14.9,-0.058,False,-0.142,,,,,,,,,,,,,,,,,
,,,,,,,,,,p3_rules_alt_chance,,,,,,,,,,,,,,,,,,,,,,,,,,,,,,,,,,,,,,,,,,,,,,,,,,,,,,,,,,,,,,,,,,,,,,,,,,,,,,,,,,,,,,,,"oos misses, same half",over,"over, chance 55%+",weeks 9-17,58-55,-2.5,-0.02,62-64,-8.4,-0.061,69-58,5.2,0.037,189-177,-5.7,-0.014,False,-0.061,,,,,,,,,,,,,,,,,
,,,,,,,,,,p3_rules_alt_chance,,,,,,,,,,,,,,,,,,,,,,,,,,,,,,,,,,,,,,,,,,,,,,,,,,,,,,,,,,,,,,,,,,,,,,,,,,,,,,,,,,,,,,,,"oos misses, same half",over,"over, chance 58%+",all,45-43,-2.3,-0.024,55-59,-9.9,-0.079,68-72,-11.2,-0.073,168-174,-23.4,-0.062,False,-0.079,,,,,,,,,,,,,,,,,
,,,,,,,,,,p3_rules_alt_chance,,,,,,,,,,,,,,,,,,,,,,,,,,,,,,,,,,,,,,,,,,,,,,,,,,,,,,,,,,,,,,,,,,,,,,,,,,,,,,,,,,,,,,,,"oos misses, same half",over,"over, chance 58%+",indoors,10-17,-8.7,-0.293,23-18,3.2,0.071,26-32,-9.2,-0.144,59-67,-14.7,-0.106,False,-0.293,,,,,,,,,,,,,,,,,
,,,,,,,,,,p3_rules_alt_chance,,,,,,,,,,,,,,,,,,,,,,,,,,,,,,,,,,,,,,,,,,,,,,,,,,,,,,,,,,,,,,,,,,,,,,,,,,,,,,,,,,,,,,,,"oos misses, same half",over,"over, chance 58%+",outdoors,35-26,6.4,0.095,32-41,-13.1,-0.163,42-40,-2.0,-0.022,109-107,-8.7,-0.037,False,-0.163,,,,,,,,,,,,,,,,,
,,,,,,,,,,p3_rules_alt_chance,,,,,,,,,,,,,,,,,,,,,,,,,,,,,,,,,,,,,,,,,,,,,,,,,,,,,,,,,,,,,,,,,,,,,,,,,,,,,,,,,,,,,,,,"oos misses, same half",over,"over, chance 58%+",line 47+,0-3,-3.3,-1.0,5-8,-3.8,-0.266,3-5,-2.5,-0.284,8-16,-9.6,-0.364,False,-9.0,,,,,,,,,,,,,,,,,
,,,,,,,,,,p3_rules_alt_chance,,,,,,,,,,,,,,,,,,,,,,,,,,,,,,,,,,,,,,,,,,,,,,,,,,,,,,,,,,,,,,,,,,,,,,,,,,,,,,,,,,,,,,,,"oos misses, same half",over,"over, chance 58%+",line under 43,31-31,-3.1,-0.045,28-28,-2.8,-0.045,46-35,7.5,0.084,105-94,1.6,0.007,False,-0.045,,,,,,,,,,,,,,,,,
,,,,,,,,,,p3_rules_alt_chance,,,,,,,,,,,,,,,,,,,,,,,,,,,,,,,,,,,,,,,,,,,,,,,,,,,,,,,,,,,,,,,,,,,,,,,,,,,,,,,,,,,,,,,,"oos misses, same half",over,"over, chance 58%+",primetime,8-6,1.4,0.091,4-14,-11.4,-0.576,13-20,-9.0,-0.248,25-40,-19.0,-0.266,False,-9.0,,,,,,,,,,,,,,,,,
,,,,,,,,,,p3_rules_alt_chance,,,,,,,,,,,,,,,,,,,,,,,,,,,,,,,,,,,,,,,,,,,,,,,,,,,,,,,,,,,,,,,,,,,,,,,,,,,,,,,,,,,,,,,,"oos misses, same half",over,"over, chance 58%+",day games,37-37,-3.7,-0.045,51-45,1.5,0.014,55-52,-2.2,-0.019,143-134,-4.4,-0.014,False,-0.045,,,,,,,,,,,,,,,,,
,,,,,,,,,,p3_rules_alt_chance,,,,,,,,,,,,,,,,,,,,,,,,,,,,,,,,,,,,,,,,,,,,,,,,,,,,,,,,,,,,,,,,,,,,,,,,,,,,,,,,,,,,,,,,"oos misses, same half",over,"over, chance 58%+",division,16-23,-9.3,-0.217,27-27,-2.7,-0.045,30-24,3.6,0.061,73-74,-8.4,-0.052,False,-0.217,,,,,,,,,,,,,,,,,
,,,,,,,,,,p3_rules_alt_chance,,,,,,,,,,,,,,,,,,,,,,,,,,,,,,,,,,,,,,,,,,,,,,,,,,,,,,,,,,,,,,,,,,,,,,,,,,,,,,,,,,,,,,,,"oos misses, same half",over,"over, chance 58%+",weeks 1-8,16-11,3.9,0.131,19-16,1.4,0.036,27-38,-14.8,-0.207,62-65,-9.5,-0.068,False,-0.207,,,,,,,,,,,,,,,,,
,,,,,,,,,,p3_rules_alt_chance,,,,,,,,,,,,,,,,,,,,,,,,,,,,,,,,,,,,,,,,,,,,,,,,,,,,,,,,,,,,,,,,,,,,,,,,,,,,,,,,,,,,,,,,"oos misses, same half",over,"over, chance 58%+",weeks 9-17,29-32,-6.2,-0.092,36-43,-11.3,-0.13,41-34,3.6,0.044,106-109,-13.9,-0.059,False,-0.13,,,,,,,,,,,,,,,,,
,,,,,,,,,,p3_rules_alt_chance,,,,,,,,,,,,,,,,,,,,,,,,,,,,,,,,,,,,,,,,,,,,,,,,,,,,,,,,,,,,,,,,,,,,,,,,,,,,,,,,,,,,,,,,"oos misses, same half",over,"over, chance 60%+",all,27-26,-1.6,-0.027,32-31,-2.1,-0.03,41-42,-5.2,-0.057,100-99,-8.9,-0.041,False,-0.057,,,,,,,,,,,,,,,,,
,,,,,,,,,,p3_rules_alt_chance,,,,,,,,,,,,,,,,,,,,,,,,,,,,,,,,,,,,,,,,,,,,,,,,,,,,,,,,,,,,,,,,,,,,,,,,,,,,,,,,,,,,,,,,"oos misses, same half",over,"over, chance 60%+",indoors,6-9,-3.9,-0.236,11-12,-2.2,-0.087,20-21,-3.1,-0.069,37-42,-9.2,-0.106,False,-0.236,,,,,,,,,,,,,,,,,
,,,,,,,,,,p3_rules_alt_chance,,,,,,,,,,,,,,,,,,,,,,,,,,,,,,,,,,,,,,,,,,,,,,,,,,,,,,,,,,,,,,,,,,,,,,,,,,,,,,,,,,,,,,,,"oos misses, same half",over,"over, chance 60%+",outdoors,21-17,2.3,0.055,21-19,0.1,0.002,21-21,-2.1,-0.045,63-57,0.3,0.002,False,-0.045,,,,,,,,,,,,,,,,,
,,,,,,,,,,p3_rules_alt_chance,,,,,,,,,,,,,,,,,,,,,,,,,,,,,,,,,,,,,,,,,,,,,,,,,,,,,,,,,,,,,,,,,,,,,,,,,,,,,,,,,,,,,,,,"oos misses, same half",over,"over, chance 60%+",line 47+,0-3,-3.3,-1.0,2-3,-1.3,-0.236,1-3,-2.3,-0.523,3-9,-6.9,-0.523,False,-9.0,,,,,,,,,,,,,,,,,
,,,,,,,,,,p3_rules_alt_chance,,,,,,,,,,,,,,,,,,,,,,,,,,,,,,,,,,,,,,,,,,,,,,,,,,,,,,,,,,,,,,,,,,,,,,,,,,,,,,,,,,,,,,,,"oos misses, same half",over,"over, chance 60%+",line under 43,18-19,-2.9,-0.071,17-13,2.7,0.082,31-25,3.5,0.057,66-57,3.3,0.024,False,-0.071,,,,,,,,,,,,,,,,,
,,,,,,,,,,p3_rules_alt_chance,,,,,,,,,,,,,,,,,,,,,,,,,,,,,,,,,,,,,,,,,,,,,,,,,,,,,,,,,,,,,,,,,,,,,,,,,,,,,,,,,,,,,,,,"oos misses, same half",over,"over, chance 60%+",primetime,4-4,-0.4,-0.045,2-5,-3.5,-0.455,10-9,0.1,0.005,16-18,-3.8,-0.102,False,-9.0,,,,,,,,,,,,,,,,,
,,,,,,,,,,p3_rules_alt_chance,,,,,,,,,,,,,,,,,,,,,,,,,,,,,,,,,,,,,,,,,,,,,,,,,,,,,,,,,,,,,,,,,,,,,,,,,,,,,,,,,,,,,,,,"oos misses, same half",over,"over, chance 60%+",day games,23-22,-1.2,-0.024,30-26,1.4,0.023,31-33,-5.3,-0.075,84-81,-5.1,-0.028,False,-0.075,,,,,,,,,,,,,,,,,
,,,,,,,,,,p3_rules_alt_chance,,,,,,,,,,,,,,,,,,,,,,,,,,,,,,,,,,,,,,,,,,,,,,,,,,,,,,,,,,,,,,,,,,,,,,,,,,,,,,,,,,,,,,,,"oos misses, same half",over,"over, chance 60%+",division,11-16,-6.6,-0.222,13-12,-0.2,-0.007,20-16,2.4,0.061,44-44,-4.4,-0.045,False,-0.222,,,,,,,,,,,,,,,,,
,,,,,,,,,,p3_rules_alt_chance,,,,,,,,,,,,,,,,,,,,,,,,,,,,,,,,,,,,,,,,,,,,,,,,,,,,,,,,,,,,,,,,,,,,,,,,,,,,,,,,,,,,,,,,"oos misses, same half",over,"over, chance 60%+",weeks 1-8,8-6,1.4,0.091,10-6,3.4,0.193,11-21,-12.1,-0.344,29-33,-7.3,-0.107,False,-9.0,,,,,,,,,,,,,,,,,
,,,,,,,,,,p3_rules_alt_chance,,,,,,,,,,,,,,,,,,,,,,,,,,,,,,,,,,,,,,,,,,,,,,,,,,,,,,,,,,,,,,,,,,,,,,,,,,,,,,,,,,,,,,,,"oos misses, same half",over,"over, chance 60%+",weeks 9-17,19-20,-3.0,-0.07,22-25,-5.5,-0.106,30-21,6.9,0.123,71-66,-1.6,-0.011,False,-0.106,,,,,,,,,,,,,,,,,
,,,,,,,,,,p3_rules_alt_chance,,,,,,,,,,,,,,,,,,,,,,,,,,,,,,,,,,,,,,,,,,,,,,,,,,,,,,,,,,,,,,,,,,,,,,,,,,,,,,,,,,,,,,,,"oos misses, same half",over,"over, chance 65%+",all,8-6,1.4,0.091,10-5,4.5,0.273,8-8,-0.8,-0.045,26-19,5.1,0.103,False,-9.0,,,,,,,,,,,,,,,,,
,,,,,,,,,,p3_rules_alt_chance,,,,,,,,,,,,,,,,,,,,,,,,,,,,,,,,,,,,,,,,,,,,,,,,,,,,,,,,,,,,,,,,,,,,,,,,,,,,,,,,,,,,,,,,"oos misses, same half",over,"over, chance 65%+",indoors,3-2,0.8,0.145,5-3,1.7,0.193,3-3,-0.3,-0.045,11-8,2.2,0.105,False,-9.0,,,,,,,,,,,,,,,,,
,,,,,,,,,,p3_rules_alt_chance,,,,,,,,,,,,,,,,,,,,,,,,,,,,,,,,,,,,,,,,,,,,,,,,,,,,,,,,,,,,,,,,,,,,,,,,,,,,,,,,,,,,,,,,"oos misses, same half",over,"over, chance 65%+",outdoors,5-4,0.6,0.061,5-2,2.8,0.364,5-5,-0.5,-0.045,15-11,2.9,0.101,False,-9.0,,,,,,,,,,,,,,,,,
,,,,,,,,,,p3_rules_alt_chance,,,,,,,,,,,,,,,,,,,,,,,,,,,,,,,,,,,,,,,,,,,,,,,,,,,,,,,,,,,,,,,,,,,,,,,,,,,,,,,,,,,,,,,,"oos misses, same half",over,"over, chance 65%+",line 47+,0-2,-2.2,-1.0,0-0,0.0,,0-1,-1.1,-1.0,0-3,-3.3,-1.0,False,-9.0,,,,,,,,,,,,,,,,,
,,,,,,,,,,p3_rules_alt_chance,,,,,,,,,,,,,,,,,,,,,,,,,,,,,,,,,,,,,,,,,,,,,,,,,,,,,,,,,,,,,,,,,,,,,,,,,,,,,,,,,,,,,,,,"oos misses, same half",over,"over, chance 65%+",line under 43,5-3,1.7,0.193,6-3,2.7,0.273,7-7,-0.7,-0.045,18-13,3.7,0.109,False,-9.0,,,,,,,,,,,,,,,,,
,,,,,,,,,,p3_rules_alt_chance,,,,,,,,,,,,,,,,,,,,,,,,,,,,,,,,,,,,,,,,,,,,,,,,,,,,,,,,,,,,,,,,,,,,,,,,,,,,,,,,,,,,,,,,"oos misses, same half",over,"over, chance 65%+",primetime,2-2,-0.2,-0.045,2-2,-0.2,-0.045,1-0,1.0,0.909,5-4,0.6,0.061,False,-9.0,,,,,,,,,,,,,,,,,
,,,,,,,,,,p3_rules_alt_chance,,,,,,,,,,,,,,,,,,,,,,,,,,,,,,,,,,,,,,,,,,,,,,,,,,,,,,,,,,,,,,,,,,,,,,,,,,,,,,,,,,,,,,,,"oos misses, same half",over,"over, chance 65%+",day games,6-4,1.6,0.145,8-3,4.7,0.388,7-8,-1.8,-0.109,21-15,4.5,0.114,False,-9.0,,,,,,,,,,,,,,,,,
,,,,,,,,,,p3_rules_alt_chance,,,,,,,,,,,,,,,,,,,,,,,,,,,,,,,,,,,,,,,,,,,,,,,,,,,,,,,,,,,,,,,,,,,,,,,,,,,,,,,,,,,,,,,,"oos misses, same half",over,"over, chance 65%+",division,5-2,2.8,0.364,5-2,2.8,0.364,4-4,-0.4,-0.045,14-8,5.2,0.215,False,-9.0,,,,,,,,,,,,,,,,,
,,,,,,,,,,p3_rules_alt_chance,,,,,,,,,,,,,,,,,,,,,,,,,,,,,,,,,,,,,,,,,,,,,,,,,,,,,,,,,,,,,,,,,,,,,,,,,,,,,,,,,,,,,,,,"oos misses, same half",over,"over, chance 65%+",weeks 1-8,2-1,0.9,0.273,3-1,1.9,0.432,3-5,-2.5,-0.284,8-7,0.3,0.018,False,-9.0,,,,,,,,,,,,,,,,,
,,,,,,,,,,p3_rules_alt_chance,,,,,,,,,,,,,,,,,,,,,,,,,,,,,,,,,,,,,,,,,,,,,,,,,,,,,,,,,,,,,,,,,,,,,,,,,,,,,,,,,,,,,,,,"oos misses, same half",over,"over, chance 65%+",weeks 9-17,6-5,0.5,0.041,7-4,2.6,0.215,5-3,1.7,0.193,18-12,4.8,0.145,False,-9.0,,,,,,,,,,,,,,,,,
,,,,,,,,,,p3_rules_alt_chance,,,,,,,,,,,,,,,,,,,,,,,,,,,,,,,,,,,,,,,,,,,,,,,,,,,,,,,,,,,,,,,,,,,,,,,,,,,,,,,,,,,,,,,,"oos misses, same half",over,"over, edge 2+",all,136-134,-11.4,-0.038,108-113,-16.3,-0.067,143-137,-7.7,-0.025,387-384,-35.4,-0.042,False,-0.067,,,,,,,,,,,,,,,,,
,,,,,,,,,,p3_rules_alt_chance,,,,,,,,,,,,,,,,,,,,,,,,,,,,,,,,,,,,,,,,,,,,,,,,,,,,,,,,,,,,,,,,,,,,,,,,,,,,,,,,,,,,,,,,"oos misses, same half",over,"over, edge 2+",indoors,41-49,-12.9,-0.13,43-32,7.8,0.095,54-64,-16.4,-0.126,138-145,-21.5,-0.069,False,-0.13,,,,,,,,,,,,,,,,,
,,,,,,,,,,p3_rules_alt_chance,,,,,,,,,,,,,,,,,,,,,,,,,,,,,,,,,,,,,,,,,,,,,,,,,,,,,,,,,,,,,,,,,,,,,,,,,,,,,,,,,,,,,,,,"oos misses, same half",over,"over, edge 2+",outdoors,95-85,1.5,0.008,65-81,-24.1,-0.15,89-73,8.7,0.049,249-239,-13.9,-0.026,False,-0.15,,,,,,,,,,,,,,,,,
,,,,,,,,,,p3_rules_alt_chance,,,,,,,,,,,,,,,,,,,,,,,,,,,,,,,,,,,,,,,,,,,,,,,,,,,,,,,,,,,,,,,,,,,,,,,,,,,,,,,,,,,,,,,,"oos misses, same half",over,"over, edge 2+",line 47+,21-24,-5.4,-0.109,18-19,-2.9,-0.071,15-13,0.7,0.023,54-56,-7.6,-0.063,False,-0.109,,,,,,,,,,,,,,,,,
,,,,,,,,,,p3_rules_alt_chance,,,,,,,,,,,,,,,,,,,,,,,,,,,,,,,,,,,,,,,,,,,,,,,,,,,,,,,,,,,,,,,,,,,,,,,,,,,,,,,,,,,,,,,,"oos misses, same half",over,"over, edge 2+",line under 43,62-51,5.9,0.047,44-45,-5.5,-0.056,87-66,14.4,0.086,193-162,14.8,0.038,False,-0.056,,,,,,,,,,,,,,,,,
,,,,,,,,,,p3_rules_alt_chance,,,,,,,,,,,,,,,,,,,,,,,,,,,,,,,,,,,,,,,,,,,,,,,,,,,,,,,,,,,,,,,,,,,,,,,,,,,,,,,,,,,,,,,,"oos misses, same half",over,"over, edge 2+",primetime,30-23,4.7,0.081,14-27,-15.7,-0.348,32-34,-5.4,-0.074,76-84,-16.4,-0.093,False,-0.348,,,,,,,,,,,,,,,,,
,,,,,,,,,,p3_rules_alt_chance,,,,,,,,,,,,,,,,,,,,,,,,,,,,,,,,,,,,,,,,,,,,,,,,,,,,,,,,,,,,,,,,,,,,,,,,,,,,,,,,,,,,,,,,"oos misses, same half",over,"over, edge 2+",day games,106-111,-16.1,-0.067,94-86,-0.6,-0.003,111-103,-2.3,-0.01,311-300,-19.0,-0.028,False,-0.067,,,,,,,,,,,,,,,,,
,,,,,,,,,,p3_rules_alt_chance,,,,,,,,,,,,,,,,,,,,,,,,,,,,,,,,,,,,,,,,,,,,,,,,,,,,,,,,,,,,,,,,,,,,,,,,,,,,,,,,,,,,,,,,"oos misses, same half",over,"over, edge 2+",division,63-56,1.4,0.011,47-48,-5.8,-0.056,50-51,-6.1,-0.055,160-155,-10.5,-0.03,False,-0.056,,,,,,,,,,,,,,,,,
,,,,,,,,,,p3_rules_alt_chance,,,,,,,,,,,,,,,,,,,,,,,,,,,,,,,,,,,,,,,,,,,,,,,,,,,,,,,,,,,,,,,,,,,,,,,,,,,,,,,,,,,,,,,,"oos misses, same half",over,"over, edge 2+",weeks 1-8,50-47,-1.7,-0.016,39-44,-9.4,-0.103,67-64,-3.4,-0.024,156-155,-14.5,-0.042,False,-0.103,,,,,,,,,,,,,,,,,
,,,,,,,,,,p3_rules_alt_chance,,,,,,,,,,,,,,,,,,,,,,,,,,,,,,,,,,,,,,,,,,,,,,,,,,,,,,,,,,,,,,,,,,,,,,,,,,,,,,,,,,,,,,,,"oos misses, same half",over,"over, edge 2+",weeks 9-17,86-87,-9.7,-0.051,69-69,-6.9,-0.045,76-73,-4.3,-0.026,231-229,-20.9,-0.041,False,-0.051,,,,,,,,,,,,,,,,,
,,,,,,,,,,p3_rules_alt_chance,,,,,,,,,,,,,,,,,,,,,,,,,,,,,,,,,,,,,,,,,,,,,,,,,,,,,,,,,,,,,,,,,,,,,,,,,,,,,,,,,,,,,,,,"oos misses, same half",over,"over, edge 3+",all,70-66,-2.6,-0.017,61-65,-10.5,-0.076,86-85,-7.5,-0.04,217-216,-20.6,-0.043,False,-0.076,,,,,,,,,,,,,,,,,
,,,,,,,,,,p3_rules_alt_chance,,,,,,,,,,,,,,,,,,,,,,,,,,,,,,,,,,,,,,,,,,,,,,,,,,,,,,,,,,,,,,,,,,,,,,,,,,,,,,,,,,,,,,,,"oos misses, same half",over,"over, edge 3+",indoors,21-27,-8.7,-0.165,24-20,2.0,0.041,34-34,-3.4,-0.045,79-81,-10.1,-0.057,False,-0.165,,,,,,,,,,,,,,,,,
,,,,,,,,,,p3_rules_alt_chance,,,,,,,,,,,,,,,,,,,,,,,,,,,,,,,,,,,,,,,,,,,,,,,,,,,,,,,,,,,,,,,,,,,,,,,,,,,,,,,,,,,,,,,,"oos misses, same half",over,"over, edge 3+",outdoors,49-39,6.1,0.063,37-45,-12.5,-0.139,52-51,-4.1,-0.036,138-135,-10.5,-0.035,False,-0.139,,,,,,,,,,,,,,,,,
,,,,,,,,,,p3_rules_alt_chance,,,,,,,,,,,,,,,,,,,,,,,,,,,,,,,,,,,,,,,,,,,,,,,,,,,,,,,,,,,,,,,,,,,,,,,,,,,,,,,,,,,,,,,,"oos misses, same half",over,"over, edge 3+",line 47+,4-8,-4.8,-0.364,6-10,-5.0,-0.284,5-7,-2.7,-0.205,15-25,-12.5,-0.284,False,-9.0,,,,,,,,,,,,,,,,,
,,,,,,,,,,p3_rules_alt_chance,,,,,,,,,,,,,,,,,,,,,,,,,,,,,,,,,,,,,,,,,,,,,,,,,,,,,,,,,,,,,,,,,,,,,,,,,,,,,,,,,,,,,,,,"oos misses, same half",over,"over, edge 3+",line under 43,38-35,-0.5,-0.006,29-30,-4.0,-0.062,57-43,9.7,0.088,124-108,5.2,0.02,False,-0.062,,,,,,,,,,,,,,,,,
,,,,,,,,,,p3_rules_alt_chance,,,,,,,,,,,,,,,,,,,,,,,,,,,,,,,,,,,,,,,,,,,,,,,,,,,,,,,,,,,,,,,,,,,,,,,,,,,,,,,,,,,,,,,,"oos misses, same half",over,"over, edge 3+",primetime,18-11,5.9,0.185,5-17,-13.7,-0.566,18-25,-9.5,-0.201,41-53,-17.3,-0.167,False,-0.566,,,,,,,,,,,,,,,,,
,,,,,,,,,,p3_rules_alt_chance,,,,,,,,,,,,,,,,,,,,,,,,,,,,,,,,,,,,,,,,,,,,,,,,,,,,,,,,,,,,,,,,,,,,,,,,,,,,,,,,,,,,,,,,"oos misses, same half",over,"over, edge 3+",day games,52-55,-8.5,-0.072,56-48,3.2,0.028,68-60,2.0,0.014,176-163,-3.3,-0.009,False,-0.072,,,,,,,,,,,,,,,,,
,,,,,,,,,,p3_rules_alt_chance,,,,,,,,,,,,,,,,,,,,,,,,,,,,,,,,,,,,,,,,,,,,,,,,,,,,,,,,,,,,,,,,,,,,,,,,,,,,,,,,,,,,,,,,"oos misses, same half",over,"over, edge 3+",division,28-32,-7.2,-0.109,31-30,-2.0,-0.03,34-30,1.0,0.014,93-92,-8.2,-0.04,False,-0.109,,,,,,,,,,,,,,,,,
,,,,,,,,,,p3_rules_alt_chance,,,,,,,,,,,,,,,,,,,,,,,,,,,,,,,,,,,,,,,,,,,,,,,,,,,,,,,,,,,,,,,,,,,,,,,,,,,,,,,,,,,,,,,,"oos misses, same half",over,"over, edge 3+",weeks 1-8,25-16,7.4,0.164,20-18,0.2,0.005,37-43,-10.3,-0.117,82-77,-2.7,-0.015,False,-0.117,,,,,,,,,,,,,,,,,
,,,,,,,,,,p3_rules_alt_chance,,,,,,,,,,,,,,,,,,,,,,,,,,,,,,,,,,,,,,,,,,,,,,,,,,,,,,,,,,,,,,,,,,,,,,,,,,,,,,,,,,,,,,,,"oos misses, same half",over,"over, edge 3+",weeks 9-17,45-50,-10.0,-0.096,41-47,-10.7,-0.111,49-42,2.8,0.028,135-139,-17.9,-0.059,False,-0.111,,,,,,,,,,,,,,,,,
,,,,,,,,,,p3_rules_alt_chance,,,,,,,,,,,,,,,,,,,,,,,,,,,,,,,,,,,,,,,,,,,,,,,,,,,,,,,,,,,,,,,,,,,,,,,,,,,,,,,,,,,,,,,,"oos misses, same half",over,"over, edge 4+",all,36-38,-5.8,-0.071,33-29,1.1,0.016,43-44,-5.4,-0.056,112-111,-10.1,-0.041,False,-0.071,,,,,,,,,,,,,,,,,
,,,,,,,,,,p3_rules_alt_chance,,,,,,,,,,,,,,,,,,,,,,,,,,,,,,,,,,,,,,,,,,,,,,,,,,,,,,,,,,,,,,,,,,,,,,,,,,,,,,,,,,,,,,,,"oos misses, same half",over,"over, edge 4+",indoors,7-14,-8.4,-0.364,12-12,-1.2,-0.045,20-21,-3.1,-0.069,39-47,-12.7,-0.134,False,-0.364,,,,,,,,,,,,,,,,,
,,,,,,,,,,p3_rules_alt_chance,,,,,,,,,,,,,,,,,,,,,,,,,,,,,,,,,,,,,,,,,,,,,,,,,,,,,,,,,,,,,,,,,,,,,,,,,,,,,,,,,,,,,,,,"oos misses, same half",over,"over, edge 4+",outdoors,29-24,2.6,0.045,21-17,2.3,0.055,23-23,-2.3,-0.045,73-64,2.6,0.017,False,-0.045,,,,,,,,,,,,,,,,,
,,,,,,,,,,p3_rules_alt_chance,,,,,,,,,,,,,,,,,,,,,,,,,,,,,,,,,,,,,,,,,,,,,,,,,,,,,,,,,,,,,,,,,,,,,,,,,,,,,,,,,,,,,,,,"oos misses, same half",over,"over, edge 4+",line 47+,0-3,-3.3,-1.0,2-3,-1.3,-0.236,1-3,-2.3,-0.523,3-9,-6.9,-0.523,False,-9.0,,,,,,,,,,,,,,,,,
,,,,,,,,,,p3_rules_alt_chance,,,,,,,,,,,,,,,,,,,,,,,,,,,,,,,,,,,,,,,,,,,,,,,,,,,,,,,,,,,,,,,,,,,,,,,,,,,,,,,,,,,,,,,,"oos misses, same half",over,"over, edge 4+",line under 43,19-21,-4.1,-0.093,17-10,6.0,0.202,31-26,2.4,0.038,67-57,4.3,0.032,False,-0.093,,,,,,,,,,,,,,,,,
,,,,,,,,,,p3_rules_alt_chance,,,,,,,,,,,,,,,,,,,,,,,,,,,,,,,,,,,,,,,,,,,,,,,,,,,,,,,,,,,,,,,,,,,,,,,,,,,,,,,,,,,,,,,,"oos misses, same half",over,"over, edge 4+",primetime,5-7,-2.7,-0.205,3-4,-1.4,-0.182,11-10,0.0,0.0,19-21,-4.1,-0.093,False,-9.0,,,,,,,,,,,,,,,,,
,,,,,,,,,,p3_rules_alt_chance,,,,,,,,,,,,,,,,,,,,,,,,,,,,,,,,,,,,,,,,,,,,,,,,,,,,,,,,,,,,,,,,,,,,,,,,,,,,,,,,,,,,,,,,"oos misses, same half",over,"over, edge 4+",day games,31-31,-3.1,-0.045,30-25,2.5,0.041,32-34,-5.4,-0.074,93-90,-6.0,-0.03,False,-0.074,,,,,,,,,,,,,,,,,
,,,,,,,,,,p3_rules_alt_chance,,,,,,,,,,,,,,,,,,,,,,,,,,,,,,,,,,,,,,,,,,,,,,,,,,,,,,,,,,,,,,,,,,,,,,,,,,,,,,,,,,,,,,,,"oos misses, same half",over,"over, edge 4+",division,12-24,-14.4,-0.364,14-12,0.8,0.028,20-16,2.4,0.061,46-52,-11.2,-0.104,False,-0.364,,,,,,,,,,,,,,,,,
,,,,,,,,,,p3_rules_alt_chance,,,,,,,,,,,,,,,,,,,,,,,,,,,,,,,,,,,,,,,,,,,,,,,,,,,,,,,,,,,,,,,,,,,,,,,,,,,,,,,,,,,,,,,,"oos misses, same half",over,"over, edge 4+",weeks 1-8,10-8,1.2,0.061,10-5,4.5,0.273,13-22,-11.2,-0.291,33-35,-5.5,-0.074,False,-0.291,,,,,,,,,,,,,,,,,
,,,,,,,,,,p3_rules_alt_chance,,,,,,,,,,,,,,,,,,,,,,,,,,,,,,,,,,,,,,,,,,,,,,,,,,,,,,,,,,,,,,,,,,,,,,,,,,,,,,,,,,,,,,,,"oos misses, same half",over,"over, edge 4+",weeks 9-17,26-30,-7.0,-0.114,23-24,-3.4,-0.066,30-22,5.8,0.101,79-76,-4.6,-0.027,False,-0.114,,,,,,,,,,,,,,,,,
,,,,,,,,,,p3_rules_alt_chance,,,,,,,,,,,,,,,,,,,,,,,,,,,,,,,,,,,,,,,,,,,,,,,,,,,,,,,,,,,,,,,,,,,,,,,,,,,,,,,,,,,,,,,,"oos misses, same half",over,"over, edge 5+",all,19-20,-3.0,-0.07,15-11,2.9,0.101,14-16,-3.6,-0.109,48-47,-3.7,-0.035,False,-0.109,,,,,,,,,,,,,,,,,
,,,,,,,,,,p3_rules_alt_chance,,,,,,,,,,,,,,,,,,,,,,,,,,,,,,,,,,,,,,,,,,,,,,,,,,,,,,,,,,,,,,,,,,,,,,,,,,,,,,,,,,,,,,,,"oos misses, same half",over,"over, edge 5+",indoors,7-5,1.5,0.114,9-7,1.3,0.074,8-9,-1.9,-0.102,24-21,0.9,0.018,False,-9.0,,,,,,,,,,,,,,,,,
,,,,,,,,,,p3_rules_alt_chance,,,,,,,,,,,,,,,,,,,,,,,,,,,,,,,,,,,,,,,,,,,,,,,,,,,,,,,,,,,,,,,,,,,,,,,,,,,,,,,,,,,,,,,,"oos misses, same half",over,"over, edge 5+",outdoors,12-15,-4.5,-0.152,6-4,1.6,0.145,6-7,-1.7,-0.119,24-26,-4.6,-0.084,False,-9.0,,,,,,,,,,,,,,,,,
,,,,,,,,,,p3_rules_alt_chance,,,,,,,,,,,,,,,,,,,,,,,,,,,,,,,,,,,,,,,,,,,,,,,,,,,,,,,,,,,,,,,,,,,,,,,,,,,,,,,,,,,,,,,,"oos misses, same half",over,"over, edge 5+",line 47+,0-3,-3.3,-1.0,1-0,1.0,0.909,1-1,-0.1,-0.045,2-4,-2.4,-0.364,False,-9.0,,,,,,,,,,,,,,,,,
,,,,,,,,,,p3_rules_alt_chance,,,,,,,,,,,,,,,,,,,,,,,,,,,,,,,,,,,,,,,,,,,,,,,,,,,,,,,,,,,,,,,,,,,,,,,,,,,,,,,,,,,,,,,,"oos misses, same half",over,"over, edge 5+",line under 43,11-12,-2.2,-0.087,8-5,2.5,0.175,9-11,-3.1,-0.141,28-28,-2.8,-0.045,False,-9.0,,,,,,,,,,,,,,,,,
,,,,,,,,,,p3_rules_alt_chance,,,,,,,,,,,,,,,,,,,,,,,,,,,,,,,,,,,,,,,,,,,,,,,,,,,,,,,,,,,,,,,,,,,,,,,,,,,,,,,,,,,,,,,,"oos misses, same half",over,"over, edge 5+",primetime,3-4,-1.4,-0.182,2-3,-1.3,-0.236,2-3,-1.3,-0.236,7-10,-4.0,-0.214,False,-9.0,,,,,,,,,,,,,,,,,
,,,,,,,,,,p3_rules_alt_chance,,,,,,,,,,,,,,,,,,,,,,,,,,,,,,,,,,,,,,,,,,,,,,,,,,,,,,,,,,,,,,,,,,,,,,,,,,,,,,,,,,,,,,,,"oos misses, same half",over,"over, edge 5+",day games,16-16,-1.6,-0.045,13-8,4.2,0.182,12-13,-2.3,-0.084,41-37,0.3,0.003,False,-0.084,,,,,,,,,,,,,,,,,
,,,,,,,,,,p3_rules_alt_chance,,,,,,,,,,,,,,,,,,,,,,,,,,,,,,,,,,,,,,,,,,,,,,,,,,,,,,,,,,,,,,,,,,,,,,,,,,,,,,,,,,,,,,,,"oos misses, same half",over,"over, edge 5+",division,7-12,-6.2,-0.297,5-3,1.7,0.193,6-7,-1.7,-0.119,18-22,-6.2,-0.141,False,-9.0,,,,,,,,,,,,,,,,,
,,,,,,,,,,p3_rules_alt_chance,,,,,,,,,,,,,,,,,,,,,,,,,,,,,,,,,,,,,,,,,,,,,,,,,,,,,,,,,,,,,,,,,,,,,,,,,,,,,,,,,,,,,,,,"oos misses, same half",over,"over, edge 5+",weeks 1-8,5-4,0.6,0.061,5-1,3.9,0.591,5-11,-7.1,-0.403,15-16,-2.6,-0.076,False,-9.0,,,,,,,,,,,,,,,,,
,,,,,,,,,,p3_rules_alt_chance,,,,,,,,,,,,,,,,,,,,,,,,,,,,,,,,,,,,,,,,,,,,,,,,,,,,,,,,,,,,,,,,,,,,,,,,,,,,,,,,,,,,,,,,"oos misses, same half",over,"over, edge 5+",weeks 9-17,14-16,-3.6,-0.109,10-10,-1.0,-0.045,9-5,3.5,0.227,33-31,-1.1,-0.016,False,-9.0,,,,,,,,,,,,,,,,,
,,,,,,,,,,p3_rules_alt_chance,,,,,,,,,,,,,,,,,,,,,,,,,,,,,,,,,,,,,,,,,,,,,,,,,,,,,,,,,,,,,,,,,,,,,,,,,,,,,,,,,,,,,,,,"oos misses, same half",over,"over, edge 6+",all,11-8,2.2,0.105,9-4,4.6,0.322,6-5,0.5,0.041,26-17,7.3,0.154,False,-9.0,,,,,,,,,,,,,,,,,
,,,,,,,,,,p3_rules_alt_chance,,,,,,,,,,,,,,,,,,,,,,,,,,,,,,,,,,,,,,,,,,,,,,,,,,,,,,,,,,,,,,,,,,,,,,,,,,,,,,,,,,,,,,,,"oos misses, same half",over,"over, edge 6+",indoors,5-4,0.6,0.061,5-2,2.8,0.364,2-2,-0.2,-0.045,12-8,3.2,0.145,False,-9.0,,,,,,,,,,,,,,,,,
,,,,,,,,,,p3_rules_alt_chance,,,,,,,,,,,,,,,,,,,,,,,,,,,,,,,,,,,,,,,,,,,,,,,,,,,,,,,,,,,,,,,,,,,,,,,,,,,,,,,,,,,,,,,,"oos misses, same half",over,"over, edge 6+",outdoors,6-4,1.6,0.145,4-2,1.8,0.273,4-3,0.7,0.091,14-9,4.1,0.162,False,-9.0,,,,,,,,,,,,,,,,,
,,,,,,,,,,p3_rules_alt_chance,,,,,,,,,,,,,,,,,,,,,,,,,,,,,,,,,,,,,,,,,,,,,,,,,,,,,,,,,,,,,,,,,,,,,,,,,,,,,,,,,,,,,,,,"oos misses, same half",over,"over, edge 6+",line 47+,0-2,-2.2,-1.0,0-0,0.0,,0-1,-1.1,-1.0,0-3,-3.3,-1.0,False,-9.0,,,,,,,,,,,,,,,,,
,,,,,,,,,,p3_rules_alt_chance,,,,,,,,,,,,,,,,,,,,,,,,,,,,,,,,,,,,,,,,,,,,,,,,,,,,,,,,,,,,,,,,,,,,,,,,,,,,,,,,,,,,,,,,"oos misses, same half",over,"over, edge 6+",line under 43,6-5,0.5,0.041,5-2,2.8,0.364,5-4,0.6,0.061,16-11,3.9,0.131,False,-9.0,,,,,,,,,,,,,,,,,
,,,,,,,,,,p3_rules_alt_chance,,,,,,,,,,,,,,,,,,,,,,,,,,,,,,,,,,,,,,,,,,,,,,,,,,,,,,,,,,,,,,,,,,,,,,,,,,,,,,,,,,,,,,,,"oos misses, same half",over,"over, edge 6+",primetime,3-2,0.8,0.145,1-1,-0.1,-0.045,1-0,1.0,0.909,5-3,1.7,0.193,False,-9.0,,,,,,,,,,,,,,,,,
,,,,,,,,,,p3_rules_alt_chance,,,,,,,,,,,,,,,,,,,,,,,,,,,,,,,,,,,,,,,,,,,,,,,,,,,,,,,,,,,,,,,,,,,,,,,,,,,,,,,,,,,,,,,,"oos misses, same half",over,"over, edge 6+",day games,8-6,1.4,0.091,8-3,4.7,0.388,5-5,-0.5,-0.045,21-14,5.6,0.145,False,-9.0,,,,,,,,,,,,,,,,,
,,,,,,,,,,p3_rules_alt_chance,,,,,,,,,,,,,,,,,,,,,,,,,,,,,,,,,,,,,,,,,,,,,,,,,,,,,,,,,,,,,,,,,,,,,,,,,,,,,,,,,,,,,,,,"oos misses, same half",over,"over, edge 6+",division,5-3,1.7,0.193,4-2,1.8,0.273,4-2,1.8,0.273,13-7,5.3,0.241,False,-9.0,,,,,,,,,,,,,,,,,
,,,,,,,,,,p3_rules_alt_chance,,,,,,,,,,,,,,,,,,,,,,,,,,,,,,,,,,,,,,,,,,,,,,,,,,,,,,,,,,,,,,,,,,,,,,,,,,,,,,,,,,,,,,,,"oos misses, same half",over,"over, edge 6+",weeks 1-8,3-2,0.8,0.145,2-1,0.9,0.273,3-4,-1.4,-0.182,8-7,0.3,0.018,False,-9.0,,,,,,,,,,,,,,,,,
,,,,,,,,,,p3_rules_alt_chance,,,,,,,,,,,,,,,,,,,,,,,,,,,,,,,,,,,,,,,,,,,,,,,,,,,,,,,,,,,,,,,,,,,,,,,,,,,,,,,,,,,,,,,,"oos misses, same half",over,"over, edge 6+",weeks 9-17,8-6,1.4,0.091,7-3,3.7,0.336,3-1,1.9,0.432,18-10,7.0,0.227,False,-9.0,,,,,,,,,,,,,,,,,
,,,,,,,,,,p3_rules_alt_chance,,,,,,,,,,,,,,,,,,,,,,,,,,,,,,,,,,,,,,,,,,,,,,,,,,,,,,,,,,,,,,,,,,,,,,,,,,,,,,,,,,,,,,,,"oos misses, same half",over,"over, edge 3+ and chance 55%+",all,66-58,2.2,0.016,61-65,-10.5,-0.076,86-85,-7.5,-0.04,213-208,-15.8,-0.034,False,-0.076,,,,,,,,,,,,,,,,,
,,,,,,,,,,p3_rules_alt_chance,,,,,,,,,,,,,,,,,,,,,,,,,,,,,,,,,,,,,,,,,,,,,,,,,,,,,,,,,,,,,,,,,,,,,,,,,,,,,,,,,,,,,,,,"oos misses, same half",over,"over, edge 3+ and chance 55%+",indoors,21-23,-4.3,-0.089,24-20,2.0,0.041,34-34,-3.4,-0.045,79-77,-5.7,-0.033,False,-0.089,,,,,,,,,,,,,,,,,
,,,,,,,,,,p3_rules_alt_chance,,,,,,,,,,,,,,,,,,,,,,,,,,,,,,,,,,,,,,,,,,,,,,,,,,,,,,,,,,,,,,,,,,,,,,,,,,,,,,,,,,,,,,,,"oos misses, same half",over,"over, edge 3+ and chance 55%+",outdoors,45-35,6.5,0.074,37-45,-12.5,-0.139,52-51,-4.1,-0.036,134-131,-10.1,-0.035,False,-0.139,,,,,,,,,,,,,,,,,
,,,,,,,,,,p3_rules_alt_chance,,,,,,,,,,,,,,,,,,,,,,,,,,,,,,,,,,,,,,,,,,,,,,,,,,,,,,,,,,,,,,,,,,,,,,,,,,,,,,,,,,,,,,,,"oos misses, same half",over,"over, edge 3+ and chance 55%+",line 47+,3-5,-2.5,-0.284,6-10,-5.0,-0.284,5-7,-2.7,-0.205,14-22,-10.2,-0.258,False,-9.0,,,,,,,,,,,,,,,,,
,,,,,,,,,,p3_rules_alt_chance,,,,,,,,,,,,,,,,,,,,,,,,,,,,,,,,,,,,,,,,,,,,,,,,,,,,,,,,,,,,,,,,,,,,,,,,,,,,,,,,,,,,,,,,"oos misses, same half",over,"over, edge 3+ and chance 55%+",line under 43,37-34,-0.4,-0.005,29-30,-4.0,-0.062,57-43,9.7,0.088,123-107,5.3,0.021,False,-0.062,,,,,,,,,,,,,,,,,
,,,,,,,,,,p3_rules_alt_chance,,,,,,,,,,,,,,,,,,,,,,,,,,,,,,,,,,,,,,,,,,,,,,,,,,,,,,,,,,,,,,,,,,,,,,,,,,,,,,,,,,,,,,,,"oos misses, same half",over,"over, edge 3+ and chance 55%+",primetime,18-10,7.0,0.227,5-17,-13.7,-0.566,18-25,-9.5,-0.201,41-52,-16.2,-0.158,False,-0.566,,,,,,,,,,,,,,,,,
,,,,,,,,,,p3_rules_alt_chance,,,,,,,,,,,,,,,,,,,,,,,,,,,,,,,,,,,,,,,,,,,,,,,,,,,,,,,,,,,,,,,,,,,,,,,,,,,,,,,,,,,,,,,,"oos misses, same half",over,"over, edge 3+ and chance 55%+",day games,48-48,-4.8,-0.045,56-48,3.2,0.028,68-60,2.0,0.014,172-156,0.4,0.001,False,-0.045,,,,,,,,,,,,,,,,,
,,,,,,,,,,p3_rules_alt_chance,,,,,,,,,,,,,,,,,,,,,,,,,,,,,,,,,,,,,,,,,,,,,,,,,,,,,,,,,,,,,,,,,,,,,,,,,,,,,,,,,,,,,,,,"oos misses, same half",over,"over, edge 3+ and chance 55%+",division,26-30,-7.0,-0.114,31-30,-2.0,-0.03,34-30,1.0,0.014,91-90,-8.0,-0.04,False,-0.114,,,,,,,,,,,,,,,,,
,,,,,,,,,,p3_rules_alt_chance,,,,,,,,,,,,,,,,,,,,,,,,,,,,,,,,,,,,,,,,,,,,,,,,,,,,,,,,,,,,,,,,,,,,,,,,,,,,,,,,,,,,,,,,"oos misses, same half",over,"over, edge 3+ and chance 55%+",weeks 1-8,24-14,8.6,0.206,20-18,0.2,0.005,37-43,-10.3,-0.117,81-75,-1.5,-0.009,False,-0.117,,,,,,,,,,,,,,,,,
,,,,,,,,,,p3_rules_alt_chance,,,,,,,,,,,,,,,,,,,,,,,,,,,,,,,,,,,,,,,,,,,,,,,,,,,,,,,,,,,,,,,,,,,,,,,,,,,,,,,,,,,,,,,,"oos misses, same half",over,"over, edge 3+ and chance 55%+",weeks 9-17,42-44,-6.4,-0.068,41-47,-10.7,-0.111,49-42,2.8,0.028,132-133,-14.3,-0.049,False,-0.111,,,,,,,,,,,,,,,,,
,,,,,,,,,,p3_rules_alt_chance,,,,,,,,,,,,,,,,,,,,,,,,,,,,,,,,,,,,,,,,,,,,,,,,,,,,,,,,,,,,,,,,,,,,,,,,,,,,,,,,,,,,,,,,"oos misses, all",over,"over, chance 55%+",all,94-92,-7.2,-0.035,96-99,-12.9,-0.06,128-114,2.6,0.01,318-305,-17.5,-0.026,False,-0.06,,,,,,,,,,,,,,,,,
,,,,,,,,,,p3_rules_alt_chance,,,,,,,,,,,,,,,,,,,,,,,,,,,,,,,,,,,,,,,,,,,,,,,,,,,,,,,,,,,,,,,,,,,,,,,,,,,,,,,,,,,,,,,,"oos misses, all",over,"over, chance 55%+",indoors,28-33,-8.3,-0.124,36-29,4.1,0.057,49-51,-7.1,-0.065,113-113,-11.3,-0.045,False,-0.124,,,,,,,,,,,,,,,,,
,,,,,,,,,,p3_rules_alt_chance,,,,,,,,,,,,,,,,,,,,,,,,,,,,,,,,,,,,,,,,,,,,,,,,,,,,,,,,,,,,,,,,,,,,,,,,,,,,,,,,,,,,,,,,"oos misses, all",over,"over, chance 55%+",outdoors,66-59,1.1,0.008,60-70,-17.0,-0.119,79-63,9.7,0.062,205-192,-6.2,-0.014,False,-0.119,,,,,,,,,,,,,,,,,
,,,,,,,,,,p3_rules_alt_chance,,,,,,,,,,,,,,,,,,,,,,,,,,,,,,,,,,,,,,,,,,,,,,,,,,,,,,,,,,,,,,,,,,,,,,,,,,,,,,,,,,,,,,,,"oos misses, all",over,"over, chance 55%+",line 47+,9-14,-6.4,-0.253,15-17,-3.7,-0.105,14-10,3.0,0.114,38-41,-7.1,-0.082,False,-0.253,,,,,,,,,,,,,,,,,
,,,,,,,,,,p3_rules_alt_chance,,,,,,,,,,,,,,,,,,,,,,,,,,,,,,,,,,,,,,,,,,,,,,,,,,,,,,,,,,,,,,,,,,,,,,,,,,,,,,,,,,,,,,,,"oos misses, all",over,"over, chance 55%+",line under 43,47-40,3.0,0.031,39-36,-0.6,-0.007,79-58,15.2,0.101,165-134,17.6,0.054,False,-0.007,,,,,,,,,,,,,,,,,
,,,,,,,,,,p3_rules_alt_chance,,,,,,,,,,,,,,,,,,,,,,,,,,,,,,,,,,,,,,,,,,,,,,,,,,,,,,,,,,,,,,,,,,,,,,,,,,,,,,,,,,,,,,,,"oos misses, all",over,"over, chance 55%+",primetime,22-16,4.4,0.105,12-23,-13.3,-0.345,31-31,-3.1,-0.045,65-70,-12.0,-0.081,False,-0.345,,,,,,,,,,,,,,,,,
,,,,,,,,,,p3_rules_alt_chance,,,,,,,,,,,,,,,,,,,,,,,,,,,,,,,,,,,,,,,,,,,,,,,,,,,,,,,,,,,,,,,,,,,,,,,,,,,,,,,,,,,,,,,,"oos misses, all",over,"over, chance 55%+",day games,72-76,-11.6,-0.071,84-76,0.4,0.002,97-83,5.7,0.029,253-235,-5.5,-0.01,False,-0.071,,,,,,,,,,,,,,,,,
,,,,,,,,,,p3_rules_alt_chance,,,,,,,,,,,,,,,,,,,,,,,,,,,,,,,,,,,,,,,,,,,,,,,,,,,,,,,,,,,,,,,,,,,,,,,,,,,,,,,,,,,,,,,,"oos misses, all",over,"over, chance 55%+",division,41-40,-3.0,-0.034,43-41,-2.1,-0.023,45-40,1.0,0.011,129-121,-4.1,-0.015,False,-0.034,,,,,,,,,,,,,,,,,
,,,,,,,,,,p3_rules_alt_chance,,,,,,,,,,,,,,,,,,,,,,,,,,,,,,,,,,,,,,,,,,,,,,,,,,,,,,,,,,,,,,,,,,,,,,,,,,,,,,,,,,,,,,,,"oos misses, all",over,"over, chance 55%+",weeks 1-8,29-27,-0.7,-0.011,32-37,-8.7,-0.115,59-57,-3.7,-0.029,120-121,-13.1,-0.049,False,-0.115,,,,,,,,,,,,,,,,,
,,,,,,,,,,p3_rules_alt_chance,,,,,,,,,,,,,,,,,,,,,,,,,,,,,,,,,,,,,,,,,,,,,,,,,,,,,,,,,,,,,,,,,,,,,,,,,,,,,,,,,,,,,,,,"oos misses, all",over,"over, chance 55%+",weeks 9-17,65-65,-6.5,-0.045,64-62,-4.2,-0.03,69-57,6.3,0.045,198-184,-4.4,-0.01,False,-0.045,,,,,,,,,,,,,,,,,
,,,,,,,,,,p3_rules_alt_chance,,,,,,,,,,,,,,,,,,,,,,,,,,,,,,,,,,,,,,,,,,,,,,,,,,,,,,,,,,,,,,,,,,,,,,,,,,,,,,,,,,,,,,,,"oos misses, all",over,"over, chance 58%+",all,52-46,1.4,0.013,53-57,-9.7,-0.08,70-71,-8.1,-0.052,175-174,-16.4,-0.043,False,-0.08,,,,,,,,,,,,,,,,,
,,,,,,,,,,p3_rules_alt_chance,,,,,,,,,,,,,,,,,,,,,,,,,,,,,,,,,,,,,,,,,,,,,,,,,,,,,,,,,,,,,,,,,,,,,,,,,,,,,,,,,,,,,,,,"oos misses, all",over,"over, chance 58%+",indoors,16-18,-3.8,-0.102,23-17,4.3,0.098,28-32,-7.2,-0.109,67-67,-6.7,-0.045,False,-0.109,,,,,,,,,,,,,,,,,
,,,,,,,,,,p3_rules_alt_chance,,,,,,,,,,,,,,,,,,,,,,,,,,,,,,,,,,,,,,,,,,,,,,,,,,,,,,,,,,,,,,,,,,,,,,,,,,,,,,,,,,,,,,,,"oos misses, all",over,"over, chance 58%+",outdoors,36-28,5.2,0.074,30-40,-14.0,-0.182,42-39,-0.9,-0.01,108-107,-9.7,-0.041,False,-0.182,,,,,,,,,,,,,,,,,
,,,,,,,,,,p3_rules_alt_chance,,,,,,,,,,,,,,,,,,,,,,,,,,,,,,,,,,,,,,,,,,,,,,,,,,,,,,,,,,,,,,,,,,,,,,,,,,,,,,,,,,,,,,,,"oos misses, all",over,"over, chance 58%+",line 47+,1-4,-3.4,-0.618,5-7,-2.7,-0.205,3-5,-2.5,-0.284,9-16,-8.6,-0.313,False,-9.0,,,,,,,,,,,,,,,,,
,,,,,,,,,,p3_rules_alt_chance,,,,,,,,,,,,,,,,,,,,,,,,,,,,,,,,,,,,,,,,,,,,,,,,,,,,,,,,,,,,,,,,,,,,,,,,,,,,,,,,,,,,,,,,"oos misses, all",over,"over, chance 58%+",line under 43,28-25,0.5,0.009,22-26,-6.6,-0.125,47-36,7.4,0.081,97-87,1.3,0.006,False,-0.125,,,,,,,,,,,,,,,,,
,,,,,,,,,,p3_rules_alt_chance,,,,,,,,,,,,,,,,,,,,,,,,,,,,,,,,,,,,,,,,,,,,,,,,,,,,,,,,,,,,,,,,,,,,,,,,,,,,,,,,,,,,,,,,"oos misses, all",over,"over, chance 58%+",primetime,12-9,2.1,0.091,3-13,-11.3,-0.642,14-19,-6.9,-0.19,29-41,-16.1,-0.209,False,-0.642,,,,,,,,,,,,,,,,,
,,,,,,,,,,p3_rules_alt_chance,,,,,,,,,,,,,,,,,,,,,,,,,,,,,,,,,,,,,,,,,,,,,,,,,,,,,,,,,,,,,,,,,,,,,,,,,,,,,,,,,,,,,,,,"oos misses, all",over,"over, chance 58%+",day games,40-37,-0.7,-0.008,50-44,1.6,0.015,56-52,-1.2,-0.01,146-133,-0.3,-0.001,False,-0.01,,,,,,,,,,,,,,,,,
,,,,,,,,,,p3_rules_alt_chance,,,,,,,,,,,,,,,,,,,,,,,,,,,,,,,,,,,,,,,,,,,,,,,,,,,,,,,,,,,,,,,,,,,,,,,,,,,,,,,,,,,,,,,,"oos misses, all",over,"over, chance 58%+",division,19-27,-10.7,-0.211,26-26,-2.6,-0.045,30-25,2.5,0.041,75-78,-10.8,-0.064,False,-0.211,,,,,,,,,,,,,,,,,
,,,,,,,,,,p3_rules_alt_chance,,,,,,,,,,,,,,,,,,,,,,,,,,,,,,,,,,,,,,,,,,,,,,,,,,,,,,,,,,,,,,,,,,,,,,,,,,,,,,,,,,,,,,,,"oos misses, all",over,"over, chance 58%+",weeks 1-8,19-9,9.1,0.295,17-15,0.5,0.014,27-38,-14.8,-0.207,63-62,-5.2,-0.038,False,-0.207,,,,,,,,,,,,,,,,,
,,,,,,,,,,p3_rules_alt_chance,,,,,,,,,,,,,,,,,,,,,,,,,,,,,,,,,,,,,,,,,,,,,,,,,,,,,,,,,,,,,,,,,,,,,,,,,,,,,,,,,,,,,,,,"oos misses, all",over,"over, chance 58%+",weeks 9-17,33-37,-7.7,-0.1,36-42,-10.2,-0.119,43-33,6.7,0.08,112-112,-11.2,-0.045,False,-0.119,,,,,,,,,,,,,,,,,
,,,,,,,,,,p3_rules_alt_chance,,,,,,,,,,,,,,,,,,,,,,,,,,,,,,,,,,,,,,,,,,,,,,,,,,,,,,,,,,,,,,,,,,,,,,,,,,,,,,,,,,,,,,,,"oos misses, all",over,"over, chance 60%+",all,28-29,-3.9,-0.062,34-30,1.0,0.014,38-43,-9.3,-0.104,100-102,-12.2,-0.055,False,-0.104,,,,,,,,,,,,,,,,,
,,,,,,,,,,p3_rules_alt_chance,,,,,,,,,,,,,,,,,,,,,,,,,,,,,,,,,,,,,,,,,,,,,,,,,,,,,,,,,,,,,,,,,,,,,,,,,,,,,,,,,,,,,,,,"oos misses, all",over,"over, chance 60%+",indoors,6-13,-8.3,-0.397,13-13,-1.3,-0.045,20-21,-3.1,-0.069,39-47,-12.7,-0.134,False,-0.397,,,,,,,,,,,,,,,,,
,,,,,,,,,,p3_rules_alt_chance,,,,,,,,,,,,,,,,,,,,,,,,,,,,,,,,,,,,,,,,,,,,,,,,,,,,,,,,,,,,,,,,,,,,,,,,,,,,,,,,,,,,,,,,"oos misses, all",over,"over, chance 60%+",outdoors,22-16,4.4,0.105,21-17,2.3,0.055,18-22,-6.2,-0.141,61-55,0.5,0.004,False,-0.141,,,,,,,,,,,,,,,,,
,,,,,,,,,,p3_rules_alt_chance,,,,,,,,,,,,,,,,,,,,,,,,,,,,,,,,,,,,,,,,,,,,,,,,,,,,,,,,,,,,,,,,,,,,,,,,,,,,,,,,,,,,,,,,"oos misses, all",over,"over, chance 60%+",line 47+,0-3,-3.3,-1.0,2-3,-1.3,-0.236,1-3,-2.3,-0.523,3-9,-6.9,-0.523,False,-9.0,,,,,,,,,,,,,,,,,
,,,,,,,,,,p3_rules_alt_chance,,,,,,,,,,,,,,,,,,,,,,,,,,,,,,,,,,,,,,,,,,,,,,,,,,,,,,,,,,,,,,,,,,,,,,,,,,,,,,,,,,,,,,,,"oos misses, all",over,"over, chance 60%+",line under 43,15-18,-4.8,-0.132,18-10,7.0,0.227,27-25,-0.5,-0.009,60-53,1.7,0.014,False,-0.132,,,,,,,,,,,,,,,,,
,,,,,,,,,,p3_rules_alt_chance,,,,,,,,,,,,,,,,,,,,,,,,,,,,,,,,,,,,,,,,,,,,,,,,,,,,,,,,,,,,,,,,,,,,,,,,,,,,,,,,,,,,,,,,"oos misses, all",over,"over, chance 60%+",primetime,5-5,-0.5,-0.045,2-4,-2.4,-0.364,10-10,-1.0,-0.045,17-19,-3.9,-0.098,False,-9.0,,,,,,,,,,,,,,,,,
,,,,,,,,,,p3_rules_alt_chance,,,,,,,,,,,,,,,,,,,,,,,,,,,,,,,,,,,,,,,,,,,,,,,,,,,,,,,,,,,,,,,,,,,,,,,,,,,,,,,,,,,,,,,,"oos misses, all",over,"over, chance 60%+",day games,23-24,-3.4,-0.066,32-26,3.4,0.053,28-33,-8.3,-0.124,83-83,-8.3,-0.045,False,-0.124,,,,,,,,,,,,,,,,,
,,,,,,,,,,p3_rules_alt_chance,,,,,,,,,,,,,,,,,,,,,,,,,,,,,,,,,,,,,,,,,,,,,,,,,,,,,,,,,,,,,,,,,,,,,,,,,,,,,,,,,,,,,,,,"oos misses, all",over,"over, chance 60%+",division,7-18,-12.8,-0.465,14-11,1.9,0.069,19-16,1.4,0.036,40-45,-9.5,-0.102,False,-0.465,,,,,,,,,,,,,,,,,
,,,,,,,,,,p3_rules_alt_chance,,,,,,,,,,,,,,,,,,,,,,,,,,,,,,,,,,,,,,,,,,,,,,,,,,,,,,,,,,,,,,,,,,,,,,,,,,,,,,,,,,,,,,,,"oos misses, all",over,"over, chance 60%+",weeks 1-8,7-7,-0.7,-0.045,11-6,4.4,0.235,9-21,-14.1,-0.427,27-34,-10.4,-0.155,False,-9.0,,,,,,,,,,,,,,,,,
,,,,,,,,,,p3_rules_alt_chance,,,,,,,,,,,,,,,,,,,,,,,,,,,,,,,,,,,,,,,,,,,,,,,,,,,,,,,,,,,,,,,,,,,,,,,,,,,,,,,,,,,,,,,,"oos misses, all",over,"over, chance 60%+",weeks 9-17,21-22,-3.2,-0.068,23-24,-3.4,-0.066,29-22,4.8,0.086,73-68,-1.8,-0.012,False,-0.068,,,,,,,,,,,,,,,,,
,,,,,,,,,,p3_rules_alt_chance,,,,,,,,,,,,,,,,,,,,,,,,,,,,,,,,,,,,,,,,,,,,,,,,,,,,,,,,,,,,,,,,,,,,,,,,,,,,,,,,,,,,,,,,"oos misses, all",over,"over, chance 65%+",all,10-7,2.3,0.123,12-5,6.5,0.348,6-6,-0.6,-0.045,28-18,8.2,0.162,False,-9.0,,,,,,,,,,,,,,,,,
,,,,,,,,,,p3_rules_alt_chance,,,,,,,,,,,,,,,,,,,,,,,,,,,,,,,,,,,,,,,,,,,,,,,,,,,,,,,,,,,,,,,,,,,,,,,,,,,,,,,,,,,,,,,,"oos misses, all",over,"over, chance 65%+",indoors,5-3,1.7,0.193,6-3,2.7,0.273,2-3,-1.3,-0.236,13-9,3.1,0.128,False,-9.0,,,,,,,,,,,,,,,,,
,,,,,,,,,,p3_rules_alt_chance,,,,,,,,,,,,,,,,,,,,,,,,,,,,,,,,,,,,,,,,,,,,,,,,,,,,,,,,,,,,,,,,,,,,,,,,,,,,,,,,,,,,,,,,"oos misses, all",over,"over, chance 65%+",outdoors,5-4,0.6,0.061,6-2,3.8,0.432,4-3,0.7,0.091,15-9,5.1,0.193,False,-9.0,,,,,,,,,,,,,,,,,
,,,,,,,,,,p3_rules_alt_chance,,,,,,,,,,,,,,,,,,,,,,,,,,,,,,,,,,,,,,,,,,,,,,,,,,,,,,,,,,,,,,,,,,,,,,,,,,,,,,,,,,,,,,,,"oos misses, all",over,"over, chance 65%+",line 47+,0-2,-2.2,-1.0,1-0,1.0,0.909,0-1,-1.1,-1.0,1-3,-2.3,-0.523,False,-9.0,,,,,,,,,,,,,,,,,
,,,,,,,,,,p3_rules_alt_chance,,,,,,,,,,,,,,,,,,,,,,,,,,,,,,,,,,,,,,,,,,,,,,,,,,,,,,,,,,,,,,,,,,,,,,,,,,,,,,,,,,,,,,,,"oos misses, all",over,"over, chance 65%+",line under 43,5-4,0.6,0.061,6-3,2.7,0.273,5-5,-0.5,-0.045,16-12,2.8,0.091,False,-9.0,,,,,,,,,,,,,,,,,
,,,,,,,,,,p3_rules_alt_chance,,,,,,,,,,,,,,,,,,,,,,,,,,,,,,,,,,,,,,,,,,,,,,,,,,,,,,,,,,,,,,,,,,,,,,,,,,,,,,,,,,,,,,,,"oos misses, all",over,"over, chance 65%+",primetime,3-2,0.8,0.145,2-2,-0.2,-0.045,1-0,1.0,0.909,6-4,1.6,0.145,False,-9.0,,,,,,,,,,,,,,,,,
,,,,,,,,,,p3_rules_alt_chance,,,,,,,,,,,,,,,,,,,,,,,,,,,,,,,,,,,,,,,,,,,,,,,,,,,,,,,,,,,,,,,,,,,,,,,,,,,,,,,,,,,,,,,,"oos misses, all",over,"over, chance 65%+",day games,7-5,1.5,0.114,10-3,6.7,0.469,5-6,-1.6,-0.132,22-14,6.6,0.167,False,-9.0,,,,,,,,,,,,,,,,,
,,,,,,,,,,p3_rules_alt_chance,,,,,,,,,,,,,,,,,,,,,,,,,,,,,,,,,,,,,,,,,,,,,,,,,,,,,,,,,,,,,,,,,,,,,,,,,,,,,,,,,,,,,,,,"oos misses, all",over,"over, chance 65%+",division,5-3,1.7,0.193,5-2,2.8,0.364,4-2,1.8,0.273,14-7,6.3,0.273,False,-9.0,,,,,,,,,,,,,,,,,
,,,,,,,,,,p3_rules_alt_chance,,,,,,,,,,,,,,,,,,,,,,,,,,,,,,,,,,,,,,,,,,,,,,,,,,,,,,,,,,,,,,,,,,,,,,,,,,,,,,,,,,,,,,,,"oos misses, all",over,"over, chance 65%+",weeks 1-8,2-2,-0.2,-0.045,5-1,3.9,0.591,3-4,-1.4,-0.182,10-7,2.3,0.123,False,-9.0,,,,,,,,,,,,,,,,,
,,,,,,,,,,p3_rules_alt_chance,,,,,,,,,,,,,,,,,,,,,,,,,,,,,,,,,,,,,,,,,,,,,,,,,,,,,,,,,,,,,,,,,,,,,,,,,,,,,,,,,,,,,,,,"oos misses, all",over,"over, chance 65%+",weeks 9-17,8-5,2.5,0.175,7-4,2.6,0.215,3-2,0.8,0.145,18-11,5.9,0.185,False,-9.0,,,,,,,,,,,,,,,,,
,,,,,,,,,,p3_rules_alt_chance,,,,,,,,,,,,,,,,,,,,,,,,,,,,,,,,,,,,,,,,,,,,,,,,,,,,,,,,,,,,,,,,,,,,,,,,,,,,,,,,,,,,,,,,"oos misses, all",over,"over, edge 2+",all,136-134,-11.4,-0.038,108-113,-16.3,-0.067,143-137,-7.7,-0.025,387-384,-35.4,-0.042,False,-0.067,,,,,,,,,,,,,,,,,
,,,,,,,,,,p3_rules_alt_chance,,,,,,,,,,,,,,,,,,,,,,,,,,,,,,,,,,,,,,,,,,,,,,,,,,,,,,,,,,,,,,,,,,,,,,,,,,,,,,,,,,,,,,,,"oos misses, all",over,"over, edge 2+",indoors,41-49,-12.9,-0.13,43-32,7.8,0.095,54-64,-16.4,-0.126,138-145,-21.5,-0.069,False,-0.13,,,,,,,,,,,,,,,,,
,,,,,,,,,,p3_rules_alt_chance,,,,,,,,,,,,,,,,,,,,,,,,,,,,,,,,,,,,,,,,,,,,,,,,,,,,,,,,,,,,,,,,,,,,,,,,,,,,,,,,,,,,,,,,"oos misses, all",over,"over, edge 2+",outdoors,95-85,1.5,0.008,65-81,-24.1,-0.15,89-73,8.7,0.049,249-239,-13.9,-0.026,False,-0.15,,,,,,,,,,,,,,,,,
,,,,,,,,,,p3_rules_alt_chance,,,,,,,,,,,,,,,,,,,,,,,,,,,,,,,,,,,,,,,,,,,,,,,,,,,,,,,,,,,,,,,,,,,,,,,,,,,,,,,,,,,,,,,,"oos misses, all",over,"over, edge 2+",line 47+,21-24,-5.4,-0.109,18-19,-2.9,-0.071,15-13,0.7,0.023,54-56,-7.6,-0.063,False,-0.109,,,,,,,,,,,,,,,,,
,,,,,,,,,,p3_rules_alt_chance,,,,,,,,,,,,,,,,,,,,,,,,,,,,,,,,,,,,,,,,,,,,,,,,,,,,,,,,,,,,,,,,,,,,,,,,,,,,,,,,,,,,,,,,"oos misses, all",over,"over, edge 2+",line under 43,62-51,5.9,0.047,44-45,-5.5,-0.056,87-66,14.4,0.086,193-162,14.8,0.038,False,-0.056,,,,,,,,,,,,,,,,,
,,,,,,,,,,p3_rules_alt_chance,,,,,,,,,,,,,,,,,,,,,,,,,,,,,,,,,,,,,,,,,,,,,,,,,,,,,,,,,,,,,,,,,,,,,,,,,,,,,,,,,,,,,,,,"oos misses, all",over,"over, edge 2+",primetime,30-23,4.7,0.081,14-27,-15.7,-0.348,32-34,-5.4,-0.074,76-84,-16.4,-0.093,False,-0.348,,,,,,,,,,,,,,,,,
,,,,,,,,,,p3_rules_alt_chance,,,,,,,,,,,,,,,,,,,,,,,,,,,,,,,,,,,,,,,,,,,,,,,,,,,,,,,,,,,,,,,,,,,,,,,,,,,,,,,,,,,,,,,,"oos misses, all",over,"over, edge 2+",day games,106-111,-16.1,-0.067,94-86,-0.6,-0.003,111-103,-2.3,-0.01,311-300,-19.0,-0.028,False,-0.067,,,,,,,,,,,,,,,,,
,,,,,,,,,,p3_rules_alt_chance,,,,,,,,,,,,,,,,,,,,,,,,,,,,,,,,,,,,,,,,,,,,,,,,,,,,,,,,,,,,,,,,,,,,,,,,,,,,,,,,,,,,,,,,"oos misses, all",over,"over, edge 2+",division,63-56,1.4,0.011,47-48,-5.8,-0.056,50-51,-6.1,-0.055,160-155,-10.5,-0.03,False,-0.056,,,,,,,,,,,,,,,,,
,,,,,,,,,,p3_rules_alt_chance,,,,,,,,,,,,,,,,,,,,,,,,,,,,,,,,,,,,,,,,,,,,,,,,,,,,,,,,,,,,,,,,,,,,,,,,,,,,,,,,,,,,,,,,"oos misses, all",over,"over, edge 2+",weeks 1-8,50-47,-1.7,-0.016,39-44,-9.4,-0.103,67-64,-3.4,-0.024,156-155,-14.5,-0.042,False,-0.103,,,,,,,,,,,,,,,,,
,,,,,,,,,,p3_rules_alt_chance,,,,,,,,,,,,,,,,,,,,,,,,,,,,,,,,,,,,,,,,,,,,,,,,,,,,,,,,,,,,,,,,,,,,,,,,,,,,,,,,,,,,,,,,"oos misses, all",over,"over, edge 2+",weeks 9-17,86-87,-9.7,-0.051,69-69,-6.9,-0.045,76-73,-4.3,-0.026,231-229,-20.9,-0.041,False,-0.051,,,,,,,,,,,,,,,,,
,,,,,,,,,,p3_rules_alt_chance,,,,,,,,,,,,,,,,,,,,,,,,,,,,,,,,,,,,,,,,,,,,,,,,,,,,,,,,,,,,,,,,,,,,,,,,,,,,,,,,,,,,,,,,"oos misses, all",over,"over, edge 3+",all,70-66,-2.6,-0.017,61-65,-10.5,-0.076,86-85,-7.5,-0.04,217-216,-20.6,-0.043,False,-0.076,,,,,,,,,,,,,,,,,
,,,,,,,,,,p3_rules_alt_chance,,,,,,,,,,,,,,,,,,,,,,,,,,,,,,,,,,,,,,,,,,,,,,,,,,,,,,,,,,,,,,,,,,,,,,,,,,,,,,,,,,,,,,,,"oos misses, all",over,"over, edge 3+",indoors,21-27,-8.7,-0.165,24-20,2.0,0.041,34-34,-3.4,-0.045,79-81,-10.1,-0.057,False,-0.165,,,,,,,,,,,,,,,,,
,,,,,,,,,,p3_rules_alt_chance,,,,,,,,,,,,,,,,,,,,,,,,,,,,,,,,,,,,,,,,,,,,,,,,,,,,,,,,,,,,,,,,,,,,,,,,,,,,,,,,,,,,,,,,"oos misses, all",over,"over, edge 3+",outdoors,49-39,6.1,0.063,37-45,-12.5,-0.139,52-51,-4.1,-0.036,138-135,-10.5,-0.035,False,-0.139,,,,,,,,,,,,,,,,,
,,,,,,,,,,p3_rules_alt_chance,,,,,,,,,,,,,,,,,,,,,,,,,,,,,,,,,,,,,,,,,,,,,,,,,,,,,,,,,,,,,,,,,,,,,,,,,,,,,,,,,,,,,,,,"oos misses, all",over,"over, edge 3+",line 47+,4-8,-4.8,-0.364,6-10,-5.0,-0.284,5-7,-2.7,-0.205,15-25,-12.5,-0.284,False,-9.0,,,,,,,,,,,,,,,,,
,,,,,,,,,,p3_rules_alt_chance,,,,,,,,,,,,,,,,,,,,,,,,,,,,,,,,,,,,,,,,,,,,,,,,,,,,,,,,,,,,,,,,,,,,,,,,,,,,,,,,,,,,,,,,"oos misses, all",over,"over, edge 3+",line under 43,38-35,-0.5,-0.006,29-30,-4.0,-0.062,57-43,9.7,0.088,124-108,5.2,0.02,False,-0.062,,,,,,,,,,,,,,,,,
,,,,,,,,,,p3_rules_alt_chance,,,,,,,,,,,,,,,,,,,,,,,,,,,,,,,,,,,,,,,,,,,,,,,,,,,,,,,,,,,,,,,,,,,,,,,,,,,,,,,,,,,,,,,,"oos misses, all",over,"over, edge 3+",primetime,18-11,5.9,0.185,5-17,-13.7,-0.566,18-25,-9.5,-0.201,41-53,-17.3,-0.167,False,-0.566,,,,,,,,,,,,,,,,,
,,,,,,,,,,p3_rules_alt_chance,,,,,,,,,,,,,,,,,,,,,,,,,,,,,,,,,,,,,,,,,,,,,,,,,,,,,,,,,,,,,,,,,,,,,,,,,,,,,,,,,,,,,,,,"oos misses, all",over,"over, edge 3+",day games,52-55,-8.5,-0.072,56-48,3.2,0.028,68-60,2.0,0.014,176-163,-3.3,-0.009,False,-0.072,,,,,,,,,,,,,,,,,
,,,,,,,,,,p3_rules_alt_chance,,,,,,,,,,,,,,,,,,,,,,,,,,,,,,,,,,,,,,,,,,,,,,,,,,,,,,,,,,,,,,,,,,,,,,,,,,,,,,,,,,,,,,,,"oos misses, all",over,"over, edge 3+",division,28-32,-7.2,-0.109,31-30,-2.0,-0.03,34-30,1.0,0.014,93-92,-8.2,-0.04,False,-0.109,,,,,,,,,,,,,,,,,
,,,,,,,,,,p3_rules_alt_chance,,,,,,,,,,,,,,,,,,,,,,,,,,,,,,,,,,,,,,,,,,,,,,,,,,,,,,,,,,,,,,,,,,,,,,,,,,,,,,,,,,,,,,,,"oos misses, all",over,"over, edge 3+",weeks 1-8,25-16,7.4,0.164,20-18,0.2,0.005,37-43,-10.3,-0.117,82-77,-2.7,-0.015,False,-0.117,,,,,,,,,,,,,,,,,
,,,,,,,,,,p3_rules_alt_chance,,,,,,,,,,,,,,,,,,,,,,,,,,,,,,,,,,,,,,,,,,,,,,,,,,,,,,,,,,,,,,,,,,,,,,,,,,,,,,,,,,,,,,,,"oos misses, all",over,"over, edge 3+",weeks 9-17,45-50,-10.0,-0.096,41-47,-10.7,-0.111,49-42,2.8,0.028,135-139,-17.9,-0.059,False,-0.111,,,,,,,,,,,,,,,,,
,,,,,,,,,,p3_rules_alt_chance,,,,,,,,,,,,,,,,,,,,,,,,,,,,,,,,,,,,,,,,,,,,,,,,,,,,,,,,,,,,,,,,,,,,,,,,,,,,,,,,,,,,,,,,"oos misses, all",over,"over, edge 4+",all,36-38,-5.8,-0.071,33-29,1.1,0.016,43-44,-5.4,-0.056,112-111,-10.1,-0.041,False,-0.071,,,,,,,,,,,,,,,,,
,,,,,,,,,,p3_rules_alt_chance,,,,,,,,,,,,,,,,,,,,,,,,,,,,,,,,,,,,,,,,,,,,,,,,,,,,,,,,,,,,,,,,,,,,,,,,,,,,,,,,,,,,,,,,"oos misses, all",over,"over, edge 4+",indoors,7-14,-8.4,-0.364,12-12,-1.2,-0.045,20-21,-3.1,-0.069,39-47,-12.7,-0.134,False,-0.364,,,,,,,,,,,,,,,,,
,,,,,,,,,,p3_rules_alt_chance,,,,,,,,,,,,,,,,,,,,,,,,,,,,,,,,,,,,,,,,,,,,,,,,,,,,,,,,,,,,,,,,,,,,,,,,,,,,,,,,,,,,,,,,"oos misses, all",over,"over, edge 4+",outdoors,29-24,2.6,0.045,21-17,2.3,0.055,23-23,-2.3,-0.045,73-64,2.6,0.017,False,-0.045,,,,,,,,,,,,,,,,,
,,,,,,,,,,p3_rules_alt_chance,,,,,,,,,,,,,,,,,,,,,,,,,,,,,,,,,,,,,,,,,,,,,,,,,,,,,,,,,,,,,,,,,,,,,,,,,,,,,,,,,,,,,,,,"oos misses, all",over,"over, edge 4+",line 47+,0-3,-3.3,-1.0,2-3,-1.3,-0.236,1-3,-2.3,-0.523,3-9,-6.9,-0.523,False,-9.0,,,,,,,,,,,,,,,,,
,,,,,,,,,,p3_rules_alt_chance,,,,,,,,,,,,,,,,,,,,,,,,,,,,,,,,,,,,,,,,,,,,,,,,,,,,,,,,,,,,,,,,,,,,,,,,,,,,,,,,,,,,,,,,"oos misses, all",over,"over, edge 4+",line under 43,19-21,-4.1,-0.093,17-10,6.0,0.202,31-26,2.4,0.038,67-57,4.3,0.032,False,-0.093,,,,,,,,,,,,,,,,,
,,,,,,,,,,p3_rules_alt_chance,,,,,,,,,,,,,,,,,,,,,,,,,,,,,,,,,,,,,,,,,,,,,,,,,,,,,,,,,,,,,,,,,,,,,,,,,,,,,,,,,,,,,,,,"oos misses, all",over,"over, edge 4+",primetime,5-7,-2.7,-0.205,3-4,-1.4,-0.182,11-10,0.0,0.0,19-21,-4.1,-0.093,False,-9.0,,,,,,,,,,,,,,,,,
,,,,,,,,,,p3_rules_alt_chance,,,,,,,,,,,,,,,,,,,,,,,,,,,,,,,,,,,,,,,,,,,,,,,,,,,,,,,,,,,,,,,,,,,,,,,,,,,,,,,,,,,,,,,,"oos misses, all",over,"over, edge 4+",day games,31-31,-3.1,-0.045,30-25,2.5,0.041,32-34,-5.4,-0.074,93-90,-6.0,-0.03,False,-0.074,,,,,,,,,,,,,,,,,
,,,,,,,,,,p3_rules_alt_chance,,,,,,,,,,,,,,,,,,,,,,,,,,,,,,,,,,,,,,,,,,,,,,,,,,,,,,,,,,,,,,,,,,,,,,,,,,,,,,,,,,,,,,,,"oos misses, all",over,"over, edge 4+",division,12-24,-14.4,-0.364,14-12,0.8,0.028,20-16,2.4,0.061,46-52,-11.2,-0.104,False,-0.364,,,,,,,,,,,,,,,,,
,,,,,,,,,,p3_rules_alt_chance,,,,,,,,,,,,,,,,,,,,,,,,,,,,,,,,,,,,,,,,,,,,,,,,,,,,,,,,,,,,,,,,,,,,,,,,,,,,,,,,,,,,,,,,"oos misses, all",over,"over, edge 4+",weeks 1-8,10-8,1.2,0.061,10-5,4.5,0.273,13-22,-11.2,-0.291,33-35,-5.5,-0.074,False,-0.291,,,,,,,,,,,,,,,,,
,,,,,,,,,,p3_rules_alt_chance,,,,,,,,,,,,,,,,,,,,,,,,,,,,,,,,,,,,,,,,,,,,,,,,,,,,,,,,,,,,,,,,,,,,,,,,,,,,,,,,,,,,,,,,"oos misses, all",over,"over, edge 4+",weeks 9-17,26-30,-7.0,-0.114,23-24,-3.4,-0.066,30-22,5.8,0.101,79-76,-4.6,-0.027,False,-0.114,,,,,,,,,,,,,,,,,
,,,,,,,,,,p3_rules_alt_chance,,,,,,,,,,,,,,,,,,,,,,,,,,,,,,,,,,,,,,,,,,,,,,,,,,,,,,,,,,,,,,,,,,,,,,,,,,,,,,,,,,,,,,,,"oos misses, all",over,"over, edge 5+",all,19-20,-3.0,-0.07,15-11,2.9,0.101,14-16,-3.6,-0.109,48-47,-3.7,-0.035,False,-0.109,,,,,,,,,,,,,,,,,
,,,,,,,,,,p3_rules_alt_chance,,,,,,,,,,,,,,,,,,,,,,,,,,,,,,,,,,,,,,,,,,,,,,,,,,,,,,,,,,,,,,,,,,,,,,,,,,,,,,,,,,,,,,,,"oos misses, all",over,"over, edge 5+",indoors,7-5,1.5,0.114,9-7,1.3,0.074,8-9,-1.9,-0.102,24-21,0.9,0.018,False,-9.0,,,,,,,,,,,,,,,,,
,,,,,,,,,,p3_rules_alt_chance,,,,,,,,,,,,,,,,,,,,,,,,,,,,,,,,,,,,,,,,,,,,,,,,,,,,,,,,,,,,,,,,,,,,,,,,,,,,,,,,,,,,,,,,"oos misses, all",over,"over, edge 5+",outdoors,12-15,-4.5,-0.152,6-4,1.6,0.145,6-7,-1.7,-0.119,24-26,-4.6,-0.084,False,-9.0,,,,,,,,,,,,,,,,,
,,,,,,,,,,p3_rules_alt_chance,,,,,,,,,,,,,,,,,,,,,,,,,,,,,,,,,,,,,,,,,,,,,,,,,,,,,,,,,,,,,,,,,,,,,,,,,,,,,,,,,,,,,,,,"oos misses, all",over,"over, edge 5+",line 47+,0-3,-3.3,-1.0,1-0,1.0,0.909,1-1,-0.1,-0.045,2-4,-2.4,-0.364,False,-9.0,,,,,,,,,,,,,,,,,
,,,,,,,,,,p3_rules_alt_chance,,,,,,,,,,,,,,,,,,,,,,,,,,,,,,,,,,,,,,,,,,,,,,,,,,,,,,,,,,,,,,,,,,,,,,,,,,,,,,,,,,,,,,,,"oos misses, all",over,"over, edge 5+",line under 43,11-12,-2.2,-0.087,8-5,2.5,0.175,9-11,-3.1,-0.141,28-28,-2.8,-0.045,False,-9.0,,,,,,,,,,,,,,,,,
,,,,,,,,,,p3_rules_alt_chance,,,,,,,,,,,,,,,,,,,,,,,,,,,,,,,,,,,,,,,,,,,,,,,,,,,,,,,,,,,,,,,,,,,,,,,,,,,,,,,,,,,,,,,,"oos misses, all",over,"over, edge 5+",primetime,3-4,-1.4,-0.182,2-3,-1.3,-0.236,2-3,-1.3,-0.236,7-10,-4.0,-0.214,False,-9.0,,,,,,,,,,,,,,,,,
,,,,,,,,,,p3_rules_alt_chance,,,,,,,,,,,,,,,,,,,,,,,,,,,,,,,,,,,,,,,,,,,,,,,,,,,,,,,,,,,,,,,,,,,,,,,,,,,,,,,,,,,,,,,,"oos misses, all",over,"over, edge 5+",day games,16-16,-1.6,-0.045,13-8,4.2,0.182,12-13,-2.3,-0.084,41-37,0.3,0.003,False,-0.084,,,,,,,,,,,,,,,,,
,,,,,,,,,,p3_rules_alt_chance,,,,,,,,,,,,,,,,,,,,,,,,,,,,,,,,,,,,,,,,,,,,,,,,,,,,,,,,,,,,,,,,,,,,,,,,,,,,,,,,,,,,,,,,"oos misses, all",over,"over, edge 5+",division,7-12,-6.2,-0.297,5-3,1.7,0.193,6-7,-1.7,-0.119,18-22,-6.2,-0.141,False,-9.0,,,,,,,,,,,,,,,,,
,,,,,,,,,,p3_rules_alt_chance,,,,,,,,,,,,,,,,,,,,,,,,,,,,,,,,,,,,,,,,,,,,,,,,,,,,,,,,,,,,,,,,,,,,,,,,,,,,,,,,,,,,,,,,"oos misses, all",over,"over, edge 5+",weeks 1-8,5-4,0.6,0.061,5-1,3.9,0.591,5-11,-7.1,-0.403,15-16,-2.6,-0.076,False,-9.0,,,,,,,,,,,,,,,,,
,,,,,,,,,,p3_rules_alt_chance,,,,,,,,,,,,,,,,,,,,,,,,,,,,,,,,,,,,,,,,,,,,,,,,,,,,,,,,,,,,,,,,,,,,,,,,,,,,,,,,,,,,,,,,"oos misses, all",over,"over, edge 5+",weeks 9-17,14-16,-3.6,-0.109,10-10,-1.0,-0.045,9-5,3.5,0.227,33-31,-1.1,-0.016,False,-9.0,,,,,,,,,,,,,,,,,
,,,,,,,,,,p3_rules_alt_chance,,,,,,,,,,,,,,,,,,,,,,,,,,,,,,,,,,,,,,,,,,,,,,,,,,,,,,,,,,,,,,,,,,,,,,,,,,,,,,,,,,,,,,,,"oos misses, all",over,"over, edge 6+",all,11-8,2.2,0.105,9-4,4.6,0.322,6-5,0.5,0.041,26-17,7.3,0.154,False,-9.0,,,,,,,,,,,,,,,,,
,,,,,,,,,,p3_rules_alt_chance,,,,,,,,,,,,,,,,,,,,,,,,,,,,,,,,,,,,,,,,,,,,,,,,,,,,,,,,,,,,,,,,,,,,,,,,,,,,,,,,,,,,,,,,"oos misses, all",over,"over, edge 6+",indoors,5-4,0.6,0.061,5-2,2.8,0.364,2-2,-0.2,-0.045,12-8,3.2,0.145,False,-9.0,,,,,,,,,,,,,,,,,
,,,,,,,,,,p3_rules_alt_chance,,,,,,,,,,,,,,,,,,,,,,,,,,,,,,,,,,,,,,,,,,,,,,,,,,,,,,,,,,,,,,,,,,,,,,,,,,,,,,,,,,,,,,,,"oos misses, all",over,"over, edge 6+",outdoors,6-4,1.6,0.145,4-2,1.8,0.273,4-3,0.7,0.091,14-9,4.1,0.162,False,-9.0,,,,,,,,,,,,,,,,,
,,,,,,,,,,p3_rules_alt_chance,,,,,,,,,,,,,,,,,,,,,,,,,,,,,,,,,,,,,,,,,,,,,,,,,,,,,,,,,,,,,,,,,,,,,,,,,,,,,,,,,,,,,,,,"oos misses, all",over,"over, edge 6+",line 47+,0-2,-2.2,-1.0,0-0,0.0,,0-1,-1.1,-1.0,0-3,-3.3,-1.0,False,-9.0,,,,,,,,,,,,,,,,,
,,,,,,,,,,p3_rules_alt_chance,,,,,,,,,,,,,,,,,,,,,,,,,,,,,,,,,,,,,,,,,,,,,,,,,,,,,,,,,,,,,,,,,,,,,,,,,,,,,,,,,,,,,,,,"oos misses, all",over,"over, edge 6+",line under 43,6-5,0.5,0.041,5-2,2.8,0.364,5-4,0.6,0.061,16-11,3.9,0.131,False,-9.0,,,,,,,,,,,,,,,,,
,,,,,,,,,,p3_rules_alt_chance,,,,,,,,,,,,,,,,,,,,,,,,,,,,,,,,,,,,,,,,,,,,,,,,,,,,,,,,,,,,,,,,,,,,,,,,,,,,,,,,,,,,,,,,"oos misses, all",over,"over, edge 6+",primetime,3-2,0.8,0.145,1-1,-0.1,-0.045,1-0,1.0,0.909,5-3,1.7,0.193,False,-9.0,,,,,,,,,,,,,,,,,
,,,,,,,,,,p3_rules_alt_chance,,,,,,,,,,,,,,,,,,,,,,,,,,,,,,,,,,,,,,,,,,,,,,,,,,,,,,,,,,,,,,,,,,,,,,,,,,,,,,,,,,,,,,,,"oos misses, all",over,"over, edge 6+",day games,8-6,1.4,0.091,8-3,4.7,0.388,5-5,-0.5,-0.045,21-14,5.6,0.145,False,-9.0,,,,,,,,,,,,,,,,,
,,,,,,,,,,p3_rules_alt_chance,,,,,,,,,,,,,,,,,,,,,,,,,,,,,,,,,,,,,,,,,,,,,,,,,,,,,,,,,,,,,,,,,,,,,,,,,,,,,,,,,,,,,,,,"oos misses, all",over,"over, edge 6+",division,5-3,1.7,0.193,4-2,1.8,0.273,4-2,1.8,0.273,13-7,5.3,0.241,False,-9.0,,,,,,,,,,,,,,,,,
,,,,,,,,,,p3_rules_alt_chance,,,,,,,,,,,,,,,,,,,,,,,,,,,,,,,,,,,,,,,,,,,,,,,,,,,,,,,,,,,,,,,,,,,,,,,,,,,,,,,,,,,,,,,,"oos misses, all",over,"over, edge 6+",weeks 1-8,3-2,0.8,0.145,2-1,0.9,0.273,3-4,-1.4,-0.182,8-7,0.3,0.018,False,-9.0,,,,,,,,,,,,,,,,,
,,,,,,,,,,p3_rules_alt_chance,,,,,,,,,,,,,,,,,,,,,,,,,,,,,,,,,,,,,,,,,,,,,,,,,,,,,,,,,,,,,,,,,,,,,,,,,,,,,,,,,,,,,,,,"oos misses, all",over,"over, edge 6+",weeks 9-17,8-6,1.4,0.091,7-3,3.7,0.336,3-1,1.9,0.432,18-10,7.0,0.227,False,-9.0,,,,,,,,,,,,,,,,,
,,,,,,,,,,p3_rules_alt_chance,,,,,,,,,,,,,,,,,,,,,,,,,,,,,,,,,,,,,,,,,,,,,,,,,,,,,,,,,,,,,,,,,,,,,,,,,,,,,,,,,,,,,,,,"oos misses, all",over,"over, edge 3+ and chance 55%+",all,69-65,-2.5,-0.017,61-65,-10.5,-0.076,86-85,-7.5,-0.04,216-215,-20.5,-0.043,False,-0.076,,,,,,,,,,,,,,,,,
,,,,,,,,,,p3_rules_alt_chance,,,,,,,,,,,,,,,,,,,,,,,,,,,,,,,,,,,,,,,,,,,,,,,,,,,,,,,,,,,,,,,,,,,,,,,,,,,,,,,,,,,,,,,,"oos misses, all",over,"over, edge 3+ and chance 55%+",indoors,21-27,-8.7,-0.165,24-20,2.0,0.041,34-34,-3.4,-0.045,79-81,-10.1,-0.057,False,-0.165,,,,,,,,,,,,,,,,,
,,,,,,,,,,p3_rules_alt_chance,,,,,,,,,,,,,,,,,,,,,,,,,,,,,,,,,,,,,,,,,,,,,,,,,,,,,,,,,,,,,,,,,,,,,,,,,,,,,,,,,,,,,,,,"oos misses, all",over,"over, edge 3+ and chance 55%+",outdoors,48-38,6.2,0.066,37-45,-12.5,-0.139,52-51,-4.1,-0.036,137-134,-10.4,-0.035,False,-0.139,,,,,,,,,,,,,,,,,
,,,,,,,,,,p3_rules_alt_chance,,,,,,,,,,,,,,,,,,,,,,,,,,,,,,,,,,,,,,,,,,,,,,,,,,,,,,,,,,,,,,,,,,,,,,,,,,,,,,,,,,,,,,,,"oos misses, all",over,"over, edge 3+ and chance 55%+",line 47+,4-8,-4.8,-0.364,6-10,-5.0,-0.284,5-7,-2.7,-0.205,15-25,-12.5,-0.284,False,-9.0,,,,,,,,,,,,,,,,,
,,,,,,,,,,p3_rules_alt_chance,,,,,,,,,,,,,,,,,,,,,,,,,,,,,,,,,,,,,,,,,,,,,,,,,,,,,,,,,,,,,,,,,,,,,,,,,,,,,,,,,,,,,,,,"oos misses, all",over,"over, edge 3+ and chance 55%+",line under 43,37-34,-0.4,-0.005,29-30,-4.0,-0.062,57-43,9.7,0.088,123-107,5.3,0.021,False,-0.062,,,,,,,,,,,,,,,,,
,,,,,,,,,,p3_rules_alt_chance,,,,,,,,,,,,,,,,,,,,,,,,,,,,,,,,,,,,,,,,,,,,,,,,,,,,,,,,,,,,,,,,,,,,,,,,,,,,,,,,,,,,,,,,"oos misses, all",over,"over, edge 3+ and chance 55%+",primetime,18-11,5.9,0.185,5-17,-13.7,-0.566,18-25,-9.5,-0.201,41-53,-17.3,-0.167,False,-0.566,,,,,,,,,,,,,,,,,
,,,,,,,,,,p3_rules_alt_chance,,,,,,,,,,,,,,,,,,,,,,,,,,,,,,,,,,,,,,,,,,,,,,,,,,,,,,,,,,,,,,,,,,,,,,,,,,,,,,,,,,,,,,,,"oos misses, all",over,"over, edge 3+ and chance 55%+",day games,51-54,-8.4,-0.073,56-48,3.2,0.028,68-60,2.0,0.014,175-162,-3.2,-0.009,False,-0.073,,,,,,,,,,,,,,,,,
,,,,,,,,,,p3_rules_alt_chance,,,,,,,,,,,,,,,,,,,,,,,,,,,,,,,,,,,,,,,,,,,,,,,,,,,,,,,,,,,,,,,,,,,,,,,,,,,,,,,,,,,,,,,,"oos misses, all",over,"over, edge 3+ and chance 55%+",division,28-32,-7.2,-0.109,31-30,-2.0,-0.03,34-30,1.0,0.014,93-92,-8.2,-0.04,False,-0.109,,,,,,,,,,,,,,,,,
,,,,,,,,,,p3_rules_alt_chance,,,,,,,,,,,,,,,,,,,,,,,,,,,,,,,,,,,,,,,,,,,,,,,,,,,,,,,,,,,,,,,,,,,,,,,,,,,,,,,,,,,,,,,,"oos misses, all",over,"over, edge 3+ and chance 55%+",weeks 1-8,24-15,7.5,0.175,20-18,0.2,0.005,37-43,-10.3,-0.117,81-76,-2.6,-0.015,False,-0.117,,,,,,,,,,,,,,,,,
,,,,,,,,,,p3_rules_alt_chance,,,,,,,,,,,,,,,,,,,,,,,,,,,,,,,,,,,,,,,,,,,,,,,,,,,,,,,,,,,,,,,,,,,,,,,,,,,,,,,,,,,,,,,,"oos misses, all",over,"over, edge 3+ and chance 55%+",weeks 9-17,45-50,-10.0,-0.096,41-47,-10.7,-0.111,49-42,2.8,0.028,135-139,-17.9,-0.059,False,-0.111,,,,,,,,,,,,,,,,,
