ts,season,week,game_id,home,away,start,book,market,stat,player,line,over_price,under_price
2026-09-23T17-01-12Z,2026,3,2026_03_ATL_GB,GB,ATL,2026-09-25T00:15:00Z,draftkings,player_anytime_td,anytime_td,Bijan Robinson,,-160,
2026-09-23T17-01-12Z,2026,3,2026_03_ATL_GB,GB,ATL,2026-09-25T00:15:00Z,draftkings,player_anytime_td,anytime_td,Christian Watson,,160,
2026-09-23T17-01-12Z,2026,3,2026_03_ATL_GB,GB,ATL,2026-09-25T00:15:00Z,draftkings,player_anytime_td,anytime_td,Drake London,,175,
2026-09-23T17-01-12Z,2026,3,2026_03_ATL_GB,GB,ATL,2026-09-25T00:15:00Z,draftkings,player_anytime_td,anytime_td,Tucker Kraft,,185,
2026-09-23T17-01-12Z,2026,3,2026_03_ATL_GB,GB,ATL,2026-09-25T00:15:00Z,draftkings,player_anytime_td,anytime_td,Kaleb Johnson,,195,
2026-09-23T17-01-12Z,2026,3,2026_03_ATL_GB,GB,ATL,2026-09-25T00:15:00Z,draftkings,player_anytime_td,anytime_td,MarShawn Lloyd,,195,
2026-09-23T17-01-12Z,2026,3,2026_03_ATL_GB,GB,ATL,2026-09-25T00:15:00Z,draftkings,player_anytime_td,anytime_td,Matthew Golden,,210,
2026-09-23T17-01-12Z,2026,3,2026_03_ATL_GB,GB,ATL,2026-09-25T00:15:00Z,draftkings,player_anytime_td,anytime_td,Chris Brooks,,235,
2026-09-23T17-01-12Z,2026,3,2026_03_ATL_GB,GB,ATL,2026-09-25T00:15:00Z,draftkings,player_anytime_td,anytime_td,Kyle Pitts,,370,
2026-09-23T17-01-12Z,2026,3,2026_03_ATL_GB,GB,ATL,2026-09-25T00:15:00Z,draftkings,player_anytime_td,anytime_td,Brian Robinson Jr.,,450,
2026-09-23T17-01-12Z,2026,3,2026_03_ATL_GB,GB,ATL,2026-09-25T00:15:00Z,draftkings,player_anytime_td,anytime_td,Skyy Moore,,475,
2026-09-23T17-01-12Z,2026,3,2026_03_ATL_GB,GB,ATL,2026-09-25T00:15:00Z,draftkings,player_anytime_td,anytime_td,Green Bay Packers D/ST,,500,
2026-09-23T17-01-12Z,2026,3,2026_03_ATL_GB,GB,ATL,2026-09-25T00:15:00Z,draftkings,player_anytime_td,anytime_td,Jordan Love,,550,
2026-09-23T17-01-12Z,2026,3,2026_03_ATL_GB,GB,ATL,2026-09-25T00:15:00Z,draftkings,player_anytime_td,anytime_td,Atlanta Falcons D/ST,,550,
2026-09-23T17-01-12Z,2026,3,2026_03_ATL_GB,GB,ATL,2026-09-25T00:15:00Z,draftkings,player_anytime_td,anytime_td,Jonnu Smith,,600,
2026-09-23T17-01-12Z,2026,3,2026_03_ATL_GB,GB,ATL,2026-09-25T00:15:00Z,draftkings,player_anytime_td,anytime_td,Jahan Dotson,,750,
2026-09-23T17-01-12Z,2026,3,2026_03_ATL_GB,GB,ATL,2026-09-25T00:15:00Z,draftkings,player_anytime_td,anytime_td,Olamide Zaccheaus,,750,
2026-09-23T17-01-12Z,2026,3,2026_03_ATL_GB,GB,ATL,2026-09-25T00:15:00Z,draftkings,player_anytime_td,anytime_td,Bo Melton,,850,
2026-09-23T17-01-12Z,2026,3,2026_03_ATL_GB,GB,ATL,2026-09-25T00:15:00Z,draftkings,player_anytime_td,anytime_td,Zachariah Branch,,1000,
2026-09-23T17-01-12Z,2026,3,2026_03_ATL_GB,GB,ATL,2026-09-25T00:15:00Z,draftkings,player_anytime_td,anytime_td,Michael Penix Jr.,,1000,
2026-09-23T17-01-12Z,2026,3,2026_03_ATL_GB,GB,ATL,2026-09-25T00:15:00Z,draftkings,player_anytime_td,anytime_td,Austin Hooper,,1400,
2026-09-23T17-01-12Z,2026,3,2026_03_ATL_GB,GB,ATL,2026-09-25T00:15:00Z,draftkings,player_anytime_td,anytime_td,Mark Redman,,1800,
2026-09-23T17-01-12Z,2026,3,2026_03_ATL_GB,GB,ATL,2026-09-25T00:15:00Z,draftkings,player_anytime_td,anytime_td,Josh Whyle,,2000,
2026-09-23T17-01-12Z,2026,3,2026_03_ATL_GB,GB,ATL,2026-09-25T00:15:00Z,draftkings,player_anytime_td,anytime_td,Charlie Woerner,,2200,
2026-09-23T17-01-12Z,2026,3,2026_03_ATL_GB,GB,ATL,2026-09-25T00:15:00Z,draftkings,player_anytime_td,anytime_td,Nick Muse,,4000,
2026-09-23T17-01-12Z,2026,3,2026_03_ATL_GB,GB,ATL,2026-09-25T00:15:00Z,draftkings,player_anytime_td,anytime_td,Chris Blair,,6000,
2026-09-23T17-01-12Z,2026,3,2026_03_ATL_GB,GB,ATL,2026-09-25T00:15:00Z,draftkings,player_pass_yds,pass_yards,Jordan Love,227.5,-112,-112.0
2026-09-23T17-01-12Z,2026,3,2026_03_ATL_GB,GB,ATL,2026-09-25T00:15:00Z,draftkings,player_pass_yds,pass_yards,Michael Penix Jr.,201.5,-112,-112.0
2026-09-23T17-01-12Z,2026,3,2026_03_ATL_GB,GB,ATL,2026-09-25T00:15:00Z,draftkings,player_reception_yds,rec_yards,Christian Watson,67.5,-111,-113.0
2026-09-23T17-01-12Z,2026,3,2026_03_ATL_GB,GB,ATL,2026-09-25T00:15:00Z,draftkings,player_reception_yds,rec_yards,Drake London,66.5,-112,-112.0
2026-09-23T17-01-12Z,2026,3,2026_03_ATL_GB,GB,ATL,2026-09-25T00:15:00Z,draftkings,player_reception_yds,rec_yards,Matthew Golden,52.5,-113,-111.0
2026-09-23T17-01-12Z,2026,3,2026_03_ATL_GB,GB,ATL,2026-09-25T00:15:00Z,draftkings,player_reception_yds,rec_yards,Tucker Kraft,46.5,-110,-115.0
2026-09-23T17-01-12Z,2026,3,2026_03_ATL_GB,GB,ATL,2026-09-25T00:15:00Z,draftkings,player_reception_yds,rec_yards,Bijan Robinson,39.5,-111,-113.0
2026-09-23T17-01-12Z,2026,3,2026_03_ATL_GB,GB,ATL,2026-09-25T00:15:00Z,draftkings,player_reception_yds,rec_yards,Kyle Pitts,35.5,-110,-114.0
2026-09-23T17-01-12Z,2026,3,2026_03_ATL_GB,GB,ATL,2026-09-25T00:15:00Z,draftkings,player_reception_yds,rec_yards,Jahan Dotson,17.5,-109,-115.0
2026-09-23T17-01-12Z,2026,3,2026_03_ATL_GB,GB,ATL,2026-09-25T00:15:00Z,draftkings,player_reception_yds,rec_yards,Olamide Zaccheaus,10.5,-117,-107.0
2026-09-23T17-01-12Z,2026,3,2026_03_ATL_GB,GB,ATL,2026-09-25T00:15:00Z,draftkings,player_reception_yds,rec_yards,Skyy Moore,9.5,-110,-114.0
2026-09-23T17-01-12Z,2026,3,2026_03_ATL_GB,GB,ATL,2026-09-25T00:15:00Z,draftkings,player_reception_yds,rec_yards,Chris Brooks,8.5,-106,-118.0
2026-09-23T17-01-12Z,2026,3,2026_03_ATL_GB,GB,ATL,2026-09-25T00:15:00Z,draftkings,player_reception_yds,rec_yards,Jonnu Smith,8.5,-104,-121.0
2026-09-23T17-01-12Z,2026,3,2026_03_ATL_GB,GB,ATL,2026-09-25T00:15:00Z,draftkings,player_reception_yds,rec_yards,MarShawn Lloyd,5.5,-113,-111.0
2026-09-23T17-01-12Z,2026,3,2026_03_ATL_GB,GB,ATL,2026-09-25T00:15:00Z,draftkings,player_receptions,rec_catches,Drake London,5.5,-101,-127.0
2026-09-23T17-01-12Z,2026,3,2026_03_ATL_GB,GB,ATL,2026-09-25T00:15:00Z,draftkings,player_receptions,rec_catches,Christian Watson,4.5,-127,100.0
2026-09-23T17-01-12Z,2026,3,2026_03_ATL_GB,GB,ATL,2026-09-25T00:15:00Z,draftkings,player_receptions,rec_catches,Bijan Robinson,4.5,-112,-114.0
2026-09-23T17-01-12Z,2026,3,2026_03_ATL_GB,GB,ATL,2026-09-25T00:15:00Z,draftkings,player_receptions,rec_catches,Matthew Golden,4.5,104,-133.0
2026-09-23T17-01-12Z,2026,3,2026_03_ATL_GB,GB,ATL,2026-09-25T00:15:00Z,draftkings,player_receptions,rec_catches,Tucker Kraft,4.5,130,-166.0
2026-09-23T17-01-12Z,2026,3,2026_03_ATL_GB,GB,ATL,2026-09-25T00:15:00Z,draftkings,player_receptions,rec_catches,Kyle Pitts,3.5,-122,-104.0
2026-09-23T17-01-12Z,2026,3,2026_03_ATL_GB,GB,ATL,2026-09-25T00:15:00Z,draftkings,player_receptions,rec_catches,Jahan Dotson,1.5,-136,107.0
2026-09-23T17-01-12Z,2026,3,2026_03_ATL_GB,GB,ATL,2026-09-25T00:15:00Z,draftkings,player_receptions,rec_catches,Chris Brooks,1.5,106,-135.0
2026-09-23T17-01-12Z,2026,3,2026_03_ATL_GB,GB,ATL,2026-09-25T00:15:00Z,draftkings,player_receptions,rec_catches,Jonnu Smith,1.5,131,-168.0
2026-09-23T17-01-12Z,2026,3,2026_03_ATL_GB,GB,ATL,2026-09-25T00:15:00Z,draftkings,player_receptions,rec_catches,Skyy Moore,1.5,132,-170.0
2026-09-23T17-01-12Z,2026,3,2026_03_ATL_GB,GB,ATL,2026-09-25T00:15:00Z,draftkings,player_receptions,rec_catches,Olamide Zaccheaus,1.5,143,-184.0
2026-09-23T17-01-12Z,2026,3,2026_03_ATL_GB,GB,ATL,2026-09-25T00:15:00Z,draftkings,player_receptions,rec_catches,MarShawn Lloyd,1.5,155,-199.0
2026-09-23T17-01-12Z,2026,3,2026_03_ATL_GB,GB,ATL,2026-09-25T00:15:00Z,draftkings,player_rush_yds,rush_yards,Bijan Robinson,77.5,-111,-113.0
2026-09-23T17-01-12Z,2026,3,2026_03_ATL_GB,GB,ATL,2026-09-25T00:15:00Z,draftkings,player_rush_yds,rush_yards,Kaleb Johnson,34.5,-111,-113.0
2026-09-23T17-01-12Z,2026,3,2026_03_ATL_GB,GB,ATL,2026-09-25T00:15:00Z,draftkings,player_rush_yds,rush_yards,MarShawn Lloyd,27.5,-115,-109.0
2026-09-23T17-01-12Z,2026,3,2026_03_ATL_GB,GB,ATL,2026-09-25T00:15:00Z,draftkings,player_rush_yds,rush_yards,Brian Robinson Jr.,22.5,-109,-115.0
2026-09-23T17-01-12Z,2026,3,2026_03_ATL_GB,GB,ATL,2026-09-25T00:15:00Z,draftkings,player_rush_yds,rush_yards,Chris Brooks,15.5,-118,-106.0
2026-09-23T17-01-12Z,2026,3,2026_03_ATL_GB,GB,ATL,2026-09-25T00:15:00Z,draftkings,player_rush_yds,rush_yards,Jordan Love,7.5,-116,-108.0
2026-09-23T17-01-12Z,2026,3,2026_03_ATL_GB,GB,ATL,2026-09-25T00:15:00Z,draftkings,player_rush_yds,rush_yards,Michael Penix Jr.,3.5,-111,-113.0
2026-09-23T17-01-12Z,2026,3,2026_03_ATL_GB,GB,ATL,2026-09-25T00:15:00Z,fanduel,player_anytime_td,anytime_td,Bijan Robinson,,-155,
2026-09-23T17-01-12Z,2026,3,2026_03_ATL_GB,GB,ATL,2026-09-25T00:15:00Z,fanduel,player_anytime_td,anytime_td,Christian Watson,,155,
2026-09-23T17-01-12Z,2026,3,2026_03_ATL_GB,GB,ATL,2026-09-25T00:15:00Z,fanduel,player_anytime_td,anytime_td,Kaleb Johnson,,190,
2026-09-23T17-01-12Z,2026,3,2026_03_ATL_GB,GB,ATL,2026-09-25T00:15:00Z,fanduel,player_anytime_td,anytime_td,Drake London,,195,
2026-09-23T17-01-12Z,2026,3,2026_03_ATL_GB,GB,ATL,2026-09-25T00:15:00Z,fanduel,player_anytime_td,anytime_td,Tucker Kraft,,200,
2026-09-23T17-01-12Z,2026,3,2026_03_ATL_GB,GB,ATL,2026-09-25T00:15:00Z,fanduel,player_anytime_td,anytime_td,Matthew Golden,,200,
2026-09-23T17-01-12Z,2026,3,2026_03_ATL_GB,GB,ATL,2026-09-25T00:15:00Z,fanduel,player_anytime_td,anytime_td,MarShawn Lloyd,,200,
2026-09-23T17-01-12Z,2026,3,2026_03_ATL_GB,GB,ATL,2026-09-25T00:15:00Z,fanduel,player_anytime_td,anytime_td,Chris Brooks,,270,
2026-09-23T17-01-12Z,2026,3,2026_03_ATL_GB,GB,ATL,2026-09-25T00:15:00Z,fanduel,player_anytime_td,anytime_td,Kyle Pitts,,380,
2026-09-23T17-01-12Z,2026,3,2026_03_ATL_GB,GB,ATL,2026-09-25T00:15:00Z,fanduel,player_anytime_td,anytime_td,Brian Robinson Jr.,,450,
2026-09-23T17-01-12Z,2026,3,2026_03_ATL_GB,GB,ATL,2026-09-25T00:15:00Z,fanduel,player_anytime_td,anytime_td,Skyy Moore,,470,
2026-09-23T17-01-12Z,2026,3,2026_03_ATL_GB,GB,ATL,2026-09-25T00:15:00Z,fanduel,player_anytime_td,anytime_td,Jordan Love,,600,
2026-09-23T17-01-12Z,2026,3,2026_03_ATL_GB,GB,ATL,2026-09-25T00:15:00Z,fanduel,player_anytime_td,anytime_td,Jahan Dotson,,650,
2026-09-23T17-01-12Z,2026,3,2026_03_ATL_GB,GB,ATL,2026-09-25T00:15:00Z,fanduel,player_anytime_td,anytime_td,Atlanta Falcons Defense,,700,
2026-09-23T17-01-12Z,2026,3,2026_03_ATL_GB,GB,ATL,2026-09-25T00:15:00Z,fanduel,player_anytime_td,anytime_td,Jonnu Smith,,700,
2026-09-23T17-01-12Z,2026,3,2026_03_ATL_GB,GB,ATL,2026-09-25T00:15:00Z,fanduel,player_anytime_td,anytime_td,Olamide Zaccheaus,,800,
2026-09-23T17-01-12Z,2026,3,2026_03_ATL_GB,GB,ATL,2026-09-25T00:15:00Z,fanduel,player_anytime_td,anytime_td,Green Bay Packers Defense,,800,
2026-09-23T17-01-12Z,2026,3,2026_03_ATL_GB,GB,ATL,2026-09-25T00:15:00Z,fanduel,player_anytime_td,anytime_td,Bo Melton,,900,
2026-09-23T17-01-12Z,2026,3,2026_03_ATL_GB,GB,ATL,2026-09-25T00:15:00Z,fanduel,player_anytime_td,anytime_td,Michael Penix Jr.,,1000,
2026-09-23T17-01-12Z,2026,3,2026_03_ATL_GB,GB,ATL,2026-09-25T00:15:00Z,fanduel,player_anytime_td,anytime_td,Austin Hooper,,1100,
2026-09-23T17-01-12Z,2026,3,2026_03_ATL_GB,GB,ATL,2026-09-25T00:15:00Z,fanduel,player_anytime_td,anytime_td,Zachariah Branch,,1300,
2026-09-23T17-01-12Z,2026,3,2026_03_ATL_GB,GB,ATL,2026-09-25T00:15:00Z,fanduel,player_anytime_td,anytime_td,Josh Whyle,,1800,
2026-09-23T17-01-12Z,2026,3,2026_03_ATL_GB,GB,ATL,2026-09-25T00:15:00Z,fanduel,player_anytime_td,anytime_td,Mark Redman,,2000,
2026-09-23T17-01-12Z,2026,3,2026_03_ATL_GB,GB,ATL,2026-09-25T00:15:00Z,fanduel,player_anytime_td,anytime_td,J. Michael Sturdivant,,2000,
2026-09-23T17-01-12Z,2026,3,2026_03_ATL_GB,GB,ATL,2026-09-25T00:15:00Z,fanduel,player_anytime_td,anytime_td,Charlie Woerner,,2500,
2026-09-23T17-01-12Z,2026,3,2026_03_ATL_GB,GB,ATL,2026-09-25T00:15:00Z,fanduel,player_anytime_td,anytime_td,Chris Blair,,2500,
2026-09-23T17-01-12Z,2026,3,2026_03_ATL_GB,GB,ATL,2026-09-25T00:15:00Z,fanduel,player_anytime_td,anytime_td,Nick Muse,,4500,
2026-09-23T17-01-12Z,2026,3,2026_03_ATL_GB,GB,ATL,2026-09-25T00:15:00Z,fanduel,player_pass_yds,pass_yards,Michael Penix Jr.,205.5,-114,-114.0
2026-09-23T17-01-12Z,2026,3,2026_03_ATL_GB,GB,ATL,2026-09-25T00:15:00Z,fanduel,player_pass_yds,pass_yards,Jordan Love,226.5,-114,-114.0
2026-09-23T17-01-12Z,2026,3,2026_03_ATL_GB,GB,ATL,2026-09-25T00:15:00Z,fanduel,player_reception_yds,rec_yards,Skyy Moore,10.5,-120,-108.0
2026-09-23T17-01-12Z,2026,3,2026_03_ATL_GB,GB,ATL,2026-09-25T00:15:00Z,fanduel,player_reception_yds,rec_yards,Olamide Zaccheaus,10.5,-114,-114.0
2026-09-23T17-01-12Z,2026,3,2026_03_ATL_GB,GB,ATL,2026-09-25T00:15:00Z,fanduel,player_reception_yds,rec_yards,Christian Watson,68.5,-114,-114.0
2026-09-23T17-01-12Z,2026,3,2026_03_ATL_GB,GB,ATL,2026-09-25T00:15:00Z,fanduel,player_reception_yds,rec_yards,Matthew Golden,54.5,-114,-114.0
2026-09-23T17-01-12Z,2026,3,2026_03_ATL_GB,GB,ATL,2026-09-25T00:15:00Z,fanduel,player_reception_yds,rec_yards,Jonnu Smith,7.5,-114,-114.0
2026-09-23T17-01-12Z,2026,3,2026_03_ATL_GB,GB,ATL,2026-09-25T00:15:00Z,fanduel,player_reception_yds,rec_yards,Tucker Kraft,46.5,-114,-114.0
2026-09-23T17-01-12Z,2026,3,2026_03_ATL_GB,GB,ATL,2026-09-25T00:15:00Z,fanduel,player_reception_yds,rec_yards,Chris Brooks,7.5,-114,-114.0
2026-09-23T17-01-12Z,2026,3,2026_03_ATL_GB,GB,ATL,2026-09-25T00:15:00Z,fanduel,player_reception_yds,rec_yards,Drake London,65.5,-114,-114.0
2026-09-23T17-01-12Z,2026,3,2026_03_ATL_GB,GB,ATL,2026-09-25T00:15:00Z,fanduel,player_reception_yds,rec_yards,MarShawn Lloyd,5.5,-114,-114.0
2026-09-23T17-01-12Z,2026,3,2026_03_ATL_GB,GB,ATL,2026-09-25T00:15:00Z,fanduel,player_reception_yds,rec_yards,Bijan Robinson,40.5,-114,-114.0
2026-09-23T17-01-12Z,2026,3,2026_03_ATL_GB,GB,ATL,2026-09-25T00:15:00Z,fanduel,player_reception_yds,rec_yards,Kyle Pitts,37.5,-114,-114.0
2026-09-23T17-01-12Z,2026,3,2026_03_ATL_GB,GB,ATL,2026-09-25T00:15:00Z,fanduel,player_reception_yds,rec_yards,Jahan Dotson,19.5,-114,-114.0
2026-09-23T17-01-12Z,2026,3,2026_03_ATL_GB,GB,ATL,2026-09-25T00:15:00Z,fanduel,player_receptions,rec_catches,MarShawn Lloyd,1.5,154,-210.0
2026-09-23T17-01-12Z,2026,3,2026_03_ATL_GB,GB,ATL,2026-09-25T00:15:00Z,fanduel,player_receptions,rec_catches,Chris Brooks,1.5,116,-154.0
2026-09-23T17-01-12Z,2026,3,2026_03_ATL_GB,GB,ATL,2026-09-25T00:15:00Z,fanduel,player_receptions,rec_catches,Tucker Kraft,3.5,-154,116.0
2026-09-23T17-01-12Z,2026,3,2026_03_ATL_GB,GB,ATL,2026-09-25T00:15:00Z,fanduel,player_receptions,rec_catches,Christian Watson,4.5,-130,-102.0
2026-09-23T17-01-12Z,2026,3,2026_03_ATL_GB,GB,ATL,2026-09-25T00:15:00Z,fanduel,player_receptions,rec_catches,Olamide Zaccheaus,1.5,136,-182.0
2026-09-23T17-01-12Z,2026,3,2026_03_ATL_GB,GB,ATL,2026-09-25T00:15:00Z,fanduel,player_receptions,rec_catches,Kyle Pitts,3.5,-140,106.0
2026-09-23T17-01-12Z,2026,3,2026_03_ATL_GB,GB,ATL,2026-09-25T00:15:00Z,fanduel,player_receptions,rec_catches,Drake London,5.5,106,-140.0
2026-09-23T17-01-12Z,2026,3,2026_03_ATL_GB,GB,ATL,2026-09-25T00:15:00Z,fanduel,player_receptions,rec_catches,Matthew Golden,4.5,102,-136.0
2026-09-23T17-01-12Z,2026,3,2026_03_ATL_GB,GB,ATL,2026-09-25T00:15:00Z,fanduel,player_receptions,rec_catches,Bijan Robinson,4.5,-130,-102.0
2026-09-23T17-01-12Z,2026,3,2026_03_ATL_GB,GB,ATL,2026-09-25T00:15:00Z,fanduel,player_receptions,rec_catches,Skyy Moore,1.5,130,-174.0
2026-09-23T17-01-12Z,2026,3,2026_03_ATL_GB,GB,ATL,2026-09-25T00:15:00Z,fanduel,player_receptions,rec_catches,Jahan Dotson,1.5,-162,122.0
2026-09-23T17-01-12Z,2026,3,2026_03_ATL_GB,GB,ATL,2026-09-25T00:15:00Z,fanduel,player_receptions,rec_catches,Jonnu Smith,1.5,130,-174.0
2026-09-23T17-01-12Z,2026,3,2026_03_ATL_GB,GB,ATL,2026-09-25T00:15:00Z,fanduel,player_rush_yds,rush_yards,Michael Penix Jr.,4.5,108,-140.0
2026-09-23T17-01-12Z,2026,3,2026_03_ATL_GB,GB,ATL,2026-09-25T00:15:00Z,fanduel,player_rush_yds,rush_yards,Chris Brooks,16.5,-114,-114.0
2026-09-23T17-01-12Z,2026,3,2026_03_ATL_GB,GB,ATL,2026-09-25T00:15:00Z,fanduel,player_rush_yds,rush_yards,MarShawn Lloyd,30.5,-114,-114.0
2026-09-23T17-01-12Z,2026,3,2026_03_ATL_GB,GB,ATL,2026-09-25T00:15:00Z,fanduel,player_rush_yds,rush_yards,Jordan Love,8.5,-114,-114.0
2026-09-23T17-01-12Z,2026,3,2026_03_ATL_GB,GB,ATL,2026-09-25T00:15:00Z,fanduel,player_rush_yds,rush_yards,Brian Robinson Jr.,22.5,-114,-114.0
2026-09-23T17-01-12Z,2026,3,2026_03_ATL_GB,GB,ATL,2026-09-25T00:15:00Z,fanduel,player_rush_yds,rush_yards,Bijan Robinson,77.5,-114,-114.0
2026-09-23T17-01-12Z,2026,3,2026_03_ATL_GB,GB,ATL,2026-09-25T00:15:00Z,fanduel,player_rush_yds,rush_yards,Kaleb Johnson,34.5,-114,-114.0
2026-09-23T17-01-12Z,2026,3,2026_03_ATL_GB,GB,ATL,2026-09-25T00:15:00Z,betrivers,player_anytime_td,anytime_td,MarShawn Lloyd,,190,
2026-09-23T17-01-12Z,2026,3,2026_03_ATL_GB,GB,ATL,2026-09-25T00:15:00Z,betrivers,player_anytime_td,anytime_td,Charlie Woerner,,1800,
2026-09-23T17-01-12Z,2026,3,2026_03_ATL_GB,GB,ATL,2026-09-25T00:15:00Z,betrivers,player_anytime_td,anytime_td,Kyle Pitts,,350,
2026-09-23T17-01-12Z,2026,3,2026_03_ATL_GB,GB,ATL,2026-09-25T00:15:00Z,betrivers,player_anytime_td,anytime_td,Tucker Kraft,,170,
2026-09-23T17-01-12Z,2026,3,2026_03_ATL_GB,GB,ATL,2026-09-25T00:15:00Z,betrivers,player_anytime_td,anytime_td,Matthew Golden,,188,
2026-09-23T17-01-12Z,2026,3,2026_03_ATL_GB,GB,ATL,2026-09-25T00:15:00Z,betrivers,player_anytime_td,anytime_td,Skyy Moore,,480,
2026-09-23T17-01-12Z,2026,3,2026_03_ATL_GB,GB,ATL,2026-09-25T00:15:00Z,betrivers,player_anytime_td,anytime_td,Bijan Robinson,,-167,
2026-09-23T17-01-12Z,2026,3,2026_03_ATL_GB,GB,ATL,2026-09-25T00:15:00Z,betrivers,player_anytime_td,anytime_td,Jonnu Smith,,575,
2026-09-23T17-01-12Z,2026,3,2026_03_ATL_GB,GB,ATL,2026-09-25T00:15:00Z,betrivers,player_anytime_td,anytime_td,Bo Melton,,800,
2026-09-23T17-01-12Z,2026,3,2026_03_ATL_GB,GB,ATL,2026-09-25T00:15:00Z,betrivers,player_anytime_td,anytime_td,Jahan Dotson,,475,
2026-09-23T17-01-12Z,2026,3,2026_03_ATL_GB,GB,ATL,2026-09-25T00:15:00Z,betrivers,player_anytime_td,anytime_td,Zachariah Branch,,1300,
2026-09-23T17-01-12Z,2026,3,2026_03_ATL_GB,GB,ATL,2026-09-25T00:15:00Z,betrivers,player_anytime_td,anytime_td,Austin Hooper,,1300,
2026-09-23T17-01-12Z,2026,3,2026_03_ATL_GB,GB,ATL,2026-09-25T00:15:00Z,betrivers,player_anytime_td,anytime_td,Michael Penix Jr.,,650,
2026-09-23T17-01-12Z,2026,3,2026_03_ATL_GB,GB,ATL,2026-09-25T00:15:00Z,betrivers,player_anytime_td,anytime_td,Jordan Love,,800,
2026-09-23T17-01-12Z,2026,3,2026_03_ATL_GB,GB,ATL,2026-09-25T00:15:00Z,betrivers,player_anytime_td,anytime_td,Drake London,,180,
2026-09-23T17-01-12Z,2026,3,2026_03_ATL_GB,GB,ATL,2026-09-25T00:15:00Z,betrivers,player_anytime_td,anytime_td,Christian Watson,,143,
2026-09-23T17-01-12Z,2026,3,2026_03_ATL_GB,GB,ATL,2026-09-25T00:15:00Z,betrivers,player_anytime_td,anytime_td,Mark Redman,,2000,
2026-09-23T17-01-12Z,2026,3,2026_03_ATL_GB,GB,ATL,2026-09-25T00:15:00Z,betrivers,player_anytime_td,anytime_td,Chris Blair,,2000,
2026-09-23T17-01-12Z,2026,3,2026_03_ATL_GB,GB,ATL,2026-09-25T00:15:00Z,betrivers,player_anytime_td,anytime_td,Kaleb Johnson,,200,
2026-09-23T17-01-12Z,2026,3,2026_03_ATL_GB,GB,ATL,2026-09-25T00:15:00Z,betrivers,player_anytime_td,anytime_td,Olamide Zaccheaus,,750,
2026-09-23T17-01-12Z,2026,3,2026_03_ATL_GB,GB,ATL,2026-09-25T00:15:00Z,betrivers,player_anytime_td,anytime_td,Nick Muse,,2500,
2026-09-23T17-01-12Z,2026,3,2026_03_ATL_GB,GB,ATL,2026-09-25T00:15:00Z,betrivers,player_anytime_td,anytime_td,Brian Robinson Jr.,,375,
2026-09-23T17-01-12Z,2026,3,2026_03_ATL_GB,GB,ATL,2026-09-25T00:15:00Z,betrivers,player_anytime_td,anytime_td,J. Michael Sturdivant,,1200,
2026-09-23T17-01-12Z,2026,3,2026_03_ATL_GB,GB,ATL,2026-09-25T00:15:00Z,betrivers,player_anytime_td,anytime_td,Josh Whyle,,2200,
2026-09-23T17-01-12Z,2026,3,2026_03_ATL_GB,GB,ATL,2026-09-25T00:15:00Z,betrivers,player_anytime_td,anytime_td,Chris Brooks,,245,
2026-09-23T17-01-12Z,2026,3,2026_03_ATL_GB,GB,ATL,2026-09-25T00:15:00Z,betrivers,player_pass_yds,pass_yards,Michael Penix Jr.,204.5,-114,-117.0
2026-09-23T17-01-12Z,2026,3,2026_03_ATL_GB,GB,ATL,2026-09-25T00:15:00Z,betrivers,player_pass_yds,pass_yards,Jordan Love,224.5,-114,-117.0
2026-09-23T17-01-12Z,2026,3,2026_03_ATL_GB,GB,ATL,2026-09-25T00:15:00Z,betrivers,player_reception_yds,rec_yards,Tucker Kraft,45.5,-118,-112.0
2026-09-23T17-01-12Z,2026,3,2026_03_ATL_GB,GB,ATL,2026-09-25T00:15:00Z,betrivers,player_reception_yds,rec_yards,Matthew Golden,52.5,-114,-117.0
2026-09-23T17-01-12Z,2026,3,2026_03_ATL_GB,GB,ATL,2026-09-25T00:15:00Z,betrivers,player_reception_yds,rec_yards,Kyle Pitts,35.5,-117,-114.0
2026-09-23T17-01-12Z,2026,3,2026_03_ATL_GB,GB,ATL,2026-09-25T00:15:00Z,betrivers,player_reception_yds,rec_yards,Bijan Robinson,41.5,-113,-118.0
2026-09-23T17-01-12Z,2026,3,2026_03_ATL_GB,GB,ATL,2026-09-25T00:15:00Z,betrivers,player_reception_yds,rec_yards,MarShawn Lloyd,6.5,-109,-122.0
2026-09-23T17-01-12Z,2026,3,2026_03_ATL_GB,GB,ATL,2026-09-25T00:15:00Z,betrivers,player_reception_yds,rec_yards,Christian Watson,66.5,-117,-114.0
2026-09-23T17-01-12Z,2026,3,2026_03_ATL_GB,GB,ATL,2026-09-25T00:15:00Z,betrivers,player_reception_yds,rec_yards,Jahan Dotson,19.5,-112,-120.0
2026-09-23T17-01-12Z,2026,3,2026_03_ATL_GB,GB,ATL,2026-09-25T00:15:00Z,betrivers,player_reception_yds,rec_yards,Drake London,64.5,-115,-115.0
2026-09-23T17-01-12Z,2026,3,2026_03_ATL_GB,GB,ATL,2026-09-25T00:15:00Z,betrivers,player_reception_yds,rec_yards,Chris Brooks,7.5,-110,-120.0
2026-09-23T17-01-12Z,2026,3,2026_03_ATL_GB,GB,ATL,2026-09-25T00:15:00Z,betrivers,player_receptions,rec_catches,Tucker Kraft,3.5,-162,
2026-09-23T17-01-12Z,2026,3,2026_03_ATL_GB,GB,ATL,2026-09-25T00:15:00Z,betrivers,player_receptions,rec_catches,Christian Watson,4.5,-143,
2026-09-23T17-01-12Z,2026,3,2026_03_ATL_GB,GB,ATL,2026-09-25T00:15:00Z,betrivers,player_receptions,rec_catches,MarShawn Lloyd,1.5,155,
2026-09-23T17-01-12Z,2026,3,2026_03_ATL_GB,GB,ATL,2026-09-25T00:15:00Z,betrivers,player_receptions,rec_catches,Drake London,5.5,100,
2026-09-23T17-01-12Z,2026,3,2026_03_ATL_GB,GB,ATL,2026-09-25T00:15:00Z,betrivers,player_receptions,rec_catches,Matthew Golden,4.5,118,
2026-09-23T17-01-12Z,2026,3,2026_03_ATL_GB,GB,ATL,2026-09-25T00:15:00Z,betrivers,player_receptions,rec_catches,Jahan Dotson,1.5,-162,
2026-09-23T17-01-12Z,2026,3,2026_03_ATL_GB,GB,ATL,2026-09-25T00:15:00Z,betrivers,player_receptions,rec_catches,Bijan Robinson,4.5,-143,
2026-09-23T17-01-12Z,2026,3,2026_03_ATL_GB,GB,ATL,2026-09-25T00:15:00Z,betrivers,player_receptions,rec_catches,Kyle Pitts,3.5,-125,
2026-09-23T17-01-12Z,2026,3,2026_03_ATL_GB,GB,ATL,2026-09-25T00:15:00Z,betrivers,player_rush_yds,rush_yards,Chris Brooks,15.5,-114,-117.0
2026-09-23T17-01-12Z,2026,3,2026_03_ATL_GB,GB,ATL,2026-09-25T00:15:00Z,betrivers,player_rush_yds,rush_yards,Michael Penix Jr.,3.5,-114,-117.0
2026-09-23T17-01-12Z,2026,3,2026_03_ATL_GB,GB,ATL,2026-09-25T00:15:00Z,betrivers,player_rush_yds,rush_yards,Jordan Love,7.5,-120,-112.0
2026-09-23T17-01-12Z,2026,3,2026_03_ATL_GB,GB,ATL,2026-09-25T00:15:00Z,betrivers,player_rush_yds,rush_yards,Kaleb Johnson,35.5,-115,-115.0
2026-09-23T17-01-12Z,2026,3,2026_03_ATL_GB,GB,ATL,2026-09-25T00:15:00Z,betrivers,player_rush_yds,rush_yards,MarShawn Lloyd,27.5,-113,-117.0
2026-09-23T17-01-12Z,2026,3,2026_03_ATL_GB,GB,ATL,2026-09-25T00:15:00Z,betrivers,player_rush_yds,rush_yards,Brian Robinson Jr.,22.5,-118,-113.0
2026-09-23T17-01-12Z,2026,3,2026_03_ATL_GB,GB,ATL,2026-09-25T00:15:00Z,betrivers,player_rush_yds,rush_yards,Bijan Robinson,78.5,-113,-118.0
2026-09-23T17-01-12Z,2026,3,2026_03_ATL_GB,GB,ATL,2026-09-25T00:15:00Z,betonlineag,player_anytime_td,anytime_td,Kyle Pitts,,350,
2026-09-23T17-01-12Z,2026,3,2026_03_ATL_GB,GB,ATL,2026-09-25T00:15:00Z,betonlineag,player_anytime_td,anytime_td,Austin Hooper,,1100,
2026-09-23T17-01-12Z,2026,3,2026_03_ATL_GB,GB,ATL,2026-09-25T00:15:00Z,betonlineag,player_anytime_td,anytime_td,Drake London,,170,
2026-09-23T17-01-12Z,2026,3,2026_03_ATL_GB,GB,ATL,2026-09-25T00:15:00Z,betonlineag,player_anytime_td,anytime_td,Olamide Zaccheaus,,700,
2026-09-23T17-01-12Z,2026,3,2026_03_ATL_GB,GB,ATL,2026-09-25T00:15:00Z,betonlineag,player_anytime_td,anytime_td,Jordan Love,,550,
2026-09-23T17-01-12Z,2026,3,2026_03_ATL_GB,GB,ATL,2026-09-25T00:15:00Z,betonlineag,player_anytime_td,anytime_td,Bo Melton,,550,
2026-09-23T17-01-12Z,2026,3,2026_03_ATL_GB,GB,ATL,2026-09-25T00:15:00Z,betonlineag,player_anytime_td,anytime_td,Christian Watson,,130,
2026-09-23T17-01-12Z,2026,3,2026_03_ATL_GB,GB,ATL,2026-09-25T00:15:00Z,betonlineag,player_anytime_td,anytime_td,Bijan Robinson,,-167,
2026-09-23T17-01-12Z,2026,3,2026_03_ATL_GB,GB,ATL,2026-09-25T00:15:00Z,betonlineag,player_anytime_td,anytime_td,Tucker Kraft,,160,
2026-09-23T17-01-12Z,2026,3,2026_03_ATL_GB,GB,ATL,2026-09-25T00:15:00Z,betonlineag,player_anytime_td,anytime_td,Charlie Woerner,,1900,
2026-09-23T17-01-12Z,2026,3,2026_03_ATL_GB,GB,ATL,2026-09-25T00:15:00Z,betonlineag,player_anytime_td,anytime_td,MarShawn Lloyd,,160,
2026-09-23T17-01-12Z,2026,3,2026_03_ATL_GB,GB,ATL,2026-09-25T00:15:00Z,betonlineag,player_anytime_td,anytime_td,Chris Blair,,2400,
2026-09-23T17-01-12Z,2026,3,2026_03_ATL_GB,GB,ATL,2026-09-25T00:15:00Z,betonlineag,player_anytime_td,anytime_td,Michael Penix Jr.,,1000,
2026-09-23T17-01-12Z,2026,3,2026_03_ATL_GB,GB,ATL,2026-09-25T00:15:00Z,betonlineag,player_anytime_td,anytime_td,Chris Brooks,,190,
2026-09-23T17-01-12Z,2026,3,2026_03_ATL_GB,GB,ATL,2026-09-25T00:15:00Z,betonlineag,player_anytime_td,anytime_td,Matthew Golden,,180,
2026-09-23T17-01-12Z,2026,3,2026_03_ATL_GB,GB,ATL,2026-09-25T00:15:00Z,betonlineag,player_anytime_td,anytime_td,Josh Whyle,,1100,
2026-09-23T17-01-12Z,2026,3,2026_03_ATL_GB,GB,ATL,2026-09-25T00:15:00Z,betonlineag,player_anytime_td,anytime_td,Skyy Moore,,400,
2026-09-23T17-01-12Z,2026,3,2026_03_ATL_GB,GB,ATL,2026-09-25T00:15:00Z,betonlineag,player_anytime_td,anytime_td,Zachariah Branch,,1000,
2026-09-23T17-01-12Z,2026,3,2026_03_ATL_GB,GB,ATL,2026-09-25T00:15:00Z,betonlineag,player_anytime_td,anytime_td,Brian Robinson Jr.,,350,
2026-09-23T17-01-12Z,2026,3,2026_03_ATL_GB,GB,ATL,2026-09-25T00:15:00Z,betonlineag,player_anytime_td,anytime_td,Jahan Dotson,,650,
2026-09-23T17-01-12Z,2026,3,2026_03_ATL_GB,GB,ATL,2026-09-25T00:15:00Z,betonlineag,player_anytime_td,anytime_td,Nick Muse,,2900,
2026-09-23T17-01-12Z,2026,3,2026_03_ATL_GB,GB,ATL,2026-09-25T00:15:00Z,betonlineag,player_pass_yds,pass_yards,Michael Penix Jr.,205.5,-114,-114.0
2026-09-23T17-01-12Z,2026,3,2026_03_ATL_GB,GB,ATL,2026-09-25T00:15:00Z,betonlineag,player_pass_yds,pass_yards,Jordan Love,226.5,-115,-112.0
2026-09-23T17-01-12Z,2026,3,2026_03_ATL_GB,GB,ATL,2026-09-25T00:15:00Z,betonlineag,player_reception_yds,rec_yards,MarShawn Lloyd,5.5,-114,-114.0
2026-09-23T17-01-12Z,2026,3,2026_03_ATL_GB,GB,ATL,2026-09-25T00:15:00Z,betonlineag,player_reception_yds,rec_yards,Chris Brooks,7.5,-112,-115.0
2026-09-23T17-01-12Z,2026,3,2026_03_ATL_GB,GB,ATL,2026-09-25T00:15:00Z,betonlineag,player_reception_yds,rec_yards,Tucker Kraft,46.5,-114,-114.0
2026-09-23T17-01-12Z,2026,3,2026_03_ATL_GB,GB,ATL,2026-09-25T00:15:00Z,betonlineag,player_reception_yds,rec_yards,Bijan Robinson,39.5,-119,-109.0
2026-09-23T17-01-12Z,2026,3,2026_03_ATL_GB,GB,ATL,2026-09-25T00:15:00Z,betonlineag,player_reception_yds,rec_yards,Drake London,65.5,-114,-114.0
2026-09-23T17-01-12Z,2026,3,2026_03_ATL_GB,GB,ATL,2026-09-25T00:15:00Z,betonlineag,player_reception_yds,rec_yards,Kyle Pitts,37.5,-130,100.0
2026-09-23T17-01-12Z,2026,3,2026_03_ATL_GB,GB,ATL,2026-09-25T00:15:00Z,betonlineag,player_reception_yds,rec_yards,Matthew Golden,55.5,-114,-114.0
2026-09-23T17-01-12Z,2026,3,2026_03_ATL_GB,GB,ATL,2026-09-25T00:15:00Z,betonlineag,player_reception_yds,rec_yards,Skyy Moore,9.5,-112,-115.0
2026-09-23T17-01-12Z,2026,3,2026_03_ATL_GB,GB,ATL,2026-09-25T00:15:00Z,betonlineag,player_reception_yds,rec_yards,Olamide Zaccheaus,9.5,-115,-112.0
2026-09-23T17-01-12Z,2026,3,2026_03_ATL_GB,GB,ATL,2026-09-25T00:15:00Z,betonlineag,player_reception_yds,rec_yards,Christian Watson,68.5,-115,-112.0
2026-09-23T17-01-12Z,2026,3,2026_03_ATL_GB,GB,ATL,2026-09-25T00:15:00Z,betonlineag,player_reception_yds,rec_yards,Jonnu Smith,7.5,-114,-114.0
2026-09-23T17-01-12Z,2026,3,2026_03_ATL_GB,GB,ATL,2026-09-25T00:15:00Z,betonlineag,player_reception_yds,rec_yards,Jahan Dotson,17.5,-111,-116.0
2026-09-23T17-01-12Z,2026,3,2026_03_ATL_GB,GB,ATL,2026-09-25T00:15:00Z,betonlineag,player_receptions,rec_catches,Kyle Pitts,3.5,-130,100.0
2026-09-23T17-01-12Z,2026,3,2026_03_ATL_GB,GB,ATL,2026-09-25T00:15:00Z,betonlineag,player_receptions,rec_catches,Christian Watson,4.5,-143,110.0
2026-09-23T17-01-12Z,2026,3,2026_03_ATL_GB,GB,ATL,2026-09-25T00:15:00Z,betonlineag,player_receptions,rec_catches,Bijan Robinson,4.5,-119,-109.0
2026-09-23T17-01-12Z,2026,3,2026_03_ATL_GB,GB,ATL,2026-09-25T00:15:00Z,betonlineag,player_receptions,rec_catches,Matthew Golden,4.5,109,-141.0
2026-09-23T17-01-12Z,2026,3,2026_03_ATL_GB,GB,ATL,2026-09-25T00:15:00Z,betonlineag,player_receptions,rec_catches,MarShawn Lloyd,1.5,161,-213.0
2026-09-23T17-01-12Z,2026,3,2026_03_ATL_GB,GB,ATL,2026-09-25T00:15:00Z,betonlineag,player_receptions,rec_catches,Jahan Dotson,1.5,-147,114.0
2026-09-23T17-01-12Z,2026,3,2026_03_ATL_GB,GB,ATL,2026-09-25T00:15:00Z,betonlineag,player_receptions,rec_catches,Drake London,5.5,107,-139.0
2026-09-23T17-01-12Z,2026,3,2026_03_ATL_GB,GB,ATL,2026-09-25T00:15:00Z,betonlineag,player_receptions,rec_catches,Tucker Kraft,4.5,125,-164.0
2026-09-23T17-01-12Z,2026,3,2026_03_ATL_GB,GB,ATL,2026-09-25T00:15:00Z,betonlineag,player_receptions,rec_catches,Skyy Moore,1.5,134,-175.0
2026-09-23T17-01-12Z,2026,3,2026_03_ATL_GB,GB,ATL,2026-09-25T00:15:00Z,betonlineag,player_receptions,rec_catches,Olamide Zaccheaus,1.5,141,-185.0
2026-09-23T17-01-12Z,2026,3,2026_03_ATL_GB,GB,ATL,2026-09-25T00:15:00Z,betonlineag,player_receptions,rec_catches,Jonnu Smith,1.5,136,-179.0
2026-09-23T17-01-12Z,2026,3,2026_03_ATL_GB,GB,ATL,2026-09-25T00:15:00Z,betonlineag,player_receptions,rec_catches,Chris Brooks,1.5,113,-147.0
2026-09-23T17-01-12Z,2026,3,2026_03_ATL_GB,GB,ATL,2026-09-25T00:15:00Z,betonlineag,player_rush_yds,rush_yards,Brian Robinson Jr.,22.5,-112,-115.0
2026-09-23T17-01-12Z,2026,3,2026_03_ATL_GB,GB,ATL,2026-09-25T00:15:00Z,betonlineag,player_rush_yds,rush_yards,MarShawn Lloyd,28.5,-116,-111.0
2026-09-23T17-01-12Z,2026,3,2026_03_ATL_GB,GB,ATL,2026-09-25T00:15:00Z,betonlineag,player_rush_yds,rush_yards,Chris Brooks,16.5,-111,-116.0
2026-09-23T17-01-12Z,2026,3,2026_03_ATL_GB,GB,ATL,2026-09-25T00:15:00Z,betonlineag,player_rush_yds,rush_yards,Michael Penix Jr.,3.5,-120,-108.0
2026-09-23T17-01-12Z,2026,3,2026_03_ATL_GB,GB,ATL,2026-09-25T00:15:00Z,betonlineag,player_rush_yds,rush_yards,Jordan Love,7.5,-118,-110.0
2026-09-23T17-01-12Z,2026,3,2026_03_ATL_GB,GB,ATL,2026-09-25T00:15:00Z,betonlineag,player_rush_yds,rush_yards,Bijan Robinson,77.5,-114,-114.0
2026-09-23T17-01-12Z,2026,3,2026_03_ATL_GB,GB,ATL,2026-09-25T00:15:00Z,betonlineag,player_rush_yds,rush_yards,Kaleb Johnson,34.5,-114,-114.0
2026-09-23T17-01-12Z,2026,3,2026_03_ATL_GB,GB,ATL,2026-09-25T00:15:00Z,betmgm,player_anytime_td,anytime_td,Jordan Love,,575,
2026-09-23T17-01-12Z,2026,3,2026_03_ATL_GB,GB,ATL,2026-09-25T00:15:00Z,betmgm,player_anytime_td,anytime_td,MarShawn Lloyd,,185,
2026-09-23T17-01-12Z,2026,3,2026_03_ATL_GB,GB,ATL,2026-09-25T00:15:00Z,betmgm,player_anytime_td,anytime_td,Kaleb Johnson,,175,
2026-09-23T17-01-12Z,2026,3,2026_03_ATL_GB,GB,ATL,2026-09-25T00:15:00Z,betmgm,player_anytime_td,anytime_td,Chris Brooks,,270,
2026-09-23T17-01-12Z,2026,3,2026_03_ATL_GB,GB,ATL,2026-09-25T00:15:00Z,betmgm,player_anytime_td,anytime_td,Jonnu Smith,,675,
2026-09-23T17-01-12Z,2026,3,2026_03_ATL_GB,GB,ATL,2026-09-25T00:15:00Z,betmgm,player_anytime_td,anytime_td,Tucker Kraft,,175,
2026-09-23T17-01-12Z,2026,3,2026_03_ATL_GB,GB,ATL,2026-09-25T00:15:00Z,betmgm,player_anytime_td,anytime_td,Christian Watson,,135,
2026-09-23T17-01-12Z,2026,3,2026_03_ATL_GB,GB,ATL,2026-09-25T00:15:00Z,betmgm,player_anytime_td,anytime_td,Matthew Golden,,165,
2026-09-23T17-01-12Z,2026,3,2026_03_ATL_GB,GB,ATL,2026-09-25T00:15:00Z,betmgm,player_anytime_td,anytime_td,Skyy Moore,,675,
2026-09-23T17-01-12Z,2026,3,2026_03_ATL_GB,GB,ATL,2026-09-25T00:15:00Z,betmgm,player_anytime_td,anytime_td,Josh Whyle,,1600,
2026-09-23T17-01-12Z,2026,3,2026_03_ATL_GB,GB,ATL,2026-09-25T00:15:00Z,betmgm,player_anytime_td,anytime_td,Bo Melton,,1000,
2026-09-23T17-01-12Z,2026,3,2026_03_ATL_GB,GB,ATL,2026-09-25T00:15:00Z,betmgm,player_anytime_td,anytime_td,Mark Redman,,2000,
2026-09-23T17-01-12Z,2026,3,2026_03_ATL_GB,GB,ATL,2026-09-25T00:15:00Z,betmgm,player_anytime_td,anytime_td,Bijan Robinson,,-160,
2026-09-23T17-01-12Z,2026,3,2026_03_ATL_GB,GB,ATL,2026-09-25T00:15:00Z,betmgm,player_anytime_td,anytime_td,Nick Muse,,4000,
2026-09-23T17-01-12Z,2026,3,2026_03_ATL_GB,GB,ATL,2026-09-25T00:15:00Z,betmgm,player_anytime_td,anytime_td,Michael Penix Jr.,,1100,
2026-09-23T17-01-12Z,2026,3,2026_03_ATL_GB,GB,ATL,2026-09-25T00:15:00Z,betmgm,player_anytime_td,anytime_td,Brian Robinson Jr.,,320,
2026-09-23T17-01-12Z,2026,3,2026_03_ATL_GB,GB,ATL,2026-09-25T00:15:00Z,betmgm,player_anytime_td,anytime_td,Kyle Pitts,,310,
2026-09-23T17-01-12Z,2026,3,2026_03_ATL_GB,GB,ATL,2026-09-25T00:15:00Z,betmgm,player_anytime_td,anytime_td,Drake London,,190,
2026-09-23T17-01-12Z,2026,3,2026_03_ATL_GB,GB,ATL,2026-09-25T00:15:00Z,betmgm,player_anytime_td,anytime_td,Jahan Dotson,,525,
2026-09-23T17-01-12Z,2026,3,2026_03_ATL_GB,GB,ATL,2026-09-25T00:15:00Z,betmgm,player_anytime_td,anytime_td,Green Bay Packers D/ST,,450,
2026-09-23T17-01-12Z,2026,3,2026_03_ATL_GB,GB,ATL,2026-09-25T00:15:00Z,betmgm,player_anytime_td,anytime_td,Atlanta Falcons D/ST,,575,
2026-09-23T17-01-12Z,2026,3,2026_03_ATL_GB,GB,ATL,2026-09-25T00:15:00Z,betmgm,player_anytime_td,anytime_td,Charlie Woerner,,2200,
2026-09-23T17-01-12Z,2026,3,2026_03_ATL_GB,GB,ATL,2026-09-25T00:15:00Z,betmgm,player_anytime_td,anytime_td,Austin Hooper,,1300,
2026-09-23T17-01-12Z,2026,3,2026_03_ATL_GB,GB,ATL,2026-09-25T00:15:00Z,betmgm,player_anytime_td,anytime_td,Olamide Zaccheaus,,825,
2026-09-23T17-01-12Z,2026,3,2026_03_ATL_GB,GB,ATL,2026-09-25T00:15:00Z,betmgm,player_anytime_td,anytime_td,Zachariah Branch,,1400,
2026-09-23T17-01-12Z,2026,3,2026_03_ATL_GB,GB,ATL,2026-09-25T00:15:00Z,betmgm,player_anytime_td,anytime_td,Chris Blair,,3000,
2026-09-23T17-01-12Z,2026,3,2026_03_ATL_GB,GB,ATL,2026-09-25T00:15:00Z,betmgm,player_pass_yds,pass_yards,Jordan Love,232.5,-115,-115.0
2026-09-23T17-01-12Z,2026,3,2026_03_ATL_GB,GB,ATL,2026-09-25T00:15:00Z,betmgm,player_pass_yds,pass_yards,Michael Penix Jr.,203.5,-115,-115.0
2026-09-23T17-01-12Z,2026,3,2026_03_ATL_GB,GB,ATL,2026-09-25T00:15:00Z,betmgm,player_reception_yds,rec_yards,Drake London,64.5,-115,-115.0
2026-09-23T17-01-12Z,2026,3,2026_03_ATL_GB,GB,ATL,2026-09-25T00:15:00Z,betmgm,player_reception_yds,rec_yards,MarShawn Lloyd,5.5,-115,-115.0
2026-09-23T17-01-12Z,2026,3,2026_03_ATL_GB,GB,ATL,2026-09-25T00:15:00Z,betmgm,player_reception_yds,rec_yards,Chris Brooks,7.5,-111,-120.0
2026-09-23T17-01-12Z,2026,3,2026_03_ATL_GB,GB,ATL,2026-09-25T00:15:00Z,betmgm,player_reception_yds,rec_yards,Jahan Dotson,18.5,-115,-115.0
2026-09-23T17-01-12Z,2026,3,2026_03_ATL_GB,GB,ATL,2026-09-25T00:15:00Z,betmgm,player_reception_yds,rec_yards,Christian Watson,64.5,-125,-105.0
2026-09-23T17-01-12Z,2026,3,2026_03_ATL_GB,GB,ATL,2026-09-25T00:15:00Z,betmgm,player_reception_yds,rec_yards,Kyle Pitts,34.5,-150,110.0
2026-09-23T17-01-12Z,2026,3,2026_03_ATL_GB,GB,ATL,2026-09-25T00:15:00Z,betmgm,player_reception_yds,rec_yards,Bijan Robinson,38.5,-115,-115.0
2026-09-23T17-01-12Z,2026,3,2026_03_ATL_GB,GB,ATL,2026-09-25T00:15:00Z,betmgm,player_reception_yds,rec_yards,Matthew Golden,52.5,-120,-110.0
2026-09-23T17-01-12Z,2026,3,2026_03_ATL_GB,GB,ATL,2026-09-25T00:15:00Z,betmgm,player_reception_yds,rec_yards,Skyy Moore,9.5,-115,-115.0
2026-09-23T17-01-12Z,2026,3,2026_03_ATL_GB,GB,ATL,2026-09-25T00:15:00Z,betmgm,player_reception_yds,rec_yards,Olamide Zaccheaus,9.5,-120,-110.0
2026-09-23T17-01-12Z,2026,3,2026_03_ATL_GB,GB,ATL,2026-09-25T00:15:00Z,betmgm,player_reception_yds,rec_yards,Tucker Kraft,46.5,-115,-115.0
2026-09-23T17-01-12Z,2026,3,2026_03_ATL_GB,GB,ATL,2026-09-25T00:15:00Z,betmgm,player_reception_yds,rec_yards,Jonnu Smith,7.5,-115,-115.0
2026-09-23T17-01-12Z,2026,3,2026_03_ATL_GB,GB,ATL,2026-09-25T00:15:00Z,betmgm,player_receptions,rec_catches,MarShawn Lloyd,1.5,160,-220.0
2026-09-23T17-01-12Z,2026,3,2026_03_ATL_GB,GB,ATL,2026-09-25T00:15:00Z,betmgm,player_receptions,rec_catches,Drake London,5.5,100,-135.0
2026-09-23T17-01-12Z,2026,3,2026_03_ATL_GB,GB,ATL,2026-09-25T00:15:00Z,betmgm,player_receptions,rec_catches,Tucker Kraft,3.5,-175,130.0
2026-09-23T17-01-12Z,2026,3,2026_03_ATL_GB,GB,ATL,2026-09-25T00:15:00Z,betmgm,player_receptions,rec_catches,Jahan Dotson,1.5,-140,105.0
2026-09-23T17-01-12Z,2026,3,2026_03_ATL_GB,GB,ATL,2026-09-25T00:15:00Z,betmgm,player_receptions,rec_catches,Bijan Robinson,4.5,-120,-111.0
2026-09-23T17-01-12Z,2026,3,2026_03_ATL_GB,GB,ATL,2026-09-25T00:15:00Z,betmgm,player_receptions,rec_catches,Kyle Pitts,3.5,-125,-105.0
2026-09-23T17-01-12Z,2026,3,2026_03_ATL_GB,GB,ATL,2026-09-25T00:15:00Z,betmgm,player_receptions,rec_catches,Christian Watson,4.5,-130,-105.0
2026-09-23T17-01-12Z,2026,3,2026_03_ATL_GB,GB,ATL,2026-09-25T00:15:00Z,betmgm,player_receptions,rec_catches,Matthew Golden,4.5,105,-145.0
2026-09-23T17-01-12Z,2026,3,2026_03_ATL_GB,GB,ATL,2026-09-25T00:15:00Z,betmgm,player_receptions,rec_catches,Skyy Moore,1.5,140,-190.0
2026-09-23T17-01-12Z,2026,3,2026_03_ATL_GB,GB,ATL,2026-09-25T00:15:00Z,betmgm,player_receptions,rec_catches,Olamide Zaccheaus,1.5,140,-190.0
2026-09-23T17-01-12Z,2026,3,2026_03_ATL_GB,GB,ATL,2026-09-25T00:15:00Z,betmgm,player_receptions,rec_catches,Jonnu Smith,1.5,145,-200.0
2026-09-23T17-01-12Z,2026,3,2026_03_ATL_GB,GB,ATL,2026-09-25T00:15:00Z,betmgm,player_rush_yds,rush_yards,Bijan Robinson,79.5,-105,-125.0
2026-09-23T17-01-12Z,2026,3,2026_03_ATL_GB,GB,ATL,2026-09-25T00:15:00Z,betmgm,player_rush_yds,rush_yards,Jordan Love,7.5,-120,-110.0
2026-09-23T17-01-12Z,2026,3,2026_03_ATL_GB,GB,ATL,2026-09-25T00:15:00Z,betmgm,player_rush_yds,rush_yards,Brian Robinson Jr.,22.5,-115,-115.0
2026-09-23T17-01-12Z,2026,3,2026_03_ATL_GB,GB,ATL,2026-09-25T00:15:00Z,betmgm,player_rush_yds,rush_yards,Chris Brooks,16.5,-111,-120.0
2026-09-23T17-01-12Z,2026,3,2026_03_ATL_GB,GB,ATL,2026-09-25T00:15:00Z,betmgm,player_rush_yds,rush_yards,Kaleb Johnson,35.5,-115,-115.0
2026-09-23T17-01-12Z,2026,3,2026_03_ATL_GB,GB,ATL,2026-09-25T00:15:00Z,betmgm,player_rush_yds,rush_yards,MarShawn Lloyd,28.5,-120,-110.0
2026-09-23T17-01-12Z,2026,3,2026_03_ATL_GB,GB,ATL,2026-09-25T00:15:00Z,bovada,player_anytime_td,anytime_td,Skyy Moore,,460,
2026-09-23T17-01-12Z,2026,3,2026_03_ATL_GB,GB,ATL,2026-09-25T00:15:00Z,bovada,player_anytime_td,anytime_td,Christian Watson,,160,
2026-09-23T17-01-12Z,2026,3,2026_03_ATL_GB,GB,ATL,2026-09-25T00:15:00Z,bovada,player_anytime_td,anytime_td,Kaleb Johnson,,195,
2026-09-23T17-01-12Z,2026,3,2026_03_ATL_GB,GB,ATL,2026-09-25T00:15:00Z,bovada,player_anytime_td,anytime_td,Tucker Kraft,,185,
2026-09-23T17-01-12Z,2026,3,2026_03_ATL_GB,GB,ATL,2026-09-25T00:15:00Z,bovada,player_anytime_td,anytime_td,Jonnu Smith,,600,
2026-09-23T17-01-12Z,2026,3,2026_03_ATL_GB,GB,ATL,2026-09-25T00:15:00Z,bovada,player_anytime_td,anytime_td,Matthew Golden,,210,
2026-09-23T17-01-12Z,2026,3,2026_03_ATL_GB,GB,ATL,2026-09-25T00:15:00Z,bovada,player_anytime_td,anytime_td,Jordan Love,,525,
2026-09-23T17-01-12Z,2026,3,2026_03_ATL_GB,GB,ATL,2026-09-25T00:15:00Z,bovada,player_anytime_td,anytime_td,Chris Brooks,,235,
2026-09-23T17-01-12Z,2026,3,2026_03_ATL_GB,GB,ATL,2026-09-25T00:15:00Z,bovada,player_anytime_td,anytime_td,MarShawn Lloyd,,195,
2026-09-23T17-01-12Z,2026,3,2026_03_ATL_GB,GB,ATL,2026-09-25T00:15:00Z,bovada,player_anytime_td,anytime_td,Atlanta Falcons D/ST,,525,
2026-09-23T17-01-12Z,2026,3,2026_03_ATL_GB,GB,ATL,2026-09-25T00:15:00Z,bovada,player_anytime_td,anytime_td,Green Bay Packers D/ST,,500,
2026-09-23T17-01-12Z,2026,3,2026_03_ATL_GB,GB,ATL,2026-09-25T00:15:00Z,bovada,player_anytime_td,anytime_td,Olamide Zaccheaus,,725,
2026-09-23T17-01-12Z,2026,3,2026_03_ATL_GB,GB,ATL,2026-09-25T00:15:00Z,bovada,player_anytime_td,anytime_td,Brian Robinson Jr.,,440,
2026-09-23T17-01-12Z,2026,3,2026_03_ATL_GB,GB,ATL,2026-09-25T00:15:00Z,bovada,player_anytime_td,anytime_td,Bijan Robinson,,-162,
2026-09-23T17-01-12Z,2026,3,2026_03_ATL_GB,GB,ATL,2026-09-25T00:15:00Z,bovada,player_anytime_td,anytime_td,Michael Penix Jr.,,1000,
2026-09-23T17-01-12Z,2026,3,2026_03_ATL_GB,GB,ATL,2026-09-25T00:15:00Z,bovada,player_anytime_td,anytime_td,Drake London,,175,
2026-09-23T17-01-12Z,2026,3,2026_03_ATL_GB,GB,ATL,2026-09-25T00:15:00Z,bovada,player_anytime_td,anytime_td,Jahan Dotson,,725,
2026-09-23T17-01-12Z,2026,3,2026_03_ATL_GB,GB,ATL,2026-09-25T00:15:00Z,bovada,player_anytime_td,anytime_td,Kyle Pitts,,370,
2026-09-23T17-01-12Z,2026,3,2026_03_ATL_GB,GB,ATL,2026-09-25T00:15:00Z,bovada,player_anytime_td,anytime_td,Zachariah Branch,,1000,
2026-09-23T17-01-12Z,2026,3,2026_03_ATL_GB,GB,ATL,2026-09-25T00:15:00Z,bovada,player_anytime_td,anytime_td,Nick Muse,,4000,
2026-09-23T17-01-12Z,2026,3,2026_03_ATL_GB,GB,ATL,2026-09-25T00:15:00Z,bovada,player_anytime_td,anytime_td,Bo Melton,,825,
2026-09-23T17-01-12Z,2026,3,2026_03_ATL_GB,GB,ATL,2026-09-25T00:15:00Z,bovada,player_anytime_td,anytime_td,Mark Redman,,1800,
2026-09-23T17-01-12Z,2026,3,2026_03_ATL_GB,GB,ATL,2026-09-25T00:15:00Z,bovada,player_anytime_td,anytime_td,Austin Hooper,,1400,
2026-09-23T17-01-12Z,2026,3,2026_03_ATL_GB,GB,ATL,2026-09-25T00:15:00Z,bovada,player_anytime_td,anytime_td,Josh Whyle,,2000,
2026-09-23T17-01-12Z,2026,3,2026_03_ATL_GB,GB,ATL,2026-09-25T00:15:00Z,bovada,player_anytime_td,anytime_td,Charlie Woerner,,2200,
2026-09-23T17-01-12Z,2026,3,2026_03_ATL_GB,GB,ATL,2026-09-25T00:15:00Z,bovada,player_anytime_td,anytime_td,Chris Blair,,6000,
2026-09-23T17-01-12Z,2026,3,2026_03_ATL_GB,GB,ATL,2026-09-25T00:15:00Z,bovada,player_pass_yds,pass_yards,Jordan Love,227.5,-115,-115.0
2026-09-23T17-01-12Z,2026,3,2026_03_ATL_GB,GB,ATL,2026-09-25T00:15:00Z,bovada,player_pass_yds,pass_yards,Michael Penix Jr.,201.5,-115,-115.0
2026-09-23T17-01-12Z,2026,3,2026_03_ATL_GB,GB,ATL,2026-09-25T00:15:00Z,bovada,player_reception_yds,rec_yards,Bijan Robinson,39.5,-115,-115.0
2026-09-23T17-01-12Z,2026,3,2026_03_ATL_GB,GB,ATL,2026-09-25T00:15:00Z,bovada,player_reception_yds,rec_yards,Chris Brooks,8.5,-110,-120.0
2026-09-23T17-01-12Z,2026,3,2026_03_ATL_GB,GB,ATL,2026-09-25T00:15:00Z,bovada,player_reception_yds,rec_yards,Christian Watson,67.5,-115,-115.0
2026-09-23T17-01-12Z,2026,3,2026_03_ATL_GB,GB,ATL,2026-09-25T00:15:00Z,bovada,player_reception_yds,rec_yards,Drake London,66.5,-115,-115.0
2026-09-23T17-01-12Z,2026,3,2026_03_ATL_GB,GB,ATL,2026-09-25T00:15:00Z,bovada,player_reception_yds,rec_yards,Jahan Dotson,17.5,-110,-120.0
2026-09-23T17-01-12Z,2026,3,2026_03_ATL_GB,GB,ATL,2026-09-25T00:15:00Z,bovada,player_reception_yds,rec_yards,Jonnu Smith,8.5,-105,-125.0
2026-09-23T17-01-12Z,2026,3,2026_03_ATL_GB,GB,ATL,2026-09-25T00:15:00Z,bovada,player_reception_yds,rec_yards,Kyle Pitts,35.5,-115,-115.0
2026-09-23T17-01-12Z,2026,3,2026_03_ATL_GB,GB,ATL,2026-09-25T00:15:00Z,bovada,player_reception_yds,rec_yards,MarShawn Lloyd,5.5,-115,-115.0
2026-09-23T17-01-12Z,2026,3,2026_03_ATL_GB,GB,ATL,2026-09-25T00:15:00Z,bovada,player_reception_yds,rec_yards,Matthew Golden,52.5,-115,-115.0
2026-09-23T17-01-12Z,2026,3,2026_03_ATL_GB,GB,ATL,2026-09-25T00:15:00Z,bovada,player_reception_yds,rec_yards,Olamide Zaccheaus,10.5,-120,-110.0
2026-09-23T17-01-12Z,2026,3,2026_03_ATL_GB,GB,ATL,2026-09-25T00:15:00Z,bovada,player_reception_yds,rec_yards,Skyy Moore,9.5,-115,-115.0
2026-09-23T17-01-12Z,2026,3,2026_03_ATL_GB,GB,ATL,2026-09-25T00:15:00Z,bovada,player_reception_yds,rec_yards,Tucker Kraft,46.5,-110,-120.0
2026-09-23T17-01-12Z,2026,3,2026_03_ATL_GB,GB,ATL,2026-09-25T00:15:00Z,bovada,player_receptions,rec_catches,Bijan Robinson,4.5,-115,-115.0
2026-09-23T17-01-12Z,2026,3,2026_03_ATL_GB,GB,ATL,2026-09-25T00:15:00Z,bovada,player_receptions,rec_catches,Chris Brooks,1.5,105,-135.0
2026-09-23T17-01-12Z,2026,3,2026_03_ATL_GB,GB,ATL,2026-09-25T00:15:00Z,bovada,player_receptions,rec_catches,Christian Watson,4.5,-130,100.0
2026-09-23T17-01-12Z,2026,3,2026_03_ATL_GB,GB,ATL,2026-09-25T00:15:00Z,bovada,player_receptions,rec_catches,Drake London,5.5,100,-130.0
2026-09-23T17-01-12Z,2026,3,2026_03_ATL_GB,GB,ATL,2026-09-25T00:15:00Z,bovada,player_receptions,rec_catches,Jahan Dotson,1.5,-135,105.0
2026-09-23T17-01-12Z,2026,3,2026_03_ATL_GB,GB,ATL,2026-09-25T00:15:00Z,bovada,player_receptions,rec_catches,Jonnu Smith,1.5,130,-170.0
2026-09-23T17-01-12Z,2026,3,2026_03_ATL_GB,GB,ATL,2026-09-25T00:15:00Z,bovada,player_receptions,rec_catches,Kyle Pitts,3.5,-130,100.0
2026-09-23T17-01-12Z,2026,3,2026_03_ATL_GB,GB,ATL,2026-09-25T00:15:00Z,bovada,player_receptions,rec_catches,MarShawn Lloyd,1.5,150,-200.0
2026-09-23T17-01-12Z,2026,3,2026_03_ATL_GB,GB,ATL,2026-09-25T00:15:00Z,bovada,player_receptions,rec_catches,Matthew Golden,4.5,105,-135.0
2026-09-23T17-01-12Z,2026,3,2026_03_ATL_GB,GB,ATL,2026-09-25T00:15:00Z,bovada,player_receptions,rec_catches,Olamide Zaccheaus,1.5,140,-185.0
2026-09-23T17-01-12Z,2026,3,2026_03_ATL_GB,GB,ATL,2026-09-25T00:15:00Z,bovada,player_receptions,rec_catches,Skyy Moore,1.5,130,-170.0
2026-09-23T17-01-12Z,2026,3,2026_03_ATL_GB,GB,ATL,2026-09-25T00:15:00Z,bovada,player_receptions,rec_catches,Tucker Kraft,4.5,130,-170.0
2026-09-23T17-01-12Z,2026,3,2026_03_ATL_GB,GB,ATL,2026-09-25T00:15:00Z,bovada,player_rush_yds,rush_yards,Bijan Robinson,77.5,-115,-115.0
2026-09-23T17-01-12Z,2026,3,2026_03_ATL_GB,GB,ATL,2026-09-25T00:15:00Z,bovada,player_rush_yds,rush_yards,Brian Robinson Jr.,22.5,-110,-120.0
2026-09-23T17-01-12Z,2026,3,2026_03_ATL_GB,GB,ATL,2026-09-25T00:15:00Z,bovada,player_rush_yds,rush_yards,Chris Brooks,15.5,-120,-110.0
2026-09-23T17-01-12Z,2026,3,2026_03_ATL_GB,GB,ATL,2026-09-25T00:15:00Z,bovada,player_rush_yds,rush_yards,Jordan Love,7.5,-120,-110.0
2026-09-23T17-01-12Z,2026,3,2026_03_ATL_GB,GB,ATL,2026-09-25T00:15:00Z,bovada,player_rush_yds,rush_yards,Kaleb Johnson,34.5,-115,-115.0
2026-09-23T17-01-12Z,2026,3,2026_03_ATL_GB,GB,ATL,2026-09-25T00:15:00Z,bovada,player_rush_yds,rush_yards,MarShawn Lloyd,27.5,-120,-110.0
2026-09-23T17-01-12Z,2026,3,2026_03_ATL_GB,GB,ATL,2026-09-25T00:15:00Z,bovada,player_rush_yds,rush_yards,Michael Penix Jr.,3.5,-115,-115.0
2026-09-23T18-56-27Z,2026,3,2026_03_ATL_GB,GB,ATL,2026-09-25T00:15:00Z,draftkings,player_anytime_td,anytime_td,Bijan Robinson,,-160,
2026-09-23T18-56-27Z,2026,3,2026_03_ATL_GB,GB,ATL,2026-09-25T00:15:00Z,draftkings,player_anytime_td,anytime_td,Christian Watson,,155,
2026-09-23T18-56-27Z,2026,3,2026_03_ATL_GB,GB,ATL,2026-09-25T00:15:00Z,draftkings,player_anytime_td,anytime_td,Drake London,,175,
2026-09-23T18-56-27Z,2026,3,2026_03_ATL_GB,GB,ATL,2026-09-25T00:15:00Z,draftkings,player_anytime_td,anytime_td,Tucker Kraft,,185,
2026-09-23T18-56-27Z,2026,3,2026_03_ATL_GB,GB,ATL,2026-09-25T00:15:00Z,draftkings,player_anytime_td,anytime_td,Kaleb Johnson,,195,
2026-09-23T18-56-27Z,2026,3,2026_03_ATL_GB,GB,ATL,2026-09-25T00:15:00Z,draftkings,player_anytime_td,anytime_td,MarShawn Lloyd,,210,
2026-09-23T18-56-27Z,2026,3,2026_03_ATL_GB,GB,ATL,2026-09-25T00:15:00Z,draftkings,player_anytime_td,anytime_td,Matthew Golden,,210,
2026-09-23T18-56-27Z,2026,3,2026_03_ATL_GB,GB,ATL,2026-09-25T00:15:00Z,draftkings,player_anytime_td,anytime_td,Chris Brooks,,235,
2026-09-23T18-56-27Z,2026,3,2026_03_ATL_GB,GB,ATL,2026-09-25T00:15:00Z,draftkings,player_anytime_td,anytime_td,Kyle Pitts,,380,
2026-09-23T18-56-27Z,2026,3,2026_03_ATL_GB,GB,ATL,2026-09-25T00:15:00Z,draftkings,player_anytime_td,anytime_td,Brian Robinson Jr.,,450,
2026-09-23T18-56-27Z,2026,3,2026_03_ATL_GB,GB,ATL,2026-09-25T00:15:00Z,draftkings,player_anytime_td,anytime_td,Skyy Moore,,475,
2026-09-23T18-56-27Z,2026,3,2026_03_ATL_GB,GB,ATL,2026-09-25T00:15:00Z,draftkings,player_anytime_td,anytime_td,Green Bay Packers D/ST,,500,
2026-09-23T18-56-27Z,2026,3,2026_03_ATL_GB,GB,ATL,2026-09-25T00:15:00Z,draftkings,player_anytime_td,anytime_td,Jordan Love,,550,
2026-09-23T18-56-27Z,2026,3,2026_03_ATL_GB,GB,ATL,2026-09-25T00:15:00Z,draftkings,player_anytime_td,anytime_td,Atlanta Falcons D/ST,,550,
2026-09-23T18-56-27Z,2026,3,2026_03_ATL_GB,GB,ATL,2026-09-25T00:15:00Z,draftkings,player_anytime_td,anytime_td,Jonnu Smith,,600,
2026-09-23T18-56-27Z,2026,3,2026_03_ATL_GB,GB,ATL,2026-09-25T00:15:00Z,draftkings,player_anytime_td,anytime_td,Jahan Dotson,,750,
2026-09-23T18-56-27Z,2026,3,2026_03_ATL_GB,GB,ATL,2026-09-25T00:15:00Z,draftkings,player_anytime_td,anytime_td,Olamide Zaccheaus,,750,
2026-09-23T18-56-27Z,2026,3,2026_03_ATL_GB,GB,ATL,2026-09-25T00:15:00Z,draftkings,player_anytime_td,anytime_td,Bo Melton,,850,
2026-09-23T18-56-27Z,2026,3,2026_03_ATL_GB,GB,ATL,2026-09-25T00:15:00Z,draftkings,player_anytime_td,anytime_td,Zachariah Branch,,1000,
2026-09-23T18-56-27Z,2026,3,2026_03_ATL_GB,GB,ATL,2026-09-25T00:15:00Z,draftkings,player_anytime_td,anytime_td,Michael Penix Jr.,,1000,
2026-09-23T18-56-27Z,2026,3,2026_03_ATL_GB,GB,ATL,2026-09-25T00:15:00Z,draftkings,player_anytime_td,anytime_td,Austin Hooper,,1400,
2026-09-23T18-56-27Z,2026,3,2026_03_ATL_GB,GB,ATL,2026-09-25T00:15:00Z,draftkings,player_anytime_td,anytime_td,Mark Redman,,1800,
2026-09-23T18-56-27Z,2026,3,2026_03_ATL_GB,GB,ATL,2026-09-25T00:15:00Z,draftkings,player_anytime_td,anytime_td,Josh Whyle,,1900,
2026-09-23T18-56-27Z,2026,3,2026_03_ATL_GB,GB,ATL,2026-09-25T00:15:00Z,draftkings,player_anytime_td,anytime_td,Charlie Woerner,,2500,
2026-09-23T18-56-27Z,2026,3,2026_03_ATL_GB,GB,ATL,2026-09-25T00:15:00Z,draftkings,player_anytime_td,anytime_td,Chris Blair,,3500,
2026-09-23T18-56-27Z,2026,3,2026_03_ATL_GB,GB,ATL,2026-09-25T00:15:00Z,draftkings,player_anytime_td,anytime_td,Nick Muse,,4000,
2026-09-23T18-56-27Z,2026,3,2026_03_ATL_GB,GB,ATL,2026-09-25T00:15:00Z,draftkings,player_pass_yds,pass_yards,Jordan Love,227.5,-112,-112.0
2026-09-23T18-56-27Z,2026,3,2026_03_ATL_GB,GB,ATL,2026-09-25T00:15:00Z,draftkings,player_pass_yds,pass_yards,Michael Penix Jr.,201.5,-112,-112.0
2026-09-23T18-56-27Z,2026,3,2026_03_ATL_GB,GB,ATL,2026-09-25T00:15:00Z,draftkings,player_reception_yds,rec_yards,Christian Watson,70.5,-111,-113.0
2026-09-23T18-56-27Z,2026,3,2026_03_ATL_GB,GB,ATL,2026-09-25T00:15:00Z,draftkings,player_reception_yds,rec_yards,Drake London,66.5,-112,-112.0
2026-09-23T18-56-27Z,2026,3,2026_03_ATL_GB,GB,ATL,2026-09-25T00:15:00Z,draftkings,player_reception_yds,rec_yards,Matthew Golden,52.5,-113,-111.0
2026-09-23T18-56-27Z,2026,3,2026_03_ATL_GB,GB,ATL,2026-09-25T00:15:00Z,draftkings,player_reception_yds,rec_yards,Tucker Kraft,45.5,-113,-111.0
2026-09-23T18-56-27Z,2026,3,2026_03_ATL_GB,GB,ATL,2026-09-25T00:15:00Z,draftkings,player_reception_yds,rec_yards,Bijan Robinson,39.5,-111,-113.0
2026-09-23T18-56-27Z,2026,3,2026_03_ATL_GB,GB,ATL,2026-09-25T00:15:00Z,draftkings,player_reception_yds,rec_yards,Kyle Pitts,35.5,-110,-114.0
2026-09-23T18-56-27Z,2026,3,2026_03_ATL_GB,GB,ATL,2026-09-25T00:15:00Z,draftkings,player_reception_yds,rec_yards,Jahan Dotson,17.5,-109,-115.0
2026-09-23T18-56-27Z,2026,3,2026_03_ATL_GB,GB,ATL,2026-09-25T00:15:00Z,draftkings,player_reception_yds,rec_yards,Olamide Zaccheaus,10.5,-117,-107.0
2026-09-23T18-56-27Z,2026,3,2026_03_ATL_GB,GB,ATL,2026-09-25T00:15:00Z,draftkings,player_reception_yds,rec_yards,Skyy Moore,9.5,-110,-114.0
2026-09-23T18-56-27Z,2026,3,2026_03_ATL_GB,GB,ATL,2026-09-25T00:15:00Z,draftkings,player_reception_yds,rec_yards,Chris Brooks,8.5,-106,-118.0
2026-09-23T18-56-27Z,2026,3,2026_03_ATL_GB,GB,ATL,2026-09-25T00:15:00Z,draftkings,player_reception_yds,rec_yards,Jonnu Smith,7.5,-120,-104.0
2026-09-23T18-56-27Z,2026,3,2026_03_ATL_GB,GB,ATL,2026-09-25T00:15:00Z,draftkings,player_reception_yds,rec_yards,MarShawn Lloyd,5.5,-113,-111.0
2026-09-23T18-56-27Z,2026,3,2026_03_ATL_GB,GB,ATL,2026-09-25T00:15:00Z,draftkings,player_receptions,rec_catches,Drake London,5.5,-101,-127.0
2026-09-23T18-56-27Z,2026,3,2026_03_ATL_GB,GB,ATL,2026-09-25T00:15:00Z,draftkings,player_receptions,rec_catches,Christian Watson,4.5,-148,116.0
2026-09-23T18-56-27Z,2026,3,2026_03_ATL_GB,GB,ATL,2026-09-25T00:15:00Z,draftkings,player_receptions,rec_catches,Bijan Robinson,4.5,-112,-114.0
2026-09-23T18-56-27Z,2026,3,2026_03_ATL_GB,GB,ATL,2026-09-25T00:15:00Z,draftkings,player_receptions,rec_catches,Matthew Golden,4.5,104,-133.0
2026-09-23T18-56-27Z,2026,3,2026_03_ATL_GB,GB,ATL,2026-09-25T00:15:00Z,draftkings,player_receptions,rec_catches,Tucker Kraft,4.5,130,-166.0
2026-09-23T18-56-27Z,2026,3,2026_03_ATL_GB,GB,ATL,2026-09-25T00:15:00Z,draftkings,player_receptions,rec_catches,Kyle Pitts,3.5,-122,-104.0
2026-09-23T18-56-27Z,2026,3,2026_03_ATL_GB,GB,ATL,2026-09-25T00:15:00Z,draftkings,player_receptions,rec_catches,Jahan Dotson,1.5,-136,107.0
2026-09-23T18-56-27Z,2026,3,2026_03_ATL_GB,GB,ATL,2026-09-25T00:15:00Z,draftkings,player_receptions,rec_catches,Chris Brooks,1.5,106,-135.0
2026-09-23T18-56-27Z,2026,3,2026_03_ATL_GB,GB,ATL,2026-09-25T00:15:00Z,draftkings,player_receptions,rec_catches,Jonnu Smith,1.5,131,-168.0
2026-09-23T18-56-27Z,2026,3,2026_03_ATL_GB,GB,ATL,2026-09-25T00:15:00Z,draftkings,player_receptions,rec_catches,Skyy Moore,1.5,132,-170.0
2026-09-23T18-56-27Z,2026,3,2026_03_ATL_GB,GB,ATL,2026-09-25T00:15:00Z,draftkings,player_receptions,rec_catches,Olamide Zaccheaus,1.5,143,-184.0
2026-09-23T18-56-27Z,2026,3,2026_03_ATL_GB,GB,ATL,2026-09-25T00:15:00Z,draftkings,player_receptions,rec_catches,MarShawn Lloyd,1.5,155,-199.0
2026-09-23T18-56-27Z,2026,3,2026_03_ATL_GB,GB,ATL,2026-09-25T00:15:00Z,draftkings,player_rush_yds,rush_yards,Bijan Robinson,77.5,-111,-113.0
2026-09-23T18-56-27Z,2026,3,2026_03_ATL_GB,GB,ATL,2026-09-25T00:15:00Z,draftkings,player_rush_yds,rush_yards,Kaleb Johnson,34.5,-114,-110.0
2026-09-23T18-56-27Z,2026,3,2026_03_ATL_GB,GB,ATL,2026-09-25T00:15:00Z,draftkings,player_rush_yds,rush_yards,MarShawn Lloyd,25.5,-114,-110.0
2026-09-23T18-56-27Z,2026,3,2026_03_ATL_GB,GB,ATL,2026-09-25T00:15:00Z,draftkings,player_rush_yds,rush_yards,Brian Robinson Jr.,22.5,-109,-115.0
2026-09-23T18-56-27Z,2026,3,2026_03_ATL_GB,GB,ATL,2026-09-25T00:15:00Z,draftkings,player_rush_yds,rush_yards,Chris Brooks,16.5,-108,-116.0
2026-09-23T18-56-27Z,2026,3,2026_03_ATL_GB,GB,ATL,2026-09-25T00:15:00Z,draftkings,player_rush_yds,rush_yards,Jordan Love,8.5,-105,-119.0
2026-09-23T18-56-27Z,2026,3,2026_03_ATL_GB,GB,ATL,2026-09-25T00:15:00Z,draftkings,player_rush_yds,rush_yards,Michael Penix Jr.,3.5,-111,-113.0
2026-09-23T18-56-27Z,2026,3,2026_03_ATL_GB,GB,ATL,2026-09-25T00:15:00Z,fanduel,player_anytime_td,anytime_td,Bijan Robinson,,-155,
2026-09-23T18-56-27Z,2026,3,2026_03_ATL_GB,GB,ATL,2026-09-25T00:15:00Z,fanduel,player_anytime_td,anytime_td,Christian Watson,,155,
2026-09-23T18-56-27Z,2026,3,2026_03_ATL_GB,GB,ATL,2026-09-25T00:15:00Z,fanduel,player_anytime_td,anytime_td,Kaleb Johnson,,190,
2026-09-23T18-56-27Z,2026,3,2026_03_ATL_GB,GB,ATL,2026-09-25T00:15:00Z,fanduel,player_anytime_td,anytime_td,Drake London,,195,
2026-09-23T18-56-27Z,2026,3,2026_03_ATL_GB,GB,ATL,2026-09-25T00:15:00Z,fanduel,player_anytime_td,anytime_td,Tucker Kraft,,200,
2026-09-23T18-56-27Z,2026,3,2026_03_ATL_GB,GB,ATL,2026-09-25T00:15:00Z,fanduel,player_anytime_td,anytime_td,Matthew Golden,,200,
2026-09-23T18-56-27Z,2026,3,2026_03_ATL_GB,GB,ATL,2026-09-25T00:15:00Z,fanduel,player_anytime_td,anytime_td,MarShawn Lloyd,,200,
2026-09-23T18-56-27Z,2026,3,2026_03_ATL_GB,GB,ATL,2026-09-25T00:15:00Z,fanduel,player_anytime_td,anytime_td,Chris Brooks,,270,
2026-09-23T18-56-27Z,2026,3,2026_03_ATL_GB,GB,ATL,2026-09-25T00:15:00Z,fanduel,player_anytime_td,anytime_td,Kyle Pitts,,380,
2026-09-23T18-56-27Z,2026,3,2026_03_ATL_GB,GB,ATL,2026-09-25T00:15:00Z,fanduel,player_anytime_td,anytime_td,Brian Robinson Jr.,,450,
2026-09-23T18-56-27Z,2026,3,2026_03_ATL_GB,GB,ATL,2026-09-25T00:15:00Z,fanduel,player_anytime_td,anytime_td,Skyy Moore,,470,
2026-09-23T18-56-27Z,2026,3,2026_03_ATL_GB,GB,ATL,2026-09-25T00:15:00Z,fanduel,player_anytime_td,anytime_td,Jordan Love,,600,
2026-09-23T18-56-27Z,2026,3,2026_03_ATL_GB,GB,ATL,2026-09-25T00:15:00Z,fanduel,player_anytime_td,anytime_td,Jahan Dotson,,650,
2026-09-23T18-56-27Z,2026,3,2026_03_ATL_GB,GB,ATL,2026-09-25T00:15:00Z,fanduel,player_anytime_td,anytime_td,Atlanta Falcons Defense,,700,
2026-09-23T18-56-27Z,2026,3,2026_03_ATL_GB,GB,ATL,2026-09-25T00:15:00Z,fanduel,player_anytime_td,anytime_td,Jonnu Smith,,700,
2026-09-23T18-56-27Z,2026,3,2026_03_ATL_GB,GB,ATL,2026-09-25T00:15:00Z,fanduel,player_anytime_td,anytime_td,Olamide Zaccheaus,,800,
2026-09-23T18-56-27Z,2026,3,2026_03_ATL_GB,GB,ATL,2026-09-25T00:15:00Z,fanduel,player_anytime_td,anytime_td,Green Bay Packers Defense,,800,
2026-09-23T18-56-27Z,2026,3,2026_03_ATL_GB,GB,ATL,2026-09-25T00:15:00Z,fanduel,player_anytime_td,anytime_td,Bo Melton,,900,
2026-09-23T18-56-27Z,2026,3,2026_03_ATL_GB,GB,ATL,2026-09-25T00:15:00Z,fanduel,player_anytime_td,anytime_td,Michael Penix Jr.,,1000,
2026-09-23T18-56-27Z,2026,3,2026_03_ATL_GB,GB,ATL,2026-09-25T00:15:00Z,fanduel,player_anytime_td,anytime_td,Austin Hooper,,1100,
2026-09-23T18-56-27Z,2026,3,2026_03_ATL_GB,GB,ATL,2026-09-25T00:15:00Z,fanduel,player_anytime_td,anytime_td,Zachariah Branch,,1300,
2026-09-23T18-56-27Z,2026,3,2026_03_ATL_GB,GB,ATL,2026-09-25T00:15:00Z,fanduel,player_anytime_td,anytime_td,Josh Whyle,,1800,
2026-09-23T18-56-27Z,2026,3,2026_03_ATL_GB,GB,ATL,2026-09-25T00:15:00Z,fanduel,player_anytime_td,anytime_td,Mark Redman,,2000,
2026-09-23T18-56-27Z,2026,3,2026_03_ATL_GB,GB,ATL,2026-09-25T00:15:00Z,fanduel,player_anytime_td,anytime_td,J. Michael Sturdivant,,2000,
2026-09-23T18-56-27Z,2026,3,2026_03_ATL_GB,GB,ATL,2026-09-25T00:15:00Z,fanduel,player_anytime_td,anytime_td,Charlie Woerner,,2500,
2026-09-23T18-56-27Z,2026,3,2026_03_ATL_GB,GB,ATL,2026-09-25T00:15:00Z,fanduel,player_anytime_td,anytime_td,Chris Blair,,2500,
2026-09-23T18-56-27Z,2026,3,2026_03_ATL_GB,GB,ATL,2026-09-25T00:15:00Z,fanduel,player_anytime_td,anytime_td,Nick Muse,,4500,
2026-09-23T18-56-27Z,2026,3,2026_03_ATL_GB,GB,ATL,2026-09-25T00:15:00Z,fanduel,player_pass_yds,pass_yards,Michael Penix Jr.,205.5,-114,-114.0
2026-09-23T18-56-27Z,2026,3,2026_03_ATL_GB,GB,ATL,2026-09-25T00:15:00Z,fanduel,player_pass_yds,pass_yards,Jordan Love,226.5,-114,-114.0
2026-09-23T18-56-27Z,2026,3,2026_03_ATL_GB,GB,ATL,2026-09-25T00:15:00Z,fanduel,player_reception_yds,rec_yards,Skyy Moore,10.5,-120,-108.0
2026-09-23T18-56-27Z,2026,3,2026_03_ATL_GB,GB,ATL,2026-09-25T00:15:00Z,fanduel,player_reception_yds,rec_yards,Olamide Zaccheaus,10.5,-114,-114.0
2026-09-23T18-56-27Z,2026,3,2026_03_ATL_GB,GB,ATL,2026-09-25T00:15:00Z,fanduel,player_reception_yds,rec_yards,Christian Watson,69.5,-114,-114.0
2026-09-23T18-56-27Z,2026,3,2026_03_ATL_GB,GB,ATL,2026-09-25T00:15:00Z,fanduel,player_reception_yds,rec_yards,Matthew Golden,54.5,-114,-114.0
2026-09-23T18-56-27Z,2026,3,2026_03_ATL_GB,GB,ATL,2026-09-25T00:15:00Z,fanduel,player_reception_yds,rec_yards,Jonnu Smith,7.5,-114,-114.0
2026-09-23T18-56-27Z,2026,3,2026_03_ATL_GB,GB,ATL,2026-09-25T00:15:00Z,fanduel,player_reception_yds,rec_yards,Tucker Kraft,46.5,-114,-114.0
2026-09-23T18-56-27Z,2026,3,2026_03_ATL_GB,GB,ATL,2026-09-25T00:15:00Z,fanduel,player_reception_yds,rec_yards,Chris Brooks,7.5,-114,-114.0
2026-09-23T18-56-27Z,2026,3,2026_03_ATL_GB,GB,ATL,2026-09-25T00:15:00Z,fanduel,player_reception_yds,rec_yards,Drake London,65.5,-114,-114.0
2026-09-23T18-56-27Z,2026,3,2026_03_ATL_GB,GB,ATL,2026-09-25T00:15:00Z,fanduel,player_reception_yds,rec_yards,MarShawn Lloyd,5.5,-114,-114.0
2026-09-23T18-56-27Z,2026,3,2026_03_ATL_GB,GB,ATL,2026-09-25T00:15:00Z,fanduel,player_reception_yds,rec_yards,Bijan Robinson,40.5,-114,-114.0
2026-09-23T18-56-27Z,2026,3,2026_03_ATL_GB,GB,ATL,2026-09-25T00:15:00Z,fanduel,player_reception_yds,rec_yards,Kyle Pitts,37.5,-114,-114.0
2026-09-23T18-56-27Z,2026,3,2026_03_ATL_GB,GB,ATL,2026-09-25T00:15:00Z,fanduel,player_reception_yds,rec_yards,Jahan Dotson,19.5,-114,-114.0
2026-09-23T18-56-27Z,2026,3,2026_03_ATL_GB,GB,ATL,2026-09-25T00:15:00Z,fanduel,player_receptions,rec_catches,MarShawn Lloyd,1.5,154,-210.0
2026-09-23T18-56-27Z,2026,3,2026_03_ATL_GB,GB,ATL,2026-09-25T00:15:00Z,fanduel,player_receptions,rec_catches,Chris Brooks,1.5,116,-154.0
2026-09-23T18-56-27Z,2026,3,2026_03_ATL_GB,GB,ATL,2026-09-25T00:15:00Z,fanduel,player_receptions,rec_catches,Tucker Kraft,3.5,-154,116.0
2026-09-23T18-56-27Z,2026,3,2026_03_ATL_GB,GB,ATL,2026-09-25T00:15:00Z,fanduel,player_receptions,rec_catches,Christian Watson,4.5,-138,104.0
2026-09-23T18-56-27Z,2026,3,2026_03_ATL_GB,GB,ATL,2026-09-25T00:15:00Z,fanduel,player_receptions,rec_catches,Olamide Zaccheaus,1.5,136,-182.0
2026-09-23T18-56-27Z,2026,3,2026_03_ATL_GB,GB,ATL,2026-09-25T00:15:00Z,fanduel,player_receptions,rec_catches,Kyle Pitts,3.5,-140,106.0
2026-09-23T18-56-27Z,2026,3,2026_03_ATL_GB,GB,ATL,2026-09-25T00:15:00Z,fanduel,player_receptions,rec_catches,Drake London,5.5,106,-140.0
2026-09-23T18-56-27Z,2026,3,2026_03_ATL_GB,GB,ATL,2026-09-25T00:15:00Z,fanduel,player_receptions,rec_catches,Matthew Golden,4.5,102,-136.0
2026-09-23T18-56-27Z,2026,3,2026_03_ATL_GB,GB,ATL,2026-09-25T00:15:00Z,fanduel,player_receptions,rec_catches,Bijan Robinson,4.5,-130,-102.0
2026-09-23T18-56-27Z,2026,3,2026_03_ATL_GB,GB,ATL,2026-09-25T00:15:00Z,fanduel,player_receptions,rec_catches,Skyy Moore,1.5,130,-174.0
2026-09-23T18-56-27Z,2026,3,2026_03_ATL_GB,GB,ATL,2026-09-25T00:15:00Z,fanduel,player_receptions,rec_catches,Jahan Dotson,1.5,-162,122.0
2026-09-23T18-56-27Z,2026,3,2026_03_ATL_GB,GB,ATL,2026-09-25T00:15:00Z,fanduel,player_receptions,rec_catches,Jonnu Smith,1.5,130,-174.0
2026-09-23T18-56-27Z,2026,3,2026_03_ATL_GB,GB,ATL,2026-09-25T00:15:00Z,fanduel,player_rush_yds,rush_yards,Michael Penix Jr.,4.5,108,-140.0
2026-09-23T18-56-27Z,2026,3,2026_03_ATL_GB,GB,ATL,2026-09-25T00:15:00Z,fanduel,player_rush_yds,rush_yards,Chris Brooks,16.5,-114,-114.0
2026-09-23T18-56-27Z,2026,3,2026_03_ATL_GB,GB,ATL,2026-09-25T00:15:00Z,fanduel,player_rush_yds,rush_yards,MarShawn Lloyd,25.5,-114,-114.0
2026-09-23T18-56-27Z,2026,3,2026_03_ATL_GB,GB,ATL,2026-09-25T00:15:00Z,fanduel,player_rush_yds,rush_yards,Jordan Love,8.5,-114,-114.0
2026-09-23T18-56-27Z,2026,3,2026_03_ATL_GB,GB,ATL,2026-09-25T00:15:00Z,fanduel,player_rush_yds,rush_yards,Brian Robinson Jr.,22.5,-114,-114.0
2026-09-23T18-56-27Z,2026,3,2026_03_ATL_GB,GB,ATL,2026-09-25T00:15:00Z,fanduel,player_rush_yds,rush_yards,Bijan Robinson,77.5,-114,-114.0
2026-09-23T18-56-27Z,2026,3,2026_03_ATL_GB,GB,ATL,2026-09-25T00:15:00Z,fanduel,player_rush_yds,rush_yards,Kaleb Johnson,34.5,-114,-114.0
2026-09-23T18-56-27Z,2026,3,2026_03_ATL_GB,GB,ATL,2026-09-25T00:15:00Z,betrivers,player_anytime_td,anytime_td,Jahan Dotson,,500,
2026-09-23T18-56-27Z,2026,3,2026_03_ATL_GB,GB,ATL,2026-09-25T00:15:00Z,betrivers,player_anytime_td,anytime_td,Zachariah Branch,,1600,
2026-09-23T18-56-27Z,2026,3,2026_03_ATL_GB,GB,ATL,2026-09-25T00:15:00Z,betrivers,player_anytime_td,anytime_td,Austin Hooper,,1500,
2026-09-23T18-56-27Z,2026,3,2026_03_ATL_GB,GB,ATL,2026-09-25T00:15:00Z,betrivers,player_anytime_td,anytime_td,Michael Penix Jr.,,650,
2026-09-23T18-56-27Z,2026,3,2026_03_ATL_GB,GB,ATL,2026-09-25T00:15:00Z,betrivers,player_anytime_td,anytime_td,Jordan Love,,750,
2026-09-23T18-56-27Z,2026,3,2026_03_ATL_GB,GB,ATL,2026-09-25T00:15:00Z,betrivers,player_anytime_td,anytime_td,Drake London,,175,
2026-09-23T18-56-27Z,2026,3,2026_03_ATL_GB,GB,ATL,2026-09-25T00:15:00Z,betrivers,player_anytime_td,anytime_td,Christian Watson,,140,
2026-09-23T18-56-27Z,2026,3,2026_03_ATL_GB,GB,ATL,2026-09-25T00:15:00Z,betrivers,player_anytime_td,anytime_td,Mark Redman,,2000,
2026-09-23T18-56-27Z,2026,3,2026_03_ATL_GB,GB,ATL,2026-09-25T00:15:00Z,betrivers,player_anytime_td,anytime_td,Chris Blair,,2000,
2026-09-23T18-56-27Z,2026,3,2026_03_ATL_GB,GB,ATL,2026-09-25T00:15:00Z,betrivers,player_anytime_td,anytime_td,MarShawn Lloyd,,195,
2026-09-23T18-56-27Z,2026,3,2026_03_ATL_GB,GB,ATL,2026-09-25T00:15:00Z,betrivers,player_anytime_td,anytime_td,Charlie Woerner,,1900,
2026-09-23T18-56-27Z,2026,3,2026_03_ATL_GB,GB,ATL,2026-09-25T00:15:00Z,betrivers,player_anytime_td,anytime_td,Kyle Pitts,,350,
2026-09-23T18-56-27Z,2026,3,2026_03_ATL_GB,GB,ATL,2026-09-25T00:15:00Z,betrivers,player_anytime_td,anytime_td,Tucker Kraft,,175,
2026-09-23T18-56-27Z,2026,3,2026_03_ATL_GB,GB,ATL,2026-09-25T00:15:00Z,betrivers,player_anytime_td,anytime_td,Matthew Golden,,185,
2026-09-23T18-56-27Z,2026,3,2026_03_ATL_GB,GB,ATL,2026-09-25T00:15:00Z,betrivers,player_anytime_td,anytime_td,Skyy Moore,,450,
2026-09-23T18-56-27Z,2026,3,2026_03_ATL_GB,GB,ATL,2026-09-25T00:15:00Z,betrivers,player_anytime_td,anytime_td,Bijan Robinson,,-167,
2026-09-23T18-56-27Z,2026,3,2026_03_ATL_GB,GB,ATL,2026-09-25T00:15:00Z,betrivers,player_anytime_td,anytime_td,Jonnu Smith,,650,
2026-09-23T18-56-27Z,2026,3,2026_03_ATL_GB,GB,ATL,2026-09-25T00:15:00Z,betrivers,player_anytime_td,anytime_td,Bo Melton,,800,
2026-09-23T18-56-27Z,2026,3,2026_03_ATL_GB,GB,ATL,2026-09-25T00:15:00Z,betrivers,player_anytime_td,anytime_td,Kaleb Johnson,,200,
2026-09-23T18-56-27Z,2026,3,2026_03_ATL_GB,GB,ATL,2026-09-25T00:15:00Z,betrivers,player_anytime_td,anytime_td,Olamide Zaccheaus,,600,
2026-09-23T18-56-27Z,2026,3,2026_03_ATL_GB,GB,ATL,2026-09-25T00:15:00Z,betrivers,player_anytime_td,anytime_td,Nick Muse,,2500,
2026-09-23T18-56-27Z,2026,3,2026_03_ATL_GB,GB,ATL,2026-09-25T00:15:00Z,betrivers,player_anytime_td,anytime_td,Brian Robinson Jr.,,375,
2026-09-23T18-56-27Z,2026,3,2026_03_ATL_GB,GB,ATL,2026-09-25T00:15:00Z,betrivers,player_anytime_td,anytime_td,J. Michael Sturdivant,,1200,
2026-09-23T18-56-27Z,2026,3,2026_03_ATL_GB,GB,ATL,2026-09-25T00:15:00Z,betrivers,player_anytime_td,anytime_td,Josh Whyle,,2200,
2026-09-23T18-56-27Z,2026,3,2026_03_ATL_GB,GB,ATL,2026-09-25T00:15:00Z,betrivers,player_anytime_td,anytime_td,Chris Brooks,,240,
2026-09-23T18-56-27Z,2026,3,2026_03_ATL_GB,GB,ATL,2026-09-25T00:15:00Z,betrivers,player_pass_yds,pass_yards,Jordan Love,224.5,-114,-117.0
2026-09-23T18-56-27Z,2026,3,2026_03_ATL_GB,GB,ATL,2026-09-25T00:15:00Z,betrivers,player_pass_yds,pass_yards,Michael Penix Jr.,203.5,-117,-114.0
2026-09-23T18-56-27Z,2026,3,2026_03_ATL_GB,GB,ATL,2026-09-25T00:15:00Z,betrivers,player_reception_yds,rec_yards,Tucker Kraft,45.5,-115,-114.0
2026-09-23T18-56-27Z,2026,3,2026_03_ATL_GB,GB,ATL,2026-09-25T00:15:00Z,betrivers,player_reception_yds,rec_yards,Matthew Golden,53.5,-115,-115.0
2026-09-23T18-56-27Z,2026,3,2026_03_ATL_GB,GB,ATL,2026-09-25T00:15:00Z,betrivers,player_reception_yds,rec_yards,Kyle Pitts,36.5,-115,-115.0
2026-09-23T18-56-27Z,2026,3,2026_03_ATL_GB,GB,ATL,2026-09-25T00:15:00Z,betrivers,player_reception_yds,rec_yards,Drake London,65.5,-117,-114.0
2026-09-23T18-56-27Z,2026,3,2026_03_ATL_GB,GB,ATL,2026-09-25T00:15:00Z,betrivers,player_reception_yds,rec_yards,Bijan Robinson,40.5,-114,-117.0
2026-09-23T18-56-27Z,2026,3,2026_03_ATL_GB,GB,ATL,2026-09-25T00:15:00Z,betrivers,player_reception_yds,rec_yards,Chris Brooks,7.5,-110,-121.0
2026-09-23T18-56-27Z,2026,3,2026_03_ATL_GB,GB,ATL,2026-09-25T00:15:00Z,betrivers,player_reception_yds,rec_yards,Christian Watson,68.5,-117,-114.0
2026-09-23T18-56-27Z,2026,3,2026_03_ATL_GB,GB,ATL,2026-09-25T00:15:00Z,betrivers,player_reception_yds,rec_yards,Jahan Dotson,18.5,-113,-118.0
2026-09-23T18-56-27Z,2026,3,2026_03_ATL_GB,GB,ATL,2026-09-25T00:15:00Z,betrivers,player_reception_yds,rec_yards,MarShawn Lloyd,6.5,-107,-124.0
2026-09-23T18-56-27Z,2026,3,2026_03_ATL_GB,GB,ATL,2026-09-25T00:15:00Z,betrivers,player_reception_yds,rec_yards,Olamide Zaccheaus,9.5,-114,-117.0
2026-09-23T18-56-27Z,2026,3,2026_03_ATL_GB,GB,ATL,2026-09-25T00:15:00Z,betrivers,player_reception_yds,rec_yards,Jonnu Smith,8.5,-118,-113.0
2026-09-23T18-56-27Z,2026,3,2026_03_ATL_GB,GB,ATL,2026-09-25T00:15:00Z,betrivers,player_reception_yds,rec_yards,Skyy Moore,9.5,-117,-114.0
2026-09-23T18-56-27Z,2026,3,2026_03_ATL_GB,GB,ATL,2026-09-25T00:15:00Z,betrivers,player_receptions,rec_catches,Tucker Kraft,3.5,-159,
2026-09-23T18-56-27Z,2026,3,2026_03_ATL_GB,GB,ATL,2026-09-25T00:15:00Z,betrivers,player_receptions,rec_catches,Christian Watson,4.5,-150,
2026-09-23T18-56-27Z,2026,3,2026_03_ATL_GB,GB,ATL,2026-09-25T00:15:00Z,betrivers,player_receptions,rec_catches,MarShawn Lloyd,1.5,160,
2026-09-23T18-56-27Z,2026,3,2026_03_ATL_GB,GB,ATL,2026-09-25T00:15:00Z,betrivers,player_receptions,rec_catches,Jahan Dotson,1.5,-159,
2026-09-23T18-56-27Z,2026,3,2026_03_ATL_GB,GB,ATL,2026-09-25T00:15:00Z,betrivers,player_receptions,rec_catches,Bijan Robinson,4.5,-148,
2026-09-23T18-56-27Z,2026,3,2026_03_ATL_GB,GB,ATL,2026-09-25T00:15:00Z,betrivers,player_receptions,rec_catches,Jonnu Smith,1.5,140,
2026-09-23T18-56-27Z,2026,3,2026_03_ATL_GB,GB,ATL,2026-09-25T00:15:00Z,betrivers,player_receptions,rec_catches,Kyle Pitts,3.5,-136,
2026-09-23T18-56-27Z,2026,3,2026_03_ATL_GB,GB,ATL,2026-09-25T00:15:00Z,betrivers,player_receptions,rec_catches,Drake London,5.5,102,
2026-09-23T18-56-27Z,2026,3,2026_03_ATL_GB,GB,ATL,2026-09-25T00:15:00Z,betrivers,player_receptions,rec_catches,Matthew Golden,4.5,112,
2026-09-23T18-56-27Z,2026,3,2026_03_ATL_GB,GB,ATL,2026-09-25T00:15:00Z,betrivers,player_receptions,rec_catches,Olamide Zaccheaus,1.5,133,
2026-09-23T18-56-27Z,2026,3,2026_03_ATL_GB,GB,ATL,2026-09-25T00:15:00Z,betrivers,player_receptions,rec_catches,Skyy Moore,1.5,120,
2026-09-23T18-56-27Z,2026,3,2026_03_ATL_GB,GB,ATL,2026-09-25T00:15:00Z,betrivers,player_rush_yds,rush_yards,Michael Penix Jr.,3.5,-114,-117.0
2026-09-23T18-56-27Z,2026,3,2026_03_ATL_GB,GB,ATL,2026-09-25T00:15:00Z,betrivers,player_rush_yds,rush_yards,Jordan Love,8.5,-115,-115.0
2026-09-23T18-56-27Z,2026,3,2026_03_ATL_GB,GB,ATL,2026-09-25T00:15:00Z,betrivers,player_rush_yds,rush_yards,Kaleb Johnson,35.5,-114,-117.0
2026-09-23T18-56-27Z,2026,3,2026_03_ATL_GB,GB,ATL,2026-09-25T00:15:00Z,betrivers,player_rush_yds,rush_yards,Chris Brooks,16.5,-122,-109.0
2026-09-23T18-56-27Z,2026,3,2026_03_ATL_GB,GB,ATL,2026-09-25T00:15:00Z,betrivers,player_rush_yds,rush_yards,Brian Robinson Jr.,22.5,-118,-113.0
2026-09-23T18-56-27Z,2026,3,2026_03_ATL_GB,GB,ATL,2026-09-25T00:15:00Z,betrivers,player_rush_yds,rush_yards,MarShawn Lloyd,25.5,-113,-118.0
2026-09-23T18-56-27Z,2026,3,2026_03_ATL_GB,GB,ATL,2026-09-25T00:15:00Z,betrivers,player_rush_yds,rush_yards,Bijan Robinson,78.5,-113,-118.0
2026-09-23T18-56-27Z,2026,3,2026_03_ATL_GB,GB,ATL,2026-09-25T00:15:00Z,betonlineag,player_anytime_td,anytime_td,Kyle Pitts,,350,
2026-09-23T18-56-27Z,2026,3,2026_03_ATL_GB,GB,ATL,2026-09-25T00:15:00Z,betonlineag,player_anytime_td,anytime_td,Austin Hooper,,1100,
2026-09-23T18-56-27Z,2026,3,2026_03_ATL_GB,GB,ATL,2026-09-25T00:15:00Z,betonlineag,player_anytime_td,anytime_td,Drake London,,170,
2026-09-23T18-56-27Z,2026,3,2026_03_ATL_GB,GB,ATL,2026-09-25T00:15:00Z,betonlineag,player_anytime_td,anytime_td,Olamide Zaccheaus,,700,
2026-09-23T18-56-27Z,2026,3,2026_03_ATL_GB,GB,ATL,2026-09-25T00:15:00Z,betonlineag,player_anytime_td,anytime_td,Jordan Love,,550,
2026-09-23T18-56-27Z,2026,3,2026_03_ATL_GB,GB,ATL,2026-09-25T00:15:00Z,betonlineag,player_anytime_td,anytime_td,Bo Melton,,550,
2026-09-23T18-56-27Z,2026,3,2026_03_ATL_GB,GB,ATL,2026-09-25T00:15:00Z,betonlineag,player_anytime_td,anytime_td,Christian Watson,,130,
2026-09-23T18-56-27Z,2026,3,2026_03_ATL_GB,GB,ATL,2026-09-25T00:15:00Z,betonlineag,player_anytime_td,anytime_td,Bijan Robinson,,-167,
2026-09-23T18-56-27Z,2026,3,2026_03_ATL_GB,GB,ATL,2026-09-25T00:15:00Z,betonlineag,player_anytime_td,anytime_td,Tucker Kraft,,160,
2026-09-23T18-56-27Z,2026,3,2026_03_ATL_GB,GB,ATL,2026-09-25T00:15:00Z,betonlineag,player_anytime_td,anytime_td,Charlie Woerner,,1900,
2026-09-23T18-56-27Z,2026,3,2026_03_ATL_GB,GB,ATL,2026-09-25T00:15:00Z,betonlineag,player_anytime_td,anytime_td,MarShawn Lloyd,,160,
2026-09-23T18-56-27Z,2026,3,2026_03_ATL_GB,GB,ATL,2026-09-25T00:15:00Z,betonlineag,player_anytime_td,anytime_td,Chris Blair,,2400,
2026-09-23T18-56-27Z,2026,3,2026_03_ATL_GB,GB,ATL,2026-09-25T00:15:00Z,betonlineag,player_anytime_td,anytime_td,Michael Penix Jr.,,1000,
2026-09-23T18-56-27Z,2026,3,2026_03_ATL_GB,GB,ATL,2026-09-25T00:15:00Z,betonlineag,player_anytime_td,anytime_td,Chris Brooks,,190,
2026-09-23T18-56-27Z,2026,3,2026_03_ATL_GB,GB,ATL,2026-09-25T00:15:00Z,betonlineag,player_anytime_td,anytime_td,Matthew Golden,,180,
2026-09-23T18-56-27Z,2026,3,2026_03_ATL_GB,GB,ATL,2026-09-25T00:15:00Z,betonlineag,player_anytime_td,anytime_td,Josh Whyle,,1100,
2026-09-23T18-56-27Z,2026,3,2026_03_ATL_GB,GB,ATL,2026-09-25T00:15:00Z,betonlineag,player_anytime_td,anytime_td,Skyy Moore,,400,
2026-09-23T18-56-27Z,2026,3,2026_03_ATL_GB,GB,ATL,2026-09-25T00:15:00Z,betonlineag,player_anytime_td,anytime_td,Zachariah Branch,,1000,
2026-09-23T18-56-27Z,2026,3,2026_03_ATL_GB,GB,ATL,2026-09-25T00:15:00Z,betonlineag,player_anytime_td,anytime_td,Brian Robinson Jr.,,350,
2026-09-23T18-56-27Z,2026,3,2026_03_ATL_GB,GB,ATL,2026-09-25T00:15:00Z,betonlineag,player_anytime_td,anytime_td,Jahan Dotson,,650,
2026-09-23T18-56-27Z,2026,3,2026_03_ATL_GB,GB,ATL,2026-09-25T00:15:00Z,betonlineag,player_anytime_td,anytime_td,Nick Muse,,2900,
2026-09-23T18-56-27Z,2026,3,2026_03_ATL_GB,GB,ATL,2026-09-25T00:15:00Z,betonlineag,player_pass_yds,pass_yards,Michael Penix Jr.,205.5,-114,-114.0
2026-09-23T18-56-27Z,2026,3,2026_03_ATL_GB,GB,ATL,2026-09-25T00:15:00Z,betonlineag,player_pass_yds,pass_yards,Jordan Love,226.5,-115,-112.0
2026-09-23T18-56-27Z,2026,3,2026_03_ATL_GB,GB,ATL,2026-09-25T00:15:00Z,betonlineag,player_reception_yds,rec_yards,MarShawn Lloyd,5.5,-114,-114.0
2026-09-23T18-56-27Z,2026,3,2026_03_ATL_GB,GB,ATL,2026-09-25T00:15:00Z,betonlineag,player_reception_yds,rec_yards,Chris Brooks,7.5,-112,-115.0
2026-09-23T18-56-27Z,2026,3,2026_03_ATL_GB,GB,ATL,2026-09-25T00:15:00Z,betonlineag,player_reception_yds,rec_yards,Tucker Kraft,46.5,-114,-114.0
2026-09-23T18-56-27Z,2026,3,2026_03_ATL_GB,GB,ATL,2026-09-25T00:15:00Z,betonlineag,player_reception_yds,rec_yards,Bijan Robinson,39.5,-119,-109.0
2026-09-23T18-56-27Z,2026,3,2026_03_ATL_GB,GB,ATL,2026-09-25T00:15:00Z,betonlineag,player_reception_yds,rec_yards,Drake London,65.5,-114,-114.0
2026-09-23T18-56-27Z,2026,3,2026_03_ATL_GB,GB,ATL,2026-09-25T00:15:00Z,betonlineag,player_reception_yds,rec_yards,Kyle Pitts,37.5,-130,100.0
2026-09-23T18-56-27Z,2026,3,2026_03_ATL_GB,GB,ATL,2026-09-25T00:15:00Z,betonlineag,player_reception_yds,rec_yards,Matthew Golden,55.5,-114,-114.0
2026-09-23T18-56-27Z,2026,3,2026_03_ATL_GB,GB,ATL,2026-09-25T00:15:00Z,betonlineag,player_reception_yds,rec_yards,Skyy Moore,9.5,-112,-115.0
2026-09-23T18-56-27Z,2026,3,2026_03_ATL_GB,GB,ATL,2026-09-25T00:15:00Z,betonlineag,player_reception_yds,rec_yards,Olamide Zaccheaus,10.5,-116,-111.0
2026-09-23T18-56-27Z,2026,3,2026_03_ATL_GB,GB,ATL,2026-09-25T00:15:00Z,betonlineag,player_reception_yds,rec_yards,Jonnu Smith,7.5,-114,-114.0
2026-09-23T18-56-27Z,2026,3,2026_03_ATL_GB,GB,ATL,2026-09-25T00:15:00Z,betonlineag,player_reception_yds,rec_yards,Jahan Dotson,17.5,-111,-116.0
2026-09-23T18-56-27Z,2026,3,2026_03_ATL_GB,GB,ATL,2026-09-25T00:15:00Z,betonlineag,player_reception_yds,rec_yards,Christian Watson,69.5,-114,-114.0
2026-09-23T18-56-27Z,2026,3,2026_03_ATL_GB,GB,ATL,2026-09-25T00:15:00Z,betonlineag,player_receptions,rec_catches,Kyle Pitts,3.5,-130,100.0
2026-09-23T18-56-27Z,2026,3,2026_03_ATL_GB,GB,ATL,2026-09-25T00:15:00Z,betonlineag,player_receptions,rec_catches,Christian Watson,4.5,-154,118.0
2026-09-23T18-56-27Z,2026,3,2026_03_ATL_GB,GB,ATL,2026-09-25T00:15:00Z,betonlineag,player_receptions,rec_catches,Bijan Robinson,4.5,-120,-108.0
2026-09-23T18-56-27Z,2026,3,2026_03_ATL_GB,GB,ATL,2026-09-25T00:15:00Z,betonlineag,player_receptions,rec_catches,Matthew Golden,4.5,109,-141.0
2026-09-23T18-56-27Z,2026,3,2026_03_ATL_GB,GB,ATL,2026-09-25T00:15:00Z,betonlineag,player_receptions,rec_catches,MarShawn Lloyd,1.5,158,-208.0
2026-09-23T18-56-27Z,2026,3,2026_03_ATL_GB,GB,ATL,2026-09-25T00:15:00Z,betonlineag,player_receptions,rec_catches,Jahan Dotson,1.5,-149,115.0
2026-09-23T18-56-27Z,2026,3,2026_03_ATL_GB,GB,ATL,2026-09-25T00:15:00Z,betonlineag,player_receptions,rec_catches,Drake London,5.5,104,-135.0
2026-09-23T18-56-27Z,2026,3,2026_03_ATL_GB,GB,ATL,2026-09-25T00:15:00Z,betonlineag,player_receptions,rec_catches,Tucker Kraft,4.5,125,-164.0
2026-09-23T18-56-27Z,2026,3,2026_03_ATL_GB,GB,ATL,2026-09-25T00:15:00Z,betonlineag,player_receptions,rec_catches,Skyy Moore,1.5,134,-175.0
2026-09-23T18-56-27Z,2026,3,2026_03_ATL_GB,GB,ATL,2026-09-25T00:15:00Z,betonlineag,player_receptions,rec_catches,Olamide Zaccheaus,1.5,141,-185.0
2026-09-23T18-56-27Z,2026,3,2026_03_ATL_GB,GB,ATL,2026-09-25T00:15:00Z,betonlineag,player_receptions,rec_catches,Jonnu Smith,1.5,139,-182.0
2026-09-23T18-56-27Z,2026,3,2026_03_ATL_GB,GB,ATL,2026-09-25T00:15:00Z,betonlineag,player_receptions,rec_catches,Chris Brooks,1.5,113,-147.0
2026-09-23T18-56-27Z,2026,3,2026_03_ATL_GB,GB,ATL,2026-09-25T00:15:00Z,betonlineag,player_rush_yds,rush_yards,Jordan Love,8.5,-112,-115.0
2026-09-23T18-56-27Z,2026,3,2026_03_ATL_GB,GB,ATL,2026-09-25T00:15:00Z,betonlineag,player_rush_yds,rush_yards,Brian Robinson Jr.,22.5,-111,-116.0
2026-09-23T18-56-27Z,2026,3,2026_03_ATL_GB,GB,ATL,2026-09-25T00:15:00Z,betonlineag,player_rush_yds,rush_yards,Chris Brooks,16.5,-112,-115.0
2026-09-23T18-56-27Z,2026,3,2026_03_ATL_GB,GB,ATL,2026-09-25T00:15:00Z,betonlineag,player_rush_yds,rush_yards,Michael Penix Jr.,3.5,-120,-108.0
2026-09-23T18-56-27Z,2026,3,2026_03_ATL_GB,GB,ATL,2026-09-25T00:15:00Z,betonlineag,player_rush_yds,rush_yards,Bijan Robinson,77.5,-112,-115.0
2026-09-23T18-56-27Z,2026,3,2026_03_ATL_GB,GB,ATL,2026-09-25T00:15:00Z,betonlineag,player_rush_yds,rush_yards,Kaleb Johnson,34.5,-114,-114.0
2026-09-23T18-56-27Z,2026,3,2026_03_ATL_GB,GB,ATL,2026-09-25T00:15:00Z,betonlineag,player_rush_yds,rush_yards,MarShawn Lloyd,26.5,-114,-114.0
2026-09-23T18-56-27Z,2026,3,2026_03_ATL_GB,GB,ATL,2026-09-25T00:15:00Z,betmgm,player_anytime_td,anytime_td,Jordan Love,,650,
2026-09-23T18-56-27Z,2026,3,2026_03_ATL_GB,GB,ATL,2026-09-25T00:15:00Z,betmgm,player_anytime_td,anytime_td,MarShawn Lloyd,,220,
2026-09-23T18-56-27Z,2026,3,2026_03_ATL_GB,GB,ATL,2026-09-25T00:15:00Z,betmgm,player_anytime_td,anytime_td,Kaleb Johnson,,195,
2026-09-23T18-56-27Z,2026,3,2026_03_ATL_GB,GB,ATL,2026-09-25T00:15:00Z,betmgm,player_anytime_td,anytime_td,Chris Brooks,,290,
2026-09-23T18-56-27Z,2026,3,2026_03_ATL_GB,GB,ATL,2026-09-25T00:15:00Z,betmgm,player_anytime_td,anytime_td,Jonnu Smith,,700,
2026-09-23T18-56-27Z,2026,3,2026_03_ATL_GB,GB,ATL,2026-09-25T00:15:00Z,betmgm,player_anytime_td,anytime_td,Tucker Kraft,,195,
2026-09-23T18-56-27Z,2026,3,2026_03_ATL_GB,GB,ATL,2026-09-25T00:15:00Z,betmgm,player_anytime_td,anytime_td,Christian Watson,,145,
2026-09-23T18-56-27Z,2026,3,2026_03_ATL_GB,GB,ATL,2026-09-25T00:15:00Z,betmgm,player_anytime_td,anytime_td,Matthew Golden,,185,
2026-09-23T18-56-27Z,2026,3,2026_03_ATL_GB,GB,ATL,2026-09-25T00:15:00Z,betmgm,player_anytime_td,anytime_td,Skyy Moore,,650,
2026-09-23T18-56-27Z,2026,3,2026_03_ATL_GB,GB,ATL,2026-09-25T00:15:00Z,betmgm,player_anytime_td,anytime_td,Josh Whyle,,1600,
2026-09-23T18-56-27Z,2026,3,2026_03_ATL_GB,GB,ATL,2026-09-25T00:15:00Z,betmgm,player_anytime_td,anytime_td,Bo Melton,,1000,
2026-09-23T18-56-27Z,2026,3,2026_03_ATL_GB,GB,ATL,2026-09-25T00:15:00Z,betmgm,player_anytime_td,anytime_td,Mark Redman,,2000,
2026-09-23T18-56-27Z,2026,3,2026_03_ATL_GB,GB,ATL,2026-09-25T00:15:00Z,betmgm,player_anytime_td,anytime_td,Bijan Robinson,,-150,
2026-09-23T18-56-27Z,2026,3,2026_03_ATL_GB,GB,ATL,2026-09-25T00:15:00Z,betmgm,player_anytime_td,anytime_td,Nick Muse,,3300,
2026-09-23T18-56-27Z,2026,3,2026_03_ATL_GB,GB,ATL,2026-09-25T00:15:00Z,betmgm,player_anytime_td,anytime_td,Michael Penix Jr.,,1400,
2026-09-23T18-56-27Z,2026,3,2026_03_ATL_GB,GB,ATL,2026-09-25T00:15:00Z,betmgm,player_anytime_td,anytime_td,Brian Robinson Jr.,,350,
2026-09-23T18-56-27Z,2026,3,2026_03_ATL_GB,GB,ATL,2026-09-25T00:15:00Z,betmgm,player_anytime_td,anytime_td,Kyle Pitts,,325,
2026-09-23T18-56-27Z,2026,3,2026_03_ATL_GB,GB,ATL,2026-09-25T00:15:00Z,betmgm,player_anytime_td,anytime_td,Drake London,,195,
2026-09-23T18-56-27Z,2026,3,2026_03_ATL_GB,GB,ATL,2026-09-25T00:15:00Z,betmgm,player_anytime_td,anytime_td,Jahan Dotson,,600,
2026-09-23T18-56-27Z,2026,3,2026_03_ATL_GB,GB,ATL,2026-09-25T00:15:00Z,betmgm,player_anytime_td,anytime_td,Green Bay Packers D/ST,,450,
2026-09-23T18-56-27Z,2026,3,2026_03_ATL_GB,GB,ATL,2026-09-25T00:15:00Z,betmgm,player_anytime_td,anytime_td,Atlanta Falcons D/ST,,650,
2026-09-23T18-56-27Z,2026,3,2026_03_ATL_GB,GB,ATL,2026-09-25T00:15:00Z,betmgm,player_anytime_td,anytime_td,Charlie Woerner,,2000,
2026-09-23T18-56-27Z,2026,3,2026_03_ATL_GB,GB,ATL,2026-09-25T00:15:00Z,betmgm,player_anytime_td,anytime_td,Austin Hooper,,1300,
2026-09-23T18-56-27Z,2026,3,2026_03_ATL_GB,GB,ATL,2026-09-25T00:15:00Z,betmgm,player_anytime_td,anytime_td,Olamide Zaccheaus,,850,
2026-09-23T18-56-27Z,2026,3,2026_03_ATL_GB,GB,ATL,2026-09-25T00:15:00Z,betmgm,player_anytime_td,anytime_td,Zachariah Branch,,1400,
2026-09-23T18-56-27Z,2026,3,2026_03_ATL_GB,GB,ATL,2026-09-25T00:15:00Z,betmgm,player_anytime_td,anytime_td,Chris Blair,,3000,
2026-09-23T18-56-27Z,2026,3,2026_03_ATL_GB,GB,ATL,2026-09-25T00:15:00Z,betmgm,player_anytime_td,anytime_td,J. Michael Sturdivant,,2000,
2026-09-23T18-56-27Z,2026,3,2026_03_ATL_GB,GB,ATL,2026-09-25T00:15:00Z,betmgm,player_pass_yds,pass_yards,Jordan Love,229.5,-115,-115.0
2026-09-23T18-56-27Z,2026,3,2026_03_ATL_GB,GB,ATL,2026-09-25T00:15:00Z,betmgm,player_pass_yds,pass_yards,Michael Penix Jr.,203.5,-115,-115.0
2026-09-23T18-56-27Z,2026,3,2026_03_ATL_GB,GB,ATL,2026-09-25T00:15:00Z,betmgm,player_reception_yds,rec_yards,Drake London,64.5,-115,-115.0
2026-09-23T18-56-27Z,2026,3,2026_03_ATL_GB,GB,ATL,2026-09-25T00:15:00Z,betmgm,player_reception_yds,rec_yards,Matthew Golden,51.5,-125,-105.0
2026-09-23T18-56-27Z,2026,3,2026_03_ATL_GB,GB,ATL,2026-09-25T00:15:00Z,betmgm,player_reception_yds,rec_yards,Chris Brooks,7.5,-110,-120.0
2026-09-23T18-56-27Z,2026,3,2026_03_ATL_GB,GB,ATL,2026-09-25T00:15:00Z,betmgm,player_reception_yds,rec_yards,Jahan Dotson,18.5,-115,-115.0
2026-09-23T18-56-27Z,2026,3,2026_03_ATL_GB,GB,ATL,2026-09-25T00:15:00Z,betmgm,player_reception_yds,rec_yards,Kyle Pitts,34.5,-150,110.0
2026-09-23T18-56-27Z,2026,3,2026_03_ATL_GB,GB,ATL,2026-09-25T00:15:00Z,betmgm,player_reception_yds,rec_yards,Tucker Kraft,45.5,-115,-115.0
2026-09-23T18-56-27Z,2026,3,2026_03_ATL_GB,GB,ATL,2026-09-25T00:15:00Z,betmgm,player_reception_yds,rec_yards,Christian Watson,65.5,-135,100.0
2026-09-23T18-56-27Z,2026,3,2026_03_ATL_GB,GB,ATL,2026-09-25T00:15:00Z,betmgm,player_reception_yds,rec_yards,Bijan Robinson,38.5,-115,-115.0
2026-09-23T18-56-27Z,2026,3,2026_03_ATL_GB,GB,ATL,2026-09-25T00:15:00Z,betmgm,player_reception_yds,rec_yards,Skyy Moore,9.5,-111,-118.0
2026-09-23T18-56-27Z,2026,3,2026_03_ATL_GB,GB,ATL,2026-09-25T00:15:00Z,betmgm,player_reception_yds,rec_yards,Olamide Zaccheaus,9.5,-120,-110.0
2026-09-23T18-56-27Z,2026,3,2026_03_ATL_GB,GB,ATL,2026-09-25T00:15:00Z,betmgm,player_reception_yds,rec_yards,Jonnu Smith,7.5,-115,-115.0
2026-09-23T18-56-27Z,2026,3,2026_03_ATL_GB,GB,ATL,2026-09-25T00:15:00Z,betmgm,player_receptions,rec_catches,Drake London,5.5,105,-140.0
2026-09-23T18-56-27Z,2026,3,2026_03_ATL_GB,GB,ATL,2026-09-25T00:15:00Z,betmgm,player_receptions,rec_catches,Tucker Kraft,3.5,-165,125.0
2026-09-23T18-56-27Z,2026,3,2026_03_ATL_GB,GB,ATL,2026-09-25T00:15:00Z,betmgm,player_receptions,rec_catches,Jahan Dotson,1.5,-140,105.0
2026-09-23T18-56-27Z,2026,3,2026_03_ATL_GB,GB,ATL,2026-09-25T00:15:00Z,betmgm,player_receptions,rec_catches,Bijan Robinson,4.5,-120,-110.0
2026-09-23T18-56-27Z,2026,3,2026_03_ATL_GB,GB,ATL,2026-09-25T00:15:00Z,betmgm,player_receptions,rec_catches,Kyle Pitts,3.5,-125,-105.0
2026-09-23T18-56-27Z,2026,3,2026_03_ATL_GB,GB,ATL,2026-09-25T00:15:00Z,betmgm,player_receptions,rec_catches,Christian Watson,4.5,-155,115.0
2026-09-23T18-56-27Z,2026,3,2026_03_ATL_GB,GB,ATL,2026-09-25T00:15:00Z,betmgm,player_receptions,rec_catches,Matthew Golden,4.5,115,-155.0
2026-09-23T18-56-27Z,2026,3,2026_03_ATL_GB,GB,ATL,2026-09-25T00:15:00Z,betmgm,player_receptions,rec_catches,Skyy Moore,1.5,140,-190.0
2026-09-23T18-56-27Z,2026,3,2026_03_ATL_GB,GB,ATL,2026-09-25T00:15:00Z,betmgm,player_receptions,rec_catches,Olamide Zaccheaus,1.5,140,-190.0
2026-09-23T18-56-27Z,2026,3,2026_03_ATL_GB,GB,ATL,2026-09-25T00:15:00Z,betmgm,player_receptions,rec_catches,Jonnu Smith,1.5,140,-190.0
2026-09-23T18-56-27Z,2026,3,2026_03_ATL_GB,GB,ATL,2026-09-25T00:15:00Z,betmgm,player_rush_yds,rush_yards,Jordan Love,7.5,-120,-110.0
2026-09-23T18-56-27Z,2026,3,2026_03_ATL_GB,GB,ATL,2026-09-25T00:15:00Z,betmgm,player_rush_yds,rush_yards,Chris Brooks,15.5,-120,-111.0
2026-09-23T18-56-27Z,2026,3,2026_03_ATL_GB,GB,ATL,2026-09-25T00:15:00Z,betmgm,player_rush_yds,rush_yards,Brian Robinson Jr.,23.5,-111,-118.0
2026-09-23T18-56-27Z,2026,3,2026_03_ATL_GB,GB,ATL,2026-09-25T00:15:00Z,betmgm,player_rush_yds,rush_yards,Bijan Robinson,76.5,-115,-115.0
2026-09-23T18-56-27Z,2026,3,2026_03_ATL_GB,GB,ATL,2026-09-25T00:15:00Z,betmgm,player_rush_yds,rush_yards,Kaleb Johnson,35.5,-115,-115.0
2026-09-23T18-56-27Z,2026,3,2026_03_ATL_GB,GB,ATL,2026-09-25T00:15:00Z,bovada,player_anytime_td,anytime_td,Skyy Moore,,460,
2026-09-23T18-56-27Z,2026,3,2026_03_ATL_GB,GB,ATL,2026-09-25T00:15:00Z,bovada,player_anytime_td,anytime_td,Christian Watson,,155,
2026-09-23T18-56-27Z,2026,3,2026_03_ATL_GB,GB,ATL,2026-09-25T00:15:00Z,bovada,player_anytime_td,anytime_td,Kaleb Johnson,,195,
2026-09-23T18-56-27Z,2026,3,2026_03_ATL_GB,GB,ATL,2026-09-25T00:15:00Z,bovada,player_anytime_td,anytime_td,Tucker Kraft,,185,
2026-09-23T18-56-27Z,2026,3,2026_03_ATL_GB,GB,ATL,2026-09-25T00:15:00Z,bovada,player_anytime_td,anytime_td,Jonnu Smith,,600,
2026-09-23T18-56-27Z,2026,3,2026_03_ATL_GB,GB,ATL,2026-09-25T00:15:00Z,bovada,player_anytime_td,anytime_td,Matthew Golden,,210,
2026-09-23T18-56-27Z,2026,3,2026_03_ATL_GB,GB,ATL,2026-09-25T00:15:00Z,bovada,player_anytime_td,anytime_td,Jordan Love,,525,
2026-09-23T18-56-27Z,2026,3,2026_03_ATL_GB,GB,ATL,2026-09-25T00:15:00Z,bovada,player_anytime_td,anytime_td,Chris Brooks,,235,
2026-09-23T18-56-27Z,2026,3,2026_03_ATL_GB,GB,ATL,2026-09-25T00:15:00Z,bovada,player_anytime_td,anytime_td,MarShawn Lloyd,,210,
2026-09-23T18-56-27Z,2026,3,2026_03_ATL_GB,GB,ATL,2026-09-25T00:15:00Z,bovada,player_anytime_td,anytime_td,Atlanta Falcons D/ST,,525,
2026-09-23T18-56-27Z,2026,3,2026_03_ATL_GB,GB,ATL,2026-09-25T00:15:00Z,bovada,player_anytime_td,anytime_td,Green Bay Packers D/ST,,500,
2026-09-23T18-56-27Z,2026,3,2026_03_ATL_GB,GB,ATL,2026-09-25T00:15:00Z,bovada,player_anytime_td,anytime_td,Olamide Zaccheaus,,725,
2026-09-23T18-56-27Z,2026,3,2026_03_ATL_GB,GB,ATL,2026-09-25T00:15:00Z,bovada,player_anytime_td,anytime_td,Brian Robinson Jr.,,440,
2026-09-23T18-56-27Z,2026,3,2026_03_ATL_GB,GB,ATL,2026-09-25T00:15:00Z,bovada,player_anytime_td,anytime_td,Bijan Robinson,,-162,
2026-09-23T18-56-27Z,2026,3,2026_03_ATL_GB,GB,ATL,2026-09-25T00:15:00Z,bovada,player_anytime_td,anytime_td,Michael Penix Jr.,,1000,
2026-09-23T18-56-27Z,2026,3,2026_03_ATL_GB,GB,ATL,2026-09-25T00:15:00Z,bovada,player_anytime_td,anytime_td,Drake London,,175,
2026-09-23T18-56-27Z,2026,3,2026_03_ATL_GB,GB,ATL,2026-09-25T00:15:00Z,bovada,player_anytime_td,anytime_td,Jahan Dotson,,725,
2026-09-23T18-56-27Z,2026,3,2026_03_ATL_GB,GB,ATL,2026-09-25T00:15:00Z,bovada,player_anytime_td,anytime_td,Kyle Pitts,,380,
2026-09-23T18-56-27Z,2026,3,2026_03_ATL_GB,GB,ATL,2026-09-25T00:15:00Z,bovada,player_anytime_td,anytime_td,Zachariah Branch,,1000,
2026-09-23T18-56-27Z,2026,3,2026_03_ATL_GB,GB,ATL,2026-09-25T00:15:00Z,bovada,player_anytime_td,anytime_td,Nick Muse,,4000,
2026-09-23T18-56-27Z,2026,3,2026_03_ATL_GB,GB,ATL,2026-09-25T00:15:00Z,bovada,player_anytime_td,anytime_td,Bo Melton,,825,
2026-09-23T18-56-27Z,2026,3,2026_03_ATL_GB,GB,ATL,2026-09-25T00:15:00Z,bovada,player_anytime_td,anytime_td,Mark Redman,,1800,
2026-09-23T18-56-27Z,2026,3,2026_03_ATL_GB,GB,ATL,2026-09-25T00:15:00Z,bovada,player_anytime_td,anytime_td,Austin Hooper,,1400,
2026-09-23T18-56-27Z,2026,3,2026_03_ATL_GB,GB,ATL,2026-09-25T00:15:00Z,bovada,player_anytime_td,anytime_td,Josh Whyle,,1900,
2026-09-23T18-56-27Z,2026,3,2026_03_ATL_GB,GB,ATL,2026-09-25T00:15:00Z,bovada,player_anytime_td,anytime_td,Charlie Woerner,,2500,
2026-09-23T18-56-27Z,2026,3,2026_03_ATL_GB,GB,ATL,2026-09-25T00:15:00Z,bovada,player_anytime_td,anytime_td,Chris Blair,,3300,
2026-09-23T18-56-27Z,2026,3,2026_03_ATL_GB,GB,ATL,2026-09-25T00:15:00Z,bovada,player_pass_yds,pass_yards,Jordan Love,227.5,-115,-115.0
2026-09-23T18-56-27Z,2026,3,2026_03_ATL_GB,GB,ATL,2026-09-25T00:15:00Z,bovada,player_pass_yds,pass_yards,Michael Penix Jr.,201.5,-115,-115.0
2026-09-23T18-56-27Z,2026,3,2026_03_ATL_GB,GB,ATL,2026-09-25T00:15:00Z,bovada,player_reception_yds,rec_yards,Bijan Robinson,39.5,-115,-115.0
2026-09-23T18-56-27Z,2026,3,2026_03_ATL_GB,GB,ATL,2026-09-25T00:15:00Z,bovada,player_reception_yds,rec_yards,Chris Brooks,8.5,-110,-120.0
2026-09-23T18-56-27Z,2026,3,2026_03_ATL_GB,GB,ATL,2026-09-25T00:15:00Z,bovada,player_reception_yds,rec_yards,Christian Watson,70.5,-115,-115.0
2026-09-23T18-56-27Z,2026,3,2026_03_ATL_GB,GB,ATL,2026-09-25T00:15:00Z,bovada,player_reception_yds,rec_yards,Drake London,66.5,-115,-115.0
2026-09-23T18-56-27Z,2026,3,2026_03_ATL_GB,GB,ATL,2026-09-25T00:15:00Z,bovada,player_reception_yds,rec_yards,Jahan Dotson,17.5,-110,-120.0
2026-09-23T18-56-27Z,2026,3,2026_03_ATL_GB,GB,ATL,2026-09-25T00:15:00Z,bovada,player_reception_yds,rec_yards,Jonnu Smith,7.5,-125,-105.0
2026-09-23T18-56-27Z,2026,3,2026_03_ATL_GB,GB,ATL,2026-09-25T00:15:00Z,bovada,player_reception_yds,rec_yards,Kyle Pitts,35.5,-115,-115.0
2026-09-23T18-56-27Z,2026,3,2026_03_ATL_GB,GB,ATL,2026-09-25T00:15:00Z,bovada,player_reception_yds,rec_yards,MarShawn Lloyd,5.5,-115,-115.0
2026-09-23T18-56-27Z,2026,3,2026_03_ATL_GB,GB,ATL,2026-09-25T00:15:00Z,bovada,player_reception_yds,rec_yards,Matthew Golden,52.5,-115,-115.0
2026-09-23T18-56-27Z,2026,3,2026_03_ATL_GB,GB,ATL,2026-09-25T00:15:00Z,bovada,player_reception_yds,rec_yards,Olamide Zaccheaus,10.5,-120,-110.0
2026-09-23T18-56-27Z,2026,3,2026_03_ATL_GB,GB,ATL,2026-09-25T00:15:00Z,bovada,player_reception_yds,rec_yards,Skyy Moore,9.5,-115,-115.0
2026-09-23T18-56-27Z,2026,3,2026_03_ATL_GB,GB,ATL,2026-09-25T00:15:00Z,bovada,player_reception_yds,rec_yards,Tucker Kraft,45.5,-115,-115.0
2026-09-23T18-56-27Z,2026,3,2026_03_ATL_GB,GB,ATL,2026-09-25T00:15:00Z,bovada,player_receptions,rec_catches,Bijan Robinson,4.5,-115,-115.0
2026-09-23T18-56-27Z,2026,3,2026_03_ATL_GB,GB,ATL,2026-09-25T00:15:00Z,bovada,player_receptions,rec_catches,Chris Brooks,1.5,105,-135.0
2026-09-23T18-56-27Z,2026,3,2026_03_ATL_GB,GB,ATL,2026-09-25T00:15:00Z,bovada,player_receptions,rec_catches,Christian Watson,4.5,-150,115.0
2026-09-23T18-56-27Z,2026,3,2026_03_ATL_GB,GB,ATL,2026-09-25T00:15:00Z,bovada,player_receptions,rec_catches,Drake London,5.5,100,-130.0
2026-09-23T18-56-27Z,2026,3,2026_03_ATL_GB,GB,ATL,2026-09-25T00:15:00Z,bovada,player_receptions,rec_catches,Jahan Dotson,1.5,-135,105.0
2026-09-23T18-56-27Z,2026,3,2026_03_ATL_GB,GB,ATL,2026-09-25T00:15:00Z,bovada,player_receptions,rec_catches,Jonnu Smith,1.5,130,-170.0
2026-09-23T18-56-27Z,2026,3,2026_03_ATL_GB,GB,ATL,2026-09-25T00:15:00Z,bovada,player_receptions,rec_catches,Kyle Pitts,3.5,-130,100.0
2026-09-23T18-56-27Z,2026,3,2026_03_ATL_GB,GB,ATL,2026-09-25T00:15:00Z,bovada,player_receptions,rec_catches,MarShawn Lloyd,1.5,150,-200.0
2026-09-23T18-56-27Z,2026,3,2026_03_ATL_GB,GB,ATL,2026-09-25T00:15:00Z,bovada,player_receptions,rec_catches,Matthew Golden,4.5,105,-135.0
2026-09-23T18-56-27Z,2026,3,2026_03_ATL_GB,GB,ATL,2026-09-25T00:15:00Z,bovada,player_receptions,rec_catches,Olamide Zaccheaus,1.5,140,-185.0
2026-09-23T18-56-27Z,2026,3,2026_03_ATL_GB,GB,ATL,2026-09-25T00:15:00Z,bovada,player_receptions,rec_catches,Skyy Moore,1.5,130,-170.0
2026-09-23T18-56-27Z,2026,3,2026_03_ATL_GB,GB,ATL,2026-09-25T00:15:00Z,bovada,player_receptions,rec_catches,Tucker Kraft,4.5,130,-170.0
2026-09-23T18-56-27Z,2026,3,2026_03_ATL_GB,GB,ATL,2026-09-25T00:15:00Z,bovada,player_rush_yds,rush_yards,Bijan Robinson,77.5,-115,-115.0
2026-09-23T18-56-27Z,2026,3,2026_03_ATL_GB,GB,ATL,2026-09-25T00:15:00Z,bovada,player_rush_yds,rush_yards,Brian Robinson Jr.,22.5,-110,-120.0
2026-09-23T18-56-27Z,2026,3,2026_03_ATL_GB,GB,ATL,2026-09-25T00:15:00Z,bovada,player_rush_yds,rush_yards,Chris Brooks,16.5,-110,-120.0
2026-09-23T18-56-27Z,2026,3,2026_03_ATL_GB,GB,ATL,2026-09-25T00:15:00Z,bovada,player_rush_yds,rush_yards,Jordan Love,8.5,-110,-120.0
2026-09-23T18-56-27Z,2026,3,2026_03_ATL_GB,GB,ATL,2026-09-25T00:15:00Z,bovada,player_rush_yds,rush_yards,Kaleb Johnson,34.5,-115,-115.0
2026-09-23T18-56-27Z,2026,3,2026_03_ATL_GB,GB,ATL,2026-09-25T00:15:00Z,bovada,player_rush_yds,rush_yards,MarShawn Lloyd,25.5,-115,-115.0
2026-09-23T18-56-27Z,2026,3,2026_03_ATL_GB,GB,ATL,2026-09-25T00:15:00Z,bovada,player_rush_yds,rush_yards,Michael Penix Jr.,3.5,-115,-115.0
2026-09-23T19-00-13Z,2026,3,2026_03_ATL_GB,GB,ATL,2026-09-25T00:15:00Z,draftkings,player_anytime_td,anytime_td,Bijan Robinson,,-160,
2026-09-23T19-00-13Z,2026,3,2026_03_ATL_GB,GB,ATL,2026-09-25T00:15:00Z,draftkings,player_anytime_td,anytime_td,Christian Watson,,155,
2026-09-23T19-00-13Z,2026,3,2026_03_ATL_GB,GB,ATL,2026-09-25T00:15:00Z,draftkings,player_anytime_td,anytime_td,Drake London,,175,
2026-09-23T19-00-13Z,2026,3,2026_03_ATL_GB,GB,ATL,2026-09-25T00:15:00Z,draftkings,player_anytime_td,anytime_td,Tucker Kraft,,185,
2026-09-23T19-00-13Z,2026,3,2026_03_ATL_GB,GB,ATL,2026-09-25T00:15:00Z,draftkings,player_anytime_td,anytime_td,Kaleb Johnson,,195,
2026-09-23T19-00-13Z,2026,3,2026_03_ATL_GB,GB,ATL,2026-09-25T00:15:00Z,draftkings,player_anytime_td,anytime_td,MarShawn Lloyd,,210,
2026-09-23T19-00-13Z,2026,3,2026_03_ATL_GB,GB,ATL,2026-09-25T00:15:00Z,draftkings,player_anytime_td,anytime_td,Matthew Golden,,210,
2026-09-23T19-00-13Z,2026,3,2026_03_ATL_GB,GB,ATL,2026-09-25T00:15:00Z,draftkings,player_anytime_td,anytime_td,Chris Brooks,,235,
2026-09-23T19-00-13Z,2026,3,2026_03_ATL_GB,GB,ATL,2026-09-25T00:15:00Z,draftkings,player_anytime_td,anytime_td,Kyle Pitts,,380,
2026-09-23T19-00-13Z,2026,3,2026_03_ATL_GB,GB,ATL,2026-09-25T00:15:00Z,draftkings,player_anytime_td,anytime_td,Brian Robinson Jr.,,450,
2026-09-23T19-00-13Z,2026,3,2026_03_ATL_GB,GB,ATL,2026-09-25T00:15:00Z,draftkings,player_anytime_td,anytime_td,Skyy Moore,,475,
2026-09-23T19-00-13Z,2026,3,2026_03_ATL_GB,GB,ATL,2026-09-25T00:15:00Z,draftkings,player_anytime_td,anytime_td,Green Bay Packers D/ST,,500,
2026-09-23T19-00-13Z,2026,3,2026_03_ATL_GB,GB,ATL,2026-09-25T00:15:00Z,draftkings,player_anytime_td,anytime_td,Jordan Love,,550,
2026-09-23T19-00-13Z,2026,3,2026_03_ATL_GB,GB,ATL,2026-09-25T00:15:00Z,draftkings,player_anytime_td,anytime_td,Atlanta Falcons D/ST,,550,
2026-09-23T19-00-13Z,2026,3,2026_03_ATL_GB,GB,ATL,2026-09-25T00:15:00Z,draftkings,player_anytime_td,anytime_td,Jonnu Smith,,600,
2026-09-23T19-00-13Z,2026,3,2026_03_ATL_GB,GB,ATL,2026-09-25T00:15:00Z,draftkings,player_anytime_td,anytime_td,Jahan Dotson,,750,
2026-09-23T19-00-13Z,2026,3,2026_03_ATL_GB,GB,ATL,2026-09-25T00:15:00Z,draftkings,player_anytime_td,anytime_td,Olamide Zaccheaus,,750,
2026-09-23T19-00-13Z,2026,3,2026_03_ATL_GB,GB,ATL,2026-09-25T00:15:00Z,draftkings,player_anytime_td,anytime_td,Bo Melton,,850,
2026-09-23T19-00-13Z,2026,3,2026_03_ATL_GB,GB,ATL,2026-09-25T00:15:00Z,draftkings,player_anytime_td,anytime_td,Zachariah Branch,,1000,
2026-09-23T19-00-13Z,2026,3,2026_03_ATL_GB,GB,ATL,2026-09-25T00:15:00Z,draftkings,player_anytime_td,anytime_td,Michael Penix Jr.,,1000,
2026-09-23T19-00-13Z,2026,3,2026_03_ATL_GB,GB,ATL,2026-09-25T00:15:00Z,draftkings,player_anytime_td,anytime_td,Austin Hooper,,1400,
2026-09-23T19-00-13Z,2026,3,2026_03_ATL_GB,GB,ATL,2026-09-25T00:15:00Z,draftkings,player_anytime_td,anytime_td,Mark Redman,,1800,
2026-09-23T19-00-13Z,2026,3,2026_03_ATL_GB,GB,ATL,2026-09-25T00:15:00Z,draftkings,player_anytime_td,anytime_td,Josh Whyle,,1900,
2026-09-23T19-00-13Z,2026,3,2026_03_ATL_GB,GB,ATL,2026-09-25T00:15:00Z,draftkings,player_anytime_td,anytime_td,Charlie Woerner,,2500,
2026-09-23T19-00-13Z,2026,3,2026_03_ATL_GB,GB,ATL,2026-09-25T00:15:00Z,draftkings,player_anytime_td,anytime_td,Chris Blair,,3500,
2026-09-23T19-00-13Z,2026,3,2026_03_ATL_GB,GB,ATL,2026-09-25T00:15:00Z,draftkings,player_anytime_td,anytime_td,Nick Muse,,4000,
2026-09-23T19-00-13Z,2026,3,2026_03_ATL_GB,GB,ATL,2026-09-25T00:15:00Z,draftkings,player_pass_yds,pass_yards,Jordan Love,227.5,-112,-112.0
2026-09-23T19-00-13Z,2026,3,2026_03_ATL_GB,GB,ATL,2026-09-25T00:15:00Z,draftkings,player_pass_yds,pass_yards,Michael Penix Jr.,204.5,-113,-111.0
2026-09-23T19-00-13Z,2026,3,2026_03_ATL_GB,GB,ATL,2026-09-25T00:15:00Z,draftkings,player_reception_yds,rec_yards,Christian Watson,70.5,-111,-113.0
2026-09-23T19-00-13Z,2026,3,2026_03_ATL_GB,GB,ATL,2026-09-25T00:15:00Z,draftkings,player_reception_yds,rec_yards,Drake London,66.5,-112,-112.0
2026-09-23T19-00-13Z,2026,3,2026_03_ATL_GB,GB,ATL,2026-09-25T00:15:00Z,draftkings,player_reception_yds,rec_yards,Matthew Golden,52.5,-113,-111.0
2026-09-23T19-00-13Z,2026,3,2026_03_ATL_GB,GB,ATL,2026-09-25T00:15:00Z,draftkings,player_reception_yds,rec_yards,Tucker Kraft,45.5,-113,-111.0
2026-09-23T19-00-13Z,2026,3,2026_03_ATL_GB,GB,ATL,2026-09-25T00:15:00Z,draftkings,player_reception_yds,rec_yards,Bijan Robinson,39.5,-111,-113.0
2026-09-23T19-00-13Z,2026,3,2026_03_ATL_GB,GB,ATL,2026-09-25T00:15:00Z,draftkings,player_reception_yds,rec_yards,Kyle Pitts,35.5,-110,-114.0
2026-09-23T19-00-13Z,2026,3,2026_03_ATL_GB,GB,ATL,2026-09-25T00:15:00Z,draftkings,player_reception_yds,rec_yards,Jahan Dotson,17.5,-109,-115.0
2026-09-23T19-00-13Z,2026,3,2026_03_ATL_GB,GB,ATL,2026-09-25T00:15:00Z,draftkings,player_reception_yds,rec_yards,Olamide Zaccheaus,10.5,-117,-107.0
2026-09-23T19-00-13Z,2026,3,2026_03_ATL_GB,GB,ATL,2026-09-25T00:15:00Z,draftkings,player_reception_yds,rec_yards,Skyy Moore,9.5,-110,-114.0
2026-09-23T19-00-13Z,2026,3,2026_03_ATL_GB,GB,ATL,2026-09-25T00:15:00Z,draftkings,player_reception_yds,rec_yards,Chris Brooks,8.5,-106,-118.0
2026-09-23T19-00-13Z,2026,3,2026_03_ATL_GB,GB,ATL,2026-09-25T00:15:00Z,draftkings,player_reception_yds,rec_yards,Jonnu Smith,7.5,-120,-104.0
2026-09-23T19-00-13Z,2026,3,2026_03_ATL_GB,GB,ATL,2026-09-25T00:15:00Z,draftkings,player_reception_yds,rec_yards,MarShawn Lloyd,5.5,-113,-111.0
2026-09-23T19-00-13Z,2026,3,2026_03_ATL_GB,GB,ATL,2026-09-25T00:15:00Z,draftkings,player_receptions,rec_catches,Drake London,5.5,-101,-127.0
2026-09-23T19-00-13Z,2026,3,2026_03_ATL_GB,GB,ATL,2026-09-25T00:15:00Z,draftkings,player_receptions,rec_catches,Christian Watson,4.5,-148,116.0
2026-09-23T19-00-13Z,2026,3,2026_03_ATL_GB,GB,ATL,2026-09-25T00:15:00Z,draftkings,player_receptions,rec_catches,Bijan Robinson,4.5,-112,-114.0
2026-09-23T19-00-13Z,2026,3,2026_03_ATL_GB,GB,ATL,2026-09-25T00:15:00Z,draftkings,player_receptions,rec_catches,Matthew Golden,4.5,104,-133.0
2026-09-23T19-00-13Z,2026,3,2026_03_ATL_GB,GB,ATL,2026-09-25T00:15:00Z,draftkings,player_receptions,rec_catches,Tucker Kraft,4.5,130,-166.0
2026-09-23T19-00-13Z,2026,3,2026_03_ATL_GB,GB,ATL,2026-09-25T00:15:00Z,draftkings,player_receptions,rec_catches,Kyle Pitts,3.5,-122,-104.0
2026-09-23T19-00-13Z,2026,3,2026_03_ATL_GB,GB,ATL,2026-09-25T00:15:00Z,draftkings,player_receptions,rec_catches,Jahan Dotson,1.5,-136,107.0
2026-09-23T19-00-13Z,2026,3,2026_03_ATL_GB,GB,ATL,2026-09-25T00:15:00Z,draftkings,player_receptions,rec_catches,Chris Brooks,1.5,106,-135.0
2026-09-23T19-00-13Z,2026,3,2026_03_ATL_GB,GB,ATL,2026-09-25T00:15:00Z,draftkings,player_receptions,rec_catches,Jonnu Smith,1.5,131,-168.0
2026-09-23T19-00-13Z,2026,3,2026_03_ATL_GB,GB,ATL,2026-09-25T00:15:00Z,draftkings,player_receptions,rec_catches,Skyy Moore,1.5,132,-170.0
2026-09-23T19-00-13Z,2026,3,2026_03_ATL_GB,GB,ATL,2026-09-25T00:15:00Z,draftkings,player_receptions,rec_catches,Olamide Zaccheaus,1.5,143,-184.0
2026-09-23T19-00-13Z,2026,3,2026_03_ATL_GB,GB,ATL,2026-09-25T00:15:00Z,draftkings,player_receptions,rec_catches,MarShawn Lloyd,1.5,155,-199.0
2026-09-23T19-00-13Z,2026,3,2026_03_ATL_GB,GB,ATL,2026-09-25T00:15:00Z,draftkings,player_rush_yds,rush_yards,Bijan Robinson,77.5,-111,-113.0
2026-09-23T19-00-13Z,2026,3,2026_03_ATL_GB,GB,ATL,2026-09-25T00:15:00Z,draftkings,player_rush_yds,rush_yards,Kaleb Johnson,34.5,-114,-110.0
2026-09-23T19-00-13Z,2026,3,2026_03_ATL_GB,GB,ATL,2026-09-25T00:15:00Z,draftkings,player_rush_yds,rush_yards,MarShawn Lloyd,25.5,-114,-110.0
2026-09-23T19-00-13Z,2026,3,2026_03_ATL_GB,GB,ATL,2026-09-25T00:15:00Z,draftkings,player_rush_yds,rush_yards,Brian Robinson Jr.,22.5,-109,-115.0
2026-09-23T19-00-13Z,2026,3,2026_03_ATL_GB,GB,ATL,2026-09-25T00:15:00Z,draftkings,player_rush_yds,rush_yards,Chris Brooks,16.5,-108,-116.0
2026-09-23T19-00-13Z,2026,3,2026_03_ATL_GB,GB,ATL,2026-09-25T00:15:00Z,draftkings,player_rush_yds,rush_yards,Jordan Love,8.5,-105,-119.0
2026-09-23T19-00-13Z,2026,3,2026_03_ATL_GB,GB,ATL,2026-09-25T00:15:00Z,draftkings,player_rush_yds,rush_yards,Michael Penix Jr.,3.5,-111,-113.0
2026-09-23T19-00-13Z,2026,3,2026_03_ATL_GB,GB,ATL,2026-09-25T00:15:00Z,fanduel,player_anytime_td,anytime_td,Bijan Robinson,,-155,
2026-09-23T19-00-13Z,2026,3,2026_03_ATL_GB,GB,ATL,2026-09-25T00:15:00Z,fanduel,player_anytime_td,anytime_td,Christian Watson,,155,
2026-09-23T19-00-13Z,2026,3,2026_03_ATL_GB,GB,ATL,2026-09-25T00:15:00Z,fanduel,player_anytime_td,anytime_td,Kaleb Johnson,,190,
2026-09-23T19-00-13Z,2026,3,2026_03_ATL_GB,GB,ATL,2026-09-25T00:15:00Z,fanduel,player_anytime_td,anytime_td,Drake London,,195,
2026-09-23T19-00-13Z,2026,3,2026_03_ATL_GB,GB,ATL,2026-09-25T00:15:00Z,fanduel,player_anytime_td,anytime_td,Tucker Kraft,,200,
2026-09-23T19-00-13Z,2026,3,2026_03_ATL_GB,GB,ATL,2026-09-25T00:15:00Z,fanduel,player_anytime_td,anytime_td,Matthew Golden,,200,
2026-09-23T19-00-13Z,2026,3,2026_03_ATL_GB,GB,ATL,2026-09-25T00:15:00Z,fanduel,player_anytime_td,anytime_td,MarShawn Lloyd,,200,
2026-09-23T19-00-13Z,2026,3,2026_03_ATL_GB,GB,ATL,2026-09-25T00:15:00Z,fanduel,player_anytime_td,anytime_td,Chris Brooks,,270,
2026-09-23T19-00-13Z,2026,3,2026_03_ATL_GB,GB,ATL,2026-09-25T00:15:00Z,fanduel,player_anytime_td,anytime_td,Kyle Pitts,,380,
2026-09-23T19-00-13Z,2026,3,2026_03_ATL_GB,GB,ATL,2026-09-25T00:15:00Z,fanduel,player_anytime_td,anytime_td,Brian Robinson Jr.,,450,
2026-09-23T19-00-13Z,2026,3,2026_03_ATL_GB,GB,ATL,2026-09-25T00:15:00Z,fanduel,player_anytime_td,anytime_td,Skyy Moore,,470,
2026-09-23T19-00-13Z,2026,3,2026_03_ATL_GB,GB,ATL,2026-09-25T00:15:00Z,fanduel,player_anytime_td,anytime_td,Jordan Love,,600,
2026-09-23T19-00-13Z,2026,3,2026_03_ATL_GB,GB,ATL,2026-09-25T00:15:00Z,fanduel,player_anytime_td,anytime_td,Jahan Dotson,,650,
2026-09-23T19-00-13Z,2026,3,2026_03_ATL_GB,GB,ATL,2026-09-25T00:15:00Z,fanduel,player_anytime_td,anytime_td,Atlanta Falcons Defense,,700,
2026-09-23T19-00-13Z,2026,3,2026_03_ATL_GB,GB,ATL,2026-09-25T00:15:00Z,fanduel,player_anytime_td,anytime_td,Jonnu Smith,,700,
2026-09-23T19-00-13Z,2026,3,2026_03_ATL_GB,GB,ATL,2026-09-25T00:15:00Z,fanduel,player_anytime_td,anytime_td,Olamide Zaccheaus,,800,
2026-09-23T19-00-13Z,2026,3,2026_03_ATL_GB,GB,ATL,2026-09-25T00:15:00Z,fanduel,player_anytime_td,anytime_td,Green Bay Packers Defense,,800,
2026-09-23T19-00-13Z,2026,3,2026_03_ATL_GB,GB,ATL,2026-09-25T00:15:00Z,fanduel,player_anytime_td,anytime_td,Bo Melton,,900,
2026-09-23T19-00-13Z,2026,3,2026_03_ATL_GB,GB,ATL,2026-09-25T00:15:00Z,fanduel,player_anytime_td,anytime_td,Michael Penix Jr.,,1000,
2026-09-23T19-00-13Z,2026,3,2026_03_ATL_GB,GB,ATL,2026-09-25T00:15:00Z,fanduel,player_anytime_td,anytime_td,Austin Hooper,,1100,
2026-09-23T19-00-13Z,2026,3,2026_03_ATL_GB,GB,ATL,2026-09-25T00:15:00Z,fanduel,player_anytime_td,anytime_td,Zachariah Branch,,1300,
2026-09-23T19-00-13Z,2026,3,2026_03_ATL_GB,GB,ATL,2026-09-25T00:15:00Z,fanduel,player_anytime_td,anytime_td,Josh Whyle,,1800,
2026-09-23T19-00-13Z,2026,3,2026_03_ATL_GB,GB,ATL,2026-09-25T00:15:00Z,fanduel,player_anytime_td,anytime_td,Mark Redman,,2000,
2026-09-23T19-00-13Z,2026,3,2026_03_ATL_GB,GB,ATL,2026-09-25T00:15:00Z,fanduel,player_anytime_td,anytime_td,J. Michael Sturdivant,,2000,
2026-09-23T19-00-13Z,2026,3,2026_03_ATL_GB,GB,ATL,2026-09-25T00:15:00Z,fanduel,player_anytime_td,anytime_td,Charlie Woerner,,2500,
2026-09-23T19-00-13Z,2026,3,2026_03_ATL_GB,GB,ATL,2026-09-25T00:15:00Z,fanduel,player_anytime_td,anytime_td,Chris Blair,,2500,
2026-09-23T19-00-13Z,2026,3,2026_03_ATL_GB,GB,ATL,2026-09-25T00:15:00Z,fanduel,player_anytime_td,anytime_td,Nick Muse,,4500,
2026-09-23T19-00-13Z,2026,3,2026_03_ATL_GB,GB,ATL,2026-09-25T00:15:00Z,fanduel,player_pass_yds,pass_yards,Michael Penix Jr.,205.5,-114,-114.0
2026-09-23T19-00-13Z,2026,3,2026_03_ATL_GB,GB,ATL,2026-09-25T00:15:00Z,fanduel,player_pass_yds,pass_yards,Jordan Love,226.5,-114,-114.0
2026-09-23T19-00-13Z,2026,3,2026_03_ATL_GB,GB,ATL,2026-09-25T00:15:00Z,fanduel,player_reception_yds,rec_yards,Skyy Moore,10.5,-120,-108.0
2026-09-23T19-00-13Z,2026,3,2026_03_ATL_GB,GB,ATL,2026-09-25T00:15:00Z,fanduel,player_reception_yds,rec_yards,Olamide Zaccheaus,10.5,-114,-114.0
2026-09-23T19-00-13Z,2026,3,2026_03_ATL_GB,GB,ATL,2026-09-25T00:15:00Z,fanduel,player_reception_yds,rec_yards,Christian Watson,69.5,-114,-114.0
2026-09-23T19-00-13Z,2026,3,2026_03_ATL_GB,GB,ATL,2026-09-25T00:15:00Z,fanduel,player_reception_yds,rec_yards,Matthew Golden,54.5,-114,-114.0
2026-09-23T19-00-13Z,2026,3,2026_03_ATL_GB,GB,ATL,2026-09-25T00:15:00Z,fanduel,player_reception_yds,rec_yards,Jonnu Smith,7.5,-114,-114.0
2026-09-23T19-00-13Z,2026,3,2026_03_ATL_GB,GB,ATL,2026-09-25T00:15:00Z,fanduel,player_reception_yds,rec_yards,Tucker Kraft,46.5,-114,-114.0
2026-09-23T19-00-13Z,2026,3,2026_03_ATL_GB,GB,ATL,2026-09-25T00:15:00Z,fanduel,player_reception_yds,rec_yards,Chris Brooks,7.5,-114,-114.0
2026-09-23T19-00-13Z,2026,3,2026_03_ATL_GB,GB,ATL,2026-09-25T00:15:00Z,fanduel,player_reception_yds,rec_yards,Drake London,65.5,-114,-114.0
2026-09-23T19-00-13Z,2026,3,2026_03_ATL_GB,GB,ATL,2026-09-25T00:15:00Z,fanduel,player_reception_yds,rec_yards,MarShawn Lloyd,5.5,-114,-114.0
2026-09-23T19-00-13Z,2026,3,2026_03_ATL_GB,GB,ATL,2026-09-25T00:15:00Z,fanduel,player_reception_yds,rec_yards,Bijan Robinson,40.5,-114,-114.0
2026-09-23T19-00-13Z,2026,3,2026_03_ATL_GB,GB,ATL,2026-09-25T00:15:00Z,fanduel,player_reception_yds,rec_yards,Kyle Pitts,37.5,-114,-114.0
2026-09-23T19-00-13Z,2026,3,2026_03_ATL_GB,GB,ATL,2026-09-25T00:15:00Z,fanduel,player_reception_yds,rec_yards,Jahan Dotson,19.5,-114,-114.0
2026-09-23T19-00-13Z,2026,3,2026_03_ATL_GB,GB,ATL,2026-09-25T00:15:00Z,fanduel,player_receptions,rec_catches,MarShawn Lloyd,1.5,154,-210.0
2026-09-23T19-00-13Z,2026,3,2026_03_ATL_GB,GB,ATL,2026-09-25T00:15:00Z,fanduel,player_receptions,rec_catches,Chris Brooks,1.5,116,-154.0
2026-09-23T19-00-13Z,2026,3,2026_03_ATL_GB,GB,ATL,2026-09-25T00:15:00Z,fanduel,player_receptions,rec_catches,Tucker Kraft,3.5,-154,116.0
2026-09-23T19-00-13Z,2026,3,2026_03_ATL_GB,GB,ATL,2026-09-25T00:15:00Z,fanduel,player_receptions,rec_catches,Christian Watson,4.5,-138,104.0
2026-09-23T19-00-13Z,2026,3,2026_03_ATL_GB,GB,ATL,2026-09-25T00:15:00Z,fanduel,player_receptions,rec_catches,Olamide Zaccheaus,1.5,136,-182.0
2026-09-23T19-00-13Z,2026,3,2026_03_ATL_GB,GB,ATL,2026-09-25T00:15:00Z,fanduel,player_receptions,rec_catches,Kyle Pitts,3.5,-140,106.0
2026-09-23T19-00-13Z,2026,3,2026_03_ATL_GB,GB,ATL,2026-09-25T00:15:00Z,fanduel,player_receptions,rec_catches,Drake London,5.5,106,-140.0
2026-09-23T19-00-13Z,2026,3,2026_03_ATL_GB,GB,ATL,2026-09-25T00:15:00Z,fanduel,player_receptions,rec_catches,Matthew Golden,4.5,102,-136.0
2026-09-23T19-00-13Z,2026,3,2026_03_ATL_GB,GB,ATL,2026-09-25T00:15:00Z,fanduel,player_receptions,rec_catches,Bijan Robinson,4.5,-130,-102.0
2026-09-23T19-00-13Z,2026,3,2026_03_ATL_GB,GB,ATL,2026-09-25T00:15:00Z,fanduel,player_receptions,rec_catches,Skyy Moore,1.5,130,-174.0
2026-09-23T19-00-13Z,2026,3,2026_03_ATL_GB,GB,ATL,2026-09-25T00:15:00Z,fanduel,player_receptions,rec_catches,Jahan Dotson,1.5,-162,122.0
2026-09-23T19-00-13Z,2026,3,2026_03_ATL_GB,GB,ATL,2026-09-25T00:15:00Z,fanduel,player_receptions,rec_catches,Jonnu Smith,1.5,130,-174.0
2026-09-23T19-00-13Z,2026,3,2026_03_ATL_GB,GB,ATL,2026-09-25T00:15:00Z,fanduel,player_rush_yds,rush_yards,Michael Penix Jr.,4.5,108,-140.0
2026-09-23T19-00-13Z,2026,3,2026_03_ATL_GB,GB,ATL,2026-09-25T00:15:00Z,fanduel,player_rush_yds,rush_yards,Chris Brooks,16.5,-114,-114.0
2026-09-23T19-00-13Z,2026,3,2026_03_ATL_GB,GB,ATL,2026-09-25T00:15:00Z,fanduel,player_rush_yds,rush_yards,MarShawn Lloyd,25.5,-114,-114.0
2026-09-23T19-00-13Z,2026,3,2026_03_ATL_GB,GB,ATL,2026-09-25T00:15:00Z,fanduel,player_rush_yds,rush_yards,Jordan Love,8.5,-114,-114.0
2026-09-23T19-00-13Z,2026,3,2026_03_ATL_GB,GB,ATL,2026-09-25T00:15:00Z,fanduel,player_rush_yds,rush_yards,Brian Robinson Jr.,22.5,-114,-114.0
2026-09-23T19-00-13Z,2026,3,2026_03_ATL_GB,GB,ATL,2026-09-25T00:15:00Z,fanduel,player_rush_yds,rush_yards,Bijan Robinson,77.5,-114,-114.0
2026-09-23T19-00-13Z,2026,3,2026_03_ATL_GB,GB,ATL,2026-09-25T00:15:00Z,fanduel,player_rush_yds,rush_yards,Kaleb Johnson,34.5,-114,-114.0
2026-09-23T19-00-13Z,2026,3,2026_03_ATL_GB,GB,ATL,2026-09-25T00:15:00Z,betrivers,player_anytime_td,anytime_td,Jahan Dotson,,500,
2026-09-23T19-00-13Z,2026,3,2026_03_ATL_GB,GB,ATL,2026-09-25T00:15:00Z,betrivers,player_anytime_td,anytime_td,Zachariah Branch,,1600,
2026-09-23T19-00-13Z,2026,3,2026_03_ATL_GB,GB,ATL,2026-09-25T00:15:00Z,betrivers,player_anytime_td,anytime_td,Austin Hooper,,1500,
2026-09-23T19-00-13Z,2026,3,2026_03_ATL_GB,GB,ATL,2026-09-25T00:15:00Z,betrivers,player_anytime_td,anytime_td,Michael Penix Jr.,,650,
2026-09-23T19-00-13Z,2026,3,2026_03_ATL_GB,GB,ATL,2026-09-25T00:15:00Z,betrivers,player_anytime_td,anytime_td,Jordan Love,,750,
2026-09-23T19-00-13Z,2026,3,2026_03_ATL_GB,GB,ATL,2026-09-25T00:15:00Z,betrivers,player_anytime_td,anytime_td,Drake London,,175,
2026-09-23T19-00-13Z,2026,3,2026_03_ATL_GB,GB,ATL,2026-09-25T00:15:00Z,betrivers,player_anytime_td,anytime_td,Christian Watson,,140,
2026-09-23T19-00-13Z,2026,3,2026_03_ATL_GB,GB,ATL,2026-09-25T00:15:00Z,betrivers,player_anytime_td,anytime_td,Mark Redman,,2000,
2026-09-23T19-00-13Z,2026,3,2026_03_ATL_GB,GB,ATL,2026-09-25T00:15:00Z,betrivers,player_anytime_td,anytime_td,Chris Blair,,2000,
2026-09-23T19-00-13Z,2026,3,2026_03_ATL_GB,GB,ATL,2026-09-25T00:15:00Z,betrivers,player_anytime_td,anytime_td,MarShawn Lloyd,,195,
2026-09-23T19-00-13Z,2026,3,2026_03_ATL_GB,GB,ATL,2026-09-25T00:15:00Z,betrivers,player_anytime_td,anytime_td,Charlie Woerner,,1900,
2026-09-23T19-00-13Z,2026,3,2026_03_ATL_GB,GB,ATL,2026-09-25T00:15:00Z,betrivers,player_anytime_td,anytime_td,Kyle Pitts,,350,
2026-09-23T19-00-13Z,2026,3,2026_03_ATL_GB,GB,ATL,2026-09-25T00:15:00Z,betrivers,player_anytime_td,anytime_td,Tucker Kraft,,175,
2026-09-23T19-00-13Z,2026,3,2026_03_ATL_GB,GB,ATL,2026-09-25T00:15:00Z,betrivers,player_anytime_td,anytime_td,Matthew Golden,,185,
2026-09-23T19-00-13Z,2026,3,2026_03_ATL_GB,GB,ATL,2026-09-25T00:15:00Z,betrivers,player_anytime_td,anytime_td,Skyy Moore,,450,
2026-09-23T19-00-13Z,2026,3,2026_03_ATL_GB,GB,ATL,2026-09-25T00:15:00Z,betrivers,player_anytime_td,anytime_td,Bijan Robinson,,-167,
2026-09-23T19-00-13Z,2026,3,2026_03_ATL_GB,GB,ATL,2026-09-25T00:15:00Z,betrivers,player_anytime_td,anytime_td,Jonnu Smith,,650,
2026-09-23T19-00-13Z,2026,3,2026_03_ATL_GB,GB,ATL,2026-09-25T00:15:00Z,betrivers,player_anytime_td,anytime_td,Bo Melton,,800,
2026-09-23T19-00-13Z,2026,3,2026_03_ATL_GB,GB,ATL,2026-09-25T00:15:00Z,betrivers,player_anytime_td,anytime_td,Kaleb Johnson,,200,
2026-09-23T19-00-13Z,2026,3,2026_03_ATL_GB,GB,ATL,2026-09-25T00:15:00Z,betrivers,player_anytime_td,anytime_td,Olamide Zaccheaus,,600,
2026-09-23T19-00-13Z,2026,3,2026_03_ATL_GB,GB,ATL,2026-09-25T00:15:00Z,betrivers,player_anytime_td,anytime_td,Nick Muse,,2500,
2026-09-23T19-00-13Z,2026,3,2026_03_ATL_GB,GB,ATL,2026-09-25T00:15:00Z,betrivers,player_anytime_td,anytime_td,Brian Robinson Jr.,,375,
2026-09-23T19-00-13Z,2026,3,2026_03_ATL_GB,GB,ATL,2026-09-25T00:15:00Z,betrivers,player_anytime_td,anytime_td,J. Michael Sturdivant,,1200,
2026-09-23T19-00-13Z,2026,3,2026_03_ATL_GB,GB,ATL,2026-09-25T00:15:00Z,betrivers,player_anytime_td,anytime_td,Josh Whyle,,2200,
2026-09-23T19-00-13Z,2026,3,2026_03_ATL_GB,GB,ATL,2026-09-25T00:15:00Z,betrivers,player_anytime_td,anytime_td,Chris Brooks,,240,
2026-09-23T19-00-13Z,2026,3,2026_03_ATL_GB,GB,ATL,2026-09-25T00:15:00Z,betrivers,player_pass_yds,pass_yards,Jordan Love,224.5,-114,-117.0
2026-09-23T19-00-13Z,2026,3,2026_03_ATL_GB,GB,ATL,2026-09-25T00:15:00Z,betrivers,player_pass_yds,pass_yards,Michael Penix Jr.,203.5,-117,-114.0
2026-09-23T19-00-13Z,2026,3,2026_03_ATL_GB,GB,ATL,2026-09-25T00:15:00Z,betrivers,player_reception_yds,rec_yards,Tucker Kraft,45.5,-115,-114.0
2026-09-23T19-00-13Z,2026,3,2026_03_ATL_GB,GB,ATL,2026-09-25T00:15:00Z,betrivers,player_reception_yds,rec_yards,Matthew Golden,53.5,-115,-115.0
2026-09-23T19-00-13Z,2026,3,2026_03_ATL_GB,GB,ATL,2026-09-25T00:15:00Z,betrivers,player_reception_yds,rec_yards,Kyle Pitts,36.5,-115,-115.0
2026-09-23T19-00-13Z,2026,3,2026_03_ATL_GB,GB,ATL,2026-09-25T00:15:00Z,betrivers,player_reception_yds,rec_yards,Drake London,65.5,-117,-114.0
2026-09-23T19-00-13Z,2026,3,2026_03_ATL_GB,GB,ATL,2026-09-25T00:15:00Z,betrivers,player_reception_yds,rec_yards,Bijan Robinson,40.5,-114,-117.0
2026-09-23T19-00-13Z,2026,3,2026_03_ATL_GB,GB,ATL,2026-09-25T00:15:00Z,betrivers,player_reception_yds,rec_yards,Chris Brooks,7.5,-110,-121.0
2026-09-23T19-00-13Z,2026,3,2026_03_ATL_GB,GB,ATL,2026-09-25T00:15:00Z,betrivers,player_reception_yds,rec_yards,Christian Watson,68.5,-117,-114.0
2026-09-23T19-00-13Z,2026,3,2026_03_ATL_GB,GB,ATL,2026-09-25T00:15:00Z,betrivers,player_reception_yds,rec_yards,Jahan Dotson,18.5,-113,-118.0
2026-09-23T19-00-13Z,2026,3,2026_03_ATL_GB,GB,ATL,2026-09-25T00:15:00Z,betrivers,player_reception_yds,rec_yards,MarShawn Lloyd,6.5,-107,-124.0
2026-09-23T19-00-13Z,2026,3,2026_03_ATL_GB,GB,ATL,2026-09-25T00:15:00Z,betrivers,player_reception_yds,rec_yards,Olamide Zaccheaus,9.5,-114,-117.0
2026-09-23T19-00-13Z,2026,3,2026_03_ATL_GB,GB,ATL,2026-09-25T00:15:00Z,betrivers,player_reception_yds,rec_yards,Jonnu Smith,8.5,-118,-113.0
2026-09-23T19-00-13Z,2026,3,2026_03_ATL_GB,GB,ATL,2026-09-25T00:15:00Z,betrivers,player_reception_yds,rec_yards,Skyy Moore,9.5,-117,-114.0
2026-09-23T19-00-13Z,2026,3,2026_03_ATL_GB,GB,ATL,2026-09-25T00:15:00Z,betrivers,player_receptions,rec_catches,Tucker Kraft,3.5,-159,
2026-09-23T19-00-13Z,2026,3,2026_03_ATL_GB,GB,ATL,2026-09-25T00:15:00Z,betrivers,player_receptions,rec_catches,Christian Watson,4.5,-150,
2026-09-23T19-00-13Z,2026,3,2026_03_ATL_GB,GB,ATL,2026-09-25T00:15:00Z,betrivers,player_receptions,rec_catches,MarShawn Lloyd,1.5,160,
2026-09-23T19-00-13Z,2026,3,2026_03_ATL_GB,GB,ATL,2026-09-25T00:15:00Z,betrivers,player_receptions,rec_catches,Jahan Dotson,1.5,-159,
2026-09-23T19-00-13Z,2026,3,2026_03_ATL_GB,GB,ATL,2026-09-25T00:15:00Z,betrivers,player_receptions,rec_catches,Bijan Robinson,4.5,-148,
2026-09-23T19-00-13Z,2026,3,2026_03_ATL_GB,GB,ATL,2026-09-25T00:15:00Z,betrivers,player_receptions,rec_catches,Jonnu Smith,1.5,140,
2026-09-23T19-00-13Z,2026,3,2026_03_ATL_GB,GB,ATL,2026-09-25T00:15:00Z,betrivers,player_receptions,rec_catches,Kyle Pitts,3.5,-136,
2026-09-23T19-00-13Z,2026,3,2026_03_ATL_GB,GB,ATL,2026-09-25T00:15:00Z,betrivers,player_receptions,rec_catches,Drake London,5.5,102,
2026-09-23T19-00-13Z,2026,3,2026_03_ATL_GB,GB,ATL,2026-09-25T00:15:00Z,betrivers,player_receptions,rec_catches,Matthew Golden,4.5,112,
2026-09-23T19-00-13Z,2026,3,2026_03_ATL_GB,GB,ATL,2026-09-25T00:15:00Z,betrivers,player_receptions,rec_catches,Olamide Zaccheaus,1.5,133,
2026-09-23T19-00-13Z,2026,3,2026_03_ATL_GB,GB,ATL,2026-09-25T00:15:00Z,betrivers,player_receptions,rec_catches,Skyy Moore,1.5,120,
2026-09-23T19-00-13Z,2026,3,2026_03_ATL_GB,GB,ATL,2026-09-25T00:15:00Z,betrivers,player_rush_yds,rush_yards,Michael Penix Jr.,3.5,-114,-117.0
2026-09-23T19-00-13Z,2026,3,2026_03_ATL_GB,GB,ATL,2026-09-25T00:15:00Z,betrivers,player_rush_yds,rush_yards,Jordan Love,8.5,-115,-115.0
2026-09-23T19-00-13Z,2026,3,2026_03_ATL_GB,GB,ATL,2026-09-25T00:15:00Z,betrivers,player_rush_yds,rush_yards,Kaleb Johnson,35.5,-114,-117.0
2026-09-23T19-00-13Z,2026,3,2026_03_ATL_GB,GB,ATL,2026-09-25T00:15:00Z,betrivers,player_rush_yds,rush_yards,Chris Brooks,16.5,-122,-109.0
2026-09-23T19-00-13Z,2026,3,2026_03_ATL_GB,GB,ATL,2026-09-25T00:15:00Z,betrivers,player_rush_yds,rush_yards,Brian Robinson Jr.,22.5,-118,-113.0
2026-09-23T19-00-13Z,2026,3,2026_03_ATL_GB,GB,ATL,2026-09-25T00:15:00Z,betrivers,player_rush_yds,rush_yards,MarShawn Lloyd,25.5,-113,-118.0
2026-09-23T19-00-13Z,2026,3,2026_03_ATL_GB,GB,ATL,2026-09-25T00:15:00Z,betrivers,player_rush_yds,rush_yards,Bijan Robinson,78.5,-113,-118.0
2026-09-23T19-00-13Z,2026,3,2026_03_ATL_GB,GB,ATL,2026-09-25T00:15:00Z,betonlineag,player_anytime_td,anytime_td,Kyle Pitts,,350,
2026-09-23T19-00-13Z,2026,3,2026_03_ATL_GB,GB,ATL,2026-09-25T00:15:00Z,betonlineag,player_anytime_td,anytime_td,Austin Hooper,,1100,
2026-09-23T19-00-13Z,2026,3,2026_03_ATL_GB,GB,ATL,2026-09-25T00:15:00Z,betonlineag,player_anytime_td,anytime_td,Drake London,,170,
2026-09-23T19-00-13Z,2026,3,2026_03_ATL_GB,GB,ATL,2026-09-25T00:15:00Z,betonlineag,player_anytime_td,anytime_td,Olamide Zaccheaus,,700,
2026-09-23T19-00-13Z,2026,3,2026_03_ATL_GB,GB,ATL,2026-09-25T00:15:00Z,betonlineag,player_anytime_td,anytime_td,Jordan Love,,550,
2026-09-23T19-00-13Z,2026,3,2026_03_ATL_GB,GB,ATL,2026-09-25T00:15:00Z,betonlineag,player_anytime_td,anytime_td,Bo Melton,,550,
2026-09-23T19-00-13Z,2026,3,2026_03_ATL_GB,GB,ATL,2026-09-25T00:15:00Z,betonlineag,player_anytime_td,anytime_td,Christian Watson,,130,
2026-09-23T19-00-13Z,2026,3,2026_03_ATL_GB,GB,ATL,2026-09-25T00:15:00Z,betonlineag,player_anytime_td,anytime_td,Bijan Robinson,,-167,
2026-09-23T19-00-13Z,2026,3,2026_03_ATL_GB,GB,ATL,2026-09-25T00:15:00Z,betonlineag,player_anytime_td,anytime_td,Tucker Kraft,,160,
2026-09-23T19-00-13Z,2026,3,2026_03_ATL_GB,GB,ATL,2026-09-25T00:15:00Z,betonlineag,player_anytime_td,anytime_td,Charlie Woerner,,1900,
2026-09-23T19-00-13Z,2026,3,2026_03_ATL_GB,GB,ATL,2026-09-25T00:15:00Z,betonlineag,player_anytime_td,anytime_td,MarShawn Lloyd,,160,
2026-09-23T19-00-13Z,2026,3,2026_03_ATL_GB,GB,ATL,2026-09-25T00:15:00Z,betonlineag,player_anytime_td,anytime_td,Chris Blair,,2400,
2026-09-23T19-00-13Z,2026,3,2026_03_ATL_GB,GB,ATL,2026-09-25T00:15:00Z,betonlineag,player_anytime_td,anytime_td,Michael Penix Jr.,,1000,
2026-09-23T19-00-13Z,2026,3,2026_03_ATL_GB,GB,ATL,2026-09-25T00:15:00Z,betonlineag,player_anytime_td,anytime_td,Chris Brooks,,190,
2026-09-23T19-00-13Z,2026,3,2026_03_ATL_GB,GB,ATL,2026-09-25T00:15:00Z,betonlineag,player_anytime_td,anytime_td,Matthew Golden,,180,
2026-09-23T19-00-13Z,2026,3,2026_03_ATL_GB,GB,ATL,2026-09-25T00:15:00Z,betonlineag,player_anytime_td,anytime_td,Josh Whyle,,1100,
2026-09-23T19-00-13Z,2026,3,2026_03_ATL_GB,GB,ATL,2026-09-25T00:15:00Z,betonlineag,player_anytime_td,anytime_td,Skyy Moore,,400,
2026-09-23T19-00-13Z,2026,3,2026_03_ATL_GB,GB,ATL,2026-09-25T00:15:00Z,betonlineag,player_anytime_td,anytime_td,Zachariah Branch,,1000,
2026-09-23T19-00-13Z,2026,3,2026_03_ATL_GB,GB,ATL,2026-09-25T00:15:00Z,betonlineag,player_anytime_td,anytime_td,Brian Robinson Jr.,,350,
2026-09-23T19-00-13Z,2026,3,2026_03_ATL_GB,GB,ATL,2026-09-25T00:15:00Z,betonlineag,player_anytime_td,anytime_td,Jahan Dotson,,650,
2026-09-23T19-00-13Z,2026,3,2026_03_ATL_GB,GB,ATL,2026-09-25T00:15:00Z,betonlineag,player_anytime_td,anytime_td,Nick Muse,,2900,
2026-09-23T19-00-13Z,2026,3,2026_03_ATL_GB,GB,ATL,2026-09-25T00:15:00Z,betonlineag,player_pass_yds,pass_yards,Michael Penix Jr.,205.5,-114,-114.0
2026-09-23T19-00-13Z,2026,3,2026_03_ATL_GB,GB,ATL,2026-09-25T00:15:00Z,betonlineag,player_pass_yds,pass_yards,Jordan Love,226.5,-115,-112.0
2026-09-23T19-00-13Z,2026,3,2026_03_ATL_GB,GB,ATL,2026-09-25T00:15:00Z,betonlineag,player_reception_yds,rec_yards,MarShawn Lloyd,5.5,-114,-114.0
2026-09-23T19-00-13Z,2026,3,2026_03_ATL_GB,GB,ATL,2026-09-25T00:15:00Z,betonlineag,player_reception_yds,rec_yards,Chris Brooks,7.5,-112,-115.0
2026-09-23T19-00-13Z,2026,3,2026_03_ATL_GB,GB,ATL,2026-09-25T00:15:00Z,betonlineag,player_reception_yds,rec_yards,Tucker Kraft,46.5,-114,-114.0
2026-09-23T19-00-13Z,2026,3,2026_03_ATL_GB,GB,ATL,2026-09-25T00:15:00Z,betonlineag,player_reception_yds,rec_yards,Bijan Robinson,39.5,-119,-109.0
2026-09-23T19-00-13Z,2026,3,2026_03_ATL_GB,GB,ATL,2026-09-25T00:15:00Z,betonlineag,player_reception_yds,rec_yards,Drake London,65.5,-114,-114.0
2026-09-23T19-00-13Z,2026,3,2026_03_ATL_GB,GB,ATL,2026-09-25T00:15:00Z,betonlineag,player_reception_yds,rec_yards,Kyle Pitts,37.5,-130,100.0
2026-09-23T19-00-13Z,2026,3,2026_03_ATL_GB,GB,ATL,2026-09-25T00:15:00Z,betonlineag,player_reception_yds,rec_yards,Matthew Golden,55.5,-114,-114.0
2026-09-23T19-00-13Z,2026,3,2026_03_ATL_GB,GB,ATL,2026-09-25T00:15:00Z,betonlineag,player_reception_yds,rec_yards,Skyy Moore,9.5,-112,-115.0
2026-09-23T19-00-13Z,2026,3,2026_03_ATL_GB,GB,ATL,2026-09-25T00:15:00Z,betonlineag,player_reception_yds,rec_yards,Olamide Zaccheaus,10.5,-116,-111.0
2026-09-23T19-00-13Z,2026,3,2026_03_ATL_GB,GB,ATL,2026-09-25T00:15:00Z,betonlineag,player_reception_yds,rec_yards,Jonnu Smith,7.5,-114,-114.0
2026-09-23T19-00-13Z,2026,3,2026_03_ATL_GB,GB,ATL,2026-09-25T00:15:00Z,betonlineag,player_reception_yds,rec_yards,Jahan Dotson,17.5,-111,-116.0
2026-09-23T19-00-13Z,2026,3,2026_03_ATL_GB,GB,ATL,2026-09-25T00:15:00Z,betonlineag,player_reception_yds,rec_yards,Christian Watson,69.5,-114,-114.0
2026-09-23T19-00-13Z,2026,3,2026_03_ATL_GB,GB,ATL,2026-09-25T00:15:00Z,betonlineag,player_receptions,rec_catches,Kyle Pitts,3.5,-130,100.0
2026-09-23T19-00-13Z,2026,3,2026_03_ATL_GB,GB,ATL,2026-09-25T00:15:00Z,betonlineag,player_receptions,rec_catches,Christian Watson,4.5,-154,118.0
2026-09-23T19-00-13Z,2026,3,2026_03_ATL_GB,GB,ATL,2026-09-25T00:15:00Z,betonlineag,player_receptions,rec_catches,Bijan Robinson,4.5,-120,-108.0
2026-09-23T19-00-13Z,2026,3,2026_03_ATL_GB,GB,ATL,2026-09-25T00:15:00Z,betonlineag,player_receptions,rec_catches,Matthew Golden,4.5,109,-141.0
2026-09-23T19-00-13Z,2026,3,2026_03_ATL_GB,GB,ATL,2026-09-25T00:15:00Z,betonlineag,player_receptions,rec_catches,MarShawn Lloyd,1.5,158,-208.0
2026-09-23T19-00-13Z,2026,3,2026_03_ATL_GB,GB,ATL,2026-09-25T00:15:00Z,betonlineag,player_receptions,rec_catches,Jahan Dotson,1.5,-149,115.0
2026-09-23T19-00-13Z,2026,3,2026_03_ATL_GB,GB,ATL,2026-09-25T00:15:00Z,betonlineag,player_receptions,rec_catches,Drake London,5.5,104,-135.0
2026-09-23T19-00-13Z,2026,3,2026_03_ATL_GB,GB,ATL,2026-09-25T00:15:00Z,betonlineag,player_receptions,rec_catches,Tucker Kraft,4.5,125,-164.0
2026-09-23T19-00-13Z,2026,3,2026_03_ATL_GB,GB,ATL,2026-09-25T00:15:00Z,betonlineag,player_receptions,rec_catches,Skyy Moore,1.5,134,-175.0
2026-09-23T19-00-13Z,2026,3,2026_03_ATL_GB,GB,ATL,2026-09-25T00:15:00Z,betonlineag,player_receptions,rec_catches,Olamide Zaccheaus,1.5,141,-185.0
2026-09-23T19-00-13Z,2026,3,2026_03_ATL_GB,GB,ATL,2026-09-25T00:15:00Z,betonlineag,player_receptions,rec_catches,Jonnu Smith,1.5,139,-182.0
2026-09-23T19-00-13Z,2026,3,2026_03_ATL_GB,GB,ATL,2026-09-25T00:15:00Z,betonlineag,player_receptions,rec_catches,Chris Brooks,1.5,113,-147.0
2026-09-23T19-00-13Z,2026,3,2026_03_ATL_GB,GB,ATL,2026-09-25T00:15:00Z,betonlineag,player_rush_yds,rush_yards,Jordan Love,8.5,-112,-115.0
2026-09-23T19-00-13Z,2026,3,2026_03_ATL_GB,GB,ATL,2026-09-25T00:15:00Z,betonlineag,player_rush_yds,rush_yards,Brian Robinson Jr.,22.5,-111,-116.0
2026-09-23T19-00-13Z,2026,3,2026_03_ATL_GB,GB,ATL,2026-09-25T00:15:00Z,betonlineag,player_rush_yds,rush_yards,Chris Brooks,16.5,-112,-115.0
2026-09-23T19-00-13Z,2026,3,2026_03_ATL_GB,GB,ATL,2026-09-25T00:15:00Z,betonlineag,player_rush_yds,rush_yards,Michael Penix Jr.,3.5,-120,-108.0
2026-09-23T19-00-13Z,2026,3,2026_03_ATL_GB,GB,ATL,2026-09-25T00:15:00Z,betonlineag,player_rush_yds,rush_yards,Bijan Robinson,77.5,-112,-115.0
2026-09-23T19-00-13Z,2026,3,2026_03_ATL_GB,GB,ATL,2026-09-25T00:15:00Z,betonlineag,player_rush_yds,rush_yards,Kaleb Johnson,34.5,-114,-114.0
2026-09-23T19-00-13Z,2026,3,2026_03_ATL_GB,GB,ATL,2026-09-25T00:15:00Z,betonlineag,player_rush_yds,rush_yards,MarShawn Lloyd,26.5,-114,-114.0
2026-09-23T19-00-13Z,2026,3,2026_03_ATL_GB,GB,ATL,2026-09-25T00:15:00Z,betmgm,player_anytime_td,anytime_td,Jordan Love,,650,
2026-09-23T19-00-13Z,2026,3,2026_03_ATL_GB,GB,ATL,2026-09-25T00:15:00Z,betmgm,player_anytime_td,anytime_td,MarShawn Lloyd,,220,
2026-09-23T19-00-13Z,2026,3,2026_03_ATL_GB,GB,ATL,2026-09-25T00:15:00Z,betmgm,player_anytime_td,anytime_td,Kaleb Johnson,,195,
2026-09-23T19-00-13Z,2026,3,2026_03_ATL_GB,GB,ATL,2026-09-25T00:15:00Z,betmgm,player_anytime_td,anytime_td,Chris Brooks,,290,
2026-09-23T19-00-13Z,2026,3,2026_03_ATL_GB,GB,ATL,2026-09-25T00:15:00Z,betmgm,player_anytime_td,anytime_td,Jonnu Smith,,700,
2026-09-23T19-00-13Z,2026,3,2026_03_ATL_GB,GB,ATL,2026-09-25T00:15:00Z,betmgm,player_anytime_td,anytime_td,Tucker Kraft,,195,
2026-09-23T19-00-13Z,2026,3,2026_03_ATL_GB,GB,ATL,2026-09-25T00:15:00Z,betmgm,player_anytime_td,anytime_td,Christian Watson,,145,
2026-09-23T19-00-13Z,2026,3,2026_03_ATL_GB,GB,ATL,2026-09-25T00:15:00Z,betmgm,player_anytime_td,anytime_td,Matthew Golden,,185,
2026-09-23T19-00-13Z,2026,3,2026_03_ATL_GB,GB,ATL,2026-09-25T00:15:00Z,betmgm,player_anytime_td,anytime_td,Skyy Moore,,650,
2026-09-23T19-00-13Z,2026,3,2026_03_ATL_GB,GB,ATL,2026-09-25T00:15:00Z,betmgm,player_anytime_td,anytime_td,Josh Whyle,,1600,
2026-09-23T19-00-13Z,2026,3,2026_03_ATL_GB,GB,ATL,2026-09-25T00:15:00Z,betmgm,player_anytime_td,anytime_td,Bo Melton,,1000,
2026-09-23T19-00-13Z,2026,3,2026_03_ATL_GB,GB,ATL,2026-09-25T00:15:00Z,betmgm,player_anytime_td,anytime_td,Mark Redman,,2000,
2026-09-23T19-00-13Z,2026,3,2026_03_ATL_GB,GB,ATL,2026-09-25T00:15:00Z,betmgm,player_anytime_td,anytime_td,Bijan Robinson,,-150,
2026-09-23T19-00-13Z,2026,3,2026_03_ATL_GB,GB,ATL,2026-09-25T00:15:00Z,betmgm,player_anytime_td,anytime_td,Nick Muse,,3300,
2026-09-23T19-00-13Z,2026,3,2026_03_ATL_GB,GB,ATL,2026-09-25T00:15:00Z,betmgm,player_anytime_td,anytime_td,Michael Penix Jr.,,1400,
2026-09-23T19-00-13Z,2026,3,2026_03_ATL_GB,GB,ATL,2026-09-25T00:15:00Z,betmgm,player_anytime_td,anytime_td,Brian Robinson Jr.,,350,
2026-09-23T19-00-13Z,2026,3,2026_03_ATL_GB,GB,ATL,2026-09-25T00:15:00Z,betmgm,player_anytime_td,anytime_td,Kyle Pitts,,325,
2026-09-23T19-00-13Z,2026,3,2026_03_ATL_GB,GB,ATL,2026-09-25T00:15:00Z,betmgm,player_anytime_td,anytime_td,Drake London,,195,
2026-09-23T19-00-13Z,2026,3,2026_03_ATL_GB,GB,ATL,2026-09-25T00:15:00Z,betmgm,player_anytime_td,anytime_td,Jahan Dotson,,600,
2026-09-23T19-00-13Z,2026,3,2026_03_ATL_GB,GB,ATL,2026-09-25T00:15:00Z,betmgm,player_anytime_td,anytime_td,Green Bay Packers D/ST,,450,
2026-09-23T19-00-13Z,2026,3,2026_03_ATL_GB,GB,ATL,2026-09-25T00:15:00Z,betmgm,player_anytime_td,anytime_td,Atlanta Falcons D/ST,,650,
2026-09-23T19-00-13Z,2026,3,2026_03_ATL_GB,GB,ATL,2026-09-25T00:15:00Z,betmgm,player_anytime_td,anytime_td,Charlie Woerner,,2000,
2026-09-23T19-00-13Z,2026,3,2026_03_ATL_GB,GB,ATL,2026-09-25T00:15:00Z,betmgm,player_anytime_td,anytime_td,Austin Hooper,,1300,
2026-09-23T19-00-13Z,2026,3,2026_03_ATL_GB,GB,ATL,2026-09-25T00:15:00Z,betmgm,player_anytime_td,anytime_td,Olamide Zaccheaus,,850,
2026-09-23T19-00-13Z,2026,3,2026_03_ATL_GB,GB,ATL,2026-09-25T00:15:00Z,betmgm,player_anytime_td,anytime_td,Zachariah Branch,,1400,
2026-09-23T19-00-13Z,2026,3,2026_03_ATL_GB,GB,ATL,2026-09-25T00:15:00Z,betmgm,player_anytime_td,anytime_td,Chris Blair,,3000,
2026-09-23T19-00-13Z,2026,3,2026_03_ATL_GB,GB,ATL,2026-09-25T00:15:00Z,betmgm,player_anytime_td,anytime_td,J. Michael Sturdivant,,2000,
2026-09-23T19-00-13Z,2026,3,2026_03_ATL_GB,GB,ATL,2026-09-25T00:15:00Z,betmgm,player_pass_yds,pass_yards,Jordan Love,229.5,-115,-115.0
2026-09-23T19-00-13Z,2026,3,2026_03_ATL_GB,GB,ATL,2026-09-25T00:15:00Z,betmgm,player_pass_yds,pass_yards,Michael Penix Jr.,203.5,-115,-115.0
2026-09-23T19-00-13Z,2026,3,2026_03_ATL_GB,GB,ATL,2026-09-25T00:15:00Z,betmgm,player_reception_yds,rec_yards,Drake London,64.5,-115,-115.0
2026-09-23T19-00-13Z,2026,3,2026_03_ATL_GB,GB,ATL,2026-09-25T00:15:00Z,betmgm,player_reception_yds,rec_yards,Matthew Golden,51.5,-125,-105.0
2026-09-23T19-00-13Z,2026,3,2026_03_ATL_GB,GB,ATL,2026-09-25T00:15:00Z,betmgm,player_reception_yds,rec_yards,Chris Brooks,7.5,-110,-120.0
2026-09-23T19-00-13Z,2026,3,2026_03_ATL_GB,GB,ATL,2026-09-25T00:15:00Z,betmgm,player_reception_yds,rec_yards,Jahan Dotson,18.5,-115,-115.0
2026-09-23T19-00-13Z,2026,3,2026_03_ATL_GB,GB,ATL,2026-09-25T00:15:00Z,betmgm,player_reception_yds,rec_yards,Kyle Pitts,34.5,-150,110.0
2026-09-23T19-00-13Z,2026,3,2026_03_ATL_GB,GB,ATL,2026-09-25T00:15:00Z,betmgm,player_reception_yds,rec_yards,Tucker Kraft,45.5,-115,-115.0
2026-09-23T19-00-13Z,2026,3,2026_03_ATL_GB,GB,ATL,2026-09-25T00:15:00Z,betmgm,player_reception_yds,rec_yards,Christian Watson,65.5,-135,100.0
2026-09-23T19-00-13Z,2026,3,2026_03_ATL_GB,GB,ATL,2026-09-25T00:15:00Z,betmgm,player_reception_yds,rec_yards,Bijan Robinson,38.5,-115,-115.0
2026-09-23T19-00-13Z,2026,3,2026_03_ATL_GB,GB,ATL,2026-09-25T00:15:00Z,betmgm,player_reception_yds,rec_yards,Skyy Moore,9.5,-111,-118.0
2026-09-23T19-00-13Z,2026,3,2026_03_ATL_GB,GB,ATL,2026-09-25T00:15:00Z,betmgm,player_reception_yds,rec_yards,Olamide Zaccheaus,9.5,-120,-110.0
2026-09-23T19-00-13Z,2026,3,2026_03_ATL_GB,GB,ATL,2026-09-25T00:15:00Z,betmgm,player_reception_yds,rec_yards,Jonnu Smith,7.5,-115,-115.0
2026-09-23T19-00-13Z,2026,3,2026_03_ATL_GB,GB,ATL,2026-09-25T00:15:00Z,betmgm,player_receptions,rec_catches,Drake London,5.5,105,-140.0
2026-09-23T19-00-13Z,2026,3,2026_03_ATL_GB,GB,ATL,2026-09-25T00:15:00Z,betmgm,player_receptions,rec_catches,Tucker Kraft,3.5,-165,125.0
2026-09-23T19-00-13Z,2026,3,2026_03_ATL_GB,GB,ATL,2026-09-25T00:15:00Z,betmgm,player_receptions,rec_catches,Jahan Dotson,1.5,-140,105.0
2026-09-23T19-00-13Z,2026,3,2026_03_ATL_GB,GB,ATL,2026-09-25T00:15:00Z,betmgm,player_receptions,rec_catches,Bijan Robinson,4.5,-120,-110.0
2026-09-23T19-00-13Z,2026,3,2026_03_ATL_GB,GB,ATL,2026-09-25T00:15:00Z,betmgm,player_receptions,rec_catches,Kyle Pitts,3.5,-125,-105.0
2026-09-23T19-00-13Z,2026,3,2026_03_ATL_GB,GB,ATL,2026-09-25T00:15:00Z,betmgm,player_receptions,rec_catches,Christian Watson,4.5,-155,115.0
2026-09-23T19-00-13Z,2026,3,2026_03_ATL_GB,GB,ATL,2026-09-25T00:15:00Z,betmgm,player_receptions,rec_catches,Matthew Golden,4.5,115,-155.0
2026-09-23T19-00-13Z,2026,3,2026_03_ATL_GB,GB,ATL,2026-09-25T00:15:00Z,betmgm,player_receptions,rec_catches,Skyy Moore,1.5,140,-190.0
2026-09-23T19-00-13Z,2026,3,2026_03_ATL_GB,GB,ATL,2026-09-25T00:15:00Z,betmgm,player_receptions,rec_catches,Olamide Zaccheaus,1.5,140,-190.0
2026-09-23T19-00-13Z,2026,3,2026_03_ATL_GB,GB,ATL,2026-09-25T00:15:00Z,betmgm,player_receptions,rec_catches,Jonnu Smith,1.5,140,-190.0
2026-09-23T19-00-13Z,2026,3,2026_03_ATL_GB,GB,ATL,2026-09-25T00:15:00Z,betmgm,player_rush_yds,rush_yards,Jordan Love,7.5,-120,-110.0
2026-09-23T19-00-13Z,2026,3,2026_03_ATL_GB,GB,ATL,2026-09-25T00:15:00Z,betmgm,player_rush_yds,rush_yards,Chris Brooks,15.5,-120,-111.0
2026-09-23T19-00-13Z,2026,3,2026_03_ATL_GB,GB,ATL,2026-09-25T00:15:00Z,betmgm,player_rush_yds,rush_yards,Brian Robinson Jr.,23.5,-111,-118.0
2026-09-23T19-00-13Z,2026,3,2026_03_ATL_GB,GB,ATL,2026-09-25T00:15:00Z,betmgm,player_rush_yds,rush_yards,Bijan Robinson,76.5,-115,-115.0
2026-09-23T19-00-13Z,2026,3,2026_03_ATL_GB,GB,ATL,2026-09-25T00:15:00Z,betmgm,player_rush_yds,rush_yards,Kaleb Johnson,35.5,-115,-115.0
2026-09-23T19-00-13Z,2026,3,2026_03_ATL_GB,GB,ATL,2026-09-25T00:15:00Z,bovada,player_anytime_td,anytime_td,Skyy Moore,,460,
2026-09-23T19-00-13Z,2026,3,2026_03_ATL_GB,GB,ATL,2026-09-25T00:15:00Z,bovada,player_anytime_td,anytime_td,Christian Watson,,155,
2026-09-23T19-00-13Z,2026,3,2026_03_ATL_GB,GB,ATL,2026-09-25T00:15:00Z,bovada,player_anytime_td,anytime_td,Kaleb Johnson,,195,
2026-09-23T19-00-13Z,2026,3,2026_03_ATL_GB,GB,ATL,2026-09-25T00:15:00Z,bovada,player_anytime_td,anytime_td,Tucker Kraft,,185,
2026-09-23T19-00-13Z,2026,3,2026_03_ATL_GB,GB,ATL,2026-09-25T00:15:00Z,bovada,player_anytime_td,anytime_td,Jonnu Smith,,600,
2026-09-23T19-00-13Z,2026,3,2026_03_ATL_GB,GB,ATL,2026-09-25T00:15:00Z,bovada,player_anytime_td,anytime_td,Matthew Golden,,210,
2026-09-23T19-00-13Z,2026,3,2026_03_ATL_GB,GB,ATL,2026-09-25T00:15:00Z,bovada,player_anytime_td,anytime_td,Jordan Love,,525,
2026-09-23T19-00-13Z,2026,3,2026_03_ATL_GB,GB,ATL,2026-09-25T00:15:00Z,bovada,player_anytime_td,anytime_td,Chris Brooks,,235,
2026-09-23T19-00-13Z,2026,3,2026_03_ATL_GB,GB,ATL,2026-09-25T00:15:00Z,bovada,player_anytime_td,anytime_td,MarShawn Lloyd,,210,
2026-09-23T19-00-13Z,2026,3,2026_03_ATL_GB,GB,ATL,2026-09-25T00:15:00Z,bovada,player_anytime_td,anytime_td,Atlanta Falcons D/ST,,525,
2026-09-23T19-00-13Z,2026,3,2026_03_ATL_GB,GB,ATL,2026-09-25T00:15:00Z,bovada,player_anytime_td,anytime_td,Green Bay Packers D/ST,,500,
2026-09-23T19-00-13Z,2026,3,2026_03_ATL_GB,GB,ATL,2026-09-25T00:15:00Z,bovada,player_anytime_td,anytime_td,Olamide Zaccheaus,,725,
2026-09-23T19-00-13Z,2026,3,2026_03_ATL_GB,GB,ATL,2026-09-25T00:15:00Z,bovada,player_anytime_td,anytime_td,Brian Robinson Jr.,,440,
2026-09-23T19-00-13Z,2026,3,2026_03_ATL_GB,GB,ATL,2026-09-25T00:15:00Z,bovada,player_anytime_td,anytime_td,Bijan Robinson,,-162,
2026-09-23T19-00-13Z,2026,3,2026_03_ATL_GB,GB,ATL,2026-09-25T00:15:00Z,bovada,player_anytime_td,anytime_td,Michael Penix Jr.,,1000,
2026-09-23T19-00-13Z,2026,3,2026_03_ATL_GB,GB,ATL,2026-09-25T00:15:00Z,bovada,player_anytime_td,anytime_td,Drake London,,175,
2026-09-23T19-00-13Z,2026,3,2026_03_ATL_GB,GB,ATL,2026-09-25T00:15:00Z,bovada,player_anytime_td,anytime_td,Jahan Dotson,,725,
2026-09-23T19-00-13Z,2026,3,2026_03_ATL_GB,GB,ATL,2026-09-25T00:15:00Z,bovada,player_anytime_td,anytime_td,Kyle Pitts,,380,
2026-09-23T19-00-13Z,2026,3,2026_03_ATL_GB,GB,ATL,2026-09-25T00:15:00Z,bovada,player_anytime_td,anytime_td,Zachariah Branch,,1000,
2026-09-23T19-00-13Z,2026,3,2026_03_ATL_GB,GB,ATL,2026-09-25T00:15:00Z,bovada,player_anytime_td,anytime_td,Nick Muse,,4000,
2026-09-23T19-00-13Z,2026,3,2026_03_ATL_GB,GB,ATL,2026-09-25T00:15:00Z,bovada,player_anytime_td,anytime_td,Bo Melton,,825,
2026-09-23T19-00-13Z,2026,3,2026_03_ATL_GB,GB,ATL,2026-09-25T00:15:00Z,bovada,player_anytime_td,anytime_td,Mark Redman,,1800,
2026-09-23T19-00-13Z,2026,3,2026_03_ATL_GB,GB,ATL,2026-09-25T00:15:00Z,bovada,player_anytime_td,anytime_td,Austin Hooper,,1400,
2026-09-23T19-00-13Z,2026,3,2026_03_ATL_GB,GB,ATL,2026-09-25T00:15:00Z,bovada,player_anytime_td,anytime_td,Josh Whyle,,1900,
2026-09-23T19-00-13Z,2026,3,2026_03_ATL_GB,GB,ATL,2026-09-25T00:15:00Z,bovada,player_anytime_td,anytime_td,Charlie Woerner,,2500,
2026-09-23T19-00-13Z,2026,3,2026_03_ATL_GB,GB,ATL,2026-09-25T00:15:00Z,bovada,player_anytime_td,anytime_td,Chris Blair,,3300,
2026-09-23T19-00-13Z,2026,3,2026_03_ATL_GB,GB,ATL,2026-09-25T00:15:00Z,bovada,player_pass_yds,pass_yards,Jordan Love,227.5,-115,-115.0
2026-09-23T19-00-13Z,2026,3,2026_03_ATL_GB,GB,ATL,2026-09-25T00:15:00Z,bovada,player_pass_yds,pass_yards,Michael Penix Jr.,204.5,-115,-115.0
2026-09-23T19-00-13Z,2026,3,2026_03_ATL_GB,GB,ATL,2026-09-25T00:15:00Z,bovada,player_reception_yds,rec_yards,Bijan Robinson,39.5,-115,-115.0
2026-09-23T19-00-13Z,2026,3,2026_03_ATL_GB,GB,ATL,2026-09-25T00:15:00Z,bovada,player_reception_yds,rec_yards,Chris Brooks,8.5,-110,-120.0
2026-09-23T19-00-13Z,2026,3,2026_03_ATL_GB,GB,ATL,2026-09-25T00:15:00Z,bovada,player_reception_yds,rec_yards,Christian Watson,70.5,-115,-115.0
2026-09-23T19-00-13Z,2026,3,2026_03_ATL_GB,GB,ATL,2026-09-25T00:15:00Z,bovada,player_reception_yds,rec_yards,Drake London,66.5,-115,-115.0
2026-09-23T19-00-13Z,2026,3,2026_03_ATL_GB,GB,ATL,2026-09-25T00:15:00Z,bovada,player_reception_yds,rec_yards,Jahan Dotson,17.5,-110,-120.0
2026-09-23T19-00-13Z,2026,3,2026_03_ATL_GB,GB,ATL,2026-09-25T00:15:00Z,bovada,player_reception_yds,rec_yards,Jonnu Smith,7.5,-125,-105.0
2026-09-23T19-00-13Z,2026,3,2026_03_ATL_GB,GB,ATL,2026-09-25T00:15:00Z,bovada,player_reception_yds,rec_yards,Kyle Pitts,35.5,-115,-115.0
2026-09-23T19-00-13Z,2026,3,2026_03_ATL_GB,GB,ATL,2026-09-25T00:15:00Z,bovada,player_reception_yds,rec_yards,MarShawn Lloyd,5.5,-115,-115.0
2026-09-23T19-00-13Z,2026,3,2026_03_ATL_GB,GB,ATL,2026-09-25T00:15:00Z,bovada,player_reception_yds,rec_yards,Matthew Golden,52.5,-115,-115.0
2026-09-23T19-00-13Z,2026,3,2026_03_ATL_GB,GB,ATL,2026-09-25T00:15:00Z,bovada,player_reception_yds,rec_yards,Olamide Zaccheaus,10.5,-120,-110.0
2026-09-23T19-00-13Z,2026,3,2026_03_ATL_GB,GB,ATL,2026-09-25T00:15:00Z,bovada,player_reception_yds,rec_yards,Skyy Moore,9.5,-115,-115.0
2026-09-23T19-00-13Z,2026,3,2026_03_ATL_GB,GB,ATL,2026-09-25T00:15:00Z,bovada,player_reception_yds,rec_yards,Tucker Kraft,45.5,-115,-115.0
2026-09-23T19-00-13Z,2026,3,2026_03_ATL_GB,GB,ATL,2026-09-25T00:15:00Z,bovada,player_receptions,rec_catches,Bijan Robinson,4.5,-115,-115.0
2026-09-23T19-00-13Z,2026,3,2026_03_ATL_GB,GB,ATL,2026-09-25T00:15:00Z,bovada,player_receptions,rec_catches,Chris Brooks,1.5,105,-135.0
2026-09-23T19-00-13Z,2026,3,2026_03_ATL_GB,GB,ATL,2026-09-25T00:15:00Z,bovada,player_receptions,rec_catches,Christian Watson,4.5,-150,115.0
2026-09-23T19-00-13Z,2026,3,2026_03_ATL_GB,GB,ATL,2026-09-25T00:15:00Z,bovada,player_receptions,rec_catches,Drake London,5.5,100,-130.0
2026-09-23T19-00-13Z,2026,3,2026_03_ATL_GB,GB,ATL,2026-09-25T00:15:00Z,bovada,player_receptions,rec_catches,Jahan Dotson,1.5,-135,105.0
2026-09-23T19-00-13Z,2026,3,2026_03_ATL_GB,GB,ATL,2026-09-25T00:15:00Z,bovada,player_receptions,rec_catches,Jonnu Smith,1.5,130,-170.0
2026-09-23T19-00-13Z,2026,3,2026_03_ATL_GB,GB,ATL,2026-09-25T00:15:00Z,bovada,player_receptions,rec_catches,Kyle Pitts,3.5,-130,100.0
2026-09-23T19-00-13Z,2026,3,2026_03_ATL_GB,GB,ATL,2026-09-25T00:15:00Z,bovada,player_receptions,rec_catches,MarShawn Lloyd,1.5,150,-200.0
2026-09-23T19-00-13Z,2026,3,2026_03_ATL_GB,GB,ATL,2026-09-25T00:15:00Z,bovada,player_receptions,rec_catches,Matthew Golden,4.5,105,-135.0
2026-09-23T19-00-13Z,2026,3,2026_03_ATL_GB,GB,ATL,2026-09-25T00:15:00Z,bovada,player_receptions,rec_catches,Olamide Zaccheaus,1.5,140,-185.0
2026-09-23T19-00-13Z,2026,3,2026_03_ATL_GB,GB,ATL,2026-09-25T00:15:00Z,bovada,player_receptions,rec_catches,Skyy Moore,1.5,130,-170.0
2026-09-23T19-00-13Z,2026,3,2026_03_ATL_GB,GB,ATL,2026-09-25T00:15:00Z,bovada,player_receptions,rec_catches,Tucker Kraft,4.5,130,-170.0
2026-09-23T19-00-13Z,2026,3,2026_03_ATL_GB,GB,ATL,2026-09-25T00:15:00Z,bovada,player_rush_yds,rush_yards,Bijan Robinson,77.5,-115,-115.0
2026-09-23T19-00-13Z,2026,3,2026_03_ATL_GB,GB,ATL,2026-09-25T00:15:00Z,bovada,player_rush_yds,rush_yards,Brian Robinson Jr.,22.5,-110,-120.0
2026-09-23T19-00-13Z,2026,3,2026_03_ATL_GB,GB,ATL,2026-09-25T00:15:00Z,bovada,player_rush_yds,rush_yards,Chris Brooks,16.5,-110,-120.0
2026-09-23T19-00-13Z,2026,3,2026_03_ATL_GB,GB,ATL,2026-09-25T00:15:00Z,bovada,player_rush_yds,rush_yards,Jordan Love,8.5,-110,-120.0
2026-09-23T19-00-13Z,2026,3,2026_03_ATL_GB,GB,ATL,2026-09-25T00:15:00Z,bovada,player_rush_yds,rush_yards,Kaleb Johnson,34.5,-115,-115.0
2026-09-23T19-00-13Z,2026,3,2026_03_ATL_GB,GB,ATL,2026-09-25T00:15:00Z,bovada,player_rush_yds,rush_yards,MarShawn Lloyd,25.5,-115,-115.0
2026-09-23T19-00-13Z,2026,3,2026_03_ATL_GB,GB,ATL,2026-09-25T00:15:00Z,bovada,player_rush_yds,rush_yards,Michael Penix Jr.,3.5,-115,-115.0
2026-09-23T19-00-13Z,2026,3,2026_03_LAC_BUF,BUF,LAC,2026-09-27T17:00:00Z,draftkings,player_anytime_td,anytime_td,James Cook,,-205,
2026-09-23T19-00-13Z,2026,3,2026_03_LAC_BUF,BUF,LAC,2026-09-27T17:00:00Z,draftkings,player_anytime_td,anytime_td,Josh Allen,,-155,
2026-09-23T19-00-13Z,2026,3,2026_03_LAC_BUF,BUF,LAC,2026-09-27T17:00:00Z,draftkings,player_anytime_td,anytime_td,Omarion Hampton,,-135,
2026-09-23T19-00-13Z,2026,3,2026_03_LAC_BUF,BUF,LAC,2026-09-27T17:00:00Z,draftkings,player_anytime_td,anytime_td,DJ Moore,,165,
2026-09-23T19-00-13Z,2026,3,2026_03_LAC_BUF,BUF,LAC,2026-09-27T17:00:00Z,draftkings,player_anytime_td,anytime_td,Khalil Shakir,,180,
2026-09-23T19-00-13Z,2026,3,2026_03_LAC_BUF,BUF,LAC,2026-09-27T17:00:00Z,draftkings,player_anytime_td,anytime_td,Dalton Kincaid,,195,
2026-09-23T19-00-13Z,2026,3,2026_03_LAC_BUF,BUF,LAC,2026-09-27T17:00:00Z,draftkings,player_anytime_td,anytime_td,Ladd McConkey,,230,
2026-09-23T19-00-13Z,2026,3,2026_03_LAC_BUF,BUF,LAC,2026-09-27T17:00:00Z,draftkings,player_anytime_td,anytime_td,Quentin Johnston,,250,
2026-09-23T19-00-13Z,2026,3,2026_03_LAC_BUF,BUF,LAC,2026-09-27T17:00:00Z,draftkings,player_anytime_td,anytime_td,Oronde Gadsden II,,310,
2026-09-23T19-00-13Z,2026,3,2026_03_LAC_BUF,BUF,LAC,2026-09-27T17:00:00Z,draftkings,player_anytime_td,anytime_td,Tre Harris,,475,
2026-09-23T19-00-13Z,2026,3,2026_03_LAC_BUF,BUF,LAC,2026-09-27T17:00:00Z,draftkings,player_anytime_td,anytime_td,Justin Herbert,,475,
2026-09-23T19-00-13Z,2026,3,2026_03_LAC_BUF,BUF,LAC,2026-09-27T17:00:00Z,draftkings,player_anytime_td,anytime_td,Dawson Knox,,500,
2026-09-23T19-00-13Z,2026,3,2026_03_LAC_BUF,BUF,LAC,2026-09-27T17:00:00Z,draftkings,player_anytime_td,anytime_td,Keaton Mitchell,,500,
2026-09-23T19-00-13Z,2026,3,2026_03_LAC_BUF,BUF,LAC,2026-09-27T17:00:00Z,draftkings,player_anytime_td,anytime_td,Buffalo Bills D/ST,,550,
2026-09-23T19-00-13Z,2026,3,2026_03_LAC_BUF,BUF,LAC,2026-09-27T17:00:00Z,draftkings,player_anytime_td,anytime_td,Los Angeles Chargers D/ST,,700,
2026-09-23T19-00-13Z,2026,3,2026_03_LAC_BUF,BUF,LAC,2026-09-27T17:00:00Z,draftkings,player_pass_yds,pass_yards,Josh Allen,243.5,-113,-111.0
2026-09-23T19-00-13Z,2026,3,2026_03_LAC_BUF,BUF,LAC,2026-09-27T17:00:00Z,draftkings,player_pass_yds,pass_yards,Justin Herbert,218.5,-112,-112.0
2026-09-23T19-00-13Z,2026,3,2026_03_LAC_BUF,BUF,LAC,2026-09-27T17:00:00Z,draftkings,player_reception_yds,rec_yards,Ladd McConkey,51.5,-110,-114.0
2026-09-23T19-00-13Z,2026,3,2026_03_LAC_BUF,BUF,LAC,2026-09-27T17:00:00Z,draftkings,player_reception_yds,rec_yards,DJ Moore,50.5,-112,-112.0
2026-09-23T19-00-13Z,2026,3,2026_03_LAC_BUF,BUF,LAC,2026-09-27T17:00:00Z,draftkings,player_reception_yds,rec_yards,Quentin Johnston,34.5,-114,-110.0
2026-09-23T19-00-13Z,2026,3,2026_03_LAC_BUF,BUF,LAC,2026-09-27T17:00:00Z,draftkings,player_reception_yds,rec_yards,Tre Harris,32.5,-113,-111.0
2026-09-23T19-00-13Z,2026,3,2026_03_LAC_BUF,BUF,LAC,2026-09-27T17:00:00Z,draftkings,player_reception_yds,rec_yards,Omarion Hampton,11.5,-115,-109.0
2026-09-23T19-00-13Z,2026,3,2026_03_LAC_BUF,BUF,LAC,2026-09-27T17:00:00Z,draftkings,player_receptions,rec_catches,Ladd McConkey,4.5,121,-155.0
2026-09-23T19-00-13Z,2026,3,2026_03_LAC_BUF,BUF,LAC,2026-09-27T17:00:00Z,draftkings,player_receptions,rec_catches,DJ Moore,3.5,-150,117.0
2026-09-23T19-00-13Z,2026,3,2026_03_LAC_BUF,BUF,LAC,2026-09-27T17:00:00Z,draftkings,player_receptions,rec_catches,Quentin Johnston,3.5,130,-167.0
2026-09-23T19-00-13Z,2026,3,2026_03_LAC_BUF,BUF,LAC,2026-09-27T17:00:00Z,draftkings,player_receptions,rec_catches,Tre Harris,2.5,-168,131.0
2026-09-23T19-00-13Z,2026,3,2026_03_LAC_BUF,BUF,LAC,2026-09-27T17:00:00Z,draftkings,player_receptions,rec_catches,Omarion Hampton,1.5,-150,118.0
2026-09-23T19-00-13Z,2026,3,2026_03_LAC_BUF,BUF,LAC,2026-09-27T17:00:00Z,draftkings,player_rush_yds,rush_yards,James Cook,82.5,-111,-113.0
2026-09-23T19-00-13Z,2026,3,2026_03_LAC_BUF,BUF,LAC,2026-09-27T17:00:00Z,draftkings,player_rush_yds,rush_yards,Omarion Hampton,60.5,-111,-113.0
2026-09-23T19-00-13Z,2026,3,2026_03_LAC_BUF,BUF,LAC,2026-09-27T17:00:00Z,draftkings,player_rush_yds,rush_yards,Josh Allen,35.5,-111,-113.0
2026-09-23T19-00-13Z,2026,3,2026_03_LAC_BUF,BUF,LAC,2026-09-27T17:00:00Z,draftkings,player_rush_yds,rush_yards,Justin Herbert,19.5,-113,-111.0
2026-09-23T19-00-13Z,2026,3,2026_03_LAC_BUF,BUF,LAC,2026-09-27T17:00:00Z,fanduel,player_anytime_td,anytime_td,James Cook,,-220,
2026-09-23T19-00-13Z,2026,3,2026_03_LAC_BUF,BUF,LAC,2026-09-27T17:00:00Z,fanduel,player_anytime_td,anytime_td,Josh Allen,,-150,
2026-09-23T19-00-13Z,2026,3,2026_03_LAC_BUF,BUF,LAC,2026-09-27T17:00:00Z,fanduel,player_anytime_td,anytime_td,Omarion Hampton,,-125,
2026-09-23T19-00-13Z,2026,3,2026_03_LAC_BUF,BUF,LAC,2026-09-27T17:00:00Z,fanduel,player_anytime_td,anytime_td,DJ Moore,,150,
2026-09-23T19-00-13Z,2026,3,2026_03_LAC_BUF,BUF,LAC,2026-09-27T17:00:00Z,fanduel,player_anytime_td,anytime_td,Khalil Shakir,,165,
2026-09-23T19-00-13Z,2026,3,2026_03_LAC_BUF,BUF,LAC,2026-09-27T17:00:00Z,fanduel,player_anytime_td,anytime_td,Dalton Kincaid,,200,
2026-09-23T19-00-13Z,2026,3,2026_03_LAC_BUF,BUF,LAC,2026-09-27T17:00:00Z,fanduel,player_anytime_td,anytime_td,Ladd McConkey,,200,
2026-09-23T19-00-13Z,2026,3,2026_03_LAC_BUF,BUF,LAC,2026-09-27T17:00:00Z,fanduel,player_anytime_td,anytime_td,Quentin Johnston,,230,
2026-09-23T19-00-13Z,2026,3,2026_03_LAC_BUF,BUF,LAC,2026-09-27T17:00:00Z,fanduel,player_anytime_td,anytime_td,Oronde Gadsden II,,300,
2026-09-23T19-00-13Z,2026,3,2026_03_LAC_BUF,BUF,LAC,2026-09-27T17:00:00Z,fanduel,player_anytime_td,anytime_td,Tre Harris,,500,
2026-09-23T19-00-13Z,2026,3,2026_03_LAC_BUF,BUF,LAC,2026-09-27T17:00:00Z,fanduel,player_anytime_td,anytime_td,Justin Herbert,,500,
2026-09-23T19-00-13Z,2026,3,2026_03_LAC_BUF,BUF,LAC,2026-09-27T17:00:00Z,fanduel,player_anytime_td,anytime_td,Dawson Knox,,500,
2026-09-23T19-00-13Z,2026,3,2026_03_LAC_BUF,BUF,LAC,2026-09-27T17:00:00Z,fanduel,player_anytime_td,anytime_td,Keaton Mitchell,,550,
2026-09-23T19-00-13Z,2026,3,2026_03_LAC_BUF,BUF,LAC,2026-09-27T17:00:00Z,fanduel,player_anytime_td,anytime_td,Buffalo Bills Defense,,750,
2026-09-23T19-00-13Z,2026,3,2026_03_LAC_BUF,BUF,LAC,2026-09-27T17:00:00Z,fanduel,player_anytime_td,anytime_td,Los Angeles Chargers Defense,,1000,
2026-09-23T19-00-13Z,2026,3,2026_03_LAC_BUF,BUF,LAC,2026-09-27T17:00:00Z,fanduel,player_pass_yds,pass_yards,Josh Allen,238.5,-114,-114.0
2026-09-23T19-00-13Z,2026,3,2026_03_LAC_BUF,BUF,LAC,2026-09-27T17:00:00Z,fanduel,player_pass_yds,pass_yards,Justin Herbert,222.5,-114,-114.0
2026-09-23T19-00-13Z,2026,3,2026_03_LAC_BUF,BUF,LAC,2026-09-27T17:00:00Z,fanduel,player_reception_yds,rec_yards,Omarion Hampton,11.5,-114,-114.0
2026-09-23T19-00-13Z,2026,3,2026_03_LAC_BUF,BUF,LAC,2026-09-27T17:00:00Z,fanduel,player_reception_yds,rec_yards,Quentin Johnston,35.5,-114,-114.0
2026-09-23T19-00-13Z,2026,3,2026_03_LAC_BUF,BUF,LAC,2026-09-27T17:00:00Z,fanduel,player_reception_yds,rec_yards,Tre Harris,33.5,-114,-114.0
2026-09-23T19-00-13Z,2026,3,2026_03_LAC_BUF,BUF,LAC,2026-09-27T17:00:00Z,fanduel,player_reception_yds,rec_yards,DJ Moore,49.5,-114,-114.0
2026-09-23T19-00-13Z,2026,3,2026_03_LAC_BUF,BUF,LAC,2026-09-27T17:00:00Z,fanduel,player_reception_yds,rec_yards,Ladd McConkey,52.5,-114,-114.0
2026-09-23T19-00-13Z,2026,3,2026_03_LAC_BUF,BUF,LAC,2026-09-27T17:00:00Z,fanduel,player_receptions,rec_catches,Quentin Johnston,3.5,132,-178.0
2026-09-23T19-00-13Z,2026,3,2026_03_LAC_BUF,BUF,LAC,2026-09-27T17:00:00Z,fanduel,player_receptions,rec_catches,Tre Harris,2.5,-166,124.0
2026-09-23T19-00-13Z,2026,3,2026_03_LAC_BUF,BUF,LAC,2026-09-27T17:00:00Z,fanduel,player_receptions,rec_catches,DJ Moore,3.5,-140,106.0
2026-09-23T19-00-13Z,2026,3,2026_03_LAC_BUF,BUF,LAC,2026-09-27T17:00:00Z,fanduel,player_receptions,rec_catches,Omarion Hampton,1.5,-148,112.0
2026-09-23T19-00-13Z,2026,3,2026_03_LAC_BUF,BUF,LAC,2026-09-27T17:00:00Z,fanduel,player_receptions,rec_catches,Ladd McConkey,4.5,112,-148.0
2026-09-23T19-00-13Z,2026,3,2026_03_LAC_BUF,BUF,LAC,2026-09-27T17:00:00Z,fanduel,player_rush_yds,rush_yards,Justin Herbert,19.5,-114,-114.0
2026-09-23T19-00-13Z,2026,3,2026_03_LAC_BUF,BUF,LAC,2026-09-27T17:00:00Z,fanduel,player_rush_yds,rush_yards,Omarion Hampton,60.5,-114,-114.0
2026-09-23T19-00-13Z,2026,3,2026_03_LAC_BUF,BUF,LAC,2026-09-27T17:00:00Z,fanduel,player_rush_yds,rush_yards,James Cook,81.5,-114,-114.0
2026-09-23T19-00-13Z,2026,3,2026_03_LAC_BUF,BUF,LAC,2026-09-27T17:00:00Z,fanduel,player_rush_yds,rush_yards,Josh Allen,32.5,-114,-114.0
2026-09-23T19-00-13Z,2026,3,2026_03_LAC_BUF,BUF,LAC,2026-09-27T17:00:00Z,betrivers,player_anytime_td,anytime_td,Alec Ingold,,1700,
2026-09-23T19-00-13Z,2026,3,2026_03_LAC_BUF,BUF,LAC,2026-09-27T17:00:00Z,betrivers,player_anytime_td,anytime_td,Omarion Hampton,,-122,
2026-09-23T19-00-13Z,2026,3,2026_03_LAC_BUF,BUF,LAC,2026-09-27T17:00:00Z,betrivers,player_anytime_td,anytime_td,DJ Moore,,175,
2026-09-23T19-00-13Z,2026,3,2026_03_LAC_BUF,BUF,LAC,2026-09-27T17:00:00Z,betrivers,player_anytime_td,anytime_td,Justin Herbert,,430,
2026-09-23T19-00-13Z,2026,3,2026_03_LAC_BUF,BUF,LAC,2026-09-27T17:00:00Z,betrivers,player_anytime_td,anytime_td,Keaton Mitchell,,450,
2026-09-23T19-00-13Z,2026,3,2026_03_LAC_BUF,BUF,LAC,2026-09-27T17:00:00Z,betrivers,player_anytime_td,anytime_td,Derius Davis,,1000,
2026-09-23T19-00-13Z,2026,3,2026_03_LAC_BUF,BUF,LAC,2026-09-27T17:00:00Z,betrivers,player_anytime_td,anytime_td,Joshua Palmer,,650,
2026-09-23T19-00-13Z,2026,3,2026_03_LAC_BUF,BUF,LAC,2026-09-27T17:00:00Z,betrivers,player_anytime_td,anytime_td,Ty Johnson,,800,
2026-09-23T19-00-13Z,2026,3,2026_03_LAC_BUF,BUF,LAC,2026-09-27T17:00:00Z,betrivers,player_anytime_td,anytime_td,Dalton Kincaid,,200,
2026-09-23T19-00-13Z,2026,3,2026_03_LAC_BUF,BUF,LAC,2026-09-27T17:00:00Z,betrivers,player_anytime_td,anytime_td,Keleki Latu,,3500,
2026-09-23T19-00-13Z,2026,3,2026_03_LAC_BUF,BUF,LAC,2026-09-27T17:00:00Z,betrivers,player_anytime_td,anytime_td,Jackson Hawes,,1600,
2026-09-23T19-00-13Z,2026,3,2026_03_LAC_BUF,BUF,LAC,2026-09-27T17:00:00Z,betrivers,player_anytime_td,anytime_td,Ladd McConkey,,200,
2026-09-23T19-00-13Z,2026,3,2026_03_LAC_BUF,BUF,LAC,2026-09-27T17:00:00Z,betrivers,player_anytime_td,anytime_td,Oronde Gadsden II,,310,
2026-09-23T19-00-13Z,2026,3,2026_03_LAC_BUF,BUF,LAC,2026-09-27T17:00:00Z,betrivers,player_anytime_td,anytime_td,James Cook,,-190,
2026-09-23T19-00-13Z,2026,3,2026_03_LAC_BUF,BUF,LAC,2026-09-27T17:00:00Z,betrivers,player_anytime_td,anytime_td,Dawson Knox,,480,
2026-09-23T19-00-13Z,2026,3,2026_03_LAC_BUF,BUF,LAC,2026-09-27T17:00:00Z,betrivers,player_anytime_td,anytime_td,Keon Coleman,,475,
2026-09-23T19-00-13Z,2026,3,2026_03_LAC_BUF,BUF,LAC,2026-09-27T17:00:00Z,betrivers,player_anytime_td,anytime_td,Khalil Shakir,,200,
2026-09-23T19-00-13Z,2026,3,2026_03_LAC_BUF,BUF,LAC,2026-09-27T17:00:00Z,betrivers,player_anytime_td,anytime_td,Quentin Johnston,,250,
2026-09-23T19-00-13Z,2026,3,2026_03_LAC_BUF,BUF,LAC,2026-09-27T17:00:00Z,betrivers,player_anytime_td,anytime_td,Ray Davis,,800,
2026-09-23T19-00-13Z,2026,3,2026_03_LAC_BUF,BUF,LAC,2026-09-27T17:00:00Z,betrivers,player_anytime_td,anytime_td,Josh Allen,,-143,
2026-09-23T19-00-13Z,2026,3,2026_03_LAC_BUF,BUF,LAC,2026-09-27T17:00:00Z,betrivers,player_anytime_td,anytime_td,Gary Jennings,,2500,
2026-09-23T19-00-13Z,2026,3,2026_03_LAC_BUF,BUF,LAC,2026-09-27T17:00:00Z,betrivers,player_anytime_td,anytime_td,Kimani Vidal,,650,
2026-09-23T19-00-13Z,2026,3,2026_03_LAC_BUF,BUF,LAC,2026-09-27T17:00:00Z,betrivers,player_anytime_td,anytime_td,Brenen Thompson,,950,
2026-09-23T19-00-13Z,2026,3,2026_03_LAC_BUF,BUF,LAC,2026-09-27T17:00:00Z,betrivers,player_anytime_td,anytime_td,Tre Harris,,360,
2026-09-23T19-00-13Z,2026,3,2026_03_LAC_BUF,BUF,LAC,2026-09-27T17:00:00Z,betrivers,player_anytime_td,anytime_td,Skyler Bell,,1400,
2026-09-23T19-00-13Z,2026,3,2026_03_LAC_BUF,BUF,LAC,2026-09-27T17:00:00Z,betrivers,player_pass_yds,pass_yards,Josh Allen,236.5,-114,-117.0
2026-09-23T19-00-13Z,2026,3,2026_03_LAC_BUF,BUF,LAC,2026-09-27T17:00:00Z,betrivers,player_pass_yds,pass_yards,Justin Herbert,222.5,-114,-117.0
2026-09-23T19-00-13Z,2026,3,2026_03_LAC_BUF,BUF,LAC,2026-09-27T17:00:00Z,betrivers,player_reception_yds,rec_yards,Quentin Johnston,35.5,-115,-115.0
2026-09-23T19-00-13Z,2026,3,2026_03_LAC_BUF,BUF,LAC,2026-09-27T17:00:00Z,betrivers,player_reception_yds,rec_yards,Ladd McConkey,49.5,-114,-115.0
2026-09-23T19-00-13Z,2026,3,2026_03_LAC_BUF,BUF,LAC,2026-09-27T17:00:00Z,betrivers,player_reception_yds,rec_yards,DJ Moore,49.5,-114,-117.0
2026-09-23T19-00-13Z,2026,3,2026_03_LAC_BUF,BUF,LAC,2026-09-27T17:00:00Z,betrivers,player_reception_yds,rec_yards,Tre Harris,33.5,-114,-115.0
2026-09-23T19-00-13Z,2026,3,2026_03_LAC_BUF,BUF,LAC,2026-09-27T17:00:00Z,betrivers,player_reception_yds,rec_yards,Omarion Hampton,10.5,-110,-120.0
2026-09-23T19-00-13Z,2026,3,2026_03_LAC_BUF,BUF,LAC,2026-09-27T17:00:00Z,betrivers,player_receptions,rec_catches,Tre Harris,2.5,-157,
2026-09-23T19-00-13Z,2026,3,2026_03_LAC_BUF,BUF,LAC,2026-09-27T17:00:00Z,betrivers,player_receptions,rec_catches,Omarion Hampton,1.5,-139,
2026-09-23T19-00-13Z,2026,3,2026_03_LAC_BUF,BUF,LAC,2026-09-27T17:00:00Z,betrivers,player_receptions,rec_catches,DJ Moore,3.5,-143,
2026-09-23T19-00-13Z,2026,3,2026_03_LAC_BUF,BUF,LAC,2026-09-27T17:00:00Z,betrivers,player_receptions,rec_catches,Quentin Johnston,2.5,-182,
2026-09-23T19-00-13Z,2026,3,2026_03_LAC_BUF,BUF,LAC,2026-09-27T17:00:00Z,betrivers,player_receptions,rec_catches,Ladd McConkey,4.5,123,
2026-09-23T19-00-13Z,2026,3,2026_03_LAC_BUF,BUF,LAC,2026-09-27T17:00:00Z,betrivers,player_rush_yds,rush_yards,Josh Allen,32.5,-118,-113.0
2026-09-23T19-00-13Z,2026,3,2026_03_LAC_BUF,BUF,LAC,2026-09-27T17:00:00Z,betrivers,player_rush_yds,rush_yards,Omarion Hampton,60.5,-117,-114.0
2026-09-23T19-00-13Z,2026,3,2026_03_LAC_BUF,BUF,LAC,2026-09-27T17:00:00Z,betrivers,player_rush_yds,rush_yards,Justin Herbert,19.5,-117,-114.0
2026-09-23T19-00-13Z,2026,3,2026_03_LAC_BUF,BUF,LAC,2026-09-27T17:00:00Z,betrivers,player_rush_yds,rush_yards,James Cook,81.5,-115,-115.0
2026-09-23T19-00-13Z,2026,3,2026_03_LAC_BUF,BUF,LAC,2026-09-27T17:00:00Z,betonlineag,player_anytime_td,anytime_td,Josh Allen,,-200,
2026-09-23T19-00-13Z,2026,3,2026_03_LAC_BUF,BUF,LAC,2026-09-27T17:00:00Z,betonlineag,player_anytime_td,anytime_td,Khalil Shakir,,160,
2026-09-23T19-00-13Z,2026,3,2026_03_LAC_BUF,BUF,LAC,2026-09-27T17:00:00Z,betonlineag,player_anytime_td,anytime_td,Dawson Knox,,500,
2026-09-23T19-00-13Z,2026,3,2026_03_LAC_BUF,BUF,LAC,2026-09-27T17:00:00Z,betonlineag,player_anytime_td,anytime_td,Justin Herbert,,350,
2026-09-23T19-00-13Z,2026,3,2026_03_LAC_BUF,BUF,LAC,2026-09-27T17:00:00Z,betonlineag,player_anytime_td,anytime_td,James Cook,,-250,
2026-09-23T19-00-13Z,2026,3,2026_03_LAC_BUF,BUF,LAC,2026-09-27T17:00:00Z,betonlineag,player_anytime_td,anytime_td,Quentin Johnston,,220,
2026-09-23T19-00-13Z,2026,3,2026_03_LAC_BUF,BUF,LAC,2026-09-27T17:00:00Z,betonlineag,player_anytime_td,anytime_td,Ty Johnson,,700,
2026-09-23T19-00-13Z,2026,3,2026_03_LAC_BUF,BUF,LAC,2026-09-27T17:00:00Z,betonlineag,player_anytime_td,anytime_td,Joshua Palmer,,450,
2026-09-23T19-00-13Z,2026,3,2026_03_LAC_BUF,BUF,LAC,2026-09-27T17:00:00Z,betonlineag,player_anytime_td,anytime_td,Ladd McConkey,,200,
2026-09-23T19-00-13Z,2026,3,2026_03_LAC_BUF,BUF,LAC,2026-09-27T17:00:00Z,betonlineag,player_anytime_td,anytime_td,Keon Coleman,,400,
2026-09-23T19-00-13Z,2026,3,2026_03_LAC_BUF,BUF,LAC,2026-09-27T17:00:00Z,betonlineag,player_anytime_td,anytime_td,Ray Davis,,1000,
2026-09-23T19-00-13Z,2026,3,2026_03_LAC_BUF,BUF,LAC,2026-09-27T17:00:00Z,betonlineag,player_anytime_td,anytime_td,Kimani Vidal,,450,
2026-09-23T19-00-13Z,2026,3,2026_03_LAC_BUF,BUF,LAC,2026-09-27T17:00:00Z,betonlineag,player_anytime_td,anytime_td,Derius Davis,,1000,
2026-09-23T19-00-13Z,2026,3,2026_03_LAC_BUF,BUF,LAC,2026-09-27T17:00:00Z,betonlineag,player_anytime_td,anytime_td,Dalton Kincaid,,190,
2026-09-23T19-00-13Z,2026,3,2026_03_LAC_BUF,BUF,LAC,2026-09-27T17:00:00Z,betonlineag,player_anytime_td,anytime_td,Keleki Latu,,3400,
2026-09-23T19-00-13Z,2026,3,2026_03_LAC_BUF,BUF,LAC,2026-09-27T17:00:00Z,betonlineag,player_anytime_td,anytime_td,Alec Ingold,,1400,
2026-09-23T19-00-13Z,2026,3,2026_03_LAC_BUF,BUF,LAC,2026-09-27T17:00:00Z,betonlineag,player_anytime_td,anytime_td,Keaton Mitchell,,400,
2026-09-23T19-00-13Z,2026,3,2026_03_LAC_BUF,BUF,LAC,2026-09-27T17:00:00Z,betonlineag,player_anytime_td,anytime_td,Jackson Hawes,,1000,
2026-09-23T19-00-13Z,2026,3,2026_03_LAC_BUF,BUF,LAC,2026-09-27T17:00:00Z,betonlineag,player_anytime_td,anytime_td,Omarion Hampton,,-143,
2026-09-23T19-00-13Z,2026,3,2026_03_LAC_BUF,BUF,LAC,2026-09-27T17:00:00Z,betonlineag,player_anytime_td,anytime_td,DJ Moore,,140,
2026-09-23T19-00-13Z,2026,3,2026_03_LAC_BUF,BUF,LAC,2026-09-27T17:00:00Z,betonlineag,player_anytime_td,anytime_td,Tre Harris,,400,
2026-09-23T19-00-13Z,2026,3,2026_03_LAC_BUF,BUF,LAC,2026-09-27T17:00:00Z,betonlineag,player_anytime_td,anytime_td,Oronde Gadsden II,,280,
2026-09-23T19-00-13Z,2026,3,2026_03_LAC_BUF,BUF,LAC,2026-09-27T17:00:00Z,betonlineag,player_anytime_td,anytime_td,Skyler Bell,,1300,
2026-09-23T19-00-13Z,2026,3,2026_03_LAC_BUF,BUF,LAC,2026-09-27T17:00:00Z,betonlineag,player_anytime_td,anytime_td,Brenen Thompson,,1000,
2026-09-23T19-00-13Z,2026,3,2026_03_LAC_BUF,BUF,LAC,2026-09-27T17:00:00Z,betonlineag,player_pass_yds,pass_yards,Josh Allen,239.5,-116,-111.0
2026-09-23T19-00-13Z,2026,3,2026_03_LAC_BUF,BUF,LAC,2026-09-27T17:00:00Z,betonlineag,player_pass_yds,pass_yards,Justin Herbert,222.5,-115,-112.0
2026-09-23T19-00-13Z,2026,3,2026_03_LAC_BUF,BUF,LAC,2026-09-27T17:00:00Z,betonlineag,player_reception_yds,rec_yards,Tre Harris,33.5,-114,-114.0
2026-09-23T19-00-13Z,2026,3,2026_03_LAC_BUF,BUF,LAC,2026-09-27T17:00:00Z,betonlineag,player_reception_yds,rec_yards,Quentin Johnston,35.5,-114,-114.0
2026-09-23T19-00-13Z,2026,3,2026_03_LAC_BUF,BUF,LAC,2026-09-27T17:00:00Z,betonlineag,player_reception_yds,rec_yards,Omarion Hampton,11.5,-116,-111.0
2026-09-23T19-00-13Z,2026,3,2026_03_LAC_BUF,BUF,LAC,2026-09-27T17:00:00Z,betonlineag,player_reception_yds,rec_yards,DJ Moore,50.5,-114,-114.0
2026-09-23T19-00-13Z,2026,3,2026_03_LAC_BUF,BUF,LAC,2026-09-27T17:00:00Z,betonlineag,player_reception_yds,rec_yards,Ladd McConkey,51.5,-114,-114.0
2026-09-23T19-00-13Z,2026,3,2026_03_LAC_BUF,BUF,LAC,2026-09-27T17:00:00Z,betonlineag,player_receptions,rec_catches,Quentin Johnston,3.5,130,-169.0
2026-09-23T19-00-13Z,2026,3,2026_03_LAC_BUF,BUF,LAC,2026-09-27T17:00:00Z,betonlineag,player_receptions,rec_catches,Omarion Hampton,1.5,-149,115.0
2026-09-23T19-00-13Z,2026,3,2026_03_LAC_BUF,BUF,LAC,2026-09-27T17:00:00Z,betonlineag,player_receptions,rec_catches,Tre Harris,2.5,-169,129.0
2026-09-23T19-00-13Z,2026,3,2026_03_LAC_BUF,BUF,LAC,2026-09-27T17:00:00Z,betonlineag,player_receptions,rec_catches,DJ Moore,3.5,-143,110.0
2026-09-23T19-00-13Z,2026,3,2026_03_LAC_BUF,BUF,LAC,2026-09-27T17:00:00Z,betonlineag,player_receptions,rec_catches,Ladd McConkey,4.5,115,-149.0
2026-09-23T19-00-13Z,2026,3,2026_03_LAC_BUF,BUF,LAC,2026-09-27T17:00:00Z,betonlineag,player_rush_yds,rush_yards,Justin Herbert,19.5,-115,-112.0
2026-09-23T19-00-13Z,2026,3,2026_03_LAC_BUF,BUF,LAC,2026-09-27T17:00:00Z,betonlineag,player_rush_yds,rush_yards,Josh Allen,34.5,-114,-114.0
2026-09-23T19-00-13Z,2026,3,2026_03_LAC_BUF,BUF,LAC,2026-09-27T17:00:00Z,betonlineag,player_rush_yds,rush_yards,James Cook,82.5,-114,-114.0
2026-09-23T19-00-13Z,2026,3,2026_03_LAC_BUF,BUF,LAC,2026-09-27T17:00:00Z,betonlineag,player_rush_yds,rush_yards,Omarion Hampton,60.5,-114,-114.0
2026-09-23T19-00-13Z,2026,3,2026_03_LAC_BUF,BUF,LAC,2026-09-27T17:00:00Z,betmgm,player_anytime_td,anytime_td,Ty Johnson,,425,
2026-09-23T19-00-13Z,2026,3,2026_03_LAC_BUF,BUF,LAC,2026-09-27T17:00:00Z,betmgm,player_anytime_td,anytime_td,Kimani Vidal,,700,
2026-09-23T19-00-13Z,2026,3,2026_03_LAC_BUF,BUF,LAC,2026-09-27T17:00:00Z,betmgm,player_anytime_td,anytime_td,Ladd McConkey,,220,
2026-09-23T19-00-13Z,2026,3,2026_03_LAC_BUF,BUF,LAC,2026-09-27T17:00:00Z,betmgm,player_anytime_td,anytime_td,Derius Davis,,1750,
2026-09-23T19-00-13Z,2026,3,2026_03_LAC_BUF,BUF,LAC,2026-09-27T17:00:00Z,betmgm,player_anytime_td,anytime_td,Keaton Mitchell,,475,
2026-09-23T19-00-13Z,2026,3,2026_03_LAC_BUF,BUF,LAC,2026-09-27T17:00:00Z,betmgm,player_anytime_td,anytime_td,Alec Ingold,,2500,
2026-09-23T19-00-13Z,2026,3,2026_03_LAC_BUF,BUF,LAC,2026-09-27T17:00:00Z,betmgm,player_anytime_td,anytime_td,Josh Allen,,-140,
2026-09-23T19-00-13Z,2026,3,2026_03_LAC_BUF,BUF,LAC,2026-09-27T17:00:00Z,betmgm,player_anytime_td,anytime_td,DJ Moore,,180,
2026-09-23T19-00-13Z,2026,3,2026_03_LAC_BUF,BUF,LAC,2026-09-27T17:00:00Z,betmgm,player_anytime_td,anytime_td,Los Angeles Chargers D/ST,,775,
2026-09-23T19-00-13Z,2026,3,2026_03_LAC_BUF,BUF,LAC,2026-09-27T17:00:00Z,betmgm,player_anytime_td,anytime_td,Jackson Hawes,,1150,
2026-09-23T19-00-13Z,2026,3,2026_03_LAC_BUF,BUF,LAC,2026-09-27T17:00:00Z,betmgm,player_anytime_td,anytime_td,Dalton Kincaid,,145,
2026-09-23T19-00-13Z,2026,3,2026_03_LAC_BUF,BUF,LAC,2026-09-27T17:00:00Z,betmgm,player_anytime_td,anytime_td,Tre Harris,,325,
2026-09-23T19-00-13Z,2026,3,2026_03_LAC_BUF,BUF,LAC,2026-09-27T17:00:00Z,betmgm,player_anytime_td,anytime_td,Buffalo Bills D/ST,,500,
2026-09-23T19-00-13Z,2026,3,2026_03_LAC_BUF,BUF,LAC,2026-09-27T17:00:00Z,betmgm,player_anytime_td,anytime_td,James Cook,,-165,
2026-09-23T19-00-13Z,2026,3,2026_03_LAC_BUF,BUF,LAC,2026-09-27T17:00:00Z,betmgm,player_anytime_td,anytime_td,Justin Herbert,,400,
2026-09-23T19-00-13Z,2026,3,2026_03_LAC_BUF,BUF,LAC,2026-09-27T17:00:00Z,betmgm,player_anytime_td,anytime_td,Ray Davis,,775,
2026-09-23T19-00-13Z,2026,3,2026_03_LAC_BUF,BUF,LAC,2026-09-27T17:00:00Z,betmgm,player_anytime_td,anytime_td,Brenen Thompson,,1050,
2026-09-23T19-00-13Z,2026,3,2026_03_LAC_BUF,BUF,LAC,2026-09-27T17:00:00Z,betmgm,player_anytime_td,anytime_td,Oronde Gadsden II,,240,
2026-09-23T19-00-13Z,2026,3,2026_03_LAC_BUF,BUF,LAC,2026-09-27T17:00:00Z,betmgm,player_anytime_td,anytime_td,Quentin Johnston,,290,
2026-09-23T19-00-13Z,2026,3,2026_03_LAC_BUF,BUF,LAC,2026-09-27T17:00:00Z,betmgm,player_anytime_td,anytime_td,Dawson Knox,,475,
2026-09-23T19-00-13Z,2026,3,2026_03_LAC_BUF,BUF,LAC,2026-09-27T17:00:00Z,betmgm,player_anytime_td,anytime_td,Omarion Hampton,,-105,
2026-09-23T19-00-13Z,2026,3,2026_03_LAC_BUF,BUF,LAC,2026-09-27T17:00:00Z,bovada,player_anytime_td,anytime_td,James Cook,,-210,
2026-09-23T19-00-13Z,2026,3,2026_03_LAC_BUF,BUF,LAC,2026-09-27T17:00:00Z,bovada,player_anytime_td,anytime_td,Ladd McConkey,,230,
2026-09-23T19-00-13Z,2026,3,2026_03_LAC_BUF,BUF,LAC,2026-09-27T17:00:00Z,bovada,player_anytime_td,anytime_td,Omarion Hampton,,-136,
2026-09-23T19-00-13Z,2026,3,2026_03_LAC_BUF,BUF,LAC,2026-09-27T17:00:00Z,bovada,player_anytime_td,anytime_td,Josh Allen,,-157,
2026-09-23T19-00-13Z,2026,3,2026_03_LAC_BUF,BUF,LAC,2026-09-27T17:00:00Z,bovada,player_anytime_td,anytime_td,Quentin Johnston,,250,
2026-09-23T19-00-13Z,2026,3,2026_03_LAC_BUF,BUF,LAC,2026-09-27T17:00:00Z,bovada,player_anytime_td,anytime_td,Khalil Shakir,,180,
2026-09-23T19-00-13Z,2026,3,2026_03_LAC_BUF,BUF,LAC,2026-09-27T17:00:00Z,bovada,player_anytime_td,anytime_td,DJ Moore,,165,
2026-09-23T19-00-13Z,2026,3,2026_03_LAC_BUF,BUF,LAC,2026-09-27T17:00:00Z,bovada,player_anytime_td,anytime_td,Dalton Kincaid,,195,
2026-09-23T19-00-13Z,2026,3,2026_03_LAC_BUF,BUF,LAC,2026-09-27T17:00:00Z,bovada,player_anytime_td,anytime_td,Dawson Knox,,500,
2026-09-23T19-00-13Z,2026,3,2026_03_LAC_BUF,BUF,LAC,2026-09-27T17:00:00Z,bovada,player_anytime_td,anytime_td,Justin Herbert,,460,
2026-09-23T19-00-13Z,2026,3,2026_03_LAC_BUF,BUF,LAC,2026-09-27T17:00:00Z,bovada,player_anytime_td,anytime_td,Tre Harris,,460,
2026-09-23T19-00-13Z,2026,3,2026_03_LAC_BUF,BUF,LAC,2026-09-27T17:00:00Z,bovada,player_anytime_td,anytime_td,Oronde Gadsden II,,310,
2026-09-23T19-00-13Z,2026,3,2026_03_LAC_BUF,BUF,LAC,2026-09-27T17:00:00Z,bovada,player_anytime_td,anytime_td,Keaton Mitchell,,500,
2026-09-23T19-00-13Z,2026,3,2026_03_LAC_BUF,BUF,LAC,2026-09-27T17:00:00Z,bovada,player_anytime_td,anytime_td,Buffalo Bills D/ST,,525,
2026-09-23T19-00-13Z,2026,3,2026_03_LAC_BUF,BUF,LAC,2026-09-27T17:00:00Z,bovada,player_anytime_td,anytime_td,Los Angeles Chargers D/ST,,700,
2026-09-23T19-00-13Z,2026,3,2026_03_LAC_BUF,BUF,LAC,2026-09-27T17:00:00Z,bovada,player_pass_yds,pass_yards,Josh Allen,243.5,-115,-115.0
2026-09-23T19-00-13Z,2026,3,2026_03_LAC_BUF,BUF,LAC,2026-09-27T17:00:00Z,bovada,player_pass_yds,pass_yards,Justin Herbert,218.5,-115,-115.0
2026-09-23T19-00-13Z,2026,3,2026_03_LAC_BUF,BUF,LAC,2026-09-27T17:00:00Z,bovada,player_reception_yds,rec_yards,DJ Moore,50.5,-115,-115.0
2026-09-23T19-00-13Z,2026,3,2026_03_LAC_BUF,BUF,LAC,2026-09-27T17:00:00Z,bovada,player_reception_yds,rec_yards,Ladd McConkey,51.5,-115,-115.0
2026-09-23T19-00-13Z,2026,3,2026_03_LAC_BUF,BUF,LAC,2026-09-27T17:00:00Z,bovada,player_reception_yds,rec_yards,Omarion Hampton,11.5,-120,-110.0
2026-09-23T19-00-13Z,2026,3,2026_03_LAC_BUF,BUF,LAC,2026-09-27T17:00:00Z,bovada,player_reception_yds,rec_yards,Quentin Johnston,34.5,-115,-115.0
2026-09-23T19-00-13Z,2026,3,2026_03_LAC_BUF,BUF,LAC,2026-09-27T17:00:00Z,bovada,player_reception_yds,rec_yards,Tre Harris,32.5,-115,-115.0
2026-09-23T19-00-13Z,2026,3,2026_03_LAC_BUF,BUF,LAC,2026-09-27T17:00:00Z,bovada,player_receptions,rec_catches,DJ Moore,3.5,-150,115.0
2026-09-23T19-00-13Z,2026,3,2026_03_LAC_BUF,BUF,LAC,2026-09-27T17:00:00Z,bovada,player_receptions,rec_catches,Ladd McConkey,4.5,120,-160.0
2026-09-23T19-00-13Z,2026,3,2026_03_LAC_BUF,BUF,LAC,2026-09-27T17:00:00Z,bovada,player_receptions,rec_catches,Omarion Hampton,1.5,-150,115.0
2026-09-23T19-00-13Z,2026,3,2026_03_LAC_BUF,BUF,LAC,2026-09-27T17:00:00Z,bovada,player_receptions,rec_catches,Quentin Johnston,3.5,130,-170.0
2026-09-23T19-00-13Z,2026,3,2026_03_LAC_BUF,BUF,LAC,2026-09-27T17:00:00Z,bovada,player_receptions,rec_catches,Tre Harris,2.5,-170,130.0
2026-09-23T19-00-13Z,2026,3,2026_03_LAC_BUF,BUF,LAC,2026-09-27T17:00:00Z,bovada,player_rush_yds,rush_yards,James Cook,82.5,-115,-115.0
2026-09-23T19-00-13Z,2026,3,2026_03_LAC_BUF,BUF,LAC,2026-09-27T17:00:00Z,bovada,player_rush_yds,rush_yards,Josh Allen,35.5,-115,-115.0
2026-09-23T19-00-13Z,2026,3,2026_03_LAC_BUF,BUF,LAC,2026-09-27T17:00:00Z,bovada,player_rush_yds,rush_yards,Justin Herbert,19.5,-115,-115.0
2026-09-23T19-00-13Z,2026,3,2026_03_LAC_BUF,BUF,LAC,2026-09-27T17:00:00Z,bovada,player_rush_yds,rush_yards,Omarion Hampton,60.5,-115,-115.0
2026-09-23T19-00-13Z,2026,3,2026_03_CAR_CLE,CLE,CAR,2026-09-27T17:00:00Z,draftkings,player_anytime_td,anytime_td,Chuba Hubbard,,-130,
2026-09-23T19-00-13Z,2026,3,2026_03_CAR_CLE,CLE,CAR,2026-09-27T17:00:00Z,draftkings,player_anytime_td,anytime_td,Quinshon Judkins,,125,
2026-09-23T19-00-13Z,2026,3,2026_03_CAR_CLE,CLE,CAR,2026-09-27T17:00:00Z,draftkings,player_anytime_td,anytime_td,Tetairoa McMillan,,170,
2026-09-23T19-00-13Z,2026,3,2026_03_CAR_CLE,CLE,CAR,2026-09-27T17:00:00Z,draftkings,player_anytime_td,anytime_td,Jalen Coker,,235,
2026-09-23T19-00-13Z,2026,3,2026_03_CAR_CLE,CLE,CAR,2026-09-27T17:00:00Z,draftkings,player_anytime_td,anytime_td,Harold Fannin Jr.,,260,
2026-09-23T19-00-13Z,2026,3,2026_03_CAR_CLE,CLE,CAR,2026-09-27T17:00:00Z,draftkings,player_anytime_td,anytime_td,Denzel Boston,,310,
2026-09-23T19-00-13Z,2026,3,2026_03_CAR_CLE,CLE,CAR,2026-09-27T17:00:00Z,draftkings,player_anytime_td,anytime_td,Deshaun Watson,,320,
2026-09-23T19-00-13Z,2026,3,2026_03_CAR_CLE,CLE,CAR,2026-09-27T17:00:00Z,draftkings,player_anytime_td,anytime_td,KC Concepcion,,330,
2026-09-23T19-00-13Z,2026,3,2026_03_CAR_CLE,CLE,CAR,2026-09-27T17:00:00Z,draftkings,player_anytime_td,anytime_td,Bryce Young,,400,
2026-09-23T19-00-13Z,2026,3,2026_03_CAR_CLE,CLE,CAR,2026-09-27T17:00:00Z,draftkings,player_anytime_td,anytime_td,Jerry Jeudy,,450,
2026-09-23T19-00-13Z,2026,3,2026_03_CAR_CLE,CLE,CAR,2026-09-27T17:00:00Z,draftkings,player_anytime_td,anytime_td,Darren Waller,,475,
2026-09-23T19-00-13Z,2026,3,2026_03_CAR_CLE,CLE,CAR,2026-09-27T17:00:00Z,draftkings,player_anytime_td,anytime_td,Raheim Sanders,,500,
2026-09-23T19-00-13Z,2026,3,2026_03_CAR_CLE,CLE,CAR,2026-09-27T17:00:00Z,draftkings,player_anytime_td,anytime_td,Carolina Panthers D/ST,,500,
2026-09-23T19-00-13Z,2026,3,2026_03_CAR_CLE,CLE,CAR,2026-09-27T17:00:00Z,draftkings,player_anytime_td,anytime_td,Tommy Tremble,,600,
2026-09-23T19-00-13Z,2026,3,2026_03_CAR_CLE,CLE,CAR,2026-09-27T17:00:00Z,draftkings,player_anytime_td,anytime_td,Cleveland Browns D/ST,,600,
2026-09-23T19-00-13Z,2026,3,2026_03_CAR_CLE,CLE,CAR,2026-09-27T17:00:00Z,draftkings,player_anytime_td,anytime_td,Xavier Legette,,650,
2026-09-23T19-00-13Z,2026,3,2026_03_CAR_CLE,CLE,CAR,2026-09-27T17:00:00Z,draftkings,player_anytime_td,anytime_td,Jaleel McLaughlin,,700,
2026-09-23T19-00-13Z,2026,3,2026_03_CAR_CLE,CLE,CAR,2026-09-27T17:00:00Z,draftkings,player_anytime_td,anytime_td,Mitchell Evans,,850,
2026-09-23T19-00-13Z,2026,3,2026_03_CAR_CLE,CLE,CAR,2026-09-27T17:00:00Z,draftkings,player_anytime_td,anytime_td,Michael Burton,,2200,
2026-09-23T19-00-13Z,2026,3,2026_03_CAR_CLE,CLE,CAR,2026-09-27T17:00:00Z,betonlineag,player_anytime_td,anytime_td,Tommy Tremble,,600,
2026-09-23T19-00-13Z,2026,3,2026_03_CAR_CLE,CLE,CAR,2026-09-27T17:00:00Z,betonlineag,player_anytime_td,anytime_td,Chuba Hubbard,,-167,
2026-09-23T19-00-13Z,2026,3,2026_03_CAR_CLE,CLE,CAR,2026-09-27T17:00:00Z,betonlineag,player_anytime_td,anytime_td,Deshaun Watson,,300,
2026-09-23T19-00-13Z,2026,3,2026_03_CAR_CLE,CLE,CAR,2026-09-27T17:00:00Z,betonlineag,player_anytime_td,anytime_td,Blake Whiteheart,,2400,
2026-09-23T19-00-13Z,2026,3,2026_03_CAR_CLE,CLE,CAR,2026-09-27T17:00:00Z,betonlineag,player_anytime_td,anytime_td,Jalen Coker,,200,
2026-09-23T19-00-13Z,2026,3,2026_03_CAR_CLE,CLE,CAR,2026-09-27T17:00:00Z,betonlineag,player_anytime_td,anytime_td,Bryce Young,,350,
2026-09-23T19-00-13Z,2026,3,2026_03_CAR_CLE,CLE,CAR,2026-09-27T17:00:00Z,betonlineag,player_anytime_td,anytime_td,Feleipe Franks,,3400,
2026-09-23T19-00-13Z,2026,3,2026_03_CAR_CLE,CLE,CAR,2026-09-27T17:00:00Z,betonlineag,player_anytime_td,anytime_td,Xavier Legette,,450,
2026-09-23T19-00-13Z,2026,3,2026_03_CAR_CLE,CLE,CAR,2026-09-27T17:00:00Z,betonlineag,player_anytime_td,anytime_td,Jerry Jeudy,,400,
2026-09-23T19-00-13Z,2026,3,2026_03_CAR_CLE,CLE,CAR,2026-09-27T17:00:00Z,betonlineag,player_anytime_td,anytime_td,Jonathon Brooks,,260,
2026-09-23T19-00-13Z,2026,3,2026_03_CAR_CLE,CLE,CAR,2026-09-27T17:00:00Z,betonlineag,player_anytime_td,anytime_td,Mitchell Evans,,800,
2026-09-23T19-00-13Z,2026,3,2026_03_CAR_CLE,CLE,CAR,2026-09-27T17:00:00Z,betonlineag,player_anytime_td,anytime_td,Brycen Tremayne,,1900,
2026-09-23T19-00-13Z,2026,3,2026_03_CAR_CLE,CLE,CAR,2026-09-27T17:00:00Z,betonlineag,player_anytime_td,anytime_td,Isaiah Bond,,1700,
2026-09-23T19-00-13Z,2026,3,2026_03_CAR_CLE,CLE,CAR,2026-09-27T17:00:00Z,betonlineag,player_anytime_td,anytime_td,Harold Fannin Jr.,,240,
2026-09-23T19-00-13Z,2026,3,2026_03_CAR_CLE,CLE,CAR,2026-09-27T17:00:00Z,betonlineag,player_anytime_td,anytime_td,Malachi Corley,,2400,
2026-09-23T19-00-13Z,2026,3,2026_03_CAR_CLE,CLE,CAR,2026-09-27T17:00:00Z,betonlineag,player_anytime_td,anytime_td,Tetairoa McMillan,,170,
2026-09-23T19-00-13Z,2026,3,2026_03_CAR_CLE,CLE,CAR,2026-09-27T17:00:00Z,betonlineag,player_anytime_td,anytime_td,Quinshon Judkins,,120,
2026-09-23T19-00-13Z,2026,3,2026_03_CAR_CLE,CLE,CAR,2026-09-27T17:00:00Z,betonlineag,player_anytime_td,anytime_td,Raheim Sanders,,450,
2026-09-23T19-00-13Z,2026,3,2026_03_CAR_CLE,CLE,CAR,2026-09-27T17:00:00Z,betonlineag,player_anytime_td,anytime_td,Michael Burton,,1900,
2026-09-23T19-00-13Z,2026,3,2026_03_CAR_CLE,CLE,CAR,2026-09-27T17:00:00Z,betonlineag,player_anytime_td,anytime_td,John Metchie III,,1100,
2026-09-23T19-00-13Z,2026,3,2026_03_CAR_CLE,CLE,CAR,2026-09-27T17:00:00Z,betonlineag,player_anytime_td,anytime_td,Tylan Wallace,,1300,
2026-09-23T19-00-13Z,2026,3,2026_03_CAR_CLE,CLE,CAR,2026-09-27T17:00:00Z,betonlineag,player_anytime_td,anytime_td,KC Concepcion,,300,
2026-09-23T19-00-13Z,2026,3,2026_03_CAR_CLE,CLE,CAR,2026-09-27T17:00:00Z,betonlineag,player_anytime_td,anytime_td,Denzel Boston,,260,
2026-09-23T19-00-13Z,2026,3,2026_03_CAR_CLE,CLE,CAR,2026-09-27T17:00:00Z,betonlineag,player_anytime_td,anytime_td,Carsen Ryan,,2900,
2026-09-23T19-00-13Z,2026,3,2026_03_CAR_CLE,CLE,CAR,2026-09-27T17:00:00Z,betonlineag,player_anytime_td,anytime_td,Darren Waller,,400,
2026-09-23T19-00-13Z,2026,3,2026_03_CAR_CLE,CLE,CAR,2026-09-27T17:00:00Z,betmgm,player_anytime_td,anytime_td,Cleveland Browns D/ST,,500,
2026-09-23T19-00-13Z,2026,3,2026_03_CAR_CLE,CLE,CAR,2026-09-27T17:00:00Z,betmgm,player_anytime_td,anytime_td,Carolina Panthers D/ST,,450,
2026-09-23T19-00-13Z,2026,3,2026_03_CAR_CLE,CLE,CAR,2026-09-27T17:00:00Z,betmgm,player_anytime_td,anytime_td,Blake Whiteheart,,1350,
2026-09-23T19-00-13Z,2026,3,2026_03_CAR_CLE,CLE,CAR,2026-09-27T17:00:00Z,betmgm,player_anytime_td,anytime_td,Raheim Sanders,,500,
2026-09-23T19-00-13Z,2026,3,2026_03_CAR_CLE,CLE,CAR,2026-09-27T17:00:00Z,betmgm,player_anytime_td,anytime_td,Jaleel McLaughlin,,1050,
2026-09-23T19-00-13Z,2026,3,2026_03_CAR_CLE,CLE,CAR,2026-09-27T17:00:00Z,betmgm,player_anytime_td,anytime_td,Darren Waller,,400,
2026-09-23T19-00-13Z,2026,3,2026_03_CAR_CLE,CLE,CAR,2026-09-27T17:00:00Z,betmgm,player_anytime_td,anytime_td,Jalen Coker,,210,
2026-09-23T19-00-13Z,2026,3,2026_03_CAR_CLE,CLE,CAR,2026-09-27T17:00:00Z,betmgm,player_anytime_td,anytime_td,Mitchell Evans,,750,
2026-09-23T19-00-13Z,2026,3,2026_03_CAR_CLE,CLE,CAR,2026-09-27T17:00:00Z,betmgm,player_anytime_td,anytime_td,Tetairoa McMillan,,155,
2026-09-23T19-00-13Z,2026,3,2026_03_CAR_CLE,CLE,CAR,2026-09-27T17:00:00Z,betmgm,player_anytime_td,anytime_td,KC Concepcion,,270,
2026-09-23T19-00-13Z,2026,3,2026_03_CAR_CLE,CLE,CAR,2026-09-27T17:00:00Z,betmgm,player_anytime_td,anytime_td,Tommy Tremble,,625,
2026-09-23T19-00-13Z,2026,3,2026_03_CAR_CLE,CLE,CAR,2026-09-27T17:00:00Z,betmgm,player_anytime_td,anytime_td,Chuba Hubbard,,-140,
2026-09-23T19-00-13Z,2026,3,2026_03_CAR_CLE,CLE,CAR,2026-09-27T17:00:00Z,betmgm,player_anytime_td,anytime_td,Bryce Young,,500,
2026-09-23T19-00-13Z,2026,3,2026_03_CAR_CLE,CLE,CAR,2026-09-27T17:00:00Z,betmgm,player_anytime_td,anytime_td,Jerry Jeudy,,375,
2026-09-23T19-00-13Z,2026,3,2026_03_CAR_CLE,CLE,CAR,2026-09-27T17:00:00Z,betmgm,player_anytime_td,anytime_td,Denzel Boston,,240,
2026-09-23T19-00-13Z,2026,3,2026_03_CAR_CLE,CLE,CAR,2026-09-27T17:00:00Z,betmgm,player_anytime_td,anytime_td,Deshaun Watson,,320,
2026-09-23T19-00-13Z,2026,3,2026_03_CAR_CLE,CLE,CAR,2026-09-27T17:00:00Z,betmgm,player_anytime_td,anytime_td,Tylan Wallace,,2800,
2026-09-23T19-00-13Z,2026,3,2026_03_CAR_CLE,CLE,CAR,2026-09-27T17:00:00Z,betmgm,player_anytime_td,anytime_td,Quinshon Judkins,,105,
2026-09-23T19-00-13Z,2026,3,2026_03_CAR_CLE,CLE,CAR,2026-09-27T17:00:00Z,betmgm,player_anytime_td,anytime_td,John Metchie III,,1600,
2026-09-23T19-00-13Z,2026,3,2026_03_CAR_CLE,CLE,CAR,2026-09-27T17:00:00Z,betmgm,player_anytime_td,anytime_td,Harold Fannin Jr.,,250,
2026-09-23T19-00-13Z,2026,3,2026_03_CAR_CLE,CLE,CAR,2026-09-27T17:00:00Z,betmgm,player_anytime_td,anytime_td,Xavier Legette,,450,
2026-09-23T19-00-13Z,2026,3,2026_03_CAR_CLE,CLE,CAR,2026-09-27T17:00:00Z,betmgm,player_anytime_td,anytime_td,Isaiah Bond,,2200,
2026-09-23T19-00-13Z,2026,3,2026_03_CAR_CLE,CLE,CAR,2026-09-27T17:00:00Z,betmgm,player_anytime_td,anytime_td,Carsen Ryan,,2800,
2026-09-23T19-00-13Z,2026,3,2026_03_CAR_CLE,CLE,CAR,2026-09-27T17:00:00Z,betmgm,player_anytime_td,anytime_td,Michael Burton,,3000,
2026-09-23T19-00-13Z,2026,3,2026_03_CAR_CLE,CLE,CAR,2026-09-27T17:00:00Z,betmgm,player_anytime_td,anytime_td,Malachi Corley,,2800,
2026-09-23T19-00-13Z,2026,3,2026_03_CAR_CLE,CLE,CAR,2026-09-27T17:00:00Z,betmgm,player_anytime_td,anytime_td,Brycen Tremayne,,2500,
2026-09-23T19-00-13Z,2026,3,2026_03_CAR_CLE,CLE,CAR,2026-09-27T17:00:00Z,bovada,player_anytime_td,anytime_td,KC Concepcion,,330,
2026-09-23T19-00-13Z,2026,3,2026_03_CAR_CLE,CLE,CAR,2026-09-27T17:00:00Z,bovada,player_anytime_td,anytime_td,Jerry Jeudy,,440,
2026-09-23T19-00-13Z,2026,3,2026_03_CAR_CLE,CLE,CAR,2026-09-27T17:00:00Z,bovada,player_anytime_td,anytime_td,Harold Fannin Jr.,,260,
2026-09-23T19-00-13Z,2026,3,2026_03_CAR_CLE,CLE,CAR,2026-09-27T17:00:00Z,bovada,player_anytime_td,anytime_td,Deshaun Watson,,320,
2026-09-23T19-00-13Z,2026,3,2026_03_CAR_CLE,CLE,CAR,2026-09-27T17:00:00Z,bovada,player_anytime_td,anytime_td,Michael Burton,,2200,
2026-09-23T19-00-13Z,2026,3,2026_03_CAR_CLE,CLE,CAR,2026-09-27T17:00:00Z,bovada,player_anytime_td,anytime_td,Raheim Sanders,,500,
2026-09-23T19-00-13Z,2026,3,2026_03_CAR_CLE,CLE,CAR,2026-09-27T17:00:00Z,bovada,player_anytime_td,anytime_td,Jaleel McLaughlin,,700,
2026-09-23T19-00-13Z,2026,3,2026_03_CAR_CLE,CLE,CAR,2026-09-27T17:00:00Z,bovada,player_anytime_td,anytime_td,Bryce Young,,400,
2026-09-23T19-00-13Z,2026,3,2026_03_CAR_CLE,CLE,CAR,2026-09-27T17:00:00Z,bovada,player_anytime_td,anytime_td,Jalen Coker,,235,
2026-09-23T19-00-13Z,2026,3,2026_03_CAR_CLE,CLE,CAR,2026-09-27T17:00:00Z,bovada,player_anytime_td,anytime_td,Tommy Tremble,,600,
2026-09-23T19-00-13Z,2026,3,2026_03_CAR_CLE,CLE,CAR,2026-09-27T17:00:00Z,bovada,player_anytime_td,anytime_td,Carolina Panthers D/ST,,500,
2026-09-23T19-00-13Z,2026,3,2026_03_CAR_CLE,CLE,CAR,2026-09-27T17:00:00Z,bovada,player_anytime_td,anytime_td,Cleveland Browns D/ST,,600,
2026-09-23T19-00-13Z,2026,3,2026_03_CAR_CLE,CLE,CAR,2026-09-27T17:00:00Z,bovada,player_anytime_td,anytime_td,Xavier Legette,,625,
2026-09-23T19-00-13Z,2026,3,2026_03_CAR_CLE,CLE,CAR,2026-09-27T17:00:00Z,bovada,player_anytime_td,anytime_td,Mitchell Evans,,825,
2026-09-23T19-00-13Z,2026,3,2026_03_CAR_CLE,CLE,CAR,2026-09-27T17:00:00Z,bovada,player_anytime_td,anytime_td,Darren Waller,,460,
2026-09-23T19-00-13Z,2026,3,2026_03_CAR_CLE,CLE,CAR,2026-09-27T17:00:00Z,bovada,player_anytime_td,anytime_td,Denzel Boston,,310,
2026-09-23T19-00-13Z,2026,3,2026_03_CAR_CLE,CLE,CAR,2026-09-27T17:00:00Z,bovada,player_anytime_td,anytime_td,Tetairoa McMillan,,170,
2026-09-23T19-00-13Z,2026,3,2026_03_CAR_CLE,CLE,CAR,2026-09-27T17:00:00Z,bovada,player_anytime_td,anytime_td,Chuba Hubbard,,-132,
2026-09-23T19-00-13Z,2026,3,2026_03_CAR_CLE,CLE,CAR,2026-09-27T17:00:00Z,bovada,player_anytime_td,anytime_td,Quinshon Judkins,,125,
2026-09-23T19-00-13Z,2026,3,2026_03_CIN_PIT,PIT,CIN,2026-09-27T17:00:00Z,draftkings,player_anytime_td,anytime_td,Chase Brown,,-115,
2026-09-23T19-00-13Z,2026,3,2026_03_CIN_PIT,PIT,CIN,2026-09-27T17:00:00Z,draftkings,player_anytime_td,anytime_td,Jaylen Warren,,105,
2026-09-23T19-00-13Z,2026,3,2026_03_CIN_PIT,PIT,CIN,2026-09-27T17:00:00Z,draftkings,player_anytime_td,anytime_td,Rico Dowdle,,105,
2026-09-23T19-00-13Z,2026,3,2026_03_CIN_PIT,PIT,CIN,2026-09-27T17:00:00Z,draftkings,player_anytime_td,anytime_td,Ja'Marr Chase,,135,
2026-09-23T19-00-13Z,2026,3,2026_03_CIN_PIT,PIT,CIN,2026-09-27T17:00:00Z,draftkings,player_anytime_td,anytime_td,Tee Higgins,,175,
2026-09-23T19-00-13Z,2026,3,2026_03_CIN_PIT,PIT,CIN,2026-09-27T17:00:00Z,draftkings,player_anytime_td,anytime_td,DK Metcalf,,215,
2026-09-23T19-00-13Z,2026,3,2026_03_CIN_PIT,PIT,CIN,2026-09-27T17:00:00Z,draftkings,player_anytime_td,anytime_td,Pat Freiermuth,,350,
2026-09-23T19-00-13Z,2026,3,2026_03_CIN_PIT,PIT,CIN,2026-09-27T17:00:00Z,draftkings,player_anytime_td,anytime_td,Samaje Perine,,350,
2026-09-23T19-00-13Z,2026,3,2026_03_CIN_PIT,PIT,CIN,2026-09-27T17:00:00Z,draftkings,player_anytime_td,anytime_td,Roman Wilson,,400,
2026-09-23T19-00-13Z,2026,3,2026_03_CIN_PIT,PIT,CIN,2026-09-27T17:00:00Z,draftkings,player_anytime_td,anytime_td,Mike Gesicki,,400,
2026-09-23T19-00-13Z,2026,3,2026_03_CIN_PIT,PIT,CIN,2026-09-27T17:00:00Z,draftkings,player_anytime_td,anytime_td,Michael Pittman Jr.,,400,
2026-09-23T19-00-13Z,2026,3,2026_03_CIN_PIT,PIT,CIN,2026-09-27T17:00:00Z,draftkings,player_anytime_td,anytime_td,Cincinnati Bengals D/ST,,475,
2026-09-23T19-00-13Z,2026,3,2026_03_CIN_PIT,PIT,CIN,2026-09-27T17:00:00Z,draftkings,player_anytime_td,anytime_td,Pittsburgh Steelers D/ST,,550,
2026-09-23T19-00-13Z,2026,3,2026_03_CIN_PIT,PIT,CIN,2026-09-27T17:00:00Z,draftkings,player_anytime_td,anytime_td,Darnell Washington,,650,
2026-09-23T19-00-13Z,2026,3,2026_03_CIN_PIT,PIT,CIN,2026-09-27T17:00:00Z,draftkings,player_anytime_td,anytime_td,Joe Burrow,,650,
2026-09-23T19-00-13Z,2026,3,2026_03_CIN_PIT,PIT,CIN,2026-09-27T17:00:00Z,draftkings,player_anytime_td,anytime_td,Aaron Rodgers,,1600,
2026-09-23T19-00-13Z,2026,3,2026_03_CIN_PIT,PIT,CIN,2026-09-27T17:00:00Z,draftkings,player_pass_yds,pass_yards,Joe Burrow,252.5,-112,-112.0
2026-09-23T19-00-13Z,2026,3,2026_03_CIN_PIT,PIT,CIN,2026-09-27T17:00:00Z,draftkings,player_pass_yds,pass_yards,Aaron Rodgers,218.5,-112,-112.0
2026-09-23T19-00-13Z,2026,3,2026_03_CIN_PIT,PIT,CIN,2026-09-27T17:00:00Z,draftkings,player_reception_yds,rec_yards,Ja'Marr Chase,77.5,-110,-114.0
2026-09-23T19-00-13Z,2026,3,2026_03_CIN_PIT,PIT,CIN,2026-09-27T17:00:00Z,draftkings,player_reception_yds,rec_yards,Tee Higgins,54.5,-110,-114.0
2026-09-23T19-00-13Z,2026,3,2026_03_CIN_PIT,PIT,CIN,2026-09-27T17:00:00Z,draftkings,player_reception_yds,rec_yards,DK Metcalf,52.5,-113,-111.0
2026-09-23T19-00-13Z,2026,3,2026_03_CIN_PIT,PIT,CIN,2026-09-27T17:00:00Z,draftkings,player_reception_yds,rec_yards,Pat Freiermuth,33.5,-113,-111.0
2026-09-23T19-00-13Z,2026,3,2026_03_CIN_PIT,PIT,CIN,2026-09-27T17:00:00Z,draftkings,player_reception_yds,rec_yards,Chase Brown,22.5,-112,-112.0
2026-09-23T19-00-13Z,2026,3,2026_03_CIN_PIT,PIT,CIN,2026-09-27T17:00:00Z,draftkings,player_receptions,rec_catches,Ja'Marr Chase,6.5,-144,113.0
2026-09-23T19-00-13Z,2026,3,2026_03_CIN_PIT,PIT,CIN,2026-09-27T17:00:00Z,draftkings,player_receptions,rec_catches,Tee Higgins,4.5,-111,-115.0
2026-09-23T19-00-13Z,2026,3,2026_03_CIN_PIT,PIT,CIN,2026-09-27T17:00:00Z,draftkings,player_receptions,rec_catches,DK Metcalf,4.5,103,-132.0
2026-09-23T19-00-13Z,2026,3,2026_03_CIN_PIT,PIT,CIN,2026-09-27T17:00:00Z,draftkings,player_receptions,rec_catches,Pat Freiermuth,3.5,-144,113.0
2026-09-23T19-00-13Z,2026,3,2026_03_CIN_PIT,PIT,CIN,2026-09-27T17:00:00Z,draftkings,player_receptions,rec_catches,Chase Brown,3.5,108,-138.0
2026-09-23T19-00-13Z,2026,3,2026_03_CIN_PIT,PIT,CIN,2026-09-27T17:00:00Z,draftkings,player_rush_yds,rush_yards,Chase Brown,62.5,-114,-110.0
2026-09-23T19-00-13Z,2026,3,2026_03_CIN_PIT,PIT,CIN,2026-09-27T17:00:00Z,fanduel,player_anytime_td,anytime_td,Chase Brown,,-110,
2026-09-23T19-00-13Z,2026,3,2026_03_CIN_PIT,PIT,CIN,2026-09-27T17:00:00Z,fanduel,player_anytime_td,anytime_td,Jaylen Warren,,100,
2026-09-23T19-00-13Z,2026,3,2026_03_CIN_PIT,PIT,CIN,2026-09-27T17:00:00Z,fanduel,player_anytime_td,anytime_td,Rico Dowdle,,100,
2026-09-23T19-00-13Z,2026,3,2026_03_CIN_PIT,PIT,CIN,2026-09-27T17:00:00Z,fanduel,player_anytime_td,anytime_td,Ja'Marr Chase,,135,
2026-09-23T19-00-13Z,2026,3,2026_03_CIN_PIT,PIT,CIN,2026-09-27T17:00:00Z,fanduel,player_anytime_td,anytime_td,Tee Higgins,,185,
2026-09-23T19-00-13Z,2026,3,2026_03_CIN_PIT,PIT,CIN,2026-09-27T17:00:00Z,fanduel,player_anytime_td,anytime_td,DK Metcalf,,190,
2026-09-23T19-00-13Z,2026,3,2026_03_CIN_PIT,PIT,CIN,2026-09-27T17:00:00Z,fanduel,player_anytime_td,anytime_td,Michael Pittman Jr.,,350,
2026-09-23T19-00-13Z,2026,3,2026_03_CIN_PIT,PIT,CIN,2026-09-27T17:00:00Z,fanduel,player_anytime_td,anytime_td,Roman Wilson,,350,
2026-09-23T19-00-13Z,2026,3,2026_03_CIN_PIT,PIT,CIN,2026-09-27T17:00:00Z,fanduel,player_anytime_td,anytime_td,Pat Freiermuth,,370,
2026-09-23T19-00-13Z,2026,3,2026_03_CIN_PIT,PIT,CIN,2026-09-27T17:00:00Z,fanduel,player_anytime_td,anytime_td,Samaje Perine,,390,
2026-09-23T19-00-13Z,2026,3,2026_03_CIN_PIT,PIT,CIN,2026-09-27T17:00:00Z,fanduel,player_anytime_td,anytime_td,Mike Gesicki,,430,
2026-09-23T19-00-13Z,2026,3,2026_03_CIN_PIT,PIT,CIN,2026-09-27T17:00:00Z,fanduel,player_anytime_td,anytime_td,Darnell Washington,,550,
2026-09-23T19-00-13Z,2026,3,2026_03_CIN_PIT,PIT,CIN,2026-09-27T17:00:00Z,fanduel,player_anytime_td,anytime_td,Joe Burrow,,650,
2026-09-23T19-00-13Z,2026,3,2026_03_CIN_PIT,PIT,CIN,2026-09-27T17:00:00Z,fanduel,player_anytime_td,anytime_td,Cincinnati Bengals Defense,,700,
2026-09-23T19-00-13Z,2026,3,2026_03_CIN_PIT,PIT,CIN,2026-09-27T17:00:00Z,fanduel,player_anytime_td,anytime_td,Pittsburgh Steelers Defense,,750,
2026-09-23T19-00-13Z,2026,3,2026_03_CIN_PIT,PIT,CIN,2026-09-27T17:00:00Z,fanduel,player_anytime_td,anytime_td,Aaron Rodgers,,1600,
2026-09-23T19-00-13Z,2026,3,2026_03_CIN_PIT,PIT,CIN,2026-09-27T17:00:00Z,fanduel,player_pass_yds,pass_yards,Aaron Rodgers,220.5,-114,-114.0
2026-09-23T19-00-13Z,2026,3,2026_03_CIN_PIT,PIT,CIN,2026-09-27T17:00:00Z,fanduel,player_pass_yds,pass_yards,Joe Burrow,253.5,-114,-114.0
2026-09-23T19-00-13Z,2026,3,2026_03_CIN_PIT,PIT,CIN,2026-09-27T17:00:00Z,fanduel,player_reception_yds,rec_yards,DK Metcalf,52.5,-114,-114.0
2026-09-23T19-00-13Z,2026,3,2026_03_CIN_PIT,PIT,CIN,2026-09-27T17:00:00Z,fanduel,player_reception_yds,rec_yards,Pat Freiermuth,34.5,-114,-114.0
2026-09-23T19-00-13Z,2026,3,2026_03_CIN_PIT,PIT,CIN,2026-09-27T17:00:00Z,fanduel,player_reception_yds,rec_yards,Tee Higgins,53.5,-114,-114.0
2026-09-23T19-00-13Z,2026,3,2026_03_CIN_PIT,PIT,CIN,2026-09-27T17:00:00Z,fanduel,player_reception_yds,rec_yards,Chase Brown,21.5,-114,-114.0
2026-09-23T19-00-13Z,2026,3,2026_03_CIN_PIT,PIT,CIN,2026-09-27T17:00:00Z,fanduel,player_reception_yds,rec_yards,Ja'Marr Chase,76.5,-114,-114.0
2026-09-23T19-00-13Z,2026,3,2026_03_CIN_PIT,PIT,CIN,2026-09-27T17:00:00Z,fanduel,player_receptions,rec_catches,Pat Freiermuth,3.5,-148,112.0
2026-09-23T19-00-13Z,2026,3,2026_03_CIN_PIT,PIT,CIN,2026-09-27T17:00:00Z,fanduel,player_receptions,rec_catches,DK Metcalf,4.5,-102,-130.0
2026-09-23T19-00-13Z,2026,3,2026_03_CIN_PIT,PIT,CIN,2026-09-27T17:00:00Z,fanduel,player_receptions,rec_catches,Tee Higgins,4.5,106,-140.0
2026-09-23T19-00-13Z,2026,3,2026_03_CIN_PIT,PIT,CIN,2026-09-27T17:00:00Z,fanduel,player_receptions,rec_catches,Chase Brown,3.5,106,-140.0
2026-09-23T19-00-13Z,2026,3,2026_03_CIN_PIT,PIT,CIN,2026-09-27T17:00:00Z,fanduel,player_receptions,rec_catches,Ja'Marr Chase,6.5,-138,104.0
2026-09-23T19-00-13Z,2026,3,2026_03_CIN_PIT,PIT,CIN,2026-09-27T17:00:00Z,fanduel,player_rush_yds,rush_yards,Chase Brown,63.5,-114,-114.0
2026-09-23T19-00-13Z,2026,3,2026_03_CIN_PIT,PIT,CIN,2026-09-27T17:00:00Z,betrivers,player_anytime_td,anytime_td,Germie Bernard,,650,
2026-09-23T19-00-13Z,2026,3,2026_03_CIN_PIT,PIT,CIN,2026-09-27T17:00:00Z,betrivers,player_anytime_td,anytime_td,Tee Higgins,,138,
2026-09-23T19-00-13Z,2026,3,2026_03_CIN_PIT,PIT,CIN,2026-09-27T17:00:00Z,betrivers,player_anytime_td,anytime_td,Ben Skowronek,,2400,
2026-09-23T19-00-13Z,2026,3,2026_03_CIN_PIT,PIT,CIN,2026-09-27T17:00:00Z,betrivers,player_anytime_td,anytime_td,DK Metcalf,,200,
2026-09-23T19-00-13Z,2026,3,2026_03_CIN_PIT,PIT,CIN,2026-09-27T17:00:00Z,betrivers,player_anytime_td,anytime_td,Riley Nowakowski,,3500,
2026-09-23T19-00-13Z,2026,3,2026_03_CIN_PIT,PIT,CIN,2026-09-27T17:00:00Z,betrivers,player_anytime_td,anytime_td,Tahj Brooks,,1100,
2026-09-23T19-00-13Z,2026,3,2026_03_CIN_PIT,PIT,CIN,2026-09-27T17:00:00Z,betrivers,player_anytime_td,anytime_td,Michael Pittman Jr.,,390,
2026-09-23T19-00-13Z,2026,3,2026_03_CIN_PIT,PIT,CIN,2026-09-27T17:00:00Z,betrivers,player_anytime_td,anytime_td,Drew Sample,,650,
2026-09-23T19-00-13Z,2026,3,2026_03_CIN_PIT,PIT,CIN,2026-09-27T17:00:00Z,betrivers,player_anytime_td,anytime_td,Eli Heidenreich,,1050,
2026-09-23T19-00-13Z,2026,3,2026_03_CIN_PIT,PIT,CIN,2026-09-27T17:00:00Z,betrivers,player_anytime_td,anytime_td,Mike Gesicki,,310,
2026-09-23T19-00-13Z,2026,3,2026_03_CIN_PIT,PIT,CIN,2026-09-27T17:00:00Z,betrivers,player_anytime_td,anytime_td,Ja'Marr Chase,,102,
2026-09-23T19-00-13Z,2026,3,2026_03_CIN_PIT,PIT,CIN,2026-09-27T17:00:00Z,betrivers,player_anytime_td,anytime_td,Jaylen Warren,,100,
2026-09-23T19-00-13Z,2026,3,2026_03_CIN_PIT,PIT,CIN,2026-09-27T17:00:00Z,betrivers,player_anytime_td,anytime_td,Darnell Washington,,700,
2026-09-23T19-00-13Z,2026,3,2026_03_CIN_PIT,PIT,CIN,2026-09-27T17:00:00Z,betrivers,player_anytime_td,anytime_td,Colbie Young,,850,
2026-09-23T19-00-13Z,2026,3,2026_03_CIN_PIT,PIT,CIN,2026-09-27T17:00:00Z,betrivers,player_anytime_td,anytime_td,Erick All,,800,
2026-09-23T19-00-13Z,2026,3,2026_03_CIN_PIT,PIT,CIN,2026-09-27T17:00:00Z,betrivers,player_anytime_td,anytime_td,Kaden Wetjen,,3000,
2026-09-23T19-00-13Z,2026,3,2026_03_CIN_PIT,PIT,CIN,2026-09-27T17:00:00Z,betrivers,player_anytime_td,anytime_td,Robert Tonyan,,2400,
2026-09-23T19-00-13Z,2026,3,2026_03_CIN_PIT,PIT,CIN,2026-09-27T17:00:00Z,betrivers,player_anytime_td,anytime_td,Aaron Rodgers,,1900,
2026-09-23T19-00-13Z,2026,3,2026_03_CIN_PIT,PIT,CIN,2026-09-27T17:00:00Z,betrivers,player_anytime_td,anytime_td,Ke'Shawn Williams,,750,
2026-09-23T19-00-13Z,2026,3,2026_03_CIN_PIT,PIT,CIN,2026-09-27T17:00:00Z,betrivers,player_anytime_td,anytime_td,Dohnte Meyers,,750,
2026-09-23T19-00-13Z,2026,3,2026_03_CIN_PIT,PIT,CIN,2026-09-27T17:00:00Z,betrivers,player_anytime_td,anytime_td,Roman Wilson,,390,
2026-09-23T19-00-13Z,2026,3,2026_03_CIN_PIT,PIT,CIN,2026-09-27T17:00:00Z,betrivers,player_anytime_td,anytime_td,Chase Brown,,-143,
2026-09-23T19-00-13Z,2026,3,2026_03_CIN_PIT,PIT,CIN,2026-09-27T17:00:00Z,betrivers,player_anytime_td,anytime_td,Samaje Perine,,290,
2026-09-23T19-00-13Z,2026,3,2026_03_CIN_PIT,PIT,CIN,2026-09-27T17:00:00Z,betrivers,player_anytime_td,anytime_td,Joe Burrow,,575,
2026-09-23T19-00-13Z,2026,3,2026_03_CIN_PIT,PIT,CIN,2026-09-27T17:00:00Z,betrivers,player_anytime_td,anytime_td,Pat Freiermuth,,370,
2026-09-23T19-00-13Z,2026,3,2026_03_CIN_PIT,PIT,CIN,2026-09-27T17:00:00Z,betrivers,player_anytime_td,anytime_td,Rico Dowdle,,123,
2026-09-23T19-00-13Z,2026,3,2026_03_CIN_PIT,PIT,CIN,2026-09-27T17:00:00Z,betrivers,player_anytime_td,anytime_td,Jack Endries,,1500,
2026-09-23T19-00-13Z,2026,3,2026_03_CIN_PIT,PIT,CIN,2026-09-27T17:00:00Z,betrivers,player_pass_yds,pass_yards,Joe Burrow,252.5,-114,-115.0
2026-09-23T19-00-13Z,2026,3,2026_03_CIN_PIT,PIT,CIN,2026-09-27T17:00:00Z,betrivers,player_pass_yds,pass_yards,Aaron Rodgers,215.5,-117,-114.0
2026-09-23T19-00-13Z,2026,3,2026_03_CIN_PIT,PIT,CIN,2026-09-27T17:00:00Z,betrivers,player_reception_yds,rec_yards,DK Metcalf,51.5,-117,-114.0
2026-09-23T19-00-13Z,2026,3,2026_03_CIN_PIT,PIT,CIN,2026-09-27T17:00:00Z,betrivers,player_reception_yds,rec_yards,Pat Freiermuth,34.5,-114,-117.0
2026-09-23T19-00-13Z,2026,3,2026_03_CIN_PIT,PIT,CIN,2026-09-27T17:00:00Z,betrivers,player_reception_yds,rec_yards,Ja'Marr Chase,77.5,-113,-118.0
2026-09-23T19-00-13Z,2026,3,2026_03_CIN_PIT,PIT,CIN,2026-09-27T17:00:00Z,betrivers,player_reception_yds,rec_yards,Chase Brown,22.5,-118,-113.0
2026-09-23T19-00-13Z,2026,3,2026_03_CIN_PIT,PIT,CIN,2026-09-27T17:00:00Z,betrivers,player_reception_yds,rec_yards,Tee Higgins,54.5,-114,-117.0
2026-09-23T19-00-13Z,2026,3,2026_03_CIN_PIT,PIT,CIN,2026-09-27T17:00:00Z,betrivers,player_receptions,rec_catches,Pat Freiermuth,3.5,-148,
2026-09-23T19-00-13Z,2026,3,2026_03_CIN_PIT,PIT,CIN,2026-09-27T17:00:00Z,betrivers,player_receptions,rec_catches,DK Metcalf,4.5,104,
2026-09-23T19-00-13Z,2026,3,2026_03_CIN_PIT,PIT,CIN,2026-09-27T17:00:00Z,betrivers,player_receptions,rec_catches,Tee Higgins,4.5,104,
2026-09-23T19-00-13Z,2026,3,2026_03_CIN_PIT,PIT,CIN,2026-09-27T17:00:00Z,betrivers,player_receptions,rec_catches,Chase Brown,3.5,120,
2026-09-23T19-00-13Z,2026,3,2026_03_CIN_PIT,PIT,CIN,2026-09-27T17:00:00Z,betrivers,player_receptions,rec_catches,Ja'Marr Chase,6.5,-136,
2026-09-23T19-00-13Z,2026,3,2026_03_CIN_PIT,PIT,CIN,2026-09-27T17:00:00Z,betrivers,player_rush_yds,rush_yards,Chase Brown,62.5,-118,-113.0
2026-09-23T19-00-13Z,2026,3,2026_03_CIN_PIT,PIT,CIN,2026-09-27T17:00:00Z,betonlineag,player_anytime_td,anytime_td,Samaje Perine,,325,
2026-09-23T19-00-13Z,2026,3,2026_03_CIN_PIT,PIT,CIN,2026-09-27T17:00:00Z,betonlineag,player_anytime_td,anytime_td,Joe Burrow,,650,
2026-09-23T19-00-13Z,2026,3,2026_03_CIN_PIT,PIT,CIN,2026-09-27T17:00:00Z,betonlineag,player_anytime_td,anytime_td,Drew Sample,,600,
2026-09-23T19-00-13Z,2026,3,2026_03_CIN_PIT,PIT,CIN,2026-09-27T17:00:00Z,betonlineag,player_anytime_td,anytime_td,Tee Higgins,,150,
2026-09-23T19-00-13Z,2026,3,2026_03_CIN_PIT,PIT,CIN,2026-09-27T17:00:00Z,betonlineag,player_anytime_td,anytime_td,Ja'Marr Chase,,100,
2026-09-23T19-00-13Z,2026,3,2026_03_CIN_PIT,PIT,CIN,2026-09-27T17:00:00Z,betonlineag,player_anytime_td,anytime_td,Pat Freiermuth,,350,
2026-09-23T19-00-13Z,2026,3,2026_03_CIN_PIT,PIT,CIN,2026-09-27T17:00:00Z,betonlineag,player_anytime_td,anytime_td,Chase Brown,,-167,
2026-09-23T19-00-13Z,2026,3,2026_03_CIN_PIT,PIT,CIN,2026-09-27T17:00:00Z,betonlineag,player_anytime_td,anytime_td,Andrei Iosivas,,400,
2026-09-23T19-00-13Z,2026,3,2026_03_CIN_PIT,PIT,CIN,2026-09-27T17:00:00Z,betonlineag,player_anytime_td,anytime_td,Darnell Washington,,550,
2026-09-23T19-00-13Z,2026,3,2026_03_CIN_PIT,PIT,CIN,2026-09-27T17:00:00Z,betonlineag,player_anytime_td,anytime_td,DK Metcalf,,190,
2026-09-23T19-00-13Z,2026,3,2026_03_CIN_PIT,PIT,CIN,2026-09-27T17:00:00Z,betonlineag,player_anytime_td,anytime_td,Ben Skowronek,,2400,
2026-09-23T19-00-13Z,2026,3,2026_03_CIN_PIT,PIT,CIN,2026-09-27T17:00:00Z,betonlineag,player_anytime_td,anytime_td,Roman Wilson,,350,
2026-09-23T19-00-13Z,2026,3,2026_03_CIN_PIT,PIT,CIN,2026-09-27T17:00:00Z,betonlineag,player_anytime_td,anytime_td,Erick All,,750,
2026-09-23T19-00-13Z,2026,3,2026_03_CIN_PIT,PIT,CIN,2026-09-27T17:00:00Z,betonlineag,player_anytime_td,anytime_td,Jaylen Warren,,-111,
2026-09-23T19-00-13Z,2026,3,2026_03_CIN_PIT,PIT,CIN,2026-09-27T17:00:00Z,betonlineag,player_anytime_td,anytime_td,Mike Gesicki,,325,
2026-09-23T19-00-13Z,2026,3,2026_03_CIN_PIT,PIT,CIN,2026-09-27T17:00:00Z,betonlineag,player_anytime_td,anytime_td,Aaron Rodgers,,1400,
2026-09-23T19-00-13Z,2026,3,2026_03_CIN_PIT,PIT,CIN,2026-09-27T17:00:00Z,betonlineag,player_anytime_td,anytime_td,Tahj Brooks,,1400,
2026-09-23T19-00-13Z,2026,3,2026_03_CIN_PIT,PIT,CIN,2026-09-27T17:00:00Z,betonlineag,player_anytime_td,anytime_td,Eli Heidenreich,,1100,
2026-09-23T19-00-13Z,2026,3,2026_03_CIN_PIT,PIT,CIN,2026-09-27T17:00:00Z,betonlineag,player_anytime_td,anytime_td,Dohnte Meyers,,700,
2026-09-23T19-00-13Z,2026,3,2026_03_CIN_PIT,PIT,CIN,2026-09-27T17:00:00Z,betonlineag,player_anytime_td,anytime_td,Colbie Young,,1100,
2026-09-23T19-00-13Z,2026,3,2026_03_CIN_PIT,PIT,CIN,2026-09-27T17:00:00Z,betonlineag,player_anytime_td,anytime_td,Rico Dowdle,,100,
2026-09-23T19-00-13Z,2026,3,2026_03_CIN_PIT,PIT,CIN,2026-09-27T17:00:00Z,betonlineag,player_anytime_td,anytime_td,Kaden Wetjen,,1900,
2026-09-23T19-00-13Z,2026,3,2026_03_CIN_PIT,PIT,CIN,2026-09-27T17:00:00Z,betonlineag,player_anytime_td,anytime_td,Michael Pittman Jr.,,350,
2026-09-23T19-00-13Z,2026,3,2026_03_CIN_PIT,PIT,CIN,2026-09-27T17:00:00Z,betonlineag,player_anytime_td,anytime_td,Germie Bernard,,900,
2026-09-23T19-00-13Z,2026,3,2026_03_CIN_PIT,PIT,CIN,2026-09-27T17:00:00Z,betonlineag,player_anytime_td,anytime_td,Robert Tonyan,,3400,
2026-09-23T19-00-13Z,2026,3,2026_03_CIN_PIT,PIT,CIN,2026-09-27T17:00:00Z,betonlineag,player_anytime_td,anytime_td,Riley Nowakowski,,2900,
2026-09-23T19-00-13Z,2026,3,2026_03_CIN_PIT,PIT,CIN,2026-09-27T17:00:00Z,betonlineag,player_pass_yds,pass_yards,Joe Burrow,252.5,-114,-114.0
2026-09-23T19-00-13Z,2026,3,2026_03_CIN_PIT,PIT,CIN,2026-09-27T17:00:00Z,betonlineag,player_pass_yds,pass_yards,Aaron Rodgers,218.5,-114,-114.0
2026-09-23T19-00-13Z,2026,3,2026_03_CIN_PIT,PIT,CIN,2026-09-27T17:00:00Z,betonlineag,player_reception_yds,rec_yards,Chase Brown,21.5,-114,-114.0
2026-09-23T19-00-13Z,2026,3,2026_03_CIN_PIT,PIT,CIN,2026-09-27T17:00:00Z,betonlineag,player_reception_yds,rec_yards,Tee Higgins,53.5,-115,-112.0
2026-09-23T19-00-13Z,2026,3,2026_03_CIN_PIT,PIT,CIN,2026-09-27T17:00:00Z,betonlineag,player_reception_yds,rec_yards,DK Metcalf,52.5,-114,-114.0
2026-09-23T19-00-13Z,2026,3,2026_03_CIN_PIT,PIT,CIN,2026-09-27T17:00:00Z,betonlineag,player_reception_yds,rec_yards,Ja'Marr Chase,76.5,-115,-112.0
2026-09-23T19-00-13Z,2026,3,2026_03_CIN_PIT,PIT,CIN,2026-09-27T17:00:00Z,betonlineag,player_reception_yds,rec_yards,Pat Freiermuth,33.5,-115,-112.0
2026-09-23T19-00-13Z,2026,3,2026_03_CIN_PIT,PIT,CIN,2026-09-27T17:00:00Z,betonlineag,player_receptions,rec_catches,Pat Freiermuth,3.5,-145,111.0
2026-09-23T19-00-13Z,2026,3,2026_03_CIN_PIT,PIT,CIN,2026-09-27T17:00:00Z,betonlineag,player_receptions,rec_catches,DK Metcalf,4.5,104,-135.0
2026-09-23T19-00-13Z,2026,3,2026_03_CIN_PIT,PIT,CIN,2026-09-27T17:00:00Z,betonlineag,player_receptions,rec_catches,Chase Brown,3.5,110,-143.0
2026-09-23T19-00-13Z,2026,3,2026_03_CIN_PIT,PIT,CIN,2026-09-27T17:00:00Z,betonlineag,player_receptions,rec_catches,Tee Higgins,4.5,103,-133.0
2026-09-23T19-00-13Z,2026,3,2026_03_CIN_PIT,PIT,CIN,2026-09-27T17:00:00Z,betonlineag,player_receptions,rec_catches,Ja'Marr Chase,6.5,-135,105.0
2026-09-23T19-00-13Z,2026,3,2026_03_CIN_PIT,PIT,CIN,2026-09-27T17:00:00Z,betonlineag,player_rush_yds,rush_yards,Chase Brown,62.5,-115,-112.0
2026-09-23T19-00-13Z,2026,3,2026_03_CIN_PIT,PIT,CIN,2026-09-27T17:00:00Z,betmgm,player_anytime_td,anytime_td,Ja'Marr Chase,,130,
2026-09-23T19-00-13Z,2026,3,2026_03_CIN_PIT,PIT,CIN,2026-09-27T17:00:00Z,betmgm,player_anytime_td,anytime_td,Joe Burrow,,600,
2026-09-23T19-00-13Z,2026,3,2026_03_CIN_PIT,PIT,CIN,2026-09-27T17:00:00Z,betmgm,player_anytime_td,anytime_td,Tee Higgins,,160,
2026-09-23T19-00-13Z,2026,3,2026_03_CIN_PIT,PIT,CIN,2026-09-27T17:00:00Z,betmgm,player_anytime_td,anytime_td,Riley Nowakowski,,3300,
2026-09-23T19-00-13Z,2026,3,2026_03_CIN_PIT,PIT,CIN,2026-09-27T17:00:00Z,betmgm,player_anytime_td,anytime_td,Pittsburgh Steelers D/ST,,575,
2026-09-23T19-00-13Z,2026,3,2026_03_CIN_PIT,PIT,CIN,2026-09-27T17:00:00Z,betmgm,player_anytime_td,anytime_td,DK Metcalf,,185,
2026-09-23T19-00-13Z,2026,3,2026_03_CIN_PIT,PIT,CIN,2026-09-27T17:00:00Z,betmgm,player_anytime_td,anytime_td,Cincinnati Bengals D/ST,,575,
2026-09-23T19-00-13Z,2026,3,2026_03_CIN_PIT,PIT,CIN,2026-09-27T17:00:00Z,betmgm,player_anytime_td,anytime_td,Chase Brown,,-125,
2026-09-23T19-00-13Z,2026,3,2026_03_CIN_PIT,PIT,CIN,2026-09-27T17:00:00Z,betmgm,player_anytime_td,anytime_td,Darnell Washington,,575,
2026-09-23T19-00-13Z,2026,3,2026_03_CIN_PIT,PIT,CIN,2026-09-27T17:00:00Z,betmgm,player_anytime_td,anytime_td,Drew Sample,,950,
2026-09-23T19-00-13Z,2026,3,2026_03_CIN_PIT,PIT,CIN,2026-09-27T17:00:00Z,betmgm,player_anytime_td,anytime_td,Mike Gesicki,,400,
2026-09-23T19-00-13Z,2026,3,2026_03_CIN_PIT,PIT,CIN,2026-09-27T17:00:00Z,betmgm,player_anytime_td,anytime_td,Aaron Rodgers,,950,
2026-09-23T19-00-13Z,2026,3,2026_03_CIN_PIT,PIT,CIN,2026-09-27T17:00:00Z,betmgm,player_anytime_td,anytime_td,Robert Tonyan,,1800,
2026-09-23T19-00-13Z,2026,3,2026_03_CIN_PIT,PIT,CIN,2026-09-27T17:00:00Z,betmgm,player_anytime_td,anytime_td,Erick All,,1000,
2026-09-23T19-00-13Z,2026,3,2026_03_CIN_PIT,PIT,CIN,2026-09-27T17:00:00Z,betmgm,player_anytime_td,anytime_td,Kaden Wetjen,,2500,
2026-09-23T19-00-13Z,2026,3,2026_03_CIN_PIT,PIT,CIN,2026-09-27T17:00:00Z,betmgm,player_anytime_td,anytime_td,Ben Skowronek,,2800,
2026-09-23T19-00-13Z,2026,3,2026_03_CIN_PIT,PIT,CIN,2026-09-27T17:00:00Z,betmgm,player_anytime_td,anytime_td,Germie Bernard,,500,
2026-09-23T19-00-13Z,2026,3,2026_03_CIN_PIT,PIT,CIN,2026-09-27T17:00:00Z,betmgm,player_anytime_td,anytime_td,Colbie Young,,900,
2026-09-23T19-00-13Z,2026,3,2026_03_CIN_PIT,PIT,CIN,2026-09-27T17:00:00Z,betmgm,player_anytime_td,anytime_td,Tahj Brooks,,1900,
2026-09-23T19-00-13Z,2026,3,2026_03_CIN_PIT,PIT,CIN,2026-09-27T17:00:00Z,betmgm,player_anytime_td,anytime_td,Samaje Perine,,340,
2026-09-23T19-00-13Z,2026,3,2026_03_CIN_PIT,PIT,CIN,2026-09-27T17:00:00Z,betmgm,player_anytime_td,anytime_td,Jaylen Warren,,105,
2026-09-23T19-00-13Z,2026,3,2026_03_CIN_PIT,PIT,CIN,2026-09-27T17:00:00Z,betmgm,player_anytime_td,anytime_td,Pat Freiermuth,,380,
2026-09-23T19-00-13Z,2026,3,2026_03_CIN_PIT,PIT,CIN,2026-09-27T17:00:00Z,betmgm,player_anytime_td,anytime_td,Roman Wilson,,475,
2026-09-23T19-00-13Z,2026,3,2026_03_CIN_PIT,PIT,CIN,2026-09-27T17:00:00Z,betmgm,player_anytime_td,anytime_td,Dohnte Meyers,,775,
2026-09-23T19-00-13Z,2026,3,2026_03_CIN_PIT,PIT,CIN,2026-09-27T17:00:00Z,bovada,player_anytime_td,anytime_td,Cincinnati Bengals D/ST,,460,
2026-09-23T19-00-13Z,2026,3,2026_03_CIN_PIT,PIT,CIN,2026-09-27T17:00:00Z,bovada,player_anytime_td,anytime_td,Pittsburgh Steelers D/ST,,525,
2026-09-23T19-00-13Z,2026,3,2026_03_CIN_PIT,PIT,CIN,2026-09-27T17:00:00Z,bovada,player_anytime_td,anytime_td,Ja'Marr Chase,,135,
2026-09-23T19-00-13Z,2026,3,2026_03_CIN_PIT,PIT,CIN,2026-09-27T17:00:00Z,bovada,player_anytime_td,anytime_td,Tee Higgins,,175,
2026-09-23T19-00-13Z,2026,3,2026_03_CIN_PIT,PIT,CIN,2026-09-27T17:00:00Z,bovada,player_anytime_td,anytime_td,Chase Brown,,-117,
2026-09-23T19-00-13Z,2026,3,2026_03_CIN_PIT,PIT,CIN,2026-09-27T17:00:00Z,bovada,player_anytime_td,anytime_td,DK Metcalf,,215,
2026-09-23T19-00-13Z,2026,3,2026_03_CIN_PIT,PIT,CIN,2026-09-27T17:00:00Z,bovada,player_anytime_td,anytime_td,Roman Wilson,,400,
2026-09-23T19-00-13Z,2026,3,2026_03_CIN_PIT,PIT,CIN,2026-09-27T17:00:00Z,bovada,player_anytime_td,anytime_td,Aaron Rodgers,,1600,
2026-09-23T19-00-13Z,2026,3,2026_03_CIN_PIT,PIT,CIN,2026-09-27T17:00:00Z,bovada,player_anytime_td,anytime_td,Pat Freiermuth,,350,
2026-09-23T19-00-13Z,2026,3,2026_03_CIN_PIT,PIT,CIN,2026-09-27T17:00:00Z,bovada,player_anytime_td,anytime_td,Darnell Washington,,625,
2026-09-23T19-00-13Z,2026,3,2026_03_CIN_PIT,PIT,CIN,2026-09-27T17:00:00Z,bovada,player_anytime_td,anytime_td,Rico Dowdle,,105,
2026-09-23T19-00-13Z,2026,3,2026_03_CIN_PIT,PIT,CIN,2026-09-27T17:00:00Z,bovada,player_anytime_td,anytime_td,Michael Pittman Jr.,,400,
2026-09-23T19-00-13Z,2026,3,2026_03_CIN_PIT,PIT,CIN,2026-09-27T17:00:00Z,bovada,player_anytime_td,anytime_td,Jaylen Warren,,105,
2026-09-23T19-00-13Z,2026,3,2026_03_CIN_PIT,PIT,CIN,2026-09-27T17:00:00Z,bovada,player_anytime_td,anytime_td,Mike Gesicki,,400,
2026-09-23T19-00-13Z,2026,3,2026_03_CIN_PIT,PIT,CIN,2026-09-27T17:00:00Z,bovada,player_anytime_td,anytime_td,Samaje Perine,,350,
2026-09-23T19-00-13Z,2026,3,2026_03_CIN_PIT,PIT,CIN,2026-09-27T17:00:00Z,bovada,player_anytime_td,anytime_td,Joe Burrow,,625,
2026-09-23T19-00-13Z,2026,3,2026_03_CIN_PIT,PIT,CIN,2026-09-27T17:00:00Z,bovada,player_pass_yds,pass_yards,Aaron Rodgers,218.5,-115,-115.0
2026-09-23T19-00-13Z,2026,3,2026_03_CIN_PIT,PIT,CIN,2026-09-27T17:00:00Z,bovada,player_pass_yds,pass_yards,Joe Burrow,252.5,-115,-115.0
2026-09-23T19-00-13Z,2026,3,2026_03_CIN_PIT,PIT,CIN,2026-09-27T17:00:00Z,bovada,player_reception_yds,rec_yards,Chase Brown,22.5,-115,-115.0
2026-09-23T19-00-13Z,2026,3,2026_03_CIN_PIT,PIT,CIN,2026-09-27T17:00:00Z,bovada,player_reception_yds,rec_yards,DK Metcalf,52.5,-115,-115.0
2026-09-23T19-00-13Z,2026,3,2026_03_CIN_PIT,PIT,CIN,2026-09-27T17:00:00Z,bovada,player_reception_yds,rec_yards,Ja'Marr Chase,77.5,-115,-115.0
2026-09-23T19-00-13Z,2026,3,2026_03_CIN_PIT,PIT,CIN,2026-09-27T17:00:00Z,bovada,player_reception_yds,rec_yards,Pat Freiermuth,33.5,-115,-115.0
2026-09-23T19-00-13Z,2026,3,2026_03_CIN_PIT,PIT,CIN,2026-09-27T17:00:00Z,bovada,player_reception_yds,rec_yards,Tee Higgins,54.5,-115,-115.0
2026-09-23T19-00-13Z,2026,3,2026_03_CIN_PIT,PIT,CIN,2026-09-27T17:00:00Z,bovada,player_receptions,rec_catches,Chase Brown,3.5,110,-145.0
2026-09-23T19-00-13Z,2026,3,2026_03_CIN_PIT,PIT,CIN,2026-09-27T17:00:00Z,bovada,player_receptions,rec_catches,DK Metcalf,4.5,105,-135.0
2026-09-23T19-00-13Z,2026,3,2026_03_CIN_PIT,PIT,CIN,2026-09-27T17:00:00Z,bovada,player_receptions,rec_catches,Ja'Marr Chase,6.5,-145,110.0
2026-09-23T19-00-13Z,2026,3,2026_03_CIN_PIT,PIT,CIN,2026-09-27T17:00:00Z,bovada,player_receptions,rec_catches,Pat Freiermuth,3.5,-145,110.0
2026-09-23T19-00-13Z,2026,3,2026_03_CIN_PIT,PIT,CIN,2026-09-27T17:00:00Z,bovada,player_receptions,rec_catches,Tee Higgins,4.5,-110,-120.0
2026-09-23T19-00-13Z,2026,3,2026_03_CIN_PIT,PIT,CIN,2026-09-27T17:00:00Z,bovada,player_rush_yds,rush_yards,Chase Brown,62.5,-115,-115.0
2026-09-23T19-00-13Z,2026,3,2026_03_NYJ_DET,DET,NYJ,2026-09-27T17:00:00Z,draftkings,player_anytime_td,anytime_td,Jahmyr Gibbs,,-300,
2026-09-23T19-00-13Z,2026,3,2026_03_NYJ_DET,DET,NYJ,2026-09-27T17:00:00Z,draftkings,player_anytime_td,anytime_td,Breece Hall,,-130,
2026-09-23T19-00-13Z,2026,3,2026_03_NYJ_DET,DET,NYJ,2026-09-27T17:00:00Z,draftkings,player_anytime_td,anytime_td,Amon-Ra St. Brown,,-120,
2026-09-23T19-00-13Z,2026,3,2026_03_NYJ_DET,DET,NYJ,2026-09-27T17:00:00Z,draftkings,player_anytime_td,anytime_td,Jameson Williams,,165,
2026-09-23T19-00-13Z,2026,3,2026_03_NYJ_DET,DET,NYJ,2026-09-27T17:00:00Z,draftkings,player_anytime_td,anytime_td,Garrett Wilson,,170,
2026-09-23T19-00-13Z,2026,3,2026_03_NYJ_DET,DET,NYJ,2026-09-27T17:00:00Z,draftkings,player_anytime_td,anytime_td,Sam LaPorta,,180,
2026-09-23T19-00-13Z,2026,3,2026_03_NYJ_DET,DET,NYJ,2026-09-27T17:00:00Z,draftkings,player_anytime_td,anytime_td,Braelon Allen,,275,
2026-09-23T19-00-13Z,2026,3,2026_03_NYJ_DET,DET,NYJ,2026-09-27T17:00:00Z,draftkings,player_anytime_td,anytime_td,Adonai Mitchell,,310,
2026-09-23T19-00-13Z,2026,3,2026_03_NYJ_DET,DET,NYJ,2026-09-27T17:00:00Z,draftkings,player_anytime_td,anytime_td,Kenyon Sadiq,,450,
2026-09-23T19-00-13Z,2026,3,2026_03_NYJ_DET,DET,NYJ,2026-09-27T17:00:00Z,draftkings,player_anytime_td,anytime_td,Isaac TeSlaa,,475,
2026-09-23T19-00-13Z,2026,3,2026_03_NYJ_DET,DET,NYJ,2026-09-27T17:00:00Z,draftkings,player_anytime_td,anytime_td,Isaiah Williams,,550,
2026-09-23T19-00-13Z,2026,3,2026_03_NYJ_DET,DET,NYJ,2026-09-27T17:00:00Z,draftkings,player_anytime_td,anytime_td,Detroit Lions D/ST,,550,
2026-09-23T19-00-13Z,2026,3,2026_03_NYJ_DET,DET,NYJ,2026-09-27T17:00:00Z,draftkings,player_anytime_td,anytime_td,Sione Vaki,,650,
2026-09-23T19-00-13Z,2026,3,2026_03_NYJ_DET,DET,NYJ,2026-09-27T17:00:00Z,draftkings,player_anytime_td,anytime_td,New York Jets D/ST,,650,
2026-09-23T19-00-13Z,2026,3,2026_03_NYJ_DET,DET,NYJ,2026-09-27T17:00:00Z,draftkings,player_anytime_td,anytime_td,Geno Smith,,750,
2026-09-23T19-00-13Z,2026,3,2026_03_NYJ_DET,DET,NYJ,2026-09-27T17:00:00Z,draftkings,player_anytime_td,anytime_td,Brock Wright,,1200,
2026-09-23T19-00-13Z,2026,3,2026_03_NYJ_DET,DET,NYJ,2026-09-27T17:00:00Z,draftkings,player_anytime_td,anytime_td,Jared Goff,,1400,
2026-09-23T19-00-13Z,2026,3,2026_03_NYJ_DET,DET,NYJ,2026-09-27T17:00:00Z,draftkings,player_pass_yds,pass_yards,Jared Goff,256.5,-111,-113.0
2026-09-23T19-00-13Z,2026,3,2026_03_NYJ_DET,DET,NYJ,2026-09-27T17:00:00Z,draftkings,player_pass_yds,pass_yards,Geno Smith,219.5,-113,-111.0
2026-09-23T19-00-13Z,2026,3,2026_03_NYJ_DET,DET,NYJ,2026-09-27T17:00:00Z,draftkings,player_reception_yds,rec_yards,Amon-Ra St. Brown,76.5,-112,-112.0
2026-09-23T19-00-13Z,2026,3,2026_03_NYJ_DET,DET,NYJ,2026-09-27T17:00:00Z,draftkings,player_reception_yds,rec_yards,Garrett Wilson,63.5,-111,-113.0
2026-09-23T19-00-13Z,2026,3,2026_03_NYJ_DET,DET,NYJ,2026-09-27T17:00:00Z,draftkings,player_reception_yds,rec_yards,Jameson Williams,55.5,-114,-110.0
2026-09-23T19-00-13Z,2026,3,2026_03_NYJ_DET,DET,NYJ,2026-09-27T17:00:00Z,draftkings,player_reception_yds,rec_yards,Adonai Mitchell,47.5,-112,-112.0
2026-09-23T19-00-13Z,2026,3,2026_03_NYJ_DET,DET,NYJ,2026-09-27T17:00:00Z,draftkings,player_reception_yds,rec_yards,Sam LaPorta,45.5,-111,-113.0
2026-09-23T19-00-13Z,2026,3,2026_03_NYJ_DET,DET,NYJ,2026-09-27T17:00:00Z,draftkings,player_reception_yds,rec_yards,Jahmyr Gibbs,35.5,-108,-116.0
2026-09-23T19-00-13Z,2026,3,2026_03_NYJ_DET,DET,NYJ,2026-09-27T17:00:00Z,draftkings,player_reception_yds,rec_yards,Breece Hall,21.5,-108,-116.0
2026-09-23T19-00-13Z,2026,3,2026_03_NYJ_DET,DET,NYJ,2026-09-27T17:00:00Z,draftkings,player_receptions,rec_catches,Amon-Ra St. Brown,7.5,118,-150.0
2026-09-23T19-00-13Z,2026,3,2026_03_NYJ_DET,DET,NYJ,2026-09-27T17:00:00Z,draftkings,player_receptions,rec_catches,Garrett Wilson,5.5,103,-131.0
2026-09-23T19-00-13Z,2026,3,2026_03_NYJ_DET,DET,NYJ,2026-09-27T17:00:00Z,draftkings,player_receptions,rec_catches,Jahmyr Gibbs,4.5,-110,-116.0
2026-09-23T19-00-13Z,2026,3,2026_03_NYJ_DET,DET,NYJ,2026-09-27T17:00:00Z,draftkings,player_receptions,rec_catches,Sam LaPorta,4.5,-106,-120.0
2026-09-23T19-00-13Z,2026,3,2026_03_NYJ_DET,DET,NYJ,2026-09-27T17:00:00Z,draftkings,player_receptions,rec_catches,Jameson Williams,3.5,-165,129.0
2026-09-23T19-00-13Z,2026,3,2026_03_NYJ_DET,DET,NYJ,2026-09-27T17:00:00Z,draftkings,player_receptions,rec_catches,Adonai Mitchell,3.5,-123,-104.0
2026-09-23T19-00-13Z,2026,3,2026_03_NYJ_DET,DET,NYJ,2026-09-27T17:00:00Z,draftkings,player_receptions,rec_catches,Breece Hall,3.5,113,-144.0
2026-09-23T19-00-13Z,2026,3,2026_03_NYJ_DET,DET,NYJ,2026-09-27T17:00:00Z,draftkings,player_rush_yds,rush_yards,Jahmyr Gibbs,84.5,-114,-110.0
2026-09-23T19-00-13Z,2026,3,2026_03_NYJ_DET,DET,NYJ,2026-09-27T17:00:00Z,draftkings,player_rush_yds,rush_yards,Breece Hall,56.5,-109,-115.0
2026-09-23T19-00-13Z,2026,3,2026_03_NYJ_DET,DET,NYJ,2026-09-27T17:00:00Z,fanduel,player_anytime_td,anytime_td,Jahmyr Gibbs,,-350,
2026-09-23T19-00-13Z,2026,3,2026_03_NYJ_DET,DET,NYJ,2026-09-27T17:00:00Z,fanduel,player_anytime_td,anytime_td,Amon-Ra St. Brown,,-125,
2026-09-23T19-00-13Z,2026,3,2026_03_NYJ_DET,DET,NYJ,2026-09-27T17:00:00Z,fanduel,player_anytime_td,anytime_td,Breece Hall,,-105,
2026-09-23T19-00-13Z,2026,3,2026_03_NYJ_DET,DET,NYJ,2026-09-27T17:00:00Z,fanduel,player_anytime_td,anytime_td,Jameson Williams,,160,
2026-09-23T19-00-13Z,2026,3,2026_03_NYJ_DET,DET,NYJ,2026-09-27T17:00:00Z,fanduel,player_anytime_td,anytime_td,Sam LaPorta,,190,
2026-09-23T19-00-13Z,2026,3,2026_03_NYJ_DET,DET,NYJ,2026-09-27T17:00:00Z,fanduel,player_anytime_td,anytime_td,Garrett Wilson,,195,
2026-09-23T19-00-13Z,2026,3,2026_03_NYJ_DET,DET,NYJ,2026-09-27T17:00:00Z,fanduel,player_anytime_td,anytime_td,Braelon Allen,,270,
2026-09-23T19-00-13Z,2026,3,2026_03_NYJ_DET,DET,NYJ,2026-09-27T17:00:00Z,fanduel,player_anytime_td,anytime_td,Adonai Mitchell,,340,
2026-09-23T19-00-13Z,2026,3,2026_03_NYJ_DET,DET,NYJ,2026-09-27T17:00:00Z,fanduel,player_anytime_td,anytime_td,Isaac TeSlaa,,430,
2026-09-23T19-00-13Z,2026,3,2026_03_NYJ_DET,DET,NYJ,2026-09-27T17:00:00Z,fanduel,player_anytime_td,anytime_td,Kenyon Sadiq,,440,
2026-09-23T19-00-13Z,2026,3,2026_03_NYJ_DET,DET,NYJ,2026-09-27T17:00:00Z,fanduel,player_anytime_td,anytime_td,Isaiah Williams,,550,
2026-09-23T19-00-13Z,2026,3,2026_03_NYJ_DET,DET,NYJ,2026-09-27T17:00:00Z,fanduel,player_anytime_td,anytime_td,Sione Vaki,,650,
2026-09-23T19-00-13Z,2026,3,2026_03_NYJ_DET,DET,NYJ,2026-09-27T17:00:00Z,fanduel,player_anytime_td,anytime_td,Detroit Lions Defense,,700,
2026-09-23T19-00-13Z,2026,3,2026_03_NYJ_DET,DET,NYJ,2026-09-27T17:00:00Z,fanduel,player_anytime_td,anytime_td,New York Jets Defense,,750,
2026-09-23T19-00-13Z,2026,3,2026_03_NYJ_DET,DET,NYJ,2026-09-27T17:00:00Z,fanduel,player_anytime_td,anytime_td,Geno Smith,,800,
2026-09-23T19-00-13Z,2026,3,2026_03_NYJ_DET,DET,NYJ,2026-09-27T17:00:00Z,fanduel,player_anytime_td,anytime_td,Jared Goff,,1600,
2026-09-23T19-00-13Z,2026,3,2026_03_NYJ_DET,DET,NYJ,2026-09-27T17:00:00Z,fanduel,player_pass_yds,pass_yards,Jared Goff,258.5,-114,-114.0
2026-09-23T19-00-13Z,2026,3,2026_03_NYJ_DET,DET,NYJ,2026-09-27T17:00:00Z,fanduel,player_pass_yds,pass_yards,Geno Smith,219.5,-114,-114.0
2026-09-23T19-00-13Z,2026,3,2026_03_NYJ_DET,DET,NYJ,2026-09-27T17:00:00Z,fanduel,player_reception_yds,rec_yards,Garrett Wilson,61.5,-114,-114.0
2026-09-23T19-00-13Z,2026,3,2026_03_NYJ_DET,DET,NYJ,2026-09-27T17:00:00Z,fanduel,player_reception_yds,rec_yards,Sam LaPorta,45.5,-114,-114.0
2026-09-23T19-00-13Z,2026,3,2026_03_NYJ_DET,DET,NYJ,2026-09-27T17:00:00Z,fanduel,player_reception_yds,rec_yards,Jahmyr Gibbs,35.5,-114,-114.0
2026-09-23T19-00-13Z,2026,3,2026_03_NYJ_DET,DET,NYJ,2026-09-27T17:00:00Z,fanduel,player_reception_yds,rec_yards,Jameson Williams,54.5,-114,-114.0
2026-09-23T19-00-13Z,2026,3,2026_03_NYJ_DET,DET,NYJ,2026-09-27T17:00:00Z,fanduel,player_reception_yds,rec_yards,Breece Hall,21.5,-114,-114.0
2026-09-23T19-00-13Z,2026,3,2026_03_NYJ_DET,DET,NYJ,2026-09-27T17:00:00Z,fanduel,player_reception_yds,rec_yards,Adonai Mitchell,45.5,-114,-114.0
2026-09-23T19-00-13Z,2026,3,2026_03_NYJ_DET,DET,NYJ,2026-09-27T17:00:00Z,fanduel,player_reception_yds,rec_yards,Amon-Ra St. Brown,75.5,-114,-114.0
2026-09-23T19-00-13Z,2026,3,2026_03_NYJ_DET,DET,NYJ,2026-09-27T17:00:00Z,fanduel,player_receptions,rec_catches,Jahmyr Gibbs,4.5,-114,-114.0
2026-09-23T19-00-13Z,2026,3,2026_03_NYJ_DET,DET,NYJ,2026-09-27T17:00:00Z,fanduel,player_receptions,rec_catches,Amon-Ra St. Brown,7.5,130,-174.0
2026-09-23T19-00-13Z,2026,3,2026_03_NYJ_DET,DET,NYJ,2026-09-27T17:00:00Z,fanduel,player_receptions,rec_catches,Breece Hall,3.5,120,-160.0
2026-09-23T19-00-13Z,2026,3,2026_03_NYJ_DET,DET,NYJ,2026-09-27T17:00:00Z,fanduel,player_receptions,rec_catches,Garrett Wilson,5.5,102,-136.0
2026-09-23T19-00-13Z,2026,3,2026_03_NYJ_DET,DET,NYJ,2026-09-27T17:00:00Z,fanduel,player_receptions,rec_catches,Sam LaPorta,4.5,-114,-114.0
2026-09-23T19-00-13Z,2026,3,2026_03_NYJ_DET,DET,NYJ,2026-09-27T17:00:00Z,fanduel,player_receptions,rec_catches,Adonai Mitchell,3.5,-138,104.0
2026-09-23T19-00-13Z,2026,3,2026_03_NYJ_DET,DET,NYJ,2026-09-27T17:00:00Z,fanduel,player_receptions,rec_catches,Jameson Williams,4.5,124,-166.0
2026-09-23T19-00-13Z,2026,3,2026_03_NYJ_DET,DET,NYJ,2026-09-27T17:00:00Z,fanduel,player_rush_yds,rush_yards,Breece Hall,57.5,-114,-114.0
2026-09-23T19-00-13Z,2026,3,2026_03_NYJ_DET,DET,NYJ,2026-09-27T17:00:00Z,fanduel,player_rush_yds,rush_yards,Jahmyr Gibbs,83.5,-114,-114.0
2026-09-23T19-00-13Z,2026,3,2026_03_NYJ_DET,DET,NYJ,2026-09-27T17:00:00Z,betrivers,player_anytime_td,anytime_td,Breece Hall,,-121,
2026-09-23T19-00-13Z,2026,3,2026_03_NYJ_DET,DET,NYJ,2026-09-27T17:00:00Z,betrivers,player_anytime_td,anytime_td,Isaiah Davis,,1300,
2026-09-23T19-00-13Z,2026,3,2026_03_NYJ_DET,DET,NYJ,2026-09-27T17:00:00Z,betrivers,player_anytime_td,anytime_td,Adonai Mitchell,,260,
2026-09-23T19-00-13Z,2026,3,2026_03_NYJ_DET,DET,NYJ,2026-09-27T17:00:00Z,betrivers,player_anytime_td,anytime_td,Sam LaPorta,,175,
2026-09-23T19-00-13Z,2026,3,2026_03_NYJ_DET,DET,NYJ,2026-09-27T17:00:00Z,betrivers,player_anytime_td,anytime_td,Tay Martin,,4000,
2026-09-23T19-00-13Z,2026,3,2026_03_NYJ_DET,DET,NYJ,2026-09-27T17:00:00Z,betrivers,player_anytime_td,anytime_td,Jacob Saylors,,1000,
2026-09-23T19-00-13Z,2026,3,2026_03_NYJ_DET,DET,NYJ,2026-09-27T17:00:00Z,betrivers,player_anytime_td,anytime_td,Garrett Wilson,,175,
2026-09-23T19-00-13Z,2026,3,2026_03_NYJ_DET,DET,NYJ,2026-09-27T17:00:00Z,betrivers,player_anytime_td,anytime_td,Arian Smith,,1700,
2026-09-23T19-00-13Z,2026,3,2026_03_NYJ_DET,DET,NYJ,2026-09-27T17:00:00Z,betrivers,player_anytime_td,anytime_td,Jeremy Ruckert,,1000,
2026-09-23T19-00-13Z,2026,3,2026_03_NYJ_DET,DET,NYJ,2026-09-27T17:00:00Z,betrivers,player_anytime_td,anytime_td,Jameson Williams,,165,
2026-09-23T19-00-13Z,2026,3,2026_03_NYJ_DET,DET,NYJ,2026-09-27T17:00:00Z,betrivers,player_anytime_td,anytime_td,Jahmyr Gibbs,,-335,
2026-09-23T19-00-13Z,2026,3,2026_03_NYJ_DET,DET,NYJ,2026-09-27T17:00:00Z,betrivers,player_anytime_td,anytime_td,Jackson Meeks,,2200,
2026-09-23T19-00-13Z,2026,3,2026_03_NYJ_DET,DET,NYJ,2026-09-27T17:00:00Z,betrivers,player_anytime_td,anytime_td,Isaiah Williams,,525,
2026-09-23T19-00-13Z,2026,3,2026_03_NYJ_DET,DET,NYJ,2026-09-27T17:00:00Z,betrivers,player_anytime_td,anytime_td,Amon-Ra St. Brown,,-127,
2026-09-23T19-00-13Z,2026,3,2026_03_NYJ_DET,DET,NYJ,2026-09-27T17:00:00Z,betrivers,player_anytime_td,anytime_td,Braelon Allen,,255,
2026-09-23T19-00-13Z,2026,3,2026_03_NYJ_DET,DET,NYJ,2026-09-27T17:00:00Z,betrivers,player_anytime_td,anytime_td,Tyler Conklin,,1800,
2026-09-23T19-00-13Z,2026,3,2026_03_NYJ_DET,DET,NYJ,2026-09-27T17:00:00Z,betrivers,player_anytime_td,anytime_td,Sione Vaki,,650,
2026-09-23T19-00-13Z,2026,3,2026_03_NYJ_DET,DET,NYJ,2026-09-27T17:00:00Z,betrivers,player_anytime_td,anytime_td,Brock Wright,,1100,
2026-09-23T19-00-13Z,2026,3,2026_03_NYJ_DET,DET,NYJ,2026-09-27T17:00:00Z,betrivers,player_anytime_td,anytime_td,Tom Kennedy,,2400,
2026-09-23T19-00-13Z,2026,3,2026_03_NYJ_DET,DET,NYJ,2026-09-27T17:00:00Z,betrivers,player_anytime_td,anytime_td,Kenyon Sadiq,,430,
2026-09-23T19-00-13Z,2026,3,2026_03_NYJ_DET,DET,NYJ,2026-09-27T17:00:00Z,betrivers,player_anytime_td,anytime_td,Jelani Woods,,1600,
2026-09-23T19-00-13Z,2026,3,2026_03_NYJ_DET,DET,NYJ,2026-09-27T17:00:00Z,betrivers,player_anytime_td,anytime_td,Isaac TeSlaa,,425,
2026-09-23T19-00-13Z,2026,3,2026_03_NYJ_DET,DET,NYJ,2026-09-27T17:00:00Z,betrivers,player_anytime_td,anytime_td,Andrew Beck,,2000,
2026-09-23T19-00-13Z,2026,3,2026_03_NYJ_DET,DET,NYJ,2026-09-27T17:00:00Z,betrivers,player_anytime_td,anytime_td,Jared Goff,,1700,
2026-09-23T19-00-13Z,2026,3,2026_03_NYJ_DET,DET,NYJ,2026-09-27T17:00:00Z,betrivers,player_anytime_td,anytime_td,Geno Smith,,700,
2026-09-23T19-00-13Z,2026,3,2026_03_NYJ_DET,DET,NYJ,2026-09-27T17:00:00Z,betrivers,player_pass_yds,pass_yards,Geno Smith,222.5,-114,-117.0
2026-09-23T19-00-13Z,2026,3,2026_03_NYJ_DET,DET,NYJ,2026-09-27T17:00:00Z,betrivers,player_pass_yds,pass_yards,Jared Goff,258.5,-115,-115.0
2026-09-23T19-00-13Z,2026,3,2026_03_NYJ_DET,DET,NYJ,2026-09-27T17:00:00Z,betrivers,player_reception_yds,rec_yards,Jameson Williams,55.5,-117,-114.0
2026-09-23T19-00-13Z,2026,3,2026_03_NYJ_DET,DET,NYJ,2026-09-27T17:00:00Z,betrivers,player_reception_yds,rec_yards,Amon-Ra St. Brown,79.5,-113,-118.0
2026-09-23T19-00-13Z,2026,3,2026_03_NYJ_DET,DET,NYJ,2026-09-27T17:00:00Z,betrivers,player_reception_yds,rec_yards,Breece Hall,21.5,-120,-112.0
2026-09-23T19-00-13Z,2026,3,2026_03_NYJ_DET,DET,NYJ,2026-09-27T17:00:00Z,betrivers,player_reception_yds,rec_yards,Sam LaPorta,46.5,-115,-115.0
2026-09-23T19-00-13Z,2026,3,2026_03_NYJ_DET,DET,NYJ,2026-09-27T17:00:00Z,betrivers,player_reception_yds,rec_yards,Garrett Wilson,63.5,-117,-114.0
2026-09-23T19-00-13Z,2026,3,2026_03_NYJ_DET,DET,NYJ,2026-09-27T17:00:00Z,betrivers,player_reception_yds,rec_yards,Jahmyr Gibbs,33.5,-120,-112.0
2026-09-23T19-00-13Z,2026,3,2026_03_NYJ_DET,DET,NYJ,2026-09-27T17:00:00Z,betrivers,player_reception_yds,rec_yards,Adonai Mitchell,46.5,-113,-117.0
2026-09-23T19-00-13Z,2026,3,2026_03_NYJ_DET,DET,NYJ,2026-09-27T17:00:00Z,betrivers,player_receptions,rec_catches,Garrett Wilson,5.5,-108,
2026-09-23T19-00-13Z,2026,3,2026_03_NYJ_DET,DET,NYJ,2026-09-27T17:00:00Z,betrivers,player_receptions,rec_catches,Adonai Mitchell,3.5,-162,
2026-09-23T19-00-13Z,2026,3,2026_03_NYJ_DET,DET,NYJ,2026-09-27T17:00:00Z,betrivers,player_receptions,rec_catches,Breece Hall,3.5,120,
2026-09-23T19-00-13Z,2026,3,2026_03_NYJ_DET,DET,NYJ,2026-09-27T17:00:00Z,betrivers,player_receptions,rec_catches,Jahmyr Gibbs,4.5,-109,
2026-09-23T19-00-13Z,2026,3,2026_03_NYJ_DET,DET,NYJ,2026-09-27T17:00:00Z,betrivers,player_receptions,rec_catches,Jameson Williams,4.5,120,
2026-09-23T19-00-13Z,2026,3,2026_03_NYJ_DET,DET,NYJ,2026-09-27T17:00:00Z,betrivers,player_receptions,rec_catches,Amon-Ra St. Brown,7.5,116,
2026-09-23T19-00-13Z,2026,3,2026_03_NYJ_DET,DET,NYJ,2026-09-27T17:00:00Z,betrivers,player_receptions,rec_catches,Sam LaPorta,4.5,-121,
2026-09-23T19-00-13Z,2026,3,2026_03_NYJ_DET,DET,NYJ,2026-09-27T17:00:00Z,betrivers,player_rush_yds,rush_yards,Breece Hall,57.5,-113,-117.0
2026-09-23T19-00-13Z,2026,3,2026_03_NYJ_DET,DET,NYJ,2026-09-27T17:00:00Z,betrivers,player_rush_yds,rush_yards,Jahmyr Gibbs,83.5,-118,-113.0
2026-09-23T19-00-13Z,2026,3,2026_03_NYJ_DET,DET,NYJ,2026-09-27T17:00:00Z,betonlineag,player_anytime_td,anytime_td,Amon-Ra St. Brown,,-167,
2026-09-23T19-00-13Z,2026,3,2026_03_NYJ_DET,DET,NYJ,2026-09-27T17:00:00Z,betonlineag,player_anytime_td,anytime_td,Jared Goff,,1300,
2026-09-23T19-00-13Z,2026,3,2026_03_NYJ_DET,DET,NYJ,2026-09-27T17:00:00Z,betonlineag,player_anytime_td,anytime_td,Geno Smith,,600,
2026-09-23T19-00-13Z,2026,3,2026_03_NYJ_DET,DET,NYJ,2026-09-27T17:00:00Z,betonlineag,player_anytime_td,anytime_td,Tom Kennedy,,2400,
2026-09-23T19-00-13Z,2026,3,2026_03_NYJ_DET,DET,NYJ,2026-09-27T17:00:00Z,betonlineag,player_anytime_td,anytime_td,Brock Wright,,1100,
2026-09-23T19-00-13Z,2026,3,2026_03_NYJ_DET,DET,NYJ,2026-09-27T17:00:00Z,betonlineag,player_anytime_td,anytime_td,Jeremy Ruckert,,1400,
2026-09-23T19-00-13Z,2026,3,2026_03_NYJ_DET,DET,NYJ,2026-09-27T17:00:00Z,betonlineag,player_anytime_td,anytime_td,Jahmyr Gibbs,,-500,
2026-09-23T19-00-13Z,2026,3,2026_03_NYJ_DET,DET,NYJ,2026-09-27T17:00:00Z,betonlineag,player_anytime_td,anytime_td,Sione Vaki,,650,
2026-09-23T19-00-13Z,2026,3,2026_03_NYJ_DET,DET,NYJ,2026-09-27T17:00:00Z,betonlineag,player_anytime_td,anytime_td,Garrett Wilson,,140,
2026-09-23T19-00-13Z,2026,3,2026_03_NYJ_DET,DET,NYJ,2026-09-27T17:00:00Z,betonlineag,player_anytime_td,anytime_td,Sam LaPorta,,180,
2026-09-23T19-00-13Z,2026,3,2026_03_NYJ_DET,DET,NYJ,2026-09-27T17:00:00Z,betonlineag,player_anytime_td,anytime_td,Braelon Allen,,270,
2026-09-23T19-00-13Z,2026,3,2026_03_NYJ_DET,DET,NYJ,2026-09-27T17:00:00Z,betonlineag,player_anytime_td,anytime_td,Breece Hall,,-143,
2026-09-23T19-00-13Z,2026,3,2026_03_NYJ_DET,DET,NYJ,2026-09-27T17:00:00Z,betonlineag,player_anytime_td,anytime_td,Isaiah Davis,,1400,
2026-09-23T19-00-13Z,2026,3,2026_03_NYJ_DET,DET,NYJ,2026-09-27T17:00:00Z,betonlineag,player_anytime_td,anytime_td,Jameson Williams,,160,
2026-09-23T19-00-13Z,2026,3,2026_03_NYJ_DET,DET,NYJ,2026-09-27T17:00:00Z,betonlineag,player_anytime_td,anytime_td,Mason Taylor,,500,
2026-09-23T19-00-13Z,2026,3,2026_03_NYJ_DET,DET,NYJ,2026-09-27T17:00:00Z,betonlineag,player_anytime_td,anytime_td,Jacob Saylors,,1000,
2026-09-23T19-00-13Z,2026,3,2026_03_NYJ_DET,DET,NYJ,2026-09-27T17:00:00Z,betonlineag,player_anytime_td,anytime_td,Jelani Woods,,2900,
2026-09-23T19-00-13Z,2026,3,2026_03_NYJ_DET,DET,NYJ,2026-09-27T17:00:00Z,betonlineag,player_anytime_td,anytime_td,Jackson Meeks,,3400,
2026-09-23T19-00-13Z,2026,3,2026_03_NYJ_DET,DET,NYJ,2026-09-27T17:00:00Z,betonlineag,player_anytime_td,anytime_td,Isaiah Williams,,400,
2026-09-23T19-00-13Z,2026,3,2026_03_NYJ_DET,DET,NYJ,2026-09-27T17:00:00Z,betonlineag,player_anytime_td,anytime_td,Isaac TeSlaa,,350,
2026-09-23T19-00-13Z,2026,3,2026_03_NYJ_DET,DET,NYJ,2026-09-27T17:00:00Z,betonlineag,player_anytime_td,anytime_td,Andrew Beck,,1900,
2026-09-23T19-00-13Z,2026,3,2026_03_NYJ_DET,DET,NYJ,2026-09-27T17:00:00Z,betonlineag,player_anytime_td,anytime_td,Adonai Mitchell,,260,
2026-09-23T19-00-13Z,2026,3,2026_03_NYJ_DET,DET,NYJ,2026-09-27T17:00:00Z,betonlineag,player_anytime_td,anytime_td,Tyler Conklin,,1900,
2026-09-23T19-00-13Z,2026,3,2026_03_NYJ_DET,DET,NYJ,2026-09-27T17:00:00Z,betonlineag,player_anytime_td,anytime_td,Tay Martin,,3400,
2026-09-23T19-00-13Z,2026,3,2026_03_NYJ_DET,DET,NYJ,2026-09-27T17:00:00Z,betonlineag,player_anytime_td,anytime_td,Kenyon Sadiq,,400,
2026-09-23T19-00-13Z,2026,3,2026_03_NYJ_DET,DET,NYJ,2026-09-27T17:00:00Z,betonlineag,player_pass_yds,pass_yards,Geno Smith,219.5,-114,-114.0
2026-09-23T19-00-13Z,2026,3,2026_03_NYJ_DET,DET,NYJ,2026-09-27T17:00:00Z,betonlineag,player_pass_yds,pass_yards,Jared Goff,258.5,-114,-114.0
2026-09-23T19-00-13Z,2026,3,2026_03_NYJ_DET,DET,NYJ,2026-09-27T17:00:00Z,betonlineag,player_reception_yds,rec_yards,Jahmyr Gibbs,35.5,-112,-115.0
2026-09-23T19-00-13Z,2026,3,2026_03_NYJ_DET,DET,NYJ,2026-09-27T17:00:00Z,betonlineag,player_reception_yds,rec_yards,Sam LaPorta,45.5,-114,-114.0
2026-09-23T19-00-13Z,2026,3,2026_03_NYJ_DET,DET,NYJ,2026-09-27T17:00:00Z,betonlineag,player_reception_yds,rec_yards,Breece Hall,21.5,-111,-116.0
2026-09-23T19-00-13Z,2026,3,2026_03_NYJ_DET,DET,NYJ,2026-09-27T17:00:00Z,betonlineag,player_reception_yds,rec_yards,Jameson Williams,54.5,-114,-114.0
2026-09-23T19-00-13Z,2026,3,2026_03_NYJ_DET,DET,NYJ,2026-09-27T17:00:00Z,betonlineag,player_reception_yds,rec_yards,Garrett Wilson,61.5,-112,-115.0
2026-09-23T19-00-13Z,2026,3,2026_03_NYJ_DET,DET,NYJ,2026-09-27T17:00:00Z,betonlineag,player_reception_yds,rec_yards,Adonai Mitchell,45.5,-114,-114.0
2026-09-23T19-00-13Z,2026,3,2026_03_NYJ_DET,DET,NYJ,2026-09-27T17:00:00Z,betonlineag,player_reception_yds,rec_yards,Amon-Ra St. Brown,75.5,-116,-111.0
2026-09-23T19-00-13Z,2026,3,2026_03_NYJ_DET,DET,NYJ,2026-09-27T17:00:00Z,betonlineag,player_receptions,rec_catches,Garrett Wilson,5.5,104,-135.0
2026-09-23T19-00-13Z,2026,3,2026_03_NYJ_DET,DET,NYJ,2026-09-27T17:00:00Z,betonlineag,player_receptions,rec_catches,Sam LaPorta,4.5,-114,-114.0
2026-09-23T19-00-13Z,2026,3,2026_03_NYJ_DET,DET,NYJ,2026-09-27T17:00:00Z,betonlineag,player_receptions,rec_catches,Breece Hall,3.5,113,-147.0
2026-09-23T19-00-13Z,2026,3,2026_03_NYJ_DET,DET,NYJ,2026-09-27T17:00:00Z,betonlineag,player_receptions,rec_catches,Amon-Ra St. Brown,7.5,122,-159.0
2026-09-23T19-00-13Z,2026,3,2026_03_NYJ_DET,DET,NYJ,2026-09-27T17:00:00Z,betonlineag,player_receptions,rec_catches,Adonai Mitchell,3.5,-127,-102.0
2026-09-23T19-00-13Z,2026,3,2026_03_NYJ_DET,DET,NYJ,2026-09-27T17:00:00Z,betonlineag,player_receptions,rec_catches,Jahmyr Gibbs,4.5,-115,-112.0
2026-09-23T19-00-13Z,2026,3,2026_03_NYJ_DET,DET,NYJ,2026-09-27T17:00:00Z,betonlineag,player_receptions,rec_catches,Jameson Williams,4.5,128,-167.0
2026-09-23T19-00-13Z,2026,3,2026_03_NYJ_DET,DET,NYJ,2026-09-27T17:00:00Z,betonlineag,player_rush_yds,rush_yards,Breece Hall,57.5,-115,-112.0
2026-09-23T19-00-13Z,2026,3,2026_03_NYJ_DET,DET,NYJ,2026-09-27T17:00:00Z,betonlineag,player_rush_yds,rush_yards,Jahmyr Gibbs,83.5,-114,-114.0
2026-09-23T19-00-13Z,2026,3,2026_03_NYJ_DET,DET,NYJ,2026-09-27T17:00:00Z,betmgm,player_anytime_td,anytime_td,Tyler Conklin,,2000,
2026-09-23T19-00-13Z,2026,3,2026_03_NYJ_DET,DET,NYJ,2026-09-27T17:00:00Z,betmgm,player_anytime_td,anytime_td,Detroit Lions D/ST,,400,
2026-09-23T19-00-13Z,2026,3,2026_03_NYJ_DET,DET,NYJ,2026-09-27T17:00:00Z,betmgm,player_anytime_td,anytime_td,Sione Vaki,,360,
2026-09-23T19-00-13Z,2026,3,2026_03_NYJ_DET,DET,NYJ,2026-09-27T17:00:00Z,betmgm,player_anytime_td,anytime_td,Jameson Williams,,175,
2026-09-23T19-00-13Z,2026,3,2026_03_NYJ_DET,DET,NYJ,2026-09-27T17:00:00Z,betmgm,player_anytime_td,anytime_td,Jahmyr Gibbs,,-300,
2026-09-23T19-00-13Z,2026,3,2026_03_NYJ_DET,DET,NYJ,2026-09-27T17:00:00Z,betmgm,player_anytime_td,anytime_td,Sam LaPorta,,180,
2026-09-23T19-00-13Z,2026,3,2026_03_NYJ_DET,DET,NYJ,2026-09-27T17:00:00Z,betmgm,player_anytime_td,anytime_td,Jacob Saylors,,1550,
2026-09-23T19-00-13Z,2026,3,2026_03_NYJ_DET,DET,NYJ,2026-09-27T17:00:00Z,betmgm,player_anytime_td,anytime_td,Braelon Allen,,300,
2026-09-23T19-00-13Z,2026,3,2026_03_NYJ_DET,DET,NYJ,2026-09-27T17:00:00Z,betmgm,player_anytime_td,anytime_td,Jared Goff,,1600,
2026-09-23T19-00-13Z,2026,3,2026_03_NYJ_DET,DET,NYJ,2026-09-27T17:00:00Z,betmgm,player_anytime_td,anytime_td,Amon-Ra St. Brown,,-145,
2026-09-23T19-00-13Z,2026,3,2026_03_NYJ_DET,DET,NYJ,2026-09-27T17:00:00Z,betmgm,player_anytime_td,anytime_td,Isaiah Davis,,1500,
2026-09-23T19-00-13Z,2026,3,2026_03_NYJ_DET,DET,NYJ,2026-09-27T17:00:00Z,betmgm,player_anytime_td,anytime_td,Isaiah Williams,,475,
2026-09-23T19-00-13Z,2026,3,2026_03_NYJ_DET,DET,NYJ,2026-09-27T17:00:00Z,betmgm,player_anytime_td,anytime_td,Breece Hall,,-105,
2026-09-23T19-00-13Z,2026,3,2026_03_NYJ_DET,DET,NYJ,2026-09-27T17:00:00Z,betmgm,player_anytime_td,anytime_td,Garrett Wilson,,165,
2026-09-23T19-00-13Z,2026,3,2026_03_NYJ_DET,DET,NYJ,2026-09-27T17:00:00Z,betmgm,player_anytime_td,anytime_td,Brock Wright,,1300,
2026-09-23T19-00-13Z,2026,3,2026_03_NYJ_DET,DET,NYJ,2026-09-27T17:00:00Z,betmgm,player_anytime_td,anytime_td,Adonai Mitchell,,240,
2026-09-23T19-00-13Z,2026,3,2026_03_NYJ_DET,DET,NYJ,2026-09-27T17:00:00Z,betmgm,player_anytime_td,anytime_td,Andrew Beck,,2200,
2026-09-23T19-00-13Z,2026,3,2026_03_NYJ_DET,DET,NYJ,2026-09-27T17:00:00Z,betmgm,player_anytime_td,anytime_td,Jelani Woods,,1600,
2026-09-23T19-00-13Z,2026,3,2026_03_NYJ_DET,DET,NYJ,2026-09-27T17:00:00Z,betmgm,player_anytime_td,anytime_td,Tom Kennedy,,3300,
2026-09-23T19-00-13Z,2026,3,2026_03_NYJ_DET,DET,NYJ,2026-09-27T17:00:00Z,betmgm,player_anytime_td,anytime_td,Tay Martin,,3500,
2026-09-23T19-00-13Z,2026,3,2026_03_NYJ_DET,DET,NYJ,2026-09-27T17:00:00Z,betmgm,player_anytime_td,anytime_td,Arian Smith,,2800,
2026-09-23T19-00-13Z,2026,3,2026_03_NYJ_DET,DET,NYJ,2026-09-27T17:00:00Z,betmgm,player_anytime_td,anytime_td,Geno Smith,,675,
2026-09-23T19-00-13Z,2026,3,2026_03_NYJ_DET,DET,NYJ,2026-09-27T17:00:00Z,betmgm,player_anytime_td,anytime_td,Jeremy Ruckert,,850,
2026-09-23T19-00-13Z,2026,3,2026_03_NYJ_DET,DET,NYJ,2026-09-27T17:00:00Z,betmgm,player_anytime_td,anytime_td,New York Jets D/ST,,600,
2026-09-23T19-00-13Z,2026,3,2026_03_NYJ_DET,DET,NYJ,2026-09-27T17:00:00Z,betmgm,player_anytime_td,anytime_td,Isaac TeSlaa,,425,
2026-09-23T19-00-13Z,2026,3,2026_03_NYJ_DET,DET,NYJ,2026-09-27T17:00:00Z,betmgm,player_anytime_td,anytime_td,Kenyon Sadiq,,310,
2026-09-23T19-00-13Z,2026,3,2026_03_NYJ_DET,DET,NYJ,2026-09-27T17:00:00Z,bovada,player_anytime_td,anytime_td,Breece Hall,,-132,
2026-09-23T19-00-13Z,2026,3,2026_03_NYJ_DET,DET,NYJ,2026-09-27T17:00:00Z,bovada,player_anytime_td,anytime_td,Garrett Wilson,,170,
2026-09-23T19-00-13Z,2026,3,2026_03_NYJ_DET,DET,NYJ,2026-09-27T17:00:00Z,bovada,player_anytime_td,anytime_td,Jahmyr Gibbs,,-305,
2026-09-23T19-00-13Z,2026,3,2026_03_NYJ_DET,DET,NYJ,2026-09-27T17:00:00Z,bovada,player_anytime_td,anytime_td,Amon-Ra St. Brown,,-122,
2026-09-23T19-00-13Z,2026,3,2026_03_NYJ_DET,DET,NYJ,2026-09-27T17:00:00Z,bovada,player_anytime_td,anytime_td,Jameson Williams,,165,
2026-09-23T19-00-13Z,2026,3,2026_03_NYJ_DET,DET,NYJ,2026-09-27T17:00:00Z,bovada,player_anytime_td,anytime_td,Sam LaPorta,,180,
2026-09-23T19-00-13Z,2026,3,2026_03_NYJ_DET,DET,NYJ,2026-09-27T17:00:00Z,bovada,player_anytime_td,anytime_td,Isaac TeSlaa,,460,
2026-09-23T19-00-13Z,2026,3,2026_03_NYJ_DET,DET,NYJ,2026-09-27T17:00:00Z,bovada,player_anytime_td,anytime_td,Jared Goff,,1400,
2026-09-23T19-00-13Z,2026,3,2026_03_NYJ_DET,DET,NYJ,2026-09-27T17:00:00Z,bovada,player_anytime_td,anytime_td,Sione Vaki,,625,
2026-09-23T19-00-13Z,2026,3,2026_03_NYJ_DET,DET,NYJ,2026-09-27T17:00:00Z,bovada,player_anytime_td,anytime_td,Brock Wright,,1200,
2026-09-23T19-00-13Z,2026,3,2026_03_NYJ_DET,DET,NYJ,2026-09-27T17:00:00Z,bovada,player_anytime_td,anytime_td,Detroit Lions D/ST,,525,
2026-09-23T19-00-13Z,2026,3,2026_03_NYJ_DET,DET,NYJ,2026-09-27T17:00:00Z,bovada,player_anytime_td,anytime_td,New York Jets D/ST,,625,
2026-09-23T19-00-13Z,2026,3,2026_03_NYJ_DET,DET,NYJ,2026-09-27T17:00:00Z,bovada,player_anytime_td,anytime_td,Geno Smith,,725,
2026-09-23T19-00-13Z,2026,3,2026_03_NYJ_DET,DET,NYJ,2026-09-27T17:00:00Z,bovada,player_anytime_td,anytime_td,Adonai Mitchell,,310,
2026-09-23T19-00-13Z,2026,3,2026_03_NYJ_DET,DET,NYJ,2026-09-27T17:00:00Z,bovada,player_anytime_td,anytime_td,Braelon Allen,,275,
2026-09-23T19-00-13Z,2026,3,2026_03_NYJ_DET,DET,NYJ,2026-09-27T17:00:00Z,bovada,player_anytime_td,anytime_td,Isaiah Williams,,525,
2026-09-23T19-00-13Z,2026,3,2026_03_NYJ_DET,DET,NYJ,2026-09-27T17:00:00Z,bovada,player_anytime_td,anytime_td,Kenyon Sadiq,,440,
2026-09-23T19-00-13Z,2026,3,2026_03_NYJ_DET,DET,NYJ,2026-09-27T17:00:00Z,bovada,player_pass_yds,pass_yards,Geno Smith,219.5,-115,-115.0
2026-09-23T19-00-13Z,2026,3,2026_03_NYJ_DET,DET,NYJ,2026-09-27T17:00:00Z,bovada,player_pass_yds,pass_yards,Jared Goff,256.5,-115,-115.0
2026-09-23T19-00-13Z,2026,3,2026_03_NYJ_DET,DET,NYJ,2026-09-27T17:00:00Z,bovada,player_reception_yds,rec_yards,Adonai Mitchell,47.5,-115,-115.0
2026-09-23T19-00-13Z,2026,3,2026_03_NYJ_DET,DET,NYJ,2026-09-27T17:00:00Z,bovada,player_reception_yds,rec_yards,Amon-Ra St. Brown,76.5,-115,-115.0
2026-09-23T19-00-13Z,2026,3,2026_03_NYJ_DET,DET,NYJ,2026-09-27T17:00:00Z,bovada,player_reception_yds,rec_yards,Breece Hall,21.5,-110,-120.0
2026-09-23T19-00-13Z,2026,3,2026_03_NYJ_DET,DET,NYJ,2026-09-27T17:00:00Z,bovada,player_reception_yds,rec_yards,Garrett Wilson,63.5,-115,-115.0
2026-09-23T19-00-13Z,2026,3,2026_03_NYJ_DET,DET,NYJ,2026-09-27T17:00:00Z,bovada,player_reception_yds,rec_yards,Jahmyr Gibbs,35.5,-110,-120.0
2026-09-23T19-00-13Z,2026,3,2026_03_NYJ_DET,DET,NYJ,2026-09-27T17:00:00Z,bovada,player_reception_yds,rec_yards,Jameson Williams,55.5,-115,-115.0
2026-09-23T19-00-13Z,2026,3,2026_03_NYJ_DET,DET,NYJ,2026-09-27T17:00:00Z,bovada,player_reception_yds,rec_yards,Sam LaPorta,45.5,-115,-115.0
2026-09-23T19-00-13Z,2026,3,2026_03_NYJ_DET,DET,NYJ,2026-09-27T17:00:00Z,bovada,player_receptions,rec_catches,Adonai Mitchell,3.5,-125,-105.0
2026-09-23T19-00-13Z,2026,3,2026_03_NYJ_DET,DET,NYJ,2026-09-27T17:00:00Z,bovada,player_receptions,rec_catches,Amon-Ra St. Brown,7.5,115,-150.0
2026-09-23T19-00-13Z,2026,3,2026_03_NYJ_DET,DET,NYJ,2026-09-27T17:00:00Z,bovada,player_receptions,rec_catches,Breece Hall,3.5,110,-145.0
2026-09-23T19-00-13Z,2026,3,2026_03_NYJ_DET,DET,NYJ,2026-09-27T17:00:00Z,bovada,player_receptions,rec_catches,Garrett Wilson,5.5,105,-135.0
2026-09-23T19-00-13Z,2026,3,2026_03_NYJ_DET,DET,NYJ,2026-09-27T17:00:00Z,bovada,player_receptions,rec_catches,Jahmyr Gibbs,4.5,-110,-120.0
2026-09-23T19-00-13Z,2026,3,2026_03_NYJ_DET,DET,NYJ,2026-09-27T17:00:00Z,bovada,player_receptions,rec_catches,Jameson Williams,3.5,-165,125.0
2026-09-23T19-00-13Z,2026,3,2026_03_NYJ_DET,DET,NYJ,2026-09-27T17:00:00Z,bovada,player_receptions,rec_catches,Sam LaPorta,4.5,-110,-120.0
2026-09-23T19-00-13Z,2026,3,2026_03_NYJ_DET,DET,NYJ,2026-09-27T17:00:00Z,bovada,player_rush_yds,rush_yards,Breece Hall,56.5,-110,-120.0
2026-09-23T19-00-13Z,2026,3,2026_03_NYJ_DET,DET,NYJ,2026-09-27T17:00:00Z,bovada,player_rush_yds,rush_yards,Jahmyr Gibbs,84.5,-115,-115.0
2026-09-23T19-00-13Z,2026,3,2026_03_HOU_IND,IND,HOU,2026-09-27T17:00:00Z,draftkings,player_anytime_td,anytime_td,Jonathan Taylor,,-150,
2026-09-23T19-00-13Z,2026,3,2026_03_HOU_IND,IND,HOU,2026-09-27T17:00:00Z,draftkings,player_anytime_td,anytime_td,David Montgomery,,-115,
2026-09-23T19-00-13Z,2026,3,2026_03_HOU_IND,IND,HOU,2026-09-27T17:00:00Z,draftkings,player_anytime_td,anytime_td,Dalton Schultz,,205,
2026-09-23T19-00-13Z,2026,3,2026_03_HOU_IND,IND,HOU,2026-09-27T17:00:00Z,draftkings,player_anytime_td,anytime_td,Woody Marks,,215,
2026-09-23T19-00-13Z,2026,3,2026_03_HOU_IND,IND,HOU,2026-09-27T17:00:00Z,draftkings,player_anytime_td,anytime_td,Tyler Warren,,225,
2026-09-23T19-00-13Z,2026,3,2026_03_HOU_IND,IND,HOU,2026-09-27T17:00:00Z,draftkings,player_anytime_td,anytime_td,Josh Downs,,225,
2026-09-23T19-00-13Z,2026,3,2026_03_HOU_IND,IND,HOU,2026-09-27T17:00:00Z,betonlineag,player_anytime_td,anytime_td,Jonathan Taylor,,-167,
2026-09-23T19-00-13Z,2026,3,2026_03_HOU_IND,IND,HOU,2026-09-27T17:00:00Z,betonlineag,player_anytime_td,anytime_td,Dalton Schultz,,200,
2026-09-23T19-00-13Z,2026,3,2026_03_HOU_IND,IND,HOU,2026-09-27T17:00:00Z,betonlineag,player_anytime_td,anytime_td,Josh Downs,,220,
2026-09-23T19-00-13Z,2026,3,2026_03_HOU_IND,IND,HOU,2026-09-27T17:00:00Z,betonlineag,player_anytime_td,anytime_td,David Montgomery,,-125,
2026-09-23T19-00-13Z,2026,3,2026_03_HOU_IND,IND,HOU,2026-09-27T17:00:00Z,betonlineag,player_anytime_td,anytime_td,Tyler Warren,,220,
2026-09-23T19-00-13Z,2026,3,2026_03_HOU_IND,IND,HOU,2026-09-27T17:00:00Z,betonlineag,player_anytime_td,anytime_td,Woody Marks,,210,
2026-09-23T19-00-13Z,2026,3,2026_03_HOU_IND,IND,HOU,2026-09-27T17:00:00Z,betonlineag,player_anytime_td,anytime_td,Kayshon Boutte,,230,
2026-09-23T19-00-13Z,2026,3,2026_03_HOU_IND,IND,HOU,2026-09-27T17:00:00Z,betonlineag,player_anytime_td,anytime_td,Deion Burks,,3400,
2026-09-23T19-00-13Z,2026,3,2026_03_HOU_IND,IND,HOU,2026-09-27T17:00:00Z,betonlineag,player_anytime_td,anytime_td,Keenan Allen,,350,
2026-09-23T19-00-13Z,2026,3,2026_03_HOU_IND,IND,HOU,2026-09-27T17:00:00Z,betonlineag,player_anytime_td,anytime_td,Foster Moreau,,650,
2026-09-23T19-00-13Z,2026,3,2026_03_HOU_IND,IND,HOU,2026-09-27T17:00:00Z,bovada,player_anytime_td,anytime_td,David Montgomery,,-117,
2026-09-23T19-00-13Z,2026,3,2026_03_HOU_IND,IND,HOU,2026-09-27T17:00:00Z,bovada,player_anytime_td,anytime_td,Dalton Schultz,,205,
2026-09-23T19-00-13Z,2026,3,2026_03_HOU_IND,IND,HOU,2026-09-27T17:00:00Z,bovada,player_anytime_td,anytime_td,Woody Marks,,215,
2026-09-23T19-00-13Z,2026,3,2026_03_HOU_IND,IND,HOU,2026-09-27T17:00:00Z,bovada,player_anytime_td,anytime_td,Jonathan Taylor,,-152,
2026-09-23T19-00-13Z,2026,3,2026_03_HOU_IND,IND,HOU,2026-09-27T17:00:00Z,bovada,player_anytime_td,anytime_td,Josh Downs,,225,
2026-09-23T19-00-13Z,2026,3,2026_03_HOU_IND,IND,HOU,2026-09-27T17:00:00Z,bovada,player_anytime_td,anytime_td,Tyler Warren,,225,
2026-09-23T19-00-13Z,2026,3,2026_03_NE_JAX,JAX,NE,2026-09-27T17:00:00Z,draftkings,player_anytime_td,anytime_td,Rhamondre Stevenson,,145,
2026-09-23T19-00-13Z,2026,3,2026_03_NE_JAX,JAX,NE,2026-09-27T17:00:00Z,draftkings,player_anytime_td,anytime_td,Bhayshul Tuten,,160,
2026-09-23T19-00-13Z,2026,3,2026_03_NE_JAX,JAX,NE,2026-09-27T17:00:00Z,draftkings,player_anytime_td,anytime_td,Parker Washington,,165,
2026-09-23T19-00-13Z,2026,3,2026_03_NE_JAX,JAX,NE,2026-09-27T17:00:00Z,draftkings,player_anytime_td,anytime_td,TreVeyon Henderson,,175,
2026-09-23T19-00-13Z,2026,3,2026_03_NE_JAX,JAX,NE,2026-09-27T17:00:00Z,draftkings,player_anytime_td,anytime_td,Chris Rodriguez Jr.,,225,
2026-09-23T19-00-13Z,2026,3,2026_03_NE_JAX,JAX,NE,2026-09-27T17:00:00Z,draftkings,player_anytime_td,anytime_td,Hunter Henry,,235,
2026-09-23T19-00-13Z,2026,3,2026_03_NE_JAX,JAX,NE,2026-09-27T17:00:00Z,draftkings,player_anytime_td,anytime_td,Brian Thomas Jr,,260,
2026-09-23T19-00-13Z,2026,3,2026_03_NE_JAX,JAX,NE,2026-09-27T17:00:00Z,draftkings,player_anytime_td,anytime_td,Jakobi Meyers,,265,
2026-09-23T19-00-13Z,2026,3,2026_03_NE_JAX,JAX,NE,2026-09-27T17:00:00Z,draftkings,player_anytime_td,anytime_td,Drake Maye,,265,
2026-09-23T19-00-13Z,2026,3,2026_03_NE_JAX,JAX,NE,2026-09-27T17:00:00Z,draftkings,player_anytime_td,anytime_td,Trevor Lawrence,,270,
2026-09-23T19-00-13Z,2026,3,2026_03_NE_JAX,JAX,NE,2026-09-27T17:00:00Z,draftkings,player_anytime_td,anytime_td,Romeo Doubs,,290,
2026-09-23T19-00-13Z,2026,3,2026_03_NE_JAX,JAX,NE,2026-09-27T17:00:00Z,draftkings,player_anytime_td,anytime_td,Brenton Strange,,300,
2026-09-23T19-00-13Z,2026,3,2026_03_NE_JAX,JAX,NE,2026-09-27T17:00:00Z,draftkings,player_anytime_td,anytime_td,Mack Hollins,,320,
2026-09-23T19-00-13Z,2026,3,2026_03_NE_JAX,JAX,NE,2026-09-27T17:00:00Z,draftkings,player_anytime_td,anytime_td,DeMario Douglas,,360,
2026-09-23T19-00-13Z,2026,3,2026_03_NE_JAX,JAX,NE,2026-09-27T17:00:00Z,draftkings,player_anytime_td,anytime_td,New England Patriots D/ST,,750,
2026-09-23T19-00-13Z,2026,3,2026_03_NE_JAX,JAX,NE,2026-09-27T17:00:00Z,draftkings,player_anytime_td,anytime_td,Jacksonville Jaguars D/ST,,800,
2026-09-23T19-00-13Z,2026,3,2026_03_NE_JAX,JAX,NE,2026-09-27T17:00:00Z,draftkings,player_anytime_td,anytime_td,LeQuint Allen Jr.,,800,
2026-09-23T19-00-13Z,2026,3,2026_03_NE_JAX,JAX,NE,2026-09-27T17:00:00Z,draftkings,player_anytime_td,anytime_td,Ameer Abdullah,,800,
2026-09-23T19-00-13Z,2026,3,2026_03_NE_JAX,JAX,NE,2026-09-27T17:00:00Z,draftkings,player_anytime_td,anytime_td,Nate Boerkircher,,800,
2026-09-23T19-00-13Z,2026,3,2026_03_NE_JAX,JAX,NE,2026-09-27T17:00:00Z,draftkings,player_anytime_td,anytime_td,Eli Raridon,,850,
2026-09-23T19-00-13Z,2026,3,2026_03_NE_JAX,JAX,NE,2026-09-27T17:00:00Z,draftkings,player_anytime_td,anytime_td,Kyle Williams,,950,
2026-09-23T19-00-13Z,2026,3,2026_03_NE_JAX,JAX,NE,2026-09-27T17:00:00Z,draftkings,player_anytime_td,anytime_td,Travis Hunter,,1100,
2026-09-23T19-00-13Z,2026,3,2026_03_NE_JAX,JAX,NE,2026-09-27T17:00:00Z,draftkings,player_anytime_td,anytime_td,Josh Cameron,,1200,
2026-09-23T19-00-13Z,2026,3,2026_03_NE_JAX,JAX,NE,2026-09-27T17:00:00Z,draftkings,player_anytime_td,anytime_td,Cameron Latu,,1300,
2026-09-23T19-00-13Z,2026,3,2026_03_NE_JAX,JAX,NE,2026-09-27T17:00:00Z,draftkings,player_anytime_td,anytime_td,Efton Chism III,,1400,
2026-09-23T19-00-13Z,2026,3,2026_03_NE_JAX,JAX,NE,2026-09-27T17:00:00Z,draftkings,player_anytime_td,anytime_td,CJ Williams,,1400,
2026-09-23T19-00-13Z,2026,3,2026_03_NE_JAX,JAX,NE,2026-09-27T17:00:00Z,draftkings,player_anytime_td,anytime_td,Corey Kiner,,1700,
2026-09-23T19-00-13Z,2026,3,2026_03_NE_JAX,JAX,NE,2026-09-27T17:00:00Z,draftkings,player_anytime_td,anytime_td,Quintin Morris,,2500,
2026-09-23T19-00-13Z,2026,3,2026_03_NE_JAX,JAX,NE,2026-09-27T17:00:00Z,draftkings,player_anytime_td,anytime_td,Reggie Gilliam,,3000,
2026-09-23T19-00-13Z,2026,3,2026_03_NE_JAX,JAX,NE,2026-09-27T17:00:00Z,draftkings,player_pass_yds,pass_yards,Trevor Lawrence,224.5,-113,-111.0
2026-09-23T19-00-13Z,2026,3,2026_03_NE_JAX,JAX,NE,2026-09-27T17:00:00Z,draftkings,player_pass_yds,pass_yards,Drake Maye,217.5,-113,-111.0
2026-09-23T19-00-13Z,2026,3,2026_03_NE_JAX,JAX,NE,2026-09-27T17:00:00Z,draftkings,player_reception_yds,rec_yards,Parker Washington,62.5,-110,-114.0
2026-09-23T19-00-13Z,2026,3,2026_03_NE_JAX,JAX,NE,2026-09-27T17:00:00Z,draftkings,player_reception_yds,rec_yards,Romeo Doubs,42.5,-111,-113.0
2026-09-23T19-00-13Z,2026,3,2026_03_NE_JAX,JAX,NE,2026-09-27T17:00:00Z,draftkings,player_reception_yds,rec_yards,Hunter Henry,41.5,-115,-109.0
2026-09-23T19-00-13Z,2026,3,2026_03_NE_JAX,JAX,NE,2026-09-27T17:00:00Z,draftkings,player_reception_yds,rec_yards,Brian Thomas Jr,38.5,-114,-110.0
2026-09-23T19-00-13Z,2026,3,2026_03_NE_JAX,JAX,NE,2026-09-27T17:00:00Z,draftkings,player_reception_yds,rec_yards,Jakobi Meyers,34.5,-113,-111.0
2026-09-23T19-00-13Z,2026,3,2026_03_NE_JAX,JAX,NE,2026-09-27T17:00:00Z,draftkings,player_reception_yds,rec_yards,Mack Hollins,33.5,-110,-114.0
2026-09-23T19-00-13Z,2026,3,2026_03_NE_JAX,JAX,NE,2026-09-27T17:00:00Z,draftkings,player_reception_yds,rec_yards,DeMario Douglas,29.5,-111,-113.0
2026-09-23T19-00-13Z,2026,3,2026_03_NE_JAX,JAX,NE,2026-09-27T17:00:00Z,draftkings,player_reception_yds,rec_yards,Brenton Strange,27.5,-115,-109.0
2026-09-23T19-00-13Z,2026,3,2026_03_NE_JAX,JAX,NE,2026-09-27T17:00:00Z,draftkings,player_reception_yds,rec_yards,Rhamondre Stevenson,13.5,-117,-107.0
2026-09-23T19-00-13Z,2026,3,2026_03_NE_JAX,JAX,NE,2026-09-27T17:00:00Z,draftkings,player_reception_yds,rec_yards,TreVeyon Henderson,8.5,-119,-105.0
2026-09-23T19-00-13Z,2026,3,2026_03_NE_JAX,JAX,NE,2026-09-27T17:00:00Z,draftkings,player_reception_yds,rec_yards,Bhayshul Tuten,8.5,-115,-109.0
2026-09-23T19-00-13Z,2026,3,2026_03_NE_JAX,JAX,NE,2026-09-27T17:00:00Z,draftkings,player_receptions,rec_catches,Parker Washington,4.5,-144,113.0
2026-09-23T19-00-13Z,2026,3,2026_03_NE_JAX,JAX,NE,2026-09-27T17:00:00Z,draftkings,player_receptions,rec_catches,Hunter Henry,3.5,-137,107.0
2026-09-23T19-00-13Z,2026,3,2026_03_NE_JAX,JAX,NE,2026-09-27T17:00:00Z,draftkings,player_receptions,rec_catches,Jakobi Meyers,3.5,100,-128.0
2026-09-23T19-00-13Z,2026,3,2026_03_NE_JAX,JAX,NE,2026-09-27T17:00:00Z,draftkings,player_receptions,rec_catches,Romeo Doubs,3.5,125,-160.0
2026-09-23T19-00-13Z,2026,3,2026_03_NE_JAX,JAX,NE,2026-09-27T17:00:00Z,draftkings,player_receptions,rec_catches,Brenton Strange,3.5,137,-176.0
2026-09-23T19-00-13Z,2026,3,2026_03_NE_JAX,JAX,NE,2026-09-27T17:00:00Z,draftkings,player_receptions,rec_catches,DeMario Douglas,2.5,-175,137.0
2026-09-23T19-00-13Z,2026,3,2026_03_NE_JAX,JAX,NE,2026-09-27T17:00:00Z,draftkings,player_receptions,rec_catches,Brian Thomas Jr,2.5,-170,133.0
2026-09-23T19-00-13Z,2026,3,2026_03_NE_JAX,JAX,NE,2026-09-27T17:00:00Z,draftkings,player_receptions,rec_catches,Mack Hollins,2.5,-170,133.0
2026-09-23T19-00-13Z,2026,3,2026_03_NE_JAX,JAX,NE,2026-09-27T17:00:00Z,draftkings,player_receptions,rec_catches,Rhamondre Stevenson,2.5,109,-139.0
2026-09-23T19-00-13Z,2026,3,2026_03_NE_JAX,JAX,NE,2026-09-27T17:00:00Z,draftkings,player_receptions,rec_catches,Bhayshul Tuten,1.5,-116,-110.0
2026-09-23T19-00-13Z,2026,3,2026_03_NE_JAX,JAX,NE,2026-09-27T17:00:00Z,draftkings,player_receptions,rec_catches,TreVeyon Henderson,1.5,-111,-115.0
2026-09-23T19-00-13Z,2026,3,2026_03_NE_JAX,JAX,NE,2026-09-27T17:00:00Z,draftkings,player_rush_yds,rush_yards,Bhayshul Tuten,52.5,-109,-115.0
2026-09-23T19-00-13Z,2026,3,2026_03_NE_JAX,JAX,NE,2026-09-27T17:00:00Z,draftkings,player_rush_yds,rush_yards,TreVeyon Henderson,42.5,-111,-113.0
2026-09-23T19-00-13Z,2026,3,2026_03_NE_JAX,JAX,NE,2026-09-27T17:00:00Z,draftkings,player_rush_yds,rush_yards,Rhamondre Stevenson,37.5,-112,-112.0
2026-09-23T19-00-13Z,2026,3,2026_03_NE_JAX,JAX,NE,2026-09-27T17:00:00Z,draftkings,player_rush_yds,rush_yards,Drake Maye,25.5,-117,-107.0
2026-09-23T19-00-13Z,2026,3,2026_03_NE_JAX,JAX,NE,2026-09-27T17:00:00Z,draftkings,player_rush_yds,rush_yards,Chris Rodriguez Jr.,21.5,-113,-111.0
2026-09-23T19-00-13Z,2026,3,2026_03_NE_JAX,JAX,NE,2026-09-27T17:00:00Z,draftkings,player_rush_yds,rush_yards,Trevor Lawrence,15.5,-111,-113.0
2026-09-23T19-00-13Z,2026,3,2026_03_NE_JAX,JAX,NE,2026-09-27T17:00:00Z,fanduel,player_anytime_td,anytime_td,Rhamondre Stevenson,,145,
2026-09-23T19-00-13Z,2026,3,2026_03_NE_JAX,JAX,NE,2026-09-27T17:00:00Z,fanduel,player_anytime_td,anytime_td,Bhayshul Tuten,,150,
2026-09-23T19-00-13Z,2026,3,2026_03_NE_JAX,JAX,NE,2026-09-27T17:00:00Z,fanduel,player_anytime_td,anytime_td,Parker Washington,,165,
2026-09-23T19-00-13Z,2026,3,2026_03_NE_JAX,JAX,NE,2026-09-27T17:00:00Z,fanduel,player_anytime_td,anytime_td,TreVeyon Henderson,,180,
2026-09-23T19-00-13Z,2026,3,2026_03_NE_JAX,JAX,NE,2026-09-27T17:00:00Z,fanduel,player_anytime_td,anytime_td,Chris Rodriguez Jr.,,240,
2026-09-23T19-00-13Z,2026,3,2026_03_NE_JAX,JAX,NE,2026-09-27T17:00:00Z,fanduel,player_anytime_td,anytime_td,Jakobi Meyers,,240,
2026-09-23T19-00-13Z,2026,3,2026_03_NE_JAX,JAX,NE,2026-09-27T17:00:00Z,fanduel,player_anytime_td,anytime_td,Hunter Henry,,240,
2026-09-23T19-00-13Z,2026,3,2026_03_NE_JAX,JAX,NE,2026-09-27T17:00:00Z,fanduel,player_anytime_td,anytime_td,Drake Maye,,270,
2026-09-23T19-00-13Z,2026,3,2026_03_NE_JAX,JAX,NE,2026-09-27T17:00:00Z,fanduel,player_anytime_td,anytime_td,Brian Thomas Jr,,270,
2026-09-23T19-00-13Z,2026,3,2026_03_NE_JAX,JAX,NE,2026-09-27T17:00:00Z,fanduel,player_anytime_td,anytime_td,Romeo Doubs,,280,
2026-09-23T19-00-13Z,2026,3,2026_03_NE_JAX,JAX,NE,2026-09-27T17:00:00Z,fanduel,player_anytime_td,anytime_td,Trevor Lawrence,,290,
2026-09-23T19-00-13Z,2026,3,2026_03_NE_JAX,JAX,NE,2026-09-27T17:00:00Z,fanduel,player_anytime_td,anytime_td,Brenton Strange,,290,
2026-09-23T19-00-13Z,2026,3,2026_03_NE_JAX,JAX,NE,2026-09-27T17:00:00Z,fanduel,player_anytime_td,anytime_td,Mack Hollins,,340,
2026-09-23T19-00-13Z,2026,3,2026_03_NE_JAX,JAX,NE,2026-09-27T17:00:00Z,fanduel,player_anytime_td,anytime_td,DeMario Douglas,,390,
2026-09-23T19-00-13Z,2026,3,2026_03_NE_JAX,JAX,NE,2026-09-27T17:00:00Z,fanduel,player_anytime_td,anytime_td,Nate Boerkircher,,650,
2026-09-23T19-00-13Z,2026,3,2026_03_NE_JAX,JAX,NE,2026-09-27T17:00:00Z,fanduel,player_anytime_td,anytime_td,New England Patriots Defense,,750,
2026-09-23T19-00-13Z,2026,3,2026_03_NE_JAX,JAX,NE,2026-09-27T17:00:00Z,fanduel,player_anytime_td,anytime_td,LeQuint Allen Jr.,,850,
2026-09-23T19-00-13Z,2026,3,2026_03_NE_JAX,JAX,NE,2026-09-27T17:00:00Z,fanduel,player_anytime_td,anytime_td,Cameron Latu,,850,
2026-09-23T19-00-13Z,2026,3,2026_03_NE_JAX,JAX,NE,2026-09-27T17:00:00Z,fanduel,player_anytime_td,anytime_td,Jacksonville Jaguars Defense,,850,
2026-09-23T19-00-13Z,2026,3,2026_03_NE_JAX,JAX,NE,2026-09-27T17:00:00Z,fanduel,player_anytime_td,anytime_td,Eli Raridon,,850,
2026-09-23T19-00-13Z,2026,3,2026_03_NE_JAX,JAX,NE,2026-09-27T17:00:00Z,fanduel,player_anytime_td,anytime_td,Ameer Abdullah,,850,
2026-09-23T19-00-13Z,2026,3,2026_03_NE_JAX,JAX,NE,2026-09-27T17:00:00Z,fanduel,player_anytime_td,anytime_td,Josh Cameron,,1000,
2026-09-23T19-00-13Z,2026,3,2026_03_NE_JAX,JAX,NE,2026-09-27T17:00:00Z,fanduel,player_anytime_td,anytime_td,Kyle Williams,,1100,
2026-09-23T19-00-13Z,2026,3,2026_03_NE_JAX,JAX,NE,2026-09-27T17:00:00Z,fanduel,player_anytime_td,anytime_td,Travis Hunter,,1100,
2026-09-23T19-00-13Z,2026,3,2026_03_NE_JAX,JAX,NE,2026-09-27T17:00:00Z,fanduel,player_anytime_td,anytime_td,CJ Williams,,1100,
2026-09-23T19-00-13Z,2026,3,2026_03_NE_JAX,JAX,NE,2026-09-27T17:00:00Z,fanduel,player_anytime_td,anytime_td,Efton Chism III,,1100,
2026-09-23T19-00-13Z,2026,3,2026_03_NE_JAX,JAX,NE,2026-09-27T17:00:00Z,fanduel,player_anytime_td,anytime_td,Corey Kiner,,1800,
2026-09-23T19-00-13Z,2026,3,2026_03_NE_JAX,JAX,NE,2026-09-27T17:00:00Z,fanduel,player_anytime_td,anytime_td,Quintin Morris,,2200,
2026-09-23T19-00-13Z,2026,3,2026_03_NE_JAX,JAX,NE,2026-09-27T17:00:00Z,fanduel,player_anytime_td,anytime_td,Reggie Gilliam,,2500,
2026-09-23T19-00-13Z,2026,3,2026_03_NE_JAX,JAX,NE,2026-09-27T17:00:00Z,fanduel,player_pass_yds,pass_yards,Trevor Lawrence,223.5,-114,-114.0
2026-09-23T19-00-13Z,2026,3,2026_03_NE_JAX,JAX,NE,2026-09-27T17:00:00Z,fanduel,player_pass_yds,pass_yards,Drake Maye,216.5,-114,-114.0
2026-09-23T19-00-13Z,2026,3,2026_03_NE_JAX,JAX,NE,2026-09-27T17:00:00Z,fanduel,player_reception_yds,rec_yards,Mack Hollins,33.5,-114,-114.0
2026-09-23T19-00-13Z,2026,3,2026_03_NE_JAX,JAX,NE,2026-09-27T17:00:00Z,fanduel,player_reception_yds,rec_yards,Hunter Henry,41.5,-114,-114.0
2026-09-23T19-00-13Z,2026,3,2026_03_NE_JAX,JAX,NE,2026-09-27T17:00:00Z,fanduel,player_reception_yds,rec_yards,Brenton Strange,27.5,-114,-114.0
2026-09-23T19-00-13Z,2026,3,2026_03_NE_JAX,JAX,NE,2026-09-27T17:00:00Z,fanduel,player_reception_yds,rec_yards,Bhayshul Tuten,9.5,-114,-114.0
2026-09-23T19-00-13Z,2026,3,2026_03_NE_JAX,JAX,NE,2026-09-27T17:00:00Z,fanduel,player_reception_yds,rec_yards,Rhamondre Stevenson,14.5,-114,-114.0
2026-09-23T19-00-13Z,2026,3,2026_03_NE_JAX,JAX,NE,2026-09-27T17:00:00Z,fanduel,player_reception_yds,rec_yards,Jakobi Meyers,34.5,-114,-114.0
2026-09-23T19-00-13Z,2026,3,2026_03_NE_JAX,JAX,NE,2026-09-27T17:00:00Z,fanduel,player_reception_yds,rec_yards,Parker Washington,61.5,-114,-114.0
2026-09-23T19-00-13Z,2026,3,2026_03_NE_JAX,JAX,NE,2026-09-27T17:00:00Z,fanduel,player_reception_yds,rec_yards,TreVeyon Henderson,9.5,-114,-114.0
2026-09-23T19-00-13Z,2026,3,2026_03_NE_JAX,JAX,NE,2026-09-27T17:00:00Z,fanduel,player_reception_yds,rec_yards,Brian Thomas Jr,38.5,-114,-114.0
2026-09-23T19-00-13Z,2026,3,2026_03_NE_JAX,JAX,NE,2026-09-27T17:00:00Z,fanduel,player_reception_yds,rec_yards,DeMario Douglas,28.5,-114,-114.0
2026-09-23T19-00-13Z,2026,3,2026_03_NE_JAX,JAX,NE,2026-09-27T17:00:00Z,fanduel,player_reception_yds,rec_yards,Romeo Doubs,42.5,-114,-114.0
2026-09-23T19-00-13Z,2026,3,2026_03_NE_JAX,JAX,NE,2026-09-27T17:00:00Z,fanduel,player_receptions,rec_catches,Brian Thomas Jr,3.5,140,-188.0
2026-09-23T19-00-13Z,2026,3,2026_03_NE_JAX,JAX,NE,2026-09-27T17:00:00Z,fanduel,player_receptions,rec_catches,Romeo Doubs,3.5,120,-160.0
2026-09-23T19-00-13Z,2026,3,2026_03_NE_JAX,JAX,NE,2026-09-27T17:00:00Z,fanduel,player_receptions,rec_catches,Jakobi Meyers,3.5,-102,-130.0
2026-09-23T19-00-13Z,2026,3,2026_03_NE_JAX,JAX,NE,2026-09-27T17:00:00Z,fanduel,player_receptions,rec_catches,DeMario Douglas,2.5,-172,128.0
2026-09-23T19-00-13Z,2026,3,2026_03_NE_JAX,JAX,NE,2026-09-27T17:00:00Z,fanduel,player_receptions,rec_catches,Brenton Strange,2.5,-180,134.0
2026-09-23T19-00-13Z,2026,3,2026_03_NE_JAX,JAX,NE,2026-09-27T17:00:00Z,fanduel,player_receptions,rec_catches,Parker Washington,4.5,-148,112.0
2026-09-23T19-00-13Z,2026,3,2026_03_NE_JAX,JAX,NE,2026-09-27T17:00:00Z,fanduel,player_receptions,rec_catches,TreVeyon Henderson,1.5,-102,-130.0
2026-09-23T19-00-13Z,2026,3,2026_03_NE_JAX,JAX,NE,2026-09-27T17:00:00Z,fanduel,player_receptions,rec_catches,Bhayshul Tuten,1.5,-122,-108.0
2026-09-23T19-00-13Z,2026,3,2026_03_NE_JAX,JAX,NE,2026-09-27T17:00:00Z,fanduel,player_receptions,rec_catches,Rhamondre Stevenson,2.5,102,-136.0
2026-09-23T19-00-13Z,2026,3,2026_03_NE_JAX,JAX,NE,2026-09-27T17:00:00Z,fanduel,player_receptions,rec_catches,Mack Hollins,2.5,-172,128.0
2026-09-23T19-00-13Z,2026,3,2026_03_NE_JAX,JAX,NE,2026-09-27T17:00:00Z,fanduel,player_receptions,rec_catches,Hunter Henry,3.5,-166,124.0
2026-09-23T19-00-13Z,2026,3,2026_03_NE_JAX,JAX,NE,2026-09-27T17:00:00Z,fanduel,player_rush_yds,rush_yards,Trevor Lawrence,16.5,-114,-114.0
2026-09-23T19-00-13Z,2026,3,2026_03_NE_JAX,JAX,NE,2026-09-27T17:00:00Z,fanduel,player_rush_yds,rush_yards,Rhamondre Stevenson,37.5,-114,-114.0
2026-09-23T19-00-13Z,2026,3,2026_03_NE_JAX,JAX,NE,2026-09-27T17:00:00Z,fanduel,player_rush_yds,rush_yards,TreVeyon Henderson,39.5,-114,-114.0
2026-09-23T19-00-13Z,2026,3,2026_03_NE_JAX,JAX,NE,2026-09-27T17:00:00Z,fanduel,player_rush_yds,rush_yards,Chris Rodriguez Jr.,20.5,-114,-114.0
2026-09-23T19-00-13Z,2026,3,2026_03_NE_JAX,JAX,NE,2026-09-27T17:00:00Z,fanduel,player_rush_yds,rush_yards,Bhayshul Tuten,52.5,-114,-114.0
2026-09-23T19-00-13Z,2026,3,2026_03_NE_JAX,JAX,NE,2026-09-27T17:00:00Z,fanduel,player_rush_yds,rush_yards,Drake Maye,25.5,-114,-114.0
2026-09-23T19-00-13Z,2026,3,2026_03_NE_JAX,JAX,NE,2026-09-27T17:00:00Z,betrivers,player_anytime_td,anytime_td,Ameer Abdullah,,850,
2026-09-23T19-00-13Z,2026,3,2026_03_NE_JAX,JAX,NE,2026-09-27T17:00:00Z,betrivers,player_anytime_td,anytime_td,Romeo Doubs,,260,
2026-09-23T19-00-13Z,2026,3,2026_03_NE_JAX,JAX,NE,2026-09-27T17:00:00Z,betrivers,player_anytime_td,anytime_td,Nate Boerkircher,,850,
2026-09-23T19-00-13Z,2026,3,2026_03_NE_JAX,JAX,NE,2026-09-27T17:00:00Z,betrivers,player_anytime_td,anytime_td,Rhamondre Stevenson,,148,
2026-09-23T19-00-13Z,2026,3,2026_03_NE_JAX,JAX,NE,2026-09-27T17:00:00Z,betrivers,player_anytime_td,anytime_td,Tanner Koziol,,2500,
2026-09-23T19-00-13Z,2026,3,2026_03_NE_JAX,JAX,NE,2026-09-27T17:00:00Z,betrivers,player_anytime_td,anytime_td,Quintin Morris,,2500,
2026-09-23T19-00-13Z,2026,3,2026_03_NE_JAX,JAX,NE,2026-09-27T17:00:00Z,betrivers,player_anytime_td,anytime_td,Drake Maye,,260,
2026-09-23T19-00-13Z,2026,3,2026_03_NE_JAX,JAX,NE,2026-09-27T17:00:00Z,betrivers,player_anytime_td,anytime_td,Efton Chism III,,1300,
2026-09-23T19-00-13Z,2026,3,2026_03_NE_JAX,JAX,NE,2026-09-27T17:00:00Z,betrivers,player_anytime_td,anytime_td,Hunter Henry,,235,
2026-09-23T19-00-13Z,2026,3,2026_03_NE_JAX,JAX,NE,2026-09-27T17:00:00Z,betrivers,player_anytime_td,anytime_td,LeQuint Allen Jr.,,850,
2026-09-23T19-00-13Z,2026,3,2026_03_NE_JAX,JAX,NE,2026-09-27T17:00:00Z,betrivers,player_anytime_td,anytime_td,CJ Williams,,1300,
2026-09-23T19-00-13Z,2026,3,2026_03_NE_JAX,JAX,NE,2026-09-27T17:00:00Z,betrivers,player_anytime_td,anytime_td,Mack Hollins,,330,
2026-09-23T19-00-13Z,2026,3,2026_03_NE_JAX,JAX,NE,2026-09-27T17:00:00Z,betrivers,player_anytime_td,anytime_td,Reggie Gilliam,,2900,
2026-09-23T19-00-13Z,2026,3,2026_03_NE_JAX,JAX,NE,2026-09-27T17:00:00Z,betrivers,player_anytime_td,anytime_td,Eli Raridon,,800,
2026-09-23T19-00-13Z,2026,3,2026_03_NE_JAX,JAX,NE,2026-09-27T17:00:00Z,betrivers,player_anytime_td,anytime_td,Josh Cameron,,1200,
2026-09-23T19-00-13Z,2026,3,2026_03_NE_JAX,JAX,NE,2026-09-27T17:00:00Z,betrivers,player_anytime_td,anytime_td,Chris Rodriguez Jr.,,230,
2026-09-23T19-00-13Z,2026,3,2026_03_NE_JAX,JAX,NE,2026-09-27T17:00:00Z,betrivers,player_anytime_td,anytime_td,Parker Washington,,170,
2026-09-23T19-00-13Z,2026,3,2026_03_NE_JAX,JAX,NE,2026-09-27T17:00:00Z,betrivers,player_anytime_td,anytime_td,Trevor Lawrence,,300,
2026-09-23T19-00-13Z,2026,3,2026_03_NE_JAX,JAX,NE,2026-09-27T17:00:00Z,betrivers,player_anytime_td,anytime_td,Kyle Williams,,1200,
2026-09-23T19-00-13Z,2026,3,2026_03_NE_JAX,JAX,NE,2026-09-27T17:00:00Z,betrivers,player_anytime_td,anytime_td,TreVeyon Henderson,,155,
2026-09-23T19-00-13Z,2026,3,2026_03_NE_JAX,JAX,NE,2026-09-27T17:00:00Z,betrivers,player_anytime_td,anytime_td,Bhayshul Tuten,,155,
2026-09-23T19-00-13Z,2026,3,2026_03_NE_JAX,JAX,NE,2026-09-27T17:00:00Z,betrivers,player_anytime_td,anytime_td,Cameron Latu,,1600,
2026-09-23T19-00-13Z,2026,3,2026_03_NE_JAX,JAX,NE,2026-09-27T17:00:00Z,betrivers,player_anytime_td,anytime_td,Tanner Arkin,,2500,
2026-09-23T19-00-13Z,2026,3,2026_03_NE_JAX,JAX,NE,2026-09-27T17:00:00Z,betrivers,player_anytime_td,anytime_td,Travis Hunter,,900,
2026-09-23T19-00-13Z,2026,3,2026_03_NE_JAX,JAX,NE,2026-09-27T17:00:00Z,betrivers,player_anytime_td,anytime_td,Corey Kiner,,1500,
2026-09-23T19-00-13Z,2026,3,2026_03_NE_JAX,JAX,NE,2026-09-27T17:00:00Z,betrivers,player_anytime_td,anytime_td,Jakobi Meyers,,255,
2026-09-23T19-00-13Z,2026,3,2026_03_NE_JAX,JAX,NE,2026-09-27T17:00:00Z,betrivers,player_anytime_td,anytime_td,DeMario Douglas,,375,
2026-09-23T19-00-13Z,2026,3,2026_03_NE_JAX,JAX,NE,2026-09-27T17:00:00Z,betrivers,player_anytime_td,anytime_td,Brian Thomas Jr,,280,
2026-09-23T19-00-13Z,2026,3,2026_03_NE_JAX,JAX,NE,2026-09-27T17:00:00Z,betrivers,player_anytime_td,anytime_td,Brenton Strange,,295,
2026-09-23T19-00-13Z,2026,3,2026_03_NE_JAX,JAX,NE,2026-09-27T17:00:00Z,betrivers,player_pass_yds,pass_yards,Drake Maye,213.5,-115,-115.0
2026-09-23T19-00-13Z,2026,3,2026_03_NE_JAX,JAX,NE,2026-09-27T17:00:00Z,betrivers,player_pass_yds,pass_yards,Trevor Lawrence,220.5,-117,-114.0
2026-09-23T19-00-13Z,2026,3,2026_03_NE_JAX,JAX,NE,2026-09-27T17:00:00Z,betrivers,player_reception_yds,rec_yards,TreVeyon Henderson,7.5,-120,-112.0
2026-09-23T19-00-13Z,2026,3,2026_03_NE_JAX,JAX,NE,2026-09-27T17:00:00Z,betrivers,player_reception_yds,rec_yards,Rhamondre Stevenson,14.5,-121,-110.0
2026-09-23T19-00-13Z,2026,3,2026_03_NE_JAX,JAX,NE,2026-09-27T17:00:00Z,betrivers,player_reception_yds,rec_yards,Bhayshul Tuten,9.5,-113,-118.0
2026-09-23T19-00-13Z,2026,3,2026_03_NE_JAX,JAX,NE,2026-09-27T17:00:00Z,betrivers,player_reception_yds,rec_yards,Parker Washington,60.5,-118,-113.0
2026-09-23T19-00-13Z,2026,3,2026_03_NE_JAX,JAX,NE,2026-09-27T17:00:00Z,betrivers,player_reception_yds,rec_yards,Brenton Strange,29.5,-113,-118.0
2026-09-23T19-00-13Z,2026,3,2026_03_NE_JAX,JAX,NE,2026-09-27T17:00:00Z,betrivers,player_reception_yds,rec_yards,Hunter Henry,41.5,-115,-115.0
2026-09-23T19-00-13Z,2026,3,2026_03_NE_JAX,JAX,NE,2026-09-27T17:00:00Z,betrivers,player_reception_yds,rec_yards,Romeo Doubs,41.5,-117,-113.0
2026-09-23T19-00-13Z,2026,3,2026_03_NE_JAX,JAX,NE,2026-09-27T17:00:00Z,betrivers,player_reception_yds,rec_yards,Mack Hollins,33.5,-115,-115.0
2026-09-23T19-00-13Z,2026,3,2026_03_NE_JAX,JAX,NE,2026-09-27T17:00:00Z,betrivers,player_reception_yds,rec_yards,Jakobi Meyers,34.5,-115,-115.0
2026-09-23T19-00-13Z,2026,3,2026_03_NE_JAX,JAX,NE,2026-09-27T17:00:00Z,betrivers,player_reception_yds,rec_yards,Brian Thomas Jr,37.5,-118,-113.0
2026-09-23T19-00-13Z,2026,3,2026_03_NE_JAX,JAX,NE,2026-09-27T17:00:00Z,betrivers,player_reception_yds,rec_yards,DeMario Douglas,29.5,-112,-118.0
2026-09-23T19-00-13Z,2026,3,2026_03_NE_JAX,JAX,NE,2026-09-27T17:00:00Z,betrivers,player_receptions,rec_catches,Brian Thomas Jr,3.5,123,
2026-09-23T19-00-13Z,2026,3,2026_03_NE_JAX,JAX,NE,2026-09-27T17:00:00Z,betrivers,player_receptions,rec_catches,Jakobi Meyers,3.5,-108,
2026-09-23T19-00-13Z,2026,3,2026_03_NE_JAX,JAX,NE,2026-09-27T17:00:00Z,betrivers,player_receptions,rec_catches,Bhayshul Tuten,1.5,-115,
2026-09-23T19-00-13Z,2026,3,2026_03_NE_JAX,JAX,NE,2026-09-27T17:00:00Z,betrivers,player_receptions,rec_catches,Parker Washington,4.5,-137,
2026-09-23T19-00-13Z,2026,3,2026_03_NE_JAX,JAX,NE,2026-09-27T17:00:00Z,betrivers,player_receptions,rec_catches,Brenton Strange,2.5,-180,
2026-09-23T19-00-13Z,2026,3,2026_03_NE_JAX,JAX,NE,2026-09-27T17:00:00Z,betrivers,player_receptions,rec_catches,DeMario Douglas,2.5,-167,
2026-09-23T19-00-13Z,2026,3,2026_03_NE_JAX,JAX,NE,2026-09-27T17:00:00Z,betrivers,player_receptions,rec_catches,Rhamondre Stevenson,2.5,100,
2026-09-23T19-00-13Z,2026,3,2026_03_NE_JAX,JAX,NE,2026-09-27T17:00:00Z,betrivers,player_receptions,rec_catches,Hunter Henry,3.5,-148,
2026-09-23T19-00-13Z,2026,3,2026_03_NE_JAX,JAX,NE,2026-09-27T17:00:00Z,betrivers,player_receptions,rec_catches,Romeo Doubs,3.5,123,
2026-09-23T19-00-13Z,2026,3,2026_03_NE_JAX,JAX,NE,2026-09-27T17:00:00Z,betrivers,player_receptions,rec_catches,TreVeyon Henderson,1.5,102,
2026-09-23T19-00-13Z,2026,3,2026_03_NE_JAX,JAX,NE,2026-09-27T17:00:00Z,betrivers,player_receptions,rec_catches,Mack Hollins,2.5,-165,
2026-09-23T19-00-13Z,2026,3,2026_03_NE_JAX,JAX,NE,2026-09-27T17:00:00Z,betrivers,player_rush_yds,rush_yards,Rhamondre Stevenson,37.5,-112,-120.0
2026-09-23T19-00-13Z,2026,3,2026_03_NE_JAX,JAX,NE,2026-09-27T17:00:00Z,betrivers,player_rush_yds,rush_yards,Trevor Lawrence,16.5,-117,-114.0
2026-09-23T19-00-13Z,2026,3,2026_03_NE_JAX,JAX,NE,2026-09-27T17:00:00Z,betrivers,player_rush_yds,rush_yards,Bhayshul Tuten,54.5,-118,-113.0
2026-09-23T19-00-13Z,2026,3,2026_03_NE_JAX,JAX,NE,2026-09-27T17:00:00Z,betrivers,player_rush_yds,rush_yards,Chris Rodriguez Jr.,20.5,-120,-112.0
2026-09-23T19-00-13Z,2026,3,2026_03_NE_JAX,JAX,NE,2026-09-27T17:00:00Z,betrivers,player_rush_yds,rush_yards,Drake Maye,25.5,-113,-118.0
2026-09-23T19-00-13Z,2026,3,2026_03_NE_JAX,JAX,NE,2026-09-27T17:00:00Z,betrivers,player_rush_yds,rush_yards,TreVeyon Henderson,42.5,-117,-114.0
2026-09-23T19-00-13Z,2026,3,2026_03_NE_JAX,JAX,NE,2026-09-27T17:00:00Z,betonlineag,player_anytime_td,anytime_td,DeMario Douglas,,350,
2026-09-23T19-00-13Z,2026,3,2026_03_NE_JAX,JAX,NE,2026-09-27T17:00:00Z,betonlineag,player_anytime_td,anytime_td,Hunter Henry,,230,
2026-09-23T19-00-13Z,2026,3,2026_03_NE_JAX,JAX,NE,2026-09-27T17:00:00Z,betonlineag,player_anytime_td,anytime_td,Mack Hollins,,300,
2026-09-23T19-00-13Z,2026,3,2026_03_NE_JAX,JAX,NE,2026-09-27T17:00:00Z,betonlineag,player_anytime_td,anytime_td,Drake Maye,,260,
2026-09-23T19-00-13Z,2026,3,2026_03_NE_JAX,JAX,NE,2026-09-27T17:00:00Z,betonlineag,player_anytime_td,anytime_td,Brian Thomas Jr,,220,
2026-09-23T19-00-13Z,2026,3,2026_03_NE_JAX,JAX,NE,2026-09-27T17:00:00Z,betonlineag,player_anytime_td,anytime_td,Parker Washington,,150,
2026-09-23T19-00-13Z,2026,3,2026_03_NE_JAX,JAX,NE,2026-09-27T17:00:00Z,betonlineag,player_anytime_td,anytime_td,Rhamondre Stevenson,,120,
2026-09-23T19-00-13Z,2026,3,2026_03_NE_JAX,JAX,NE,2026-09-27T17:00:00Z,betonlineag,player_anytime_td,anytime_td,Trevor Lawrence,,270,
2026-09-23T19-00-13Z,2026,3,2026_03_NE_JAX,JAX,NE,2026-09-27T17:00:00Z,betonlineag,player_anytime_td,anytime_td,Brenton Strange,,250,
2026-09-23T19-00-13Z,2026,3,2026_03_NE_JAX,JAX,NE,2026-09-27T17:00:00Z,betonlineag,player_anytime_td,anytime_td,Bhayshul Tuten,,110,
2026-09-23T19-00-13Z,2026,3,2026_03_NE_JAX,JAX,NE,2026-09-27T17:00:00Z,betonlineag,player_anytime_td,anytime_td,Efton Chism III,,1100,
2026-09-23T19-00-13Z,2026,3,2026_03_NE_JAX,JAX,NE,2026-09-27T17:00:00Z,betonlineag,player_anytime_td,anytime_td,Quintin Morris,,1400,
2026-09-23T19-00-13Z,2026,3,2026_03_NE_JAX,JAX,NE,2026-09-27T17:00:00Z,betonlineag,player_anytime_td,anytime_td,Travis Hunter,,900,
2026-09-23T19-00-13Z,2026,3,2026_03_NE_JAX,JAX,NE,2026-09-27T17:00:00Z,betonlineag,player_anytime_td,anytime_td,Kyle Williams,,900,
2026-09-23T19-00-13Z,2026,3,2026_03_NE_JAX,JAX,NE,2026-09-27T17:00:00Z,betonlineag,player_anytime_td,anytime_td,TreVeyon Henderson,,170,
2026-09-23T19-00-13Z,2026,3,2026_03_NE_JAX,JAX,NE,2026-09-27T17:00:00Z,betonlineag,player_anytime_td,anytime_td,LeQuint Allen Jr.,,750,
2026-09-23T19-00-13Z,2026,3,2026_03_NE_JAX,JAX,NE,2026-09-27T17:00:00Z,betonlineag,player_anytime_td,anytime_td,Reggie Gilliam,,1900,
2026-09-23T19-00-13Z,2026,3,2026_03_NE_JAX,JAX,NE,2026-09-27T17:00:00Z,betonlineag,player_anytime_td,anytime_td,Tanner Arkin,,3400,
2026-09-23T19-00-13Z,2026,3,2026_03_NE_JAX,JAX,NE,2026-09-27T17:00:00Z,betonlineag,player_anytime_td,anytime_td,Jakobi Meyers,,240,
2026-09-23T19-00-13Z,2026,3,2026_03_NE_JAX,JAX,NE,2026-09-27T17:00:00Z,betonlineag,player_anytime_td,anytime_td,Romeo Doubs,,280,
2026-09-23T19-00-13Z,2026,3,2026_03_NE_JAX,JAX,NE,2026-09-27T17:00:00Z,betonlineag,player_anytime_td,anytime_td,Chris Rodriguez Jr.,,200,
2026-09-23T19-00-13Z,2026,3,2026_03_NE_JAX,JAX,NE,2026-09-27T17:00:00Z,betonlineag,player_anytime_td,anytime_td,Eli Raridon,,800,
2026-09-23T19-00-13Z,2026,3,2026_03_NE_JAX,JAX,NE,2026-09-27T17:00:00Z,betonlineag,player_anytime_td,anytime_td,Ameer Abdullah,,650,
2026-09-23T19-00-13Z,2026,3,2026_03_NE_JAX,JAX,NE,2026-09-27T17:00:00Z,betonlineag,player_anytime_td,anytime_td,Corey Kiner,,1000,
2026-09-23T19-00-13Z,2026,3,2026_03_NE_JAX,JAX,NE,2026-09-27T17:00:00Z,betonlineag,player_anytime_td,anytime_td,Nate Boerkircher,,650,
2026-09-23T19-00-13Z,2026,3,2026_03_NE_JAX,JAX,NE,2026-09-27T17:00:00Z,betonlineag,player_anytime_td,anytime_td,Josh Cameron,,1000,
2026-09-23T19-00-13Z,2026,3,2026_03_NE_JAX,JAX,NE,2026-09-27T17:00:00Z,betonlineag,player_anytime_td,anytime_td,CJ Williams,,1100,
2026-09-23T19-00-13Z,2026,3,2026_03_NE_JAX,JAX,NE,2026-09-27T17:00:00Z,betonlineag,player_pass_yds,pass_yards,Trevor Lawrence,224.5,-115,-112.0
2026-09-23T19-00-13Z,2026,3,2026_03_NE_JAX,JAX,NE,2026-09-27T17:00:00Z,betonlineag,player_pass_yds,pass_yards,Drake Maye,216.5,-114,-114.0
2026-09-23T19-00-13Z,2026,3,2026_03_NE_JAX,JAX,NE,2026-09-27T17:00:00Z,betonlineag,player_reception_yds,rec_yards,Bhayshul Tuten,9.5,-114,-114.0
2026-09-23T19-00-13Z,2026,3,2026_03_NE_JAX,JAX,NE,2026-09-27T17:00:00Z,betonlineag,player_reception_yds,rec_yards,Brian Thomas Jr,38.5,-115,-112.0
2026-09-23T19-00-13Z,2026,3,2026_03_NE_JAX,JAX,NE,2026-09-27T17:00:00Z,betonlineag,player_reception_yds,rec_yards,Jakobi Meyers,34.5,-114,-114.0
2026-09-23T19-00-13Z,2026,3,2026_03_NE_JAX,JAX,NE,2026-09-27T17:00:00Z,betonlineag,player_reception_yds,rec_yards,Romeo Doubs,42.5,-114,-114.0
2026-09-23T19-00-13Z,2026,3,2026_03_NE_JAX,JAX,NE,2026-09-27T17:00:00Z,betonlineag,player_reception_yds,rec_yards,TreVeyon Henderson,8.5,-122,-106.0
2026-09-23T19-00-13Z,2026,3,2026_03_NE_JAX,JAX,NE,2026-09-27T17:00:00Z,betonlineag,player_reception_yds,rec_yards,Rhamondre Stevenson,13.5,-119,-109.0
2026-09-23T19-00-13Z,2026,3,2026_03_NE_JAX,JAX,NE,2026-09-27T17:00:00Z,betonlineag,player_reception_yds,rec_yards,Mack Hollins,33.5,-114,-114.0
2026-09-23T19-00-13Z,2026,3,2026_03_NE_JAX,JAX,NE,2026-09-27T17:00:00Z,betonlineag,player_reception_yds,rec_yards,DeMario Douglas,28.5,-114,-114.0
2026-09-23T19-00-13Z,2026,3,2026_03_NE_JAX,JAX,NE,2026-09-27T17:00:00Z,betonlineag,player_reception_yds,rec_yards,Hunter Henry,41.5,-115,-112.0
2026-09-23T19-00-13Z,2026,3,2026_03_NE_JAX,JAX,NE,2026-09-27T17:00:00Z,betonlineag,player_reception_yds,rec_yards,Parker Washington,61.5,-114,-114.0
2026-09-23T19-00-13Z,2026,3,2026_03_NE_JAX,JAX,NE,2026-09-27T17:00:00Z,betonlineag,player_reception_yds,rec_yards,Brenton Strange,27.5,-115,-112.0
2026-09-23T19-00-13Z,2026,3,2026_03_NE_JAX,JAX,NE,2026-09-27T17:00:00Z,betonlineag,player_receptions,rec_catches,Jakobi Meyers,3.5,100,-130.0
2026-09-23T19-00-13Z,2026,3,2026_03_NE_JAX,JAX,NE,2026-09-27T17:00:00Z,betonlineag,player_receptions,rec_catches,Bhayshul Tuten,1.5,-122,-106.0
2026-09-23T19-00-13Z,2026,3,2026_03_NE_JAX,JAX,NE,2026-09-27T17:00:00Z,betonlineag,player_receptions,rec_catches,Parker Washington,4.5,-141,108.0
2026-09-23T19-00-13Z,2026,3,2026_03_NE_JAX,JAX,NE,2026-09-27T17:00:00Z,betonlineag,player_receptions,rec_catches,TreVeyon Henderson,1.5,-108,-120.0
2026-09-23T19-00-13Z,2026,3,2026_03_NE_JAX,JAX,NE,2026-09-27T17:00:00Z,betonlineag,player_receptions,rec_catches,Mack Hollins,2.5,-164,126.0
2026-09-23T19-00-13Z,2026,3,2026_03_NE_JAX,JAX,NE,2026-09-27T17:00:00Z,betonlineag,player_receptions,rec_catches,Rhamondre Stevenson,2.5,110,-143.0
2026-09-23T19-00-13Z,2026,3,2026_03_NE_JAX,JAX,NE,2026-09-27T17:00:00Z,betonlineag,player_receptions,rec_catches,Brian Thomas Jr,2.5,-164,125.0
2026-09-23T19-00-13Z,2026,3,2026_03_NE_JAX,JAX,NE,2026-09-27T17:00:00Z,betonlineag,player_receptions,rec_catches,Hunter Henry,3.5,-152,116.0
2026-09-23T19-00-13Z,2026,3,2026_03_NE_JAX,JAX,NE,2026-09-27T17:00:00Z,betonlineag,player_receptions,rec_catches,DeMario Douglas,2.5,-172,131.0
2026-09-23T19-00-13Z,2026,3,2026_03_NE_JAX,JAX,NE,2026-09-27T17:00:00Z,betonlineag,player_receptions,rec_catches,Romeo Doubs,3.5,124,-161.0
2026-09-23T19-00-13Z,2026,3,2026_03_NE_JAX,JAX,NE,2026-09-27T17:00:00Z,betonlineag,player_receptions,rec_catches,Brenton Strange,2.5,-172,132.0
2026-09-23T19-00-13Z,2026,3,2026_03_NE_JAX,JAX,NE,2026-09-27T17:00:00Z,betonlineag,player_rush_yds,rush_yards,Drake Maye,25.5,-116,-111.0
2026-09-23T19-00-13Z,2026,3,2026_03_NE_JAX,JAX,NE,2026-09-27T17:00:00Z,betonlineag,player_rush_yds,rush_yards,Trevor Lawrence,15.5,-112,-115.0
2026-09-23T19-00-13Z,2026,3,2026_03_NE_JAX,JAX,NE,2026-09-27T17:00:00Z,betonlineag,player_rush_yds,rush_yards,Rhamondre Stevenson,37.5,-114,-114.0
2026-09-23T19-00-13Z,2026,3,2026_03_NE_JAX,JAX,NE,2026-09-27T17:00:00Z,betonlineag,player_rush_yds,rush_yards,Chris Rodriguez Jr.,20.5,-115,-112.0
2026-09-23T19-00-13Z,2026,3,2026_03_NE_JAX,JAX,NE,2026-09-27T17:00:00Z,betonlineag,player_rush_yds,rush_yards,Bhayshul Tuten,52.5,-111,-116.0
2026-09-23T19-00-13Z,2026,3,2026_03_NE_JAX,JAX,NE,2026-09-27T17:00:00Z,betonlineag,player_rush_yds,rush_yards,TreVeyon Henderson,40.5,-116,-111.0
2026-09-23T19-00-13Z,2026,3,2026_03_NE_JAX,JAX,NE,2026-09-27T17:00:00Z,betmgm,player_anytime_td,anytime_td,Bhayshul Tuten,,110,
2026-09-23T19-00-13Z,2026,3,2026_03_NE_JAX,JAX,NE,2026-09-27T17:00:00Z,betmgm,player_anytime_td,anytime_td,Cameron Latu,,2200,
2026-09-23T19-00-13Z,2026,3,2026_03_NE_JAX,JAX,NE,2026-09-27T17:00:00Z,betmgm,player_anytime_td,anytime_td,Corey Kiner,,2200,
2026-09-23T19-00-13Z,2026,3,2026_03_NE_JAX,JAX,NE,2026-09-27T17:00:00Z,betmgm,player_anytime_td,anytime_td,Romeo Doubs,,250,
2026-09-23T19-00-13Z,2026,3,2026_03_NE_JAX,JAX,NE,2026-09-27T17:00:00Z,betmgm,player_anytime_td,anytime_td,New England Patriots D/ST,,575,
2026-09-23T19-00-13Z,2026,3,2026_03_NE_JAX,JAX,NE,2026-09-27T17:00:00Z,betmgm,player_anytime_td,anytime_td,Travis Hunter,,1100,
2026-09-23T19-00-13Z,2026,3,2026_03_NE_JAX,JAX,NE,2026-09-27T17:00:00Z,betmgm,player_anytime_td,anytime_td,Quintin Morris,,950,
2026-09-23T19-00-13Z,2026,3,2026_03_NE_JAX,JAX,NE,2026-09-27T17:00:00Z,betmgm,player_anytime_td,anytime_td,DeMario Douglas,,333,
2026-09-23T19-00-13Z,2026,3,2026_03_NE_JAX,JAX,NE,2026-09-27T17:00:00Z,betmgm,player_anytime_td,anytime_td,Kyle Williams,,800,
2026-09-23T19-00-13Z,2026,3,2026_03_NE_JAX,JAX,NE,2026-09-27T17:00:00Z,betmgm,player_anytime_td,anytime_td,Jakobi Meyers,,300,
2026-09-23T19-00-13Z,2026,3,2026_03_NE_JAX,JAX,NE,2026-09-27T17:00:00Z,betmgm,player_anytime_td,anytime_td,Eli Raridon,,675,
2026-09-23T19-00-13Z,2026,3,2026_03_NE_JAX,JAX,NE,2026-09-27T17:00:00Z,betmgm,player_anytime_td,anytime_td,LeQuint Allen Jr.,,950,
2026-09-23T19-00-13Z,2026,3,2026_03_NE_JAX,JAX,NE,2026-09-27T17:00:00Z,betmgm,player_anytime_td,anytime_td,Efton Chism III,,2500,
2026-09-23T19-00-13Z,2026,3,2026_03_NE_JAX,JAX,NE,2026-09-27T17:00:00Z,betmgm,player_anytime_td,anytime_td,Rhamondre Stevenson,,150,
2026-09-23T19-00-13Z,2026,3,2026_03_NE_JAX,JAX,NE,2026-09-27T17:00:00Z,betmgm,player_anytime_td,anytime_td,Brian Thomas Jr,,270,
2026-09-23T19-00-13Z,2026,3,2026_03_NE_JAX,JAX,NE,2026-09-27T17:00:00Z,betmgm,player_anytime_td,anytime_td,Drake Maye,,230,
2026-09-23T19-00-13Z,2026,3,2026_03_NE_JAX,JAX,NE,2026-09-27T17:00:00Z,betmgm,player_anytime_td,anytime_td,Parker Washington,,155,
2026-09-23T19-00-13Z,2026,3,2026_03_NE_JAX,JAX,NE,2026-09-27T17:00:00Z,betmgm,player_anytime_td,anytime_td,Chris Rodriguez Jr.,,165,
2026-09-23T19-00-13Z,2026,3,2026_03_NE_JAX,JAX,NE,2026-09-27T17:00:00Z,betmgm,player_anytime_td,anytime_td,TreVeyon Henderson,,160,
2026-09-23T19-00-13Z,2026,3,2026_03_NE_JAX,JAX,NE,2026-09-27T17:00:00Z,betmgm,player_anytime_td,anytime_td,Nate Boerkircher,,950,
2026-09-23T19-00-13Z,2026,3,2026_03_NE_JAX,JAX,NE,2026-09-27T17:00:00Z,betmgm,player_anytime_td,anytime_td,Mack Hollins,,310,
2026-09-23T19-00-13Z,2026,3,2026_03_NE_JAX,JAX,NE,2026-09-27T17:00:00Z,betmgm,player_anytime_td,anytime_td,Josh Cameron,,900,
2026-09-23T19-00-13Z,2026,3,2026_03_NE_JAX,JAX,NE,2026-09-27T17:00:00Z,betmgm,player_anytime_td,anytime_td,Hunter Henry,,240,
2026-09-23T19-00-13Z,2026,3,2026_03_NE_JAX,JAX,NE,2026-09-27T17:00:00Z,betmgm,player_anytime_td,anytime_td,Jacksonville Jaguars D/ST,,475,
2026-09-23T19-00-13Z,2026,3,2026_03_NE_JAX,JAX,NE,2026-09-27T17:00:00Z,betmgm,player_anytime_td,anytime_td,CJ Williams,,1400,
2026-09-23T19-00-13Z,2026,3,2026_03_NE_JAX,JAX,NE,2026-09-27T17:00:00Z,betmgm,player_anytime_td,anytime_td,Ameer Abdullah,,775,
2026-09-23T19-00-13Z,2026,3,2026_03_NE_JAX,JAX,NE,2026-09-27T17:00:00Z,betmgm,player_anytime_td,anytime_td,Trevor Lawrence,,360,
2026-09-23T19-00-13Z,2026,3,2026_03_NE_JAX,JAX,NE,2026-09-27T17:00:00Z,betmgm,player_anytime_td,anytime_td,Brenton Strange,,280,
2026-09-23T19-00-13Z,2026,3,2026_03_NE_JAX,JAX,NE,2026-09-27T17:00:00Z,bovada,player_anytime_td,anytime_td,CJ Williams,,1400,
2026-09-23T19-00-13Z,2026,3,2026_03_NE_JAX,JAX,NE,2026-09-27T17:00:00Z,bovada,player_anytime_td,anytime_td,TreVeyon Henderson,,175,
2026-09-23T19-00-13Z,2026,3,2026_03_NE_JAX,JAX,NE,2026-09-27T17:00:00Z,bovada,player_anytime_td,anytime_td,Drake Maye,,265,
2026-09-23T19-00-13Z,2026,3,2026_03_NE_JAX,JAX,NE,2026-09-27T17:00:00Z,bovada,player_anytime_td,anytime_td,Parker Washington,,165,
2026-09-23T19-00-13Z,2026,3,2026_03_NE_JAX,JAX,NE,2026-09-27T17:00:00Z,bovada,player_anytime_td,anytime_td,Bhayshul Tuten,,160,
2026-09-23T19-00-13Z,2026,3,2026_03_NE_JAX,JAX,NE,2026-09-27T17:00:00Z,bovada,player_anytime_td,anytime_td,Mack Hollins,,320,
2026-09-23T19-00-13Z,2026,3,2026_03_NE_JAX,JAX,NE,2026-09-27T17:00:00Z,bovada,player_anytime_td,anytime_td,DeMario Douglas,,360,
2026-09-23T19-00-13Z,2026,3,2026_03_NE_JAX,JAX,NE,2026-09-27T17:00:00Z,bovada,player_anytime_td,anytime_td,Rhamondre Stevenson,,145,
2026-09-23T19-00-13Z,2026,3,2026_03_NE_JAX,JAX,NE,2026-09-27T17:00:00Z,bovada,player_anytime_td,anytime_td,Romeo Doubs,,290,
2026-09-23T19-00-13Z,2026,3,2026_03_NE_JAX,JAX,NE,2026-09-27T17:00:00Z,bovada,player_anytime_td,anytime_td,Hunter Henry,,235,
2026-09-23T19-00-13Z,2026,3,2026_03_NE_JAX,JAX,NE,2026-09-27T17:00:00Z,bovada,player_anytime_td,anytime_td,Jakobi Meyers,,265,
2026-09-23T19-00-13Z,2026,3,2026_03_NE_JAX,JAX,NE,2026-09-27T17:00:00Z,bovada,player_anytime_td,anytime_td,Chris Rodriguez Jr.,,225,
2026-09-23T19-00-13Z,2026,3,2026_03_NE_JAX,JAX,NE,2026-09-27T17:00:00Z,bovada,player_anytime_td,anytime_td,Brenton Strange,,300,
2026-09-23T19-00-13Z,2026,3,2026_03_NE_JAX,JAX,NE,2026-09-27T17:00:00Z,bovada,player_anytime_td,anytime_td,Nate Boerkircher,,800,
2026-09-23T19-00-13Z,2026,3,2026_03_NE_JAX,JAX,NE,2026-09-27T17:00:00Z,bovada,player_anytime_td,anytime_td,Brian Thomas Jr,,260,
2026-09-23T19-00-13Z,2026,3,2026_03_NE_JAX,JAX,NE,2026-09-27T17:00:00Z,bovada,player_anytime_td,anytime_td,Jacksonville Jaguars D/ST,,800,
2026-09-23T19-00-13Z,2026,3,2026_03_NE_JAX,JAX,NE,2026-09-27T17:00:00Z,bovada,player_anytime_td,anytime_td,New England Patriots D/ST,,725,
2026-09-23T19-00-13Z,2026,3,2026_03_NE_JAX,JAX,NE,2026-09-27T17:00:00Z,bovada,player_anytime_td,anytime_td,Trevor Lawrence,,270,
2026-09-23T19-00-13Z,2026,3,2026_03_NE_JAX,JAX,NE,2026-09-27T17:00:00Z,bovada,player_anytime_td,anytime_td,Ameer Abdullah,,800,
2026-09-23T19-00-13Z,2026,3,2026_03_NE_JAX,JAX,NE,2026-09-27T17:00:00Z,bovada,player_anytime_td,anytime_td,LeQuint Allen Jr.,,800,
2026-09-23T19-00-13Z,2026,3,2026_03_NE_JAX,JAX,NE,2026-09-27T17:00:00Z,bovada,player_anytime_td,anytime_td,Josh Cameron,,1200,
2026-09-23T19-00-13Z,2026,3,2026_03_NE_JAX,JAX,NE,2026-09-27T17:00:00Z,bovada,player_anytime_td,anytime_td,Travis Hunter,,1100,
2026-09-23T19-00-13Z,2026,3,2026_03_NE_JAX,JAX,NE,2026-09-27T17:00:00Z,bovada,player_anytime_td,anytime_td,Quintin Morris,,2500,
2026-09-23T19-00-13Z,2026,3,2026_03_NE_JAX,JAX,NE,2026-09-27T17:00:00Z,bovada,player_anytime_td,anytime_td,Corey Kiner,,1700,
2026-09-23T19-00-13Z,2026,3,2026_03_NE_JAX,JAX,NE,2026-09-27T17:00:00Z,bovada,player_anytime_td,anytime_td,Eli Raridon,,825,
2026-09-23T19-00-13Z,2026,3,2026_03_NE_JAX,JAX,NE,2026-09-27T17:00:00Z,bovada,player_anytime_td,anytime_td,Efton Chism III,,1400,
2026-09-23T19-00-13Z,2026,3,2026_03_NE_JAX,JAX,NE,2026-09-27T17:00:00Z,bovada,player_anytime_td,anytime_td,Cameron Latu,,1300,
2026-09-23T19-00-13Z,2026,3,2026_03_NE_JAX,JAX,NE,2026-09-27T17:00:00Z,bovada,player_anytime_td,anytime_td,Reggie Gilliam,,2800,
2026-09-23T19-00-13Z,2026,3,2026_03_NE_JAX,JAX,NE,2026-09-27T17:00:00Z,bovada,player_anytime_td,anytime_td,Kyle Williams,,900,
2026-09-23T19-00-13Z,2026,3,2026_03_NE_JAX,JAX,NE,2026-09-27T17:00:00Z,bovada,player_pass_yds,pass_yards,Drake Maye,217.5,-115,-115.0
2026-09-23T19-00-13Z,2026,3,2026_03_NE_JAX,JAX,NE,2026-09-27T17:00:00Z,bovada,player_pass_yds,pass_yards,Trevor Lawrence,224.5,-115,-115.0
2026-09-23T19-00-13Z,2026,3,2026_03_NE_JAX,JAX,NE,2026-09-27T17:00:00Z,bovada,player_reception_yds,rec_yards,Bhayshul Tuten,8.5,-120,-110.0
2026-09-23T19-00-13Z,2026,3,2026_03_NE_JAX,JAX,NE,2026-09-27T17:00:00Z,bovada,player_reception_yds,rec_yards,Brenton Strange,27.5,-120,-110.0
2026-09-23T19-00-13Z,2026,3,2026_03_NE_JAX,JAX,NE,2026-09-27T17:00:00Z,bovada,player_reception_yds,rec_yards,Brian Thomas Jr,38.5,-115,-115.0
2026-09-23T19-00-13Z,2026,3,2026_03_NE_JAX,JAX,NE,2026-09-27T17:00:00Z,bovada,player_reception_yds,rec_yards,DeMario Douglas,29.5,-115,-115.0
2026-09-23T19-00-13Z,2026,3,2026_03_NE_JAX,JAX,NE,2026-09-27T17:00:00Z,bovada,player_reception_yds,rec_yards,Hunter Henry,41.5,-120,-110.0
2026-09-23T19-00-13Z,2026,3,2026_03_NE_JAX,JAX,NE,2026-09-27T17:00:00Z,bovada,player_reception_yds,rec_yards,Jakobi Meyers,34.5,-115,-115.0
2026-09-23T19-00-13Z,2026,3,2026_03_NE_JAX,JAX,NE,2026-09-27T17:00:00Z,bovada,player_reception_yds,rec_yards,Mack Hollins,33.5,-115,-115.0
2026-09-23T19-00-13Z,2026,3,2026_03_NE_JAX,JAX,NE,2026-09-27T17:00:00Z,bovada,player_reception_yds,rec_yards,Parker Washington,62.5,-115,-115.0
2026-09-23T19-00-13Z,2026,3,2026_03_NE_JAX,JAX,NE,2026-09-27T17:00:00Z,bovada,player_reception_yds,rec_yards,Rhamondre Stevenson,13.5,-120,-110.0
2026-09-23T19-00-13Z,2026,3,2026_03_NE_JAX,JAX,NE,2026-09-27T17:00:00Z,bovada,player_reception_yds,rec_yards,Romeo Doubs,42.5,-115,-115.0
2026-09-23T19-00-13Z,2026,3,2026_03_NE_JAX,JAX,NE,2026-09-27T17:00:00Z,bovada,player_reception_yds,rec_yards,TreVeyon Henderson,8.5,-120,-110.0
2026-09-23T19-00-13Z,2026,3,2026_03_NE_JAX,JAX,NE,2026-09-27T17:00:00Z,bovada,player_receptions,rec_catches,Bhayshul Tuten,1.5,-120,-110.0
2026-09-23T19-00-13Z,2026,3,2026_03_NE_JAX,JAX,NE,2026-09-27T17:00:00Z,bovada,player_receptions,rec_catches,Brenton Strange,3.5,135,-180.0
2026-09-23T19-00-13Z,2026,3,2026_03_NE_JAX,JAX,NE,2026-09-27T17:00:00Z,bovada,player_receptions,rec_catches,Brian Thomas Jr,2.5,-170,130.0
2026-09-23T19-00-13Z,2026,3,2026_03_NE_JAX,JAX,NE,2026-09-27T17:00:00Z,bovada,player_receptions,rec_catches,DeMario Douglas,2.5,-180,135.0
2026-09-23T19-00-13Z,2026,3,2026_03_NE_JAX,JAX,NE,2026-09-27T17:00:00Z,bovada,player_receptions,rec_catches,Hunter Henry,3.5,-135,105.0
2026-09-23T19-00-13Z,2026,3,2026_03_NE_JAX,JAX,NE,2026-09-27T17:00:00Z,bovada,player_receptions,rec_catches,Jakobi Meyers,3.5,100,-130.0
2026-09-23T19-00-13Z,2026,3,2026_03_NE_JAX,JAX,NE,2026-09-27T17:00:00Z,bovada,player_receptions,rec_catches,Mack Hollins,2.5,-170,130.0
2026-09-23T19-00-13Z,2026,3,2026_03_NE_JAX,JAX,NE,2026-09-27T17:00:00Z,bovada,player_receptions,rec_catches,Parker Washington,4.5,-145,110.0
2026-09-23T19-00-13Z,2026,3,2026_03_NE_JAX,JAX,NE,2026-09-27T17:00:00Z,bovada,player_receptions,rec_catches,Rhamondre Stevenson,2.5,110,-145.0
2026-09-23T19-00-13Z,2026,3,2026_03_NE_JAX,JAX,NE,2026-09-27T17:00:00Z,bovada,player_receptions,rec_catches,Romeo Doubs,3.5,125,-165.0
2026-09-23T19-00-13Z,2026,3,2026_03_NE_JAX,JAX,NE,2026-09-27T17:00:00Z,bovada,player_receptions,rec_catches,TreVeyon Henderson,1.5,-110,-120.0
2026-09-23T19-00-13Z,2026,3,2026_03_NE_JAX,JAX,NE,2026-09-27T17:00:00Z,bovada,player_rush_yds,rush_yards,Bhayshul Tuten,52.5,-110,-120.0
2026-09-23T19-00-13Z,2026,3,2026_03_NE_JAX,JAX,NE,2026-09-27T17:00:00Z,bovada,player_rush_yds,rush_yards,Chris Rodriguez Jr.,21.5,-115,-115.0
2026-09-23T19-00-13Z,2026,3,2026_03_NE_JAX,JAX,NE,2026-09-27T17:00:00Z,bovada,player_rush_yds,rush_yards,Drake Maye,25.5,-120,-110.0
2026-09-23T19-00-13Z,2026,3,2026_03_NE_JAX,JAX,NE,2026-09-27T17:00:00Z,bovada,player_rush_yds,rush_yards,Rhamondre Stevenson,37.5,-115,-115.0
2026-09-23T19-00-13Z,2026,3,2026_03_NE_JAX,JAX,NE,2026-09-27T17:00:00Z,bovada,player_rush_yds,rush_yards,TreVeyon Henderson,42.5,-115,-115.0
2026-09-23T19-00-13Z,2026,3,2026_03_NE_JAX,JAX,NE,2026-09-27T17:00:00Z,bovada,player_rush_yds,rush_yards,Trevor Lawrence,15.5,-115,-115.0
2026-09-23T19-00-13Z,2026,3,2026_03_KC_MIA,MIA,KC,2026-09-27T17:00:00Z,draftkings,player_anytime_td,anytime_td,Kenneth Walker III,,-215,
2026-09-23T19-00-13Z,2026,3,2026_03_KC_MIA,MIA,KC,2026-09-27T17:00:00Z,draftkings,player_anytime_td,anytime_td,De'Von Achane,,100,
2026-09-23T19-00-13Z,2026,3,2026_03_KC_MIA,MIA,KC,2026-09-27T17:00:00Z,draftkings,player_anytime_td,anytime_td,Rashee Rice,,130,
2026-09-23T19-00-13Z,2026,3,2026_03_KC_MIA,MIA,KC,2026-09-27T17:00:00Z,draftkings,player_anytime_td,anytime_td,Travis Kelce,,130,
2026-09-23T19-00-13Z,2026,3,2026_03_KC_MIA,MIA,KC,2026-09-27T17:00:00Z,draftkings,player_anytime_td,anytime_td,Xavier Worthy,,175,
2026-09-23T19-00-13Z,2026,3,2026_03_KC_MIA,MIA,KC,2026-09-27T17:00:00Z,draftkings,player_anytime_td,anytime_td,Malik Willis,,300,
2026-09-23T19-00-13Z,2026,3,2026_03_KC_MIA,MIA,KC,2026-09-27T17:00:00Z,draftkings,player_anytime_td,anytime_td,Patrick Mahomes,,300,
2026-09-23T19-00-13Z,2026,3,2026_03_KC_MIA,MIA,KC,2026-09-27T17:00:00Z,draftkings,player_anytime_td,anytime_td,Emmett Johnson,,330,
2026-09-23T19-00-13Z,2026,3,2026_03_KC_MIA,MIA,KC,2026-09-27T17:00:00Z,draftkings,player_anytime_td,anytime_td,Malik Washington,,340,
2026-09-23T19-00-13Z,2026,3,2026_03_KC_MIA,MIA,KC,2026-09-27T17:00:00Z,draftkings,player_anytime_td,anytime_td,Tyquan Thornton,,390,
2026-09-23T19-00-13Z,2026,3,2026_03_KC_MIA,MIA,KC,2026-09-27T17:00:00Z,draftkings,player_anytime_td,anytime_td,Caleb Douglas,,425,
2026-09-23T19-00-13Z,2026,3,2026_03_KC_MIA,MIA,KC,2026-09-27T17:00:00Z,draftkings,player_anytime_td,anytime_td,Greg Dulcich,,500,
2026-09-23T19-00-13Z,2026,3,2026_03_KC_MIA,MIA,KC,2026-09-27T17:00:00Z,draftkings,player_anytime_td,anytime_td,Noah Gray,,550,
2026-09-23T19-00-13Z,2026,3,2026_03_KC_MIA,MIA,KC,2026-09-27T17:00:00Z,draftkings,player_anytime_td,anytime_td,Kansas City Chiefs D/ST,,550,
2026-09-23T19-00-13Z,2026,3,2026_03_KC_MIA,MIA,KC,2026-09-27T17:00:00Z,draftkings,player_anytime_td,anytime_td,Miami Dolphins D/ST,,750,
2026-09-23T19-00-13Z,2026,3,2026_03_KC_MIA,MIA,KC,2026-09-27T17:00:00Z,draftkings,player_anytime_td,anytime_td,Jalen Royals,,1000,
2026-09-23T19-00-13Z,2026,3,2026_03_KC_MIA,MIA,KC,2026-09-27T17:00:00Z,draftkings,player_anytime_td,anytime_td,Brashard Smith,,1100,
2026-09-23T19-00-13Z,2026,3,2026_03_KC_MIA,MIA,KC,2026-09-27T17:00:00Z,draftkings,player_anytime_td,anytime_td,Cyrus Allen,,1400,
2026-09-23T19-00-13Z,2026,3,2026_03_KC_MIA,MIA,KC,2026-09-27T17:00:00Z,draftkings,player_anytime_td,anytime_td,Jake Briningstool,,1500,
2026-09-23T19-00-13Z,2026,3,2026_03_KC_MIA,MIA,KC,2026-09-27T17:00:00Z,draftkings,player_anytime_td,anytime_td,Nikko Remigio,,3500,
2026-09-23T19-00-13Z,2026,3,2026_03_KC_MIA,MIA,KC,2026-09-27T17:00:00Z,draftkings,player_anytime_td,anytime_td,Ben VanSumeren,,4500,
2026-09-23T19-00-13Z,2026,3,2026_03_KC_MIA,MIA,KC,2026-09-27T17:00:00Z,draftkings,player_pass_yds,pass_yards,Patrick Mahomes,235.5,-112,-112.0
2026-09-23T19-00-13Z,2026,3,2026_03_KC_MIA,MIA,KC,2026-09-27T17:00:00Z,draftkings,player_reception_yds,rec_yards,Travis Kelce,51.5,-114,-110.0
2026-09-23T19-00-13Z,2026,3,2026_03_KC_MIA,MIA,KC,2026-09-27T17:00:00Z,draftkings,player_reception_yds,rec_yards,Rashee Rice,49.5,-112,-112.0
2026-09-23T19-00-13Z,2026,3,2026_03_KC_MIA,MIA,KC,2026-09-27T17:00:00Z,draftkings,player_reception_yds,rec_yards,Xavier Worthy,35.5,-111,-113.0
2026-09-23T19-00-13Z,2026,3,2026_03_KC_MIA,MIA,KC,2026-09-27T17:00:00Z,draftkings,player_reception_yds,rec_yards,Kenneth Walker III,22.5,-114,-110.0
2026-09-23T19-00-13Z,2026,3,2026_03_KC_MIA,MIA,KC,2026-09-27T17:00:00Z,draftkings,player_reception_yds,rec_yards,Emmett Johnson,10.5,-113,-111.0
2026-09-23T19-00-13Z,2026,3,2026_03_KC_MIA,MIA,KC,2026-09-27T17:00:00Z,draftkings,player_receptions,rec_catches,Travis Kelce,4.5,-116,-110.0
2026-09-23T19-00-13Z,2026,3,2026_03_KC_MIA,MIA,KC,2026-09-27T17:00:00Z,draftkings,player_receptions,rec_catches,Rashee Rice,4.5,116,-148.0
2026-09-23T19-00-13Z,2026,3,2026_03_KC_MIA,MIA,KC,2026-09-27T17:00:00Z,draftkings,player_receptions,rec_catches,Xavier Worthy,3.5,-105,-121.0
2026-09-23T19-00-13Z,2026,3,2026_03_KC_MIA,MIA,KC,2026-09-27T17:00:00Z,draftkings,player_receptions,rec_catches,Kenneth Walker III,3.5,132,-169.0
2026-09-23T19-00-13Z,2026,3,2026_03_KC_MIA,MIA,KC,2026-09-27T17:00:00Z,draftkings,player_receptions,rec_catches,Emmett Johnson,1.5,-108,-118.0
2026-09-23T19-00-13Z,2026,3,2026_03_KC_MIA,MIA,KC,2026-09-27T17:00:00Z,draftkings,player_rush_yds,rush_yards,Kenneth Walker III,85.5,-111,-113.0
2026-09-23T19-00-13Z,2026,3,2026_03_KC_MIA,MIA,KC,2026-09-27T17:00:00Z,draftkings,player_rush_yds,rush_yards,De'Von Achane,59.5,-112,-112.0
2026-09-23T19-00-13Z,2026,3,2026_03_KC_MIA,MIA,KC,2026-09-27T17:00:00Z,draftkings,player_rush_yds,rush_yards,Malik Willis,33.5,-109,-115.0
2026-09-23T19-00-13Z,2026,3,2026_03_KC_MIA,MIA,KC,2026-09-27T17:00:00Z,draftkings,player_rush_yds,rush_yards,Emmett Johnson,24.5,-109,-115.0
2026-09-23T19-00-13Z,2026,3,2026_03_KC_MIA,MIA,KC,2026-09-27T17:00:00Z,fanduel,player_anytime_td,anytime_td,Kenneth Walker III,,-220,
2026-09-23T19-00-13Z,2026,3,2026_03_KC_MIA,MIA,KC,2026-09-27T17:00:00Z,fanduel,player_anytime_td,anytime_td,Rashee Rice,,115,
2026-09-23T19-00-13Z,2026,3,2026_03_KC_MIA,MIA,KC,2026-09-27T17:00:00Z,fanduel,player_anytime_td,anytime_td,Travis Kelce,,120,
2026-09-23T19-00-13Z,2026,3,2026_03_KC_MIA,MIA,KC,2026-09-27T17:00:00Z,fanduel,player_anytime_td,anytime_td,De'Von Achane,,120,
2026-09-23T19-00-13Z,2026,3,2026_03_KC_MIA,MIA,KC,2026-09-27T17:00:00Z,fanduel,player_anytime_td,anytime_td,Xavier Worthy,,170,
2026-09-23T19-00-13Z,2026,3,2026_03_KC_MIA,MIA,KC,2026-09-27T17:00:00Z,fanduel,player_anytime_td,anytime_td,Malik Willis,,290,
2026-09-23T19-00-13Z,2026,3,2026_03_KC_MIA,MIA,KC,2026-09-27T17:00:00Z,fanduel,player_anytime_td,anytime_td,Patrick Mahomes,,320,
2026-09-23T19-00-13Z,2026,3,2026_03_KC_MIA,MIA,KC,2026-09-27T17:00:00Z,fanduel,player_anytime_td,anytime_td,Emmett Johnson,,320,
2026-09-23T19-00-13Z,2026,3,2026_03_KC_MIA,MIA,KC,2026-09-27T17:00:00Z,fanduel,player_anytime_td,anytime_td,Malik Washington,,320,
2026-09-23T19-00-13Z,2026,3,2026_03_KC_MIA,MIA,KC,2026-09-27T17:00:00Z,fanduel,player_anytime_td,anytime_td,Greg Dulcich,,380,
2026-09-23T19-00-13Z,2026,3,2026_03_KC_MIA,MIA,KC,2026-09-27T17:00:00Z,fanduel,player_anytime_td,anytime_td,Tyquan Thornton,,410,
2026-09-23T19-00-13Z,2026,3,2026_03_KC_MIA,MIA,KC,2026-09-27T17:00:00Z,fanduel,player_anytime_td,anytime_td,Noah Gray,,550,
2026-09-23T19-00-13Z,2026,3,2026_03_KC_MIA,MIA,KC,2026-09-27T17:00:00Z,fanduel,player_anytime_td,anytime_td,Miami Dolphins Defense,,600,
2026-09-23T19-00-13Z,2026,3,2026_03_KC_MIA,MIA,KC,2026-09-27T17:00:00Z,fanduel,player_anytime_td,anytime_td,Kansas City Chiefs Defense,,750,
2026-09-23T19-00-13Z,2026,3,2026_03_KC_MIA,MIA,KC,2026-09-27T17:00:00Z,fanduel,player_pass_yds,pass_yards,Malik Willis,177.5,-114,-114.0
2026-09-23T19-00-13Z,2026,3,2026_03_KC_MIA,MIA,KC,2026-09-27T17:00:00Z,fanduel,player_pass_yds,pass_yards,Patrick Mahomes,235.5,-114,-114.0
2026-09-23T19-00-13Z,2026,3,2026_03_KC_MIA,MIA,KC,2026-09-27T17:00:00Z,fanduel,player_reception_yds,rec_yards,Xavier Worthy,35.5,-114,-114.0
2026-09-23T19-00-13Z,2026,3,2026_03_KC_MIA,MIA,KC,2026-09-27T17:00:00Z,fanduel,player_reception_yds,rec_yards,Rashee Rice,48.5,-114,-114.0
2026-09-23T19-00-13Z,2026,3,2026_03_KC_MIA,MIA,KC,2026-09-27T17:00:00Z,fanduel,player_reception_yds,rec_yards,De'Von Achane,26.5,-114,-114.0
2026-09-23T19-00-13Z,2026,3,2026_03_KC_MIA,MIA,KC,2026-09-27T17:00:00Z,fanduel,player_reception_yds,rec_yards,Emmett Johnson,10.5,-114,-114.0
2026-09-23T19-00-13Z,2026,3,2026_03_KC_MIA,MIA,KC,2026-09-27T17:00:00Z,fanduel,player_reception_yds,rec_yards,Kenneth Walker III,22.5,-114,-114.0
2026-09-23T19-00-13Z,2026,3,2026_03_KC_MIA,MIA,KC,2026-09-27T17:00:00Z,fanduel,player_reception_yds,rec_yards,Travis Kelce,51.5,-114,-114.0
2026-09-23T19-00-13Z,2026,3,2026_03_KC_MIA,MIA,KC,2026-09-27T17:00:00Z,fanduel,player_receptions,rec_catches,Kenneth Walker III,3.5,120,-160.0
2026-09-23T19-00-13Z,2026,3,2026_03_KC_MIA,MIA,KC,2026-09-27T17:00:00Z,fanduel,player_receptions,rec_catches,Rashee Rice,4.5,118,-158.0
2026-09-23T19-00-13Z,2026,3,2026_03_KC_MIA,MIA,KC,2026-09-27T17:00:00Z,fanduel,player_receptions,rec_catches,Travis Kelce,4.5,-114,-114.0
2026-09-23T19-00-13Z,2026,3,2026_03_KC_MIA,MIA,KC,2026-09-27T17:00:00Z,fanduel,player_receptions,rec_catches,Emmett Johnson,1.5,-102,-130.0
2026-09-23T19-00-13Z,2026,3,2026_03_KC_MIA,MIA,KC,2026-09-27T17:00:00Z,fanduel,player_receptions,rec_catches,Xavier Worthy,3.5,-104,-128.0
2026-09-23T19-00-13Z,2026,3,2026_03_KC_MIA,MIA,KC,2026-09-27T17:00:00Z,fanduel,player_receptions,rec_catches,De'Von Achane,3.5,-122,-106.0
2026-09-23T19-00-13Z,2026,3,2026_03_KC_MIA,MIA,KC,2026-09-27T17:00:00Z,fanduel,player_rush_yds,rush_yards,Kenneth Walker III,85.5,-114,-114.0
2026-09-23T19-00-13Z,2026,3,2026_03_KC_MIA,MIA,KC,2026-09-27T17:00:00Z,fanduel,player_rush_yds,rush_yards,De'Von Achane,59.5,-114,-114.0
2026-09-23T19-00-13Z,2026,3,2026_03_KC_MIA,MIA,KC,2026-09-27T17:00:00Z,fanduel,player_rush_yds,rush_yards,Emmett Johnson,24.5,-114,-114.0
2026-09-23T19-00-13Z,2026,3,2026_03_KC_MIA,MIA,KC,2026-09-27T17:00:00Z,fanduel,player_rush_yds,rush_yards,Malik Willis,33.5,-114,-114.0
2026-09-23T19-00-13Z,2026,3,2026_03_KC_MIA,MIA,KC,2026-09-27T17:00:00Z,fanduel,player_rush_yds,rush_yards,Patrick Mahomes,17.5,-114,-114.0
2026-09-23T19-00-13Z,2026,3,2026_03_KC_MIA,MIA,KC,2026-09-27T17:00:00Z,betrivers,player_anytime_td,anytime_td,DJ Herman,,2200,
2026-09-23T19-00-13Z,2026,3,2026_03_KC_MIA,MIA,KC,2026-09-27T17:00:00Z,betrivers,player_anytime_td,anytime_td,Ben VanSumeren,,2800,
2026-09-23T19-00-13Z,2026,3,2026_03_KC_MIA,MIA,KC,2026-09-27T17:00:00Z,betrivers,player_anytime_td,anytime_td,Emmett Johnson,,340,
2026-09-23T19-00-13Z,2026,3,2026_03_KC_MIA,MIA,KC,2026-09-27T17:00:00Z,betrivers,player_anytime_td,anytime_td,Will Kacmarek,,1900,
2026-09-23T19-00-13Z,2026,3,2026_03_KC_MIA,MIA,KC,2026-09-27T17:00:00Z,betrivers,player_anytime_td,anytime_td,Caleb Douglas,,420,
2026-09-23T19-00-13Z,2026,3,2026_03_KC_MIA,MIA,KC,2026-09-27T17:00:00Z,betrivers,player_anytime_td,anytime_td,Kenneth Walker III,,-265,
2026-09-23T19-00-13Z,2026,3,2026_03_KC_MIA,MIA,KC,2026-09-27T17:00:00Z,betrivers,player_anytime_td,anytime_td,Ollie Gordon II,,800,
2026-09-23T19-00-13Z,2026,3,2026_03_KC_MIA,MIA,KC,2026-09-27T17:00:00Z,betrivers,player_anytime_td,anytime_td,Travis Kelce,,133,
2026-09-23T19-00-13Z,2026,3,2026_03_KC_MIA,MIA,KC,2026-09-27T17:00:00Z,betrivers,player_anytime_td,anytime_td,Malik Willis,,300,
2026-09-23T19-00-13Z,2026,3,2026_03_KC_MIA,MIA,KC,2026-09-27T17:00:00Z,betrivers,player_anytime_td,anytime_td,Noah Gray,,525,
2026-09-23T19-00-13Z,2026,3,2026_03_KC_MIA,MIA,KC,2026-09-27T17:00:00Z,betrivers,player_anytime_td,anytime_td,Nikko Remigio,,3000,
2026-09-23T19-00-13Z,2026,3,2026_03_KC_MIA,MIA,KC,2026-09-27T17:00:00Z,betrivers,player_anytime_td,anytime_td,Jaylen Wright,,1050,
2026-09-23T19-00-13Z,2026,3,2026_03_KC_MIA,MIA,KC,2026-09-27T17:00:00Z,betrivers,player_anytime_td,anytime_td,Justin Joly,,3300,
2026-09-23T19-00-13Z,2026,3,2026_03_KC_MIA,MIA,KC,2026-09-27T17:00:00Z,betrivers,player_anytime_td,anytime_td,De'Von Achane,,-108,
2026-09-23T19-00-13Z,2026,3,2026_03_KC_MIA,MIA,KC,2026-09-27T17:00:00Z,betrivers,player_anytime_td,anytime_td,Malik Washington,,380,
2026-09-23T19-00-13Z,2026,3,2026_03_KC_MIA,MIA,KC,2026-09-27T17:00:00Z,betrivers,player_anytime_td,anytime_td,Ryan Miller,,2500,
2026-09-23T19-00-13Z,2026,3,2026_03_KC_MIA,MIA,KC,2026-09-27T17:00:00Z,betrivers,player_anytime_td,anytime_td,Jalen Royals,,1000,
2026-09-23T19-00-13Z,2026,3,2026_03_KC_MIA,MIA,KC,2026-09-27T17:00:00Z,betrivers,player_anytime_td,anytime_td,Chris Bell,,575,
2026-09-23T19-00-13Z,2026,3,2026_03_KC_MIA,MIA,KC,2026-09-27T17:00:00Z,betrivers,player_anytime_td,anytime_td,Kevin Coleman Jr.,,650,
2026-09-23T19-00-13Z,2026,3,2026_03_KC_MIA,MIA,KC,2026-09-27T17:00:00Z,betrivers,player_anytime_td,anytime_td,Patrick Mahomes,,310,
2026-09-23T19-00-13Z,2026,3,2026_03_KC_MIA,MIA,KC,2026-09-27T17:00:00Z,betrivers,player_anytime_td,anytime_td,Tyquan Thornton,,310,
2026-09-23T19-00-13Z,2026,3,2026_03_KC_MIA,MIA,KC,2026-09-27T17:00:00Z,betrivers,player_anytime_td,anytime_td,Cyrus Allen,,1200,
2026-09-23T19-00-13Z,2026,3,2026_03_KC_MIA,MIA,KC,2026-09-27T17:00:00Z,betrivers,player_anytime_td,anytime_td,Greg Dulcich,,430,
2026-09-23T19-00-13Z,2026,3,2026_03_KC_MIA,MIA,KC,2026-09-27T17:00:00Z,betrivers,player_anytime_td,anytime_td,Jake Briningstool,,1400,
2026-09-23T19-00-13Z,2026,3,2026_03_KC_MIA,MIA,KC,2026-09-27T17:00:00Z,betrivers,player_anytime_td,anytime_td,Rashee Rice,,128,
2026-09-23T19-00-13Z,2026,3,2026_03_KC_MIA,MIA,KC,2026-09-27T17:00:00Z,betrivers,player_anytime_td,anytime_td,Brashard Smith,,950,
2026-09-23T19-00-13Z,2026,3,2026_03_KC_MIA,MIA,KC,2026-09-27T17:00:00Z,betrivers,player_anytime_td,anytime_td,Jalen Tolbert,,1000,
2026-09-23T19-00-13Z,2026,3,2026_03_KC_MIA,MIA,KC,2026-09-27T17:00:00Z,betrivers,player_anytime_td,anytime_td,Xavier Worthy,,175,
2026-09-23T19-00-13Z,2026,3,2026_03_KC_MIA,MIA,KC,2026-09-27T17:00:00Z,betrivers,player_anytime_td,anytime_td,Seydou Traore,,2200,
2026-09-23T19-00-13Z,2026,3,2026_03_KC_MIA,MIA,KC,2026-09-27T17:00:00Z,betrivers,player_pass_yds,pass_yards,Patrick Mahomes,239.5,-115,-115.0
2026-09-23T19-00-13Z,2026,3,2026_03_KC_MIA,MIA,KC,2026-09-27T17:00:00Z,betrivers,player_pass_yds,pass_yards,Malik Willis,176.5,-115,-115.0
2026-09-23T19-00-13Z,2026,3,2026_03_KC_MIA,MIA,KC,2026-09-27T17:00:00Z,betrivers,player_reception_yds,rec_yards,Emmett Johnson,10.5,-112,-120.0
2026-09-23T19-00-13Z,2026,3,2026_03_KC_MIA,MIA,KC,2026-09-27T17:00:00Z,betrivers,player_reception_yds,rec_yards,Rashee Rice,48.5,-117,-114.0
2026-09-23T19-00-13Z,2026,3,2026_03_KC_MIA,MIA,KC,2026-09-27T17:00:00Z,betrivers,player_reception_yds,rec_yards,De'Von Achane,26.5,-113,-117.0
2026-09-23T19-00-13Z,2026,3,2026_03_KC_MIA,MIA,KC,2026-09-27T17:00:00Z,betrivers,player_reception_yds,rec_yards,Travis Kelce,51.5,-113,-118.0
2026-09-23T19-00-13Z,2026,3,2026_03_KC_MIA,MIA,KC,2026-09-27T17:00:00Z,betrivers,player_reception_yds,rec_yards,Kenneth Walker III,23.5,-114,-117.0
2026-09-23T19-00-13Z,2026,3,2026_03_KC_MIA,MIA,KC,2026-09-27T17:00:00Z,betrivers,player_reception_yds,rec_yards,Xavier Worthy,36.5,-115,-115.0
2026-09-23T19-00-13Z,2026,3,2026_03_KC_MIA,MIA,KC,2026-09-27T17:00:00Z,betrivers,player_receptions,rec_catches,De'Von Achane,3.5,-124,
2026-09-23T19-00-13Z,2026,3,2026_03_KC_MIA,MIA,KC,2026-09-27T17:00:00Z,betrivers,player_receptions,rec_catches,Emmett Johnson,1.5,102,
2026-09-23T19-00-13Z,2026,3,2026_03_KC_MIA,MIA,KC,2026-09-27T17:00:00Z,betrivers,player_receptions,rec_catches,Rashee Rice,4.5,123,
2026-09-23T19-00-13Z,2026,3,2026_03_KC_MIA,MIA,KC,2026-09-27T17:00:00Z,betrivers,player_receptions,rec_catches,Travis Kelce,4.5,102,
2026-09-23T19-00-13Z,2026,3,2026_03_KC_MIA,MIA,KC,2026-09-27T17:00:00Z,betrivers,player_receptions,rec_catches,Xavier Worthy,3.5,-103,
2026-09-23T19-00-13Z,2026,3,2026_03_KC_MIA,MIA,KC,2026-09-27T17:00:00Z,betrivers,player_receptions,rec_catches,Kenneth Walker III,3.5,125,
2026-09-23T19-00-13Z,2026,3,2026_03_KC_MIA,MIA,KC,2026-09-27T17:00:00Z,betrivers,player_rush_yds,rush_yards,Malik Willis,33.5,-117,-114.0
2026-09-23T19-00-13Z,2026,3,2026_03_KC_MIA,MIA,KC,2026-09-27T17:00:00Z,betrivers,player_rush_yds,rush_yards,Emmett Johnson,24.5,-112,-120.0
2026-09-23T19-00-13Z,2026,3,2026_03_KC_MIA,MIA,KC,2026-09-27T17:00:00Z,betrivers,player_rush_yds,rush_yards,Patrick Mahomes,17.5,-121,-110.0
2026-09-23T19-00-13Z,2026,3,2026_03_KC_MIA,MIA,KC,2026-09-27T17:00:00Z,betrivers,player_rush_yds,rush_yards,De'Von Achane,59.5,-115,-114.0
2026-09-23T19-00-13Z,2026,3,2026_03_KC_MIA,MIA,KC,2026-09-27T17:00:00Z,betrivers,player_rush_yds,rush_yards,Kenneth Walker III,85.5,-113,-117.0
2026-09-23T19-00-13Z,2026,3,2026_03_KC_MIA,MIA,KC,2026-09-27T17:00:00Z,betonlineag,player_anytime_td,anytime_td,Patrick Mahomes,,300,
2026-09-23T19-00-13Z,2026,3,2026_03_KC_MIA,MIA,KC,2026-09-27T17:00:00Z,betonlineag,player_anytime_td,anytime_td,Rashee Rice,,110,
2026-09-23T19-00-13Z,2026,3,2026_03_KC_MIA,MIA,KC,2026-09-27T17:00:00Z,betonlineag,player_anytime_td,anytime_td,Nikko Remigio,,3400,
2026-09-23T19-00-13Z,2026,3,2026_03_KC_MIA,MIA,KC,2026-09-27T17:00:00Z,betonlineag,player_anytime_td,anytime_td,Noah Gray,,550,
2026-09-23T19-00-13Z,2026,3,2026_03_KC_MIA,MIA,KC,2026-09-27T17:00:00Z,betonlineag,player_anytime_td,anytime_td,Travis Kelce,,120,
2026-09-23T19-00-13Z,2026,3,2026_03_KC_MIA,MIA,KC,2026-09-27T17:00:00Z,betonlineag,player_anytime_td,anytime_td,De'Von Achane,,-125,
2026-09-23T19-00-13Z,2026,3,2026_03_KC_MIA,MIA,KC,2026-09-27T17:00:00Z,betonlineag,player_anytime_td,anytime_td,Jalen Royals,,1000,
2026-09-23T19-00-13Z,2026,3,2026_03_KC_MIA,MIA,KC,2026-09-27T17:00:00Z,betonlineag,player_anytime_td,anytime_td,Tyquan Thornton,,260,
2026-09-23T19-00-13Z,2026,3,2026_03_KC_MIA,MIA,KC,2026-09-27T17:00:00Z,betonlineag,player_anytime_td,anytime_td,Greg Dulcich,,350,
2026-09-23T19-00-13Z,2026,3,2026_03_KC_MIA,MIA,KC,2026-09-27T17:00:00Z,betonlineag,player_anytime_td,anytime_td,Ollie Gordon II,,1000,
2026-09-23T19-00-13Z,2026,3,2026_03_KC_MIA,MIA,KC,2026-09-27T17:00:00Z,betonlineag,player_anytime_td,anytime_td,Jaylen Wright,,800,
2026-09-23T19-00-13Z,2026,3,2026_03_KC_MIA,MIA,KC,2026-09-27T17:00:00Z,betonlineag,player_anytime_td,anytime_td,Xavier Worthy,,170,
2026-09-23T19-00-13Z,2026,3,2026_03_KC_MIA,MIA,KC,2026-09-27T17:00:00Z,betonlineag,player_anytime_td,anytime_td,Jake Briningstool,,1400,
2026-09-23T19-00-13Z,2026,3,2026_03_KC_MIA,MIA,KC,2026-09-27T17:00:00Z,betonlineag,player_anytime_td,anytime_td,Malik Washington,,300,
2026-09-23T19-00-13Z,2026,3,2026_03_KC_MIA,MIA,KC,2026-09-27T17:00:00Z,betonlineag,player_anytime_td,anytime_td,Brashard Smith,,750,
2026-09-23T19-00-13Z,2026,3,2026_03_KC_MIA,MIA,KC,2026-09-27T17:00:00Z,betonlineag,player_anytime_td,anytime_td,Caleb Douglas,,325,
2026-09-23T19-00-13Z,2026,3,2026_03_KC_MIA,MIA,KC,2026-09-27T17:00:00Z,betonlineag,player_anytime_td,anytime_td,Kenneth Walker III,,-333,
2026-09-23T19-00-13Z,2026,3,2026_03_KC_MIA,MIA,KC,2026-09-27T17:00:00Z,betonlineag,player_anytime_td,anytime_td,Malik Willis,,290,
2026-09-23T19-00-13Z,2026,3,2026_03_KC_MIA,MIA,KC,2026-09-27T17:00:00Z,betonlineag,player_anytime_td,anytime_td,Chris Bell,,800,
2026-09-23T19-00-13Z,2026,3,2026_03_KC_MIA,MIA,KC,2026-09-27T17:00:00Z,betonlineag,player_anytime_td,anytime_td,Will Kacmarek,,1400,
2026-09-23T19-00-13Z,2026,3,2026_03_KC_MIA,MIA,KC,2026-09-27T17:00:00Z,betonlineag,player_anytime_td,anytime_td,Kevin Coleman Jr.,,1400,
2026-09-23T19-00-13Z,2026,3,2026_03_KC_MIA,MIA,KC,2026-09-27T17:00:00Z,betonlineag,player_anytime_td,anytime_td,Emmett Johnson,,300,
2026-09-23T19-00-13Z,2026,3,2026_03_KC_MIA,MIA,KC,2026-09-27T17:00:00Z,betonlineag,player_anytime_td,anytime_td,Seydou Traore,,3400,
2026-09-23T19-00-13Z,2026,3,2026_03_KC_MIA,MIA,KC,2026-09-27T17:00:00Z,betonlineag,player_anytime_td,anytime_td,Ryan Miller,,3400,
2026-09-23T19-00-13Z,2026,3,2026_03_KC_MIA,MIA,KC,2026-09-27T17:00:00Z,betonlineag,player_anytime_td,anytime_td,Cyrus Allen,,1400,
2026-09-23T19-00-13Z,2026,3,2026_03_KC_MIA,MIA,KC,2026-09-27T17:00:00Z,bovada,player_anytime_td,anytime_td,De'Von Achane,,100,
2026-09-23T19-00-13Z,2026,3,2026_03_KC_MIA,MIA,KC,2026-09-27T17:00:00Z,bovada,player_anytime_td,anytime_td,Malik Willis,,300,
2026-09-23T19-00-13Z,2026,3,2026_03_KC_MIA,MIA,KC,2026-09-27T17:00:00Z,bovada,player_anytime_td,anytime_td,Travis Kelce,,130,
2026-09-23T19-00-13Z,2026,3,2026_03_KC_MIA,MIA,KC,2026-09-27T17:00:00Z,bovada,player_anytime_td,anytime_td,Kenneth Walker III,,-218,
2026-09-23T19-00-13Z,2026,3,2026_03_KC_MIA,MIA,KC,2026-09-27T17:00:00Z,bovada,player_anytime_td,anytime_td,Emmett Johnson,,330,
2026-09-23T19-00-13Z,2026,3,2026_03_KC_MIA,MIA,KC,2026-09-27T17:00:00Z,bovada,player_anytime_td,anytime_td,Malik Washington,,340,
2026-09-23T19-00-13Z,2026,3,2026_03_KC_MIA,MIA,KC,2026-09-27T17:00:00Z,bovada,player_anytime_td,anytime_td,Patrick Mahomes,,300,
2026-09-23T19-00-13Z,2026,3,2026_03_KC_MIA,MIA,KC,2026-09-27T17:00:00Z,bovada,player_anytime_td,anytime_td,Greg Dulcich,,500,
2026-09-23T19-00-13Z,2026,3,2026_03_KC_MIA,MIA,KC,2026-09-27T17:00:00Z,bovada,player_anytime_td,anytime_td,Caleb Douglas,,420,
2026-09-23T19-00-13Z,2026,3,2026_03_KC_MIA,MIA,KC,2026-09-27T17:00:00Z,bovada,player_anytime_td,anytime_td,Tyquan Thornton,,390,
2026-09-23T19-00-13Z,2026,3,2026_03_KC_MIA,MIA,KC,2026-09-27T17:00:00Z,bovada,player_anytime_td,anytime_td,Rashee Rice,,130,
2026-09-23T19-00-13Z,2026,3,2026_03_KC_MIA,MIA,KC,2026-09-27T17:00:00Z,bovada,player_anytime_td,anytime_td,Xavier Worthy,,175,
2026-09-23T19-00-13Z,2026,3,2026_03_KC_MIA,MIA,KC,2026-09-27T17:00:00Z,bovada,player_anytime_td,anytime_td,Noah Gray,,525,
2026-09-23T19-00-13Z,2026,3,2026_03_KC_MIA,MIA,KC,2026-09-27T17:00:00Z,bovada,player_anytime_td,anytime_td,Ben VanSumeren,,4000,
2026-09-23T19-00-13Z,2026,3,2026_03_KC_MIA,MIA,KC,2026-09-27T17:00:00Z,bovada,player_anytime_td,anytime_td,Jake Briningstool,,1500,
2026-09-23T19-00-13Z,2026,3,2026_03_KC_MIA,MIA,KC,2026-09-27T17:00:00Z,bovada,player_anytime_td,anytime_td,Jalen Royals,,1000,
2026-09-23T19-00-13Z,2026,3,2026_03_KC_MIA,MIA,KC,2026-09-27T17:00:00Z,bovada,player_anytime_td,anytime_td,Cyrus Allen,,1400,
2026-09-23T19-00-13Z,2026,3,2026_03_KC_MIA,MIA,KC,2026-09-27T17:00:00Z,bovada,player_anytime_td,anytime_td,Nikko Remigio,,3300,
2026-09-23T19-00-13Z,2026,3,2026_03_KC_MIA,MIA,KC,2026-09-27T17:00:00Z,bovada,player_anytime_td,anytime_td,Brashard Smith,,1100,
2026-09-23T19-00-13Z,2026,3,2026_03_KC_MIA,MIA,KC,2026-09-27T17:00:00Z,bovada,player_anytime_td,anytime_td,Miami Dolphins D/ST,,725,
2026-09-23T19-00-13Z,2026,3,2026_03_KC_MIA,MIA,KC,2026-09-27T17:00:00Z,bovada,player_anytime_td,anytime_td,Kansas City Chiefs D/ST,,525,
2026-09-23T19-00-13Z,2026,3,2026_03_TEN_NYG,NYG,TEN,2026-09-27T17:00:00Z,draftkings,player_anytime_td,anytime_td,Cam Skattebo,,110,
2026-09-23T19-00-13Z,2026,3,2026_03_TEN_NYG,NYG,TEN,2026-09-27T17:00:00Z,draftkings,player_anytime_td,anytime_td,Tony Pollard,,150,
2026-09-23T19-00-13Z,2026,3,2026_03_TEN_NYG,NYG,TEN,2026-09-27T17:00:00Z,draftkings,player_anytime_td,anytime_td,Malik Nabers,,210,
2026-09-23T19-00-13Z,2026,3,2026_03_TEN_NYG,NYG,TEN,2026-09-27T17:00:00Z,draftkings,player_anytime_td,anytime_td,Tyjae Spears,,250,
2026-09-23T19-00-13Z,2026,3,2026_03_TEN_NYG,NYG,TEN,2026-09-27T17:00:00Z,draftkings,player_anytime_td,anytime_td,Isaiah Likely,,280,
2026-09-23T19-00-13Z,2026,3,2026_03_TEN_NYG,NYG,TEN,2026-09-27T17:00:00Z,draftkings,player_anytime_td,anytime_td,Carnell Tate,,310,
2026-09-23T19-00-13Z,2026,3,2026_03_TEN_NYG,NYG,TEN,2026-09-27T17:00:00Z,draftkings,player_anytime_td,anytime_td,Wan'Dale Robinson,,360,
2026-09-23T19-00-13Z,2026,3,2026_03_TEN_NYG,NYG,TEN,2026-09-27T17:00:00Z,draftkings,player_anytime_td,anytime_td,Malachi Fields,,380,
2026-09-23T19-00-13Z,2026,3,2026_03_TEN_NYG,NYG,TEN,2026-09-27T17:00:00Z,draftkings,player_anytime_td,anytime_td,Cam Ward,,400,
2026-09-23T19-00-13Z,2026,3,2026_03_TEN_NYG,NYG,TEN,2026-09-27T17:00:00Z,draftkings,player_anytime_td,anytime_td,Devin Singletary,,425,
2026-09-23T19-00-13Z,2026,3,2026_03_TEN_NYG,NYG,TEN,2026-09-27T17:00:00Z,draftkings,player_anytime_td,anytime_td,Gunnar Helm,,450,
2026-09-23T19-00-13Z,2026,3,2026_03_TEN_NYG,NYG,TEN,2026-09-27T17:00:00Z,draftkings,player_anytime_td,anytime_td,New York Giants D/ST,,475,
2026-09-23T19-00-13Z,2026,3,2026_03_TEN_NYG,NYG,TEN,2026-09-27T17:00:00Z,draftkings,player_anytime_td,anytime_td,Tennessee Titans D/ST,,475,
2026-09-23T19-00-13Z,2026,3,2026_03_TEN_NYG,NYG,TEN,2026-09-27T17:00:00Z,draftkings,player_anytime_td,anytime_td,Najee Harris,,550,
2026-09-23T19-00-13Z,2026,3,2026_03_TEN_NYG,NYG,TEN,2026-09-27T17:00:00Z,draftkings,player_anytime_td,anytime_td,Darnell Mooney,,600,
2026-09-23T19-00-13Z,2026,3,2026_03_TEN_NYG,NYG,TEN,2026-09-27T17:00:00Z,draftkings,player_anytime_td,anytime_td,Jameis Winston,,600,
2026-09-23T19-00-13Z,2026,3,2026_03_TEN_NYG,NYG,TEN,2026-09-27T17:00:00Z,draftkings,player_anytime_td,anytime_td,Calvin Ridley,,700,
2026-09-23T19-00-13Z,2026,3,2026_03_TEN_NYG,NYG,TEN,2026-09-27T17:00:00Z,betrivers,player_anytime_td,anytime_td,Kylen Granson,,2200,
2026-09-23T19-00-13Z,2026,3,2026_03_TEN_NYG,NYG,TEN,2026-09-27T17:00:00Z,betrivers,player_anytime_td,anytime_td,Daniel Bellinger,,1200,
2026-09-23T19-00-13Z,2026,3,2026_03_TEN_NYG,NYG,TEN,2026-09-27T17:00:00Z,betrivers,player_anytime_td,anytime_td,Patrick Ricard,,1600,
2026-09-23T19-00-13Z,2026,3,2026_03_TEN_NYG,NYG,TEN,2026-09-27T17:00:00Z,betrivers,player_anytime_td,anytime_td,Cam Skattebo,,120,
2026-09-23T19-00-13Z,2026,3,2026_03_TEN_NYG,NYG,TEN,2026-09-27T17:00:00Z,betrivers,player_anytime_td,anytime_td,Julius Chestnut,,2200,
2026-09-23T19-00-13Z,2026,3,2026_03_TEN_NYG,NYG,TEN,2026-09-27T17:00:00Z,betrivers,player_anytime_td,anytime_td,Devin Singletary,,380,
2026-09-23T19-00-13Z,2026,3,2026_03_TEN_NYG,NYG,TEN,2026-09-27T17:00:00Z,betrivers,player_anytime_td,anytime_td,Odell Beckham Jr.,,1200,
2026-09-23T19-00-13Z,2026,3,2026_03_TEN_NYG,NYG,TEN,2026-09-27T17:00:00Z,betrivers,player_anytime_td,anytime_td,Malachi Fields,,280,
2026-09-23T19-00-13Z,2026,3,2026_03_TEN_NYG,NYG,TEN,2026-09-27T17:00:00Z,betrivers,player_anytime_td,anytime_td,Tyrone Tracy Jr.,,440,
2026-09-23T19-00-13Z,2026,3,2026_03_TEN_NYG,NYG,TEN,2026-09-27T17:00:00Z,betrivers,player_anytime_td,anytime_td,Chris Manhertz,,5000,
2026-09-23T19-00-13Z,2026,3,2026_03_TEN_NYG,NYG,TEN,2026-09-27T17:00:00Z,betrivers,player_anytime_td,anytime_td,Tony Pollard,,145,
2026-09-23T19-00-13Z,2026,3,2026_03_TEN_NYG,NYG,TEN,2026-09-27T17:00:00Z,betrivers,player_anytime_td,anytime_td,Isaiah Likely,,295,
2026-09-23T19-00-13Z,2026,3,2026_03_TEN_NYG,NYG,TEN,2026-09-27T17:00:00Z,betrivers,player_anytime_td,anytime_td,Tyjae Spears,,260,
2026-09-23T19-00-13Z,2026,3,2026_03_TEN_NYG,NYG,TEN,2026-09-27T17:00:00Z,betrivers,player_anytime_td,anytime_td,Calvin Ridley,,575,
2026-09-23T19-00-13Z,2026,3,2026_03_TEN_NYG,NYG,TEN,2026-09-27T17:00:00Z,betrivers,player_anytime_td,anytime_td,Malik Nabers,,215,
2026-09-23T19-00-13Z,2026,3,2026_03_TEN_NYG,NYG,TEN,2026-09-27T17:00:00Z,betrivers,player_anytime_td,anytime_td,David Martin-Robinson,,2400,
2026-09-23T19-00-13Z,2026,3,2026_03_TEN_NYG,NYG,TEN,2026-09-27T17:00:00Z,betrivers,player_anytime_td,anytime_td,Gunnar Helm,,380,
2026-09-23T19-00-13Z,2026,3,2026_03_TEN_NYG,NYG,TEN,2026-09-27T17:00:00Z,betrivers,player_anytime_td,anytime_td,Jameis Winston,,410,
2026-09-23T19-00-13Z,2026,3,2026_03_TEN_NYG,NYG,TEN,2026-09-27T17:00:00Z,betrivers,player_anytime_td,anytime_td,Carnell Tate,,285,
2026-09-23T19-00-13Z,2026,3,2026_03_TEN_NYG,NYG,TEN,2026-09-27T17:00:00Z,betrivers,player_anytime_td,anytime_td,Chimere Dike,,750,
2026-09-23T19-00-13Z,2026,3,2026_03_TEN_NYG,NYG,TEN,2026-09-27T17:00:00Z,betrivers,player_anytime_td,anytime_td,Najee Harris,,425,
2026-09-23T19-00-13Z,2026,3,2026_03_TEN_NYG,NYG,TEN,2026-09-27T17:00:00Z,betrivers,player_anytime_td,anytime_td,Darnell Mooney,,600,
2026-09-23T19-00-13Z,2026,3,2026_03_TEN_NYG,NYG,TEN,2026-09-27T17:00:00Z,betrivers,player_anytime_td,anytime_td,Theo Johnson,,700,
2026-09-23T19-00-13Z,2026,3,2026_03_TEN_NYG,NYG,TEN,2026-09-27T17:00:00Z,betrivers,player_anytime_td,anytime_td,Wan'Dale Robinson,,310,
2026-09-23T19-00-13Z,2026,3,2026_03_TEN_NYG,NYG,TEN,2026-09-27T17:00:00Z,betrivers,player_anytime_td,anytime_td,Elic Ayomanor,,850,
2026-09-23T19-00-13Z,2026,3,2026_03_TEN_NYG,NYG,TEN,2026-09-27T17:00:00Z,betrivers,player_anytime_td,anytime_td,Cam Ward,,300,
2026-09-23T19-00-13Z,2026,3,2026_03_TEN_NYG,NYG,TEN,2026-09-27T17:00:00Z,betonlineag,player_anytime_td,anytime_td,Julius Chestnut,,1900,
2026-09-23T19-00-13Z,2026,3,2026_03_TEN_NYG,NYG,TEN,2026-09-27T17:00:00Z,betonlineag,player_anytime_td,anytime_td,Odell Beckham Jr.,,1100,
2026-09-23T19-00-13Z,2026,3,2026_03_TEN_NYG,NYG,TEN,2026-09-27T17:00:00Z,betonlineag,player_anytime_td,anytime_td,Malik Nabers,,200,
2026-09-23T19-00-13Z,2026,3,2026_03_TEN_NYG,NYG,TEN,2026-09-27T17:00:00Z,betonlineag,player_anytime_td,anytime_td,Chris Manhertz,,3400,
2026-09-23T19-00-13Z,2026,3,2026_03_TEN_NYG,NYG,TEN,2026-09-27T17:00:00Z,betonlineag,player_anytime_td,anytime_td,David Martin-Robinson,,2900,
2026-09-23T19-00-13Z,2026,3,2026_03_TEN_NYG,NYG,TEN,2026-09-27T17:00:00Z,betonlineag,player_anytime_td,anytime_td,Tyjae Spears,,250,
2026-09-23T19-00-13Z,2026,3,2026_03_TEN_NYG,NYG,TEN,2026-09-27T17:00:00Z,betonlineag,player_anytime_td,anytime_td,Tyrone Tracy Jr.,,400,
2026-09-23T19-00-13Z,2026,3,2026_03_TEN_NYG,NYG,TEN,2026-09-27T17:00:00Z,betonlineag,player_anytime_td,anytime_td,Devin Singletary,,350,
2026-09-23T19-00-13Z,2026,3,2026_03_TEN_NYG,NYG,TEN,2026-09-27T17:00:00Z,betonlineag,player_anytime_td,anytime_td,Tony Pollard,,150,
2026-09-23T19-00-13Z,2026,3,2026_03_TEN_NYG,NYG,TEN,2026-09-27T17:00:00Z,betonlineag,player_anytime_td,anytime_td,Calvin Ridley,,550,
2026-09-23T19-00-13Z,2026,3,2026_03_TEN_NYG,NYG,TEN,2026-09-27T17:00:00Z,betonlineag,player_anytime_td,anytime_td,Theo Johnson,,650,
2026-09-23T19-00-13Z,2026,3,2026_03_TEN_NYG,NYG,TEN,2026-09-27T17:00:00Z,betonlineag,player_anytime_td,anytime_td,Gunnar Helm,,350,
2026-09-23T19-00-13Z,2026,3,2026_03_TEN_NYG,NYG,TEN,2026-09-27T17:00:00Z,betonlineag,player_anytime_td,anytime_td,Chimere Dike,,800,
2026-09-23T19-00-13Z,2026,3,2026_03_TEN_NYG,NYG,TEN,2026-09-27T17:00:00Z,betonlineag,player_anytime_td,anytime_td,Cam Ward,,300,
2026-09-23T19-00-13Z,2026,3,2026_03_TEN_NYG,NYG,TEN,2026-09-27T17:00:00Z,betonlineag,player_anytime_td,anytime_td,Jameis Winston,,350,
2026-09-23T19-00-13Z,2026,3,2026_03_TEN_NYG,NYG,TEN,2026-09-27T17:00:00Z,betonlineag,player_anytime_td,anytime_td,Elic Ayomanor,,800,
2026-09-23T19-00-13Z,2026,3,2026_03_TEN_NYG,NYG,TEN,2026-09-27T17:00:00Z,betonlineag,player_anytime_td,anytime_td,Darnell Mooney,,600,
2026-09-23T19-00-13Z,2026,3,2026_03_TEN_NYG,NYG,TEN,2026-09-27T17:00:00Z,betonlineag,player_anytime_td,anytime_td,Kylen Granson,,1900,
2026-09-23T19-00-13Z,2026,3,2026_03_TEN_NYG,NYG,TEN,2026-09-27T17:00:00Z,betonlineag,player_anytime_td,anytime_td,Malachi Fields,,260,
2026-09-23T19-00-13Z,2026,3,2026_03_TEN_NYG,NYG,TEN,2026-09-27T17:00:00Z,betonlineag,player_anytime_td,anytime_td,Daniel Bellinger,,1100,
2026-09-23T19-00-13Z,2026,3,2026_03_TEN_NYG,NYG,TEN,2026-09-27T17:00:00Z,betonlineag,player_anytime_td,anytime_td,Wan'Dale Robinson,,300,
2026-09-23T19-00-13Z,2026,3,2026_03_TEN_NYG,NYG,TEN,2026-09-27T17:00:00Z,betonlineag,player_anytime_td,anytime_td,Patrick Ricard,,1000,
2026-09-23T19-00-13Z,2026,3,2026_03_TEN_NYG,NYG,TEN,2026-09-27T17:00:00Z,betonlineag,player_anytime_td,anytime_td,Najee Harris,,350,
2026-09-23T19-00-13Z,2026,3,2026_03_TEN_NYG,NYG,TEN,2026-09-27T17:00:00Z,betonlineag,player_anytime_td,anytime_td,Carnell Tate,,300,
2026-09-23T19-00-13Z,2026,3,2026_03_TEN_NYG,NYG,TEN,2026-09-27T17:00:00Z,betonlineag,player_anytime_td,anytime_td,Cam Skattebo,,110,
2026-09-23T19-00-13Z,2026,3,2026_03_TEN_NYG,NYG,TEN,2026-09-27T17:00:00Z,betonlineag,player_anytime_td,anytime_td,Isaiah Likely,,280,
2026-09-23T19-00-13Z,2026,3,2026_03_SEA_WAS,WAS,SEA,2026-09-27T17:00:00Z,betonlineag,player_anytime_td,anytime_td,John Bates,,1000,
2026-09-23T19-00-13Z,2026,3,2026_03_SEA_WAS,WAS,SEA,2026-09-27T17:00:00Z,betonlineag,player_anytime_td,anytime_td,Jaxon Smith-Njigba,,-143,
2026-09-23T19-00-13Z,2026,3,2026_03_SEA_WAS,WAS,SEA,2026-09-27T17:00:00Z,betonlineag,player_anytime_td,anytime_td,Terry McLaurin,,260,
2026-09-23T19-00-13Z,2026,3,2026_03_SEA_WAS,WAS,SEA,2026-09-27T17:00:00Z,betonlineag,player_anytime_td,anytime_td,Brady Russell,,1900,
2026-09-23T19-00-13Z,2026,3,2026_03_SEA_WAS,WAS,SEA,2026-09-27T17:00:00Z,betonlineag,player_anytime_td,anytime_td,Dyami Brown,,1100,
2026-09-23T19-00-13Z,2026,3,2026_03_SEA_WAS,WAS,SEA,2026-09-27T17:00:00Z,betonlineag,player_anytime_td,anytime_td,AJ Barner,,270,
2026-09-23T19-00-13Z,2026,3,2026_03_SEA_WAS,WAS,SEA,2026-09-27T17:00:00Z,betonlineag,player_anytime_td,anytime_td,Marcus Mariota,,650,
2026-09-23T19-00-13Z,2026,3,2026_03_SEA_WAS,WAS,SEA,2026-09-27T17:00:00Z,betonlineag,player_anytime_td,anytime_td,Colson Yankoff,,2900,
2026-09-23T19-00-13Z,2026,3,2026_03_SEA_WAS,WAS,SEA,2026-09-27T17:00:00Z,betonlineag,player_anytime_td,anytime_td,Ben Sinnott,,1400,
2026-09-23T19-00-13Z,2026,3,2026_03_SEA_WAS,WAS,SEA,2026-09-27T17:00:00Z,betonlineag,player_anytime_td,anytime_td,George Holani,,190,
2026-09-23T19-00-13Z,2026,3,2026_03_SEA_WAS,WAS,SEA,2026-09-27T17:00:00Z,betonlineag,player_anytime_td,anytime_td,Jacory Croskey-Merritt,,180,
2026-09-23T19-00-13Z,2026,3,2026_03_SEA_WAS,WAS,SEA,2026-09-27T17:00:00Z,betonlineag,player_anytime_td,anytime_td,Cooper Kupp,,350,
2026-09-23T19-00-13Z,2026,3,2026_03_SEA_WAS,WAS,SEA,2026-09-27T17:00:00Z,betonlineag,player_anytime_td,anytime_td,Eric Saubert,,1100,
2026-09-23T19-00-13Z,2026,3,2026_03_SEA_WAS,WAS,SEA,2026-09-27T17:00:00Z,betonlineag,player_anytime_td,anytime_td,Rashid Shaheed,,240,
2026-09-23T19-00-13Z,2026,3,2026_03_SEA_WAS,WAS,SEA,2026-09-27T17:00:00Z,betonlineag,player_anytime_td,anytime_td,Jaylin Lane,,1100,
2026-09-23T19-00-13Z,2026,3,2026_03_SEA_WAS,WAS,SEA,2026-09-27T17:00:00Z,betonlineag,player_anytime_td,anytime_td,Elijah Arroyo,,900,
2026-09-23T19-00-13Z,2026,3,2026_03_SEA_WAS,WAS,SEA,2026-09-27T17:00:00Z,betonlineag,player_anytime_td,anytime_td,Nick Kallerup,,1400,
2026-09-23T19-00-13Z,2026,3,2026_03_SEA_WAS,WAS,SEA,2026-09-27T17:00:00Z,betonlineag,player_anytime_td,anytime_td,Treylon Burks,,2900,
2026-09-23T19-00-13Z,2026,3,2026_03_SEA_WAS,WAS,SEA,2026-09-27T17:00:00Z,betonlineag,player_anytime_td,anytime_td,Tory Horton,,800,
2026-09-23T19-00-13Z,2026,3,2026_03_SEA_WAS,WAS,SEA,2026-09-27T17:00:00Z,betonlineag,player_anytime_td,anytime_td,Kaytron Allen,,1400,
2026-09-23T19-00-13Z,2026,3,2026_03_SEA_WAS,WAS,SEA,2026-09-27T17:00:00Z,betonlineag,player_anytime_td,anytime_td,Jadarian Price,,100,
2026-09-23T19-00-13Z,2026,3,2026_03_SEA_WAS,WAS,SEA,2026-09-27T17:00:00Z,betonlineag,player_anytime_td,anytime_td,Emanuel Wilson,,170,
2026-09-23T19-00-13Z,2026,3,2026_03_SEA_WAS,WAS,SEA,2026-09-27T17:00:00Z,betonlineag,player_anytime_td,anytime_td,Rachaad White,,250,
2026-09-23T19-00-13Z,2026,3,2026_03_SEA_WAS,WAS,SEA,2026-09-27T17:00:00Z,betonlineag,player_anytime_td,anytime_td,Chig Okonkwo,,500,
2026-09-23T19-00-13Z,2026,3,2026_03_SEA_WAS,WAS,SEA,2026-09-27T17:00:00Z,betonlineag,player_anytime_td,anytime_td,Stefon Diggs,,325,
2026-09-23T19-00-13Z,2026,3,2026_03_SEA_WAS,WAS,SEA,2026-09-27T17:00:00Z,betonlineag,player_anytime_td,anytime_td,Antonio Williams,,750,
2026-09-23T19-00-13Z,2026,3,2026_03_ARI_SF,SF,ARI,2026-09-27T20:05:00Z,draftkings,player_anytime_td,anytime_td,Christian McCaffrey,,-285,
2026-09-23T19-00-13Z,2026,3,2026_03_ARI_SF,SF,ARI,2026-09-27T20:05:00Z,draftkings,player_anytime_td,anytime_td,Jeremiyah Love,,140,
2026-09-23T19-00-13Z,2026,3,2026_03_ARI_SF,SF,ARI,2026-09-27T20:05:00Z,draftkings,player_anytime_td,anytime_td,Mike Evans,,145,
2026-09-23T19-00-13Z,2026,3,2026_03_ARI_SF,SF,ARI,2026-09-27T20:05:00Z,draftkings,player_anytime_td,anytime_td,George Kittle,,180,
2026-09-23T19-00-13Z,2026,3,2026_03_ARI_SF,SF,ARI,2026-09-27T20:05:00Z,draftkings,player_anytime_td,anytime_td,Tyler Allgeier,,185,
2026-09-23T19-00-13Z,2026,3,2026_03_ARI_SF,SF,ARI,2026-09-27T20:05:00Z,draftkings,player_anytime_td,anytime_td,Deebo Samuel,,190,
2026-09-23T19-00-13Z,2026,3,2026_03_ARI_SF,SF,ARI,2026-09-27T20:05:00Z,draftkings,player_anytime_td,anytime_td,Trey McBride,,195,
2026-09-23T19-00-13Z,2026,3,2026_03_ARI_SF,SF,ARI,2026-09-27T20:05:00Z,draftkings,player_anytime_td,anytime_td,Kaelon Black,,245,
2026-09-23T19-00-13Z,2026,3,2026_03_ARI_SF,SF,ARI,2026-09-27T20:05:00Z,draftkings,player_anytime_td,anytime_td,Brock Purdy,,290,
2026-09-23T19-00-13Z,2026,3,2026_03_ARI_SF,SF,ARI,2026-09-27T20:05:00Z,draftkings,player_anytime_td,anytime_td,Michael Wilson,,290,
2026-09-23T19-00-13Z,2026,3,2026_03_ARI_SF,SF,ARI,2026-09-27T20:05:00Z,draftkings,player_anytime_td,anytime_td,Marvin Harrison Jr.,,425,
2026-09-23T19-00-13Z,2026,3,2026_03_ARI_SF,SF,ARI,2026-09-27T20:05:00Z,draftkings,player_anytime_td,anytime_td,San Francisco 49ers D/ST,,500,
2026-09-23T19-00-13Z,2026,3,2026_03_ARI_SF,SF,ARI,2026-09-27T20:05:00Z,draftkings,player_anytime_td,anytime_td,Kendrick Bourne,,700,
2026-09-23T19-00-13Z,2026,3,2026_03_ARI_SF,SF,ARI,2026-09-27T20:05:00Z,draftkings,player_anytime_td,anytime_td,Jacoby Brissett,,750,
2026-09-23T19-00-13Z,2026,3,2026_03_ARI_SF,SF,ARI,2026-09-27T20:05:00Z,draftkings,player_anytime_td,anytime_td,Arizona Cardinals D/ST,,750,
2026-09-23T19-00-13Z,2026,3,2026_03_ARI_SF,SF,ARI,2026-09-27T20:05:00Z,draftkings,player_anytime_td,anytime_td,Luke Farrell,,900,
2026-09-23T19-00-13Z,2026,3,2026_03_ARI_SF,SF,ARI,2026-09-27T20:05:00Z,draftkings,player_anytime_td,anytime_td,Kyle Juszczyk,,900,
2026-09-23T19-00-13Z,2026,3,2026_03_ARI_SF,SF,ARI,2026-09-27T20:05:00Z,draftkings,player_anytime_td,anytime_td,Elijah Higgins,,1200,
2026-09-23T19-00-13Z,2026,3,2026_03_ARI_SF,SF,ARI,2026-09-27T20:05:00Z,draftkings,player_anytime_td,anytime_td,Hunter Long,,1200,
2026-09-23T19-00-13Z,2026,3,2026_03_ARI_SF,SF,ARI,2026-09-27T20:05:00Z,draftkings,player_anytime_td,anytime_td,Zonovan Knight,,3000,
2026-09-23T19-00-13Z,2026,3,2026_03_ARI_SF,SF,ARI,2026-09-27T20:05:00Z,draftkings,player_pass_yds,pass_yards,Jacoby Brissett,222.5,-112,-112.0
2026-09-23T19-00-13Z,2026,3,2026_03_ARI_SF,SF,ARI,2026-09-27T20:05:00Z,draftkings,player_reception_yds,rec_yards,Trey McBride,67.5,-111,-113.0
2026-09-23T19-00-13Z,2026,3,2026_03_ARI_SF,SF,ARI,2026-09-27T20:05:00Z,draftkings,player_reception_yds,rec_yards,Michael Wilson,45.5,-114,-110.0
2026-09-23T19-00-13Z,2026,3,2026_03_ARI_SF,SF,ARI,2026-09-27T20:05:00Z,draftkings,player_reception_yds,rec_yards,Marvin Harrison Jr.,26.5,-113,-111.0
2026-09-23T19-00-13Z,2026,3,2026_03_ARI_SF,SF,ARI,2026-09-27T20:05:00Z,draftkings,player_receptions,rec_catches,Trey McBride,7.5,116,-148.0
2026-09-23T19-00-13Z,2026,3,2026_03_ARI_SF,SF,ARI,2026-09-27T20:05:00Z,draftkings,player_receptions,rec_catches,Michael Wilson,3.5,-159,124.0
2026-09-23T19-00-13Z,2026,3,2026_03_ARI_SF,SF,ARI,2026-09-27T20:05:00Z,draftkings,player_receptions,rec_catches,Marvin Harrison Jr.,2.5,133,-171.0
2026-09-23T19-00-13Z,2026,3,2026_03_ARI_SF,SF,ARI,2026-09-27T20:05:00Z,draftkings,player_rush_yds,rush_yards,Christian McCaffrey,54.5,-110,-114.0
2026-09-23T19-00-13Z,2026,3,2026_03_ARI_SF,SF,ARI,2026-09-27T20:05:00Z,draftkings,player_rush_yds,rush_yards,Jeremiyah Love,37.5,-112,-112.0
2026-09-23T19-00-13Z,2026,3,2026_03_ARI_SF,SF,ARI,2026-09-27T20:05:00Z,draftkings,player_rush_yds,rush_yards,Tyler Allgeier,32.5,-109,-116.0
2026-09-23T19-00-13Z,2026,3,2026_03_ARI_SF,SF,ARI,2026-09-27T20:05:00Z,fanduel,player_anytime_td,anytime_td,Christian McCaffrey,,-290,
2026-09-23T19-00-13Z,2026,3,2026_03_ARI_SF,SF,ARI,2026-09-27T20:05:00Z,fanduel,player_anytime_td,anytime_td,Mike Evans,,145,
2026-09-23T19-00-13Z,2026,3,2026_03_ARI_SF,SF,ARI,2026-09-27T20:05:00Z,fanduel,player_anytime_td,anytime_td,Jeremiyah Love,,150,
2026-09-23T19-00-13Z,2026,3,2026_03_ARI_SF,SF,ARI,2026-09-27T20:05:00Z,fanduel,player_anytime_td,anytime_td,Tyler Allgeier,,185,
2026-09-23T19-00-13Z,2026,3,2026_03_ARI_SF,SF,ARI,2026-09-27T20:05:00Z,fanduel,player_anytime_td,anytime_td,Trey McBride,,195,
2026-09-23T19-00-13Z,2026,3,2026_03_ARI_SF,SF,ARI,2026-09-27T20:05:00Z,fanduel,player_anytime_td,anytime_td,George Kittle,,190,
2026-09-23T19-00-13Z,2026,3,2026_03_ARI_SF,SF,ARI,2026-09-27T20:05:00Z,fanduel,player_anytime_td,anytime_td,Deebo Samuel,,190,
2026-09-23T19-00-13Z,2026,3,2026_03_ARI_SF,SF,ARI,2026-09-27T20:05:00Z,fanduel,player_anytime_td,anytime_td,Brock Purdy,,250,
2026-09-23T19-00-13Z,2026,3,2026_03_ARI_SF,SF,ARI,2026-09-27T20:05:00Z,fanduel,player_anytime_td,anytime_td,Kaelon Black,,290,
2026-09-23T19-00-13Z,2026,3,2026_03_ARI_SF,SF,ARI,2026-09-27T20:05:00Z,fanduel,player_anytime_td,anytime_td,Michael Wilson,,300,
2026-09-23T19-00-13Z,2026,3,2026_03_ARI_SF,SF,ARI,2026-09-27T20:05:00Z,fanduel,player_anytime_td,anytime_td,Marvin Harrison Jr.,,360,
2026-09-23T19-00-13Z,2026,3,2026_03_ARI_SF,SF,ARI,2026-09-27T20:05:00Z,fanduel,player_anytime_td,anytime_td,Arizona Cardinals Defense,,650,
2026-09-23T19-00-13Z,2026,3,2026_03_ARI_SF,SF,ARI,2026-09-27T20:05:00Z,fanduel,player_anytime_td,anytime_td,Jacoby Brissett,,650,
2026-09-23T19-00-13Z,2026,3,2026_03_ARI_SF,SF,ARI,2026-09-27T20:05:00Z,fanduel,player_anytime_td,anytime_td,San Francisco 49ers Defense,,750,
2026-09-23T19-00-13Z,2026,3,2026_03_ARI_SF,SF,ARI,2026-09-27T20:05:00Z,fanduel,player_anytime_td,anytime_td,Kendrick Bourne,,750,
2026-09-23T19-00-13Z,2026,3,2026_03_ARI_SF,SF,ARI,2026-09-27T20:05:00Z,fanduel,player_anytime_td,anytime_td,Kyle Juszczyk,,750,
2026-09-23T19-00-13Z,2026,3,2026_03_ARI_SF,SF,ARI,2026-09-27T20:05:00Z,fanduel,player_anytime_td,anytime_td,Luke Farrell,,850,
2026-09-23T19-00-13Z,2026,3,2026_03_ARI_SF,SF,ARI,2026-09-27T20:05:00Z,fanduel,player_anytime_td,anytime_td,Elijah Higgins,,1300,
2026-09-23T19-00-13Z,2026,3,2026_03_ARI_SF,SF,ARI,2026-09-27T20:05:00Z,fanduel,player_anytime_td,anytime_td,Bam Knight,,3000,
2026-09-23T19-00-13Z,2026,3,2026_03_ARI_SF,SF,ARI,2026-09-27T20:05:00Z,fanduel,player_pass_yds,pass_yards,Brock Purdy,237.5,-114,-114.0
2026-09-23T19-00-13Z,2026,3,2026_03_ARI_SF,SF,ARI,2026-09-27T20:05:00Z,fanduel,player_pass_yds,pass_yards,Jacoby Brissett,225.5,-114,-114.0
2026-09-23T19-00-13Z,2026,3,2026_03_ARI_SF,SF,ARI,2026-09-27T20:05:00Z,fanduel,player_reception_yds,rec_yards,Michael Wilson,44.5,-114,-114.0
2026-09-23T19-00-13Z,2026,3,2026_03_ARI_SF,SF,ARI,2026-09-27T20:05:00Z,fanduel,player_reception_yds,rec_yards,Trey McBride,67.5,-114,-114.0
2026-09-23T19-00-13Z,2026,3,2026_03_ARI_SF,SF,ARI,2026-09-27T20:05:00Z,fanduel,player_reception_yds,rec_yards,Marvin Harrison Jr.,26.5,-114,-114.0
2026-09-23T19-00-13Z,2026,3,2026_03_ARI_SF,SF,ARI,2026-09-27T20:05:00Z,fanduel,player_receptions,rec_catches,Michael Wilson,3.5,-178,132.0
2026-09-23T19-00-13Z,2026,3,2026_03_ARI_SF,SF,ARI,2026-09-27T20:05:00Z,fanduel,player_receptions,rec_catches,Marvin Harrison Jr.,2.5,134,-180.0
2026-09-23T19-00-13Z,2026,3,2026_03_ARI_SF,SF,ARI,2026-09-27T20:05:00Z,fanduel,player_receptions,rec_catches,Trey McBride,7.5,112,-148.0
2026-09-23T19-00-13Z,2026,3,2026_03_ARI_SF,SF,ARI,2026-09-27T20:05:00Z,fanduel,player_rush_yds,rush_yards,Christian McCaffrey,54.5,-114,-114.0
2026-09-23T19-00-13Z,2026,3,2026_03_ARI_SF,SF,ARI,2026-09-27T20:05:00Z,fanduel,player_rush_yds,rush_yards,Jeremiyah Love,37.5,-114,-114.0
2026-09-23T19-00-13Z,2026,3,2026_03_ARI_SF,SF,ARI,2026-09-27T20:05:00Z,fanduel,player_rush_yds,rush_yards,Tyler Allgeier,34.5,-114,-114.0
2026-09-23T19-00-13Z,2026,3,2026_03_ARI_SF,SF,ARI,2026-09-27T20:05:00Z,betrivers,player_anytime_td,anytime_td,Jalen Brooks,,1900,
2026-09-23T19-00-13Z,2026,3,2026_03_ARI_SF,SF,ARI,2026-09-27T20:05:00Z,betrivers,player_anytime_td,anytime_td,Elijah Higgins,,1400,
2026-09-23T19-00-13Z,2026,3,2026_03_ARI_SF,SF,ARI,2026-09-27T20:05:00Z,betrivers,player_anytime_td,anytime_td,Tyler Allgeier,,145,
2026-09-23T19-00-13Z,2026,3,2026_03_ARI_SF,SF,ARI,2026-09-27T20:05:00Z,betrivers,player_anytime_td,anytime_td,Zonovan Knight,,2400,
2026-09-23T19-00-13Z,2026,3,2026_03_ARI_SF,SF,ARI,2026-09-27T20:05:00Z,betrivers,player_anytime_td,anytime_td,Simi Fehoko,,5500,
2026-09-23T19-00-13Z,2026,3,2026_03_ARI_SF,SF,ARI,2026-09-27T20:05:00Z,betrivers,player_anytime_td,anytime_td,Brayden Willis,,1100,
2026-09-23T19-00-13Z,2026,3,2026_03_ARI_SF,SF,ARI,2026-09-27T20:05:00Z,betrivers,player_anytime_td,anytime_td,Deebo Samuel,,165,
2026-09-23T19-00-13Z,2026,3,2026_03_ARI_SF,SF,ARI,2026-09-27T20:05:00Z,betrivers,player_anytime_td,anytime_td,Jacob Cowing,,750,
2026-09-23T19-00-13Z,2026,3,2026_03_ARI_SF,SF,ARI,2026-09-27T20:05:00Z,betrivers,player_anytime_td,anytime_td,Kaelon Black,,265,
2026-09-23T19-00-13Z,2026,3,2026_03_ARI_SF,SF,ARI,2026-09-27T20:05:00Z,betrivers,player_anytime_td,anytime_td,Luke Farrell,,800,
2026-09-23T19-00-13Z,2026,3,2026_03_ARI_SF,SF,ARI,2026-09-27T20:05:00Z,betrivers,player_anytime_td,anytime_td,Michael Wilson,,275,
2026-09-23T19-00-13Z,2026,3,2026_03_ARI_SF,SF,ARI,2026-09-27T20:05:00Z,betrivers,player_anytime_td,anytime_td,Trey McBride,,185,
2026-09-23T19-00-13Z,2026,3,2026_03_ARI_SF,SF,ARI,2026-09-27T20:05:00Z,betrivers,player_anytime_td,anytime_td,Christian McCaffrey,,-275,
2026-09-23T19-00-13Z,2026,3,2026_03_ARI_SF,SF,ARI,2026-09-27T20:05:00Z,betrivers,player_anytime_td,anytime_td,Brock Purdy,,285,
2026-09-23T19-00-13Z,2026,3,2026_03_ARI_SF,SF,ARI,2026-09-27T20:05:00Z,betrivers,player_anytime_td,anytime_td,Jordan Watkins,,700,
2026-09-23T19-00-13Z,2026,3,2026_03_ARI_SF,SF,ARI,2026-09-27T20:05:00Z,betrivers,player_anytime_td,anytime_td,George Kittle,,165,
2026-09-23T19-00-13Z,2026,3,2026_03_ARI_SF,SF,ARI,2026-09-27T20:05:00Z,betrivers,player_anytime_td,anytime_td,Kyle Juszczyk,,650,
2026-09-23T19-00-13Z,2026,3,2026_03_ARI_SF,SF,ARI,2026-09-27T20:05:00Z,betrivers,player_anytime_td,anytime_td,KhaDarel Hodge,,1100,
2026-09-23T19-00-13Z,2026,3,2026_03_ARI_SF,SF,ARI,2026-09-27T20:05:00Z,betrivers,player_anytime_td,anytime_td,Mike Evans,,128,
2026-09-23T19-00-13Z,2026,3,2026_03_ARI_SF,SF,ARI,2026-09-27T20:05:00Z,betrivers,player_anytime_td,anytime_td,James Jordan,,700,
2026-09-23T19-00-13Z,2026,3,2026_03_ARI_SF,SF,ARI,2026-09-27T20:05:00Z,betrivers,player_anytime_td,anytime_td,Marvin Harrison Jr.,,320,
2026-09-23T19-00-13Z,2026,3,2026_03_ARI_SF,SF,ARI,2026-09-27T20:05:00Z,betrivers,player_anytime_td,anytime_td,Jacoby Brissett,,700,
2026-09-23T19-00-13Z,2026,3,2026_03_ARI_SF,SF,ARI,2026-09-27T20:05:00Z,betrivers,player_anytime_td,anytime_td,Devin Duvernay,,2400,
2026-09-23T19-00-13Z,2026,3,2026_03_ARI_SF,SF,ARI,2026-09-27T20:05:00Z,betrivers,player_anytime_td,anytime_td,Jeremiyah Love,,130,
2026-09-23T19-00-13Z,2026,3,2026_03_ARI_SF,SF,ARI,2026-09-27T20:05:00Z,betrivers,player_anytime_td,anytime_td,Kendrick Bourne,,550,
2026-09-23T19-00-13Z,2026,3,2026_03_ARI_SF,SF,ARI,2026-09-27T20:05:00Z,betrivers,player_anytime_td,anytime_td,Hunter Long,,1600,
2026-09-23T19-00-13Z,2026,3,2026_03_ARI_SF,SF,ARI,2026-09-27T20:05:00Z,betrivers,player_pass_yds,pass_yards,Brock Purdy,240.5,-117,-114.0
2026-09-23T19-00-13Z,2026,3,2026_03_ARI_SF,SF,ARI,2026-09-27T20:05:00Z,betrivers,player_pass_yds,pass_yards,Jacoby Brissett,225.5,-117,-114.0
2026-09-23T19-00-13Z,2026,3,2026_03_ARI_SF,SF,ARI,2026-09-27T20:05:00Z,betrivers,player_reception_yds,rec_yards,Michael Wilson,44.5,-113,-118.0
2026-09-23T19-00-13Z,2026,3,2026_03_ARI_SF,SF,ARI,2026-09-27T20:05:00Z,betrivers,player_reception_yds,rec_yards,Trey McBride,66.5,-118,-113.0
2026-09-23T19-00-13Z,2026,3,2026_03_ARI_SF,SF,ARI,2026-09-27T20:05:00Z,betrivers,player_reception_yds,rec_yards,Marvin Harrison Jr.,26.5,-113,-118.0
2026-09-23T19-00-13Z,2026,3,2026_03_ARI_SF,SF,ARI,2026-09-27T20:05:00Z,betrivers,player_receptions,rec_catches,Trey McBride,7.5,107,
2026-09-23T19-00-13Z,2026,3,2026_03_ARI_SF,SF,ARI,2026-09-27T20:05:00Z,betrivers,player_receptions,rec_catches,Marvin Harrison Jr.,2.5,130,
2026-09-23T19-00-13Z,2026,3,2026_03_ARI_SF,SF,ARI,2026-09-27T20:05:00Z,betrivers,player_receptions,rec_catches,Michael Wilson,3.5,-167,
2026-09-23T19-00-13Z,2026,3,2026_03_ARI_SF,SF,ARI,2026-09-27T20:05:00Z,betrivers,player_rush_yds,rush_yards,Christian McCaffrey,54.5,-117,-114.0
2026-09-23T19-00-13Z,2026,3,2026_03_ARI_SF,SF,ARI,2026-09-27T20:05:00Z,betrivers,player_rush_yds,rush_yards,Tyler Allgeier,34.5,-118,-112.0
2026-09-23T19-00-13Z,2026,3,2026_03_ARI_SF,SF,ARI,2026-09-27T20:05:00Z,betrivers,player_rush_yds,rush_yards,Jeremiyah Love,37.5,-117,-114.0
2026-09-23T19-00-13Z,2026,3,2026_03_ARI_SF,SF,ARI,2026-09-27T20:05:00Z,betonlineag,player_anytime_td,anytime_td,Brock Purdy,,250,
2026-09-23T19-00-13Z,2026,3,2026_03_ARI_SF,SF,ARI,2026-09-27T20:05:00Z,betonlineag,player_anytime_td,anytime_td,Trey McBride,,160,
2026-09-23T19-00-13Z,2026,3,2026_03_ARI_SF,SF,ARI,2026-09-27T20:05:00Z,betonlineag,player_anytime_td,anytime_td,Kyle Juszczyk,,700,
2026-09-23T19-00-13Z,2026,3,2026_03_ARI_SF,SF,ARI,2026-09-27T20:05:00Z,betonlineag,player_anytime_td,anytime_td,George Kittle,,150,
2026-09-23T19-00-13Z,2026,3,2026_03_ARI_SF,SF,ARI,2026-09-27T20:05:00Z,betonlineag,player_anytime_td,anytime_td,Deebo Samuel,,180,
2026-09-23T19-00-13Z,2026,3,2026_03_ARI_SF,SF,ARI,2026-09-27T20:05:00Z,betonlineag,player_anytime_td,anytime_td,Simi Fehoko,,3400,
2026-09-23T19-00-13Z,2026,3,2026_03_ARI_SF,SF,ARI,2026-09-27T20:05:00Z,betonlineag,player_anytime_td,anytime_td,Jacob Cowing,,800,
2026-09-23T19-00-13Z,2026,3,2026_03_ARI_SF,SF,ARI,2026-09-27T20:05:00Z,betonlineag,player_anytime_td,anytime_td,Marvin Harrison Jr.,,300,
2026-09-23T19-00-13Z,2026,3,2026_03_ARI_SF,SF,ARI,2026-09-27T20:05:00Z,betonlineag,player_anytime_td,anytime_td,Brayden Willis,,2400,
2026-09-23T19-00-13Z,2026,3,2026_03_ARI_SF,SF,ARI,2026-09-27T20:05:00Z,betonlineag,player_anytime_td,anytime_td,Christian McCaffrey,,-333,
2026-09-23T19-00-13Z,2026,3,2026_03_ARI_SF,SF,ARI,2026-09-27T20:05:00Z,betonlineag,player_anytime_td,anytime_td,Michael Wilson,,250,
2026-09-23T19-00-13Z,2026,3,2026_03_ARI_SF,SF,ARI,2026-09-27T20:05:00Z,betonlineag,player_anytime_td,anytime_td,Luke Farrell,,800,
2026-09-23T19-00-13Z,2026,3,2026_03_ARI_SF,SF,ARI,2026-09-27T20:05:00Z,betonlineag,player_anytime_td,anytime_td,Elijah Higgins,,1100,
2026-09-23T19-00-13Z,2026,3,2026_03_ARI_SF,SF,ARI,2026-09-27T20:05:00Z,betonlineag,player_anytime_td,anytime_td,Jacoby Brissett,,650,
2026-09-23T19-00-13Z,2026,3,2026_03_ARI_SF,SF,ARI,2026-09-27T20:05:00Z,betonlineag,player_anytime_td,anytime_td,Demarcus Robinson,,260,
2026-09-23T19-00-13Z,2026,3,2026_03_ARI_SF,SF,ARI,2026-09-27T20:05:00Z,betonlineag,player_anytime_td,anytime_td,James Jordan,,900,
2026-09-23T19-00-13Z,2026,3,2026_03_ARI_SF,SF,ARI,2026-09-27T20:05:00Z,betonlineag,player_anytime_td,anytime_td,Jordan Watkins,,800,
2026-09-23T19-00-13Z,2026,3,2026_03_ARI_SF,SF,ARI,2026-09-27T20:05:00Z,betonlineag,player_anytime_td,anytime_td,Jeremiyah Love,,120,
2026-09-23T19-00-13Z,2026,3,2026_03_ARI_SF,SF,ARI,2026-09-27T20:05:00Z,betonlineag,player_anytime_td,anytime_td,Devin Duvernay,,2400,
2026-09-23T19-00-13Z,2026,3,2026_03_ARI_SF,SF,ARI,2026-09-27T20:05:00Z,betonlineag,player_anytime_td,anytime_td,Zonovan Knight,,1000,
2026-09-23T19-00-13Z,2026,3,2026_03_ARI_SF,SF,ARI,2026-09-27T20:05:00Z,betonlineag,player_anytime_td,anytime_td,Kendrick Bourne,,450,
2026-09-23T19-00-13Z,2026,3,2026_03_ARI_SF,SF,ARI,2026-09-27T20:05:00Z,betonlineag,player_anytime_td,anytime_td,Mike Evans,,140,
2026-09-23T19-00-13Z,2026,3,2026_03_ARI_SF,SF,ARI,2026-09-27T20:05:00Z,betonlineag,player_anytime_td,anytime_td,Tyler Allgeier,,180,
2026-09-23T19-00-13Z,2026,3,2026_03_ARI_SF,SF,ARI,2026-09-27T20:05:00Z,betonlineag,player_anytime_td,anytime_td,Jalen Brooks,,2900,
2026-09-23T19-00-13Z,2026,3,2026_03_ARI_SF,SF,ARI,2026-09-27T20:05:00Z,betonlineag,player_anytime_td,anytime_td,Kaelon Black,,210,
2026-09-23T19-00-13Z,2026,3,2026_03_ARI_SF,SF,ARI,2026-09-27T20:05:00Z,betonlineag,player_anytime_td,anytime_td,KhaDarel Hodge,,1100,
2026-09-23T19-00-13Z,2026,3,2026_03_ARI_SF,SF,ARI,2026-09-27T20:05:00Z,betonlineag,player_pass_yds,pass_yards,Jacoby Brissett,225.5,-114,-114.0
2026-09-23T19-00-13Z,2026,3,2026_03_ARI_SF,SF,ARI,2026-09-27T20:05:00Z,betonlineag,player_reception_yds,rec_yards,Michael Wilson,44.5,-116,-111.0
2026-09-23T19-00-13Z,2026,3,2026_03_ARI_SF,SF,ARI,2026-09-27T20:05:00Z,betonlineag,player_reception_yds,rec_yards,Trey McBride,67.5,-114,-114.0
2026-09-23T19-00-13Z,2026,3,2026_03_ARI_SF,SF,ARI,2026-09-27T20:05:00Z,betonlineag,player_reception_yds,rec_yards,Marvin Harrison Jr.,27.5,-114,-114.0
2026-09-23T19-00-13Z,2026,3,2026_03_ARI_SF,SF,ARI,2026-09-27T20:05:00Z,betonlineag,player_receptions,rec_catches,Michael Wilson,3.5,-167,127.0
2026-09-23T19-00-13Z,2026,3,2026_03_ARI_SF,SF,ARI,2026-09-27T20:05:00Z,betonlineag,player_receptions,rec_catches,Trey McBride,6.5,-130,100.0
2026-09-23T19-00-13Z,2026,3,2026_03_ARI_SF,SF,ARI,2026-09-27T20:05:00Z,betonlineag,player_receptions,rec_catches,Marvin Harrison Jr.,2.5,136,-179.0
2026-09-23T19-00-13Z,2026,3,2026_03_ARI_SF,SF,ARI,2026-09-27T20:05:00Z,betonlineag,player_rush_yds,rush_yards,Jeremiyah Love,37.5,-116,-111.0
2026-09-23T19-00-13Z,2026,3,2026_03_ARI_SF,SF,ARI,2026-09-27T20:05:00Z,betonlineag,player_rush_yds,rush_yards,Tyler Allgeier,32.5,-111,-116.0
2026-09-23T19-00-13Z,2026,3,2026_03_ARI_SF,SF,ARI,2026-09-27T20:05:00Z,betonlineag,player_rush_yds,rush_yards,Christian McCaffrey,54.5,-114,-114.0
2026-09-23T19-00-13Z,2026,3,2026_03_ARI_SF,SF,ARI,2026-09-27T20:05:00Z,betmgm,player_anytime_td,anytime_td,Christian McCaffrey,,-275,
2026-09-23T19-00-13Z,2026,3,2026_03_ARI_SF,SF,ARI,2026-09-27T20:05:00Z,betmgm,player_anytime_td,anytime_td,Deebo Samuel,,175,
2026-09-23T19-00-13Z,2026,3,2026_03_ARI_SF,SF,ARI,2026-09-27T20:05:00Z,betmgm,player_anytime_td,anytime_td,Kyle Juszczyk,,475,
2026-09-23T19-00-13Z,2026,3,2026_03_ARI_SF,SF,ARI,2026-09-27T20:05:00Z,betmgm,player_anytime_td,anytime_td,Brock Purdy,,300,
2026-09-23T19-00-13Z,2026,3,2026_03_ARI_SF,SF,ARI,2026-09-27T20:05:00Z,betmgm,player_anytime_td,anytime_td,Trey McBride,,150,
2026-09-23T19-00-13Z,2026,3,2026_03_ARI_SF,SF,ARI,2026-09-27T20:05:00Z,betmgm,player_anytime_td,anytime_td,Michael Wilson,,250,
2026-09-23T19-00-13Z,2026,3,2026_03_ARI_SF,SF,ARI,2026-09-27T20:05:00Z,betmgm,player_anytime_td,anytime_td,Jacob Cowing,,600,
2026-09-23T19-00-13Z,2026,3,2026_03_ARI_SF,SF,ARI,2026-09-27T20:05:00Z,betmgm,player_anytime_td,anytime_td,Arizona Cardinals D/ST,,600,
2026-09-23T19-00-13Z,2026,3,2026_03_ARI_SF,SF,ARI,2026-09-27T20:05:00Z,betmgm,player_anytime_td,anytime_td,Zonovan Knight,,2800,
2026-09-23T19-00-13Z,2026,3,2026_03_ARI_SF,SF,ARI,2026-09-27T20:05:00Z,betmgm,player_anytime_td,anytime_td,Luke Farrell,,600,
2026-09-23T19-00-13Z,2026,3,2026_03_ARI_SF,SF,ARI,2026-09-27T20:05:00Z,betmgm,player_anytime_td,anytime_td,Kendrick Bourne,,400,
2026-09-23T19-00-13Z,2026,3,2026_03_ARI_SF,SF,ARI,2026-09-27T20:05:00Z,betmgm,player_anytime_td,anytime_td,George Kittle,,145,
2026-09-23T19-00-13Z,2026,3,2026_03_ARI_SF,SF,ARI,2026-09-27T20:05:00Z,betmgm,player_anytime_td,anytime_td,Mike Evans,,110,
2026-09-23T19-00-13Z,2026,3,2026_03_ARI_SF,SF,ARI,2026-09-27T20:05:00Z,betmgm,player_anytime_td,anytime_td,Jacoby Brissett,,750,
2026-09-23T19-00-13Z,2026,3,2026_03_ARI_SF,SF,ARI,2026-09-27T20:05:00Z,betmgm,player_anytime_td,anytime_td,Tyler Allgeier,,175,
2026-09-23T19-00-13Z,2026,3,2026_03_ARI_SF,SF,ARI,2026-09-27T20:05:00Z,betmgm,player_anytime_td,anytime_td,San Francisco 49ers D/ST,,425,
2026-09-23T19-00-13Z,2026,3,2026_03_ARI_SF,SF,ARI,2026-09-27T20:05:00Z,betmgm,player_anytime_td,anytime_td,Jeremiyah Love,,135,
2026-09-23T19-00-13Z,2026,3,2026_03_ARI_SF,SF,ARI,2026-09-27T20:05:00Z,betmgm,player_anytime_td,anytime_td,Marvin Harrison Jr.,,360,
2026-09-23T19-00-13Z,2026,3,2026_03_ARI_SF,SF,ARI,2026-09-27T20:05:00Z,betmgm,player_anytime_td,anytime_td,Kaelon Black,,210,
2026-09-23T19-00-13Z,2026,3,2026_03_ARI_SF,SF,ARI,2026-09-27T20:05:00Z,betmgm,player_anytime_td,anytime_td,Brayden Willis,,1600,
2026-09-23T19-00-13Z,2026,3,2026_03_ARI_SF,SF,ARI,2026-09-27T20:05:00Z,betmgm,player_anytime_td,anytime_td,KhaDarel Hodge,,1050,
2026-09-23T19-00-13Z,2026,3,2026_03_ARI_SF,SF,ARI,2026-09-27T20:05:00Z,betmgm,player_anytime_td,anytime_td,Hunter Long,,1600,
2026-09-23T19-00-13Z,2026,3,2026_03_ARI_SF,SF,ARI,2026-09-27T20:05:00Z,betmgm,player_anytime_td,anytime_td,Elijah Higgins,,1500,
2026-09-23T19-00-13Z,2026,3,2026_03_MIN_TB,TB,MIN,2026-09-27T20:05:00Z,draftkings,player_anytime_td,anytime_td,Aaron Jones,,-125,
2026-09-23T19-00-13Z,2026,3,2026_03_MIN_TB,TB,MIN,2026-09-27T20:05:00Z,draftkings,player_anytime_td,anytime_td,Bucky Irving,,115,
2026-09-23T19-00-13Z,2026,3,2026_03_MIN_TB,TB,MIN,2026-09-27T20:05:00Z,draftkings,player_anytime_td,anytime_td,Justin Jefferson,,160,
2026-09-23T19-00-13Z,2026,3,2026_03_MIN_TB,TB,MIN,2026-09-27T20:05:00Z,draftkings,player_anytime_td,anytime_td,Emeka Egbuka,,235,
2026-09-23T19-00-13Z,2026,3,2026_03_MIN_TB,TB,MIN,2026-09-27T20:05:00Z,draftkings,player_anytime_td,anytime_td,Kenny Gainwell,,265,
2026-09-23T19-00-13Z,2026,3,2026_03_MIN_TB,TB,MIN,2026-09-27T20:05:00Z,draftkings,player_anytime_td,anytime_td,T.J. Hockenson,,280,
2026-09-23T19-00-13Z,2026,3,2026_03_MIN_TB,TB,MIN,2026-09-27T20:05:00Z,draftkings,player_anytime_td,anytime_td,Kyler Murray,,280,
2026-09-23T19-00-13Z,2026,3,2026_03_MIN_TB,TB,MIN,2026-09-27T20:05:00Z,draftkings,player_anytime_td,anytime_td,Jordan Addison,,290,
2026-09-23T19-00-13Z,2026,3,2026_03_MIN_TB,TB,MIN,2026-09-27T20:05:00Z,draftkings,player_anytime_td,anytime_td,Chris Godwin,,320,
2026-09-23T19-00-13Z,2026,3,2026_03_MIN_TB,TB,MIN,2026-09-27T20:05:00Z,draftkings,player_anytime_td,anytime_td,Cade Otton,,370,
2026-09-23T19-00-13Z,2026,3,2026_03_MIN_TB,TB,MIN,2026-09-27T20:05:00Z,draftkings,player_anytime_td,anytime_td,Ted Hurst III,,400,
2026-09-23T19-00-13Z,2026,3,2026_03_MIN_TB,TB,MIN,2026-09-27T20:05:00Z,draftkings,player_anytime_td,anytime_td,Jalen McMillan,,500,
2026-09-23T19-00-13Z,2026,3,2026_03_MIN_TB,TB,MIN,2026-09-27T20:05:00Z,draftkings,player_anytime_td,anytime_td,Minnesota Vikings D/ST,,550,
2026-09-23T19-00-13Z,2026,3,2026_03_MIN_TB,TB,MIN,2026-09-27T20:05:00Z,draftkings,player_anytime_td,anytime_td,Tampa Bay Buccaneers D/ST,,600,
2026-09-23T19-00-13Z,2026,3,2026_03_MIN_TB,TB,MIN,2026-09-27T20:05:00Z,draftkings,player_anytime_td,anytime_td,Baker Mayfield,,600,
2026-09-23T19-00-13Z,2026,3,2026_03_MIN_TB,TB,MIN,2026-09-27T20:05:00Z,draftkings,player_anytime_td,anytime_td,Josh Oliver,,700,
2026-09-23T19-00-13Z,2026,3,2026_03_MIN_TB,TB,MIN,2026-09-27T20:05:00Z,draftkings,player_anytime_td,anytime_td,Jauan Jennings,,700,
2026-09-23T19-00-13Z,2026,3,2026_03_MIN_TB,TB,MIN,2026-09-27T20:05:00Z,draftkings,player_anytime_td,anytime_td,Myles Price,,1500,
2026-09-23T19-00-13Z,2026,3,2026_03_MIN_TB,TB,MIN,2026-09-27T20:05:00Z,draftkings,player_anytime_td,anytime_td,Payne Durham,,2200,
2026-09-23T19-00-13Z,2026,3,2026_03_MIN_TB,TB,MIN,2026-09-27T20:05:00Z,draftkings,player_anytime_td,anytime_td,Bauer Sharp,,3500,
2026-09-23T19-00-13Z,2026,3,2026_03_MIN_TB,TB,MIN,2026-09-27T20:05:00Z,draftkings,player_pass_yds,pass_yards,Baker Mayfield,216.5,-113,-111.0
2026-09-23T19-00-13Z,2026,3,2026_03_MIN_TB,TB,MIN,2026-09-27T20:05:00Z,draftkings,player_pass_yds,pass_yards,Kyler Murray,208.5,-112,-112.0
2026-09-23T19-00-13Z,2026,3,2026_03_MIN_TB,TB,MIN,2026-09-27T20:05:00Z,draftkings,player_reception_yds,rec_yards,Justin Jefferson,69.5,-111,-113.0
2026-09-23T19-00-13Z,2026,3,2026_03_MIN_TB,TB,MIN,2026-09-27T20:05:00Z,draftkings,player_reception_yds,rec_yards,Emeka Egbuka,46.5,-114,-110.0
2026-09-23T19-00-13Z,2026,3,2026_03_MIN_TB,TB,MIN,2026-09-27T20:05:00Z,draftkings,player_reception_yds,rec_yards,Chris Godwin,34.5,-113,-111.0
2026-09-23T19-00-13Z,2026,3,2026_03_MIN_TB,TB,MIN,2026-09-27T20:05:00Z,draftkings,player_reception_yds,rec_yards,Jordan Addison,33.5,-115,-109.0
2026-09-23T19-00-13Z,2026,3,2026_03_MIN_TB,TB,MIN,2026-09-27T20:05:00Z,draftkings,player_reception_yds,rec_yards,T.J. Hockenson,31.5,-114,-110.0
2026-09-23T19-00-13Z,2026,3,2026_03_MIN_TB,TB,MIN,2026-09-27T20:05:00Z,draftkings,player_reception_yds,rec_yards,Cade Otton,26.5,-113,-111.0
2026-09-23T19-00-13Z,2026,3,2026_03_MIN_TB,TB,MIN,2026-09-27T20:05:00Z,draftkings,player_receptions,rec_catches,Justin Jefferson,5.5,-120,-106.0
2026-09-23T19-00-13Z,2026,3,2026_03_MIN_TB,TB,MIN,2026-09-27T20:05:00Z,draftkings,player_receptions,rec_catches,Emeka Egbuka,3.5,-162,127.0
2026-09-23T19-00-13Z,2026,3,2026_03_MIN_TB,TB,MIN,2026-09-27T20:05:00Z,draftkings,player_receptions,rec_catches,T.J. Hockenson,3.5,-116,-110.0
2026-09-23T19-00-13Z,2026,3,2026_03_MIN_TB,TB,MIN,2026-09-27T20:05:00Z,draftkings,player_receptions,rec_catches,Chris Godwin,3.5,120,-153.0
2026-09-23T19-00-13Z,2026,3,2026_03_MIN_TB,TB,MIN,2026-09-27T20:05:00Z,draftkings,player_receptions,rec_catches,Cade Otton,2.5,-172,134.0
2026-09-23T19-00-13Z,2026,3,2026_03_MIN_TB,TB,MIN,2026-09-27T20:05:00Z,draftkings,player_receptions,rec_catches,Jordan Addison,2.5,-151,118.0
2026-09-23T19-00-13Z,2026,3,2026_03_MIN_TB,TB,MIN,2026-09-27T20:05:00Z,draftkings,player_rush_yds,rush_yards,Bucky Irving,53.5,-112,-112.0
2026-09-23T19-00-13Z,2026,3,2026_03_MIN_TB,TB,MIN,2026-09-27T20:05:00Z,draftkings,player_rush_yds,rush_yards,Kyler Murray,21.5,-112,-112.0
2026-09-23T19-00-13Z,2026,3,2026_03_MIN_TB,TB,MIN,2026-09-27T20:05:00Z,draftkings,player_rush_yds,rush_yards,Baker Mayfield,17.5,-117,-107.0
2026-09-23T19-00-13Z,2026,3,2026_03_MIN_TB,TB,MIN,2026-09-27T20:05:00Z,fanduel,player_anytime_td,anytime_td,Aaron Jones,,-125,
2026-09-23T19-00-13Z,2026,3,2026_03_MIN_TB,TB,MIN,2026-09-27T20:05:00Z,fanduel,player_anytime_td,anytime_td,Bucky Irving,,125,
2026-09-23T19-00-13Z,2026,3,2026_03_MIN_TB,TB,MIN,2026-09-27T20:05:00Z,fanduel,player_anytime_td,anytime_td,Justin Jefferson,,150,
2026-09-23T19-00-13Z,2026,3,2026_03_MIN_TB,TB,MIN,2026-09-27T20:05:00Z,fanduel,player_anytime_td,anytime_td,Emeka Egbuka,,230,
2026-09-23T19-00-13Z,2026,3,2026_03_MIN_TB,TB,MIN,2026-09-27T20:05:00Z,fanduel,player_anytime_td,anytime_td,Jordan Addison,,250,
2026-09-23T19-00-13Z,2026,3,2026_03_MIN_TB,TB,MIN,2026-09-27T20:05:00Z,fanduel,player_anytime_td,anytime_td,Kenny Gainwell,,270,
2026-09-23T19-00-13Z,2026,3,2026_03_MIN_TB,TB,MIN,2026-09-27T20:05:00Z,fanduel,player_anytime_td,anytime_td,T.J. Hockenson,,300,
2026-09-23T19-00-13Z,2026,3,2026_03_MIN_TB,TB,MIN,2026-09-27T20:05:00Z,fanduel,player_anytime_td,anytime_td,Chris Godwin,,320,
2026-09-23T19-00-13Z,2026,3,2026_03_MIN_TB,TB,MIN,2026-09-27T20:05:00Z,fanduel,player_anytime_td,anytime_td,Kyler Murray,,340,
2026-09-23T19-00-13Z,2026,3,2026_03_MIN_TB,TB,MIN,2026-09-27T20:05:00Z,fanduel,player_anytime_td,anytime_td,Ted Hurst III,,370,
2026-09-23T19-00-13Z,2026,3,2026_03_MIN_TB,TB,MIN,2026-09-27T20:05:00Z,fanduel,player_anytime_td,anytime_td,Cade Otton,,380,
2026-09-23T19-00-13Z,2026,3,2026_03_MIN_TB,TB,MIN,2026-09-27T20:05:00Z,fanduel,player_anytime_td,anytime_td,Jalen McMillan,,440,
2026-09-23T19-00-13Z,2026,3,2026_03_MIN_TB,TB,MIN,2026-09-27T20:05:00Z,fanduel,player_anytime_td,anytime_td,Jauan Jennings,,550,
2026-09-23T19-00-13Z,2026,3,2026_03_MIN_TB,TB,MIN,2026-09-27T20:05:00Z,fanduel,player_anytime_td,anytime_td,Josh Oliver,,550,
2026-09-23T19-00-13Z,2026,3,2026_03_MIN_TB,TB,MIN,2026-09-27T20:05:00Z,fanduel,player_anytime_td,anytime_td,Baker Mayfield,,650,
2026-09-23T19-00-13Z,2026,3,2026_03_MIN_TB,TB,MIN,2026-09-27T20:05:00Z,fanduel,player_anytime_td,anytime_td,Minnesota Vikings Defense,,700,
2026-09-23T19-00-13Z,2026,3,2026_03_MIN_TB,TB,MIN,2026-09-27T20:05:00Z,fanduel,player_anytime_td,anytime_td,Tampa Bay Buccaneers Defense,,700,
2026-09-23T19-00-13Z,2026,3,2026_03_MIN_TB,TB,MIN,2026-09-27T20:05:00Z,fanduel,player_anytime_td,anytime_td,Myles Price,,1600,
2026-09-23T19-00-13Z,2026,3,2026_03_MIN_TB,TB,MIN,2026-09-27T20:05:00Z,fanduel,player_anytime_td,anytime_td,Payne Durham,,2000,
2026-09-23T19-00-13Z,2026,3,2026_03_MIN_TB,TB,MIN,2026-09-27T20:05:00Z,fanduel,player_pass_yds,pass_yards,Baker Mayfield,216.5,-114,-114.0
2026-09-23T19-00-13Z,2026,3,2026_03_MIN_TB,TB,MIN,2026-09-27T20:05:00Z,fanduel,player_pass_yds,pass_yards,Kyler Murray,209.5,-114,-114.0
2026-09-23T19-00-13Z,2026,3,2026_03_MIN_TB,TB,MIN,2026-09-27T20:05:00Z,fanduel,player_reception_yds,rec_yards,Justin Jefferson,68.5,-114,-114.0
2026-09-23T19-00-13Z,2026,3,2026_03_MIN_TB,TB,MIN,2026-09-27T20:05:00Z,fanduel,player_reception_yds,rec_yards,T.J. Hockenson,30.5,-114,-114.0
2026-09-23T19-00-13Z,2026,3,2026_03_MIN_TB,TB,MIN,2026-09-27T20:05:00Z,fanduel,player_reception_yds,rec_yards,Emeka Egbuka,48.5,-114,-114.0
2026-09-23T19-00-13Z,2026,3,2026_03_MIN_TB,TB,MIN,2026-09-27T20:05:00Z,fanduel,player_reception_yds,rec_yards,Jordan Addison,32.5,-114,-114.0
2026-09-23T19-00-13Z,2026,3,2026_03_MIN_TB,TB,MIN,2026-09-27T20:05:00Z,fanduel,player_reception_yds,rec_yards,Chris Godwin,35.5,-114,-114.0
2026-09-23T19-00-13Z,2026,3,2026_03_MIN_TB,TB,MIN,2026-09-27T20:05:00Z,fanduel,player_reception_yds,rec_yards,Cade Otton,27.5,-114,-114.0
2026-09-23T19-00-13Z,2026,3,2026_03_MIN_TB,TB,MIN,2026-09-27T20:05:00Z,fanduel,player_receptions,rec_catches,Chris Godwin,3.5,120,-160.0
2026-09-23T19-00-13Z,2026,3,2026_03_MIN_TB,TB,MIN,2026-09-27T20:05:00Z,fanduel,player_receptions,rec_catches,Jordan Addison,2.5,-160,120.0
2026-09-23T19-00-13Z,2026,3,2026_03_MIN_TB,TB,MIN,2026-09-27T20:05:00Z,fanduel,player_receptions,rec_catches,Emeka Egbuka,4.5,118,-158.0
2026-09-23T19-00-13Z,2026,3,2026_03_MIN_TB,TB,MIN,2026-09-27T20:05:00Z,fanduel,player_receptions,rec_catches,T.J. Hockenson,3.5,-112,-118.0
2026-09-23T19-00-13Z,2026,3,2026_03_MIN_TB,TB,MIN,2026-09-27T20:05:00Z,fanduel,player_receptions,rec_catches,Justin Jefferson,5.5,-132,100.0
2026-09-23T19-00-13Z,2026,3,2026_03_MIN_TB,TB,MIN,2026-09-27T20:05:00Z,fanduel,player_receptions,rec_catches,Cade Otton,3.5,134,-180.0
2026-09-23T19-00-13Z,2026,3,2026_03_MIN_TB,TB,MIN,2026-09-27T20:05:00Z,fanduel,player_rush_yds,rush_yards,Bucky Irving,57.5,-114,-114.0
2026-09-23T19-00-13Z,2026,3,2026_03_MIN_TB,TB,MIN,2026-09-27T20:05:00Z,fanduel,player_rush_yds,rush_yards,Kyler Murray,20.5,-114,-114.0
2026-09-23T19-00-13Z,2026,3,2026_03_MIN_TB,TB,MIN,2026-09-27T20:05:00Z,fanduel,player_rush_yds,rush_yards,Baker Mayfield,16.5,-114,-114.0
2026-09-23T19-00-13Z,2026,3,2026_03_MIN_TB,TB,MIN,2026-09-27T20:05:00Z,betrivers,player_anytime_td,anytime_td,Ko Kieft,,1900,
2026-09-23T19-00-13Z,2026,3,2026_03_MIN_TB,TB,MIN,2026-09-27T20:05:00Z,betrivers,player_anytime_td,anytime_td,Kenny Gainwell,,215,
2026-09-23T19-00-13Z,2026,3,2026_03_MIN_TB,TB,MIN,2026-09-27T20:05:00Z,betrivers,player_anytime_td,anytime_td,Payne Durham,,2200,
2026-09-23T19-00-13Z,2026,3,2026_03_MIN_TB,TB,MIN,2026-09-27T20:05:00Z,betrivers,player_anytime_td,anytime_td,Emeka Egbuka,,205,
2026-09-23T19-00-13Z,2026,3,2026_03_MIN_TB,TB,MIN,2026-09-27T20:05:00Z,betrivers,player_anytime_td,anytime_td,Demond Claiborne,,320,
2026-09-23T19-00-13Z,2026,3,2026_03_MIN_TB,TB,MIN,2026-09-27T20:05:00Z,betrivers,player_anytime_td,anytime_td,DeeJay Dallas,,500,
2026-09-23T19-00-13Z,2026,3,2026_03_MIN_TB,TB,MIN,2026-09-27T20:05:00Z,betrivers,player_anytime_td,anytime_td,Sean Tucker,,550,
2026-09-23T19-00-13Z,2026,3,2026_03_MIN_TB,TB,MIN,2026-09-27T20:05:00Z,betrivers,player_anytime_td,anytime_td,Bucky Irving,,102,
2026-09-23T19-00-13Z,2026,3,2026_03_MIN_TB,TB,MIN,2026-09-27T20:05:00Z,betrivers,player_anytime_td,anytime_td,Jalen McMillan,,460,
2026-09-23T19-00-13Z,2026,3,2026_03_MIN_TB,TB,MIN,2026-09-27T20:05:00Z,betrivers,player_anytime_td,anytime_td,T.J. Hockenson,,280,
2026-09-23T19-00-13Z,2026,3,2026_03_MIN_TB,TB,MIN,2026-09-27T20:05:00Z,betrivers,player_anytime_td,anytime_td,Tez Johnson,,750,
2026-09-23T19-00-13Z,2026,3,2026_03_MIN_TB,TB,MIN,2026-09-27T20:05:00Z,betrivers,player_anytime_td,anytime_td,Jordan Addison,,275,
2026-09-23T19-00-13Z,2026,3,2026_03_MIN_TB,TB,MIN,2026-09-27T20:05:00Z,betrivers,player_anytime_td,anytime_td,Myles Price,,1400,
2026-09-23T19-00-13Z,2026,3,2026_03_MIN_TB,TB,MIN,2026-09-27T20:05:00Z,betrivers,player_anytime_td,anytime_td,Justin Jefferson,,155,
2026-09-23T19-00-13Z,2026,3,2026_03_MIN_TB,TB,MIN,2026-09-27T20:05:00Z,betrivers,player_anytime_td,anytime_td,Tai Felton,,1400,
2026-09-23T19-00-13Z,2026,3,2026_03_MIN_TB,TB,MIN,2026-09-27T20:05:00Z,betrivers,player_anytime_td,anytime_td,Aaron Jones,,-121,
2026-09-23T19-00-13Z,2026,3,2026_03_MIN_TB,TB,MIN,2026-09-27T20:05:00Z,betrivers,player_anytime_td,anytime_td,Cade Otton,,370,
2026-09-23T19-00-13Z,2026,3,2026_03_MIN_TB,TB,MIN,2026-09-27T20:05:00Z,betrivers,player_anytime_td,anytime_td,Ted Hurst III,,440,
2026-09-23T19-00-13Z,2026,3,2026_03_MIN_TB,TB,MIN,2026-09-27T20:05:00Z,betrivers,player_anytime_td,anytime_td,Bauer Sharp,,1800,
2026-09-23T19-00-13Z,2026,3,2026_03_MIN_TB,TB,MIN,2026-09-27T20:05:00Z,betrivers,player_anytime_td,anytime_td,Chris Godwin,,280,
2026-09-23T19-00-13Z,2026,3,2026_03_MIN_TB,TB,MIN,2026-09-27T20:05:00Z,betrivers,player_anytime_td,anytime_td,Kyler Murray,,340,
2026-09-23T19-00-13Z,2026,3,2026_03_MIN_TB,TB,MIN,2026-09-27T20:05:00Z,betrivers,player_anytime_td,anytime_td,Baker Mayfield,,500,
2026-09-23T19-00-13Z,2026,3,2026_03_MIN_TB,TB,MIN,2026-09-27T20:05:00Z,betrivers,player_anytime_td,anytime_td,Kameron Johnson,,2200,
2026-09-23T19-00-13Z,2026,3,2026_03_MIN_TB,TB,MIN,2026-09-27T20:05:00Z,betrivers,player_anytime_td,anytime_td,Josh Oliver,,650,
2026-09-23T19-00-13Z,2026,3,2026_03_MIN_TB,TB,MIN,2026-09-27T20:05:00Z,betrivers,player_anytime_td,anytime_td,Max Bredeson,,2400,
2026-09-23T19-00-13Z,2026,3,2026_03_MIN_TB,TB,MIN,2026-09-27T20:05:00Z,betrivers,player_anytime_td,anytime_td,Gavin Bartholomew,,3000,
2026-09-23T19-00-13Z,2026,3,2026_03_MIN_TB,TB,MIN,2026-09-27T20:05:00Z,betrivers,player_anytime_td,anytime_td,Jauan Jennings,,480,
2026-09-23T19-00-13Z,2026,3,2026_03_MIN_TB,TB,MIN,2026-09-27T20:05:00Z,betrivers,player_pass_yds,pass_yards,Baker Mayfield,216.5,-117,-114.0
2026-09-23T19-00-13Z,2026,3,2026_03_MIN_TB,TB,MIN,2026-09-27T20:05:00Z,betrivers,player_pass_yds,pass_yards,Kyler Murray,207.5,-114,-117.0
2026-09-23T19-00-13Z,2026,3,2026_03_MIN_TB,TB,MIN,2026-09-27T20:05:00Z,betrivers,player_reception_yds,rec_yards,Justin Jefferson,70.5,-114,-117.0
2026-09-23T19-00-13Z,2026,3,2026_03_MIN_TB,TB,MIN,2026-09-27T20:05:00Z,betrivers,player_reception_yds,rec_yards,T.J. Hockenson,30.5,-112,-120.0
2026-09-23T19-00-13Z,2026,3,2026_03_MIN_TB,TB,MIN,2026-09-27T20:05:00Z,betrivers,player_reception_yds,rec_yards,Chris Godwin,34.5,-115,-115.0
2026-09-23T19-00-13Z,2026,3,2026_03_MIN_TB,TB,MIN,2026-09-27T20:05:00Z,betrivers,player_reception_yds,rec_yards,Jordan Addison,32.5,-118,-113.0
2026-09-23T19-00-13Z,2026,3,2026_03_MIN_TB,TB,MIN,2026-09-27T20:05:00Z,betrivers,player_reception_yds,rec_yards,Emeka Egbuka,48.5,-117,-114.0
2026-09-23T19-00-13Z,2026,3,2026_03_MIN_TB,TB,MIN,2026-09-27T20:05:00Z,betrivers,player_reception_yds,rec_yards,Cade Otton,28.5,-118,-113.0
2026-09-23T19-00-13Z,2026,3,2026_03_MIN_TB,TB,MIN,2026-09-27T20:05:00Z,betrivers,player_receptions,rec_catches,T.J. Hockenson,3.5,-117,
2026-09-23T19-00-13Z,2026,3,2026_03_MIN_TB,TB,MIN,2026-09-27T20:05:00Z,betrivers,player_receptions,rec_catches,Emeka Egbuka,4.5,125,
2026-09-23T19-00-13Z,2026,3,2026_03_MIN_TB,TB,MIN,2026-09-27T20:05:00Z,betrivers,player_receptions,rec_catches,Justin Jefferson,5.5,-143,
2026-09-23T19-00-13Z,2026,3,2026_03_MIN_TB,TB,MIN,2026-09-27T20:05:00Z,betrivers,player_receptions,rec_catches,Jordan Addison,2.5,-157,
2026-09-23T19-00-13Z,2026,3,2026_03_MIN_TB,TB,MIN,2026-09-27T20:05:00Z,betrivers,player_receptions,rec_catches,Chris Godwin,3.5,130,
2026-09-23T19-00-13Z,2026,3,2026_03_MIN_TB,TB,MIN,2026-09-27T20:05:00Z,betrivers,player_receptions,rec_catches,Cade Otton,3.5,135,
2026-09-23T19-00-13Z,2026,3,2026_03_MIN_TB,TB,MIN,2026-09-27T20:05:00Z,betrivers,player_rush_yds,rush_yards,Bucky Irving,56.5,-115,-115.0
2026-09-23T19-00-13Z,2026,3,2026_03_MIN_TB,TB,MIN,2026-09-27T20:05:00Z,betrivers,player_rush_yds,rush_yards,Kyler Murray,20.5,-110,-121.0
2026-09-23T19-00-13Z,2026,3,2026_03_MIN_TB,TB,MIN,2026-09-27T20:05:00Z,betrivers,player_rush_yds,rush_yards,Baker Mayfield,16.5,-115,-114.0
2026-09-23T19-00-13Z,2026,3,2026_03_MIN_TB,TB,MIN,2026-09-27T20:05:00Z,betonlineag,player_anytime_td,anytime_td,Chris Godwin,,300,
2026-09-23T19-00-13Z,2026,3,2026_03_MIN_TB,TB,MIN,2026-09-27T20:05:00Z,betonlineag,player_anytime_td,anytime_td,Justin Jefferson,,110,
2026-09-23T19-00-13Z,2026,3,2026_03_MIN_TB,TB,MIN,2026-09-27T20:05:00Z,betonlineag,player_anytime_td,anytime_td,Cade Otton,,250,
2026-09-23T19-00-13Z,2026,3,2026_03_MIN_TB,TB,MIN,2026-09-27T20:05:00Z,betonlineag,player_anytime_td,anytime_td,Ko Kieft,,2400,
2026-09-23T19-00-13Z,2026,3,2026_03_MIN_TB,TB,MIN,2026-09-27T20:05:00Z,betonlineag,player_anytime_td,anytime_td,Jordan Addison,,250,
2026-09-23T19-00-13Z,2026,3,2026_03_MIN_TB,TB,MIN,2026-09-27T20:05:00Z,betonlineag,player_anytime_td,anytime_td,T.J. Hockenson,,200,
2026-09-23T19-00-13Z,2026,3,2026_03_MIN_TB,TB,MIN,2026-09-27T20:05:00Z,betonlineag,player_anytime_td,anytime_td,Baker Mayfield,,450,
2026-09-23T19-00-13Z,2026,3,2026_03_MIN_TB,TB,MIN,2026-09-27T20:05:00Z,betonlineag,player_anytime_td,anytime_td,Bucky Irving,,-111,
2026-09-23T19-00-13Z,2026,3,2026_03_MIN_TB,TB,MIN,2026-09-27T20:05:00Z,betonlineag,player_anytime_td,anytime_td,Sean Tucker,,500,
2026-09-23T19-00-13Z,2026,3,2026_03_MIN_TB,TB,MIN,2026-09-27T20:05:00Z,betonlineag,player_anytime_td,anytime_td,Aaron Jones,,-125,
2026-09-23T19-00-13Z,2026,3,2026_03_MIN_TB,TB,MIN,2026-09-27T20:05:00Z,betonlineag,player_anytime_td,anytime_td,Josh Oliver,,550,
2026-09-23T19-00-13Z,2026,3,2026_03_MIN_TB,TB,MIN,2026-09-27T20:05:00Z,betonlineag,player_anytime_td,anytime_td,Kameron Johnson,,1400,
2026-09-23T19-00-13Z,2026,3,2026_03_MIN_TB,TB,MIN,2026-09-27T20:05:00Z,betonlineag,player_anytime_td,anytime_td,Payne Durham,,1900,
2026-09-23T19-00-13Z,2026,3,2026_03_MIN_TB,TB,MIN,2026-09-27T20:05:00Z,betonlineag,player_anytime_td,anytime_td,Emeka Egbuka,,220,
2026-09-23T19-00-13Z,2026,3,2026_03_MIN_TB,TB,MIN,2026-09-27T20:05:00Z,betonlineag,player_anytime_td,anytime_td,Kyler Murray,,250,
2026-09-23T19-00-13Z,2026,3,2026_03_MIN_TB,TB,MIN,2026-09-27T20:05:00Z,betonlineag,player_anytime_td,anytime_td,Jalen McMillan,,350,
2026-09-23T19-00-13Z,2026,3,2026_03_MIN_TB,TB,MIN,2026-09-27T20:05:00Z,betonlineag,player_anytime_td,anytime_td,Myles Price,,900,
2026-09-23T19-00-13Z,2026,3,2026_03_MIN_TB,TB,MIN,2026-09-27T20:05:00Z,betonlineag,player_anytime_td,anytime_td,Tez Johnson,,800,
2026-09-23T19-00-13Z,2026,3,2026_03_MIN_TB,TB,MIN,2026-09-27T20:05:00Z,betonlineag,player_anytime_td,anytime_td,Kenny Gainwell,,260,
2026-09-23T19-00-13Z,2026,3,2026_03_MIN_TB,TB,MIN,2026-09-27T20:05:00Z,betonlineag,player_anytime_td,anytime_td,Jauan Jennings,,400,
2026-09-23T19-00-13Z,2026,3,2026_03_MIN_TB,TB,MIN,2026-09-27T20:05:00Z,betonlineag,player_anytime_td,anytime_td,Gavin Bartholomew,,3400,
2026-09-23T19-00-13Z,2026,3,2026_03_MIN_TB,TB,MIN,2026-09-27T20:05:00Z,betonlineag,player_anytime_td,anytime_td,Tai Felton,,1700,
2026-09-23T19-00-13Z,2026,3,2026_03_MIN_TB,TB,MIN,2026-09-27T20:05:00Z,betonlineag,player_anytime_td,anytime_td,Max Bredeson,,2400,
2026-09-23T19-00-13Z,2026,3,2026_03_MIN_TB,TB,MIN,2026-09-27T20:05:00Z,betonlineag,player_anytime_td,anytime_td,Demond Claiborne,,280,
2026-09-23T19-00-13Z,2026,3,2026_03_MIN_TB,TB,MIN,2026-09-27T20:05:00Z,betonlineag,player_anytime_td,anytime_td,Ted Hurst III,,350,
2026-09-23T19-00-13Z,2026,3,2026_03_MIN_TB,TB,MIN,2026-09-27T20:05:00Z,betonlineag,player_anytime_td,anytime_td,Bauer Sharp,,1900,
2026-09-23T19-00-13Z,2026,3,2026_03_MIN_TB,TB,MIN,2026-09-27T20:05:00Z,betonlineag,player_pass_yds,pass_yards,Kyler Murray,208.5,-115,-112.0
2026-09-23T19-00-13Z,2026,3,2026_03_MIN_TB,TB,MIN,2026-09-27T20:05:00Z,betonlineag,player_pass_yds,pass_yards,Baker Mayfield,216.5,-115,-112.0
2026-09-23T19-00-13Z,2026,3,2026_03_MIN_TB,TB,MIN,2026-09-27T20:05:00Z,betonlineag,player_reception_yds,rec_yards,Jordan Addison,32.5,-116,-111.0
2026-09-23T19-00-13Z,2026,3,2026_03_MIN_TB,TB,MIN,2026-09-27T20:05:00Z,betonlineag,player_reception_yds,rec_yards,Justin Jefferson,69.5,-114,-114.0
2026-09-23T19-00-13Z,2026,3,2026_03_MIN_TB,TB,MIN,2026-09-27T20:05:00Z,betonlineag,player_reception_yds,rec_yards,Chris Godwin,34.5,-116,-111.0
2026-09-23T19-00-13Z,2026,3,2026_03_MIN_TB,TB,MIN,2026-09-27T20:05:00Z,betonlineag,player_reception_yds,rec_yards,Emeka Egbuka,48.5,-114,-114.0
2026-09-23T19-00-13Z,2026,3,2026_03_MIN_TB,TB,MIN,2026-09-27T20:05:00Z,betonlineag,player_reception_yds,rec_yards,Cade Otton,26.5,-116,-111.0
2026-09-23T19-00-13Z,2026,3,2026_03_MIN_TB,TB,MIN,2026-09-27T20:05:00Z,betonlineag,player_reception_yds,rec_yards,T.J. Hockenson,31.5,-116,-111.0
2026-09-23T19-00-13Z,2026,3,2026_03_MIN_TB,TB,MIN,2026-09-27T20:05:00Z,betonlineag,player_receptions,rec_catches,Justin Jefferson,5.5,-130,100.0
2026-09-23T19-00-13Z,2026,3,2026_03_MIN_TB,TB,MIN,2026-09-27T20:05:00Z,betonlineag,player_receptions,rec_catches,Jordan Addison,2.5,-152,117.0
2026-09-23T19-00-13Z,2026,3,2026_03_MIN_TB,TB,MIN,2026-09-27T20:05:00Z,betonlineag,player_receptions,rec_catches,T.J. Hockenson,3.5,-109,-119.0
2026-09-23T19-00-13Z,2026,3,2026_03_MIN_TB,TB,MIN,2026-09-27T20:05:00Z,betonlineag,player_receptions,rec_catches,Chris Godwin,3.5,120,-156.0
2026-09-23T19-00-13Z,2026,3,2026_03_MIN_TB,TB,MIN,2026-09-27T20:05:00Z,betonlineag,player_receptions,rec_catches,Cade Otton,2.5,-156,121.0
2026-09-23T19-00-13Z,2026,3,2026_03_MIN_TB,TB,MIN,2026-09-27T20:05:00Z,betonlineag,player_receptions,rec_catches,Emeka Egbuka,3.5,-169,129.0
2026-09-23T19-00-13Z,2026,3,2026_03_MIN_TB,TB,MIN,2026-09-27T20:05:00Z,betonlineag,player_rush_yds,rush_yards,Baker Mayfield,17.5,-120,-108.0
2026-09-23T19-00-13Z,2026,3,2026_03_MIN_TB,TB,MIN,2026-09-27T20:05:00Z,betonlineag,player_rush_yds,rush_yards,Kyler Murray,21.5,-114,-114.0
2026-09-23T19-00-13Z,2026,3,2026_03_MIN_TB,TB,MIN,2026-09-27T20:05:00Z,betmgm,player_anytime_td,anytime_td,Aaron Jones,,-111,
2026-09-23T19-00-13Z,2026,3,2026_03_MIN_TB,TB,MIN,2026-09-27T20:05:00Z,betmgm,player_anytime_td,anytime_td,T.J. Hockenson,,280,
2026-09-23T19-00-13Z,2026,3,2026_03_MIN_TB,TB,MIN,2026-09-27T20:05:00Z,betmgm,player_anytime_td,anytime_td,Justin Jefferson,,140,
2026-09-23T19-00-13Z,2026,3,2026_03_MIN_TB,TB,MIN,2026-09-27T20:05:00Z,betmgm,player_anytime_td,anytime_td,Kyler Murray,,320,
2026-09-23T19-00-13Z,2026,3,2026_03_MIN_TB,TB,MIN,2026-09-27T20:05:00Z,betmgm,player_anytime_td,anytime_td,Jordan Addison,,290,
2026-09-23T19-00-13Z,2026,3,2026_03_MIN_TB,TB,MIN,2026-09-27T20:05:00Z,betmgm,player_anytime_td,anytime_td,Jauan Jennings,,550,
2026-09-23T19-00-13Z,2026,3,2026_03_MIN_TB,TB,MIN,2026-09-27T20:05:00Z,betmgm,player_anytime_td,anytime_td,Myles Price,,1650,
2026-09-23T19-00-13Z,2026,3,2026_03_MIN_TB,TB,MIN,2026-09-27T20:05:00Z,betmgm,player_anytime_td,anytime_td,Gavin Bartholomew,,2800,
2026-09-23T19-00-13Z,2026,3,2026_03_MIN_TB,TB,MIN,2026-09-27T20:05:00Z,betmgm,player_anytime_td,anytime_td,Max Bredeson,,1650,
2026-09-23T19-00-13Z,2026,3,2026_03_MIN_TB,TB,MIN,2026-09-27T20:05:00Z,betmgm,player_anytime_td,anytime_td,Josh Oliver,,750,
2026-09-23T19-00-13Z,2026,3,2026_03_MIN_TB,TB,MIN,2026-09-27T20:05:00Z,betmgm,player_anytime_td,anytime_td,Tampa Bay Buccaneers D/ST,,650,
2026-09-23T19-00-13Z,2026,3,2026_03_MIN_TB,TB,MIN,2026-09-27T20:05:00Z,betmgm,player_anytime_td,anytime_td,Minnesota Vikings D/ST,,575,
2026-09-23T19-00-13Z,2026,3,2026_03_MIN_TB,TB,MIN,2026-09-27T20:05:00Z,betmgm,player_anytime_td,anytime_td,Bucky Irving,,115,
2026-09-23T19-00-13Z,2026,3,2026_03_MIN_TB,TB,MIN,2026-09-27T20:05:00Z,betmgm,player_anytime_td,anytime_td,Sean Tucker,,775,
2026-09-23T19-00-13Z,2026,3,2026_03_MIN_TB,TB,MIN,2026-09-27T20:05:00Z,betmgm,player_anytime_td,anytime_td,Kenny Gainwell,,280,
2026-09-23T19-00-13Z,2026,3,2026_03_MIN_TB,TB,MIN,2026-09-27T20:05:00Z,betmgm,player_anytime_td,anytime_td,Baker Mayfield,,475,
2026-09-23T19-00-13Z,2026,3,2026_03_MIN_TB,TB,MIN,2026-09-27T20:05:00Z,betmgm,player_anytime_td,anytime_td,Emeka Egbuka,,210,
2026-09-23T19-00-13Z,2026,3,2026_03_MIN_TB,TB,MIN,2026-09-27T20:05:00Z,betmgm,player_anytime_td,anytime_td,Ted Hurst III,,525,
2026-09-23T19-00-13Z,2026,3,2026_03_MIN_TB,TB,MIN,2026-09-27T20:05:00Z,betmgm,player_anytime_td,anytime_td,Cade Otton,,360,
2026-09-23T19-00-13Z,2026,3,2026_03_MIN_TB,TB,MIN,2026-09-27T20:05:00Z,betmgm,player_anytime_td,anytime_td,Payne Durham,,2500,
2026-09-23T19-00-13Z,2026,3,2026_03_MIN_TB,TB,MIN,2026-09-27T20:05:00Z,betmgm,player_anytime_td,anytime_td,Chris Godwin,,310,
2026-09-23T19-00-13Z,2026,3,2026_03_MIN_TB,TB,MIN,2026-09-27T20:05:00Z,betmgm,player_anytime_td,anytime_td,Bauer Sharp,,2800,
2026-09-23T19-00-13Z,2026,3,2026_03_MIN_TB,TB,MIN,2026-09-27T20:05:00Z,betmgm,player_anytime_td,anytime_td,Tez Johnson,,850,
2026-09-23T19-00-13Z,2026,3,2026_03_MIN_TB,TB,MIN,2026-09-27T20:05:00Z,betmgm,player_anytime_td,anytime_td,Jalen McMillan,,550,
2026-09-23T19-00-13Z,2026,3,2026_03_MIN_TB,TB,MIN,2026-09-27T20:05:00Z,betmgm,player_anytime_td,anytime_td,Kameron Johnson,,2500,
2026-09-23T19-00-13Z,2026,3,2026_03_BAL_DAL,DAL,BAL,2026-09-27T20:25:00Z,draftkings,player_anytime_td,anytime_td,Derrick Henry,,-225,
2026-09-23T19-00-13Z,2026,3,2026_03_BAL_DAL,DAL,BAL,2026-09-27T20:25:00Z,draftkings,player_anytime_td,anytime_td,Javonte Williams,,-185,
2026-09-23T19-00-13Z,2026,3,2026_03_BAL_DAL,DAL,BAL,2026-09-27T20:25:00Z,draftkings,player_anytime_td,anytime_td,CeeDee Lamb,,120,
2026-09-23T19-00-13Z,2026,3,2026_03_BAL_DAL,DAL,BAL,2026-09-27T20:25:00Z,draftkings,player_anytime_td,anytime_td,Zay Flowers,,120,
2026-09-23T19-00-13Z,2026,3,2026_03_BAL_DAL,DAL,BAL,2026-09-27T20:25:00Z,draftkings,player_anytime_td,anytime_td,Mark Andrews,,140,
2026-09-23T19-00-13Z,2026,3,2026_03_BAL_DAL,DAL,BAL,2026-09-27T20:25:00Z,draftkings,player_anytime_td,anytime_td,George Pickens,,160,
2026-09-23T19-00-13Z,2026,3,2026_03_BAL_DAL,DAL,BAL,2026-09-27T20:25:00Z,draftkings,player_anytime_td,anytime_td,Lamar Jackson,,170,
2026-09-23T19-00-13Z,2026,3,2026_03_BAL_DAL,DAL,BAL,2026-09-27T20:25:00Z,draftkings,player_anytime_td,anytime_td,Rashod Bateman,,195,
2026-09-23T19-00-13Z,2026,3,2026_03_BAL_DAL,DAL,BAL,2026-09-27T20:25:00Z,draftkings,player_anytime_td,anytime_td,Jake Ferguson,,280,
2026-09-23T19-00-13Z,2026,3,2026_03_BAL_DAL,DAL,BAL,2026-09-27T20:25:00Z,draftkings,player_anytime_td,anytime_td,Ryan Flournoy,,390,
2026-09-23T19-00-13Z,2026,3,2026_03_BAL_DAL,DAL,BAL,2026-09-27T20:25:00Z,draftkings,player_anytime_td,anytime_td,Justice Hill,,425,
2026-09-23T19-00-13Z,2026,3,2026_03_BAL_DAL,DAL,BAL,2026-09-27T20:25:00Z,draftkings,player_anytime_td,anytime_td,Baltimore Ravens D/ST,,550,
2026-09-23T19-00-13Z,2026,3,2026_03_BAL_DAL,DAL,BAL,2026-09-27T20:25:00Z,draftkings,player_anytime_td,anytime_td,Dak Prescott,,600,
2026-09-23T19-00-13Z,2026,3,2026_03_BAL_DAL,DAL,BAL,2026-09-27T20:25:00Z,draftkings,player_anytime_td,anytime_td,Chris Moore,,600,
2026-09-23T19-00-13Z,2026,3,2026_03_BAL_DAL,DAL,BAL,2026-09-27T20:25:00Z,draftkings,player_anytime_td,anytime_td,Dallas Cowboys D/ST,,600,
2026-09-23T19-00-13Z,2026,3,2026_03_BAL_DAL,DAL,BAL,2026-09-27T20:25:00Z,draftkings,player_anytime_td,anytime_td,Emari Demercado,,700,
2026-09-23T19-00-13Z,2026,3,2026_03_BAL_DAL,DAL,BAL,2026-09-27T20:25:00Z,draftkings,player_anytime_td,anytime_td,Devontez Walker,,700,
2026-09-23T19-00-13Z,2026,3,2026_03_BAL_DAL,DAL,BAL,2026-09-27T20:25:00Z,draftkings,player_anytime_td,anytime_td,Durham Smythe,,750,
2026-09-23T19-00-13Z,2026,3,2026_03_BAL_DAL,DAL,BAL,2026-09-27T20:25:00Z,draftkings,player_anytime_td,anytime_td,LaJohntay Wester,,950,
2026-09-23T19-00-13Z,2026,3,2026_03_BAL_DAL,DAL,BAL,2026-09-27T20:25:00Z,draftkings,player_anytime_td,anytime_td,KaVontae Turpin,,1100,
2026-09-23T19-00-13Z,2026,3,2026_03_BAL_DAL,DAL,BAL,2026-09-27T20:25:00Z,draftkings,player_anytime_td,anytime_td,Hunter Luepke,,1200,
2026-09-23T19-00-13Z,2026,3,2026_03_BAL_DAL,DAL,BAL,2026-09-27T20:25:00Z,draftkings,player_anytime_td,anytime_td,Elijah Sarratt,,1300,
2026-09-23T19-00-13Z,2026,3,2026_03_BAL_DAL,DAL,BAL,2026-09-27T20:25:00Z,draftkings,player_anytime_td,anytime_td,Brevyn Spann-Ford,,1400,
2026-09-23T19-00-13Z,2026,3,2026_03_BAL_DAL,DAL,BAL,2026-09-27T20:25:00Z,draftkings,player_anytime_td,anytime_td,Jonathan Mingo,,1700,
2026-09-23T19-00-13Z,2026,3,2026_03_BAL_DAL,DAL,BAL,2026-09-27T20:25:00Z,draftkings,player_anytime_td,anytime_td,Luke Schoonmaker,,1800,
2026-09-23T19-00-13Z,2026,3,2026_03_BAL_DAL,DAL,BAL,2026-09-27T20:25:00Z,draftkings,player_anytime_td,anytime_td,Matthew Hibner,,1800,
2026-09-23T19-00-13Z,2026,3,2026_03_BAL_DAL,DAL,BAL,2026-09-27T20:25:00Z,draftkings,player_anytime_td,anytime_td,Josh Cuevas,,2000,
2026-09-23T19-00-13Z,2026,3,2026_03_BAL_DAL,DAL,BAL,2026-09-27T20:25:00Z,draftkings,player_anytime_td,anytime_td,Rasheen Ali,,2500,
2026-09-23T19-00-13Z,2026,3,2026_03_BAL_DAL,DAL,BAL,2026-09-27T20:25:00Z,draftkings,player_anytime_td,anytime_td,Camden Brown,,2500,
2026-09-23T19-00-13Z,2026,3,2026_03_BAL_DAL,DAL,BAL,2026-09-27T20:25:00Z,draftkings,player_pass_yds,pass_yards,Dak Prescott,266.5,-111,-113.0
2026-09-23T19-00-13Z,2026,3,2026_03_BAL_DAL,DAL,BAL,2026-09-27T20:25:00Z,draftkings,player_pass_yds,pass_yards,Lamar Jackson,239.5,-112,-112.0
2026-09-23T19-00-13Z,2026,3,2026_03_BAL_DAL,DAL,BAL,2026-09-27T20:25:00Z,draftkings,player_reception_yds,rec_yards,CeeDee Lamb,85.5,-110,-114.0
2026-09-23T19-00-13Z,2026,3,2026_03_BAL_DAL,DAL,BAL,2026-09-27T20:25:00Z,draftkings,player_reception_yds,rec_yards,Zay Flowers,74.5,-110,-114.0
2026-09-23T19-00-13Z,2026,3,2026_03_BAL_DAL,DAL,BAL,2026-09-27T20:25:00Z,draftkings,player_reception_yds,rec_yards,George Pickens,59.5,-114,-110.0
2026-09-23T19-00-13Z,2026,3,2026_03_BAL_DAL,DAL,BAL,2026-09-27T20:25:00Z,draftkings,player_reception_yds,rec_yards,Jake Ferguson,28.5,-110,-114.0
2026-09-23T19-00-13Z,2026,3,2026_03_BAL_DAL,DAL,BAL,2026-09-27T20:25:00Z,draftkings,player_reception_yds,rec_yards,Javonte Williams,17.5,-111,-113.0
2026-09-23T19-00-13Z,2026,3,2026_03_BAL_DAL,DAL,BAL,2026-09-27T20:25:00Z,draftkings,player_receptions,rec_catches,CeeDee Lamb,7.5,118,-151.0
2026-09-23T19-00-13Z,2026,3,2026_03_BAL_DAL,DAL,BAL,2026-09-27T20:25:00Z,draftkings,player_receptions,rec_catches,Zay Flowers,5.5,110,-140.0
2026-09-23T19-00-13Z,2026,3,2026_03_BAL_DAL,DAL,BAL,2026-09-27T20:25:00Z,draftkings,player_receptions,rec_catches,George Pickens,4.5,-156,122.0
2026-09-23T19-00-13Z,2026,3,2026_03_BAL_DAL,DAL,BAL,2026-09-27T20:25:00Z,draftkings,player_receptions,rec_catches,Jake Ferguson,3.5,-122,-104.0
2026-09-23T19-00-13Z,2026,3,2026_03_BAL_DAL,DAL,BAL,2026-09-27T20:25:00Z,draftkings,player_receptions,rec_catches,Javonte Williams,2.5,-173,135.0
2026-09-23T19-00-13Z,2026,3,2026_03_BAL_DAL,DAL,BAL,2026-09-27T20:25:00Z,draftkings,player_rush_yds,rush_yards,Derrick Henry,88.5,-112,-112.0
2026-09-23T19-00-13Z,2026,3,2026_03_BAL_DAL,DAL,BAL,2026-09-27T20:25:00Z,draftkings,player_rush_yds,rush_yards,Javonte Williams,58.5,-111,-113.0
2026-09-23T19-00-13Z,2026,3,2026_03_BAL_DAL,DAL,BAL,2026-09-27T20:25:00Z,draftkings,player_rush_yds,rush_yards,Lamar Jackson,38.5,-112,-112.0
2026-09-23T19-00-13Z,2026,3,2026_03_BAL_DAL,DAL,BAL,2026-09-27T20:25:00Z,draftkings,player_rush_yds,rush_yards,Dak Prescott,13.5,-110,-114.0
2026-09-23T19-00-13Z,2026,3,2026_03_BAL_DAL,DAL,BAL,2026-09-27T20:25:00Z,fanduel,player_anytime_td,anytime_td,Derrick Henry,,-240,
2026-09-23T19-00-13Z,2026,3,2026_03_BAL_DAL,DAL,BAL,2026-09-27T20:25:00Z,fanduel,player_anytime_td,anytime_td,Javonte Williams,,-170,
2026-09-23T19-00-13Z,2026,3,2026_03_BAL_DAL,DAL,BAL,2026-09-27T20:25:00Z,fanduel,player_anytime_td,anytime_td,Zay Flowers,,115,
2026-09-23T19-00-13Z,2026,3,2026_03_BAL_DAL,DAL,BAL,2026-09-27T20:25:00Z,fanduel,player_anytime_td,anytime_td,CeeDee Lamb,,115,
2026-09-23T19-00-13Z,2026,3,2026_03_BAL_DAL,DAL,BAL,2026-09-27T20:25:00Z,fanduel,player_anytime_td,anytime_td,Mark Andrews,,135,
2026-09-23T19-00-13Z,2026,3,2026_03_BAL_DAL,DAL,BAL,2026-09-27T20:25:00Z,fanduel,player_anytime_td,anytime_td,Rashod Bateman,,155,
2026-09-23T19-00-13Z,2026,3,2026_03_BAL_DAL,DAL,BAL,2026-09-27T20:25:00Z,fanduel,player_anytime_td,anytime_td,George Pickens,,160,
2026-09-23T19-00-13Z,2026,3,2026_03_BAL_DAL,DAL,BAL,2026-09-27T20:25:00Z,fanduel,player_anytime_td,anytime_td,Lamar Jackson,,185,
2026-09-23T19-00-13Z,2026,3,2026_03_BAL_DAL,DAL,BAL,2026-09-27T20:25:00Z,fanduel,player_anytime_td,anytime_td,Jake Ferguson,,260,
2026-09-23T19-00-13Z,2026,3,2026_03_BAL_DAL,DAL,BAL,2026-09-27T20:25:00Z,fanduel,player_anytime_td,anytime_td,Ryan Flournoy,,380,
2026-09-23T19-00-13Z,2026,3,2026_03_BAL_DAL,DAL,BAL,2026-09-27T20:25:00Z,fanduel,player_anytime_td,anytime_td,Chris Moore,,460,
2026-09-23T19-00-13Z,2026,3,2026_03_BAL_DAL,DAL,BAL,2026-09-27T20:25:00Z,fanduel,player_anytime_td,anytime_td,Justice Hill,,500,
2026-09-23T19-00-13Z,2026,3,2026_03_BAL_DAL,DAL,BAL,2026-09-27T20:25:00Z,fanduel,player_anytime_td,anytime_td,Dak Prescott,,550,
2026-09-23T19-00-13Z,2026,3,2026_03_BAL_DAL,DAL,BAL,2026-09-27T20:25:00Z,fanduel,player_anytime_td,anytime_td,Emari Demercado,,650,
2026-09-23T19-00-13Z,2026,3,2026_03_BAL_DAL,DAL,BAL,2026-09-27T20:25:00Z,fanduel,player_anytime_td,anytime_td,Durham Smythe,,750,
2026-09-23T19-00-13Z,2026,3,2026_03_BAL_DAL,DAL,BAL,2026-09-27T20:25:00Z,fanduel,player_anytime_td,anytime_td,Dallas Cowboys Defense,,800,
2026-09-23T19-00-13Z,2026,3,2026_03_BAL_DAL,DAL,BAL,2026-09-27T20:25:00Z,fanduel,player_anytime_td,anytime_td,Baltimore Ravens Defense,,800,
2026-09-23T19-00-13Z,2026,3,2026_03_BAL_DAL,DAL,BAL,2026-09-27T20:25:00Z,fanduel,player_anytime_td,anytime_td,KaVontae Turpin,,900,
2026-09-23T19-00-13Z,2026,3,2026_03_BAL_DAL,DAL,BAL,2026-09-27T20:25:00Z,fanduel,player_anytime_td,anytime_td,Hunter Luepke,,1100,
2026-09-23T19-00-13Z,2026,3,2026_03_BAL_DAL,DAL,BAL,2026-09-27T20:25:00Z,fanduel,player_anytime_td,anytime_td,Brevyn Spann-Ford,,1500,
2026-09-23T19-00-13Z,2026,3,2026_03_BAL_DAL,DAL,BAL,2026-09-27T20:25:00Z,fanduel,player_anytime_td,anytime_td,Matthew Hibner,,1600,
2026-09-23T19-00-13Z,2026,3,2026_03_BAL_DAL,DAL,BAL,2026-09-27T20:25:00Z,fanduel,player_anytime_td,anytime_td,Josh Cuevas,,1600,
2026-09-23T19-00-13Z,2026,3,2026_03_BAL_DAL,DAL,BAL,2026-09-27T20:25:00Z,fanduel,player_anytime_td,anytime_td,Luke Schoonmaker,,1600,
2026-09-23T19-00-13Z,2026,3,2026_03_BAL_DAL,DAL,BAL,2026-09-27T20:25:00Z,fanduel,player_anytime_td,anytime_td,Rasheen Ali,,2200,
2026-09-23T19-00-13Z,2026,3,2026_03_BAL_DAL,DAL,BAL,2026-09-27T20:25:00Z,fanduel,player_anytime_td,anytime_td,Jonathan Mingo,,2200,
2026-09-23T19-00-13Z,2026,3,2026_03_BAL_DAL,DAL,BAL,2026-09-27T20:25:00Z,fanduel,player_anytime_td,anytime_td,Camden Brown,,2200,
2026-09-23T19-00-13Z,2026,3,2026_03_BAL_DAL,DAL,BAL,2026-09-27T20:25:00Z,fanduel,player_pass_yds,pass_yards,Dak Prescott,263.5,-114,-114.0
2026-09-23T19-00-13Z,2026,3,2026_03_BAL_DAL,DAL,BAL,2026-09-27T20:25:00Z,fanduel,player_pass_yds,pass_yards,Lamar Jackson,236.5,-114,-114.0
2026-09-23T19-00-13Z,2026,3,2026_03_BAL_DAL,DAL,BAL,2026-09-27T20:25:00Z,fanduel,player_reception_yds,rec_yards,Jake Ferguson,28.5,-114,-114.0
2026-09-23T19-00-13Z,2026,3,2026_03_BAL_DAL,DAL,BAL,2026-09-27T20:25:00Z,fanduel,player_reception_yds,rec_yards,George Pickens,59.5,-114,-114.0
2026-09-23T19-00-13Z,2026,3,2026_03_BAL_DAL,DAL,BAL,2026-09-27T20:25:00Z,fanduel,player_reception_yds,rec_yards,Zay Flowers,71.5,-114,-114.0
2026-09-23T19-00-13Z,2026,3,2026_03_BAL_DAL,DAL,BAL,2026-09-27T20:25:00Z,fanduel,player_reception_yds,rec_yards,CeeDee Lamb,84.5,-114,-114.0
2026-09-23T19-00-13Z,2026,3,2026_03_BAL_DAL,DAL,BAL,2026-09-27T20:25:00Z,fanduel,player_reception_yds,rec_yards,Javonte Williams,17.5,-114,-114.0
2026-09-23T19-00-13Z,2026,3,2026_03_BAL_DAL,DAL,BAL,2026-09-27T20:25:00Z,fanduel,player_receptions,rec_catches,CeeDee Lamb,6.5,-154,116.0
2026-09-23T19-00-13Z,2026,3,2026_03_BAL_DAL,DAL,BAL,2026-09-27T20:25:00Z,fanduel,player_receptions,rec_catches,Zay Flowers,5.5,124,-166.0
2026-09-23T19-00-13Z,2026,3,2026_03_BAL_DAL,DAL,BAL,2026-09-27T20:25:00Z,fanduel,player_receptions,rec_catches,Javonte Williams,2.5,-172,128.0
2026-09-23T19-00-13Z,2026,3,2026_03_BAL_DAL,DAL,BAL,2026-09-27T20:25:00Z,fanduel,player_receptions,rec_catches,George Pickens,5.5,112,-148.0
2026-09-23T19-00-13Z,2026,3,2026_03_BAL_DAL,DAL,BAL,2026-09-27T20:25:00Z,fanduel,player_receptions,rec_catches,Jake Ferguson,3.5,-122,-108.0
2026-09-23T19-00-13Z,2026,3,2026_03_BAL_DAL,DAL,BAL,2026-09-27T20:25:00Z,fanduel,player_rush_yds,rush_yards,Derrick Henry,89.5,-114,-114.0
2026-09-23T19-00-13Z,2026,3,2026_03_BAL_DAL,DAL,BAL,2026-09-27T20:25:00Z,fanduel,player_rush_yds,rush_yards,Javonte Williams,59.5,-114,-114.0
2026-09-23T19-00-13Z,2026,3,2026_03_BAL_DAL,DAL,BAL,2026-09-27T20:25:00Z,fanduel,player_rush_yds,rush_yards,Lamar Jackson,38.5,-114,-114.0
2026-09-23T19-00-13Z,2026,3,2026_03_BAL_DAL,DAL,BAL,2026-09-27T20:25:00Z,fanduel,player_rush_yds,rush_yards,Dak Prescott,12.5,-114,-114.0
2026-09-23T19-00-13Z,2026,3,2026_03_BAL_DAL,DAL,BAL,2026-09-27T20:25:00Z,betmgm,player_anytime_td,anytime_td,Derrick Henry,,-220,
2026-09-23T19-00-13Z,2026,3,2026_03_BAL_DAL,DAL,BAL,2026-09-27T20:25:00Z,betmgm,player_anytime_td,anytime_td,Devontez Walker,,525,
2026-09-23T19-00-13Z,2026,3,2026_03_BAL_DAL,DAL,BAL,2026-09-27T20:25:00Z,betmgm,player_anytime_td,anytime_td,Rashod Bateman,,195,
2026-09-23T19-00-13Z,2026,3,2026_03_BAL_DAL,DAL,BAL,2026-09-27T20:25:00Z,betmgm,player_anytime_td,anytime_td,Zay Flowers,,130,
2026-09-23T19-00-13Z,2026,3,2026_03_BAL_DAL,DAL,BAL,2026-09-27T20:25:00Z,betmgm,player_anytime_td,anytime_td,Lamar Jackson,,230,
2026-09-23T19-00-13Z,2026,3,2026_03_BAL_DAL,DAL,BAL,2026-09-27T20:25:00Z,betmgm,player_anytime_td,anytime_td,Durham Smythe,,825,
2026-09-23T19-00-13Z,2026,3,2026_03_BAL_DAL,DAL,BAL,2026-09-27T20:25:00Z,betmgm,player_anytime_td,anytime_td,Jake Ferguson,,290,
2026-09-23T19-00-13Z,2026,3,2026_03_BAL_DAL,DAL,BAL,2026-09-27T20:25:00Z,betmgm,player_anytime_td,anytime_td,Mark Andrews,,130,
2026-09-23T19-00-13Z,2026,3,2026_03_BAL_DAL,DAL,BAL,2026-09-27T20:25:00Z,betmgm,player_anytime_td,anytime_td,LaJohntay Wester,,475,
2026-09-23T19-00-13Z,2026,3,2026_03_BAL_DAL,DAL,BAL,2026-09-27T20:25:00Z,betmgm,player_anytime_td,anytime_td,Emari Demercado,,400,
2026-09-23T19-00-13Z,2026,3,2026_03_BAL_DAL,DAL,BAL,2026-09-27T20:25:00Z,betmgm,player_anytime_td,anytime_td,Jonathan Mingo,,2000,
2026-09-23T19-00-13Z,2026,3,2026_03_BAL_DAL,DAL,BAL,2026-09-27T20:25:00Z,betmgm,player_anytime_td,anytime_td,Matthew Hibner,,1150,
2026-09-23T19-00-13Z,2026,3,2026_03_BAL_DAL,DAL,BAL,2026-09-27T20:25:00Z,betmgm,player_anytime_td,anytime_td,Dallas Cowboys D/ST,,600,
2026-09-23T19-00-13Z,2026,3,2026_03_BAL_DAL,DAL,BAL,2026-09-27T20:25:00Z,betmgm,player_anytime_td,anytime_td,KaVontae Turpin,,1300,
2026-09-23T19-00-13Z,2026,3,2026_03_BAL_DAL,DAL,BAL,2026-09-27T20:25:00Z,betmgm,player_anytime_td,anytime_td,Javonte Williams,,-165,
2026-09-23T19-00-13Z,2026,3,2026_03_BAL_DAL,DAL,BAL,2026-09-27T20:25:00Z,betmgm,player_anytime_td,anytime_td,George Pickens,,175,
2026-09-23T19-00-13Z,2026,3,2026_03_BAL_DAL,DAL,BAL,2026-09-27T20:25:00Z,betmgm,player_anytime_td,anytime_td,Josh Cuevas,,1700,
2026-09-23T19-00-13Z,2026,3,2026_03_BAL_DAL,DAL,BAL,2026-09-27T20:25:00Z,betmgm,player_anytime_td,anytime_td,Luke Schoonmaker,,1350,
2026-09-23T19-00-13Z,2026,3,2026_03_BAL_DAL,DAL,BAL,2026-09-27T20:25:00Z,betmgm,player_anytime_td,anytime_td,Ryan Flournoy,,310,
2026-09-23T19-00-13Z,2026,3,2026_03_BAL_DAL,DAL,BAL,2026-09-27T20:25:00Z,betmgm,player_anytime_td,anytime_td,Rasheen Ali,,2000,
2026-09-23T19-00-13Z,2026,3,2026_03_BAL_DAL,DAL,BAL,2026-09-27T20:25:00Z,betmgm,player_anytime_td,anytime_td,Baltimore Ravens D/ST,,475,
2026-09-23T19-00-13Z,2026,3,2026_03_BAL_DAL,DAL,BAL,2026-09-27T20:25:00Z,betmgm,player_anytime_td,anytime_td,Justice Hill,,320,
2026-09-23T19-00-13Z,2026,3,2026_03_BAL_DAL,DAL,BAL,2026-09-27T20:25:00Z,betmgm,player_anytime_td,anytime_td,Brevyn Spann-Ford,,1050,
2026-09-23T19-00-13Z,2026,3,2026_03_BAL_DAL,DAL,BAL,2026-09-27T20:25:00Z,betmgm,player_anytime_td,anytime_td,Dak Prescott,,500,
2026-09-23T19-00-13Z,2026,3,2026_03_BAL_DAL,DAL,BAL,2026-09-27T20:25:00Z,betmgm,player_anytime_td,anytime_td,CeeDee Lamb,,120,
2026-09-23T19-00-13Z,2026,3,2026_03_BAL_DAL,DAL,BAL,2026-09-27T20:25:00Z,betmgm,player_anytime_td,anytime_td,Hunter Luepke,,1400,
2026-09-23T19-00-13Z,2026,3,2026_03_BAL_DAL,DAL,BAL,2026-09-27T20:25:00Z,betmgm,player_anytime_td,anytime_td,Chris Moore,,700,
2026-09-23T19-00-13Z,2026,3,2026_03_BAL_DAL,DAL,BAL,2026-09-27T20:25:00Z,betmgm,player_anytime_td,anytime_td,Elijah Sarratt,,1900,
2026-09-23T19-00-13Z,2026,3,2026_03_BAL_DAL,DAL,BAL,2026-09-27T20:25:00Z,bovada,player_anytime_td,anytime_td,Luke Schoonmaker,,1800,
2026-09-23T19-00-13Z,2026,3,2026_03_BAL_DAL,DAL,BAL,2026-09-27T20:25:00Z,bovada,player_anytime_td,anytime_td,Emari Demercado,,700,
2026-09-23T19-00-13Z,2026,3,2026_03_BAL_DAL,DAL,BAL,2026-09-27T20:25:00Z,bovada,player_anytime_td,anytime_td,Rasheen Ali,,2500,
2026-09-23T19-00-13Z,2026,3,2026_03_BAL_DAL,DAL,BAL,2026-09-27T20:25:00Z,bovada,player_anytime_td,anytime_td,Brevyn Spann-Ford,,1400,
2026-09-23T19-00-13Z,2026,3,2026_03_BAL_DAL,DAL,BAL,2026-09-27T20:25:00Z,bovada,player_anytime_td,anytime_td,CeeDee Lamb,,120,
2026-09-23T19-00-13Z,2026,3,2026_03_BAL_DAL,DAL,BAL,2026-09-27T20:25:00Z,bovada,player_anytime_td,anytime_td,George Pickens,,160,
2026-09-23T19-00-13Z,2026,3,2026_03_BAL_DAL,DAL,BAL,2026-09-27T20:25:00Z,bovada,player_anytime_td,anytime_td,Mark Andrews,,140,
2026-09-23T19-00-13Z,2026,3,2026_03_BAL_DAL,DAL,BAL,2026-09-27T20:25:00Z,bovada,player_anytime_td,anytime_td,Jake Ferguson,,280,
2026-09-23T19-00-13Z,2026,3,2026_03_BAL_DAL,DAL,BAL,2026-09-27T20:25:00Z,bovada,player_anytime_td,anytime_td,Elijah Sarratt,,1300,
2026-09-23T19-00-13Z,2026,3,2026_03_BAL_DAL,DAL,BAL,2026-09-27T20:25:00Z,bovada,player_anytime_td,anytime_td,Justice Hill,,420,
2026-09-23T19-00-13Z,2026,3,2026_03_BAL_DAL,DAL,BAL,2026-09-27T20:25:00Z,bovada,player_anytime_td,anytime_td,Baltimore Ravens D/ST,,525,
2026-09-23T19-00-13Z,2026,3,2026_03_BAL_DAL,DAL,BAL,2026-09-27T20:25:00Z,bovada,player_anytime_td,anytime_td,Chris Moore,,600,
2026-09-23T19-00-13Z,2026,3,2026_03_BAL_DAL,DAL,BAL,2026-09-27T20:25:00Z,bovada,player_anytime_td,anytime_td,Javonte Williams,,-186,
2026-09-23T19-00-13Z,2026,3,2026_03_BAL_DAL,DAL,BAL,2026-09-27T20:25:00Z,bovada,player_anytime_td,anytime_td,Devontez Walker,,700,
2026-09-23T19-00-13Z,2026,3,2026_03_BAL_DAL,DAL,BAL,2026-09-27T20:25:00Z,bovada,player_anytime_td,anytime_td,Matthew Hibner,,1800,
2026-09-23T19-00-13Z,2026,3,2026_03_BAL_DAL,DAL,BAL,2026-09-27T20:25:00Z,bovada,player_anytime_td,anytime_td,Dak Prescott,,600,
2026-09-23T19-00-13Z,2026,3,2026_03_BAL_DAL,DAL,BAL,2026-09-27T20:25:00Z,bovada,player_anytime_td,anytime_td,Rashod Bateman,,195,
2026-09-23T19-00-13Z,2026,3,2026_03_BAL_DAL,DAL,BAL,2026-09-27T20:25:00Z,bovada,player_anytime_td,anytime_td,Dallas Cowboys D/ST,,600,
2026-09-23T19-00-13Z,2026,3,2026_03_BAL_DAL,DAL,BAL,2026-09-27T20:25:00Z,bovada,player_anytime_td,anytime_td,Derrick Henry,,-230,
2026-09-23T19-00-13Z,2026,3,2026_03_BAL_DAL,DAL,BAL,2026-09-27T20:25:00Z,bovada,player_anytime_td,anytime_td,Camden Brown,,2500,
2026-09-23T19-00-13Z,2026,3,2026_03_BAL_DAL,DAL,BAL,2026-09-27T20:25:00Z,bovada,player_anytime_td,anytime_td,Hunter Luepke,,1200,
2026-09-23T19-00-13Z,2026,3,2026_03_BAL_DAL,DAL,BAL,2026-09-27T20:25:00Z,bovada,player_anytime_td,anytime_td,KaVontae Turpin,,1100,
2026-09-23T19-00-13Z,2026,3,2026_03_BAL_DAL,DAL,BAL,2026-09-27T20:25:00Z,bovada,player_anytime_td,anytime_td,Jonathan Mingo,,1700,
2026-09-23T19-00-13Z,2026,3,2026_03_BAL_DAL,DAL,BAL,2026-09-27T20:25:00Z,bovada,player_anytime_td,anytime_td,Lamar Jackson,,170,
2026-09-23T19-00-13Z,2026,3,2026_03_BAL_DAL,DAL,BAL,2026-09-27T20:25:00Z,bovada,player_anytime_td,anytime_td,Ryan Flournoy,,390,
2026-09-23T19-00-13Z,2026,3,2026_03_BAL_DAL,DAL,BAL,2026-09-27T20:25:00Z,bovada,player_anytime_td,anytime_td,Josh Cuevas,,2000,
2026-09-23T19-00-13Z,2026,3,2026_03_BAL_DAL,DAL,BAL,2026-09-27T20:25:00Z,bovada,player_anytime_td,anytime_td,Durham Smythe,,725,
2026-09-23T19-00-13Z,2026,3,2026_03_BAL_DAL,DAL,BAL,2026-09-27T20:25:00Z,bovada,player_anytime_td,anytime_td,Zay Flowers,,120,
2026-09-23T19-00-13Z,2026,3,2026_03_BAL_DAL,DAL,BAL,2026-09-27T20:25:00Z,bovada,player_pass_yds,pass_yards,Dak Prescott,266.5,-115,-115.0
2026-09-23T19-00-13Z,2026,3,2026_03_BAL_DAL,DAL,BAL,2026-09-27T20:25:00Z,bovada,player_pass_yds,pass_yards,Lamar Jackson,239.5,-115,-115.0
2026-09-23T19-00-13Z,2026,3,2026_03_BAL_DAL,DAL,BAL,2026-09-27T20:25:00Z,bovada,player_reception_yds,rec_yards,CeeDee Lamb,85.5,-115,-115.0
2026-09-23T19-00-13Z,2026,3,2026_03_BAL_DAL,DAL,BAL,2026-09-27T20:25:00Z,bovada,player_reception_yds,rec_yards,George Pickens,59.5,-115,-115.0
2026-09-23T19-00-13Z,2026,3,2026_03_BAL_DAL,DAL,BAL,2026-09-27T20:25:00Z,bovada,player_reception_yds,rec_yards,Jake Ferguson,28.5,-115,-115.0
2026-09-23T19-00-13Z,2026,3,2026_03_BAL_DAL,DAL,BAL,2026-09-27T20:25:00Z,bovada,player_reception_yds,rec_yards,Javonte Williams,17.5,-115,-115.0
2026-09-23T19-00-13Z,2026,3,2026_03_BAL_DAL,DAL,BAL,2026-09-27T20:25:00Z,bovada,player_reception_yds,rec_yards,Zay Flowers,74.5,-115,-115.0
2026-09-23T19-00-13Z,2026,3,2026_03_BAL_DAL,DAL,BAL,2026-09-27T20:25:00Z,bovada,player_receptions,rec_catches,CeeDee Lamb,7.5,115,-150.0
2026-09-23T19-00-13Z,2026,3,2026_03_BAL_DAL,DAL,BAL,2026-09-27T20:25:00Z,bovada,player_receptions,rec_catches,George Pickens,4.5,-160,120.0
2026-09-23T19-00-13Z,2026,3,2026_03_BAL_DAL,DAL,BAL,2026-09-27T20:25:00Z,bovada,player_receptions,rec_catches,Jake Ferguson,3.5,-125,-105.0
2026-09-23T19-00-13Z,2026,3,2026_03_BAL_DAL,DAL,BAL,2026-09-27T20:25:00Z,bovada,player_receptions,rec_catches,Javonte Williams,2.5,-180,135.0
2026-09-23T19-00-13Z,2026,3,2026_03_BAL_DAL,DAL,BAL,2026-09-27T20:25:00Z,bovada,player_receptions,rec_catches,Zay Flowers,5.5,110,-145.0
2026-09-23T19-00-13Z,2026,3,2026_03_BAL_DAL,DAL,BAL,2026-09-27T20:25:00Z,bovada,player_rush_yds,rush_yards,Dak Prescott,13.5,-115,-115.0
2026-09-23T19-00-13Z,2026,3,2026_03_BAL_DAL,DAL,BAL,2026-09-27T20:25:00Z,bovada,player_rush_yds,rush_yards,Derrick Henry,88.5,-115,-115.0
2026-09-23T19-00-13Z,2026,3,2026_03_BAL_DAL,DAL,BAL,2026-09-27T20:25:00Z,bovada,player_rush_yds,rush_yards,Javonte Williams,58.5,-115,-115.0
2026-09-23T19-00-13Z,2026,3,2026_03_BAL_DAL,DAL,BAL,2026-09-27T20:25:00Z,bovada,player_rush_yds,rush_yards,Lamar Jackson,38.5,-115,-115.0
2026-09-23T19-00-13Z,2026,3,2026_03_BAL_DAL,DAL,BAL,2026-09-27T20:25:00Z,betrivers,player_anytime_td,anytime_td,Dak Prescott,,480,
2026-09-23T19-00-13Z,2026,3,2026_03_BAL_DAL,DAL,BAL,2026-09-27T20:25:00Z,betrivers,player_anytime_td,anytime_td,Durham Smythe,,750,
2026-09-23T19-00-13Z,2026,3,2026_03_BAL_DAL,DAL,BAL,2026-09-27T20:25:00Z,betrivers,player_anytime_td,anytime_td,Derrick Henry,,-240,
2026-09-23T19-00-13Z,2026,3,2026_03_BAL_DAL,DAL,BAL,2026-09-27T20:25:00Z,betrivers,player_anytime_td,anytime_td,Ryan Flournoy,,370,
2026-09-23T19-00-13Z,2026,3,2026_03_BAL_DAL,DAL,BAL,2026-09-27T20:25:00Z,betrivers,player_anytime_td,anytime_td,KaVontae Turpin,,1000,
2026-09-23T19-00-13Z,2026,3,2026_03_BAL_DAL,DAL,BAL,2026-09-27T20:25:00Z,betrivers,player_anytime_td,anytime_td,Elijah Sarratt,,1700,
2026-09-23T19-00-13Z,2026,3,2026_03_BAL_DAL,DAL,BAL,2026-09-27T20:25:00Z,betrivers,player_anytime_td,anytime_td,Mark Andrews,,148,
2026-09-23T19-00-13Z,2026,3,2026_03_BAL_DAL,DAL,BAL,2026-09-27T20:25:00Z,betrivers,player_anytime_td,anytime_td,Rashod Bateman,,185,
2026-09-23T19-00-13Z,2026,3,2026_03_BAL_DAL,DAL,BAL,2026-09-27T20:25:00Z,betrivers,player_anytime_td,anytime_td,Jonathan Mingo,,1700,
2026-09-23T19-00-13Z,2026,3,2026_03_BAL_DAL,DAL,BAL,2026-09-27T20:25:00Z,betrivers,player_anytime_td,anytime_td,Justice Hill,,500,
2026-09-23T19-00-13Z,2026,3,2026_03_BAL_DAL,DAL,BAL,2026-09-27T20:25:00Z,betrivers,player_anytime_td,anytime_td,LaJohntay Wester,,800,
2026-09-23T19-00-13Z,2026,3,2026_03_BAL_DAL,DAL,BAL,2026-09-27T20:25:00Z,betrivers,player_anytime_td,anytime_td,Emari Demercado,,600,
2026-09-23T19-00-13Z,2026,3,2026_03_BAL_DAL,DAL,BAL,2026-09-27T20:25:00Z,betrivers,player_anytime_td,anytime_td,Tyler Goodson,,1600,
2026-09-23T19-00-13Z,2026,3,2026_03_BAL_DAL,DAL,BAL,2026-09-27T20:25:00Z,betrivers,player_anytime_td,anytime_td,CeeDee Lamb,,112,
2026-09-23T19-00-13Z,2026,3,2026_03_BAL_DAL,DAL,BAL,2026-09-27T20:25:00Z,betrivers,player_anytime_td,anytime_td,Chris Moore,,510,
2026-09-23T19-00-13Z,2026,3,2026_03_BAL_DAL,DAL,BAL,2026-09-27T20:25:00Z,betrivers,player_anytime_td,anytime_td,Zay Flowers,,106,
2026-09-23T19-00-13Z,2026,3,2026_03_BAL_DAL,DAL,BAL,2026-09-27T20:25:00Z,betrivers,player_anytime_td,anytime_td,Brevyn Spann-Ford,,1500,
2026-09-23T19-00-13Z,2026,3,2026_03_BAL_DAL,DAL,BAL,2026-09-27T20:25:00Z,betrivers,player_anytime_td,anytime_td,Jake Ferguson,,270,
2026-09-23T19-00-13Z,2026,3,2026_03_BAL_DAL,DAL,BAL,2026-09-27T20:25:00Z,betrivers,player_anytime_td,anytime_td,Luke Schoonmaker,,1300,
2026-09-23T19-00-13Z,2026,3,2026_03_BAL_DAL,DAL,BAL,2026-09-27T20:25:00Z,betrivers,player_anytime_td,anytime_td,Camden Brown,,2000,
2026-09-23T19-00-13Z,2026,3,2026_03_BAL_DAL,DAL,BAL,2026-09-27T20:25:00Z,betrivers,player_anytime_td,anytime_td,Matthew Hibner,,2200,
2026-09-23T19-00-13Z,2026,3,2026_03_BAL_DAL,DAL,BAL,2026-09-27T20:25:00Z,betrivers,player_anytime_td,anytime_td,George Pickens,,160,
2026-09-23T19-00-13Z,2026,3,2026_03_BAL_DAL,DAL,BAL,2026-09-27T20:25:00Z,betrivers,player_anytime_td,anytime_td,Lamar Jackson,,180,
2026-09-23T19-00-13Z,2026,3,2026_03_BAL_DAL,DAL,BAL,2026-09-27T20:25:00Z,betrivers,player_anytime_td,anytime_td,Devontez Walker,,800,
2026-09-23T19-00-13Z,2026,3,2026_03_BAL_DAL,DAL,BAL,2026-09-27T20:25:00Z,betrivers,player_anytime_td,anytime_td,Hunter Luepke,,1050,
2026-09-23T19-00-13Z,2026,3,2026_03_BAL_DAL,DAL,BAL,2026-09-27T20:25:00Z,betrivers,player_anytime_td,anytime_td,Josh Cuevas,,2200,
2026-09-23T19-00-13Z,2026,3,2026_03_BAL_DAL,DAL,BAL,2026-09-27T20:25:00Z,betrivers,player_anytime_td,anytime_td,Javonte Williams,,-190,
2026-09-23T19-00-13Z,2026,3,2026_03_BAL_DAL,DAL,BAL,2026-09-27T20:25:00Z,betrivers,player_anytime_td,anytime_td,Rasheen Ali,,2400,
2026-09-23T19-00-13Z,2026,3,2026_03_BAL_DAL,DAL,BAL,2026-09-27T20:25:00Z,betrivers,player_pass_yds,pass_yards,Dak Prescott,268.5,-114,-115.0
2026-09-23T19-00-13Z,2026,3,2026_03_BAL_DAL,DAL,BAL,2026-09-27T20:25:00Z,betrivers,player_pass_yds,pass_yards,Lamar Jackson,239.5,-115,-115.0
2026-09-23T19-00-13Z,2026,3,2026_03_BAL_DAL,DAL,BAL,2026-09-27T20:25:00Z,betrivers,player_reception_yds,rec_yards,George Pickens,59.5,-117,-114.0
2026-09-23T19-00-13Z,2026,3,2026_03_BAL_DAL,DAL,BAL,2026-09-27T20:25:00Z,betrivers,player_reception_yds,rec_yards,Javonte Williams,16.5,-113,-118.0
2026-09-23T19-00-13Z,2026,3,2026_03_BAL_DAL,DAL,BAL,2026-09-27T20:25:00Z,betrivers,player_reception_yds,rec_yards,CeeDee Lamb,84.5,-117,-114.0
2026-09-23T19-00-13Z,2026,3,2026_03_BAL_DAL,DAL,BAL,2026-09-27T20:25:00Z,betrivers,player_reception_yds,rec_yards,Zay Flowers,72.5,-115,-115.0
2026-09-23T19-00-13Z,2026,3,2026_03_BAL_DAL,DAL,BAL,2026-09-27T20:25:00Z,betrivers,player_reception_yds,rec_yards,Jake Ferguson,27.5,-114,-117.0
2026-09-23T19-00-13Z,2026,3,2026_03_BAL_DAL,DAL,BAL,2026-09-27T20:25:00Z,betrivers,player_receptions,rec_catches,Javonte Williams,2.5,-175,
2026-09-23T19-00-13Z,2026,3,2026_03_BAL_DAL,DAL,BAL,2026-09-27T20:25:00Z,betrivers,player_receptions,rec_catches,George Pickens,5.5,112,
2026-09-23T19-00-13Z,2026,3,2026_03_BAL_DAL,DAL,BAL,2026-09-27T20:25:00Z,betrivers,player_receptions,rec_catches,CeeDee Lamb,6.5,-148,
2026-09-23T19-00-13Z,2026,3,2026_03_BAL_DAL,DAL,BAL,2026-09-27T20:25:00Z,betrivers,player_receptions,rec_catches,Jake Ferguson,3.5,-121,
2026-09-23T19-00-13Z,2026,3,2026_03_BAL_DAL,DAL,BAL,2026-09-27T20:25:00Z,betrivers,player_receptions,rec_catches,Zay Flowers,5.5,114,
2026-09-23T19-00-13Z,2026,3,2026_03_BAL_DAL,DAL,BAL,2026-09-27T20:25:00Z,betrivers,player_rush_yds,rush_yards,Derrick Henry,89.5,-115,-115.0
2026-09-23T19-00-13Z,2026,3,2026_03_BAL_DAL,DAL,BAL,2026-09-27T20:25:00Z,betrivers,player_rush_yds,rush_yards,Javonte Williams,60.5,-114,-117.0
2026-09-23T19-00-13Z,2026,3,2026_03_BAL_DAL,DAL,BAL,2026-09-27T20:25:00Z,betrivers,player_rush_yds,rush_yards,Dak Prescott,13.5,-113,-118.0
2026-09-23T19-00-13Z,2026,3,2026_03_BAL_DAL,DAL,BAL,2026-09-27T20:25:00Z,betrivers,player_rush_yds,rush_yards,Lamar Jackson,37.5,-113,-118.0
2026-09-23T19-00-13Z,2026,3,2026_03_BAL_DAL,DAL,BAL,2026-09-27T20:25:00Z,betonlineag,player_anytime_td,anytime_td,Lamar Jackson,,160,
2026-09-23T19-00-13Z,2026,3,2026_03_BAL_DAL,DAL,BAL,2026-09-27T20:25:00Z,betonlineag,player_anytime_td,anytime_td,Jake Ferguson,,260,
2026-09-23T19-00-13Z,2026,3,2026_03_BAL_DAL,DAL,BAL,2026-09-27T20:25:00Z,betonlineag,player_anytime_td,anytime_td,KaVontae Turpin,,900,
2026-09-23T19-00-13Z,2026,3,2026_03_BAL_DAL,DAL,BAL,2026-09-27T20:25:00Z,betonlineag,player_anytime_td,anytime_td,Dak Prescott,,500,
2026-09-23T19-00-13Z,2026,3,2026_03_BAL_DAL,DAL,BAL,2026-09-27T20:25:00Z,betonlineag,player_anytime_td,anytime_td,Justice Hill,,400,
2026-09-23T19-00-13Z,2026,3,2026_03_BAL_DAL,DAL,BAL,2026-09-27T20:25:00Z,betonlineag,player_anytime_td,anytime_td,Mark Andrews,,120,
2026-09-23T19-00-13Z,2026,3,2026_03_BAL_DAL,DAL,BAL,2026-09-27T20:25:00Z,betonlineag,player_anytime_td,anytime_td,CeeDee Lamb,,110,
2026-09-23T19-00-13Z,2026,3,2026_03_BAL_DAL,DAL,BAL,2026-09-27T20:25:00Z,betonlineag,player_anytime_td,anytime_td,Rashod Bateman,,150,
2026-09-23T19-00-13Z,2026,3,2026_03_BAL_DAL,DAL,BAL,2026-09-27T20:25:00Z,betonlineag,player_anytime_td,anytime_td,Derrick Henry,,-333,
2026-09-23T19-00-13Z,2026,3,2026_03_BAL_DAL,DAL,BAL,2026-09-27T20:25:00Z,betonlineag,player_anytime_td,anytime_td,Brevyn Spann-Ford,,1400,
2026-09-23T19-00-13Z,2026,3,2026_03_BAL_DAL,DAL,BAL,2026-09-27T20:25:00Z,betonlineag,player_anytime_td,anytime_td,Chris Moore,,350,
2026-09-23T19-00-13Z,2026,3,2026_03_BAL_DAL,DAL,BAL,2026-09-27T20:25:00Z,betonlineag,player_anytime_td,anytime_td,Devontez Walker,,700,
2026-09-23T19-00-13Z,2026,3,2026_03_BAL_DAL,DAL,BAL,2026-09-27T20:25:00Z,betonlineag,player_anytime_td,anytime_td,Rasheen Ali,,1900,
2026-09-23T19-00-13Z,2026,3,2026_03_BAL_DAL,DAL,BAL,2026-09-27T20:25:00Z,betonlineag,player_anytime_td,anytime_td,Hunter Luepke,,1100,
2026-09-23T19-00-13Z,2026,3,2026_03_BAL_DAL,DAL,BAL,2026-09-27T20:25:00Z,betonlineag,player_anytime_td,anytime_td,Ryan Flournoy,,350,
2026-09-23T19-00-13Z,2026,3,2026_03_BAL_DAL,DAL,BAL,2026-09-27T20:25:00Z,betonlineag,player_anytime_td,anytime_td,Luke Schoonmaker,,1400,
2026-09-23T19-00-13Z,2026,3,2026_03_BAL_DAL,DAL,BAL,2026-09-27T20:25:00Z,betonlineag,player_anytime_td,anytime_td,Zay Flowers,,100,
2026-09-23T19-00-13Z,2026,3,2026_03_BAL_DAL,DAL,BAL,2026-09-27T20:25:00Z,betonlineag,player_anytime_td,anytime_td,LaJohntay Wester,,450,
2026-09-23T19-00-13Z,2026,3,2026_03_BAL_DAL,DAL,BAL,2026-09-27T20:25:00Z,betonlineag,player_anytime_td,anytime_td,Durham Smythe,,700,
2026-09-23T19-00-13Z,2026,3,2026_03_BAL_DAL,DAL,BAL,2026-09-27T20:25:00Z,betonlineag,player_anytime_td,anytime_td,Javonte Williams,,-200,
2026-09-23T19-00-13Z,2026,3,2026_03_BAL_DAL,DAL,BAL,2026-09-27T20:25:00Z,betonlineag,player_anytime_td,anytime_td,Josh Cuevas,,1400,
2026-09-23T19-00-13Z,2026,3,2026_03_BAL_DAL,DAL,BAL,2026-09-27T20:25:00Z,betonlineag,player_anytime_td,anytime_td,Jonathan Mingo,,1700,
2026-09-23T19-00-13Z,2026,3,2026_03_BAL_DAL,DAL,BAL,2026-09-27T20:25:00Z,betonlineag,player_anytime_td,anytime_td,George Pickens,,150,
2026-09-23T19-00-13Z,2026,3,2026_03_BAL_DAL,DAL,BAL,2026-09-27T20:25:00Z,betonlineag,player_anytime_td,anytime_td,Matthew Hibner,,1400,
2026-09-23T19-00-13Z,2026,3,2026_03_BAL_DAL,DAL,BAL,2026-09-27T20:25:00Z,betonlineag,player_anytime_td,anytime_td,Camden Brown,,1900,
2026-09-23T19-00-13Z,2026,3,2026_03_BAL_DAL,DAL,BAL,2026-09-27T20:25:00Z,betonlineag,player_anytime_td,anytime_td,Elijah Sarratt,,1300,
2026-09-23T19-00-13Z,2026,3,2026_03_BAL_DAL,DAL,BAL,2026-09-27T20:25:00Z,betonlineag,player_pass_yds,pass_yards,Dak Prescott,263.5,-114,-114.0
2026-09-23T19-00-13Z,2026,3,2026_03_BAL_DAL,DAL,BAL,2026-09-27T20:25:00Z,betonlineag,player_pass_yds,pass_yards,Lamar Jackson,238.5,-112,-115.0
2026-09-23T19-00-13Z,2026,3,2026_03_BAL_DAL,DAL,BAL,2026-09-27T20:25:00Z,betonlineag,player_reception_yds,rec_yards,George Pickens,59.5,-115,-112.0
2026-09-23T19-00-13Z,2026,3,2026_03_BAL_DAL,DAL,BAL,2026-09-27T20:25:00Z,betonlineag,player_reception_yds,rec_yards,CeeDee Lamb,84.5,-114,-114.0
2026-09-23T19-00-13Z,2026,3,2026_03_BAL_DAL,DAL,BAL,2026-09-27T20:25:00Z,betonlineag,player_reception_yds,rec_yards,Jake Ferguson,28.5,-114,-114.0
2026-09-23T19-00-13Z,2026,3,2026_03_BAL_DAL,DAL,BAL,2026-09-27T20:25:00Z,betonlineag,player_reception_yds,rec_yards,Javonte Williams,17.5,-114,-114.0
2026-09-23T19-00-13Z,2026,3,2026_03_BAL_DAL,DAL,BAL,2026-09-27T20:25:00Z,betonlineag,player_reception_yds,rec_yards,Zay Flowers,74.5,-114,-114.0
2026-09-23T19-00-13Z,2026,3,2026_03_BAL_DAL,DAL,BAL,2026-09-27T20:25:00Z,betonlineag,player_receptions,rec_catches,CeeDee Lamb,6.5,-145,111.0
2026-09-23T19-00-13Z,2026,3,2026_03_BAL_DAL,DAL,BAL,2026-09-27T20:25:00Z,betonlineag,player_receptions,rec_catches,George Pickens,5.5,115,-149.0
2026-09-23T19-00-13Z,2026,3,2026_03_BAL_DAL,DAL,BAL,2026-09-27T20:25:00Z,betonlineag,player_receptions,rec_catches,Jake Ferguson,3.5,-120,-108.0
2026-09-23T19-00-13Z,2026,3,2026_03_BAL_DAL,DAL,BAL,2026-09-27T20:25:00Z,betonlineag,player_receptions,rec_catches,Javonte Williams,2.5,-164,125.0
2026-09-23T19-00-13Z,2026,3,2026_03_BAL_DAL,DAL,BAL,2026-09-27T20:25:00Z,betonlineag,player_receptions,rec_catches,Zay Flowers,5.5,117,-152.0
2026-09-23T19-00-13Z,2026,3,2026_03_BAL_DAL,DAL,BAL,2026-09-27T20:25:00Z,betonlineag,player_rush_yds,rush_yards,Javonte Williams,59.5,-112,-115.0
2026-09-23T19-00-13Z,2026,3,2026_03_BAL_DAL,DAL,BAL,2026-09-27T20:25:00Z,betonlineag,player_rush_yds,rush_yards,Dak Prescott,12.5,-114,-114.0
2026-09-23T19-00-13Z,2026,3,2026_03_BAL_DAL,DAL,BAL,2026-09-27T20:25:00Z,betonlineag,player_rush_yds,rush_yards,Derrick Henry,89.5,-111,-116.0
2026-09-23T19-00-13Z,2026,3,2026_03_BAL_DAL,DAL,BAL,2026-09-27T20:25:00Z,betonlineag,player_rush_yds,rush_yards,Lamar Jackson,38.5,-114,-114.0
2026-09-23T19-00-13Z,2026,3,2026_03_LV_NO,NO,LV,2026-09-27T20:25:00Z,draftkings,player_anytime_td,anytime_td,Ashton Jeanty,,-110,
2026-09-23T19-00-13Z,2026,3,2026_03_LV_NO,NO,LV,2026-09-27T20:25:00Z,draftkings,player_anytime_td,anytime_td,Travis Etienne Jr.,,135,
2026-09-23T19-00-13Z,2026,3,2026_03_LV_NO,NO,LV,2026-09-27T20:25:00Z,draftkings,player_anytime_td,anytime_td,Chris Olave,,155,
2026-09-23T19-00-13Z,2026,3,2026_03_LV_NO,NO,LV,2026-09-27T20:25:00Z,draftkings,player_anytime_td,anytime_td,Brock Bowers,,205,
2026-09-23T19-00-13Z,2026,3,2026_03_LV_NO,NO,LV,2026-09-27T20:25:00Z,draftkings,player_anytime_td,anytime_td,Alvin Kamara,,210,
2026-09-23T19-00-13Z,2026,3,2026_03_LV_NO,NO,LV,2026-09-27T20:25:00Z,draftkings,player_anytime_td,anytime_td,Tre Tucker,,285,
2026-09-23T19-00-13Z,2026,3,2026_03_LV_NO,NO,LV,2026-09-27T20:25:00Z,draftkings,player_anytime_td,anytime_td,Tyler Shough,,290,
2026-09-23T19-00-13Z,2026,3,2026_03_LV_NO,NO,LV,2026-09-27T20:25:00Z,draftkings,player_anytime_td,anytime_td,Juwan Johnson,,300,
2026-09-23T19-00-13Z,2026,3,2026_03_LV_NO,NO,LV,2026-09-27T20:25:00Z,draftkings,player_anytime_td,anytime_td,Devaughn Vele,,310,
2026-09-23T19-00-13Z,2026,3,2026_03_LV_NO,NO,LV,2026-09-27T20:25:00Z,draftkings,player_anytime_td,anytime_td,Michael Mayer,,370,
2026-09-23T19-00-13Z,2026,3,2026_03_LV_NO,NO,LV,2026-09-27T20:25:00Z,draftkings,player_anytime_td,anytime_td,Jalen Nailor,,380,
2026-09-23T19-00-13Z,2026,3,2026_03_LV_NO,NO,LV,2026-09-27T20:25:00Z,draftkings,player_anytime_td,anytime_td,Mike Washington Jr.,,400,
2026-09-23T19-00-13Z,2026,3,2026_03_LV_NO,NO,LV,2026-09-27T20:25:00Z,draftkings,player_anytime_td,anytime_td,Bryce Lance,,425,
2026-09-23T19-00-13Z,2026,3,2026_03_LV_NO,NO,LV,2026-09-27T20:25:00Z,draftkings,player_anytime_td,anytime_td,Jack Bech,,500,
2026-09-23T19-00-13Z,2026,3,2026_03_LV_NO,NO,LV,2026-09-27T20:25:00Z,draftkings,player_anytime_td,anytime_td,Noah Fant,,650,
2026-09-23T19-00-13Z,2026,3,2026_03_LV_NO,NO,LV,2026-09-27T20:25:00Z,draftkings,player_anytime_td,anytime_td,New Orleans Saints D/ST,,650,
2026-09-23T19-00-13Z,2026,3,2026_03_LV_NO,NO,LV,2026-09-27T20:25:00Z,draftkings,player_anytime_td,anytime_td,Las Vegas Raiders D/ST,,750,
2026-09-23T19-00-13Z,2026,3,2026_03_LV_NO,NO,LV,2026-09-27T20:25:00Z,draftkings,player_anytime_td,anytime_td,Kirk Cousins,,1900,
2026-09-23T19-00-13Z,2026,3,2026_03_LV_NO,NO,LV,2026-09-27T20:25:00Z,draftkings,player_pass_yds,pass_yards,Tyler Shough,249.5,-111,-113.0
2026-09-23T19-00-13Z,2026,3,2026_03_LV_NO,NO,LV,2026-09-27T20:25:00Z,draftkings,player_pass_yds,pass_yards,Kirk Cousins,212.5,-113,-111.0
2026-09-23T19-00-13Z,2026,3,2026_03_LV_NO,NO,LV,2026-09-27T20:25:00Z,fanduel,player_anytime_td,anytime_td,Ashton Jeanty,,-120,
2026-09-23T19-00-13Z,2026,3,2026_03_LV_NO,NO,LV,2026-09-27T20:25:00Z,fanduel,player_anytime_td,anytime_td,Travis Etienne Jr.,,145,
2026-09-23T19-00-13Z,2026,3,2026_03_LV_NO,NO,LV,2026-09-27T20:25:00Z,fanduel,player_anytime_td,anytime_td,Chris Olave,,145,
2026-09-23T19-00-13Z,2026,3,2026_03_LV_NO,NO,LV,2026-09-27T20:25:00Z,fanduel,player_anytime_td,anytime_td,Alvin Kamara,,160,
2026-09-23T19-00-13Z,2026,3,2026_03_LV_NO,NO,LV,2026-09-27T20:25:00Z,fanduel,player_anytime_td,anytime_td,Brock Bowers,,200,
2026-09-23T19-00-13Z,2026,3,2026_03_LV_NO,NO,LV,2026-09-27T20:25:00Z,fanduel,player_anytime_td,anytime_td,Tyler Shough,,270,
2026-09-23T19-00-13Z,2026,3,2026_03_LV_NO,NO,LV,2026-09-27T20:25:00Z,fanduel,player_anytime_td,anytime_td,Juwan Johnson,,280,
2026-09-23T19-00-13Z,2026,3,2026_03_LV_NO,NO,LV,2026-09-27T20:25:00Z,fanduel,player_anytime_td,anytime_td,Tre Tucker,,290,
2026-09-23T19-00-13Z,2026,3,2026_03_LV_NO,NO,LV,2026-09-27T20:25:00Z,fanduel,player_anytime_td,anytime_td,Michael Mayer,,310,
2026-09-23T19-00-13Z,2026,3,2026_03_LV_NO,NO,LV,2026-09-27T20:25:00Z,fanduel,player_anytime_td,anytime_td,Devaughn Vele,,320,
2026-09-23T19-00-13Z,2026,3,2026_03_LV_NO,NO,LV,2026-09-27T20:25:00Z,fanduel,player_anytime_td,anytime_td,Jalen Nailor,,410,
2026-09-23T19-00-13Z,2026,3,2026_03_LV_NO,NO,LV,2026-09-27T20:25:00Z,fanduel,player_anytime_td,anytime_td,Mike Washington Jr.,,450,
2026-09-23T19-00-13Z,2026,3,2026_03_LV_NO,NO,LV,2026-09-27T20:25:00Z,fanduel,player_anytime_td,anytime_td,New Orleans Saints Defense,,550,
2026-09-23T19-00-13Z,2026,3,2026_03_LV_NO,NO,LV,2026-09-27T20:25:00Z,fanduel,player_anytime_td,anytime_td,Noah Fant,,600,
2026-09-23T19-00-13Z,2026,3,2026_03_LV_NO,NO,LV,2026-09-27T20:25:00Z,fanduel,player_anytime_td,anytime_td,Las Vegas Raiders Defense,,600,
2026-09-23T19-00-13Z,2026,3,2026_03_LV_NO,NO,LV,2026-09-27T20:25:00Z,fanduel,player_anytime_td,anytime_td,Kirk Cousins,,1800,
2026-09-23T19-00-13Z,2026,3,2026_03_LV_NO,NO,LV,2026-09-27T20:25:00Z,fanduel,player_pass_yds,pass_yards,Tyler Shough,252.5,-114,-114.0
2026-09-23T19-00-13Z,2026,3,2026_03_LV_NO,NO,LV,2026-09-27T20:25:00Z,fanduel,player_pass_yds,pass_yards,Kirk Cousins,211.5,-114,-114.0
2026-09-23T19-00-13Z,2026,3,2026_03_LV_NO,NO,LV,2026-09-27T20:25:00Z,betrivers,player_anytime_td,anytime_td,Juwan Johnson,,260,
2026-09-23T19-00-13Z,2026,3,2026_03_LV_NO,NO,LV,2026-09-27T20:25:00Z,betrivers,player_anytime_td,anytime_td,Ian Thomas,,1500,
2026-09-23T19-00-13Z,2026,3,2026_03_LV_NO,NO,LV,2026-09-27T20:25:00Z,betrivers,player_anytime_td,anytime_td,Noah Fant,,540,
2026-09-23T19-00-13Z,2026,3,2026_03_LV_NO,NO,LV,2026-09-27T20:25:00Z,betrivers,player_anytime_td,anytime_td,Barion Brown,,1300,
2026-09-23T19-00-13Z,2026,3,2026_03_LV_NO,NO,LV,2026-09-27T20:25:00Z,betrivers,player_anytime_td,anytime_td,Connor Heyward,,1700,
2026-09-23T19-00-13Z,2026,3,2026_03_LV_NO,NO,LV,2026-09-27T20:25:00Z,betrivers,player_anytime_td,anytime_td,Brock Bowers,,175,
2026-09-23T19-00-13Z,2026,3,2026_03_LV_NO,NO,LV,2026-09-27T20:25:00Z,betrivers,player_anytime_td,anytime_td,Chris Olave,,143,
2026-09-23T19-00-13Z,2026,3,2026_03_LV_NO,NO,LV,2026-09-27T20:25:00Z,betrivers,player_anytime_td,anytime_td,Michael Mayer,,475,
2026-09-23T19-00-13Z,2026,3,2026_03_LV_NO,NO,LV,2026-09-27T20:25:00Z,betrivers,player_anytime_td,anytime_td,Alvin Kamara,,190,
2026-09-23T19-00-13Z,2026,3,2026_03_LV_NO,NO,LV,2026-09-27T20:25:00Z,betrivers,player_anytime_td,anytime_td,Kevin Austin,,1600,
2026-09-23T19-00-13Z,2026,3,2026_03_LV_NO,NO,LV,2026-09-27T20:25:00Z,betrivers,player_anytime_td,anytime_td,Devaughn Vele,,310,
2026-09-23T19-00-13Z,2026,3,2026_03_LV_NO,NO,LV,2026-09-27T20:25:00Z,betrivers,player_anytime_td,anytime_td,Tyler Shough,,275,
2026-09-23T19-00-13Z,2026,3,2026_03_LV_NO,NO,LV,2026-09-27T20:25:00Z,betrivers,player_anytime_td,anytime_td,Kendre Miller,,500,
2026-09-23T19-00-13Z,2026,3,2026_03_LV_NO,NO,LV,2026-09-27T20:25:00Z,betrivers,player_anytime_td,anytime_td,Travis Etienne Jr.,,135,
2026-09-23T19-00-13Z,2026,3,2026_03_LV_NO,NO,LV,2026-09-27T20:25:00Z,betrivers,player_anytime_td,anytime_td,Dylan Laube,,1300,
2026-09-23T19-00-13Z,2026,3,2026_03_LV_NO,NO,LV,2026-09-27T20:25:00Z,betrivers,player_anytime_td,anytime_td,Dareke Young,,2200,
2026-09-23T19-00-13Z,2026,3,2026_03_LV_NO,NO,LV,2026-09-27T20:25:00Z,betrivers,player_anytime_td,anytime_td,Bryce Lance,,425,
2026-09-23T19-00-13Z,2026,3,2026_03_LV_NO,NO,LV,2026-09-27T20:25:00Z,betrivers,player_anytime_td,anytime_td,Cody White,,600,
2026-09-23T19-00-13Z,2026,3,2026_03_LV_NO,NO,LV,2026-09-27T20:25:00Z,betrivers,player_anytime_td,anytime_td,Kirk Cousins,,1300,
2026-09-23T19-00-13Z,2026,3,2026_03_LV_NO,NO,LV,2026-09-27T20:25:00Z,betrivers,player_anytime_td,anytime_td,Oscar Delp,,950,
2026-09-23T19-00-13Z,2026,3,2026_03_LV_NO,NO,LV,2026-09-27T20:25:00Z,betrivers,player_anytime_td,anytime_td,Tre Tucker,,300,
2026-09-23T19-00-13Z,2026,3,2026_03_LV_NO,NO,LV,2026-09-27T20:25:00Z,betrivers,player_anytime_td,anytime_td,Ashton Jeanty,,-124,
2026-09-23T19-00-13Z,2026,3,2026_03_LV_NO,NO,LV,2026-09-27T20:25:00Z,betrivers,player_anytime_td,anytime_td,Malik Benson,,1050,
2026-09-23T19-00-13Z,2026,3,2026_03_LV_NO,NO,LV,2026-09-27T20:25:00Z,betrivers,player_anytime_td,anytime_td,Mike Washington Jr.,,420,
2026-09-23T19-00-13Z,2026,3,2026_03_LV_NO,NO,LV,2026-09-27T20:25:00Z,betrivers,player_anytime_td,anytime_td,Jalen Nailor,,400,
2026-09-23T19-00-13Z,2026,3,2026_03_LV_NO,NO,LV,2026-09-27T20:25:00Z,betrivers,player_anytime_td,anytime_td,Jack Bech,,600,
2026-09-23T19-00-13Z,2026,3,2026_03_LV_NO,NO,LV,2026-09-27T20:25:00Z,betrivers,player_pass_yds,pass_yards,Tyler Shough,249.5,-117,-114.0
2026-09-23T19-00-13Z,2026,3,2026_03_LV_NO,NO,LV,2026-09-27T20:25:00Z,betrivers,player_pass_yds,pass_yards,Kirk Cousins,214.5,-117,-114.0
2026-09-23T19-00-13Z,2026,3,2026_03_LV_NO,NO,LV,2026-09-27T20:25:00Z,betonlineag,player_anytime_td,anytime_td,Chris Olave,,140,
2026-09-23T19-00-13Z,2026,3,2026_03_LV_NO,NO,LV,2026-09-27T20:25:00Z,betonlineag,player_anytime_td,anytime_td,Juwan Johnson,,250,
2026-09-23T19-00-13Z,2026,3,2026_03_LV_NO,NO,LV,2026-09-27T20:25:00Z,betonlineag,player_anytime_td,anytime_td,Alvin Kamara,,160,
2026-09-23T19-00-13Z,2026,3,2026_03_LV_NO,NO,LV,2026-09-27T20:25:00Z,betonlineag,player_anytime_td,anytime_td,Tre Tucker,,260,
2026-09-23T19-00-13Z,2026,3,2026_03_LV_NO,NO,LV,2026-09-27T20:25:00Z,betonlineag,player_anytime_td,anytime_td,Kendre Miller,,500,
2026-09-23T19-00-13Z,2026,3,2026_03_LV_NO,NO,LV,2026-09-27T20:25:00Z,betonlineag,player_anytime_td,anytime_td,Tyler Shough,,220,
2026-09-23T19-00-13Z,2026,3,2026_03_LV_NO,NO,LV,2026-09-27T20:25:00Z,betonlineag,player_anytime_td,anytime_td,Ashton Jeanty,,-125,
2026-09-23T19-00-13Z,2026,3,2026_03_LV_NO,NO,LV,2026-09-27T20:25:00Z,betonlineag,player_anytime_td,anytime_td,Michael Mayer,,300,
2026-09-23T19-00-13Z,2026,3,2026_03_LV_NO,NO,LV,2026-09-27T20:25:00Z,betonlineag,player_anytime_td,anytime_td,Brock Bowers,,200,
2026-09-23T19-00-13Z,2026,3,2026_03_LV_NO,NO,LV,2026-09-27T20:25:00Z,betonlineag,player_anytime_td,anytime_td,Jack Bech,,450,
2026-09-23T19-00-13Z,2026,3,2026_03_LV_NO,NO,LV,2026-09-27T20:25:00Z,betonlineag,player_anytime_td,anytime_td,Dylan Laube,,1400,
2026-09-23T19-00-13Z,2026,3,2026_03_LV_NO,NO,LV,2026-09-27T20:25:00Z,betonlineag,player_anytime_td,anytime_td,Ian Thomas,,1900,
2026-09-23T19-00-13Z,2026,3,2026_03_LV_NO,NO,LV,2026-09-27T20:25:00Z,betonlineag,player_anytime_td,anytime_td,Kirk Cousins,,1400,
2026-09-23T19-00-13Z,2026,3,2026_03_LV_NO,NO,LV,2026-09-27T20:25:00Z,betonlineag,player_anytime_td,anytime_td,Noah Fant,,500,
2026-09-23T19-00-13Z,2026,3,2026_03_LV_NO,NO,LV,2026-09-27T20:25:00Z,betonlineag,player_anytime_td,anytime_td,Connor Heyward,,1900,
2026-09-23T19-00-13Z,2026,3,2026_03_LV_NO,NO,LV,2026-09-27T20:25:00Z,betonlineag,player_anytime_td,anytime_td,Jalen Nailor,,350,
2026-09-23T19-00-13Z,2026,3,2026_03_LV_NO,NO,LV,2026-09-27T20:25:00Z,betonlineag,player_anytime_td,anytime_td,Mike Washington Jr.,,300,
2026-09-23T19-00-13Z,2026,3,2026_03_LV_NO,NO,LV,2026-09-27T20:25:00Z,betonlineag,player_anytime_td,anytime_td,Malik Benson,,1000,
2026-09-23T19-00-13Z,2026,3,2026_03_LV_NO,NO,LV,2026-09-27T20:25:00Z,betonlineag,player_anytime_td,anytime_td,Devaughn Vele,,250,
2026-09-23T19-00-13Z,2026,3,2026_03_LV_NO,NO,LV,2026-09-27T20:25:00Z,betonlineag,player_anytime_td,anytime_td,Dareke Young,,1900,
2026-09-23T19-00-13Z,2026,3,2026_03_LV_NO,NO,LV,2026-09-27T20:25:00Z,betonlineag,player_anytime_td,anytime_td,Travis Etienne Jr.,,110,
2026-09-23T19-00-13Z,2026,3,2026_03_LV_NO,NO,LV,2026-09-27T20:25:00Z,betonlineag,player_anytime_td,anytime_td,Barion Brown,,1400,
2026-09-23T19-00-13Z,2026,3,2026_03_LV_NO,NO,LV,2026-09-27T20:25:00Z,betonlineag,player_anytime_td,anytime_td,Bryce Lance,,350,
2026-09-23T19-00-13Z,2026,3,2026_03_LV_NO,NO,LV,2026-09-27T20:25:00Z,betonlineag,player_anytime_td,anytime_td,Oscar Delp,,1100,
2026-09-23T19-00-13Z,2026,3,2026_03_LV_NO,NO,LV,2026-09-27T20:25:00Z,betonlineag,player_pass_yds,pass_yards,Tyler Shough,249.5,-114,-114.0
2026-09-23T19-00-13Z,2026,3,2026_03_LV_NO,NO,LV,2026-09-27T20:25:00Z,betonlineag,player_pass_yds,pass_yards,Kirk Cousins,212.5,-115,-112.0
2026-09-23T19-00-13Z,2026,3,2026_03_LV_NO,NO,LV,2026-09-27T20:25:00Z,betmgm,player_anytime_td,anytime_td,Juwan Johnson,,250,
2026-09-23T19-00-13Z,2026,3,2026_03_LV_NO,NO,LV,2026-09-27T20:25:00Z,betmgm,player_anytime_td,anytime_td,Chris Olave,,135,
2026-09-23T19-00-13Z,2026,3,2026_03_LV_NO,NO,LV,2026-09-27T20:25:00Z,betmgm,player_anytime_td,anytime_td,Devaughn Vele,,210,
2026-09-23T19-00-13Z,2026,3,2026_03_LV_NO,NO,LV,2026-09-27T20:25:00Z,betmgm,player_anytime_td,anytime_td,Bryce Lance,,450,
2026-09-23T19-00-13Z,2026,3,2026_03_LV_NO,NO,LV,2026-09-27T20:25:00Z,betmgm,player_anytime_td,anytime_td,Alvin Kamara,,180,
2026-09-23T19-00-13Z,2026,3,2026_03_LV_NO,NO,LV,2026-09-27T20:25:00Z,betmgm,player_anytime_td,anytime_td,Michael Mayer,,340,
2026-09-23T19-00-13Z,2026,3,2026_03_LV_NO,NO,LV,2026-09-27T20:25:00Z,betmgm,player_anytime_td,anytime_td,Brock Bowers,,165,
2026-09-23T19-00-13Z,2026,3,2026_03_LV_NO,NO,LV,2026-09-27T20:25:00Z,betmgm,player_anytime_td,anytime_td,Noah Fant,,575,
2026-09-23T19-00-13Z,2026,3,2026_03_LV_NO,NO,LV,2026-09-27T20:25:00Z,betmgm,player_anytime_td,anytime_td,Ashton Jeanty,,-155,
2026-09-23T19-00-13Z,2026,3,2026_03_LV_NO,NO,LV,2026-09-27T20:25:00Z,betmgm,player_anytime_td,anytime_td,Tre Tucker,,310,
2026-09-23T19-00-13Z,2026,3,2026_03_LV_NO,NO,LV,2026-09-27T20:25:00Z,betmgm,player_anytime_td,anytime_td,Travis Etienne Jr.,,130,
2026-09-23T19-00-13Z,2026,3,2026_03_LV_NO,NO,LV,2026-09-27T20:25:00Z,betmgm,player_anytime_td,anytime_td,Mike Washington Jr.,,475,
2026-09-23T19-00-13Z,2026,3,2026_03_LV_NO,NO,LV,2026-09-27T20:25:00Z,betmgm,player_anytime_td,anytime_td,Tyler Shough,,280,
2026-09-23T19-00-13Z,2026,3,2026_03_LV_NO,NO,LV,2026-09-27T20:25:00Z,betmgm,player_anytime_td,anytime_td,Jack Bech,,625,
2026-09-23T19-00-13Z,2026,3,2026_03_LV_NO,NO,LV,2026-09-27T20:25:00Z,betmgm,player_anytime_td,anytime_td,Jalen Nailor,,475,
2026-09-23T19-00-13Z,2026,3,2026_03_LV_NO,NO,LV,2026-09-27T20:25:00Z,betmgm,player_anytime_td,anytime_td,Kirk Cousins,,1300,
2026-09-23T19-00-13Z,2026,3,2026_03_LV_NO,NO,LV,2026-09-27T20:25:00Z,betmgm,player_anytime_td,anytime_td,New Orleans Saints D/ST,,500,
2026-09-23T19-00-13Z,2026,3,2026_03_LV_NO,NO,LV,2026-09-27T20:25:00Z,betmgm,player_anytime_td,anytime_td,Las Vegas Raiders D/ST,,500,
2026-09-23T19-00-13Z,2026,3,2026_03_LV_NO,NO,LV,2026-09-27T20:25:00Z,bovada,player_anytime_td,anytime_td,Ashton Jeanty,,-114,
2026-09-23T19-00-13Z,2026,3,2026_03_LV_NO,NO,LV,2026-09-27T20:25:00Z,bovada,player_anytime_td,anytime_td,Chris Olave,,155,
2026-09-23T19-00-13Z,2026,3,2026_03_LV_NO,NO,LV,2026-09-27T20:25:00Z,bovada,player_anytime_td,anytime_td,Travis Etienne Jr.,,135,
2026-09-23T19-00-13Z,2026,3,2026_03_LV_NO,NO,LV,2026-09-27T20:25:00Z,bovada,player_anytime_td,anytime_td,Tyler Shough,,290,
2026-09-23T19-00-13Z,2026,3,2026_03_LV_NO,NO,LV,2026-09-27T20:25:00Z,bovada,player_anytime_td,anytime_td,Juwan Johnson,,300,
2026-09-23T19-00-13Z,2026,3,2026_03_LV_NO,NO,LV,2026-09-27T20:25:00Z,bovada,player_anytime_td,anytime_td,Devaughn Vele,,310,
2026-09-23T19-00-13Z,2026,3,2026_03_LV_NO,NO,LV,2026-09-27T20:25:00Z,bovada,player_anytime_td,anytime_td,Noah Fant,,625,
2026-09-23T19-00-13Z,2026,3,2026_03_LV_NO,NO,LV,2026-09-27T20:25:00Z,bovada,player_anytime_td,anytime_td,Alvin Kamara,,210,
2026-09-23T19-00-13Z,2026,3,2026_03_LV_NO,NO,LV,2026-09-27T20:25:00Z,bovada,player_anytime_td,anytime_td,Bryce Lance,,420,
2026-09-23T19-00-13Z,2026,3,2026_03_LV_NO,NO,LV,2026-09-27T20:25:00Z,bovada,player_anytime_td,anytime_td,Mike Washington Jr.,,400,
2026-09-23T19-00-13Z,2026,3,2026_03_LV_NO,NO,LV,2026-09-27T20:25:00Z,bovada,player_anytime_td,anytime_td,Tre Tucker,,285,
2026-09-23T19-00-13Z,2026,3,2026_03_LV_NO,NO,LV,2026-09-27T20:25:00Z,bovada,player_anytime_td,anytime_td,Jalen Nailor,,380,
2026-09-23T19-00-13Z,2026,3,2026_03_LV_NO,NO,LV,2026-09-27T20:25:00Z,bovada,player_anytime_td,anytime_td,Jack Bech,,500,
2026-09-23T19-00-13Z,2026,3,2026_03_LV_NO,NO,LV,2026-09-27T20:25:00Z,bovada,player_anytime_td,anytime_td,Michael Mayer,,370,
2026-09-23T19-00-13Z,2026,3,2026_03_LV_NO,NO,LV,2026-09-27T20:25:00Z,bovada,player_anytime_td,anytime_td,Brock Bowers,,205,
2026-09-23T19-00-13Z,2026,3,2026_03_LV_NO,NO,LV,2026-09-27T20:25:00Z,bovada,player_anytime_td,anytime_td,New Orleans Saints D/ST,,625,
2026-09-23T19-00-13Z,2026,3,2026_03_LV_NO,NO,LV,2026-09-27T20:25:00Z,bovada,player_anytime_td,anytime_td,Las Vegas Raiders D/ST,,725,
2026-09-23T19-00-13Z,2026,3,2026_03_LV_NO,NO,LV,2026-09-27T20:25:00Z,bovada,player_anytime_td,anytime_td,Kirk Cousins,,1900,
2026-09-23T19-00-13Z,2026,3,2026_03_LV_NO,NO,LV,2026-09-27T20:25:00Z,bovada,player_pass_yds,pass_yards,Kirk Cousins,212.5,-115,-115.0
2026-09-23T19-00-13Z,2026,3,2026_03_LV_NO,NO,LV,2026-09-27T20:25:00Z,bovada,player_pass_yds,pass_yards,Tyler Shough,249.5,-115,-115.0
2026-09-23T19-00-13Z,2026,3,2026_03_LA_DEN,DEN,LA,2026-09-28T00:20:00Z,draftkings,player_anytime_td,anytime_td,Kyren Williams,,-135,
2026-09-23T19-00-13Z,2026,3,2026_03_LA_DEN,DEN,LA,2026-09-28T00:20:00Z,draftkings,player_anytime_td,anytime_td,J.K. Dobbins,,105,
2026-09-23T19-00-13Z,2026,3,2026_03_LA_DEN,DEN,LA,2026-09-28T00:20:00Z,draftkings,player_anytime_td,anytime_td,Davante Adams,,110,
2026-09-23T19-00-13Z,2026,3,2026_03_LA_DEN,DEN,LA,2026-09-28T00:20:00Z,draftkings,player_anytime_td,anytime_td,Puka Nacua,,125,
2026-09-23T19-00-13Z,2026,3,2026_03_LA_DEN,DEN,LA,2026-09-28T00:20:00Z,draftkings,player_anytime_td,anytime_td,Jaylen Waddle,,185,
2026-09-23T19-00-13Z,2026,3,2026_03_LA_DEN,DEN,LA,2026-09-28T00:20:00Z,draftkings,player_anytime_td,anytime_td,Courtland Sutton,,220,
2026-09-23T19-00-13Z,2026,3,2026_03_LA_DEN,DEN,LA,2026-09-28T00:20:00Z,draftkings,player_anytime_td,anytime_td,Terrance Ferguson,,260,
2026-09-23T19-00-13Z,2026,3,2026_03_LA_DEN,DEN,LA,2026-09-28T00:20:00Z,draftkings,player_anytime_td,anytime_td,Blake Corum,,265,
2026-09-23T19-00-13Z,2026,3,2026_03_LA_DEN,DEN,LA,2026-09-28T00:20:00Z,draftkings,player_anytime_td,anytime_td,Bo Nix,,400,
2026-09-23T19-00-13Z,2026,3,2026_03_LA_DEN,DEN,LA,2026-09-28T00:20:00Z,draftkings,player_anytime_td,anytime_td,Matthew Stafford,,2000,
2026-09-23T19-00-13Z,2026,3,2026_03_LA_DEN,DEN,LA,2026-09-28T00:20:00Z,draftkings,player_pass_yds,pass_yards,Matthew Stafford,245.5,-112,-112.0
2026-09-23T19-00-13Z,2026,3,2026_03_LA_DEN,DEN,LA,2026-09-28T00:20:00Z,draftkings,player_pass_yds,pass_yards,Bo Nix,215.5,-111,-114.0
2026-09-23T19-00-13Z,2026,3,2026_03_LA_DEN,DEN,LA,2026-09-28T00:20:00Z,draftkings,player_reception_yds,rec_yards,Jaylen Waddle,58.5,-110,-114.0
2026-09-23T19-00-13Z,2026,3,2026_03_LA_DEN,DEN,LA,2026-09-28T00:20:00Z,draftkings,player_reception_yds,rec_yards,Courtland Sutton,41.5,-109,-115.0
2026-09-23T19-00-13Z,2026,3,2026_03_LA_DEN,DEN,LA,2026-09-28T00:20:00Z,draftkings,player_receptions,rec_catches,Jaylen Waddle,5.5,124,-158.0
2026-09-23T19-00-13Z,2026,3,2026_03_LA_DEN,DEN,LA,2026-09-28T00:20:00Z,draftkings,player_receptions,rec_catches,Courtland Sutton,3.5,-121,-105.0
2026-09-23T19-00-13Z,2026,3,2026_03_LA_DEN,DEN,LA,2026-09-28T00:20:00Z,draftkings,player_rush_yds,rush_yards,Kyren Williams,56.5,-109,-115.0
2026-09-23T19-00-13Z,2026,3,2026_03_LA_DEN,DEN,LA,2026-09-28T00:20:00Z,draftkings,player_rush_yds,rush_yards,Blake Corum,45.5,-116,-109.0
2026-09-23T19-00-13Z,2026,3,2026_03_LA_DEN,DEN,LA,2026-09-28T00:20:00Z,draftkings,player_rush_yds,rush_yards,Bo Nix,18.5,-107,-117.0
2026-09-23T19-00-13Z,2026,3,2026_03_LA_DEN,DEN,LA,2026-09-28T00:20:00Z,draftkings,player_rush_yds,rush_yards,Matthew Stafford,0.5,136,-172.0
2026-09-23T19-00-13Z,2026,3,2026_03_LA_DEN,DEN,LA,2026-09-28T00:20:00Z,fanduel,player_anytime_td,anytime_td,Kyren Williams,,-130,
2026-09-23T19-00-13Z,2026,3,2026_03_LA_DEN,DEN,LA,2026-09-28T00:20:00Z,fanduel,player_anytime_td,anytime_td,Davante Adams,,115,
2026-09-23T19-00-13Z,2026,3,2026_03_LA_DEN,DEN,LA,2026-09-28T00:20:00Z,fanduel,player_anytime_td,anytime_td,J.K. Dobbins,,125,
2026-09-23T19-00-13Z,2026,3,2026_03_LA_DEN,DEN,LA,2026-09-28T00:20:00Z,fanduel,player_anytime_td,anytime_td,Puka Nacua,,125,
2026-09-23T19-00-13Z,2026,3,2026_03_LA_DEN,DEN,LA,2026-09-28T00:20:00Z,fanduel,player_anytime_td,anytime_td,Jaylen Waddle,,185,
2026-09-23T19-00-13Z,2026,3,2026_03_LA_DEN,DEN,LA,2026-09-28T00:20:00Z,fanduel,player_anytime_td,anytime_td,Courtland Sutton,,220,
2026-09-23T19-00-13Z,2026,3,2026_03_LA_DEN,DEN,LA,2026-09-28T00:20:00Z,fanduel,player_anytime_td,anytime_td,Terrance Ferguson,,250,
2026-09-23T19-00-13Z,2026,3,2026_03_LA_DEN,DEN,LA,2026-09-28T00:20:00Z,fanduel,player_anytime_td,anytime_td,Blake Corum,,270,
2026-09-23T19-00-13Z,2026,3,2026_03_LA_DEN,DEN,LA,2026-09-28T00:20:00Z,fanduel,player_anytime_td,anytime_td,Bo Nix,,430,
2026-09-23T19-00-13Z,2026,3,2026_03_LA_DEN,DEN,LA,2026-09-28T00:20:00Z,fanduel,player_anytime_td,anytime_td,Denver Broncos Defense,,750,
2026-09-23T19-00-13Z,2026,3,2026_03_LA_DEN,DEN,LA,2026-09-28T00:20:00Z,fanduel,player_anytime_td,anytime_td,Los Angeles Rams Defense,,850,
2026-09-23T19-00-13Z,2026,3,2026_03_LA_DEN,DEN,LA,2026-09-28T00:20:00Z,fanduel,player_anytime_td,anytime_td,Matthew Stafford,,2000,
2026-09-23T19-00-13Z,2026,3,2026_03_LA_DEN,DEN,LA,2026-09-28T00:20:00Z,fanduel,player_pass_yds,pass_yards,Bo Nix,211.5,-114,-114.0
2026-09-23T19-00-13Z,2026,3,2026_03_LA_DEN,DEN,LA,2026-09-28T00:20:00Z,fanduel,player_pass_yds,pass_yards,Matthew Stafford,243.5,-114,-114.0
2026-09-23T19-00-13Z,2026,3,2026_03_LA_DEN,DEN,LA,2026-09-28T00:20:00Z,fanduel,player_reception_yds,rec_yards,Jaylen Waddle,57.5,-114,-114.0
2026-09-23T19-00-13Z,2026,3,2026_03_LA_DEN,DEN,LA,2026-09-28T00:20:00Z,fanduel,player_receptions,rec_catches,Jaylen Waddle,4.5,-154,116.0
2026-09-23T19-00-13Z,2026,3,2026_03_LA_DEN,DEN,LA,2026-09-28T00:20:00Z,fanduel,player_rush_yds,rush_yards,Matthew Stafford,0.5,116,-152.0
2026-09-23T19-00-13Z,2026,3,2026_03_LA_DEN,DEN,LA,2026-09-28T00:20:00Z,fanduel,player_rush_yds,rush_yards,Blake Corum,46.5,-114,-114.0
2026-09-23T19-00-13Z,2026,3,2026_03_LA_DEN,DEN,LA,2026-09-28T00:20:00Z,fanduel,player_rush_yds,rush_yards,Bo Nix,16.5,-114,-114.0
2026-09-23T19-00-13Z,2026,3,2026_03_LA_DEN,DEN,LA,2026-09-28T00:20:00Z,fanduel,player_rush_yds,rush_yards,Kyren Williams,55.5,-114,-114.0
2026-09-23T19-00-13Z,2026,3,2026_03_LA_DEN,DEN,LA,2026-09-28T00:20:00Z,betrivers,player_pass_yds,pass_yards,Bo Nix,213.5,-115,-115.0
2026-09-23T19-00-13Z,2026,3,2026_03_LA_DEN,DEN,LA,2026-09-28T00:20:00Z,betrivers,player_pass_yds,pass_yards,Matthew Stafford,241.5,-117,-114.0
2026-09-23T19-00-13Z,2026,3,2026_03_LA_DEN,DEN,LA,2026-09-28T00:20:00Z,betrivers,player_reception_yds,rec_yards,Jaylen Waddle,57.5,-117,-114.0
2026-09-23T19-00-13Z,2026,3,2026_03_LA_DEN,DEN,LA,2026-09-28T00:20:00Z,betrivers,player_reception_yds,rec_yards,Courtland Sutton,40.5,-118,-113.0
2026-09-23T19-00-13Z,2026,3,2026_03_LA_DEN,DEN,LA,2026-09-28T00:20:00Z,betrivers,player_receptions,rec_catches,Courtland Sutton,3.5,-120,
2026-09-23T19-00-13Z,2026,3,2026_03_LA_DEN,DEN,LA,2026-09-28T00:20:00Z,betrivers,player_receptions,rec_catches,Jaylen Waddle,5.5,123,
2026-09-23T19-00-13Z,2026,3,2026_03_LA_DEN,DEN,LA,2026-09-28T00:20:00Z,betrivers,player_rush_yds,rush_yards,Kyren Williams,56.5,-114,-117.0
2026-09-23T19-00-13Z,2026,3,2026_03_LA_DEN,DEN,LA,2026-09-28T00:20:00Z,betrivers,player_rush_yds,rush_yards,Blake Corum,46.5,-113,-118.0
2026-09-23T19-00-13Z,2026,3,2026_03_LA_DEN,DEN,LA,2026-09-28T00:20:00Z,betrivers,player_rush_yds,rush_yards,Bo Nix,16.5,-118,-113.0
2026-09-23T19-00-13Z,2026,3,2026_03_LA_DEN,DEN,LA,2026-09-28T00:20:00Z,betonlineag,player_anytime_td,anytime_td,Matthew Stafford,,1900,
2026-09-23T19-00-13Z,2026,3,2026_03_LA_DEN,DEN,LA,2026-09-28T00:20:00Z,betonlineag,player_anytime_td,anytime_td,Courtland Sutton,,210,
2026-09-23T19-00-13Z,2026,3,2026_03_LA_DEN,DEN,LA,2026-09-28T00:20:00Z,betonlineag,player_anytime_td,anytime_td,Tyler Higbee,,800,
2026-09-23T19-00-13Z,2026,3,2026_03_LA_DEN,DEN,LA,2026-09-28T00:20:00Z,betonlineag,player_anytime_td,anytime_td,Tutu Atwell,,1900,
2026-09-23T19-00-13Z,2026,3,2026_03_LA_DEN,DEN,LA,2026-09-28T00:20:00Z,betonlineag,player_anytime_td,anytime_td,Ronnie Rivers,,1400,
2026-09-23T19-00-13Z,2026,3,2026_03_LA_DEN,DEN,LA,2026-09-28T00:20:00Z,betonlineag,player_anytime_td,anytime_td,Marvin Mims Jr.,,600,
2026-09-23T19-00-13Z,2026,3,2026_03_LA_DEN,DEN,LA,2026-09-28T00:20:00Z,betonlineag,player_anytime_td,anytime_td,Xavier Smith,,1400,
2026-09-23T19-00-13Z,2026,3,2026_03_LA_DEN,DEN,LA,2026-09-28T00:20:00Z,betonlineag,player_anytime_td,anytime_td,Nate Adkins,,1900,
2026-09-23T19-00-13Z,2026,3,2026_03_LA_DEN,DEN,LA,2026-09-28T00:20:00Z,betonlineag,player_anytime_td,anytime_td,Adam Trautman,,900,
2026-09-23T19-00-13Z,2026,3,2026_03_LA_DEN,DEN,LA,2026-09-28T00:20:00Z,betonlineag,player_anytime_td,anytime_td,Kyren Williams,,-167,
2026-09-23T19-00-13Z,2026,3,2026_03_LA_DEN,DEN,LA,2026-09-28T00:20:00Z,betonlineag,player_anytime_td,anytime_td,Puka Nacua,,110,
2026-09-23T19-00-13Z,2026,3,2026_03_LA_DEN,DEN,LA,2026-09-28T00:20:00Z,betonlineag,player_anytime_td,anytime_td,Davis Allen,,1400,
2026-09-23T19-00-13Z,2026,3,2026_03_LA_DEN,DEN,LA,2026-09-28T00:20:00Z,betonlineag,player_anytime_td,anytime_td,Bo Nix,,325,
2026-09-23T19-00-13Z,2026,3,2026_03_LA_DEN,DEN,LA,2026-09-28T00:20:00Z,betonlineag,player_anytime_td,anytime_td,Blake Corum,,250,
2026-09-23T19-00-13Z,2026,3,2026_03_LA_DEN,DEN,LA,2026-09-28T00:20:00Z,betonlineag,player_anytime_td,anytime_td,Colby Parkinson,,400,
2026-09-23T19-00-13Z,2026,3,2026_03_LA_DEN,DEN,LA,2026-09-28T00:20:00Z,betonlineag,player_anytime_td,anytime_td,Evan Engram,,450,
2026-09-23T19-00-13Z,2026,3,2026_03_LA_DEN,DEN,LA,2026-09-28T00:20:00Z,betonlineag,player_anytime_td,anytime_td,Davante Adams,,110,
2026-09-23T19-00-13Z,2026,3,2026_03_LA_DEN,DEN,LA,2026-09-28T00:20:00Z,betonlineag,player_anytime_td,anytime_td,RJ Harvey,,200,
2026-09-23T19-00-13Z,2026,3,2026_03_LA_DEN,DEN,LA,2026-09-28T00:20:00Z,betonlineag,player_anytime_td,anytime_td,Troy Franklin,,550,
2026-09-23T19-00-13Z,2026,3,2026_03_LA_DEN,DEN,LA,2026-09-28T00:20:00Z,betonlineag,player_anytime_td,anytime_td,Pat Bryant,,400,
2026-09-23T19-00-13Z,2026,3,2026_03_LA_DEN,DEN,LA,2026-09-28T00:20:00Z,betonlineag,player_anytime_td,anytime_td,Jaylen Waddle,,180,
2026-09-23T19-00-13Z,2026,3,2026_03_LA_DEN,DEN,LA,2026-09-28T00:20:00Z,betonlineag,player_anytime_td,anytime_td,J.K. Dobbins,,100,
2026-09-23T19-00-13Z,2026,3,2026_03_LA_DEN,DEN,LA,2026-09-28T00:20:00Z,betonlineag,player_anytime_td,anytime_td,Terrance Ferguson,,250,
2026-09-23T19-00-13Z,2026,3,2026_03_LA_DEN,DEN,LA,2026-09-28T00:20:00Z,betonlineag,player_anytime_td,anytime_td,Jonah Coleman,,120,
2026-09-23T19-00-13Z,2026,3,2026_03_LA_DEN,DEN,LA,2026-09-28T00:20:00Z,betonlineag,player_anytime_td,anytime_td,Konata Mumpfield,,700,
2026-09-23T19-00-13Z,2026,3,2026_03_LA_DEN,DEN,LA,2026-09-28T00:20:00Z,betonlineag,player_pass_yds,pass_yards,Bo Nix,215.5,-116,-111.0
2026-09-23T19-00-13Z,2026,3,2026_03_LA_DEN,DEN,LA,2026-09-28T00:20:00Z,betonlineag,player_pass_yds,pass_yards,Matthew Stafford,245.5,-116,-111.0
2026-09-23T19-00-13Z,2026,3,2026_03_LA_DEN,DEN,LA,2026-09-28T00:20:00Z,betonlineag,player_reception_yds,rec_yards,Jaylen Waddle,57.5,-114,-114.0
2026-09-23T19-00-13Z,2026,3,2026_03_LA_DEN,DEN,LA,2026-09-28T00:20:00Z,betonlineag,player_reception_yds,rec_yards,Courtland Sutton,40.5,-118,-110.0
2026-09-23T19-00-13Z,2026,3,2026_03_LA_DEN,DEN,LA,2026-09-28T00:20:00Z,betonlineag,player_receptions,rec_catches,Courtland Sutton,3.5,-120,-108.0
2026-09-23T19-00-13Z,2026,3,2026_03_LA_DEN,DEN,LA,2026-09-28T00:20:00Z,betonlineag,player_receptions,rec_catches,Jaylen Waddle,5.5,122,-159.0
2026-09-23T19-00-13Z,2026,3,2026_03_LA_DEN,DEN,LA,2026-09-28T00:20:00Z,betonlineag,player_rush_yds,rush_yards,Bo Nix,16.5,-114,-114.0
2026-09-23T19-00-13Z,2026,3,2026_03_LA_DEN,DEN,LA,2026-09-28T00:20:00Z,betonlineag,player_rush_yds,rush_yards,Kyren Williams,55.5,-114,-114.0
2026-09-23T19-00-13Z,2026,3,2026_03_LA_DEN,DEN,LA,2026-09-28T00:20:00Z,betonlineag,player_rush_yds,rush_yards,Blake Corum,45.5,-118,-110.0
2026-09-23T19-00-13Z,2026,3,2026_03_LA_DEN,DEN,LA,2026-09-28T00:20:00Z,betmgm,player_anytime_td,anytime_td,Puka Nacua,,130,
2026-09-23T19-00-13Z,2026,3,2026_03_LA_DEN,DEN,LA,2026-09-28T00:20:00Z,betmgm,player_anytime_td,anytime_td,Adam Trautman,,850,
2026-09-23T19-00-13Z,2026,3,2026_03_LA_DEN,DEN,LA,2026-09-28T00:20:00Z,betmgm,player_anytime_td,anytime_td,Pat Bryant,,333,
2026-09-23T19-00-13Z,2026,3,2026_03_LA_DEN,DEN,LA,2026-09-28T00:20:00Z,betmgm,player_anytime_td,anytime_td,Evan Engram,,380,
2026-09-23T19-00-13Z,2026,3,2026_03_LA_DEN,DEN,LA,2026-09-28T00:20:00Z,betmgm,player_anytime_td,anytime_td,Denver Broncos D/ST,,575,
2026-09-23T19-00-13Z,2026,3,2026_03_LA_DEN,DEN,LA,2026-09-28T00:20:00Z,betmgm,player_anytime_td,anytime_td,Terrance Ferguson,,275,
2026-09-23T19-00-13Z,2026,3,2026_03_LA_DEN,DEN,LA,2026-09-28T00:20:00Z,betmgm,player_anytime_td,anytime_td,Colby Parkinson,,340,
2026-09-23T19-00-13Z,2026,3,2026_03_LA_DEN,DEN,LA,2026-09-28T00:20:00Z,betmgm,player_anytime_td,anytime_td,Davante Adams,,105,
2026-09-23T19-00-13Z,2026,3,2026_03_LA_DEN,DEN,LA,2026-09-28T00:20:00Z,betmgm,player_anytime_td,anytime_td,Courtland Sutton,,270,
2026-09-23T19-00-13Z,2026,3,2026_03_LA_DEN,DEN,LA,2026-09-28T00:20:00Z,betmgm,player_anytime_td,anytime_td,Los Angeles Rams D/ST,,525,
2026-09-23T19-00-13Z,2026,3,2026_03_LA_DEN,DEN,LA,2026-09-28T00:20:00Z,betmgm,player_anytime_td,anytime_td,Bo Nix,,375,
2026-09-23T19-00-13Z,2026,3,2026_03_LA_DEN,DEN,LA,2026-09-28T00:20:00Z,betmgm,player_anytime_td,anytime_td,Blake Corum,,210,
2026-09-23T19-00-13Z,2026,3,2026_03_LA_DEN,DEN,LA,2026-09-28T00:20:00Z,betmgm,player_anytime_td,anytime_td,Kyren Williams,,-135,
2026-09-23T19-00-13Z,2026,3,2026_03_LA_DEN,DEN,LA,2026-09-28T00:20:00Z,betmgm,player_anytime_td,anytime_td,J.K. Dobbins,,120,
2026-09-23T19-00-13Z,2026,3,2026_03_LA_DEN,DEN,LA,2026-09-28T00:20:00Z,betmgm,player_anytime_td,anytime_td,Matthew Stafford,,1650,
2026-09-23T19-00-13Z,2026,3,2026_03_LA_DEN,DEN,LA,2026-09-28T00:20:00Z,betmgm,player_anytime_td,anytime_td,Jaylen Waddle,,195,
2026-09-23T19-00-13Z,2026,3,2026_03_LA_DEN,DEN,LA,2026-09-28T00:20:00Z,betmgm,player_anytime_td,anytime_td,Davis Allen,,1100,
2026-09-23T19-00-13Z,2026,3,2026_03_LA_DEN,DEN,LA,2026-09-28T00:20:00Z,betmgm,player_anytime_td,anytime_td,Xavier Smith,,825,
2026-09-23T19-00-13Z,2026,3,2026_03_LA_DEN,DEN,LA,2026-09-28T00:20:00Z,bovada,player_anytime_td,anytime_td,J.K. Dobbins,,105,
2026-09-23T19-00-13Z,2026,3,2026_03_LA_DEN,DEN,LA,2026-09-28T00:20:00Z,bovada,player_anytime_td,anytime_td,Courtland Sutton,,220,
2026-09-23T19-00-13Z,2026,3,2026_03_LA_DEN,DEN,LA,2026-09-28T00:20:00Z,bovada,player_anytime_td,anytime_td,Jaylen Waddle,,185,
2026-09-23T19-00-13Z,2026,3,2026_03_LA_DEN,DEN,LA,2026-09-28T00:20:00Z,bovada,player_anytime_td,anytime_td,Bo Nix,,400,
2026-09-23T19-00-13Z,2026,3,2026_03_LA_DEN,DEN,LA,2026-09-28T00:20:00Z,bovada,player_anytime_td,anytime_td,Kyren Williams,,-136,
2026-09-23T19-00-13Z,2026,3,2026_03_LA_DEN,DEN,LA,2026-09-28T00:20:00Z,bovada,player_anytime_td,anytime_td,Blake Corum,,265,
2026-09-23T19-00-13Z,2026,3,2026_03_LA_DEN,DEN,LA,2026-09-28T00:20:00Z,bovada,player_anytime_td,anytime_td,Puka Nacua,,125,
2026-09-23T19-00-13Z,2026,3,2026_03_LA_DEN,DEN,LA,2026-09-28T00:20:00Z,bovada,player_anytime_td,anytime_td,Davante Adams,,110,
2026-09-23T19-00-13Z,2026,3,2026_03_LA_DEN,DEN,LA,2026-09-28T00:20:00Z,bovada,player_anytime_td,anytime_td,Terrance Ferguson,,260,
2026-09-23T19-00-13Z,2026,3,2026_03_LA_DEN,DEN,LA,2026-09-28T00:20:00Z,bovada,player_anytime_td,anytime_td,Matthew Stafford,,2000,
2026-09-23T19-00-13Z,2026,3,2026_03_LA_DEN,DEN,LA,2026-09-28T00:20:00Z,bovada,player_pass_yds,pass_yards,Bo Nix,215.5,-115,-115.0
2026-09-23T19-00-13Z,2026,3,2026_03_LA_DEN,DEN,LA,2026-09-28T00:20:00Z,bovada,player_pass_yds,pass_yards,Matthew Stafford,245.5,-115,-115.0
2026-09-23T19-00-13Z,2026,3,2026_03_LA_DEN,DEN,LA,2026-09-28T00:20:00Z,bovada,player_reception_yds,rec_yards,Jaylen Waddle,58.5,-115,-115.0
2026-09-23T19-00-13Z,2026,3,2026_03_LA_DEN,DEN,LA,2026-09-28T00:20:00Z,bovada,player_receptions,rec_catches,Jaylen Waddle,5.5,120,-160.0
2026-09-23T19-00-13Z,2026,3,2026_03_LA_DEN,DEN,LA,2026-09-28T00:20:00Z,bovada,player_rush_yds,rush_yards,Blake Corum,45.5,-120,-110.0
2026-09-23T19-00-13Z,2026,3,2026_03_LA_DEN,DEN,LA,2026-09-28T00:20:00Z,bovada,player_rush_yds,rush_yards,Bo Nix,18.5,-110,-120.0
2026-09-23T19-00-13Z,2026,3,2026_03_LA_DEN,DEN,LA,2026-09-28T00:20:00Z,bovada,player_rush_yds,rush_yards,Kyren Williams,56.5,-110,-120.0
2026-09-23T19-00-13Z,2026,3,2026_03_LA_DEN,DEN,LA,2026-09-28T00:20:00Z,bovada,player_rush_yds,rush_yards,Matthew Stafford,0.5,135,-180.0
2026-09-23T19-00-13Z,2026,3,2026_03_PHI_CHI,CHI,PHI,2026-09-29T00:15:00Z,draftkings,player_anytime_td,anytime_td,Saquon Barkley,,-115,
2026-09-23T19-00-13Z,2026,3,2026_03_PHI_CHI,CHI,PHI,2026-09-29T00:15:00Z,draftkings,player_anytime_td,anytime_td,D'Andre Swift,,110,
2026-09-23T19-00-13Z,2026,3,2026_03_PHI_CHI,CHI,PHI,2026-09-29T00:15:00Z,draftkings,player_anytime_td,anytime_td,Jalen Hurts,,135,
2026-09-23T19-00-13Z,2026,3,2026_03_PHI_CHI,CHI,PHI,2026-09-29T00:15:00Z,draftkings,player_anytime_td,anytime_td,DeVonta Smith,,155,
2026-09-23T19-00-13Z,2026,3,2026_03_PHI_CHI,CHI,PHI,2026-09-29T00:15:00Z,draftkings,player_anytime_td,anytime_td,Kyle Monangai,,200,
2026-09-23T19-00-13Z,2026,3,2026_03_PHI_CHI,CHI,PHI,2026-09-29T00:15:00Z,draftkings,player_anytime_td,anytime_td,Dontayvion Wicks,,320,
2026-09-23T19-00-13Z,2026,3,2026_03_PHI_CHI,CHI,PHI,2026-09-29T00:15:00Z,draftkings,player_anytime_td,anytime_td,Luther Burden III,,340,
2026-09-23T19-00-13Z,2026,3,2026_03_PHI_CHI,CHI,PHI,2026-09-29T00:15:00Z,draftkings,player_anytime_td,anytime_td,Colston Loveland,,390,
2026-09-23T19-00-13Z,2026,3,2026_03_PHI_CHI,CHI,PHI,2026-09-29T00:15:00Z,draftkings,player_anytime_td,anytime_td,Rome Odunze,,425,
2026-09-23T19-00-13Z,2026,3,2026_03_PHI_CHI,CHI,PHI,2026-09-29T00:15:00Z,draftkings,player_anytime_td,anytime_td,Makai Lemon,,475,
2026-09-23T19-00-13Z,2026,3,2026_03_PHI_CHI,CHI,PHI,2026-09-29T00:15:00Z,draftkings,player_anytime_td,anytime_td,Kalif Raymond,,550,
2026-09-23T19-00-13Z,2026,3,2026_03_PHI_CHI,CHI,PHI,2026-09-29T00:15:00Z,draftkings,player_anytime_td,anytime_td,Philadelphia Eagles D/ST,,600,
2026-09-23T19-00-13Z,2026,3,2026_03_PHI_CHI,CHI,PHI,2026-09-29T00:15:00Z,draftkings,player_anytime_td,anytime_td,Cole Kmet,,700,
2026-09-23T19-00-13Z,2026,3,2026_03_PHI_CHI,CHI,PHI,2026-09-29T00:15:00Z,draftkings,player_anytime_td,anytime_td,Johnny Mundt,,750,
2026-09-23T19-00-13Z,2026,3,2026_03_PHI_CHI,CHI,PHI,2026-09-29T00:15:00Z,draftkings,player_anytime_td,anytime_td,Chicago Bears D/ST,,750,
2026-09-23T19-00-13Z,2026,3,2026_03_PHI_CHI,CHI,PHI,2026-09-29T00:15:00Z,draftkings,player_anytime_td,anytime_td,Darius Cooper,,1400,
2026-09-23T19-00-13Z,2026,3,2026_03_PHI_CHI,CHI,PHI,2026-09-29T00:15:00Z,draftkings,player_anytime_td,anytime_td,Elijah Moore,,1700,
2026-09-23T19-00-13Z,2026,3,2026_03_PHI_CHI,CHI,PHI,2026-09-29T00:15:00Z,draftkings,player_anytime_td,anytime_td,Jahdae Walker,,1800,
2026-09-23T19-00-13Z,2026,3,2026_03_PHI_CHI,CHI,PHI,2026-09-29T00:15:00Z,draftkings,player_anytime_td,anytime_td,E.J. Jenkins,,2200,
2026-09-23T19-00-13Z,2026,3,2026_03_PHI_CHI,CHI,PHI,2026-09-29T00:15:00Z,draftkings,player_anytime_td,anytime_td,Britain Covey,,2200,
2026-09-23T19-00-13Z,2026,3,2026_03_PHI_CHI,CHI,PHI,2026-09-29T00:15:00Z,draftkings,player_anytime_td,anytime_td,Roschon Johnson,,3500,
2026-09-23T19-00-13Z,2026,3,2026_03_PHI_CHI,CHI,PHI,2026-09-29T00:15:00Z,draftkings,player_anytime_td,anytime_td,Zavion Thomas,,3500,
2026-09-23T19-00-13Z,2026,3,2026_03_PHI_CHI,CHI,PHI,2026-09-29T00:15:00Z,draftkings,player_anytime_td,anytime_td,Sam Roush,,3500,
2026-09-23T19-00-13Z,2026,3,2026_03_PHI_CHI,CHI,PHI,2026-09-29T00:15:00Z,draftkings,player_pass_yds,pass_yards,Jalen Hurts,210.5,-112,-112.0
2026-09-23T19-00-13Z,2026,3,2026_03_PHI_CHI,CHI,PHI,2026-09-29T00:15:00Z,draftkings,player_reception_yds,rec_yards,DeVonta Smith,74.5,-112,-112.0
2026-09-23T19-00-13Z,2026,3,2026_03_PHI_CHI,CHI,PHI,2026-09-29T00:15:00Z,draftkings,player_reception_yds,rec_yards,Dontayvion Wicks,38.5,-115,-109.0
2026-09-23T19-00-13Z,2026,3,2026_03_PHI_CHI,CHI,PHI,2026-09-29T00:15:00Z,draftkings,player_reception_yds,rec_yards,Saquon Barkley,13.5,-117,-107.0
2026-09-23T19-00-13Z,2026,3,2026_03_PHI_CHI,CHI,PHI,2026-09-29T00:15:00Z,draftkings,player_receptions,rec_catches,DeVonta Smith,5.5,-138,108.0
2026-09-23T19-00-13Z,2026,3,2026_03_PHI_CHI,CHI,PHI,2026-09-29T00:15:00Z,draftkings,player_receptions,rec_catches,Dontayvion Wicks,2.5,-174,136.0
2026-09-23T19-00-13Z,2026,3,2026_03_PHI_CHI,CHI,PHI,2026-09-29T00:15:00Z,draftkings,player_receptions,rec_catches,Saquon Barkley,2.5,128,-164.0
2026-09-23T19-00-13Z,2026,3,2026_03_PHI_CHI,CHI,PHI,2026-09-29T00:15:00Z,draftkings,player_rush_yds,rush_yards,Saquon Barkley,75.5,-115,-110.0
2026-09-23T19-00-13Z,2026,3,2026_03_PHI_CHI,CHI,PHI,2026-09-29T00:15:00Z,draftkings,player_rush_yds,rush_yards,Jalen Hurts,24.5,-113,-111.0
2026-09-23T19-00-13Z,2026,3,2026_03_PHI_CHI,CHI,PHI,2026-09-29T00:15:00Z,fanduel,player_anytime_td,anytime_td,Saquon Barkley,,-120,
2026-09-23T19-00-13Z,2026,3,2026_03_PHI_CHI,CHI,PHI,2026-09-29T00:15:00Z,fanduel,player_anytime_td,anytime_td,D'Andre Swift,,110,
2026-09-23T19-00-13Z,2026,3,2026_03_PHI_CHI,CHI,PHI,2026-09-29T00:15:00Z,fanduel,player_anytime_td,anytime_td,Jalen Hurts,,145,
2026-09-23T19-00-13Z,2026,3,2026_03_PHI_CHI,CHI,PHI,2026-09-29T00:15:00Z,fanduel,player_anytime_td,anytime_td,DeVonta Smith,,175,
2026-09-23T19-00-13Z,2026,3,2026_03_PHI_CHI,CHI,PHI,2026-09-29T00:15:00Z,fanduel,player_anytime_td,anytime_td,Kyle Monangai,,185,
2026-09-23T19-00-13Z,2026,3,2026_03_PHI_CHI,CHI,PHI,2026-09-29T00:15:00Z,fanduel,player_anytime_td,anytime_td,Dontayvion Wicks,,330,
2026-09-23T19-00-13Z,2026,3,2026_03_PHI_CHI,CHI,PHI,2026-09-29T00:15:00Z,fanduel,player_anytime_td,anytime_td,Luther Burden III,,350,
2026-09-23T19-00-13Z,2026,3,2026_03_PHI_CHI,CHI,PHI,2026-09-29T00:15:00Z,fanduel,player_anytime_td,anytime_td,Colston Loveland,,400,
2026-09-23T19-00-13Z,2026,3,2026_03_PHI_CHI,CHI,PHI,2026-09-29T00:15:00Z,fanduel,player_anytime_td,anytime_td,Rome Odunze,,470,
2026-09-23T19-00-13Z,2026,3,2026_03_PHI_CHI,CHI,PHI,2026-09-29T00:15:00Z,fanduel,player_anytime_td,anytime_td,Makai Lemon,,470,
2026-09-23T19-00-13Z,2026,3,2026_03_PHI_CHI,CHI,PHI,2026-09-29T00:15:00Z,fanduel,player_anytime_td,anytime_td,Kalif Raymond,,500,
2026-09-23T19-00-13Z,2026,3,2026_03_PHI_CHI,CHI,PHI,2026-09-29T00:15:00Z,fanduel,player_anytime_td,anytime_td,Johnny Mundt,,650,
2026-09-23T19-00-13Z,2026,3,2026_03_PHI_CHI,CHI,PHI,2026-09-29T00:15:00Z,fanduel,player_anytime_td,anytime_td,Cole Kmet,,700,
2026-09-23T19-00-13Z,2026,3,2026_03_PHI_CHI,CHI,PHI,2026-09-29T00:15:00Z,fanduel,player_anytime_td,anytime_td,Philadelphia Eagles Defense,,750,
2026-09-23T19-00-13Z,2026,3,2026_03_PHI_CHI,CHI,PHI,2026-09-29T00:15:00Z,fanduel,player_anytime_td,anytime_td,Chicago Bears Defense,,800,
2026-09-23T19-00-13Z,2026,3,2026_03_PHI_CHI,CHI,PHI,2026-09-29T00:15:00Z,fanduel,player_anytime_td,anytime_td,Darius Cooper,,1100,
2026-09-23T19-00-13Z,2026,3,2026_03_PHI_CHI,CHI,PHI,2026-09-29T00:15:00Z,fanduel,player_anytime_td,anytime_td,Elijah Moore,,1500,
2026-09-23T19-00-13Z,2026,3,2026_03_PHI_CHI,CHI,PHI,2026-09-29T00:15:00Z,fanduel,player_anytime_td,anytime_td,E.J. Jenkins,,2000,
2026-09-23T19-00-13Z,2026,3,2026_03_PHI_CHI,CHI,PHI,2026-09-29T00:15:00Z,fanduel,player_anytime_td,anytime_td,Jahdae Walker,,2200,
2026-09-23T19-00-13Z,2026,3,2026_03_PHI_CHI,CHI,PHI,2026-09-29T00:15:00Z,fanduel,player_anytime_td,anytime_td,Britain Covey,,2200,
2026-09-23T19-00-13Z,2026,3,2026_03_PHI_CHI,CHI,PHI,2026-09-29T00:15:00Z,fanduel,player_anytime_td,anytime_td,Sam Roush,,2700,
2026-09-23T19-00-13Z,2026,3,2026_03_PHI_CHI,CHI,PHI,2026-09-29T00:15:00Z,fanduel,player_anytime_td,anytime_td,Roschon Johnson,,3500,
2026-09-23T19-00-13Z,2026,3,2026_03_PHI_CHI,CHI,PHI,2026-09-29T00:15:00Z,fanduel,player_anytime_td,anytime_td,Zavion Thomas,,4500,
2026-09-23T19-00-13Z,2026,3,2026_03_PHI_CHI,CHI,PHI,2026-09-29T00:15:00Z,fanduel,player_pass_yds,pass_yards,Jalen Hurts,218.5,-114,-114.0
2026-09-23T19-00-13Z,2026,3,2026_03_PHI_CHI,CHI,PHI,2026-09-29T00:15:00Z,fanduel,player_reception_yds,rec_yards,DeVonta Smith,72.5,-114,-114.0
2026-09-23T19-00-13Z,2026,3,2026_03_PHI_CHI,CHI,PHI,2026-09-29T00:15:00Z,fanduel,player_reception_yds,rec_yards,Dontayvion Wicks,41.5,-114,-114.0
2026-09-23T19-00-13Z,2026,3,2026_03_PHI_CHI,CHI,PHI,2026-09-29T00:15:00Z,fanduel,player_reception_yds,rec_yards,Saquon Barkley,13.5,-114,-114.0
2026-09-23T19-00-13Z,2026,3,2026_03_PHI_CHI,CHI,PHI,2026-09-29T00:15:00Z,fanduel,player_receptions,rec_catches,DeVonta Smith,5.5,-122,-108.0
2026-09-23T19-00-13Z,2026,3,2026_03_PHI_CHI,CHI,PHI,2026-09-29T00:15:00Z,fanduel,player_receptions,rec_catches,Saquon Barkley,2.5,116,-154.0
2026-09-23T19-00-13Z,2026,3,2026_03_PHI_CHI,CHI,PHI,2026-09-29T00:15:00Z,fanduel,player_receptions,rec_catches,Dontayvion Wicks,3.5,140,-188.0
2026-09-23T19-00-13Z,2026,3,2026_03_PHI_CHI,CHI,PHI,2026-09-29T00:15:00Z,fanduel,player_rush_yds,rush_yards,Jalen Hurts,24.5,-114,-114.0
2026-09-23T19-00-13Z,2026,3,2026_03_PHI_CHI,CHI,PHI,2026-09-29T00:15:00Z,fanduel,player_rush_yds,rush_yards,Saquon Barkley,74.5,-114,-114.0
2026-09-23T19-00-13Z,2026,3,2026_03_PHI_CHI,CHI,PHI,2026-09-29T00:15:00Z,betrivers,player_pass_yds,pass_yards,Jalen Hurts,210.5,-115,-114.0
2026-09-23T19-00-13Z,2026,3,2026_03_PHI_CHI,CHI,PHI,2026-09-29T00:15:00Z,betrivers,player_reception_yds,rec_yards,Saquon Barkley,14.5,-110,-121.0
2026-09-23T19-00-13Z,2026,3,2026_03_PHI_CHI,CHI,PHI,2026-09-29T00:15:00Z,betrivers,player_reception_yds,rec_yards,Dontayvion Wicks,39.5,-117,-114.0
2026-09-23T19-00-13Z,2026,3,2026_03_PHI_CHI,CHI,PHI,2026-09-29T00:15:00Z,betrivers,player_reception_yds,rec_yards,DeVonta Smith,72.5,-114,-117.0
2026-09-23T19-00-13Z,2026,3,2026_03_PHI_CHI,CHI,PHI,2026-09-29T00:15:00Z,betrivers,player_receptions,rec_catches,Saquon Barkley,2.5,125,
2026-09-23T19-00-13Z,2026,3,2026_03_PHI_CHI,CHI,PHI,2026-09-29T00:15:00Z,betrivers,player_receptions,rec_catches,Dontayvion Wicks,2.5,-180,
2026-09-23T19-00-13Z,2026,3,2026_03_PHI_CHI,CHI,PHI,2026-09-29T00:15:00Z,betrivers,player_receptions,rec_catches,DeVonta Smith,5.5,-129,
2026-09-23T19-00-13Z,2026,3,2026_03_PHI_CHI,CHI,PHI,2026-09-29T00:15:00Z,betrivers,player_rush_yds,rush_yards,Saquon Barkley,75.5,-113,-118.0
2026-09-23T19-00-13Z,2026,3,2026_03_PHI_CHI,CHI,PHI,2026-09-29T00:15:00Z,betrivers,player_rush_yds,rush_yards,Jalen Hurts,24.5,-115,-115.0
2026-09-23T19-00-13Z,2026,3,2026_03_PHI_CHI,CHI,PHI,2026-09-29T00:15:00Z,betonlineag,player_anytime_td,anytime_td,Cole Kmet,,700,
2026-09-23T19-00-13Z,2026,3,2026_03_PHI_CHI,CHI,PHI,2026-09-29T00:15:00Z,betonlineag,player_anytime_td,anytime_td,Jalen Hurts,,130,
2026-09-23T19-00-13Z,2026,3,2026_03_PHI_CHI,CHI,PHI,2026-09-29T00:15:00Z,betonlineag,player_anytime_td,anytime_td,Dallas Goedert,,200,
2026-09-23T19-00-13Z,2026,3,2026_03_PHI_CHI,CHI,PHI,2026-09-29T00:15:00Z,betonlineag,player_anytime_td,anytime_td,Roschon Johnson,,1900,
2026-09-23T19-00-13Z,2026,3,2026_03_PHI_CHI,CHI,PHI,2026-09-29T00:15:00Z,betonlineag,player_anytime_td,anytime_td,Britain Covey,,1900,
2026-09-23T19-00-13Z,2026,3,2026_03_PHI_CHI,CHI,PHI,2026-09-29T00:15:00Z,betonlineag,player_anytime_td,anytime_td,DeVonta Smith,,130,
2026-09-23T19-00-13Z,2026,3,2026_03_PHI_CHI,CHI,PHI,2026-09-29T00:15:00Z,betonlineag,player_anytime_td,anytime_td,Saquon Barkley,,-125,
2026-09-23T19-00-13Z,2026,3,2026_03_PHI_CHI,CHI,PHI,2026-09-29T00:15:00Z,betonlineag,player_anytime_td,anytime_td,Tyson Bagent,,500,
2026-09-23T19-00-13Z,2026,3,2026_03_PHI_CHI,CHI,PHI,2026-09-29T00:15:00Z,betonlineag,player_anytime_td,anytime_td,D'Andre Swift,,110,
2026-09-23T19-00-13Z,2026,3,2026_03_PHI_CHI,CHI,PHI,2026-09-29T00:15:00Z,betonlineag,player_anytime_td,anytime_td,E.J. Jenkins,,900,
2026-09-23T19-00-13Z,2026,3,2026_03_PHI_CHI,CHI,PHI,2026-09-29T00:15:00Z,betonlineag,player_anytime_td,anytime_td,Rome Odunze,,400,
2026-09-23T19-00-13Z,2026,3,2026_03_PHI_CHI,CHI,PHI,2026-09-29T00:15:00Z,betonlineag,player_anytime_td,anytime_td,Luther Burden III,,325,
2026-09-23T19-00-13Z,2026,3,2026_03_PHI_CHI,CHI,PHI,2026-09-29T00:15:00Z,betonlineag,player_anytime_td,anytime_td,Kyle Monangai,,180,
2026-09-23T19-00-13Z,2026,3,2026_03_PHI_CHI,CHI,PHI,2026-09-29T00:15:00Z,betonlineag,player_anytime_td,anytime_td,Will Shipley,,800,
2026-09-23T19-00-13Z,2026,3,2026_03_PHI_CHI,CHI,PHI,2026-09-29T00:15:00Z,betonlineag,player_anytime_td,anytime_td,Jahdae Walker,,1700,
2026-09-23T19-00-13Z,2026,3,2026_03_PHI_CHI,CHI,PHI,2026-09-29T00:15:00Z,betonlineag,player_anytime_td,anytime_td,Darius Cooper,,1100,
2026-09-23T19-00-13Z,2026,3,2026_03_PHI_CHI,CHI,PHI,2026-09-29T00:15:00Z,betonlineag,player_anytime_td,anytime_td,Tank Bigsby,,290,
2026-09-23T19-00-13Z,2026,3,2026_03_PHI_CHI,CHI,PHI,2026-09-29T00:15:00Z,betonlineag,player_anytime_td,anytime_td,Colston Loveland,,350,
2026-09-23T19-00-13Z,2026,3,2026_03_PHI_CHI,CHI,PHI,2026-09-29T00:15:00Z,betonlineag,player_anytime_td,anytime_td,Kalif Raymond,,400,
2026-09-23T19-00-13Z,2026,3,2026_03_PHI_CHI,CHI,PHI,2026-09-29T00:15:00Z,betonlineag,player_anytime_td,anytime_td,Makai Lemon,,450,
2026-09-23T19-00-13Z,2026,3,2026_03_PHI_CHI,CHI,PHI,2026-09-29T00:15:00Z,betonlineag,player_anytime_td,anytime_td,Hollywood Brown,,800,
2026-09-23T19-00-13Z,2026,3,2026_03_PHI_CHI,CHI,PHI,2026-09-29T00:15:00Z,betonlineag,player_anytime_td,anytime_td,Dontayvion Wicks,,250,
2026-09-23T19-00-13Z,2026,3,2026_03_PHI_CHI,CHI,PHI,2026-09-29T00:15:00Z,betonlineag,player_anytime_td,anytime_td,Sam Roush,,1700,
2026-09-23T19-00-13Z,2026,3,2026_03_PHI_CHI,CHI,PHI,2026-09-29T00:15:00Z,betonlineag,player_anytime_td,anytime_td,Zavion Thomas,,3400,
2026-09-23T19-00-13Z,2026,3,2026_03_PHI_CHI,CHI,PHI,2026-09-29T00:15:00Z,betonlineag,player_anytime_td,anytime_td,Johnny Mundt,,290,
2026-09-23T19-00-13Z,2026,3,2026_03_PHI_CHI,CHI,PHI,2026-09-29T00:15:00Z,betonlineag,player_anytime_td,anytime_td,Elijah Moore,,1400,
2026-09-23T19-00-13Z,2026,3,2026_03_PHI_CHI,CHI,PHI,2026-09-29T00:15:00Z,betonlineag,player_pass_yds,pass_yards,Jalen Hurts,218.5,-116,-111.0
2026-09-23T19-00-13Z,2026,3,2026_03_PHI_CHI,CHI,PHI,2026-09-29T00:15:00Z,betonlineag,player_reception_yds,rec_yards,Dontayvion Wicks,38.5,-119,-109.0
2026-09-23T19-00-13Z,2026,3,2026_03_PHI_CHI,CHI,PHI,2026-09-29T00:15:00Z,betonlineag,player_reception_yds,rec_yards,DeVonta Smith,74.5,-114,-114.0
2026-09-23T19-00-13Z,2026,3,2026_03_PHI_CHI,CHI,PHI,2026-09-29T00:15:00Z,betonlineag,player_reception_yds,rec_yards,Saquon Barkley,13.5,-116,-111.0
2026-09-23T19-00-13Z,2026,3,2026_03_PHI_CHI,CHI,PHI,2026-09-29T00:15:00Z,betonlineag,player_receptions,rec_catches,Dontayvion Wicks,2.5,-169,129.0
2026-09-23T19-00-13Z,2026,3,2026_03_PHI_CHI,CHI,PHI,2026-09-29T00:15:00Z,betonlineag,player_receptions,rec_catches,Saquon Barkley,2.5,124,-161.0
2026-09-23T19-00-13Z,2026,3,2026_03_PHI_CHI,CHI,PHI,2026-09-29T00:15:00Z,betonlineag,player_receptions,rec_catches,DeVonta Smith,5.5,-130,100.0
2026-09-23T19-00-13Z,2026,3,2026_03_PHI_CHI,CHI,PHI,2026-09-29T00:15:00Z,betonlineag,player_rush_yds,rush_yards,Jalen Hurts,24.5,-115,-112.0
2026-09-23T19-00-13Z,2026,3,2026_03_PHI_CHI,CHI,PHI,2026-09-29T00:15:00Z,betonlineag,player_rush_yds,rush_yards,Saquon Barkley,74.5,-114,-114.0
2026-09-23T19-00-13Z,2026,3,2026_03_PHI_CHI,CHI,PHI,2026-09-29T00:15:00Z,betmgm,player_anytime_td,anytime_td,DeVonta Smith,,160,
2026-09-23T19-00-13Z,2026,3,2026_03_PHI_CHI,CHI,PHI,2026-09-29T00:15:00Z,betmgm,player_anytime_td,anytime_td,Roschon Johnson,,2200,
2026-09-23T19-00-13Z,2026,3,2026_03_PHI_CHI,CHI,PHI,2026-09-29T00:15:00Z,betmgm,player_anytime_td,anytime_td,Britain Covey,,4500,
2026-09-23T19-00-13Z,2026,3,2026_03_PHI_CHI,CHI,PHI,2026-09-29T00:15:00Z,betmgm,player_anytime_td,anytime_td,Saquon Barkley,,-135,
2026-09-23T19-00-13Z,2026,3,2026_03_PHI_CHI,CHI,PHI,2026-09-29T00:15:00Z,betmgm,player_anytime_td,anytime_td,Tank Bigsby,,300,
2026-09-23T19-00-13Z,2026,3,2026_03_PHI_CHI,CHI,PHI,2026-09-29T00:15:00Z,betmgm,player_anytime_td,anytime_td,Jalen Hurts,,140,
2026-09-23T19-00-13Z,2026,3,2026_03_PHI_CHI,CHI,PHI,2026-09-29T00:15:00Z,betmgm,player_anytime_td,anytime_td,Luther Burden III,,360,
2026-09-23T19-00-13Z,2026,3,2026_03_PHI_CHI,CHI,PHI,2026-09-29T00:15:00Z,betmgm,player_anytime_td,anytime_td,Zavion Thomas,,6000,
2026-09-23T19-00-13Z,2026,3,2026_03_PHI_CHI,CHI,PHI,2026-09-29T00:15:00Z,betmgm,player_anytime_td,anytime_td,Hollywood Brown,,950,
2026-09-23T19-00-13Z,2026,3,2026_03_PHI_CHI,CHI,PHI,2026-09-29T00:15:00Z,betmgm,player_anytime_td,anytime_td,E.J. Jenkins,,2800,
2026-09-23T19-00-13Z,2026,3,2026_03_PHI_CHI,CHI,PHI,2026-09-29T00:15:00Z,betmgm,player_anytime_td,anytime_td,Cole Kmet,,825,
2026-09-23T19-00-13Z,2026,3,2026_03_PHI_CHI,CHI,PHI,2026-09-29T00:15:00Z,betmgm,player_anytime_td,anytime_td,Makai Lemon,,375,
2026-09-23T19-00-13Z,2026,3,2026_03_PHI_CHI,CHI,PHI,2026-09-29T00:15:00Z,betmgm,player_anytime_td,anytime_td,D'Andre Swift,,100,
2026-09-23T19-00-13Z,2026,3,2026_03_PHI_CHI,CHI,PHI,2026-09-29T00:15:00Z,betmgm,player_anytime_td,anytime_td,Tyson Bagent,,475,
2026-09-23T19-00-13Z,2026,3,2026_03_PHI_CHI,CHI,PHI,2026-09-29T00:15:00Z,betmgm,player_anytime_td,anytime_td,Kyle Monangai,,195,
2026-09-23T19-00-13Z,2026,3,2026_03_PHI_CHI,CHI,PHI,2026-09-29T00:15:00Z,betmgm,player_anytime_td,anytime_td,Johnny Mundt,,625,
2026-09-23T19-00-13Z,2026,3,2026_03_PHI_CHI,CHI,PHI,2026-09-29T00:15:00Z,betmgm,player_anytime_td,anytime_td,Dontayvion Wicks,,300,
2026-09-23T19-00-13Z,2026,3,2026_03_PHI_CHI,CHI,PHI,2026-09-29T00:15:00Z,betmgm,player_anytime_td,anytime_td,Colston Loveland,,340,
2026-09-23T19-00-13Z,2026,3,2026_03_PHI_CHI,CHI,PHI,2026-09-29T00:15:00Z,betmgm,player_anytime_td,anytime_td,Rome Odunze,,425,
2026-09-23T19-00-13Z,2026,3,2026_03_PHI_CHI,CHI,PHI,2026-09-29T00:15:00Z,betmgm,player_anytime_td,anytime_td,Sam Roush,,2200,
2026-09-23T19-00-13Z,2026,3,2026_03_PHI_CHI,CHI,PHI,2026-09-29T00:15:00Z,betmgm,player_anytime_td,anytime_td,Jahdae Walker,,2800,
2026-09-23T19-00-13Z,2026,3,2026_03_PHI_CHI,CHI,PHI,2026-09-29T00:15:00Z,betmgm,player_anytime_td,anytime_td,Kalif Raymond,,525,
2026-09-23T19-00-13Z,2026,3,2026_03_PHI_CHI,CHI,PHI,2026-09-29T00:15:00Z,betmgm,player_anytime_td,anytime_td,Will Shipley,,475,
2026-09-23T19-00-13Z,2026,3,2026_03_PHI_CHI,CHI,PHI,2026-09-29T00:15:00Z,betmgm,player_anytime_td,anytime_td,Darius Cooper,,1550,
2026-09-23T19-00-13Z,2026,3,2026_03_PHI_CHI,CHI,PHI,2026-09-29T00:15:00Z,bovada,player_anytime_td,anytime_td,Britain Covey,,2200,
2026-09-23T19-00-13Z,2026,3,2026_03_PHI_CHI,CHI,PHI,2026-09-29T00:15:00Z,bovada,player_anytime_td,anytime_td,E.J. Jenkins,,2200,
2026-09-23T19-00-13Z,2026,3,2026_03_PHI_CHI,CHI,PHI,2026-09-29T00:15:00Z,bovada,player_anytime_td,anytime_td,Zavion Thomas,,3300,
2026-09-23T19-00-13Z,2026,3,2026_03_PHI_CHI,CHI,PHI,2026-09-29T00:15:00Z,bovada,player_anytime_td,anytime_td,Sam Roush,,3300,
2026-09-23T19-00-13Z,2026,3,2026_03_PHI_CHI,CHI,PHI,2026-09-29T00:15:00Z,bovada,player_anytime_td,anytime_td,Philadelphia Eagles D/ST,,600,
2026-09-23T19-00-13Z,2026,3,2026_03_PHI_CHI,CHI,PHI,2026-09-29T00:15:00Z,bovada,player_anytime_td,anytime_td,Chicago Bears D/ST,,725,
2026-09-23T19-00-13Z,2026,3,2026_03_PHI_CHI,CHI,PHI,2026-09-29T00:15:00Z,bovada,player_anytime_td,anytime_td,Elijah Moore,,1700,
2026-09-23T19-00-13Z,2026,3,2026_03_PHI_CHI,CHI,PHI,2026-09-29T00:15:00Z,bovada,player_anytime_td,anytime_td,DeVonta Smith,,155,
2026-09-23T19-00-13Z,2026,3,2026_03_PHI_CHI,CHI,PHI,2026-09-29T00:15:00Z,bovada,player_anytime_td,anytime_td,Dontayvion Wicks,,320,
2026-09-23T19-00-13Z,2026,3,2026_03_PHI_CHI,CHI,PHI,2026-09-29T00:15:00Z,bovada,player_anytime_td,anytime_td,Saquon Barkley,,-117,
2026-09-23T19-00-13Z,2026,3,2026_03_PHI_CHI,CHI,PHI,2026-09-29T00:15:00Z,bovada,player_anytime_td,anytime_td,Darius Cooper,,1400,
2026-09-23T19-00-13Z,2026,3,2026_03_PHI_CHI,CHI,PHI,2026-09-29T00:15:00Z,bovada,player_anytime_td,anytime_td,Makai Lemon,,460,
2026-09-23T19-00-13Z,2026,3,2026_03_PHI_CHI,CHI,PHI,2026-09-29T00:15:00Z,bovada,player_anytime_td,anytime_td,Johnny Mundt,,725,
2026-09-23T19-00-13Z,2026,3,2026_03_PHI_CHI,CHI,PHI,2026-09-29T00:15:00Z,bovada,player_anytime_td,anytime_td,Jalen Hurts,,135,
2026-09-23T19-00-13Z,2026,3,2026_03_PHI_CHI,CHI,PHI,2026-09-29T00:15:00Z,bovada,player_anytime_td,anytime_td,Rome Odunze,,420,
2026-09-23T19-00-13Z,2026,3,2026_03_PHI_CHI,CHI,PHI,2026-09-29T00:15:00Z,bovada,player_anytime_td,anytime_td,Cole Kmet,,700,
2026-09-23T19-00-13Z,2026,3,2026_03_PHI_CHI,CHI,PHI,2026-09-29T00:15:00Z,bovada,player_anytime_td,anytime_td,Kyle Monangai,,200,
2026-09-23T19-00-13Z,2026,3,2026_03_PHI_CHI,CHI,PHI,2026-09-29T00:15:00Z,bovada,player_anytime_td,anytime_td,Luther Burden III,,340,
2026-09-23T19-00-13Z,2026,3,2026_03_PHI_CHI,CHI,PHI,2026-09-29T00:15:00Z,bovada,player_anytime_td,anytime_td,Colston Loveland,,390,
2026-09-23T19-00-13Z,2026,3,2026_03_PHI_CHI,CHI,PHI,2026-09-29T00:15:00Z,bovada,player_anytime_td,anytime_td,Roschon Johnson,,3300,
2026-09-23T19-00-13Z,2026,3,2026_03_PHI_CHI,CHI,PHI,2026-09-29T00:15:00Z,bovada,player_anytime_td,anytime_td,Jahdae Walker,,1800,
2026-09-23T19-00-13Z,2026,3,2026_03_PHI_CHI,CHI,PHI,2026-09-29T00:15:00Z,bovada,player_anytime_td,anytime_td,D'Andre Swift,,110,
2026-09-23T19-00-13Z,2026,3,2026_03_PHI_CHI,CHI,PHI,2026-09-29T00:15:00Z,bovada,player_anytime_td,anytime_td,Kalif Raymond,,525,
2026-09-23T19-00-13Z,2026,3,2026_03_PHI_CHI,CHI,PHI,2026-09-29T00:15:00Z,bovada,player_pass_yds,pass_yards,Jalen Hurts,210.5,-115,-115.0
2026-09-23T19-00-13Z,2026,3,2026_03_PHI_CHI,CHI,PHI,2026-09-29T00:15:00Z,bovada,player_reception_yds,rec_yards,DeVonta Smith,74.5,-115,-115.0
2026-09-23T19-00-13Z,2026,3,2026_03_PHI_CHI,CHI,PHI,2026-09-29T00:15:00Z,bovada,player_reception_yds,rec_yards,Dontayvion Wicks,38.5,-120,-110.0
2026-09-23T19-00-13Z,2026,3,2026_03_PHI_CHI,CHI,PHI,2026-09-29T00:15:00Z,bovada,player_reception_yds,rec_yards,Saquon Barkley,13.5,-120,-110.0
2026-09-23T19-00-13Z,2026,3,2026_03_PHI_CHI,CHI,PHI,2026-09-29T00:15:00Z,bovada,player_receptions,rec_catches,DeVonta Smith,5.5,-145,110.0
2026-09-23T19-00-13Z,2026,3,2026_03_PHI_CHI,CHI,PHI,2026-09-29T00:15:00Z,bovada,player_receptions,rec_catches,Dontayvion Wicks,2.5,-180,135.0
2026-09-23T19-00-13Z,2026,3,2026_03_PHI_CHI,CHI,PHI,2026-09-29T00:15:00Z,bovada,player_receptions,rec_catches,Saquon Barkley,2.5,130,-170.0
2026-09-23T19-00-13Z,2026,3,2026_03_PHI_CHI,CHI,PHI,2026-09-29T00:15:00Z,bovada,player_rush_yds,rush_yards,Jalen Hurts,24.5,-115,-115.0
2026-09-23T19-00-13Z,2026,3,2026_03_PHI_CHI,CHI,PHI,2026-09-29T00:15:00Z,bovada,player_rush_yds,rush_yards,Saquon Barkley,75.5,-120,-110.0
2026-09-23T19-31-23Z,2026,3,2026_03_ATL_GB,GB,ATL,2026-09-25T00:15:00Z,draftkings,player_anytime_td,anytime_td,Bijan Robinson,,-160,
2026-09-23T19-31-23Z,2026,3,2026_03_ATL_GB,GB,ATL,2026-09-25T00:15:00Z,draftkings,player_anytime_td,anytime_td,Christian Watson,,155,
2026-09-23T19-31-23Z,2026,3,2026_03_ATL_GB,GB,ATL,2026-09-25T00:15:00Z,draftkings,player_anytime_td,anytime_td,Drake London,,175,
2026-09-23T19-31-23Z,2026,3,2026_03_ATL_GB,GB,ATL,2026-09-25T00:15:00Z,draftkings,player_anytime_td,anytime_td,Tucker Kraft,,185,
2026-09-23T19-31-23Z,2026,3,2026_03_ATL_GB,GB,ATL,2026-09-25T00:15:00Z,draftkings,player_anytime_td,anytime_td,Kaleb Johnson,,195,
2026-09-23T19-31-23Z,2026,3,2026_03_ATL_GB,GB,ATL,2026-09-25T00:15:00Z,draftkings,player_anytime_td,anytime_td,MarShawn Lloyd,,210,
2026-09-23T19-31-23Z,2026,3,2026_03_ATL_GB,GB,ATL,2026-09-25T00:15:00Z,draftkings,player_anytime_td,anytime_td,Matthew Golden,,210,
2026-09-23T19-31-23Z,2026,3,2026_03_ATL_GB,GB,ATL,2026-09-25T00:15:00Z,draftkings,player_anytime_td,anytime_td,Chris Brooks,,235,
2026-09-23T19-31-23Z,2026,3,2026_03_ATL_GB,GB,ATL,2026-09-25T00:15:00Z,draftkings,player_anytime_td,anytime_td,Kyle Pitts,,380,
2026-09-23T19-31-23Z,2026,3,2026_03_ATL_GB,GB,ATL,2026-09-25T00:15:00Z,draftkings,player_anytime_td,anytime_td,Brian Robinson Jr.,,450,
2026-09-23T19-31-23Z,2026,3,2026_03_ATL_GB,GB,ATL,2026-09-25T00:15:00Z,draftkings,player_anytime_td,anytime_td,Skyy Moore,,475,
2026-09-23T19-31-23Z,2026,3,2026_03_ATL_GB,GB,ATL,2026-09-25T00:15:00Z,draftkings,player_anytime_td,anytime_td,Green Bay Packers D/ST,,500,
2026-09-23T19-31-23Z,2026,3,2026_03_ATL_GB,GB,ATL,2026-09-25T00:15:00Z,draftkings,player_anytime_td,anytime_td,Jordan Love,,550,
2026-09-23T19-31-23Z,2026,3,2026_03_ATL_GB,GB,ATL,2026-09-25T00:15:00Z,draftkings,player_anytime_td,anytime_td,Atlanta Falcons D/ST,,550,
2026-09-23T19-31-23Z,2026,3,2026_03_ATL_GB,GB,ATL,2026-09-25T00:15:00Z,draftkings,player_anytime_td,anytime_td,Jonnu Smith,,600,
2026-09-23T19-31-23Z,2026,3,2026_03_ATL_GB,GB,ATL,2026-09-25T00:15:00Z,draftkings,player_anytime_td,anytime_td,Jahan Dotson,,750,
2026-09-23T19-31-23Z,2026,3,2026_03_ATL_GB,GB,ATL,2026-09-25T00:15:00Z,draftkings,player_anytime_td,anytime_td,Olamide Zaccheaus,,750,
2026-09-23T19-31-23Z,2026,3,2026_03_ATL_GB,GB,ATL,2026-09-25T00:15:00Z,draftkings,player_anytime_td,anytime_td,Bo Melton,,850,
2026-09-23T19-31-23Z,2026,3,2026_03_ATL_GB,GB,ATL,2026-09-25T00:15:00Z,draftkings,player_anytime_td,anytime_td,Zachariah Branch,,1000,
2026-09-23T19-31-23Z,2026,3,2026_03_ATL_GB,GB,ATL,2026-09-25T00:15:00Z,draftkings,player_anytime_td,anytime_td,Michael Penix Jr.,,1000,
2026-09-23T19-31-23Z,2026,3,2026_03_ATL_GB,GB,ATL,2026-09-25T00:15:00Z,draftkings,player_anytime_td,anytime_td,Austin Hooper,,1400,
2026-09-23T19-31-23Z,2026,3,2026_03_ATL_GB,GB,ATL,2026-09-25T00:15:00Z,draftkings,player_anytime_td,anytime_td,Mark Redman,,1800,
2026-09-23T19-31-23Z,2026,3,2026_03_ATL_GB,GB,ATL,2026-09-25T00:15:00Z,draftkings,player_anytime_td,anytime_td,Josh Whyle,,1900,
2026-09-23T19-31-23Z,2026,3,2026_03_ATL_GB,GB,ATL,2026-09-25T00:15:00Z,draftkings,player_anytime_td,anytime_td,Charlie Woerner,,2500,
2026-09-23T19-31-23Z,2026,3,2026_03_ATL_GB,GB,ATL,2026-09-25T00:15:00Z,draftkings,player_anytime_td,anytime_td,Chris Blair,,3500,
2026-09-23T19-31-23Z,2026,3,2026_03_ATL_GB,GB,ATL,2026-09-25T00:15:00Z,draftkings,player_anytime_td,anytime_td,Nick Muse,,4000,
2026-09-23T19-31-23Z,2026,3,2026_03_ATL_GB,GB,ATL,2026-09-25T00:15:00Z,draftkings,player_pass_yds,pass_yards,Jordan Love,228.5,-111,-113.0
2026-09-23T19-31-23Z,2026,3,2026_03_ATL_GB,GB,ATL,2026-09-25T00:15:00Z,draftkings,player_reception_yds,rec_yards,Christian Watson,83.5,-111,-113.0
2026-09-23T19-31-23Z,2026,3,2026_03_ATL_GB,GB,ATL,2026-09-25T00:15:00Z,draftkings,player_reception_yds,rec_yards,Tucker Kraft,53.5,-111,-114.0
2026-09-23T19-31-23Z,2026,3,2026_03_ATL_GB,GB,ATL,2026-09-25T00:15:00Z,draftkings,player_reception_yds,rec_yards,MarShawn Lloyd,6.5,-121,-104.0
2026-09-23T19-31-23Z,2026,3,2026_03_ATL_GB,GB,ATL,2026-09-25T00:15:00Z,draftkings,player_receptions,rec_catches,Christian Watson,5.5,-139,109.0
2026-09-23T19-31-23Z,2026,3,2026_03_ATL_GB,GB,ATL,2026-09-25T00:15:00Z,draftkings,player_receptions,rec_catches,Tucker Kraft,4.5,-135,105.0
2026-09-23T19-31-23Z,2026,3,2026_03_ATL_GB,GB,ATL,2026-09-25T00:15:00Z,draftkings,player_receptions,rec_catches,MarShawn Lloyd,1.5,108,-138.0
2026-09-23T19-31-23Z,2026,3,2026_03_ATL_GB,GB,ATL,2026-09-25T00:15:00Z,draftkings,player_rush_yds,rush_yards,MarShawn Lloyd,31.5,-115,-109.0
2026-09-23T19-31-23Z,2026,3,2026_03_ATL_GB,GB,ATL,2026-09-25T00:15:00Z,draftkings,player_rush_yds,rush_yards,Jordan Love,8.5,-111,-113.0
2026-09-23T19-31-23Z,2026,3,2026_03_ATL_GB,GB,ATL,2026-09-25T00:15:00Z,fanduel,player_anytime_td,anytime_td,Bijan Robinson,,-155,
2026-09-23T19-31-23Z,2026,3,2026_03_ATL_GB,GB,ATL,2026-09-25T00:15:00Z,fanduel,player_anytime_td,anytime_td,Christian Watson,,155,
2026-09-23T19-31-23Z,2026,3,2026_03_ATL_GB,GB,ATL,2026-09-25T00:15:00Z,fanduel,player_anytime_td,anytime_td,Kaleb Johnson,,190,
2026-09-23T19-31-23Z,2026,3,2026_03_ATL_GB,GB,ATL,2026-09-25T00:15:00Z,fanduel,player_anytime_td,anytime_td,Drake London,,195,
2026-09-23T19-31-23Z,2026,3,2026_03_ATL_GB,GB,ATL,2026-09-25T00:15:00Z,fanduel,player_anytime_td,anytime_td,Tucker Kraft,,200,
2026-09-23T19-31-23Z,2026,3,2026_03_ATL_GB,GB,ATL,2026-09-25T00:15:00Z,fanduel,player_anytime_td,anytime_td,Matthew Golden,,200,
2026-09-23T19-31-23Z,2026,3,2026_03_ATL_GB,GB,ATL,2026-09-25T00:15:00Z,fanduel,player_anytime_td,anytime_td,MarShawn Lloyd,,200,
2026-09-23T19-31-23Z,2026,3,2026_03_ATL_GB,GB,ATL,2026-09-25T00:15:00Z,fanduel,player_anytime_td,anytime_td,Chris Brooks,,270,
2026-09-23T19-31-23Z,2026,3,2026_03_ATL_GB,GB,ATL,2026-09-25T00:15:00Z,fanduel,player_anytime_td,anytime_td,Kyle Pitts,,380,
2026-09-23T19-31-23Z,2026,3,2026_03_ATL_GB,GB,ATL,2026-09-25T00:15:00Z,fanduel,player_anytime_td,anytime_td,Brian Robinson Jr.,,450,
2026-09-23T19-31-23Z,2026,3,2026_03_ATL_GB,GB,ATL,2026-09-25T00:15:00Z,fanduel,player_anytime_td,anytime_td,Skyy Moore,,470,
2026-09-23T19-31-23Z,2026,3,2026_03_ATL_GB,GB,ATL,2026-09-25T00:15:00Z,fanduel,player_anytime_td,anytime_td,Jordan Love,,600,
2026-09-23T19-31-23Z,2026,3,2026_03_ATL_GB,GB,ATL,2026-09-25T00:15:00Z,fanduel,player_anytime_td,anytime_td,Jahan Dotson,,650,
2026-09-23T19-31-23Z,2026,3,2026_03_ATL_GB,GB,ATL,2026-09-25T00:15:00Z,fanduel,player_anytime_td,anytime_td,Atlanta Falcons Defense,,700,
2026-09-23T19-31-23Z,2026,3,2026_03_ATL_GB,GB,ATL,2026-09-25T00:15:00Z,fanduel,player_anytime_td,anytime_td,Jonnu Smith,,700,
2026-09-23T19-31-23Z,2026,3,2026_03_ATL_GB,GB,ATL,2026-09-25T00:15:00Z,fanduel,player_anytime_td,anytime_td,Olamide Zaccheaus,,800,
2026-09-23T19-31-23Z,2026,3,2026_03_ATL_GB,GB,ATL,2026-09-25T00:15:00Z,fanduel,player_anytime_td,anytime_td,Green Bay Packers Defense,,800,
2026-09-23T19-31-23Z,2026,3,2026_03_ATL_GB,GB,ATL,2026-09-25T00:15:00Z,fanduel,player_anytime_td,anytime_td,Bo Melton,,900,
2026-09-23T19-31-23Z,2026,3,2026_03_ATL_GB,GB,ATL,2026-09-25T00:15:00Z,fanduel,player_anytime_td,anytime_td,Michael Penix Jr.,,1000,
2026-09-23T19-31-23Z,2026,3,2026_03_ATL_GB,GB,ATL,2026-09-25T00:15:00Z,fanduel,player_anytime_td,anytime_td,Austin Hooper,,1100,
2026-09-23T19-31-23Z,2026,3,2026_03_ATL_GB,GB,ATL,2026-09-25T00:15:00Z,fanduel,player_anytime_td,anytime_td,Zachariah Branch,,1300,
2026-09-23T19-31-23Z,2026,3,2026_03_ATL_GB,GB,ATL,2026-09-25T00:15:00Z,fanduel,player_anytime_td,anytime_td,Josh Whyle,,1800,
2026-09-23T19-31-23Z,2026,3,2026_03_ATL_GB,GB,ATL,2026-09-25T00:15:00Z,fanduel,player_anytime_td,anytime_td,Mark Redman,,2000,
2026-09-23T19-31-23Z,2026,3,2026_03_ATL_GB,GB,ATL,2026-09-25T00:15:00Z,fanduel,player_anytime_td,anytime_td,J. Michael Sturdivant,,2000,
2026-09-23T19-31-23Z,2026,3,2026_03_ATL_GB,GB,ATL,2026-09-25T00:15:00Z,fanduel,player_anytime_td,anytime_td,Charlie Woerner,,2500,
2026-09-23T19-31-23Z,2026,3,2026_03_ATL_GB,GB,ATL,2026-09-25T00:15:00Z,fanduel,player_anytime_td,anytime_td,Chris Blair,,2500,
2026-09-23T19-31-23Z,2026,3,2026_03_ATL_GB,GB,ATL,2026-09-25T00:15:00Z,fanduel,player_anytime_td,anytime_td,Nick Muse,,4500,
2026-09-23T19-31-23Z,2026,3,2026_03_ATL_GB,GB,ATL,2026-09-25T00:15:00Z,fanduel,player_pass_yds,pass_yards,Michael Penix Jr.,205.5,-114,-114.0
2026-09-23T19-31-23Z,2026,3,2026_03_ATL_GB,GB,ATL,2026-09-25T00:15:00Z,fanduel,player_pass_yds,pass_yards,Jordan Love,226.5,-114,-114.0
2026-09-23T19-31-23Z,2026,3,2026_03_ATL_GB,GB,ATL,2026-09-25T00:15:00Z,fanduel,player_reception_yds,rec_yards,Skyy Moore,10.5,-120,-108.0
2026-09-23T19-31-23Z,2026,3,2026_03_ATL_GB,GB,ATL,2026-09-25T00:15:00Z,fanduel,player_reception_yds,rec_yards,Olamide Zaccheaus,10.5,-114,-114.0
2026-09-23T19-31-23Z,2026,3,2026_03_ATL_GB,GB,ATL,2026-09-25T00:15:00Z,fanduel,player_reception_yds,rec_yards,Christian Watson,69.5,-114,-114.0
2026-09-23T19-31-23Z,2026,3,2026_03_ATL_GB,GB,ATL,2026-09-25T00:15:00Z,fanduel,player_reception_yds,rec_yards,Matthew Golden,54.5,-114,-114.0
2026-09-23T19-31-23Z,2026,3,2026_03_ATL_GB,GB,ATL,2026-09-25T00:15:00Z,fanduel,player_reception_yds,rec_yards,Jonnu Smith,7.5,-114,-114.0
2026-09-23T19-31-23Z,2026,3,2026_03_ATL_GB,GB,ATL,2026-09-25T00:15:00Z,fanduel,player_reception_yds,rec_yards,Tucker Kraft,46.5,-114,-114.0
2026-09-23T19-31-23Z,2026,3,2026_03_ATL_GB,GB,ATL,2026-09-25T00:15:00Z,fanduel,player_reception_yds,rec_yards,Chris Brooks,7.5,-114,-114.0
2026-09-23T19-31-23Z,2026,3,2026_03_ATL_GB,GB,ATL,2026-09-25T00:15:00Z,fanduel,player_reception_yds,rec_yards,Drake London,65.5,-114,-114.0
2026-09-23T19-31-23Z,2026,3,2026_03_ATL_GB,GB,ATL,2026-09-25T00:15:00Z,fanduel,player_reception_yds,rec_yards,MarShawn Lloyd,5.5,-114,-114.0
2026-09-23T19-31-23Z,2026,3,2026_03_ATL_GB,GB,ATL,2026-09-25T00:15:00Z,fanduel,player_reception_yds,rec_yards,Bijan Robinson,40.5,-114,-114.0
2026-09-23T19-31-23Z,2026,3,2026_03_ATL_GB,GB,ATL,2026-09-25T00:15:00Z,fanduel,player_reception_yds,rec_yards,Kyle Pitts,37.5,-114,-114.0
2026-09-23T19-31-23Z,2026,3,2026_03_ATL_GB,GB,ATL,2026-09-25T00:15:00Z,fanduel,player_reception_yds,rec_yards,Jahan Dotson,19.5,-114,-114.0
2026-09-23T19-31-23Z,2026,3,2026_03_ATL_GB,GB,ATL,2026-09-25T00:15:00Z,fanduel,player_receptions,rec_catches,MarShawn Lloyd,1.5,154,-210.0
2026-09-23T19-31-23Z,2026,3,2026_03_ATL_GB,GB,ATL,2026-09-25T00:15:00Z,fanduel,player_receptions,rec_catches,Chris Brooks,1.5,116,-154.0
2026-09-23T19-31-23Z,2026,3,2026_03_ATL_GB,GB,ATL,2026-09-25T00:15:00Z,fanduel,player_receptions,rec_catches,Tucker Kraft,3.5,-154,116.0
2026-09-23T19-31-23Z,2026,3,2026_03_ATL_GB,GB,ATL,2026-09-25T00:15:00Z,fanduel,player_receptions,rec_catches,Christian Watson,4.5,-138,104.0
2026-09-23T19-31-23Z,2026,3,2026_03_ATL_GB,GB,ATL,2026-09-25T00:15:00Z,fanduel,player_receptions,rec_catches,Olamide Zaccheaus,1.5,136,-182.0
2026-09-23T19-31-23Z,2026,3,2026_03_ATL_GB,GB,ATL,2026-09-25T00:15:00Z,fanduel,player_receptions,rec_catches,Kyle Pitts,3.5,-140,106.0
2026-09-23T19-31-23Z,2026,3,2026_03_ATL_GB,GB,ATL,2026-09-25T00:15:00Z,fanduel,player_receptions,rec_catches,Drake London,5.5,106,-140.0
2026-09-23T19-31-23Z,2026,3,2026_03_ATL_GB,GB,ATL,2026-09-25T00:15:00Z,fanduel,player_receptions,rec_catches,Matthew Golden,4.5,102,-136.0
2026-09-23T19-31-23Z,2026,3,2026_03_ATL_GB,GB,ATL,2026-09-25T00:15:00Z,fanduel,player_receptions,rec_catches,Bijan Robinson,4.5,-130,-102.0
2026-09-23T19-31-23Z,2026,3,2026_03_ATL_GB,GB,ATL,2026-09-25T00:15:00Z,fanduel,player_receptions,rec_catches,Skyy Moore,1.5,130,-174.0
2026-09-23T19-31-23Z,2026,3,2026_03_ATL_GB,GB,ATL,2026-09-25T00:15:00Z,fanduel,player_receptions,rec_catches,Jahan Dotson,1.5,-162,122.0
2026-09-23T19-31-23Z,2026,3,2026_03_ATL_GB,GB,ATL,2026-09-25T00:15:00Z,fanduel,player_receptions,rec_catches,Jonnu Smith,1.5,130,-174.0
2026-09-23T19-31-23Z,2026,3,2026_03_ATL_GB,GB,ATL,2026-09-25T00:15:00Z,fanduel,player_rush_yds,rush_yards,Michael Penix Jr.,4.5,108,-140.0
2026-09-23T19-31-23Z,2026,3,2026_03_ATL_GB,GB,ATL,2026-09-25T00:15:00Z,fanduel,player_rush_yds,rush_yards,Chris Brooks,16.5,-114,-114.0
2026-09-23T19-31-23Z,2026,3,2026_03_ATL_GB,GB,ATL,2026-09-25T00:15:00Z,fanduel,player_rush_yds,rush_yards,MarShawn Lloyd,25.5,-114,-114.0
2026-09-23T19-31-23Z,2026,3,2026_03_ATL_GB,GB,ATL,2026-09-25T00:15:00Z,fanduel,player_rush_yds,rush_yards,Jordan Love,8.5,-114,-114.0
2026-09-23T19-31-23Z,2026,3,2026_03_ATL_GB,GB,ATL,2026-09-25T00:15:00Z,fanduel,player_rush_yds,rush_yards,Brian Robinson Jr.,22.5,-114,-114.0
2026-09-23T19-31-23Z,2026,3,2026_03_ATL_GB,GB,ATL,2026-09-25T00:15:00Z,fanduel,player_rush_yds,rush_yards,Bijan Robinson,77.5,-114,-114.0
2026-09-23T19-31-23Z,2026,3,2026_03_ATL_GB,GB,ATL,2026-09-25T00:15:00Z,fanduel,player_rush_yds,rush_yards,Kaleb Johnson,34.5,-114,-114.0
2026-09-23T19-31-23Z,2026,3,2026_03_ATL_GB,GB,ATL,2026-09-25T00:15:00Z,betrivers,player_anytime_td,anytime_td,Jahan Dotson,,500,
2026-09-23T19-31-23Z,2026,3,2026_03_ATL_GB,GB,ATL,2026-09-25T00:15:00Z,betrivers,player_anytime_td,anytime_td,Zachariah Branch,,1600,
2026-09-23T19-31-23Z,2026,3,2026_03_ATL_GB,GB,ATL,2026-09-25T00:15:00Z,betrivers,player_anytime_td,anytime_td,Austin Hooper,,1500,
2026-09-23T19-31-23Z,2026,3,2026_03_ATL_GB,GB,ATL,2026-09-25T00:15:00Z,betrivers,player_anytime_td,anytime_td,Michael Penix Jr.,,650,
2026-09-23T19-31-23Z,2026,3,2026_03_ATL_GB,GB,ATL,2026-09-25T00:15:00Z,betrivers,player_anytime_td,anytime_td,Jordan Love,,750,
2026-09-23T19-31-23Z,2026,3,2026_03_ATL_GB,GB,ATL,2026-09-25T00:15:00Z,betrivers,player_anytime_td,anytime_td,Drake London,,175,
2026-09-23T19-31-23Z,2026,3,2026_03_ATL_GB,GB,ATL,2026-09-25T00:15:00Z,betrivers,player_anytime_td,anytime_td,Christian Watson,,140,
2026-09-23T19-31-23Z,2026,3,2026_03_ATL_GB,GB,ATL,2026-09-25T00:15:00Z,betrivers,player_anytime_td,anytime_td,Mark Redman,,2000,
2026-09-23T19-31-23Z,2026,3,2026_03_ATL_GB,GB,ATL,2026-09-25T00:15:00Z,betrivers,player_anytime_td,anytime_td,Chris Blair,,2000,
2026-09-23T19-31-23Z,2026,3,2026_03_ATL_GB,GB,ATL,2026-09-25T00:15:00Z,betrivers,player_anytime_td,anytime_td,MarShawn Lloyd,,195,
2026-09-23T19-31-23Z,2026,3,2026_03_ATL_GB,GB,ATL,2026-09-25T00:15:00Z,betrivers,player_anytime_td,anytime_td,Charlie Woerner,,1900,
2026-09-23T19-31-23Z,2026,3,2026_03_ATL_GB,GB,ATL,2026-09-25T00:15:00Z,betrivers,player_anytime_td,anytime_td,Kyle Pitts,,350,
2026-09-23T19-31-23Z,2026,3,2026_03_ATL_GB,GB,ATL,2026-09-25T00:15:00Z,betrivers,player_anytime_td,anytime_td,Tucker Kraft,,175,
2026-09-23T19-31-23Z,2026,3,2026_03_ATL_GB,GB,ATL,2026-09-25T00:15:00Z,betrivers,player_anytime_td,anytime_td,Matthew Golden,,185,
2026-09-23T19-31-23Z,2026,3,2026_03_ATL_GB,GB,ATL,2026-09-25T00:15:00Z,betrivers,player_anytime_td,anytime_td,Skyy Moore,,450,
2026-09-23T19-31-23Z,2026,3,2026_03_ATL_GB,GB,ATL,2026-09-25T00:15:00Z,betrivers,player_anytime_td,anytime_td,Bijan Robinson,,-167,
2026-09-23T19-31-23Z,2026,3,2026_03_ATL_GB,GB,ATL,2026-09-25T00:15:00Z,betrivers,player_anytime_td,anytime_td,Jonnu Smith,,650,
2026-09-23T19-31-23Z,2026,3,2026_03_ATL_GB,GB,ATL,2026-09-25T00:15:00Z,betrivers,player_anytime_td,anytime_td,Bo Melton,,800,
2026-09-23T19-31-23Z,2026,3,2026_03_ATL_GB,GB,ATL,2026-09-25T00:15:00Z,betrivers,player_anytime_td,anytime_td,Kaleb Johnson,,200,
2026-09-23T19-31-23Z,2026,3,2026_03_ATL_GB,GB,ATL,2026-09-25T00:15:00Z,betrivers,player_anytime_td,anytime_td,Olamide Zaccheaus,,600,
2026-09-23T19-31-23Z,2026,3,2026_03_ATL_GB,GB,ATL,2026-09-25T00:15:00Z,betrivers,player_anytime_td,anytime_td,Nick Muse,,2500,
2026-09-23T19-31-23Z,2026,3,2026_03_ATL_GB,GB,ATL,2026-09-25T00:15:00Z,betrivers,player_anytime_td,anytime_td,Brian Robinson Jr.,,375,
2026-09-23T19-31-23Z,2026,3,2026_03_ATL_GB,GB,ATL,2026-09-25T00:15:00Z,betrivers,player_anytime_td,anytime_td,J. Michael Sturdivant,,1200,
2026-09-23T19-31-23Z,2026,3,2026_03_ATL_GB,GB,ATL,2026-09-25T00:15:00Z,betrivers,player_anytime_td,anytime_td,Josh Whyle,,2200,
2026-09-23T19-31-23Z,2026,3,2026_03_ATL_GB,GB,ATL,2026-09-25T00:15:00Z,betrivers,player_anytime_td,anytime_td,Chris Brooks,,240,
2026-09-23T19-31-23Z,2026,3,2026_03_ATL_GB,GB,ATL,2026-09-25T00:15:00Z,betrivers,player_pass_yds,pass_yards,Jordan Love,224.5,-114,-117.0
2026-09-23T19-31-23Z,2026,3,2026_03_ATL_GB,GB,ATL,2026-09-25T00:15:00Z,betrivers,player_pass_yds,pass_yards,Michael Penix Jr.,203.5,-117,-114.0
2026-09-23T19-31-23Z,2026,3,2026_03_ATL_GB,GB,ATL,2026-09-25T00:15:00Z,betrivers,player_reception_yds,rec_yards,Tucker Kraft,45.5,-115,-114.0
2026-09-23T19-31-23Z,2026,3,2026_03_ATL_GB,GB,ATL,2026-09-25T00:15:00Z,betrivers,player_reception_yds,rec_yards,Matthew Golden,53.5,-115,-115.0
2026-09-23T19-31-23Z,2026,3,2026_03_ATL_GB,GB,ATL,2026-09-25T00:15:00Z,betrivers,player_reception_yds,rec_yards,Kyle Pitts,36.5,-115,-115.0
2026-09-23T19-31-23Z,2026,3,2026_03_ATL_GB,GB,ATL,2026-09-25T00:15:00Z,betrivers,player_reception_yds,rec_yards,Drake London,65.5,-117,-114.0
2026-09-23T19-31-23Z,2026,3,2026_03_ATL_GB,GB,ATL,2026-09-25T00:15:00Z,betrivers,player_reception_yds,rec_yards,Bijan Robinson,40.5,-114,-117.0
2026-09-23T19-31-23Z,2026,3,2026_03_ATL_GB,GB,ATL,2026-09-25T00:15:00Z,betrivers,player_reception_yds,rec_yards,Chris Brooks,7.5,-110,-121.0
2026-09-23T19-31-23Z,2026,3,2026_03_ATL_GB,GB,ATL,2026-09-25T00:15:00Z,betrivers,player_reception_yds,rec_yards,Christian Watson,68.5,-117,-114.0
2026-09-23T19-31-23Z,2026,3,2026_03_ATL_GB,GB,ATL,2026-09-25T00:15:00Z,betrivers,player_reception_yds,rec_yards,Jahan Dotson,18.5,-113,-118.0
2026-09-23T19-31-23Z,2026,3,2026_03_ATL_GB,GB,ATL,2026-09-25T00:15:00Z,betrivers,player_reception_yds,rec_yards,MarShawn Lloyd,6.5,-107,-124.0
2026-09-23T19-31-23Z,2026,3,2026_03_ATL_GB,GB,ATL,2026-09-25T00:15:00Z,betrivers,player_reception_yds,rec_yards,Olamide Zaccheaus,9.5,-114,-117.0
2026-09-23T19-31-23Z,2026,3,2026_03_ATL_GB,GB,ATL,2026-09-25T00:15:00Z,betrivers,player_reception_yds,rec_yards,Jonnu Smith,8.5,-118,-113.0
2026-09-23T19-31-23Z,2026,3,2026_03_ATL_GB,GB,ATL,2026-09-25T00:15:00Z,betrivers,player_reception_yds,rec_yards,Skyy Moore,9.5,-117,-114.0
2026-09-23T19-31-23Z,2026,3,2026_03_ATL_GB,GB,ATL,2026-09-25T00:15:00Z,betrivers,player_receptions,rec_catches,Tucker Kraft,3.5,-159,
2026-09-23T19-31-23Z,2026,3,2026_03_ATL_GB,GB,ATL,2026-09-25T00:15:00Z,betrivers,player_receptions,rec_catches,Christian Watson,4.5,-150,
2026-09-23T19-31-23Z,2026,3,2026_03_ATL_GB,GB,ATL,2026-09-25T00:15:00Z,betrivers,player_receptions,rec_catches,MarShawn Lloyd,1.5,160,
2026-09-23T19-31-23Z,2026,3,2026_03_ATL_GB,GB,ATL,2026-09-25T00:15:00Z,betrivers,player_receptions,rec_catches,Jahan Dotson,1.5,-159,
2026-09-23T19-31-23Z,2026,3,2026_03_ATL_GB,GB,ATL,2026-09-25T00:15:00Z,betrivers,player_receptions,rec_catches,Bijan Robinson,4.5,-148,
2026-09-23T19-31-23Z,2026,3,2026_03_ATL_GB,GB,ATL,2026-09-25T00:15:00Z,betrivers,player_receptions,rec_catches,Jonnu Smith,1.5,140,
2026-09-23T19-31-23Z,2026,3,2026_03_ATL_GB,GB,ATL,2026-09-25T00:15:00Z,betrivers,player_receptions,rec_catches,Kyle Pitts,3.5,-136,
2026-09-23T19-31-23Z,2026,3,2026_03_ATL_GB,GB,ATL,2026-09-25T00:15:00Z,betrivers,player_receptions,rec_catches,Drake London,5.5,102,
2026-09-23T19-31-23Z,2026,3,2026_03_ATL_GB,GB,ATL,2026-09-25T00:15:00Z,betrivers,player_receptions,rec_catches,Matthew Golden,4.5,112,
2026-09-23T19-31-23Z,2026,3,2026_03_ATL_GB,GB,ATL,2026-09-25T00:15:00Z,betrivers,player_receptions,rec_catches,Olamide Zaccheaus,1.5,133,
2026-09-23T19-31-23Z,2026,3,2026_03_ATL_GB,GB,ATL,2026-09-25T00:15:00Z,betrivers,player_receptions,rec_catches,Skyy Moore,1.5,120,
2026-09-23T19-31-23Z,2026,3,2026_03_ATL_GB,GB,ATL,2026-09-25T00:15:00Z,betrivers,player_rush_yds,rush_yards,Michael Penix Jr.,3.5,-114,-117.0
2026-09-23T19-31-23Z,2026,3,2026_03_ATL_GB,GB,ATL,2026-09-25T00:15:00Z,betrivers,player_rush_yds,rush_yards,Jordan Love,8.5,-115,-115.0
2026-09-23T19-31-23Z,2026,3,2026_03_ATL_GB,GB,ATL,2026-09-25T00:15:00Z,betrivers,player_rush_yds,rush_yards,Kaleb Johnson,35.5,-114,-117.0
2026-09-23T19-31-23Z,2026,3,2026_03_ATL_GB,GB,ATL,2026-09-25T00:15:00Z,betrivers,player_rush_yds,rush_yards,Chris Brooks,16.5,-122,-109.0
2026-09-23T19-31-23Z,2026,3,2026_03_ATL_GB,GB,ATL,2026-09-25T00:15:00Z,betrivers,player_rush_yds,rush_yards,Brian Robinson Jr.,22.5,-118,-113.0
2026-09-23T19-31-23Z,2026,3,2026_03_ATL_GB,GB,ATL,2026-09-25T00:15:00Z,betrivers,player_rush_yds,rush_yards,Bijan Robinson,78.5,-113,-118.0
2026-09-23T19-31-23Z,2026,3,2026_03_ATL_GB,GB,ATL,2026-09-25T00:15:00Z,betrivers,player_rush_yds,rush_yards,MarShawn Lloyd,25.5,-113,-118.0
2026-09-23T19-31-23Z,2026,3,2026_03_ATL_GB,GB,ATL,2026-09-25T00:15:00Z,betonlineag,player_anytime_td,anytime_td,Kyle Pitts,,350,
2026-09-23T19-31-23Z,2026,3,2026_03_ATL_GB,GB,ATL,2026-09-25T00:15:00Z,betonlineag,player_anytime_td,anytime_td,Austin Hooper,,1100,
2026-09-23T19-31-23Z,2026,3,2026_03_ATL_GB,GB,ATL,2026-09-25T00:15:00Z,betonlineag,player_anytime_td,anytime_td,Drake London,,190,
2026-09-23T19-31-23Z,2026,3,2026_03_ATL_GB,GB,ATL,2026-09-25T00:15:00Z,betonlineag,player_anytime_td,anytime_td,Olamide Zaccheaus,,700,
2026-09-23T19-31-23Z,2026,3,2026_03_ATL_GB,GB,ATL,2026-09-25T00:15:00Z,betonlineag,player_anytime_td,anytime_td,Jordan Love,,600,
2026-09-23T19-31-23Z,2026,3,2026_03_ATL_GB,GB,ATL,2026-09-25T00:15:00Z,betonlineag,player_anytime_td,anytime_td,Bo Melton,,550,
2026-09-23T19-31-23Z,2026,3,2026_03_ATL_GB,GB,ATL,2026-09-25T00:15:00Z,betonlineag,player_anytime_td,anytime_td,Christian Watson,,130,
2026-09-23T19-31-23Z,2026,3,2026_03_ATL_GB,GB,ATL,2026-09-25T00:15:00Z,betonlineag,player_anytime_td,anytime_td,Bijan Robinson,,-167,
2026-09-23T19-31-23Z,2026,3,2026_03_ATL_GB,GB,ATL,2026-09-25T00:15:00Z,betonlineag,player_anytime_td,anytime_td,Tucker Kraft,,160,
2026-09-23T19-31-23Z,2026,3,2026_03_ATL_GB,GB,ATL,2026-09-25T00:15:00Z,betonlineag,player_anytime_td,anytime_td,Charlie Woerner,,1900,
2026-09-23T19-31-23Z,2026,3,2026_03_ATL_GB,GB,ATL,2026-09-25T00:15:00Z,betonlineag,player_anytime_td,anytime_td,MarShawn Lloyd,,160,
2026-09-23T19-31-23Z,2026,3,2026_03_ATL_GB,GB,ATL,2026-09-25T00:15:00Z,betonlineag,player_anytime_td,anytime_td,Chris Blair,,2400,
2026-09-23T19-31-23Z,2026,3,2026_03_ATL_GB,GB,ATL,2026-09-25T00:15:00Z,betonlineag,player_anytime_td,anytime_td,Michael Penix Jr.,,1000,
2026-09-23T19-31-23Z,2026,3,2026_03_ATL_GB,GB,ATL,2026-09-25T00:15:00Z,betonlineag,player_anytime_td,anytime_td,Chris Brooks,,190,
2026-09-23T19-31-23Z,2026,3,2026_03_ATL_GB,GB,ATL,2026-09-25T00:15:00Z,betonlineag,player_anytime_td,anytime_td,Matthew Golden,,180,
2026-09-23T19-31-23Z,2026,3,2026_03_ATL_GB,GB,ATL,2026-09-25T00:15:00Z,betonlineag,player_anytime_td,anytime_td,Josh Whyle,,1100,
2026-09-23T19-31-23Z,2026,3,2026_03_ATL_GB,GB,ATL,2026-09-25T00:15:00Z,betonlineag,player_anytime_td,anytime_td,Skyy Moore,,400,
2026-09-23T19-31-23Z,2026,3,2026_03_ATL_GB,GB,ATL,2026-09-25T00:15:00Z,betonlineag,player_anytime_td,anytime_td,Zachariah Branch,,1300,
2026-09-23T19-31-23Z,2026,3,2026_03_ATL_GB,GB,ATL,2026-09-25T00:15:00Z,betonlineag,player_anytime_td,anytime_td,Brian Robinson Jr.,,350,
2026-09-23T19-31-23Z,2026,3,2026_03_ATL_GB,GB,ATL,2026-09-25T00:15:00Z,betonlineag,player_anytime_td,anytime_td,Jahan Dotson,,650,
2026-09-23T19-31-23Z,2026,3,2026_03_ATL_GB,GB,ATL,2026-09-25T00:15:00Z,betonlineag,player_anytime_td,anytime_td,Nick Muse,,2900,
2026-09-23T19-31-23Z,2026,3,2026_03_ATL_GB,GB,ATL,2026-09-25T00:15:00Z,betonlineag,player_pass_yds,pass_yards,Jordan Love,228.5,-114,-114.0
2026-09-23T19-31-23Z,2026,3,2026_03_ATL_GB,GB,ATL,2026-09-25T00:15:00Z,betonlineag,player_pass_yds,pass_yards,Michael Penix Jr.,205.5,-114,-114.0
2026-09-23T19-31-23Z,2026,3,2026_03_ATL_GB,GB,ATL,2026-09-25T00:15:00Z,betonlineag,player_reception_yds,rec_yards,MarShawn Lloyd,5.5,-114,-114.0
2026-09-23T19-31-23Z,2026,3,2026_03_ATL_GB,GB,ATL,2026-09-25T00:15:00Z,betonlineag,player_reception_yds,rec_yards,Bijan Robinson,40.5,-114,-114.0
2026-09-23T19-31-23Z,2026,3,2026_03_ATL_GB,GB,ATL,2026-09-25T00:15:00Z,betonlineag,player_reception_yds,rec_yards,Jahan Dotson,19.5,-114,-114.0
2026-09-23T19-31-23Z,2026,3,2026_03_ATL_GB,GB,ATL,2026-09-25T00:15:00Z,betonlineag,player_reception_yds,rec_yards,Chris Brooks,7.5,-111,-116.0
2026-09-23T19-31-23Z,2026,3,2026_03_ATL_GB,GB,ATL,2026-09-25T00:15:00Z,betonlineag,player_reception_yds,rec_yards,Tucker Kraft,46.5,-114,-114.0
2026-09-23T19-31-23Z,2026,3,2026_03_ATL_GB,GB,ATL,2026-09-25T00:15:00Z,betonlineag,player_reception_yds,rec_yards,Drake London,65.5,-114,-114.0
2026-09-23T19-31-23Z,2026,3,2026_03_ATL_GB,GB,ATL,2026-09-25T00:15:00Z,betonlineag,player_reception_yds,rec_yards,Kyle Pitts,37.5,-130,100.0
2026-09-23T19-31-23Z,2026,3,2026_03_ATL_GB,GB,ATL,2026-09-25T00:15:00Z,betonlineag,player_reception_yds,rec_yards,Matthew Golden,55.5,-114,-114.0
2026-09-23T19-31-23Z,2026,3,2026_03_ATL_GB,GB,ATL,2026-09-25T00:15:00Z,betonlineag,player_reception_yds,rec_yards,Olamide Zaccheaus,9.5,-115,-112.0
2026-09-23T19-31-23Z,2026,3,2026_03_ATL_GB,GB,ATL,2026-09-25T00:15:00Z,betonlineag,player_reception_yds,rec_yards,Jonnu Smith,7.5,-114,-114.0
2026-09-23T19-31-23Z,2026,3,2026_03_ATL_GB,GB,ATL,2026-09-25T00:15:00Z,betonlineag,player_reception_yds,rec_yards,Christian Watson,69.5,-114,-114.0
2026-09-23T19-31-23Z,2026,3,2026_03_ATL_GB,GB,ATL,2026-09-25T00:15:00Z,betonlineag,player_reception_yds,rec_yards,Skyy Moore,10.5,-122,-106.0
2026-09-23T19-31-23Z,2026,3,2026_03_ATL_GB,GB,ATL,2026-09-25T00:15:00Z,betonlineag,player_receptions,rec_catches,Kyle Pitts,3.5,-130,101.0
2026-09-23T19-31-23Z,2026,3,2026_03_ATL_GB,GB,ATL,2026-09-25T00:15:00Z,betonlineag,player_receptions,rec_catches,Christian Watson,4.5,-154,118.0
2026-09-23T19-31-23Z,2026,3,2026_03_ATL_GB,GB,ATL,2026-09-25T00:15:00Z,betonlineag,player_receptions,rec_catches,Bijan Robinson,4.5,-123,-104.0
2026-09-23T19-31-23Z,2026,3,2026_03_ATL_GB,GB,ATL,2026-09-25T00:15:00Z,betonlineag,player_receptions,rec_catches,Matthew Golden,4.5,112,-145.0
2026-09-23T19-31-23Z,2026,3,2026_03_ATL_GB,GB,ATL,2026-09-25T00:15:00Z,betonlineag,player_receptions,rec_catches,MarShawn Lloyd,1.5,144,-189.0
2026-09-23T19-31-23Z,2026,3,2026_03_ATL_GB,GB,ATL,2026-09-25T00:15:00Z,betonlineag,player_receptions,rec_catches,Jahan Dotson,1.5,-154,118.0
2026-09-23T19-31-23Z,2026,3,2026_03_ATL_GB,GB,ATL,2026-09-25T00:15:00Z,betonlineag,player_receptions,rec_catches,Drake London,5.5,107,-139.0
2026-09-23T19-31-23Z,2026,3,2026_03_ATL_GB,GB,ATL,2026-09-25T00:15:00Z,betonlineag,player_receptions,rec_catches,Tucker Kraft,4.5,125,-164.0
2026-09-23T19-31-23Z,2026,3,2026_03_ATL_GB,GB,ATL,2026-09-25T00:15:00Z,betonlineag,player_receptions,rec_catches,Skyy Moore,1.5,132,-172.0
2026-09-23T19-31-23Z,2026,3,2026_03_ATL_GB,GB,ATL,2026-09-25T00:15:00Z,betonlineag,player_receptions,rec_catches,Olamide Zaccheaus,1.5,144,-189.0
2026-09-23T19-31-23Z,2026,3,2026_03_ATL_GB,GB,ATL,2026-09-25T00:15:00Z,betonlineag,player_receptions,rec_catches,Jonnu Smith,1.5,141,-185.0
2026-09-23T19-31-23Z,2026,3,2026_03_ATL_GB,GB,ATL,2026-09-25T00:15:00Z,betonlineag,player_receptions,rec_catches,Chris Brooks,1.5,117,-152.0
2026-09-23T19-31-23Z,2026,3,2026_03_ATL_GB,GB,ATL,2026-09-25T00:15:00Z,betonlineag,player_rush_yds,rush_yards,Jordan Love,8.5,-114,-114.0
2026-09-23T19-31-23Z,2026,3,2026_03_ATL_GB,GB,ATL,2026-09-25T00:15:00Z,betonlineag,player_rush_yds,rush_yards,Brian Robinson Jr.,22.5,-111,-116.0
2026-09-23T19-31-23Z,2026,3,2026_03_ATL_GB,GB,ATL,2026-09-25T00:15:00Z,betonlineag,player_rush_yds,rush_yards,Chris Brooks,16.5,-110,-118.0
2026-09-23T19-31-23Z,2026,3,2026_03_ATL_GB,GB,ATL,2026-09-25T00:15:00Z,betonlineag,player_rush_yds,rush_yards,Michael Penix Jr.,3.5,-120,-108.0
2026-09-23T19-31-23Z,2026,3,2026_03_ATL_GB,GB,ATL,2026-09-25T00:15:00Z,betonlineag,player_rush_yds,rush_yards,Bijan Robinson,77.5,-112,-115.0
2026-09-23T19-31-23Z,2026,3,2026_03_ATL_GB,GB,ATL,2026-09-25T00:15:00Z,betonlineag,player_rush_yds,rush_yards,Kaleb Johnson,35.5,-115,-112.0
2026-09-23T19-31-23Z,2026,3,2026_03_ATL_GB,GB,ATL,2026-09-25T00:15:00Z,betonlineag,player_rush_yds,rush_yards,MarShawn Lloyd,26.5,-114,-114.0
2026-09-23T19-31-23Z,2026,3,2026_03_ATL_GB,GB,ATL,2026-09-25T00:15:00Z,betmgm,player_anytime_td,anytime_td,Jordan Love,,650,
2026-09-23T19-31-23Z,2026,3,2026_03_ATL_GB,GB,ATL,2026-09-25T00:15:00Z,betmgm,player_anytime_td,anytime_td,MarShawn Lloyd,,220,
2026-09-23T19-31-23Z,2026,3,2026_03_ATL_GB,GB,ATL,2026-09-25T00:15:00Z,betmgm,player_anytime_td,anytime_td,Kaleb Johnson,,195,
2026-09-23T19-31-23Z,2026,3,2026_03_ATL_GB,GB,ATL,2026-09-25T00:15:00Z,betmgm,player_anytime_td,anytime_td,Chris Brooks,,290,
2026-09-23T19-31-23Z,2026,3,2026_03_ATL_GB,GB,ATL,2026-09-25T00:15:00Z,betmgm,player_anytime_td,anytime_td,Jonnu Smith,,700,
2026-09-23T19-31-23Z,2026,3,2026_03_ATL_GB,GB,ATL,2026-09-25T00:15:00Z,betmgm,player_anytime_td,anytime_td,Tucker Kraft,,195,
2026-09-23T19-31-23Z,2026,3,2026_03_ATL_GB,GB,ATL,2026-09-25T00:15:00Z,betmgm,player_anytime_td,anytime_td,Christian Watson,,145,
2026-09-23T19-31-23Z,2026,3,2026_03_ATL_GB,GB,ATL,2026-09-25T00:15:00Z,betmgm,player_anytime_td,anytime_td,Matthew Golden,,185,
2026-09-23T19-31-23Z,2026,3,2026_03_ATL_GB,GB,ATL,2026-09-25T00:15:00Z,betmgm,player_anytime_td,anytime_td,Skyy Moore,,650,
2026-09-23T19-31-23Z,2026,3,2026_03_ATL_GB,GB,ATL,2026-09-25T00:15:00Z,betmgm,player_anytime_td,anytime_td,Josh Whyle,,1600,
2026-09-23T19-31-23Z,2026,3,2026_03_ATL_GB,GB,ATL,2026-09-25T00:15:00Z,betmgm,player_anytime_td,anytime_td,Bo Melton,,1000,
2026-09-23T19-31-23Z,2026,3,2026_03_ATL_GB,GB,ATL,2026-09-25T00:15:00Z,betmgm,player_anytime_td,anytime_td,Mark Redman,,2000,
2026-09-23T19-31-23Z,2026,3,2026_03_ATL_GB,GB,ATL,2026-09-25T00:15:00Z,betmgm,player_anytime_td,anytime_td,Bijan Robinson,,-150,
2026-09-23T19-31-23Z,2026,3,2026_03_ATL_GB,GB,ATL,2026-09-25T00:15:00Z,betmgm,player_anytime_td,anytime_td,Nick Muse,,3300,
2026-09-23T19-31-23Z,2026,3,2026_03_ATL_GB,GB,ATL,2026-09-25T00:15:00Z,betmgm,player_anytime_td,anytime_td,Michael Penix Jr.,,1400,
2026-09-23T19-31-23Z,2026,3,2026_03_ATL_GB,GB,ATL,2026-09-25T00:15:00Z,betmgm,player_anytime_td,anytime_td,Brian Robinson Jr.,,350,
2026-09-23T19-31-23Z,2026,3,2026_03_ATL_GB,GB,ATL,2026-09-25T00:15:00Z,betmgm,player_anytime_td,anytime_td,Kyle Pitts,,325,
2026-09-23T19-31-23Z,2026,3,2026_03_ATL_GB,GB,ATL,2026-09-25T00:15:00Z,betmgm,player_anytime_td,anytime_td,Drake London,,195,
2026-09-23T19-31-23Z,2026,3,2026_03_ATL_GB,GB,ATL,2026-09-25T00:15:00Z,betmgm,player_anytime_td,anytime_td,Jahan Dotson,,600,
2026-09-23T19-31-23Z,2026,3,2026_03_ATL_GB,GB,ATL,2026-09-25T00:15:00Z,betmgm,player_anytime_td,anytime_td,Green Bay Packers D/ST,,450,
2026-09-23T19-31-23Z,2026,3,2026_03_ATL_GB,GB,ATL,2026-09-25T00:15:00Z,betmgm,player_anytime_td,anytime_td,Atlanta Falcons D/ST,,650,
2026-09-23T19-31-23Z,2026,3,2026_03_ATL_GB,GB,ATL,2026-09-25T00:15:00Z,betmgm,player_anytime_td,anytime_td,Charlie Woerner,,2000,
2026-09-23T19-31-23Z,2026,3,2026_03_ATL_GB,GB,ATL,2026-09-25T00:15:00Z,betmgm,player_anytime_td,anytime_td,Austin Hooper,,1300,
2026-09-23T19-31-23Z,2026,3,2026_03_ATL_GB,GB,ATL,2026-09-25T00:15:00Z,betmgm,player_anytime_td,anytime_td,Olamide Zaccheaus,,850,
2026-09-23T19-31-23Z,2026,3,2026_03_ATL_GB,GB,ATL,2026-09-25T00:15:00Z,betmgm,player_anytime_td,anytime_td,Zachariah Branch,,1400,
2026-09-23T19-31-23Z,2026,3,2026_03_ATL_GB,GB,ATL,2026-09-25T00:15:00Z,betmgm,player_anytime_td,anytime_td,Chris Blair,,3000,
2026-09-23T19-31-23Z,2026,3,2026_03_ATL_GB,GB,ATL,2026-09-25T00:15:00Z,betmgm,player_anytime_td,anytime_td,J. Michael Sturdivant,,2000,
2026-09-23T19-31-23Z,2026,3,2026_03_ATL_GB,GB,ATL,2026-09-25T00:15:00Z,betmgm,player_pass_yds,pass_yards,Jordan Love,229.5,-115,-115.0
2026-09-23T19-31-23Z,2026,3,2026_03_ATL_GB,GB,ATL,2026-09-25T00:15:00Z,betmgm,player_pass_yds,pass_yards,Michael Penix Jr.,203.5,-115,-115.0
2026-09-23T19-31-23Z,2026,3,2026_03_ATL_GB,GB,ATL,2026-09-25T00:15:00Z,betmgm,player_reception_yds,rec_yards,Drake London,64.5,-115,-115.0
2026-09-23T19-31-23Z,2026,3,2026_03_ATL_GB,GB,ATL,2026-09-25T00:15:00Z,betmgm,player_reception_yds,rec_yards,Matthew Golden,51.5,-125,-105.0
2026-09-23T19-31-23Z,2026,3,2026_03_ATL_GB,GB,ATL,2026-09-25T00:15:00Z,betmgm,player_reception_yds,rec_yards,Chris Brooks,7.5,-110,-120.0
2026-09-23T19-31-23Z,2026,3,2026_03_ATL_GB,GB,ATL,2026-09-25T00:15:00Z,betmgm,player_reception_yds,rec_yards,Jahan Dotson,18.5,-115,-115.0
2026-09-23T19-31-23Z,2026,3,2026_03_ATL_GB,GB,ATL,2026-09-25T00:15:00Z,betmgm,player_reception_yds,rec_yards,Kyle Pitts,34.5,-150,110.0
2026-09-23T19-31-23Z,2026,3,2026_03_ATL_GB,GB,ATL,2026-09-25T00:15:00Z,betmgm,player_reception_yds,rec_yards,Tucker Kraft,45.5,-115,-115.0
2026-09-23T19-31-23Z,2026,3,2026_03_ATL_GB,GB,ATL,2026-09-25T00:15:00Z,betmgm,player_reception_yds,rec_yards,Christian Watson,65.5,-135,100.0
2026-09-23T19-31-23Z,2026,3,2026_03_ATL_GB,GB,ATL,2026-09-25T00:15:00Z,betmgm,player_reception_yds,rec_yards,Bijan Robinson,38.5,-115,-115.0
2026-09-23T19-31-23Z,2026,3,2026_03_ATL_GB,GB,ATL,2026-09-25T00:15:00Z,betmgm,player_reception_yds,rec_yards,Skyy Moore,9.5,-111,-118.0
2026-09-23T19-31-23Z,2026,3,2026_03_ATL_GB,GB,ATL,2026-09-25T00:15:00Z,betmgm,player_reception_yds,rec_yards,Olamide Zaccheaus,9.5,-120,-110.0
2026-09-23T19-31-23Z,2026,3,2026_03_ATL_GB,GB,ATL,2026-09-25T00:15:00Z,betmgm,player_reception_yds,rec_yards,Jonnu Smith,7.5,-115,-115.0
2026-09-23T19-31-23Z,2026,3,2026_03_ATL_GB,GB,ATL,2026-09-25T00:15:00Z,betmgm,player_receptions,rec_catches,Drake London,5.5,105,-140.0
2026-09-23T19-31-23Z,2026,3,2026_03_ATL_GB,GB,ATL,2026-09-25T00:15:00Z,betmgm,player_receptions,rec_catches,Tucker Kraft,3.5,-165,125.0
2026-09-23T19-31-23Z,2026,3,2026_03_ATL_GB,GB,ATL,2026-09-25T00:15:00Z,betmgm,player_receptions,rec_catches,Jahan Dotson,1.5,-140,105.0
2026-09-23T19-31-23Z,2026,3,2026_03_ATL_GB,GB,ATL,2026-09-25T00:15:00Z,betmgm,player_receptions,rec_catches,Bijan Robinson,4.5,-120,-110.0
2026-09-23T19-31-23Z,2026,3,2026_03_ATL_GB,GB,ATL,2026-09-25T00:15:00Z,betmgm,player_receptions,rec_catches,Kyle Pitts,3.5,-125,-105.0
2026-09-23T19-31-23Z,2026,3,2026_03_ATL_GB,GB,ATL,2026-09-25T00:15:00Z,betmgm,player_receptions,rec_catches,Christian Watson,4.5,-155,115.0
2026-09-23T19-31-23Z,2026,3,2026_03_ATL_GB,GB,ATL,2026-09-25T00:15:00Z,betmgm,player_receptions,rec_catches,Matthew Golden,4.5,115,-155.0
2026-09-23T19-31-23Z,2026,3,2026_03_ATL_GB,GB,ATL,2026-09-25T00:15:00Z,betmgm,player_receptions,rec_catches,Skyy Moore,1.5,140,-190.0
2026-09-23T19-31-23Z,2026,3,2026_03_ATL_GB,GB,ATL,2026-09-25T00:15:00Z,betmgm,player_receptions,rec_catches,Olamide Zaccheaus,1.5,140,-190.0
2026-09-23T19-31-23Z,2026,3,2026_03_ATL_GB,GB,ATL,2026-09-25T00:15:00Z,betmgm,player_receptions,rec_catches,Jonnu Smith,1.5,140,-190.0
2026-09-23T19-31-23Z,2026,3,2026_03_ATL_GB,GB,ATL,2026-09-25T00:15:00Z,betmgm,player_rush_yds,rush_yards,Jordan Love,7.5,-120,-110.0
2026-09-23T19-31-23Z,2026,3,2026_03_ATL_GB,GB,ATL,2026-09-25T00:15:00Z,betmgm,player_rush_yds,rush_yards,Chris Brooks,15.5,-120,-111.0
2026-09-23T19-31-23Z,2026,3,2026_03_ATL_GB,GB,ATL,2026-09-25T00:15:00Z,betmgm,player_rush_yds,rush_yards,Brian Robinson Jr.,23.5,-111,-118.0
2026-09-23T19-31-23Z,2026,3,2026_03_ATL_GB,GB,ATL,2026-09-25T00:15:00Z,betmgm,player_rush_yds,rush_yards,Bijan Robinson,76.5,-115,-115.0
2026-09-23T19-31-23Z,2026,3,2026_03_ATL_GB,GB,ATL,2026-09-25T00:15:00Z,betmgm,player_rush_yds,rush_yards,Kaleb Johnson,35.5,-115,-115.0
2026-09-23T19-31-23Z,2026,3,2026_03_ATL_GB,GB,ATL,2026-09-25T00:15:00Z,bovada,player_anytime_td,anytime_td,Skyy Moore,,460,
2026-09-23T19-31-23Z,2026,3,2026_03_ATL_GB,GB,ATL,2026-09-25T00:15:00Z,bovada,player_anytime_td,anytime_td,Christian Watson,,155,
2026-09-23T19-31-23Z,2026,3,2026_03_ATL_GB,GB,ATL,2026-09-25T00:15:00Z,bovada,player_anytime_td,anytime_td,Kaleb Johnson,,195,
2026-09-23T19-31-23Z,2026,3,2026_03_ATL_GB,GB,ATL,2026-09-25T00:15:00Z,bovada,player_anytime_td,anytime_td,Tucker Kraft,,185,
2026-09-23T19-31-23Z,2026,3,2026_03_ATL_GB,GB,ATL,2026-09-25T00:15:00Z,bovada,player_anytime_td,anytime_td,Jonnu Smith,,600,
2026-09-23T19-31-23Z,2026,3,2026_03_ATL_GB,GB,ATL,2026-09-25T00:15:00Z,bovada,player_anytime_td,anytime_td,Matthew Golden,,210,
2026-09-23T19-31-23Z,2026,3,2026_03_ATL_GB,GB,ATL,2026-09-25T00:15:00Z,bovada,player_anytime_td,anytime_td,Jordan Love,,525,
2026-09-23T19-31-23Z,2026,3,2026_03_ATL_GB,GB,ATL,2026-09-25T00:15:00Z,bovada,player_anytime_td,anytime_td,Chris Brooks,,235,
2026-09-23T19-31-23Z,2026,3,2026_03_ATL_GB,GB,ATL,2026-09-25T00:15:00Z,bovada,player_anytime_td,anytime_td,MarShawn Lloyd,,210,
2026-09-23T19-31-23Z,2026,3,2026_03_ATL_GB,GB,ATL,2026-09-25T00:15:00Z,bovada,player_anytime_td,anytime_td,Atlanta Falcons D/ST,,525,
2026-09-23T19-31-23Z,2026,3,2026_03_ATL_GB,GB,ATL,2026-09-25T00:15:00Z,bovada,player_anytime_td,anytime_td,Green Bay Packers D/ST,,500,
2026-09-23T19-31-23Z,2026,3,2026_03_ATL_GB,GB,ATL,2026-09-25T00:15:00Z,bovada,player_anytime_td,anytime_td,Olamide Zaccheaus,,725,
2026-09-23T19-31-23Z,2026,3,2026_03_ATL_GB,GB,ATL,2026-09-25T00:15:00Z,bovada,player_anytime_td,anytime_td,Brian Robinson Jr.,,440,
2026-09-23T19-31-23Z,2026,3,2026_03_ATL_GB,GB,ATL,2026-09-25T00:15:00Z,bovada,player_anytime_td,anytime_td,Bijan Robinson,,-162,
2026-09-23T19-31-23Z,2026,3,2026_03_ATL_GB,GB,ATL,2026-09-25T00:15:00Z,bovada,player_anytime_td,anytime_td,Michael Penix Jr.,,1000,
2026-09-23T19-31-23Z,2026,3,2026_03_ATL_GB,GB,ATL,2026-09-25T00:15:00Z,bovada,player_anytime_td,anytime_td,Drake London,,175,
2026-09-23T19-31-23Z,2026,3,2026_03_ATL_GB,GB,ATL,2026-09-25T00:15:00Z,bovada,player_anytime_td,anytime_td,Jahan Dotson,,725,
2026-09-23T19-31-23Z,2026,3,2026_03_ATL_GB,GB,ATL,2026-09-25T00:15:00Z,bovada,player_anytime_td,anytime_td,Kyle Pitts,,380,
2026-09-23T19-31-23Z,2026,3,2026_03_ATL_GB,GB,ATL,2026-09-25T00:15:00Z,bovada,player_anytime_td,anytime_td,Zachariah Branch,,1000,
2026-09-23T19-31-23Z,2026,3,2026_03_ATL_GB,GB,ATL,2026-09-25T00:15:00Z,bovada,player_anytime_td,anytime_td,Nick Muse,,4000,
2026-09-23T19-31-23Z,2026,3,2026_03_ATL_GB,GB,ATL,2026-09-25T00:15:00Z,bovada,player_anytime_td,anytime_td,Bo Melton,,825,
2026-09-23T19-31-23Z,2026,3,2026_03_ATL_GB,GB,ATL,2026-09-25T00:15:00Z,bovada,player_anytime_td,anytime_td,Mark Redman,,1800,
2026-09-23T19-31-23Z,2026,3,2026_03_ATL_GB,GB,ATL,2026-09-25T00:15:00Z,bovada,player_anytime_td,anytime_td,Austin Hooper,,1400,
2026-09-23T19-31-23Z,2026,3,2026_03_ATL_GB,GB,ATL,2026-09-25T00:15:00Z,bovada,player_anytime_td,anytime_td,Josh Whyle,,1900,
2026-09-23T19-31-23Z,2026,3,2026_03_ATL_GB,GB,ATL,2026-09-25T00:15:00Z,bovada,player_anytime_td,anytime_td,Charlie Woerner,,2500,
2026-09-23T19-31-23Z,2026,3,2026_03_ATL_GB,GB,ATL,2026-09-25T00:15:00Z,bovada,player_anytime_td,anytime_td,Chris Blair,,3300,
2026-09-23T19-31-23Z,2026,3,2026_03_ATL_GB,GB,ATL,2026-09-25T00:15:00Z,bovada,player_pass_yds,pass_yards,Jordan Love,228.5,-115,-115.0
2026-09-23T19-31-23Z,2026,3,2026_03_ATL_GB,GB,ATL,2026-09-25T00:15:00Z,bovada,player_reception_yds,rec_yards,Christian Watson,83.5,-115,-115.0
2026-09-23T19-31-23Z,2026,3,2026_03_ATL_GB,GB,ATL,2026-09-25T00:15:00Z,bovada,player_reception_yds,rec_yards,MarShawn Lloyd,6.5,-125,-105.0
2026-09-23T19-31-23Z,2026,3,2026_03_ATL_GB,GB,ATL,2026-09-25T00:15:00Z,bovada,player_reception_yds,rec_yards,Tucker Kraft,53.5,-115,-115.0
2026-09-23T19-31-23Z,2026,3,2026_03_ATL_GB,GB,ATL,2026-09-25T00:15:00Z,bovada,player_receptions,rec_catches,Christian Watson,5.5,-145,110.0
2026-09-23T19-31-23Z,2026,3,2026_03_ATL_GB,GB,ATL,2026-09-25T00:15:00Z,bovada,player_receptions,rec_catches,MarShawn Lloyd,1.5,110,-145.0
2026-09-23T19-31-23Z,2026,3,2026_03_ATL_GB,GB,ATL,2026-09-25T00:15:00Z,bovada,player_receptions,rec_catches,Tucker Kraft,4.5,-135,105.0
2026-09-23T19-31-23Z,2026,3,2026_03_ATL_GB,GB,ATL,2026-09-25T00:15:00Z,bovada,player_rush_yds,rush_yards,Bijan Robinson,77.5,-115,-115.0
2026-09-23T19-31-23Z,2026,3,2026_03_ATL_GB,GB,ATL,2026-09-25T00:15:00Z,bovada,player_rush_yds,rush_yards,Brian Robinson Jr.,22.5,-110,-120.0
2026-09-23T19-31-23Z,2026,3,2026_03_ATL_GB,GB,ATL,2026-09-25T00:15:00Z,bovada,player_rush_yds,rush_yards,Chris Brooks,16.5,-110,-120.0
2026-09-23T19-31-23Z,2026,3,2026_03_ATL_GB,GB,ATL,2026-09-25T00:15:00Z,bovada,player_rush_yds,rush_yards,Jordan Love,8.5,-110,-120.0
2026-09-23T19-31-23Z,2026,3,2026_03_ATL_GB,GB,ATL,2026-09-25T00:15:00Z,bovada,player_rush_yds,rush_yards,Kaleb Johnson,34.5,-115,-115.0
2026-09-23T19-31-23Z,2026,3,2026_03_ATL_GB,GB,ATL,2026-09-25T00:15:00Z,bovada,player_rush_yds,rush_yards,MarShawn Lloyd,25.5,-115,-115.0
2026-09-23T19-31-23Z,2026,3,2026_03_LAC_BUF,BUF,LAC,2026-09-27T17:00:00Z,draftkings,player_anytime_td,anytime_td,James Cook,,-180,
2026-09-23T19-31-23Z,2026,3,2026_03_LAC_BUF,BUF,LAC,2026-09-27T17:00:00Z,draftkings,player_anytime_td,anytime_td,Josh Allen,,-150,
2026-09-23T19-31-23Z,2026,3,2026_03_LAC_BUF,BUF,LAC,2026-09-27T17:00:00Z,draftkings,player_anytime_td,anytime_td,Omarion Hampton,,125,
2026-09-23T19-31-23Z,2026,3,2026_03_LAC_BUF,BUF,LAC,2026-09-27T17:00:00Z,draftkings,player_anytime_td,anytime_td,DJ Moore,,215,
2026-09-23T19-31-23Z,2026,3,2026_03_LAC_BUF,BUF,LAC,2026-09-27T17:00:00Z,draftkings,player_anytime_td,anytime_td,Ladd McConkey,,260,
2026-09-23T19-31-23Z,2026,3,2026_03_LAC_BUF,BUF,LAC,2026-09-27T17:00:00Z,draftkings,player_anytime_td,anytime_td,Khalil Shakir,,265,
2026-09-23T19-31-23Z,2026,3,2026_03_LAC_BUF,BUF,LAC,2026-09-27T17:00:00Z,draftkings,player_anytime_td,anytime_td,Dalton Kincaid,,290,
2026-09-23T19-31-23Z,2026,3,2026_03_LAC_BUF,BUF,LAC,2026-09-27T17:00:00Z,draftkings,player_anytime_td,anytime_td,Quentin Johnston,,295,
2026-09-23T19-31-23Z,2026,3,2026_03_LAC_BUF,BUF,LAC,2026-09-27T17:00:00Z,draftkings,player_anytime_td,anytime_td,Oronde Gadsden II,,370,
2026-09-23T19-31-23Z,2026,3,2026_03_LAC_BUF,BUF,LAC,2026-09-27T17:00:00Z,draftkings,player_anytime_td,anytime_td,Buffalo Bills D/ST,,550,
2026-09-23T19-31-23Z,2026,3,2026_03_LAC_BUF,BUF,LAC,2026-09-27T17:00:00Z,draftkings,player_anytime_td,anytime_td,Tre Harris,,550,
2026-09-23T19-31-23Z,2026,3,2026_03_LAC_BUF,BUF,LAC,2026-09-27T17:00:00Z,draftkings,player_anytime_td,anytime_td,Justin Herbert,,550,
2026-09-23T19-31-23Z,2026,3,2026_03_LAC_BUF,BUF,LAC,2026-09-27T17:00:00Z,draftkings,player_anytime_td,anytime_td,Los Angeles Chargers D/ST,,700,
2026-09-23T19-31-23Z,2026,3,2026_03_LAC_BUF,BUF,LAC,2026-09-27T17:00:00Z,draftkings,player_anytime_td,anytime_td,Dawson Knox,,700,
2026-09-23T19-31-23Z,2026,3,2026_03_LAC_BUF,BUF,LAC,2026-09-27T17:00:00Z,draftkings,player_anytime_td,anytime_td,Keaton Mitchell,,750,
2026-09-23T19-31-23Z,2026,3,2026_03_LAC_BUF,BUF,LAC,2026-09-27T17:00:00Z,draftkings,player_pass_yds,pass_yards,Josh Allen,242.5,-113,-111.0
2026-09-23T19-31-23Z,2026,3,2026_03_LAC_BUF,BUF,LAC,2026-09-27T17:00:00Z,draftkings,player_pass_yds,pass_yards,Justin Herbert,217.5,-112,-112.0
2026-09-23T19-31-23Z,2026,3,2026_03_LAC_BUF,BUF,LAC,2026-09-27T17:00:00Z,draftkings,player_reception_yds,rec_yards,Ladd McConkey,48.5,-110,-114.0
2026-09-23T19-31-23Z,2026,3,2026_03_LAC_BUF,BUF,LAC,2026-09-27T17:00:00Z,draftkings,player_reception_yds,rec_yards,DJ Moore,42.5,-111,-113.0
2026-09-23T19-31-23Z,2026,3,2026_03_LAC_BUF,BUF,LAC,2026-09-27T17:00:00Z,draftkings,player_reception_yds,rec_yards,Quentin Johnston,32.5,-112,-112.0
2026-09-23T19-31-23Z,2026,3,2026_03_LAC_BUF,BUF,LAC,2026-09-27T17:00:00Z,draftkings,player_reception_yds,rec_yards,Tre Harris,30.5,-113,-111.0
2026-09-23T19-31-23Z,2026,3,2026_03_LAC_BUF,BUF,LAC,2026-09-27T17:00:00Z,draftkings,player_reception_yds,rec_yards,Omarion Hampton,12.5,-109,-115.0
2026-09-23T19-31-23Z,2026,3,2026_03_LAC_BUF,BUF,LAC,2026-09-27T17:00:00Z,draftkings,player_receptions,rec_catches,Ladd McConkey,3.5,-122,-105.0
2026-09-23T19-31-23Z,2026,3,2026_03_LAC_BUF,BUF,LAC,2026-09-27T17:00:00Z,draftkings,player_receptions,rec_catches,DJ Moore,3.5,127,-163.0
2026-09-23T19-31-23Z,2026,3,2026_03_LAC_BUF,BUF,LAC,2026-09-27T17:00:00Z,draftkings,player_receptions,rec_catches,Quentin Johnston,2.5,-130,102.0
2026-09-23T19-31-23Z,2026,3,2026_03_LAC_BUF,BUF,LAC,2026-09-27T17:00:00Z,draftkings,player_receptions,rec_catches,Tre Harris,2.5,-120,-107.0
2026-09-23T19-31-23Z,2026,3,2026_03_LAC_BUF,BUF,LAC,2026-09-27T17:00:00Z,draftkings,player_receptions,rec_catches,Omarion Hampton,1.5,-125,-102.0
2026-09-23T19-31-23Z,2026,3,2026_03_LAC_BUF,BUF,LAC,2026-09-27T17:00:00Z,draftkings,player_rush_yds,rush_yards,James Cook,80.5,-114,-110.0
2026-09-23T19-31-23Z,2026,3,2026_03_LAC_BUF,BUF,LAC,2026-09-27T17:00:00Z,draftkings,player_rush_yds,rush_yards,Omarion Hampton,43.5,-112,-112.0
2026-09-23T19-31-23Z,2026,3,2026_03_LAC_BUF,BUF,LAC,2026-09-27T17:00:00Z,draftkings,player_rush_yds,rush_yards,Josh Allen,34.5,-114,-110.0
2026-09-23T19-31-23Z,2026,3,2026_03_LAC_BUF,BUF,LAC,2026-09-27T17:00:00Z,draftkings,player_rush_yds,rush_yards,Justin Herbert,18.5,-114,-110.0
2026-09-23T19-31-23Z,2026,3,2026_03_LAC_BUF,BUF,LAC,2026-09-27T17:00:00Z,fanduel,player_anytime_td,anytime_td,James Cook,,-220,
2026-09-23T19-31-23Z,2026,3,2026_03_LAC_BUF,BUF,LAC,2026-09-27T17:00:00Z,fanduel,player_anytime_td,anytime_td,Josh Allen,,-150,
2026-09-23T19-31-23Z,2026,3,2026_03_LAC_BUF,BUF,LAC,2026-09-27T17:00:00Z,fanduel,player_anytime_td,anytime_td,Omarion Hampton,,-125,
2026-09-23T19-31-23Z,2026,3,2026_03_LAC_BUF,BUF,LAC,2026-09-27T17:00:00Z,fanduel,player_anytime_td,anytime_td,DJ Moore,,150,
2026-09-23T19-31-23Z,2026,3,2026_03_LAC_BUF,BUF,LAC,2026-09-27T17:00:00Z,fanduel,player_anytime_td,anytime_td,Khalil Shakir,,165,
2026-09-23T19-31-23Z,2026,3,2026_03_LAC_BUF,BUF,LAC,2026-09-27T17:00:00Z,fanduel,player_anytime_td,anytime_td,Dalton Kincaid,,200,
2026-09-23T19-31-23Z,2026,3,2026_03_LAC_BUF,BUF,LAC,2026-09-27T17:00:00Z,fanduel,player_anytime_td,anytime_td,Ladd McConkey,,200,
2026-09-23T19-31-23Z,2026,3,2026_03_LAC_BUF,BUF,LAC,2026-09-27T17:00:00Z,fanduel,player_anytime_td,anytime_td,Quentin Johnston,,230,
2026-09-23T19-31-23Z,2026,3,2026_03_LAC_BUF,BUF,LAC,2026-09-27T17:00:00Z,fanduel,player_anytime_td,anytime_td,Oronde Gadsden II,,300,
2026-09-23T19-31-23Z,2026,3,2026_03_LAC_BUF,BUF,LAC,2026-09-27T17:00:00Z,fanduel,player_anytime_td,anytime_td,Tre Harris,,500,
2026-09-23T19-31-23Z,2026,3,2026_03_LAC_BUF,BUF,LAC,2026-09-27T17:00:00Z,fanduel,player_anytime_td,anytime_td,Justin Herbert,,500,
2026-09-23T19-31-23Z,2026,3,2026_03_LAC_BUF,BUF,LAC,2026-09-27T17:00:00Z,fanduel,player_anytime_td,anytime_td,Dawson Knox,,500,
2026-09-23T19-31-23Z,2026,3,2026_03_LAC_BUF,BUF,LAC,2026-09-27T17:00:00Z,fanduel,player_anytime_td,anytime_td,Keaton Mitchell,,550,
2026-09-23T19-31-23Z,2026,3,2026_03_LAC_BUF,BUF,LAC,2026-09-27T17:00:00Z,fanduel,player_anytime_td,anytime_td,Buffalo Bills Defense,,750,
2026-09-23T19-31-23Z,2026,3,2026_03_LAC_BUF,BUF,LAC,2026-09-27T17:00:00Z,fanduel,player_anytime_td,anytime_td,Los Angeles Chargers Defense,,1000,
2026-09-23T19-31-23Z,2026,3,2026_03_LAC_BUF,BUF,LAC,2026-09-27T17:00:00Z,fanduel,player_pass_yds,pass_yards,Josh Allen,238.5,-114,-114.0
2026-09-23T19-31-23Z,2026,3,2026_03_LAC_BUF,BUF,LAC,2026-09-27T17:00:00Z,fanduel,player_pass_yds,pass_yards,Justin Herbert,222.5,-114,-114.0
2026-09-23T19-31-23Z,2026,3,2026_03_LAC_BUF,BUF,LAC,2026-09-27T17:00:00Z,fanduel,player_reception_yds,rec_yards,Omarion Hampton,11.5,-114,-114.0
2026-09-23T19-31-23Z,2026,3,2026_03_LAC_BUF,BUF,LAC,2026-09-27T17:00:00Z,fanduel,player_reception_yds,rec_yards,Quentin Johnston,35.5,-114,-114.0
2026-09-23T19-31-23Z,2026,3,2026_03_LAC_BUF,BUF,LAC,2026-09-27T17:00:00Z,fanduel,player_reception_yds,rec_yards,Tre Harris,33.5,-114,-114.0
2026-09-23T19-31-23Z,2026,3,2026_03_LAC_BUF,BUF,LAC,2026-09-27T17:00:00Z,fanduel,player_reception_yds,rec_yards,DJ Moore,49.5,-114,-114.0
2026-09-23T19-31-23Z,2026,3,2026_03_LAC_BUF,BUF,LAC,2026-09-27T17:00:00Z,fanduel,player_reception_yds,rec_yards,Ladd McConkey,52.5,-114,-114.0
2026-09-23T19-31-23Z,2026,3,2026_03_LAC_BUF,BUF,LAC,2026-09-27T17:00:00Z,fanduel,player_receptions,rec_catches,Quentin Johnston,3.5,132,-178.0
2026-09-23T19-31-23Z,2026,3,2026_03_LAC_BUF,BUF,LAC,2026-09-27T17:00:00Z,fanduel,player_receptions,rec_catches,Tre Harris,2.5,-166,124.0
2026-09-23T19-31-23Z,2026,3,2026_03_LAC_BUF,BUF,LAC,2026-09-27T17:00:00Z,fanduel,player_receptions,rec_catches,DJ Moore,3.5,-140,106.0
2026-09-23T19-31-23Z,2026,3,2026_03_LAC_BUF,BUF,LAC,2026-09-27T17:00:00Z,fanduel,player_receptions,rec_catches,Omarion Hampton,1.5,-148,112.0
2026-09-23T19-31-23Z,2026,3,2026_03_LAC_BUF,BUF,LAC,2026-09-27T17:00:00Z,fanduel,player_receptions,rec_catches,Ladd McConkey,4.5,112,-148.0
2026-09-23T19-31-23Z,2026,3,2026_03_LAC_BUF,BUF,LAC,2026-09-27T17:00:00Z,fanduel,player_rush_yds,rush_yards,Justin Herbert,19.5,-114,-114.0
2026-09-23T19-31-23Z,2026,3,2026_03_LAC_BUF,BUF,LAC,2026-09-27T17:00:00Z,fanduel,player_rush_yds,rush_yards,Omarion Hampton,60.5,-114,-114.0
2026-09-23T19-31-23Z,2026,3,2026_03_LAC_BUF,BUF,LAC,2026-09-27T17:00:00Z,fanduel,player_rush_yds,rush_yards,James Cook,81.5,-114,-114.0
2026-09-23T19-31-23Z,2026,3,2026_03_LAC_BUF,BUF,LAC,2026-09-27T17:00:00Z,fanduel,player_rush_yds,rush_yards,Josh Allen,32.5,-114,-114.0
2026-09-23T19-31-23Z,2026,3,2026_03_LAC_BUF,BUF,LAC,2026-09-27T17:00:00Z,betrivers,player_anytime_td,anytime_td,Alec Ingold,,1700,
2026-09-23T19-31-23Z,2026,3,2026_03_LAC_BUF,BUF,LAC,2026-09-27T17:00:00Z,betrivers,player_anytime_td,anytime_td,Omarion Hampton,,-122,
2026-09-23T19-31-23Z,2026,3,2026_03_LAC_BUF,BUF,LAC,2026-09-27T17:00:00Z,betrivers,player_anytime_td,anytime_td,DJ Moore,,175,
2026-09-23T19-31-23Z,2026,3,2026_03_LAC_BUF,BUF,LAC,2026-09-27T17:00:00Z,betrivers,player_anytime_td,anytime_td,Justin Herbert,,430,
2026-09-23T19-31-23Z,2026,3,2026_03_LAC_BUF,BUF,LAC,2026-09-27T17:00:00Z,betrivers,player_anytime_td,anytime_td,Keaton Mitchell,,450,
2026-09-23T19-31-23Z,2026,3,2026_03_LAC_BUF,BUF,LAC,2026-09-27T17:00:00Z,betrivers,player_anytime_td,anytime_td,Derius Davis,,1000,
2026-09-23T19-31-23Z,2026,3,2026_03_LAC_BUF,BUF,LAC,2026-09-27T17:00:00Z,betrivers,player_anytime_td,anytime_td,Joshua Palmer,,650,
2026-09-23T19-31-23Z,2026,3,2026_03_LAC_BUF,BUF,LAC,2026-09-27T17:00:00Z,betrivers,player_anytime_td,anytime_td,Ty Johnson,,800,
2026-09-23T19-31-23Z,2026,3,2026_03_LAC_BUF,BUF,LAC,2026-09-27T17:00:00Z,betrivers,player_anytime_td,anytime_td,Dalton Kincaid,,200,
2026-09-23T19-31-23Z,2026,3,2026_03_LAC_BUF,BUF,LAC,2026-09-27T17:00:00Z,betrivers,player_anytime_td,anytime_td,Keleki Latu,,3500,
2026-09-23T19-31-23Z,2026,3,2026_03_LAC_BUF,BUF,LAC,2026-09-27T17:00:00Z,betrivers,player_anytime_td,anytime_td,Jackson Hawes,,1600,
2026-09-23T19-31-23Z,2026,3,2026_03_LAC_BUF,BUF,LAC,2026-09-27T17:00:00Z,betrivers,player_anytime_td,anytime_td,Ladd McConkey,,200,
2026-09-23T19-31-23Z,2026,3,2026_03_LAC_BUF,BUF,LAC,2026-09-27T17:00:00Z,betrivers,player_anytime_td,anytime_td,Oronde Gadsden II,,310,
2026-09-23T19-31-23Z,2026,3,2026_03_LAC_BUF,BUF,LAC,2026-09-27T17:00:00Z,betrivers,player_anytime_td,anytime_td,James Cook,,-190,
2026-09-23T19-31-23Z,2026,3,2026_03_LAC_BUF,BUF,LAC,2026-09-27T17:00:00Z,betrivers,player_anytime_td,anytime_td,Dawson Knox,,480,
2026-09-23T19-31-23Z,2026,3,2026_03_LAC_BUF,BUF,LAC,2026-09-27T17:00:00Z,betrivers,player_anytime_td,anytime_td,Keon Coleman,,475,
2026-09-23T19-31-23Z,2026,3,2026_03_LAC_BUF,BUF,LAC,2026-09-27T17:00:00Z,betrivers,player_anytime_td,anytime_td,Khalil Shakir,,200,
2026-09-23T19-31-23Z,2026,3,2026_03_LAC_BUF,BUF,LAC,2026-09-27T17:00:00Z,betrivers,player_anytime_td,anytime_td,Quentin Johnston,,250,
2026-09-23T19-31-23Z,2026,3,2026_03_LAC_BUF,BUF,LAC,2026-09-27T17:00:00Z,betrivers,player_anytime_td,anytime_td,Ray Davis,,800,
2026-09-23T19-31-23Z,2026,3,2026_03_LAC_BUF,BUF,LAC,2026-09-27T17:00:00Z,betrivers,player_anytime_td,anytime_td,Josh Allen,,-143,
2026-09-23T19-31-23Z,2026,3,2026_03_LAC_BUF,BUF,LAC,2026-09-27T17:00:00Z,betrivers,player_anytime_td,anytime_td,Gary Jennings,,2500,
2026-09-23T19-31-23Z,2026,3,2026_03_LAC_BUF,BUF,LAC,2026-09-27T17:00:00Z,betrivers,player_anytime_td,anytime_td,Kimani Vidal,,650,
2026-09-23T19-31-23Z,2026,3,2026_03_LAC_BUF,BUF,LAC,2026-09-27T17:00:00Z,betrivers,player_anytime_td,anytime_td,Brenen Thompson,,950,
2026-09-23T19-31-23Z,2026,3,2026_03_LAC_BUF,BUF,LAC,2026-09-27T17:00:00Z,betrivers,player_anytime_td,anytime_td,Tre Harris,,360,
2026-09-23T19-31-23Z,2026,3,2026_03_LAC_BUF,BUF,LAC,2026-09-27T17:00:00Z,betrivers,player_anytime_td,anytime_td,Skyler Bell,,1400,
2026-09-23T19-31-23Z,2026,3,2026_03_LAC_BUF,BUF,LAC,2026-09-27T17:00:00Z,betrivers,player_pass_yds,pass_yards,Josh Allen,236.5,-114,-117.0
2026-09-23T19-31-23Z,2026,3,2026_03_LAC_BUF,BUF,LAC,2026-09-27T17:00:00Z,betrivers,player_pass_yds,pass_yards,Justin Herbert,222.5,-114,-117.0
2026-09-23T19-31-23Z,2026,3,2026_03_LAC_BUF,BUF,LAC,2026-09-27T17:00:00Z,betrivers,player_reception_yds,rec_yards,Quentin Johnston,35.5,-115,-115.0
2026-09-23T19-31-23Z,2026,3,2026_03_LAC_BUF,BUF,LAC,2026-09-27T17:00:00Z,betrivers,player_reception_yds,rec_yards,Ladd McConkey,49.5,-114,-115.0
2026-09-23T19-31-23Z,2026,3,2026_03_LAC_BUF,BUF,LAC,2026-09-27T17:00:00Z,betrivers,player_reception_yds,rec_yards,DJ Moore,49.5,-114,-117.0
2026-09-23T19-31-23Z,2026,3,2026_03_LAC_BUF,BUF,LAC,2026-09-27T17:00:00Z,betrivers,player_reception_yds,rec_yards,Tre Harris,33.5,-114,-115.0
2026-09-23T19-31-23Z,2026,3,2026_03_LAC_BUF,BUF,LAC,2026-09-27T17:00:00Z,betrivers,player_reception_yds,rec_yards,Omarion Hampton,10.5,-110,-120.0
2026-09-23T19-31-23Z,2026,3,2026_03_LAC_BUF,BUF,LAC,2026-09-27T17:00:00Z,betrivers,player_receptions,rec_catches,Tre Harris,2.5,-157,
2026-09-23T19-31-23Z,2026,3,2026_03_LAC_BUF,BUF,LAC,2026-09-27T17:00:00Z,betrivers,player_receptions,rec_catches,Omarion Hampton,1.5,-139,
2026-09-23T19-31-23Z,2026,3,2026_03_LAC_BUF,BUF,LAC,2026-09-27T17:00:00Z,betrivers,player_receptions,rec_catches,DJ Moore,3.5,-143,
2026-09-23T19-31-23Z,2026,3,2026_03_LAC_BUF,BUF,LAC,2026-09-27T17:00:00Z,betrivers,player_receptions,rec_catches,Quentin Johnston,2.5,-182,
2026-09-23T19-31-23Z,2026,3,2026_03_LAC_BUF,BUF,LAC,2026-09-27T17:00:00Z,betrivers,player_receptions,rec_catches,Ladd McConkey,4.5,123,
2026-09-23T19-31-23Z,2026,3,2026_03_LAC_BUF,BUF,LAC,2026-09-27T17:00:00Z,betrivers,player_rush_yds,rush_yards,Josh Allen,32.5,-118,-113.0
2026-09-23T19-31-23Z,2026,3,2026_03_LAC_BUF,BUF,LAC,2026-09-27T17:00:00Z,betrivers,player_rush_yds,rush_yards,Omarion Hampton,60.5,-117,-114.0
2026-09-23T19-31-23Z,2026,3,2026_03_LAC_BUF,BUF,LAC,2026-09-27T17:00:00Z,betrivers,player_rush_yds,rush_yards,Justin Herbert,19.5,-117,-114.0
2026-09-23T19-31-23Z,2026,3,2026_03_LAC_BUF,BUF,LAC,2026-09-27T17:00:00Z,betrivers,player_rush_yds,rush_yards,James Cook,81.5,-115,-115.0
2026-09-23T19-31-23Z,2026,3,2026_03_LAC_BUF,BUF,LAC,2026-09-27T17:00:00Z,betonlineag,player_anytime_td,anytime_td,Josh Allen,,-200,
2026-09-23T19-31-23Z,2026,3,2026_03_LAC_BUF,BUF,LAC,2026-09-27T17:00:00Z,betonlineag,player_anytime_td,anytime_td,Khalil Shakir,,160,
2026-09-23T19-31-23Z,2026,3,2026_03_LAC_BUF,BUF,LAC,2026-09-27T17:00:00Z,betonlineag,player_anytime_td,anytime_td,Dawson Knox,,500,
2026-09-23T19-31-23Z,2026,3,2026_03_LAC_BUF,BUF,LAC,2026-09-27T17:00:00Z,betonlineag,player_anytime_td,anytime_td,Justin Herbert,,350,
2026-09-23T19-31-23Z,2026,3,2026_03_LAC_BUF,BUF,LAC,2026-09-27T17:00:00Z,betonlineag,player_anytime_td,anytime_td,James Cook,,-250,
2026-09-23T19-31-23Z,2026,3,2026_03_LAC_BUF,BUF,LAC,2026-09-27T17:00:00Z,betonlineag,player_anytime_td,anytime_td,Quentin Johnston,,220,
2026-09-23T19-31-23Z,2026,3,2026_03_LAC_BUF,BUF,LAC,2026-09-27T17:00:00Z,betonlineag,player_anytime_td,anytime_td,Ty Johnson,,700,
2026-09-23T19-31-23Z,2026,3,2026_03_LAC_BUF,BUF,LAC,2026-09-27T17:00:00Z,betonlineag,player_anytime_td,anytime_td,Joshua Palmer,,450,
2026-09-23T19-31-23Z,2026,3,2026_03_LAC_BUF,BUF,LAC,2026-09-27T17:00:00Z,betonlineag,player_anytime_td,anytime_td,Ladd McConkey,,200,
2026-09-23T19-31-23Z,2026,3,2026_03_LAC_BUF,BUF,LAC,2026-09-27T17:00:00Z,betonlineag,player_anytime_td,anytime_td,Keon Coleman,,400,
2026-09-23T19-31-23Z,2026,3,2026_03_LAC_BUF,BUF,LAC,2026-09-27T17:00:00Z,betonlineag,player_anytime_td,anytime_td,Ray Davis,,1000,
2026-09-23T19-31-23Z,2026,3,2026_03_LAC_BUF,BUF,LAC,2026-09-27T17:00:00Z,betonlineag,player_anytime_td,anytime_td,Kimani Vidal,,450,
2026-09-23T19-31-23Z,2026,3,2026_03_LAC_BUF,BUF,LAC,2026-09-27T17:00:00Z,betonlineag,player_anytime_td,anytime_td,Derius Davis,,1000,
2026-09-23T19-31-23Z,2026,3,2026_03_LAC_BUF,BUF,LAC,2026-09-27T17:00:00Z,betonlineag,player_anytime_td,anytime_td,Dalton Kincaid,,190,
2026-09-23T19-31-23Z,2026,3,2026_03_LAC_BUF,BUF,LAC,2026-09-27T17:00:00Z,betonlineag,player_anytime_td,anytime_td,Keleki Latu,,3400,
2026-09-23T19-31-23Z,2026,3,2026_03_LAC_BUF,BUF,LAC,2026-09-27T17:00:00Z,betonlineag,player_anytime_td,anytime_td,Alec Ingold,,1400,
2026-09-23T19-31-23Z,2026,3,2026_03_LAC_BUF,BUF,LAC,2026-09-27T17:00:00Z,betonlineag,player_anytime_td,anytime_td,Keaton Mitchell,,400,
2026-09-23T19-31-23Z,2026,3,2026_03_LAC_BUF,BUF,LAC,2026-09-27T17:00:00Z,betonlineag,player_anytime_td,anytime_td,Jackson Hawes,,1000,
2026-09-23T19-31-23Z,2026,3,2026_03_LAC_BUF,BUF,LAC,2026-09-27T17:00:00Z,betonlineag,player_anytime_td,anytime_td,Omarion Hampton,,-143,
2026-09-23T19-31-23Z,2026,3,2026_03_LAC_BUF,BUF,LAC,2026-09-27T17:00:00Z,betonlineag,player_anytime_td,anytime_td,DJ Moore,,140,
2026-09-23T19-31-23Z,2026,3,2026_03_LAC_BUF,BUF,LAC,2026-09-27T17:00:00Z,betonlineag,player_anytime_td,anytime_td,Tre Harris,,400,
2026-09-23T19-31-23Z,2026,3,2026_03_LAC_BUF,BUF,LAC,2026-09-27T17:00:00Z,betonlineag,player_anytime_td,anytime_td,Oronde Gadsden II,,280,
2026-09-23T19-31-23Z,2026,3,2026_03_LAC_BUF,BUF,LAC,2026-09-27T17:00:00Z,betonlineag,player_anytime_td,anytime_td,Skyler Bell,,1300,
2026-09-23T19-31-23Z,2026,3,2026_03_LAC_BUF,BUF,LAC,2026-09-27T17:00:00Z,betonlineag,player_anytime_td,anytime_td,Brenen Thompson,,1000,
2026-09-23T19-31-23Z,2026,3,2026_03_LAC_BUF,BUF,LAC,2026-09-27T17:00:00Z,betonlineag,player_pass_yds,pass_yards,Josh Allen,238.5,-115,-112.0
2026-09-23T19-31-23Z,2026,3,2026_03_LAC_BUF,BUF,LAC,2026-09-27T17:00:00Z,betonlineag,player_pass_yds,pass_yards,Justin Herbert,222.5,-115,-112.0
2026-09-23T19-31-23Z,2026,3,2026_03_LAC_BUF,BUF,LAC,2026-09-27T17:00:00Z,betonlineag,player_reception_yds,rec_yards,DJ Moore,49.5,-114,-114.0
2026-09-23T19-31-23Z,2026,3,2026_03_LAC_BUF,BUF,LAC,2026-09-27T17:00:00Z,betonlineag,player_reception_yds,rec_yards,Tre Harris,33.5,-114,-114.0
2026-09-23T19-31-23Z,2026,3,2026_03_LAC_BUF,BUF,LAC,2026-09-27T17:00:00Z,betonlineag,player_reception_yds,rec_yards,Quentin Johnston,35.5,-114,-114.0
2026-09-23T19-31-23Z,2026,3,2026_03_LAC_BUF,BUF,LAC,2026-09-27T17:00:00Z,betonlineag,player_reception_yds,rec_yards,Ladd McConkey,52.5,-114,-114.0
2026-09-23T19-31-23Z,2026,3,2026_03_LAC_BUF,BUF,LAC,2026-09-27T17:00:00Z,betonlineag,player_reception_yds,rec_yards,Omarion Hampton,11.5,-114,-114.0
2026-09-23T19-31-23Z,2026,3,2026_03_LAC_BUF,BUF,LAC,2026-09-27T17:00:00Z,betonlineag,player_receptions,rec_catches,Quentin Johnston,3.5,126,-164.0
2026-09-23T19-31-23Z,2026,3,2026_03_LAC_BUF,BUF,LAC,2026-09-27T17:00:00Z,betonlineag,player_receptions,rec_catches,Omarion Hampton,1.5,-143,110.0
2026-09-23T19-31-23Z,2026,3,2026_03_LAC_BUF,BUF,LAC,2026-09-27T17:00:00Z,betonlineag,player_receptions,rec_catches,Tre Harris,2.5,-154,119.0
2026-09-23T19-31-23Z,2026,3,2026_03_LAC_BUF,BUF,LAC,2026-09-27T17:00:00Z,betonlineag,player_receptions,rec_catches,DJ Moore,3.5,-139,107.0
2026-09-23T19-31-23Z,2026,3,2026_03_LAC_BUF,BUF,LAC,2026-09-27T17:00:00Z,betonlineag,player_receptions,rec_catches,Ladd McConkey,4.5,115,-149.0
2026-09-23T19-31-23Z,2026,3,2026_03_LAC_BUF,BUF,LAC,2026-09-27T17:00:00Z,betonlineag,player_rush_yds,rush_yards,Justin Herbert,19.5,-114,-114.0
2026-09-23T19-31-23Z,2026,3,2026_03_LAC_BUF,BUF,LAC,2026-09-27T17:00:00Z,betonlineag,player_rush_yds,rush_yards,James Cook,81.5,-114,-114.0
2026-09-23T19-31-23Z,2026,3,2026_03_LAC_BUF,BUF,LAC,2026-09-27T17:00:00Z,betonlineag,player_rush_yds,rush_yards,Josh Allen,34.5,-114,-114.0
2026-09-23T19-31-23Z,2026,3,2026_03_LAC_BUF,BUF,LAC,2026-09-27T17:00:00Z,betonlineag,player_rush_yds,rush_yards,Omarion Hampton,60.5,-114,-114.0
2026-09-23T19-31-23Z,2026,3,2026_03_LAC_BUF,BUF,LAC,2026-09-27T17:00:00Z,betmgm,player_anytime_td,anytime_td,Ty Johnson,,425,
2026-09-23T19-31-23Z,2026,3,2026_03_LAC_BUF,BUF,LAC,2026-09-27T17:00:00Z,betmgm,player_anytime_td,anytime_td,Kimani Vidal,,700,
2026-09-23T19-31-23Z,2026,3,2026_03_LAC_BUF,BUF,LAC,2026-09-27T17:00:00Z,betmgm,player_anytime_td,anytime_td,Ladd McConkey,,220,
2026-09-23T19-31-23Z,2026,3,2026_03_LAC_BUF,BUF,LAC,2026-09-27T17:00:00Z,betmgm,player_anytime_td,anytime_td,Derius Davis,,1750,
2026-09-23T19-31-23Z,2026,3,2026_03_LAC_BUF,BUF,LAC,2026-09-27T17:00:00Z,betmgm,player_anytime_td,anytime_td,Keaton Mitchell,,475,
2026-09-23T19-31-23Z,2026,3,2026_03_LAC_BUF,BUF,LAC,2026-09-27T17:00:00Z,betmgm,player_anytime_td,anytime_td,Alec Ingold,,2500,
2026-09-23T19-31-23Z,2026,3,2026_03_LAC_BUF,BUF,LAC,2026-09-27T17:00:00Z,betmgm,player_anytime_td,anytime_td,Josh Allen,,-140,
2026-09-23T19-31-23Z,2026,3,2026_03_LAC_BUF,BUF,LAC,2026-09-27T17:00:00Z,betmgm,player_anytime_td,anytime_td,DJ Moore,,180,
2026-09-23T19-31-23Z,2026,3,2026_03_LAC_BUF,BUF,LAC,2026-09-27T17:00:00Z,betmgm,player_anytime_td,anytime_td,Los Angeles Chargers D/ST,,775,
2026-09-23T19-31-23Z,2026,3,2026_03_LAC_BUF,BUF,LAC,2026-09-27T17:00:00Z,betmgm,player_anytime_td,anytime_td,Jackson Hawes,,1150,
2026-09-23T19-31-23Z,2026,3,2026_03_LAC_BUF,BUF,LAC,2026-09-27T17:00:00Z,betmgm,player_anytime_td,anytime_td,Dalton Kincaid,,145,
2026-09-23T19-31-23Z,2026,3,2026_03_LAC_BUF,BUF,LAC,2026-09-27T17:00:00Z,betmgm,player_anytime_td,anytime_td,Tre Harris,,325,
2026-09-23T19-31-23Z,2026,3,2026_03_LAC_BUF,BUF,LAC,2026-09-27T17:00:00Z,betmgm,player_anytime_td,anytime_td,Buffalo Bills D/ST,,500,
2026-09-23T19-31-23Z,2026,3,2026_03_LAC_BUF,BUF,LAC,2026-09-27T17:00:00Z,betmgm,player_anytime_td,anytime_td,James Cook,,-165,
2026-09-23T19-31-23Z,2026,3,2026_03_LAC_BUF,BUF,LAC,2026-09-27T17:00:00Z,betmgm,player_anytime_td,anytime_td,Justin Herbert,,400,
2026-09-23T19-31-23Z,2026,3,2026_03_LAC_BUF,BUF,LAC,2026-09-27T17:00:00Z,betmgm,player_anytime_td,anytime_td,Ray Davis,,775,
2026-09-23T19-31-23Z,2026,3,2026_03_LAC_BUF,BUF,LAC,2026-09-27T17:00:00Z,betmgm,player_anytime_td,anytime_td,Brenen Thompson,,1050,
2026-09-23T19-31-23Z,2026,3,2026_03_LAC_BUF,BUF,LAC,2026-09-27T17:00:00Z,betmgm,player_anytime_td,anytime_td,Oronde Gadsden II,,240,
2026-09-23T19-31-23Z,2026,3,2026_03_LAC_BUF,BUF,LAC,2026-09-27T17:00:00Z,betmgm,player_anytime_td,anytime_td,Quentin Johnston,,290,
2026-09-23T19-31-23Z,2026,3,2026_03_LAC_BUF,BUF,LAC,2026-09-27T17:00:00Z,betmgm,player_anytime_td,anytime_td,Dawson Knox,,475,
2026-09-23T19-31-23Z,2026,3,2026_03_LAC_BUF,BUF,LAC,2026-09-27T17:00:00Z,betmgm,player_anytime_td,anytime_td,Omarion Hampton,,-105,
2026-09-23T19-31-23Z,2026,3,2026_03_LAC_BUF,BUF,LAC,2026-09-27T17:00:00Z,bovada,player_anytime_td,anytime_td,James Cook,,-210,
2026-09-23T19-31-23Z,2026,3,2026_03_LAC_BUF,BUF,LAC,2026-09-27T17:00:00Z,bovada,player_anytime_td,anytime_td,Ladd McConkey,,230,
2026-09-23T19-31-23Z,2026,3,2026_03_LAC_BUF,BUF,LAC,2026-09-27T17:00:00Z,bovada,player_anytime_td,anytime_td,Omarion Hampton,,-136,
2026-09-23T19-31-23Z,2026,3,2026_03_LAC_BUF,BUF,LAC,2026-09-27T17:00:00Z,bovada,player_anytime_td,anytime_td,Josh Allen,,-157,
2026-09-23T19-31-23Z,2026,3,2026_03_LAC_BUF,BUF,LAC,2026-09-27T17:00:00Z,bovada,player_anytime_td,anytime_td,Quentin Johnston,,250,
2026-09-23T19-31-23Z,2026,3,2026_03_LAC_BUF,BUF,LAC,2026-09-27T17:00:00Z,bovada,player_anytime_td,anytime_td,Khalil Shakir,,180,
2026-09-23T19-31-23Z,2026,3,2026_03_LAC_BUF,BUF,LAC,2026-09-27T17:00:00Z,bovada,player_anytime_td,anytime_td,DJ Moore,,165,
2026-09-23T19-31-23Z,2026,3,2026_03_LAC_BUF,BUF,LAC,2026-09-27T17:00:00Z,bovada,player_anytime_td,anytime_td,Dalton Kincaid,,195,
2026-09-23T19-31-23Z,2026,3,2026_03_LAC_BUF,BUF,LAC,2026-09-27T17:00:00Z,bovada,player_anytime_td,anytime_td,Dawson Knox,,500,
2026-09-23T19-31-23Z,2026,3,2026_03_LAC_BUF,BUF,LAC,2026-09-27T17:00:00Z,bovada,player_anytime_td,anytime_td,Justin Herbert,,460,
2026-09-23T19-31-23Z,2026,3,2026_03_LAC_BUF,BUF,LAC,2026-09-27T17:00:00Z,bovada,player_anytime_td,anytime_td,Tre Harris,,460,
2026-09-23T19-31-23Z,2026,3,2026_03_LAC_BUF,BUF,LAC,2026-09-27T17:00:00Z,bovada,player_anytime_td,anytime_td,Oronde Gadsden II,,310,
2026-09-23T19-31-23Z,2026,3,2026_03_LAC_BUF,BUF,LAC,2026-09-27T17:00:00Z,bovada,player_anytime_td,anytime_td,Keaton Mitchell,,500,
2026-09-23T19-31-23Z,2026,3,2026_03_LAC_BUF,BUF,LAC,2026-09-27T17:00:00Z,bovada,player_anytime_td,anytime_td,Buffalo Bills D/ST,,525,
2026-09-23T19-31-23Z,2026,3,2026_03_LAC_BUF,BUF,LAC,2026-09-27T17:00:00Z,bovada,player_anytime_td,anytime_td,Los Angeles Chargers D/ST,,700,
2026-09-23T19-31-23Z,2026,3,2026_03_LAC_BUF,BUF,LAC,2026-09-27T17:00:00Z,bovada,player_pass_yds,pass_yards,Josh Allen,243.5,-115,-115.0
2026-09-23T19-31-23Z,2026,3,2026_03_LAC_BUF,BUF,LAC,2026-09-27T17:00:00Z,bovada,player_pass_yds,pass_yards,Justin Herbert,218.5,-115,-115.0
2026-09-23T19-31-23Z,2026,3,2026_03_LAC_BUF,BUF,LAC,2026-09-27T17:00:00Z,bovada,player_reception_yds,rec_yards,DJ Moore,50.5,-115,-115.0
2026-09-23T19-31-23Z,2026,3,2026_03_LAC_BUF,BUF,LAC,2026-09-27T17:00:00Z,bovada,player_reception_yds,rec_yards,Ladd McConkey,51.5,-115,-115.0
2026-09-23T19-31-23Z,2026,3,2026_03_LAC_BUF,BUF,LAC,2026-09-27T17:00:00Z,bovada,player_reception_yds,rec_yards,Omarion Hampton,11.5,-120,-110.0
2026-09-23T19-31-23Z,2026,3,2026_03_LAC_BUF,BUF,LAC,2026-09-27T17:00:00Z,bovada,player_reception_yds,rec_yards,Quentin Johnston,34.5,-115,-115.0
2026-09-23T19-31-23Z,2026,3,2026_03_LAC_BUF,BUF,LAC,2026-09-27T17:00:00Z,bovada,player_reception_yds,rec_yards,Tre Harris,32.5,-115,-115.0
2026-09-23T19-31-23Z,2026,3,2026_03_LAC_BUF,BUF,LAC,2026-09-27T17:00:00Z,bovada,player_receptions,rec_catches,DJ Moore,3.5,-150,115.0
2026-09-23T19-31-23Z,2026,3,2026_03_LAC_BUF,BUF,LAC,2026-09-27T17:00:00Z,bovada,player_receptions,rec_catches,Ladd McConkey,4.5,120,-160.0
2026-09-23T19-31-23Z,2026,3,2026_03_LAC_BUF,BUF,LAC,2026-09-27T17:00:00Z,bovada,player_receptions,rec_catches,Omarion Hampton,1.5,-150,115.0
2026-09-23T19-31-23Z,2026,3,2026_03_LAC_BUF,BUF,LAC,2026-09-27T17:00:00Z,bovada,player_receptions,rec_catches,Quentin Johnston,3.5,130,-170.0
2026-09-23T19-31-23Z,2026,3,2026_03_LAC_BUF,BUF,LAC,2026-09-27T17:00:00Z,bovada,player_receptions,rec_catches,Tre Harris,2.5,-170,130.0
2026-09-23T19-31-23Z,2026,3,2026_03_LAC_BUF,BUF,LAC,2026-09-27T17:00:00Z,bovada,player_rush_yds,rush_yards,James Cook,82.5,-115,-115.0
2026-09-23T19-31-23Z,2026,3,2026_03_LAC_BUF,BUF,LAC,2026-09-27T17:00:00Z,bovada,player_rush_yds,rush_yards,Josh Allen,35.5,-115,-115.0
2026-09-23T19-31-23Z,2026,3,2026_03_LAC_BUF,BUF,LAC,2026-09-27T17:00:00Z,bovada,player_rush_yds,rush_yards,Justin Herbert,19.5,-115,-115.0
2026-09-23T19-31-23Z,2026,3,2026_03_LAC_BUF,BUF,LAC,2026-09-27T17:00:00Z,bovada,player_rush_yds,rush_yards,Omarion Hampton,60.5,-115,-115.0
2026-09-23T19-31-23Z,2026,3,2026_03_CAR_CLE,CLE,CAR,2026-09-27T17:00:00Z,draftkings,player_anytime_td,anytime_td,Chuba Hubbard,,-125,
2026-09-23T19-31-23Z,2026,3,2026_03_CAR_CLE,CLE,CAR,2026-09-27T17:00:00Z,draftkings,player_anytime_td,anytime_td,Quinshon Judkins,,125,
2026-09-23T19-31-23Z,2026,3,2026_03_CAR_CLE,CLE,CAR,2026-09-27T17:00:00Z,draftkings,player_anytime_td,anytime_td,Tetairoa McMillan,,175,
2026-09-23T19-31-23Z,2026,3,2026_03_CAR_CLE,CLE,CAR,2026-09-27T17:00:00Z,draftkings,player_anytime_td,anytime_td,Jalen Coker,,235,
2026-09-23T19-31-23Z,2026,3,2026_03_CAR_CLE,CLE,CAR,2026-09-27T17:00:00Z,draftkings,player_anytime_td,anytime_td,Harold Fannin Jr.,,260,
2026-09-23T19-31-23Z,2026,3,2026_03_CAR_CLE,CLE,CAR,2026-09-27T17:00:00Z,draftkings,player_anytime_td,anytime_td,Denzel Boston,,310,
2026-09-23T19-31-23Z,2026,3,2026_03_CAR_CLE,CLE,CAR,2026-09-27T17:00:00Z,draftkings,player_anytime_td,anytime_td,Deshaun Watson,,320,
2026-09-23T19-31-23Z,2026,3,2026_03_CAR_CLE,CLE,CAR,2026-09-27T17:00:00Z,draftkings,player_anytime_td,anytime_td,KC Concepcion,,330,
2026-09-23T19-31-23Z,2026,3,2026_03_CAR_CLE,CLE,CAR,2026-09-27T17:00:00Z,draftkings,player_anytime_td,anytime_td,Bryce Young,,400,
2026-09-23T19-31-23Z,2026,3,2026_03_CAR_CLE,CLE,CAR,2026-09-27T17:00:00Z,draftkings,player_anytime_td,anytime_td,Jerry Jeudy,,450,
2026-09-23T19-31-23Z,2026,3,2026_03_CAR_CLE,CLE,CAR,2026-09-27T17:00:00Z,draftkings,player_anytime_td,anytime_td,Darren Waller,,450,
2026-09-23T19-31-23Z,2026,3,2026_03_CAR_CLE,CLE,CAR,2026-09-27T17:00:00Z,draftkings,player_anytime_td,anytime_td,Raheim Sanders,,500,
2026-09-23T19-31-23Z,2026,3,2026_03_CAR_CLE,CLE,CAR,2026-09-27T17:00:00Z,draftkings,player_anytime_td,anytime_td,Carolina Panthers D/ST,,500,
2026-09-23T19-31-23Z,2026,3,2026_03_CAR_CLE,CLE,CAR,2026-09-27T17:00:00Z,draftkings,player_anytime_td,anytime_td,Cleveland Browns D/ST,,600,
2026-09-23T19-31-23Z,2026,3,2026_03_CAR_CLE,CLE,CAR,2026-09-27T17:00:00Z,draftkings,player_anytime_td,anytime_td,Tommy Tremble,,650,
2026-09-23T19-31-23Z,2026,3,2026_03_CAR_CLE,CLE,CAR,2026-09-27T17:00:00Z,draftkings,player_anytime_td,anytime_td,Xavier Legette,,650,
2026-09-23T19-31-23Z,2026,3,2026_03_CAR_CLE,CLE,CAR,2026-09-27T17:00:00Z,draftkings,player_anytime_td,anytime_td,Jaleel McLaughlin,,700,
2026-09-23T19-31-23Z,2026,3,2026_03_CAR_CLE,CLE,CAR,2026-09-27T17:00:00Z,draftkings,player_anytime_td,anytime_td,Mitchell Evans,,850,
2026-09-23T19-31-23Z,2026,3,2026_03_CAR_CLE,CLE,CAR,2026-09-27T17:00:00Z,draftkings,player_anytime_td,anytime_td,Michael Burton,,2200,
2026-09-23T19-31-23Z,2026,3,2026_03_CAR_CLE,CLE,CAR,2026-09-27T17:00:00Z,betonlineag,player_anytime_td,anytime_td,Tommy Tremble,,600,
2026-09-23T19-31-23Z,2026,3,2026_03_CAR_CLE,CLE,CAR,2026-09-27T17:00:00Z,betonlineag,player_anytime_td,anytime_td,Chuba Hubbard,,-167,
2026-09-23T19-31-23Z,2026,3,2026_03_CAR_CLE,CLE,CAR,2026-09-27T17:00:00Z,betonlineag,player_anytime_td,anytime_td,Deshaun Watson,,300,
2026-09-23T19-31-23Z,2026,3,2026_03_CAR_CLE,CLE,CAR,2026-09-27T17:00:00Z,betonlineag,player_anytime_td,anytime_td,Blake Whiteheart,,2400,
2026-09-23T19-31-23Z,2026,3,2026_03_CAR_CLE,CLE,CAR,2026-09-27T17:00:00Z,betonlineag,player_anytime_td,anytime_td,Jalen Coker,,200,
2026-09-23T19-31-23Z,2026,3,2026_03_CAR_CLE,CLE,CAR,2026-09-27T17:00:00Z,betonlineag,player_anytime_td,anytime_td,Bryce Young,,350,
2026-09-23T19-31-23Z,2026,3,2026_03_CAR_CLE,CLE,CAR,2026-09-27T17:00:00Z,betonlineag,player_anytime_td,anytime_td,Feleipe Franks,,3400,
2026-09-23T19-31-23Z,2026,3,2026_03_CAR_CLE,CLE,CAR,2026-09-27T17:00:00Z,betonlineag,player_anytime_td,anytime_td,Xavier Legette,,450,
2026-09-23T19-31-23Z,2026,3,2026_03_CAR_CLE,CLE,CAR,2026-09-27T17:00:00Z,betonlineag,player_anytime_td,anytime_td,Jerry Jeudy,,400,
2026-09-23T19-31-23Z,2026,3,2026_03_CAR_CLE,CLE,CAR,2026-09-27T17:00:00Z,betonlineag,player_anytime_td,anytime_td,Jonathon Brooks,,260,
2026-09-23T19-31-23Z,2026,3,2026_03_CAR_CLE,CLE,CAR,2026-09-27T17:00:00Z,betonlineag,player_anytime_td,anytime_td,Mitchell Evans,,900,
2026-09-23T19-31-23Z,2026,3,2026_03_CAR_CLE,CLE,CAR,2026-09-27T17:00:00Z,betonlineag,player_anytime_td,anytime_td,Brycen Tremayne,,1900,
2026-09-23T19-31-23Z,2026,3,2026_03_CAR_CLE,CLE,CAR,2026-09-27T17:00:00Z,betonlineag,player_anytime_td,anytime_td,Isaiah Bond,,1700,
2026-09-23T19-31-23Z,2026,3,2026_03_CAR_CLE,CLE,CAR,2026-09-27T17:00:00Z,betonlineag,player_anytime_td,anytime_td,Harold Fannin Jr.,,240,
2026-09-23T19-31-23Z,2026,3,2026_03_CAR_CLE,CLE,CAR,2026-09-27T17:00:00Z,betonlineag,player_anytime_td,anytime_td,Malachi Corley,,2400,
2026-09-23T19-31-23Z,2026,3,2026_03_CAR_CLE,CLE,CAR,2026-09-27T17:00:00Z,betonlineag,player_anytime_td,anytime_td,Tetairoa McMillan,,170,
2026-09-23T19-31-23Z,2026,3,2026_03_CAR_CLE,CLE,CAR,2026-09-27T17:00:00Z,betonlineag,player_anytime_td,anytime_td,Quinshon Judkins,,120,
2026-09-23T19-31-23Z,2026,3,2026_03_CAR_CLE,CLE,CAR,2026-09-27T17:00:00Z,betonlineag,player_anytime_td,anytime_td,Raheim Sanders,,450,
2026-09-23T19-31-23Z,2026,3,2026_03_CAR_CLE,CLE,CAR,2026-09-27T17:00:00Z,betonlineag,player_anytime_td,anytime_td,Michael Burton,,1900,
2026-09-23T19-31-23Z,2026,3,2026_03_CAR_CLE,CLE,CAR,2026-09-27T17:00:00Z,betonlineag,player_anytime_td,anytime_td,John Metchie III,,1100,
2026-09-23T19-31-23Z,2026,3,2026_03_CAR_CLE,CLE,CAR,2026-09-27T17:00:00Z,betonlineag,player_anytime_td,anytime_td,Tylan Wallace,,1300,
2026-09-23T19-31-23Z,2026,3,2026_03_CAR_CLE,CLE,CAR,2026-09-27T17:00:00Z,betonlineag,player_anytime_td,anytime_td,KC Concepcion,,300,
2026-09-23T19-31-23Z,2026,3,2026_03_CAR_CLE,CLE,CAR,2026-09-27T17:00:00Z,betonlineag,player_anytime_td,anytime_td,Denzel Boston,,260,
2026-09-23T19-31-23Z,2026,3,2026_03_CAR_CLE,CLE,CAR,2026-09-27T17:00:00Z,betonlineag,player_anytime_td,anytime_td,Carsen Ryan,,2900,
2026-09-23T19-31-23Z,2026,3,2026_03_CAR_CLE,CLE,CAR,2026-09-27T17:00:00Z,betonlineag,player_anytime_td,anytime_td,Darren Waller,,400,
2026-09-23T19-31-23Z,2026,3,2026_03_CAR_CLE,CLE,CAR,2026-09-27T17:00:00Z,betmgm,player_anytime_td,anytime_td,Cleveland Browns D/ST,,500,
2026-09-23T19-31-23Z,2026,3,2026_03_CAR_CLE,CLE,CAR,2026-09-27T17:00:00Z,betmgm,player_anytime_td,anytime_td,Carolina Panthers D/ST,,450,
2026-09-23T19-31-23Z,2026,3,2026_03_CAR_CLE,CLE,CAR,2026-09-27T17:00:00Z,betmgm,player_anytime_td,anytime_td,Blake Whiteheart,,1350,
2026-09-23T19-31-23Z,2026,3,2026_03_CAR_CLE,CLE,CAR,2026-09-27T17:00:00Z,betmgm,player_anytime_td,anytime_td,Raheim Sanders,,500,
2026-09-23T19-31-23Z,2026,3,2026_03_CAR_CLE,CLE,CAR,2026-09-27T17:00:00Z,betmgm,player_anytime_td,anytime_td,Jaleel McLaughlin,,1050,
2026-09-23T19-31-23Z,2026,3,2026_03_CAR_CLE,CLE,CAR,2026-09-27T17:00:00Z,betmgm,player_anytime_td,anytime_td,Darren Waller,,400,
2026-09-23T19-31-23Z,2026,3,2026_03_CAR_CLE,CLE,CAR,2026-09-27T17:00:00Z,betmgm,player_anytime_td,anytime_td,Jalen Coker,,210,
2026-09-23T19-31-23Z,2026,3,2026_03_CAR_CLE,CLE,CAR,2026-09-27T17:00:00Z,betmgm,player_anytime_td,anytime_td,Mitchell Evans,,750,
2026-09-23T19-31-23Z,2026,3,2026_03_CAR_CLE,CLE,CAR,2026-09-27T17:00:00Z,betmgm,player_anytime_td,anytime_td,Tetairoa McMillan,,155,
2026-09-23T19-31-23Z,2026,3,2026_03_CAR_CLE,CLE,CAR,2026-09-27T17:00:00Z,betmgm,player_anytime_td,anytime_td,KC Concepcion,,270,
2026-09-23T19-31-23Z,2026,3,2026_03_CAR_CLE,CLE,CAR,2026-09-27T17:00:00Z,betmgm,player_anytime_td,anytime_td,Tommy Tremble,,625,
2026-09-23T19-31-23Z,2026,3,2026_03_CAR_CLE,CLE,CAR,2026-09-27T17:00:00Z,betmgm,player_anytime_td,anytime_td,Chuba Hubbard,,-140,
2026-09-23T19-31-23Z,2026,3,2026_03_CAR_CLE,CLE,CAR,2026-09-27T17:00:00Z,betmgm,player_anytime_td,anytime_td,Bryce Young,,500,
2026-09-23T19-31-23Z,2026,3,2026_03_CAR_CLE,CLE,CAR,2026-09-27T17:00:00Z,betmgm,player_anytime_td,anytime_td,Jerry Jeudy,,375,
2026-09-23T19-31-23Z,2026,3,2026_03_CAR_CLE,CLE,CAR,2026-09-27T17:00:00Z,betmgm,player_anytime_td,anytime_td,Denzel Boston,,240,
2026-09-23T19-31-23Z,2026,3,2026_03_CAR_CLE,CLE,CAR,2026-09-27T17:00:00Z,betmgm,player_anytime_td,anytime_td,Deshaun Watson,,320,
2026-09-23T19-31-23Z,2026,3,2026_03_CAR_CLE,CLE,CAR,2026-09-27T17:00:00Z,betmgm,player_anytime_td,anytime_td,Tylan Wallace,,2800,
2026-09-23T19-31-23Z,2026,3,2026_03_CAR_CLE,CLE,CAR,2026-09-27T17:00:00Z,betmgm,player_anytime_td,anytime_td,Quinshon Judkins,,105,
2026-09-23T19-31-23Z,2026,3,2026_03_CAR_CLE,CLE,CAR,2026-09-27T17:00:00Z,betmgm,player_anytime_td,anytime_td,John Metchie III,,1600,
2026-09-23T19-31-23Z,2026,3,2026_03_CAR_CLE,CLE,CAR,2026-09-27T17:00:00Z,betmgm,player_anytime_td,anytime_td,Harold Fannin Jr.,,250,
2026-09-23T19-31-23Z,2026,3,2026_03_CAR_CLE,CLE,CAR,2026-09-27T17:00:00Z,betmgm,player_anytime_td,anytime_td,Xavier Legette,,450,
2026-09-23T19-31-23Z,2026,3,2026_03_CAR_CLE,CLE,CAR,2026-09-27T17:00:00Z,betmgm,player_anytime_td,anytime_td,Isaiah Bond,,2200,
2026-09-23T19-31-23Z,2026,3,2026_03_CAR_CLE,CLE,CAR,2026-09-27T17:00:00Z,betmgm,player_anytime_td,anytime_td,Carsen Ryan,,2800,
2026-09-23T19-31-23Z,2026,3,2026_03_CAR_CLE,CLE,CAR,2026-09-27T17:00:00Z,betmgm,player_anytime_td,anytime_td,Michael Burton,,3000,
2026-09-23T19-31-23Z,2026,3,2026_03_CAR_CLE,CLE,CAR,2026-09-27T17:00:00Z,betmgm,player_anytime_td,anytime_td,Malachi Corley,,2800,
2026-09-23T19-31-23Z,2026,3,2026_03_CAR_CLE,CLE,CAR,2026-09-27T17:00:00Z,betmgm,player_anytime_td,anytime_td,Brycen Tremayne,,2500,
2026-09-23T19-31-23Z,2026,3,2026_03_CAR_CLE,CLE,CAR,2026-09-27T17:00:00Z,bovada,player_anytime_td,anytime_td,Deshaun Watson,,215,
2026-09-23T19-31-23Z,2026,3,2026_03_CAR_CLE,CLE,CAR,2026-09-27T17:00:00Z,bovada,player_anytime_td,anytime_td,Bryce Young,,460,
2026-09-23T19-31-23Z,2026,3,2026_03_CAR_CLE,CLE,CAR,2026-09-27T17:00:00Z,bovada,player_anytime_td,anytime_td,Jalen Coker,,145,
2026-09-23T19-31-23Z,2026,3,2026_03_CAR_CLE,CLE,CAR,2026-09-27T17:00:00Z,bovada,player_anytime_td,anytime_td,Tommy Tremble,,440,
2026-09-23T19-31-23Z,2026,3,2026_03_CAR_CLE,CLE,CAR,2026-09-27T17:00:00Z,bovada,player_anytime_td,anytime_td,Carolina Panthers D/ST,,525,
2026-09-23T19-31-23Z,2026,3,2026_03_CAR_CLE,CLE,CAR,2026-09-27T17:00:00Z,bovada,player_anytime_td,anytime_td,Cleveland Browns D/ST,,600,
2026-09-23T19-31-23Z,2026,3,2026_03_CAR_CLE,CLE,CAR,2026-09-27T17:00:00Z,bovada,player_anytime_td,anytime_td,Xavier Legette,,440,
2026-09-23T19-31-23Z,2026,3,2026_03_CAR_CLE,CLE,CAR,2026-09-27T17:00:00Z,bovada,player_anytime_td,anytime_td,Chuba Hubbard,,100,
2026-09-23T19-31-23Z,2026,3,2026_03_CIN_PIT,PIT,CIN,2026-09-27T17:00:00Z,draftkings,player_anytime_td,anytime_td,Chase Brown,,-125,
2026-09-23T19-31-23Z,2026,3,2026_03_CIN_PIT,PIT,CIN,2026-09-27T17:00:00Z,draftkings,player_anytime_td,anytime_td,Ja'Marr Chase,,125,
2026-09-23T19-31-23Z,2026,3,2026_03_CIN_PIT,PIT,CIN,2026-09-27T17:00:00Z,draftkings,player_anytime_td,anytime_td,Jaylen Warren,,150,
2026-09-23T19-31-23Z,2026,3,2026_03_CIN_PIT,PIT,CIN,2026-09-27T17:00:00Z,draftkings,player_anytime_td,anytime_td,Tee Higgins,,165,
2026-09-23T19-31-23Z,2026,3,2026_03_CIN_PIT,PIT,CIN,2026-09-27T17:00:00Z,draftkings,player_anytime_td,anytime_td,Rico Dowdle,,200,
2026-09-23T19-31-23Z,2026,3,2026_03_CIN_PIT,PIT,CIN,2026-09-27T17:00:00Z,draftkings,player_anytime_td,anytime_td,DK Metcalf,,260,
2026-09-23T19-31-23Z,2026,3,2026_03_CIN_PIT,PIT,CIN,2026-09-27T17:00:00Z,draftkings,player_anytime_td,anytime_td,Mike Gesicki,,380,
2026-09-23T19-31-23Z,2026,3,2026_03_CIN_PIT,PIT,CIN,2026-09-27T17:00:00Z,draftkings,player_anytime_td,anytime_td,Pat Freiermuth,,425,
2026-09-23T19-31-23Z,2026,3,2026_03_CIN_PIT,PIT,CIN,2026-09-27T17:00:00Z,draftkings,player_anytime_td,anytime_td,Cincinnati Bengals D/ST,,450,
2026-09-23T19-31-23Z,2026,3,2026_03_CIN_PIT,PIT,CIN,2026-09-27T17:00:00Z,draftkings,player_anytime_td,anytime_td,Roman Wilson,,475,
2026-09-23T19-31-23Z,2026,3,2026_03_CIN_PIT,PIT,CIN,2026-09-27T17:00:00Z,draftkings,player_anytime_td,anytime_td,Michael Pittman Jr.,,475,
2026-09-23T19-31-23Z,2026,3,2026_03_CIN_PIT,PIT,CIN,2026-09-27T17:00:00Z,draftkings,player_anytime_td,anytime_td,Pittsburgh Steelers D/ST,,500,
2026-09-23T19-31-23Z,2026,3,2026_03_CIN_PIT,PIT,CIN,2026-09-27T17:00:00Z,draftkings,player_anytime_td,anytime_td,Joe Burrow,,650,
2026-09-23T19-31-23Z,2026,3,2026_03_CIN_PIT,PIT,CIN,2026-09-27T17:00:00Z,draftkings,player_anytime_td,anytime_td,Darnell Washington,,850,
2026-09-23T19-31-23Z,2026,3,2026_03_CIN_PIT,PIT,CIN,2026-09-27T17:00:00Z,draftkings,player_anytime_td,anytime_td,Samaje Perine,,9000,
2026-09-23T19-31-23Z,2026,3,2026_03_CIN_PIT,PIT,CIN,2026-09-27T17:00:00Z,draftkings,player_pass_yds,pass_yards,Joe Burrow,251.5,-112,-112.0
2026-09-23T19-31-23Z,2026,3,2026_03_CIN_PIT,PIT,CIN,2026-09-27T17:00:00Z,draftkings,player_pass_yds,pass_yards,Aaron Rodgers,209.5,-113,-111.0
2026-09-23T19-31-23Z,2026,3,2026_03_CIN_PIT,PIT,CIN,2026-09-27T17:00:00Z,draftkings,player_reception_yds,rec_yards,Ja'Marr Chase,85.5,-112,-112.0
2026-09-23T19-31-23Z,2026,3,2026_03_CIN_PIT,PIT,CIN,2026-09-27T17:00:00Z,draftkings,player_reception_yds,rec_yards,Tee Higgins,59.5,-114,-110.0
2026-09-23T19-31-23Z,2026,3,2026_03_CIN_PIT,PIT,CIN,2026-09-27T17:00:00Z,draftkings,player_reception_yds,rec_yards,DK Metcalf,45.5,-115,-109.0
2026-09-23T19-31-23Z,2026,3,2026_03_CIN_PIT,PIT,CIN,2026-09-27T17:00:00Z,draftkings,player_reception_yds,rec_yards,Pat Freiermuth,26.5,-111,-113.0
2026-09-23T19-31-23Z,2026,3,2026_03_CIN_PIT,PIT,CIN,2026-09-27T17:00:00Z,draftkings,player_reception_yds,rec_yards,Chase Brown,24.5,-114,-110.0
2026-09-23T19-31-23Z,2026,3,2026_03_CIN_PIT,PIT,CIN,2026-09-27T17:00:00Z,draftkings,player_receptions,rec_catches,Ja'Marr Chase,7.5,-122,-105.0
2026-09-23T19-31-23Z,2026,3,2026_03_CIN_PIT,PIT,CIN,2026-09-27T17:00:00Z,draftkings,player_receptions,rec_catches,Tee Higgins,5.5,123,-158.0
2026-09-23T19-31-23Z,2026,3,2026_03_CIN_PIT,PIT,CIN,2026-09-27T17:00:00Z,draftkings,player_receptions,rec_catches,DK Metcalf,3.5,-143,112.0
2026-09-23T19-31-23Z,2026,3,2026_03_CIN_PIT,PIT,CIN,2026-09-27T17:00:00Z,draftkings,player_receptions,rec_catches,Chase Brown,3.5,-124,-103.0
2026-09-23T19-31-23Z,2026,3,2026_03_CIN_PIT,PIT,CIN,2026-09-27T17:00:00Z,draftkings,player_receptions,rec_catches,Pat Freiermuth,3.5,134,-172.0
2026-09-23T19-31-23Z,2026,3,2026_03_CIN_PIT,PIT,CIN,2026-09-27T17:00:00Z,draftkings,player_rush_yds,rush_yards,Chase Brown,68.5,-112,-112.0
2026-09-23T19-31-23Z,2026,3,2026_03_CIN_PIT,PIT,CIN,2026-09-27T17:00:00Z,fanduel,player_anytime_td,anytime_td,Chase Brown,,-110,
2026-09-23T19-31-23Z,2026,3,2026_03_CIN_PIT,PIT,CIN,2026-09-27T17:00:00Z,fanduel,player_anytime_td,anytime_td,Jaylen Warren,,100,
2026-09-23T19-31-23Z,2026,3,2026_03_CIN_PIT,PIT,CIN,2026-09-27T17:00:00Z,fanduel,player_anytime_td,anytime_td,Rico Dowdle,,100,
2026-09-23T19-31-23Z,2026,3,2026_03_CIN_PIT,PIT,CIN,2026-09-27T17:00:00Z,fanduel,player_anytime_td,anytime_td,Ja'Marr Chase,,135,
2026-09-23T19-31-23Z,2026,3,2026_03_CIN_PIT,PIT,CIN,2026-09-27T17:00:00Z,fanduel,player_anytime_td,anytime_td,Tee Higgins,,185,
2026-09-23T19-31-23Z,2026,3,2026_03_CIN_PIT,PIT,CIN,2026-09-27T17:00:00Z,fanduel,player_anytime_td,anytime_td,DK Metcalf,,190,
2026-09-23T19-31-23Z,2026,3,2026_03_CIN_PIT,PIT,CIN,2026-09-27T17:00:00Z,fanduel,player_anytime_td,anytime_td,Michael Pittman Jr.,,350,
2026-09-23T19-31-23Z,2026,3,2026_03_CIN_PIT,PIT,CIN,2026-09-27T17:00:00Z,fanduel,player_anytime_td,anytime_td,Roman Wilson,,350,
2026-09-23T19-31-23Z,2026,3,2026_03_CIN_PIT,PIT,CIN,2026-09-27T17:00:00Z,fanduel,player_anytime_td,anytime_td,Pat Freiermuth,,370,
2026-09-23T19-31-23Z,2026,3,2026_03_CIN_PIT,PIT,CIN,2026-09-27T17:00:00Z,fanduel,player_anytime_td,anytime_td,Samaje Perine,,390,
2026-09-23T19-31-23Z,2026,3,2026_03_CIN_PIT,PIT,CIN,2026-09-27T17:00:00Z,fanduel,player_anytime_td,anytime_td,Mike Gesicki,,430,
2026-09-23T19-31-23Z,2026,3,2026_03_CIN_PIT,PIT,CIN,2026-09-27T17:00:00Z,fanduel,player_anytime_td,anytime_td,Darnell Washington,,550,
2026-09-23T19-31-23Z,2026,3,2026_03_CIN_PIT,PIT,CIN,2026-09-27T17:00:00Z,fanduel,player_anytime_td,anytime_td,Joe Burrow,,650,
2026-09-23T19-31-23Z,2026,3,2026_03_CIN_PIT,PIT,CIN,2026-09-27T17:00:00Z,fanduel,player_anytime_td,anytime_td,Cincinnati Bengals Defense,,700,
2026-09-23T19-31-23Z,2026,3,2026_03_CIN_PIT,PIT,CIN,2026-09-27T17:00:00Z,fanduel,player_anytime_td,anytime_td,Pittsburgh Steelers Defense,,750,
2026-09-23T19-31-23Z,2026,3,2026_03_CIN_PIT,PIT,CIN,2026-09-27T17:00:00Z,fanduel,player_anytime_td,anytime_td,Aaron Rodgers,,1600,
2026-09-23T19-31-23Z,2026,3,2026_03_CIN_PIT,PIT,CIN,2026-09-27T17:00:00Z,fanduel,player_pass_yds,pass_yards,Aaron Rodgers,220.5,-114,-114.0
2026-09-23T19-31-23Z,2026,3,2026_03_CIN_PIT,PIT,CIN,2026-09-27T17:00:00Z,fanduel,player_pass_yds,pass_yards,Joe Burrow,253.5,-114,-114.0
2026-09-23T19-31-23Z,2026,3,2026_03_CIN_PIT,PIT,CIN,2026-09-27T17:00:00Z,fanduel,player_reception_yds,rec_yards,DK Metcalf,52.5,-114,-114.0
2026-09-23T19-31-23Z,2026,3,2026_03_CIN_PIT,PIT,CIN,2026-09-27T17:00:00Z,fanduel,player_reception_yds,rec_yards,Pat Freiermuth,34.5,-114,-114.0
2026-09-23T19-31-23Z,2026,3,2026_03_CIN_PIT,PIT,CIN,2026-09-27T17:00:00Z,fanduel,player_reception_yds,rec_yards,Tee Higgins,53.5,-114,-114.0
2026-09-23T19-31-23Z,2026,3,2026_03_CIN_PIT,PIT,CIN,2026-09-27T17:00:00Z,fanduel,player_reception_yds,rec_yards,Chase Brown,21.5,-114,-114.0
2026-09-23T19-31-23Z,2026,3,2026_03_CIN_PIT,PIT,CIN,2026-09-27T17:00:00Z,fanduel,player_reception_yds,rec_yards,Ja'Marr Chase,76.5,-114,-114.0
2026-09-23T19-31-23Z,2026,3,2026_03_CIN_PIT,PIT,CIN,2026-09-27T17:00:00Z,fanduel,player_receptions,rec_catches,Pat Freiermuth,3.5,-148,112.0
2026-09-23T19-31-23Z,2026,3,2026_03_CIN_PIT,PIT,CIN,2026-09-27T17:00:00Z,fanduel,player_receptions,rec_catches,DK Metcalf,4.5,-102,-130.0
2026-09-23T19-31-23Z,2026,3,2026_03_CIN_PIT,PIT,CIN,2026-09-27T17:00:00Z,fanduel,player_receptions,rec_catches,Tee Higgins,4.5,106,-140.0
2026-09-23T19-31-23Z,2026,3,2026_03_CIN_PIT,PIT,CIN,2026-09-27T17:00:00Z,fanduel,player_receptions,rec_catches,Chase Brown,3.5,106,-140.0
2026-09-23T19-31-23Z,2026,3,2026_03_CIN_PIT,PIT,CIN,2026-09-27T17:00:00Z,fanduel,player_receptions,rec_catches,Ja'Marr Chase,6.5,-138,104.0
2026-09-23T19-31-23Z,2026,3,2026_03_CIN_PIT,PIT,CIN,2026-09-27T17:00:00Z,fanduel,player_rush_yds,rush_yards,Chase Brown,63.5,-114,-114.0
2026-09-23T19-31-23Z,2026,3,2026_03_CIN_PIT,PIT,CIN,2026-09-27T17:00:00Z,betrivers,player_anytime_td,anytime_td,Germie Bernard,,650,
2026-09-23T19-31-23Z,2026,3,2026_03_CIN_PIT,PIT,CIN,2026-09-27T17:00:00Z,betrivers,player_anytime_td,anytime_td,Tee Higgins,,138,
2026-09-23T19-31-23Z,2026,3,2026_03_CIN_PIT,PIT,CIN,2026-09-27T17:00:00Z,betrivers,player_anytime_td,anytime_td,Ben Skowronek,,2400,
2026-09-23T19-31-23Z,2026,3,2026_03_CIN_PIT,PIT,CIN,2026-09-27T17:00:00Z,betrivers,player_anytime_td,anytime_td,DK Metcalf,,205,
2026-09-23T19-31-23Z,2026,3,2026_03_CIN_PIT,PIT,CIN,2026-09-27T17:00:00Z,betrivers,player_anytime_td,anytime_td,Riley Nowakowski,,3500,
2026-09-23T19-31-23Z,2026,3,2026_03_CIN_PIT,PIT,CIN,2026-09-27T17:00:00Z,betrivers,player_anytime_td,anytime_td,Tahj Brooks,,1100,
2026-09-23T19-31-23Z,2026,3,2026_03_CIN_PIT,PIT,CIN,2026-09-27T17:00:00Z,betrivers,player_anytime_td,anytime_td,Michael Pittman Jr.,,390,
2026-09-23T19-31-23Z,2026,3,2026_03_CIN_PIT,PIT,CIN,2026-09-27T17:00:00Z,betrivers,player_anytime_td,anytime_td,Drew Sample,,650,
2026-09-23T19-31-23Z,2026,3,2026_03_CIN_PIT,PIT,CIN,2026-09-27T17:00:00Z,betrivers,player_anytime_td,anytime_td,Eli Heidenreich,,800,
2026-09-23T19-31-23Z,2026,3,2026_03_CIN_PIT,PIT,CIN,2026-09-27T17:00:00Z,betrivers,player_anytime_td,anytime_td,Mike Gesicki,,310,
2026-09-23T19-31-23Z,2026,3,2026_03_CIN_PIT,PIT,CIN,2026-09-27T17:00:00Z,betrivers,player_anytime_td,anytime_td,Ja'Marr Chase,,102,
2026-09-23T19-31-23Z,2026,3,2026_03_CIN_PIT,PIT,CIN,2026-09-27T17:00:00Z,betrivers,player_anytime_td,anytime_td,Jaylen Warren,,104,
2026-09-23T19-31-23Z,2026,3,2026_03_CIN_PIT,PIT,CIN,2026-09-27T17:00:00Z,betrivers,player_anytime_td,anytime_td,Darnell Washington,,700,
2026-09-23T19-31-23Z,2026,3,2026_03_CIN_PIT,PIT,CIN,2026-09-27T17:00:00Z,betrivers,player_anytime_td,anytime_td,Colbie Young,,850,
2026-09-23T19-31-23Z,2026,3,2026_03_CIN_PIT,PIT,CIN,2026-09-27T17:00:00Z,betrivers,player_anytime_td,anytime_td,Erick All,,800,
2026-09-23T19-31-23Z,2026,3,2026_03_CIN_PIT,PIT,CIN,2026-09-27T17:00:00Z,betrivers,player_anytime_td,anytime_td,Kaden Wetjen,,3000,
2026-09-23T19-31-23Z,2026,3,2026_03_CIN_PIT,PIT,CIN,2026-09-27T17:00:00Z,betrivers,player_anytime_td,anytime_td,Robert Tonyan,,2400,
2026-09-23T19-31-23Z,2026,3,2026_03_CIN_PIT,PIT,CIN,2026-09-27T17:00:00Z,betrivers,player_anytime_td,anytime_td,Aaron Rodgers,,1900,
2026-09-23T19-31-23Z,2026,3,2026_03_CIN_PIT,PIT,CIN,2026-09-27T17:00:00Z,betrivers,player_anytime_td,anytime_td,Ke'Shawn Williams,,750,
2026-09-23T19-31-23Z,2026,3,2026_03_CIN_PIT,PIT,CIN,2026-09-27T17:00:00Z,betrivers,player_anytime_td,anytime_td,Dohnte Meyers,,750,
2026-09-23T19-31-23Z,2026,3,2026_03_CIN_PIT,PIT,CIN,2026-09-27T17:00:00Z,betrivers,player_anytime_td,anytime_td,Roman Wilson,,390,
2026-09-23T19-31-23Z,2026,3,2026_03_CIN_PIT,PIT,CIN,2026-09-27T17:00:00Z,betrivers,player_anytime_td,anytime_td,Chase Brown,,-143,
2026-09-23T19-31-23Z,2026,3,2026_03_CIN_PIT,PIT,CIN,2026-09-27T17:00:00Z,betrivers,player_anytime_td,anytime_td,Samaje Perine,,290,
2026-09-23T19-31-23Z,2026,3,2026_03_CIN_PIT,PIT,CIN,2026-09-27T17:00:00Z,betrivers,player_anytime_td,anytime_td,Joe Burrow,,575,
2026-09-23T19-31-23Z,2026,3,2026_03_CIN_PIT,PIT,CIN,2026-09-27T17:00:00Z,betrivers,player_anytime_td,anytime_td,Pat Freiermuth,,375,
2026-09-23T19-31-23Z,2026,3,2026_03_CIN_PIT,PIT,CIN,2026-09-27T17:00:00Z,betrivers,player_anytime_td,anytime_td,Rico Dowdle,,125,
2026-09-23T19-31-23Z,2026,3,2026_03_CIN_PIT,PIT,CIN,2026-09-27T17:00:00Z,betrivers,player_anytime_td,anytime_td,Jack Endries,,1500,
2026-09-23T19-31-23Z,2026,3,2026_03_CIN_PIT,PIT,CIN,2026-09-27T17:00:00Z,betrivers,player_pass_yds,pass_yards,Joe Burrow,252.5,-114,-115.0
2026-09-23T19-31-23Z,2026,3,2026_03_CIN_PIT,PIT,CIN,2026-09-27T17:00:00Z,betrivers,player_pass_yds,pass_yards,Aaron Rodgers,215.5,-117,-114.0
2026-09-23T19-31-23Z,2026,3,2026_03_CIN_PIT,PIT,CIN,2026-09-27T17:00:00Z,betrivers,player_reception_yds,rec_yards,DK Metcalf,51.5,-117,-114.0
2026-09-23T19-31-23Z,2026,3,2026_03_CIN_PIT,PIT,CIN,2026-09-27T17:00:00Z,betrivers,player_reception_yds,rec_yards,Pat Freiermuth,34.5,-114,-117.0
2026-09-23T19-31-23Z,2026,3,2026_03_CIN_PIT,PIT,CIN,2026-09-27T17:00:00Z,betrivers,player_reception_yds,rec_yards,Chase Brown,22.5,-118,-113.0
2026-09-23T19-31-23Z,2026,3,2026_03_CIN_PIT,PIT,CIN,2026-09-27T17:00:00Z,betrivers,player_reception_yds,rec_yards,Tee Higgins,54.5,-114,-117.0
2026-09-23T19-31-23Z,2026,3,2026_03_CIN_PIT,PIT,CIN,2026-09-27T17:00:00Z,betrivers,player_reception_yds,rec_yards,Ja'Marr Chase,76.5,-117,-113.0
2026-09-23T19-31-23Z,2026,3,2026_03_CIN_PIT,PIT,CIN,2026-09-27T17:00:00Z,betrivers,player_receptions,rec_catches,Pat Freiermuth,3.5,-148,
2026-09-23T19-31-23Z,2026,3,2026_03_CIN_PIT,PIT,CIN,2026-09-27T17:00:00Z,betrivers,player_receptions,rec_catches,DK Metcalf,4.5,104,
2026-09-23T19-31-23Z,2026,3,2026_03_CIN_PIT,PIT,CIN,2026-09-27T17:00:00Z,betrivers,player_receptions,rec_catches,Tee Higgins,4.5,104,
2026-09-23T19-31-23Z,2026,3,2026_03_CIN_PIT,PIT,CIN,2026-09-27T17:00:00Z,betrivers,player_receptions,rec_catches,Chase Brown,3.5,120,
2026-09-23T19-31-23Z,2026,3,2026_03_CIN_PIT,PIT,CIN,2026-09-27T17:00:00Z,betrivers,player_receptions,rec_catches,Ja'Marr Chase,6.5,-136,
2026-09-23T19-31-23Z,2026,3,2026_03_CIN_PIT,PIT,CIN,2026-09-27T17:00:00Z,betrivers,player_rush_yds,rush_yards,Chase Brown,62.5,-118,-113.0
2026-09-23T19-31-23Z,2026,3,2026_03_CIN_PIT,PIT,CIN,2026-09-27T17:00:00Z,betonlineag,player_anytime_td,anytime_td,Samaje Perine,,325,
2026-09-23T19-31-23Z,2026,3,2026_03_CIN_PIT,PIT,CIN,2026-09-27T17:00:00Z,betonlineag,player_anytime_td,anytime_td,Joe Burrow,,650,
2026-09-23T19-31-23Z,2026,3,2026_03_CIN_PIT,PIT,CIN,2026-09-27T17:00:00Z,betonlineag,player_anytime_td,anytime_td,Drew Sample,,600,
2026-09-23T19-31-23Z,2026,3,2026_03_CIN_PIT,PIT,CIN,2026-09-27T17:00:00Z,betonlineag,player_anytime_td,anytime_td,Tee Higgins,,150,
2026-09-23T19-31-23Z,2026,3,2026_03_CIN_PIT,PIT,CIN,2026-09-27T17:00:00Z,betonlineag,player_anytime_td,anytime_td,Ja'Marr Chase,,100,
2026-09-23T19-31-23Z,2026,3,2026_03_CIN_PIT,PIT,CIN,2026-09-27T17:00:00Z,betonlineag,player_anytime_td,anytime_td,Pat Freiermuth,,350,
2026-09-23T19-31-23Z,2026,3,2026_03_CIN_PIT,PIT,CIN,2026-09-27T17:00:00Z,betonlineag,player_anytime_td,anytime_td,Chase Brown,,-167,
2026-09-23T19-31-23Z,2026,3,2026_03_CIN_PIT,PIT,CIN,2026-09-27T17:00:00Z,betonlineag,player_anytime_td,anytime_td,Andrei Iosivas,,400,
2026-09-23T19-31-23Z,2026,3,2026_03_CIN_PIT,PIT,CIN,2026-09-27T17:00:00Z,betonlineag,player_anytime_td,anytime_td,Darnell Washington,,550,
2026-09-23T19-31-23Z,2026,3,2026_03_CIN_PIT,PIT,CIN,2026-09-27T17:00:00Z,betonlineag,player_anytime_td,anytime_td,DK Metcalf,,190,
2026-09-23T19-31-23Z,2026,3,2026_03_CIN_PIT,PIT,CIN,2026-09-27T17:00:00Z,betonlineag,player_anytime_td,anytime_td,Ben Skowronek,,2400,
2026-09-23T19-31-23Z,2026,3,2026_03_CIN_PIT,PIT,CIN,2026-09-27T17:00:00Z,betonlineag,player_anytime_td,anytime_td,Roman Wilson,,350,
2026-09-23T19-31-23Z,2026,3,2026_03_CIN_PIT,PIT,CIN,2026-09-27T17:00:00Z,betonlineag,player_anytime_td,anytime_td,Erick All,,750,
2026-09-23T19-31-23Z,2026,3,2026_03_CIN_PIT,PIT,CIN,2026-09-27T17:00:00Z,betonlineag,player_anytime_td,anytime_td,Jaylen Warren,,-111,
2026-09-23T19-31-23Z,2026,3,2026_03_CIN_PIT,PIT,CIN,2026-09-27T17:00:00Z,betonlineag,player_anytime_td,anytime_td,Mike Gesicki,,325,
2026-09-23T19-31-23Z,2026,3,2026_03_CIN_PIT,PIT,CIN,2026-09-27T17:00:00Z,betonlineag,player_anytime_td,anytime_td,Aaron Rodgers,,1400,
2026-09-23T19-31-23Z,2026,3,2026_03_CIN_PIT,PIT,CIN,2026-09-27T17:00:00Z,betonlineag,player_anytime_td,anytime_td,Tahj Brooks,,1400,
2026-09-23T19-31-23Z,2026,3,2026_03_CIN_PIT,PIT,CIN,2026-09-27T17:00:00Z,betonlineag,player_anytime_td,anytime_td,Eli Heidenreich,,1100,
2026-09-23T19-31-23Z,2026,3,2026_03_CIN_PIT,PIT,CIN,2026-09-27T17:00:00Z,betonlineag,player_anytime_td,anytime_td,Dohnte Meyers,,700,
2026-09-23T19-31-23Z,2026,3,2026_03_CIN_PIT,PIT,CIN,2026-09-27T17:00:00Z,betonlineag,player_anytime_td,anytime_td,Colbie Young,,1100,
2026-09-23T19-31-23Z,2026,3,2026_03_CIN_PIT,PIT,CIN,2026-09-27T17:00:00Z,betonlineag,player_anytime_td,anytime_td,Rico Dowdle,,100,
2026-09-23T19-31-23Z,2026,3,2026_03_CIN_PIT,PIT,CIN,2026-09-27T17:00:00Z,betonlineag,player_anytime_td,anytime_td,Kaden Wetjen,,1900,
2026-09-23T19-31-23Z,2026,3,2026_03_CIN_PIT,PIT,CIN,2026-09-27T17:00:00Z,betonlineag,player_anytime_td,anytime_td,Michael Pittman Jr.,,350,
2026-09-23T19-31-23Z,2026,3,2026_03_CIN_PIT,PIT,CIN,2026-09-27T17:00:00Z,betonlineag,player_anytime_td,anytime_td,Germie Bernard,,900,
2026-09-23T19-31-23Z,2026,3,2026_03_CIN_PIT,PIT,CIN,2026-09-27T17:00:00Z,betonlineag,player_anytime_td,anytime_td,Robert Tonyan,,3400,
2026-09-23T19-31-23Z,2026,3,2026_03_CIN_PIT,PIT,CIN,2026-09-27T17:00:00Z,betonlineag,player_anytime_td,anytime_td,Riley Nowakowski,,2900,
2026-09-23T19-31-23Z,2026,3,2026_03_CIN_PIT,PIT,CIN,2026-09-27T17:00:00Z,betonlineag,player_pass_yds,pass_yards,Joe Burrow,253.5,-114,-114.0
2026-09-23T19-31-23Z,2026,3,2026_03_CIN_PIT,PIT,CIN,2026-09-27T17:00:00Z,betonlineag,player_pass_yds,pass_yards,Aaron Rodgers,220.5,-114,-114.0
2026-09-23T19-31-23Z,2026,3,2026_03_CIN_PIT,PIT,CIN,2026-09-27T17:00:00Z,betonlineag,player_reception_yds,rec_yards,Pat Freiermuth,34.5,-114,-114.0
2026-09-23T19-31-23Z,2026,3,2026_03_CIN_PIT,PIT,CIN,2026-09-27T17:00:00Z,betonlineag,player_reception_yds,rec_yards,Chase Brown,21.5,-114,-114.0
2026-09-23T19-31-23Z,2026,3,2026_03_CIN_PIT,PIT,CIN,2026-09-27T17:00:00Z,betonlineag,player_reception_yds,rec_yards,Tee Higgins,53.5,-115,-112.0
2026-09-23T19-31-23Z,2026,3,2026_03_CIN_PIT,PIT,CIN,2026-09-27T17:00:00Z,betonlineag,player_reception_yds,rec_yards,DK Metcalf,52.5,-114,-114.0
2026-09-23T19-31-23Z,2026,3,2026_03_CIN_PIT,PIT,CIN,2026-09-27T17:00:00Z,betonlineag,player_reception_yds,rec_yards,Ja'Marr Chase,76.5,-114,-114.0
2026-09-23T19-31-23Z,2026,3,2026_03_CIN_PIT,PIT,CIN,2026-09-27T17:00:00Z,betonlineag,player_receptions,rec_catches,Pat Freiermuth,3.5,-135,104.0
2026-09-23T19-31-23Z,2026,3,2026_03_CIN_PIT,PIT,CIN,2026-09-27T17:00:00Z,betonlineag,player_receptions,rec_catches,DK Metcalf,4.5,104,-135.0
2026-09-23T19-31-23Z,2026,3,2026_03_CIN_PIT,PIT,CIN,2026-09-27T17:00:00Z,betonlineag,player_receptions,rec_catches,Chase Brown,3.5,102,-132.0
2026-09-23T19-31-23Z,2026,3,2026_03_CIN_PIT,PIT,CIN,2026-09-27T17:00:00Z,betonlineag,player_receptions,rec_catches,Tee Higgins,4.5,109,-141.0
2026-09-23T19-31-23Z,2026,3,2026_03_CIN_PIT,PIT,CIN,2026-09-27T17:00:00Z,betonlineag,player_receptions,rec_catches,Ja'Marr Chase,6.5,-133,103.0
2026-09-23T19-31-23Z,2026,3,2026_03_CIN_PIT,PIT,CIN,2026-09-27T17:00:00Z,betonlineag,player_rush_yds,rush_yards,Chase Brown,63.5,-114,-114.0
2026-09-23T19-31-23Z,2026,3,2026_03_CIN_PIT,PIT,CIN,2026-09-27T17:00:00Z,betmgm,player_anytime_td,anytime_td,Ja'Marr Chase,,130,
2026-09-23T19-31-23Z,2026,3,2026_03_CIN_PIT,PIT,CIN,2026-09-27T17:00:00Z,betmgm,player_anytime_td,anytime_td,Joe Burrow,,600,
2026-09-23T19-31-23Z,2026,3,2026_03_CIN_PIT,PIT,CIN,2026-09-27T17:00:00Z,betmgm,player_anytime_td,anytime_td,Tee Higgins,,160,
2026-09-23T19-31-23Z,2026,3,2026_03_CIN_PIT,PIT,CIN,2026-09-27T17:00:00Z,betmgm,player_anytime_td,anytime_td,Riley Nowakowski,,3300,
2026-09-23T19-31-23Z,2026,3,2026_03_CIN_PIT,PIT,CIN,2026-09-27T17:00:00Z,betmgm,player_anytime_td,anytime_td,Pittsburgh Steelers D/ST,,575,
2026-09-23T19-31-23Z,2026,3,2026_03_CIN_PIT,PIT,CIN,2026-09-27T17:00:00Z,betmgm,player_anytime_td,anytime_td,DK Metcalf,,185,
2026-09-23T19-31-23Z,2026,3,2026_03_CIN_PIT,PIT,CIN,2026-09-27T17:00:00Z,betmgm,player_anytime_td,anytime_td,Cincinnati Bengals D/ST,,575,
2026-09-23T19-31-23Z,2026,3,2026_03_CIN_PIT,PIT,CIN,2026-09-27T17:00:00Z,betmgm,player_anytime_td,anytime_td,Chase Brown,,-125,
2026-09-23T19-31-23Z,2026,3,2026_03_CIN_PIT,PIT,CIN,2026-09-27T17:00:00Z,betmgm,player_anytime_td,anytime_td,Darnell Washington,,575,
2026-09-23T19-31-23Z,2026,3,2026_03_CIN_PIT,PIT,CIN,2026-09-27T17:00:00Z,betmgm,player_anytime_td,anytime_td,Drew Sample,,950,
2026-09-23T19-31-23Z,2026,3,2026_03_CIN_PIT,PIT,CIN,2026-09-27T17:00:00Z,betmgm,player_anytime_td,anytime_td,Mike Gesicki,,400,
2026-09-23T19-31-23Z,2026,3,2026_03_CIN_PIT,PIT,CIN,2026-09-27T17:00:00Z,betmgm,player_anytime_td,anytime_td,Aaron Rodgers,,950,
2026-09-23T19-31-23Z,2026,3,2026_03_CIN_PIT,PIT,CIN,2026-09-27T17:00:00Z,betmgm,player_anytime_td,anytime_td,Robert Tonyan,,1800,
2026-09-23T19-31-23Z,2026,3,2026_03_CIN_PIT,PIT,CIN,2026-09-27T17:00:00Z,betmgm,player_anytime_td,anytime_td,Erick All,,1000,
2026-09-23T19-31-23Z,2026,3,2026_03_CIN_PIT,PIT,CIN,2026-09-27T17:00:00Z,betmgm,player_anytime_td,anytime_td,Kaden Wetjen,,2500,
2026-09-23T19-31-23Z,2026,3,2026_03_CIN_PIT,PIT,CIN,2026-09-27T17:00:00Z,betmgm,player_anytime_td,anytime_td,Ben Skowronek,,2800,
2026-09-23T19-31-23Z,2026,3,2026_03_CIN_PIT,PIT,CIN,2026-09-27T17:00:00Z,betmgm,player_anytime_td,anytime_td,Germie Bernard,,500,
2026-09-23T19-31-23Z,2026,3,2026_03_CIN_PIT,PIT,CIN,2026-09-27T17:00:00Z,betmgm,player_anytime_td,anytime_td,Colbie Young,,900,
2026-09-23T19-31-23Z,2026,3,2026_03_CIN_PIT,PIT,CIN,2026-09-27T17:00:00Z,betmgm,player_anytime_td,anytime_td,Tahj Brooks,,1900,
2026-09-23T19-31-23Z,2026,3,2026_03_CIN_PIT,PIT,CIN,2026-09-27T17:00:00Z,betmgm,player_anytime_td,anytime_td,Samaje Perine,,340,
2026-09-23T19-31-23Z,2026,3,2026_03_CIN_PIT,PIT,CIN,2026-09-27T17:00:00Z,betmgm,player_anytime_td,anytime_td,Jaylen Warren,,105,
2026-09-23T19-31-23Z,2026,3,2026_03_CIN_PIT,PIT,CIN,2026-09-27T17:00:00Z,betmgm,player_anytime_td,anytime_td,Pat Freiermuth,,380,
2026-09-23T19-31-23Z,2026,3,2026_03_CIN_PIT,PIT,CIN,2026-09-27T17:00:00Z,betmgm,player_anytime_td,anytime_td,Roman Wilson,,475,
2026-09-23T19-31-23Z,2026,3,2026_03_CIN_PIT,PIT,CIN,2026-09-27T17:00:00Z,betmgm,player_anytime_td,anytime_td,Dohnte Meyers,,775,
2026-09-23T19-31-23Z,2026,3,2026_03_CIN_PIT,PIT,CIN,2026-09-27T17:00:00Z,bovada,player_anytime_td,anytime_td,Cincinnati Bengals D/ST,,440,
2026-09-23T19-31-23Z,2026,3,2026_03_CIN_PIT,PIT,CIN,2026-09-27T17:00:00Z,bovada,player_anytime_td,anytime_td,Pittsburgh Steelers D/ST,,500,
2026-09-23T19-31-23Z,2026,3,2026_03_CIN_PIT,PIT,CIN,2026-09-27T17:00:00Z,bovada,player_anytime_td,anytime_td,Ja'Marr Chase,,125,
2026-09-23T19-31-23Z,2026,3,2026_03_CIN_PIT,PIT,CIN,2026-09-27T17:00:00Z,bovada,player_anytime_td,anytime_td,Tee Higgins,,165,
2026-09-23T19-31-23Z,2026,3,2026_03_CIN_PIT,PIT,CIN,2026-09-27T17:00:00Z,bovada,player_anytime_td,anytime_td,Chase Brown,,-125,
2026-09-23T19-31-23Z,2026,3,2026_03_CIN_PIT,PIT,CIN,2026-09-27T17:00:00Z,bovada,player_anytime_td,anytime_td,DK Metcalf,,260,
2026-09-23T19-31-23Z,2026,3,2026_03_CIN_PIT,PIT,CIN,2026-09-27T17:00:00Z,bovada,player_anytime_td,anytime_td,Roman Wilson,,460,
2026-09-23T19-31-23Z,2026,3,2026_03_CIN_PIT,PIT,CIN,2026-09-27T17:00:00Z,bovada,player_anytime_td,anytime_td,Pat Freiermuth,,420,
2026-09-23T19-31-23Z,2026,3,2026_03_CIN_PIT,PIT,CIN,2026-09-27T17:00:00Z,bovada,player_anytime_td,anytime_td,Darnell Washington,,825,
2026-09-23T19-31-23Z,2026,3,2026_03_CIN_PIT,PIT,CIN,2026-09-27T17:00:00Z,bovada,player_anytime_td,anytime_td,Michael Pittman Jr.,,460,
2026-09-23T19-31-23Z,2026,3,2026_03_CIN_PIT,PIT,CIN,2026-09-27T17:00:00Z,bovada,player_anytime_td,anytime_td,Mike Gesicki,,380,
2026-09-23T19-31-23Z,2026,3,2026_03_CIN_PIT,PIT,CIN,2026-09-27T17:00:00Z,bovada,player_anytime_td,anytime_td,Joe Burrow,,625,
2026-09-23T19-31-23Z,2026,3,2026_03_CIN_PIT,PIT,CIN,2026-09-27T17:00:00Z,bovada,player_pass_yds,pass_yards,Aaron Rodgers,209.5,-115,-115.0
2026-09-23T19-31-23Z,2026,3,2026_03_CIN_PIT,PIT,CIN,2026-09-27T17:00:00Z,bovada,player_pass_yds,pass_yards,Joe Burrow,251.5,-115,-115.0
2026-09-23T19-31-23Z,2026,3,2026_03_CIN_PIT,PIT,CIN,2026-09-27T17:00:00Z,bovada,player_reception_yds,rec_yards,Chase Brown,24.5,-115,-115.0
2026-09-23T19-31-23Z,2026,3,2026_03_CIN_PIT,PIT,CIN,2026-09-27T17:00:00Z,bovada,player_reception_yds,rec_yards,DK Metcalf,45.5,-120,-110.0
2026-09-23T19-31-23Z,2026,3,2026_03_CIN_PIT,PIT,CIN,2026-09-27T17:00:00Z,bovada,player_reception_yds,rec_yards,Ja'Marr Chase,85.5,-115,-115.0
2026-09-23T19-31-23Z,2026,3,2026_03_CIN_PIT,PIT,CIN,2026-09-27T17:00:00Z,bovada,player_reception_yds,rec_yards,Pat Freiermuth,26.5,-115,-115.0
2026-09-23T19-31-23Z,2026,3,2026_03_CIN_PIT,PIT,CIN,2026-09-27T17:00:00Z,bovada,player_reception_yds,rec_yards,Tee Higgins,59.5,-115,-115.0
2026-09-23T19-31-23Z,2026,3,2026_03_CIN_PIT,PIT,CIN,2026-09-27T17:00:00Z,bovada,player_receptions,rec_catches,Chase Brown,3.5,-125,-105.0
2026-09-23T19-31-23Z,2026,3,2026_03_CIN_PIT,PIT,CIN,2026-09-27T17:00:00Z,bovada,player_receptions,rec_catches,DK Metcalf,3.5,-145,110.0
2026-09-23T19-31-23Z,2026,3,2026_03_CIN_PIT,PIT,CIN,2026-09-27T17:00:00Z,bovada,player_receptions,rec_catches,Ja'Marr Chase,7.5,-125,-105.0
2026-09-23T19-31-23Z,2026,3,2026_03_CIN_PIT,PIT,CIN,2026-09-27T17:00:00Z,bovada,player_receptions,rec_catches,Pat Freiermuth,3.5,-105,-125.0
2026-09-23T19-31-23Z,2026,3,2026_03_CIN_PIT,PIT,CIN,2026-09-27T17:00:00Z,bovada,player_receptions,rec_catches,Tee Higgins,5.5,120,-160.0
2026-09-23T19-31-23Z,2026,3,2026_03_CIN_PIT,PIT,CIN,2026-09-27T17:00:00Z,bovada,player_rush_yds,rush_yards,Chase Brown,68.5,-115,-115.0
2026-09-23T19-31-23Z,2026,3,2026_03_NYJ_DET,DET,NYJ,2026-09-27T17:00:00Z,draftkings,player_anytime_td,anytime_td,Jahmyr Gibbs,,-300,
2026-09-23T19-31-23Z,2026,3,2026_03_NYJ_DET,DET,NYJ,2026-09-27T17:00:00Z,draftkings,player_anytime_td,anytime_td,Breece Hall,,-130,
2026-09-23T19-31-23Z,2026,3,2026_03_NYJ_DET,DET,NYJ,2026-09-27T17:00:00Z,draftkings,player_anytime_td,anytime_td,Amon-Ra St. Brown,,-120,
2026-09-23T19-31-23Z,2026,3,2026_03_NYJ_DET,DET,NYJ,2026-09-27T17:00:00Z,draftkings,player_anytime_td,anytime_td,Jameson Williams,,165,
2026-09-23T19-31-23Z,2026,3,2026_03_NYJ_DET,DET,NYJ,2026-09-27T17:00:00Z,draftkings,player_anytime_td,anytime_td,Garrett Wilson,,170,
2026-09-23T19-31-23Z,2026,3,2026_03_NYJ_DET,DET,NYJ,2026-09-27T17:00:00Z,draftkings,player_anytime_td,anytime_td,Sam LaPorta,,180,
2026-09-23T19-31-23Z,2026,3,2026_03_NYJ_DET,DET,NYJ,2026-09-27T17:00:00Z,draftkings,player_anytime_td,anytime_td,Braelon Allen,,275,
2026-09-23T19-31-23Z,2026,3,2026_03_NYJ_DET,DET,NYJ,2026-09-27T17:00:00Z,draftkings,player_anytime_td,anytime_td,Adonai Mitchell,,310,
2026-09-23T19-31-23Z,2026,3,2026_03_NYJ_DET,DET,NYJ,2026-09-27T17:00:00Z,draftkings,player_anytime_td,anytime_td,Kenyon Sadiq,,450,
2026-09-23T19-31-23Z,2026,3,2026_03_NYJ_DET,DET,NYJ,2026-09-27T17:00:00Z,draftkings,player_anytime_td,anytime_td,Isaac TeSlaa,,475,
2026-09-23T19-31-23Z,2026,3,2026_03_NYJ_DET,DET,NYJ,2026-09-27T17:00:00Z,draftkings,player_anytime_td,anytime_td,Isaiah Williams,,550,
2026-09-23T19-31-23Z,2026,3,2026_03_NYJ_DET,DET,NYJ,2026-09-27T17:00:00Z,draftkings,player_anytime_td,anytime_td,Detroit Lions D/ST,,550,
2026-09-23T19-31-23Z,2026,3,2026_03_NYJ_DET,DET,NYJ,2026-09-27T17:00:00Z,draftkings,player_anytime_td,anytime_td,Sione Vaki,,650,
2026-09-23T19-31-23Z,2026,3,2026_03_NYJ_DET,DET,NYJ,2026-09-27T17:00:00Z,draftkings,player_anytime_td,anytime_td,New York Jets D/ST,,650,
2026-09-23T19-31-23Z,2026,3,2026_03_NYJ_DET,DET,NYJ,2026-09-27T17:00:00Z,draftkings,player_anytime_td,anytime_td,Geno Smith,,750,
2026-09-23T19-31-23Z,2026,3,2026_03_NYJ_DET,DET,NYJ,2026-09-27T17:00:00Z,draftkings,player_anytime_td,anytime_td,Brock Wright,,1200,
2026-09-23T19-31-23Z,2026,3,2026_03_NYJ_DET,DET,NYJ,2026-09-27T17:00:00Z,draftkings,player_anytime_td,anytime_td,Jared Goff,,1400,
2026-09-23T19-31-23Z,2026,3,2026_03_NYJ_DET,DET,NYJ,2026-09-27T17:00:00Z,draftkings,player_pass_yds,pass_yards,Jared Goff,256.5,-111,-113.0
2026-09-23T19-31-23Z,2026,3,2026_03_NYJ_DET,DET,NYJ,2026-09-27T17:00:00Z,draftkings,player_pass_yds,pass_yards,Geno Smith,219.5,-113,-111.0
2026-09-23T19-31-23Z,2026,3,2026_03_NYJ_DET,DET,NYJ,2026-09-27T17:00:00Z,draftkings,player_reception_yds,rec_yards,Amon-Ra St. Brown,76.5,-112,-112.0
2026-09-23T19-31-23Z,2026,3,2026_03_NYJ_DET,DET,NYJ,2026-09-27T17:00:00Z,draftkings,player_reception_yds,rec_yards,Garrett Wilson,63.5,-111,-113.0
2026-09-23T19-31-23Z,2026,3,2026_03_NYJ_DET,DET,NYJ,2026-09-27T17:00:00Z,draftkings,player_reception_yds,rec_yards,Jameson Williams,55.5,-114,-110.0
2026-09-23T19-31-23Z,2026,3,2026_03_NYJ_DET,DET,NYJ,2026-09-27T17:00:00Z,draftkings,player_reception_yds,rec_yards,Adonai Mitchell,47.5,-112,-112.0
2026-09-23T19-31-23Z,2026,3,2026_03_NYJ_DET,DET,NYJ,2026-09-27T17:00:00Z,draftkings,player_reception_yds,rec_yards,Sam LaPorta,45.5,-111,-113.0
2026-09-23T19-31-23Z,2026,3,2026_03_NYJ_DET,DET,NYJ,2026-09-27T17:00:00Z,draftkings,player_reception_yds,rec_yards,Jahmyr Gibbs,35.5,-108,-116.0
2026-09-23T19-31-23Z,2026,3,2026_03_NYJ_DET,DET,NYJ,2026-09-27T17:00:00Z,draftkings,player_reception_yds,rec_yards,Breece Hall,21.5,-108,-116.0
2026-09-23T19-31-23Z,2026,3,2026_03_NYJ_DET,DET,NYJ,2026-09-27T17:00:00Z,draftkings,player_receptions,rec_catches,Amon-Ra St. Brown,7.5,118,-150.0
2026-09-23T19-31-23Z,2026,3,2026_03_NYJ_DET,DET,NYJ,2026-09-27T17:00:00Z,draftkings,player_receptions,rec_catches,Garrett Wilson,5.5,103,-131.0
2026-09-23T19-31-23Z,2026,3,2026_03_NYJ_DET,DET,NYJ,2026-09-27T17:00:00Z,draftkings,player_receptions,rec_catches,Jahmyr Gibbs,4.5,-110,-116.0
2026-09-23T19-31-23Z,2026,3,2026_03_NYJ_DET,DET,NYJ,2026-09-27T17:00:00Z,draftkings,player_receptions,rec_catches,Sam LaPorta,4.5,-106,-120.0
2026-09-23T19-31-23Z,2026,3,2026_03_NYJ_DET,DET,NYJ,2026-09-27T17:00:00Z,draftkings,player_receptions,rec_catches,Jameson Williams,3.5,-165,129.0
2026-09-23T19-31-23Z,2026,3,2026_03_NYJ_DET,DET,NYJ,2026-09-27T17:00:00Z,draftkings,player_receptions,rec_catches,Adonai Mitchell,3.5,-123,-104.0
2026-09-23T19-31-23Z,2026,3,2026_03_NYJ_DET,DET,NYJ,2026-09-27T17:00:00Z,draftkings,player_receptions,rec_catches,Breece Hall,3.5,113,-144.0
2026-09-23T19-31-23Z,2026,3,2026_03_NYJ_DET,DET,NYJ,2026-09-27T17:00:00Z,draftkings,player_rush_yds,rush_yards,Jahmyr Gibbs,84.5,-114,-110.0
2026-09-23T19-31-23Z,2026,3,2026_03_NYJ_DET,DET,NYJ,2026-09-27T17:00:00Z,draftkings,player_rush_yds,rush_yards,Breece Hall,56.5,-109,-115.0
2026-09-23T19-31-23Z,2026,3,2026_03_NYJ_DET,DET,NYJ,2026-09-27T17:00:00Z,fanduel,player_anytime_td,anytime_td,Jahmyr Gibbs,,-350,
2026-09-23T19-31-23Z,2026,3,2026_03_NYJ_DET,DET,NYJ,2026-09-27T17:00:00Z,fanduel,player_anytime_td,anytime_td,Amon-Ra St. Brown,,-125,
2026-09-23T19-31-23Z,2026,3,2026_03_NYJ_DET,DET,NYJ,2026-09-27T17:00:00Z,fanduel,player_anytime_td,anytime_td,Breece Hall,,-105,
2026-09-23T19-31-23Z,2026,3,2026_03_NYJ_DET,DET,NYJ,2026-09-27T17:00:00Z,fanduel,player_anytime_td,anytime_td,Jameson Williams,,160,
2026-09-23T19-31-23Z,2026,3,2026_03_NYJ_DET,DET,NYJ,2026-09-27T17:00:00Z,fanduel,player_anytime_td,anytime_td,Sam LaPorta,,190,
2026-09-23T19-31-23Z,2026,3,2026_03_NYJ_DET,DET,NYJ,2026-09-27T17:00:00Z,fanduel,player_anytime_td,anytime_td,Garrett Wilson,,195,
2026-09-23T19-31-23Z,2026,3,2026_03_NYJ_DET,DET,NYJ,2026-09-27T17:00:00Z,fanduel,player_anytime_td,anytime_td,Braelon Allen,,270,
2026-09-23T19-31-23Z,2026,3,2026_03_NYJ_DET,DET,NYJ,2026-09-27T17:00:00Z,fanduel,player_anytime_td,anytime_td,Adonai Mitchell,,330,
2026-09-23T19-31-23Z,2026,3,2026_03_NYJ_DET,DET,NYJ,2026-09-27T17:00:00Z,fanduel,player_anytime_td,anytime_td,Kenyon Sadiq,,430,
2026-09-23T19-31-23Z,2026,3,2026_03_NYJ_DET,DET,NYJ,2026-09-27T17:00:00Z,fanduel,player_anytime_td,anytime_td,Isaac TeSlaa,,440,
2026-09-23T19-31-23Z,2026,3,2026_03_NYJ_DET,DET,NYJ,2026-09-27T17:00:00Z,fanduel,player_anytime_td,anytime_td,Isaiah Williams,,550,
2026-09-23T19-31-23Z,2026,3,2026_03_NYJ_DET,DET,NYJ,2026-09-27T17:00:00Z,fanduel,player_anytime_td,anytime_td,Detroit Lions Defense,,650,
2026-09-23T19-31-23Z,2026,3,2026_03_NYJ_DET,DET,NYJ,2026-09-27T17:00:00Z,fanduel,player_anytime_td,anytime_td,Sione Vaki,,650,
2026-09-23T19-31-23Z,2026,3,2026_03_NYJ_DET,DET,NYJ,2026-09-27T17:00:00Z,fanduel,player_anytime_td,anytime_td,New York Jets Defense,,750,
2026-09-23T19-31-23Z,2026,3,2026_03_NYJ_DET,DET,NYJ,2026-09-27T17:00:00Z,fanduel,player_anytime_td,anytime_td,Geno Smith,,800,
2026-09-23T19-31-23Z,2026,3,2026_03_NYJ_DET,DET,NYJ,2026-09-27T17:00:00Z,fanduel,player_anytime_td,anytime_td,Jared Goff,,1600,
2026-09-23T19-31-23Z,2026,3,2026_03_NYJ_DET,DET,NYJ,2026-09-27T17:00:00Z,fanduel,player_pass_yds,pass_yards,Jared Goff,258.5,-114,-114.0
2026-09-23T19-31-23Z,2026,3,2026_03_NYJ_DET,DET,NYJ,2026-09-27T17:00:00Z,fanduel,player_pass_yds,pass_yards,Geno Smith,219.5,-114,-114.0
2026-09-23T19-31-23Z,2026,3,2026_03_NYJ_DET,DET,NYJ,2026-09-27T17:00:00Z,fanduel,player_reception_yds,rec_yards,Garrett Wilson,61.5,-114,-114.0
2026-09-23T19-31-23Z,2026,3,2026_03_NYJ_DET,DET,NYJ,2026-09-27T17:00:00Z,fanduel,player_reception_yds,rec_yards,Sam LaPorta,45.5,-114,-114.0
2026-09-23T19-31-23Z,2026,3,2026_03_NYJ_DET,DET,NYJ,2026-09-27T17:00:00Z,fanduel,player_reception_yds,rec_yards,Jahmyr Gibbs,35.5,-114,-114.0
2026-09-23T19-31-23Z,2026,3,2026_03_NYJ_DET,DET,NYJ,2026-09-27T17:00:00Z,fanduel,player_reception_yds,rec_yards,Jameson Williams,54.5,-114,-114.0
2026-09-23T19-31-23Z,2026,3,2026_03_NYJ_DET,DET,NYJ,2026-09-27T17:00:00Z,fanduel,player_reception_yds,rec_yards,Breece Hall,21.5,-114,-114.0
2026-09-23T19-31-23Z,2026,3,2026_03_NYJ_DET,DET,NYJ,2026-09-27T17:00:00Z,fanduel,player_reception_yds,rec_yards,Adonai Mitchell,45.5,-114,-114.0
2026-09-23T19-31-23Z,2026,3,2026_03_NYJ_DET,DET,NYJ,2026-09-27T17:00:00Z,fanduel,player_reception_yds,rec_yards,Amon-Ra St. Brown,75.5,-114,-114.0
2026-09-23T19-31-23Z,2026,3,2026_03_NYJ_DET,DET,NYJ,2026-09-27T17:00:00Z,fanduel,player_receptions,rec_catches,Jahmyr Gibbs,4.5,-114,-114.0
2026-09-23T19-31-23Z,2026,3,2026_03_NYJ_DET,DET,NYJ,2026-09-27T17:00:00Z,fanduel,player_receptions,rec_catches,Amon-Ra St. Brown,7.5,130,-174.0
2026-09-23T19-31-23Z,2026,3,2026_03_NYJ_DET,DET,NYJ,2026-09-27T17:00:00Z,fanduel,player_receptions,rec_catches,Breece Hall,3.5,120,-160.0
2026-09-23T19-31-23Z,2026,3,2026_03_NYJ_DET,DET,NYJ,2026-09-27T17:00:00Z,fanduel,player_receptions,rec_catches,Garrett Wilson,5.5,102,-136.0
2026-09-23T19-31-23Z,2026,3,2026_03_NYJ_DET,DET,NYJ,2026-09-27T17:00:00Z,fanduel,player_receptions,rec_catches,Sam LaPorta,4.5,-114,-114.0
2026-09-23T19-31-23Z,2026,3,2026_03_NYJ_DET,DET,NYJ,2026-09-27T17:00:00Z,fanduel,player_receptions,rec_catches,Adonai Mitchell,3.5,-138,104.0
2026-09-23T19-31-23Z,2026,3,2026_03_NYJ_DET,DET,NYJ,2026-09-27T17:00:00Z,fanduel,player_receptions,rec_catches,Jameson Williams,4.5,124,-166.0
2026-09-23T19-31-23Z,2026,3,2026_03_NYJ_DET,DET,NYJ,2026-09-27T17:00:00Z,fanduel,player_rush_yds,rush_yards,Breece Hall,57.5,-114,-114.0
2026-09-23T19-31-23Z,2026,3,2026_03_NYJ_DET,DET,NYJ,2026-09-27T17:00:00Z,fanduel,player_rush_yds,rush_yards,Jahmyr Gibbs,83.5,-114,-114.0
2026-09-23T19-31-23Z,2026,3,2026_03_NYJ_DET,DET,NYJ,2026-09-27T17:00:00Z,betrivers,player_anytime_td,anytime_td,Breece Hall,,-118,
2026-09-23T19-31-23Z,2026,3,2026_03_NYJ_DET,DET,NYJ,2026-09-27T17:00:00Z,betrivers,player_anytime_td,anytime_td,Isaiah Davis,,1400,
2026-09-23T19-31-23Z,2026,3,2026_03_NYJ_DET,DET,NYJ,2026-09-27T17:00:00Z,betrivers,player_anytime_td,anytime_td,Adonai Mitchell,,265,
2026-09-23T19-31-23Z,2026,3,2026_03_NYJ_DET,DET,NYJ,2026-09-27T17:00:00Z,betrivers,player_anytime_td,anytime_td,Sam LaPorta,,175,
2026-09-23T19-31-23Z,2026,3,2026_03_NYJ_DET,DET,NYJ,2026-09-27T17:00:00Z,betrivers,player_anytime_td,anytime_td,Tay Martin,,4000,
2026-09-23T19-31-23Z,2026,3,2026_03_NYJ_DET,DET,NYJ,2026-09-27T17:00:00Z,betrivers,player_anytime_td,anytime_td,Jacob Saylors,,1000,
2026-09-23T19-31-23Z,2026,3,2026_03_NYJ_DET,DET,NYJ,2026-09-27T17:00:00Z,betrivers,player_anytime_td,anytime_td,Garrett Wilson,,175,
2026-09-23T19-31-23Z,2026,3,2026_03_NYJ_DET,DET,NYJ,2026-09-27T17:00:00Z,betrivers,player_anytime_td,anytime_td,Sterling Shepard,,1600,
2026-09-23T19-31-23Z,2026,3,2026_03_NYJ_DET,DET,NYJ,2026-09-27T17:00:00Z,betrivers,player_anytime_td,anytime_td,Jeremy Ruckert,,1000,
2026-09-23T19-31-23Z,2026,3,2026_03_NYJ_DET,DET,NYJ,2026-09-27T17:00:00Z,betrivers,player_anytime_td,anytime_td,Jameson Williams,,165,
2026-09-23T19-31-23Z,2026,3,2026_03_NYJ_DET,DET,NYJ,2026-09-27T17:00:00Z,betrivers,player_anytime_td,anytime_td,Jahmyr Gibbs,,-345,
2026-09-23T19-31-23Z,2026,3,2026_03_NYJ_DET,DET,NYJ,2026-09-27T17:00:00Z,betrivers,player_anytime_td,anytime_td,Jackson Meeks,,2200,
2026-09-23T19-31-23Z,2026,3,2026_03_NYJ_DET,DET,NYJ,2026-09-27T17:00:00Z,betrivers,player_anytime_td,anytime_td,Isaiah Williams,,540,
2026-09-23T19-31-23Z,2026,3,2026_03_NYJ_DET,DET,NYJ,2026-09-27T17:00:00Z,betrivers,player_anytime_td,anytime_td,Amon-Ra St. Brown,,-130,
2026-09-23T19-31-23Z,2026,3,2026_03_NYJ_DET,DET,NYJ,2026-09-27T17:00:00Z,betrivers,player_anytime_td,anytime_td,Braelon Allen,,270,
2026-09-23T19-31-23Z,2026,3,2026_03_NYJ_DET,DET,NYJ,2026-09-27T17:00:00Z,betrivers,player_anytime_td,anytime_td,Tyler Conklin,,1800,
2026-09-23T19-31-23Z,2026,3,2026_03_NYJ_DET,DET,NYJ,2026-09-27T17:00:00Z,betrivers,player_anytime_td,anytime_td,Sione Vaki,,650,
2026-09-23T19-31-23Z,2026,3,2026_03_NYJ_DET,DET,NYJ,2026-09-27T17:00:00Z,betrivers,player_anytime_td,anytime_td,Brock Wright,,1100,
2026-09-23T19-31-23Z,2026,3,2026_03_NYJ_DET,DET,NYJ,2026-09-27T17:00:00Z,betrivers,player_anytime_td,anytime_td,Tom Kennedy,,2200,
2026-09-23T19-31-23Z,2026,3,2026_03_NYJ_DET,DET,NYJ,2026-09-27T17:00:00Z,betrivers,player_anytime_td,anytime_td,Kenyon Sadiq,,440,
2026-09-23T19-31-23Z,2026,3,2026_03_NYJ_DET,DET,NYJ,2026-09-27T17:00:00Z,betrivers,player_anytime_td,anytime_td,Jelani Woods,,1600,
2026-09-23T19-31-23Z,2026,3,2026_03_NYJ_DET,DET,NYJ,2026-09-27T17:00:00Z,betrivers,player_anytime_td,anytime_td,Isaac TeSlaa,,420,
2026-09-23T19-31-23Z,2026,3,2026_03_NYJ_DET,DET,NYJ,2026-09-27T17:00:00Z,betrivers,player_anytime_td,anytime_td,Andrew Beck,,2200,
2026-09-23T19-31-23Z,2026,3,2026_03_NYJ_DET,DET,NYJ,2026-09-27T17:00:00Z,betrivers,player_anytime_td,anytime_td,Jared Goff,,1700,
2026-09-23T19-31-23Z,2026,3,2026_03_NYJ_DET,DET,NYJ,2026-09-27T17:00:00Z,betrivers,player_anytime_td,anytime_td,Geno Smith,,700,
2026-09-23T19-31-23Z,2026,3,2026_03_NYJ_DET,DET,NYJ,2026-09-27T17:00:00Z,betrivers,player_pass_yds,pass_yards,Jared Goff,259.5,-114,-117.0
2026-09-23T19-31-23Z,2026,3,2026_03_NYJ_DET,DET,NYJ,2026-09-27T17:00:00Z,betrivers,player_pass_yds,pass_yards,Geno Smith,223.5,-114,-117.0
2026-09-23T19-31-23Z,2026,3,2026_03_NYJ_DET,DET,NYJ,2026-09-27T17:00:00Z,betrivers,player_reception_yds,rec_yards,Jameson Williams,55.5,-117,-114.0
2026-09-23T19-31-23Z,2026,3,2026_03_NYJ_DET,DET,NYJ,2026-09-27T17:00:00Z,betrivers,player_reception_yds,rec_yards,Breece Hall,22.5,-112,-120.0
2026-09-23T19-31-23Z,2026,3,2026_03_NYJ_DET,DET,NYJ,2026-09-27T17:00:00Z,betrivers,player_reception_yds,rec_yards,Amon-Ra St. Brown,79.5,-114,-117.0
2026-09-23T19-31-23Z,2026,3,2026_03_NYJ_DET,DET,NYJ,2026-09-27T17:00:00Z,betrivers,player_reception_yds,rec_yards,Sam LaPorta,46.5,-115,-115.0
2026-09-23T19-31-23Z,2026,3,2026_03_NYJ_DET,DET,NYJ,2026-09-27T17:00:00Z,betrivers,player_reception_yds,rec_yards,Adonai Mitchell,45.5,-113,-118.0
2026-09-23T19-31-23Z,2026,3,2026_03_NYJ_DET,DET,NYJ,2026-09-27T17:00:00Z,betrivers,player_reception_yds,rec_yards,Jahmyr Gibbs,34.5,-113,-118.0
2026-09-23T19-31-23Z,2026,3,2026_03_NYJ_DET,DET,NYJ,2026-09-27T17:00:00Z,betrivers,player_reception_yds,rec_yards,Garrett Wilson,64.5,-114,-117.0
2026-09-23T19-31-23Z,2026,3,2026_03_NYJ_DET,DET,NYJ,2026-09-27T17:00:00Z,betrivers,player_receptions,rec_catches,Garrett Wilson,5.5,-114,
2026-09-23T19-31-23Z,2026,3,2026_03_NYJ_DET,DET,NYJ,2026-09-27T17:00:00Z,betrivers,player_receptions,rec_catches,Adonai Mitchell,3.5,-157,
2026-09-23T19-31-23Z,2026,3,2026_03_NYJ_DET,DET,NYJ,2026-09-27T17:00:00Z,betrivers,player_receptions,rec_catches,Breece Hall,3.5,108,
2026-09-23T19-31-23Z,2026,3,2026_03_NYJ_DET,DET,NYJ,2026-09-27T17:00:00Z,betrivers,player_receptions,rec_catches,Jahmyr Gibbs,4.5,-112,
2026-09-23T19-31-23Z,2026,3,2026_03_NYJ_DET,DET,NYJ,2026-09-27T17:00:00Z,betrivers,player_receptions,rec_catches,Jameson Williams,4.5,120,
2026-09-23T19-31-23Z,2026,3,2026_03_NYJ_DET,DET,NYJ,2026-09-27T17:00:00Z,betrivers,player_receptions,rec_catches,Amon-Ra St. Brown,7.5,117,
2026-09-23T19-31-23Z,2026,3,2026_03_NYJ_DET,DET,NYJ,2026-09-27T17:00:00Z,betrivers,player_receptions,rec_catches,Sam LaPorta,4.5,-121,
2026-09-23T19-31-23Z,2026,3,2026_03_NYJ_DET,DET,NYJ,2026-09-27T17:00:00Z,betrivers,player_rush_yds,rush_yards,Jahmyr Gibbs,84.5,-115,-115.0
2026-09-23T19-31-23Z,2026,3,2026_03_NYJ_DET,DET,NYJ,2026-09-27T17:00:00Z,betrivers,player_rush_yds,rush_yards,Breece Hall,55.5,-113,-118.0
2026-09-23T19-31-23Z,2026,3,2026_03_NYJ_DET,DET,NYJ,2026-09-27T17:00:00Z,betonlineag,player_anytime_td,anytime_td,Amon-Ra St. Brown,,-167,
2026-09-23T19-31-23Z,2026,3,2026_03_NYJ_DET,DET,NYJ,2026-09-27T17:00:00Z,betonlineag,player_anytime_td,anytime_td,Jared Goff,,1300,
2026-09-23T19-31-23Z,2026,3,2026_03_NYJ_DET,DET,NYJ,2026-09-27T17:00:00Z,betonlineag,player_anytime_td,anytime_td,Geno Smith,,600,
2026-09-23T19-31-23Z,2026,3,2026_03_NYJ_DET,DET,NYJ,2026-09-27T17:00:00Z,betonlineag,player_anytime_td,anytime_td,Tom Kennedy,,2400,
2026-09-23T19-31-23Z,2026,3,2026_03_NYJ_DET,DET,NYJ,2026-09-27T17:00:00Z,betonlineag,player_anytime_td,anytime_td,Brock Wright,,1300,
2026-09-23T19-31-23Z,2026,3,2026_03_NYJ_DET,DET,NYJ,2026-09-27T17:00:00Z,betonlineag,player_anytime_td,anytime_td,Jeremy Ruckert,,1400,
2026-09-23T19-31-23Z,2026,3,2026_03_NYJ_DET,DET,NYJ,2026-09-27T17:00:00Z,betonlineag,player_anytime_td,anytime_td,Jahmyr Gibbs,,-500,
2026-09-23T19-31-23Z,2026,3,2026_03_NYJ_DET,DET,NYJ,2026-09-27T17:00:00Z,betonlineag,player_anytime_td,anytime_td,Sione Vaki,,650,
2026-09-23T19-31-23Z,2026,3,2026_03_NYJ_DET,DET,NYJ,2026-09-27T17:00:00Z,betonlineag,player_anytime_td,anytime_td,Garrett Wilson,,140,
2026-09-23T19-31-23Z,2026,3,2026_03_NYJ_DET,DET,NYJ,2026-09-27T17:00:00Z,betonlineag,player_anytime_td,anytime_td,Sam LaPorta,,180,
2026-09-23T19-31-23Z,2026,3,2026_03_NYJ_DET,DET,NYJ,2026-09-27T17:00:00Z,betonlineag,player_anytime_td,anytime_td,Braelon Allen,,270,
2026-09-23T19-31-23Z,2026,3,2026_03_NYJ_DET,DET,NYJ,2026-09-27T17:00:00Z,betonlineag,player_anytime_td,anytime_td,Breece Hall,,-125,
2026-09-23T19-31-23Z,2026,3,2026_03_NYJ_DET,DET,NYJ,2026-09-27T17:00:00Z,betonlineag,player_anytime_td,anytime_td,Isaiah Davis,,1400,
2026-09-23T19-31-23Z,2026,3,2026_03_NYJ_DET,DET,NYJ,2026-09-27T17:00:00Z,betonlineag,player_anytime_td,anytime_td,Jameson Williams,,160,
2026-09-23T19-31-23Z,2026,3,2026_03_NYJ_DET,DET,NYJ,2026-09-27T17:00:00Z,betonlineag,player_anytime_td,anytime_td,Mason Taylor,,500,
2026-09-23T19-31-23Z,2026,3,2026_03_NYJ_DET,DET,NYJ,2026-09-27T17:00:00Z,betonlineag,player_anytime_td,anytime_td,Jacob Saylors,,1000,
2026-09-23T19-31-23Z,2026,3,2026_03_NYJ_DET,DET,NYJ,2026-09-27T17:00:00Z,betonlineag,player_anytime_td,anytime_td,Jelani Woods,,2900,
2026-09-23T19-31-23Z,2026,3,2026_03_NYJ_DET,DET,NYJ,2026-09-27T17:00:00Z,betonlineag,player_anytime_td,anytime_td,Jackson Meeks,,3400,
2026-09-23T19-31-23Z,2026,3,2026_03_NYJ_DET,DET,NYJ,2026-09-27T17:00:00Z,betonlineag,player_anytime_td,anytime_td,Isaiah Williams,,400,
2026-09-23T19-31-23Z,2026,3,2026_03_NYJ_DET,DET,NYJ,2026-09-27T17:00:00Z,betonlineag,player_anytime_td,anytime_td,Isaac TeSlaa,,350,
2026-09-23T19-31-23Z,2026,3,2026_03_NYJ_DET,DET,NYJ,2026-09-27T17:00:00Z,betonlineag,player_anytime_td,anytime_td,Andrew Beck,,1900,
2026-09-23T19-31-23Z,2026,3,2026_03_NYJ_DET,DET,NYJ,2026-09-27T17:00:00Z,betonlineag,player_anytime_td,anytime_td,Adonai Mitchell,,250,
2026-09-23T19-31-23Z,2026,3,2026_03_NYJ_DET,DET,NYJ,2026-09-27T17:00:00Z,betonlineag,player_anytime_td,anytime_td,Tyler Conklin,,1900,
2026-09-23T19-31-23Z,2026,3,2026_03_NYJ_DET,DET,NYJ,2026-09-27T17:00:00Z,betonlineag,player_anytime_td,anytime_td,Tay Martin,,3400,
2026-09-23T19-31-23Z,2026,3,2026_03_NYJ_DET,DET,NYJ,2026-09-27T17:00:00Z,betonlineag,player_anytime_td,anytime_td,Kenyon Sadiq,,400,
2026-09-23T19-31-23Z,2026,3,2026_03_NYJ_DET,DET,NYJ,2026-09-27T17:00:00Z,betonlineag,player_pass_yds,pass_yards,Jared Goff,258.5,-114,-114.0
2026-09-23T19-31-23Z,2026,3,2026_03_NYJ_DET,DET,NYJ,2026-09-27T17:00:00Z,betonlineag,player_pass_yds,pass_yards,Geno Smith,220.5,-115,-112.0
2026-09-23T19-31-23Z,2026,3,2026_03_NYJ_DET,DET,NYJ,2026-09-27T17:00:00Z,betonlineag,player_reception_yds,rec_yards,Jahmyr Gibbs,35.5,-115,-112.0
2026-09-23T19-31-23Z,2026,3,2026_03_NYJ_DET,DET,NYJ,2026-09-27T17:00:00Z,betonlineag,player_reception_yds,rec_yards,Sam LaPorta,45.5,-114,-114.0
2026-09-23T19-31-23Z,2026,3,2026_03_NYJ_DET,DET,NYJ,2026-09-27T17:00:00Z,betonlineag,player_reception_yds,rec_yards,Breece Hall,21.5,-114,-114.0
2026-09-23T19-31-23Z,2026,3,2026_03_NYJ_DET,DET,NYJ,2026-09-27T17:00:00Z,betonlineag,player_reception_yds,rec_yards,Jameson Williams,54.5,-114,-114.0
2026-09-23T19-31-23Z,2026,3,2026_03_NYJ_DET,DET,NYJ,2026-09-27T17:00:00Z,betonlineag,player_reception_yds,rec_yards,Garrett Wilson,61.5,-114,-114.0
2026-09-23T19-31-23Z,2026,3,2026_03_NYJ_DET,DET,NYJ,2026-09-27T17:00:00Z,betonlineag,player_reception_yds,rec_yards,Adonai Mitchell,45.5,-114,-114.0
2026-09-23T19-31-23Z,2026,3,2026_03_NYJ_DET,DET,NYJ,2026-09-27T17:00:00Z,betonlineag,player_reception_yds,rec_yards,Amon-Ra St. Brown,75.5,-115,-112.0
2026-09-23T19-31-23Z,2026,3,2026_03_NYJ_DET,DET,NYJ,2026-09-27T17:00:00Z,betonlineag,player_receptions,rec_catches,Garrett Wilson,5.5,-102,-127.0
2026-09-23T19-31-23Z,2026,3,2026_03_NYJ_DET,DET,NYJ,2026-09-27T17:00:00Z,betonlineag,player_receptions,rec_catches,Sam LaPorta,4.5,-118,-110.0
2026-09-23T19-31-23Z,2026,3,2026_03_NYJ_DET,DET,NYJ,2026-09-27T17:00:00Z,betonlineag,player_receptions,rec_catches,Breece Hall,3.5,115,-149.0
2026-09-23T19-31-23Z,2026,3,2026_03_NYJ_DET,DET,NYJ,2026-09-27T17:00:00Z,betonlineag,player_receptions,rec_catches,Amon-Ra St. Brown,7.5,134,-175.0
2026-09-23T19-31-23Z,2026,3,2026_03_NYJ_DET,DET,NYJ,2026-09-27T17:00:00Z,betonlineag,player_receptions,rec_catches,Adonai Mitchell,3.5,-123,-104.0
2026-09-23T19-31-23Z,2026,3,2026_03_NYJ_DET,DET,NYJ,2026-09-27T17:00:00Z,betonlineag,player_receptions,rec_catches,Jahmyr Gibbs,4.5,-118,-110.0
2026-09-23T19-31-23Z,2026,3,2026_03_NYJ_DET,DET,NYJ,2026-09-27T17:00:00Z,betonlineag,player_receptions,rec_catches,Jameson Williams,4.5,128,-167.0
2026-09-23T19-31-23Z,2026,3,2026_03_NYJ_DET,DET,NYJ,2026-09-27T17:00:00Z,betonlineag,player_rush_yds,rush_yards,Breece Hall,57.5,-115,-112.0
2026-09-23T19-31-23Z,2026,3,2026_03_NYJ_DET,DET,NYJ,2026-09-27T17:00:00Z,betonlineag,player_rush_yds,rush_yards,Jahmyr Gibbs,83.5,-114,-114.0
2026-09-23T19-31-23Z,2026,3,2026_03_NYJ_DET,DET,NYJ,2026-09-27T17:00:00Z,betmgm,player_anytime_td,anytime_td,Tyler Conklin,,2000,
2026-09-23T19-31-23Z,2026,3,2026_03_NYJ_DET,DET,NYJ,2026-09-27T17:00:00Z,betmgm,player_anytime_td,anytime_td,Detroit Lions D/ST,,400,
2026-09-23T19-31-23Z,2026,3,2026_03_NYJ_DET,DET,NYJ,2026-09-27T17:00:00Z,betmgm,player_anytime_td,anytime_td,Sione Vaki,,360,
2026-09-23T19-31-23Z,2026,3,2026_03_NYJ_DET,DET,NYJ,2026-09-27T17:00:00Z,betmgm,player_anytime_td,anytime_td,Jameson Williams,,175,
2026-09-23T19-31-23Z,2026,3,2026_03_NYJ_DET,DET,NYJ,2026-09-27T17:00:00Z,betmgm,player_anytime_td,anytime_td,Jahmyr Gibbs,,-300,
2026-09-23T19-31-23Z,2026,3,2026_03_NYJ_DET,DET,NYJ,2026-09-27T17:00:00Z,betmgm,player_anytime_td,anytime_td,Sam LaPorta,,180,
2026-09-23T19-31-23Z,2026,3,2026_03_NYJ_DET,DET,NYJ,2026-09-27T17:00:00Z,betmgm,player_anytime_td,anytime_td,Jacob Saylors,,1550,
2026-09-23T19-31-23Z,2026,3,2026_03_NYJ_DET,DET,NYJ,2026-09-27T17:00:00Z,betmgm,player_anytime_td,anytime_td,Braelon Allen,,300,
2026-09-23T19-31-23Z,2026,3,2026_03_NYJ_DET,DET,NYJ,2026-09-27T17:00:00Z,betmgm,player_anytime_td,anytime_td,Jared Goff,,1600,
2026-09-23T19-31-23Z,2026,3,2026_03_NYJ_DET,DET,NYJ,2026-09-27T17:00:00Z,betmgm,player_anytime_td,anytime_td,Amon-Ra St. Brown,,-145,
2026-09-23T19-31-23Z,2026,3,2026_03_NYJ_DET,DET,NYJ,2026-09-27T17:00:00Z,betmgm,player_anytime_td,anytime_td,Isaiah Davis,,1500,
2026-09-23T19-31-23Z,2026,3,2026_03_NYJ_DET,DET,NYJ,2026-09-27T17:00:00Z,betmgm,player_anytime_td,anytime_td,Isaiah Williams,,475,
2026-09-23T19-31-23Z,2026,3,2026_03_NYJ_DET,DET,NYJ,2026-09-27T17:00:00Z,betmgm,player_anytime_td,anytime_td,Breece Hall,,-105,
2026-09-23T19-31-23Z,2026,3,2026_03_NYJ_DET,DET,NYJ,2026-09-27T17:00:00Z,betmgm,player_anytime_td,anytime_td,Garrett Wilson,,165,
2026-09-23T19-31-23Z,2026,3,2026_03_NYJ_DET,DET,NYJ,2026-09-27T17:00:00Z,betmgm,player_anytime_td,anytime_td,Brock Wright,,1300,
2026-09-23T19-31-23Z,2026,3,2026_03_NYJ_DET,DET,NYJ,2026-09-27T17:00:00Z,betmgm,player_anytime_td,anytime_td,Adonai Mitchell,,240,
2026-09-23T19-31-23Z,2026,3,2026_03_NYJ_DET,DET,NYJ,2026-09-27T17:00:00Z,betmgm,player_anytime_td,anytime_td,Andrew Beck,,2200,
2026-09-23T19-31-23Z,2026,3,2026_03_NYJ_DET,DET,NYJ,2026-09-27T17:00:00Z,betmgm,player_anytime_td,anytime_td,Jelani Woods,,1600,
2026-09-23T19-31-23Z,2026,3,2026_03_NYJ_DET,DET,NYJ,2026-09-27T17:00:00Z,betmgm,player_anytime_td,anytime_td,Tom Kennedy,,3300,
2026-09-23T19-31-23Z,2026,3,2026_03_NYJ_DET,DET,NYJ,2026-09-27T17:00:00Z,betmgm,player_anytime_td,anytime_td,Tay Martin,,3500,
2026-09-23T19-31-23Z,2026,3,2026_03_NYJ_DET,DET,NYJ,2026-09-27T17:00:00Z,betmgm,player_anytime_td,anytime_td,Arian Smith,,2800,
2026-09-23T19-31-23Z,2026,3,2026_03_NYJ_DET,DET,NYJ,2026-09-27T17:00:00Z,betmgm,player_anytime_td,anytime_td,Geno Smith,,675,
2026-09-23T19-31-23Z,2026,3,2026_03_NYJ_DET,DET,NYJ,2026-09-27T17:00:00Z,betmgm,player_anytime_td,anytime_td,Jeremy Ruckert,,850,
2026-09-23T19-31-23Z,2026,3,2026_03_NYJ_DET,DET,NYJ,2026-09-27T17:00:00Z,betmgm,player_anytime_td,anytime_td,New York Jets D/ST,,600,
2026-09-23T19-31-23Z,2026,3,2026_03_NYJ_DET,DET,NYJ,2026-09-27T17:00:00Z,betmgm,player_anytime_td,anytime_td,Isaac TeSlaa,,425,
2026-09-23T19-31-23Z,2026,3,2026_03_NYJ_DET,DET,NYJ,2026-09-27T17:00:00Z,betmgm,player_anytime_td,anytime_td,Kenyon Sadiq,,310,
2026-09-23T19-31-23Z,2026,3,2026_03_NYJ_DET,DET,NYJ,2026-09-27T17:00:00Z,bovada,player_anytime_td,anytime_td,Breece Hall,,-136,
2026-09-23T19-31-23Z,2026,3,2026_03_NYJ_DET,DET,NYJ,2026-09-27T17:00:00Z,bovada,player_anytime_td,anytime_td,Garrett Wilson,,130,
2026-09-23T19-31-23Z,2026,3,2026_03_NYJ_DET,DET,NYJ,2026-09-27T17:00:00Z,bovada,player_anytime_td,anytime_td,Jahmyr Gibbs,,-152,
2026-09-23T19-31-23Z,2026,3,2026_03_NYJ_DET,DET,NYJ,2026-09-27T17:00:00Z,bovada,player_anytime_td,anytime_td,Jameson Williams,,215,
2026-09-23T19-31-23Z,2026,3,2026_03_NYJ_DET,DET,NYJ,2026-09-27T17:00:00Z,bovada,player_anytime_td,anytime_td,Sam LaPorta,,255,
2026-09-23T19-31-23Z,2026,3,2026_03_NYJ_DET,DET,NYJ,2026-09-27T17:00:00Z,bovada,player_anytime_td,anytime_td,Isaac TeSlaa,,600,
2026-09-23T19-31-23Z,2026,3,2026_03_NYJ_DET,DET,NYJ,2026-09-27T17:00:00Z,bovada,player_anytime_td,anytime_td,Jared Goff,,1400,
2026-09-23T19-31-23Z,2026,3,2026_03_NYJ_DET,DET,NYJ,2026-09-27T17:00:00Z,bovada,player_anytime_td,anytime_td,Sione Vaki,,900,
2026-09-23T19-31-23Z,2026,3,2026_03_NYJ_DET,DET,NYJ,2026-09-27T17:00:00Z,bovada,player_anytime_td,anytime_td,Brock Wright,,1700,
2026-09-23T19-31-23Z,2026,3,2026_03_NYJ_DET,DET,NYJ,2026-09-27T17:00:00Z,bovada,player_anytime_td,anytime_td,Detroit Lions D/ST,,525,
2026-09-23T19-31-23Z,2026,3,2026_03_NYJ_DET,DET,NYJ,2026-09-27T17:00:00Z,bovada,player_anytime_td,anytime_td,New York Jets D/ST,,625,
2026-09-23T19-31-23Z,2026,3,2026_03_NYJ_DET,DET,NYJ,2026-09-27T17:00:00Z,bovada,player_anytime_td,anytime_td,Adonai Mitchell,,240,
2026-09-23T19-31-23Z,2026,3,2026_03_NYJ_DET,DET,NYJ,2026-09-27T17:00:00Z,bovada,player_anytime_td,anytime_td,Braelon Allen,,265,
2026-09-23T19-31-23Z,2026,3,2026_03_NYJ_DET,DET,NYJ,2026-09-27T17:00:00Z,bovada,player_anytime_td,anytime_td,Isaiah Williams,,400,
2026-09-23T19-31-23Z,2026,3,2026_03_NYJ_DET,DET,NYJ,2026-09-27T17:00:00Z,bovada,player_pass_yds,pass_yards,Geno Smith,220.5,-115,-115.0
2026-09-23T19-31-23Z,2026,3,2026_03_NYJ_DET,DET,NYJ,2026-09-27T17:00:00Z,bovada,player_pass_yds,pass_yards,Jared Goff,254.5,-115,-115.0
2026-09-23T19-31-23Z,2026,3,2026_03_NYJ_DET,DET,NYJ,2026-09-27T17:00:00Z,bovada,player_reception_yds,rec_yards,Adonai Mitchell,65.5,-115,-115.0
2026-09-23T19-31-23Z,2026,3,2026_03_NYJ_DET,DET,NYJ,2026-09-27T17:00:00Z,bovada,player_reception_yds,rec_yards,Amon-Ra St. Brown,59.5,-115,-115.0
2026-09-23T19-31-23Z,2026,3,2026_03_NYJ_DET,DET,NYJ,2026-09-27T17:00:00Z,bovada,player_reception_yds,rec_yards,Breece Hall,27.5,-110,-120.0
2026-09-23T19-31-23Z,2026,3,2026_03_NYJ_DET,DET,NYJ,2026-09-27T17:00:00Z,bovada,player_reception_yds,rec_yards,Garrett Wilson,79.5,-115,-115.0
2026-09-23T19-31-23Z,2026,3,2026_03_NYJ_DET,DET,NYJ,2026-09-27T17:00:00Z,bovada,player_reception_yds,rec_yards,Jahmyr Gibbs,25.5,-115,-115.0
2026-09-23T19-31-23Z,2026,3,2026_03_NYJ_DET,DET,NYJ,2026-09-27T17:00:00Z,bovada,player_reception_yds,rec_yards,Jameson Williams,44.5,-115,-115.0
2026-09-23T19-31-23Z,2026,3,2026_03_NYJ_DET,DET,NYJ,2026-09-27T17:00:00Z,bovada,player_reception_yds,rec_yards,Sam LaPorta,34.5,-115,-115.0
2026-09-23T19-31-23Z,2026,3,2026_03_NYJ_DET,DET,NYJ,2026-09-27T17:00:00Z,bovada,player_receptions,rec_catches,Adonai Mitchell,5.5,110,-145.0
2026-09-23T19-31-23Z,2026,3,2026_03_NYJ_DET,DET,NYJ,2026-09-27T17:00:00Z,bovada,player_receptions,rec_catches,Amon-Ra St. Brown,5.5,115,-150.0
2026-09-23T19-31-23Z,2026,3,2026_03_NYJ_DET,DET,NYJ,2026-09-27T17:00:00Z,bovada,player_receptions,rec_catches,Breece Hall,4.5,110,-145.0
2026-09-23T19-31-23Z,2026,3,2026_03_NYJ_DET,DET,NYJ,2026-09-27T17:00:00Z,bovada,player_receptions,rec_catches,Garrett Wilson,6.5,-135,105.0
2026-09-23T19-31-23Z,2026,3,2026_03_NYJ_DET,DET,NYJ,2026-09-27T17:00:00Z,bovada,player_receptions,rec_catches,Jahmyr Gibbs,3.5,130,-170.0
2026-09-23T19-31-23Z,2026,3,2026_03_NYJ_DET,DET,NYJ,2026-09-27T17:00:00Z,bovada,player_receptions,rec_catches,Jameson Williams,3.5,-110,-120.0
2026-09-23T19-31-23Z,2026,3,2026_03_NYJ_DET,DET,NYJ,2026-09-27T17:00:00Z,bovada,player_receptions,rec_catches,Sam LaPorta,3.5,115,-150.0
2026-09-23T19-31-23Z,2026,3,2026_03_NYJ_DET,DET,NYJ,2026-09-27T17:00:00Z,bovada,player_rush_yds,rush_yards,Breece Hall,53.5,-115,-115.0
2026-09-23T19-31-23Z,2026,3,2026_03_NYJ_DET,DET,NYJ,2026-09-27T17:00:00Z,bovada,player_rush_yds,rush_yards,Jahmyr Gibbs,53.5,-120,-110.0
2026-09-23T19-31-23Z,2026,3,2026_03_HOU_IND,IND,HOU,2026-09-27T17:00:00Z,draftkings,player_anytime_td,anytime_td,Jonathan Taylor,,-140,
2026-09-23T19-31-23Z,2026,3,2026_03_HOU_IND,IND,HOU,2026-09-27T17:00:00Z,draftkings,player_anytime_td,anytime_td,David Montgomery,,170,
2026-09-23T19-31-23Z,2026,3,2026_03_HOU_IND,IND,HOU,2026-09-27T17:00:00Z,draftkings,player_anytime_td,anytime_td,Dalton Schultz,,220,
2026-09-23T19-31-23Z,2026,3,2026_03_HOU_IND,IND,HOU,2026-09-27T17:00:00Z,draftkings,player_anytime_td,anytime_td,Josh Downs,,230,
2026-09-23T19-31-23Z,2026,3,2026_03_HOU_IND,IND,HOU,2026-09-27T17:00:00Z,draftkings,player_anytime_td,anytime_td,Woody Marks,,360,
2026-09-23T19-31-23Z,2026,3,2026_03_HOU_IND,IND,HOU,2026-09-27T17:00:00Z,draftkings,player_anytime_td,anytime_td,Tyler Warren,,425,
2026-09-23T19-31-23Z,2026,3,2026_03_HOU_IND,IND,HOU,2026-09-27T17:00:00Z,betonlineag,player_anytime_td,anytime_td,Jonathan Taylor,,-167,
2026-09-23T19-31-23Z,2026,3,2026_03_HOU_IND,IND,HOU,2026-09-27T17:00:00Z,betonlineag,player_anytime_td,anytime_td,Dalton Schultz,,200,
2026-09-23T19-31-23Z,2026,3,2026_03_HOU_IND,IND,HOU,2026-09-27T17:00:00Z,betonlineag,player_anytime_td,anytime_td,Josh Downs,,240,
2026-09-23T19-31-23Z,2026,3,2026_03_HOU_IND,IND,HOU,2026-09-27T17:00:00Z,betonlineag,player_anytime_td,anytime_td,David Montgomery,,-111,
2026-09-23T19-31-23Z,2026,3,2026_03_HOU_IND,IND,HOU,2026-09-27T17:00:00Z,betonlineag,player_anytime_td,anytime_td,Tyler Warren,,250,
2026-09-23T19-31-23Z,2026,3,2026_03_HOU_IND,IND,HOU,2026-09-27T17:00:00Z,betonlineag,player_anytime_td,anytime_td,Woody Marks,,220,
2026-09-23T19-31-23Z,2026,3,2026_03_HOU_IND,IND,HOU,2026-09-27T17:00:00Z,betonlineag,player_anytime_td,anytime_td,Kayshon Boutte,,230,
2026-09-23T19-31-23Z,2026,3,2026_03_HOU_IND,IND,HOU,2026-09-27T17:00:00Z,betonlineag,player_anytime_td,anytime_td,Deion Burks,,3400,
2026-09-23T19-31-23Z,2026,3,2026_03_HOU_IND,IND,HOU,2026-09-27T17:00:00Z,betonlineag,player_anytime_td,anytime_td,Keenan Allen,,350,
2026-09-23T19-31-23Z,2026,3,2026_03_HOU_IND,IND,HOU,2026-09-27T17:00:00Z,betonlineag,player_anytime_td,anytime_td,Foster Moreau,,650,
2026-09-23T19-31-23Z,2026,3,2026_03_HOU_IND,IND,HOU,2026-09-27T17:00:00Z,betonlineag,player_anytime_td,anytime_td,Laquon Treadwell,,500,
2026-09-23T19-31-23Z,2026,3,2026_03_HOU_IND,IND,HOU,2026-09-27T17:00:00Z,betonlineag,player_anytime_td,anytime_td,Daniel Jones,,550,
2026-09-23T19-31-23Z,2026,3,2026_03_HOU_IND,IND,HOU,2026-09-27T17:00:00Z,betonlineag,player_anytime_td,anytime_td,C.J. Stroud,,500,
2026-09-23T19-31-23Z,2026,3,2026_03_HOU_IND,IND,HOU,2026-09-27T17:00:00Z,betonlineag,player_anytime_td,anytime_td,Jaylin Noel,,325,
2026-09-23T19-31-23Z,2026,3,2026_03_HOU_IND,IND,HOU,2026-09-27T17:00:00Z,betonlineag,player_anytime_td,anytime_td,Xavier Hutchinson,,290,
2026-09-23T19-31-23Z,2026,3,2026_03_HOU_IND,IND,HOU,2026-09-27T17:00:00Z,betonlineag,player_anytime_td,anytime_td,Jared Wayne,,650,
2026-09-23T19-31-23Z,2026,3,2026_03_HOU_IND,IND,HOU,2026-09-27T17:00:00Z,betonlineag,player_anytime_td,anytime_td,British Brooks,,2400,
2026-09-23T19-31-23Z,2026,3,2026_03_HOU_IND,IND,HOU,2026-09-27T17:00:00Z,betonlineag,player_anytime_td,anytime_td,Seth McGowan,,900,
2026-09-23T19-31-23Z,2026,3,2026_03_HOU_IND,IND,HOU,2026-09-27T17:00:00Z,betonlineag,player_anytime_td,anytime_td,Mo Alie-Cox,,1700,
2026-09-23T19-31-23Z,2026,3,2026_03_HOU_IND,IND,HOU,2026-09-27T17:00:00Z,betonlineag,player_anytime_td,anytime_td,Marlin Klein,,2400,
2026-09-23T19-31-23Z,2026,3,2026_03_HOU_IND,IND,HOU,2026-09-27T17:00:00Z,betonlineag,player_anytime_td,anytime_td,Cade Stover,,1100,
2026-09-23T19-31-23Z,2026,3,2026_03_HOU_IND,IND,HOU,2026-09-27T17:00:00Z,betonlineag,player_anytime_td,anytime_td,Drew Ogletree,,2900,
2026-09-23T19-31-23Z,2026,3,2026_03_HOU_IND,IND,HOU,2026-09-27T17:00:00Z,bovada,player_anytime_td,anytime_td,Dalton Schultz,,220,
2026-09-23T19-31-23Z,2026,3,2026_03_HOU_IND,IND,HOU,2026-09-27T17:00:00Z,bovada,player_anytime_td,anytime_td,Jonathan Taylor,,-143,
2026-09-23T19-31-23Z,2026,3,2026_03_HOU_IND,IND,HOU,2026-09-27T17:00:00Z,bovada,player_anytime_td,anytime_td,Josh Downs,,230,
2026-09-23T19-31-23Z,2026,3,2026_03_NE_JAX,JAX,NE,2026-09-27T17:00:00Z,draftkings,player_anytime_td,anytime_td,Parker Washington,,150,
2026-09-23T19-31-23Z,2026,3,2026_03_NE_JAX,JAX,NE,2026-09-27T17:00:00Z,draftkings,player_anytime_td,anytime_td,Rhamondre Stevenson,,165,
2026-09-23T19-31-23Z,2026,3,2026_03_NE_JAX,JAX,NE,2026-09-27T17:00:00Z,draftkings,player_anytime_td,anytime_td,TreVeyon Henderson,,190,
2026-09-23T19-31-23Z,2026,3,2026_03_NE_JAX,JAX,NE,2026-09-27T17:00:00Z,draftkings,player_anytime_td,anytime_td,Bhayshul Tuten,,230,
2026-09-23T19-31-23Z,2026,3,2026_03_NE_JAX,JAX,NE,2026-09-27T17:00:00Z,draftkings,player_anytime_td,anytime_td,Brian Thomas Jr,,235,
2026-09-23T19-31-23Z,2026,3,2026_03_NE_JAX,JAX,NE,2026-09-27T17:00:00Z,draftkings,player_anytime_td,anytime_td,Drake Maye,,270,
2026-09-23T19-31-23Z,2026,3,2026_03_NE_JAX,JAX,NE,2026-09-27T17:00:00Z,draftkings,player_anytime_td,anytime_td,Brenton Strange,,280,
2026-09-23T19-31-23Z,2026,3,2026_03_NE_JAX,JAX,NE,2026-09-27T17:00:00Z,draftkings,player_anytime_td,anytime_td,Hunter Henry,,310,
2026-09-23T19-31-23Z,2026,3,2026_03_NE_JAX,JAX,NE,2026-09-27T17:00:00Z,draftkings,player_anytime_td,anytime_td,Trevor Lawrence,,340,
2026-09-23T19-31-23Z,2026,3,2026_03_NE_JAX,JAX,NE,2026-09-27T17:00:00Z,draftkings,player_anytime_td,anytime_td,Romeo Doubs,,360,
2026-09-23T19-31-23Z,2026,3,2026_03_NE_JAX,JAX,NE,2026-09-27T17:00:00Z,draftkings,player_anytime_td,anytime_td,DeMario Douglas,,475,
2026-09-23T19-31-23Z,2026,3,2026_03_NE_JAX,JAX,NE,2026-09-27T17:00:00Z,draftkings,player_anytime_td,anytime_td,Mack Hollins,,500,
2026-09-23T19-31-23Z,2026,3,2026_03_NE_JAX,JAX,NE,2026-09-27T17:00:00Z,draftkings,player_anytime_td,anytime_td,Jakobi Meyers,,700,
2026-09-23T19-31-23Z,2026,3,2026_03_NE_JAX,JAX,NE,2026-09-27T17:00:00Z,draftkings,player_anytime_td,anytime_td,Jacksonville Jaguars D/ST,,750,
2026-09-23T19-31-23Z,2026,3,2026_03_NE_JAX,JAX,NE,2026-09-27T17:00:00Z,draftkings,player_anytime_td,anytime_td,New England Patriots D/ST,,750,
2026-09-23T19-31-23Z,2026,3,2026_03_NE_JAX,JAX,NE,2026-09-27T17:00:00Z,draftkings,player_anytime_td,anytime_td,Ameer Abdullah,,1800,
2026-09-23T19-31-23Z,2026,3,2026_03_NE_JAX,JAX,NE,2026-09-27T17:00:00Z,draftkings,player_anytime_td,anytime_td,LeQuint Allen Jr.,,2500,
2026-09-23T19-31-23Z,2026,3,2026_03_NE_JAX,JAX,NE,2026-09-27T17:00:00Z,draftkings,player_pass_yds,pass_yards,Trevor Lawrence,224.5,-113,-111.0
2026-09-23T19-31-23Z,2026,3,2026_03_NE_JAX,JAX,NE,2026-09-27T17:00:00Z,draftkings,player_pass_yds,pass_yards,Drake Maye,218.5,-112,-112.0
2026-09-23T19-31-23Z,2026,3,2026_03_NE_JAX,JAX,NE,2026-09-27T17:00:00Z,draftkings,player_reception_yds,rec_yards,Parker Washington,72.5,-113,-111.0
2026-09-23T19-31-23Z,2026,3,2026_03_NE_JAX,JAX,NE,2026-09-27T17:00:00Z,draftkings,player_reception_yds,rec_yards,Brian Thomas Jr,47.5,-110,-114.0
2026-09-23T19-31-23Z,2026,3,2026_03_NE_JAX,JAX,NE,2026-09-27T17:00:00Z,draftkings,player_reception_yds,rec_yards,Romeo Doubs,36.5,-113,-111.0
2026-09-23T19-31-23Z,2026,3,2026_03_NE_JAX,JAX,NE,2026-09-27T17:00:00Z,draftkings,player_reception_yds,rec_yards,Hunter Henry,34.5,-112,-112.0
2026-09-23T19-31-23Z,2026,3,2026_03_NE_JAX,JAX,NE,2026-09-27T17:00:00Z,draftkings,player_reception_yds,rec_yards,Brenton Strange,33.5,-109,-115.0
2026-09-23T19-31-23Z,2026,3,2026_03_NE_JAX,JAX,NE,2026-09-27T17:00:00Z,draftkings,player_reception_yds,rec_yards,DeMario Douglas,24.5,-114,-110.0
2026-09-23T19-31-23Z,2026,3,2026_03_NE_JAX,JAX,NE,2026-09-27T17:00:00Z,draftkings,player_reception_yds,rec_yards,Rhamondre Stevenson,11.5,-105,-119.0
2026-09-23T19-31-23Z,2026,3,2026_03_NE_JAX,JAX,NE,2026-09-27T17:00:00Z,draftkings,player_reception_yds,rec_yards,TreVeyon Henderson,7.5,-107,-117.0
2026-09-23T19-31-23Z,2026,3,2026_03_NE_JAX,JAX,NE,2026-09-27T17:00:00Z,draftkings,player_reception_yds,rec_yards,Mack Hollins,2.5,-126,100.0
2026-09-23T19-31-23Z,2026,3,2026_03_NE_JAX,JAX,NE,2026-09-27T17:00:00Z,draftkings,player_reception_yds,rec_yards,Jakobi Meyers,0.5,127,-159.0
2026-09-23T19-31-23Z,2026,3,2026_03_NE_JAX,JAX,NE,2026-09-27T17:00:00Z,draftkings,player_receptions,rec_catches,Parker Washington,5.5,-102,-124.0
2026-09-23T19-31-23Z,2026,3,2026_03_NE_JAX,JAX,NE,2026-09-27T17:00:00Z,draftkings,player_receptions,rec_catches,Brian Thomas Jr,3.5,101,-128.0
2026-09-23T19-31-23Z,2026,3,2026_03_NE_JAX,JAX,NE,2026-09-27T17:00:00Z,draftkings,player_receptions,rec_catches,Brenton Strange,3.5,115,-147.0
2026-09-23T19-31-23Z,2026,3,2026_03_NE_JAX,JAX,NE,2026-09-27T17:00:00Z,draftkings,player_receptions,rec_catches,Hunter Henry,3.5,130,-167.0
2026-09-23T19-31-23Z,2026,3,2026_03_NE_JAX,JAX,NE,2026-09-27T17:00:00Z,draftkings,player_receptions,rec_catches,Romeo Doubs,2.5,-134,105.0
2026-09-23T19-31-23Z,2026,3,2026_03_NE_JAX,JAX,NE,2026-09-27T17:00:00Z,draftkings,player_receptions,rec_catches,DeMario Douglas,2.5,-101,-126.0
2026-09-23T19-31-23Z,2026,3,2026_03_NE_JAX,JAX,NE,2026-09-27T17:00:00Z,draftkings,player_receptions,rec_catches,Mack Hollins,1.5,-154,121.0
2026-09-23T19-31-23Z,2026,3,2026_03_NE_JAX,JAX,NE,2026-09-27T17:00:00Z,draftkings,player_receptions,rec_catches,Rhamondre Stevenson,1.5,-139,109.0
2026-09-23T19-31-23Z,2026,3,2026_03_NE_JAX,JAX,NE,2026-09-27T17:00:00Z,draftkings,player_receptions,rec_catches,Jakobi Meyers,1.5,-101,-126.0
2026-09-23T19-31-23Z,2026,3,2026_03_NE_JAX,JAX,NE,2026-09-27T17:00:00Z,draftkings,player_receptions,rec_catches,TreVeyon Henderson,1.5,153,-197.0
2026-09-23T19-31-23Z,2026,3,2026_03_NE_JAX,JAX,NE,2026-09-27T17:00:00Z,draftkings,player_rush_yds,rush_yards,TreVeyon Henderson,39.5,-115,-109.0
2026-09-23T19-31-23Z,2026,3,2026_03_NE_JAX,JAX,NE,2026-09-27T17:00:00Z,draftkings,player_rush_yds,rush_yards,Bhayshul Tuten,38.5,-114,-110.0
2026-09-23T19-31-23Z,2026,3,2026_03_NE_JAX,JAX,NE,2026-09-27T17:00:00Z,draftkings,player_rush_yds,rush_yards,Rhamondre Stevenson,36.5,-114,-110.0
2026-09-23T19-31-23Z,2026,3,2026_03_NE_JAX,JAX,NE,2026-09-27T17:00:00Z,draftkings,player_rush_yds,rush_yards,Drake Maye,25.5,-113,-111.0
2026-09-23T19-31-23Z,2026,3,2026_03_NE_JAX,JAX,NE,2026-09-27T17:00:00Z,draftkings,player_rush_yds,rush_yards,Trevor Lawrence,13.5,-115,-109.0
2026-09-23T19-31-23Z,2026,3,2026_03_NE_JAX,JAX,NE,2026-09-27T17:00:00Z,fanduel,player_anytime_td,anytime_td,Rhamondre Stevenson,,145,
2026-09-23T19-31-23Z,2026,3,2026_03_NE_JAX,JAX,NE,2026-09-27T17:00:00Z,fanduel,player_anytime_td,anytime_td,Bhayshul Tuten,,150,
2026-09-23T19-31-23Z,2026,3,2026_03_NE_JAX,JAX,NE,2026-09-27T17:00:00Z,fanduel,player_anytime_td,anytime_td,Parker Washington,,165,
2026-09-23T19-31-23Z,2026,3,2026_03_NE_JAX,JAX,NE,2026-09-27T17:00:00Z,fanduel,player_anytime_td,anytime_td,TreVeyon Henderson,,180,
2026-09-23T19-31-23Z,2026,3,2026_03_NE_JAX,JAX,NE,2026-09-27T17:00:00Z,fanduel,player_anytime_td,anytime_td,Chris Rodriguez Jr.,,240,
2026-09-23T19-31-23Z,2026,3,2026_03_NE_JAX,JAX,NE,2026-09-27T17:00:00Z,fanduel,player_anytime_td,anytime_td,Jakobi Meyers,,240,
2026-09-23T19-31-23Z,2026,3,2026_03_NE_JAX,JAX,NE,2026-09-27T17:00:00Z,fanduel,player_anytime_td,anytime_td,Hunter Henry,,240,
2026-09-23T19-31-23Z,2026,3,2026_03_NE_JAX,JAX,NE,2026-09-27T17:00:00Z,fanduel,player_anytime_td,anytime_td,Drake Maye,,270,
2026-09-23T19-31-23Z,2026,3,2026_03_NE_JAX,JAX,NE,2026-09-27T17:00:00Z,fanduel,player_anytime_td,anytime_td,Brian Thomas Jr,,270,
2026-09-23T19-31-23Z,2026,3,2026_03_NE_JAX,JAX,NE,2026-09-27T17:00:00Z,fanduel,player_anytime_td,anytime_td,Romeo Doubs,,280,
2026-09-23T19-31-23Z,2026,3,2026_03_NE_JAX,JAX,NE,2026-09-27T17:00:00Z,fanduel,player_anytime_td,anytime_td,Trevor Lawrence,,290,
2026-09-23T19-31-23Z,2026,3,2026_03_NE_JAX,JAX,NE,2026-09-27T17:00:00Z,fanduel,player_anytime_td,anytime_td,Brenton Strange,,290,
2026-09-23T19-31-23Z,2026,3,2026_03_NE_JAX,JAX,NE,2026-09-27T17:00:00Z,fanduel,player_anytime_td,anytime_td,Mack Hollins,,340,
2026-09-23T19-31-23Z,2026,3,2026_03_NE_JAX,JAX,NE,2026-09-27T17:00:00Z,fanduel,player_anytime_td,anytime_td,DeMario Douglas,,390,
2026-09-23T19-31-23Z,2026,3,2026_03_NE_JAX,JAX,NE,2026-09-27T17:00:00Z,fanduel,player_anytime_td,anytime_td,Nate Boerkircher,,650,
2026-09-23T19-31-23Z,2026,3,2026_03_NE_JAX,JAX,NE,2026-09-27T17:00:00Z,fanduel,player_anytime_td,anytime_td,New England Patriots Defense,,750,
2026-09-23T19-31-23Z,2026,3,2026_03_NE_JAX,JAX,NE,2026-09-27T17:00:00Z,fanduel,player_anytime_td,anytime_td,LeQuint Allen Jr.,,850,
2026-09-23T19-31-23Z,2026,3,2026_03_NE_JAX,JAX,NE,2026-09-27T17:00:00Z,fanduel,player_anytime_td,anytime_td,Cameron Latu,,850,
2026-09-23T19-31-23Z,2026,3,2026_03_NE_JAX,JAX,NE,2026-09-27T17:00:00Z,fanduel,player_anytime_td,anytime_td,Jacksonville Jaguars Defense,,850,
2026-09-23T19-31-23Z,2026,3,2026_03_NE_JAX,JAX,NE,2026-09-27T17:00:00Z,fanduel,player_anytime_td,anytime_td,Eli Raridon,,850,
2026-09-23T19-31-23Z,2026,3,2026_03_NE_JAX,JAX,NE,2026-09-27T17:00:00Z,fanduel,player_anytime_td,anytime_td,Ameer Abdullah,,850,
2026-09-23T19-31-23Z,2026,3,2026_03_NE_JAX,JAX,NE,2026-09-27T17:00:00Z,fanduel,player_anytime_td,anytime_td,Josh Cameron,,1000,
2026-09-23T19-31-23Z,2026,3,2026_03_NE_JAX,JAX,NE,2026-09-27T17:00:00Z,fanduel,player_anytime_td,anytime_td,Kyle Williams,,1100,
2026-09-23T19-31-23Z,2026,3,2026_03_NE_JAX,JAX,NE,2026-09-27T17:00:00Z,fanduel,player_anytime_td,anytime_td,Travis Hunter,,1100,
2026-09-23T19-31-23Z,2026,3,2026_03_NE_JAX,JAX,NE,2026-09-27T17:00:00Z,fanduel,player_anytime_td,anytime_td,CJ Williams,,1100,
2026-09-23T19-31-23Z,2026,3,2026_03_NE_JAX,JAX,NE,2026-09-27T17:00:00Z,fanduel,player_anytime_td,anytime_td,Efton Chism III,,1100,
2026-09-23T19-31-23Z,2026,3,2026_03_NE_JAX,JAX,NE,2026-09-27T17:00:00Z,fanduel,player_anytime_td,anytime_td,Corey Kiner,,1800,
2026-09-23T19-31-23Z,2026,3,2026_03_NE_JAX,JAX,NE,2026-09-27T17:00:00Z,fanduel,player_anytime_td,anytime_td,Quintin Morris,,2200,
2026-09-23T19-31-23Z,2026,3,2026_03_NE_JAX,JAX,NE,2026-09-27T17:00:00Z,fanduel,player_anytime_td,anytime_td,Reggie Gilliam,,2500,
2026-09-23T19-31-23Z,2026,3,2026_03_NE_JAX,JAX,NE,2026-09-27T17:00:00Z,fanduel,player_pass_yds,pass_yards,Trevor Lawrence,223.5,-114,-114.0
2026-09-23T19-31-23Z,2026,3,2026_03_NE_JAX,JAX,NE,2026-09-27T17:00:00Z,fanduel,player_pass_yds,pass_yards,Drake Maye,216.5,-114,-114.0
2026-09-23T19-31-23Z,2026,3,2026_03_NE_JAX,JAX,NE,2026-09-27T17:00:00Z,fanduel,player_reception_yds,rec_yards,Mack Hollins,33.5,-114,-114.0
2026-09-23T19-31-23Z,2026,3,2026_03_NE_JAX,JAX,NE,2026-09-27T17:00:00Z,fanduel,player_reception_yds,rec_yards,Hunter Henry,41.5,-114,-114.0
2026-09-23T19-31-23Z,2026,3,2026_03_NE_JAX,JAX,NE,2026-09-27T17:00:00Z,fanduel,player_reception_yds,rec_yards,Brenton Strange,27.5,-114,-114.0
2026-09-23T19-31-23Z,2026,3,2026_03_NE_JAX,JAX,NE,2026-09-27T17:00:00Z,fanduel,player_reception_yds,rec_yards,Bhayshul Tuten,9.5,-114,-114.0
2026-09-23T19-31-23Z,2026,3,2026_03_NE_JAX,JAX,NE,2026-09-27T17:00:00Z,fanduel,player_reception_yds,rec_yards,Rhamondre Stevenson,14.5,-114,-114.0
2026-09-23T19-31-23Z,2026,3,2026_03_NE_JAX,JAX,NE,2026-09-27T17:00:00Z,fanduel,player_reception_yds,rec_yards,Jakobi Meyers,34.5,-114,-114.0
2026-09-23T19-31-23Z,2026,3,2026_03_NE_JAX,JAX,NE,2026-09-27T17:00:00Z,fanduel,player_reception_yds,rec_yards,Parker Washington,61.5,-114,-114.0
2026-09-23T19-31-23Z,2026,3,2026_03_NE_JAX,JAX,NE,2026-09-27T17:00:00Z,fanduel,player_reception_yds,rec_yards,TreVeyon Henderson,9.5,-114,-114.0
2026-09-23T19-31-23Z,2026,3,2026_03_NE_JAX,JAX,NE,2026-09-27T17:00:00Z,fanduel,player_reception_yds,rec_yards,Brian Thomas Jr,38.5,-114,-114.0
2026-09-23T19-31-23Z,2026,3,2026_03_NE_JAX,JAX,NE,2026-09-27T17:00:00Z,fanduel,player_reception_yds,rec_yards,DeMario Douglas,28.5,-114,-114.0
2026-09-23T19-31-23Z,2026,3,2026_03_NE_JAX,JAX,NE,2026-09-27T17:00:00Z,fanduel,player_reception_yds,rec_yards,Romeo Doubs,42.5,-114,-114.0
2026-09-23T19-31-23Z,2026,3,2026_03_NE_JAX,JAX,NE,2026-09-27T17:00:00Z,fanduel,player_receptions,rec_catches,Brian Thomas Jr,3.5,140,-188.0
2026-09-23T19-31-23Z,2026,3,2026_03_NE_JAX,JAX,NE,2026-09-27T17:00:00Z,fanduel,player_receptions,rec_catches,Romeo Doubs,3.5,120,-160.0
2026-09-23T19-31-23Z,2026,3,2026_03_NE_JAX,JAX,NE,2026-09-27T17:00:00Z,fanduel,player_receptions,rec_catches,Jakobi Meyers,3.5,-102,-130.0
2026-09-23T19-31-23Z,2026,3,2026_03_NE_JAX,JAX,NE,2026-09-27T17:00:00Z,fanduel,player_receptions,rec_catches,DeMario Douglas,2.5,-172,128.0
2026-09-23T19-31-23Z,2026,3,2026_03_NE_JAX,JAX,NE,2026-09-27T17:00:00Z,fanduel,player_receptions,rec_catches,Brenton Strange,2.5,-180,134.0
2026-09-23T19-31-23Z,2026,3,2026_03_NE_JAX,JAX,NE,2026-09-27T17:00:00Z,fanduel,player_receptions,rec_catches,Parker Washington,4.5,-148,112.0
2026-09-23T19-31-23Z,2026,3,2026_03_NE_JAX,JAX,NE,2026-09-27T17:00:00Z,fanduel,player_receptions,rec_catches,TreVeyon Henderson,1.5,-102,-130.0
2026-09-23T19-31-23Z,2026,3,2026_03_NE_JAX,JAX,NE,2026-09-27T17:00:00Z,fanduel,player_receptions,rec_catches,Bhayshul Tuten,1.5,-122,-108.0
2026-09-23T19-31-23Z,2026,3,2026_03_NE_JAX,JAX,NE,2026-09-27T17:00:00Z,fanduel,player_receptions,rec_catches,Rhamondre Stevenson,2.5,102,-136.0
2026-09-23T19-31-23Z,2026,3,2026_03_NE_JAX,JAX,NE,2026-09-27T17:00:00Z,fanduel,player_receptions,rec_catches,Mack Hollins,2.5,-172,128.0
2026-09-23T19-31-23Z,2026,3,2026_03_NE_JAX,JAX,NE,2026-09-27T17:00:00Z,fanduel,player_receptions,rec_catches,Hunter Henry,3.5,-166,124.0
2026-09-23T19-31-23Z,2026,3,2026_03_NE_JAX,JAX,NE,2026-09-27T17:00:00Z,fanduel,player_rush_yds,rush_yards,Trevor Lawrence,16.5,-114,-114.0
2026-09-23T19-31-23Z,2026,3,2026_03_NE_JAX,JAX,NE,2026-09-27T17:00:00Z,fanduel,player_rush_yds,rush_yards,Rhamondre Stevenson,37.5,-114,-114.0
2026-09-23T19-31-23Z,2026,3,2026_03_NE_JAX,JAX,NE,2026-09-27T17:00:00Z,fanduel,player_rush_yds,rush_yards,TreVeyon Henderson,39.5,-114,-114.0
2026-09-23T19-31-23Z,2026,3,2026_03_NE_JAX,JAX,NE,2026-09-27T17:00:00Z,fanduel,player_rush_yds,rush_yards,Chris Rodriguez Jr.,20.5,-114,-114.0
2026-09-23T19-31-23Z,2026,3,2026_03_NE_JAX,JAX,NE,2026-09-27T17:00:00Z,fanduel,player_rush_yds,rush_yards,Bhayshul Tuten,52.5,-114,-114.0
2026-09-23T19-31-23Z,2026,3,2026_03_NE_JAX,JAX,NE,2026-09-27T17:00:00Z,fanduel,player_rush_yds,rush_yards,Drake Maye,25.5,-114,-114.0
2026-09-23T19-31-23Z,2026,3,2026_03_NE_JAX,JAX,NE,2026-09-27T17:00:00Z,betrivers,player_anytime_td,anytime_td,Ameer Abdullah,,850,
2026-09-23T19-31-23Z,2026,3,2026_03_NE_JAX,JAX,NE,2026-09-27T17:00:00Z,betrivers,player_anytime_td,anytime_td,Romeo Doubs,,260,
2026-09-23T19-31-23Z,2026,3,2026_03_NE_JAX,JAX,NE,2026-09-27T17:00:00Z,betrivers,player_anytime_td,anytime_td,Nate Boerkircher,,850,
2026-09-23T19-31-23Z,2026,3,2026_03_NE_JAX,JAX,NE,2026-09-27T17:00:00Z,betrivers,player_anytime_td,anytime_td,Rhamondre Stevenson,,148,
2026-09-23T19-31-23Z,2026,3,2026_03_NE_JAX,JAX,NE,2026-09-27T17:00:00Z,betrivers,player_anytime_td,anytime_td,Tanner Koziol,,2500,
2026-09-23T19-31-23Z,2026,3,2026_03_NE_JAX,JAX,NE,2026-09-27T17:00:00Z,betrivers,player_anytime_td,anytime_td,Quintin Morris,,2500,
2026-09-23T19-31-23Z,2026,3,2026_03_NE_JAX,JAX,NE,2026-09-27T17:00:00Z,betrivers,player_anytime_td,anytime_td,Drake Maye,,260,
2026-09-23T19-31-23Z,2026,3,2026_03_NE_JAX,JAX,NE,2026-09-27T17:00:00Z,betrivers,player_anytime_td,anytime_td,Efton Chism III,,1300,
2026-09-23T19-31-23Z,2026,3,2026_03_NE_JAX,JAX,NE,2026-09-27T17:00:00Z,betrivers,player_anytime_td,anytime_td,Hunter Henry,,235,
2026-09-23T19-31-23Z,2026,3,2026_03_NE_JAX,JAX,NE,2026-09-27T17:00:00Z,betrivers,player_anytime_td,anytime_td,LeQuint Allen Jr.,,850,
2026-09-23T19-31-23Z,2026,3,2026_03_NE_JAX,JAX,NE,2026-09-27T17:00:00Z,betrivers,player_anytime_td,anytime_td,CJ Williams,,1300,
2026-09-23T19-31-23Z,2026,3,2026_03_NE_JAX,JAX,NE,2026-09-27T17:00:00Z,betrivers,player_anytime_td,anytime_td,Mack Hollins,,330,
2026-09-23T19-31-23Z,2026,3,2026_03_NE_JAX,JAX,NE,2026-09-27T17:00:00Z,betrivers,player_anytime_td,anytime_td,Reggie Gilliam,,2900,
2026-09-23T19-31-23Z,2026,3,2026_03_NE_JAX,JAX,NE,2026-09-27T17:00:00Z,betrivers,player_anytime_td,anytime_td,Eli Raridon,,800,
2026-09-23T19-31-23Z,2026,3,2026_03_NE_JAX,JAX,NE,2026-09-27T17:00:00Z,betrivers,player_anytime_td,anytime_td,Josh Cameron,,1200,
2026-09-23T19-31-23Z,2026,3,2026_03_NE_JAX,JAX,NE,2026-09-27T17:00:00Z,betrivers,player_anytime_td,anytime_td,Chris Rodriguez Jr.,,230,
2026-09-23T19-31-23Z,2026,3,2026_03_NE_JAX,JAX,NE,2026-09-27T17:00:00Z,betrivers,player_anytime_td,anytime_td,Parker Washington,,170,
2026-09-23T19-31-23Z,2026,3,2026_03_NE_JAX,JAX,NE,2026-09-27T17:00:00Z,betrivers,player_anytime_td,anytime_td,Trevor Lawrence,,300,
2026-09-23T19-31-23Z,2026,3,2026_03_NE_JAX,JAX,NE,2026-09-27T17:00:00Z,betrivers,player_anytime_td,anytime_td,Kyle Williams,,1200,
2026-09-23T19-31-23Z,2026,3,2026_03_NE_JAX,JAX,NE,2026-09-27T17:00:00Z,betrivers,player_anytime_td,anytime_td,TreVeyon Henderson,,155,
2026-09-23T19-31-23Z,2026,3,2026_03_NE_JAX,JAX,NE,2026-09-27T17:00:00Z,betrivers,player_anytime_td,anytime_td,Bhayshul Tuten,,155,
2026-09-23T19-31-23Z,2026,3,2026_03_NE_JAX,JAX,NE,2026-09-27T17:00:00Z,betrivers,player_anytime_td,anytime_td,Cameron Latu,,1600,
2026-09-23T19-31-23Z,2026,3,2026_03_NE_JAX,JAX,NE,2026-09-27T17:00:00Z,betrivers,player_anytime_td,anytime_td,Tanner Arkin,,2500,
2026-09-23T19-31-23Z,2026,3,2026_03_NE_JAX,JAX,NE,2026-09-27T17:00:00Z,betrivers,player_anytime_td,anytime_td,Travis Hunter,,900,
2026-09-23T19-31-23Z,2026,3,2026_03_NE_JAX,JAX,NE,2026-09-27T17:00:00Z,betrivers,player_anytime_td,anytime_td,Corey Kiner,,1500,
2026-09-23T19-31-23Z,2026,3,2026_03_NE_JAX,JAX,NE,2026-09-27T17:00:00Z,betrivers,player_anytime_td,anytime_td,Jakobi Meyers,,255,
2026-09-23T19-31-23Z,2026,3,2026_03_NE_JAX,JAX,NE,2026-09-27T17:00:00Z,betrivers,player_anytime_td,anytime_td,DeMario Douglas,,375,
2026-09-23T19-31-23Z,2026,3,2026_03_NE_JAX,JAX,NE,2026-09-27T17:00:00Z,betrivers,player_anytime_td,anytime_td,Brian Thomas Jr,,280,
2026-09-23T19-31-23Z,2026,3,2026_03_NE_JAX,JAX,NE,2026-09-27T17:00:00Z,betrivers,player_anytime_td,anytime_td,Brenton Strange,,295,
2026-09-23T19-31-23Z,2026,3,2026_03_NE_JAX,JAX,NE,2026-09-27T17:00:00Z,betrivers,player_pass_yds,pass_yards,Drake Maye,213.5,-115,-115.0
2026-09-23T19-31-23Z,2026,3,2026_03_NE_JAX,JAX,NE,2026-09-27T17:00:00Z,betrivers,player_pass_yds,pass_yards,Trevor Lawrence,220.5,-117,-114.0
2026-09-23T19-31-23Z,2026,3,2026_03_NE_JAX,JAX,NE,2026-09-27T17:00:00Z,betrivers,player_reception_yds,rec_yards,TreVeyon Henderson,7.5,-120,-112.0
2026-09-23T19-31-23Z,2026,3,2026_03_NE_JAX,JAX,NE,2026-09-27T17:00:00Z,betrivers,player_reception_yds,rec_yards,Rhamondre Stevenson,14.5,-121,-110.0
2026-09-23T19-31-23Z,2026,3,2026_03_NE_JAX,JAX,NE,2026-09-27T17:00:00Z,betrivers,player_reception_yds,rec_yards,Bhayshul Tuten,9.5,-113,-118.0
2026-09-23T19-31-23Z,2026,3,2026_03_NE_JAX,JAX,NE,2026-09-27T17:00:00Z,betrivers,player_reception_yds,rec_yards,Parker Washington,60.5,-118,-113.0
2026-09-23T19-31-23Z,2026,3,2026_03_NE_JAX,JAX,NE,2026-09-27T17:00:00Z,betrivers,player_reception_yds,rec_yards,Brenton Strange,29.5,-113,-118.0
2026-09-23T19-31-23Z,2026,3,2026_03_NE_JAX,JAX,NE,2026-09-27T17:00:00Z,betrivers,player_reception_yds,rec_yards,Hunter Henry,41.5,-115,-115.0
2026-09-23T19-31-23Z,2026,3,2026_03_NE_JAX,JAX,NE,2026-09-27T17:00:00Z,betrivers,player_reception_yds,rec_yards,Romeo Doubs,41.5,-117,-113.0
2026-09-23T19-31-23Z,2026,3,2026_03_NE_JAX,JAX,NE,2026-09-27T17:00:00Z,betrivers,player_reception_yds,rec_yards,Mack Hollins,33.5,-115,-115.0
2026-09-23T19-31-23Z,2026,3,2026_03_NE_JAX,JAX,NE,2026-09-27T17:00:00Z,betrivers,player_reception_yds,rec_yards,Jakobi Meyers,34.5,-115,-115.0
2026-09-23T19-31-23Z,2026,3,2026_03_NE_JAX,JAX,NE,2026-09-27T17:00:00Z,betrivers,player_reception_yds,rec_yards,Brian Thomas Jr,37.5,-118,-113.0
2026-09-23T19-31-23Z,2026,3,2026_03_NE_JAX,JAX,NE,2026-09-27T17:00:00Z,betrivers,player_reception_yds,rec_yards,DeMario Douglas,29.5,-112,-118.0
2026-09-23T19-31-23Z,2026,3,2026_03_NE_JAX,JAX,NE,2026-09-27T17:00:00Z,betrivers,player_receptions,rec_catches,Brian Thomas Jr,3.5,123,
2026-09-23T19-31-23Z,2026,3,2026_03_NE_JAX,JAX,NE,2026-09-27T17:00:00Z,betrivers,player_receptions,rec_catches,Jakobi Meyers,3.5,-108,
2026-09-23T19-31-23Z,2026,3,2026_03_NE_JAX,JAX,NE,2026-09-27T17:00:00Z,betrivers,player_receptions,rec_catches,Bhayshul Tuten,1.5,-115,
2026-09-23T19-31-23Z,2026,3,2026_03_NE_JAX,JAX,NE,2026-09-27T17:00:00Z,betrivers,player_receptions,rec_catches,Parker Washington,4.5,-137,
2026-09-23T19-31-23Z,2026,3,2026_03_NE_JAX,JAX,NE,2026-09-27T17:00:00Z,betrivers,player_receptions,rec_catches,Brenton Strange,2.5,-180,
2026-09-23T19-31-23Z,2026,3,2026_03_NE_JAX,JAX,NE,2026-09-27T17:00:00Z,betrivers,player_receptions,rec_catches,DeMario Douglas,2.5,-167,
2026-09-23T19-31-23Z,2026,3,2026_03_NE_JAX,JAX,NE,2026-09-27T17:00:00Z,betrivers,player_receptions,rec_catches,Rhamondre Stevenson,2.5,100,
2026-09-23T19-31-23Z,2026,3,2026_03_NE_JAX,JAX,NE,2026-09-27T17:00:00Z,betrivers,player_receptions,rec_catches,Hunter Henry,3.5,-148,
2026-09-23T19-31-23Z,2026,3,2026_03_NE_JAX,JAX,NE,2026-09-27T17:00:00Z,betrivers,player_receptions,rec_catches,Romeo Doubs,3.5,123,
2026-09-23T19-31-23Z,2026,3,2026_03_NE_JAX,JAX,NE,2026-09-27T17:00:00Z,betrivers,player_receptions,rec_catches,TreVeyon Henderson,1.5,102,
2026-09-23T19-31-23Z,2026,3,2026_03_NE_JAX,JAX,NE,2026-09-27T17:00:00Z,betrivers,player_receptions,rec_catches,Mack Hollins,2.5,-165,
2026-09-23T19-31-23Z,2026,3,2026_03_NE_JAX,JAX,NE,2026-09-27T17:00:00Z,betrivers,player_rush_yds,rush_yards,Rhamondre Stevenson,37.5,-112,-120.0
2026-09-23T19-31-23Z,2026,3,2026_03_NE_JAX,JAX,NE,2026-09-27T17:00:00Z,betrivers,player_rush_yds,rush_yards,Trevor Lawrence,16.5,-117,-114.0
2026-09-23T19-31-23Z,2026,3,2026_03_NE_JAX,JAX,NE,2026-09-27T17:00:00Z,betrivers,player_rush_yds,rush_yards,Bhayshul Tuten,54.5,-118,-113.0
2026-09-23T19-31-23Z,2026,3,2026_03_NE_JAX,JAX,NE,2026-09-27T17:00:00Z,betrivers,player_rush_yds,rush_yards,Chris Rodriguez Jr.,20.5,-120,-112.0
2026-09-23T19-31-23Z,2026,3,2026_03_NE_JAX,JAX,NE,2026-09-27T17:00:00Z,betrivers,player_rush_yds,rush_yards,Drake Maye,25.5,-113,-118.0
2026-09-23T19-31-23Z,2026,3,2026_03_NE_JAX,JAX,NE,2026-09-27T17:00:00Z,betrivers,player_rush_yds,rush_yards,TreVeyon Henderson,42.5,-117,-114.0
2026-09-23T19-31-23Z,2026,3,2026_03_NE_JAX,JAX,NE,2026-09-27T17:00:00Z,betonlineag,player_anytime_td,anytime_td,DeMario Douglas,,350,
2026-09-23T19-31-23Z,2026,3,2026_03_NE_JAX,JAX,NE,2026-09-27T17:00:00Z,betonlineag,player_anytime_td,anytime_td,Hunter Henry,,240,
2026-09-23T19-31-23Z,2026,3,2026_03_NE_JAX,JAX,NE,2026-09-27T17:00:00Z,betonlineag,player_anytime_td,anytime_td,Mack Hollins,,300,
2026-09-23T19-31-23Z,2026,3,2026_03_NE_JAX,JAX,NE,2026-09-27T17:00:00Z,betonlineag,player_anytime_td,anytime_td,Drake Maye,,270,
2026-09-23T19-31-23Z,2026,3,2026_03_NE_JAX,JAX,NE,2026-09-27T17:00:00Z,betonlineag,player_anytime_td,anytime_td,Brian Thomas Jr,,220,
2026-09-23T19-31-23Z,2026,3,2026_03_NE_JAX,JAX,NE,2026-09-27T17:00:00Z,betonlineag,player_anytime_td,anytime_td,Parker Washington,,150,
2026-09-23T19-31-23Z,2026,3,2026_03_NE_JAX,JAX,NE,2026-09-27T17:00:00Z,betonlineag,player_anytime_td,anytime_td,Rhamondre Stevenson,,120,
2026-09-23T19-31-23Z,2026,3,2026_03_NE_JAX,JAX,NE,2026-09-27T17:00:00Z,betonlineag,player_anytime_td,anytime_td,Trevor Lawrence,,290,
2026-09-23T19-31-23Z,2026,3,2026_03_NE_JAX,JAX,NE,2026-09-27T17:00:00Z,betonlineag,player_anytime_td,anytime_td,Brenton Strange,,250,
2026-09-23T19-31-23Z,2026,3,2026_03_NE_JAX,JAX,NE,2026-09-27T17:00:00Z,betonlineag,player_anytime_td,anytime_td,Bhayshul Tuten,,110,
2026-09-23T19-31-23Z,2026,3,2026_03_NE_JAX,JAX,NE,2026-09-27T17:00:00Z,betonlineag,player_anytime_td,anytime_td,Efton Chism III,,1100,
2026-09-23T19-31-23Z,2026,3,2026_03_NE_JAX,JAX,NE,2026-09-27T17:00:00Z,betonlineag,player_anytime_td,anytime_td,Quintin Morris,,1400,
2026-09-23T19-31-23Z,2026,3,2026_03_NE_JAX,JAX,NE,2026-09-27T17:00:00Z,betonlineag,player_anytime_td,anytime_td,Travis Hunter,,900,
2026-09-23T19-31-23Z,2026,3,2026_03_NE_JAX,JAX,NE,2026-09-27T17:00:00Z,betonlineag,player_anytime_td,anytime_td,Kyle Williams,,1100,
2026-09-23T19-31-23Z,2026,3,2026_03_NE_JAX,JAX,NE,2026-09-27T17:00:00Z,betonlineag,player_anytime_td,anytime_td,TreVeyon Henderson,,170,
2026-09-23T19-31-23Z,2026,3,2026_03_NE_JAX,JAX,NE,2026-09-27T17:00:00Z,betonlineag,player_anytime_td,anytime_td,LeQuint Allen Jr.,,750,
2026-09-23T19-31-23Z,2026,3,2026_03_NE_JAX,JAX,NE,2026-09-27T17:00:00Z,betonlineag,player_anytime_td,anytime_td,Reggie Gilliam,,1900,
2026-09-23T19-31-23Z,2026,3,2026_03_NE_JAX,JAX,NE,2026-09-27T17:00:00Z,betonlineag,player_anytime_td,anytime_td,Tanner Arkin,,3400,
2026-09-23T19-31-23Z,2026,3,2026_03_NE_JAX,JAX,NE,2026-09-27T17:00:00Z,betonlineag,player_anytime_td,anytime_td,Jakobi Meyers,,240,
2026-09-23T19-31-23Z,2026,3,2026_03_NE_JAX,JAX,NE,2026-09-27T17:00:00Z,betonlineag,player_anytime_td,anytime_td,Romeo Doubs,,280,
2026-09-23T19-31-23Z,2026,3,2026_03_NE_JAX,JAX,NE,2026-09-27T17:00:00Z,betonlineag,player_anytime_td,anytime_td,Chris Rodriguez Jr.,,200,
2026-09-23T19-31-23Z,2026,3,2026_03_NE_JAX,JAX,NE,2026-09-27T17:00:00Z,betonlineag,player_anytime_td,anytime_td,Eli Raridon,,800,
2026-09-23T19-31-23Z,2026,3,2026_03_NE_JAX,JAX,NE,2026-09-27T17:00:00Z,betonlineag,player_anytime_td,anytime_td,Ameer Abdullah,,650,
2026-09-23T19-31-23Z,2026,3,2026_03_NE_JAX,JAX,NE,2026-09-27T17:00:00Z,betonlineag,player_anytime_td,anytime_td,Corey Kiner,,1000,
2026-09-23T19-31-23Z,2026,3,2026_03_NE_JAX,JAX,NE,2026-09-27T17:00:00Z,betonlineag,player_anytime_td,anytime_td,Nate Boerkircher,,650,
2026-09-23T19-31-23Z,2026,3,2026_03_NE_JAX,JAX,NE,2026-09-27T17:00:00Z,betonlineag,player_anytime_td,anytime_td,Josh Cameron,,1000,
2026-09-23T19-31-23Z,2026,3,2026_03_NE_JAX,JAX,NE,2026-09-27T17:00:00Z,betonlineag,player_anytime_td,anytime_td,CJ Williams,,1100,
2026-09-23T19-31-23Z,2026,3,2026_03_NE_JAX,JAX,NE,2026-09-27T17:00:00Z,betonlineag,player_pass_yds,pass_yards,Drake Maye,216.5,-114,-114.0
2026-09-23T19-31-23Z,2026,3,2026_03_NE_JAX,JAX,NE,2026-09-27T17:00:00Z,betonlineag,player_pass_yds,pass_yards,Trevor Lawrence,223.5,-114,-114.0
2026-09-23T19-31-23Z,2026,3,2026_03_NE_JAX,JAX,NE,2026-09-27T17:00:00Z,betonlineag,player_reception_yds,rec_yards,Bhayshul Tuten,9.5,-114,-114.0
2026-09-23T19-31-23Z,2026,3,2026_03_NE_JAX,JAX,NE,2026-09-27T17:00:00Z,betonlineag,player_reception_yds,rec_yards,Brian Thomas Jr,38.5,-115,-112.0
2026-09-23T19-31-23Z,2026,3,2026_03_NE_JAX,JAX,NE,2026-09-27T17:00:00Z,betonlineag,player_reception_yds,rec_yards,Jakobi Meyers,34.5,-114,-114.0
2026-09-23T19-31-23Z,2026,3,2026_03_NE_JAX,JAX,NE,2026-09-27T17:00:00Z,betonlineag,player_reception_yds,rec_yards,Romeo Doubs,42.5,-114,-114.0
2026-09-23T19-31-23Z,2026,3,2026_03_NE_JAX,JAX,NE,2026-09-27T17:00:00Z,betonlineag,player_reception_yds,rec_yards,Mack Hollins,33.5,-114,-114.0
2026-09-23T19-31-23Z,2026,3,2026_03_NE_JAX,JAX,NE,2026-09-27T17:00:00Z,betonlineag,player_reception_yds,rec_yards,DeMario Douglas,28.5,-114,-114.0
2026-09-23T19-31-23Z,2026,3,2026_03_NE_JAX,JAX,NE,2026-09-27T17:00:00Z,betonlineag,player_reception_yds,rec_yards,Hunter Henry,41.5,-114,-114.0
2026-09-23T19-31-23Z,2026,3,2026_03_NE_JAX,JAX,NE,2026-09-27T17:00:00Z,betonlineag,player_reception_yds,rec_yards,Parker Washington,61.5,-114,-114.0
2026-09-23T19-31-23Z,2026,3,2026_03_NE_JAX,JAX,NE,2026-09-27T17:00:00Z,betonlineag,player_reception_yds,rec_yards,Brenton Strange,27.5,-114,-114.0
2026-09-23T19-31-23Z,2026,3,2026_03_NE_JAX,JAX,NE,2026-09-27T17:00:00Z,betonlineag,player_reception_yds,rec_yards,Rhamondre Stevenson,14.5,-114,-114.0
2026-09-23T19-31-23Z,2026,3,2026_03_NE_JAX,JAX,NE,2026-09-27T17:00:00Z,betonlineag,player_reception_yds,rec_yards,TreVeyon Henderson,9.5,-114,-114.0
2026-09-23T19-31-23Z,2026,3,2026_03_NE_JAX,JAX,NE,2026-09-27T17:00:00Z,betonlineag,player_receptions,rec_catches,Jakobi Meyers,3.5,100,-130.0
2026-09-23T19-31-23Z,2026,3,2026_03_NE_JAX,JAX,NE,2026-09-27T17:00:00Z,betonlineag,player_receptions,rec_catches,Bhayshul Tuten,1.5,-123,-104.0
2026-09-23T19-31-23Z,2026,3,2026_03_NE_JAX,JAX,NE,2026-09-27T17:00:00Z,betonlineag,player_receptions,rec_catches,Parker Washington,4.5,-149,115.0
2026-09-23T19-31-23Z,2026,3,2026_03_NE_JAX,JAX,NE,2026-09-27T17:00:00Z,betonlineag,player_receptions,rec_catches,TreVeyon Henderson,1.5,-105,-123.0
2026-09-23T19-31-23Z,2026,3,2026_03_NE_JAX,JAX,NE,2026-09-27T17:00:00Z,betonlineag,player_receptions,rec_catches,Mack Hollins,2.5,-161,123.0
2026-09-23T19-31-23Z,2026,3,2026_03_NE_JAX,JAX,NE,2026-09-27T17:00:00Z,betonlineag,player_receptions,rec_catches,Rhamondre Stevenson,2.5,112,-145.0
2026-09-23T19-31-23Z,2026,3,2026_03_NE_JAX,JAX,NE,2026-09-27T17:00:00Z,betonlineag,player_receptions,rec_catches,Hunter Henry,3.5,-161,123.0
2026-09-23T19-31-23Z,2026,3,2026_03_NE_JAX,JAX,NE,2026-09-27T17:00:00Z,betonlineag,player_receptions,rec_catches,DeMario Douglas,2.5,-169,130.0
2026-09-23T19-31-23Z,2026,3,2026_03_NE_JAX,JAX,NE,2026-09-27T17:00:00Z,betonlineag,player_receptions,rec_catches,Romeo Doubs,3.5,122,-159.0
2026-09-23T19-31-23Z,2026,3,2026_03_NE_JAX,JAX,NE,2026-09-27T17:00:00Z,betonlineag,player_receptions,rec_catches,Brenton Strange,2.5,-172,132.0
2026-09-23T19-31-23Z,2026,3,2026_03_NE_JAX,JAX,NE,2026-09-27T17:00:00Z,betonlineag,player_receptions,rec_catches,Brian Thomas Jr,3.5,144,-189.0
2026-09-23T19-31-23Z,2026,3,2026_03_NE_JAX,JAX,NE,2026-09-27T17:00:00Z,betonlineag,player_rush_yds,rush_yards,Drake Maye,25.5,-115,-112.0
2026-09-23T19-31-23Z,2026,3,2026_03_NE_JAX,JAX,NE,2026-09-27T17:00:00Z,betonlineag,player_rush_yds,rush_yards,Rhamondre Stevenson,37.5,-114,-114.0
2026-09-23T19-31-23Z,2026,3,2026_03_NE_JAX,JAX,NE,2026-09-27T17:00:00Z,betonlineag,player_rush_yds,rush_yards,TreVeyon Henderson,39.5,-115,-112.0
2026-09-23T19-31-23Z,2026,3,2026_03_NE_JAX,JAX,NE,2026-09-27T17:00:00Z,betonlineag,player_rush_yds,rush_yards,Chris Rodriguez Jr.,20.5,-112,-115.0
2026-09-23T19-31-23Z,2026,3,2026_03_NE_JAX,JAX,NE,2026-09-27T17:00:00Z,betonlineag,player_rush_yds,rush_yards,Trevor Lawrence,16.5,-114,-114.0
2026-09-23T19-31-23Z,2026,3,2026_03_NE_JAX,JAX,NE,2026-09-27T17:00:00Z,betonlineag,player_rush_yds,rush_yards,Bhayshul Tuten,52.5,-112,-115.0
2026-09-23T19-31-23Z,2026,3,2026_03_NE_JAX,JAX,NE,2026-09-27T17:00:00Z,betmgm,player_anytime_td,anytime_td,Bhayshul Tuten,,110,
2026-09-23T19-31-23Z,2026,3,2026_03_NE_JAX,JAX,NE,2026-09-27T17:00:00Z,betmgm,player_anytime_td,anytime_td,Cameron Latu,,2200,
2026-09-23T19-31-23Z,2026,3,2026_03_NE_JAX,JAX,NE,2026-09-27T17:00:00Z,betmgm,player_anytime_td,anytime_td,Corey Kiner,,2200,
2026-09-23T19-31-23Z,2026,3,2026_03_NE_JAX,JAX,NE,2026-09-27T17:00:00Z,betmgm,player_anytime_td,anytime_td,Romeo Doubs,,250,
2026-09-23T19-31-23Z,2026,3,2026_03_NE_JAX,JAX,NE,2026-09-27T17:00:00Z,betmgm,player_anytime_td,anytime_td,New England Patriots D/ST,,575,
2026-09-23T19-31-23Z,2026,3,2026_03_NE_JAX,JAX,NE,2026-09-27T17:00:00Z,betmgm,player_anytime_td,anytime_td,Travis Hunter,,1100,
2026-09-23T19-31-23Z,2026,3,2026_03_NE_JAX,JAX,NE,2026-09-27T17:00:00Z,betmgm,player_anytime_td,anytime_td,Quintin Morris,,950,
2026-09-23T19-31-23Z,2026,3,2026_03_NE_JAX,JAX,NE,2026-09-27T17:00:00Z,betmgm,player_anytime_td,anytime_td,DeMario Douglas,,333,
2026-09-23T19-31-23Z,2026,3,2026_03_NE_JAX,JAX,NE,2026-09-27T17:00:00Z,betmgm,player_anytime_td,anytime_td,Kyle Williams,,800,
2026-09-23T19-31-23Z,2026,3,2026_03_NE_JAX,JAX,NE,2026-09-27T17:00:00Z,betmgm,player_anytime_td,anytime_td,Jakobi Meyers,,300,
2026-09-23T19-31-23Z,2026,3,2026_03_NE_JAX,JAX,NE,2026-09-27T17:00:00Z,betmgm,player_anytime_td,anytime_td,Eli Raridon,,675,
2026-09-23T19-31-23Z,2026,3,2026_03_NE_JAX,JAX,NE,2026-09-27T17:00:00Z,betmgm,player_anytime_td,anytime_td,LeQuint Allen Jr.,,950,
2026-09-23T19-31-23Z,2026,3,2026_03_NE_JAX,JAX,NE,2026-09-27T17:00:00Z,betmgm,player_anytime_td,anytime_td,Efton Chism III,,2500,
2026-09-23T19-31-23Z,2026,3,2026_03_NE_JAX,JAX,NE,2026-09-27T17:00:00Z,betmgm,player_anytime_td,anytime_td,Rhamondre Stevenson,,150,
2026-09-23T19-31-23Z,2026,3,2026_03_NE_JAX,JAX,NE,2026-09-27T17:00:00Z,betmgm,player_anytime_td,anytime_td,Brian Thomas Jr,,270,
2026-09-23T19-31-23Z,2026,3,2026_03_NE_JAX,JAX,NE,2026-09-27T17:00:00Z,betmgm,player_anytime_td,anytime_td,Drake Maye,,230,
2026-09-23T19-31-23Z,2026,3,2026_03_NE_JAX,JAX,NE,2026-09-27T17:00:00Z,betmgm,player_anytime_td,anytime_td,Parker Washington,,155,
2026-09-23T19-31-23Z,2026,3,2026_03_NE_JAX,JAX,NE,2026-09-27T17:00:00Z,betmgm,player_anytime_td,anytime_td,Chris Rodriguez Jr.,,165,
2026-09-23T19-31-23Z,2026,3,2026_03_NE_JAX,JAX,NE,2026-09-27T17:00:00Z,betmgm,player_anytime_td,anytime_td,TreVeyon Henderson,,160,
2026-09-23T19-31-23Z,2026,3,2026_03_NE_JAX,JAX,NE,2026-09-27T17:00:00Z,betmgm,player_anytime_td,anytime_td,Nate Boerkircher,,950,
2026-09-23T19-31-23Z,2026,3,2026_03_NE_JAX,JAX,NE,2026-09-27T17:00:00Z,betmgm,player_anytime_td,anytime_td,Mack Hollins,,310,
2026-09-23T19-31-23Z,2026,3,2026_03_NE_JAX,JAX,NE,2026-09-27T17:00:00Z,betmgm,player_anytime_td,anytime_td,Josh Cameron,,900,
2026-09-23T19-31-23Z,2026,3,2026_03_NE_JAX,JAX,NE,2026-09-27T17:00:00Z,betmgm,player_anytime_td,anytime_td,Hunter Henry,,240,
2026-09-23T19-31-23Z,2026,3,2026_03_NE_JAX,JAX,NE,2026-09-27T17:00:00Z,betmgm,player_anytime_td,anytime_td,Jacksonville Jaguars D/ST,,475,
2026-09-23T19-31-23Z,2026,3,2026_03_NE_JAX,JAX,NE,2026-09-27T17:00:00Z,betmgm,player_anytime_td,anytime_td,CJ Williams,,1400,
2026-09-23T19-31-23Z,2026,3,2026_03_NE_JAX,JAX,NE,2026-09-27T17:00:00Z,betmgm,player_anytime_td,anytime_td,Ameer Abdullah,,775,
2026-09-23T19-31-23Z,2026,3,2026_03_NE_JAX,JAX,NE,2026-09-27T17:00:00Z,betmgm,player_anytime_td,anytime_td,Trevor Lawrence,,360,
2026-09-23T19-31-23Z,2026,3,2026_03_NE_JAX,JAX,NE,2026-09-27T17:00:00Z,betmgm,player_anytime_td,anytime_td,Brenton Strange,,280,
2026-09-23T19-31-23Z,2026,3,2026_03_NE_JAX,JAX,NE,2026-09-27T17:00:00Z,bovada,player_anytime_td,anytime_td,TreVeyon Henderson,,190,
2026-09-23T19-31-23Z,2026,3,2026_03_NE_JAX,JAX,NE,2026-09-27T17:00:00Z,bovada,player_anytime_td,anytime_td,Drake Maye,,270,
2026-09-23T19-31-23Z,2026,3,2026_03_NE_JAX,JAX,NE,2026-09-27T17:00:00Z,bovada,player_anytime_td,anytime_td,Parker Washington,,150,
2026-09-23T19-31-23Z,2026,3,2026_03_NE_JAX,JAX,NE,2026-09-27T17:00:00Z,bovada,player_anytime_td,anytime_td,Mack Hollins,,500,
2026-09-23T19-31-23Z,2026,3,2026_03_NE_JAX,JAX,NE,2026-09-27T17:00:00Z,bovada,player_anytime_td,anytime_td,DeMario Douglas,,460,
2026-09-23T19-31-23Z,2026,3,2026_03_NE_JAX,JAX,NE,2026-09-27T17:00:00Z,bovada,player_anytime_td,anytime_td,Rhamondre Stevenson,,165,
2026-09-23T19-31-23Z,2026,3,2026_03_NE_JAX,JAX,NE,2026-09-27T17:00:00Z,bovada,player_anytime_td,anytime_td,Romeo Doubs,,360,
2026-09-23T19-31-23Z,2026,3,2026_03_NE_JAX,JAX,NE,2026-09-27T17:00:00Z,bovada,player_anytime_td,anytime_td,Hunter Henry,,310,
2026-09-23T19-31-23Z,2026,3,2026_03_NE_JAX,JAX,NE,2026-09-27T17:00:00Z,bovada,player_anytime_td,anytime_td,Brenton Strange,,280,
2026-09-23T19-31-23Z,2026,3,2026_03_NE_JAX,JAX,NE,2026-09-27T17:00:00Z,bovada,player_anytime_td,anytime_td,Brian Thomas Jr,,235,
2026-09-23T19-31-23Z,2026,3,2026_03_NE_JAX,JAX,NE,2026-09-27T17:00:00Z,bovada,player_anytime_td,anytime_td,Jacksonville Jaguars D/ST,,725,
2026-09-23T19-31-23Z,2026,3,2026_03_NE_JAX,JAX,NE,2026-09-27T17:00:00Z,bovada,player_anytime_td,anytime_td,New England Patriots D/ST,,725,
2026-09-23T19-31-23Z,2026,3,2026_03_NE_JAX,JAX,NE,2026-09-27T17:00:00Z,bovada,player_anytime_td,anytime_td,Trevor Lawrence,,340,
2026-09-23T19-31-23Z,2026,3,2026_03_NE_JAX,JAX,NE,2026-09-27T17:00:00Z,bovada,player_pass_yds,pass_yards,Drake Maye,218.5,-115,-115.0
2026-09-23T19-31-23Z,2026,3,2026_03_NE_JAX,JAX,NE,2026-09-27T17:00:00Z,bovada,player_pass_yds,pass_yards,Trevor Lawrence,224.5,-115,-115.0
2026-09-23T19-31-23Z,2026,3,2026_03_NE_JAX,JAX,NE,2026-09-27T17:00:00Z,bovada,player_reception_yds,rec_yards,Jakobi Meyers,0.5,125,-165.0
2026-09-23T19-31-23Z,2026,3,2026_03_NE_JAX,JAX,NE,2026-09-27T17:00:00Z,bovada,player_reception_yds,rec_yards,Mack Hollins,2.5,-130,100.0
2026-09-23T19-31-23Z,2026,3,2026_03_NE_JAX,JAX,NE,2026-09-27T17:00:00Z,bovada,player_reception_yds,rec_yards,Rhamondre Stevenson,11.5,-110,-120.0
2026-09-23T19-31-23Z,2026,3,2026_03_NE_JAX,JAX,NE,2026-09-27T17:00:00Z,bovada,player_reception_yds,rec_yards,Romeo Doubs,36.5,-115,-115.0
2026-09-23T19-31-23Z,2026,3,2026_03_NE_JAX,JAX,NE,2026-09-27T17:00:00Z,bovada,player_reception_yds,rec_yards,TreVeyon Henderson,7.5,-110,-120.0
2026-09-23T19-31-23Z,2026,3,2026_03_NE_JAX,JAX,NE,2026-09-27T17:00:00Z,bovada,player_receptions,rec_catches,DeMario Douglas,2.5,-180,
2026-09-23T19-31-23Z,2026,3,2026_03_NE_JAX,JAX,NE,2026-09-27T17:00:00Z,bovada,player_receptions,rec_catches,Jakobi Meyers,1.5,100,-130.0
2026-09-23T19-31-23Z,2026,3,2026_03_NE_JAX,JAX,NE,2026-09-27T17:00:00Z,bovada,player_receptions,rec_catches,Mack Hollins,1.5,-160,120.0
2026-09-23T19-31-23Z,2026,3,2026_03_NE_JAX,JAX,NE,2026-09-27T17:00:00Z,bovada,player_receptions,rec_catches,Rhamondre Stevenson,1.5,-145,110.0
2026-09-23T19-31-23Z,2026,3,2026_03_NE_JAX,JAX,NE,2026-09-27T17:00:00Z,bovada,player_receptions,rec_catches,Romeo Doubs,2.5,-135,105.0
2026-09-23T19-31-23Z,2026,3,2026_03_NE_JAX,JAX,NE,2026-09-27T17:00:00Z,bovada,player_rush_yds,rush_yards,Bhayshul Tuten,38.5,-115,-115.0
2026-09-23T19-31-23Z,2026,3,2026_03_NE_JAX,JAX,NE,2026-09-27T17:00:00Z,bovada,player_rush_yds,rush_yards,Drake Maye,25.5,-115,-115.0
2026-09-23T19-31-23Z,2026,3,2026_03_NE_JAX,JAX,NE,2026-09-27T17:00:00Z,bovada,player_rush_yds,rush_yards,Rhamondre Stevenson,36.5,-115,-115.0
2026-09-23T19-31-23Z,2026,3,2026_03_NE_JAX,JAX,NE,2026-09-27T17:00:00Z,bovada,player_rush_yds,rush_yards,TreVeyon Henderson,39.5,-120,-110.0
2026-09-23T19-31-23Z,2026,3,2026_03_NE_JAX,JAX,NE,2026-09-27T17:00:00Z,bovada,player_rush_yds,rush_yards,Trevor Lawrence,13.5,-120,-110.0
2026-09-23T19-31-23Z,2026,3,2026_03_KC_MIA,MIA,KC,2026-09-27T17:00:00Z,draftkings,player_anytime_td,anytime_td,Kenneth Walker III,,-230,
2026-09-23T19-31-23Z,2026,3,2026_03_KC_MIA,MIA,KC,2026-09-27T17:00:00Z,draftkings,player_anytime_td,anytime_td,De'Von Achane,,100,
2026-09-23T19-31-23Z,2026,3,2026_03_KC_MIA,MIA,KC,2026-09-27T17:00:00Z,draftkings,player_anytime_td,anytime_td,Rashee Rice,,130,
2026-09-23T19-31-23Z,2026,3,2026_03_KC_MIA,MIA,KC,2026-09-27T17:00:00Z,draftkings,player_anytime_td,anytime_td,Travis Kelce,,135,
2026-09-23T19-31-23Z,2026,3,2026_03_KC_MIA,MIA,KC,2026-09-27T17:00:00Z,draftkings,player_anytime_td,anytime_td,Xavier Worthy,,175,
2026-09-23T19-31-23Z,2026,3,2026_03_KC_MIA,MIA,KC,2026-09-27T17:00:00Z,draftkings,player_anytime_td,anytime_td,Malik Willis,,300,
2026-09-23T19-31-23Z,2026,3,2026_03_KC_MIA,MIA,KC,2026-09-27T17:00:00Z,draftkings,player_anytime_td,anytime_td,Malik Washington,,330,
2026-09-23T19-31-23Z,2026,3,2026_03_KC_MIA,MIA,KC,2026-09-27T17:00:00Z,draftkings,player_anytime_td,anytime_td,Emmett Johnson,,330,
2026-09-23T19-31-23Z,2026,3,2026_03_KC_MIA,MIA,KC,2026-09-27T17:00:00Z,draftkings,player_anytime_td,anytime_td,Patrick Mahomes,,340,
2026-09-23T19-31-23Z,2026,3,2026_03_KC_MIA,MIA,KC,2026-09-27T17:00:00Z,draftkings,player_anytime_td,anytime_td,Tyquan Thornton,,400,
2026-09-23T19-31-23Z,2026,3,2026_03_KC_MIA,MIA,KC,2026-09-27T17:00:00Z,draftkings,player_anytime_td,anytime_td,Caleb Douglas,,425,
2026-09-23T19-31-23Z,2026,3,2026_03_KC_MIA,MIA,KC,2026-09-27T17:00:00Z,draftkings,player_anytime_td,anytime_td,Greg Dulcich,,500,
2026-09-23T19-31-23Z,2026,3,2026_03_KC_MIA,MIA,KC,2026-09-27T17:00:00Z,draftkings,player_anytime_td,anytime_td,Noah Gray,,550,
2026-09-23T19-31-23Z,2026,3,2026_03_KC_MIA,MIA,KC,2026-09-27T17:00:00Z,draftkings,player_anytime_td,anytime_td,Kansas City Chiefs D/ST,,550,
2026-09-23T19-31-23Z,2026,3,2026_03_KC_MIA,MIA,KC,2026-09-27T17:00:00Z,draftkings,player_anytime_td,anytime_td,Miami Dolphins D/ST,,750,
2026-09-23T19-31-23Z,2026,3,2026_03_KC_MIA,MIA,KC,2026-09-27T17:00:00Z,draftkings,player_anytime_td,anytime_td,Jalen Royals,,1000,
2026-09-23T19-31-23Z,2026,3,2026_03_KC_MIA,MIA,KC,2026-09-27T17:00:00Z,draftkings,player_anytime_td,anytime_td,Brashard Smith,,1100,
2026-09-23T19-31-23Z,2026,3,2026_03_KC_MIA,MIA,KC,2026-09-27T17:00:00Z,draftkings,player_anytime_td,anytime_td,Cyrus Allen,,1300,
2026-09-23T19-31-23Z,2026,3,2026_03_KC_MIA,MIA,KC,2026-09-27T17:00:00Z,draftkings,player_anytime_td,anytime_td,Jake Briningstool,,1700,
2026-09-23T19-31-23Z,2026,3,2026_03_KC_MIA,MIA,KC,2026-09-27T17:00:00Z,draftkings,player_anytime_td,anytime_td,Nikko Remigio,,3000,
2026-09-23T19-31-23Z,2026,3,2026_03_KC_MIA,MIA,KC,2026-09-27T17:00:00Z,draftkings,player_anytime_td,anytime_td,Ben VanSumeren,,4000,
2026-09-23T19-31-23Z,2026,3,2026_03_KC_MIA,MIA,KC,2026-09-27T17:00:00Z,draftkings,player_pass_yds,pass_yards,Patrick Mahomes,235.5,-112,-112.0
2026-09-23T19-31-23Z,2026,3,2026_03_KC_MIA,MIA,KC,2026-09-27T17:00:00Z,draftkings,player_reception_yds,rec_yards,Travis Kelce,50.5,-115,-109.0
2026-09-23T19-31-23Z,2026,3,2026_03_KC_MIA,MIA,KC,2026-09-27T17:00:00Z,draftkings,player_reception_yds,rec_yards,Rashee Rice,48.5,-114,-110.0
2026-09-23T19-31-23Z,2026,3,2026_03_KC_MIA,MIA,KC,2026-09-27T17:00:00Z,draftkings,player_reception_yds,rec_yards,Xavier Worthy,35.5,-111,-113.0
2026-09-23T19-31-23Z,2026,3,2026_03_KC_MIA,MIA,KC,2026-09-27T17:00:00Z,draftkings,player_reception_yds,rec_yards,De'Von Achane,24.5,-114,-110.0
2026-09-23T19-31-23Z,2026,3,2026_03_KC_MIA,MIA,KC,2026-09-27T17:00:00Z,draftkings,player_reception_yds,rec_yards,Kenneth Walker III,22.5,-115,-109.0
2026-09-23T19-31-23Z,2026,3,2026_03_KC_MIA,MIA,KC,2026-09-27T17:00:00Z,draftkings,player_reception_yds,rec_yards,Emmett Johnson,11.5,-107,-118.0
2026-09-23T19-31-23Z,2026,3,2026_03_KC_MIA,MIA,KC,2026-09-27T17:00:00Z,draftkings,player_receptions,rec_catches,Travis Kelce,4.5,-111,-114.0
2026-09-23T19-31-23Z,2026,3,2026_03_KC_MIA,MIA,KC,2026-09-27T17:00:00Z,draftkings,player_receptions,rec_catches,Rashee Rice,4.5,121,-154.0
2026-09-23T19-31-23Z,2026,3,2026_03_KC_MIA,MIA,KC,2026-09-27T17:00:00Z,draftkings,player_receptions,rec_catches,De'Von Achane,3.5,-124,-103.0
2026-09-23T19-31-23Z,2026,3,2026_03_KC_MIA,MIA,KC,2026-09-27T17:00:00Z,draftkings,player_receptions,rec_catches,Xavier Worthy,3.5,-101,-127.0
2026-09-23T19-31-23Z,2026,3,2026_03_KC_MIA,MIA,KC,2026-09-27T17:00:00Z,draftkings,player_receptions,rec_catches,Kenneth Walker III,3.5,134,-171.0
2026-09-23T19-31-23Z,2026,3,2026_03_KC_MIA,MIA,KC,2026-09-27T17:00:00Z,draftkings,player_receptions,rec_catches,Emmett Johnson,1.5,-102,-125.0
2026-09-23T19-31-23Z,2026,3,2026_03_KC_MIA,MIA,KC,2026-09-27T17:00:00Z,draftkings,player_rush_yds,rush_yards,Kenneth Walker III,85.5,-111,-113.0
2026-09-23T19-31-23Z,2026,3,2026_03_KC_MIA,MIA,KC,2026-09-27T17:00:00Z,draftkings,player_rush_yds,rush_yards,De'Von Achane,59.5,-112,-112.0
2026-09-23T19-31-23Z,2026,3,2026_03_KC_MIA,MIA,KC,2026-09-27T17:00:00Z,draftkings,player_rush_yds,rush_yards,Malik Willis,32.5,-115,-109.0
2026-09-23T19-31-23Z,2026,3,2026_03_KC_MIA,MIA,KC,2026-09-27T17:00:00Z,draftkings,player_rush_yds,rush_yards,Emmett Johnson,24.5,-109,-115.0
2026-09-23T19-31-23Z,2026,3,2026_03_KC_MIA,MIA,KC,2026-09-27T17:00:00Z,fanduel,player_anytime_td,anytime_td,Kenneth Walker III,,-220,
2026-09-23T19-31-23Z,2026,3,2026_03_KC_MIA,MIA,KC,2026-09-27T17:00:00Z,fanduel,player_anytime_td,anytime_td,Rashee Rice,,115,
2026-09-23T19-31-23Z,2026,3,2026_03_KC_MIA,MIA,KC,2026-09-27T17:00:00Z,fanduel,player_anytime_td,anytime_td,Travis Kelce,,120,
2026-09-23T19-31-23Z,2026,3,2026_03_KC_MIA,MIA,KC,2026-09-27T17:00:00Z,fanduel,player_anytime_td,anytime_td,De'Von Achane,,120,
2026-09-23T19-31-23Z,2026,3,2026_03_KC_MIA,MIA,KC,2026-09-27T17:00:00Z,fanduel,player_anytime_td,anytime_td,Xavier Worthy,,170,
2026-09-23T19-31-23Z,2026,3,2026_03_KC_MIA,MIA,KC,2026-09-27T17:00:00Z,fanduel,player_anytime_td,anytime_td,Malik Willis,,290,
2026-09-23T19-31-23Z,2026,3,2026_03_KC_MIA,MIA,KC,2026-09-27T17:00:00Z,fanduel,player_anytime_td,anytime_td,Patrick Mahomes,,320,
2026-09-23T19-31-23Z,2026,3,2026_03_KC_MIA,MIA,KC,2026-09-27T17:00:00Z,fanduel,player_anytime_td,anytime_td,Emmett Johnson,,320,
2026-09-23T19-31-23Z,2026,3,2026_03_KC_MIA,MIA,KC,2026-09-27T17:00:00Z,fanduel,player_anytime_td,anytime_td,Malik Washington,,320,
2026-09-23T19-31-23Z,2026,3,2026_03_KC_MIA,MIA,KC,2026-09-27T17:00:00Z,fanduel,player_anytime_td,anytime_td,Greg Dulcich,,380,
2026-09-23T19-31-23Z,2026,3,2026_03_KC_MIA,MIA,KC,2026-09-27T17:00:00Z,fanduel,player_anytime_td,anytime_td,Tyquan Thornton,,410,
2026-09-23T19-31-23Z,2026,3,2026_03_KC_MIA,MIA,KC,2026-09-27T17:00:00Z,fanduel,player_anytime_td,anytime_td,Noah Gray,,550,
2026-09-23T19-31-23Z,2026,3,2026_03_KC_MIA,MIA,KC,2026-09-27T17:00:00Z,fanduel,player_anytime_td,anytime_td,Miami Dolphins Defense,,600,
2026-09-23T19-31-23Z,2026,3,2026_03_KC_MIA,MIA,KC,2026-09-27T17:00:00Z,fanduel,player_anytime_td,anytime_td,Kansas City Chiefs Defense,,750,
2026-09-23T19-31-23Z,2026,3,2026_03_KC_MIA,MIA,KC,2026-09-27T17:00:00Z,fanduel,player_pass_yds,pass_yards,Malik Willis,177.5,-114,-114.0
2026-09-23T19-31-23Z,2026,3,2026_03_KC_MIA,MIA,KC,2026-09-27T17:00:00Z,fanduel,player_pass_yds,pass_yards,Patrick Mahomes,235.5,-114,-114.0
2026-09-23T19-31-23Z,2026,3,2026_03_KC_MIA,MIA,KC,2026-09-27T17:00:00Z,fanduel,player_reception_yds,rec_yards,Xavier Worthy,35.5,-114,-114.0
2026-09-23T19-31-23Z,2026,3,2026_03_KC_MIA,MIA,KC,2026-09-27T17:00:00Z,fanduel,player_reception_yds,rec_yards,Rashee Rice,48.5,-114,-114.0
2026-09-23T19-31-23Z,2026,3,2026_03_KC_MIA,MIA,KC,2026-09-27T17:00:00Z,fanduel,player_reception_yds,rec_yards,De'Von Achane,26.5,-114,-114.0
2026-09-23T19-31-23Z,2026,3,2026_03_KC_MIA,MIA,KC,2026-09-27T17:00:00Z,fanduel,player_reception_yds,rec_yards,Emmett Johnson,10.5,-114,-114.0
2026-09-23T19-31-23Z,2026,3,2026_03_KC_MIA,MIA,KC,2026-09-27T17:00:00Z,fanduel,player_reception_yds,rec_yards,Kenneth Walker III,22.5,-114,-114.0
2026-09-23T19-31-23Z,2026,3,2026_03_KC_MIA,MIA,KC,2026-09-27T17:00:00Z,fanduel,player_reception_yds,rec_yards,Travis Kelce,51.5,-114,-114.0
2026-09-23T19-31-23Z,2026,3,2026_03_KC_MIA,MIA,KC,2026-09-27T17:00:00Z,fanduel,player_receptions,rec_catches,Kenneth Walker III,3.5,120,-160.0
2026-09-23T19-31-23Z,2026,3,2026_03_KC_MIA,MIA,KC,2026-09-27T17:00:00Z,fanduel,player_receptions,rec_catches,Rashee Rice,4.5,118,-158.0
2026-09-23T19-31-23Z,2026,3,2026_03_KC_MIA,MIA,KC,2026-09-27T17:00:00Z,fanduel,player_receptions,rec_catches,Travis Kelce,4.5,-114,-114.0
2026-09-23T19-31-23Z,2026,3,2026_03_KC_MIA,MIA,KC,2026-09-27T17:00:00Z,fanduel,player_receptions,rec_catches,Emmett Johnson,1.5,-102,-130.0
2026-09-23T19-31-23Z,2026,3,2026_03_KC_MIA,MIA,KC,2026-09-27T17:00:00Z,fanduel,player_receptions,rec_catches,Xavier Worthy,3.5,-104,-128.0
2026-09-23T19-31-23Z,2026,3,2026_03_KC_MIA,MIA,KC,2026-09-27T17:00:00Z,fanduel,player_receptions,rec_catches,De'Von Achane,3.5,-122,-106.0
2026-09-23T19-31-23Z,2026,3,2026_03_KC_MIA,MIA,KC,2026-09-27T17:00:00Z,fanduel,player_rush_yds,rush_yards,Kenneth Walker III,85.5,-114,-114.0
2026-09-23T19-31-23Z,2026,3,2026_03_KC_MIA,MIA,KC,2026-09-27T17:00:00Z,fanduel,player_rush_yds,rush_yards,De'Von Achane,59.5,-114,-114.0
2026-09-23T19-31-23Z,2026,3,2026_03_KC_MIA,MIA,KC,2026-09-27T17:00:00Z,fanduel,player_rush_yds,rush_yards,Emmett Johnson,24.5,-114,-114.0
2026-09-23T19-31-23Z,2026,3,2026_03_KC_MIA,MIA,KC,2026-09-27T17:00:00Z,fanduel,player_rush_yds,rush_yards,Malik Willis,33.5,-114,-114.0
2026-09-23T19-31-23Z,2026,3,2026_03_KC_MIA,MIA,KC,2026-09-27T17:00:00Z,fanduel,player_rush_yds,rush_yards,Patrick Mahomes,17.5,-114,-114.0
2026-09-23T19-31-23Z,2026,3,2026_03_KC_MIA,MIA,KC,2026-09-27T17:00:00Z,betrivers,player_anytime_td,anytime_td,DJ Herman,,2200,
2026-09-23T19-31-23Z,2026,3,2026_03_KC_MIA,MIA,KC,2026-09-27T17:00:00Z,betrivers,player_anytime_td,anytime_td,Ben VanSumeren,,2800,
2026-09-23T19-31-23Z,2026,3,2026_03_KC_MIA,MIA,KC,2026-09-27T17:00:00Z,betrivers,player_anytime_td,anytime_td,Emmett Johnson,,340,
2026-09-23T19-31-23Z,2026,3,2026_03_KC_MIA,MIA,KC,2026-09-27T17:00:00Z,betrivers,player_anytime_td,anytime_td,Will Kacmarek,,1900,
2026-09-23T19-31-23Z,2026,3,2026_03_KC_MIA,MIA,KC,2026-09-27T17:00:00Z,betrivers,player_anytime_td,anytime_td,Caleb Douglas,,420,
2026-09-23T19-31-23Z,2026,3,2026_03_KC_MIA,MIA,KC,2026-09-27T17:00:00Z,betrivers,player_anytime_td,anytime_td,Kenneth Walker III,,-265,
2026-09-23T19-31-23Z,2026,3,2026_03_KC_MIA,MIA,KC,2026-09-27T17:00:00Z,betrivers,player_anytime_td,anytime_td,Ollie Gordon II,,800,
2026-09-23T19-31-23Z,2026,3,2026_03_KC_MIA,MIA,KC,2026-09-27T17:00:00Z,betrivers,player_anytime_td,anytime_td,Travis Kelce,,133,
2026-09-23T19-31-23Z,2026,3,2026_03_KC_MIA,MIA,KC,2026-09-27T17:00:00Z,betrivers,player_anytime_td,anytime_td,Malik Willis,,300,
2026-09-23T19-31-23Z,2026,3,2026_03_KC_MIA,MIA,KC,2026-09-27T17:00:00Z,betrivers,player_anytime_td,anytime_td,Noah Gray,,525,
2026-09-23T19-31-23Z,2026,3,2026_03_KC_MIA,MIA,KC,2026-09-27T17:00:00Z,betrivers,player_anytime_td,anytime_td,Nikko Remigio,,3000,
2026-09-23T19-31-23Z,2026,3,2026_03_KC_MIA,MIA,KC,2026-09-27T17:00:00Z,betrivers,player_anytime_td,anytime_td,Jaylen Wright,,1050,
2026-09-23T19-31-23Z,2026,3,2026_03_KC_MIA,MIA,KC,2026-09-27T17:00:00Z,betrivers,player_anytime_td,anytime_td,Justin Joly,,3300,
2026-09-23T19-31-23Z,2026,3,2026_03_KC_MIA,MIA,KC,2026-09-27T17:00:00Z,betrivers,player_anytime_td,anytime_td,De'Von Achane,,-108,
2026-09-23T19-31-23Z,2026,3,2026_03_KC_MIA,MIA,KC,2026-09-27T17:00:00Z,betrivers,player_anytime_td,anytime_td,Malik Washington,,380,
2026-09-23T19-31-23Z,2026,3,2026_03_KC_MIA,MIA,KC,2026-09-27T17:00:00Z,betrivers,player_anytime_td,anytime_td,Ryan Miller,,2500,
2026-09-23T19-31-23Z,2026,3,2026_03_KC_MIA,MIA,KC,2026-09-27T17:00:00Z,betrivers,player_anytime_td,anytime_td,Jalen Royals,,1000,
2026-09-23T19-31-23Z,2026,3,2026_03_KC_MIA,MIA,KC,2026-09-27T17:00:00Z,betrivers,player_anytime_td,anytime_td,Chris Bell,,575,
2026-09-23T19-31-23Z,2026,3,2026_03_KC_MIA,MIA,KC,2026-09-27T17:00:00Z,betrivers,player_anytime_td,anytime_td,Kevin Coleman Jr.,,650,
2026-09-23T19-31-23Z,2026,3,2026_03_KC_MIA,MIA,KC,2026-09-27T17:00:00Z,betrivers,player_anytime_td,anytime_td,Patrick Mahomes,,310,
2026-09-23T19-31-23Z,2026,3,2026_03_KC_MIA,MIA,KC,2026-09-27T17:00:00Z,betrivers,player_anytime_td,anytime_td,Tyquan Thornton,,310,
2026-09-23T19-31-23Z,2026,3,2026_03_KC_MIA,MIA,KC,2026-09-27T17:00:00Z,betrivers,player_anytime_td,anytime_td,Cyrus Allen,,1200,
2026-09-23T19-31-23Z,2026,3,2026_03_KC_MIA,MIA,KC,2026-09-27T17:00:00Z,betrivers,player_anytime_td,anytime_td,Greg Dulcich,,430,
2026-09-23T19-31-23Z,2026,3,2026_03_KC_MIA,MIA,KC,2026-09-27T17:00:00Z,betrivers,player_anytime_td,anytime_td,Jake Briningstool,,1400,
2026-09-23T19-31-23Z,2026,3,2026_03_KC_MIA,MIA,KC,2026-09-27T17:00:00Z,betrivers,player_anytime_td,anytime_td,Rashee Rice,,128,
2026-09-23T19-31-23Z,2026,3,2026_03_KC_MIA,MIA,KC,2026-09-27T17:00:00Z,betrivers,player_anytime_td,anytime_td,Brashard Smith,,950,
2026-09-23T19-31-23Z,2026,3,2026_03_KC_MIA,MIA,KC,2026-09-27T17:00:00Z,betrivers,player_anytime_td,anytime_td,Jalen Tolbert,,1000,
2026-09-23T19-31-23Z,2026,3,2026_03_KC_MIA,MIA,KC,2026-09-27T17:00:00Z,betrivers,player_anytime_td,anytime_td,Xavier Worthy,,175,
2026-09-23T19-31-23Z,2026,3,2026_03_KC_MIA,MIA,KC,2026-09-27T17:00:00Z,betrivers,player_anytime_td,anytime_td,Seydou Traore,,2200,
2026-09-23T19-31-23Z,2026,3,2026_03_KC_MIA,MIA,KC,2026-09-27T17:00:00Z,betrivers,player_pass_yds,pass_yards,Patrick Mahomes,239.5,-115,-115.0
2026-09-23T19-31-23Z,2026,3,2026_03_KC_MIA,MIA,KC,2026-09-27T17:00:00Z,betrivers,player_pass_yds,pass_yards,Malik Willis,176.5,-115,-115.0
2026-09-23T19-31-23Z,2026,3,2026_03_KC_MIA,MIA,KC,2026-09-27T17:00:00Z,betrivers,player_reception_yds,rec_yards,Emmett Johnson,10.5,-112,-120.0
2026-09-23T19-31-23Z,2026,3,2026_03_KC_MIA,MIA,KC,2026-09-27T17:00:00Z,betrivers,player_reception_yds,rec_yards,Rashee Rice,48.5,-117,-114.0
2026-09-23T19-31-23Z,2026,3,2026_03_KC_MIA,MIA,KC,2026-09-27T17:00:00Z,betrivers,player_reception_yds,rec_yards,De'Von Achane,26.5,-113,-117.0
2026-09-23T19-31-23Z,2026,3,2026_03_KC_MIA,MIA,KC,2026-09-27T17:00:00Z,betrivers,player_reception_yds,rec_yards,Travis Kelce,51.5,-113,-118.0
2026-09-23T19-31-23Z,2026,3,2026_03_KC_MIA,MIA,KC,2026-09-27T17:00:00Z,betrivers,player_reception_yds,rec_yards,Kenneth Walker III,23.5,-114,-117.0
2026-09-23T19-31-23Z,2026,3,2026_03_KC_MIA,MIA,KC,2026-09-27T17:00:00Z,betrivers,player_reception_yds,rec_yards,Xavier Worthy,36.5,-115,-115.0
2026-09-23T19-31-23Z,2026,3,2026_03_KC_MIA,MIA,KC,2026-09-27T17:00:00Z,betrivers,player_receptions,rec_catches,De'Von Achane,3.5,-124,
2026-09-23T19-31-23Z,2026,3,2026_03_KC_MIA,MIA,KC,2026-09-27T17:00:00Z,betrivers,player_receptions,rec_catches,Emmett Johnson,1.5,102,
2026-09-23T19-31-23Z,2026,3,2026_03_KC_MIA,MIA,KC,2026-09-27T17:00:00Z,betrivers,player_receptions,rec_catches,Rashee Rice,4.5,123,
2026-09-23T19-31-23Z,2026,3,2026_03_KC_MIA,MIA,KC,2026-09-27T17:00:00Z,betrivers,player_receptions,rec_catches,Travis Kelce,4.5,102,
2026-09-23T19-31-23Z,2026,3,2026_03_KC_MIA,MIA,KC,2026-09-27T17:00:00Z,betrivers,player_receptions,rec_catches,Xavier Worthy,3.5,-103,
2026-09-23T19-31-23Z,2026,3,2026_03_KC_MIA,MIA,KC,2026-09-27T17:00:00Z,betrivers,player_receptions,rec_catches,Kenneth Walker III,3.5,125,
2026-09-23T19-31-23Z,2026,3,2026_03_KC_MIA,MIA,KC,2026-09-27T17:00:00Z,betrivers,player_rush_yds,rush_yards,Malik Willis,33.5,-117,-114.0
2026-09-23T19-31-23Z,2026,3,2026_03_KC_MIA,MIA,KC,2026-09-27T17:00:00Z,betrivers,player_rush_yds,rush_yards,Emmett Johnson,24.5,-112,-120.0
2026-09-23T19-31-23Z,2026,3,2026_03_KC_MIA,MIA,KC,2026-09-27T17:00:00Z,betrivers,player_rush_yds,rush_yards,Patrick Mahomes,17.5,-121,-110.0
2026-09-23T19-31-23Z,2026,3,2026_03_KC_MIA,MIA,KC,2026-09-27T17:00:00Z,betrivers,player_rush_yds,rush_yards,De'Von Achane,59.5,-115,-114.0
2026-09-23T19-31-23Z,2026,3,2026_03_KC_MIA,MIA,KC,2026-09-27T17:00:00Z,betrivers,player_rush_yds,rush_yards,Kenneth Walker III,85.5,-113,-117.0
2026-09-23T19-31-23Z,2026,3,2026_03_KC_MIA,MIA,KC,2026-09-27T17:00:00Z,betonlineag,player_anytime_td,anytime_td,Patrick Mahomes,,300,
2026-09-23T19-31-23Z,2026,3,2026_03_KC_MIA,MIA,KC,2026-09-27T17:00:00Z,betonlineag,player_anytime_td,anytime_td,Rashee Rice,,110,
2026-09-23T19-31-23Z,2026,3,2026_03_KC_MIA,MIA,KC,2026-09-27T17:00:00Z,betonlineag,player_anytime_td,anytime_td,Nikko Remigio,,3400,
2026-09-23T19-31-23Z,2026,3,2026_03_KC_MIA,MIA,KC,2026-09-27T17:00:00Z,betonlineag,player_anytime_td,anytime_td,Noah Gray,,550,
2026-09-23T19-31-23Z,2026,3,2026_03_KC_MIA,MIA,KC,2026-09-27T17:00:00Z,betonlineag,player_anytime_td,anytime_td,Travis Kelce,,120,
2026-09-23T19-31-23Z,2026,3,2026_03_KC_MIA,MIA,KC,2026-09-27T17:00:00Z,betonlineag,player_anytime_td,anytime_td,De'Von Achane,,-125,
2026-09-23T19-31-23Z,2026,3,2026_03_KC_MIA,MIA,KC,2026-09-27T17:00:00Z,betonlineag,player_anytime_td,anytime_td,Jalen Royals,,1900,
2026-09-23T19-31-23Z,2026,3,2026_03_KC_MIA,MIA,KC,2026-09-27T17:00:00Z,betonlineag,player_anytime_td,anytime_td,Tyquan Thornton,,260,
2026-09-23T19-31-23Z,2026,3,2026_03_KC_MIA,MIA,KC,2026-09-27T17:00:00Z,betonlineag,player_anytime_td,anytime_td,Greg Dulcich,,350,
2026-09-23T19-31-23Z,2026,3,2026_03_KC_MIA,MIA,KC,2026-09-27T17:00:00Z,betonlineag,player_anytime_td,anytime_td,Ollie Gordon II,,1000,
2026-09-23T19-31-23Z,2026,3,2026_03_KC_MIA,MIA,KC,2026-09-27T17:00:00Z,betonlineag,player_anytime_td,anytime_td,Jaylen Wright,,800,
2026-09-23T19-31-23Z,2026,3,2026_03_KC_MIA,MIA,KC,2026-09-27T17:00:00Z,betonlineag,player_anytime_td,anytime_td,Xavier Worthy,,170,
2026-09-23T19-31-23Z,2026,3,2026_03_KC_MIA,MIA,KC,2026-09-27T17:00:00Z,betonlineag,player_anytime_td,anytime_td,Jake Briningstool,,1900,
2026-09-23T19-31-23Z,2026,3,2026_03_KC_MIA,MIA,KC,2026-09-27T17:00:00Z,betonlineag,player_anytime_td,anytime_td,Malik Washington,,300,
2026-09-23T19-31-23Z,2026,3,2026_03_KC_MIA,MIA,KC,2026-09-27T17:00:00Z,betonlineag,player_anytime_td,anytime_td,Brashard Smith,,750,
2026-09-23T19-31-23Z,2026,3,2026_03_KC_MIA,MIA,KC,2026-09-27T17:00:00Z,betonlineag,player_anytime_td,anytime_td,Caleb Douglas,,325,
2026-09-23T19-31-23Z,2026,3,2026_03_KC_MIA,MIA,KC,2026-09-27T17:00:00Z,betonlineag,player_anytime_td,anytime_td,Kenneth Walker III,,-333,
2026-09-23T19-31-23Z,2026,3,2026_03_KC_MIA,MIA,KC,2026-09-27T17:00:00Z,betonlineag,player_anytime_td,anytime_td,Malik Willis,,290,
2026-09-23T19-31-23Z,2026,3,2026_03_KC_MIA,MIA,KC,2026-09-27T17:00:00Z,betonlineag,player_anytime_td,anytime_td,Chris Bell,,800,
2026-09-23T19-31-23Z,2026,3,2026_03_KC_MIA,MIA,KC,2026-09-27T17:00:00Z,betonlineag,player_anytime_td,anytime_td,Will Kacmarek,,1400,
2026-09-23T19-31-23Z,2026,3,2026_03_KC_MIA,MIA,KC,2026-09-27T17:00:00Z,betonlineag,player_anytime_td,anytime_td,Kevin Coleman Jr.,,1400,
2026-09-23T19-31-23Z,2026,3,2026_03_KC_MIA,MIA,KC,2026-09-27T17:00:00Z,betonlineag,player_anytime_td,anytime_td,Emmett Johnson,,300,
2026-09-23T19-31-23Z,2026,3,2026_03_KC_MIA,MIA,KC,2026-09-27T17:00:00Z,betonlineag,player_anytime_td,anytime_td,Seydou Traore,,3400,
2026-09-23T19-31-23Z,2026,3,2026_03_KC_MIA,MIA,KC,2026-09-27T17:00:00Z,betonlineag,player_anytime_td,anytime_td,Ryan Miller,,3400,
2026-09-23T19-31-23Z,2026,3,2026_03_KC_MIA,MIA,KC,2026-09-27T17:00:00Z,betonlineag,player_anytime_td,anytime_td,Cyrus Allen,,3400,
2026-09-23T19-31-23Z,2026,3,2026_03_KC_MIA,MIA,KC,2026-09-27T17:00:00Z,betonlineag,player_pass_yds,pass_yards,Patrick Mahomes,235.5,-114,-114.0
2026-09-23T19-31-23Z,2026,3,2026_03_KC_MIA,MIA,KC,2026-09-27T17:00:00Z,betonlineag,player_reception_yds,rec_yards,Travis Kelce,50.5,-119,-109.0
2026-09-23T19-31-23Z,2026,3,2026_03_KC_MIA,MIA,KC,2026-09-27T17:00:00Z,betonlineag,player_reception_yds,rec_yards,De'Von Achane,24.5,-116,-111.0
2026-09-23T19-31-23Z,2026,3,2026_03_KC_MIA,MIA,KC,2026-09-27T17:00:00Z,betonlineag,player_reception_yds,rec_yards,Emmett Johnson,10.5,-114,-114.0
2026-09-23T19-31-23Z,2026,3,2026_03_KC_MIA,MIA,KC,2026-09-27T17:00:00Z,betonlineag,player_reception_yds,rec_yards,Kenneth Walker III,20.5,-112,-115.0
2026-09-23T19-31-23Z,2026,3,2026_03_KC_MIA,MIA,KC,2026-09-27T17:00:00Z,betonlineag,player_reception_yds,rec_yards,Rashee Rice,48.5,-114,-114.0
2026-09-23T19-31-23Z,2026,3,2026_03_KC_MIA,MIA,KC,2026-09-27T17:00:00Z,betonlineag,player_reception_yds,rec_yards,Xavier Worthy,34.5,-120,-108.0
2026-09-23T19-31-23Z,2026,3,2026_03_KC_MIA,MIA,KC,2026-09-27T17:00:00Z,betonlineag,player_receptions,rec_catches,Emmett Johnson,1.5,109,-141.0
2026-09-23T19-31-23Z,2026,3,2026_03_KC_MIA,MIA,KC,2026-09-27T17:00:00Z,betonlineag,player_receptions,rec_catches,Xavier Worthy,3.5,100,-130.0
2026-09-23T19-31-23Z,2026,3,2026_03_KC_MIA,MIA,KC,2026-09-27T17:00:00Z,betonlineag,player_receptions,rec_catches,Rashee Rice,4.5,115,-149.0
2026-09-23T19-31-23Z,2026,3,2026_03_KC_MIA,MIA,KC,2026-09-27T17:00:00Z,betonlineag,player_receptions,rec_catches,Travis Kelce,4.5,-109,-119.0
2026-09-23T19-31-23Z,2026,3,2026_03_KC_MIA,MIA,KC,2026-09-27T17:00:00Z,betonlineag,player_receptions,rec_catches,De'Von Achane,3.5,-128,-101.0
2026-09-23T19-31-23Z,2026,3,2026_03_KC_MIA,MIA,KC,2026-09-27T17:00:00Z,betonlineag,player_receptions,rec_catches,Kenneth Walker III,2.5,-156,120.0
2026-09-23T19-31-23Z,2026,3,2026_03_KC_MIA,MIA,KC,2026-09-27T17:00:00Z,betonlineag,player_rush_yds,rush_yards,Kenneth Walker III,85.5,-114,-114.0
2026-09-23T19-31-23Z,2026,3,2026_03_KC_MIA,MIA,KC,2026-09-27T17:00:00Z,betonlineag,player_rush_yds,rush_yards,Malik Willis,32.5,-120,-108.0
2026-09-23T19-31-23Z,2026,3,2026_03_KC_MIA,MIA,KC,2026-09-27T17:00:00Z,betonlineag,player_rush_yds,rush_yards,Emmett Johnson,21.5,-116,-111.0
2026-09-23T19-31-23Z,2026,3,2026_03_KC_MIA,MIA,KC,2026-09-27T17:00:00Z,betonlineag,player_rush_yds,rush_yards,De'Von Achane,59.5,-114,-114.0
2026-09-23T19-31-23Z,2026,3,2026_03_KC_MIA,MIA,KC,2026-09-27T17:00:00Z,bovada,player_anytime_td,anytime_td,De'Von Achane,,100,
2026-09-23T19-31-23Z,2026,3,2026_03_KC_MIA,MIA,KC,2026-09-27T17:00:00Z,bovada,player_anytime_td,anytime_td,Malik Willis,,300,
2026-09-23T19-31-23Z,2026,3,2026_03_KC_MIA,MIA,KC,2026-09-27T17:00:00Z,bovada,player_anytime_td,anytime_td,Travis Kelce,,135,
2026-09-23T19-31-23Z,2026,3,2026_03_KC_MIA,MIA,KC,2026-09-27T17:00:00Z,bovada,player_anytime_td,anytime_td,Kenneth Walker III,,-235,
2026-09-23T19-31-23Z,2026,3,2026_03_KC_MIA,MIA,KC,2026-09-27T17:00:00Z,bovada,player_anytime_td,anytime_td,Emmett Johnson,,330,
2026-09-23T19-31-23Z,2026,3,2026_03_KC_MIA,MIA,KC,2026-09-27T17:00:00Z,bovada,player_anytime_td,anytime_td,Malik Washington,,330,
2026-09-23T19-31-23Z,2026,3,2026_03_KC_MIA,MIA,KC,2026-09-27T17:00:00Z,bovada,player_anytime_td,anytime_td,Patrick Mahomes,,340,
2026-09-23T19-31-23Z,2026,3,2026_03_KC_MIA,MIA,KC,2026-09-27T17:00:00Z,bovada,player_anytime_td,anytime_td,Greg Dulcich,,500,
2026-09-23T19-31-23Z,2026,3,2026_03_KC_MIA,MIA,KC,2026-09-27T17:00:00Z,bovada,player_anytime_td,anytime_td,Caleb Douglas,,420,
2026-09-23T19-31-23Z,2026,3,2026_03_KC_MIA,MIA,KC,2026-09-27T17:00:00Z,bovada,player_anytime_td,anytime_td,Tyquan Thornton,,400,
2026-09-23T19-31-23Z,2026,3,2026_03_KC_MIA,MIA,KC,2026-09-27T17:00:00Z,bovada,player_anytime_td,anytime_td,Rashee Rice,,130,
2026-09-23T19-31-23Z,2026,3,2026_03_KC_MIA,MIA,KC,2026-09-27T17:00:00Z,bovada,player_anytime_td,anytime_td,Xavier Worthy,,175,
2026-09-23T19-31-23Z,2026,3,2026_03_KC_MIA,MIA,KC,2026-09-27T17:00:00Z,bovada,player_anytime_td,anytime_td,Noah Gray,,525,
2026-09-23T19-31-23Z,2026,3,2026_03_KC_MIA,MIA,KC,2026-09-27T17:00:00Z,bovada,player_anytime_td,anytime_td,Ben VanSumeren,,4000,
2026-09-23T19-31-23Z,2026,3,2026_03_KC_MIA,MIA,KC,2026-09-27T17:00:00Z,bovada,player_anytime_td,anytime_td,Jake Briningstool,,1700,
2026-09-23T19-31-23Z,2026,3,2026_03_KC_MIA,MIA,KC,2026-09-27T17:00:00Z,bovada,player_anytime_td,anytime_td,Jalen Royals,,1000,
2026-09-23T19-31-23Z,2026,3,2026_03_KC_MIA,MIA,KC,2026-09-27T17:00:00Z,bovada,player_anytime_td,anytime_td,Cyrus Allen,,1300,
2026-09-23T19-31-23Z,2026,3,2026_03_KC_MIA,MIA,KC,2026-09-27T17:00:00Z,bovada,player_anytime_td,anytime_td,Nikko Remigio,,2800,
2026-09-23T19-31-23Z,2026,3,2026_03_KC_MIA,MIA,KC,2026-09-27T17:00:00Z,bovada,player_anytime_td,anytime_td,Brashard Smith,,1100,
2026-09-23T19-31-23Z,2026,3,2026_03_KC_MIA,MIA,KC,2026-09-27T17:00:00Z,bovada,player_anytime_td,anytime_td,Miami Dolphins D/ST,,725,
2026-09-23T19-31-23Z,2026,3,2026_03_KC_MIA,MIA,KC,2026-09-27T17:00:00Z,bovada,player_anytime_td,anytime_td,Kansas City Chiefs D/ST,,525,
2026-09-23T19-31-23Z,2026,3,2026_03_TEN_NYG,NYG,TEN,2026-09-27T17:00:00Z,draftkings,player_anytime_td,anytime_td,Cam Skattebo,,110,
2026-09-23T19-31-23Z,2026,3,2026_03_TEN_NYG,NYG,TEN,2026-09-27T17:00:00Z,draftkings,player_anytime_td,anytime_td,Tony Pollard,,150,
2026-09-23T19-31-23Z,2026,3,2026_03_TEN_NYG,NYG,TEN,2026-09-27T17:00:00Z,draftkings,player_anytime_td,anytime_td,Malik Nabers,,210,
2026-09-23T19-31-23Z,2026,3,2026_03_TEN_NYG,NYG,TEN,2026-09-27T17:00:00Z,draftkings,player_anytime_td,anytime_td,Tyjae Spears,,250,
2026-09-23T19-31-23Z,2026,3,2026_03_TEN_NYG,NYG,TEN,2026-09-27T17:00:00Z,draftkings,player_anytime_td,anytime_td,Isaiah Likely,,280,
2026-09-23T19-31-23Z,2026,3,2026_03_TEN_NYG,NYG,TEN,2026-09-27T17:00:00Z,draftkings,player_anytime_td,anytime_td,Carnell Tate,,310,
2026-09-23T19-31-23Z,2026,3,2026_03_TEN_NYG,NYG,TEN,2026-09-27T17:00:00Z,draftkings,player_anytime_td,anytime_td,Wan'Dale Robinson,,360,
2026-09-23T19-31-23Z,2026,3,2026_03_TEN_NYG,NYG,TEN,2026-09-27T17:00:00Z,draftkings,player_anytime_td,anytime_td,Malachi Fields,,380,
2026-09-23T19-31-23Z,2026,3,2026_03_TEN_NYG,NYG,TEN,2026-09-27T17:00:00Z,draftkings,player_anytime_td,anytime_td,Cam Ward,,400,
2026-09-23T19-31-23Z,2026,3,2026_03_TEN_NYG,NYG,TEN,2026-09-27T17:00:00Z,draftkings,player_anytime_td,anytime_td,Devin Singletary,,425,
2026-09-23T19-31-23Z,2026,3,2026_03_TEN_NYG,NYG,TEN,2026-09-27T17:00:00Z,draftkings,player_anytime_td,anytime_td,Gunnar Helm,,450,
2026-09-23T19-31-23Z,2026,3,2026_03_TEN_NYG,NYG,TEN,2026-09-27T17:00:00Z,draftkings,player_anytime_td,anytime_td,New York Giants D/ST,,475,
2026-09-23T19-31-23Z,2026,3,2026_03_TEN_NYG,NYG,TEN,2026-09-27T17:00:00Z,draftkings,player_anytime_td,anytime_td,Tennessee Titans D/ST,,475,
2026-09-23T19-31-23Z,2026,3,2026_03_TEN_NYG,NYG,TEN,2026-09-27T17:00:00Z,draftkings,player_anytime_td,anytime_td,Najee Harris,,550,
2026-09-23T19-31-23Z,2026,3,2026_03_TEN_NYG,NYG,TEN,2026-09-27T17:00:00Z,draftkings,player_anytime_td,anytime_td,Darnell Mooney,,600,
2026-09-23T19-31-23Z,2026,3,2026_03_TEN_NYG,NYG,TEN,2026-09-27T17:00:00Z,draftkings,player_anytime_td,anytime_td,Jameis Winston,,600,
2026-09-23T19-31-23Z,2026,3,2026_03_TEN_NYG,NYG,TEN,2026-09-27T17:00:00Z,draftkings,player_anytime_td,anytime_td,Calvin Ridley,,700,
2026-09-23T19-31-23Z,2026,3,2026_03_TEN_NYG,NYG,TEN,2026-09-27T17:00:00Z,betrivers,player_anytime_td,anytime_td,Kylen Granson,,2200,
2026-09-23T19-31-23Z,2026,3,2026_03_TEN_NYG,NYG,TEN,2026-09-27T17:00:00Z,betrivers,player_anytime_td,anytime_td,Daniel Bellinger,,1200,
2026-09-23T19-31-23Z,2026,3,2026_03_TEN_NYG,NYG,TEN,2026-09-27T17:00:00Z,betrivers,player_anytime_td,anytime_td,Patrick Ricard,,1600,
2026-09-23T19-31-23Z,2026,3,2026_03_TEN_NYG,NYG,TEN,2026-09-27T17:00:00Z,betrivers,player_anytime_td,anytime_td,Cam Skattebo,,120,
2026-09-23T19-31-23Z,2026,3,2026_03_TEN_NYG,NYG,TEN,2026-09-27T17:00:00Z,betrivers,player_anytime_td,anytime_td,Julius Chestnut,,2200,
2026-09-23T19-31-23Z,2026,3,2026_03_TEN_NYG,NYG,TEN,2026-09-27T17:00:00Z,betrivers,player_anytime_td,anytime_td,Devin Singletary,,380,
2026-09-23T19-31-23Z,2026,3,2026_03_TEN_NYG,NYG,TEN,2026-09-27T17:00:00Z,betrivers,player_anytime_td,anytime_td,Odell Beckham Jr.,,1200,
2026-09-23T19-31-23Z,2026,3,2026_03_TEN_NYG,NYG,TEN,2026-09-27T17:00:00Z,betrivers,player_anytime_td,anytime_td,Malachi Fields,,280,
2026-09-23T19-31-23Z,2026,3,2026_03_TEN_NYG,NYG,TEN,2026-09-27T17:00:00Z,betrivers,player_anytime_td,anytime_td,Tyrone Tracy Jr.,,440,
2026-09-23T19-31-23Z,2026,3,2026_03_TEN_NYG,NYG,TEN,2026-09-27T17:00:00Z,betrivers,player_anytime_td,anytime_td,Chris Manhertz,,5000,
2026-09-23T19-31-23Z,2026,3,2026_03_TEN_NYG,NYG,TEN,2026-09-27T17:00:00Z,betrivers,player_anytime_td,anytime_td,Tony Pollard,,145,
2026-09-23T19-31-23Z,2026,3,2026_03_TEN_NYG,NYG,TEN,2026-09-27T17:00:00Z,betrivers,player_anytime_td,anytime_td,Isaiah Likely,,295,
2026-09-23T19-31-23Z,2026,3,2026_03_TEN_NYG,NYG,TEN,2026-09-27T17:00:00Z,betrivers,player_anytime_td,anytime_td,Tyjae Spears,,260,
2026-09-23T19-31-23Z,2026,3,2026_03_TEN_NYG,NYG,TEN,2026-09-27T17:00:00Z,betrivers,player_anytime_td,anytime_td,Calvin Ridley,,575,
2026-09-23T19-31-23Z,2026,3,2026_03_TEN_NYG,NYG,TEN,2026-09-27T17:00:00Z,betrivers,player_anytime_td,anytime_td,Malik Nabers,,215,
2026-09-23T19-31-23Z,2026,3,2026_03_TEN_NYG,NYG,TEN,2026-09-27T17:00:00Z,betrivers,player_anytime_td,anytime_td,David Martin-Robinson,,2400,
2026-09-23T19-31-23Z,2026,3,2026_03_TEN_NYG,NYG,TEN,2026-09-27T17:00:00Z,betrivers,player_anytime_td,anytime_td,Gunnar Helm,,380,
2026-09-23T19-31-23Z,2026,3,2026_03_TEN_NYG,NYG,TEN,2026-09-27T17:00:00Z,betrivers,player_anytime_td,anytime_td,Jameis Winston,,410,
2026-09-23T19-31-23Z,2026,3,2026_03_TEN_NYG,NYG,TEN,2026-09-27T17:00:00Z,betrivers,player_anytime_td,anytime_td,Carnell Tate,,285,
2026-09-23T19-31-23Z,2026,3,2026_03_TEN_NYG,NYG,TEN,2026-09-27T17:00:00Z,betrivers,player_anytime_td,anytime_td,Chimere Dike,,750,
2026-09-23T19-31-23Z,2026,3,2026_03_TEN_NYG,NYG,TEN,2026-09-27T17:00:00Z,betrivers,player_anytime_td,anytime_td,Najee Harris,,425,
2026-09-23T19-31-23Z,2026,3,2026_03_TEN_NYG,NYG,TEN,2026-09-27T17:00:00Z,betrivers,player_anytime_td,anytime_td,Darnell Mooney,,600,
2026-09-23T19-31-23Z,2026,3,2026_03_TEN_NYG,NYG,TEN,2026-09-27T17:00:00Z,betrivers,player_anytime_td,anytime_td,Theo Johnson,,700,
2026-09-23T19-31-23Z,2026,3,2026_03_TEN_NYG,NYG,TEN,2026-09-27T17:00:00Z,betrivers,player_anytime_td,anytime_td,Wan'Dale Robinson,,310,
2026-09-23T19-31-23Z,2026,3,2026_03_TEN_NYG,NYG,TEN,2026-09-27T17:00:00Z,betrivers,player_anytime_td,anytime_td,Elic Ayomanor,,850,
2026-09-23T19-31-23Z,2026,3,2026_03_TEN_NYG,NYG,TEN,2026-09-27T17:00:00Z,betrivers,player_anytime_td,anytime_td,Cam Ward,,300,
2026-09-23T19-31-23Z,2026,3,2026_03_TEN_NYG,NYG,TEN,2026-09-27T17:00:00Z,betonlineag,player_anytime_td,anytime_td,Julius Chestnut,,1900,
2026-09-23T19-31-23Z,2026,3,2026_03_TEN_NYG,NYG,TEN,2026-09-27T17:00:00Z,betonlineag,player_anytime_td,anytime_td,Odell Beckham Jr.,,1100,
2026-09-23T19-31-23Z,2026,3,2026_03_TEN_NYG,NYG,TEN,2026-09-27T17:00:00Z,betonlineag,player_anytime_td,anytime_td,Malik Nabers,,200,
2026-09-23T19-31-23Z,2026,3,2026_03_TEN_NYG,NYG,TEN,2026-09-27T17:00:00Z,betonlineag,player_anytime_td,anytime_td,Chris Manhertz,,3400,
2026-09-23T19-31-23Z,2026,3,2026_03_TEN_NYG,NYG,TEN,2026-09-27T17:00:00Z,betonlineag,player_anytime_td,anytime_td,David Martin-Robinson,,2900,
2026-09-23T19-31-23Z,2026,3,2026_03_TEN_NYG,NYG,TEN,2026-09-27T17:00:00Z,betonlineag,player_anytime_td,anytime_td,Tyjae Spears,,250,
2026-09-23T19-31-23Z,2026,3,2026_03_TEN_NYG,NYG,TEN,2026-09-27T17:00:00Z,betonlineag,player_anytime_td,anytime_td,Tyrone Tracy Jr.,,400,
2026-09-23T19-31-23Z,2026,3,2026_03_TEN_NYG,NYG,TEN,2026-09-27T17:00:00Z,betonlineag,player_anytime_td,anytime_td,Devin Singletary,,350,
2026-09-23T19-31-23Z,2026,3,2026_03_TEN_NYG,NYG,TEN,2026-09-27T17:00:00Z,betonlineag,player_anytime_td,anytime_td,Tony Pollard,,150,
2026-09-23T19-31-23Z,2026,3,2026_03_TEN_NYG,NYG,TEN,2026-09-27T17:00:00Z,betonlineag,player_anytime_td,anytime_td,Calvin Ridley,,550,
2026-09-23T19-31-23Z,2026,3,2026_03_TEN_NYG,NYG,TEN,2026-09-27T17:00:00Z,betonlineag,player_anytime_td,anytime_td,Theo Johnson,,650,
2026-09-23T19-31-23Z,2026,3,2026_03_TEN_NYG,NYG,TEN,2026-09-27T17:00:00Z,betonlineag,player_anytime_td,anytime_td,Gunnar Helm,,350,
2026-09-23T19-31-23Z,2026,3,2026_03_TEN_NYG,NYG,TEN,2026-09-27T17:00:00Z,betonlineag,player_anytime_td,anytime_td,Chimere Dike,,800,
2026-09-23T19-31-23Z,2026,3,2026_03_TEN_NYG,NYG,TEN,2026-09-27T17:00:00Z,betonlineag,player_anytime_td,anytime_td,Cam Ward,,300,
2026-09-23T19-31-23Z,2026,3,2026_03_TEN_NYG,NYG,TEN,2026-09-27T17:00:00Z,betonlineag,player_anytime_td,anytime_td,Jameis Winston,,350,
2026-09-23T19-31-23Z,2026,3,2026_03_TEN_NYG,NYG,TEN,2026-09-27T17:00:00Z,betonlineag,player_anytime_td,anytime_td,Elic Ayomanor,,800,
2026-09-23T19-31-23Z,2026,3,2026_03_TEN_NYG,NYG,TEN,2026-09-27T17:00:00Z,betonlineag,player_anytime_td,anytime_td,Darnell Mooney,,600,
2026-09-23T19-31-23Z,2026,3,2026_03_TEN_NYG,NYG,TEN,2026-09-27T17:00:00Z,betonlineag,player_anytime_td,anytime_td,Kylen Granson,,1900,
2026-09-23T19-31-23Z,2026,3,2026_03_TEN_NYG,NYG,TEN,2026-09-27T17:00:00Z,betonlineag,player_anytime_td,anytime_td,Malachi Fields,,260,
2026-09-23T19-31-23Z,2026,3,2026_03_TEN_NYG,NYG,TEN,2026-09-27T17:00:00Z,betonlineag,player_anytime_td,anytime_td,Daniel Bellinger,,1100,
2026-09-23T19-31-23Z,2026,3,2026_03_TEN_NYG,NYG,TEN,2026-09-27T17:00:00Z,betonlineag,player_anytime_td,anytime_td,Wan'Dale Robinson,,300,
2026-09-23T19-31-23Z,2026,3,2026_03_TEN_NYG,NYG,TEN,2026-09-27T17:00:00Z,betonlineag,player_anytime_td,anytime_td,Patrick Ricard,,1000,
2026-09-23T19-31-23Z,2026,3,2026_03_TEN_NYG,NYG,TEN,2026-09-27T17:00:00Z,betonlineag,player_anytime_td,anytime_td,Najee Harris,,350,
2026-09-23T19-31-23Z,2026,3,2026_03_TEN_NYG,NYG,TEN,2026-09-27T17:00:00Z,betonlineag,player_anytime_td,anytime_td,Carnell Tate,,300,
2026-09-23T19-31-23Z,2026,3,2026_03_TEN_NYG,NYG,TEN,2026-09-27T17:00:00Z,betonlineag,player_anytime_td,anytime_td,Cam Skattebo,,110,
2026-09-23T19-31-23Z,2026,3,2026_03_TEN_NYG,NYG,TEN,2026-09-27T17:00:00Z,betonlineag,player_anytime_td,anytime_td,Isaiah Likely,,290,
2026-09-23T19-31-23Z,2026,3,2026_03_SEA_WAS,WAS,SEA,2026-09-27T17:00:00Z,betonlineag,player_anytime_td,anytime_td,John Bates,,1000,
2026-09-23T19-31-23Z,2026,3,2026_03_SEA_WAS,WAS,SEA,2026-09-27T17:00:00Z,betonlineag,player_anytime_td,anytime_td,Jaxon Smith-Njigba,,-143,
2026-09-23T19-31-23Z,2026,3,2026_03_SEA_WAS,WAS,SEA,2026-09-27T17:00:00Z,betonlineag,player_anytime_td,anytime_td,Terry McLaurin,,260,
2026-09-23T19-31-23Z,2026,3,2026_03_SEA_WAS,WAS,SEA,2026-09-27T17:00:00Z,betonlineag,player_anytime_td,anytime_td,Brady Russell,,1900,
2026-09-23T19-31-23Z,2026,3,2026_03_SEA_WAS,WAS,SEA,2026-09-27T17:00:00Z,betonlineag,player_anytime_td,anytime_td,Dyami Brown,,1100,
2026-09-23T19-31-23Z,2026,3,2026_03_SEA_WAS,WAS,SEA,2026-09-27T17:00:00Z,betonlineag,player_anytime_td,anytime_td,AJ Barner,,270,
2026-09-23T19-31-23Z,2026,3,2026_03_SEA_WAS,WAS,SEA,2026-09-27T17:00:00Z,betonlineag,player_anytime_td,anytime_td,Marcus Mariota,,650,
2026-09-23T19-31-23Z,2026,3,2026_03_SEA_WAS,WAS,SEA,2026-09-27T17:00:00Z,betonlineag,player_anytime_td,anytime_td,Colson Yankoff,,2900,
2026-09-23T19-31-23Z,2026,3,2026_03_SEA_WAS,WAS,SEA,2026-09-27T17:00:00Z,betonlineag,player_anytime_td,anytime_td,Ben Sinnott,,1400,
2026-09-23T19-31-23Z,2026,3,2026_03_SEA_WAS,WAS,SEA,2026-09-27T17:00:00Z,betonlineag,player_anytime_td,anytime_td,George Holani,,190,
2026-09-23T19-31-23Z,2026,3,2026_03_SEA_WAS,WAS,SEA,2026-09-27T17:00:00Z,betonlineag,player_anytime_td,anytime_td,Jacory Croskey-Merritt,,180,
2026-09-23T19-31-23Z,2026,3,2026_03_SEA_WAS,WAS,SEA,2026-09-27T17:00:00Z,betonlineag,player_anytime_td,anytime_td,Cooper Kupp,,350,
2026-09-23T19-31-23Z,2026,3,2026_03_SEA_WAS,WAS,SEA,2026-09-27T17:00:00Z,betonlineag,player_anytime_td,anytime_td,Eric Saubert,,1100,
2026-09-23T19-31-23Z,2026,3,2026_03_SEA_WAS,WAS,SEA,2026-09-27T17:00:00Z,betonlineag,player_anytime_td,anytime_td,Rashid Shaheed,,240,
2026-09-23T19-31-23Z,2026,3,2026_03_SEA_WAS,WAS,SEA,2026-09-27T17:00:00Z,betonlineag,player_anytime_td,anytime_td,Jaylin Lane,,1100,
2026-09-23T19-31-23Z,2026,3,2026_03_SEA_WAS,WAS,SEA,2026-09-27T17:00:00Z,betonlineag,player_anytime_td,anytime_td,Elijah Arroyo,,900,
2026-09-23T19-31-23Z,2026,3,2026_03_SEA_WAS,WAS,SEA,2026-09-27T17:00:00Z,betonlineag,player_anytime_td,anytime_td,Nick Kallerup,,1400,
2026-09-23T19-31-23Z,2026,3,2026_03_SEA_WAS,WAS,SEA,2026-09-27T17:00:00Z,betonlineag,player_anytime_td,anytime_td,Treylon Burks,,2900,
2026-09-23T19-31-23Z,2026,3,2026_03_SEA_WAS,WAS,SEA,2026-09-27T17:00:00Z,betonlineag,player_anytime_td,anytime_td,Tory Horton,,800,
2026-09-23T19-31-23Z,2026,3,2026_03_SEA_WAS,WAS,SEA,2026-09-27T17:00:00Z,betonlineag,player_anytime_td,anytime_td,Kaytron Allen,,1400,
2026-09-23T19-31-23Z,2026,3,2026_03_SEA_WAS,WAS,SEA,2026-09-27T17:00:00Z,betonlineag,player_anytime_td,anytime_td,Jadarian Price,,100,
2026-09-23T19-31-23Z,2026,3,2026_03_SEA_WAS,WAS,SEA,2026-09-27T17:00:00Z,betonlineag,player_anytime_td,anytime_td,Emanuel Wilson,,170,
2026-09-23T19-31-23Z,2026,3,2026_03_SEA_WAS,WAS,SEA,2026-09-27T17:00:00Z,betonlineag,player_anytime_td,anytime_td,Rachaad White,,250,
2026-09-23T19-31-23Z,2026,3,2026_03_SEA_WAS,WAS,SEA,2026-09-27T17:00:00Z,betonlineag,player_anytime_td,anytime_td,Chig Okonkwo,,500,
2026-09-23T19-31-23Z,2026,3,2026_03_SEA_WAS,WAS,SEA,2026-09-27T17:00:00Z,betonlineag,player_anytime_td,anytime_td,Stefon Diggs,,325,
2026-09-23T19-31-23Z,2026,3,2026_03_SEA_WAS,WAS,SEA,2026-09-27T17:00:00Z,betonlineag,player_anytime_td,anytime_td,Antonio Williams,,750,
2026-09-23T19-31-23Z,2026,3,2026_03_ARI_SF,SF,ARI,2026-09-27T20:05:00Z,draftkings,player_anytime_td,anytime_td,Christian McCaffrey,,-290,
2026-09-23T19-31-23Z,2026,3,2026_03_ARI_SF,SF,ARI,2026-09-27T20:05:00Z,draftkings,player_anytime_td,anytime_td,Jeremiyah Love,,140,
2026-09-23T19-31-23Z,2026,3,2026_03_ARI_SF,SF,ARI,2026-09-27T20:05:00Z,draftkings,player_anytime_td,anytime_td,Mike Evans,,145,
2026-09-23T19-31-23Z,2026,3,2026_03_ARI_SF,SF,ARI,2026-09-27T20:05:00Z,draftkings,player_anytime_td,anytime_td,George Kittle,,180,
2026-09-23T19-31-23Z,2026,3,2026_03_ARI_SF,SF,ARI,2026-09-27T20:05:00Z,draftkings,player_anytime_td,anytime_td,Tyler Allgeier,,185,
2026-09-23T19-31-23Z,2026,3,2026_03_ARI_SF,SF,ARI,2026-09-27T20:05:00Z,draftkings,player_anytime_td,anytime_td,Deebo Samuel,,190,
2026-09-23T19-31-23Z,2026,3,2026_03_ARI_SF,SF,ARI,2026-09-27T20:05:00Z,draftkings,player_anytime_td,anytime_td,Trey McBride,,190,
2026-09-23T19-31-23Z,2026,3,2026_03_ARI_SF,SF,ARI,2026-09-27T20:05:00Z,draftkings,player_anytime_td,anytime_td,Kaelon Black,,240,
2026-09-23T19-31-23Z,2026,3,2026_03_ARI_SF,SF,ARI,2026-09-27T20:05:00Z,draftkings,player_anytime_td,anytime_td,Michael Wilson,,290,
2026-09-23T19-31-23Z,2026,3,2026_03_ARI_SF,SF,ARI,2026-09-27T20:05:00Z,draftkings,player_anytime_td,anytime_td,Brock Purdy,,295,
2026-09-23T19-31-23Z,2026,3,2026_03_ARI_SF,SF,ARI,2026-09-27T20:05:00Z,draftkings,player_anytime_td,anytime_td,Marvin Harrison Jr.,,425,
2026-09-23T19-31-23Z,2026,3,2026_03_ARI_SF,SF,ARI,2026-09-27T20:05:00Z,draftkings,player_anytime_td,anytime_td,San Francisco 49ers D/ST,,500,
2026-09-23T19-31-23Z,2026,3,2026_03_ARI_SF,SF,ARI,2026-09-27T20:05:00Z,draftkings,player_anytime_td,anytime_td,Kendrick Bourne,,700,
2026-09-23T19-31-23Z,2026,3,2026_03_ARI_SF,SF,ARI,2026-09-27T20:05:00Z,draftkings,player_anytime_td,anytime_td,Jacoby Brissett,,750,
2026-09-23T19-31-23Z,2026,3,2026_03_ARI_SF,SF,ARI,2026-09-27T20:05:00Z,draftkings,player_anytime_td,anytime_td,Arizona Cardinals D/ST,,750,
2026-09-23T19-31-23Z,2026,3,2026_03_ARI_SF,SF,ARI,2026-09-27T20:05:00Z,draftkings,player_anytime_td,anytime_td,Luke Farrell,,900,
2026-09-23T19-31-23Z,2026,3,2026_03_ARI_SF,SF,ARI,2026-09-27T20:05:00Z,draftkings,player_anytime_td,anytime_td,Kyle Juszczyk,,900,
2026-09-23T19-31-23Z,2026,3,2026_03_ARI_SF,SF,ARI,2026-09-27T20:05:00Z,draftkings,player_anytime_td,anytime_td,Elijah Higgins,,1200,
2026-09-23T19-31-23Z,2026,3,2026_03_ARI_SF,SF,ARI,2026-09-27T20:05:00Z,draftkings,player_anytime_td,anytime_td,Hunter Long,,1200,
2026-09-23T19-31-23Z,2026,3,2026_03_ARI_SF,SF,ARI,2026-09-27T20:05:00Z,draftkings,player_anytime_td,anytime_td,Zonovan Knight,,3000,
2026-09-23T19-31-23Z,2026,3,2026_03_ARI_SF,SF,ARI,2026-09-27T20:05:00Z,draftkings,player_pass_yds,pass_yards,Jacoby Brissett,222.5,-113,-111.0
2026-09-23T19-31-23Z,2026,3,2026_03_ARI_SF,SF,ARI,2026-09-27T20:05:00Z,draftkings,player_reception_yds,rec_yards,Trey McBride,67.5,-112,-112.0
2026-09-23T19-31-23Z,2026,3,2026_03_ARI_SF,SF,ARI,2026-09-27T20:05:00Z,draftkings,player_reception_yds,rec_yards,Michael Wilson,45.5,-114,-110.0
2026-09-23T19-31-23Z,2026,3,2026_03_ARI_SF,SF,ARI,2026-09-27T20:05:00Z,draftkings,player_reception_yds,rec_yards,Marvin Harrison Jr.,26.5,-113,-111.0
2026-09-23T19-31-23Z,2026,3,2026_03_ARI_SF,SF,ARI,2026-09-27T20:05:00Z,draftkings,player_receptions,rec_catches,Trey McBride,7.5,116,-148.0
2026-09-23T19-31-23Z,2026,3,2026_03_ARI_SF,SF,ARI,2026-09-27T20:05:00Z,draftkings,player_receptions,rec_catches,Michael Wilson,3.5,-159,124.0
2026-09-23T19-31-23Z,2026,3,2026_03_ARI_SF,SF,ARI,2026-09-27T20:05:00Z,draftkings,player_receptions,rec_catches,Marvin Harrison Jr.,2.5,133,-171.0
2026-09-23T19-31-23Z,2026,3,2026_03_ARI_SF,SF,ARI,2026-09-27T20:05:00Z,draftkings,player_rush_yds,rush_yards,Christian McCaffrey,54.5,-114,-111.0
2026-09-23T19-31-23Z,2026,3,2026_03_ARI_SF,SF,ARI,2026-09-27T20:05:00Z,draftkings,player_rush_yds,rush_yards,Jeremiyah Love,37.5,-111,-113.0
2026-09-23T19-31-23Z,2026,3,2026_03_ARI_SF,SF,ARI,2026-09-27T20:05:00Z,draftkings,player_rush_yds,rush_yards,Tyler Allgeier,32.5,-108,-116.0
2026-09-23T19-31-23Z,2026,3,2026_03_ARI_SF,SF,ARI,2026-09-27T20:05:00Z,fanduel,player_anytime_td,anytime_td,Christian McCaffrey,,-290,
2026-09-23T19-31-23Z,2026,3,2026_03_ARI_SF,SF,ARI,2026-09-27T20:05:00Z,fanduel,player_anytime_td,anytime_td,Mike Evans,,145,
2026-09-23T19-31-23Z,2026,3,2026_03_ARI_SF,SF,ARI,2026-09-27T20:05:00Z,fanduel,player_anytime_td,anytime_td,Jeremiyah Love,,150,
2026-09-23T19-31-23Z,2026,3,2026_03_ARI_SF,SF,ARI,2026-09-27T20:05:00Z,fanduel,player_anytime_td,anytime_td,Tyler Allgeier,,185,
2026-09-23T19-31-23Z,2026,3,2026_03_ARI_SF,SF,ARI,2026-09-27T20:05:00Z,fanduel,player_anytime_td,anytime_td,Trey McBride,,195,
2026-09-23T19-31-23Z,2026,3,2026_03_ARI_SF,SF,ARI,2026-09-27T20:05:00Z,fanduel,player_anytime_td,anytime_td,George Kittle,,190,
2026-09-23T19-31-23Z,2026,3,2026_03_ARI_SF,SF,ARI,2026-09-27T20:05:00Z,fanduel,player_anytime_td,anytime_td,Deebo Samuel,,190,
2026-09-23T19-31-23Z,2026,3,2026_03_ARI_SF,SF,ARI,2026-09-27T20:05:00Z,fanduel,player_anytime_td,anytime_td,Brock Purdy,,250,
2026-09-23T19-31-23Z,2026,3,2026_03_ARI_SF,SF,ARI,2026-09-27T20:05:00Z,fanduel,player_anytime_td,anytime_td,Kaelon Black,,290,
2026-09-23T19-31-23Z,2026,3,2026_03_ARI_SF,SF,ARI,2026-09-27T20:05:00Z,fanduel,player_anytime_td,anytime_td,Michael Wilson,,300,
2026-09-23T19-31-23Z,2026,3,2026_03_ARI_SF,SF,ARI,2026-09-27T20:05:00Z,fanduel,player_anytime_td,anytime_td,Marvin Harrison Jr.,,360,
2026-09-23T19-31-23Z,2026,3,2026_03_ARI_SF,SF,ARI,2026-09-27T20:05:00Z,fanduel,player_anytime_td,anytime_td,Arizona Cardinals Defense,,650,
2026-09-23T19-31-23Z,2026,3,2026_03_ARI_SF,SF,ARI,2026-09-27T20:05:00Z,fanduel,player_anytime_td,anytime_td,Jacoby Brissett,,650,
2026-09-23T19-31-23Z,2026,3,2026_03_ARI_SF,SF,ARI,2026-09-27T20:05:00Z,fanduel,player_anytime_td,anytime_td,San Francisco 49ers Defense,,750,
2026-09-23T19-31-23Z,2026,3,2026_03_ARI_SF,SF,ARI,2026-09-27T20:05:00Z,fanduel,player_anytime_td,anytime_td,Kendrick Bourne,,750,
2026-09-23T19-31-23Z,2026,3,2026_03_ARI_SF,SF,ARI,2026-09-27T20:05:00Z,fanduel,player_anytime_td,anytime_td,Kyle Juszczyk,,750,
2026-09-23T19-31-23Z,2026,3,2026_03_ARI_SF,SF,ARI,2026-09-27T20:05:00Z,fanduel,player_anytime_td,anytime_td,Luke Farrell,,850,
2026-09-23T19-31-23Z,2026,3,2026_03_ARI_SF,SF,ARI,2026-09-27T20:05:00Z,fanduel,player_anytime_td,anytime_td,Elijah Higgins,,1300,
2026-09-23T19-31-23Z,2026,3,2026_03_ARI_SF,SF,ARI,2026-09-27T20:05:00Z,fanduel,player_anytime_td,anytime_td,Bam Knight,,3000,
2026-09-23T19-31-23Z,2026,3,2026_03_ARI_SF,SF,ARI,2026-09-27T20:05:00Z,fanduel,player_pass_yds,pass_yards,Brock Purdy,237.5,-114,-114.0
2026-09-23T19-31-23Z,2026,3,2026_03_ARI_SF,SF,ARI,2026-09-27T20:05:00Z,fanduel,player_pass_yds,pass_yards,Jacoby Brissett,225.5,-114,-114.0
2026-09-23T19-31-23Z,2026,3,2026_03_ARI_SF,SF,ARI,2026-09-27T20:05:00Z,fanduel,player_reception_yds,rec_yards,Michael Wilson,44.5,-114,-114.0
2026-09-23T19-31-23Z,2026,3,2026_03_ARI_SF,SF,ARI,2026-09-27T20:05:00Z,fanduel,player_reception_yds,rec_yards,Trey McBride,67.5,-114,-114.0
2026-09-23T19-31-23Z,2026,3,2026_03_ARI_SF,SF,ARI,2026-09-27T20:05:00Z,fanduel,player_reception_yds,rec_yards,Marvin Harrison Jr.,26.5,-114,-114.0
2026-09-23T19-31-23Z,2026,3,2026_03_ARI_SF,SF,ARI,2026-09-27T20:05:00Z,fanduel,player_receptions,rec_catches,Michael Wilson,3.5,-178,132.0
2026-09-23T19-31-23Z,2026,3,2026_03_ARI_SF,SF,ARI,2026-09-27T20:05:00Z,fanduel,player_receptions,rec_catches,Marvin Harrison Jr.,2.5,134,-180.0
2026-09-23T19-31-23Z,2026,3,2026_03_ARI_SF,SF,ARI,2026-09-27T20:05:00Z,fanduel,player_receptions,rec_catches,Trey McBride,7.5,112,-148.0
2026-09-23T19-31-23Z,2026,3,2026_03_ARI_SF,SF,ARI,2026-09-27T20:05:00Z,fanduel,player_rush_yds,rush_yards,Christian McCaffrey,54.5,-114,-114.0
2026-09-23T19-31-23Z,2026,3,2026_03_ARI_SF,SF,ARI,2026-09-27T20:05:00Z,fanduel,player_rush_yds,rush_yards,Jeremiyah Love,37.5,-114,-114.0
2026-09-23T19-31-23Z,2026,3,2026_03_ARI_SF,SF,ARI,2026-09-27T20:05:00Z,fanduel,player_rush_yds,rush_yards,Tyler Allgeier,33.5,-114,-114.0
2026-09-23T19-31-23Z,2026,3,2026_03_ARI_SF,SF,ARI,2026-09-27T20:05:00Z,betrivers,player_anytime_td,anytime_td,Jalen Brooks,,1900,
2026-09-23T19-31-23Z,2026,3,2026_03_ARI_SF,SF,ARI,2026-09-27T20:05:00Z,betrivers,player_anytime_td,anytime_td,Elijah Higgins,,1400,
2026-09-23T19-31-23Z,2026,3,2026_03_ARI_SF,SF,ARI,2026-09-27T20:05:00Z,betrivers,player_anytime_td,anytime_td,Tyler Allgeier,,145,
2026-09-23T19-31-23Z,2026,3,2026_03_ARI_SF,SF,ARI,2026-09-27T20:05:00Z,betrivers,player_anytime_td,anytime_td,Zonovan Knight,,2400,
2026-09-23T19-31-23Z,2026,3,2026_03_ARI_SF,SF,ARI,2026-09-27T20:05:00Z,betrivers,player_anytime_td,anytime_td,Simi Fehoko,,5500,
2026-09-23T19-31-23Z,2026,3,2026_03_ARI_SF,SF,ARI,2026-09-27T20:05:00Z,betrivers,player_anytime_td,anytime_td,Brayden Willis,,1100,
2026-09-23T19-31-23Z,2026,3,2026_03_ARI_SF,SF,ARI,2026-09-27T20:05:00Z,betrivers,player_anytime_td,anytime_td,Deebo Samuel,,165,
2026-09-23T19-31-23Z,2026,3,2026_03_ARI_SF,SF,ARI,2026-09-27T20:05:00Z,betrivers,player_anytime_td,anytime_td,Jacob Cowing,,750,
2026-09-23T19-31-23Z,2026,3,2026_03_ARI_SF,SF,ARI,2026-09-27T20:05:00Z,betrivers,player_anytime_td,anytime_td,Kaelon Black,,265,
2026-09-23T19-31-23Z,2026,3,2026_03_ARI_SF,SF,ARI,2026-09-27T20:05:00Z,betrivers,player_anytime_td,anytime_td,Luke Farrell,,800,
2026-09-23T19-31-23Z,2026,3,2026_03_ARI_SF,SF,ARI,2026-09-27T20:05:00Z,betrivers,player_anytime_td,anytime_td,Michael Wilson,,275,
2026-09-23T19-31-23Z,2026,3,2026_03_ARI_SF,SF,ARI,2026-09-27T20:05:00Z,betrivers,player_anytime_td,anytime_td,Trey McBride,,185,
2026-09-23T19-31-23Z,2026,3,2026_03_ARI_SF,SF,ARI,2026-09-27T20:05:00Z,betrivers,player_anytime_td,anytime_td,Christian McCaffrey,,-275,
2026-09-23T19-31-23Z,2026,3,2026_03_ARI_SF,SF,ARI,2026-09-27T20:05:00Z,betrivers,player_anytime_td,anytime_td,Brock Purdy,,285,
2026-09-23T19-31-23Z,2026,3,2026_03_ARI_SF,SF,ARI,2026-09-27T20:05:00Z,betrivers,player_anytime_td,anytime_td,Jordan Watkins,,700,
2026-09-23T19-31-23Z,2026,3,2026_03_ARI_SF,SF,ARI,2026-09-27T20:05:00Z,betrivers,player_anytime_td,anytime_td,George Kittle,,165,
2026-09-23T19-31-23Z,2026,3,2026_03_ARI_SF,SF,ARI,2026-09-27T20:05:00Z,betrivers,player_anytime_td,anytime_td,Kyle Juszczyk,,650,
2026-09-23T19-31-23Z,2026,3,2026_03_ARI_SF,SF,ARI,2026-09-27T20:05:00Z,betrivers,player_anytime_td,anytime_td,KhaDarel Hodge,,1100,
2026-09-23T19-31-23Z,2026,3,2026_03_ARI_SF,SF,ARI,2026-09-27T20:05:00Z,betrivers,player_anytime_td,anytime_td,Mike Evans,,128,
2026-09-23T19-31-23Z,2026,3,2026_03_ARI_SF,SF,ARI,2026-09-27T20:05:00Z,betrivers,player_anytime_td,anytime_td,James Jordan,,700,
2026-09-23T19-31-23Z,2026,3,2026_03_ARI_SF,SF,ARI,2026-09-27T20:05:00Z,betrivers,player_anytime_td,anytime_td,Marvin Harrison Jr.,,320,
2026-09-23T19-31-23Z,2026,3,2026_03_ARI_SF,SF,ARI,2026-09-27T20:05:00Z,betrivers,player_anytime_td,anytime_td,Jacoby Brissett,,700,
2026-09-23T19-31-23Z,2026,3,2026_03_ARI_SF,SF,ARI,2026-09-27T20:05:00Z,betrivers,player_anytime_td,anytime_td,Devin Duvernay,,2400,
2026-09-23T19-31-23Z,2026,3,2026_03_ARI_SF,SF,ARI,2026-09-27T20:05:00Z,betrivers,player_anytime_td,anytime_td,Jeremiyah Love,,130,
2026-09-23T19-31-23Z,2026,3,2026_03_ARI_SF,SF,ARI,2026-09-27T20:05:00Z,betrivers,player_anytime_td,anytime_td,Kendrick Bourne,,550,
2026-09-23T19-31-23Z,2026,3,2026_03_ARI_SF,SF,ARI,2026-09-27T20:05:00Z,betrivers,player_anytime_td,anytime_td,Hunter Long,,1600,
2026-09-23T19-31-23Z,2026,3,2026_03_ARI_SF,SF,ARI,2026-09-27T20:05:00Z,betrivers,player_pass_yds,pass_yards,Brock Purdy,240.5,-117,-114.0
2026-09-23T19-31-23Z,2026,3,2026_03_ARI_SF,SF,ARI,2026-09-27T20:05:00Z,betrivers,player_pass_yds,pass_yards,Jacoby Brissett,225.5,-117,-114.0
2026-09-23T19-31-23Z,2026,3,2026_03_ARI_SF,SF,ARI,2026-09-27T20:05:00Z,betrivers,player_reception_yds,rec_yards,Michael Wilson,44.5,-113,-118.0
2026-09-23T19-31-23Z,2026,3,2026_03_ARI_SF,SF,ARI,2026-09-27T20:05:00Z,betrivers,player_reception_yds,rec_yards,Trey McBride,66.5,-118,-113.0
2026-09-23T19-31-23Z,2026,3,2026_03_ARI_SF,SF,ARI,2026-09-27T20:05:00Z,betrivers,player_reception_yds,rec_yards,Marvin Harrison Jr.,26.5,-113,-118.0
2026-09-23T19-31-23Z,2026,3,2026_03_ARI_SF,SF,ARI,2026-09-27T20:05:00Z,betrivers,player_receptions,rec_catches,Trey McBride,7.5,107,
2026-09-23T19-31-23Z,2026,3,2026_03_ARI_SF,SF,ARI,2026-09-27T20:05:00Z,betrivers,player_receptions,rec_catches,Marvin Harrison Jr.,2.5,130,
2026-09-23T19-31-23Z,2026,3,2026_03_ARI_SF,SF,ARI,2026-09-27T20:05:00Z,betrivers,player_receptions,rec_catches,Michael Wilson,3.5,-167,
2026-09-23T19-31-23Z,2026,3,2026_03_ARI_SF,SF,ARI,2026-09-27T20:05:00Z,betrivers,player_rush_yds,rush_yards,Christian McCaffrey,54.5,-117,-114.0
2026-09-23T19-31-23Z,2026,3,2026_03_ARI_SF,SF,ARI,2026-09-27T20:05:00Z,betrivers,player_rush_yds,rush_yards,Tyler Allgeier,34.5,-118,-112.0
2026-09-23T19-31-23Z,2026,3,2026_03_ARI_SF,SF,ARI,2026-09-27T20:05:00Z,betrivers,player_rush_yds,rush_yards,Jeremiyah Love,37.5,-117,-114.0
2026-09-23T19-31-23Z,2026,3,2026_03_ARI_SF,SF,ARI,2026-09-27T20:05:00Z,betonlineag,player_anytime_td,anytime_td,Brock Purdy,,250,
2026-09-23T19-31-23Z,2026,3,2026_03_ARI_SF,SF,ARI,2026-09-27T20:05:00Z,betonlineag,player_anytime_td,anytime_td,Trey McBride,,160,
2026-09-23T19-31-23Z,2026,3,2026_03_ARI_SF,SF,ARI,2026-09-27T20:05:00Z,betonlineag,player_anytime_td,anytime_td,Kyle Juszczyk,,700,
2026-09-23T19-31-23Z,2026,3,2026_03_ARI_SF,SF,ARI,2026-09-27T20:05:00Z,betonlineag,player_anytime_td,anytime_td,George Kittle,,150,
2026-09-23T19-31-23Z,2026,3,2026_03_ARI_SF,SF,ARI,2026-09-27T20:05:00Z,betonlineag,player_anytime_td,anytime_td,Deebo Samuel,,180,
2026-09-23T19-31-23Z,2026,3,2026_03_ARI_SF,SF,ARI,2026-09-27T20:05:00Z,betonlineag,player_anytime_td,anytime_td,Simi Fehoko,,3400,
2026-09-23T19-31-23Z,2026,3,2026_03_ARI_SF,SF,ARI,2026-09-27T20:05:00Z,betonlineag,player_anytime_td,anytime_td,Jacob Cowing,,800,
2026-09-23T19-31-23Z,2026,3,2026_03_ARI_SF,SF,ARI,2026-09-27T20:05:00Z,betonlineag,player_anytime_td,anytime_td,Marvin Harrison Jr.,,300,
2026-09-23T19-31-23Z,2026,3,2026_03_ARI_SF,SF,ARI,2026-09-27T20:05:00Z,betonlineag,player_anytime_td,anytime_td,Brayden Willis,,2400,
2026-09-23T19-31-23Z,2026,3,2026_03_ARI_SF,SF,ARI,2026-09-27T20:05:00Z,betonlineag,player_anytime_td,anytime_td,Christian McCaffrey,,-333,
2026-09-23T19-31-23Z,2026,3,2026_03_ARI_SF,SF,ARI,2026-09-27T20:05:00Z,betonlineag,player_anytime_td,anytime_td,Michael Wilson,,250,
2026-09-23T19-31-23Z,2026,3,2026_03_ARI_SF,SF,ARI,2026-09-27T20:05:00Z,betonlineag,player_anytime_td,anytime_td,Luke Farrell,,800,
2026-09-23T19-31-23Z,2026,3,2026_03_ARI_SF,SF,ARI,2026-09-27T20:05:00Z,betonlineag,player_anytime_td,anytime_td,Elijah Higgins,,1300,
2026-09-23T19-31-23Z,2026,3,2026_03_ARI_SF,SF,ARI,2026-09-27T20:05:00Z,betonlineag,player_anytime_td,anytime_td,Jacoby Brissett,,650,
2026-09-23T19-31-23Z,2026,3,2026_03_ARI_SF,SF,ARI,2026-09-27T20:05:00Z,betonlineag,player_anytime_td,anytime_td,Demarcus Robinson,,260,
2026-09-23T19-31-23Z,2026,3,2026_03_ARI_SF,SF,ARI,2026-09-27T20:05:00Z,betonlineag,player_anytime_td,anytime_td,James Jordan,,900,
2026-09-23T19-31-23Z,2026,3,2026_03_ARI_SF,SF,ARI,2026-09-27T20:05:00Z,betonlineag,player_anytime_td,anytime_td,Jordan Watkins,,800,
2026-09-23T19-31-23Z,2026,3,2026_03_ARI_SF,SF,ARI,2026-09-27T20:05:00Z,betonlineag,player_anytime_td,anytime_td,Jeremiyah Love,,120,
2026-09-23T19-31-23Z,2026,3,2026_03_ARI_SF,SF,ARI,2026-09-27T20:05:00Z,betonlineag,player_anytime_td,anytime_td,Devin Duvernay,,2400,
2026-09-23T19-31-23Z,2026,3,2026_03_ARI_SF,SF,ARI,2026-09-27T20:05:00Z,betonlineag,player_anytime_td,anytime_td,Zonovan Knight,,1000,
2026-09-23T19-31-23Z,2026,3,2026_03_ARI_SF,SF,ARI,2026-09-27T20:05:00Z,betonlineag,player_anytime_td,anytime_td,Kendrick Bourne,,450,
2026-09-23T19-31-23Z,2026,3,2026_03_ARI_SF,SF,ARI,2026-09-27T20:05:00Z,betonlineag,player_anytime_td,anytime_td,Mike Evans,,140,
2026-09-23T19-31-23Z,2026,3,2026_03_ARI_SF,SF,ARI,2026-09-27T20:05:00Z,betonlineag,player_anytime_td,anytime_td,Tyler Allgeier,,180,
2026-09-23T19-31-23Z,2026,3,2026_03_ARI_SF,SF,ARI,2026-09-27T20:05:00Z,betonlineag,player_anytime_td,anytime_td,Jalen Brooks,,2900,
2026-09-23T19-31-23Z,2026,3,2026_03_ARI_SF,SF,ARI,2026-09-27T20:05:00Z,betonlineag,player_anytime_td,anytime_td,Kaelon Black,,210,
2026-09-23T19-31-23Z,2026,3,2026_03_ARI_SF,SF,ARI,2026-09-27T20:05:00Z,betonlineag,player_anytime_td,anytime_td,KhaDarel Hodge,,1100,
2026-09-23T19-31-23Z,2026,3,2026_03_ARI_SF,SF,ARI,2026-09-27T20:05:00Z,betonlineag,player_pass_yds,pass_yards,Jacoby Brissett,225.5,-114,-114.0
2026-09-23T19-31-23Z,2026,3,2026_03_ARI_SF,SF,ARI,2026-09-27T20:05:00Z,betonlineag,player_reception_yds,rec_yards,Michael Wilson,44.5,-114,-114.0
2026-09-23T19-31-23Z,2026,3,2026_03_ARI_SF,SF,ARI,2026-09-27T20:05:00Z,betonlineag,player_reception_yds,rec_yards,Marvin Harrison Jr.,27.5,-114,-114.0
2026-09-23T19-31-23Z,2026,3,2026_03_ARI_SF,SF,ARI,2026-09-27T20:05:00Z,betonlineag,player_reception_yds,rec_yards,Trey McBride,65.5,-116,-111.0
2026-09-23T19-31-23Z,2026,3,2026_03_ARI_SF,SF,ARI,2026-09-27T20:05:00Z,betonlineag,player_receptions,rec_catches,Michael Wilson,3.5,-169,129.0
2026-09-23T19-31-23Z,2026,3,2026_03_ARI_SF,SF,ARI,2026-09-27T20:05:00Z,betonlineag,player_receptions,rec_catches,Trey McBride,6.5,-130,100.0
2026-09-23T19-31-23Z,2026,3,2026_03_ARI_SF,SF,ARI,2026-09-27T20:05:00Z,betonlineag,player_receptions,rec_catches,Marvin Harrison Jr.,2.5,136,-179.0
2026-09-23T19-31-23Z,2026,3,2026_03_ARI_SF,SF,ARI,2026-09-27T20:05:00Z,betonlineag,player_rush_yds,rush_yards,Jeremiyah Love,37.5,-114,-114.0
2026-09-23T19-31-23Z,2026,3,2026_03_ARI_SF,SF,ARI,2026-09-27T20:05:00Z,betonlineag,player_rush_yds,rush_yards,Tyler Allgeier,32.5,-112,-115.0
2026-09-23T19-31-23Z,2026,3,2026_03_ARI_SF,SF,ARI,2026-09-27T20:05:00Z,betonlineag,player_rush_yds,rush_yards,Christian McCaffrey,54.5,-114,-114.0
2026-09-23T19-31-23Z,2026,3,2026_03_ARI_SF,SF,ARI,2026-09-27T20:05:00Z,betmgm,player_anytime_td,anytime_td,Christian McCaffrey,,-275,
2026-09-23T19-31-23Z,2026,3,2026_03_ARI_SF,SF,ARI,2026-09-27T20:05:00Z,betmgm,player_anytime_td,anytime_td,Deebo Samuel,,175,
2026-09-23T19-31-23Z,2026,3,2026_03_ARI_SF,SF,ARI,2026-09-27T20:05:00Z,betmgm,player_anytime_td,anytime_td,Kyle Juszczyk,,475,
2026-09-23T19-31-23Z,2026,3,2026_03_ARI_SF,SF,ARI,2026-09-27T20:05:00Z,betmgm,player_anytime_td,anytime_td,Brock Purdy,,300,
2026-09-23T19-31-23Z,2026,3,2026_03_ARI_SF,SF,ARI,2026-09-27T20:05:00Z,betmgm,player_anytime_td,anytime_td,Trey McBride,,150,
2026-09-23T19-31-23Z,2026,3,2026_03_ARI_SF,SF,ARI,2026-09-27T20:05:00Z,betmgm,player_anytime_td,anytime_td,Michael Wilson,,250,
2026-09-23T19-31-23Z,2026,3,2026_03_ARI_SF,SF,ARI,2026-09-27T20:05:00Z,betmgm,player_anytime_td,anytime_td,Jacob Cowing,,600,
2026-09-23T19-31-23Z,2026,3,2026_03_ARI_SF,SF,ARI,2026-09-27T20:05:00Z,betmgm,player_anytime_td,anytime_td,Arizona Cardinals D/ST,,600,
2026-09-23T19-31-23Z,2026,3,2026_03_ARI_SF,SF,ARI,2026-09-27T20:05:00Z,betmgm,player_anytime_td,anytime_td,Zonovan Knight,,2800,
2026-09-23T19-31-23Z,2026,3,2026_03_ARI_SF,SF,ARI,2026-09-27T20:05:00Z,betmgm,player_anytime_td,anytime_td,Luke Farrell,,600,
2026-09-23T19-31-23Z,2026,3,2026_03_ARI_SF,SF,ARI,2026-09-27T20:05:00Z,betmgm,player_anytime_td,anytime_td,Kendrick Bourne,,400,
2026-09-23T19-31-23Z,2026,3,2026_03_ARI_SF,SF,ARI,2026-09-27T20:05:00Z,betmgm,player_anytime_td,anytime_td,George Kittle,,145,
2026-09-23T19-31-23Z,2026,3,2026_03_ARI_SF,SF,ARI,2026-09-27T20:05:00Z,betmgm,player_anytime_td,anytime_td,Mike Evans,,110,
2026-09-23T19-31-23Z,2026,3,2026_03_ARI_SF,SF,ARI,2026-09-27T20:05:00Z,betmgm,player_anytime_td,anytime_td,Jacoby Brissett,,750,
2026-09-23T19-31-23Z,2026,3,2026_03_ARI_SF,SF,ARI,2026-09-27T20:05:00Z,betmgm,player_anytime_td,anytime_td,Tyler Allgeier,,175,
2026-09-23T19-31-23Z,2026,3,2026_03_ARI_SF,SF,ARI,2026-09-27T20:05:00Z,betmgm,player_anytime_td,anytime_td,San Francisco 49ers D/ST,,425,
2026-09-23T19-31-23Z,2026,3,2026_03_ARI_SF,SF,ARI,2026-09-27T20:05:00Z,betmgm,player_anytime_td,anytime_td,Jeremiyah Love,,135,
2026-09-23T19-31-23Z,2026,3,2026_03_ARI_SF,SF,ARI,2026-09-27T20:05:00Z,betmgm,player_anytime_td,anytime_td,Marvin Harrison Jr.,,360,
2026-09-23T19-31-23Z,2026,3,2026_03_ARI_SF,SF,ARI,2026-09-27T20:05:00Z,betmgm,player_anytime_td,anytime_td,Kaelon Black,,210,
2026-09-23T19-31-23Z,2026,3,2026_03_ARI_SF,SF,ARI,2026-09-27T20:05:00Z,betmgm,player_anytime_td,anytime_td,Brayden Willis,,1600,
2026-09-23T19-31-23Z,2026,3,2026_03_ARI_SF,SF,ARI,2026-09-27T20:05:00Z,betmgm,player_anytime_td,anytime_td,KhaDarel Hodge,,1050,
2026-09-23T19-31-23Z,2026,3,2026_03_ARI_SF,SF,ARI,2026-09-27T20:05:00Z,betmgm,player_anytime_td,anytime_td,Hunter Long,,1600,
2026-09-23T19-31-23Z,2026,3,2026_03_ARI_SF,SF,ARI,2026-09-27T20:05:00Z,betmgm,player_anytime_td,anytime_td,Elijah Higgins,,1500,
2026-09-23T19-31-23Z,2026,3,2026_03_MIN_TB,TB,MIN,2026-09-27T20:05:00Z,draftkings,player_anytime_td,anytime_td,Aaron Jones,,-125,
2026-09-23T19-31-23Z,2026,3,2026_03_MIN_TB,TB,MIN,2026-09-27T20:05:00Z,draftkings,player_anytime_td,anytime_td,Bucky Irving,,115,
2026-09-23T19-31-23Z,2026,3,2026_03_MIN_TB,TB,MIN,2026-09-27T20:05:00Z,draftkings,player_anytime_td,anytime_td,Justin Jefferson,,160,
2026-09-23T19-31-23Z,2026,3,2026_03_MIN_TB,TB,MIN,2026-09-27T20:05:00Z,draftkings,player_anytime_td,anytime_td,Emeka Egbuka,,235,
2026-09-23T19-31-23Z,2026,3,2026_03_MIN_TB,TB,MIN,2026-09-27T20:05:00Z,draftkings,player_anytime_td,anytime_td,Kenny Gainwell,,265,
2026-09-23T19-31-23Z,2026,3,2026_03_MIN_TB,TB,MIN,2026-09-27T20:05:00Z,draftkings,player_anytime_td,anytime_td,T.J. Hockenson,,280,
2026-09-23T19-31-23Z,2026,3,2026_03_MIN_TB,TB,MIN,2026-09-27T20:05:00Z,draftkings,player_anytime_td,anytime_td,Kyler Murray,,280,
2026-09-23T19-31-23Z,2026,3,2026_03_MIN_TB,TB,MIN,2026-09-27T20:05:00Z,draftkings,player_anytime_td,anytime_td,Jordan Addison,,290,
2026-09-23T19-31-23Z,2026,3,2026_03_MIN_TB,TB,MIN,2026-09-27T20:05:00Z,draftkings,player_anytime_td,anytime_td,Chris Godwin,,320,
2026-09-23T19-31-23Z,2026,3,2026_03_MIN_TB,TB,MIN,2026-09-27T20:05:00Z,draftkings,player_anytime_td,anytime_td,Cade Otton,,370,
2026-09-23T19-31-23Z,2026,3,2026_03_MIN_TB,TB,MIN,2026-09-27T20:05:00Z,draftkings,player_anytime_td,anytime_td,Ted Hurst III,,400,
2026-09-23T19-31-23Z,2026,3,2026_03_MIN_TB,TB,MIN,2026-09-27T20:05:00Z,draftkings,player_anytime_td,anytime_td,Jalen McMillan,,500,
2026-09-23T19-31-23Z,2026,3,2026_03_MIN_TB,TB,MIN,2026-09-27T20:05:00Z,draftkings,player_anytime_td,anytime_td,Minnesota Vikings D/ST,,550,
2026-09-23T19-31-23Z,2026,3,2026_03_MIN_TB,TB,MIN,2026-09-27T20:05:00Z,draftkings,player_anytime_td,anytime_td,Tampa Bay Buccaneers D/ST,,600,
2026-09-23T19-31-23Z,2026,3,2026_03_MIN_TB,TB,MIN,2026-09-27T20:05:00Z,draftkings,player_anytime_td,anytime_td,Baker Mayfield,,600,
2026-09-23T19-31-23Z,2026,3,2026_03_MIN_TB,TB,MIN,2026-09-27T20:05:00Z,draftkings,player_anytime_td,anytime_td,Josh Oliver,,700,
2026-09-23T19-31-23Z,2026,3,2026_03_MIN_TB,TB,MIN,2026-09-27T20:05:00Z,draftkings,player_anytime_td,anytime_td,Jauan Jennings,,700,
2026-09-23T19-31-23Z,2026,3,2026_03_MIN_TB,TB,MIN,2026-09-27T20:05:00Z,draftkings,player_anytime_td,anytime_td,Myles Price,,1500,
2026-09-23T19-31-23Z,2026,3,2026_03_MIN_TB,TB,MIN,2026-09-27T20:05:00Z,draftkings,player_anytime_td,anytime_td,Payne Durham,,2200,
2026-09-23T19-31-23Z,2026,3,2026_03_MIN_TB,TB,MIN,2026-09-27T20:05:00Z,draftkings,player_anytime_td,anytime_td,Bauer Sharp,,3500,
2026-09-23T19-31-23Z,2026,3,2026_03_MIN_TB,TB,MIN,2026-09-27T20:05:00Z,draftkings,player_pass_yds,pass_yards,Baker Mayfield,216.5,-113,-111.0
2026-09-23T19-31-23Z,2026,3,2026_03_MIN_TB,TB,MIN,2026-09-27T20:05:00Z,draftkings,player_pass_yds,pass_yards,Kyler Murray,208.5,-112,-112.0
2026-09-23T19-31-23Z,2026,3,2026_03_MIN_TB,TB,MIN,2026-09-27T20:05:00Z,draftkings,player_reception_yds,rec_yards,Justin Jefferson,69.5,-111,-113.0
2026-09-23T19-31-23Z,2026,3,2026_03_MIN_TB,TB,MIN,2026-09-27T20:05:00Z,draftkings,player_reception_yds,rec_yards,Emeka Egbuka,46.5,-114,-110.0
2026-09-23T19-31-23Z,2026,3,2026_03_MIN_TB,TB,MIN,2026-09-27T20:05:00Z,draftkings,player_reception_yds,rec_yards,Chris Godwin,34.5,-113,-111.0
2026-09-23T19-31-23Z,2026,3,2026_03_MIN_TB,TB,MIN,2026-09-27T20:05:00Z,draftkings,player_reception_yds,rec_yards,Jordan Addison,33.5,-115,-109.0
2026-09-23T19-31-23Z,2026,3,2026_03_MIN_TB,TB,MIN,2026-09-27T20:05:00Z,draftkings,player_reception_yds,rec_yards,T.J. Hockenson,31.5,-114,-110.0
2026-09-23T19-31-23Z,2026,3,2026_03_MIN_TB,TB,MIN,2026-09-27T20:05:00Z,draftkings,player_reception_yds,rec_yards,Cade Otton,26.5,-113,-111.0
2026-09-23T19-31-23Z,2026,3,2026_03_MIN_TB,TB,MIN,2026-09-27T20:05:00Z,draftkings,player_receptions,rec_catches,Justin Jefferson,5.5,-120,-106.0
2026-09-23T19-31-23Z,2026,3,2026_03_MIN_TB,TB,MIN,2026-09-27T20:05:00Z,draftkings,player_receptions,rec_catches,Emeka Egbuka,3.5,-162,127.0
2026-09-23T19-31-23Z,2026,3,2026_03_MIN_TB,TB,MIN,2026-09-27T20:05:00Z,draftkings,player_receptions,rec_catches,T.J. Hockenson,3.5,-116,-110.0
2026-09-23T19-31-23Z,2026,3,2026_03_MIN_TB,TB,MIN,2026-09-27T20:05:00Z,draftkings,player_receptions,rec_catches,Chris Godwin,3.5,120,-153.0
2026-09-23T19-31-23Z,2026,3,2026_03_MIN_TB,TB,MIN,2026-09-27T20:05:00Z,draftkings,player_receptions,rec_catches,Cade Otton,2.5,-172,134.0
2026-09-23T19-31-23Z,2026,3,2026_03_MIN_TB,TB,MIN,2026-09-27T20:05:00Z,draftkings,player_receptions,rec_catches,Jordan Addison,2.5,-151,118.0
2026-09-23T19-31-23Z,2026,3,2026_03_MIN_TB,TB,MIN,2026-09-27T20:05:00Z,draftkings,player_rush_yds,rush_yards,Bucky Irving,53.5,-112,-112.0
2026-09-23T19-31-23Z,2026,3,2026_03_MIN_TB,TB,MIN,2026-09-27T20:05:00Z,draftkings,player_rush_yds,rush_yards,Kyler Murray,21.5,-112,-112.0
2026-09-23T19-31-23Z,2026,3,2026_03_MIN_TB,TB,MIN,2026-09-27T20:05:00Z,draftkings,player_rush_yds,rush_yards,Baker Mayfield,17.5,-117,-107.0
2026-09-23T19-31-23Z,2026,3,2026_03_MIN_TB,TB,MIN,2026-09-27T20:05:00Z,fanduel,player_anytime_td,anytime_td,Aaron Jones,,-125,
2026-09-23T19-31-23Z,2026,3,2026_03_MIN_TB,TB,MIN,2026-09-27T20:05:00Z,fanduel,player_anytime_td,anytime_td,Bucky Irving,,125,
2026-09-23T19-31-23Z,2026,3,2026_03_MIN_TB,TB,MIN,2026-09-27T20:05:00Z,fanduel,player_anytime_td,anytime_td,Justin Jefferson,,150,
2026-09-23T19-31-23Z,2026,3,2026_03_MIN_TB,TB,MIN,2026-09-27T20:05:00Z,fanduel,player_anytime_td,anytime_td,Emeka Egbuka,,230,
2026-09-23T19-31-23Z,2026,3,2026_03_MIN_TB,TB,MIN,2026-09-27T20:05:00Z,fanduel,player_anytime_td,anytime_td,Jordan Addison,,250,
2026-09-23T19-31-23Z,2026,3,2026_03_MIN_TB,TB,MIN,2026-09-27T20:05:00Z,fanduel,player_anytime_td,anytime_td,Kenny Gainwell,,270,
2026-09-23T19-31-23Z,2026,3,2026_03_MIN_TB,TB,MIN,2026-09-27T20:05:00Z,fanduel,player_anytime_td,anytime_td,T.J. Hockenson,,300,
2026-09-23T19-31-23Z,2026,3,2026_03_MIN_TB,TB,MIN,2026-09-27T20:05:00Z,fanduel,player_anytime_td,anytime_td,Chris Godwin,,320,
2026-09-23T19-31-23Z,2026,3,2026_03_MIN_TB,TB,MIN,2026-09-27T20:05:00Z,fanduel,player_anytime_td,anytime_td,Kyler Murray,,340,
2026-09-23T19-31-23Z,2026,3,2026_03_MIN_TB,TB,MIN,2026-09-27T20:05:00Z,fanduel,player_anytime_td,anytime_td,Ted Hurst III,,370,
2026-09-23T19-31-23Z,2026,3,2026_03_MIN_TB,TB,MIN,2026-09-27T20:05:00Z,fanduel,player_anytime_td,anytime_td,Cade Otton,,380,
2026-09-23T19-31-23Z,2026,3,2026_03_MIN_TB,TB,MIN,2026-09-27T20:05:00Z,fanduel,player_anytime_td,anytime_td,Jalen McMillan,,440,
2026-09-23T19-31-23Z,2026,3,2026_03_MIN_TB,TB,MIN,2026-09-27T20:05:00Z,fanduel,player_anytime_td,anytime_td,Jauan Jennings,,550,
2026-09-23T19-31-23Z,2026,3,2026_03_MIN_TB,TB,MIN,2026-09-27T20:05:00Z,fanduel,player_anytime_td,anytime_td,Josh Oliver,,550,
2026-09-23T19-31-23Z,2026,3,2026_03_MIN_TB,TB,MIN,2026-09-27T20:05:00Z,fanduel,player_anytime_td,anytime_td,Baker Mayfield,,650,
2026-09-23T19-31-23Z,2026,3,2026_03_MIN_TB,TB,MIN,2026-09-27T20:05:00Z,fanduel,player_anytime_td,anytime_td,Minnesota Vikings Defense,,700,
2026-09-23T19-31-23Z,2026,3,2026_03_MIN_TB,TB,MIN,2026-09-27T20:05:00Z,fanduel,player_anytime_td,anytime_td,Tampa Bay Buccaneers Defense,,700,
2026-09-23T19-31-23Z,2026,3,2026_03_MIN_TB,TB,MIN,2026-09-27T20:05:00Z,fanduel,player_anytime_td,anytime_td,Myles Price,,1600,
2026-09-23T19-31-23Z,2026,3,2026_03_MIN_TB,TB,MIN,2026-09-27T20:05:00Z,fanduel,player_anytime_td,anytime_td,Payne Durham,,2000,
2026-09-23T19-31-23Z,2026,3,2026_03_MIN_TB,TB,MIN,2026-09-27T20:05:00Z,fanduel,player_pass_yds,pass_yards,Baker Mayfield,216.5,-114,-114.0
2026-09-23T19-31-23Z,2026,3,2026_03_MIN_TB,TB,MIN,2026-09-27T20:05:00Z,fanduel,player_pass_yds,pass_yards,Kyler Murray,209.5,-114,-114.0
2026-09-23T19-31-23Z,2026,3,2026_03_MIN_TB,TB,MIN,2026-09-27T20:05:00Z,fanduel,player_reception_yds,rec_yards,Justin Jefferson,68.5,-114,-114.0
2026-09-23T19-31-23Z,2026,3,2026_03_MIN_TB,TB,MIN,2026-09-27T20:05:00Z,fanduel,player_reception_yds,rec_yards,T.J. Hockenson,30.5,-114,-114.0
2026-09-23T19-31-23Z,2026,3,2026_03_MIN_TB,TB,MIN,2026-09-27T20:05:00Z,fanduel,player_reception_yds,rec_yards,Emeka Egbuka,48.5,-114,-114.0
2026-09-23T19-31-23Z,2026,3,2026_03_MIN_TB,TB,MIN,2026-09-27T20:05:00Z,fanduel,player_reception_yds,rec_yards,Jordan Addison,32.5,-114,-114.0
2026-09-23T19-31-23Z,2026,3,2026_03_MIN_TB,TB,MIN,2026-09-27T20:05:00Z,fanduel,player_reception_yds,rec_yards,Chris Godwin,35.5,-114,-114.0
2026-09-23T19-31-23Z,2026,3,2026_03_MIN_TB,TB,MIN,2026-09-27T20:05:00Z,fanduel,player_reception_yds,rec_yards,Cade Otton,27.5,-114,-114.0
2026-09-23T19-31-23Z,2026,3,2026_03_MIN_TB,TB,MIN,2026-09-27T20:05:00Z,fanduel,player_receptions,rec_catches,Chris Godwin,3.5,120,-160.0
2026-09-23T19-31-23Z,2026,3,2026_03_MIN_TB,TB,MIN,2026-09-27T20:05:00Z,fanduel,player_receptions,rec_catches,Jordan Addison,2.5,-160,120.0
2026-09-23T19-31-23Z,2026,3,2026_03_MIN_TB,TB,MIN,2026-09-27T20:05:00Z,fanduel,player_receptions,rec_catches,Emeka Egbuka,4.5,118,-158.0
2026-09-23T19-31-23Z,2026,3,2026_03_MIN_TB,TB,MIN,2026-09-27T20:05:00Z,fanduel,player_receptions,rec_catches,T.J. Hockenson,3.5,-112,-118.0
2026-09-23T19-31-23Z,2026,3,2026_03_MIN_TB,TB,MIN,2026-09-27T20:05:00Z,fanduel,player_receptions,rec_catches,Justin Jefferson,5.5,-132,100.0
2026-09-23T19-31-23Z,2026,3,2026_03_MIN_TB,TB,MIN,2026-09-27T20:05:00Z,fanduel,player_receptions,rec_catches,Cade Otton,3.5,134,-180.0
2026-09-23T19-31-23Z,2026,3,2026_03_MIN_TB,TB,MIN,2026-09-27T20:05:00Z,fanduel,player_rush_yds,rush_yards,Bucky Irving,57.5,-114,-114.0
2026-09-23T19-31-23Z,2026,3,2026_03_MIN_TB,TB,MIN,2026-09-27T20:05:00Z,fanduel,player_rush_yds,rush_yards,Kyler Murray,20.5,-114,-114.0
2026-09-23T19-31-23Z,2026,3,2026_03_MIN_TB,TB,MIN,2026-09-27T20:05:00Z,fanduel,player_rush_yds,rush_yards,Baker Mayfield,16.5,-114,-114.0
2026-09-23T19-31-23Z,2026,3,2026_03_MIN_TB,TB,MIN,2026-09-27T20:05:00Z,betrivers,player_anytime_td,anytime_td,Ko Kieft,,1900,
2026-09-23T19-31-23Z,2026,3,2026_03_MIN_TB,TB,MIN,2026-09-27T20:05:00Z,betrivers,player_anytime_td,anytime_td,Kenny Gainwell,,215,
2026-09-23T19-31-23Z,2026,3,2026_03_MIN_TB,TB,MIN,2026-09-27T20:05:00Z,betrivers,player_anytime_td,anytime_td,Payne Durham,,2200,
2026-09-23T19-31-23Z,2026,3,2026_03_MIN_TB,TB,MIN,2026-09-27T20:05:00Z,betrivers,player_anytime_td,anytime_td,Emeka Egbuka,,205,
2026-09-23T19-31-23Z,2026,3,2026_03_MIN_TB,TB,MIN,2026-09-27T20:05:00Z,betrivers,player_anytime_td,anytime_td,Demond Claiborne,,320,
2026-09-23T19-31-23Z,2026,3,2026_03_MIN_TB,TB,MIN,2026-09-27T20:05:00Z,betrivers,player_anytime_td,anytime_td,DeeJay Dallas,,500,
2026-09-23T19-31-23Z,2026,3,2026_03_MIN_TB,TB,MIN,2026-09-27T20:05:00Z,betrivers,player_anytime_td,anytime_td,Sean Tucker,,550,
2026-09-23T19-31-23Z,2026,3,2026_03_MIN_TB,TB,MIN,2026-09-27T20:05:00Z,betrivers,player_anytime_td,anytime_td,Bucky Irving,,102,
2026-09-23T19-31-23Z,2026,3,2026_03_MIN_TB,TB,MIN,2026-09-27T20:05:00Z,betrivers,player_anytime_td,anytime_td,Jalen McMillan,,460,
2026-09-23T19-31-23Z,2026,3,2026_03_MIN_TB,TB,MIN,2026-09-27T20:05:00Z,betrivers,player_anytime_td,anytime_td,T.J. Hockenson,,280,
2026-09-23T19-31-23Z,2026,3,2026_03_MIN_TB,TB,MIN,2026-09-27T20:05:00Z,betrivers,player_anytime_td,anytime_td,Tez Johnson,,750,
2026-09-23T19-31-23Z,2026,3,2026_03_MIN_TB,TB,MIN,2026-09-27T20:05:00Z,betrivers,player_anytime_td,anytime_td,Jordan Addison,,275,
2026-09-23T19-31-23Z,2026,3,2026_03_MIN_TB,TB,MIN,2026-09-27T20:05:00Z,betrivers,player_anytime_td,anytime_td,Myles Price,,1400,
2026-09-23T19-31-23Z,2026,3,2026_03_MIN_TB,TB,MIN,2026-09-27T20:05:00Z,betrivers,player_anytime_td,anytime_td,Justin Jefferson,,155,
2026-09-23T19-31-23Z,2026,3,2026_03_MIN_TB,TB,MIN,2026-09-27T20:05:00Z,betrivers,player_anytime_td,anytime_td,Tai Felton,,1400,
2026-09-23T19-31-23Z,2026,3,2026_03_MIN_TB,TB,MIN,2026-09-27T20:05:00Z,betrivers,player_anytime_td,anytime_td,Aaron Jones,,-121,
2026-09-23T19-31-23Z,2026,3,2026_03_MIN_TB,TB,MIN,2026-09-27T20:05:00Z,betrivers,player_anytime_td,anytime_td,Cade Otton,,370,
2026-09-23T19-31-23Z,2026,3,2026_03_MIN_TB,TB,MIN,2026-09-27T20:05:00Z,betrivers,player_anytime_td,anytime_td,Ted Hurst III,,460,
2026-09-23T19-31-23Z,2026,3,2026_03_MIN_TB,TB,MIN,2026-09-27T20:05:00Z,betrivers,player_anytime_td,anytime_td,Bauer Sharp,,1800,
2026-09-23T19-31-23Z,2026,3,2026_03_MIN_TB,TB,MIN,2026-09-27T20:05:00Z,betrivers,player_anytime_td,anytime_td,Chris Godwin,,270,
2026-09-23T19-31-23Z,2026,3,2026_03_MIN_TB,TB,MIN,2026-09-27T20:05:00Z,betrivers,player_anytime_td,anytime_td,Kyler Murray,,340,
2026-09-23T19-31-23Z,2026,3,2026_03_MIN_TB,TB,MIN,2026-09-27T20:05:00Z,betrivers,player_anytime_td,anytime_td,Baker Mayfield,,500,
2026-09-23T19-31-23Z,2026,3,2026_03_MIN_TB,TB,MIN,2026-09-27T20:05:00Z,betrivers,player_anytime_td,anytime_td,Kameron Johnson,,2200,
2026-09-23T19-31-23Z,2026,3,2026_03_MIN_TB,TB,MIN,2026-09-27T20:05:00Z,betrivers,player_anytime_td,anytime_td,Josh Oliver,,650,
2026-09-23T19-31-23Z,2026,3,2026_03_MIN_TB,TB,MIN,2026-09-27T20:05:00Z,betrivers,player_anytime_td,anytime_td,Max Bredeson,,2400,
2026-09-23T19-31-23Z,2026,3,2026_03_MIN_TB,TB,MIN,2026-09-27T20:05:00Z,betrivers,player_anytime_td,anytime_td,Gavin Bartholomew,,3000,
2026-09-23T19-31-23Z,2026,3,2026_03_MIN_TB,TB,MIN,2026-09-27T20:05:00Z,betrivers,player_anytime_td,anytime_td,Jauan Jennings,,480,
2026-09-23T19-31-23Z,2026,3,2026_03_MIN_TB,TB,MIN,2026-09-27T20:05:00Z,betrivers,player_pass_yds,pass_yards,Baker Mayfield,216.5,-117,-114.0
2026-09-23T19-31-23Z,2026,3,2026_03_MIN_TB,TB,MIN,2026-09-27T20:05:00Z,betrivers,player_pass_yds,pass_yards,Kyler Murray,207.5,-114,-117.0
2026-09-23T19-31-23Z,2026,3,2026_03_MIN_TB,TB,MIN,2026-09-27T20:05:00Z,betrivers,player_reception_yds,rec_yards,Chris Godwin,35.5,-117,-113.0
2026-09-23T19-31-23Z,2026,3,2026_03_MIN_TB,TB,MIN,2026-09-27T20:05:00Z,betrivers,player_reception_yds,rec_yards,Justin Jefferson,70.5,-114,-117.0
2026-09-23T19-31-23Z,2026,3,2026_03_MIN_TB,TB,MIN,2026-09-27T20:05:00Z,betrivers,player_reception_yds,rec_yards,T.J. Hockenson,30.5,-112,-120.0
2026-09-23T19-31-23Z,2026,3,2026_03_MIN_TB,TB,MIN,2026-09-27T20:05:00Z,betrivers,player_reception_yds,rec_yards,Jordan Addison,32.5,-118,-113.0
2026-09-23T19-31-23Z,2026,3,2026_03_MIN_TB,TB,MIN,2026-09-27T20:05:00Z,betrivers,player_reception_yds,rec_yards,Emeka Egbuka,48.5,-117,-114.0
2026-09-23T19-31-23Z,2026,3,2026_03_MIN_TB,TB,MIN,2026-09-27T20:05:00Z,betrivers,player_reception_yds,rec_yards,Cade Otton,28.5,-118,-112.0
2026-09-23T19-31-23Z,2026,3,2026_03_MIN_TB,TB,MIN,2026-09-27T20:05:00Z,betrivers,player_receptions,rec_catches,T.J. Hockenson,3.5,-117,
2026-09-23T19-31-23Z,2026,3,2026_03_MIN_TB,TB,MIN,2026-09-27T20:05:00Z,betrivers,player_receptions,rec_catches,Emeka Egbuka,4.5,125,
2026-09-23T19-31-23Z,2026,3,2026_03_MIN_TB,TB,MIN,2026-09-27T20:05:00Z,betrivers,player_receptions,rec_catches,Justin Jefferson,5.5,-143,
2026-09-23T19-31-23Z,2026,3,2026_03_MIN_TB,TB,MIN,2026-09-27T20:05:00Z,betrivers,player_receptions,rec_catches,Jordan Addison,2.5,-157,
2026-09-23T19-31-23Z,2026,3,2026_03_MIN_TB,TB,MIN,2026-09-27T20:05:00Z,betrivers,player_receptions,rec_catches,Chris Godwin,3.5,118,
2026-09-23T19-31-23Z,2026,3,2026_03_MIN_TB,TB,MIN,2026-09-27T20:05:00Z,betrivers,player_receptions,rec_catches,Cade Otton,3.5,135,
2026-09-23T19-31-23Z,2026,3,2026_03_MIN_TB,TB,MIN,2026-09-27T20:05:00Z,betrivers,player_rush_yds,rush_yards,Bucky Irving,56.5,-115,-115.0
2026-09-23T19-31-23Z,2026,3,2026_03_MIN_TB,TB,MIN,2026-09-27T20:05:00Z,betrivers,player_rush_yds,rush_yards,Kyler Murray,20.5,-110,-121.0
2026-09-23T19-31-23Z,2026,3,2026_03_MIN_TB,TB,MIN,2026-09-27T20:05:00Z,betrivers,player_rush_yds,rush_yards,Baker Mayfield,16.5,-115,-114.0
2026-09-23T19-31-23Z,2026,3,2026_03_MIN_TB,TB,MIN,2026-09-27T20:05:00Z,betonlineag,player_anytime_td,anytime_td,Chris Godwin,,300,
2026-09-23T19-31-23Z,2026,3,2026_03_MIN_TB,TB,MIN,2026-09-27T20:05:00Z,betonlineag,player_anytime_td,anytime_td,Justin Jefferson,,110,
2026-09-23T19-31-23Z,2026,3,2026_03_MIN_TB,TB,MIN,2026-09-27T20:05:00Z,betonlineag,player_anytime_td,anytime_td,Cade Otton,,250,
2026-09-23T19-31-23Z,2026,3,2026_03_MIN_TB,TB,MIN,2026-09-27T20:05:00Z,betonlineag,player_anytime_td,anytime_td,Ko Kieft,,2400,
2026-09-23T19-31-23Z,2026,3,2026_03_MIN_TB,TB,MIN,2026-09-27T20:05:00Z,betonlineag,player_anytime_td,anytime_td,Jordan Addison,,250,
2026-09-23T19-31-23Z,2026,3,2026_03_MIN_TB,TB,MIN,2026-09-27T20:05:00Z,betonlineag,player_anytime_td,anytime_td,T.J. Hockenson,,200,
2026-09-23T19-31-23Z,2026,3,2026_03_MIN_TB,TB,MIN,2026-09-27T20:05:00Z,betonlineag,player_anytime_td,anytime_td,Baker Mayfield,,450,
2026-09-23T19-31-23Z,2026,3,2026_03_MIN_TB,TB,MIN,2026-09-27T20:05:00Z,betonlineag,player_anytime_td,anytime_td,Bucky Irving,,-111,
2026-09-23T19-31-23Z,2026,3,2026_03_MIN_TB,TB,MIN,2026-09-27T20:05:00Z,betonlineag,player_anytime_td,anytime_td,Sean Tucker,,500,
2026-09-23T19-31-23Z,2026,3,2026_03_MIN_TB,TB,MIN,2026-09-27T20:05:00Z,betonlineag,player_anytime_td,anytime_td,Aaron Jones,,-125,
2026-09-23T19-31-23Z,2026,3,2026_03_MIN_TB,TB,MIN,2026-09-27T20:05:00Z,betonlineag,player_anytime_td,anytime_td,Josh Oliver,,550,
2026-09-23T19-31-23Z,2026,3,2026_03_MIN_TB,TB,MIN,2026-09-27T20:05:00Z,betonlineag,player_anytime_td,anytime_td,Kameron Johnson,,1400,
2026-09-23T19-31-23Z,2026,3,2026_03_MIN_TB,TB,MIN,2026-09-27T20:05:00Z,betonlineag,player_anytime_td,anytime_td,Payne Durham,,1900,
2026-09-23T19-31-23Z,2026,3,2026_03_MIN_TB,TB,MIN,2026-09-27T20:05:00Z,betonlineag,player_anytime_td,anytime_td,Emeka Egbuka,,220,
2026-09-23T19-31-23Z,2026,3,2026_03_MIN_TB,TB,MIN,2026-09-27T20:05:00Z,betonlineag,player_anytime_td,anytime_td,Kyler Murray,,250,
2026-09-23T19-31-23Z,2026,3,2026_03_MIN_TB,TB,MIN,2026-09-27T20:05:00Z,betonlineag,player_anytime_td,anytime_td,Jalen McMillan,,350,
2026-09-23T19-31-23Z,2026,3,2026_03_MIN_TB,TB,MIN,2026-09-27T20:05:00Z,betonlineag,player_anytime_td,anytime_td,Myles Price,,900,
2026-09-23T19-31-23Z,2026,3,2026_03_MIN_TB,TB,MIN,2026-09-27T20:05:00Z,betonlineag,player_anytime_td,anytime_td,Tez Johnson,,800,
2026-09-23T19-31-23Z,2026,3,2026_03_MIN_TB,TB,MIN,2026-09-27T20:05:00Z,betonlineag,player_anytime_td,anytime_td,Kenny Gainwell,,270,
2026-09-23T19-31-23Z,2026,3,2026_03_MIN_TB,TB,MIN,2026-09-27T20:05:00Z,betonlineag,player_anytime_td,anytime_td,Jauan Jennings,,400,
2026-09-23T19-31-23Z,2026,3,2026_03_MIN_TB,TB,MIN,2026-09-27T20:05:00Z,betonlineag,player_anytime_td,anytime_td,Gavin Bartholomew,,3400,
2026-09-23T19-31-23Z,2026,3,2026_03_MIN_TB,TB,MIN,2026-09-27T20:05:00Z,betonlineag,player_anytime_td,anytime_td,Tai Felton,,1700,
2026-09-23T19-31-23Z,2026,3,2026_03_MIN_TB,TB,MIN,2026-09-27T20:05:00Z,betonlineag,player_anytime_td,anytime_td,Max Bredeson,,2400,
2026-09-23T19-31-23Z,2026,3,2026_03_MIN_TB,TB,MIN,2026-09-27T20:05:00Z,betonlineag,player_anytime_td,anytime_td,Demond Claiborne,,280,
2026-09-23T19-31-23Z,2026,3,2026_03_MIN_TB,TB,MIN,2026-09-27T20:05:00Z,betonlineag,player_anytime_td,anytime_td,Ted Hurst III,,350,
2026-09-23T19-31-23Z,2026,3,2026_03_MIN_TB,TB,MIN,2026-09-27T20:05:00Z,betonlineag,player_anytime_td,anytime_td,Bauer Sharp,,1900,
2026-09-23T19-31-23Z,2026,3,2026_03_MIN_TB,TB,MIN,2026-09-27T20:05:00Z,betonlineag,player_pass_yds,pass_yards,Baker Mayfield,212.5,-118,-110.0
2026-09-23T19-31-23Z,2026,3,2026_03_MIN_TB,TB,MIN,2026-09-27T20:05:00Z,betonlineag,player_pass_yds,pass_yards,Kyler Murray,206.5,-116,-111.0
2026-09-23T19-31-23Z,2026,3,2026_03_MIN_TB,TB,MIN,2026-09-27T20:05:00Z,betonlineag,player_reception_yds,rec_yards,T.J. Hockenson,30.5,-114,-114.0
2026-09-23T19-31-23Z,2026,3,2026_03_MIN_TB,TB,MIN,2026-09-27T20:05:00Z,betonlineag,player_reception_yds,rec_yards,Jordan Addison,32.5,-116,-111.0
2026-09-23T19-31-23Z,2026,3,2026_03_MIN_TB,TB,MIN,2026-09-27T20:05:00Z,betonlineag,player_reception_yds,rec_yards,Emeka Egbuka,48.5,-114,-114.0
2026-09-23T19-31-23Z,2026,3,2026_03_MIN_TB,TB,MIN,2026-09-27T20:05:00Z,betonlineag,player_reception_yds,rec_yards,Cade Otton,25.5,-112,-115.0
2026-09-23T19-31-23Z,2026,3,2026_03_MIN_TB,TB,MIN,2026-09-27T20:05:00Z,betonlineag,player_reception_yds,rec_yards,Chris Godwin,32.5,-112,-115.0
2026-09-23T19-31-23Z,2026,3,2026_03_MIN_TB,TB,MIN,2026-09-27T20:05:00Z,betonlineag,player_reception_yds,rec_yards,Justin Jefferson,68.5,-114,-114.0
2026-09-23T19-31-23Z,2026,3,2026_03_MIN_TB,TB,MIN,2026-09-27T20:05:00Z,betonlineag,player_receptions,rec_catches,Justin Jefferson,5.5,-135,104.0
2026-09-23T19-31-23Z,2026,3,2026_03_MIN_TB,TB,MIN,2026-09-27T20:05:00Z,betonlineag,player_receptions,rec_catches,Jordan Addison,2.5,-152,116.0
2026-09-23T19-31-23Z,2026,3,2026_03_MIN_TB,TB,MIN,2026-09-27T20:05:00Z,betonlineag,player_receptions,rec_catches,T.J. Hockenson,3.5,-103,-125.0
2026-09-23T19-31-23Z,2026,3,2026_03_MIN_TB,TB,MIN,2026-09-27T20:05:00Z,betonlineag,player_receptions,rec_catches,Chris Godwin,2.5,-208,157.0
2026-09-23T19-31-23Z,2026,3,2026_03_MIN_TB,TB,MIN,2026-09-27T20:05:00Z,betonlineag,player_receptions,rec_catches,Cade Otton,2.5,-139,107.0
2026-09-23T19-31-23Z,2026,3,2026_03_MIN_TB,TB,MIN,2026-09-27T20:05:00Z,betonlineag,player_receptions,rec_catches,Emeka Egbuka,3.5,-169,130.0
2026-09-23T19-31-23Z,2026,3,2026_03_MIN_TB,TB,MIN,2026-09-27T20:05:00Z,betonlineag,player_rush_yds,rush_yards,Kyler Murray,20.5,-114,-114.0
2026-09-23T19-31-23Z,2026,3,2026_03_MIN_TB,TB,MIN,2026-09-27T20:05:00Z,betonlineag,player_rush_yds,rush_yards,Baker Mayfield,16.5,-114,-114.0
2026-09-23T19-31-23Z,2026,3,2026_03_MIN_TB,TB,MIN,2026-09-27T20:05:00Z,betmgm,player_anytime_td,anytime_td,Aaron Jones,,-111,
2026-09-23T19-31-23Z,2026,3,2026_03_MIN_TB,TB,MIN,2026-09-27T20:05:00Z,betmgm,player_anytime_td,anytime_td,T.J. Hockenson,,280,
2026-09-23T19-31-23Z,2026,3,2026_03_MIN_TB,TB,MIN,2026-09-27T20:05:00Z,betmgm,player_anytime_td,anytime_td,Justin Jefferson,,140,
2026-09-23T19-31-23Z,2026,3,2026_03_MIN_TB,TB,MIN,2026-09-27T20:05:00Z,betmgm,player_anytime_td,anytime_td,Kyler Murray,,320,
2026-09-23T19-31-23Z,2026,3,2026_03_MIN_TB,TB,MIN,2026-09-27T20:05:00Z,betmgm,player_anytime_td,anytime_td,Jordan Addison,,290,
2026-09-23T19-31-23Z,2026,3,2026_03_MIN_TB,TB,MIN,2026-09-27T20:05:00Z,betmgm,player_anytime_td,anytime_td,Jauan Jennings,,550,
2026-09-23T19-31-23Z,2026,3,2026_03_MIN_TB,TB,MIN,2026-09-27T20:05:00Z,betmgm,player_anytime_td,anytime_td,Myles Price,,1650,
2026-09-23T19-31-23Z,2026,3,2026_03_MIN_TB,TB,MIN,2026-09-27T20:05:00Z,betmgm,player_anytime_td,anytime_td,Gavin Bartholomew,,2800,
2026-09-23T19-31-23Z,2026,3,2026_03_MIN_TB,TB,MIN,2026-09-27T20:05:00Z,betmgm,player_anytime_td,anytime_td,Max Bredeson,,1650,
2026-09-23T19-31-23Z,2026,3,2026_03_MIN_TB,TB,MIN,2026-09-27T20:05:00Z,betmgm,player_anytime_td,anytime_td,Josh Oliver,,750,
2026-09-23T19-31-23Z,2026,3,2026_03_MIN_TB,TB,MIN,2026-09-27T20:05:00Z,betmgm,player_anytime_td,anytime_td,Tampa Bay Buccaneers D/ST,,650,
2026-09-23T19-31-23Z,2026,3,2026_03_MIN_TB,TB,MIN,2026-09-27T20:05:00Z,betmgm,player_anytime_td,anytime_td,Minnesota Vikings D/ST,,575,
2026-09-23T19-31-23Z,2026,3,2026_03_MIN_TB,TB,MIN,2026-09-27T20:05:00Z,betmgm,player_anytime_td,anytime_td,Bucky Irving,,115,
2026-09-23T19-31-23Z,2026,3,2026_03_MIN_TB,TB,MIN,2026-09-27T20:05:00Z,betmgm,player_anytime_td,anytime_td,Sean Tucker,,775,
2026-09-23T19-31-23Z,2026,3,2026_03_MIN_TB,TB,MIN,2026-09-27T20:05:00Z,betmgm,player_anytime_td,anytime_td,Kenny Gainwell,,280,
2026-09-23T19-31-23Z,2026,3,2026_03_MIN_TB,TB,MIN,2026-09-27T20:05:00Z,betmgm,player_anytime_td,anytime_td,Baker Mayfield,,475,
2026-09-23T19-31-23Z,2026,3,2026_03_MIN_TB,TB,MIN,2026-09-27T20:05:00Z,betmgm,player_anytime_td,anytime_td,Emeka Egbuka,,210,
2026-09-23T19-31-23Z,2026,3,2026_03_MIN_TB,TB,MIN,2026-09-27T20:05:00Z,betmgm,player_anytime_td,anytime_td,Ted Hurst III,,525,
2026-09-23T19-31-23Z,2026,3,2026_03_MIN_TB,TB,MIN,2026-09-27T20:05:00Z,betmgm,player_anytime_td,anytime_td,Cade Otton,,360,
2026-09-23T19-31-23Z,2026,3,2026_03_MIN_TB,TB,MIN,2026-09-27T20:05:00Z,betmgm,player_anytime_td,anytime_td,Payne Durham,,2500,
2026-09-23T19-31-23Z,2026,3,2026_03_MIN_TB,TB,MIN,2026-09-27T20:05:00Z,betmgm,player_anytime_td,anytime_td,Chris Godwin,,310,
2026-09-23T19-31-23Z,2026,3,2026_03_MIN_TB,TB,MIN,2026-09-27T20:05:00Z,betmgm,player_anytime_td,anytime_td,Bauer Sharp,,2800,
2026-09-23T19-31-23Z,2026,3,2026_03_MIN_TB,TB,MIN,2026-09-27T20:05:00Z,betmgm,player_anytime_td,anytime_td,Tez Johnson,,850,
2026-09-23T19-31-23Z,2026,3,2026_03_MIN_TB,TB,MIN,2026-09-27T20:05:00Z,betmgm,player_anytime_td,anytime_td,Jalen McMillan,,550,
2026-09-23T19-31-23Z,2026,3,2026_03_MIN_TB,TB,MIN,2026-09-27T20:05:00Z,betmgm,player_anytime_td,anytime_td,Kameron Johnson,,2500,
2026-09-23T19-31-23Z,2026,3,2026_03_BAL_DAL,DAL,BAL,2026-09-27T20:25:00Z,draftkings,player_anytime_td,anytime_td,Derrick Henry,,-225,
2026-09-23T19-31-23Z,2026,3,2026_03_BAL_DAL,DAL,BAL,2026-09-27T20:25:00Z,draftkings,player_anytime_td,anytime_td,Javonte Williams,,-185,
2026-09-23T19-31-23Z,2026,3,2026_03_BAL_DAL,DAL,BAL,2026-09-27T20:25:00Z,draftkings,player_anytime_td,anytime_td,CeeDee Lamb,,120,
2026-09-23T19-31-23Z,2026,3,2026_03_BAL_DAL,DAL,BAL,2026-09-27T20:25:00Z,draftkings,player_anytime_td,anytime_td,Zay Flowers,,120,
2026-09-23T19-31-23Z,2026,3,2026_03_BAL_DAL,DAL,BAL,2026-09-27T20:25:00Z,draftkings,player_anytime_td,anytime_td,Mark Andrews,,140,
2026-09-23T19-31-23Z,2026,3,2026_03_BAL_DAL,DAL,BAL,2026-09-27T20:25:00Z,draftkings,player_anytime_td,anytime_td,George Pickens,,160,
2026-09-23T19-31-23Z,2026,3,2026_03_BAL_DAL,DAL,BAL,2026-09-27T20:25:00Z,draftkings,player_anytime_td,anytime_td,Lamar Jackson,,170,
2026-09-23T19-31-23Z,2026,3,2026_03_BAL_DAL,DAL,BAL,2026-09-27T20:25:00Z,draftkings,player_anytime_td,anytime_td,Rashod Bateman,,195,
2026-09-23T19-31-23Z,2026,3,2026_03_BAL_DAL,DAL,BAL,2026-09-27T20:25:00Z,draftkings,player_anytime_td,anytime_td,Jake Ferguson,,280,
2026-09-23T19-31-23Z,2026,3,2026_03_BAL_DAL,DAL,BAL,2026-09-27T20:25:00Z,draftkings,player_anytime_td,anytime_td,Ryan Flournoy,,390,
2026-09-23T19-31-23Z,2026,3,2026_03_BAL_DAL,DAL,BAL,2026-09-27T20:25:00Z,draftkings,player_anytime_td,anytime_td,Justice Hill,,425,
2026-09-23T19-31-23Z,2026,3,2026_03_BAL_DAL,DAL,BAL,2026-09-27T20:25:00Z,draftkings,player_anytime_td,anytime_td,Baltimore Ravens D/ST,,550,
2026-09-23T19-31-23Z,2026,3,2026_03_BAL_DAL,DAL,BAL,2026-09-27T20:25:00Z,draftkings,player_anytime_td,anytime_td,Dak Prescott,,600,
2026-09-23T19-31-23Z,2026,3,2026_03_BAL_DAL,DAL,BAL,2026-09-27T20:25:00Z,draftkings,player_anytime_td,anytime_td,Chris Moore,,600,
2026-09-23T19-31-23Z,2026,3,2026_03_BAL_DAL,DAL,BAL,2026-09-27T20:25:00Z,draftkings,player_anytime_td,anytime_td,Dallas Cowboys D/ST,,600,
2026-09-23T19-31-23Z,2026,3,2026_03_BAL_DAL,DAL,BAL,2026-09-27T20:25:00Z,draftkings,player_anytime_td,anytime_td,Emari Demercado,,700,
2026-09-23T19-31-23Z,2026,3,2026_03_BAL_DAL,DAL,BAL,2026-09-27T20:25:00Z,draftkings,player_anytime_td,anytime_td,Devontez Walker,,700,
2026-09-23T19-31-23Z,2026,3,2026_03_BAL_DAL,DAL,BAL,2026-09-27T20:25:00Z,draftkings,player_anytime_td,anytime_td,Durham Smythe,,750,
2026-09-23T19-31-23Z,2026,3,2026_03_BAL_DAL,DAL,BAL,2026-09-27T20:25:00Z,draftkings,player_anytime_td,anytime_td,LaJohntay Wester,,950,
2026-09-23T19-31-23Z,2026,3,2026_03_BAL_DAL,DAL,BAL,2026-09-27T20:25:00Z,draftkings,player_anytime_td,anytime_td,KaVontae Turpin,,1100,
2026-09-23T19-31-23Z,2026,3,2026_03_BAL_DAL,DAL,BAL,2026-09-27T20:25:00Z,draftkings,player_anytime_td,anytime_td,Hunter Luepke,,1200,
2026-09-23T19-31-23Z,2026,3,2026_03_BAL_DAL,DAL,BAL,2026-09-27T20:25:00Z,draftkings,player_anytime_td,anytime_td,Elijah Sarratt,,1300,
2026-09-23T19-31-23Z,2026,3,2026_03_BAL_DAL,DAL,BAL,2026-09-27T20:25:00Z,draftkings,player_anytime_td,anytime_td,Brevyn Spann-Ford,,1400,
2026-09-23T19-31-23Z,2026,3,2026_03_BAL_DAL,DAL,BAL,2026-09-27T20:25:00Z,draftkings,player_anytime_td,anytime_td,Jonathan Mingo,,1700,
2026-09-23T19-31-23Z,2026,3,2026_03_BAL_DAL,DAL,BAL,2026-09-27T20:25:00Z,draftkings,player_anytime_td,anytime_td,Luke Schoonmaker,,1800,
2026-09-23T19-31-23Z,2026,3,2026_03_BAL_DAL,DAL,BAL,2026-09-27T20:25:00Z,draftkings,player_anytime_td,anytime_td,Matthew Hibner,,1800,
2026-09-23T19-31-23Z,2026,3,2026_03_BAL_DAL,DAL,BAL,2026-09-27T20:25:00Z,draftkings,player_anytime_td,anytime_td,Josh Cuevas,,2000,
2026-09-23T19-31-23Z,2026,3,2026_03_BAL_DAL,DAL,BAL,2026-09-27T20:25:00Z,draftkings,player_anytime_td,anytime_td,Rasheen Ali,,2500,
2026-09-23T19-31-23Z,2026,3,2026_03_BAL_DAL,DAL,BAL,2026-09-27T20:25:00Z,draftkings,player_anytime_td,anytime_td,Camden Brown,,2500,
2026-09-23T19-31-23Z,2026,3,2026_03_BAL_DAL,DAL,BAL,2026-09-27T20:25:00Z,draftkings,player_pass_yds,pass_yards,Dak Prescott,266.5,-111,-113.0
2026-09-23T19-31-23Z,2026,3,2026_03_BAL_DAL,DAL,BAL,2026-09-27T20:25:00Z,draftkings,player_pass_yds,pass_yards,Lamar Jackson,239.5,-112,-112.0
2026-09-23T19-31-23Z,2026,3,2026_03_BAL_DAL,DAL,BAL,2026-09-27T20:25:00Z,draftkings,player_reception_yds,rec_yards,CeeDee Lamb,85.5,-110,-114.0
2026-09-23T19-31-23Z,2026,3,2026_03_BAL_DAL,DAL,BAL,2026-09-27T20:25:00Z,draftkings,player_reception_yds,rec_yards,Zay Flowers,74.5,-110,-114.0
2026-09-23T19-31-23Z,2026,3,2026_03_BAL_DAL,DAL,BAL,2026-09-27T20:25:00Z,draftkings,player_reception_yds,rec_yards,George Pickens,59.5,-114,-110.0
2026-09-23T19-31-23Z,2026,3,2026_03_BAL_DAL,DAL,BAL,2026-09-27T20:25:00Z,draftkings,player_reception_yds,rec_yards,Jake Ferguson,28.5,-110,-114.0
2026-09-23T19-31-23Z,2026,3,2026_03_BAL_DAL,DAL,BAL,2026-09-27T20:25:00Z,draftkings,player_reception_yds,rec_yards,Javonte Williams,17.5,-111,-113.0
2026-09-23T19-31-23Z,2026,3,2026_03_BAL_DAL,DAL,BAL,2026-09-27T20:25:00Z,draftkings,player_receptions,rec_catches,CeeDee Lamb,7.5,118,-151.0
2026-09-23T19-31-23Z,2026,3,2026_03_BAL_DAL,DAL,BAL,2026-09-27T20:25:00Z,draftkings,player_receptions,rec_catches,Zay Flowers,5.5,110,-140.0
2026-09-23T19-31-23Z,2026,3,2026_03_BAL_DAL,DAL,BAL,2026-09-27T20:25:00Z,draftkings,player_receptions,rec_catches,George Pickens,4.5,-156,122.0
2026-09-23T19-31-23Z,2026,3,2026_03_BAL_DAL,DAL,BAL,2026-09-27T20:25:00Z,draftkings,player_receptions,rec_catches,Jake Ferguson,3.5,-122,-104.0
2026-09-23T19-31-23Z,2026,3,2026_03_BAL_DAL,DAL,BAL,2026-09-27T20:25:00Z,draftkings,player_receptions,rec_catches,Javonte Williams,2.5,-173,135.0
2026-09-23T19-31-23Z,2026,3,2026_03_BAL_DAL,DAL,BAL,2026-09-27T20:25:00Z,draftkings,player_rush_yds,rush_yards,Derrick Henry,88.5,-112,-112.0
2026-09-23T19-31-23Z,2026,3,2026_03_BAL_DAL,DAL,BAL,2026-09-27T20:25:00Z,draftkings,player_rush_yds,rush_yards,Javonte Williams,58.5,-111,-113.0
2026-09-23T19-31-23Z,2026,3,2026_03_BAL_DAL,DAL,BAL,2026-09-27T20:25:00Z,draftkings,player_rush_yds,rush_yards,Lamar Jackson,38.5,-112,-112.0
2026-09-23T19-31-23Z,2026,3,2026_03_BAL_DAL,DAL,BAL,2026-09-27T20:25:00Z,draftkings,player_rush_yds,rush_yards,Dak Prescott,13.5,-110,-114.0
2026-09-23T19-31-23Z,2026,3,2026_03_BAL_DAL,DAL,BAL,2026-09-27T20:25:00Z,fanduel,player_anytime_td,anytime_td,Derrick Henry,,-240,
2026-09-23T19-31-23Z,2026,3,2026_03_BAL_DAL,DAL,BAL,2026-09-27T20:25:00Z,fanduel,player_anytime_td,anytime_td,Javonte Williams,,-170,
2026-09-23T19-31-23Z,2026,3,2026_03_BAL_DAL,DAL,BAL,2026-09-27T20:25:00Z,fanduel,player_anytime_td,anytime_td,Zay Flowers,,115,
2026-09-23T19-31-23Z,2026,3,2026_03_BAL_DAL,DAL,BAL,2026-09-27T20:25:00Z,fanduel,player_anytime_td,anytime_td,CeeDee Lamb,,115,
2026-09-23T19-31-23Z,2026,3,2026_03_BAL_DAL,DAL,BAL,2026-09-27T20:25:00Z,fanduel,player_anytime_td,anytime_td,Mark Andrews,,135,
2026-09-23T19-31-23Z,2026,3,2026_03_BAL_DAL,DAL,BAL,2026-09-27T20:25:00Z,fanduel,player_anytime_td,anytime_td,Rashod Bateman,,155,
2026-09-23T19-31-23Z,2026,3,2026_03_BAL_DAL,DAL,BAL,2026-09-27T20:25:00Z,fanduel,player_anytime_td,anytime_td,George Pickens,,155,
2026-09-23T19-31-23Z,2026,3,2026_03_BAL_DAL,DAL,BAL,2026-09-27T20:25:00Z,fanduel,player_anytime_td,anytime_td,Lamar Jackson,,185,
2026-09-23T19-31-23Z,2026,3,2026_03_BAL_DAL,DAL,BAL,2026-09-27T20:25:00Z,fanduel,player_anytime_td,anytime_td,Jake Ferguson,,260,
2026-09-23T19-31-23Z,2026,3,2026_03_BAL_DAL,DAL,BAL,2026-09-27T20:25:00Z,fanduel,player_anytime_td,anytime_td,Ryan Flournoy,,380,
2026-09-23T19-31-23Z,2026,3,2026_03_BAL_DAL,DAL,BAL,2026-09-27T20:25:00Z,fanduel,player_anytime_td,anytime_td,Chris Moore,,460,
2026-09-23T19-31-23Z,2026,3,2026_03_BAL_DAL,DAL,BAL,2026-09-27T20:25:00Z,fanduel,player_anytime_td,anytime_td,Justice Hill,,500,
2026-09-23T19-31-23Z,2026,3,2026_03_BAL_DAL,DAL,BAL,2026-09-27T20:25:00Z,fanduel,player_anytime_td,anytime_td,Dak Prescott,,550,
2026-09-23T19-31-23Z,2026,3,2026_03_BAL_DAL,DAL,BAL,2026-09-27T20:25:00Z,fanduel,player_anytime_td,anytime_td,Emari Demercado,,650,
2026-09-23T19-31-23Z,2026,3,2026_03_BAL_DAL,DAL,BAL,2026-09-27T20:25:00Z,fanduel,player_anytime_td,anytime_td,Durham Smythe,,750,
2026-09-23T19-31-23Z,2026,3,2026_03_BAL_DAL,DAL,BAL,2026-09-27T20:25:00Z,fanduel,player_anytime_td,anytime_td,Dallas Cowboys Defense,,800,
2026-09-23T19-31-23Z,2026,3,2026_03_BAL_DAL,DAL,BAL,2026-09-27T20:25:00Z,fanduel,player_anytime_td,anytime_td,Baltimore Ravens Defense,,800,
2026-09-23T19-31-23Z,2026,3,2026_03_BAL_DAL,DAL,BAL,2026-09-27T20:25:00Z,fanduel,player_anytime_td,anytime_td,KaVontae Turpin,,900,
2026-09-23T19-31-23Z,2026,3,2026_03_BAL_DAL,DAL,BAL,2026-09-27T20:25:00Z,fanduel,player_anytime_td,anytime_td,Hunter Luepke,,1100,
2026-09-23T19-31-23Z,2026,3,2026_03_BAL_DAL,DAL,BAL,2026-09-27T20:25:00Z,fanduel,player_anytime_td,anytime_td,Brevyn Spann-Ford,,1500,
2026-09-23T19-31-23Z,2026,3,2026_03_BAL_DAL,DAL,BAL,2026-09-27T20:25:00Z,fanduel,player_anytime_td,anytime_td,Luke Schoonmaker,,1600,
2026-09-23T19-31-23Z,2026,3,2026_03_BAL_DAL,DAL,BAL,2026-09-27T20:25:00Z,fanduel,player_anytime_td,anytime_td,Matthew Hibner,,1700,
2026-09-23T19-31-23Z,2026,3,2026_03_BAL_DAL,DAL,BAL,2026-09-27T20:25:00Z,fanduel,player_anytime_td,anytime_td,Josh Cuevas,,1700,
2026-09-23T19-31-23Z,2026,3,2026_03_BAL_DAL,DAL,BAL,2026-09-27T20:25:00Z,fanduel,player_anytime_td,anytime_td,Rasheen Ali,,2200,
2026-09-23T19-31-23Z,2026,3,2026_03_BAL_DAL,DAL,BAL,2026-09-27T20:25:00Z,fanduel,player_anytime_td,anytime_td,Jonathan Mingo,,2200,
2026-09-23T19-31-23Z,2026,3,2026_03_BAL_DAL,DAL,BAL,2026-09-27T20:25:00Z,fanduel,player_anytime_td,anytime_td,Camden Brown,,2200,
2026-09-23T19-31-23Z,2026,3,2026_03_BAL_DAL,DAL,BAL,2026-09-27T20:25:00Z,fanduel,player_pass_yds,pass_yards,Dak Prescott,263.5,-114,-114.0
2026-09-23T19-31-23Z,2026,3,2026_03_BAL_DAL,DAL,BAL,2026-09-27T20:25:00Z,fanduel,player_pass_yds,pass_yards,Lamar Jackson,236.5,-114,-114.0
2026-09-23T19-31-23Z,2026,3,2026_03_BAL_DAL,DAL,BAL,2026-09-27T20:25:00Z,fanduel,player_reception_yds,rec_yards,Jake Ferguson,28.5,-114,-114.0
2026-09-23T19-31-23Z,2026,3,2026_03_BAL_DAL,DAL,BAL,2026-09-27T20:25:00Z,fanduel,player_reception_yds,rec_yards,George Pickens,59.5,-114,-114.0
2026-09-23T19-31-23Z,2026,3,2026_03_BAL_DAL,DAL,BAL,2026-09-27T20:25:00Z,fanduel,player_reception_yds,rec_yards,Zay Flowers,71.5,-114,-114.0
2026-09-23T19-31-23Z,2026,3,2026_03_BAL_DAL,DAL,BAL,2026-09-27T20:25:00Z,fanduel,player_reception_yds,rec_yards,CeeDee Lamb,84.5,-114,-114.0
2026-09-23T19-31-23Z,2026,3,2026_03_BAL_DAL,DAL,BAL,2026-09-27T20:25:00Z,fanduel,player_reception_yds,rec_yards,Javonte Williams,16.5,-114,-114.0
2026-09-23T19-31-23Z,2026,3,2026_03_BAL_DAL,DAL,BAL,2026-09-27T20:25:00Z,fanduel,player_receptions,rec_catches,CeeDee Lamb,6.5,-154,116.0
2026-09-23T19-31-23Z,2026,3,2026_03_BAL_DAL,DAL,BAL,2026-09-27T20:25:00Z,fanduel,player_receptions,rec_catches,Zay Flowers,5.5,124,-166.0
2026-09-23T19-31-23Z,2026,3,2026_03_BAL_DAL,DAL,BAL,2026-09-27T20:25:00Z,fanduel,player_receptions,rec_catches,Javonte Williams,2.5,-154,116.0
2026-09-23T19-31-23Z,2026,3,2026_03_BAL_DAL,DAL,BAL,2026-09-27T20:25:00Z,fanduel,player_receptions,rec_catches,George Pickens,5.5,112,-148.0
2026-09-23T19-31-23Z,2026,3,2026_03_BAL_DAL,DAL,BAL,2026-09-27T20:25:00Z,fanduel,player_receptions,rec_catches,Jake Ferguson,3.5,-122,-108.0
2026-09-23T19-31-23Z,2026,3,2026_03_BAL_DAL,DAL,BAL,2026-09-27T20:25:00Z,fanduel,player_rush_yds,rush_yards,Derrick Henry,89.5,-114,-114.0
2026-09-23T19-31-23Z,2026,3,2026_03_BAL_DAL,DAL,BAL,2026-09-27T20:25:00Z,fanduel,player_rush_yds,rush_yards,Javonte Williams,58.5,-114,-114.0
2026-09-23T19-31-23Z,2026,3,2026_03_BAL_DAL,DAL,BAL,2026-09-27T20:25:00Z,fanduel,player_rush_yds,rush_yards,Lamar Jackson,38.5,-114,-114.0
2026-09-23T19-31-23Z,2026,3,2026_03_BAL_DAL,DAL,BAL,2026-09-27T20:25:00Z,fanduel,player_rush_yds,rush_yards,Dak Prescott,12.5,-114,-114.0
2026-09-23T19-31-23Z,2026,3,2026_03_BAL_DAL,DAL,BAL,2026-09-27T20:25:00Z,betmgm,player_anytime_td,anytime_td,Derrick Henry,,-220,
2026-09-23T19-31-23Z,2026,3,2026_03_BAL_DAL,DAL,BAL,2026-09-27T20:25:00Z,betmgm,player_anytime_td,anytime_td,Devontez Walker,,525,
2026-09-23T19-31-23Z,2026,3,2026_03_BAL_DAL,DAL,BAL,2026-09-27T20:25:00Z,betmgm,player_anytime_td,anytime_td,Rashod Bateman,,195,
2026-09-23T19-31-23Z,2026,3,2026_03_BAL_DAL,DAL,BAL,2026-09-27T20:25:00Z,betmgm,player_anytime_td,anytime_td,Zay Flowers,,130,
2026-09-23T19-31-23Z,2026,3,2026_03_BAL_DAL,DAL,BAL,2026-09-27T20:25:00Z,betmgm,player_anytime_td,anytime_td,Lamar Jackson,,230,
2026-09-23T19-31-23Z,2026,3,2026_03_BAL_DAL,DAL,BAL,2026-09-27T20:25:00Z,betmgm,player_anytime_td,anytime_td,Durham Smythe,,825,
2026-09-23T19-31-23Z,2026,3,2026_03_BAL_DAL,DAL,BAL,2026-09-27T20:25:00Z,betmgm,player_anytime_td,anytime_td,Jake Ferguson,,290,
2026-09-23T19-31-23Z,2026,3,2026_03_BAL_DAL,DAL,BAL,2026-09-27T20:25:00Z,betmgm,player_anytime_td,anytime_td,Mark Andrews,,130,
2026-09-23T19-31-23Z,2026,3,2026_03_BAL_DAL,DAL,BAL,2026-09-27T20:25:00Z,betmgm,player_anytime_td,anytime_td,LaJohntay Wester,,475,
2026-09-23T19-31-23Z,2026,3,2026_03_BAL_DAL,DAL,BAL,2026-09-27T20:25:00Z,betmgm,player_anytime_td,anytime_td,Emari Demercado,,400,
2026-09-23T19-31-23Z,2026,3,2026_03_BAL_DAL,DAL,BAL,2026-09-27T20:25:00Z,betmgm,player_anytime_td,anytime_td,Jonathan Mingo,,2000,
2026-09-23T19-31-23Z,2026,3,2026_03_BAL_DAL,DAL,BAL,2026-09-27T20:25:00Z,betmgm,player_anytime_td,anytime_td,Matthew Hibner,,1150,
2026-09-23T19-31-23Z,2026,3,2026_03_BAL_DAL,DAL,BAL,2026-09-27T20:25:00Z,betmgm,player_anytime_td,anytime_td,Dallas Cowboys D/ST,,600,
2026-09-23T19-31-23Z,2026,3,2026_03_BAL_DAL,DAL,BAL,2026-09-27T20:25:00Z,betmgm,player_anytime_td,anytime_td,KaVontae Turpin,,1300,
2026-09-23T19-31-23Z,2026,3,2026_03_BAL_DAL,DAL,BAL,2026-09-27T20:25:00Z,betmgm,player_anytime_td,anytime_td,Javonte Williams,,-165,
2026-09-23T19-31-23Z,2026,3,2026_03_BAL_DAL,DAL,BAL,2026-09-27T20:25:00Z,betmgm,player_anytime_td,anytime_td,George Pickens,,175,
2026-09-23T19-31-23Z,2026,3,2026_03_BAL_DAL,DAL,BAL,2026-09-27T20:25:00Z,betmgm,player_anytime_td,anytime_td,Josh Cuevas,,1700,
2026-09-23T19-31-23Z,2026,3,2026_03_BAL_DAL,DAL,BAL,2026-09-27T20:25:00Z,betmgm,player_anytime_td,anytime_td,Luke Schoonmaker,,1350,
2026-09-23T19-31-23Z,2026,3,2026_03_BAL_DAL,DAL,BAL,2026-09-27T20:25:00Z,betmgm,player_anytime_td,anytime_td,Ryan Flournoy,,310,
2026-09-23T19-31-23Z,2026,3,2026_03_BAL_DAL,DAL,BAL,2026-09-27T20:25:00Z,betmgm,player_anytime_td,anytime_td,Rasheen Ali,,2000,
2026-09-23T19-31-23Z,2026,3,2026_03_BAL_DAL,DAL,BAL,2026-09-27T20:25:00Z,betmgm,player_anytime_td,anytime_td,Baltimore Ravens D/ST,,475,
2026-09-23T19-31-23Z,2026,3,2026_03_BAL_DAL,DAL,BAL,2026-09-27T20:25:00Z,betmgm,player_anytime_td,anytime_td,Justice Hill,,320,
2026-09-23T19-31-23Z,2026,3,2026_03_BAL_DAL,DAL,BAL,2026-09-27T20:25:00Z,betmgm,player_anytime_td,anytime_td,Brevyn Spann-Ford,,1050,
2026-09-23T19-31-23Z,2026,3,2026_03_BAL_DAL,DAL,BAL,2026-09-27T20:25:00Z,betmgm,player_anytime_td,anytime_td,Dak Prescott,,500,
2026-09-23T19-31-23Z,2026,3,2026_03_BAL_DAL,DAL,BAL,2026-09-27T20:25:00Z,betmgm,player_anytime_td,anytime_td,CeeDee Lamb,,120,
2026-09-23T19-31-23Z,2026,3,2026_03_BAL_DAL,DAL,BAL,2026-09-27T20:25:00Z,betmgm,player_anytime_td,anytime_td,Hunter Luepke,,1400,
2026-09-23T19-31-23Z,2026,3,2026_03_BAL_DAL,DAL,BAL,2026-09-27T20:25:00Z,betmgm,player_anytime_td,anytime_td,Chris Moore,,700,
2026-09-23T19-31-23Z,2026,3,2026_03_BAL_DAL,DAL,BAL,2026-09-27T20:25:00Z,betmgm,player_anytime_td,anytime_td,Elijah Sarratt,,1900,
2026-09-23T19-31-23Z,2026,3,2026_03_BAL_DAL,DAL,BAL,2026-09-27T20:25:00Z,bovada,player_anytime_td,anytime_td,Luke Schoonmaker,,2000,
2026-09-23T19-31-23Z,2026,3,2026_03_BAL_DAL,DAL,BAL,2026-09-27T20:25:00Z,bovada,player_anytime_td,anytime_td,Rasheen Ali,,2800,
2026-09-23T19-31-23Z,2026,3,2026_03_BAL_DAL,DAL,BAL,2026-09-27T20:25:00Z,bovada,player_anytime_td,anytime_td,Brevyn Spann-Ford,,1600,
2026-09-23T19-31-23Z,2026,3,2026_03_BAL_DAL,DAL,BAL,2026-09-27T20:25:00Z,bovada,player_anytime_td,anytime_td,CeeDee Lamb,,145,
2026-09-23T19-31-23Z,2026,3,2026_03_BAL_DAL,DAL,BAL,2026-09-27T20:25:00Z,bovada,player_anytime_td,anytime_td,George Pickens,,180,
2026-09-23T19-31-23Z,2026,3,2026_03_BAL_DAL,DAL,BAL,2026-09-27T20:25:00Z,bovada,player_anytime_td,anytime_td,Mark Andrews,,170,
2026-09-23T19-31-23Z,2026,3,2026_03_BAL_DAL,DAL,BAL,2026-09-27T20:25:00Z,bovada,player_anytime_td,anytime_td,Jake Ferguson,,350,
2026-09-23T19-31-23Z,2026,3,2026_03_BAL_DAL,DAL,BAL,2026-09-27T20:25:00Z,bovada,player_anytime_td,anytime_td,Justice Hill,,525,
2026-09-23T19-31-23Z,2026,3,2026_03_BAL_DAL,DAL,BAL,2026-09-27T20:25:00Z,bovada,player_anytime_td,anytime_td,Baltimore Ravens D/ST,,525,
2026-09-23T19-31-23Z,2026,3,2026_03_BAL_DAL,DAL,BAL,2026-09-27T20:25:00Z,bovada,player_anytime_td,anytime_td,Javonte Williams,,-117,
2026-09-23T19-31-23Z,2026,3,2026_03_BAL_DAL,DAL,BAL,2026-09-27T20:25:00Z,bovada,player_anytime_td,anytime_td,Devontez Walker,,800,
2026-09-23T19-31-23Z,2026,3,2026_03_BAL_DAL,DAL,BAL,2026-09-27T20:25:00Z,bovada,player_anytime_td,anytime_td,Dak Prescott,,725,
2026-09-23T19-31-23Z,2026,3,2026_03_BAL_DAL,DAL,BAL,2026-09-27T20:25:00Z,bovada,player_anytime_td,anytime_td,Rashod Bateman,,230,
2026-09-23T19-31-23Z,2026,3,2026_03_BAL_DAL,DAL,BAL,2026-09-27T20:25:00Z,bovada,player_anytime_td,anytime_td,Dallas Cowboys D/ST,,600,
2026-09-23T19-31-23Z,2026,3,2026_03_BAL_DAL,DAL,BAL,2026-09-27T20:25:00Z,bovada,player_anytime_td,anytime_td,Derrick Henry,,-152,
2026-09-23T19-31-23Z,2026,3,2026_03_BAL_DAL,DAL,BAL,2026-09-27T20:25:00Z,bovada,player_anytime_td,anytime_td,Hunter Luepke,,1400,
2026-09-23T19-31-23Z,2026,3,2026_03_BAL_DAL,DAL,BAL,2026-09-27T20:25:00Z,bovada,player_anytime_td,anytime_td,KaVontae Turpin,,1200,
2026-09-23T19-31-23Z,2026,3,2026_03_BAL_DAL,DAL,BAL,2026-09-27T20:25:00Z,bovada,player_anytime_td,anytime_td,Lamar Jackson,,205,
2026-09-23T19-31-23Z,2026,3,2026_03_BAL_DAL,DAL,BAL,2026-09-27T20:25:00Z,bovada,player_anytime_td,anytime_td,Ryan Flournoy,,440,
2026-09-23T19-31-23Z,2026,3,2026_03_BAL_DAL,DAL,BAL,2026-09-27T20:25:00Z,bovada,player_anytime_td,anytime_td,Zay Flowers,,150,
2026-09-23T19-31-23Z,2026,3,2026_03_BAL_DAL,DAL,BAL,2026-09-27T20:25:00Z,bovada,player_pass_yds,pass_yards,Dak Prescott,266.5,-115,-115.0
2026-09-23T19-31-23Z,2026,3,2026_03_BAL_DAL,DAL,BAL,2026-09-27T20:25:00Z,bovada,player_pass_yds,pass_yards,Lamar Jackson,239.5,-115,-115.0
2026-09-23T19-31-23Z,2026,3,2026_03_BAL_DAL,DAL,BAL,2026-09-27T20:25:00Z,bovada,player_reception_yds,rec_yards,CeeDee Lamb,74.5,-115,-115.0
2026-09-23T19-31-23Z,2026,3,2026_03_BAL_DAL,DAL,BAL,2026-09-27T20:25:00Z,bovada,player_reception_yds,rec_yards,George Pickens,56.5,-115,-115.0
2026-09-23T19-31-23Z,2026,3,2026_03_BAL_DAL,DAL,BAL,2026-09-27T20:25:00Z,bovada,player_reception_yds,rec_yards,Jake Ferguson,23.5,-110,-120.0
2026-09-23T19-31-23Z,2026,3,2026_03_BAL_DAL,DAL,BAL,2026-09-27T20:25:00Z,bovada,player_reception_yds,rec_yards,Javonte Williams,17.5,-115,-115.0
2026-09-23T19-31-23Z,2026,3,2026_03_BAL_DAL,DAL,BAL,2026-09-27T20:25:00Z,bovada,player_reception_yds,rec_yards,Zay Flowers,62.5,-115,-115.0
2026-09-23T19-31-23Z,2026,3,2026_03_BAL_DAL,DAL,BAL,2026-09-27T20:25:00Z,bovada,player_receptions,rec_catches,CeeDee Lamb,5.5,-150,115.0
2026-09-23T19-31-23Z,2026,3,2026_03_BAL_DAL,DAL,BAL,2026-09-27T20:25:00Z,bovada,player_receptions,rec_catches,George Pickens,4.5,-115,-115.0
2026-09-23T19-31-23Z,2026,3,2026_03_BAL_DAL,DAL,BAL,2026-09-27T20:25:00Z,bovada,player_receptions,rec_catches,Jake Ferguson,2.5,-170,130.0
2026-09-23T19-31-23Z,2026,3,2026_03_BAL_DAL,DAL,BAL,2026-09-27T20:25:00Z,bovada,player_receptions,rec_catches,Javonte Williams,2.5,-150,115.0
2026-09-23T19-31-23Z,2026,3,2026_03_BAL_DAL,DAL,BAL,2026-09-27T20:25:00Z,bovada,player_receptions,rec_catches,Zay Flowers,4.5,-115,-115.0
2026-09-23T19-31-23Z,2026,3,2026_03_BAL_DAL,DAL,BAL,2026-09-27T20:25:00Z,bovada,player_rush_yds,rush_yards,Dak Prescott,12.5,-115,-115.0
2026-09-23T19-31-23Z,2026,3,2026_03_BAL_DAL,DAL,BAL,2026-09-27T20:25:00Z,bovada,player_rush_yds,rush_yards,Derrick Henry,68.5,-115,-115.0
2026-09-23T19-31-23Z,2026,3,2026_03_BAL_DAL,DAL,BAL,2026-09-27T20:25:00Z,bovada,player_rush_yds,rush_yards,Javonte Williams,42.5,-115,-115.0
2026-09-23T19-31-23Z,2026,3,2026_03_BAL_DAL,DAL,BAL,2026-09-27T20:25:00Z,bovada,player_rush_yds,rush_yards,Lamar Jackson,35.5,-115,-115.0
2026-09-23T19-31-23Z,2026,3,2026_03_BAL_DAL,DAL,BAL,2026-09-27T20:25:00Z,betrivers,player_anytime_td,anytime_td,Dak Prescott,,480,
2026-09-23T19-31-23Z,2026,3,2026_03_BAL_DAL,DAL,BAL,2026-09-27T20:25:00Z,betrivers,player_anytime_td,anytime_td,Durham Smythe,,750,
2026-09-23T19-31-23Z,2026,3,2026_03_BAL_DAL,DAL,BAL,2026-09-27T20:25:00Z,betrivers,player_anytime_td,anytime_td,Derrick Henry,,-240,
2026-09-23T19-31-23Z,2026,3,2026_03_BAL_DAL,DAL,BAL,2026-09-27T20:25:00Z,betrivers,player_anytime_td,anytime_td,Ryan Flournoy,,370,
2026-09-23T19-31-23Z,2026,3,2026_03_BAL_DAL,DAL,BAL,2026-09-27T20:25:00Z,betrivers,player_anytime_td,anytime_td,KaVontae Turpin,,1000,
2026-09-23T19-31-23Z,2026,3,2026_03_BAL_DAL,DAL,BAL,2026-09-27T20:25:00Z,betrivers,player_anytime_td,anytime_td,Elijah Sarratt,,1700,
2026-09-23T19-31-23Z,2026,3,2026_03_BAL_DAL,DAL,BAL,2026-09-27T20:25:00Z,betrivers,player_anytime_td,anytime_td,Mark Andrews,,148,
2026-09-23T19-31-23Z,2026,3,2026_03_BAL_DAL,DAL,BAL,2026-09-27T20:25:00Z,betrivers,player_anytime_td,anytime_td,Rashod Bateman,,185,
2026-09-23T19-31-23Z,2026,3,2026_03_BAL_DAL,DAL,BAL,2026-09-27T20:25:00Z,betrivers,player_anytime_td,anytime_td,Jonathan Mingo,,1700,
2026-09-23T19-31-23Z,2026,3,2026_03_BAL_DAL,DAL,BAL,2026-09-27T20:25:00Z,betrivers,player_anytime_td,anytime_td,Justice Hill,,500,
2026-09-23T19-31-23Z,2026,3,2026_03_BAL_DAL,DAL,BAL,2026-09-27T20:25:00Z,betrivers,player_anytime_td,anytime_td,LaJohntay Wester,,800,
2026-09-23T19-31-23Z,2026,3,2026_03_BAL_DAL,DAL,BAL,2026-09-27T20:25:00Z,betrivers,player_anytime_td,anytime_td,Emari Demercado,,600,
2026-09-23T19-31-23Z,2026,3,2026_03_BAL_DAL,DAL,BAL,2026-09-27T20:25:00Z,betrivers,player_anytime_td,anytime_td,Tyler Goodson,,1600,
2026-09-23T19-31-23Z,2026,3,2026_03_BAL_DAL,DAL,BAL,2026-09-27T20:25:00Z,betrivers,player_anytime_td,anytime_td,CeeDee Lamb,,112,
2026-09-23T19-31-23Z,2026,3,2026_03_BAL_DAL,DAL,BAL,2026-09-27T20:25:00Z,betrivers,player_anytime_td,anytime_td,Chris Moore,,510,
2026-09-23T19-31-23Z,2026,3,2026_03_BAL_DAL,DAL,BAL,2026-09-27T20:25:00Z,betrivers,player_anytime_td,anytime_td,Zay Flowers,,106,
2026-09-23T19-31-23Z,2026,3,2026_03_BAL_DAL,DAL,BAL,2026-09-27T20:25:00Z,betrivers,player_anytime_td,anytime_td,Brevyn Spann-Ford,,1500,
2026-09-23T19-31-23Z,2026,3,2026_03_BAL_DAL,DAL,BAL,2026-09-27T20:25:00Z,betrivers,player_anytime_td,anytime_td,Jake Ferguson,,270,
2026-09-23T19-31-23Z,2026,3,2026_03_BAL_DAL,DAL,BAL,2026-09-27T20:25:00Z,betrivers,player_anytime_td,anytime_td,Luke Schoonmaker,,1300,
2026-09-23T19-31-23Z,2026,3,2026_03_BAL_DAL,DAL,BAL,2026-09-27T20:25:00Z,betrivers,player_anytime_td,anytime_td,Camden Brown,,2000,
2026-09-23T19-31-23Z,2026,3,2026_03_BAL_DAL,DAL,BAL,2026-09-27T20:25:00Z,betrivers,player_anytime_td,anytime_td,Matthew Hibner,,2200,
2026-09-23T19-31-23Z,2026,3,2026_03_BAL_DAL,DAL,BAL,2026-09-27T20:25:00Z,betrivers,player_anytime_td,anytime_td,George Pickens,,160,
2026-09-23T19-31-23Z,2026,3,2026_03_BAL_DAL,DAL,BAL,2026-09-27T20:25:00Z,betrivers,player_anytime_td,anytime_td,Lamar Jackson,,180,
2026-09-23T19-31-23Z,2026,3,2026_03_BAL_DAL,DAL,BAL,2026-09-27T20:25:00Z,betrivers,player_anytime_td,anytime_td,Devontez Walker,,800,
2026-09-23T19-31-23Z,2026,3,2026_03_BAL_DAL,DAL,BAL,2026-09-27T20:25:00Z,betrivers,player_anytime_td,anytime_td,Hunter Luepke,,1050,
2026-09-23T19-31-23Z,2026,3,2026_03_BAL_DAL,DAL,BAL,2026-09-27T20:25:00Z,betrivers,player_anytime_td,anytime_td,Josh Cuevas,,2200,
2026-09-23T19-31-23Z,2026,3,2026_03_BAL_DAL,DAL,BAL,2026-09-27T20:25:00Z,betrivers,player_anytime_td,anytime_td,Javonte Williams,,-190,
2026-09-23T19-31-23Z,2026,3,2026_03_BAL_DAL,DAL,BAL,2026-09-27T20:25:00Z,betrivers,player_anytime_td,anytime_td,Rasheen Ali,,2400,
2026-09-23T19-31-23Z,2026,3,2026_03_BAL_DAL,DAL,BAL,2026-09-27T20:25:00Z,betrivers,player_pass_yds,pass_yards,Dak Prescott,268.5,-114,-115.0
2026-09-23T19-31-23Z,2026,3,2026_03_BAL_DAL,DAL,BAL,2026-09-27T20:25:00Z,betrivers,player_pass_yds,pass_yards,Lamar Jackson,239.5,-115,-115.0
2026-09-23T19-31-23Z,2026,3,2026_03_BAL_DAL,DAL,BAL,2026-09-27T20:25:00Z,betrivers,player_reception_yds,rec_yards,George Pickens,59.5,-117,-114.0
2026-09-23T19-31-23Z,2026,3,2026_03_BAL_DAL,DAL,BAL,2026-09-27T20:25:00Z,betrivers,player_reception_yds,rec_yards,Javonte Williams,16.5,-113,-118.0
2026-09-23T19-31-23Z,2026,3,2026_03_BAL_DAL,DAL,BAL,2026-09-27T20:25:00Z,betrivers,player_reception_yds,rec_yards,CeeDee Lamb,84.5,-117,-114.0
2026-09-23T19-31-23Z,2026,3,2026_03_BAL_DAL,DAL,BAL,2026-09-27T20:25:00Z,betrivers,player_reception_yds,rec_yards,Zay Flowers,72.5,-115,-115.0
2026-09-23T19-31-23Z,2026,3,2026_03_BAL_DAL,DAL,BAL,2026-09-27T20:25:00Z,betrivers,player_reception_yds,rec_yards,Jake Ferguson,27.5,-114,-117.0
2026-09-23T19-31-23Z,2026,3,2026_03_BAL_DAL,DAL,BAL,2026-09-27T20:25:00Z,betrivers,player_receptions,rec_catches,Javonte Williams,2.5,-175,
2026-09-23T19-31-23Z,2026,3,2026_03_BAL_DAL,DAL,BAL,2026-09-27T20:25:00Z,betrivers,player_receptions,rec_catches,George Pickens,5.5,112,
2026-09-23T19-31-23Z,2026,3,2026_03_BAL_DAL,DAL,BAL,2026-09-27T20:25:00Z,betrivers,player_receptions,rec_catches,CeeDee Lamb,6.5,-148,
2026-09-23T19-31-23Z,2026,3,2026_03_BAL_DAL,DAL,BAL,2026-09-27T20:25:00Z,betrivers,player_receptions,rec_catches,Jake Ferguson,3.5,-121,
2026-09-23T19-31-23Z,2026,3,2026_03_BAL_DAL,DAL,BAL,2026-09-27T20:25:00Z,betrivers,player_receptions,rec_catches,Zay Flowers,5.5,114,
2026-09-23T19-31-23Z,2026,3,2026_03_BAL_DAL,DAL,BAL,2026-09-27T20:25:00Z,betrivers,player_rush_yds,rush_yards,Derrick Henry,89.5,-115,-115.0
2026-09-23T19-31-23Z,2026,3,2026_03_BAL_DAL,DAL,BAL,2026-09-27T20:25:00Z,betrivers,player_rush_yds,rush_yards,Javonte Williams,60.5,-114,-117.0
2026-09-23T19-31-23Z,2026,3,2026_03_BAL_DAL,DAL,BAL,2026-09-27T20:25:00Z,betrivers,player_rush_yds,rush_yards,Dak Prescott,13.5,-113,-118.0
2026-09-23T19-31-23Z,2026,3,2026_03_BAL_DAL,DAL,BAL,2026-09-27T20:25:00Z,betrivers,player_rush_yds,rush_yards,Lamar Jackson,37.5,-113,-118.0
2026-09-23T19-31-23Z,2026,3,2026_03_BAL_DAL,DAL,BAL,2026-09-27T20:25:00Z,betonlineag,player_anytime_td,anytime_td,Lamar Jackson,,160,
2026-09-23T19-31-23Z,2026,3,2026_03_BAL_DAL,DAL,BAL,2026-09-27T20:25:00Z,betonlineag,player_anytime_td,anytime_td,Jake Ferguson,,260,
2026-09-23T19-31-23Z,2026,3,2026_03_BAL_DAL,DAL,BAL,2026-09-27T20:25:00Z,betonlineag,player_anytime_td,anytime_td,KaVontae Turpin,,900,
2026-09-23T19-31-23Z,2026,3,2026_03_BAL_DAL,DAL,BAL,2026-09-27T20:25:00Z,betonlineag,player_anytime_td,anytime_td,Dak Prescott,,500,
2026-09-23T19-31-23Z,2026,3,2026_03_BAL_DAL,DAL,BAL,2026-09-27T20:25:00Z,betonlineag,player_anytime_td,anytime_td,Justice Hill,,500,
2026-09-23T19-31-23Z,2026,3,2026_03_BAL_DAL,DAL,BAL,2026-09-27T20:25:00Z,betonlineag,player_anytime_td,anytime_td,Mark Andrews,,120,
2026-09-23T19-31-23Z,2026,3,2026_03_BAL_DAL,DAL,BAL,2026-09-27T20:25:00Z,betonlineag,player_anytime_td,anytime_td,CeeDee Lamb,,110,
2026-09-23T19-31-23Z,2026,3,2026_03_BAL_DAL,DAL,BAL,2026-09-27T20:25:00Z,betonlineag,player_anytime_td,anytime_td,Rashod Bateman,,150,
2026-09-23T19-31-23Z,2026,3,2026_03_BAL_DAL,DAL,BAL,2026-09-27T20:25:00Z,betonlineag,player_anytime_td,anytime_td,Derrick Henry,,-333,
2026-09-23T19-31-23Z,2026,3,2026_03_BAL_DAL,DAL,BAL,2026-09-27T20:25:00Z,betonlineag,player_anytime_td,anytime_td,Brevyn Spann-Ford,,1400,
2026-09-23T19-31-23Z,2026,3,2026_03_BAL_DAL,DAL,BAL,2026-09-27T20:25:00Z,betonlineag,player_anytime_td,anytime_td,Chris Moore,,350,
2026-09-23T19-31-23Z,2026,3,2026_03_BAL_DAL,DAL,BAL,2026-09-27T20:25:00Z,betonlineag,player_anytime_td,anytime_td,Devontez Walker,,700,
2026-09-23T19-31-23Z,2026,3,2026_03_BAL_DAL,DAL,BAL,2026-09-27T20:25:00Z,betonlineag,player_anytime_td,anytime_td,Rasheen Ali,,1900,
2026-09-23T19-31-23Z,2026,3,2026_03_BAL_DAL,DAL,BAL,2026-09-27T20:25:00Z,betonlineag,player_anytime_td,anytime_td,Hunter Luepke,,1100,
2026-09-23T19-31-23Z,2026,3,2026_03_BAL_DAL,DAL,BAL,2026-09-27T20:25:00Z,betonlineag,player_anytime_td,anytime_td,Ryan Flournoy,,350,
2026-09-23T19-31-23Z,2026,3,2026_03_BAL_DAL,DAL,BAL,2026-09-27T20:25:00Z,betonlineag,player_anytime_td,anytime_td,Luke Schoonmaker,,1400,
2026-09-23T19-31-23Z,2026,3,2026_03_BAL_DAL,DAL,BAL,2026-09-27T20:25:00Z,betonlineag,player_anytime_td,anytime_td,Zay Flowers,,100,
2026-09-23T19-31-23Z,2026,3,2026_03_BAL_DAL,DAL,BAL,2026-09-27T20:25:00Z,betonlineag,player_anytime_td,anytime_td,LaJohntay Wester,,450,
2026-09-23T19-31-23Z,2026,3,2026_03_BAL_DAL,DAL,BAL,2026-09-27T20:25:00Z,betonlineag,player_anytime_td,anytime_td,Durham Smythe,,700,
2026-09-23T19-31-23Z,2026,3,2026_03_BAL_DAL,DAL,BAL,2026-09-27T20:25:00Z,betonlineag,player_anytime_td,anytime_td,Javonte Williams,,-200,
2026-09-23T19-31-23Z,2026,3,2026_03_BAL_DAL,DAL,BAL,2026-09-27T20:25:00Z,betonlineag,player_anytime_td,anytime_td,Josh Cuevas,,1400,
2026-09-23T19-31-23Z,2026,3,2026_03_BAL_DAL,DAL,BAL,2026-09-27T20:25:00Z,betonlineag,player_anytime_td,anytime_td,Jonathan Mingo,,1900,
2026-09-23T19-31-23Z,2026,3,2026_03_BAL_DAL,DAL,BAL,2026-09-27T20:25:00Z,betonlineag,player_anytime_td,anytime_td,George Pickens,,150,
2026-09-23T19-31-23Z,2026,3,2026_03_BAL_DAL,DAL,BAL,2026-09-27T20:25:00Z,betonlineag,player_anytime_td,anytime_td,Matthew Hibner,,1400,
2026-09-23T19-31-23Z,2026,3,2026_03_BAL_DAL,DAL,BAL,2026-09-27T20:25:00Z,betonlineag,player_anytime_td,anytime_td,Camden Brown,,1900,
2026-09-23T19-31-23Z,2026,3,2026_03_BAL_DAL,DAL,BAL,2026-09-27T20:25:00Z,betonlineag,player_anytime_td,anytime_td,Elijah Sarratt,,1300,
2026-09-23T19-31-23Z,2026,3,2026_03_BAL_DAL,DAL,BAL,2026-09-27T20:25:00Z,betonlineag,player_pass_yds,pass_yards,Lamar Jackson,236.5,-114,-114.0
2026-09-23T19-31-23Z,2026,3,2026_03_BAL_DAL,DAL,BAL,2026-09-27T20:25:00Z,betonlineag,player_pass_yds,pass_yards,Dak Prescott,263.5,-114,-114.0
2026-09-23T19-31-23Z,2026,3,2026_03_BAL_DAL,DAL,BAL,2026-09-27T20:25:00Z,betonlineag,player_reception_yds,rec_yards,George Pickens,59.5,-114,-114.0
2026-09-23T19-31-23Z,2026,3,2026_03_BAL_DAL,DAL,BAL,2026-09-27T20:25:00Z,betonlineag,player_reception_yds,rec_yards,CeeDee Lamb,84.5,-114,-114.0
2026-09-23T19-31-23Z,2026,3,2026_03_BAL_DAL,DAL,BAL,2026-09-27T20:25:00Z,betonlineag,player_reception_yds,rec_yards,Jake Ferguson,28.5,-114,-114.0
2026-09-23T19-31-23Z,2026,3,2026_03_BAL_DAL,DAL,BAL,2026-09-27T20:25:00Z,betonlineag,player_reception_yds,rec_yards,Javonte Williams,17.5,-114,-114.0
2026-09-23T19-31-23Z,2026,3,2026_03_BAL_DAL,DAL,BAL,2026-09-27T20:25:00Z,betonlineag,player_reception_yds,rec_yards,Zay Flowers,71.5,-114,-114.0
2026-09-23T19-31-23Z,2026,3,2026_03_BAL_DAL,DAL,BAL,2026-09-27T20:25:00Z,betonlineag,player_receptions,rec_catches,CeeDee Lamb,6.5,-145,111.0
2026-09-23T19-31-23Z,2026,3,2026_03_BAL_DAL,DAL,BAL,2026-09-27T20:25:00Z,betonlineag,player_receptions,rec_catches,George Pickens,5.5,113,-147.0
2026-09-23T19-31-23Z,2026,3,2026_03_BAL_DAL,DAL,BAL,2026-09-27T20:25:00Z,betonlineag,player_receptions,rec_catches,Jake Ferguson,3.5,-119,-109.0
2026-09-23T19-31-23Z,2026,3,2026_03_BAL_DAL,DAL,BAL,2026-09-27T20:25:00Z,betonlineag,player_receptions,rec_catches,Javonte Williams,2.5,-164,125.0
2026-09-23T19-31-23Z,2026,3,2026_03_BAL_DAL,DAL,BAL,2026-09-27T20:25:00Z,betonlineag,player_receptions,rec_catches,Zay Flowers,5.5,122,-159.0
2026-09-23T19-31-23Z,2026,3,2026_03_BAL_DAL,DAL,BAL,2026-09-27T20:25:00Z,betonlineag,player_rush_yds,rush_yards,Javonte Williams,58.5,-114,-114.0
2026-09-23T19-31-23Z,2026,3,2026_03_BAL_DAL,DAL,BAL,2026-09-27T20:25:00Z,betonlineag,player_rush_yds,rush_yards,Dak Prescott,12.5,-114,-114.0
2026-09-23T19-31-23Z,2026,3,2026_03_BAL_DAL,DAL,BAL,2026-09-27T20:25:00Z,betonlineag,player_rush_yds,rush_yards,Derrick Henry,89.5,-111,-116.0
2026-09-23T19-31-23Z,2026,3,2026_03_BAL_DAL,DAL,BAL,2026-09-27T20:25:00Z,betonlineag,player_rush_yds,rush_yards,Lamar Jackson,38.5,-114,-114.0
2026-09-23T19-31-23Z,2026,3,2026_03_LV_NO,NO,LV,2026-09-27T20:25:00Z,draftkings,player_anytime_td,anytime_td,Ashton Jeanty,,-110,
2026-09-23T19-31-23Z,2026,3,2026_03_LV_NO,NO,LV,2026-09-27T20:25:00Z,draftkings,player_anytime_td,anytime_td,Alvin Kamara,,120,
2026-09-23T19-31-23Z,2026,3,2026_03_LV_NO,NO,LV,2026-09-27T20:25:00Z,draftkings,player_anytime_td,anytime_td,Chris Olave,,165,
2026-09-23T19-31-23Z,2026,3,2026_03_LV_NO,NO,LV,2026-09-27T20:25:00Z,draftkings,player_anytime_td,anytime_td,Brock Bowers,,200,
2026-09-23T19-31-23Z,2026,3,2026_03_LV_NO,NO,LV,2026-09-27T20:25:00Z,draftkings,player_anytime_td,anytime_td,Tre Tucker,,275,
2026-09-23T19-31-23Z,2026,3,2026_03_LV_NO,NO,LV,2026-09-27T20:25:00Z,draftkings,player_anytime_td,anytime_td,Juwan Johnson,,295,
2026-09-23T19-31-23Z,2026,3,2026_03_LV_NO,NO,LV,2026-09-27T20:25:00Z,draftkings,player_anytime_td,anytime_td,Michael Mayer,,360,
2026-09-23T19-31-23Z,2026,3,2026_03_LV_NO,NO,LV,2026-09-27T20:25:00Z,draftkings,player_anytime_td,anytime_td,Jalen Nailor,,360,
2026-09-23T19-31-23Z,2026,3,2026_03_LV_NO,NO,LV,2026-09-27T20:25:00Z,draftkings,player_anytime_td,anytime_td,Mike Washington Jr.,,425,
2026-09-23T19-31-23Z,2026,3,2026_03_LV_NO,NO,LV,2026-09-27T20:25:00Z,draftkings,player_anytime_td,anytime_td,Jack Bech,,500,
2026-09-23T19-31-23Z,2026,3,2026_03_LV_NO,NO,LV,2026-09-27T20:25:00Z,draftkings,player_anytime_td,anytime_td,New Orleans Saints D/ST,,700,
2026-09-23T19-31-23Z,2026,3,2026_03_LV_NO,NO,LV,2026-09-27T20:25:00Z,draftkings,player_anytime_td,anytime_td,Las Vegas Raiders D/ST,,800,
2026-09-23T19-31-23Z,2026,3,2026_03_LV_NO,NO,LV,2026-09-27T20:25:00Z,draftkings,player_anytime_td,anytime_td,Kirk Cousins,,1900,
2026-09-23T19-31-23Z,2026,3,2026_03_LV_NO,NO,LV,2026-09-27T20:25:00Z,draftkings,player_pass_yds,pass_yards,Tyler Shough,241.5,-113,-111.0
2026-09-23T19-31-23Z,2026,3,2026_03_LV_NO,NO,LV,2026-09-27T20:25:00Z,draftkings,player_pass_yds,pass_yards,Kirk Cousins,213.5,-113,-111.0
2026-09-23T19-31-23Z,2026,3,2026_03_LV_NO,NO,LV,2026-09-27T20:25:00Z,fanduel,player_anytime_td,anytime_td,Ashton Jeanty,,-120,
2026-09-23T19-31-23Z,2026,3,2026_03_LV_NO,NO,LV,2026-09-27T20:25:00Z,fanduel,player_anytime_td,anytime_td,Travis Etienne Jr.,,145,
2026-09-23T19-31-23Z,2026,3,2026_03_LV_NO,NO,LV,2026-09-27T20:25:00Z,fanduel,player_anytime_td,anytime_td,Chris Olave,,145,
2026-09-23T19-31-23Z,2026,3,2026_03_LV_NO,NO,LV,2026-09-27T20:25:00Z,fanduel,player_anytime_td,anytime_td,Alvin Kamara,,160,
2026-09-23T19-31-23Z,2026,3,2026_03_LV_NO,NO,LV,2026-09-27T20:25:00Z,fanduel,player_anytime_td,anytime_td,Brock Bowers,,200,
2026-09-23T19-31-23Z,2026,3,2026_03_LV_NO,NO,LV,2026-09-27T20:25:00Z,fanduel,player_anytime_td,anytime_td,Tyler Shough,,270,
2026-09-23T19-31-23Z,2026,3,2026_03_LV_NO,NO,LV,2026-09-27T20:25:00Z,fanduel,player_anytime_td,anytime_td,Juwan Johnson,,280,
2026-09-23T19-31-23Z,2026,3,2026_03_LV_NO,NO,LV,2026-09-27T20:25:00Z,fanduel,player_anytime_td,anytime_td,Tre Tucker,,290,
2026-09-23T19-31-23Z,2026,3,2026_03_LV_NO,NO,LV,2026-09-27T20:25:00Z,fanduel,player_anytime_td,anytime_td,Michael Mayer,,310,
2026-09-23T19-31-23Z,2026,3,2026_03_LV_NO,NO,LV,2026-09-27T20:25:00Z,fanduel,player_anytime_td,anytime_td,Devaughn Vele,,320,
2026-09-23T19-31-23Z,2026,3,2026_03_LV_NO,NO,LV,2026-09-27T20:25:00Z,fanduel,player_anytime_td,anytime_td,Jalen Nailor,,410,
2026-09-23T19-31-23Z,2026,3,2026_03_LV_NO,NO,LV,2026-09-27T20:25:00Z,fanduel,player_anytime_td,anytime_td,Mike Washington Jr.,,450,
2026-09-23T19-31-23Z,2026,3,2026_03_LV_NO,NO,LV,2026-09-27T20:25:00Z,fanduel,player_anytime_td,anytime_td,New Orleans Saints Defense,,550,
2026-09-23T19-31-23Z,2026,3,2026_03_LV_NO,NO,LV,2026-09-27T20:25:00Z,fanduel,player_anytime_td,anytime_td,Noah Fant,,600,
2026-09-23T19-31-23Z,2026,3,2026_03_LV_NO,NO,LV,2026-09-27T20:25:00Z,fanduel,player_anytime_td,anytime_td,Las Vegas Raiders Defense,,600,
2026-09-23T19-31-23Z,2026,3,2026_03_LV_NO,NO,LV,2026-09-27T20:25:00Z,fanduel,player_anytime_td,anytime_td,Kirk Cousins,,1800,
2026-09-23T19-31-23Z,2026,3,2026_03_LV_NO,NO,LV,2026-09-27T20:25:00Z,fanduel,player_pass_yds,pass_yards,Tyler Shough,252.5,-114,-114.0
2026-09-23T19-31-23Z,2026,3,2026_03_LV_NO,NO,LV,2026-09-27T20:25:00Z,fanduel,player_pass_yds,pass_yards,Kirk Cousins,211.5,-114,-114.0
2026-09-23T19-31-23Z,2026,3,2026_03_LV_NO,NO,LV,2026-09-27T20:25:00Z,betrivers,player_anytime_td,anytime_td,Juwan Johnson,,260,
2026-09-23T19-31-23Z,2026,3,2026_03_LV_NO,NO,LV,2026-09-27T20:25:00Z,betrivers,player_anytime_td,anytime_td,Ian Thomas,,1500,
2026-09-23T19-31-23Z,2026,3,2026_03_LV_NO,NO,LV,2026-09-27T20:25:00Z,betrivers,player_anytime_td,anytime_td,Noah Fant,,540,
2026-09-23T19-31-23Z,2026,3,2026_03_LV_NO,NO,LV,2026-09-27T20:25:00Z,betrivers,player_anytime_td,anytime_td,Barion Brown,,1300,
2026-09-23T19-31-23Z,2026,3,2026_03_LV_NO,NO,LV,2026-09-27T20:25:00Z,betrivers,player_anytime_td,anytime_td,Connor Heyward,,1700,
2026-09-23T19-31-23Z,2026,3,2026_03_LV_NO,NO,LV,2026-09-27T20:25:00Z,betrivers,player_anytime_td,anytime_td,Brock Bowers,,175,
2026-09-23T19-31-23Z,2026,3,2026_03_LV_NO,NO,LV,2026-09-27T20:25:00Z,betrivers,player_anytime_td,anytime_td,Chris Olave,,143,
2026-09-23T19-31-23Z,2026,3,2026_03_LV_NO,NO,LV,2026-09-27T20:25:00Z,betrivers,player_anytime_td,anytime_td,Michael Mayer,,475,
2026-09-23T19-31-23Z,2026,3,2026_03_LV_NO,NO,LV,2026-09-27T20:25:00Z,betrivers,player_anytime_td,anytime_td,Alvin Kamara,,190,
2026-09-23T19-31-23Z,2026,3,2026_03_LV_NO,NO,LV,2026-09-27T20:25:00Z,betrivers,player_anytime_td,anytime_td,Kevin Austin,,1600,
2026-09-23T19-31-23Z,2026,3,2026_03_LV_NO,NO,LV,2026-09-27T20:25:00Z,betrivers,player_anytime_td,anytime_td,Devaughn Vele,,310,
2026-09-23T19-31-23Z,2026,3,2026_03_LV_NO,NO,LV,2026-09-27T20:25:00Z,betrivers,player_anytime_td,anytime_td,Tyler Shough,,275,
2026-09-23T19-31-23Z,2026,3,2026_03_LV_NO,NO,LV,2026-09-27T20:25:00Z,betrivers,player_anytime_td,anytime_td,Kendre Miller,,500,
2026-09-23T19-31-23Z,2026,3,2026_03_LV_NO,NO,LV,2026-09-27T20:25:00Z,betrivers,player_anytime_td,anytime_td,Travis Etienne Jr.,,135,
2026-09-23T19-31-23Z,2026,3,2026_03_LV_NO,NO,LV,2026-09-27T20:25:00Z,betrivers,player_anytime_td,anytime_td,Dylan Laube,,1300,
2026-09-23T19-31-23Z,2026,3,2026_03_LV_NO,NO,LV,2026-09-27T20:25:00Z,betrivers,player_anytime_td,anytime_td,Dareke Young,,2200,
2026-09-23T19-31-23Z,2026,3,2026_03_LV_NO,NO,LV,2026-09-27T20:25:00Z,betrivers,player_anytime_td,anytime_td,Bryce Lance,,425,
2026-09-23T19-31-23Z,2026,3,2026_03_LV_NO,NO,LV,2026-09-27T20:25:00Z,betrivers,player_anytime_td,anytime_td,Cody White,,600,
2026-09-23T19-31-23Z,2026,3,2026_03_LV_NO,NO,LV,2026-09-27T20:25:00Z,betrivers,player_anytime_td,anytime_td,Kirk Cousins,,1300,
2026-09-23T19-31-23Z,2026,3,2026_03_LV_NO,NO,LV,2026-09-27T20:25:00Z,betrivers,player_anytime_td,anytime_td,Oscar Delp,,950,
2026-09-23T19-31-23Z,2026,3,2026_03_LV_NO,NO,LV,2026-09-27T20:25:00Z,betrivers,player_anytime_td,anytime_td,Tre Tucker,,300,
2026-09-23T19-31-23Z,2026,3,2026_03_LV_NO,NO,LV,2026-09-27T20:25:00Z,betrivers,player_anytime_td,anytime_td,Ashton Jeanty,,-124,
2026-09-23T19-31-23Z,2026,3,2026_03_LV_NO,NO,LV,2026-09-27T20:25:00Z,betrivers,player_anytime_td,anytime_td,Malik Benson,,1050,
2026-09-23T19-31-23Z,2026,3,2026_03_LV_NO,NO,LV,2026-09-27T20:25:00Z,betrivers,player_anytime_td,anytime_td,Mike Washington Jr.,,420,
2026-09-23T19-31-23Z,2026,3,2026_03_LV_NO,NO,LV,2026-09-27T20:25:00Z,betrivers,player_anytime_td,anytime_td,Jalen Nailor,,400,
2026-09-23T19-31-23Z,2026,3,2026_03_LV_NO,NO,LV,2026-09-27T20:25:00Z,betrivers,player_anytime_td,anytime_td,Jack Bech,,600,
2026-09-23T19-31-23Z,2026,3,2026_03_LV_NO,NO,LV,2026-09-27T20:25:00Z,betrivers,player_pass_yds,pass_yards,Tyler Shough,249.5,-117,-114.0
2026-09-23T19-31-23Z,2026,3,2026_03_LV_NO,NO,LV,2026-09-27T20:25:00Z,betrivers,player_pass_yds,pass_yards,Kirk Cousins,214.5,-117,-114.0
2026-09-23T19-31-23Z,2026,3,2026_03_LV_NO,NO,LV,2026-09-27T20:25:00Z,betonlineag,player_anytime_td,anytime_td,Chris Olave,,140,
2026-09-23T19-31-23Z,2026,3,2026_03_LV_NO,NO,LV,2026-09-27T20:25:00Z,betonlineag,player_anytime_td,anytime_td,Juwan Johnson,,250,
2026-09-23T19-31-23Z,2026,3,2026_03_LV_NO,NO,LV,2026-09-27T20:25:00Z,betonlineag,player_anytime_td,anytime_td,Alvin Kamara,,160,
2026-09-23T19-31-23Z,2026,3,2026_03_LV_NO,NO,LV,2026-09-27T20:25:00Z,betonlineag,player_anytime_td,anytime_td,Tre Tucker,,260,
2026-09-23T19-31-23Z,2026,3,2026_03_LV_NO,NO,LV,2026-09-27T20:25:00Z,betonlineag,player_anytime_td,anytime_td,Kendre Miller,,500,
2026-09-23T19-31-23Z,2026,3,2026_03_LV_NO,NO,LV,2026-09-27T20:25:00Z,betonlineag,player_anytime_td,anytime_td,Tyler Shough,,220,
2026-09-23T19-31-23Z,2026,3,2026_03_LV_NO,NO,LV,2026-09-27T20:25:00Z,betonlineag,player_anytime_td,anytime_td,Ashton Jeanty,,-125,
2026-09-23T19-31-23Z,2026,3,2026_03_LV_NO,NO,LV,2026-09-27T20:25:00Z,betonlineag,player_anytime_td,anytime_td,Michael Mayer,,300,
2026-09-23T19-31-23Z,2026,3,2026_03_LV_NO,NO,LV,2026-09-27T20:25:00Z,betonlineag,player_anytime_td,anytime_td,Brock Bowers,,200,
2026-09-23T19-31-23Z,2026,3,2026_03_LV_NO,NO,LV,2026-09-27T20:25:00Z,betonlineag,player_anytime_td,anytime_td,Jack Bech,,450,
2026-09-23T19-31-23Z,2026,3,2026_03_LV_NO,NO,LV,2026-09-27T20:25:00Z,betonlineag,player_anytime_td,anytime_td,Dylan Laube,,1400,
2026-09-23T19-31-23Z,2026,3,2026_03_LV_NO,NO,LV,2026-09-27T20:25:00Z,betonlineag,player_anytime_td,anytime_td,Ian Thomas,,1900,
2026-09-23T19-31-23Z,2026,3,2026_03_LV_NO,NO,LV,2026-09-27T20:25:00Z,betonlineag,player_anytime_td,anytime_td,Kirk Cousins,,1400,
2026-09-23T19-31-23Z,2026,3,2026_03_LV_NO,NO,LV,2026-09-27T20:25:00Z,betonlineag,player_anytime_td,anytime_td,Noah Fant,,500,
2026-09-23T19-31-23Z,2026,3,2026_03_LV_NO,NO,LV,2026-09-27T20:25:00Z,betonlineag,player_anytime_td,anytime_td,Connor Heyward,,1900,
2026-09-23T19-31-23Z,2026,3,2026_03_LV_NO,NO,LV,2026-09-27T20:25:00Z,betonlineag,player_anytime_td,anytime_td,Jalen Nailor,,400,
2026-09-23T19-31-23Z,2026,3,2026_03_LV_NO,NO,LV,2026-09-27T20:25:00Z,betonlineag,player_anytime_td,anytime_td,Mike Washington Jr.,,300,
2026-09-23T19-31-23Z,2026,3,2026_03_LV_NO,NO,LV,2026-09-27T20:25:00Z,betonlineag,player_anytime_td,anytime_td,Malik Benson,,1000,
2026-09-23T19-31-23Z,2026,3,2026_03_LV_NO,NO,LV,2026-09-27T20:25:00Z,betonlineag,player_anytime_td,anytime_td,Devaughn Vele,,250,
2026-09-23T19-31-23Z,2026,3,2026_03_LV_NO,NO,LV,2026-09-27T20:25:00Z,betonlineag,player_anytime_td,anytime_td,Dareke Young,,1900,
2026-09-23T19-31-23Z,2026,3,2026_03_LV_NO,NO,LV,2026-09-27T20:25:00Z,betonlineag,player_anytime_td,anytime_td,Travis Etienne Jr.,,110,
2026-09-23T19-31-23Z,2026,3,2026_03_LV_NO,NO,LV,2026-09-27T20:25:00Z,betonlineag,player_anytime_td,anytime_td,Barion Brown,,1400,
2026-09-23T19-31-23Z,2026,3,2026_03_LV_NO,NO,LV,2026-09-27T20:25:00Z,betonlineag,player_anytime_td,anytime_td,Bryce Lance,,350,
2026-09-23T19-31-23Z,2026,3,2026_03_LV_NO,NO,LV,2026-09-27T20:25:00Z,betonlineag,player_anytime_td,anytime_td,Oscar Delp,,1100,
2026-09-23T19-31-23Z,2026,3,2026_03_LV_NO,NO,LV,2026-09-27T20:25:00Z,betonlineag,player_pass_yds,pass_yards,Tyler Shough,252.5,-114,-114.0
2026-09-23T19-31-23Z,2026,3,2026_03_LV_NO,NO,LV,2026-09-27T20:25:00Z,betonlineag,player_pass_yds,pass_yards,Kirk Cousins,211.5,-114,-114.0
2026-09-23T19-31-23Z,2026,3,2026_03_LV_NO,NO,LV,2026-09-27T20:25:00Z,betmgm,player_anytime_td,anytime_td,Juwan Johnson,,250,
2026-09-23T19-31-23Z,2026,3,2026_03_LV_NO,NO,LV,2026-09-27T20:25:00Z,betmgm,player_anytime_td,anytime_td,Chris Olave,,135,
2026-09-23T19-31-23Z,2026,3,2026_03_LV_NO,NO,LV,2026-09-27T20:25:00Z,betmgm,player_anytime_td,anytime_td,Devaughn Vele,,210,
2026-09-23T19-31-23Z,2026,3,2026_03_LV_NO,NO,LV,2026-09-27T20:25:00Z,betmgm,player_anytime_td,anytime_td,Bryce Lance,,450,
2026-09-23T19-31-23Z,2026,3,2026_03_LV_NO,NO,LV,2026-09-27T20:25:00Z,betmgm,player_anytime_td,anytime_td,Alvin Kamara,,180,
2026-09-23T19-31-23Z,2026,3,2026_03_LV_NO,NO,LV,2026-09-27T20:25:00Z,betmgm,player_anytime_td,anytime_td,Michael Mayer,,340,
2026-09-23T19-31-23Z,2026,3,2026_03_LV_NO,NO,LV,2026-09-27T20:25:00Z,betmgm,player_anytime_td,anytime_td,Brock Bowers,,165,
2026-09-23T19-31-23Z,2026,3,2026_03_LV_NO,NO,LV,2026-09-27T20:25:00Z,betmgm,player_anytime_td,anytime_td,Noah Fant,,575,
2026-09-23T19-31-23Z,2026,3,2026_03_LV_NO,NO,LV,2026-09-27T20:25:00Z,betmgm,player_anytime_td,anytime_td,Ashton Jeanty,,-155,
2026-09-23T19-31-23Z,2026,3,2026_03_LV_NO,NO,LV,2026-09-27T20:25:00Z,betmgm,player_anytime_td,anytime_td,Tre Tucker,,310,
2026-09-23T19-31-23Z,2026,3,2026_03_LV_NO,NO,LV,2026-09-27T20:25:00Z,betmgm,player_anytime_td,anytime_td,Travis Etienne Jr.,,130,
2026-09-23T19-31-23Z,2026,3,2026_03_LV_NO,NO,LV,2026-09-27T20:25:00Z,betmgm,player_anytime_td,anytime_td,Mike Washington Jr.,,475,
2026-09-23T19-31-23Z,2026,3,2026_03_LV_NO,NO,LV,2026-09-27T20:25:00Z,betmgm,player_anytime_td,anytime_td,Tyler Shough,,280,
2026-09-23T19-31-23Z,2026,3,2026_03_LV_NO,NO,LV,2026-09-27T20:25:00Z,betmgm,player_anytime_td,anytime_td,Jack Bech,,625,
2026-09-23T19-31-23Z,2026,3,2026_03_LV_NO,NO,LV,2026-09-27T20:25:00Z,betmgm,player_anytime_td,anytime_td,Jalen Nailor,,475,
2026-09-23T19-31-23Z,2026,3,2026_03_LV_NO,NO,LV,2026-09-27T20:25:00Z,betmgm,player_anytime_td,anytime_td,Kirk Cousins,,1300,
2026-09-23T19-31-23Z,2026,3,2026_03_LV_NO,NO,LV,2026-09-27T20:25:00Z,betmgm,player_anytime_td,anytime_td,New Orleans Saints D/ST,,500,
2026-09-23T19-31-23Z,2026,3,2026_03_LV_NO,NO,LV,2026-09-27T20:25:00Z,betmgm,player_anytime_td,anytime_td,Las Vegas Raiders D/ST,,500,
2026-09-23T19-31-23Z,2026,3,2026_03_LV_NO,NO,LV,2026-09-27T20:25:00Z,bovada,player_anytime_td,anytime_td,Ashton Jeanty,,-114,
2026-09-23T19-31-23Z,2026,3,2026_03_LV_NO,NO,LV,2026-09-27T20:25:00Z,bovada,player_anytime_td,anytime_td,Chris Olave,,165,
2026-09-23T19-31-23Z,2026,3,2026_03_LV_NO,NO,LV,2026-09-27T20:25:00Z,bovada,player_anytime_td,anytime_td,Juwan Johnson,,295,
2026-09-23T19-31-23Z,2026,3,2026_03_LV_NO,NO,LV,2026-09-27T20:25:00Z,bovada,player_anytime_td,anytime_td,Alvin Kamara,,120,
2026-09-23T19-31-23Z,2026,3,2026_03_LV_NO,NO,LV,2026-09-27T20:25:00Z,bovada,player_anytime_td,anytime_td,Mike Washington Jr.,,420,
2026-09-23T19-31-23Z,2026,3,2026_03_LV_NO,NO,LV,2026-09-27T20:25:00Z,bovada,player_anytime_td,anytime_td,Tre Tucker,,275,
2026-09-23T19-31-23Z,2026,3,2026_03_LV_NO,NO,LV,2026-09-27T20:25:00Z,bovada,player_anytime_td,anytime_td,Jalen Nailor,,360,
2026-09-23T19-31-23Z,2026,3,2026_03_LV_NO,NO,LV,2026-09-27T20:25:00Z,bovada,player_anytime_td,anytime_td,Jack Bech,,500,
2026-09-23T19-31-23Z,2026,3,2026_03_LV_NO,NO,LV,2026-09-27T20:25:00Z,bovada,player_anytime_td,anytime_td,Michael Mayer,,360,
2026-09-23T19-31-23Z,2026,3,2026_03_LV_NO,NO,LV,2026-09-27T20:25:00Z,bovada,player_anytime_td,anytime_td,Brock Bowers,,200,
2026-09-23T19-31-23Z,2026,3,2026_03_LV_NO,NO,LV,2026-09-27T20:25:00Z,bovada,player_anytime_td,anytime_td,New Orleans Saints D/ST,,700,
2026-09-23T19-31-23Z,2026,3,2026_03_LV_NO,NO,LV,2026-09-27T20:25:00Z,bovada,player_anytime_td,anytime_td,Las Vegas Raiders D/ST,,800,
2026-09-23T19-31-23Z,2026,3,2026_03_LV_NO,NO,LV,2026-09-27T20:25:00Z,bovada,player_anytime_td,anytime_td,Kirk Cousins,,1900,
2026-09-23T19-31-23Z,2026,3,2026_03_LV_NO,NO,LV,2026-09-27T20:25:00Z,bovada,player_pass_yds,pass_yards,Kirk Cousins,213.5,-115,-115.0
2026-09-23T19-31-23Z,2026,3,2026_03_LV_NO,NO,LV,2026-09-27T20:25:00Z,bovada,player_pass_yds,pass_yards,Tyler Shough,241.5,-115,-115.0
2026-09-23T19-31-23Z,2026,3,2026_03_LA_DEN,DEN,LA,2026-09-28T00:20:00Z,draftkings,player_anytime_td,anytime_td,Kyren Williams,,-135,
2026-09-23T19-31-23Z,2026,3,2026_03_LA_DEN,DEN,LA,2026-09-28T00:20:00Z,draftkings,player_anytime_td,anytime_td,J.K. Dobbins,,105,
2026-09-23T19-31-23Z,2026,3,2026_03_LA_DEN,DEN,LA,2026-09-28T00:20:00Z,draftkings,player_anytime_td,anytime_td,Davante Adams,,110,
2026-09-23T19-31-23Z,2026,3,2026_03_LA_DEN,DEN,LA,2026-09-28T00:20:00Z,draftkings,player_anytime_td,anytime_td,Puka Nacua,,125,
2026-09-23T19-31-23Z,2026,3,2026_03_LA_DEN,DEN,LA,2026-09-28T00:20:00Z,draftkings,player_anytime_td,anytime_td,Jaylen Waddle,,185,
2026-09-23T19-31-23Z,2026,3,2026_03_LA_DEN,DEN,LA,2026-09-28T00:20:00Z,draftkings,player_anytime_td,anytime_td,Courtland Sutton,,220,
2026-09-23T19-31-23Z,2026,3,2026_03_LA_DEN,DEN,LA,2026-09-28T00:20:00Z,draftkings,player_anytime_td,anytime_td,Terrance Ferguson,,260,
2026-09-23T19-31-23Z,2026,3,2026_03_LA_DEN,DEN,LA,2026-09-28T00:20:00Z,draftkings,player_anytime_td,anytime_td,Blake Corum,,265,
2026-09-23T19-31-23Z,2026,3,2026_03_LA_DEN,DEN,LA,2026-09-28T00:20:00Z,draftkings,player_anytime_td,anytime_td,Bo Nix,,400,
2026-09-23T19-31-23Z,2026,3,2026_03_LA_DEN,DEN,LA,2026-09-28T00:20:00Z,draftkings,player_anytime_td,anytime_td,Matthew Stafford,,2000,
2026-09-23T19-31-23Z,2026,3,2026_03_LA_DEN,DEN,LA,2026-09-28T00:20:00Z,draftkings,player_pass_yds,pass_yards,Matthew Stafford,245.5,-112,-112.0
2026-09-23T19-31-23Z,2026,3,2026_03_LA_DEN,DEN,LA,2026-09-28T00:20:00Z,draftkings,player_pass_yds,pass_yards,Bo Nix,215.5,-111,-114.0
2026-09-23T19-31-23Z,2026,3,2026_03_LA_DEN,DEN,LA,2026-09-28T00:20:00Z,draftkings,player_reception_yds,rec_yards,Jaylen Waddle,58.5,-110,-114.0
2026-09-23T19-31-23Z,2026,3,2026_03_LA_DEN,DEN,LA,2026-09-28T00:20:00Z,draftkings,player_reception_yds,rec_yards,Courtland Sutton,41.5,-109,-115.0
2026-09-23T19-31-23Z,2026,3,2026_03_LA_DEN,DEN,LA,2026-09-28T00:20:00Z,draftkings,player_receptions,rec_catches,Jaylen Waddle,5.5,124,-158.0
2026-09-23T19-31-23Z,2026,3,2026_03_LA_DEN,DEN,LA,2026-09-28T00:20:00Z,draftkings,player_receptions,rec_catches,Courtland Sutton,3.5,-121,-105.0
2026-09-23T19-31-23Z,2026,3,2026_03_LA_DEN,DEN,LA,2026-09-28T00:20:00Z,draftkings,player_rush_yds,rush_yards,Kyren Williams,56.5,-109,-115.0
2026-09-23T19-31-23Z,2026,3,2026_03_LA_DEN,DEN,LA,2026-09-28T00:20:00Z,draftkings,player_rush_yds,rush_yards,Blake Corum,45.5,-116,-109.0
2026-09-23T19-31-23Z,2026,3,2026_03_LA_DEN,DEN,LA,2026-09-28T00:20:00Z,draftkings,player_rush_yds,rush_yards,Bo Nix,18.5,-107,-117.0
2026-09-23T19-31-23Z,2026,3,2026_03_LA_DEN,DEN,LA,2026-09-28T00:20:00Z,draftkings,player_rush_yds,rush_yards,Matthew Stafford,0.5,136,-172.0
2026-09-23T19-31-23Z,2026,3,2026_03_LA_DEN,DEN,LA,2026-09-28T00:20:00Z,fanduel,player_anytime_td,anytime_td,Kyren Williams,,-130,
2026-09-23T19-31-23Z,2026,3,2026_03_LA_DEN,DEN,LA,2026-09-28T00:20:00Z,fanduel,player_anytime_td,anytime_td,Davante Adams,,115,
2026-09-23T19-31-23Z,2026,3,2026_03_LA_DEN,DEN,LA,2026-09-28T00:20:00Z,fanduel,player_anytime_td,anytime_td,J.K. Dobbins,,125,
2026-09-23T19-31-23Z,2026,3,2026_03_LA_DEN,DEN,LA,2026-09-28T00:20:00Z,fanduel,player_anytime_td,anytime_td,Puka Nacua,,125,
2026-09-23T19-31-23Z,2026,3,2026_03_LA_DEN,DEN,LA,2026-09-28T00:20:00Z,fanduel,player_anytime_td,anytime_td,Jaylen Waddle,,185,
2026-09-23T19-31-23Z,2026,3,2026_03_LA_DEN,DEN,LA,2026-09-28T00:20:00Z,fanduel,player_anytime_td,anytime_td,Courtland Sutton,,220,
2026-09-23T19-31-23Z,2026,3,2026_03_LA_DEN,DEN,LA,2026-09-28T00:20:00Z,fanduel,player_anytime_td,anytime_td,Terrance Ferguson,,250,
2026-09-23T19-31-23Z,2026,3,2026_03_LA_DEN,DEN,LA,2026-09-28T00:20:00Z,fanduel,player_anytime_td,anytime_td,Blake Corum,,270,
2026-09-23T19-31-23Z,2026,3,2026_03_LA_DEN,DEN,LA,2026-09-28T00:20:00Z,fanduel,player_anytime_td,anytime_td,Bo Nix,,430,
2026-09-23T19-31-23Z,2026,3,2026_03_LA_DEN,DEN,LA,2026-09-28T00:20:00Z,fanduel,player_anytime_td,anytime_td,Denver Broncos Defense,,750,
2026-09-23T19-31-23Z,2026,3,2026_03_LA_DEN,DEN,LA,2026-09-28T00:20:00Z,fanduel,player_anytime_td,anytime_td,Los Angeles Rams Defense,,850,
2026-09-23T19-31-23Z,2026,3,2026_03_LA_DEN,DEN,LA,2026-09-28T00:20:00Z,fanduel,player_anytime_td,anytime_td,Matthew Stafford,,2000,
2026-09-23T19-31-23Z,2026,3,2026_03_LA_DEN,DEN,LA,2026-09-28T00:20:00Z,fanduel,player_pass_yds,pass_yards,Bo Nix,211.5,-114,-114.0
2026-09-23T19-31-23Z,2026,3,2026_03_LA_DEN,DEN,LA,2026-09-28T00:20:00Z,fanduel,player_pass_yds,pass_yards,Matthew Stafford,243.5,-114,-114.0
2026-09-23T19-31-23Z,2026,3,2026_03_LA_DEN,DEN,LA,2026-09-28T00:20:00Z,fanduel,player_reception_yds,rec_yards,Jaylen Waddle,57.5,-114,-114.0
2026-09-23T19-31-23Z,2026,3,2026_03_LA_DEN,DEN,LA,2026-09-28T00:20:00Z,fanduel,player_receptions,rec_catches,Jaylen Waddle,4.5,-154,116.0
2026-09-23T19-31-23Z,2026,3,2026_03_LA_DEN,DEN,LA,2026-09-28T00:20:00Z,fanduel,player_rush_yds,rush_yards,Matthew Stafford,0.5,116,-152.0
2026-09-23T19-31-23Z,2026,3,2026_03_LA_DEN,DEN,LA,2026-09-28T00:20:00Z,fanduel,player_rush_yds,rush_yards,Blake Corum,46.5,-114,-114.0
2026-09-23T19-31-23Z,2026,3,2026_03_LA_DEN,DEN,LA,2026-09-28T00:20:00Z,fanduel,player_rush_yds,rush_yards,Bo Nix,16.5,-114,-114.0
2026-09-23T19-31-23Z,2026,3,2026_03_LA_DEN,DEN,LA,2026-09-28T00:20:00Z,fanduel,player_rush_yds,rush_yards,Kyren Williams,55.5,-114,-114.0
2026-09-23T19-31-23Z,2026,3,2026_03_LA_DEN,DEN,LA,2026-09-28T00:20:00Z,betrivers,player_pass_yds,pass_yards,Bo Nix,213.5,-115,-115.0
2026-09-23T19-31-23Z,2026,3,2026_03_LA_DEN,DEN,LA,2026-09-28T00:20:00Z,betrivers,player_pass_yds,pass_yards,Matthew Stafford,241.5,-117,-114.0
2026-09-23T19-31-23Z,2026,3,2026_03_LA_DEN,DEN,LA,2026-09-28T00:20:00Z,betrivers,player_reception_yds,rec_yards,Jaylen Waddle,57.5,-117,-114.0
2026-09-23T19-31-23Z,2026,3,2026_03_LA_DEN,DEN,LA,2026-09-28T00:20:00Z,betrivers,player_reception_yds,rec_yards,Courtland Sutton,40.5,-118,-113.0
2026-09-23T19-31-23Z,2026,3,2026_03_LA_DEN,DEN,LA,2026-09-28T00:20:00Z,betrivers,player_receptions,rec_catches,Courtland Sutton,3.5,-120,
2026-09-23T19-31-23Z,2026,3,2026_03_LA_DEN,DEN,LA,2026-09-28T00:20:00Z,betrivers,player_receptions,rec_catches,Jaylen Waddle,5.5,123,
2026-09-23T19-31-23Z,2026,3,2026_03_LA_DEN,DEN,LA,2026-09-28T00:20:00Z,betrivers,player_rush_yds,rush_yards,Kyren Williams,56.5,-114,-117.0
2026-09-23T19-31-23Z,2026,3,2026_03_LA_DEN,DEN,LA,2026-09-28T00:20:00Z,betrivers,player_rush_yds,rush_yards,Blake Corum,46.5,-113,-118.0
2026-09-23T19-31-23Z,2026,3,2026_03_LA_DEN,DEN,LA,2026-09-28T00:20:00Z,betrivers,player_rush_yds,rush_yards,Bo Nix,16.5,-118,-113.0
2026-09-23T19-31-23Z,2026,3,2026_03_LA_DEN,DEN,LA,2026-09-28T00:20:00Z,betonlineag,player_anytime_td,anytime_td,Matthew Stafford,,1900,
2026-09-23T19-31-23Z,2026,3,2026_03_LA_DEN,DEN,LA,2026-09-28T00:20:00Z,betonlineag,player_anytime_td,anytime_td,Courtland Sutton,,210,
2026-09-23T19-31-23Z,2026,3,2026_03_LA_DEN,DEN,LA,2026-09-28T00:20:00Z,betonlineag,player_anytime_td,anytime_td,Tyler Higbee,,800,
2026-09-23T19-31-23Z,2026,3,2026_03_LA_DEN,DEN,LA,2026-09-28T00:20:00Z,betonlineag,player_anytime_td,anytime_td,Tutu Atwell,,1900,
2026-09-23T19-31-23Z,2026,3,2026_03_LA_DEN,DEN,LA,2026-09-28T00:20:00Z,betonlineag,player_anytime_td,anytime_td,Ronnie Rivers,,1400,
2026-09-23T19-31-23Z,2026,3,2026_03_LA_DEN,DEN,LA,2026-09-28T00:20:00Z,betonlineag,player_anytime_td,anytime_td,Marvin Mims Jr.,,600,
2026-09-23T19-31-23Z,2026,3,2026_03_LA_DEN,DEN,LA,2026-09-28T00:20:00Z,betonlineag,player_anytime_td,anytime_td,Xavier Smith,,1400,
2026-09-23T19-31-23Z,2026,3,2026_03_LA_DEN,DEN,LA,2026-09-28T00:20:00Z,betonlineag,player_anytime_td,anytime_td,Nate Adkins,,1900,
2026-09-23T19-31-23Z,2026,3,2026_03_LA_DEN,DEN,LA,2026-09-28T00:20:00Z,betonlineag,player_anytime_td,anytime_td,Adam Trautman,,900,
2026-09-23T19-31-23Z,2026,3,2026_03_LA_DEN,DEN,LA,2026-09-28T00:20:00Z,betonlineag,player_anytime_td,anytime_td,Kyren Williams,,-167,
2026-09-23T19-31-23Z,2026,3,2026_03_LA_DEN,DEN,LA,2026-09-28T00:20:00Z,betonlineag,player_anytime_td,anytime_td,Puka Nacua,,110,
2026-09-23T19-31-23Z,2026,3,2026_03_LA_DEN,DEN,LA,2026-09-28T00:20:00Z,betonlineag,player_anytime_td,anytime_td,Davis Allen,,1400,
2026-09-23T19-31-23Z,2026,3,2026_03_LA_DEN,DEN,LA,2026-09-28T00:20:00Z,betonlineag,player_anytime_td,anytime_td,Bo Nix,,325,
2026-09-23T19-31-23Z,2026,3,2026_03_LA_DEN,DEN,LA,2026-09-28T00:20:00Z,betonlineag,player_anytime_td,anytime_td,Blake Corum,,250,
2026-09-23T19-31-23Z,2026,3,2026_03_LA_DEN,DEN,LA,2026-09-28T00:20:00Z,betonlineag,player_anytime_td,anytime_td,Colby Parkinson,,400,
2026-09-23T19-31-23Z,2026,3,2026_03_LA_DEN,DEN,LA,2026-09-28T00:20:00Z,betonlineag,player_anytime_td,anytime_td,Evan Engram,,450,
2026-09-23T19-31-23Z,2026,3,2026_03_LA_DEN,DEN,LA,2026-09-28T00:20:00Z,betonlineag,player_anytime_td,anytime_td,Davante Adams,,110,
2026-09-23T19-31-23Z,2026,3,2026_03_LA_DEN,DEN,LA,2026-09-28T00:20:00Z,betonlineag,player_anytime_td,anytime_td,RJ Harvey,,200,
2026-09-23T19-31-23Z,2026,3,2026_03_LA_DEN,DEN,LA,2026-09-28T00:20:00Z,betonlineag,player_anytime_td,anytime_td,Troy Franklin,,550,
2026-09-23T19-31-23Z,2026,3,2026_03_LA_DEN,DEN,LA,2026-09-28T00:20:00Z,betonlineag,player_anytime_td,anytime_td,Pat Bryant,,400,
2026-09-23T19-31-23Z,2026,3,2026_03_LA_DEN,DEN,LA,2026-09-28T00:20:00Z,betonlineag,player_anytime_td,anytime_td,Jaylen Waddle,,180,
2026-09-23T19-31-23Z,2026,3,2026_03_LA_DEN,DEN,LA,2026-09-28T00:20:00Z,betonlineag,player_anytime_td,anytime_td,J.K. Dobbins,,120,
2026-09-23T19-31-23Z,2026,3,2026_03_LA_DEN,DEN,LA,2026-09-28T00:20:00Z,betonlineag,player_anytime_td,anytime_td,Terrance Ferguson,,250,
2026-09-23T19-31-23Z,2026,3,2026_03_LA_DEN,DEN,LA,2026-09-28T00:20:00Z,betonlineag,player_anytime_td,anytime_td,Jonah Coleman,,120,
2026-09-23T19-31-23Z,2026,3,2026_03_LA_DEN,DEN,LA,2026-09-28T00:20:00Z,betonlineag,player_anytime_td,anytime_td,Konata Mumpfield,,700,
2026-09-23T19-31-23Z,2026,3,2026_03_LA_DEN,DEN,LA,2026-09-28T00:20:00Z,betonlineag,player_pass_yds,pass_yards,Bo Nix,211.5,-116,-111.0
2026-09-23T19-31-23Z,2026,3,2026_03_LA_DEN,DEN,LA,2026-09-28T00:20:00Z,betonlineag,player_pass_yds,pass_yards,Matthew Stafford,243.5,-114,-114.0
2026-09-23T19-31-23Z,2026,3,2026_03_LA_DEN,DEN,LA,2026-09-28T00:20:00Z,betonlineag,player_reception_yds,rec_yards,Jaylen Waddle,57.5,-114,-114.0
2026-09-23T19-31-23Z,2026,3,2026_03_LA_DEN,DEN,LA,2026-09-28T00:20:00Z,betonlineag,player_reception_yds,rec_yards,Courtland Sutton,40.5,-118,-110.0
2026-09-23T19-31-23Z,2026,3,2026_03_LA_DEN,DEN,LA,2026-09-28T00:20:00Z,betonlineag,player_receptions,rec_catches,Courtland Sutton,3.5,-118,-110.0
2026-09-23T19-31-23Z,2026,3,2026_03_LA_DEN,DEN,LA,2026-09-28T00:20:00Z,betonlineag,player_receptions,rec_catches,Jaylen Waddle,5.5,122,-159.0
2026-09-23T19-31-23Z,2026,3,2026_03_LA_DEN,DEN,LA,2026-09-28T00:20:00Z,betonlineag,player_rush_yds,rush_yards,Bo Nix,16.5,-114,-114.0
2026-09-23T19-31-23Z,2026,3,2026_03_LA_DEN,DEN,LA,2026-09-28T00:20:00Z,betonlineag,player_rush_yds,rush_yards,Kyren Williams,55.5,-114,-114.0
2026-09-23T19-31-23Z,2026,3,2026_03_LA_DEN,DEN,LA,2026-09-28T00:20:00Z,betonlineag,player_rush_yds,rush_yards,Blake Corum,46.5,-114,-114.0
2026-09-23T19-31-23Z,2026,3,2026_03_LA_DEN,DEN,LA,2026-09-28T00:20:00Z,betmgm,player_anytime_td,anytime_td,Puka Nacua,,130,
2026-09-23T19-31-23Z,2026,3,2026_03_LA_DEN,DEN,LA,2026-09-28T00:20:00Z,betmgm,player_anytime_td,anytime_td,Adam Trautman,,950,
2026-09-23T19-31-23Z,2026,3,2026_03_LA_DEN,DEN,LA,2026-09-28T00:20:00Z,betmgm,player_anytime_td,anytime_td,Pat Bryant,,375,
2026-09-23T19-31-23Z,2026,3,2026_03_LA_DEN,DEN,LA,2026-09-28T00:20:00Z,betmgm,player_anytime_td,anytime_td,Evan Engram,,400,
2026-09-23T19-31-23Z,2026,3,2026_03_LA_DEN,DEN,LA,2026-09-28T00:20:00Z,betmgm,player_anytime_td,anytime_td,Denver Broncos D/ST,,600,
2026-09-23T19-31-23Z,2026,3,2026_03_LA_DEN,DEN,LA,2026-09-28T00:20:00Z,betmgm,player_anytime_td,anytime_td,Terrance Ferguson,,310,
2026-09-23T19-31-23Z,2026,3,2026_03_LA_DEN,DEN,LA,2026-09-28T00:20:00Z,betmgm,player_anytime_td,anytime_td,Colby Parkinson,,350,
2026-09-23T19-31-23Z,2026,3,2026_03_LA_DEN,DEN,LA,2026-09-28T00:20:00Z,betmgm,player_anytime_td,anytime_td,Davante Adams,,110,
2026-09-23T19-31-23Z,2026,3,2026_03_LA_DEN,DEN,LA,2026-09-28T00:20:00Z,betmgm,player_anytime_td,anytime_td,Courtland Sutton,,290,
2026-09-23T19-31-23Z,2026,3,2026_03_LA_DEN,DEN,LA,2026-09-28T00:20:00Z,betmgm,player_anytime_td,anytime_td,Los Angeles Rams D/ST,,575,
2026-09-23T19-31-23Z,2026,3,2026_03_LA_DEN,DEN,LA,2026-09-28T00:20:00Z,betmgm,player_anytime_td,anytime_td,Bo Nix,,400,
2026-09-23T19-31-23Z,2026,3,2026_03_LA_DEN,DEN,LA,2026-09-28T00:20:00Z,betmgm,player_anytime_td,anytime_td,Blake Corum,,230,
2026-09-23T19-31-23Z,2026,3,2026_03_LA_DEN,DEN,LA,2026-09-28T00:20:00Z,betmgm,player_anytime_td,anytime_td,Kyren Williams,,-125,
2026-09-23T19-31-23Z,2026,3,2026_03_LA_DEN,DEN,LA,2026-09-28T00:20:00Z,betmgm,player_anytime_td,anytime_td,J.K. Dobbins,,130,
2026-09-23T19-31-23Z,2026,3,2026_03_LA_DEN,DEN,LA,2026-09-28T00:20:00Z,betmgm,player_anytime_td,anytime_td,Matthew Stafford,,1700,
2026-09-23T19-31-23Z,2026,3,2026_03_LA_DEN,DEN,LA,2026-09-28T00:20:00Z,betmgm,player_anytime_td,anytime_td,Jaylen Waddle,,210,
2026-09-23T19-31-23Z,2026,3,2026_03_LA_DEN,DEN,LA,2026-09-28T00:20:00Z,betmgm,player_anytime_td,anytime_td,Davis Allen,,1200,
2026-09-23T19-31-23Z,2026,3,2026_03_LA_DEN,DEN,LA,2026-09-28T00:20:00Z,betmgm,player_anytime_td,anytime_td,Xavier Smith,,850,
2026-09-23T19-31-23Z,2026,3,2026_03_LA_DEN,DEN,LA,2026-09-28T00:20:00Z,bovada,player_anytime_td,anytime_td,J.K. Dobbins,,105,
2026-09-23T19-31-23Z,2026,3,2026_03_LA_DEN,DEN,LA,2026-09-28T00:20:00Z,bovada,player_anytime_td,anytime_td,Courtland Sutton,,220,
2026-09-23T19-31-23Z,2026,3,2026_03_LA_DEN,DEN,LA,2026-09-28T00:20:00Z,bovada,player_anytime_td,anytime_td,Jaylen Waddle,,185,
2026-09-23T19-31-23Z,2026,3,2026_03_LA_DEN,DEN,LA,2026-09-28T00:20:00Z,bovada,player_anytime_td,anytime_td,Bo Nix,,400,
2026-09-23T19-31-23Z,2026,3,2026_03_LA_DEN,DEN,LA,2026-09-28T00:20:00Z,bovada,player_anytime_td,anytime_td,Kyren Williams,,-136,
2026-09-23T19-31-23Z,2026,3,2026_03_LA_DEN,DEN,LA,2026-09-28T00:20:00Z,bovada,player_anytime_td,anytime_td,Blake Corum,,265,
2026-09-23T19-31-23Z,2026,3,2026_03_LA_DEN,DEN,LA,2026-09-28T00:20:00Z,bovada,player_anytime_td,anytime_td,Puka Nacua,,125,
2026-09-23T19-31-23Z,2026,3,2026_03_LA_DEN,DEN,LA,2026-09-28T00:20:00Z,bovada,player_anytime_td,anytime_td,Davante Adams,,110,
2026-09-23T19-31-23Z,2026,3,2026_03_LA_DEN,DEN,LA,2026-09-28T00:20:00Z,bovada,player_anytime_td,anytime_td,Terrance Ferguson,,260,
2026-09-23T19-31-23Z,2026,3,2026_03_LA_DEN,DEN,LA,2026-09-28T00:20:00Z,bovada,player_anytime_td,anytime_td,Matthew Stafford,,2000,
2026-09-23T19-31-23Z,2026,3,2026_03_LA_DEN,DEN,LA,2026-09-28T00:20:00Z,bovada,player_pass_yds,pass_yards,Bo Nix,215.5,-115,-115.0
2026-09-23T19-31-23Z,2026,3,2026_03_LA_DEN,DEN,LA,2026-09-28T00:20:00Z,bovada,player_pass_yds,pass_yards,Matthew Stafford,245.5,-115,-115.0
2026-09-23T19-31-23Z,2026,3,2026_03_LA_DEN,DEN,LA,2026-09-28T00:20:00Z,bovada,player_reception_yds,rec_yards,Jaylen Waddle,58.5,-115,-115.0
2026-09-23T19-31-23Z,2026,3,2026_03_LA_DEN,DEN,LA,2026-09-28T00:20:00Z,bovada,player_receptions,rec_catches,Jaylen Waddle,5.5,120,-160.0
2026-09-23T19-31-23Z,2026,3,2026_03_LA_DEN,DEN,LA,2026-09-28T00:20:00Z,bovada,player_rush_yds,rush_yards,Blake Corum,45.5,-120,-110.0
2026-09-23T19-31-23Z,2026,3,2026_03_LA_DEN,DEN,LA,2026-09-28T00:20:00Z,bovada,player_rush_yds,rush_yards,Bo Nix,18.5,-110,-120.0
2026-09-23T19-31-23Z,2026,3,2026_03_LA_DEN,DEN,LA,2026-09-28T00:20:00Z,bovada,player_rush_yds,rush_yards,Kyren Williams,56.5,-110,-120.0
2026-09-23T19-31-23Z,2026,3,2026_03_LA_DEN,DEN,LA,2026-09-28T00:20:00Z,bovada,player_rush_yds,rush_yards,Matthew Stafford,0.5,135,-180.0
2026-09-23T19-31-23Z,2026,3,2026_03_PHI_CHI,CHI,PHI,2026-09-29T00:15:00Z,draftkings,player_anytime_td,anytime_td,D'Andre Swift,,-110,
2026-09-23T19-31-23Z,2026,3,2026_03_PHI_CHI,CHI,PHI,2026-09-29T00:15:00Z,draftkings,player_anytime_td,anytime_td,Saquon Barkley,,115,
2026-09-23T19-31-23Z,2026,3,2026_03_PHI_CHI,CHI,PHI,2026-09-29T00:15:00Z,draftkings,player_anytime_td,anytime_td,DeVonta Smith,,135,
2026-09-23T19-31-23Z,2026,3,2026_03_PHI_CHI,CHI,PHI,2026-09-29T00:15:00Z,draftkings,player_anytime_td,anytime_td,Jalen Hurts,,165,
2026-09-23T19-31-23Z,2026,3,2026_03_PHI_CHI,CHI,PHI,2026-09-29T00:15:00Z,draftkings,player_anytime_td,anytime_td,Dontayvion Wicks,,265,
2026-09-23T19-31-23Z,2026,3,2026_03_PHI_CHI,CHI,PHI,2026-09-29T00:15:00Z,draftkings,player_anytime_td,anytime_td,Rome Odunze,,340,
2026-09-23T19-31-23Z,2026,3,2026_03_PHI_CHI,CHI,PHI,2026-09-29T00:15:00Z,draftkings,player_anytime_td,anytime_td,Makai Lemon,,425,
2026-09-23T19-31-23Z,2026,3,2026_03_PHI_CHI,CHI,PHI,2026-09-29T00:15:00Z,draftkings,player_anytime_td,anytime_td,Cole Kmet,,550,
2026-09-23T19-31-23Z,2026,3,2026_03_PHI_CHI,CHI,PHI,2026-09-29T00:15:00Z,draftkings,player_anytime_td,anytime_td,Philadelphia Eagles D/ST,,600,
2026-09-23T19-31-23Z,2026,3,2026_03_PHI_CHI,CHI,PHI,2026-09-29T00:15:00Z,draftkings,player_anytime_td,anytime_td,Chicago Bears D/ST,,750,
2026-09-23T19-31-23Z,2026,3,2026_03_PHI_CHI,CHI,PHI,2026-09-29T00:15:00Z,draftkings,player_anytime_td,anytime_td,E.J. Jenkins,,1900,
2026-09-23T19-31-23Z,2026,3,2026_03_PHI_CHI,CHI,PHI,2026-09-29T00:15:00Z,draftkings,player_anytime_td,anytime_td,Britain Covey,,2500,
2026-09-23T19-31-23Z,2026,3,2026_03_PHI_CHI,CHI,PHI,2026-09-29T00:15:00Z,draftkings,player_anytime_td,anytime_td,Luther Burden III,,3000,
2026-09-23T19-31-23Z,2026,3,2026_03_PHI_CHI,CHI,PHI,2026-09-29T00:15:00Z,draftkings,player_anytime_td,anytime_td,Zavion Thomas,,3000,
2026-09-23T19-31-23Z,2026,3,2026_03_PHI_CHI,CHI,PHI,2026-09-29T00:15:00Z,draftkings,player_anytime_td,anytime_td,Roschon Johnson,,3500,
2026-09-23T19-31-23Z,2026,3,2026_03_PHI_CHI,CHI,PHI,2026-09-29T00:15:00Z,draftkings,player_pass_yds,pass_yards,Jalen Hurts,216.5,-112,-112.0
2026-09-23T19-31-23Z,2026,3,2026_03_PHI_CHI,CHI,PHI,2026-09-29T00:15:00Z,draftkings,player_reception_yds,rec_yards,DeVonta Smith,82.5,-111,-113.0
2026-09-23T19-31-23Z,2026,3,2026_03_PHI_CHI,CHI,PHI,2026-09-29T00:15:00Z,draftkings,player_reception_yds,rec_yards,Dontayvion Wicks,43.5,-114,-110.0
2026-09-23T19-31-23Z,2026,3,2026_03_PHI_CHI,CHI,PHI,2026-09-29T00:15:00Z,draftkings,player_reception_yds,rec_yards,Saquon Barkley,11.5,-109,-115.0
2026-09-23T19-31-23Z,2026,3,2026_03_PHI_CHI,CHI,PHI,2026-09-29T00:15:00Z,draftkings,player_receptions,rec_catches,DeVonta Smith,6.5,-103,-124.0
2026-09-23T19-31-23Z,2026,3,2026_03_PHI_CHI,CHI,PHI,2026-09-29T00:15:00Z,draftkings,player_receptions,rec_catches,Dontayvion Wicks,3.5,105,-134.0
2026-09-23T19-31-23Z,2026,3,2026_03_PHI_CHI,CHI,PHI,2026-09-29T00:15:00Z,draftkings,player_receptions,rec_catches,Saquon Barkley,1.5,-152,119.0
2026-09-23T19-31-23Z,2026,3,2026_03_PHI_CHI,CHI,PHI,2026-09-29T00:15:00Z,draftkings,player_rush_yds,rush_yards,Saquon Barkley,70.5,-112,-112.0
2026-09-23T19-31-23Z,2026,3,2026_03_PHI_CHI,CHI,PHI,2026-09-29T00:15:00Z,draftkings,player_rush_yds,rush_yards,Jalen Hurts,23.5,-114,-110.0
2026-09-23T19-31-23Z,2026,3,2026_03_PHI_CHI,CHI,PHI,2026-09-29T00:15:00Z,fanduel,player_anytime_td,anytime_td,Saquon Barkley,,-120,
2026-09-23T19-31-23Z,2026,3,2026_03_PHI_CHI,CHI,PHI,2026-09-29T00:15:00Z,fanduel,player_anytime_td,anytime_td,D'Andre Swift,,110,
2026-09-23T19-31-23Z,2026,3,2026_03_PHI_CHI,CHI,PHI,2026-09-29T00:15:00Z,fanduel,player_anytime_td,anytime_td,Jalen Hurts,,145,
2026-09-23T19-31-23Z,2026,3,2026_03_PHI_CHI,CHI,PHI,2026-09-29T00:15:00Z,fanduel,player_anytime_td,anytime_td,DeVonta Smith,,175,
2026-09-23T19-31-23Z,2026,3,2026_03_PHI_CHI,CHI,PHI,2026-09-29T00:15:00Z,fanduel,player_anytime_td,anytime_td,Kyle Monangai,,185,
2026-09-23T19-31-23Z,2026,3,2026_03_PHI_CHI,CHI,PHI,2026-09-29T00:15:00Z,fanduel,player_anytime_td,anytime_td,Dontayvion Wicks,,330,
2026-09-23T19-31-23Z,2026,3,2026_03_PHI_CHI,CHI,PHI,2026-09-29T00:15:00Z,fanduel,player_anytime_td,anytime_td,Luther Burden III,,350,
2026-09-23T19-31-23Z,2026,3,2026_03_PHI_CHI,CHI,PHI,2026-09-29T00:15:00Z,fanduel,player_anytime_td,anytime_td,Colston Loveland,,400,
2026-09-23T19-31-23Z,2026,3,2026_03_PHI_CHI,CHI,PHI,2026-09-29T00:15:00Z,fanduel,player_anytime_td,anytime_td,Rome Odunze,,470,
2026-09-23T19-31-23Z,2026,3,2026_03_PHI_CHI,CHI,PHI,2026-09-29T00:15:00Z,fanduel,player_anytime_td,anytime_td,Makai Lemon,,470,
2026-09-23T19-31-23Z,2026,3,2026_03_PHI_CHI,CHI,PHI,2026-09-29T00:15:00Z,fanduel,player_anytime_td,anytime_td,Kalif Raymond,,500,
2026-09-23T19-31-23Z,2026,3,2026_03_PHI_CHI,CHI,PHI,2026-09-29T00:15:00Z,fanduel,player_anytime_td,anytime_td,Johnny Mundt,,650,
2026-09-23T19-31-23Z,2026,3,2026_03_PHI_CHI,CHI,PHI,2026-09-29T00:15:00Z,fanduel,player_anytime_td,anytime_td,Cole Kmet,,700,
2026-09-23T19-31-23Z,2026,3,2026_03_PHI_CHI,CHI,PHI,2026-09-29T00:15:00Z,fanduel,player_anytime_td,anytime_td,Philadelphia Eagles Defense,,750,
2026-09-23T19-31-23Z,2026,3,2026_03_PHI_CHI,CHI,PHI,2026-09-29T00:15:00Z,fanduel,player_anytime_td,anytime_td,Chicago Bears Defense,,800,
2026-09-23T19-31-23Z,2026,3,2026_03_PHI_CHI,CHI,PHI,2026-09-29T00:15:00Z,fanduel,player_anytime_td,anytime_td,Darius Cooper,,1100,
2026-09-23T19-31-23Z,2026,3,2026_03_PHI_CHI,CHI,PHI,2026-09-29T00:15:00Z,fanduel,player_anytime_td,anytime_td,Elijah Moore,,1500,
2026-09-23T19-31-23Z,2026,3,2026_03_PHI_CHI,CHI,PHI,2026-09-29T00:15:00Z,fanduel,player_anytime_td,anytime_td,E.J. Jenkins,,2000,
2026-09-23T19-31-23Z,2026,3,2026_03_PHI_CHI,CHI,PHI,2026-09-29T00:15:00Z,fanduel,player_anytime_td,anytime_td,Jahdae Walker,,2200,
2026-09-23T19-31-23Z,2026,3,2026_03_PHI_CHI,CHI,PHI,2026-09-29T00:15:00Z,fanduel,player_anytime_td,anytime_td,Britain Covey,,2200,
2026-09-23T19-31-23Z,2026,3,2026_03_PHI_CHI,CHI,PHI,2026-09-29T00:15:00Z,fanduel,player_anytime_td,anytime_td,Sam Roush,,2700,
2026-09-23T19-31-23Z,2026,3,2026_03_PHI_CHI,CHI,PHI,2026-09-29T00:15:00Z,fanduel,player_anytime_td,anytime_td,Roschon Johnson,,3500,
2026-09-23T19-31-23Z,2026,3,2026_03_PHI_CHI,CHI,PHI,2026-09-29T00:15:00Z,fanduel,player_anytime_td,anytime_td,Zavion Thomas,,4500,
2026-09-23T19-31-23Z,2026,3,2026_03_PHI_CHI,CHI,PHI,2026-09-29T00:15:00Z,fanduel,player_pass_yds,pass_yards,Jalen Hurts,218.5,-114,-114.0
2026-09-23T19-31-23Z,2026,3,2026_03_PHI_CHI,CHI,PHI,2026-09-29T00:15:00Z,fanduel,player_reception_yds,rec_yards,DeVonta Smith,72.5,-114,-114.0
2026-09-23T19-31-23Z,2026,3,2026_03_PHI_CHI,CHI,PHI,2026-09-29T00:15:00Z,fanduel,player_reception_yds,rec_yards,Dontayvion Wicks,41.5,-114,-114.0
2026-09-23T19-31-23Z,2026,3,2026_03_PHI_CHI,CHI,PHI,2026-09-29T00:15:00Z,fanduel,player_reception_yds,rec_yards,Saquon Barkley,13.5,-114,-114.0
2026-09-23T19-31-23Z,2026,3,2026_03_PHI_CHI,CHI,PHI,2026-09-29T00:15:00Z,fanduel,player_receptions,rec_catches,DeVonta Smith,5.5,-122,-108.0
2026-09-23T19-31-23Z,2026,3,2026_03_PHI_CHI,CHI,PHI,2026-09-29T00:15:00Z,fanduel,player_receptions,rec_catches,Saquon Barkley,2.5,116,-154.0
2026-09-23T19-31-23Z,2026,3,2026_03_PHI_CHI,CHI,PHI,2026-09-29T00:15:00Z,fanduel,player_receptions,rec_catches,Dontayvion Wicks,3.5,140,-188.0
2026-09-23T19-31-23Z,2026,3,2026_03_PHI_CHI,CHI,PHI,2026-09-29T00:15:00Z,fanduel,player_rush_yds,rush_yards,Jalen Hurts,24.5,-114,-114.0
2026-09-23T19-31-23Z,2026,3,2026_03_PHI_CHI,CHI,PHI,2026-09-29T00:15:00Z,fanduel,player_rush_yds,rush_yards,Saquon Barkley,74.5,-114,-114.0
2026-09-23T19-31-23Z,2026,3,2026_03_PHI_CHI,CHI,PHI,2026-09-29T00:15:00Z,betrivers,player_pass_yds,pass_yards,Jalen Hurts,210.5,-115,-114.0
2026-09-23T19-31-23Z,2026,3,2026_03_PHI_CHI,CHI,PHI,2026-09-29T00:15:00Z,betrivers,player_reception_yds,rec_yards,Saquon Barkley,14.5,-110,-121.0
2026-09-23T19-31-23Z,2026,3,2026_03_PHI_CHI,CHI,PHI,2026-09-29T00:15:00Z,betrivers,player_reception_yds,rec_yards,Dontayvion Wicks,39.5,-117,-114.0
2026-09-23T19-31-23Z,2026,3,2026_03_PHI_CHI,CHI,PHI,2026-09-29T00:15:00Z,betrivers,player_reception_yds,rec_yards,DeVonta Smith,72.5,-114,-117.0
2026-09-23T19-31-23Z,2026,3,2026_03_PHI_CHI,CHI,PHI,2026-09-29T00:15:00Z,betrivers,player_receptions,rec_catches,Saquon Barkley,2.5,125,
2026-09-23T19-31-23Z,2026,3,2026_03_PHI_CHI,CHI,PHI,2026-09-29T00:15:00Z,betrivers,player_receptions,rec_catches,Dontayvion Wicks,2.5,-180,
2026-09-23T19-31-23Z,2026,3,2026_03_PHI_CHI,CHI,PHI,2026-09-29T00:15:00Z,betrivers,player_receptions,rec_catches,DeVonta Smith,5.5,-129,
2026-09-23T19-31-23Z,2026,3,2026_03_PHI_CHI,CHI,PHI,2026-09-29T00:15:00Z,betrivers,player_rush_yds,rush_yards,Saquon Barkley,75.5,-113,-118.0
2026-09-23T19-31-23Z,2026,3,2026_03_PHI_CHI,CHI,PHI,2026-09-29T00:15:00Z,betrivers,player_rush_yds,rush_yards,Jalen Hurts,24.5,-115,-115.0
2026-09-23T19-31-23Z,2026,3,2026_03_PHI_CHI,CHI,PHI,2026-09-29T00:15:00Z,betonlineag,player_anytime_td,anytime_td,Cole Kmet,,700,
2026-09-23T19-31-23Z,2026,3,2026_03_PHI_CHI,CHI,PHI,2026-09-29T00:15:00Z,betonlineag,player_anytime_td,anytime_td,Jalen Hurts,,140,
2026-09-23T19-31-23Z,2026,3,2026_03_PHI_CHI,CHI,PHI,2026-09-29T00:15:00Z,betonlineag,player_anytime_td,anytime_td,Dallas Goedert,,200,
2026-09-23T19-31-23Z,2026,3,2026_03_PHI_CHI,CHI,PHI,2026-09-29T00:15:00Z,betonlineag,player_anytime_td,anytime_td,Roschon Johnson,,1900,
2026-09-23T19-31-23Z,2026,3,2026_03_PHI_CHI,CHI,PHI,2026-09-29T00:15:00Z,betonlineag,player_anytime_td,anytime_td,Britain Covey,,1900,
2026-09-23T19-31-23Z,2026,3,2026_03_PHI_CHI,CHI,PHI,2026-09-29T00:15:00Z,betonlineag,player_anytime_td,anytime_td,DeVonta Smith,,130,
2026-09-23T19-31-23Z,2026,3,2026_03_PHI_CHI,CHI,PHI,2026-09-29T00:15:00Z,betonlineag,player_anytime_td,anytime_td,Saquon Barkley,,-125,
2026-09-23T19-31-23Z,2026,3,2026_03_PHI_CHI,CHI,PHI,2026-09-29T00:15:00Z,betonlineag,player_anytime_td,anytime_td,Tyson Bagent,,500,
2026-09-23T19-31-23Z,2026,3,2026_03_PHI_CHI,CHI,PHI,2026-09-29T00:15:00Z,betonlineag,player_anytime_td,anytime_td,D'Andre Swift,,110,
2026-09-23T19-31-23Z,2026,3,2026_03_PHI_CHI,CHI,PHI,2026-09-29T00:15:00Z,betonlineag,player_anytime_td,anytime_td,E.J. Jenkins,,900,
2026-09-23T19-31-23Z,2026,3,2026_03_PHI_CHI,CHI,PHI,2026-09-29T00:15:00Z,betonlineag,player_anytime_td,anytime_td,Rome Odunze,,400,
2026-09-23T19-31-23Z,2026,3,2026_03_PHI_CHI,CHI,PHI,2026-09-29T00:15:00Z,betonlineag,player_anytime_td,anytime_td,Luther Burden III,,350,
2026-09-23T19-31-23Z,2026,3,2026_03_PHI_CHI,CHI,PHI,2026-09-29T00:15:00Z,betonlineag,player_anytime_td,anytime_td,Kyle Monangai,,180,
2026-09-23T19-31-23Z,2026,3,2026_03_PHI_CHI,CHI,PHI,2026-09-29T00:15:00Z,betonlineag,player_anytime_td,anytime_td,Will Shipley,,800,
2026-09-23T19-31-23Z,2026,3,2026_03_PHI_CHI,CHI,PHI,2026-09-29T00:15:00Z,betonlineag,player_anytime_td,anytime_td,Jahdae Walker,,1700,
2026-09-23T19-31-23Z,2026,3,2026_03_PHI_CHI,CHI,PHI,2026-09-29T00:15:00Z,betonlineag,player_anytime_td,anytime_td,Darius Cooper,,1100,
2026-09-23T19-31-23Z,2026,3,2026_03_PHI_CHI,CHI,PHI,2026-09-29T00:15:00Z,betonlineag,player_anytime_td,anytime_td,Tank Bigsby,,290,
2026-09-23T19-31-23Z,2026,3,2026_03_PHI_CHI,CHI,PHI,2026-09-29T00:15:00Z,betonlineag,player_anytime_td,anytime_td,Colston Loveland,,350,
2026-09-23T19-31-23Z,2026,3,2026_03_PHI_CHI,CHI,PHI,2026-09-29T00:15:00Z,betonlineag,player_anytime_td,anytime_td,Kalif Raymond,,400,
2026-09-23T19-31-23Z,2026,3,2026_03_PHI_CHI,CHI,PHI,2026-09-29T00:15:00Z,betonlineag,player_anytime_td,anytime_td,Makai Lemon,,450,
2026-09-23T19-31-23Z,2026,3,2026_03_PHI_CHI,CHI,PHI,2026-09-29T00:15:00Z,betonlineag,player_anytime_td,anytime_td,Hollywood Brown,,800,
2026-09-23T19-31-23Z,2026,3,2026_03_PHI_CHI,CHI,PHI,2026-09-29T00:15:00Z,betonlineag,player_anytime_td,anytime_td,Dontayvion Wicks,,250,
2026-09-23T19-31-23Z,2026,3,2026_03_PHI_CHI,CHI,PHI,2026-09-29T00:15:00Z,betonlineag,player_anytime_td,anytime_td,Sam Roush,,1700,
2026-09-23T19-31-23Z,2026,3,2026_03_PHI_CHI,CHI,PHI,2026-09-29T00:15:00Z,betonlineag,player_anytime_td,anytime_td,Zavion Thomas,,3400,
2026-09-23T19-31-23Z,2026,3,2026_03_PHI_CHI,CHI,PHI,2026-09-29T00:15:00Z,betonlineag,player_anytime_td,anytime_td,Johnny Mundt,,290,
2026-09-23T19-31-23Z,2026,3,2026_03_PHI_CHI,CHI,PHI,2026-09-29T00:15:00Z,betonlineag,player_anytime_td,anytime_td,Elijah Moore,,1400,
2026-09-23T19-31-23Z,2026,3,2026_03_PHI_CHI,CHI,PHI,2026-09-29T00:15:00Z,betonlineag,player_pass_yds,pass_yards,Jalen Hurts,216.5,-112,-115.0
2026-09-23T19-31-23Z,2026,3,2026_03_PHI_CHI,CHI,PHI,2026-09-29T00:15:00Z,betonlineag,player_reception_yds,rec_yards,DeVonta Smith,72.5,-114,-114.0
2026-09-23T19-31-23Z,2026,3,2026_03_PHI_CHI,CHI,PHI,2026-09-29T00:15:00Z,betonlineag,player_reception_yds,rec_yards,Saquon Barkley,11.5,-115,-112.0
2026-09-23T19-31-23Z,2026,3,2026_03_PHI_CHI,CHI,PHI,2026-09-29T00:15:00Z,betonlineag,player_reception_yds,rec_yards,Dontayvion Wicks,41.5,-114,-114.0
2026-09-23T19-31-23Z,2026,3,2026_03_PHI_CHI,CHI,PHI,2026-09-29T00:15:00Z,betonlineag,player_receptions,rec_catches,DeVonta Smith,5.5,-116,-111.0
2026-09-23T19-31-23Z,2026,3,2026_03_PHI_CHI,CHI,PHI,2026-09-29T00:15:00Z,betonlineag,player_receptions,rec_catches,Saquon Barkley,1.5,-182,138.0
2026-09-23T19-31-23Z,2026,3,2026_03_PHI_CHI,CHI,PHI,2026-09-29T00:15:00Z,betonlineag,player_receptions,rec_catches,Dontayvion Wicks,3.5,120,-156.0
2026-09-23T19-31-23Z,2026,3,2026_03_PHI_CHI,CHI,PHI,2026-09-29T00:15:00Z,betonlineag,player_rush_yds,rush_yards,Jalen Hurts,24.5,-116,-111.0
2026-09-23T19-31-23Z,2026,3,2026_03_PHI_CHI,CHI,PHI,2026-09-29T00:15:00Z,betonlineag,player_rush_yds,rush_yards,Saquon Barkley,68.5,-114,-114.0
2026-09-23T19-31-23Z,2026,3,2026_03_PHI_CHI,CHI,PHI,2026-09-29T00:15:00Z,betmgm,player_anytime_td,anytime_td,DeVonta Smith,,160,
2026-09-23T19-31-23Z,2026,3,2026_03_PHI_CHI,CHI,PHI,2026-09-29T00:15:00Z,betmgm,player_anytime_td,anytime_td,Roschon Johnson,,2200,
2026-09-23T19-31-23Z,2026,3,2026_03_PHI_CHI,CHI,PHI,2026-09-29T00:15:00Z,betmgm,player_anytime_td,anytime_td,Britain Covey,,4500,
2026-09-23T19-31-23Z,2026,3,2026_03_PHI_CHI,CHI,PHI,2026-09-29T00:15:00Z,betmgm,player_anytime_td,anytime_td,Saquon Barkley,,-135,
2026-09-23T19-31-23Z,2026,3,2026_03_PHI_CHI,CHI,PHI,2026-09-29T00:15:00Z,betmgm,player_anytime_td,anytime_td,Tank Bigsby,,300,
2026-09-23T19-31-23Z,2026,3,2026_03_PHI_CHI,CHI,PHI,2026-09-29T00:15:00Z,betmgm,player_anytime_td,anytime_td,Jalen Hurts,,140,
2026-09-23T19-31-23Z,2026,3,2026_03_PHI_CHI,CHI,PHI,2026-09-29T00:15:00Z,betmgm,player_anytime_td,anytime_td,Luther Burden III,,360,
2026-09-23T19-31-23Z,2026,3,2026_03_PHI_CHI,CHI,PHI,2026-09-29T00:15:00Z,betmgm,player_anytime_td,anytime_td,Zavion Thomas,,6000,
2026-09-23T19-31-23Z,2026,3,2026_03_PHI_CHI,CHI,PHI,2026-09-29T00:15:00Z,betmgm,player_anytime_td,anytime_td,Hollywood Brown,,950,
2026-09-23T19-31-23Z,2026,3,2026_03_PHI_CHI,CHI,PHI,2026-09-29T00:15:00Z,betmgm,player_anytime_td,anytime_td,E.J. Jenkins,,2800,
2026-09-23T19-31-23Z,2026,3,2026_03_PHI_CHI,CHI,PHI,2026-09-29T00:15:00Z,betmgm,player_anytime_td,anytime_td,Cole Kmet,,825,
2026-09-23T19-31-23Z,2026,3,2026_03_PHI_CHI,CHI,PHI,2026-09-29T00:15:00Z,betmgm,player_anytime_td,anytime_td,Makai Lemon,,375,
2026-09-23T19-31-23Z,2026,3,2026_03_PHI_CHI,CHI,PHI,2026-09-29T00:15:00Z,betmgm,player_anytime_td,anytime_td,D'Andre Swift,,100,
2026-09-23T19-31-23Z,2026,3,2026_03_PHI_CHI,CHI,PHI,2026-09-29T00:15:00Z,betmgm,player_anytime_td,anytime_td,Tyson Bagent,,475,
2026-09-23T19-31-23Z,2026,3,2026_03_PHI_CHI,CHI,PHI,2026-09-29T00:15:00Z,betmgm,player_anytime_td,anytime_td,Kyle Monangai,,195,
2026-09-23T19-31-23Z,2026,3,2026_03_PHI_CHI,CHI,PHI,2026-09-29T00:15:00Z,betmgm,player_anytime_td,anytime_td,Johnny Mundt,,625,
2026-09-23T19-31-23Z,2026,3,2026_03_PHI_CHI,CHI,PHI,2026-09-29T00:15:00Z,betmgm,player_anytime_td,anytime_td,Dontayvion Wicks,,300,
2026-09-23T19-31-23Z,2026,3,2026_03_PHI_CHI,CHI,PHI,2026-09-29T00:15:00Z,betmgm,player_anytime_td,anytime_td,Colston Loveland,,340,
2026-09-23T19-31-23Z,2026,3,2026_03_PHI_CHI,CHI,PHI,2026-09-29T00:15:00Z,betmgm,player_anytime_td,anytime_td,Rome Odunze,,425,
2026-09-23T19-31-23Z,2026,3,2026_03_PHI_CHI,CHI,PHI,2026-09-29T00:15:00Z,betmgm,player_anytime_td,anytime_td,Sam Roush,,2200,
2026-09-23T19-31-23Z,2026,3,2026_03_PHI_CHI,CHI,PHI,2026-09-29T00:15:00Z,betmgm,player_anytime_td,anytime_td,Jahdae Walker,,2800,
2026-09-23T19-31-23Z,2026,3,2026_03_PHI_CHI,CHI,PHI,2026-09-29T00:15:00Z,betmgm,player_anytime_td,anytime_td,Kalif Raymond,,525,
2026-09-23T19-31-23Z,2026,3,2026_03_PHI_CHI,CHI,PHI,2026-09-29T00:15:00Z,betmgm,player_anytime_td,anytime_td,Will Shipley,,475,
2026-09-23T19-31-23Z,2026,3,2026_03_PHI_CHI,CHI,PHI,2026-09-29T00:15:00Z,betmgm,player_anytime_td,anytime_td,Darius Cooper,,1550,
2026-09-23T19-31-23Z,2026,3,2026_03_PHI_CHI,CHI,PHI,2026-09-29T00:15:00Z,bovada,player_anytime_td,anytime_td,Britain Covey,,2500,
2026-09-23T19-31-23Z,2026,3,2026_03_PHI_CHI,CHI,PHI,2026-09-29T00:15:00Z,bovada,player_anytime_td,anytime_td,E.J. Jenkins,,1900,
2026-09-23T19-31-23Z,2026,3,2026_03_PHI_CHI,CHI,PHI,2026-09-29T00:15:00Z,bovada,player_anytime_td,anytime_td,Zavion Thomas,,2800,
2026-09-23T19-31-23Z,2026,3,2026_03_PHI_CHI,CHI,PHI,2026-09-29T00:15:00Z,bovada,player_anytime_td,anytime_td,Philadelphia Eagles D/ST,,600,
2026-09-23T19-31-23Z,2026,3,2026_03_PHI_CHI,CHI,PHI,2026-09-29T00:15:00Z,bovada,player_anytime_td,anytime_td,Chicago Bears D/ST,,725,
2026-09-23T19-31-23Z,2026,3,2026_03_PHI_CHI,CHI,PHI,2026-09-29T00:15:00Z,bovada,player_anytime_td,anytime_td,DeVonta Smith,,135,
2026-09-23T19-31-23Z,2026,3,2026_03_PHI_CHI,CHI,PHI,2026-09-29T00:15:00Z,bovada,player_anytime_td,anytime_td,Dontayvion Wicks,,265,
2026-09-23T19-31-23Z,2026,3,2026_03_PHI_CHI,CHI,PHI,2026-09-29T00:15:00Z,bovada,player_anytime_td,anytime_td,Saquon Barkley,,115,
2026-09-23T19-31-23Z,2026,3,2026_03_PHI_CHI,CHI,PHI,2026-09-29T00:15:00Z,bovada,player_anytime_td,anytime_td,Makai Lemon,,420,
2026-09-23T19-31-23Z,2026,3,2026_03_PHI_CHI,CHI,PHI,2026-09-29T00:15:00Z,bovada,player_anytime_td,anytime_td,Jalen Hurts,,165,
2026-09-23T19-31-23Z,2026,3,2026_03_PHI_CHI,CHI,PHI,2026-09-29T00:15:00Z,bovada,player_anytime_td,anytime_td,Rome Odunze,,340,
2026-09-23T19-31-23Z,2026,3,2026_03_PHI_CHI,CHI,PHI,2026-09-29T00:15:00Z,bovada,player_anytime_td,anytime_td,Cole Kmet,,525,
2026-09-23T19-31-23Z,2026,3,2026_03_PHI_CHI,CHI,PHI,2026-09-29T00:15:00Z,bovada,player_anytime_td,anytime_td,Roschon Johnson,,3300,
2026-09-23T19-31-23Z,2026,3,2026_03_PHI_CHI,CHI,PHI,2026-09-29T00:15:00Z,bovada,player_anytime_td,anytime_td,D'Andre Swift,,-114,
2026-09-23T19-31-23Z,2026,3,2026_03_PHI_CHI,CHI,PHI,2026-09-29T00:15:00Z,bovada,player_pass_yds,pass_yards,Jalen Hurts,216.5,-115,-115.0
2026-09-23T19-31-23Z,2026,3,2026_03_PHI_CHI,CHI,PHI,2026-09-29T00:15:00Z,bovada,player_reception_yds,rec_yards,DeVonta Smith,82.5,-115,-115.0
2026-09-23T19-31-23Z,2026,3,2026_03_PHI_CHI,CHI,PHI,2026-09-29T00:15:00Z,bovada,player_reception_yds,rec_yards,Dontayvion Wicks,43.5,-115,-115.0
2026-09-23T19-31-23Z,2026,3,2026_03_PHI_CHI,CHI,PHI,2026-09-29T00:15:00Z,bovada,player_reception_yds,rec_yards,Saquon Barkley,11.5,-110,-120.0
2026-09-23T19-31-23Z,2026,3,2026_03_PHI_CHI,CHI,PHI,2026-09-29T00:15:00Z,bovada,player_receptions,rec_catches,DeVonta Smith,6.5,-105,-125.0
2026-09-23T19-31-23Z,2026,3,2026_03_PHI_CHI,CHI,PHI,2026-09-29T00:15:00Z,bovada,player_receptions,rec_catches,Dontayvion Wicks,3.5,105,-135.0
2026-09-23T19-31-23Z,2026,3,2026_03_PHI_CHI,CHI,PHI,2026-09-29T00:15:00Z,bovada,player_receptions,rec_catches,Saquon Barkley,1.5,-160,120.0
2026-09-23T19-31-23Z,2026,3,2026_03_PHI_CHI,CHI,PHI,2026-09-29T00:15:00Z,bovada,player_rush_yds,rush_yards,Jalen Hurts,23.5,-115,-115.0
2026-09-23T19-31-23Z,2026,3,2026_03_PHI_CHI,CHI,PHI,2026-09-29T00:15:00Z,bovada,player_rush_yds,rush_yards,Saquon Barkley,70.5,-115,-115.0
