run_at,season,week,game_id,model_spread,model_total,spread_line,total_line,bet
2026-09-23 00:33 UTC,2026,3,2026_03_ATL_GB,5.91,47.315,6.0,44.5,
2026-09-23 00:33 UTC,2026,3,2026_03_LAC_BUF,6.565,48.245,7.0,50.5,
2026-09-23 00:33 UTC,2026,3,2026_03_CAR_CLE,1.047,42.861,-2.5,42.5,
2026-09-23 00:33 UTC,2026,3,2026_03_NYJ_DET,7.916,50.905,6.5,47.5,
2026-09-23 00:33 UTC,2026,3,2026_03_HOU_IND,-0.962,45.588,-2.5,43.5,
2026-09-23 00:33 UTC,2026,3,2026_03_NE_JAX,2.522,43.587,3.0,45.5,
2026-09-23 00:33 UTC,2026,3,2026_03_KC_MIA,-6.558,46.518,-11.5,46.5,
2026-09-23 00:33 UTC,2026,3,2026_03_TEN_NYG,7.029,44.459,3.0,40.5,
2026-09-23 00:33 UTC,2026,3,2026_03_CIN_PIT,0.562,46.578,-3.5,42.5,
2026-09-23 00:33 UTC,2026,3,2026_03_SEA_WAS,-8.094,44.716,-7.0,40.5,
2026-09-23 00:33 UTC,2026,3,2026_03_ARI_SF,10.021,48.613,8.5,47.5,
2026-09-23 00:33 UTC,2026,3,2026_03_MIN_TB,-0.53,42.919,-1.5,42.5,
2026-09-23 00:33 UTC,2026,3,2026_03_BAL_DAL,-1.767,53.1,-3.0,52.5,
2026-09-23 00:33 UTC,2026,3,2026_03_LV_NO,3.719,44.333,3.0,44.5,
2026-09-23 00:33 UTC,2026,3,2026_03_LA_DEN,-0.091,46.162,-2.5,45.5,
2026-09-23 00:33 UTC,2026,3,2026_03_PHI_CHI,-1.944,44.816,-4.5,41.5,
2026-09-23 00:51 UTC,2026,3,2026_03_ATL_GB,5.91,47.315,6.0,44.5,
2026-09-23 00:51 UTC,2026,3,2026_03_LAC_BUF,6.565,48.245,7.0,50.5,
2026-09-23 00:51 UTC,2026,3,2026_03_CAR_CLE,1.047,42.861,-2.5,42.5,
2026-09-23 00:51 UTC,2026,3,2026_03_NYJ_DET,7.916,50.905,6.5,47.5,
2026-09-23 00:51 UTC,2026,3,2026_03_HOU_IND,-0.962,45.588,-2.5,43.5,
2026-09-23 00:51 UTC,2026,3,2026_03_NE_JAX,2.522,43.587,3.0,45.5,
2026-09-23 00:51 UTC,2026,3,2026_03_KC_MIA,-6.558,46.518,-11.5,46.5,MIA +11.5
2026-09-23 00:51 UTC,2026,3,2026_03_TEN_NYG,7.029,44.459,3.0,40.5,NYG -2.5
2026-09-23 00:51 UTC,2026,3,2026_03_CIN_PIT,0.562,46.578,-3.5,42.5,PIT +3.5
2026-09-23 00:51 UTC,2026,3,2026_03_SEA_WAS,-8.094,44.716,-7.0,40.5,
2026-09-23 00:51 UTC,2026,3,2026_03_ARI_SF,10.021,48.613,8.5,47.5,
2026-09-23 00:51 UTC,2026,3,2026_03_MIN_TB,-0.53,42.919,-1.5,42.5,
2026-09-23 00:51 UTC,2026,3,2026_03_BAL_DAL,-1.767,53.1,-3.0,52.5,
2026-09-23 00:51 UTC,2026,3,2026_03_LV_NO,3.719,44.333,3.0,44.5,
2026-09-23 00:51 UTC,2026,3,2026_03_LA_DEN,-0.091,46.162,-2.5,45.5,
2026-09-23 00:51 UTC,2026,3,2026_03_PHI_CHI,-1.944,44.816,-4.5,41.5,
2026-09-23 01:10 UTC,2026,3,2026_03_ATL_GB,5.91,47.315,5.5,43.5,
2026-09-23 01:10 UTC,2026,3,2026_03_LAC_BUF,6.565,48.245,7.0,50.5,
2026-09-23 01:10 UTC,2026,3,2026_03_CAR_CLE,1.047,42.861,-2.5,42.5,
2026-09-23 01:10 UTC,2026,3,2026_03_NYJ_DET,7.916,50.905,6.5,47.5,
2026-09-23 01:10 UTC,2026,3,2026_03_HOU_IND,-0.962,45.588,-3.0,42.5,
2026-09-23 01:10 UTC,2026,3,2026_03_NE_JAX,2.522,43.587,3.0,45.5,
2026-09-23 01:10 UTC,2026,3,2026_03_KC_MIA,-6.558,46.518,-11.5,46.5,MIA +11.5
2026-09-23 01:10 UTC,2026,3,2026_03_TEN_NYG,7.135,44.459,3.0,39.5,NYG -2.5
2026-09-23 01:10 UTC,2026,3,2026_03_CIN_PIT,0.562,46.578,-3.5,42.5,PIT +3.5
2026-09-23 01:10 UTC,2026,3,2026_03_SEA_WAS,-8.094,44.716,-7.0,40.5,
2026-09-23 01:10 UTC,2026,3,2026_03_ARI_SF,10.021,48.613,8.5,47.5,
2026-09-23 01:10 UTC,2026,3,2026_03_MIN_TB,-0.53,42.919,-1.5,42.5,
2026-09-23 01:10 UTC,2026,3,2026_03_BAL_DAL,-1.767,53.1,-3.5,52.5,
2026-09-23 01:10 UTC,2026,3,2026_03_LV_NO,3.719,44.333,3.0,43.5,
2026-09-23 01:10 UTC,2026,3,2026_03_LA_DEN,-0.478,46.162,-2.5,45.5,
2026-09-23 01:10 UTC,2026,3,2026_03_PHI_CHI,-1.944,44.816,-4.5,41.5,
2026-09-23 01:19 UTC,2026,3,2026_03_ATL_GB,5.983,47.311,5.5,43.5,
2026-09-23 01:19 UTC,2026,3,2026_03_LAC_BUF,6.473,48.399,7.0,50.5,
2026-09-23 01:19 UTC,2026,3,2026_03_CAR_CLE,1.054,43.106,-2.5,42.5,
2026-09-23 01:19 UTC,2026,3,2026_03_NYJ_DET,7.808,51.089,6.5,47.5,
2026-09-23 01:19 UTC,2026,3,2026_03_HOU_IND,-0.915,45.777,-3.0,42.5,
2026-09-23 01:19 UTC,2026,3,2026_03_NE_JAX,2.583,43.679,3.0,45.5,
2026-09-23 01:19 UTC,2026,3,2026_03_KC_MIA,-6.747,46.436,-11.5,46.5,MIA +11.5
2026-09-23 01:19 UTC,2026,3,2026_03_TEN_NYG,6.941,44.449,3.0,39.5,
2026-09-23 01:19 UTC,2026,3,2026_03_CIN_PIT,0.617,46.783,-3.5,42.5,PIT +3.5
2026-09-23 01:19 UTC,2026,3,2026_03_SEA_WAS,-8.081,44.758,-7.0,40.5,
2026-09-23 01:19 UTC,2026,3,2026_03_ARI_SF,9.847,48.729,8.5,47.5,
2026-09-23 01:19 UTC,2026,3,2026_03_MIN_TB,-0.523,43.16,-1.5,42.5,
2026-09-23 01:19 UTC,2026,3,2026_03_BAL_DAL,-1.73,53.19,-3.5,52.5,
2026-09-23 01:19 UTC,2026,3,2026_03_LV_NO,3.537,44.431,3.0,43.5,
2026-09-23 01:19 UTC,2026,3,2026_03_LA_DEN,-0.495,46.28,-2.5,45.5,
2026-09-23 01:19 UTC,2026,3,2026_03_PHI_CHI,-2.22,44.641,-4.5,41.5,
2026-09-23 01:58 UTC,2026,3,2026_03_ATL_GB,5.983,47.043,5.5,43.5,
2026-09-23 01:58 UTC,2026,3,2026_03_LAC_BUF,6.473,48.399,7.0,50.5,
2026-09-23 01:58 UTC,2026,3,2026_03_CAR_CLE,1.054,43.106,-2.5,42.5,
2026-09-23 01:58 UTC,2026,3,2026_03_NYJ_DET,7.808,51.089,6.5,47.5,
2026-09-23 01:58 UTC,2026,3,2026_03_HOU_IND,-0.915,45.777,-3.0,42.5,
2026-09-23 01:58 UTC,2026,3,2026_03_NE_JAX,2.583,43.679,3.0,45.5,
2026-09-23 01:58 UTC,2026,3,2026_03_KC_MIA,-6.747,46.436,-11.5,46.5,MIA +11.5
2026-09-23 01:58 UTC,2026,3,2026_03_TEN_NYG,6.941,44.449,2.5,39.5,NYG -3
2026-09-23 01:58 UTC,2026,3,2026_03_CIN_PIT,0.617,46.783,-3.5,42.5,PIT +3.5
2026-09-23 01:58 UTC,2026,3,2026_03_SEA_WAS,-8.081,44.758,-7.0,40.5,
2026-09-23 01:58 UTC,2026,3,2026_03_ARI_SF,9.847,48.729,8.5,47.5,
2026-09-23 01:58 UTC,2026,3,2026_03_MIN_TB,-0.523,43.16,-1.5,42.5,
2026-09-23 01:58 UTC,2026,3,2026_03_BAL_DAL,-1.73,53.19,-3.5,52.5,
2026-09-23 01:58 UTC,2026,3,2026_03_LV_NO,3.537,44.431,3.0,43.5,
2026-09-23 01:58 UTC,2026,3,2026_03_LA_DEN,-0.495,46.28,-2.5,45.5,
2026-09-23 01:58 UTC,2026,3,2026_03_PHI_CHI,-2.22,44.641,-4.5,41.5,
2026-09-23 02:31 UTC,2026,3,2026_03_ATL_GB,5.568,47.043,5.5,43.5,
2026-09-23 02:31 UTC,2026,3,2026_03_LAC_BUF,6.563,48.399,7.0,50.5,
2026-09-23 02:31 UTC,2026,3,2026_03_CAR_CLE,1.151,43.106,-2.5,42.5,
2026-09-23 02:31 UTC,2026,3,2026_03_NYJ_DET,7.556,51.089,6.5,47.5,
2026-09-23 02:31 UTC,2026,3,2026_03_HOU_IND,-1.296,45.777,-3.0,42.5,
2026-09-23 02:31 UTC,2026,3,2026_03_NE_JAX,2.955,43.679,3.0,45.5,
2026-09-23 02:31 UTC,2026,3,2026_03_KC_MIA,-6.791,46.436,-11.5,46.5,MIA +11.5
2026-09-23 02:31 UTC,2026,3,2026_03_TEN_NYG,6.945,44.449,2.5,39.5,NYG -3
2026-09-23 02:31 UTC,2026,3,2026_03_CIN_PIT,0.636,46.783,-3.5,42.5,PIT +3.5
2026-09-23 02:31 UTC,2026,3,2026_03_SEA_WAS,-7.876,44.758,-7.0,40.5,
2026-09-23 02:31 UTC,2026,3,2026_03_ARI_SF,10.511,48.729,8.5,47.5,
2026-09-23 02:31 UTC,2026,3,2026_03_MIN_TB,-0.364,43.16,-1.5,42.5,
2026-09-23 02:31 UTC,2026,3,2026_03_BAL_DAL,-1.69,53.19,-3.5,52.5,
2026-09-23 02:31 UTC,2026,3,2026_03_LV_NO,3.367,44.431,3.0,43.5,
2026-09-23 02:31 UTC,2026,3,2026_03_LA_DEN,-0.456,46.28,-2.5,45.5,
2026-09-23 02:31 UTC,2026,3,2026_03_PHI_CHI,-2.241,44.641,-4.5,41.5,
2026-09-23 03:26 UTC,2026,3,2026_03_ATL_GB,5.568,47.043,5.5,43.5,
2026-09-23 03:26 UTC,2026,3,2026_03_LAC_BUF,6.563,48.399,7.0,50.5,
2026-09-23 03:26 UTC,2026,3,2026_03_CAR_CLE,1.151,43.106,-2.5,42.5,
2026-09-23 03:26 UTC,2026,3,2026_03_NYJ_DET,7.556,51.089,6.5,47.5,
2026-09-23 03:26 UTC,2026,3,2026_03_HOU_IND,-1.296,45.777,-3.0,42.5,
2026-09-23 03:26 UTC,2026,3,2026_03_NE_JAX,2.955,43.679,3.0,45.5,
2026-09-23 03:26 UTC,2026,3,2026_03_KC_MIA,-6.791,46.436,-11.5,46.5,MIA +11.5
2026-09-23 03:26 UTC,2026,3,2026_03_TEN_NYG,6.945,44.449,2.5,39.5,NYG -3
2026-09-23 03:26 UTC,2026,3,2026_03_CIN_PIT,0.636,46.783,-3.5,42.5,PIT +3.5
2026-09-23 03:26 UTC,2026,3,2026_03_SEA_WAS,-7.876,44.758,-7.0,40.5,
2026-09-23 03:26 UTC,2026,3,2026_03_ARI_SF,10.511,48.729,8.5,47.5,
2026-09-23 03:26 UTC,2026,3,2026_03_MIN_TB,-0.364,43.16,-1.5,42.5,
2026-09-23 03:26 UTC,2026,3,2026_03_BAL_DAL,-1.69,53.19,-3.5,52.5,
2026-09-23 03:26 UTC,2026,3,2026_03_LV_NO,3.367,44.431,3.0,43.5,
2026-09-23 03:26 UTC,2026,3,2026_03_LA_DEN,-0.456,46.28,-2.5,45.5,
2026-09-23 03:26 UTC,2026,3,2026_03_PHI_CHI,-2.241,44.641,-4.5,41.5,
2026-09-23 04:11 UTC,2026,3,2026_03_ATL_GB,5.669,47.043,5.5,43.5,
2026-09-23 04:11 UTC,2026,3,2026_03_LAC_BUF,6.335,48.399,7.0,50.5,
2026-09-23 04:11 UTC,2026,3,2026_03_CAR_CLE,1.119,43.106,-2.5,42.5,
2026-09-23 04:11 UTC,2026,3,2026_03_NYJ_DET,7.439,51.089,6.5,47.5,
2026-09-23 04:11 UTC,2026,3,2026_03_HOU_IND,-1.144,45.777,-3.0,42.5,
2026-09-23 04:11 UTC,2026,3,2026_03_NE_JAX,3.011,43.679,3.0,45.5,
2026-09-23 04:11 UTC,2026,3,2026_03_KC_MIA,-6.623,46.436,-11.5,46.5,MIA +11.5
2026-09-23 04:11 UTC,2026,3,2026_03_TEN_NYG,6.825,44.449,2.5,39.5,NYG -2.5
2026-09-23 04:11 UTC,2026,3,2026_03_CIN_PIT,0.671,46.783,-3.5,42.5,PIT +3.5
2026-09-23 04:11 UTC,2026,3,2026_03_SEA_WAS,-7.429,44.758,-7.0,40.5,
2026-09-23 04:11 UTC,2026,3,2026_03_ARI_SF,10.064,48.729,8.5,47.5,
2026-09-23 04:11 UTC,2026,3,2026_03_MIN_TB,-0.169,43.16,-1.5,42.5,
2026-09-23 04:11 UTC,2026,3,2026_03_BAL_DAL,-1.608,53.19,-3.5,52.5,
2026-09-23 04:11 UTC,2026,3,2026_03_LV_NO,3.314,44.431,3.0,43.5,
2026-09-23 04:11 UTC,2026,3,2026_03_LA_DEN,-0.313,46.28,-2.5,45.5,
2026-09-23 04:11 UTC,2026,3,2026_03_PHI_CHI,-2.336,44.641,-4.5,41.5,
2026-09-23 05:07 UTC,2026,3,2026_03_ATL_GB,5.669,46.989,5.5,43.5,
2026-09-23 05:07 UTC,2026,3,2026_03_LAC_BUF,6.335,48.399,7.0,50.5,
2026-09-23 05:07 UTC,2026,3,2026_03_CAR_CLE,1.119,43.106,-2.5,42.5,
2026-09-23 05:07 UTC,2026,3,2026_03_NYJ_DET,7.439,51.089,6.5,47.5,
2026-09-23 05:07 UTC,2026,3,2026_03_HOU_IND,-1.144,45.777,-3.0,42.5,
2026-09-23 05:07 UTC,2026,3,2026_03_NE_JAX,3.011,43.679,3.0,45.5,
2026-09-23 05:07 UTC,2026,3,2026_03_KC_MIA,-6.623,46.436,-11.5,46.5,MIA +11.5
2026-09-23 05:07 UTC,2026,3,2026_03_TEN_NYG,6.825,44.449,2.5,39.5,NYG -2.5
2026-09-23 05:07 UTC,2026,3,2026_03_CIN_PIT,0.671,46.783,-3.5,42.5,PIT +3.5
2026-09-23 05:07 UTC,2026,3,2026_03_SEA_WAS,-7.429,44.758,-7.0,40.5,
2026-09-23 05:07 UTC,2026,3,2026_03_ARI_SF,10.064,48.729,8.5,47.5,
2026-09-23 05:07 UTC,2026,3,2026_03_MIN_TB,-0.169,43.16,-1.5,42.5,
2026-09-23 05:07 UTC,2026,3,2026_03_BAL_DAL,-1.608,53.19,-3.5,52.5,
2026-09-23 05:07 UTC,2026,3,2026_03_LV_NO,3.314,44.431,3.0,44.5,
2026-09-23 05:07 UTC,2026,3,2026_03_LA_DEN,-0.313,46.28,-2.5,45.5,
2026-09-23 05:07 UTC,2026,3,2026_03_PHI_CHI,-2.336,44.641,-4.5,41.5,
2026-09-23 12:47 UTC,2026,3,2026_03_ATL_GB,6.0,46.64,5.5,43.5,
2026-09-23 12:47 UTC,2026,3,2026_03_LAC_BUF,6.335,48.399,7.0,50.5,
2026-09-23 12:47 UTC,2026,3,2026_03_CAR_CLE,1.119,43.106,-2.5,42.5,
2026-09-23 12:47 UTC,2026,3,2026_03_NYJ_DET,7.087,51.089,6.5,47.5,
2026-09-23 12:47 UTC,2026,3,2026_03_HOU_IND,-1.329,45.777,-3.0,42.5,
2026-09-23 12:47 UTC,2026,3,2026_03_NE_JAX,3.011,43.679,3.0,45.5,
2026-09-23 12:47 UTC,2026,3,2026_03_KC_MIA,-6.623,46.436,-11.5,46.5,MIA +11.5
2026-09-23 12:47 UTC,2026,3,2026_03_TEN_NYG,6.825,44.449,2.5,39.5,NYG -2.5
2026-09-23 12:47 UTC,2026,3,2026_03_CIN_PIT,0.671,46.783,-3.5,42.5,PIT +3.5
2026-09-23 12:47 UTC,2026,3,2026_03_SEA_WAS,-7.429,44.758,-7.0,40.5,
2026-09-23 12:47 UTC,2026,3,2026_03_ARI_SF,10.064,48.729,8.5,47.5,
2026-09-23 12:47 UTC,2026,3,2026_03_MIN_TB,-0.169,43.16,-1.5,42.5,
2026-09-23 12:47 UTC,2026,3,2026_03_BAL_DAL,-1.608,53.19,-3.5,52.5,
2026-09-23 12:47 UTC,2026,3,2026_03_LV_NO,3.552,44.431,3.0,44.5,
2026-09-23 12:47 UTC,2026,3,2026_03_LA_DEN,-0.313,46.28,-2.5,45.5,
2026-09-23 12:47 UTC,2026,3,2026_03_PHI_CHI,-2.336,44.641,-4.5,41.5,
2026-09-23 13:12 UTC,2026,3,2026_03_ATL_GB,6.0,46.64,5.5,43.5,
2026-09-23 13:12 UTC,2026,3,2026_03_LAC_BUF,6.335,48.399,7.0,50.5,
2026-09-23 13:12 UTC,2026,3,2026_03_CAR_CLE,1.119,43.106,-2.5,42.5,
2026-09-23 13:12 UTC,2026,3,2026_03_NYJ_DET,7.087,51.089,6.5,47.5,
2026-09-23 13:12 UTC,2026,3,2026_03_HOU_IND,-1.329,45.777,-3.0,42.5,
2026-09-23 13:12 UTC,2026,3,2026_03_NE_JAX,3.011,43.679,3.0,45.5,
2026-09-23 13:12 UTC,2026,3,2026_03_KC_MIA,-6.623,46.436,-11.5,46.5,MIA +11.5
2026-09-23 13:12 UTC,2026,3,2026_03_TEN_NYG,6.825,44.449,2.5,39.5,NYG -2.5
2026-09-23 13:12 UTC,2026,3,2026_03_CIN_PIT,0.671,46.783,-3.5,42.5,PIT +3.5
2026-09-23 13:12 UTC,2026,3,2026_03_SEA_WAS,-7.429,44.758,-7.0,40.5,
2026-09-23 13:12 UTC,2026,3,2026_03_ARI_SF,10.064,48.729,8.5,47.5,
2026-09-23 13:12 UTC,2026,3,2026_03_MIN_TB,-0.169,43.16,-1.5,42.5,
2026-09-23 13:12 UTC,2026,3,2026_03_BAL_DAL,-1.608,53.19,-3.5,52.5,
2026-09-23 13:12 UTC,2026,3,2026_03_LV_NO,3.552,44.431,3.0,44.5,
2026-09-23 13:12 UTC,2026,3,2026_03_LA_DEN,-0.313,46.28,-2.5,45.5,
2026-09-23 13:12 UTC,2026,3,2026_03_PHI_CHI,-2.336,44.641,-4.5,41.5,
2026-09-23 14:21 UTC,2026,3,2026_03_ATL_GB,5.676,46.64,6.0,43.5,
2026-09-23 14:21 UTC,2026,3,2026_03_LAC_BUF,6.351,48.399,7.0,50.5,
2026-09-23 14:21 UTC,2026,3,2026_03_CAR_CLE,1.14,43.106,-2.5,42.5,
2026-09-23 14:21 UTC,2026,3,2026_03_NYJ_DET,7.698,51.089,6.5,48.5,
2026-09-23 14:21 UTC,2026,3,2026_03_HOU_IND,-1.671,45.777,-2.5,43.5,
2026-09-23 14:21 UTC,2026,3,2026_03_NE_JAX,3.054,43.679,3.0,45.5,
2026-09-23 14:21 UTC,2026,3,2026_03_KC_MIA,-6.666,46.436,-11.5,46.5,MIA +11.5
2026-09-23 14:21 UTC,2026,3,2026_03_TEN_NYG,6.81,44.449,3.5,40.5,
2026-09-23 14:21 UTC,2026,3,2026_03_CIN_PIT,0.665,46.783,-3.5,42.5,PIT +3.5
2026-09-23 14:21 UTC,2026,3,2026_03_SEA_WAS,-7.446,44.758,-7.0,40.5,
2026-09-23 14:21 UTC,2026,3,2026_03_ARI_SF,10.745,48.729,8.5,47.5,
2026-09-23 14:21 UTC,2026,3,2026_03_MIN_TB,-0.128,43.16,-1.5,42.5,
2026-09-23 14:21 UTC,2026,3,2026_03_BAL_DAL,-1.658,53.19,-3.0,52.5,
2026-09-23 14:21 UTC,2026,3,2026_03_LV_NO,3.348,44.431,3.0,43.5,
2026-09-23 14:21 UTC,2026,3,2026_03_LA_DEN,0.065,46.28,-2.5,45.5,
2026-09-23 14:21 UTC,2026,3,2026_03_PHI_CHI,-2.336,44.641,-3.0,44.5,
2026-09-23 14:38 UTC,2026,3,2026_03_ATL_GB,6.008,46.64,5.5,43.5,
2026-09-23 14:38 UTC,2026,3,2026_03_LAC_BUF,6.351,48.399,7.0,50.5,
2026-09-23 14:38 UTC,2026,3,2026_03_CAR_CLE,1.14,43.106,-2.5,42.5,
2026-09-23 14:38 UTC,2026,3,2026_03_NYJ_DET,7.345,51.089,6.5,47.5,
2026-09-23 14:38 UTC,2026,3,2026_03_HOU_IND,-1.856,45.777,-3.0,42.5,
2026-09-23 14:38 UTC,2026,3,2026_03_NE_JAX,3.054,43.679,3.0,45.5,
2026-09-23 14:38 UTC,2026,3,2026_03_KC_MIA,-6.666,46.436,-11.5,46.5,MIA +11.5
2026-09-23 14:38 UTC,2026,3,2026_03_TEN_NYG,6.915,44.449,2.5,39.5,NYG -2.5
2026-09-23 14:38 UTC,2026,3,2026_03_CIN_PIT,0.665,46.783,-3.5,42.5,PIT +3.5
2026-09-23 14:38 UTC,2026,3,2026_03_SEA_WAS,-7.446,44.758,-7.0,40.5,
2026-09-23 14:38 UTC,2026,3,2026_03_ARI_SF,10.745,48.729,8.5,47.5,
2026-09-23 14:38 UTC,2026,3,2026_03_MIN_TB,-0.128,43.16,-1.5,42.5,
2026-09-23 14:38 UTC,2026,3,2026_03_BAL_DAL,-1.658,53.19,-3.5,52.5,
2026-09-23 14:38 UTC,2026,3,2026_03_LV_NO,3.592,44.431,3.0,44.5,
2026-09-23 14:38 UTC,2026,3,2026_03_LA_DEN,-0.316,46.28,-2.5,45.5,
2026-09-23 14:38 UTC,2026,3,2026_03_PHI_CHI,-2.336,44.641,-4.5,41.5,
2026-09-23 14:55 UTC,2026,3,2026_03_ATL_GB,6.0,46.64,5.5,43.5,
2026-09-23 14:55 UTC,2026,3,2026_03_LAC_BUF,6.335,48.399,7.0,50.5,
2026-09-23 14:55 UTC,2026,3,2026_03_CAR_CLE,1.119,43.106,-2.5,42.5,
2026-09-23 14:55 UTC,2026,3,2026_03_NYJ_DET,7.087,51.089,6.5,47.5,
2026-09-23 14:55 UTC,2026,3,2026_03_HOU_IND,-1.329,45.777,-3.0,42.5,
2026-09-23 14:55 UTC,2026,3,2026_03_NE_JAX,3.011,43.679,3.0,45.5,
2026-09-23 14:55 UTC,2026,3,2026_03_KC_MIA,-6.623,46.436,-11.5,46.5,MIA +11.5
2026-09-23 14:55 UTC,2026,3,2026_03_TEN_NYG,6.825,44.449,2.5,39.5,NYG -2.5
2026-09-23 14:55 UTC,2026,3,2026_03_CIN_PIT,0.671,46.783,-3.5,42.5,PIT +3.5
2026-09-23 14:55 UTC,2026,3,2026_03_SEA_WAS,-7.429,44.758,-7.0,40.5,
2026-09-23 14:55 UTC,2026,3,2026_03_ARI_SF,10.064,48.729,8.5,47.5,
2026-09-23 14:55 UTC,2026,3,2026_03_MIN_TB,-0.169,43.16,-1.5,42.5,
2026-09-23 14:55 UTC,2026,3,2026_03_BAL_DAL,-1.608,53.19,-3.5,52.5,
2026-09-23 14:55 UTC,2026,3,2026_03_LV_NO,3.552,44.431,3.0,44.5,
2026-09-23 14:55 UTC,2026,3,2026_03_LA_DEN,-0.313,46.28,-2.5,45.5,
2026-09-23 14:55 UTC,2026,3,2026_03_PHI_CHI,-2.336,44.641,-4.5,41.5,
2026-09-23 15:09 UTC,2026,3,2026_03_ATL_GB,6.0,46.586,5.5,43.5,
2026-09-23 15:09 UTC,2026,3,2026_03_LAC_BUF,6.335,48.399,7.0,50.5,
2026-09-23 15:09 UTC,2026,3,2026_03_CAR_CLE,1.119,43.106,-2.5,42.5,
2026-09-23 15:09 UTC,2026,3,2026_03_NYJ_DET,7.087,51.089,6.5,47.5,
2026-09-23 15:09 UTC,2026,3,2026_03_HOU_IND,-1.329,45.777,-3.0,42.5,
2026-09-23 15:09 UTC,2026,3,2026_03_NE_JAX,3.011,43.679,3.0,45.5,
2026-09-23 15:09 UTC,2026,3,2026_03_KC_MIA,-6.623,46.436,-11.5,46.5,MIA +11.5
2026-09-23 15:09 UTC,2026,3,2026_03_TEN_NYG,6.825,44.449,2.5,39.5,NYG -2.5
2026-09-23 15:09 UTC,2026,3,2026_03_CIN_PIT,0.671,46.783,-3.5,42.5,PIT +3.5
2026-09-23 15:09 UTC,2026,3,2026_03_SEA_WAS,-7.429,44.758,-7.0,40.5,
2026-09-23 15:09 UTC,2026,3,2026_03_ARI_SF,10.064,48.729,8.5,47.5,
2026-09-23 15:09 UTC,2026,3,2026_03_MIN_TB,-0.169,43.16,-1.5,42.5,
2026-09-23 15:09 UTC,2026,3,2026_03_BAL_DAL,-1.608,53.19,-3.5,52.5,
2026-09-23 15:09 UTC,2026,3,2026_03_LV_NO,3.552,44.431,3.0,43.5,
2026-09-23 15:09 UTC,2026,3,2026_03_LA_DEN,-0.313,46.28,-2.5,45.5,
2026-09-23 15:09 UTC,2026,3,2026_03_PHI_CHI,-2.336,44.641,-4.5,41.5,
2026-09-23 20:52 UTC,2026,3,2026_03_ATL_GB,6.0,46.586,4.5,42.5,
2026-09-23 20:52 UTC,2026,3,2026_03_LAC_BUF,6.335,47.298,7.0,50.5,
2026-09-23 20:52 UTC,2026,3,2026_03_CAR_CLE,1.119,42.569,-2.5,42.5,
2026-09-23 20:52 UTC,2026,3,2026_03_NYJ_DET,7.087,51.089,6.5,47.5,
2026-09-23 20:52 UTC,2026,3,2026_03_HOU_IND,-1.329,46.314,-2.5,42.5,
2026-09-23 20:52 UTC,2026,3,2026_03_NE_JAX,3.011,44.593,3.0,45.5,
2026-09-23 20:52 UTC,2026,3,2026_03_KC_MIA,-6.623,47.376,-11.5,46.5,MIA +11.5
2026-09-23 20:52 UTC,2026,3,2026_03_TEN_NYG,6.825,43.885,2.5,39.5,NYG -2.5
2026-09-23 20:52 UTC,2026,3,2026_03_CIN_PIT,0.671,47.078,-3.5,42.5,PIT +3.5
2026-09-23 20:52 UTC,2026,3,2026_03_SEA_WAS,-7.429,43.952,-7.0,40.5,
2026-09-23 20:52 UTC,2026,3,2026_03_ARI_SF,10.064,49.507,8.5,47.5,
2026-09-23 20:52 UTC,2026,3,2026_03_MIN_TB,-0.169,43.589,-1.5,42.5,
2026-09-23 20:52 UTC,2026,3,2026_03_BAL_DAL,-1.608,52.868,-3.5,52.5,
2026-09-23 20:52 UTC,2026,3,2026_03_LV_NO,3.552,44.431,3.0,43.5,
2026-09-23 20:52 UTC,2026,3,2026_03_LA_DEN,-0.313,46.28,-2.5,45.5,
2026-09-23 20:52 UTC,2026,3,2026_03_PHI_CHI,-1.113,45.775,-4.5,41.5,
2026-09-23 21:50 UTC,2026,3,2026_03_ATL_GB,6.0,46.586,5.5,42.5,
2026-09-23 21:50 UTC,2026,3,2026_03_LAC_BUF,6.335,47.298,7.0,50.5,
2026-09-23 21:50 UTC,2026,3,2026_03_CAR_CLE,1.119,42.569,-2.5,42.5,
2026-09-23 21:50 UTC,2026,3,2026_03_NYJ_DET,7.087,51.089,6.5,47.5,
2026-09-23 21:50 UTC,2026,3,2026_03_HOU_IND,-1.329,46.314,-2.5,42.5,
2026-09-23 21:50 UTC,2026,3,2026_03_NE_JAX,3.011,44.593,3.0,45.5,
2026-09-23 21:50 UTC,2026,3,2026_03_KC_MIA,-6.623,47.376,-11.5,46.5,MIA +11.5
2026-09-23 21:50 UTC,2026,3,2026_03_TEN_NYG,7.084,44.126,2.5,39.5,NYG -2.5
2026-09-23 21:50 UTC,2026,3,2026_03_CIN_PIT,0.671,47.078,-3.5,42.5,PIT +3.5
2026-09-23 21:50 UTC,2026,3,2026_03_SEA_WAS,-7.429,43.952,-7.0,40.5,
2026-09-23 21:50 UTC,2026,3,2026_03_ARI_SF,10.064,49.507,8.5,47.5,
2026-09-23 21:50 UTC,2026,3,2026_03_MIN_TB,-0.169,43.589,-1.5,42.5,
2026-09-23 21:50 UTC,2026,3,2026_03_BAL_DAL,-1.608,52.868,-3.5,52.5,
2026-09-23 21:50 UTC,2026,3,2026_03_LV_NO,3.552,44.431,3.0,43.5,
2026-09-23 21:50 UTC,2026,3,2026_03_LA_DEN,-0.313,46.28,-2.5,45.5,
2026-09-23 21:50 UTC,2026,3,2026_03_PHI_CHI,-1.113,45.775,-4.5,41.5,
2026-09-23 22:23 UTC,2026,3,2026_03_ATL_GB,6.0,46.586,5.5,42.5,
2026-09-23 22:23 UTC,2026,3,2026_03_LAC_BUF,6.335,47.298,7.0,50.5,
2026-09-23 22:23 UTC,2026,3,2026_03_CAR_CLE,1.119,42.569,-2.5,42.5,
2026-09-23 22:23 UTC,2026,3,2026_03_NYJ_DET,7.087,51.089,6.5,47.5,
2026-09-23 22:23 UTC,2026,3,2026_03_HOU_IND,-1.329,46.314,-2.5,42.5,
2026-09-23 22:23 UTC,2026,3,2026_03_NE_JAX,3.011,44.593,3.0,45.5,
2026-09-23 22:23 UTC,2026,3,2026_03_KC_MIA,-6.623,47.376,-11.5,46.5,MIA +11.5
2026-09-23 22:23 UTC,2026,3,2026_03_TEN_NYG,7.084,44.126,2.5,39.5,NYG -2.5
2026-09-23 22:23 UTC,2026,3,2026_03_CIN_PIT,0.671,47.078,-3.5,42.5,PIT +3.5
2026-09-23 22:23 UTC,2026,3,2026_03_SEA_WAS,-7.429,43.952,-7.0,40.5,
2026-09-23 22:23 UTC,2026,3,2026_03_ARI_SF,10.064,49.507,8.5,47.5,
2026-09-23 22:23 UTC,2026,3,2026_03_MIN_TB,-0.169,43.589,-1.5,42.5,
2026-09-23 22:23 UTC,2026,3,2026_03_BAL_DAL,-1.608,52.868,-3.5,52.5,
2026-09-23 22:23 UTC,2026,3,2026_03_LV_NO,3.552,44.431,3.0,43.5,
2026-09-23 22:23 UTC,2026,3,2026_03_LA_DEN,-0.313,46.28,-2.5,44.5,
2026-09-23 22:23 UTC,2026,3,2026_03_PHI_CHI,-1.113,45.775,-4.5,41.5,
2026-09-23 22:55 UTC,2026,3,2026_03_ATL_GB,6.0,46.586,5.5,42.5,
2026-09-23 22:55 UTC,2026,3,2026_03_LAC_BUF,6.469,47.298,7.0,50.5,
2026-09-23 22:55 UTC,2026,3,2026_03_CAR_CLE,1.108,42.569,-2.5,42.5,
2026-09-23 22:55 UTC,2026,3,2026_03_NYJ_DET,7.152,51.089,6.5,47.5,
2026-09-23 22:55 UTC,2026,3,2026_03_HOU_IND,-2.012,46.314,-2.5,42.5,
2026-09-23 22:55 UTC,2026,3,2026_03_NE_JAX,3.015,44.593,3.0,45.5,
2026-09-23 22:55 UTC,2026,3,2026_03_KC_MIA,-6.623,47.376,-11.5,46.5,MIA +11.5
2026-09-23 22:55 UTC,2026,3,2026_03_TEN_NYG,7.084,44.126,2.5,39.5,NYG -2.5
2026-09-23 22:55 UTC,2026,3,2026_03_CIN_PIT,0.767,47.078,-3.5,42.5,PIT +3.5
2026-09-23 22:55 UTC,2026,3,2026_03_SEA_WAS,-7.429,43.952,-7.0,40.5,
2026-09-23 22:55 UTC,2026,3,2026_03_ARI_SF,9.805,49.507,8.5,47.5,
2026-09-23 22:55 UTC,2026,3,2026_03_MIN_TB,-0.169,43.589,-1.5,42.5,
2026-09-23 22:55 UTC,2026,3,2026_03_BAL_DAL,-1.608,52.868,-3.5,52.5,
2026-09-23 22:55 UTC,2026,3,2026_03_LV_NO,3.552,44.431,3.0,43.5,
2026-09-23 22:55 UTC,2026,3,2026_03_LA_DEN,-0.304,46.28,-2.5,44.5,
2026-09-23 22:55 UTC,2026,3,2026_03_PHI_CHI,-0.225,45.775,-4.5,41.5,CHI +4.5
2026-09-23 23:14 UTC,2026,3,2026_03_ATL_GB,6.0,46.586,5.5,42.5,
2026-09-23 23:14 UTC,2026,3,2026_03_LAC_BUF,7.022,47.298,7.0,50.5,
2026-09-23 23:14 UTC,2026,3,2026_03_CAR_CLE,1.169,42.569,-2.5,42.5,
2026-09-23 23:14 UTC,2026,3,2026_03_NYJ_DET,7.382,51.089,6.5,47.5,
2026-09-23 23:14 UTC,2026,3,2026_03_HOU_IND,-2.064,46.314,-2.5,42.5,
2026-09-23 23:14 UTC,2026,3,2026_03_NE_JAX,3.015,44.593,3.0,45.5,
2026-09-23 23:14 UTC,2026,3,2026_03_KC_MIA,-6.623,47.376,-11.5,46.5,MIA +11.5
2026-09-23 23:14 UTC,2026,3,2026_03_TEN_NYG,7.06,44.126,2.5,39.5,NYG -2.5
2026-09-23 23:14 UTC,2026,3,2026_03_CIN_PIT,0.874,47.078,-3.5,42.5,PIT +3.5
2026-09-23 23:14 UTC,2026,3,2026_03_SEA_WAS,-9.494,42.02,-7.0,40.5,
2026-09-23 23:14 UTC,2026,3,2026_03_ARI_SF,9.982,49.507,8.5,47.5,
2026-09-23 23:14 UTC,2026,3,2026_03_MIN_TB,-0.169,43.589,-1.5,42.5,
2026-09-23 23:14 UTC,2026,3,2026_03_BAL_DAL,-1.952,52.868,-3.5,52.5,
2026-09-23 23:14 UTC,2026,3,2026_03_LV_NO,3.552,44.431,3.0,43.5,
2026-09-23 23:14 UTC,2026,3,2026_03_LA_DEN,-0.304,46.28,-2.5,44.5,
2026-09-23 23:14 UTC,2026,3,2026_03_PHI_CHI,-1.688,43.843,-4.5,41.5,
2026-09-23 23:29 UTC,2026,3,2026_03_ATL_GB,6.0,46.586,5.5,42.5,
2026-09-23 23:29 UTC,2026,3,2026_03_LAC_BUF,7.022,47.191,7.0,50.5,
2026-09-23 23:29 UTC,2026,3,2026_03_CAR_CLE,1.169,42.273,-2.5,42.5,
2026-09-23 23:29 UTC,2026,3,2026_03_NYJ_DET,7.382,51.089,6.5,47.5,
2026-09-23 23:29 UTC,2026,3,2026_03_HOU_IND,-2.064,46.502,-2.5,42.5,
2026-09-23 23:29 UTC,2026,3,2026_03_NE_JAX,3.015,44.807,3.0,45.5,
2026-09-23 23:29 UTC,2026,3,2026_03_KC_MIA,-6.623,45.953,-11.5,46.5,MIA +11.5
2026-09-23 23:29 UTC,2026,3,2026_03_TEN_NYG,7.06,42.971,2.5,39.5,NYG -2.5
2026-09-23 23:29 UTC,2026,3,2026_03_CIN_PIT,0.874,46.729,-3.5,42.5,PIT +3.5
2026-09-23 23:29 UTC,2026,3,2026_03_SEA_WAS,-9.494,41.268,-7.0,40.5,
2026-09-23 23:29 UTC,2026,3,2026_03_ARI_SF,9.982,49.534,8.5,47.5,
2026-09-23 23:29 UTC,2026,3,2026_03_MIN_TB,-0.169,43.697,-1.5,42.5,
2026-09-23 23:29 UTC,2026,3,2026_03_BAL_DAL,-1.952,53.431,-3.5,52.5,
2026-09-23 23:29 UTC,2026,3,2026_03_LV_NO,3.552,44.431,3.5,43.5,
2026-09-23 23:29 UTC,2026,3,2026_03_LA_DEN,-0.304,46.28,-2.5,44.5,
2026-09-23 23:29 UTC,2026,3,2026_03_PHI_CHI,-1.688,43.843,-4.5,41.5,
2026-09-24 00:04 UTC,2026,3,2026_03_ATL_GB,6.0,46.586,5.5,42.5,
2026-09-24 00:04 UTC,2026,3,2026_03_LAC_BUF,7.022,47.191,7.0,50.5,
2026-09-24 00:04 UTC,2026,3,2026_03_CAR_CLE,1.169,42.273,-2.5,42.5,
2026-09-24 00:04 UTC,2026,3,2026_03_NYJ_DET,7.382,51.089,6.5,47.5,
2026-09-24 00:04 UTC,2026,3,2026_03_HOU_IND,-2.064,46.502,-2.5,42.5,
2026-09-24 00:04 UTC,2026,3,2026_03_NE_JAX,3.015,44.807,3.0,45.5,
2026-09-24 00:04 UTC,2026,3,2026_03_KC_MIA,-6.623,45.953,-11.5,46.5,MIA +11.5
2026-09-24 00:04 UTC,2026,3,2026_03_TEN_NYG,7.06,42.971,2.5,39.5,NYG -2.5
2026-09-24 00:04 UTC,2026,3,2026_03_CIN_PIT,0.874,46.729,-3.5,42.5,PIT +3.5
2026-09-24 00:04 UTC,2026,3,2026_03_SEA_WAS,-9.494,41.268,-7.0,40.5,
2026-09-24 00:04 UTC,2026,3,2026_03_ARI_SF,9.982,49.534,8.5,47.5,
2026-09-24 00:04 UTC,2026,3,2026_03_MIN_TB,-0.169,43.697,-1.5,42.5,
2026-09-24 00:04 UTC,2026,3,2026_03_BAL_DAL,-1.952,53.19,-3.5,52.5,
2026-09-24 00:04 UTC,2026,3,2026_03_LV_NO,3.552,44.431,3.0,43.5,
2026-09-24 00:04 UTC,2026,3,2026_03_LA_DEN,-0.304,46.28,-2.5,44.5,
2026-09-24 00:04 UTC,2026,3,2026_03_PHI_CHI,-1.688,43.843,-4.5,41.5,
2026-09-24 00:27 UTC,2026,3,2026_03_ATL_GB,6.0,46.586,5.5,42.5,
2026-09-24 00:27 UTC,2026,3,2026_03_LAC_BUF,7.022,47.191,7.0,50.5,
2026-09-24 00:27 UTC,2026,3,2026_03_CAR_CLE,1.169,42.273,-2.5,42.5,
2026-09-24 00:27 UTC,2026,3,2026_03_NYJ_DET,7.382,51.089,6.5,47.5,
2026-09-24 00:27 UTC,2026,3,2026_03_HOU_IND,-2.064,46.502,-2.5,42.5,
2026-09-24 00:27 UTC,2026,3,2026_03_NE_JAX,3.015,44.807,3.0,45.5,
2026-09-24 00:27 UTC,2026,3,2026_03_KC_MIA,-6.623,45.953,-11.5,46.5,MIA +11.5
2026-09-24 00:27 UTC,2026,3,2026_03_TEN_NYG,7.06,42.971,3.0,39.5,NYG -3
2026-09-24 00:27 UTC,2026,3,2026_03_CIN_PIT,0.874,46.729,-3.5,42.5,PIT +3.5
2026-09-24 00:27 UTC,2026,3,2026_03_SEA_WAS,-9.494,41.268,-7.0,40.5,
2026-09-24 00:27 UTC,2026,3,2026_03_ARI_SF,9.982,49.534,8.5,47.5,
2026-09-24 00:27 UTC,2026,3,2026_03_MIN_TB,-0.169,43.697,-1.5,42.5,
2026-09-24 00:27 UTC,2026,3,2026_03_BAL_DAL,-1.952,53.431,-3.5,52.5,
2026-09-24 00:27 UTC,2026,3,2026_03_LV_NO,3.552,44.431,3.0,43.5,
2026-09-24 00:27 UTC,2026,3,2026_03_LA_DEN,-0.304,45.26,-2.5,44.5,
2026-09-24 00:27 UTC,2026,3,2026_03_PHI_CHI,-1.688,43.843,-4.5,41.5,
2026-09-24 00:54 UTC,2026,3,2026_03_ATL_GB,6.0,46.586,5.5,42.5,
2026-09-24 00:54 UTC,2026,3,2026_03_LAC_BUF,7.022,47.191,7.0,50.5,
2026-09-24 00:54 UTC,2026,3,2026_03_CAR_CLE,1.169,42.273,-2.5,42.5,
2026-09-24 00:54 UTC,2026,3,2026_03_NYJ_DET,7.382,51.089,6.5,47.5,
2026-09-24 00:54 UTC,2026,3,2026_03_HOU_IND,-2.064,46.502,-2.5,42.5,
2026-09-24 00:54 UTC,2026,3,2026_03_NE_JAX,3.015,44.807,3.0,45.5,
2026-09-24 00:54 UTC,2026,3,2026_03_KC_MIA,-6.623,45.953,-11.5,46.5,MIA +11.5
2026-09-24 00:54 UTC,2026,3,2026_03_TEN_NYG,7.06,42.971,3.0,39.5,NYG -3
2026-09-24 00:54 UTC,2026,3,2026_03_CIN_PIT,0.874,46.729,-3.5,42.5,PIT +3.5
2026-09-24 00:54 UTC,2026,3,2026_03_SEA_WAS,-9.494,41.268,-7.0,40.5,
2026-09-24 00:54 UTC,2026,3,2026_03_ARI_SF,9.982,49.534,8.5,47.5,
2026-09-24 00:54 UTC,2026,3,2026_03_MIN_TB,-0.169,43.697,-1.5,42.5,
2026-09-24 00:54 UTC,2026,3,2026_03_BAL_DAL,-1.952,53.19,-3.5,52.5,
2026-09-24 00:54 UTC,2026,3,2026_03_LV_NO,3.552,44.431,3.0,43.5,
2026-09-24 00:54 UTC,2026,3,2026_03_LA_DEN,-0.304,45.26,-2.5,44.5,
2026-09-24 00:54 UTC,2026,3,2026_03_PHI_CHI,-1.688,43.843,-4.5,41.5,
2026-09-24 01:34 UTC,2026,3,2026_03_ATL_GB,5.818,46.518,5.5,42.5,
2026-09-24 01:34 UTC,2026,3,2026_03_LAC_BUF,7.331,47.791,7.0,50.5,
2026-09-24 01:34 UTC,2026,3,2026_03_CAR_CLE,1.444,42.753,-2.5,42.5,
2026-09-24 01:34 UTC,2026,3,2026_03_NYJ_DET,7.19,50.806,6.5,47.5,
2026-09-24 01:34 UTC,2026,3,2026_03_HOU_IND,-1.819,46.936,-2.5,42.5,
2026-09-24 01:34 UTC,2026,3,2026_03_NE_JAX,2.595,45.183,3.0,45.5,
2026-09-24 01:34 UTC,2026,3,2026_03_KC_MIA,-6.862,46.411,-11.5,46.5,MIA +11.5
2026-09-24 01:34 UTC,2026,3,2026_03_TEN_NYG,7.11,43.305,3.0,39.5,NYG -3
2026-09-24 01:34 UTC,2026,3,2026_03_CIN_PIT,0.83,46.762,-3.5,42.5,PIT +3.5
2026-09-24 01:34 UTC,2026,3,2026_03_SEA_WAS,-8.753,41.827,-7.0,40.5,
2026-09-24 01:34 UTC,2026,3,2026_03_ARI_SF,10.19,49.716,8.5,47.5,
2026-09-24 01:34 UTC,2026,3,2026_03_MIN_TB,-0.375,43.961,-1.5,42.5,
2026-09-24 01:34 UTC,2026,3,2026_03_BAL_DAL,-2.237,53.618,-3.5,52.5,
2026-09-24 01:34 UTC,2026,3,2026_03_LV_NO,3.474,44.292,3.0,43.5,
2026-09-24 01:34 UTC,2026,3,2026_03_LA_DEN,0.17,45.123,-2.5,44.5,
2026-09-24 01:34 UTC,2026,3,2026_03_PHI_CHI,-2.366,44.181,-4.5,41.5,
2026-09-24 02:14 UTC,2026,3,2026_03_ATL_GB,5.818,46.652,5.5,42.5,
2026-09-24 02:14 UTC,2026,3,2026_03_LAC_BUF,7.331,47.791,7.0,50.5,
2026-09-24 02:14 UTC,2026,3,2026_03_CAR_CLE,1.444,42.753,-2.5,42.5,
2026-09-24 02:14 UTC,2026,3,2026_03_NYJ_DET,7.19,50.806,6.5,47.5,
2026-09-24 02:14 UTC,2026,3,2026_03_HOU_IND,-1.819,46.936,-2.5,42.5,
2026-09-24 02:14 UTC,2026,3,2026_03_NE_JAX,2.595,45.183,3.0,45.5,
2026-09-24 02:14 UTC,2026,3,2026_03_KC_MIA,-6.862,46.411,-11.5,46.5,MIA +11.5
2026-09-24 02:14 UTC,2026,3,2026_03_TEN_NYG,7.11,43.305,2.5,39.5,NYG -2.5
2026-09-24 02:14 UTC,2026,3,2026_03_CIN_PIT,0.83,46.762,-3.5,42.5,PIT +3.5
2026-09-24 02:14 UTC,2026,3,2026_03_SEA_WAS,-8.753,41.827,-7.0,40.5,
2026-09-24 02:14 UTC,2026,3,2026_03_ARI_SF,10.19,49.716,8.5,47.5,
2026-09-24 02:14 UTC,2026,3,2026_03_MIN_TB,-0.375,43.961,-1.5,42.5,
2026-09-24 02:14 UTC,2026,3,2026_03_BAL_DAL,-2.237,53.618,-3.5,52.5,
2026-09-24 02:14 UTC,2026,3,2026_03_LV_NO,3.474,44.292,3.0,43.5,
2026-09-24 02:14 UTC,2026,3,2026_03_LA_DEN,0.17,45.123,-2.5,44.5,
2026-09-24 02:14 UTC,2026,3,2026_03_PHI_CHI,-2.366,44.181,-4.5,41.5,
2026-09-24 02:41 UTC,2026,3,2026_03_ATL_GB,5.89,46.772,5.5,42.5,
2026-09-24 02:41 UTC,2026,3,2026_03_LAC_BUF,7.426,47.843,7.0,50.5,
2026-09-24 02:41 UTC,2026,3,2026_03_CAR_CLE,0.501,42.295,-2.5,42.5,
2026-09-24 02:41 UTC,2026,3,2026_03_NYJ_DET,7.5,51.043,6.5,47.5,
2026-09-24 02:41 UTC,2026,3,2026_03_HOU_IND,-1.777,47.013,-2.5,42.5,
2026-09-24 02:41 UTC,2026,3,2026_03_NE_JAX,2.552,45.269,3.0,45.5,
2026-09-24 02:41 UTC,2026,3,2026_03_KC_MIA,-6.264,46.636,-11.5,46.5,MIA +11.5
2026-09-24 02:41 UTC,2026,3,2026_03_TEN_NYG,6.251,42.498,2.5,39.5,
2026-09-24 02:41 UTC,2026,3,2026_03_CIN_PIT,0.049,46.129,-3.5,42.5,
2026-09-24 02:41 UTC,2026,3,2026_03_SEA_WAS,-8.628,41.765,-7.0,40.5,
2026-09-24 02:41 UTC,2026,3,2026_03_ARI_SF,10.196,49.622,8.5,47.5,
2026-09-24 02:41 UTC,2026,3,2026_03_MIN_TB,-0.523,43.628,-1.5,42.5,
2026-09-24 02:41 UTC,2026,3,2026_03_BAL_DAL,-2.294,53.65,-3.5,52.5,
2026-09-24 02:41 UTC,2026,3,2026_03_LV_NO,3.494,44.365,3.0,43.5,
2026-09-24 02:41 UTC,2026,3,2026_03_LA_DEN,0.112,45.196,-2.5,44.5,
2026-09-24 02:41 UTC,2026,3,2026_03_PHI_CHI,-3.325,43.463,-4.5,41.5,
2026-09-24 05:11 UTC,2026,3,2026_03_ATL_GB,5.89,46.772,5.5,42.5,
2026-09-24 05:11 UTC,2026,3,2026_03_LAC_BUF,7.426,47.843,7.0,50.5,
2026-09-24 05:11 UTC,2026,3,2026_03_CAR_CLE,0.501,42.295,-2.5,42.5,
2026-09-24 05:11 UTC,2026,3,2026_03_NYJ_DET,7.5,51.043,6.5,47.5,
2026-09-24 05:11 UTC,2026,3,2026_03_HOU_IND,-1.777,47.013,-2.5,42.5,
2026-09-24 05:11 UTC,2026,3,2026_03_NE_JAX,2.552,45.269,3.0,45.5,
2026-09-24 05:11 UTC,2026,3,2026_03_KC_MIA,-6.264,46.636,-10.5,46.5,MIA +10.5
2026-09-24 05:11 UTC,2026,3,2026_03_TEN_NYG,6.251,38.6,2.5,39.5,
2026-09-24 05:11 UTC,2026,3,2026_03_CIN_PIT,0.049,46.129,-3.5,42.5,
2026-09-24 05:11 UTC,2026,3,2026_03_SEA_WAS,-8.628,41.765,-7.0,40.5,
2026-09-24 05:11 UTC,2026,3,2026_03_ARI_SF,10.196,49.622,8.5,47.5,
2026-09-24 05:11 UTC,2026,3,2026_03_MIN_TB,-0.523,43.628,-1.5,42.5,
2026-09-24 05:11 UTC,2026,3,2026_03_BAL_DAL,-2.294,53.65,-3.5,52.5,
2026-09-24 05:11 UTC,2026,3,2026_03_LV_NO,3.494,44.365,3.0,43.5,
2026-09-24 05:11 UTC,2026,3,2026_03_LA_DEN,0.112,45.196,-2.5,44.5,
2026-09-24 05:11 UTC,2026,3,2026_03_PHI_CHI,-3.325,43.463,-4.5,41.5,
2026-09-24 07:12 UTC,2026,3,2026_03_ATL_GB,5.471,46.772,4.5,42.5,
2026-09-24 07:12 UTC,2026,3,2026_03_LAC_BUF,6.865,47.763,7.0,50.5,
2026-09-24 07:12 UTC,2026,3,2026_03_CAR_CLE,0.501,42.0,-2.5,42.5,
2026-09-24 07:12 UTC,2026,3,2026_03_NYJ_DET,7.529,51.043,6.5,47.5,
2026-09-24 07:12 UTC,2026,3,2026_03_HOU_IND,-1.073,46.61,-2.5,42.5,
2026-09-24 07:12 UTC,2026,3,2026_03_NE_JAX,2.598,45.081,3.0,45.5,
2026-09-24 07:12 UTC,2026,3,2026_03_KC_MIA,-6.264,46.743,-10.5,46.5,MIA +10.5
2026-09-24 07:12 UTC,2026,3,2026_03_TEN_NYG,6.274,37.553,3.0,39.5,
2026-09-24 07:12 UTC,2026,3,2026_03_CIN_PIT,-0.143,45.431,-3.5,42.5,
2026-09-24 07:12 UTC,2026,3,2026_03_SEA_WAS,-6.487,43.69,-7.0,40.5,
2026-09-24 07:12 UTC,2026,3,2026_03_ARI_SF,10.655,49.568,8.5,47.5,
2026-09-24 07:12 UTC,2026,3,2026_03_MIN_TB,-0.523,44.46,-1.5,42.5,
2026-09-24 07:12 UTC,2026,3,2026_03_BAL_DAL,-1.942,53.408,-3.5,52.5,
2026-09-24 07:12 UTC,2026,3,2026_03_LV_NO,3.494,44.365,3.0,43.5,
2026-09-24 07:12 UTC,2026,3,2026_03_LA_DEN,0.119,44.606,-2.5,44.5,
2026-09-24 07:12 UTC,2026,3,2026_03_PHI_CHI,-3.325,43.463,-4.5,41.5,
2026-09-24 09:14 UTC,2026,3,2026_03_ATL_GB,5.471,46.665,4.5,42.5,
2026-09-24 09:14 UTC,2026,3,2026_03_LAC_BUF,6.865,47.763,7.0,50.5,
2026-09-24 09:14 UTC,2026,3,2026_03_CAR_CLE,0.501,42.0,-2.5,42.5,
2026-09-24 09:14 UTC,2026,3,2026_03_NYJ_DET,7.529,51.043,6.5,47.5,
2026-09-24 09:14 UTC,2026,3,2026_03_HOU_IND,-1.073,46.61,-2.5,42.5,
2026-09-24 09:14 UTC,2026,3,2026_03_NE_JAX,2.598,45.081,3.0,45.5,
2026-09-24 09:14 UTC,2026,3,2026_03_KC_MIA,-6.264,46.743,-10.5,46.5,MIA +10.5
2026-09-24 09:14 UTC,2026,3,2026_03_TEN_NYG,6.274,37.553,3.0,39.5,
2026-09-24 09:14 UTC,2026,3,2026_03_CIN_PIT,-0.143,45.431,-3.5,42.5,
2026-09-24 09:14 UTC,2026,3,2026_03_SEA_WAS,-6.487,43.69,-7.0,40.5,
2026-09-24 09:14 UTC,2026,3,2026_03_ARI_SF,10.655,49.568,8.5,47.5,
2026-09-24 09:14 UTC,2026,3,2026_03_MIN_TB,-0.523,44.46,-1.5,42.5,
2026-09-24 09:14 UTC,2026,3,2026_03_BAL_DAL,-1.942,53.542,-3.5,52.5,
2026-09-24 09:14 UTC,2026,3,2026_03_LV_NO,3.494,44.365,3.0,43.5,
2026-09-24 09:14 UTC,2026,3,2026_03_LA_DEN,0.119,46.216,-2.5,44.5,
2026-09-24 09:14 UTC,2026,3,2026_03_PHI_CHI,-3.325,43.463,-4.5,41.5,
2026-09-24 12:01 UTC,2026,3,2026_03_ATL_GB,5.471,46.665,4.5,42.5,
2026-09-24 12:01 UTC,2026,3,2026_03_LAC_BUF,6.865,47.414,7.0,50.5,
2026-09-24 12:01 UTC,2026,3,2026_03_CAR_CLE,0.501,42.242,-2.5,42.5,
2026-09-24 12:01 UTC,2026,3,2026_03_NYJ_DET,7.529,51.043,6.5,47.5,
2026-09-24 12:01 UTC,2026,3,2026_03_HOU_IND,-1.073,46.825,-2.5,42.5,
2026-09-24 12:01 UTC,2026,3,2026_03_NE_JAX,2.598,45.054,3.0,45.5,
2026-09-24 12:01 UTC,2026,3,2026_03_KC_MIA,-6.264,46.475,-10.5,46.5,MIA +11.5
2026-09-24 12:01 UTC,2026,3,2026_03_TEN_NYG,6.274,38.224,3.0,39.5,
2026-09-24 12:01 UTC,2026,3,2026_03_CIN_PIT,-0.143,45.539,-3.5,42.5,
2026-09-24 12:01 UTC,2026,3,2026_03_SEA_WAS,-6.487,43.824,-7.0,40.5,
2026-09-24 12:01 UTC,2026,3,2026_03_ARI_SF,10.655,49.488,8.5,47.5,
2026-09-24 12:01 UTC,2026,3,2026_03_MIN_TB,-0.523,44.568,-1.5,42.5,
2026-09-24 12:01 UTC,2026,3,2026_03_BAL_DAL,-1.942,53.408,-3.5,52.5,
2026-09-24 12:01 UTC,2026,3,2026_03_LV_NO,3.494,44.365,3.0,43.5,
2026-09-24 12:01 UTC,2026,3,2026_03_LA_DEN,0.119,43.183,-2.5,44.5,
2026-09-24 12:01 UTC,2026,3,2026_03_PHI_CHI,-3.325,43.463,-4.5,41.5,
2026-09-24 12:37 UTC,2026,3,2026_03_ATL_GB,5.471,46.665,4.5,42.5,
2026-09-24 12:37 UTC,2026,3,2026_03_LAC_BUF,6.865,47.414,7.0,50.5,
2026-09-24 12:37 UTC,2026,3,2026_03_CAR_CLE,0.501,42.242,-2.5,42.5,
2026-09-24 12:37 UTC,2026,3,2026_03_NYJ_DET,7.529,51.043,6.5,47.5,
2026-09-24 12:37 UTC,2026,3,2026_03_HOU_IND,-1.073,46.825,-2.5,42.5,
2026-09-24 12:37 UTC,2026,3,2026_03_NE_JAX,2.598,45.054,3.0,45.5,
2026-09-24 12:37 UTC,2026,3,2026_03_KC_MIA,-6.264,46.475,-10.5,46.5,MIA +10.5
2026-09-24 12:37 UTC,2026,3,2026_03_TEN_NYG,6.274,38.224,3.0,39.5,
2026-09-24 12:37 UTC,2026,3,2026_03_CIN_PIT,-0.143,45.539,-3.5,42.5,
2026-09-24 12:37 UTC,2026,3,2026_03_SEA_WAS,-6.487,43.824,-7.0,40.5,
2026-09-24 12:37 UTC,2026,3,2026_03_ARI_SF,10.655,49.488,8.5,47.5,
2026-09-24 12:37 UTC,2026,3,2026_03_MIN_TB,-0.523,44.568,-1.5,42.5,
2026-09-24 12:37 UTC,2026,3,2026_03_BAL_DAL,-1.942,53.73,-3.5,52.5,
2026-09-24 12:37 UTC,2026,3,2026_03_LV_NO,3.494,44.365,3.0,43.5,
2026-09-24 12:37 UTC,2026,3,2026_03_LA_DEN,0.119,43.183,-2.5,44.5,
2026-09-24 12:37 UTC,2026,3,2026_03_PHI_CHI,-3.325,43.463,-4.5,41.5,
2026-09-24 12:58 UTC,2026,3,2026_03_ATL_GB,5.471,46.665,4.5,42.5,
2026-09-24 12:58 UTC,2026,3,2026_03_LAC_BUF,6.865,47.414,7.0,50.5,
2026-09-24 12:58 UTC,2026,3,2026_03_CAR_CLE,0.501,42.242,-2.5,42.5,
2026-09-24 12:58 UTC,2026,3,2026_03_NYJ_DET,7.529,51.043,6.5,47.5,
2026-09-24 12:58 UTC,2026,3,2026_03_HOU_IND,-1.073,46.825,-2.5,42.5,
2026-09-24 12:58 UTC,2026,3,2026_03_NE_JAX,2.598,45.054,3.0,45.5,
2026-09-24 12:58 UTC,2026,3,2026_03_KC_MIA,-6.264,46.475,-10.5,46.5,MIA +10.5
2026-09-24 12:58 UTC,2026,3,2026_03_TEN_NYG,6.274,38.224,3.0,38.5,
2026-09-24 12:58 UTC,2026,3,2026_03_CIN_PIT,-0.143,45.539,-3.5,42.5,
2026-09-24 12:58 UTC,2026,3,2026_03_SEA_WAS,-6.487,43.824,-7.0,40.5,
2026-09-24 12:58 UTC,2026,3,2026_03_ARI_SF,10.655,49.488,8.5,47.5,
2026-09-24 12:58 UTC,2026,3,2026_03_MIN_TB,-0.523,44.568,-1.5,42.5,
2026-09-24 12:58 UTC,2026,3,2026_03_BAL_DAL,-1.942,53.73,-3.5,52.5,
2026-09-24 12:58 UTC,2026,3,2026_03_LV_NO,3.494,44.365,3.0,43.5,
2026-09-24 12:58 UTC,2026,3,2026_03_LA_DEN,0.119,43.183,-2.5,44.5,
2026-09-24 12:58 UTC,2026,3,2026_03_PHI_CHI,-3.325,43.463,-4.5,41.5,
2026-09-24 13:56 UTC,2026,3,2026_03_ATL_GB,5.479,46.698,4.5,42.5,
2026-09-24 13:56 UTC,2026,3,2026_03_LAC_BUF,6.875,47.419,7.0,50.5,
2026-09-24 13:56 UTC,2026,3,2026_03_CAR_CLE,0.5,42.246,-2.5,42.5,
2026-09-24 13:56 UTC,2026,3,2026_03_NYJ_DET,7.539,51.047,6.5,47.5,
2026-09-24 13:56 UTC,2026,3,2026_03_HOU_IND,-1.068,46.827,-2.5,42.5,
2026-09-24 13:56 UTC,2026,3,2026_03_NE_JAX,2.601,45.051,3.0,45.5,
2026-09-24 13:56 UTC,2026,3,2026_03_KC_MIA,-6.261,46.484,-10.5,46.5,MIA +10.5
2026-09-24 13:56 UTC,2026,3,2026_03_TEN_NYG,6.275,38.229,3.0,38.5,
2026-09-24 13:56 UTC,2026,3,2026_03_CIN_PIT,-0.152,45.545,-3.5,42.5,
2026-09-24 13:56 UTC,2026,3,2026_03_SEA_WAS,-6.475,43.825,-7.0,40.5,
2026-09-24 13:56 UTC,2026,3,2026_03_ARI_SF,10.661,49.495,8.5,47.5,
2026-09-24 13:56 UTC,2026,3,2026_03_MIN_TB,-0.518,44.571,-1.5,42.5,
2026-09-24 13:56 UTC,2026,3,2026_03_BAL_DAL,-1.934,53.741,-3.5,52.5,
2026-09-24 13:56 UTC,2026,3,2026_03_LV_NO,3.489,44.364,3.0,43.5,
2026-09-24 13:56 UTC,2026,3,2026_03_LA_DEN,0.111,43.184,-2.5,44.5,
2026-09-24 13:56 UTC,2026,3,2026_03_PHI_CHI,-3.294,43.451,-4.5,41.5,
2026-09-24 14:11 UTC,2026,3,2026_03_ATL_GB,5.479,46.698,4.5,42.5,
2026-09-24 14:11 UTC,2026,3,2026_03_LAC_BUF,6.875,47.419,7.0,50.5,
2026-09-24 14:11 UTC,2026,3,2026_03_CAR_CLE,0.5,42.246,-3.0,42.5,
2026-09-24 14:11 UTC,2026,3,2026_03_NYJ_DET,7.539,51.047,6.5,47.5,
2026-09-24 14:11 UTC,2026,3,2026_03_HOU_IND,-1.068,46.827,-2.5,42.5,
2026-09-24 14:11 UTC,2026,3,2026_03_NE_JAX,2.601,45.051,3.0,45.5,
2026-09-24 14:11 UTC,2026,3,2026_03_KC_MIA,-6.261,46.484,-10.5,46.5,MIA +10.5
2026-09-24 14:11 UTC,2026,3,2026_03_TEN_NYG,6.275,38.229,3.0,38.5,
2026-09-24 14:11 UTC,2026,3,2026_03_CIN_PIT,-0.152,45.545,-3.5,42.5,
2026-09-24 14:11 UTC,2026,3,2026_03_SEA_WAS,-6.475,43.825,-7.0,40.5,
2026-09-24 14:11 UTC,2026,3,2026_03_ARI_SF,10.661,49.495,8.5,47.5,
2026-09-24 14:11 UTC,2026,3,2026_03_MIN_TB,-0.518,43.632,-1.5,42.5,
2026-09-24 14:11 UTC,2026,3,2026_03_BAL_DAL,-1.934,53.741,-3.5,52.5,
2026-09-24 14:11 UTC,2026,3,2026_03_LV_NO,3.489,44.364,3.0,43.5,
2026-09-24 14:11 UTC,2026,3,2026_03_LA_DEN,0.111,43.184,-2.5,44.5,
2026-09-24 14:11 UTC,2026,3,2026_03_PHI_CHI,-3.294,43.451,-4.5,41.5,
2026-09-24 14:31 UTC,2026,3,2026_03_ATL_GB,5.464,46.701,4.5,42.5,
2026-09-24 14:31 UTC,2026,3,2026_03_LAC_BUF,6.862,47.418,7.0,50.5,
2026-09-24 14:31 UTC,2026,3,2026_03_CAR_CLE,0.504,42.259,-3.0,42.5,
2026-09-24 14:31 UTC,2026,3,2026_03_NYJ_DET,7.534,51.054,6.5,47.5,
2026-09-24 14:31 UTC,2026,3,2026_03_HOU_IND,-1.073,46.838,-2.5,42.5,
2026-09-24 14:31 UTC,2026,3,2026_03_NE_JAX,2.648,45.059,3.0,45.5,
2026-09-24 14:31 UTC,2026,3,2026_03_KC_MIA,-6.267,46.482,-10.5,46.5,MIA +10.5
2026-09-24 14:31 UTC,2026,3,2026_03_TEN_NYG,6.271,38.246,3.0,38.5,
2026-09-24 14:31 UTC,2026,3,2026_03_CIN_PIT,-0.143,45.546,-3.5,42.5,
2026-09-24 14:31 UTC,2026,3,2026_03_SEA_WAS,-6.497,43.838,-7.0,40.5,
2026-09-24 14:31 UTC,2026,3,2026_03_ARI_SF,10.641,49.499,8.5,47.5,
2026-09-24 14:31 UTC,2026,3,2026_03_MIN_TB,-0.529,44.572,-1.5,42.5,
2026-09-24 14:31 UTC,2026,3,2026_03_BAL_DAL,-1.945,53.738,-3.5,52.5,
2026-09-24 14:31 UTC,2026,3,2026_03_LV_NO,3.378,44.371,3.0,43.5,
2026-09-24 14:31 UTC,2026,3,2026_03_LA_DEN,0.119,43.189,-2.5,44.5,
2026-09-24 14:31 UTC,2026,3,2026_03_PHI_CHI,-3.31,43.329,-4.5,41.5,
2026-09-24 15:02 UTC,2026,3,2026_03_ATL_GB,5.464,46.701,4.5,42.5,
2026-09-24 15:02 UTC,2026,3,2026_03_LAC_BUF,6.862,47.418,7.0,50.5,
2026-09-24 15:02 UTC,2026,3,2026_03_CAR_CLE,0.504,42.259,-3.0,42.5,
2026-09-24 15:02 UTC,2026,3,2026_03_NYJ_DET,7.534,51.054,6.5,47.5,
2026-09-24 15:02 UTC,2026,3,2026_03_HOU_IND,-1.073,46.838,-2.5,42.5,
2026-09-24 15:02 UTC,2026,3,2026_03_NE_JAX,2.648,45.059,3.0,45.5,
2026-09-24 15:02 UTC,2026,3,2026_03_KC_MIA,-6.267,46.482,-10.5,46.5,MIA +10.5
2026-09-24 15:02 UTC,2026,3,2026_03_TEN_NYG,6.271,38.246,3.0,38.5,
2026-09-24 15:02 UTC,2026,3,2026_03_CIN_PIT,-0.143,45.546,-3.5,42.5,
2026-09-24 15:02 UTC,2026,3,2026_03_SEA_WAS,-6.497,43.838,-7.0,40.5,
2026-09-24 15:02 UTC,2026,3,2026_03_ARI_SF,10.641,49.499,8.5,47.5,
2026-09-24 15:02 UTC,2026,3,2026_03_MIN_TB,-0.529,43.633,-1.5,42.5,
2026-09-24 15:02 UTC,2026,3,2026_03_BAL_DAL,-1.945,53.416,-3.5,52.5,
2026-09-24 15:02 UTC,2026,3,2026_03_LV_NO,3.378,44.371,3.0,43.5,
2026-09-24 15:02 UTC,2026,3,2026_03_LA_DEN,0.119,43.189,-2.5,44.5,
2026-09-24 15:02 UTC,2026,3,2026_03_PHI_CHI,-3.31,43.329,-4.5,41.5,
2026-09-24 16:06 UTC,2026,3,2026_03_ATL_GB,5.464,46.835,4.5,42.5,
2026-09-24 16:06 UTC,2026,3,2026_03_LAC_BUF,6.862,47.418,7.0,50.5,
2026-09-24 16:06 UTC,2026,3,2026_03_CAR_CLE,0.504,42.259,-3.0,42.5,
2026-09-24 16:06 UTC,2026,3,2026_03_NYJ_DET,7.534,51.054,6.5,47.5,
2026-09-24 16:06 UTC,2026,3,2026_03_HOU_IND,-1.073,46.838,-1.5,42.5,
2026-09-24 16:06 UTC,2026,3,2026_03_NE_JAX,2.648,45.059,3.0,45.5,
2026-09-24 16:06 UTC,2026,3,2026_03_KC_MIA,-6.267,46.482,-10.5,46.5,MIA +10.5
2026-09-24 16:06 UTC,2026,3,2026_03_TEN_NYG,6.271,38.246,3.0,38.5,
2026-09-24 16:06 UTC,2026,3,2026_03_CIN_PIT,-0.143,45.546,-3.5,42.5,
2026-09-24 16:06 UTC,2026,3,2026_03_SEA_WAS,-6.497,43.838,-7.0,40.5,
2026-09-24 16:06 UTC,2026,3,2026_03_ARI_SF,10.641,49.499,8.5,47.5,
2026-09-24 16:06 UTC,2026,3,2026_03_MIN_TB,-0.529,44.572,-1.5,42.5,
2026-09-24 16:06 UTC,2026,3,2026_03_BAL_DAL,-1.945,53.738,-3.5,52.5,
2026-09-24 16:06 UTC,2026,3,2026_03_LV_NO,3.378,44.371,3.0,43.5,
2026-09-24 16:06 UTC,2026,3,2026_03_LA_DEN,0.119,43.189,-2.5,44.5,
2026-09-24 16:06 UTC,2026,3,2026_03_PHI_CHI,-3.31,43.329,-4.5,41.5,
2026-09-24 16:30 UTC,2026,3,2026_03_ATL_GB,5.464,46.835,4.5,42.5,
2026-09-24 16:30 UTC,2026,3,2026_03_LAC_BUF,6.862,47.418,7.0,50.5,
2026-09-24 16:30 UTC,2026,3,2026_03_CAR_CLE,0.504,42.259,-3.0,42.5,
2026-09-24 16:30 UTC,2026,3,2026_03_NYJ_DET,7.534,51.054,6.5,47.5,
2026-09-24 16:30 UTC,2026,3,2026_03_HOU_IND,-1.073,46.838,-2.5,42.5,
2026-09-24 16:30 UTC,2026,3,2026_03_NE_JAX,2.648,45.059,3.0,45.5,
2026-09-24 16:30 UTC,2026,3,2026_03_KC_MIA,-6.267,46.482,-10.5,45.5,MIA +10.5
2026-09-24 16:30 UTC,2026,3,2026_03_TEN_NYG,6.271,38.246,3.0,38.5,
2026-09-24 16:30 UTC,2026,3,2026_03_CIN_PIT,-0.143,45.546,-3.5,42.5,
2026-09-24 16:30 UTC,2026,3,2026_03_SEA_WAS,-6.497,43.838,-7.0,40.5,
2026-09-24 16:30 UTC,2026,3,2026_03_ARI_SF,10.641,49.499,8.5,47.5,
2026-09-24 16:30 UTC,2026,3,2026_03_MIN_TB,-0.529,43.633,-1.5,42.5,
2026-09-24 16:30 UTC,2026,3,2026_03_BAL_DAL,-1.945,53.738,-3.5,52.5,
2026-09-24 16:30 UTC,2026,3,2026_03_LV_NO,3.378,44.371,3.0,43.5,
2026-09-24 16:30 UTC,2026,3,2026_03_LA_DEN,0.119,43.189,-2.5,44.5,
2026-09-24 16:30 UTC,2026,3,2026_03_PHI_CHI,-3.31,43.329,-4.5,41.5,
2026-09-24 17:23 UTC,2026,3,2026_03_ATL_GB,5.464,46.782,4.5,42.5,
2026-09-24 17:23 UTC,2026,3,2026_03_LAC_BUF,6.862,47.418,7.0,50.5,
2026-09-24 17:23 UTC,2026,3,2026_03_CAR_CLE,0.504,42.259,-2.5,42.5,
2026-09-24 17:23 UTC,2026,3,2026_03_NYJ_DET,7.534,51.054,6.5,47.5,
2026-09-24 17:23 UTC,2026,3,2026_03_HOU_IND,-1.073,46.838,-1.5,42.5,
2026-09-24 17:23 UTC,2026,3,2026_03_NE_JAX,2.648,45.059,3.0,45.5,
2026-09-24 17:23 UTC,2026,3,2026_03_KC_MIA,-6.267,46.482,-10.5,45.5,MIA +10.5
2026-09-24 17:23 UTC,2026,3,2026_03_TEN_NYG,6.271,38.246,2.5,38.5,
2026-09-24 17:23 UTC,2026,3,2026_03_CIN_PIT,-0.143,45.546,-3.5,42.5,
2026-09-24 17:23 UTC,2026,3,2026_03_SEA_WAS,-6.497,43.838,-7.0,40.5,
2026-09-24 17:23 UTC,2026,3,2026_03_ARI_SF,10.641,49.499,8.5,47.5,
2026-09-24 17:23 UTC,2026,3,2026_03_MIN_TB,-0.529,44.572,-1.5,42.5,
2026-09-24 17:23 UTC,2026,3,2026_03_BAL_DAL,-1.945,53.738,-3.5,52.5,
2026-09-24 17:23 UTC,2026,3,2026_03_LV_NO,3.378,44.371,3.0,43.5,
2026-09-24 17:23 UTC,2026,3,2026_03_LA_DEN,0.119,43.189,-2.5,44.5,
2026-09-24 17:23 UTC,2026,3,2026_03_PHI_CHI,-3.31,43.329,-4.5,41.5,
2026-09-24 18:30 UTC,2026,3,2026_03_ATL_GB,5.464,46.835,4.5,42.5,
2026-09-24 18:30 UTC,2026,3,2026_03_LAC_BUF,6.862,48.089,7.0,50.5,
2026-09-24 18:30 UTC,2026,3,2026_03_CAR_CLE,0.504,42.017,-2.5,42.5,
2026-09-24 18:30 UTC,2026,3,2026_03_NYJ_DET,7.534,51.054,6.5,47.5,
2026-09-24 18:30 UTC,2026,3,2026_03_HOU_IND,-1.073,46.624,-1.5,42.5,
2026-09-24 18:30 UTC,2026,3,2026_03_NE_JAX,2.648,44.576,3.0,45.5,
2026-09-24 18:30 UTC,2026,3,2026_03_KC_MIA,-6.267,46.643,-11.5,45.5,MIA +11.5
2026-09-24 18:30 UTC,2026,3,2026_03_TEN_NYG,6.271,37.279,2.5,38.5,
2026-09-24 18:30 UTC,2026,3,2026_03_CIN_PIT,-0.143,45.358,-3.5,42.5,
2026-09-24 18:30 UTC,2026,3,2026_03_SEA_WAS,-6.497,43.65,-7.5,40.5,
2026-09-24 18:30 UTC,2026,3,2026_03_ARI_SF,10.641,48.855,8.5,47.5,
2026-09-24 18:30 UTC,2026,3,2026_03_MIN_TB,-0.529,44.787,-1.5,42.5,
2026-09-24 18:30 UTC,2026,3,2026_03_BAL_DAL,-1.945,54.57,-3.5,52.5,
2026-09-24 18:30 UTC,2026,3,2026_03_LV_NO,3.378,44.371,3.0,43.5,
2026-09-24 18:30 UTC,2026,3,2026_03_LA_DEN,0.119,45.202,-2.5,44.5,
2026-09-24 18:30 UTC,2026,3,2026_03_PHI_CHI,-3.31,43.329,-4.5,41.5,
2026-09-24 19:27 UTC,2026,3,2026_03_ATL_GB,5.464,46.835,4.5,42.5,
2026-09-24 19:27 UTC,2026,3,2026_03_LAC_BUF,6.862,48.089,7.0,50.5,
2026-09-24 19:27 UTC,2026,3,2026_03_CAR_CLE,0.504,42.017,-2.5,42.5,
2026-09-24 19:27 UTC,2026,3,2026_03_NYJ_DET,7.534,51.054,6.5,47.5,
2026-09-24 19:27 UTC,2026,3,2026_03_HOU_IND,-1.073,46.624,-1.5,42.5,
2026-09-24 19:27 UTC,2026,3,2026_03_NE_JAX,2.648,44.576,3.0,45.5,
2026-09-24 19:27 UTC,2026,3,2026_03_KC_MIA,-6.267,46.643,-10.5,45.5,MIA +10.5
2026-09-24 19:27 UTC,2026,3,2026_03_TEN_NYG,6.271,37.279,2.5,38.5,
2026-09-24 19:27 UTC,2026,3,2026_03_CIN_PIT,-0.143,45.358,-3.5,42.5,
2026-09-24 19:27 UTC,2026,3,2026_03_SEA_WAS,-6.497,43.65,-7.5,40.5,
2026-09-24 19:27 UTC,2026,3,2026_03_ARI_SF,10.641,48.855,8.5,47.5,
2026-09-24 19:27 UTC,2026,3,2026_03_MIN_TB,-0.529,44.787,-1.5,42.5,
2026-09-24 19:27 UTC,2026,3,2026_03_BAL_DAL,-1.945,54.57,-3.5,52.5,
2026-09-24 19:27 UTC,2026,3,2026_03_LV_NO,3.378,44.371,3.0,43.5,
2026-09-24 19:27 UTC,2026,3,2026_03_LA_DEN,0.119,45.202,-2.5,44.5,
2026-09-24 19:27 UTC,2026,3,2026_03_PHI_CHI,-3.31,43.329,-4.5,41.5,
2026-09-24 21:22 UTC,2026,3,2026_03_ATL_GB,5.464,46.835,4.5,42.5,
2026-09-24 21:22 UTC,2026,3,2026_03_LAC_BUF,6.862,48.089,7.0,50.5,
2026-09-24 21:22 UTC,2026,3,2026_03_CAR_CLE,0.504,42.017,-2.5,42.5,
2026-09-24 21:22 UTC,2026,3,2026_03_NYJ_DET,7.534,51.054,6.5,47.5,
2026-09-24 21:22 UTC,2026,3,2026_03_HOU_IND,-1.073,46.624,-1.5,42.5,
2026-09-24 21:22 UTC,2026,3,2026_03_NE_JAX,2.648,44.576,3.0,45.5,
2026-09-24 21:22 UTC,2026,3,2026_03_KC_MIA,-6.267,46.643,-10.5,45.5,MIA +10.5
2026-09-24 21:22 UTC,2026,3,2026_03_TEN_NYG,6.271,37.279,2.5,38.5,
2026-09-24 21:22 UTC,2026,3,2026_03_CIN_PIT,-0.143,45.358,-3.5,42.5,
2026-09-24 21:22 UTC,2026,3,2026_03_SEA_WAS,-6.497,43.65,-7.5,40.5,
2026-09-24 21:22 UTC,2026,3,2026_03_ARI_SF,10.641,48.855,8.5,47.5,
2026-09-24 21:22 UTC,2026,3,2026_03_MIN_TB,-0.529,43.633,-1.5,42.5,
2026-09-24 21:22 UTC,2026,3,2026_03_BAL_DAL,-1.945,53.416,-3.5,52.5,
2026-09-24 21:22 UTC,2026,3,2026_03_LV_NO,3.378,44.371,3.0,43.5,
2026-09-24 21:22 UTC,2026,3,2026_03_LA_DEN,0.119,45.202,-2.5,44.5,
2026-09-24 21:22 UTC,2026,3,2026_03_PHI_CHI,-3.31,43.329,-4.5,41.5,
2026-09-24 21:47 UTC,2026,3,2026_03_ATL_GB,5.464,46.755,5.5,43.5,
2026-09-24 21:47 UTC,2026,3,2026_03_LAC_BUF,6.862,48.089,7.0,50.5,
2026-09-24 21:47 UTC,2026,3,2026_03_CAR_CLE,0.504,42.017,-2.5,42.5,
2026-09-24 21:47 UTC,2026,3,2026_03_NYJ_DET,7.534,51.054,6.5,47.5,
2026-09-24 21:47 UTC,2026,3,2026_03_HOU_IND,-1.073,46.624,-1.5,42.5,
2026-09-24 21:47 UTC,2026,3,2026_03_NE_JAX,2.648,44.576,3.0,45.5,
2026-09-24 21:47 UTC,2026,3,2026_03_KC_MIA,-6.267,46.643,-10.5,45.5,MIA +10.5
2026-09-24 21:47 UTC,2026,3,2026_03_TEN_NYG,6.271,37.279,2.5,38.5,
2026-09-24 21:47 UTC,2026,3,2026_03_CIN_PIT,-0.143,45.358,-3.5,42.5,
2026-09-24 21:47 UTC,2026,3,2026_03_SEA_WAS,-6.497,43.65,-7.5,40.5,
2026-09-24 21:47 UTC,2026,3,2026_03_ARI_SF,10.641,48.855,8.5,47.5,
2026-09-24 21:47 UTC,2026,3,2026_03_MIN_TB,-0.529,44.787,-1.5,42.5,
2026-09-24 21:47 UTC,2026,3,2026_03_BAL_DAL,-1.945,53.416,-3.5,52.5,
2026-09-24 21:47 UTC,2026,3,2026_03_LV_NO,3.378,44.371,3.0,43.5,
2026-09-24 21:47 UTC,2026,3,2026_03_LA_DEN,0.119,46.222,-2.5,44.5,
2026-09-24 21:47 UTC,2026,3,2026_03_PHI_CHI,-3.31,43.329,-4.5,41.5,
2026-09-24 22:37 UTC,2026,3,2026_03_ATL_GB,5.464,46.755,5.5,43.5,
2026-09-24 22:37 UTC,2026,3,2026_03_LAC_BUF,6.862,48.089,7.0,50.5,
2026-09-24 22:37 UTC,2026,3,2026_03_CAR_CLE,0.504,42.017,-2.5,42.5,
2026-09-24 22:37 UTC,2026,3,2026_03_NYJ_DET,7.534,51.054,6.5,47.5,
2026-09-24 22:37 UTC,2026,3,2026_03_HOU_IND,-1.073,46.624,-1.5,42.5,
2026-09-24 22:37 UTC,2026,3,2026_03_NE_JAX,2.648,44.576,3.0,45.5,
2026-09-24 22:37 UTC,2026,3,2026_03_KC_MIA,-6.267,46.643,-10.5,45.5,MIA +10.5
2026-09-24 22:37 UTC,2026,3,2026_03_TEN_NYG,6.271,37.279,2.5,38.5,
2026-09-24 22:37 UTC,2026,3,2026_03_CIN_PIT,-0.143,45.358,-3.5,42.5,
2026-09-24 22:37 UTC,2026,3,2026_03_SEA_WAS,-6.497,43.65,-7.5,40.5,
2026-09-24 22:37 UTC,2026,3,2026_03_ARI_SF,10.641,48.855,8.5,47.5,
2026-09-24 22:37 UTC,2026,3,2026_03_MIN_TB,-0.529,44.787,-1.5,42.5,
2026-09-24 22:37 UTC,2026,3,2026_03_BAL_DAL,-1.945,54.57,-3.5,52.5,
2026-09-24 22:37 UTC,2026,3,2026_03_LV_NO,3.378,44.371,3.0,43.5,
2026-09-24 22:37 UTC,2026,3,2026_03_LA_DEN,0.119,45.202,-2.5,44.5,
2026-09-24 22:37 UTC,2026,3,2026_03_PHI_CHI,-3.31,43.329,-4.5,41.5,
2026-09-24 23:05 UTC,2026,3,2026_03_ATL_GB,5.464,46.755,4.5,43.5,
2026-09-24 23:05 UTC,2026,3,2026_03_LAC_BUF,6.862,48.089,7.0,50.5,
2026-09-24 23:05 UTC,2026,3,2026_03_CAR_CLE,0.504,42.017,-2.5,42.5,
2026-09-24 23:05 UTC,2026,3,2026_03_NYJ_DET,7.534,51.054,6.5,47.5,
2026-09-24 23:05 UTC,2026,3,2026_03_HOU_IND,-1.073,46.624,-1.5,42.5,
2026-09-24 23:05 UTC,2026,3,2026_03_NE_JAX,2.648,44.576,3.0,45.5,
2026-09-24 23:05 UTC,2026,3,2026_03_KC_MIA,-6.267,46.643,-10.5,45.5,MIA +10.5
2026-09-24 23:05 UTC,2026,3,2026_03_TEN_NYG,6.271,37.279,2.5,38.5,
2026-09-24 23:05 UTC,2026,3,2026_03_CIN_PIT,-0.143,45.358,-3.5,42.5,
2026-09-24 23:05 UTC,2026,3,2026_03_SEA_WAS,-6.497,43.65,-7.5,40.5,
2026-09-24 23:05 UTC,2026,3,2026_03_ARI_SF,10.641,48.855,8.5,47.5,
2026-09-24 23:05 UTC,2026,3,2026_03_MIN_TB,-0.529,44.787,-1.5,42.5,
2026-09-24 23:05 UTC,2026,3,2026_03_BAL_DAL,-1.945,54.57,-3.5,52.5,
2026-09-24 23:05 UTC,2026,3,2026_03_LV_NO,3.378,44.371,3.0,43.5,
2026-09-24 23:05 UTC,2026,3,2026_03_LA_DEN,0.119,46.222,-2.5,44.5,
2026-09-24 23:05 UTC,2026,3,2026_03_PHI_CHI,-3.31,43.329,-4.5,41.5,
2026-09-24 23:21 UTC,2026,3,2026_03_ATL_GB,5.464,46.755,4.5,43.5,
2026-09-24 23:21 UTC,2026,3,2026_03_LAC_BUF,6.862,48.089,7.0,50.5,
2026-09-24 23:21 UTC,2026,3,2026_03_CAR_CLE,0.504,42.017,-2.5,42.5,
2026-09-24 23:21 UTC,2026,3,2026_03_NYJ_DET,7.534,51.054,6.5,47.5,
2026-09-24 23:21 UTC,2026,3,2026_03_HOU_IND,-1.073,46.624,-1.5,42.5,
2026-09-24 23:21 UTC,2026,3,2026_03_NE_JAX,2.648,44.576,3.0,45.5,
2026-09-24 23:21 UTC,2026,3,2026_03_KC_MIA,-6.267,46.643,-10.5,45.5,MIA +10.5
2026-09-24 23:21 UTC,2026,3,2026_03_TEN_NYG,6.271,37.279,2.5,38.5,
2026-09-24 23:21 UTC,2026,3,2026_03_CIN_PIT,-0.143,45.358,-3.5,42.5,
2026-09-24 23:21 UTC,2026,3,2026_03_SEA_WAS,-6.497,43.65,-7.5,40.5,
2026-09-24 23:21 UTC,2026,3,2026_03_ARI_SF,10.641,48.855,8.5,47.5,
2026-09-24 23:21 UTC,2026,3,2026_03_MIN_TB,-0.529,44.787,-1.5,42.5,
2026-09-24 23:21 UTC,2026,3,2026_03_BAL_DAL,-1.945,54.57,-3.5,52.5,
2026-09-24 23:21 UTC,2026,3,2026_03_LV_NO,3.378,44.371,3.0,43.5,
2026-09-24 23:21 UTC,2026,3,2026_03_LA_DEN,0.119,45.202,-2.5,44.5,
2026-09-24 23:21 UTC,2026,3,2026_03_PHI_CHI,-3.31,43.329,-4.5,41.5,
2026-09-24 23:35 UTC,2026,3,2026_03_ATL_GB,5.464,46.755,4.5,43.5,
2026-09-24 23:35 UTC,2026,3,2026_03_LAC_BUF,6.862,48.089,7.0,50.5,
2026-09-24 23:35 UTC,2026,3,2026_03_CAR_CLE,0.504,42.017,-2.5,42.5,
2026-09-24 23:35 UTC,2026,3,2026_03_NYJ_DET,7.534,51.054,6.5,47.5,
2026-09-24 23:35 UTC,2026,3,2026_03_HOU_IND,-1.073,46.624,-1.5,42.5,
2026-09-24 23:35 UTC,2026,3,2026_03_NE_JAX,2.648,44.576,3.0,45.5,
2026-09-24 23:35 UTC,2026,3,2026_03_KC_MIA,-6.267,46.643,-10.5,45.5,MIA +10.5
2026-09-24 23:35 UTC,2026,3,2026_03_TEN_NYG,6.271,37.279,2.5,38.5,
2026-09-24 23:35 UTC,2026,3,2026_03_CIN_PIT,-0.143,45.358,-3.5,42.5,
2026-09-24 23:35 UTC,2026,3,2026_03_SEA_WAS,-6.497,45.046,-7.5,40.5,
2026-09-24 23:35 UTC,2026,3,2026_03_ARI_SF,10.641,48.828,8.5,47.5,
2026-09-24 23:35 UTC,2026,3,2026_03_MIN_TB,-0.529,44.492,-1.5,42.5,
2026-09-24 23:35 UTC,2026,3,2026_03_BAL_DAL,-1.945,54.597,-3.5,52.5,
2026-09-24 23:35 UTC,2026,3,2026_03_LV_NO,3.378,44.371,3.0,43.5,
2026-09-24 23:35 UTC,2026,3,2026_03_LA_DEN,0.119,44.262,-2.5,44.5,
2026-09-24 23:35 UTC,2026,3,2026_03_PHI_CHI,-3.31,43.329,-4.5,41.5,
2026-09-24 23:58 UTC,2026,3,2026_03_ATL_GB,5.464,47.238,4.5,42.5,
2026-09-24 23:58 UTC,2026,3,2026_03_LAC_BUF,6.862,46.908,7.0,50.5,
2026-09-24 23:58 UTC,2026,3,2026_03_CAR_CLE,0.504,41.883,-2.5,42.5,
2026-09-24 23:58 UTC,2026,3,2026_03_NYJ_DET,7.534,51.054,6.5,47.5,
2026-09-24 23:58 UTC,2026,3,2026_03_HOU_IND,-1.073,46.919,-1.5,42.5,
2026-09-24 23:58 UTC,2026,3,2026_03_NE_JAX,2.648,44.656,3.0,45.5,
2026-09-24 23:58 UTC,2026,3,2026_03_KC_MIA,-6.267,46.966,-10.5,45.5,MIA +10.5
2026-09-24 23:58 UTC,2026,3,2026_03_TEN_NYG,6.271,35.857,2.5,38.5,
2026-09-24 23:58 UTC,2026,3,2026_03_CIN_PIT,-0.143,45.251,-3.5,42.5,
2026-09-24 23:58 UTC,2026,3,2026_03_SEA_WAS,-6.497,43.381,-7.5,40.5,
2026-09-24 23:58 UTC,2026,3,2026_03_ARI_SF,10.641,49.285,8.5,47.5,
2026-09-24 23:58 UTC,2026,3,2026_03_MIN_TB,-0.529,44.331,-1.5,42.5,
2026-09-24 23:58 UTC,2026,3,2026_03_BAL_DAL,-1.945,53.792,-3.5,52.5,
2026-09-24 23:58 UTC,2026,3,2026_03_LV_NO,3.378,44.371,3.0,43.5,
2026-09-24 23:58 UTC,2026,3,2026_03_LA_DEN,0.119,42.813,-2.5,44.5,
2026-09-24 23:58 UTC,2026,3,2026_03_PHI_CHI,-3.31,43.329,-4.5,41.5,
2026-09-25 01:15 UTC,2026,3,2026_03_ATL_GB,5.464,46.084,4.5,43.5,
2026-09-25 01:15 UTC,2026,3,2026_03_LAC_BUF,6.862,46.908,7.0,50.5,
2026-09-25 01:15 UTC,2026,3,2026_03_CAR_CLE,0.504,41.883,-2.5,42.5,
2026-09-25 01:15 UTC,2026,3,2026_03_NYJ_DET,7.534,51.054,6.5,47.5,
2026-09-25 01:15 UTC,2026,3,2026_03_HOU_IND,-1.073,46.919,-1.5,42.5,
2026-09-25 01:15 UTC,2026,3,2026_03_NE_JAX,2.648,44.656,3.0,45.5,
2026-09-25 01:15 UTC,2026,3,2026_03_KC_MIA,-6.267,46.966,-10.5,45.5,MIA +10.5
2026-09-25 01:15 UTC,2026,3,2026_03_TEN_NYG,6.271,35.857,2.5,38.5,
2026-09-25 01:15 UTC,2026,3,2026_03_CIN_PIT,-0.143,45.251,-3.5,42.5,
2026-09-25 01:15 UTC,2026,3,2026_03_SEA_WAS,-6.497,43.381,-7.5,40.5,
2026-09-25 01:15 UTC,2026,3,2026_03_ARI_SF,10.641,49.285,8.5,47.5,
2026-09-25 01:15 UTC,2026,3,2026_03_MIN_TB,-0.529,44.331,-1.5,42.5,
2026-09-25 01:15 UTC,2026,3,2026_03_BAL_DAL,-1.945,53.792,-3.5,52.5,
2026-09-25 01:15 UTC,2026,3,2026_03_LV_NO,3.378,44.371,3.0,43.5,
2026-09-25 01:15 UTC,2026,3,2026_03_LA_DEN,0.119,42.813,-2.5,44.5,
2026-09-25 01:15 UTC,2026,3,2026_03_PHI_CHI,-3.31,43.329,-4.5,41.5,
2026-09-25 02:18 UTC,2026,3,2026_03_ATL_GB,5.582,46.251,4.5,43.5,
2026-09-25 02:18 UTC,2026,3,2026_03_LAC_BUF,7.035,47.072,7.0,50.5,
2026-09-25 02:18 UTC,2026,3,2026_03_CAR_CLE,0.101,42.05,-2.5,42.5,
2026-09-25 02:18 UTC,2026,3,2026_03_NYJ_DET,7.351,51.314,6.5,47.5,
2026-09-25 02:18 UTC,2026,3,2026_03_HOU_IND,-1.469,47.095,-1.5,42.5,
2026-09-25 02:18 UTC,2026,3,2026_03_NE_JAX,2.563,44.852,3.0,45.5,
2026-09-25 02:18 UTC,2026,3,2026_03_KC_MIA,-6.306,47.161,-10.5,45.5,MIA +10.5
2026-09-25 02:18 UTC,2026,3,2026_03_TEN_NYG,6.274,36.129,2.5,38.5,
2026-09-25 02:18 UTC,2026,3,2026_03_CIN_PIT,-0.181,45.406,-3.5,42.5,
2026-09-25 02:18 UTC,2026,3,2026_03_SEA_WAS,-5.629,43.586,-7.5,40.5,
2026-09-25 02:18 UTC,2026,3,2026_03_ARI_SF,10.501,49.517,8.5,47.5,
2026-09-25 02:18 UTC,2026,3,2026_03_MIN_TB,-0.421,44.475,-1.5,42.5,
2026-09-25 02:18 UTC,2026,3,2026_03_BAL_DAL,-1.911,53.66,-3.5,53.5,
2026-09-25 02:18 UTC,2026,3,2026_03_LV_NO,3.236,44.566,3.0,43.5,
2026-09-25 02:18 UTC,2026,3,2026_03_LA_DEN,0.149,42.977,-2.5,44.5,
2026-09-25 02:18 UTC,2026,3,2026_03_PHI_CHI,-3.74,44.374,-4.5,41.5,
2026-09-25 02:50 UTC,2026,3,2026_03_ATL_GB,5.529,46.251,4.5,43.5,
2026-09-25 02:50 UTC,2026,3,2026_03_LAC_BUF,6.99,47.072,7.0,50.5,
2026-09-25 02:50 UTC,2026,3,2026_03_CAR_CLE,0.236,42.05,-2.5,42.5,
2026-09-25 02:50 UTC,2026,3,2026_03_NYJ_DET,7.319,51.314,6.5,47.5,
2026-09-25 02:50 UTC,2026,3,2026_03_HOU_IND,-1.556,47.095,-1.5,42.5,
2026-09-25 02:50 UTC,2026,3,2026_03_NE_JAX,2.475,44.852,3.0,45.5,
2026-09-25 02:50 UTC,2026,3,2026_03_KC_MIA,-6.309,47.161,-10.5,45.5,MIA +10.5
2026-09-25 02:50 UTC,2026,3,2026_03_TEN_NYG,6.253,36.129,2.5,38.5,
2026-09-25 02:50 UTC,2026,3,2026_03_CIN_PIT,-0.189,45.406,-3.5,42.5,
2026-09-25 02:50 UTC,2026,3,2026_03_SEA_WAS,-5.654,43.586,-7.5,40.5,
2026-09-25 02:50 UTC,2026,3,2026_03_ARI_SF,10.501,49.517,8.5,47.5,
2026-09-25 02:50 UTC,2026,3,2026_03_MIN_TB,-0.384,44.475,-1.5,42.5,
2026-09-25 02:50 UTC,2026,3,2026_03_BAL_DAL,-1.9,54.039,-3.5,53.5,
2026-09-25 02:50 UTC,2026,3,2026_03_LV_NO,3.225,44.566,3.0,43.5,
2026-09-25 02:50 UTC,2026,3,2026_03_LA_DEN,0.098,42.977,-2.5,44.5,
2026-09-25 02:50 UTC,2026,3,2026_03_PHI_CHI,-3.517,43.589,-4.5,41.5,
2026-09-25 04:13 UTC,2026,3,2026_03_LAC_BUF,7.035,47.072,7.0,50.5,
2026-09-25 04:13 UTC,2026,3,2026_03_CAR_CLE,0.101,42.05,-2.5,42.5,
2026-09-25 04:13 UTC,2026,3,2026_03_NYJ_DET,7.351,51.314,6.5,47.5,
2026-09-25 04:13 UTC,2026,3,2026_03_HOU_IND,-1.469,47.095,-1.5,42.5,
2026-09-25 04:13 UTC,2026,3,2026_03_NE_JAX,2.563,44.852,3.0,45.5,
2026-09-25 04:13 UTC,2026,3,2026_03_KC_MIA,-6.306,47.161,-10.5,45.5,MIA +10.5
2026-09-25 04:13 UTC,2026,3,2026_03_TEN_NYG,6.274,36.129,2.5,38.5,
2026-09-25 04:13 UTC,2026,3,2026_03_CIN_PIT,-0.181,45.406,-3.5,42.5,
2026-09-25 04:13 UTC,2026,3,2026_03_SEA_WAS,-5.629,43.586,-7.5,40.5,
2026-09-25 04:13 UTC,2026,3,2026_03_ARI_SF,10.501,49.517,8.5,47.5,
2026-09-25 04:13 UTC,2026,3,2026_03_MIN_TB,-0.421,44.475,-1.5,42.5,
2026-09-25 04:13 UTC,2026,3,2026_03_BAL_DAL,-1.92,54.039,-3.5,53.5,
2026-09-25 04:13 UTC,2026,3,2026_03_LV_NO,3.236,44.566,3.0,43.5,
2026-09-25 04:13 UTC,2026,3,2026_03_LA_DEN,0.149,42.977,-2.5,44.5,
2026-09-25 04:13 UTC,2026,3,2026_03_PHI_CHI,-3.74,44.374,-4.5,41.5,
2026-09-25 06:15 UTC,2026,3,2026_03_LAC_BUF,7.035,47.018,7.0,50.5,
2026-09-25 06:15 UTC,2026,3,2026_03_CAR_CLE,0.094,42.158,-2.5,42.5,
2026-09-25 06:15 UTC,2026,3,2026_03_NYJ_DET,7.351,51.314,6.5,47.5,
2026-09-25 06:15 UTC,2026,3,2026_03_HOU_IND,-1.469,47.014,-1.5,42.5,
2026-09-25 06:15 UTC,2026,3,2026_03_NE_JAX,2.507,44.419,3.0,46.5,
2026-09-25 06:15 UTC,2026,3,2026_03_KC_MIA,-6.452,47.947,-10.5,45.5,MIA +10.5
2026-09-25 06:15 UTC,2026,3,2026_03_TEN_NYG,6.274,36.86,2.5,38.5,
2026-09-25 06:15 UTC,2026,3,2026_03_CIN_PIT,-0.181,45.46,-3.5,42.5,
2026-09-25 06:15 UTC,2026,3,2026_03_SEA_WAS,-5.68,43.857,-7.5,40.5,
2026-09-25 06:15 UTC,2026,3,2026_03_ARI_SF,10.489,49.03,8.5,47.5,
2026-09-25 06:15 UTC,2026,3,2026_03_MIN_TB,-0.421,44.015,-1.5,42.5,
2026-09-25 06:15 UTC,2026,3,2026_03_BAL_DAL,-2.221,54.175,-3.5,53.5,
2026-09-25 06:15 UTC,2026,3,2026_03_LV_NO,3.236,44.566,3.0,43.5,
2026-09-25 06:15 UTC,2026,3,2026_03_LA_DEN,-0.006,46.417,-2.5,44.5,
2026-09-25 06:15 UTC,2026,3,2026_03_PHI_CHI,-3.475,46.111,-4.5,41.5,
2026-09-25 06:37 UTC,2026,3,2026_03_LAC_BUF,7.035,47.018,7.0,50.5,
2026-09-25 06:37 UTC,2026,3,2026_03_CAR_CLE,0.094,42.158,-2.5,42.5,
2026-09-25 06:37 UTC,2026,3,2026_03_NYJ_DET,7.351,51.314,6.5,47.5,
2026-09-25 06:37 UTC,2026,3,2026_03_HOU_IND,-1.469,47.014,-1.5,42.5,
2026-09-25 06:37 UTC,2026,3,2026_03_NE_JAX,2.507,44.419,3.0,46.5,
2026-09-25 06:37 UTC,2026,3,2026_03_KC_MIA,-6.452,47.947,-10.5,45.5,MIA +10.5
2026-09-25 06:37 UTC,2026,3,2026_03_TEN_NYG,6.274,36.86,2.5,38.5,
2026-09-25 06:37 UTC,2026,3,2026_03_CIN_PIT,-0.181,45.46,-3.5,42.5,
2026-09-25 06:37 UTC,2026,3,2026_03_SEA_WAS,-5.68,43.857,-7.5,40.5,
2026-09-25 06:37 UTC,2026,3,2026_03_ARI_SF,10.489,49.03,8.5,47.5,
2026-09-25 06:37 UTC,2026,3,2026_03_MIN_TB,-0.421,44.015,-1.5,42.5,
2026-09-25 06:37 UTC,2026,3,2026_03_BAL_DAL,-2.202,53.66,-3.5,53.5,
2026-09-25 06:37 UTC,2026,3,2026_03_LV_NO,3.236,44.566,3.0,43.5,
2026-09-25 06:37 UTC,2026,3,2026_03_LA_DEN,0.149,44.277,-2.5,44.5,
2026-09-25 06:37 UTC,2026,3,2026_03_PHI_CHI,-3.475,46.111,-4.5,41.5,
2026-09-25 09:14 UTC,2026,3,2026_03_LAC_BUF,7.035,47.018,7.0,50.5,
2026-09-25 09:14 UTC,2026,3,2026_03_CAR_CLE,0.094,42.158,-2.5,42.5,
2026-09-25 09:14 UTC,2026,3,2026_03_NYJ_DET,7.351,51.314,6.5,47.5,
2026-09-25 09:14 UTC,2026,3,2026_03_HOU_IND,-1.469,47.014,-1.5,42.5,
2026-09-25 09:14 UTC,2026,3,2026_03_NE_JAX,2.507,44.419,3.0,46.5,
2026-09-25 09:14 UTC,2026,3,2026_03_KC_MIA,-6.452,47.947,-10.5,45.5,MIA +10.5
2026-09-25 09:14 UTC,2026,3,2026_03_TEN_NYG,6.274,36.86,2.5,38.5,
2026-09-25 09:14 UTC,2026,3,2026_03_CIN_PIT,-0.181,45.46,-3.5,42.5,
2026-09-25 09:14 UTC,2026,3,2026_03_SEA_WAS,-5.68,43.857,-7.5,40.5,
2026-09-25 09:14 UTC,2026,3,2026_03_ARI_SF,10.489,49.03,8.5,47.5,
2026-09-25 09:14 UTC,2026,3,2026_03_MIN_TB,-0.421,44.015,-1.5,42.5,
2026-09-25 09:14 UTC,2026,3,2026_03_BAL_DAL,-2.221,54.175,-3.5,53.5,
2026-09-25 09:14 UTC,2026,3,2026_03_LV_NO,3.236,44.566,3.0,43.5,
2026-09-25 09:14 UTC,2026,3,2026_03_LA_DEN,0.149,44.277,-2.5,44.5,
2026-09-25 09:14 UTC,2026,3,2026_03_PHI_CHI,-3.475,46.111,-4.5,41.5,
2026-09-25 12:08 UTC,2026,3,2026_03_LAC_BUF,7.035,46.855,7.0,50.5,
2026-09-25 12:08 UTC,2026,3,2026_03_CAR_CLE,0.101,41.942,-2.5,42.5,
2026-09-25 12:08 UTC,2026,3,2026_03_NYJ_DET,7.351,51.314,6.5,47.5,
2026-09-25 12:08 UTC,2026,3,2026_03_HOU_IND,-1.469,46.987,-1.5,42.5,
2026-09-25 12:08 UTC,2026,3,2026_03_NE_JAX,2.563,44.473,3.0,46.5,
2026-09-25 12:08 UTC,2026,3,2026_03_KC_MIA,-6.461,48.407,-10.5,45.5,MIA +10.5
2026-09-25 12:08 UTC,2026,3,2026_03_TEN_NYG,6.274,37.645,2.5,38.5,
2026-09-25 12:08 UTC,2026,3,2026_03_CIN_PIT,-0.181,45.514,-3.5,42.5,
2026-09-25 12:08 UTC,2026,3,2026_03_SEA_WAS,-6.039,39.227,-7.5,40.5,
2026-09-25 12:08 UTC,2026,3,2026_03_ARI_SF,10.501,49.246,8.5,47.5,
2026-09-25 12:08 UTC,2026,3,2026_03_MIN_TB,-0.369,43.608,-1.5,42.5,
2026-09-25 12:08 UTC,2026,3,2026_03_BAL_DAL,-2.221,53.795,-3.5,53.5,
2026-09-25 12:08 UTC,2026,3,2026_03_LV_NO,3.236,44.566,3.0,43.5,
2026-09-25 12:08 UTC,2026,3,2026_03_LA_DEN,0.149,43.817,-2.5,44.5,
2026-09-25 12:08 UTC,2026,3,2026_03_PHI_CHI,-3.475,46.111,-4.5,41.5,
2026-09-25 13:54 UTC,2026,3,2026_03_LAC_BUF,7.035,46.565,7.0,50.5,
2026-09-25 13:54 UTC,2026,3,2026_03_CAR_CLE,0.101,45.11,-2.5,42.5,
2026-09-25 13:54 UTC,2026,3,2026_03_NYJ_DET,7.351,52.335,6.5,47.5,
2026-09-25 13:54 UTC,2026,3,2026_03_HOU_IND,-1.469,45.928,-1.5,42.5,
2026-09-25 13:54 UTC,2026,3,2026_03_NE_JAX,2.965,44.226,3.0,46.5,
2026-09-25 13:54 UTC,2026,3,2026_03_KC_MIA,-6.461,48.182,-10.5,45.5,MIA +10.5
2026-09-25 13:54 UTC,2026,3,2026_03_TEN_NYG,5.301,36.272,2.5,38.5,
2026-09-25 13:54 UTC,2026,3,2026_03_CIN_PIT,-0.181,42.766,-3.5,42.5,
2026-09-25 13:54 UTC,2026,3,2026_03_SEA_WAS,-6.039,40.672,-7.5,40.5,
2026-09-25 13:54 UTC,2026,3,2026_03_ARI_SF,10.501,50.587,8.5,47.5,
2026-09-25 13:54 UTC,2026,3,2026_03_MIN_TB,-0.369,41.869,-1.5,42.5,
2026-09-25 13:54 UTC,2026,3,2026_03_BAL_DAL,-2.221,54.788,-3.5,53.5,
2026-09-25 13:54 UTC,2026,3,2026_03_LV_NO,3.236,45.716,3.0,43.5,
2026-09-25 13:54 UTC,2026,3,2026_03_LA_DEN,0.149,42.113,-2.5,44.5,
2026-09-25 13:54 UTC,2026,3,2026_03_PHI_CHI,-3.313,44.808,-4.5,41.5,
2026-09-25 15:14 UTC,2026,3,2026_03_LAC_BUF,7.035,46.565,7.0,50.5,
2026-09-25 15:14 UTC,2026,3,2026_03_CAR_CLE,0.101,45.11,-2.5,42.5,
2026-09-25 15:14 UTC,2026,3,2026_03_NYJ_DET,7.351,52.335,6.5,48.5,
2026-09-25 15:14 UTC,2026,3,2026_03_HOU_IND,-1.469,45.928,-1.5,42.5,
2026-09-25 15:14 UTC,2026,3,2026_03_NE_JAX,2.965,44.226,3.0,45.5,
2026-09-25 15:14 UTC,2026,3,2026_03_KC_MIA,-6.461,48.182,-10.5,45.5,MIA +10.5
2026-09-25 15:14 UTC,2026,3,2026_03_TEN_NYG,5.301,36.272,2.5,38.5,
2026-09-25 15:14 UTC,2026,3,2026_03_CIN_PIT,-0.181,42.766,-3.5,42.5,
2026-09-25 15:14 UTC,2026,3,2026_03_SEA_WAS,-6.039,40.672,-7.5,40.5,
2026-09-25 15:14 UTC,2026,3,2026_03_ARI_SF,10.501,50.587,8.5,48.5,
2026-09-25 15:14 UTC,2026,3,2026_03_MIN_TB,-0.369,41.869,-1.5,42.5,
2026-09-25 15:14 UTC,2026,3,2026_03_BAL_DAL,-2.221,54.788,-3.5,53.5,
2026-09-25 15:14 UTC,2026,3,2026_03_LV_NO,3.236,45.716,3.0,43.5,
2026-09-25 15:14 UTC,2026,3,2026_03_LA_DEN,-0.006,44.744,-2.5,43.5,
2026-09-25 15:14 UTC,2026,3,2026_03_PHI_CHI,-3.475,45.493,-4.5,41.5,
2026-09-25 16:14 UTC,2026,3,2026_03_LAC_BUF,7.035,46.565,7.0,50.5,
2026-09-25 16:14 UTC,2026,3,2026_03_CAR_CLE,0.101,45.11,-2.5,42.5,
2026-09-25 16:14 UTC,2026,3,2026_03_NYJ_DET,7.351,52.335,6.5,47.5,
2026-09-25 16:14 UTC,2026,3,2026_03_HOU_IND,-1.469,45.928,-1.5,42.5,
2026-09-25 16:14 UTC,2026,3,2026_03_NE_JAX,2.965,44.226,3.0,45.5,
2026-09-25 16:14 UTC,2026,3,2026_03_KC_MIA,-6.461,48.182,-10.5,45.5,MIA +10.5
2026-09-25 16:14 UTC,2026,3,2026_03_TEN_NYG,5.301,36.272,2.5,38.5,
2026-09-25 16:14 UTC,2026,3,2026_03_CIN_PIT,-0.181,42.766,-3.5,42.5,
2026-09-25 16:14 UTC,2026,3,2026_03_SEA_WAS,-6.039,40.672,-7.5,40.5,
2026-09-25 16:14 UTC,2026,3,2026_03_ARI_SF,10.501,50.587,8.5,48.5,
2026-09-25 16:14 UTC,2026,3,2026_03_MIN_TB,-0.369,41.869,-1.5,42.5,
2026-09-25 16:14 UTC,2026,3,2026_03_BAL_DAL,-2.221,54.788,-3.5,53.5,
2026-09-25 16:14 UTC,2026,3,2026_03_LV_NO,3.236,45.716,3.0,43.5,
2026-09-25 16:14 UTC,2026,3,2026_03_LA_DEN,-0.006,44.744,-2.5,43.5,
2026-09-25 16:14 UTC,2026,3,2026_03_PHI_CHI,-3.475,45.493,-4.5,41.5,
2026-09-25 16:35 UTC,2026,3,2026_03_LAC_BUF,7.035,46.565,7.0,50.5,
2026-09-25 16:35 UTC,2026,3,2026_03_CAR_CLE,0.101,45.11,-2.5,42.5,
2026-09-25 16:35 UTC,2026,3,2026_03_NYJ_DET,7.351,52.335,6.5,47.5,
2026-09-25 16:35 UTC,2026,3,2026_03_HOU_IND,-1.469,45.928,-1.5,42.5,
2026-09-25 16:35 UTC,2026,3,2026_03_NE_JAX,2.965,44.226,3.0,45.5,
2026-09-25 16:35 UTC,2026,3,2026_03_KC_MIA,-6.461,48.182,-10.5,45.5,MIA +10.5
2026-09-25 16:35 UTC,2026,3,2026_03_TEN_NYG,5.301,36.272,2.5,38.5,
2026-09-25 16:35 UTC,2026,3,2026_03_CIN_PIT,-0.181,42.766,-3.5,42.5,
2026-09-25 16:35 UTC,2026,3,2026_03_SEA_WAS,-6.039,40.672,-7.5,40.5,
2026-09-25 16:35 UTC,2026,3,2026_03_ARI_SF,10.501,50.587,8.5,48.5,
2026-09-25 16:35 UTC,2026,3,2026_03_MIN_TB,-0.369,41.869,-1.5,42.5,
2026-09-25 16:35 UTC,2026,3,2026_03_BAL_DAL,-2.221,54.788,-3.5,53.5,
2026-09-25 16:35 UTC,2026,3,2026_03_LV_NO,3.236,45.716,3.0,43.5,
2026-09-25 16:35 UTC,2026,3,2026_03_LA_DEN,0.149,42.113,-2.5,43.5,
2026-09-25 16:35 UTC,2026,3,2026_03_PHI_CHI,-3.475,45.493,-4.5,41.5,
2026-09-25 17:14 UTC,2026,3,2026_03_LAC_BUF,7.035,46.565,7.0,50.5,
2026-09-25 17:14 UTC,2026,3,2026_03_CAR_CLE,0.101,45.11,-2.5,42.5,
2026-09-25 17:14 UTC,2026,3,2026_03_NYJ_DET,7.351,52.335,6.5,47.5,
2026-09-25 17:14 UTC,2026,3,2026_03_HOU_IND,-1.469,45.928,-1.5,42.5,
2026-09-25 17:14 UTC,2026,3,2026_03_NE_JAX,2.965,44.226,3.0,45.5,
2026-09-25 17:14 UTC,2026,3,2026_03_KC_MIA,-6.461,48.182,-10.5,45.5,MIA +10.5
2026-09-25 17:14 UTC,2026,3,2026_03_TEN_NYG,5.301,36.272,2.5,38.5,
2026-09-25 17:14 UTC,2026,3,2026_03_CIN_PIT,-0.181,42.766,-3.5,42.5,
2026-09-25 17:14 UTC,2026,3,2026_03_SEA_WAS,-6.039,40.672,-7.5,40.5,
2026-09-25 17:14 UTC,2026,3,2026_03_ARI_SF,10.501,50.587,8.5,47.5,
2026-09-25 17:14 UTC,2026,3,2026_03_MIN_TB,-0.369,41.869,-1.5,42.5,
2026-09-25 17:14 UTC,2026,3,2026_03_BAL_DAL,-2.221,54.788,-3.5,53.5,
2026-09-25 17:14 UTC,2026,3,2026_03_LV_NO,3.236,45.716,3.0,43.5,
2026-09-25 17:14 UTC,2026,3,2026_03_LA_DEN,-0.006,44.744,-2.5,43.5,
2026-09-25 17:14 UTC,2026,3,2026_03_PHI_CHI,-3.475,45.493,-4.5,41.5,
2026-09-25 18:17 UTC,2026,3,2026_03_LAC_BUF,7.017,46.702,7.0,50.5,
2026-09-25 18:17 UTC,2026,3,2026_03_CAR_CLE,0.22,44.918,-2.5,42.5,
2026-09-25 18:17 UTC,2026,3,2026_03_NYJ_DET,7.334,52.335,6.5,47.5,
2026-09-25 18:17 UTC,2026,3,2026_03_HOU_IND,-1.504,45.874,-1.5,42.5,
2026-09-25 18:17 UTC,2026,3,2026_03_NE_JAX,2.885,43.87,3.0,45.5,
2026-09-25 18:17 UTC,2026,3,2026_03_KC_MIA,-6.486,48.319,-10.5,45.5,MIA +10.5
2026-09-25 18:17 UTC,2026,3,2026_03_TEN_NYG,5.266,37.259,2.5,38.5,
2026-09-25 18:17 UTC,2026,3,2026_03_CIN_PIT,-0.186,42.602,-3.5,42.5,
2026-09-25 18:17 UTC,2026,3,2026_03_SEA_WAS,-6.253,41.851,-7.5,40.5,
2026-09-25 18:17 UTC,2026,3,2026_03_ARI_SF,10.495,50.834,8.5,47.5,
2026-09-25 18:17 UTC,2026,3,2026_03_MIN_TB,-0.333,41.897,-1.5,42.5,
2026-09-25 18:17 UTC,2026,3,2026_03_BAL_DAL,-2.19,54.87,-3.5,53.5,
2026-09-25 18:17 UTC,2026,3,2026_03_LV_NO,3.24,45.716,3.0,43.5,
2026-09-25 18:17 UTC,2026,3,2026_03_LA_DEN,0.123,40.579,-2.5,43.5,
2026-09-25 18:17 UTC,2026,3,2026_03_PHI_CHI,-3.435,45.466,-4.5,41.5,
2026-09-25 19:11 UTC,2026,3,2026_03_LAC_BUF,7.035,46.702,7.0,50.5,
2026-09-25 19:11 UTC,2026,3,2026_03_CAR_CLE,0.134,44.918,-2.5,42.5,
2026-09-25 19:11 UTC,2026,3,2026_03_NYJ_DET,7.351,52.335,6.5,47.5,
2026-09-25 19:11 UTC,2026,3,2026_03_HOU_IND,-1.469,45.874,-1.5,42.5,
2026-09-25 19:11 UTC,2026,3,2026_03_NE_JAX,2.909,43.87,3.0,45.5,
2026-09-25 19:11 UTC,2026,3,2026_03_KC_MIA,-6.466,48.319,-10.5,45.5,MIA +10.5
2026-09-25 19:11 UTC,2026,3,2026_03_TEN_NYG,5.301,37.259,2.5,38.5,
2026-09-25 19:11 UTC,2026,3,2026_03_CIN_PIT,-0.181,42.602,-3.5,42.5,
2026-09-25 19:11 UTC,2026,3,2026_03_SEA_WAS,-6.191,41.851,-7.5,40.5,
2026-09-25 19:11 UTC,2026,3,2026_03_ARI_SF,10.501,50.834,8.5,47.5,
2026-09-25 19:11 UTC,2026,3,2026_03_MIN_TB,-0.369,41.897,-1.5,42.5,
2026-09-25 19:11 UTC,2026,3,2026_03_BAL_DAL,-2.221,54.87,-3.5,53.5,
2026-09-25 19:11 UTC,2026,3,2026_03_LV_NO,3.236,45.716,3.0,43.5,
2026-09-25 19:11 UTC,2026,3,2026_03_LA_DEN,0.149,40.579,-2.5,43.5,
2026-09-25 19:11 UTC,2026,3,2026_03_PHI_CHI,-3.463,45.466,-4.5,41.5,
2026-09-25 20:12 UTC,2026,3,2026_03_LAC_BUF,7.035,46.483,7.0,50.5,
2026-09-25 20:12 UTC,2026,3,2026_03_CAR_CLE,0.134,44.699,-2.5,42.5,
2026-09-25 20:12 UTC,2026,3,2026_03_NYJ_DET,7.351,52.335,6.5,48.5,
2026-09-25 20:12 UTC,2026,3,2026_03_HOU_IND,-1.469,45.737,-1.5,42.5,
2026-09-25 20:12 UTC,2026,3,2026_03_NE_JAX,2.965,44.281,3.0,45.5,
2026-09-25 20:12 UTC,2026,3,2026_03_KC_MIA,-6.461,48.182,-10.5,45.5,MIA +10.5
2026-09-25 20:12 UTC,2026,3,2026_03_TEN_NYG,5.301,37.368,2.5,38.5,
2026-09-25 20:12 UTC,2026,3,2026_03_CIN_PIT,-0.181,42.218,-3.5,42.5,
2026-09-25 20:12 UTC,2026,3,2026_03_SEA_WAS,-6.09,41.467,-7.5,40.5,
2026-09-25 20:12 UTC,2026,3,2026_03_ARI_SF,10.501,50.834,8.5,47.5,
2026-09-25 20:12 UTC,2026,3,2026_03_MIN_TB,-0.369,41.897,-1.5,42.5,
2026-09-25 20:12 UTC,2026,3,2026_03_BAL_DAL,-2.221,54.87,-3.5,53.5,
2026-09-25 20:12 UTC,2026,3,2026_03_LV_NO,3.236,45.716,3.0,43.5,
2026-09-25 20:12 UTC,2026,3,2026_03_LA_DEN,0.149,40.579,-2.5,43.5,
2026-09-25 20:12 UTC,2026,3,2026_03_PHI_CHI,-3.463,45.466,-4.5,41.5,
2026-09-25 20:31 UTC,2026,3,2026_03_LAC_BUF,7.024,46.483,7.0,50.5,
2026-09-25 20:31 UTC,2026,3,2026_03_CAR_CLE,0.178,44.699,-2.5,42.5,
2026-09-25 20:31 UTC,2026,3,2026_03_NYJ_DET,7.344,52.335,6.5,48.5,
2026-09-25 20:31 UTC,2026,3,2026_03_HOU_IND,-1.505,45.737,-1.5,42.5,
2026-09-25 20:31 UTC,2026,3,2026_03_NE_JAX,2.97,44.281,3.0,45.5,
2026-09-25 20:31 UTC,2026,3,2026_03_KC_MIA,-6.483,48.182,-10.5,45.5,MIA +10.5
2026-09-25 20:31 UTC,2026,3,2026_03_TEN_NYG,5.294,37.368,2.5,38.5,
2026-09-25 20:31 UTC,2026,3,2026_03_CIN_PIT,-0.194,42.218,-3.5,42.5,
2026-09-25 20:31 UTC,2026,3,2026_03_SEA_WAS,-6.072,41.467,-7.5,40.5,
2026-09-25 20:31 UTC,2026,3,2026_03_ARI_SF,10.484,50.834,8.5,47.5,
2026-09-25 20:31 UTC,2026,3,2026_03_MIN_TB,-0.366,41.897,-1.5,42.5,
2026-09-25 20:31 UTC,2026,3,2026_03_BAL_DAL,-2.167,54.87,-3.5,53.5,
2026-09-25 20:31 UTC,2026,3,2026_03_LV_NO,3.236,45.716,3.0,43.5,
2026-09-25 20:31 UTC,2026,3,2026_03_LA_DEN,0.147,40.579,-2.5,43.5,
2026-09-25 20:31 UTC,2026,3,2026_03_PHI_CHI,-3.469,45.466,-4.5,41.5,
2026-09-25 21:14 UTC,2026,3,2026_03_LAC_BUF,7.035,46.483,7.0,50.5,
2026-09-25 21:14 UTC,2026,3,2026_03_CAR_CLE,0.134,44.699,-2.5,42.5,
2026-09-25 21:14 UTC,2026,3,2026_03_NYJ_DET,7.351,52.335,6.5,48.5,
2026-09-25 21:14 UTC,2026,3,2026_03_HOU_IND,-1.469,45.737,-1.5,42.5,
2026-09-25 21:14 UTC,2026,3,2026_03_NE_JAX,2.965,44.281,3.0,45.5,
2026-09-25 21:14 UTC,2026,3,2026_03_KC_MIA,-6.461,48.182,-10.5,45.5,MIA +10.5
2026-09-25 21:14 UTC,2026,3,2026_03_TEN_NYG,5.301,37.368,2.5,38.5,
2026-09-25 21:14 UTC,2026,3,2026_03_CIN_PIT,-0.181,42.218,-3.5,42.5,
2026-09-25 21:14 UTC,2026,3,2026_03_SEA_WAS,-5.68,45.349,-7.5,40.5,
2026-09-25 21:14 UTC,2026,3,2026_03_ARI_SF,10.501,50.834,8.5,47.5,
2026-09-25 21:14 UTC,2026,3,2026_03_MIN_TB,-0.369,41.897,-1.5,42.5,
2026-09-25 21:14 UTC,2026,3,2026_03_BAL_DAL,-2.202,54.651,-3.5,53.5,
2026-09-25 21:14 UTC,2026,3,2026_03_LV_NO,3.236,45.716,3.0,43.5,
2026-09-25 21:14 UTC,2026,3,2026_03_LA_DEN,0.149,40.579,-2.5,43.5,
2026-09-25 21:14 UTC,2026,3,2026_03_PHI_CHI,-3.463,45.466,-4.5,41.5,
2026-09-25 22:06 UTC,2026,3,2026_03_LAC_BUF,7.035,46.483,7.0,50.5,
2026-09-25 22:06 UTC,2026,3,2026_03_CAR_CLE,0.134,44.699,-2.5,42.5,
2026-09-25 22:06 UTC,2026,3,2026_03_NYJ_DET,7.351,52.335,6.5,48.5,
2026-09-25 22:06 UTC,2026,3,2026_03_HOU_IND,-1.469,45.737,-1.5,42.5,
2026-09-25 22:06 UTC,2026,3,2026_03_NE_JAX,2.965,44.281,3.0,46.5,
2026-09-25 22:06 UTC,2026,3,2026_03_KC_MIA,-6.461,48.182,-10.5,45.5,MIA +10.5
2026-09-25 22:06 UTC,2026,3,2026_03_TEN_NYG,5.301,37.368,2.5,38.5,
2026-09-25 22:06 UTC,2026,3,2026_03_CIN_PIT,-0.181,42.218,-3.0,42.5,
2026-09-25 22:06 UTC,2026,3,2026_03_SEA_WAS,-5.68,45.349,-7.5,40.5,
2026-09-25 22:06 UTC,2026,3,2026_03_ARI_SF,10.501,50.834,8.5,47.5,
2026-09-25 22:06 UTC,2026,3,2026_03_MIN_TB,-0.369,41.897,-1.5,42.5,
2026-09-25 22:06 UTC,2026,3,2026_03_BAL_DAL,-2.202,54.651,-3.5,53.5,
2026-09-25 22:06 UTC,2026,3,2026_03_LV_NO,3.236,45.716,3.0,43.5,
2026-09-25 22:06 UTC,2026,3,2026_03_LA_DEN,0.149,40.579,-2.5,43.5,
2026-09-25 22:06 UTC,2026,3,2026_03_PHI_CHI,-3.463,45.466,-4.5,41.5,
2026-09-25 23:14 UTC,2026,3,2026_03_LAC_BUF,7.035,46.483,7.0,50.5,
2026-09-25 23:14 UTC,2026,3,2026_03_CAR_CLE,0.134,44.699,-2.5,42.5,
2026-09-25 23:14 UTC,2026,3,2026_03_NYJ_DET,7.351,52.335,6.5,48.5,
2026-09-25 23:14 UTC,2026,3,2026_03_HOU_IND,-1.469,45.737,-1.5,42.5,
2026-09-25 23:14 UTC,2026,3,2026_03_NE_JAX,2.965,44.281,3.0,46.5,
2026-09-25 23:14 UTC,2026,3,2026_03_KC_MIA,-6.461,48.182,-10.5,45.5,MIA +10.5
2026-09-25 23:14 UTC,2026,3,2026_03_TEN_NYG,5.301,37.368,2.5,38.5,
2026-09-25 23:14 UTC,2026,3,2026_03_CIN_PIT,-0.181,42.218,-3.5,42.5,
2026-09-25 23:14 UTC,2026,3,2026_03_SEA_WAS,-5.68,45.349,-7.5,40.5,
2026-09-25 23:14 UTC,2026,3,2026_03_ARI_SF,10.501,50.834,8.5,47.5,
2026-09-25 23:14 UTC,2026,3,2026_03_MIN_TB,-0.369,41.897,-1.5,42.5,
2026-09-25 23:14 UTC,2026,3,2026_03_BAL_DAL,-2.221,54.87,-3.5,53.5,
2026-09-25 23:14 UTC,2026,3,2026_03_LV_NO,3.236,45.716,3.0,43.5,
2026-09-25 23:14 UTC,2026,3,2026_03_LA_DEN,0.149,40.579,-2.5,43.5,
2026-09-25 23:14 UTC,2026,3,2026_03_PHI_CHI,-3.463,45.466,-4.5,41.5,
2026-09-26 01:16 UTC,2026,3,2026_03_LAC_BUF,7.035,46.4,7.0,49.5,
2026-09-26 01:16 UTC,2026,3,2026_03_CAR_CLE,0.134,44.699,-2.5,42.5,
2026-09-26 01:16 UTC,2026,3,2026_03_NYJ_DET,7.351,52.335,6.5,48.5,
2026-09-26 01:16 UTC,2026,3,2026_03_HOU_IND,-1.469,45.819,-1.5,42.5,
2026-09-26 01:16 UTC,2026,3,2026_03_NE_JAX,2.965,44.527,3.0,46.5,
2026-09-26 01:16 UTC,2026,3,2026_03_KC_MIA,-6.461,48.154,-10.0,45.5,
2026-09-26 01:16 UTC,2026,3,2026_03_TEN_NYG,5.301,36.875,2.5,38.5,
2026-09-26 01:16 UTC,2026,3,2026_03_CIN_PIT,-0.181,42.273,-3.5,42.5,
2026-09-26 01:16 UTC,2026,3,2026_03_SEA_WAS,-5.629,45.102,-7.5,40.5,
2026-09-26 01:16 UTC,2026,3,2026_03_ARI_SF,10.489,50.45,8.5,47.5,
2026-09-26 01:16 UTC,2026,3,2026_03_MIN_TB,-0.369,42.061,-1.5,42.5,
2026-09-26 01:16 UTC,2026,3,2026_03_BAL_DAL,-2.202,54.651,-3.5,53.5,
2026-09-26 01:16 UTC,2026,3,2026_03_LV_NO,3.236,45.716,3.0,43.5,
2026-09-26 01:16 UTC,2026,3,2026_03_LA_DEN,0.149,41.428,-2.5,44.5,
2026-09-26 01:16 UTC,2026,3,2026_03_PHI_CHI,-3.463,45.301,-4.5,41.5,
2026-09-26 04:15 UTC,2026,3,2026_03_LAC_BUF,7.035,46.702,7.0,50.5,
2026-09-26 04:15 UTC,2026,3,2026_03_CAR_CLE,0.134,44.617,-2.5,42.5,
2026-09-26 04:15 UTC,2026,3,2026_03_NYJ_DET,7.351,52.335,6.5,48.5,
2026-09-26 04:15 UTC,2026,3,2026_03_HOU_IND,-1.469,45.654,-1.5,42.5,
2026-09-26 04:15 UTC,2026,3,2026_03_NE_JAX,2.947,44.911,3.0,46.5,
2026-09-26 04:15 UTC,2026,3,2026_03_KC_MIA,-6.461,47.907,-10.0,45.5,
2026-09-26 04:15 UTC,2026,3,2026_03_TEN_NYG,5.301,35.943,2.5,38.5,
2026-09-26 04:15 UTC,2026,3,2026_03_CIN_PIT,-0.157,41.807,-3.5,42.5,
2026-09-26 04:15 UTC,2026,3,2026_03_SEA_WAS,-6.268,42.316,-7.5,40.5,
2026-09-26 04:15 UTC,2026,3,2026_03_ARI_SF,10.489,50.368,8.5,47.5,
2026-09-26 04:15 UTC,2026,3,2026_03_MIN_TB,-0.421,42.993,-1.5,42.5,
2026-09-26 04:15 UTC,2026,3,2026_03_BAL_DAL,-2.196,54.213,-3.5,53.5,
2026-09-26 04:15 UTC,2026,3,2026_03_LV_NO,3.236,45.716,3.0,43.5,
2026-09-26 04:15 UTC,2026,3,2026_03_LA_DEN,0.149,41.647,-2.5,44.5,
2026-09-26 04:15 UTC,2026,3,2026_03_PHI_CHI,-3.463,45.301,-4.5,41.5,
2026-09-26 06:16 UTC,2026,3,2026_03_LAC_BUF,7.157,46.702,7.0,50.5,
2026-09-26 06:16 UTC,2026,3,2026_03_CAR_CLE,0.699,44.617,-2.5,42.5,
2026-09-26 06:16 UTC,2026,3,2026_03_NYJ_DET,6.988,52.335,6.5,48.5,
2026-09-26 06:16 UTC,2026,3,2026_03_HOU_IND,-1.359,45.654,-1.5,42.5,
2026-09-26 06:16 UTC,2026,3,2026_03_NE_JAX,3.187,44.911,3.0,46.5,
2026-09-26 06:16 UTC,2026,3,2026_03_KC_MIA,-6.825,47.907,-10.0,45.5,
2026-09-26 06:16 UTC,2026,3,2026_03_TEN_NYG,5.18,39.825,2.5,38.5,
2026-09-26 06:16 UTC,2026,3,2026_03_CIN_PIT,-0.864,41.807,-3.5,42.5,
2026-09-26 06:16 UTC,2026,3,2026_03_SEA_WAS,-7.385,44.665,-7.5,40.5,
2026-09-26 06:16 UTC,2026,3,2026_03_ARI_SF,9.399,50.368,8.5,47.5,
2026-09-26 06:16 UTC,2026,3,2026_03_MIN_TB,-1.319,42.993,-1.5,42.5,
2026-09-26 06:16 UTC,2026,3,2026_03_BAL_DAL,-2.037,54.213,-3.5,53.5,
2026-09-26 06:16 UTC,2026,3,2026_03_LV_NO,3.473,45.716,3.0,43.5,
2026-09-26 06:16 UTC,2026,3,2026_03_LA_DEN,2.103,41.62,-2.5,44.5,DEN +2.5
2026-09-26 06:16 UTC,2026,3,2026_03_PHI_CHI,-3.313,44.808,-4.5,41.5,
2026-09-26 09:12 UTC,2026,3,2026_03_LAC_BUF,7.157,46.894,7.0,50.5,
2026-09-26 09:12 UTC,2026,3,2026_03_CAR_CLE,0.699,44.754,-2.5,42.5,
2026-09-26 09:12 UTC,2026,3,2026_03_NYJ_DET,6.988,52.335,6.5,48.5,
2026-09-26 09:12 UTC,2026,3,2026_03_HOU_IND,-1.359,45.682,-1.5,42.5,
2026-09-26 09:12 UTC,2026,3,2026_03_NE_JAX,3.187,44.993,3.0,46.5,
2026-09-26 09:12 UTC,2026,3,2026_03_KC_MIA,-6.83,48.373,-10.0,45.5,
2026-09-26 09:12 UTC,2026,3,2026_03_TEN_NYG,5.18,40.537,2.5,37.5,
2026-09-26 09:12 UTC,2026,3,2026_03_CIN_PIT,-0.82,42.191,-3.5,42.5,
2026-09-26 09:12 UTC,2026,3,2026_03_SEA_WAS,-7.191,43.706,-7.5,40.5,
2026-09-26 09:12 UTC,2026,3,2026_03_ARI_SF,9.399,50.148,8.5,47.5,
2026-09-26 09:12 UTC,2026,3,2026_03_MIN_TB,-1.319,42.993,-1.5,42.5,
2026-09-26 09:12 UTC,2026,3,2026_03_BAL_DAL,-2.062,55.199,-3.5,53.5,
2026-09-26 09:12 UTC,2026,3,2026_03_LV_NO,3.473,45.716,3.0,43.5,
2026-09-26 09:12 UTC,2026,3,2026_03_LA_DEN,1.874,44.744,-2.5,44.5,DEN +2.5
2026-09-26 09:12 UTC,2026,3,2026_03_PHI_CHI,-3.463,45.384,-4.5,41.5,
2026-09-26 11:14 UTC,2026,3,2026_03_LAC_BUF,7.176,46.894,7.0,50.5,
2026-09-26 11:14 UTC,2026,3,2026_03_CAR_CLE,0.728,44.754,-2.5,42.5,
2026-09-26 11:14 UTC,2026,3,2026_03_NYJ_DET,6.985,52.335,6.5,48.5,
2026-09-26 11:14 UTC,2026,3,2026_03_HOU_IND,-1.371,45.682,-1.5,42.5,
2026-09-26 11:14 UTC,2026,3,2026_03_NE_JAX,3.191,44.993,3.0,46.5,
2026-09-26 11:14 UTC,2026,3,2026_03_KC_MIA,-6.847,48.373,-10.0,45.5,
2026-09-26 11:14 UTC,2026,3,2026_03_TEN_NYG,5.173,40.537,2.5,37.5,
2026-09-26 11:14 UTC,2026,3,2026_03_CIN_PIT,-0.846,42.191,-3.5,42.5,
2026-09-26 11:14 UTC,2026,3,2026_03_SEA_WAS,-7.155,43.706,-7.5,40.5,
2026-09-26 11:14 UTC,2026,3,2026_03_ARI_SF,9.364,50.148,8.5,47.5,
2026-09-26 11:14 UTC,2026,3,2026_03_MIN_TB,-1.321,42.993,-1.5,42.5,
2026-09-26 11:14 UTC,2026,3,2026_03_BAL_DAL,-2.01,55.199,-3.5,53.5,
2026-09-26 11:14 UTC,2026,3,2026_03_LV_NO,3.483,45.716,3.0,43.5,
2026-09-26 11:14 UTC,2026,3,2026_03_LA_DEN,2.092,43.182,-2.5,44.5,DEN +2.5
2026-09-26 11:14 UTC,2026,3,2026_03_PHI_CHI,-3.469,45.384,-4.5,41.5,
2026-09-26 14:14 UTC,2026,3,2026_03_LAC_BUF,7.157,47.003,7.0,50.5,
2026-09-26 14:14 UTC,2026,3,2026_03_CAR_CLE,0.666,45.165,-2.5,42.5,
2026-09-26 14:14 UTC,2026,3,2026_03_NYJ_DET,6.988,52.335,6.5,48.5,
2026-09-26 14:14 UTC,2026,3,2026_03_HOU_IND,-1.359,45.682,-1.5,42.5,
2026-09-26 14:14 UTC,2026,3,2026_03_NE_JAX,3.187,45.514,3.0,46.5,
2026-09-26 14:14 UTC,2026,3,2026_03_KC_MIA,-6.825,47.825,-10.0,45.5,
2026-09-26 14:14 UTC,2026,3,2026_03_TEN_NYG,5.18,39.77,2.5,37.5,
2026-09-26 14:14 UTC,2026,3,2026_03_CIN_PIT,-0.82,42.108,-3.5,42.5,
2026-09-26 14:14 UTC,2026,3,2026_03_SEA_WAS,-7.191,43.432,-7.5,40.5,
2026-09-26 14:14 UTC,2026,3,2026_03_ARI_SF,9.399,50.176,8.5,47.5,
2026-09-26 14:14 UTC,2026,3,2026_03_MIN_TB,-1.319,42.911,-1.5,42.5,
2026-09-26 14:14 UTC,2026,3,2026_03_BAL_DAL,-2.084,56.268,-3.5,53.5,
2026-09-26 14:14 UTC,2026,3,2026_03_LV_NO,3.473,45.716,3.0,43.5,
2026-09-26 14:14 UTC,2026,3,2026_03_LA_DEN,2.103,42.524,-2.5,44.5,DEN +2.5
2026-09-26 14:14 UTC,2026,3,2026_03_PHI_CHI,-3.475,45.521,-4.5,41.5,
2026-09-26 14:33 UTC,2026,3,2026_03_LAC_BUF,7.089,48.977,7.0,50.5,
2026-09-26 14:33 UTC,2026,3,2026_03_CAR_CLE,0.613,46.508,-2.5,42.5,
2026-09-26 14:33 UTC,2026,3,2026_03_NYJ_DET,6.988,52.335,6.5,48.5,
2026-09-26 14:33 UTC,2026,3,2026_03_HOU_IND,-1.359,45.682,-1.5,42.5,
2026-09-26 14:33 UTC,2026,3,2026_03_NE_JAX,3.187,45.514,3.0,46.5,
2026-09-26 14:33 UTC,2026,3,2026_03_KC_MIA,-6.825,47.825,-10.0,45.5,
2026-09-26 14:33 UTC,2026,3,2026_03_TEN_NYG,5.18,39.77,2.5,37.5,
2026-09-26 14:33 UTC,2026,3,2026_03_CIN_PIT,-0.82,42.108,-3.5,42.5,
2026-09-26 14:33 UTC,2026,3,2026_03_SEA_WAS,-7.191,43.432,-7.5,40.5,
2026-09-26 14:33 UTC,2026,3,2026_03_ARI_SF,9.399,50.176,8.5,47.5,
2026-09-26 14:33 UTC,2026,3,2026_03_MIN_TB,-1.319,42.911,-1.5,42.5,
2026-09-26 14:33 UTC,2026,3,2026_03_BAL_DAL,-2.084,56.268,-3.5,53.5,
2026-09-26 14:33 UTC,2026,3,2026_03_LV_NO,3.473,45.716,3.0,43.5,
2026-09-26 14:33 UTC,2026,3,2026_03_LA_DEN,2.103,42.524,-2.5,44.5,DEN +2.5
2026-09-26 14:33 UTC,2026,3,2026_03_PHI_CHI,-3.475,45.521,-4.5,41.5,
2026-09-26 17:15 UTC,2026,3,2026_03_LAC_BUF,7.157,47.003,7.0,50.5,
2026-09-26 17:15 UTC,2026,3,2026_03_CAR_CLE,0.666,45.165,-2.5,42.5,
2026-09-26 17:15 UTC,2026,3,2026_03_NYJ_DET,6.988,52.335,6.5,48.5,
2026-09-26 17:15 UTC,2026,3,2026_03_HOU_IND,-1.359,45.682,-1.5,42.5,
2026-09-26 17:15 UTC,2026,3,2026_03_NE_JAX,3.187,45.514,3.0,46.5,
2026-09-26 17:15 UTC,2026,3,2026_03_KC_MIA,-6.825,47.825,-10.0,45.5,
2026-09-26 17:15 UTC,2026,3,2026_03_TEN_NYG,5.18,39.77,2.5,37.5,
2026-09-26 17:15 UTC,2026,3,2026_03_CIN_PIT,-0.82,42.108,-3.5,42.5,
2026-09-26 17:15 UTC,2026,3,2026_03_SEA_WAS,-7.191,43.432,-7.5,40.5,
2026-09-26 17:15 UTC,2026,3,2026_03_ARI_SF,9.399,50.176,8.5,47.5,
2026-09-26 17:15 UTC,2026,3,2026_03_MIN_TB,-1.319,42.911,-1.5,42.5,
2026-09-26 17:15 UTC,2026,3,2026_03_BAL_DAL,-2.084,56.268,-3.5,53.5,
2026-09-26 17:15 UTC,2026,3,2026_03_LV_NO,3.473,45.716,3.0,43.5,
2026-09-26 17:15 UTC,2026,3,2026_03_LA_DEN,2.103,42.524,-2.5,44.5,DEN +2.5
2026-09-26 17:15 UTC,2026,3,2026_03_PHI_CHI,-3.475,45.521,-4.5,41.5,
2026-09-26 17:32 UTC,2026,3,2026_03_LAC_BUF,7.157,47.003,7.0,50.5,
2026-09-26 17:32 UTC,2026,3,2026_03_CAR_CLE,0.666,45.165,-2.5,42.5,
2026-09-26 17:32 UTC,2026,3,2026_03_NYJ_DET,6.988,52.335,6.5,48.5,
2026-09-26 17:32 UTC,2026,3,2026_03_HOU_IND,-1.359,45.682,-1.5,42.5,
2026-09-26 17:32 UTC,2026,3,2026_03_NE_JAX,3.187,45.514,3.0,46.5,
2026-09-26 17:32 UTC,2026,3,2026_03_KC_MIA,-6.825,47.825,-10.0,45.5,
2026-09-26 17:32 UTC,2026,3,2026_03_TEN_NYG,5.18,39.77,2.5,37.5,
2026-09-26 17:32 UTC,2026,3,2026_03_CIN_PIT,-0.82,42.108,-3.5,42.5,
2026-09-26 17:32 UTC,2026,3,2026_03_SEA_WAS,-7.191,43.432,-7.5,40.5,
2026-09-26 17:32 UTC,2026,3,2026_03_ARI_SF,9.399,50.176,8.5,47.5,
2026-09-26 17:32 UTC,2026,3,2026_03_MIN_TB,-1.319,42.911,-1.5,42.5,
2026-09-26 17:32 UTC,2026,3,2026_03_BAL_DAL,-2.084,56.268,-3.5,53.5,
2026-09-26 17:32 UTC,2026,3,2026_03_LV_NO,3.473,45.716,3.0,43.5,
2026-09-26 17:32 UTC,2026,3,2026_03_LA_DEN,1.874,44.744,-2.5,44.5,DEN +2.5
2026-09-26 17:32 UTC,2026,3,2026_03_PHI_CHI,-3.463,45.411,-3.5,42.5,
2026-09-26 17:57 UTC,2026,3,2026_03_LAC_BUF,7.157,47.003,7.0,50.5,
2026-09-26 17:57 UTC,2026,3,2026_03_CAR_CLE,0.666,45.165,-2.5,42.5,
2026-09-26 17:57 UTC,2026,3,2026_03_NYJ_DET,6.988,52.335,6.5,48.5,
2026-09-26 17:57 UTC,2026,3,2026_03_HOU_IND,-1.359,45.682,-1.5,42.5,
2026-09-26 17:57 UTC,2026,3,2026_03_NE_JAX,3.187,45.514,3.0,46.5,
2026-09-26 17:57 UTC,2026,3,2026_03_KC_MIA,-6.825,47.825,-10.0,45.5,
2026-09-26 17:57 UTC,2026,3,2026_03_TEN_NYG,5.18,39.77,2.5,37.5,
2026-09-26 17:57 UTC,2026,3,2026_03_CIN_PIT,-0.82,42.108,-3.5,42.5,
2026-09-26 17:57 UTC,2026,3,2026_03_SEA_WAS,-7.191,43.432,-7.5,40.5,
2026-09-26 17:57 UTC,2026,3,2026_03_ARI_SF,9.399,50.176,8.5,47.5,
2026-09-26 17:57 UTC,2026,3,2026_03_MIN_TB,-1.319,42.911,-1.5,42.5,
2026-09-26 17:57 UTC,2026,3,2026_03_BAL_DAL,-2.084,56.268,-3.5,53.5,
2026-09-26 17:57 UTC,2026,3,2026_03_LV_NO,3.473,45.716,3.0,43.5,
2026-09-26 17:57 UTC,2026,3,2026_03_LA_DEN,2.103,42.524,-2.5,44.5,DEN +2.5
2026-09-26 17:57 UTC,2026,3,2026_03_PHI_CHI,-3.463,45.411,-3.5,42.5,
2026-09-26 18:08 UTC,2026,3,2026_03_LAC_BUF,7.157,47.003,7.0,50.5,
2026-09-26 18:08 UTC,2026,3,2026_03_CAR_CLE,0.666,45.165,-2.5,42.5,
2026-09-26 18:08 UTC,2026,3,2026_03_NYJ_DET,6.988,52.335,6.5,48.5,
2026-09-26 18:08 UTC,2026,3,2026_03_HOU_IND,-1.359,45.682,-1.5,42.5,
2026-09-26 18:08 UTC,2026,3,2026_03_NE_JAX,3.187,45.514,3.0,46.5,
2026-09-26 18:08 UTC,2026,3,2026_03_KC_MIA,-6.825,47.825,-10.0,45.5,
2026-09-26 18:08 UTC,2026,3,2026_03_TEN_NYG,5.18,39.77,2.5,37.5,
2026-09-26 18:08 UTC,2026,3,2026_03_CIN_PIT,-0.82,42.108,-3.5,42.5,
2026-09-26 18:08 UTC,2026,3,2026_03_SEA_WAS,-7.191,43.432,-7.5,40.5,
2026-09-26 18:08 UTC,2026,3,2026_03_ARI_SF,9.399,50.176,8.5,47.5,
2026-09-26 18:08 UTC,2026,3,2026_03_MIN_TB,-1.319,42.911,-1.5,42.5,
2026-09-26 18:08 UTC,2026,3,2026_03_BAL_DAL,-2.084,56.268,-3.5,53.5,
2026-09-26 18:08 UTC,2026,3,2026_03_LV_NO,3.473,45.716,3.0,43.5,
2026-09-26 18:08 UTC,2026,3,2026_03_LA_DEN,2.103,42.524,-2.5,44.5,DEN +2.5
2026-09-26 18:08 UTC,2026,3,2026_03_PHI_CHI,-3.463,45.411,-3.5,42.5,
2026-09-26 18:33 UTC,2026,3,2026_03_ATL_GB,5.04,44.987,4.5,42.5,
2026-09-26 18:33 UTC,2026,3,2026_03_LAC_BUF,7.157,47.003,7.0,50.5,
2026-09-26 18:33 UTC,2026,3,2026_03_CAR_CLE,0.666,45.165,-2.5,42.5,
2026-09-26 18:33 UTC,2026,3,2026_03_NYJ_DET,6.988,52.335,6.5,48.5,
2026-09-26 18:33 UTC,2026,3,2026_03_HOU_IND,-1.359,45.682,-1.5,42.5,
2026-09-26 18:33 UTC,2026,3,2026_03_NE_JAX,3.187,45.514,3.0,46.5,
2026-09-26 18:33 UTC,2026,3,2026_03_KC_MIA,-6.825,47.825,-10.0,45.5,
2026-09-26 18:33 UTC,2026,3,2026_03_TEN_NYG,5.18,39.77,2.5,37.5,
2026-09-26 18:33 UTC,2026,3,2026_03_CIN_PIT,-0.82,42.108,-3.5,42.5,
2026-09-26 18:33 UTC,2026,3,2026_03_SEA_WAS,-7.191,43.432,-7.5,40.5,
2026-09-26 18:33 UTC,2026,3,2026_03_ARI_SF,9.399,50.176,8.5,47.5,
2026-09-26 18:33 UTC,2026,3,2026_03_MIN_TB,-1.319,42.911,-1.5,42.5,
2026-09-26 18:33 UTC,2026,3,2026_03_BAL_DAL,-2.084,56.268,-3.0,53.5,
2026-09-26 18:33 UTC,2026,3,2026_03_LV_NO,3.473,45.716,3.0,43.5,
2026-09-26 18:33 UTC,2026,3,2026_03_LA_DEN,2.103,42.524,-2.5,44.5,DEN +2.5
2026-09-26 18:33 UTC,2026,3,2026_03_PHI_CHI,-3.463,45.411,-3.5,42.5,
2026-09-26 18:48 UTC,2026,3,2026_03_ATL_GB,5.04,44.987,4.5,42.5,
2026-09-26 18:48 UTC,2026,3,2026_03_LAC_BUF,7.157,47.003,7.0,50.5,
2026-09-26 18:48 UTC,2026,3,2026_03_CAR_CLE,0.666,45.165,-2.5,42.5,
2026-09-26 18:48 UTC,2026,3,2026_03_NYJ_DET,6.988,52.335,6.5,48.5,
2026-09-26 18:48 UTC,2026,3,2026_03_HOU_IND,-1.359,45.682,-1.5,42.5,
2026-09-26 18:48 UTC,2026,3,2026_03_NE_JAX,3.187,45.514,3.0,46.5,
2026-09-26 18:48 UTC,2026,3,2026_03_KC_MIA,-6.825,47.825,-10.0,45.5,
2026-09-26 18:48 UTC,2026,3,2026_03_TEN_NYG,5.18,39.77,2.5,37.5,
2026-09-26 18:48 UTC,2026,3,2026_03_CIN_PIT,-0.82,42.108,-3.5,42.5,
2026-09-26 18:48 UTC,2026,3,2026_03_SEA_WAS,-7.191,43.432,-7.5,40.5,
2026-09-26 18:48 UTC,2026,3,2026_03_ARI_SF,9.399,50.176,8.5,47.5,
2026-09-26 18:48 UTC,2026,3,2026_03_MIN_TB,-1.319,42.911,-1.5,42.5,
2026-09-26 18:48 UTC,2026,3,2026_03_BAL_DAL,-2.084,56.268,-3.0,53.5,
2026-09-26 18:48 UTC,2026,3,2026_03_LV_NO,3.473,45.716,3.0,43.5,
2026-09-26 18:48 UTC,2026,3,2026_03_LA_DEN,2.103,42.524,-2.5,44.5,DEN +2.5
2026-09-26 18:48 UTC,2026,3,2026_03_PHI_CHI,-3.313,44.808,-3.5,42.5,
2026-09-26 19:21 UTC,2026,3,2026_03_ATL_GB,5.026,44.987,4.5,42.5,
2026-09-26 19:21 UTC,2026,3,2026_03_LAC_BUF,7.141,47.003,7.0,50.5,
2026-09-26 19:21 UTC,2026,3,2026_03_CAR_CLE,0.766,45.165,-2.5,42.5,
2026-09-26 19:21 UTC,2026,3,2026_03_NYJ_DET,6.993,52.335,6.5,48.5,
2026-09-26 19:21 UTC,2026,3,2026_03_HOU_IND,-1.379,45.682,-1.5,42.5,
2026-09-26 19:21 UTC,2026,3,2026_03_NE_JAX,3.146,45.514,3.0,46.5,
2026-09-26 19:21 UTC,2026,3,2026_03_KC_MIA,-6.911,47.825,-10.0,45.5,
2026-09-26 19:21 UTC,2026,3,2026_03_TEN_NYG,5.224,39.77,2.5,37.5,
2026-09-26 19:21 UTC,2026,3,2026_03_CIN_PIT,-0.832,42.108,-3.5,42.5,
2026-09-26 19:21 UTC,2026,3,2026_03_SEA_WAS,-7.158,43.432,-7.5,40.5,
2026-09-26 19:21 UTC,2026,3,2026_03_ARI_SF,9.362,50.176,8.5,47.5,
2026-09-26 19:21 UTC,2026,3,2026_03_MIN_TB,-1.295,42.911,-1.5,42.5,
2026-09-26 19:21 UTC,2026,3,2026_03_BAL_DAL,-2.016,56.268,-3.0,53.5,
2026-09-26 19:21 UTC,2026,3,2026_03_LV_NO,3.454,45.716,3.0,43.5,
2026-09-26 19:21 UTC,2026,3,2026_03_LA_DEN,2.042,42.524,-2.5,44.5,DEN +2.5
2026-09-26 19:21 UTC,2026,3,2026_03_PHI_CHI,-3.704,44.939,-3.5,42.5,
2026-09-26 19:54 UTC,2026,3,2026_03_ATL_GB,5.04,44.987,4.5,42.5,
2026-09-26 19:54 UTC,2026,3,2026_03_LAC_BUF,7.157,47.003,7.0,49.5,
2026-09-26 19:54 UTC,2026,3,2026_03_CAR_CLE,0.666,45.165,-2.5,42.5,
2026-09-26 19:54 UTC,2026,3,2026_03_NYJ_DET,6.988,52.335,6.5,48.5,
2026-09-26 19:54 UTC,2026,3,2026_03_HOU_IND,-1.359,45.682,-1.5,42.5,
2026-09-26 19:54 UTC,2026,3,2026_03_NE_JAX,3.187,45.514,3.0,46.5,
2026-09-26 19:54 UTC,2026,3,2026_03_KC_MIA,-6.825,47.825,-10.0,45.5,
2026-09-26 19:54 UTC,2026,3,2026_03_TEN_NYG,5.18,39.77,2.5,37.5,
2026-09-26 19:54 UTC,2026,3,2026_03_CIN_PIT,-0.82,42.108,-3.5,42.5,
2026-09-26 19:54 UTC,2026,3,2026_03_SEA_WAS,-7.191,43.432,-7.5,40.5,
2026-09-26 19:54 UTC,2026,3,2026_03_ARI_SF,9.399,50.176,8.5,47.5,
2026-09-26 19:54 UTC,2026,3,2026_03_MIN_TB,-1.319,42.911,-1.5,42.5,
2026-09-26 19:54 UTC,2026,3,2026_03_BAL_DAL,-2.084,56.268,-3.0,53.5,
2026-09-26 19:54 UTC,2026,3,2026_03_LV_NO,3.473,45.716,3.0,43.5,
2026-09-26 19:54 UTC,2026,3,2026_03_LA_DEN,2.103,42.524,-2.5,44.5,DEN +2.5
2026-09-26 19:54 UTC,2026,3,2026_03_PHI_CHI,-3.571,44.336,-3.5,42.5,
2026-09-26 20:10 UTC,2026,3,2026_03_ATL_GB,5.04,44.987,4.5,42.5,
2026-09-26 20:10 UTC,2026,3,2026_03_LAC_BUF,7.157,47.058,7.0,49.5,
2026-09-26 20:10 UTC,2026,3,2026_03_CAR_CLE,0.666,45.247,-2.5,42.5,
2026-09-26 20:10 UTC,2026,3,2026_03_NYJ_DET,6.988,52.335,6.5,48.5,
2026-09-26 20:10 UTC,2026,3,2026_03_HOU_IND,-1.359,45.682,-1.5,42.5,
2026-09-26 20:10 UTC,2026,3,2026_03_NE_JAX,3.187,45.24,3.0,46.5,
2026-09-26 20:10 UTC,2026,3,2026_03_KC_MIA,-6.816,47.743,-10.0,45.5,
2026-09-26 20:10 UTC,2026,3,2026_03_TEN_NYG,5.18,40.455,2.5,37.5,
2026-09-26 20:10 UTC,2026,3,2026_03_CIN_PIT,-0.82,42.136,-3.5,42.5,
2026-09-26 20:10 UTC,2026,3,2026_03_SEA_WAS,-7.307,44.473,-7.5,40.5,
2026-09-26 20:10 UTC,2026,3,2026_03_ARI_SF,9.399,50.231,8.5,47.5,
2026-09-26 20:10 UTC,2026,3,2026_03_MIN_TB,-1.319,42.637,-1.5,42.5,
2026-09-26 20:10 UTC,2026,3,2026_03_BAL_DAL,-2.037,54.131,-3.0,53.5,
2026-09-26 20:10 UTC,2026,3,2026_03_LV_NO,3.473,45.716,3.0,43.5,
2026-09-26 20:10 UTC,2026,3,2026_03_LA_DEN,1.836,45.649,-2.5,44.5,DEN +2.5
2026-09-26 20:10 UTC,2026,3,2026_03_PHI_CHI,-3.72,44.939,-3.5,42.5,
2026-09-26 22:11 UTC,2026,3,2026_03_ATL_GB,5.04,44.987,4.5,42.5,
2026-09-26 22:11 UTC,2026,3,2026_03_LAC_BUF,7.157,47.058,7.0,49.5,
2026-09-26 22:11 UTC,2026,3,2026_03_CAR_CLE,0.666,45.247,-2.5,42.5,
2026-09-26 22:11 UTC,2026,3,2026_03_NYJ_DET,6.988,52.335,6.5,48.5,
2026-09-26 22:11 UTC,2026,3,2026_03_HOU_IND,-1.359,45.682,-1.5,42.5,
2026-09-26 22:11 UTC,2026,3,2026_03_NE_JAX,3.187,45.24,3.0,46.5,
2026-09-26 22:11 UTC,2026,3,2026_03_KC_MIA,-6.816,47.743,-10.0,45.5,
2026-09-26 22:11 UTC,2026,3,2026_03_TEN_NYG,5.18,40.455,2.5,37.5,
2026-09-26 22:11 UTC,2026,3,2026_03_CIN_PIT,-0.82,42.136,-3.5,42.5,
2026-09-26 22:11 UTC,2026,3,2026_03_SEA_WAS,-7.307,44.473,-7.5,40.5,
2026-09-26 22:11 UTC,2026,3,2026_03_ARI_SF,9.399,50.231,8.5,47.5,
2026-09-26 22:11 UTC,2026,3,2026_03_MIN_TB,-1.319,42.637,-1.5,42.5,
2026-09-26 22:11 UTC,2026,3,2026_03_BAL_DAL,-2.037,54.131,-3.0,53.5,
2026-09-26 22:11 UTC,2026,3,2026_03_LV_NO,3.473,45.716,3.0,43.5,
2026-09-26 22:11 UTC,2026,3,2026_03_LA_DEN,1.836,45.649,-2.5,44.5,DEN +2.5
2026-09-26 22:11 UTC,2026,3,2026_03_PHI_CHI,-3.72,44.939,-3.5,42.5,
2026-09-26 23:12 UTC,2026,3,2026_03_ATL_GB,5.04,44.987,4.5,42.5,
2026-09-26 23:12 UTC,2026,3,2026_03_LAC_BUF,7.157,47.058,7.0,49.5,
2026-09-26 23:12 UTC,2026,3,2026_03_CAR_CLE,0.666,45.247,-2.5,42.5,
2026-09-26 23:12 UTC,2026,3,2026_03_NYJ_DET,6.988,52.335,6.5,48.5,
2026-09-26 23:12 UTC,2026,3,2026_03_HOU_IND,-1.359,45.682,-1.5,42.5,
2026-09-26 23:12 UTC,2026,3,2026_03_NE_JAX,3.187,45.24,3.0,46.5,
2026-09-26 23:12 UTC,2026,3,2026_03_KC_MIA,-6.816,47.743,-10.0,45.5,
2026-09-26 23:12 UTC,2026,3,2026_03_TEN_NYG,5.18,40.455,2.5,37.5,
2026-09-26 23:12 UTC,2026,3,2026_03_CIN_PIT,-0.82,42.136,-3.5,42.5,
2026-09-26 23:12 UTC,2026,3,2026_03_SEA_WAS,-7.307,44.473,-7.5,40.5,
2026-09-26 23:12 UTC,2026,3,2026_03_ARI_SF,9.399,50.231,8.5,47.5,
2026-09-26 23:12 UTC,2026,3,2026_03_MIN_TB,-1.319,42.637,-1.5,42.5,
2026-09-26 23:12 UTC,2026,3,2026_03_BAL_DAL,-2.037,54.131,-3.0,53.5,
2026-09-26 23:12 UTC,2026,3,2026_03_LV_NO,3.473,45.716,3.0,43.5,
2026-09-26 23:12 UTC,2026,3,2026_03_LA_DEN,1.836,45.649,-2.5,44.5,DEN +2.5
2026-09-26 23:12 UTC,2026,3,2026_03_PHI_CHI,-3.72,44.939,-3.5,42.5,
2026-09-26 23:30 UTC,2026,3,2026_03_ATL_GB,5.04,44.987,4.5,42.5,
2026-09-26 23:30 UTC,2026,3,2026_03_LAC_BUF,7.157,47.058,7.0,49.5,
2026-09-26 23:30 UTC,2026,3,2026_03_CAR_CLE,0.666,45.247,-2.5,42.5,
2026-09-26 23:30 UTC,2026,3,2026_03_NYJ_DET,6.988,52.335,6.5,48.5,
2026-09-26 23:30 UTC,2026,3,2026_03_HOU_IND,-1.359,45.682,-1.5,42.5,
2026-09-26 23:30 UTC,2026,3,2026_03_NE_JAX,3.187,45.24,3.0,46.5,
2026-09-26 23:30 UTC,2026,3,2026_03_KC_MIA,-6.816,47.743,-10.0,45.5,
2026-09-26 23:30 UTC,2026,3,2026_03_TEN_NYG,5.18,40.455,2.5,37.5,
2026-09-26 23:30 UTC,2026,3,2026_03_CIN_PIT,-0.82,42.136,-3.5,42.5,
2026-09-26 23:30 UTC,2026,3,2026_03_SEA_WAS,-7.307,44.473,-7.5,40.5,
2026-09-26 23:30 UTC,2026,3,2026_03_ARI_SF,9.399,50.395,8.5,47.5,
2026-09-26 23:30 UTC,2026,3,2026_03_MIN_TB,-1.319,42.637,-1.5,42.5,
2026-09-26 23:30 UTC,2026,3,2026_03_BAL_DAL,-2.037,54.131,-3.0,53.5,
2026-09-26 23:30 UTC,2026,3,2026_03_LV_NO,3.473,45.716,3.0,43.5,
2026-09-26 23:30 UTC,2026,3,2026_03_LA_DEN,1.836,45.649,-2.5,44.5,DEN +2.5
2026-09-26 23:30 UTC,2026,3,2026_03_PHI_CHI,-3.72,44.884,-3.5,42.5,
2026-09-27 01:41 UTC,2026,3,2026_03_ATL_GB,5.04,44.987,4.5,42.5,
2026-09-27 01:41 UTC,2026,3,2026_03_LAC_BUF,7.157,46.757,7.0,49.5,
2026-09-27 01:41 UTC,2026,3,2026_03_CAR_CLE,0.666,45.22,-1.5,42.5,
2026-09-27 01:41 UTC,2026,3,2026_03_NYJ_DET,6.988,52.335,6.5,48.5,
2026-09-27 01:41 UTC,2026,3,2026_03_HOU_IND,-1.359,45.764,-1.5,42.5,
2026-09-27 01:41 UTC,2026,3,2026_03_NE_JAX,3.205,44.473,3.0,46.5,
2026-09-27 01:41 UTC,2026,3,2026_03_KC_MIA,-6.825,48.044,-10.0,45.5,
2026-09-27 01:41 UTC,2026,3,2026_03_TEN_NYG,5.237,42.511,2.5,37.5,
2026-09-27 01:41 UTC,2026,3,2026_03_CIN_PIT,-0.82,42.136,-3.5,42.5,
2026-09-27 01:41 UTC,2026,3,2026_03_SEA_WAS,-7.307,44.007,-7.5,40.5,
2026-09-27 01:41 UTC,2026,3,2026_03_ARI_SF,9.399,50.231,7.5,47.5,
2026-09-27 01:41 UTC,2026,3,2026_03_MIN_TB,-1.319,42.637,-1.5,42.5,
2026-09-27 01:41 UTC,2026,3,2026_03_BAL_DAL,-2.037,54.131,-3.0,53.5,
2026-09-27 01:41 UTC,2026,3,2026_03_LV_NO,3.473,45.716,3.5,43.5,
2026-09-27 01:41 UTC,2026,3,2026_03_LA_DEN,1.874,44.744,-2.5,43.5,DEN +2.5
2026-09-27 01:41 UTC,2026,3,2026_03_PHI_CHI,-3.72,44.884,-3.5,42.5,
2026-09-27 04:16 UTC,2026,3,2026_03_ATL_GB,5.04,44.987,4.5,42.5,
2026-09-27 04:16 UTC,2026,3,2026_03_LAC_BUF,7.157,46.647,7.0,49.5,
2026-09-27 04:16 UTC,2026,3,2026_03_CAR_CLE,0.699,44.918,-1.5,42.5,
2026-09-27 04:16 UTC,2026,3,2026_03_NYJ_DET,6.988,52.335,6.5,48.5,
2026-09-27 04:16 UTC,2026,3,2026_03_HOU_IND,-1.359,45.791,-1.5,42.5,
2026-09-27 04:16 UTC,2026,3,2026_03_NE_JAX,3.187,44.884,3.0,45.5,
2026-09-27 04:16 UTC,2026,3,2026_03_KC_MIA,-6.825,48.044,-10.0,45.5,
2026-09-27 04:16 UTC,2026,3,2026_03_TEN_NYG,5.18,41.551,2.5,37.5,
2026-09-27 04:16 UTC,2026,3,2026_03_CIN_PIT,-0.864,41.78,-3.5,42.5,
2026-09-27 04:16 UTC,2026,3,2026_03_SEA_WAS,-7.66,40.153,-8.5,40.5,
2026-09-27 04:16 UTC,2026,3,2026_03_ARI_SF,9.399,50.313,7.5,47.5,
2026-09-27 04:16 UTC,2026,3,2026_03_MIN_TB,-1.319,42.335,-1.5,42.5,
2026-09-27 04:16 UTC,2026,3,2026_03_BAL_DAL,-2.043,54.651,-3.5,53.5,
2026-09-27 04:16 UTC,2026,3,2026_03_LV_NO,3.473,45.716,3.5,43.5,
2026-09-27 04:16 UTC,2026,3,2026_03_LA_DEN,1.866,45.128,-2.5,43.5,DEN +2.5
2026-09-27 04:16 UTC,2026,3,2026_03_PHI_CHI,-3.72,44.939,-3.5,42.5,
2026-09-27 06:16 UTC,2026,3,2026_03_ATL_GB,5.04,44.987,4.5,42.5,
2026-09-27 06:16 UTC,2026,3,2026_03_LAC_BUF,7.415,46.757,7.0,50.5,
2026-09-27 06:16 UTC,2026,3,2026_03_CAR_CLE,0.73,45.001,-1.5,42.5,
2026-09-27 06:16 UTC,2026,3,2026_03_NYJ_DET,6.85,52.335,6.5,48.5,
2026-09-27 06:16 UTC,2026,3,2026_03_HOU_IND,-1.595,45.983,-1.5,42.5,
2026-09-27 06:16 UTC,2026,3,2026_03_NE_JAX,3.205,44.719,3.0,45.5,
2026-09-27 06:16 UTC,2026,3,2026_03_KC_MIA,-6.816,47.633,-10.0,45.5,
2026-09-27 06:16 UTC,2026,3,2026_03_TEN_NYG,5.22,42.209,2.5,37.5,
2026-09-27 06:16 UTC,2026,3,2026_03_CIN_PIT,-0.663,41.862,-3.5,42.5,
2026-09-27 06:16 UTC,2026,3,2026_03_SEA_WAS,-7.563,40.016,-8.5,40.5,
2026-09-27 06:16 UTC,2026,3,2026_03_ARI_SF,9.105,50.834,7.5,48.5,
2026-09-27 06:16 UTC,2026,3,2026_03_MIN_TB,-1.325,42.226,-1.5,42.5,
2026-09-27 06:16 UTC,2026,3,2026_03_BAL_DAL,-1.723,54.131,-3.5,53.5,
2026-09-27 06:16 UTC,2026,3,2026_03_LV_NO,3.473,45.716,3.5,43.5,
2026-09-27 06:16 UTC,2026,3,2026_03_LA_DEN,1.935,44.744,-2.5,43.5,DEN +2.5
2026-09-27 06:16 UTC,2026,3,2026_03_PHI_CHI,-3.756,43.433,-3.5,42.5,
2026-09-27 09:16 UTC,2026,3,2026_03_ATL_GB,5.045,44.987,4.5,42.5,
2026-09-27 09:16 UTC,2026,3,2026_03_LAC_BUF,7.434,46.812,7.0,50.5,
2026-09-27 09:16 UTC,2026,3,2026_03_CAR_CLE,0.773,45.165,-1.5,42.5,
2026-09-27 09:16 UTC,2026,3,2026_03_NYJ_DET,6.847,52.335,6.5,48.5,
2026-09-27 09:16 UTC,2026,3,2026_03_HOU_IND,-1.606,46.285,-1.5,42.5,
2026-09-27 09:16 UTC,2026,3,2026_03_NE_JAX,3.21,44.5,3.0,45.5,
2026-09-27 09:16 UTC,2026,3,2026_03_KC_MIA,-6.833,47.442,-10.0,45.5,
2026-09-27 09:16 UTC,2026,3,2026_03_TEN_NYG,5.285,37.176,2.5,37.5,
2026-09-27 09:16 UTC,2026,3,2026_03_CIN_PIT,-0.69,41.725,-3.5,42.5,
2026-09-27 09:16 UTC,2026,3,2026_03_SEA_WAS,-7.193,43.952,-8.5,40.5,
2026-09-27 09:16 UTC,2026,3,2026_03_ARI_SF,9.07,50.669,7.5,48.5,
2026-09-27 09:16 UTC,2026,3,2026_03_MIN_TB,-1.136,42.061,-1.5,42.5,
2026-09-27 09:16 UTC,2026,3,2026_03_BAL_DAL,-1.669,54.624,-3.5,53.5,
2026-09-27 09:16 UTC,2026,3,2026_03_LV_NO,3.483,45.716,3.5,43.5,
2026-09-27 09:16 UTC,2026,3,2026_03_LA_DEN,2.03,44.224,-2.5,43.5,DEN +2.5
2026-09-27 09:16 UTC,2026,3,2026_03_PHI_CHI,-3.788,43.543,-3.5,42.5,
2026-09-27 12:14 UTC,2026,3,2026_03_ATL_GB,5.04,44.987,4.5,42.5,
2026-09-27 12:14 UTC,2026,3,2026_03_LAC_BUF,7.415,47.223,7.0,50.5,
2026-09-27 12:14 UTC,2026,3,2026_03_CAR_CLE,0.73,45.083,-1.5,42.5,
2026-09-27 12:14 UTC,2026,3,2026_03_NYJ_DET,6.85,52.335,6.5,48.5,
2026-09-27 12:14 UTC,2026,3,2026_03_HOU_IND,-1.595,46.23,-1.5,42.5,
2026-09-27 12:14 UTC,2026,3,2026_03_NE_JAX,3.114,44.116,3.0,45.5,
2026-09-27 12:14 UTC,2026,3,2026_03_KC_MIA,-6.816,47.688,-10.0,45.5,
2026-09-27 12:14 UTC,2026,3,2026_03_TEN_NYG,5.292,37.286,2.5,37.5,
2026-09-27 12:14 UTC,2026,3,2026_03_CIN_PIT,-0.663,41.917,-3.5,42.5,
2026-09-27 12:14 UTC,2026,3,2026_03_SEA_WAS,-7.312,44.199,-8.5,40.5,
2026-09-27 12:14 UTC,2026,3,2026_03_ARI_SF,9.105,50.669,7.5,48.5,
2026-09-27 12:14 UTC,2026,3,2026_03_MIN_TB,-1.325,42.363,-1.5,42.5,
2026-09-27 12:14 UTC,2026,3,2026_03_BAL_DAL,-1.748,54.788,-3.5,53.5,
2026-09-27 12:14 UTC,2026,3,2026_03_LV_NO,3.473,45.716,3.5,43.5,
2026-09-27 12:14 UTC,2026,3,2026_03_LA_DEN,2.076,43.621,-2.5,44.5,DEN +2.5
2026-09-27 12:14 UTC,2026,3,2026_03_PHI_CHI,-3.798,43.543,-3.5,42.5,
2026-09-27 14:15 UTC,2026,3,2026_03_ATL_GB,5.04,44.987,4.5,42.5,
2026-09-27 14:15 UTC,2026,3,2026_03_LAC_BUF,7.415,47.195,7.0,50.5,
2026-09-27 14:15 UTC,2026,3,2026_03_CAR_CLE,0.763,44.918,-1.5,41.5,
2026-09-27 14:15 UTC,2026,3,2026_03_NYJ_DET,6.85,52.335,6.5,48.5,
2026-09-27 14:15 UTC,2026,3,2026_03_HOU_IND,-1.595,46.038,-1.5,42.5,
2026-09-27 14:15 UTC,2026,3,2026_03_NE_JAX,3.114,43.897,3.0,45.5,
2026-09-27 14:15 UTC,2026,3,2026_03_KC_MIA,-6.825,47.77,-9.5,45.5,
2026-09-27 14:15 UTC,2026,3,2026_03_TEN_NYG,5.351,38.519,2.5,37.5,
2026-09-27 14:15 UTC,2026,3,2026_03_CIN_PIT,-0.663,41.971,-3.5,42.5,
2026-09-27 14:15 UTC,2026,3,2026_03_SEA_WAS,-7.211,43.898,-8.5,40.5,
2026-09-27 14:15 UTC,2026,3,2026_03_ARI_SF,9.296,50.395,7.5,48.5,
2026-09-27 14:15 UTC,2026,3,2026_03_MIN_TB,-1.325,42.226,-1.5,42.5,
2026-09-27 14:15 UTC,2026,3,2026_03_BAL_DAL,-1.748,55.035,-3.0,53.5,
2026-09-27 14:15 UTC,2026,3,2026_03_LV_NO,3.473,45.716,3.5,43.5,
2026-09-27 14:15 UTC,2026,3,2026_03_LA_DEN,2.076,43.621,-1.5,43.5,
2026-09-27 14:15 UTC,2026,3,2026_03_PHI_CHI,-3.615,42.803,-3.5,42.5,
2026-09-27 16:15 UTC,2026,3,2026_03_ATL_GB,5.04,44.987,4.5,42.5,
2026-09-27 16:15 UTC,2026,3,2026_03_LAC_BUF,7.415,47.223,7.0,50.5,
2026-09-27 16:15 UTC,2026,3,2026_03_CAR_CLE,0.73,45.028,-2.5,41.5,
2026-09-27 16:15 UTC,2026,3,2026_03_NYJ_DET,6.85,52.335,7.0,49.5,
2026-09-27 16:15 UTC,2026,3,2026_03_HOU_IND,-1.595,45.654,-1.5,41.5,
2026-09-27 16:15 UTC,2026,3,2026_03_NE_JAX,3.114,43.787,3.0,46.5,
2026-09-27 16:15 UTC,2026,3,2026_03_KC_MIA,-6.825,47.962,-10.0,45.5,
2026-09-27 16:15 UTC,2026,3,2026_03_TEN_NYG,5.292,37.067,2.5,37.5,
2026-09-27 16:15 UTC,2026,3,2026_03_CIN_PIT,-0.663,41.834,-3.5,42.5,
2026-09-27 16:15 UTC,2026,3,2026_03_SEA_WAS,-7.312,44.144,-8.5,40.5,
2026-09-27 16:15 UTC,2026,3,2026_03_ARI_SF,9.105,51.436,7.5,48.5,
2026-09-27 16:15 UTC,2026,3,2026_03_MIN_TB,-1.325,42.171,-1.5,42.5,
2026-09-27 16:15 UTC,2026,3,2026_03_BAL_DAL,-1.748,54.898,-3.0,53.5,
2026-09-27 16:15 UTC,2026,3,2026_03_LV_NO,3.473,45.716,3.5,43.5,
2026-09-27 16:15 UTC,2026,3,2026_03_LA_DEN,2.076,43.95,-1.5,44.5,
2026-09-27 16:15 UTC,2026,3,2026_03_PHI_CHI,-3.615,42.803,-3.5,42.5,
2026-09-27 17:14 UTC,2026,3,2026_03_ATL_GB,5.04,44.987,4.5,42.5,
2026-09-27 17:14 UTC,2026,3,2026_03_LAC_BUF,7.347,48.977,7.0,50.5,
2026-09-27 17:14 UTC,2026,3,2026_03_CAR_CLE,0.678,46.508,-2.5,41.5,
2026-09-27 17:14 UTC,2026,3,2026_03_NYJ_DET,6.85,52.335,7.0,49.5,
2026-09-27 17:14 UTC,2026,3,2026_03_HOU_IND,-1.522,45.408,-1.5,41.5,
2026-09-27 17:14 UTC,2026,3,2026_03_NE_JAX,3.114,44.089,3.0,46.5,
2026-09-27 17:14 UTC,2026,3,2026_03_KC_MIA,-6.661,47.085,-10.0,45.5,
2026-09-27 17:14 UTC,2026,3,2026_03_TEN_NYG,5.262,43.196,2.5,37.5,
2026-09-27 17:14 UTC,2026,3,2026_03_CIN_PIT,-0.549,43.616,-3.5,42.5,
2026-09-27 17:14 UTC,2026,3,2026_03_SEA_WAS,-7.398,45.24,-8.5,40.5,
2026-09-27 17:14 UTC,2026,3,2026_03_ARI_SF,9.105,51.025,7.5,48.5,
2026-09-27 17:14 UTC,2026,3,2026_03_MIN_TB,-1.156,42.143,-1.5,42.5,
2026-09-27 17:14 UTC,2026,3,2026_03_BAL_DAL,-1.748,54.843,-3.5,53.5,
2026-09-27 17:14 UTC,2026,3,2026_03_LV_NO,3.473,45.716,3.5,43.5,
2026-09-27 17:14 UTC,2026,3,2026_03_LA_DEN,2.076,43.675,-1.5,44.5,
2026-09-27 17:14 UTC,2026,3,2026_03_PHI_CHI,-3.756,43.461,-4.5,41.5,
2026-09-27 17:30 UTC,2026,3,2026_03_ATL_GB,5.04,44.987,4.5,42.5,
2026-09-27 17:30 UTC,2026,3,2026_03_LAC_BUF,7.347,48.977,7.0,50.5,
2026-09-27 17:30 UTC,2026,3,2026_03_CAR_CLE,0.678,46.508,-2.5,41.5,
2026-09-27 17:30 UTC,2026,3,2026_03_NYJ_DET,6.85,52.335,7.0,49.5,
2026-09-27 17:30 UTC,2026,3,2026_03_HOU_IND,-1.522,45.408,-1.5,41.5,
2026-09-27 17:30 UTC,2026,3,2026_03_NE_JAX,3.114,44.089,3.0,46.5,
2026-09-27 17:30 UTC,2026,3,2026_03_KC_MIA,-6.661,47.085,-10.0,45.5,
2026-09-27 17:30 UTC,2026,3,2026_03_TEN_NYG,5.262,43.196,2.5,37.5,
2026-09-27 17:30 UTC,2026,3,2026_03_CIN_PIT,-0.549,43.616,-3.5,42.5,
2026-09-27 17:30 UTC,2026,3,2026_03_SEA_WAS,-7.398,45.24,-8.5,40.5,
2026-09-27 17:30 UTC,2026,3,2026_03_ARI_SF,9.105,51.025,7.5,48.5,
2026-09-27 17:30 UTC,2026,3,2026_03_MIN_TB,-1.156,42.143,-1.5,42.5,
2026-09-27 17:30 UTC,2026,3,2026_03_BAL_DAL,-1.748,54.843,-3.5,53.5,
2026-09-27 17:30 UTC,2026,3,2026_03_LV_NO,3.473,45.716,3.5,43.5,
2026-09-27 17:30 UTC,2026,3,2026_03_LA_DEN,2.076,43.675,-1.5,44.5,
2026-09-27 17:30 UTC,2026,3,2026_03_PHI_CHI,-3.615,42.803,-4.5,41.5,
2026-09-27 17:52 UTC,2026,3,2026_03_ATL_GB,5.021,44.987,4.5,42.5,
2026-09-27 17:52 UTC,2026,3,2026_03_LAC_BUF,7.363,48.977,7.0,50.5,
2026-09-27 17:52 UTC,2026,3,2026_03_CAR_CLE,0.76,46.508,-2.5,41.5,
2026-09-27 17:52 UTC,2026,3,2026_03_NYJ_DET,6.857,52.335,7.0,49.5,
2026-09-27 17:52 UTC,2026,3,2026_03_HOU_IND,-1.503,45.408,-1.5,41.5,
2026-09-27 17:52 UTC,2026,3,2026_03_NE_JAX,3.147,44.089,3.0,46.5,
2026-09-27 17:52 UTC,2026,3,2026_03_KC_MIA,-6.663,47.085,-10.0,45.5,
2026-09-27 17:52 UTC,2026,3,2026_03_TEN_NYG,5.284,43.196,2.5,37.5,
2026-09-27 17:52 UTC,2026,3,2026_03_CIN_PIT,-0.589,43.616,-3.5,42.5,
2026-09-27 17:52 UTC,2026,3,2026_03_SEA_WAS,-7.398,45.24,-8.5,40.5,
2026-09-27 17:52 UTC,2026,3,2026_03_ARI_SF,9.11,50.834,7.5,48.5,
2026-09-27 17:52 UTC,2026,3,2026_03_MIN_TB,-1.324,42.308,-1.5,42.5,
2026-09-27 17:52 UTC,2026,3,2026_03_BAL_DAL,-1.711,54.651,-3.0,53.5,
2026-09-27 17:52 UTC,2026,3,2026_03_LV_NO,3.485,45.716,3.5,43.5,
2026-09-27 17:52 UTC,2026,3,2026_03_LA_DEN,2.017,44.059,-1.5,44.5,
2026-09-27 17:52 UTC,2026,3,2026_03_PHI_CHI,-3.743,43.461,-4.5,41.5,
2026-09-27 19:14 UTC,2026,3,2026_03_ATL_GB,5.04,44.987,4.5,42.5,
2026-09-27 19:14 UTC,2026,3,2026_03_LAC_BUF,7.347,48.977,7.0,50.5,
2026-09-27 19:14 UTC,2026,3,2026_03_CAR_CLE,0.678,46.508,-2.5,41.5,
2026-09-27 19:14 UTC,2026,3,2026_03_NYJ_DET,6.85,52.335,7.0,49.5,
2026-09-27 19:14 UTC,2026,3,2026_03_HOU_IND,-1.522,45.408,-1.5,41.5,
2026-09-27 19:14 UTC,2026,3,2026_03_NE_JAX,3.114,44.089,3.0,46.5,
2026-09-27 19:14 UTC,2026,3,2026_03_KC_MIA,-6.661,47.085,-10.0,45.5,
2026-09-27 19:14 UTC,2026,3,2026_03_TEN_NYG,5.262,43.196,2.5,37.5,
2026-09-27 19:14 UTC,2026,3,2026_03_CIN_PIT,-0.549,43.616,-3.5,42.5,
2026-09-27 19:14 UTC,2026,3,2026_03_SEA_WAS,-7.398,45.24,-8.5,40.5,
2026-09-27 19:14 UTC,2026,3,2026_03_ARI_SF,9.296,50.395,7.5,48.5,
2026-09-27 19:14 UTC,2026,3,2026_03_MIN_TB,-1.325,42.281,-1.5,42.5,
2026-09-27 19:14 UTC,2026,3,2026_03_BAL_DAL,-1.729,54.377,-3.0,53.5,
2026-09-27 19:14 UTC,2026,3,2026_03_LV_NO,3.473,45.716,3.5,43.5,
2026-09-27 19:14 UTC,2026,3,2026_03_LA_DEN,2.076,43.703,-1.5,44.5,
2026-09-27 19:14 UTC,2026,3,2026_03_PHI_CHI,-3.756,43.461,-4.5,41.5,
2026-09-27 20:12 UTC,2026,4,2026_04_PIT_CLE,0.645,40.922,-2.5,37.5,
2026-09-27 20:12 UTC,2026,4,2026_04_IND_WAS,1.618,50.092,-4.5,46.0,WAS +4.5
2026-09-27 20:12 UTC,2026,4,2026_04_TEN_BAL,10.72,46.472,10.5,45.0,
2026-09-27 20:12 UTC,2026,4,2026_04_NE_BUF,3.016,49.014,5.5,50.0,
2026-09-27 20:12 UTC,2026,4,2026_04_NYJ_CHI,4.159,44.823,3.0,43.5,
2026-09-27 20:12 UTC,2026,4,2026_04_JAX_CIN,-0.873,48.076,2.5,50.5,
2026-09-27 20:12 UTC,2026,4,2026_04_DAL_HOU,2.966,49.819,3.0,47.5,
2026-09-27 20:12 UTC,2026,4,2026_04_ARI_NYG,3.289,43.941,2.5,43.5,
2026-09-27 20:12 UTC,2026,4,2026_04_LA_PHI,-0.149,47.042,-2.5,46.0,
2026-09-27 20:12 UTC,2026,4,2026_04_GB_TB,1.378,45.493,-1.5,46.0,
2026-09-27 20:12 UTC,2026,4,2026_04_MIA_MIN,7.072,45.271,10.5,42.5,
2026-09-27 20:12 UTC,2026,4,2026_04_KC_LV,-3.249,47.402,-5.5,45.5,
2026-09-27 20:12 UTC,2026,4,2026_04_LAC_SEA,6.484,42.036,6.5,43.5,
2026-09-27 20:12 UTC,2026,4,2026_04_DEN_SF,4.891,48.007,3.0,46.0,
2026-09-27 20:12 UTC,2026,4,2026_04_DET_CAR,-1.698,52.164,-2.5,49.5,
2026-09-27 20:12 UTC,2026,4,2026_04_ATL_NO,2.452,46.932,3.5,45.5,
2026-09-27 20:41 UTC,2026,4,2026_04_PIT_CLE,0.896,41.098,-3.0,37.5,
2026-09-27 20:41 UTC,2026,4,2026_04_IND_WAS,0.777,48.903,-4.5,46.5,WAS +4.5
2026-09-27 20:41 UTC,2026,4,2026_04_TEN_BAL,10.849,46.452,10.5,44.5,
2026-09-27 20:41 UTC,2026,4,2026_04_NE_BUF,3.974,48.818,5.5,49.5,
2026-09-27 20:41 UTC,2026,4,2026_04_NYJ_CHI,3.642,43.376,3.0,43.5,
2026-09-27 20:41 UTC,2026,4,2026_04_JAX_CIN,-1.137,48.398,3.0,49.5,JAX +3
2026-09-27 20:41 UTC,2026,4,2026_04_DAL_HOU,2.089,49.468,3.0,47.5,
2026-09-27 20:41 UTC,2026,4,2026_04_ARI_NYG,2.681,43.896,2.5,43.5,
2026-09-27 20:41 UTC,2026,4,2026_04_LA_PHI,1.106,46.98,-2.5,45.5,
2026-09-27 20:41 UTC,2026,4,2026_04_GB_TB,0.835,45.474,-1.5,45.5,
2026-09-27 20:41 UTC,2026,4,2026_04_MIA_MIN,7.335,45.238,10.5,42.5,
2026-09-27 20:41 UTC,2026,4,2026_04_KC_LV,-3.561,47.423,-6.0,45.5,
2026-09-27 20:41 UTC,2026,4,2026_04_LAC_SEA,5.744,42.241,6.5,42.5,
2026-09-27 20:41 UTC,2026,4,2026_04_DEN_SF,3.546,47.997,3.0,45.5,
2026-09-27 20:41 UTC,2026,4,2026_04_DET_CAR,-2.938,51.962,-3.0,49.5,
2026-09-27 20:41 UTC,2026,4,2026_04_ATL_NO,2.339,46.893,3.5,45.5,
2026-09-27 21:13 UTC,2026,4,2026_04_PIT_CLE,0.999,42.018,-3.0,37.5,
2026-09-27 21:13 UTC,2026,4,2026_04_IND_WAS,0.859,48.372,-4.5,46.5,WAS +4.5
2026-09-27 21:13 UTC,2026,4,2026_04_TEN_BAL,10.809,46.162,10.5,44.5,
2026-09-27 21:13 UTC,2026,4,2026_04_NE_BUF,4.411,47.578,5.5,49.5,
2026-09-27 21:13 UTC,2026,4,2026_04_NYJ_CHI,3.523,44.155,3.0,43.5,
2026-09-27 21:13 UTC,2026,4,2026_04_JAX_CIN,-1.367,49.346,3.0,49.5,JAX +3
2026-09-27 21:13 UTC,2026,4,2026_04_DAL_HOU,2.123,49.355,3.0,47.5,
2026-09-27 21:13 UTC,2026,4,2026_04_ARI_NYG,2.643,43.626,2.5,43.5,
2026-09-27 21:13 UTC,2026,4,2026_04_LA_PHI,1.192,46.998,-2.5,45.5,
2026-09-27 21:13 UTC,2026,4,2026_04_GB_TB,0.84,45.48,-1.5,45.5,
2026-09-27 21:13 UTC,2026,4,2026_04_MIA_MIN,9.023,44.914,10.5,42.5,
2026-09-27 21:13 UTC,2026,4,2026_04_KC_LV,-3.637,47.767,-6.0,45.5,
2026-09-27 21:13 UTC,2026,4,2026_04_LAC_SEA,5.757,41.987,6.5,42.5,
2026-09-27 21:13 UTC,2026,4,2026_04_DEN_SF,3.519,47.996,3.0,45.5,
2026-09-27 21:13 UTC,2026,4,2026_04_DET_CAR,-2.071,51.652,-3.0,49.5,
2026-09-27 21:13 UTC,2026,4,2026_04_ATL_NO,2.353,46.905,3.5,45.5,
2026-09-27 21:34 UTC,2026,4,2026_04_PIT_CLE,0.999,42.018,-3.0,37.5,
2026-09-27 21:34 UTC,2026,4,2026_04_IND_WAS,0.859,48.372,-4.5,46.5,WAS +4.5
2026-09-27 21:34 UTC,2026,4,2026_04_TEN_BAL,10.809,46.162,10.5,44.5,
2026-09-27 21:34 UTC,2026,4,2026_04_NE_BUF,4.411,47.578,5.5,49.5,
2026-09-27 21:34 UTC,2026,4,2026_04_NYJ_CHI,3.523,44.155,3.0,43.5,
2026-09-27 21:34 UTC,2026,4,2026_04_JAX_CIN,-1.367,49.346,3.0,49.5,JAX +3
2026-09-27 21:34 UTC,2026,4,2026_04_DAL_HOU,2.123,49.355,3.0,47.5,
2026-09-27 21:34 UTC,2026,4,2026_04_ARI_NYG,2.643,43.626,2.5,43.5,
2026-09-27 21:34 UTC,2026,4,2026_04_LA_PHI,1.192,46.998,-2.5,45.5,
2026-09-27 21:34 UTC,2026,4,2026_04_GB_TB,0.84,45.48,-1.5,45.5,
2026-09-27 21:34 UTC,2026,4,2026_04_MIA_MIN,9.023,44.914,10.5,42.5,
2026-09-27 21:34 UTC,2026,4,2026_04_KC_LV,-3.637,47.767,-6.0,45.5,
2026-09-27 21:34 UTC,2026,4,2026_04_LAC_SEA,5.757,41.987,6.5,42.5,
2026-09-27 21:34 UTC,2026,4,2026_04_DEN_SF,3.519,47.996,3.0,45.5,
2026-09-27 21:34 UTC,2026,4,2026_04_DET_CAR,-2.071,51.652,-3.0,49.5,
2026-09-27 21:34 UTC,2026,4,2026_04_ATL_NO,2.353,46.905,3.5,45.5,
2026-09-27 21:59 UTC,2026,4,2026_04_PIT_CLE,1.008,42.022,-2.5,38.5,
2026-09-27 21:59 UTC,2026,4,2026_04_IND_WAS,0.854,48.379,-3.5,46.5,WAS +3.5
2026-09-27 21:59 UTC,2026,4,2026_04_TEN_BAL,10.808,46.164,10.5,44.5,
2026-09-27 21:59 UTC,2026,4,2026_04_NE_BUF,4.483,47.579,7.0,48.5,
2026-09-27 21:59 UTC,2026,4,2026_04_NYJ_CHI,3.465,44.161,3.0,43.5,
2026-09-27 21:59 UTC,2026,4,2026_04_JAX_CIN,-1.342,49.349,3.0,49.5,JAX +3
2026-09-27 21:59 UTC,2026,4,2026_04_DAL_HOU,2.094,49.358,3.0,47.5,
2026-09-27 21:59 UTC,2026,4,2026_04_ARI_NYG,2.634,43.629,2.5,43.5,
2026-09-27 21:59 UTC,2026,4,2026_04_LA_PHI,1.162,46.999,-2.5,45.5,
2026-09-27 21:59 UTC,2026,4,2026_04_GB_TB,0.832,45.483,-1.5,45.5,
2026-09-27 21:59 UTC,2026,4,2026_04_MIA_MIN,8.917,44.916,10.5,42.5,
2026-09-27 21:59 UTC,2026,4,2026_04_KC_LV,-3.637,47.767,-6.0,45.5,
2026-09-27 21:59 UTC,2026,4,2026_04_LAC_SEA,5.784,41.988,6.5,42.5,
2026-09-27 21:59 UTC,2026,4,2026_04_DEN_SF,3.504,47.999,3.0,45.5,
2026-09-27 21:59 UTC,2026,4,2026_04_DET_CAR,-2.061,51.655,-3.0,49.5,
2026-09-27 21:59 UTC,2026,4,2026_04_ATL_NO,2.359,46.904,3.5,45.5,
2026-09-27 22:18 UTC,2026,4,2026_04_PIT_CLE,1.008,42.022,-2.5,38.5,
2026-09-27 22:18 UTC,2026,4,2026_04_IND_WAS,0.854,48.379,-3.5,46.5,WAS +3.5
2026-09-27 22:18 UTC,2026,4,2026_04_TEN_BAL,10.808,46.164,11.5,43.5,
2026-09-27 22:18 UTC,2026,4,2026_04_NE_BUF,4.483,47.579,7.0,48.5,
2026-09-27 22:18 UTC,2026,4,2026_04_NYJ_CHI,3.465,44.161,3.0,42.5,
2026-09-27 22:18 UTC,2026,4,2026_04_JAX_CIN,-1.342,49.349,2.5,49.5,
2026-09-27 22:18 UTC,2026,4,2026_04_DAL_HOU,2.671,49.358,2.5,46.5,
2026-09-27 22:18 UTC,2026,4,2026_04_ARI_NYG,2.634,43.629,2.5,43.5,
2026-09-27 22:18 UTC,2026,4,2026_04_LA_PHI,1.162,46.999,-2.5,45.5,
2026-09-27 22:18 UTC,2026,4,2026_04_GB_TB,0.832,45.483,1.5,46.5,
2026-09-27 22:18 UTC,2026,4,2026_04_MIA_MIN,7.371,44.916,10.5,42.5,
2026-09-27 22:18 UTC,2026,4,2026_04_KC_LV,-3.637,47.767,-5.5,45.5,
2026-09-27 22:18 UTC,2026,4,2026_04_LAC_SEA,5.784,41.988,6.5,43.5,
2026-09-27 22:18 UTC,2026,4,2026_04_DEN_SF,2.246,47.999,3.0,45.5,
2026-09-27 22:18 UTC,2026,4,2026_04_DET_CAR,-2.061,51.655,-3.0,49.5,
2026-09-27 22:18 UTC,2026,4,2026_04_ATL_NO,2.359,46.904,2.5,46.5,
2026-09-27 22:30 UTC,2026,3,2026_03_ATL_GB,5.04,44.987,4.5,42.5,
2026-09-27 22:30 UTC,2026,3,2026_03_LAC_BUF,7.415,47.223,7.0,50.5,
2026-09-27 22:30 UTC,2026,3,2026_03_CAR_CLE,0.73,45.028,-2.5,41.5,
2026-09-27 22:30 UTC,2026,3,2026_03_NYJ_DET,6.85,52.335,7.0,49.5,
2026-09-27 22:30 UTC,2026,3,2026_03_HOU_IND,-1.595,45.654,-1.5,41.5,
2026-09-27 22:30 UTC,2026,3,2026_03_NE_JAX,3.114,43.787,3.0,46.5,
2026-09-27 22:30 UTC,2026,3,2026_03_KC_MIA,-6.825,47.962,-10.0,45.5,
2026-09-27 22:30 UTC,2026,3,2026_03_TEN_NYG,5.292,37.067,2.5,37.5,
2026-09-27 22:30 UTC,2026,3,2026_03_CIN_PIT,-0.663,41.834,-3.5,42.5,
2026-09-27 22:30 UTC,2026,3,2026_03_SEA_WAS,-7.312,44.144,-8.5,40.5,
2026-09-27 22:30 UTC,2026,3,2026_03_ARI_SF,9.327,49.957,7.5,48.5,
2026-09-27 22:30 UTC,2026,3,2026_03_MIN_TB,-1.325,42.582,-1.5,42.5,
2026-09-27 22:30 UTC,2026,3,2026_03_BAL_DAL,-1.748,54.843,-3.0,53.5,
2026-09-27 22:30 UTC,2026,3,2026_03_LV_NO,3.473,45.716,3.5,43.5,
2026-09-27 22:30 UTC,2026,3,2026_03_LA_DEN,1.896,45.567,-1.5,44.5,
2026-09-27 22:30 UTC,2026,3,2026_03_PHI_CHI,-3.798,43.488,-4.5,41.5,
2026-09-27 23:16 UTC,2026,3,2026_03_ATL_GB,5.04,44.987,4.5,42.5,
2026-09-27 23:16 UTC,2026,3,2026_03_LAC_BUF,7.415,47.223,7.0,50.5,
2026-09-27 23:16 UTC,2026,3,2026_03_CAR_CLE,0.73,45.028,-2.5,41.5,
2026-09-27 23:16 UTC,2026,3,2026_03_NYJ_DET,6.85,52.335,7.0,49.5,
2026-09-27 23:16 UTC,2026,3,2026_03_HOU_IND,-1.595,45.654,-1.5,41.5,
2026-09-27 23:16 UTC,2026,3,2026_03_NE_JAX,3.114,43.787,3.0,46.5,
2026-09-27 23:16 UTC,2026,3,2026_03_KC_MIA,-6.825,47.962,-10.0,45.5,
2026-09-27 23:16 UTC,2026,3,2026_03_TEN_NYG,5.292,37.067,2.5,37.5,
2026-09-27 23:16 UTC,2026,3,2026_03_CIN_PIT,-0.663,41.834,-3.5,42.5,
2026-09-27 23:16 UTC,2026,3,2026_03_SEA_WAS,-7.312,44.144,-8.5,40.5,
2026-09-27 23:16 UTC,2026,3,2026_03_ARI_SF,9.327,49.957,7.5,48.5,
2026-09-27 23:16 UTC,2026,3,2026_03_MIN_TB,-1.325,42.582,-1.5,42.5,
2026-09-27 23:16 UTC,2026,3,2026_03_BAL_DAL,-1.748,54.843,-3.0,53.5,
2026-09-27 23:16 UTC,2026,3,2026_03_LV_NO,3.473,45.716,3.5,43.5,
2026-09-27 23:16 UTC,2026,3,2026_03_LA_DEN,2.131,43.401,-1.5,44.5,
2026-09-27 23:16 UTC,2026,3,2026_03_PHI_CHI,-3.798,43.488,-4.5,41.5,
2026-09-28 00:16 UTC,2026,3,2026_03_ATL_GB,5.04,44.987,4.5,42.5,
2026-09-28 00:16 UTC,2026,3,2026_03_LAC_BUF,7.415,47.223,7.0,50.5,
2026-09-28 00:16 UTC,2026,3,2026_03_CAR_CLE,0.73,45.028,-2.5,41.5,
2026-09-28 00:16 UTC,2026,3,2026_03_NYJ_DET,6.85,52.335,7.0,49.5,
2026-09-28 00:16 UTC,2026,3,2026_03_HOU_IND,-1.595,45.654,-1.5,41.5,
2026-09-28 00:16 UTC,2026,3,2026_03_NE_JAX,3.114,43.787,3.0,46.5,
2026-09-28 00:16 UTC,2026,3,2026_03_KC_MIA,-6.825,47.962,-10.0,45.5,
2026-09-28 00:16 UTC,2026,3,2026_03_TEN_NYG,5.292,37.067,2.5,37.5,
2026-09-28 00:16 UTC,2026,3,2026_03_CIN_PIT,-0.663,41.834,-3.5,42.5,
2026-09-28 00:16 UTC,2026,3,2026_03_SEA_WAS,-7.312,44.144,-8.5,40.5,
2026-09-28 00:16 UTC,2026,3,2026_03_ARI_SF,9.327,49.957,7.5,48.5,
2026-09-28 00:16 UTC,2026,3,2026_03_MIN_TB,-1.325,42.582,-1.5,42.5,
2026-09-28 00:16 UTC,2026,3,2026_03_BAL_DAL,-1.748,54.843,-3.0,53.5,
2026-09-28 00:16 UTC,2026,3,2026_03_LV_NO,3.473,45.716,3.5,43.5,
2026-09-28 00:16 UTC,2026,3,2026_03_LA_DEN,2.164,43.155,-1.5,43.5,
2026-09-28 00:16 UTC,2026,3,2026_03_PHI_CHI,-3.798,43.488,-4.5,41.5,
2026-09-28 00:32 UTC,2026,3,2026_03_ATL_GB,5.04,44.987,4.5,42.5,
2026-09-28 00:32 UTC,2026,3,2026_03_LAC_BUF,7.415,47.223,7.0,50.5,
2026-09-28 00:32 UTC,2026,3,2026_03_CAR_CLE,0.73,45.028,-2.5,41.5,
2026-09-28 00:32 UTC,2026,3,2026_03_NYJ_DET,6.85,52.335,7.0,49.5,
2026-09-28 00:32 UTC,2026,3,2026_03_HOU_IND,-1.595,45.654,-1.5,41.5,
2026-09-28 00:32 UTC,2026,3,2026_03_NE_JAX,3.114,43.787,3.0,46.5,
2026-09-28 00:32 UTC,2026,3,2026_03_KC_MIA,-6.825,47.962,-10.0,45.5,
2026-09-28 00:32 UTC,2026,3,2026_03_TEN_NYG,5.292,37.067,2.5,37.5,
2026-09-28 00:32 UTC,2026,3,2026_03_CIN_PIT,-0.663,41.834,-3.5,42.5,
2026-09-28 00:32 UTC,2026,3,2026_03_SEA_WAS,-7.312,44.144,-8.5,40.5,
2026-09-28 00:32 UTC,2026,3,2026_03_ARI_SF,9.327,49.957,7.5,48.5,
2026-09-28 00:32 UTC,2026,3,2026_03_MIN_TB,-1.325,42.582,-1.5,42.5,
2026-09-28 00:32 UTC,2026,3,2026_03_BAL_DAL,-1.748,54.843,-3.0,53.5,
2026-09-28 00:32 UTC,2026,3,2026_03_LV_NO,3.473,45.716,3.5,43.5,
2026-09-28 00:32 UTC,2026,3,2026_03_LA_DEN,2.164,43.155,-1.5,43.5,
2026-09-28 00:32 UTC,2026,3,2026_03_PHI_CHI,-3.798,43.488,-4.5,41.5,
2026-09-28 02:17 UTC,2026,3,2026_03_ATL_GB,5.04,44.987,4.5,42.5,
2026-09-28 02:17 UTC,2026,3,2026_03_LAC_BUF,7.415,47.223,7.0,50.5,
2026-09-28 02:17 UTC,2026,3,2026_03_CAR_CLE,0.73,45.028,-2.5,41.5,
2026-09-28 02:17 UTC,2026,3,2026_03_NYJ_DET,6.85,52.335,7.0,49.5,
2026-09-28 02:17 UTC,2026,3,2026_03_HOU_IND,-1.595,45.654,-1.5,41.5,
2026-09-28 02:17 UTC,2026,3,2026_03_NE_JAX,3.114,43.787,3.0,46.5,
2026-09-28 02:17 UTC,2026,3,2026_03_KC_MIA,-6.825,47.962,-10.0,45.5,
2026-09-28 02:17 UTC,2026,3,2026_03_TEN_NYG,5.292,37.067,2.5,37.5,
2026-09-28 02:17 UTC,2026,3,2026_03_CIN_PIT,-0.663,41.834,-3.5,42.5,
2026-09-28 02:17 UTC,2026,3,2026_03_SEA_WAS,-7.312,44.144,-8.5,40.5,
2026-09-28 02:17 UTC,2026,3,2026_03_ARI_SF,9.327,49.957,7.5,48.5,
2026-09-28 02:17 UTC,2026,3,2026_03_MIN_TB,-1.325,42.582,-1.5,42.5,
2026-09-28 02:17 UTC,2026,3,2026_03_BAL_DAL,-1.748,54.843,-3.0,53.5,
2026-09-28 02:17 UTC,2026,3,2026_03_LV_NO,3.473,45.716,3.5,43.5,
2026-09-28 02:17 UTC,2026,3,2026_03_LA_DEN,1.935,44.525,-1.5,43.5,
2026-09-28 02:17 UTC,2026,3,2026_03_PHI_CHI,-3.798,43.57,-4.5,41.5,
2026-09-28 02:35 UTC,2026,3,2026_03_ATL_GB,5.04,44.987,4.5,42.5,
2026-09-28 02:35 UTC,2026,3,2026_03_LAC_BUF,7.415,47.223,7.0,50.5,
2026-09-28 02:35 UTC,2026,3,2026_03_CAR_CLE,0.73,45.028,-2.5,41.5,
2026-09-28 02:35 UTC,2026,3,2026_03_NYJ_DET,6.85,52.335,7.0,49.5,
2026-09-28 02:35 UTC,2026,3,2026_03_HOU_IND,-1.595,45.654,-1.5,41.5,
2026-09-28 02:35 UTC,2026,3,2026_03_NE_JAX,3.114,43.787,3.0,46.5,
2026-09-28 02:35 UTC,2026,3,2026_03_KC_MIA,-6.825,47.962,-10.0,45.5,
2026-09-28 02:35 UTC,2026,3,2026_03_TEN_NYG,5.292,37.067,2.5,37.5,
2026-09-28 02:35 UTC,2026,3,2026_03_CIN_PIT,-0.663,41.834,-3.5,42.5,
2026-09-28 02:35 UTC,2026,3,2026_03_SEA_WAS,-7.312,44.144,-8.5,40.5,
2026-09-28 02:35 UTC,2026,3,2026_03_ARI_SF,9.327,49.957,7.5,48.5,
2026-09-28 02:35 UTC,2026,3,2026_03_MIN_TB,-1.325,42.582,-1.5,42.5,
2026-09-28 02:35 UTC,2026,3,2026_03_BAL_DAL,-1.748,54.843,-3.0,53.5,
2026-09-28 02:35 UTC,2026,3,2026_03_LV_NO,3.473,45.716,3.5,43.5,
2026-09-28 02:35 UTC,2026,3,2026_03_LA_DEN,1.935,44.525,-1.5,43.5,
2026-09-28 02:35 UTC,2026,3,2026_03_PHI_CHI,-3.798,43.57,-4.5,41.5,
2026-09-28 02:50 UTC,2026,3,2026_03_ATL_GB,5.04,44.987,4.5,42.5,
2026-09-28 02:50 UTC,2026,3,2026_03_LAC_BUF,7.415,47.223,7.0,50.5,
2026-09-28 02:50 UTC,2026,3,2026_03_CAR_CLE,0.73,45.028,-2.5,41.5,
2026-09-28 02:50 UTC,2026,3,2026_03_NYJ_DET,6.85,52.335,7.0,49.5,
2026-09-28 02:50 UTC,2026,3,2026_03_HOU_IND,-1.595,45.654,-1.5,41.5,
2026-09-28 02:50 UTC,2026,3,2026_03_NE_JAX,3.114,43.787,3.0,46.5,
2026-09-28 02:50 UTC,2026,3,2026_03_KC_MIA,-6.825,47.962,-10.0,45.5,
2026-09-28 02:50 UTC,2026,3,2026_03_TEN_NYG,5.292,37.067,2.5,37.5,
2026-09-28 02:50 UTC,2026,3,2026_03_CIN_PIT,-0.663,41.834,-3.5,42.5,
2026-09-28 02:50 UTC,2026,3,2026_03_SEA_WAS,-7.312,44.144,-8.5,40.5,
2026-09-28 02:50 UTC,2026,3,2026_03_ARI_SF,9.327,49.957,7.5,48.5,
2026-09-28 02:50 UTC,2026,3,2026_03_MIN_TB,-1.325,42.582,-1.5,42.5,
2026-09-28 02:50 UTC,2026,3,2026_03_BAL_DAL,-1.748,54.843,-3.0,53.5,
2026-09-28 02:50 UTC,2026,3,2026_03_LV_NO,3.473,45.716,3.5,43.5,
2026-09-28 02:50 UTC,2026,3,2026_03_LA_DEN,1.935,44.525,-1.5,43.5,
2026-09-28 02:50 UTC,2026,3,2026_03_PHI_CHI,-3.798,43.57,-4.5,41.5,
2026-09-28 04:13 UTC,2026,3,2026_03_ATL_GB,5.04,44.987,4.5,42.5,
2026-09-28 04:13 UTC,2026,3,2026_03_LAC_BUF,7.415,47.223,7.0,50.5,
2026-09-28 04:13 UTC,2026,3,2026_03_CAR_CLE,0.73,45.028,-2.5,41.5,
2026-09-28 04:13 UTC,2026,3,2026_03_NYJ_DET,6.85,52.335,7.0,49.5,
2026-09-28 04:13 UTC,2026,3,2026_03_HOU_IND,-1.595,45.654,-1.5,41.5,
2026-09-28 04:13 UTC,2026,3,2026_03_NE_JAX,3.114,43.787,3.0,46.5,
2026-09-28 04:13 UTC,2026,3,2026_03_KC_MIA,-6.825,47.962,-10.0,45.5,
2026-09-28 04:13 UTC,2026,3,2026_03_TEN_NYG,5.292,37.067,2.5,37.5,
2026-09-28 04:13 UTC,2026,3,2026_03_CIN_PIT,-0.663,41.834,-3.5,42.5,
2026-09-28 04:13 UTC,2026,3,2026_03_SEA_WAS,-7.312,44.144,-8.5,40.5,
2026-09-28 04:13 UTC,2026,3,2026_03_ARI_SF,9.327,49.957,7.5,48.5,
2026-09-28 04:13 UTC,2026,3,2026_03_MIN_TB,-1.325,42.582,-1.5,42.5,
2026-09-28 04:13 UTC,2026,3,2026_03_BAL_DAL,-1.748,54.843,-3.0,53.5,
2026-09-28 04:13 UTC,2026,3,2026_03_LV_NO,3.473,45.716,3.5,43.5,
2026-09-28 04:13 UTC,2026,3,2026_03_LA_DEN,1.935,44.525,-1.5,43.5,
2026-09-28 04:13 UTC,2026,3,2026_03_PHI_CHI,-3.798,43.57,-4.5,41.5,
2026-09-28 05:15 UTC,2026,3,2026_03_ATL_GB,5.04,44.987,4.5,42.5,
2026-09-28 05:15 UTC,2026,3,2026_03_LAC_BUF,7.415,47.223,7.0,50.5,
2026-09-28 05:15 UTC,2026,3,2026_03_CAR_CLE,0.73,45.028,-2.5,41.5,
2026-09-28 05:15 UTC,2026,3,2026_03_NYJ_DET,6.85,52.335,7.0,49.5,
2026-09-28 05:15 UTC,2026,3,2026_03_HOU_IND,-1.595,45.654,-1.5,41.5,
2026-09-28 05:15 UTC,2026,3,2026_03_NE_JAX,3.114,43.787,3.0,46.5,
2026-09-28 05:15 UTC,2026,3,2026_03_KC_MIA,-6.825,47.962,-10.0,45.5,
2026-09-28 05:15 UTC,2026,3,2026_03_TEN_NYG,5.292,37.067,2.5,37.5,
2026-09-28 05:15 UTC,2026,3,2026_03_CIN_PIT,-0.663,41.834,-3.5,42.5,
2026-09-28 05:15 UTC,2026,3,2026_03_SEA_WAS,-7.312,44.144,-8.5,40.5,
2026-09-28 05:15 UTC,2026,3,2026_03_ARI_SF,9.327,49.957,7.5,48.5,
2026-09-28 05:15 UTC,2026,3,2026_03_MIN_TB,-1.325,42.582,-1.5,42.5,
2026-09-28 05:15 UTC,2026,3,2026_03_BAL_DAL,-1.748,54.843,-3.0,53.5,
2026-09-28 05:15 UTC,2026,3,2026_03_LV_NO,3.473,45.716,3.5,43.5,
2026-09-28 05:15 UTC,2026,3,2026_03_LA_DEN,1.935,44.525,-1.5,43.5,
2026-09-28 05:15 UTC,2026,3,2026_03_PHI_CHI,-3.798,43.57,-3.5,41.5,
2026-09-28 13:50 UTC,2026,3,2026_03_ATL_GB,5.04,44.987,4.5,42.5,
2026-09-28 13:50 UTC,2026,3,2026_03_LAC_BUF,7.319,47.394,7.0,50.5,
2026-09-28 13:50 UTC,2026,3,2026_03_CAR_CLE,1.561,44.466,-2.5,41.5,CLE +2.5
2026-09-28 13:50 UTC,2026,3,2026_03_NYJ_DET,7.291,52.806,7.0,49.5,
2026-09-28 13:50 UTC,2026,3,2026_03_HOU_IND,-1.227,45.524,-1.5,41.5,
2026-09-28 13:50 UTC,2026,3,2026_03_NE_JAX,3.484,44.288,3.0,46.5,
2026-09-28 13:50 UTC,2026,3,2026_03_KC_MIA,-6.344,48.284,-10.0,45.5,
2026-09-28 13:50 UTC,2026,3,2026_03_TEN_NYG,4.459,38.105,2.5,37.5,
2026-09-28 13:50 UTC,2026,3,2026_03_CIN_PIT,-0.547,42.041,-3.5,42.5,
2026-09-28 13:50 UTC,2026,3,2026_03_SEA_WAS,-7.33,43.819,-8.5,40.5,
2026-09-28 13:50 UTC,2026,3,2026_03_ARI_SF,9.123,50.572,7.5,48.5,
2026-09-28 13:50 UTC,2026,3,2026_03_MIN_TB,-1.014,41.688,-1.5,42.5,
2026-09-28 13:50 UTC,2026,3,2026_03_BAL_DAL,-1.834,54.144,-3.0,53.5,
2026-09-28 13:50 UTC,2026,3,2026_03_LV_NO,3.548,44.989,3.5,43.5,
2026-09-28 13:50 UTC,2026,3,2026_03_LA_DEN,2.567,42.876,-1.5,43.5,DEN +1.5
2026-09-28 13:50 UTC,2026,3,2026_03_PHI_CHI,-3.798,43.516,-3.5,41.5,
2026-09-28 14:11 UTC,2026,3,2026_03_ATL_GB,5.04,44.987,4.5,42.5,
2026-09-28 14:11 UTC,2026,3,2026_03_LAC_BUF,7.319,47.394,7.0,50.5,
2026-09-28 14:11 UTC,2026,3,2026_03_CAR_CLE,1.561,44.466,-2.5,41.5,CLE +2.5
2026-09-28 14:11 UTC,2026,3,2026_03_NYJ_DET,7.291,52.806,7.0,49.5,
2026-09-28 14:11 UTC,2026,3,2026_03_HOU_IND,-1.227,45.524,-1.5,41.5,
2026-09-28 14:11 UTC,2026,3,2026_03_NE_JAX,3.484,44.288,3.0,46.5,
2026-09-28 14:11 UTC,2026,3,2026_03_KC_MIA,-6.344,48.284,-10.0,45.5,
2026-09-28 14:11 UTC,2026,3,2026_03_TEN_NYG,4.459,38.105,2.5,37.5,
2026-09-28 14:11 UTC,2026,3,2026_03_CIN_PIT,-0.547,42.041,-3.5,42.5,
2026-09-28 14:11 UTC,2026,3,2026_03_SEA_WAS,-7.33,43.819,-8.5,40.5,
2026-09-28 14:11 UTC,2026,3,2026_03_ARI_SF,9.123,50.572,7.5,48.5,
2026-09-28 14:11 UTC,2026,3,2026_03_MIN_TB,-1.014,41.688,-1.5,42.5,
2026-09-28 14:11 UTC,2026,3,2026_03_BAL_DAL,-1.834,54.144,-3.0,53.5,
2026-09-28 14:11 UTC,2026,3,2026_03_LV_NO,3.548,44.989,3.5,43.5,
2026-09-28 14:11 UTC,2026,3,2026_03_LA_DEN,2.567,42.876,-1.5,43.5,DEN +1.5
2026-09-28 14:11 UTC,2026,3,2026_03_PHI_CHI,-3.798,43.516,-3.5,41.5,
2026-09-28 14:32 UTC,2026,3,2026_03_ATL_GB,5.04,44.987,4.5,42.5,
2026-09-28 14:32 UTC,2026,3,2026_03_LAC_BUF,7.319,47.394,7.0,50.5,
2026-09-28 14:32 UTC,2026,3,2026_03_CAR_CLE,1.561,44.466,-2.5,41.5,CLE +2.5
2026-09-28 14:32 UTC,2026,3,2026_03_NYJ_DET,7.291,52.806,7.0,49.5,
2026-09-28 14:32 UTC,2026,3,2026_03_HOU_IND,-1.227,45.524,-1.5,41.5,
2026-09-28 14:32 UTC,2026,3,2026_03_NE_JAX,3.484,44.288,3.0,46.5,
2026-09-28 14:32 UTC,2026,3,2026_03_KC_MIA,-6.344,48.284,-10.0,45.5,
2026-09-28 14:32 UTC,2026,3,2026_03_TEN_NYG,4.459,38.105,2.5,37.5,
2026-09-28 14:32 UTC,2026,3,2026_03_CIN_PIT,-0.547,42.041,-3.5,42.5,
2026-09-28 14:32 UTC,2026,3,2026_03_SEA_WAS,-7.33,43.819,-8.5,40.5,
2026-09-28 14:32 UTC,2026,3,2026_03_ARI_SF,9.123,50.572,7.5,48.5,
2026-09-28 14:32 UTC,2026,3,2026_03_MIN_TB,-1.014,41.688,-1.5,42.5,
2026-09-28 14:32 UTC,2026,3,2026_03_BAL_DAL,-1.834,54.144,-3.0,53.5,
2026-09-28 14:32 UTC,2026,3,2026_03_LV_NO,3.548,44.989,3.5,43.5,
2026-09-28 14:32 UTC,2026,3,2026_03_LA_DEN,2.567,42.876,-1.5,43.5,DEN +1.5
2026-09-28 14:32 UTC,2026,3,2026_03_PHI_CHI,-3.798,43.543,-3.5,41.5,
2026-09-28 15:13 UTC,2026,3,2026_03_ATL_GB,5.04,44.987,4.5,42.5,
2026-09-28 15:13 UTC,2026,3,2026_03_LAC_BUF,7.319,47.394,7.0,50.5,
2026-09-28 15:13 UTC,2026,3,2026_03_CAR_CLE,1.561,44.466,-2.5,41.5,CLE +2.5
2026-09-28 15:13 UTC,2026,3,2026_03_NYJ_DET,7.291,52.806,7.0,49.5,
2026-09-28 15:13 UTC,2026,3,2026_03_HOU_IND,-1.227,45.524,-1.5,41.5,
2026-09-28 15:13 UTC,2026,3,2026_03_NE_JAX,3.484,44.288,3.0,46.5,
2026-09-28 15:13 UTC,2026,3,2026_03_KC_MIA,-6.344,48.284,-10.0,45.5,
2026-09-28 15:13 UTC,2026,3,2026_03_TEN_NYG,4.459,38.105,2.5,37.5,
2026-09-28 15:13 UTC,2026,3,2026_03_CIN_PIT,-0.547,42.041,-3.5,42.5,
2026-09-28 15:13 UTC,2026,3,2026_03_SEA_WAS,-7.33,43.819,-8.5,40.5,
2026-09-28 15:13 UTC,2026,3,2026_03_ARI_SF,9.123,50.572,7.5,48.5,
2026-09-28 15:13 UTC,2026,3,2026_03_MIN_TB,-1.014,41.688,-1.5,42.5,
2026-09-28 15:13 UTC,2026,3,2026_03_BAL_DAL,-1.834,54.144,-3.0,53.5,
2026-09-28 15:13 UTC,2026,3,2026_03_LV_NO,3.548,44.989,3.5,43.5,
2026-09-28 15:13 UTC,2026,3,2026_03_LA_DEN,2.567,42.876,-1.5,43.5,DEN +1.5
2026-09-28 15:13 UTC,2026,3,2026_03_PHI_CHI,-3.756,43.433,-3.5,41.5,
2026-09-28 15:34 UTC,2026,3,2026_03_ATL_GB,5.04,44.987,4.5,42.5,
2026-09-28 15:34 UTC,2026,3,2026_03_LAC_BUF,7.319,47.394,7.0,50.5,
2026-09-28 15:34 UTC,2026,3,2026_03_CAR_CLE,1.561,44.466,-2.5,41.5,CLE +2.5
2026-09-28 15:34 UTC,2026,3,2026_03_NYJ_DET,7.291,52.806,7.0,49.5,
2026-09-28 15:34 UTC,2026,3,2026_03_HOU_IND,-1.227,45.524,-1.5,41.5,
2026-09-28 15:34 UTC,2026,3,2026_03_NE_JAX,3.484,44.288,3.0,46.5,
2026-09-28 15:34 UTC,2026,3,2026_03_KC_MIA,-6.344,48.284,-10.0,45.5,
2026-09-28 15:34 UTC,2026,3,2026_03_TEN_NYG,4.459,38.105,2.5,37.5,
2026-09-28 15:34 UTC,2026,3,2026_03_CIN_PIT,-0.547,42.041,-3.5,42.5,
2026-09-28 15:34 UTC,2026,3,2026_03_SEA_WAS,-7.33,43.819,-8.5,40.5,
2026-09-28 15:34 UTC,2026,3,2026_03_ARI_SF,9.123,50.572,7.5,48.5,
2026-09-28 15:34 UTC,2026,3,2026_03_MIN_TB,-1.014,41.688,-1.5,42.5,
2026-09-28 15:34 UTC,2026,3,2026_03_BAL_DAL,-1.834,54.144,-3.0,53.5,
2026-09-28 15:34 UTC,2026,3,2026_03_LV_NO,3.548,44.989,3.5,43.5,
2026-09-28 15:34 UTC,2026,3,2026_03_LA_DEN,2.567,42.876,-1.5,43.5,DEN +1.5
2026-09-28 15:34 UTC,2026,3,2026_03_PHI_CHI,-3.756,43.433,-3.5,41.5,
2026-09-28 15:55 UTC,2026,3,2026_03_ATL_GB,5.04,44.987,4.5,42.5,
2026-09-28 15:55 UTC,2026,3,2026_03_LAC_BUF,7.319,47.394,7.0,50.5,
2026-09-28 15:55 UTC,2026,3,2026_03_CAR_CLE,1.561,44.466,-2.5,41.5,CLE +2.5
2026-09-28 15:55 UTC,2026,3,2026_03_NYJ_DET,7.291,52.806,7.0,49.5,
2026-09-28 15:55 UTC,2026,3,2026_03_HOU_IND,-1.227,45.524,-1.5,41.5,
2026-09-28 15:55 UTC,2026,3,2026_03_NE_JAX,3.484,44.288,3.0,46.5,
2026-09-28 15:55 UTC,2026,3,2026_03_KC_MIA,-6.344,48.284,-10.0,45.5,
2026-09-28 15:55 UTC,2026,3,2026_03_TEN_NYG,4.459,38.105,2.5,37.5,
2026-09-28 15:55 UTC,2026,3,2026_03_CIN_PIT,-0.547,42.041,-3.5,42.5,
2026-09-28 15:55 UTC,2026,3,2026_03_SEA_WAS,-7.33,43.819,-8.5,40.5,
2026-09-28 15:55 UTC,2026,3,2026_03_ARI_SF,9.123,50.572,7.5,48.5,
2026-09-28 15:55 UTC,2026,3,2026_03_MIN_TB,-1.014,41.688,-1.5,42.5,
2026-09-28 15:55 UTC,2026,3,2026_03_BAL_DAL,-1.834,54.144,-3.0,53.5,
2026-09-28 15:55 UTC,2026,3,2026_03_LV_NO,3.548,44.989,3.5,43.5,
2026-09-28 15:55 UTC,2026,3,2026_03_LA_DEN,2.567,42.876,-1.5,43.5,DEN +1.5
2026-09-28 15:55 UTC,2026,3,2026_03_PHI_CHI,-3.756,43.433,-3.5,41.5,
2026-09-28 16:14 UTC,2026,3,2026_03_ATL_GB,5.04,44.987,4.5,42.5,
2026-09-28 16:14 UTC,2026,3,2026_03_LAC_BUF,7.319,47.394,7.0,50.5,
2026-09-28 16:14 UTC,2026,3,2026_03_CAR_CLE,1.561,44.466,-2.5,41.5,CLE +2.5
2026-09-28 16:14 UTC,2026,3,2026_03_NYJ_DET,7.291,52.806,7.0,49.5,
2026-09-28 16:14 UTC,2026,3,2026_03_HOU_IND,-1.227,45.524,-1.5,41.5,
2026-09-28 16:14 UTC,2026,3,2026_03_NE_JAX,3.484,44.288,3.0,46.5,
2026-09-28 16:14 UTC,2026,3,2026_03_KC_MIA,-6.344,48.284,-10.0,45.5,
2026-09-28 16:14 UTC,2026,3,2026_03_TEN_NYG,4.459,38.105,2.5,37.5,
2026-09-28 16:14 UTC,2026,3,2026_03_CIN_PIT,-0.547,42.041,-3.5,42.5,
2026-09-28 16:14 UTC,2026,3,2026_03_SEA_WAS,-7.33,43.819,-8.5,40.5,
2026-09-28 16:14 UTC,2026,3,2026_03_ARI_SF,9.123,50.572,7.5,48.5,
2026-09-28 16:14 UTC,2026,3,2026_03_MIN_TB,-1.014,41.688,-1.5,42.5,
2026-09-28 16:14 UTC,2026,3,2026_03_BAL_DAL,-1.834,54.144,-3.0,53.5,
2026-09-28 16:14 UTC,2026,3,2026_03_LV_NO,3.548,44.989,3.5,43.5,
2026-09-28 16:14 UTC,2026,3,2026_03_LA_DEN,2.567,42.876,-1.5,43.5,DEN +1.5
2026-09-28 16:14 UTC,2026,3,2026_03_PHI_CHI,-3.798,43.598,-3.5,41.5,
2026-09-28 16:35 UTC,2026,3,2026_03_ATL_GB,5.04,44.987,4.5,42.5,
2026-09-28 16:35 UTC,2026,3,2026_03_LAC_BUF,7.319,47.394,7.0,50.5,
2026-09-28 16:35 UTC,2026,3,2026_03_CAR_CLE,1.561,44.466,-2.5,41.5,CLE +2.5
2026-09-28 16:35 UTC,2026,3,2026_03_NYJ_DET,7.291,52.806,7.0,49.5,
2026-09-28 16:35 UTC,2026,3,2026_03_HOU_IND,-1.227,45.524,-1.5,41.5,
2026-09-28 16:35 UTC,2026,3,2026_03_NE_JAX,3.484,44.288,3.0,46.5,
2026-09-28 16:35 UTC,2026,3,2026_03_KC_MIA,-6.344,48.284,-10.0,45.5,
2026-09-28 16:35 UTC,2026,3,2026_03_TEN_NYG,4.459,38.105,2.5,37.5,
2026-09-28 16:35 UTC,2026,3,2026_03_CIN_PIT,-0.547,42.041,-3.5,42.5,
2026-09-28 16:35 UTC,2026,3,2026_03_SEA_WAS,-7.33,43.819,-8.5,40.5,
2026-09-28 16:35 UTC,2026,3,2026_03_ARI_SF,9.123,50.572,7.5,48.5,
2026-09-28 16:35 UTC,2026,3,2026_03_MIN_TB,-1.014,41.688,-1.5,42.5,
2026-09-28 16:35 UTC,2026,3,2026_03_BAL_DAL,-1.834,54.144,-3.0,53.5,
2026-09-28 16:35 UTC,2026,3,2026_03_LV_NO,3.548,44.989,3.5,43.5,
2026-09-28 16:35 UTC,2026,3,2026_03_LA_DEN,2.567,42.876,-1.5,43.5,DEN +1.5
2026-09-28 16:35 UTC,2026,3,2026_03_PHI_CHI,-3.798,43.598,-3.5,41.5,
2026-09-28 16:55 UTC,2026,3,2026_03_ATL_GB,5.04,44.987,4.5,42.5,
2026-09-28 16:55 UTC,2026,3,2026_03_LAC_BUF,7.319,47.394,7.0,50.5,
2026-09-28 16:55 UTC,2026,3,2026_03_CAR_CLE,1.561,44.466,-2.5,41.5,CLE +2.5
2026-09-28 16:55 UTC,2026,3,2026_03_NYJ_DET,7.291,52.806,7.0,49.5,
2026-09-28 16:55 UTC,2026,3,2026_03_HOU_IND,-1.227,45.524,-1.5,41.5,
2026-09-28 16:55 UTC,2026,3,2026_03_NE_JAX,3.484,44.288,3.0,46.5,
2026-09-28 16:55 UTC,2026,3,2026_03_KC_MIA,-6.344,48.284,-10.0,45.5,
2026-09-28 16:55 UTC,2026,3,2026_03_TEN_NYG,4.459,38.105,2.5,37.5,
2026-09-28 16:55 UTC,2026,3,2026_03_CIN_PIT,-0.547,42.041,-3.5,42.5,
2026-09-28 16:55 UTC,2026,3,2026_03_SEA_WAS,-7.33,43.819,-8.5,40.5,
2026-09-28 16:55 UTC,2026,3,2026_03_ARI_SF,9.123,50.572,7.5,48.5,
2026-09-28 16:55 UTC,2026,3,2026_03_MIN_TB,-1.014,41.688,-1.5,42.5,
2026-09-28 16:55 UTC,2026,3,2026_03_BAL_DAL,-1.834,54.144,-3.0,53.5,
2026-09-28 16:55 UTC,2026,3,2026_03_LV_NO,3.548,44.989,3.5,43.5,
2026-09-28 16:55 UTC,2026,3,2026_03_LA_DEN,2.567,42.876,-1.5,43.5,DEN +1.5
2026-09-28 16:55 UTC,2026,3,2026_03_PHI_CHI,-3.798,43.488,-3.5,41.5,
2026-09-28 17:26 UTC,2026,3,2026_03_ATL_GB,5.04,44.987,4.5,42.5,
2026-09-28 17:26 UTC,2026,3,2026_03_LAC_BUF,7.319,47.394,7.0,50.5,
2026-09-28 17:26 UTC,2026,3,2026_03_CAR_CLE,1.561,44.466,-2.5,41.5,CLE +2.5
2026-09-28 17:26 UTC,2026,3,2026_03_NYJ_DET,7.291,52.806,7.0,49.5,
2026-09-28 17:26 UTC,2026,3,2026_03_HOU_IND,-1.227,45.524,-1.5,41.5,
2026-09-28 17:26 UTC,2026,3,2026_03_NE_JAX,3.484,44.288,3.0,46.5,
2026-09-28 17:26 UTC,2026,3,2026_03_KC_MIA,-6.344,48.284,-10.0,45.5,
2026-09-28 17:26 UTC,2026,3,2026_03_TEN_NYG,4.459,38.105,2.5,37.5,
2026-09-28 17:26 UTC,2026,3,2026_03_CIN_PIT,-0.547,42.041,-3.5,42.5,
2026-09-28 17:26 UTC,2026,3,2026_03_SEA_WAS,-7.33,43.819,-8.5,40.5,
2026-09-28 17:26 UTC,2026,3,2026_03_ARI_SF,9.123,50.572,7.5,48.5,
2026-09-28 17:26 UTC,2026,3,2026_03_MIN_TB,-1.014,41.688,-1.5,42.5,
2026-09-28 17:26 UTC,2026,3,2026_03_BAL_DAL,-1.834,54.144,-3.0,53.5,
2026-09-28 17:26 UTC,2026,3,2026_03_LV_NO,3.548,44.989,3.5,43.5,
2026-09-28 17:26 UTC,2026,3,2026_03_LA_DEN,2.567,42.876,-1.5,43.5,DEN +1.5
2026-09-28 17:26 UTC,2026,3,2026_03_PHI_CHI,-3.798,43.488,-3.5,41.5,
2026-09-28 18:26 UTC,2026,3,2026_03_ATL_GB,5.04,44.987,4.5,42.5,
2026-09-28 18:26 UTC,2026,3,2026_03_LAC_BUF,7.319,47.394,7.0,50.5,
2026-09-28 18:26 UTC,2026,3,2026_03_CAR_CLE,1.561,44.466,-2.5,41.5,CLE +2.5
2026-09-28 18:26 UTC,2026,3,2026_03_NYJ_DET,7.291,52.806,7.0,49.5,
2026-09-28 18:26 UTC,2026,3,2026_03_HOU_IND,-1.227,45.524,-1.5,41.5,
2026-09-28 18:26 UTC,2026,3,2026_03_NE_JAX,3.484,44.288,3.0,46.5,
2026-09-28 18:26 UTC,2026,3,2026_03_KC_MIA,-6.344,48.284,-10.0,45.5,
2026-09-28 18:26 UTC,2026,3,2026_03_TEN_NYG,4.459,38.105,2.5,37.5,
2026-09-28 18:26 UTC,2026,3,2026_03_CIN_PIT,-0.547,42.041,-3.5,42.5,
2026-09-28 18:26 UTC,2026,3,2026_03_SEA_WAS,-7.33,43.819,-8.5,40.5,
2026-09-28 18:26 UTC,2026,3,2026_03_ARI_SF,9.123,50.572,7.5,48.5,
2026-09-28 18:26 UTC,2026,3,2026_03_MIN_TB,-1.014,41.688,-1.5,42.5,
2026-09-28 18:26 UTC,2026,3,2026_03_BAL_DAL,-1.834,54.144,-3.0,53.5,
2026-09-28 18:26 UTC,2026,3,2026_03_LV_NO,3.548,44.989,3.5,43.5,
2026-09-28 18:26 UTC,2026,3,2026_03_LA_DEN,2.567,42.876,-1.5,43.5,DEN +1.5
2026-09-28 18:26 UTC,2026,3,2026_03_PHI_CHI,-3.798,43.488,-3.5,41.5,
2026-09-28 18:48 UTC,2026,3,2026_03_ATL_GB,5.04,44.987,4.5,42.5,
2026-09-28 18:48 UTC,2026,3,2026_03_LAC_BUF,7.319,47.394,7.0,50.5,
2026-09-28 18:48 UTC,2026,3,2026_03_CAR_CLE,1.561,44.466,-2.5,41.5,CLE +2.5
2026-09-28 18:48 UTC,2026,3,2026_03_NYJ_DET,7.291,52.806,7.0,49.5,
2026-09-28 18:48 UTC,2026,3,2026_03_HOU_IND,-1.227,45.524,-1.5,41.5,
2026-09-28 18:48 UTC,2026,3,2026_03_NE_JAX,3.484,44.288,3.0,46.5,
2026-09-28 18:48 UTC,2026,3,2026_03_KC_MIA,-6.344,48.284,-10.0,45.5,
2026-09-28 18:48 UTC,2026,3,2026_03_TEN_NYG,4.459,38.105,2.5,37.5,
2026-09-28 18:48 UTC,2026,3,2026_03_CIN_PIT,-0.547,42.041,-3.5,42.5,
2026-09-28 18:48 UTC,2026,3,2026_03_SEA_WAS,-7.33,43.819,-8.5,40.5,
2026-09-28 18:48 UTC,2026,3,2026_03_ARI_SF,9.123,50.572,7.5,48.5,
2026-09-28 18:48 UTC,2026,3,2026_03_MIN_TB,-1.014,41.688,-1.5,42.5,
2026-09-28 18:48 UTC,2026,3,2026_03_BAL_DAL,-1.834,54.144,-3.0,53.5,
2026-09-28 18:48 UTC,2026,3,2026_03_LV_NO,3.548,44.989,3.5,43.5,
2026-09-28 18:48 UTC,2026,3,2026_03_LA_DEN,2.567,42.876,-1.5,43.5,DEN +1.5
2026-09-28 18:48 UTC,2026,3,2026_03_PHI_CHI,-3.756,43.406,-3.5,41.5,
2026-09-28 19:15 UTC,2026,3,2026_03_ATL_GB,5.04,44.987,4.5,42.5,
2026-09-28 19:15 UTC,2026,3,2026_03_LAC_BUF,7.319,47.394,7.0,50.5,
2026-09-28 19:15 UTC,2026,3,2026_03_CAR_CLE,1.561,44.466,-2.5,41.5,CLE +2.5
2026-09-28 19:15 UTC,2026,3,2026_03_NYJ_DET,7.291,52.806,7.0,49.5,
2026-09-28 19:15 UTC,2026,3,2026_03_HOU_IND,-1.227,45.524,-1.5,41.5,
2026-09-28 19:15 UTC,2026,3,2026_03_NE_JAX,3.484,44.288,3.0,46.5,
2026-09-28 19:15 UTC,2026,3,2026_03_KC_MIA,-6.344,48.284,-10.0,45.5,
2026-09-28 19:15 UTC,2026,3,2026_03_TEN_NYG,4.459,38.105,2.5,37.5,
2026-09-28 19:15 UTC,2026,3,2026_03_CIN_PIT,-0.547,42.041,-3.5,42.5,
2026-09-28 19:15 UTC,2026,3,2026_03_SEA_WAS,-7.33,43.819,-8.5,40.5,
2026-09-28 19:15 UTC,2026,3,2026_03_ARI_SF,9.123,50.572,7.5,48.5,
2026-09-28 19:15 UTC,2026,3,2026_03_MIN_TB,-1.014,41.688,-1.5,42.5,
2026-09-28 19:15 UTC,2026,3,2026_03_BAL_DAL,-1.834,54.144,-3.0,53.5,
2026-09-28 19:15 UTC,2026,3,2026_03_LV_NO,3.548,44.989,3.5,43.5,
2026-09-28 19:15 UTC,2026,3,2026_03_LA_DEN,2.567,42.876,-1.5,43.5,DEN +1.5
2026-09-28 19:15 UTC,2026,3,2026_03_PHI_CHI,-3.756,43.406,-3.5,41.5,
2026-09-28 19:57 UTC,2026,3,2026_03_ATL_GB,5.04,44.987,4.5,42.5,
2026-09-28 19:57 UTC,2026,3,2026_03_LAC_BUF,7.319,47.394,7.0,50.5,
2026-09-28 19:57 UTC,2026,3,2026_03_CAR_CLE,1.561,44.466,-2.5,41.5,CLE +2.5
2026-09-28 19:57 UTC,2026,3,2026_03_NYJ_DET,7.291,52.806,7.0,49.5,
2026-09-28 19:57 UTC,2026,3,2026_03_HOU_IND,-1.227,45.524,-1.5,41.5,
2026-09-28 19:57 UTC,2026,3,2026_03_NE_JAX,3.484,44.288,3.0,46.5,
2026-09-28 19:57 UTC,2026,3,2026_03_KC_MIA,-6.344,48.284,-10.0,45.5,
2026-09-28 19:57 UTC,2026,3,2026_03_TEN_NYG,4.459,38.105,2.5,37.5,
2026-09-28 19:57 UTC,2026,3,2026_03_CIN_PIT,-0.547,42.041,-3.5,42.5,
2026-09-28 19:57 UTC,2026,3,2026_03_SEA_WAS,-7.33,43.819,-8.5,40.5,
2026-09-28 19:57 UTC,2026,3,2026_03_ARI_SF,9.123,50.572,7.5,48.5,
2026-09-28 19:57 UTC,2026,3,2026_03_MIN_TB,-1.014,41.688,-1.5,42.5,
2026-09-28 19:57 UTC,2026,3,2026_03_BAL_DAL,-1.834,54.144,-3.0,53.5,
2026-09-28 19:57 UTC,2026,3,2026_03_LV_NO,3.548,44.989,3.5,43.5,
2026-09-28 19:57 UTC,2026,3,2026_03_LA_DEN,2.567,42.876,-1.5,43.5,DEN +1.5
2026-09-28 19:57 UTC,2026,3,2026_03_PHI_CHI,-3.756,43.406,-3.5,41.5,
2026-09-28 20:27 UTC,2026,3,2026_03_ATL_GB,5.04,44.987,4.5,42.5,
2026-09-28 20:27 UTC,2026,3,2026_03_LAC_BUF,7.319,47.394,7.0,50.5,
2026-09-28 20:27 UTC,2026,3,2026_03_CAR_CLE,1.561,44.466,-2.5,41.5,CLE +2.5
2026-09-28 20:27 UTC,2026,3,2026_03_NYJ_DET,7.291,52.806,7.0,49.5,
2026-09-28 20:27 UTC,2026,3,2026_03_HOU_IND,-1.227,45.524,-1.5,41.5,
2026-09-28 20:27 UTC,2026,3,2026_03_NE_JAX,3.484,44.288,3.0,46.5,
2026-09-28 20:27 UTC,2026,3,2026_03_KC_MIA,-6.344,48.284,-10.0,45.5,
2026-09-28 20:27 UTC,2026,3,2026_03_TEN_NYG,4.459,38.105,2.5,37.5,
2026-09-28 20:27 UTC,2026,3,2026_03_CIN_PIT,-0.547,42.041,-3.5,42.5,
2026-09-28 20:27 UTC,2026,3,2026_03_SEA_WAS,-7.33,43.819,-8.5,40.5,
2026-09-28 20:27 UTC,2026,3,2026_03_ARI_SF,9.123,50.572,7.5,48.5,
2026-09-28 20:27 UTC,2026,3,2026_03_MIN_TB,-1.014,41.688,-1.5,42.5,
2026-09-28 20:27 UTC,2026,3,2026_03_BAL_DAL,-1.834,54.144,-3.0,53.5,
2026-09-28 20:27 UTC,2026,3,2026_03_LV_NO,3.548,44.989,3.5,43.5,
2026-09-28 20:27 UTC,2026,3,2026_03_LA_DEN,2.567,42.876,-1.5,43.5,DEN +1.5
2026-09-28 20:27 UTC,2026,3,2026_03_PHI_CHI,-3.756,43.406,-3.5,41.5,
2026-09-28 20:52 UTC,2026,3,2026_03_ATL_GB,5.04,45.96,4.5,42.5,
2026-09-28 20:52 UTC,2026,3,2026_03_LAC_BUF,7.319,47.893,7.0,50.5,
2026-09-28 20:52 UTC,2026,3,2026_03_CAR_CLE,1.561,44.397,-2.5,41.5,CLE +2.5
2026-09-28 20:52 UTC,2026,3,2026_03_NYJ_DET,7.291,52.048,7.0,49.5,
2026-09-28 20:52 UTC,2026,3,2026_03_HOU_IND,-1.227,45.929,-1.5,41.5,
2026-09-28 20:52 UTC,2026,3,2026_03_NE_JAX,3.484,44.226,3.0,46.5,
2026-09-28 20:52 UTC,2026,3,2026_03_KC_MIA,-6.344,48.757,-10.0,45.5,
2026-09-28 20:52 UTC,2026,3,2026_03_TEN_NYG,4.459,38.358,2.5,37.5,
2026-09-28 20:52 UTC,2026,3,2026_03_CIN_PIT,-0.547,42.409,-3.5,42.5,
2026-09-28 20:52 UTC,2026,3,2026_03_SEA_WAS,-7.33,43.309,-8.5,40.5,
2026-09-28 20:52 UTC,2026,3,2026_03_ARI_SF,9.123,50.332,7.5,48.5,
2026-09-28 20:52 UTC,2026,3,2026_03_MIN_TB,-1.014,41.459,-1.5,42.5,
2026-09-28 20:52 UTC,2026,3,2026_03_BAL_DAL,-1.834,54.725,-3.0,53.5,
2026-09-28 20:52 UTC,2026,3,2026_03_LV_NO,3.548,44.202,3.5,43.5,
2026-09-28 20:52 UTC,2026,3,2026_03_LA_DEN,2.567,43.319,-1.5,43.5,DEN +1.5
2026-09-28 20:52 UTC,2026,3,2026_03_PHI_CHI,-3.756,43.112,-3.5,41.5,
2026-09-28 21:17 UTC,2026,3,2026_03_ATL_GB,5.04,45.96,4.5,42.5,
2026-09-28 21:17 UTC,2026,3,2026_03_LAC_BUF,7.319,47.893,7.0,50.5,
2026-09-28 21:17 UTC,2026,3,2026_03_CAR_CLE,1.561,44.397,-2.5,41.5,CLE +2.5
2026-09-28 21:17 UTC,2026,3,2026_03_NYJ_DET,7.291,52.048,7.0,49.5,
2026-09-28 21:17 UTC,2026,3,2026_03_HOU_IND,-1.227,45.929,-1.5,41.5,
2026-09-28 21:17 UTC,2026,3,2026_03_NE_JAX,3.484,44.226,3.0,46.5,
2026-09-28 21:17 UTC,2026,3,2026_03_KC_MIA,-6.344,48.757,-10.0,45.5,
2026-09-28 21:17 UTC,2026,3,2026_03_TEN_NYG,4.459,38.358,2.5,37.5,
2026-09-28 21:17 UTC,2026,3,2026_03_CIN_PIT,-0.547,42.409,-3.5,42.5,
2026-09-28 21:17 UTC,2026,3,2026_03_SEA_WAS,-7.33,43.309,-8.5,40.5,
2026-09-28 21:17 UTC,2026,3,2026_03_ARI_SF,9.123,50.332,7.5,48.5,
2026-09-28 21:17 UTC,2026,3,2026_03_MIN_TB,-1.014,41.459,-1.5,42.5,
2026-09-28 21:17 UTC,2026,3,2026_03_BAL_DAL,-1.834,54.725,-3.0,53.5,
2026-09-28 21:17 UTC,2026,3,2026_03_LV_NO,3.548,44.202,3.5,43.5,
2026-09-28 21:17 UTC,2026,3,2026_03_LA_DEN,2.567,43.319,-1.5,43.5,DEN +1.5
2026-09-28 21:17 UTC,2026,3,2026_03_PHI_CHI,-3.756,43.112,-3.5,42.5,
2026-09-28 21:59 UTC,2026,3,2026_03_ATL_GB,5.04,45.96,4.5,42.5,
2026-09-28 21:59 UTC,2026,3,2026_03_LAC_BUF,7.319,47.893,7.0,50.5,
2026-09-28 21:59 UTC,2026,3,2026_03_CAR_CLE,1.561,44.397,-2.5,41.5,CLE +2.5
2026-09-28 21:59 UTC,2026,3,2026_03_NYJ_DET,7.291,52.048,7.0,49.5,
2026-09-28 21:59 UTC,2026,3,2026_03_HOU_IND,-1.227,45.929,-1.5,41.5,
2026-09-28 21:59 UTC,2026,3,2026_03_NE_JAX,3.484,44.226,3.0,46.5,
2026-09-28 21:59 UTC,2026,3,2026_03_KC_MIA,-6.344,48.757,-10.0,45.5,
2026-09-28 21:59 UTC,2026,3,2026_03_TEN_NYG,4.459,38.358,2.5,37.5,
2026-09-28 21:59 UTC,2026,3,2026_03_CIN_PIT,-0.547,42.409,-3.5,42.5,
2026-09-28 21:59 UTC,2026,3,2026_03_SEA_WAS,-7.33,43.309,-8.5,40.5,
2026-09-28 21:59 UTC,2026,3,2026_03_ARI_SF,9.123,50.332,7.5,48.5,
2026-09-28 21:59 UTC,2026,3,2026_03_MIN_TB,-1.014,41.459,-1.5,42.5,
2026-09-28 21:59 UTC,2026,3,2026_03_BAL_DAL,-1.834,54.725,-3.0,53.5,
2026-09-28 21:59 UTC,2026,3,2026_03_LV_NO,3.548,44.202,3.5,43.5,
2026-09-28 21:59 UTC,2026,3,2026_03_LA_DEN,2.567,43.319,-1.5,43.5,DEN +1.5
2026-09-28 21:59 UTC,2026,3,2026_03_PHI_CHI,-3.798,43.331,-3.5,42.5,
2026-09-28 22:42 UTC,2026,3,2026_03_ATL_GB,5.04,45.96,4.5,42.5,
2026-09-28 22:42 UTC,2026,3,2026_03_LAC_BUF,7.319,47.893,7.0,50.5,
2026-09-28 22:42 UTC,2026,3,2026_03_CAR_CLE,1.561,44.397,-2.5,41.5,CLE +2.5
2026-09-28 22:42 UTC,2026,3,2026_03_NYJ_DET,7.291,52.048,7.0,49.5,
2026-09-28 22:42 UTC,2026,3,2026_03_HOU_IND,-1.227,45.929,-1.5,41.5,
2026-09-28 22:42 UTC,2026,3,2026_03_NE_JAX,3.484,44.226,3.0,46.5,
2026-09-28 22:42 UTC,2026,3,2026_03_KC_MIA,-6.344,48.757,-10.0,45.5,
2026-09-28 22:42 UTC,2026,3,2026_03_TEN_NYG,4.459,38.358,2.5,37.5,
2026-09-28 22:42 UTC,2026,3,2026_03_CIN_PIT,-0.547,42.409,-3.5,42.5,
2026-09-28 22:42 UTC,2026,3,2026_03_SEA_WAS,-7.33,43.309,-8.5,40.5,
2026-09-28 22:42 UTC,2026,3,2026_03_ARI_SF,9.123,50.332,7.5,48.5,
2026-09-28 22:42 UTC,2026,3,2026_03_MIN_TB,-1.014,41.459,-1.5,42.5,
2026-09-28 22:42 UTC,2026,3,2026_03_BAL_DAL,-1.834,54.725,-3.0,53.5,
2026-09-28 22:42 UTC,2026,3,2026_03_LV_NO,3.548,44.202,3.5,43.5,
2026-09-28 22:42 UTC,2026,3,2026_03_LA_DEN,2.567,43.319,-1.5,43.5,DEN +1.5
2026-09-28 22:42 UTC,2026,3,2026_03_PHI_CHI,-3.756,43.03,-3.5,42.5,
2026-09-28 23:10 UTC,2026,3,2026_03_ATL_GB,5.04,45.96,4.5,42.5,
2026-09-28 23:10 UTC,2026,3,2026_03_LAC_BUF,7.319,47.893,7.0,50.5,
2026-09-28 23:10 UTC,2026,3,2026_03_CAR_CLE,1.561,44.397,-2.5,41.5,CLE +2.5
2026-09-28 23:10 UTC,2026,3,2026_03_NYJ_DET,7.291,52.048,7.0,49.5,
2026-09-28 23:10 UTC,2026,3,2026_03_HOU_IND,-1.227,45.929,-1.5,41.5,
2026-09-28 23:10 UTC,2026,3,2026_03_NE_JAX,3.484,44.226,3.0,46.5,
2026-09-28 23:10 UTC,2026,3,2026_03_KC_MIA,-6.344,48.757,-10.0,45.5,
2026-09-28 23:10 UTC,2026,3,2026_03_TEN_NYG,4.459,38.358,2.5,37.5,
2026-09-28 23:10 UTC,2026,3,2026_03_CIN_PIT,-0.547,42.409,-3.5,42.5,
2026-09-28 23:10 UTC,2026,3,2026_03_SEA_WAS,-7.33,43.309,-8.5,40.5,
2026-09-28 23:10 UTC,2026,3,2026_03_ARI_SF,9.123,50.332,7.5,48.5,
2026-09-28 23:10 UTC,2026,3,2026_03_MIN_TB,-1.014,41.459,-1.5,42.5,
2026-09-28 23:10 UTC,2026,3,2026_03_BAL_DAL,-1.834,54.725,-3.0,53.5,
2026-09-28 23:10 UTC,2026,3,2026_03_LV_NO,3.548,44.202,3.5,43.5,
2026-09-28 23:10 UTC,2026,3,2026_03_LA_DEN,2.567,43.319,-1.5,43.5,DEN +1.5
2026-09-28 23:10 UTC,2026,3,2026_03_PHI_CHI,-3.498,43.497,-3.5,42.5,
2026-09-28 23:41 UTC,2026,3,2026_03_ATL_GB,5.04,45.96,4.5,42.5,
2026-09-28 23:41 UTC,2026,3,2026_03_LAC_BUF,7.319,47.893,7.0,50.5,
2026-09-28 23:41 UTC,2026,3,2026_03_CAR_CLE,1.561,44.397,-2.5,41.5,CLE +2.5
2026-09-28 23:41 UTC,2026,3,2026_03_NYJ_DET,7.291,52.048,7.0,49.5,
2026-09-28 23:41 UTC,2026,3,2026_03_HOU_IND,-1.227,45.929,-1.5,41.5,
2026-09-28 23:41 UTC,2026,3,2026_03_NE_JAX,3.484,44.226,3.0,46.5,
2026-09-28 23:41 UTC,2026,3,2026_03_KC_MIA,-6.344,48.757,-10.0,45.5,
2026-09-28 23:41 UTC,2026,3,2026_03_TEN_NYG,4.459,38.358,2.5,37.5,
2026-09-28 23:41 UTC,2026,3,2026_03_CIN_PIT,-0.547,42.409,-3.5,42.5,
2026-09-28 23:41 UTC,2026,3,2026_03_SEA_WAS,-7.33,43.309,-8.5,40.5,
2026-09-28 23:41 UTC,2026,3,2026_03_ARI_SF,9.123,50.332,7.5,48.5,
2026-09-28 23:41 UTC,2026,3,2026_03_MIN_TB,-1.014,41.459,-1.5,42.5,
2026-09-28 23:41 UTC,2026,3,2026_03_BAL_DAL,-1.834,54.725,-3.0,53.5,
2026-09-28 23:41 UTC,2026,3,2026_03_LV_NO,3.548,44.202,3.5,43.5,
2026-09-28 23:41 UTC,2026,3,2026_03_LA_DEN,2.567,43.319,-1.5,43.5,DEN +1.5
2026-09-28 23:41 UTC,2026,3,2026_03_PHI_CHI,-3.498,43.442,-3.5,42.5,
2026-09-29 00:13 UTC,2026,3,2026_03_ATL_GB,5.04,45.96,4.5,42.5,
2026-09-29 00:13 UTC,2026,3,2026_03_LAC_BUF,7.319,47.893,7.0,50.5,
2026-09-29 00:13 UTC,2026,3,2026_03_CAR_CLE,1.561,44.397,-2.5,41.5,CLE +2.5
2026-09-29 00:13 UTC,2026,3,2026_03_NYJ_DET,7.291,52.048,7.0,49.5,
2026-09-29 00:13 UTC,2026,3,2026_03_HOU_IND,-1.227,45.929,-1.5,41.5,
2026-09-29 00:13 UTC,2026,3,2026_03_NE_JAX,3.484,44.226,3.0,46.5,
2026-09-29 00:13 UTC,2026,3,2026_03_KC_MIA,-6.344,48.757,-10.0,45.5,
2026-09-29 00:13 UTC,2026,3,2026_03_TEN_NYG,4.459,38.358,2.5,37.5,
2026-09-29 00:13 UTC,2026,3,2026_03_CIN_PIT,-0.547,42.409,-3.5,42.5,
2026-09-29 00:13 UTC,2026,3,2026_03_SEA_WAS,-7.33,43.309,-8.5,40.5,
2026-09-29 00:13 UTC,2026,3,2026_03_ARI_SF,9.123,50.332,7.5,48.5,
2026-09-29 00:13 UTC,2026,3,2026_03_MIN_TB,-1.014,41.459,-1.5,42.5,
2026-09-29 00:13 UTC,2026,3,2026_03_BAL_DAL,-1.834,54.725,-3.0,53.5,
2026-09-29 00:13 UTC,2026,3,2026_03_LV_NO,3.548,44.202,3.5,43.5,
2026-09-29 00:13 UTC,2026,3,2026_03_LA_DEN,2.567,43.319,-1.5,43.5,DEN +1.5
2026-09-29 00:13 UTC,2026,3,2026_03_PHI_CHI,-3.498,43.442,-3.5,42.5,
2026-09-29 00:43 UTC,2026,3,2026_03_ATL_GB,5.04,45.96,4.5,42.5,
2026-09-29 00:43 UTC,2026,3,2026_03_LAC_BUF,7.319,47.893,7.0,50.5,
2026-09-29 00:43 UTC,2026,3,2026_03_CAR_CLE,1.561,44.397,-2.5,41.5,CLE +2.5
2026-09-29 00:43 UTC,2026,3,2026_03_NYJ_DET,7.291,52.048,7.0,49.5,
2026-09-29 00:43 UTC,2026,3,2026_03_HOU_IND,-1.227,45.929,-1.5,41.5,
2026-09-29 00:43 UTC,2026,3,2026_03_NE_JAX,3.484,44.226,3.0,46.5,
2026-09-29 00:43 UTC,2026,3,2026_03_KC_MIA,-6.344,48.757,-10.0,45.5,
2026-09-29 00:43 UTC,2026,3,2026_03_TEN_NYG,4.459,38.358,2.5,37.5,
2026-09-29 00:43 UTC,2026,3,2026_03_CIN_PIT,-0.547,42.409,-3.5,42.5,
2026-09-29 00:43 UTC,2026,3,2026_03_SEA_WAS,-7.33,43.309,-8.5,40.5,
2026-09-29 00:43 UTC,2026,3,2026_03_ARI_SF,9.123,50.332,7.5,48.5,
2026-09-29 00:43 UTC,2026,3,2026_03_MIN_TB,-1.014,41.459,-1.5,42.5,
2026-09-29 00:43 UTC,2026,3,2026_03_BAL_DAL,-1.834,54.725,-3.0,53.5,
2026-09-29 00:43 UTC,2026,3,2026_03_LV_NO,3.548,44.202,3.5,43.5,
2026-09-29 00:43 UTC,2026,3,2026_03_LA_DEN,2.567,43.319,-1.5,43.5,DEN +1.5
2026-09-29 00:43 UTC,2026,3,2026_03_PHI_CHI,-3.498,43.47,-3.5,42.5,
2026-09-29 01:41 UTC,2026,3,2026_03_ATL_GB,5.04,45.96,4.5,42.5,
2026-09-29 01:41 UTC,2026,3,2026_03_LAC_BUF,7.319,47.893,7.0,50.5,
2026-09-29 01:41 UTC,2026,3,2026_03_CAR_CLE,1.561,44.397,-2.5,41.5,CLE +2.5
2026-09-29 01:41 UTC,2026,3,2026_03_NYJ_DET,7.291,52.048,7.0,49.5,
2026-09-29 01:41 UTC,2026,3,2026_03_HOU_IND,-1.227,45.929,-1.5,41.5,
2026-09-29 01:41 UTC,2026,3,2026_03_NE_JAX,3.484,44.226,3.0,46.5,
2026-09-29 01:41 UTC,2026,3,2026_03_KC_MIA,-6.344,48.757,-10.0,45.5,
2026-09-29 01:41 UTC,2026,3,2026_03_TEN_NYG,4.459,38.358,2.5,37.5,
2026-09-29 01:41 UTC,2026,3,2026_03_CIN_PIT,-0.547,42.409,-3.5,42.5,
2026-09-29 01:41 UTC,2026,3,2026_03_SEA_WAS,-7.33,43.309,-8.5,40.5,
2026-09-29 01:41 UTC,2026,3,2026_03_ARI_SF,9.123,50.332,7.5,48.5,
2026-09-29 01:41 UTC,2026,3,2026_03_MIN_TB,-1.014,41.459,-1.5,42.5,
2026-09-29 01:41 UTC,2026,3,2026_03_BAL_DAL,-1.834,54.725,-3.0,53.5,
2026-09-29 01:41 UTC,2026,3,2026_03_LV_NO,3.548,44.202,3.5,43.5,
2026-09-29 01:41 UTC,2026,3,2026_03_LA_DEN,2.567,43.319,-1.5,43.5,DEN +1.5
2026-09-29 01:41 UTC,2026,3,2026_03_PHI_CHI,-3.498,43.47,-3.5,42.5,
2026-09-29 03:05 UTC,2026,3,2026_03_ATL_GB,5.04,45.96,4.5,42.5,
2026-09-29 03:05 UTC,2026,3,2026_03_LAC_BUF,7.319,47.893,7.0,50.5,
2026-09-29 03:05 UTC,2026,3,2026_03_CAR_CLE,1.561,44.397,-2.5,41.5,CLE +2.5
2026-09-29 03:05 UTC,2026,3,2026_03_NYJ_DET,7.291,52.048,7.0,49.5,
2026-09-29 03:05 UTC,2026,3,2026_03_HOU_IND,-1.227,45.929,-1.5,41.5,
2026-09-29 03:05 UTC,2026,3,2026_03_NE_JAX,3.484,44.226,3.0,46.5,
2026-09-29 03:05 UTC,2026,3,2026_03_KC_MIA,-6.344,48.757,-10.0,45.5,
2026-09-29 03:05 UTC,2026,3,2026_03_TEN_NYG,4.459,38.358,2.5,37.5,
2026-09-29 03:05 UTC,2026,3,2026_03_CIN_PIT,-0.547,42.409,-3.5,42.5,
2026-09-29 03:05 UTC,2026,3,2026_03_SEA_WAS,-7.33,43.309,-8.5,40.5,
2026-09-29 03:05 UTC,2026,3,2026_03_ARI_SF,9.123,50.332,7.5,48.5,
2026-09-29 03:05 UTC,2026,3,2026_03_MIN_TB,-1.014,41.459,-1.5,42.5,
2026-09-29 03:05 UTC,2026,3,2026_03_BAL_DAL,-1.834,54.725,-3.0,53.5,
2026-09-29 03:05 UTC,2026,3,2026_03_LV_NO,3.548,44.202,3.5,43.5,
2026-09-29 03:05 UTC,2026,3,2026_03_LA_DEN,2.567,43.319,-1.5,43.5,DEN +1.5
2026-09-29 03:05 UTC,2026,3,2026_03_PHI_CHI,-3.541,44.072,-3.5,42.5,
2026-09-29 04:08 UTC,2026,3,2026_03_ATL_GB,5.04,45.96,4.5,42.5,
2026-09-29 04:08 UTC,2026,3,2026_03_LAC_BUF,7.319,47.893,7.0,50.5,
2026-09-29 04:08 UTC,2026,3,2026_03_CAR_CLE,1.561,44.397,-2.5,41.5,CLE +2.5
2026-09-29 04:08 UTC,2026,3,2026_03_NYJ_DET,7.291,52.048,7.0,49.5,
2026-09-29 04:08 UTC,2026,3,2026_03_HOU_IND,-1.227,45.929,-1.5,41.5,
2026-09-29 04:08 UTC,2026,3,2026_03_NE_JAX,3.484,44.226,3.0,46.5,
2026-09-29 04:08 UTC,2026,3,2026_03_KC_MIA,-6.344,48.757,-10.0,45.5,
2026-09-29 04:08 UTC,2026,3,2026_03_TEN_NYG,4.459,38.358,2.5,37.5,
2026-09-29 04:08 UTC,2026,3,2026_03_CIN_PIT,-0.547,42.409,-3.5,42.5,
2026-09-29 04:08 UTC,2026,3,2026_03_SEA_WAS,-7.33,43.309,-8.5,40.5,
2026-09-29 04:08 UTC,2026,3,2026_03_ARI_SF,9.123,50.332,7.5,48.5,
2026-09-29 04:08 UTC,2026,3,2026_03_MIN_TB,-1.014,41.459,-1.5,42.5,
2026-09-29 04:08 UTC,2026,3,2026_03_BAL_DAL,-1.834,54.725,-3.0,53.5,
2026-09-29 04:08 UTC,2026,3,2026_03_LV_NO,3.548,44.202,3.5,43.5,
2026-09-29 04:08 UTC,2026,3,2026_03_LA_DEN,2.567,43.319,-1.5,43.5,DEN +1.5
2026-09-29 04:08 UTC,2026,3,2026_03_PHI_CHI,-3.541,44.072,-3.5,42.5,
2026-09-29 05:06 UTC,2026,3,2026_03_ATL_GB,5.04,45.96,4.5,42.5,
2026-09-29 05:06 UTC,2026,3,2026_03_LAC_BUF,7.319,47.893,7.0,50.5,
2026-09-29 05:06 UTC,2026,3,2026_03_CAR_CLE,1.561,44.397,-2.5,41.5,CLE +2.5
2026-09-29 05:06 UTC,2026,3,2026_03_NYJ_DET,7.291,52.048,7.0,49.5,
2026-09-29 05:06 UTC,2026,3,2026_03_HOU_IND,-1.227,45.929,-1.5,41.5,
2026-09-29 05:06 UTC,2026,3,2026_03_NE_JAX,3.484,44.226,3.0,46.5,
2026-09-29 05:06 UTC,2026,3,2026_03_KC_MIA,-6.344,48.757,-10.0,45.5,
2026-09-29 05:06 UTC,2026,3,2026_03_TEN_NYG,4.459,38.358,2.5,37.5,
2026-09-29 05:06 UTC,2026,3,2026_03_CIN_PIT,-0.547,42.409,-3.5,42.5,
2026-09-29 05:06 UTC,2026,3,2026_03_SEA_WAS,-7.33,43.309,-8.5,40.5,
2026-09-29 05:06 UTC,2026,3,2026_03_ARI_SF,9.123,50.332,7.5,48.5,
2026-09-29 05:06 UTC,2026,3,2026_03_MIN_TB,-1.014,41.459,-1.5,42.5,
2026-09-29 05:06 UTC,2026,3,2026_03_BAL_DAL,-1.834,54.725,-3.0,53.5,
2026-09-29 05:06 UTC,2026,3,2026_03_LV_NO,3.548,44.202,3.5,43.5,
2026-09-29 05:06 UTC,2026,3,2026_03_LA_DEN,2.567,43.319,-1.5,43.5,DEN +1.5
2026-09-29 05:06 UTC,2026,3,2026_03_PHI_CHI,-3.541,44.072,-3.5,42.5,
2026-09-29 14:19 UTC,2026,4,2026_04_PIT_CLE,-1.998,41.916,-2.5,38.5,
2026-09-29 14:19 UTC,2026,4,2026_04_IND_WAS,1.795,49.402,-3.5,47.5,WAS +3.5
2026-09-29 14:19 UTC,2026,4,2026_04_TEN_BAL,12.457,46.927,11.5,43.5,
2026-09-29 14:19 UTC,2026,4,2026_04_NE_BUF,5.274,47.171,7.0,48.5,
2026-09-29 14:19 UTC,2026,4,2026_04_NYJ_CHI,5.158,46.355,3.5,42.5,
2026-09-29 14:19 UTC,2026,4,2026_04_JAX_CIN,-1.668,48.938,2.5,51.5,JAX +2.5
2026-09-29 14:19 UTC,2026,4,2026_04_DAL_HOU,2.823,49.508,2.5,47.5,
2026-09-29 14:19 UTC,2026,4,2026_04_ARI_NYG,2.794,44.929,-1.5,44.5,NYG +1.5
2026-09-29 14:19 UTC,2026,4,2026_04_LA_PHI,-0.943,45.442,-3.0,45.5,
2026-09-29 14:19 UTC,2026,4,2026_04_GB_TB,2.582,44.192,-3.5,39.5,TB +3.5
2026-09-29 14:19 UTC,2026,4,2026_04_MIA_MIN,11.128,43.096,11.5,38.5,
2026-09-29 14:19 UTC,2026,4,2026_04_KC_LV,-3.75,48.233,-4.5,47.5,
2026-09-29 14:19 UTC,2026,4,2026_04_LAC_SEA,6.723,41.487,7.0,42.5,
2026-09-29 14:19 UTC,2026,4,2026_04_DEN_SF,1.626,49.62,3.0,46.5,
2026-09-29 14:19 UTC,2026,4,2026_04_DET_CAR,-2.121,51.244,-3.5,50.5,
2026-09-29 14:19 UTC,2026,4,2026_04_ATL_NO,2.928,46.885,3.0,48.5,
2026-09-29 14:40 UTC,2026,4,2026_04_PIT_CLE,-1.421,41.916,-2.5,38.5,
2026-09-29 14:40 UTC,2026,4,2026_04_IND_WAS,1.494,49.402,-3.5,47.5,WAS +3.5
2026-09-29 14:40 UTC,2026,4,2026_04_TEN_BAL,12.25,46.927,11.5,43.5,
2026-09-29 14:40 UTC,2026,4,2026_04_NE_BUF,5.279,47.171,7.0,48.5,
2026-09-29 14:40 UTC,2026,4,2026_04_NYJ_CHI,5.177,46.355,3.5,42.5,
2026-09-29 14:40 UTC,2026,4,2026_04_JAX_CIN,-1.671,48.938,2.5,51.5,JAX +2.5
2026-09-29 14:40 UTC,2026,4,2026_04_DAL_HOU,2.318,49.508,2.5,47.5,
2026-09-29 14:40 UTC,2026,4,2026_04_ARI_NYG,2.568,44.929,-1.5,44.5,NYG +1.5
2026-09-29 14:40 UTC,2026,4,2026_04_LA_PHI,0.529,45.442,-3.0,45.5,
2026-09-29 14:40 UTC,2026,4,2026_04_GB_TB,1.966,42.698,-3.5,39.5,TB +3.5
2026-09-29 14:40 UTC,2026,4,2026_04_MIA_MIN,11.018,43.096,11.5,38.5,
2026-09-29 14:40 UTC,2026,4,2026_04_KC_LV,-3.767,48.233,-4.5,47.5,
2026-09-29 14:40 UTC,2026,4,2026_04_LAC_SEA,6.764,41.487,7.0,42.5,
2026-09-29 14:40 UTC,2026,4,2026_04_DEN_SF,1.773,49.62,3.0,46.5,
2026-09-29 14:40 UTC,2026,4,2026_04_DET_CAR,-2.783,51.244,-3.5,50.5,
2026-09-29 14:40 UTC,2026,4,2026_04_ATL_NO,2.801,46.885,3.0,48.5,
2026-09-29 15:52 UTC,2026,4,2026_04_PIT_CLE,-1.421,41.916,-2.5,38.5,
2026-09-29 15:52 UTC,2026,4,2026_04_IND_WAS,1.494,49.402,-3.5,47.5,WAS +3.5
2026-09-29 15:52 UTC,2026,4,2026_04_TEN_BAL,12.25,46.927,11.5,43.5,
2026-09-29 15:52 UTC,2026,4,2026_04_NE_BUF,5.279,47.171,7.0,48.5,
2026-09-29 15:52 UTC,2026,4,2026_04_NYJ_CHI,5.177,46.355,3.5,42.5,
2026-09-29 15:52 UTC,2026,4,2026_04_JAX_CIN,-1.671,48.938,2.5,51.5,JAX +2.5
2026-09-29 15:52 UTC,2026,4,2026_04_DAL_HOU,2.318,49.508,2.5,47.5,
2026-09-29 15:52 UTC,2026,4,2026_04_ARI_NYG,2.568,44.929,-1.5,44.5,NYG +1.5
2026-09-29 15:52 UTC,2026,4,2026_04_LA_PHI,0.529,45.442,-3.0,44.5,
2026-09-29 15:52 UTC,2026,4,2026_04_GB_TB,1.966,42.698,-3.5,39.5,TB +3.5
2026-09-29 15:52 UTC,2026,4,2026_04_MIA_MIN,11.018,43.096,11.5,38.5,
2026-09-29 15:52 UTC,2026,4,2026_04_KC_LV,-3.767,48.233,-4.5,47.5,
2026-09-29 15:52 UTC,2026,4,2026_04_LAC_SEA,6.764,41.487,7.0,42.5,
2026-09-29 15:52 UTC,2026,4,2026_04_DEN_SF,1.773,49.62,3.0,46.5,
2026-09-29 15:52 UTC,2026,4,2026_04_DET_CAR,-2.783,51.244,-3.5,50.5,
2026-09-29 15:52 UTC,2026,4,2026_04_ATL_NO,2.801,46.885,3.0,48.5,
2026-09-29 16:19 UTC,2026,4,2026_04_PIT_CLE,-1.421,41.916,-2.5,38.5,
2026-09-29 16:19 UTC,2026,4,2026_04_IND_WAS,1.494,49.402,-3.5,47.5,WAS +3.5
2026-09-29 16:19 UTC,2026,4,2026_04_TEN_BAL,12.25,46.927,11.5,43.5,
2026-09-29 16:19 UTC,2026,4,2026_04_NE_BUF,5.279,47.171,7.0,48.5,
2026-09-29 16:19 UTC,2026,4,2026_04_NYJ_CHI,5.177,46.355,3.5,42.5,
2026-09-29 16:19 UTC,2026,4,2026_04_JAX_CIN,-1.671,48.938,2.5,51.5,JAX +2.5
2026-09-29 16:19 UTC,2026,4,2026_04_DAL_HOU,2.318,49.508,2.5,47.5,
2026-09-29 16:19 UTC,2026,4,2026_04_ARI_NYG,2.568,44.929,-1.5,44.5,NYG +1.5
2026-09-29 16:19 UTC,2026,4,2026_04_LA_PHI,0.529,45.442,-3.0,44.5,
2026-09-29 16:19 UTC,2026,4,2026_04_GB_TB,1.966,42.698,-3.5,39.5,TB +3.5
2026-09-29 16:19 UTC,2026,4,2026_04_MIA_MIN,11.018,43.096,11.5,38.5,
2026-09-29 16:19 UTC,2026,4,2026_04_KC_LV,-3.767,48.233,-4.5,47.5,
2026-09-29 16:19 UTC,2026,4,2026_04_LAC_SEA,6.764,41.487,7.0,42.5,
2026-09-29 16:19 UTC,2026,4,2026_04_DEN_SF,1.773,49.62,3.0,46.5,
2026-09-29 16:19 UTC,2026,4,2026_04_DET_CAR,-2.783,51.244,-3.5,50.5,
2026-09-29 16:19 UTC,2026,4,2026_04_ATL_NO,2.801,46.885,3.0,48.5,
2026-09-29 17:06 UTC,2026,4,2026_04_PIT_CLE,-1.998,41.916,-2.5,38.5,
2026-09-29 17:06 UTC,2026,4,2026_04_IND_WAS,1.666,49.402,-3.5,47.5,WAS +3.5
2026-09-29 17:06 UTC,2026,4,2026_04_TEN_BAL,12.25,46.927,11.5,43.5,
2026-09-29 17:06 UTC,2026,4,2026_04_NE_BUF,5.274,47.171,7.0,48.5,
2026-09-29 17:06 UTC,2026,4,2026_04_NYJ_CHI,5.158,46.355,3.5,42.5,
2026-09-29 17:06 UTC,2026,4,2026_04_JAX_CIN,-1.671,48.938,2.5,51.5,JAX +2.5
2026-09-29 17:06 UTC,2026,4,2026_04_DAL_HOU,3.255,49.508,2.5,47.5,
2026-09-29 17:06 UTC,2026,4,2026_04_ARI_NYG,2.568,44.929,-1.5,44.5,NYG +1.5
2026-09-29 17:06 UTC,2026,4,2026_04_LA_PHI,-1.59,45.442,-3.0,43.5,
2026-09-29 17:06 UTC,2026,4,2026_04_GB_TB,1.966,42.698,-3.5,39.5,TB +3.5
2026-09-29 17:06 UTC,2026,4,2026_04_MIA_MIN,11.014,43.096,11.5,38.5,
2026-09-29 17:06 UTC,2026,4,2026_04_KC_LV,-3.767,48.233,-4.5,47.5,
2026-09-29 17:06 UTC,2026,4,2026_04_LAC_SEA,6.771,41.487,7.0,42.5,
2026-09-29 17:06 UTC,2026,4,2026_04_DEN_SF,1.626,49.62,3.0,46.5,
2026-09-29 17:06 UTC,2026,4,2026_04_DET_CAR,-2.861,51.244,-3.5,50.5,
2026-09-29 17:06 UTC,2026,4,2026_04_ATL_NO,2.928,46.885,3.0,48.5,
2026-09-29 18:25 UTC,2026,4,2026_04_PIT_CLE,-1.999,40.94,-2.5,38.5,
2026-09-29 18:25 UTC,2026,4,2026_04_IND_WAS,1.666,49.402,-3.5,47.5,WAS +3.5
2026-09-29 18:25 UTC,2026,4,2026_04_TEN_BAL,12.25,46.927,11.5,43.5,
2026-09-29 18:25 UTC,2026,4,2026_04_NE_BUF,5.274,47.171,7.0,48.5,
2026-09-29 18:25 UTC,2026,4,2026_04_NYJ_CHI,5.158,46.355,3.5,42.5,
2026-09-29 18:25 UTC,2026,4,2026_04_JAX_CIN,-1.671,48.938,2.5,51.5,JAX +2.5
2026-09-29 18:25 UTC,2026,4,2026_04_DAL_HOU,3.255,49.508,2.5,47.5,
2026-09-29 18:25 UTC,2026,4,2026_04_ARI_NYG,2.568,44.929,-1.5,44.5,NYG +1.5
2026-09-29 18:25 UTC,2026,4,2026_04_LA_PHI,-1.59,45.442,-3.0,43.5,
2026-09-29 18:25 UTC,2026,4,2026_04_GB_TB,1.966,42.698,-3.5,39.5,TB +3.5
2026-09-29 18:25 UTC,2026,4,2026_04_MIA_MIN,11.014,43.096,11.5,38.5,
2026-09-29 18:25 UTC,2026,4,2026_04_KC_LV,-3.767,48.233,-4.5,47.5,
2026-09-29 18:25 UTC,2026,4,2026_04_LAC_SEA,6.771,41.487,7.0,42.5,
2026-09-29 18:25 UTC,2026,4,2026_04_DEN_SF,1.626,49.62,3.0,46.5,
2026-09-29 18:25 UTC,2026,4,2026_04_DET_CAR,-2.861,51.244,-3.5,50.5,
2026-09-29 18:25 UTC,2026,4,2026_04_ATL_NO,2.928,46.885,3.0,48.5,
2026-09-29 19:01 UTC,2026,4,2026_04_PIT_CLE,-1.999,40.94,-2.5,38.5,
2026-09-29 19:01 UTC,2026,4,2026_04_IND_WAS,1.666,49.402,-3.5,47.5,WAS +3.5
2026-09-29 19:01 UTC,2026,4,2026_04_TEN_BAL,12.25,46.927,11.5,43.5,
2026-09-29 19:01 UTC,2026,4,2026_04_NE_BUF,5.274,47.171,7.0,48.5,
2026-09-29 19:01 UTC,2026,4,2026_04_NYJ_CHI,5.158,46.355,3.5,42.5,
2026-09-29 19:01 UTC,2026,4,2026_04_JAX_CIN,-1.671,48.938,2.5,51.5,JAX +2.5
2026-09-29 19:01 UTC,2026,4,2026_04_DAL_HOU,3.255,49.508,2.5,47.5,
2026-09-29 19:01 UTC,2026,4,2026_04_ARI_NYG,2.568,44.929,-1.5,44.5,NYG +1.5
2026-09-29 19:01 UTC,2026,4,2026_04_LA_PHI,-1.59,45.442,-3.0,43.5,
2026-09-29 19:01 UTC,2026,4,2026_04_GB_TB,1.966,42.698,-3.5,39.5,TB +3.5
2026-09-29 19:01 UTC,2026,4,2026_04_MIA_MIN,11.014,43.096,11.5,38.5,
2026-09-29 19:01 UTC,2026,4,2026_04_KC_LV,-3.767,48.233,-4.5,47.5,
2026-09-29 19:01 UTC,2026,4,2026_04_LAC_SEA,6.771,41.487,7.0,42.5,
2026-09-29 19:01 UTC,2026,4,2026_04_DEN_SF,1.626,49.62,3.0,46.5,
2026-09-29 19:01 UTC,2026,4,2026_04_DET_CAR,-2.861,51.244,-3.5,50.5,
2026-09-29 19:01 UTC,2026,4,2026_04_ATL_NO,2.928,46.885,3.0,48.5,
2026-09-29 19:37 UTC,2026,4,2026_04_PIT_CLE,-1.999,40.94,-2.5,38.5,
2026-09-29 19:37 UTC,2026,4,2026_04_IND_WAS,1.666,49.402,-3.5,47.5,WAS +3.5
2026-09-29 19:37 UTC,2026,4,2026_04_TEN_BAL,12.46,46.927,11.5,43.5,
2026-09-29 19:37 UTC,2026,4,2026_04_NE_BUF,5.274,47.171,7.0,48.5,
2026-09-29 19:37 UTC,2026,4,2026_04_NYJ_CHI,5.158,46.355,3.5,42.5,
2026-09-29 19:37 UTC,2026,4,2026_04_JAX_CIN,-1.836,48.938,2.5,51.5,JAX +2.5
2026-09-29 19:37 UTC,2026,4,2026_04_DAL_HOU,3.255,49.508,2.5,47.5,
2026-09-29 19:37 UTC,2026,4,2026_04_ARI_NYG,2.568,44.929,-1.5,44.5,NYG +1.5
2026-09-29 19:37 UTC,2026,4,2026_04_LA_PHI,-1.59,45.442,-3.0,43.5,
2026-09-29 19:37 UTC,2026,4,2026_04_GB_TB,1.966,42.698,-3.5,39.5,TB +3.5
2026-09-29 19:37 UTC,2026,4,2026_04_MIA_MIN,11.014,43.096,11.5,38.5,
2026-09-29 19:37 UTC,2026,4,2026_04_KC_LV,-3.767,48.233,-4.5,47.5,
2026-09-29 19:37 UTC,2026,4,2026_04_LAC_SEA,6.771,41.487,7.0,42.5,
2026-09-29 19:37 UTC,2026,4,2026_04_DEN_SF,1.626,49.62,3.0,46.5,
2026-09-29 19:37 UTC,2026,4,2026_04_DET_CAR,-2.861,51.244,-3.5,50.5,
2026-09-29 19:37 UTC,2026,4,2026_04_ATL_NO,2.928,46.885,3.0,48.5,
2026-09-29 20:16 UTC,2026,4,2026_04_PIT_CLE,-1.999,40.94,-2.5,38.5,
2026-09-29 20:16 UTC,2026,4,2026_04_IND_WAS,1.666,49.402,-3.5,47.5,WAS +3.5
2026-09-29 20:16 UTC,2026,4,2026_04_TEN_BAL,12.46,46.927,11.5,43.5,
2026-09-29 20:16 UTC,2026,4,2026_04_NE_BUF,5.274,47.171,7.0,48.5,
2026-09-29 20:16 UTC,2026,4,2026_04_NYJ_CHI,5.158,46.355,3.0,42.5,
2026-09-29 20:16 UTC,2026,4,2026_04_JAX_CIN,-1.836,48.938,2.5,51.5,JAX +2.5
2026-09-29 20:16 UTC,2026,4,2026_04_DAL_HOU,3.255,49.508,2.5,47.5,
2026-09-29 20:16 UTC,2026,4,2026_04_ARI_NYG,2.568,44.929,-1.5,44.5,NYG +1.5
2026-09-29 20:16 UTC,2026,4,2026_04_LA_PHI,-1.59,45.442,-3.0,43.5,
2026-09-29 20:16 UTC,2026,4,2026_04_GB_TB,-0.991,42.153,-3.5,39.5,
2026-09-29 20:16 UTC,2026,4,2026_04_MIA_MIN,11.014,43.096,10.5,38.5,
2026-09-29 20:16 UTC,2026,4,2026_04_KC_LV,-3.767,48.233,-4.5,47.5,
2026-09-29 20:16 UTC,2026,4,2026_04_LAC_SEA,6.771,41.487,7.0,42.5,
2026-09-29 20:16 UTC,2026,4,2026_04_DEN_SF,1.626,49.62,3.0,46.5,
2026-09-29 20:16 UTC,2026,4,2026_04_DET_CAR,-2.861,51.244,-3.5,50.5,
2026-09-29 20:16 UTC,2026,4,2026_04_ATL_NO,2.928,46.885,3.0,48.5,
2026-09-29 20:58 UTC,2026,4,2026_04_PIT_CLE,-1.999,40.94,-2.5,38.5,
2026-09-29 20:58 UTC,2026,4,2026_04_IND_WAS,1.666,49.402,-3.5,47.5,WAS +3.5
2026-09-29 20:58 UTC,2026,4,2026_04_TEN_BAL,12.46,46.927,11.5,43.5,
2026-09-29 20:58 UTC,2026,4,2026_04_NE_BUF,5.302,47.171,7.0,48.5,
2026-09-29 20:58 UTC,2026,4,2026_04_NYJ_CHI,5.158,46.355,3.0,42.5,
2026-09-29 20:58 UTC,2026,4,2026_04_JAX_CIN,-1.836,48.938,2.5,51.5,JAX +2.5
2026-09-29 20:58 UTC,2026,4,2026_04_DAL_HOU,3.255,49.508,2.5,48.5,
2026-09-29 20:58 UTC,2026,4,2026_04_ARI_NYG,2.568,44.929,-1.5,44.5,NYG +1.5
2026-09-29 20:58 UTC,2026,4,2026_04_LA_PHI,-1.59,45.442,-3.0,43.5,
2026-09-29 20:58 UTC,2026,4,2026_04_GB_TB,-0.991,42.153,-3.5,39.5,
2026-09-29 20:58 UTC,2026,4,2026_04_MIA_MIN,11.014,43.096,10.5,38.5,
2026-09-29 20:58 UTC,2026,4,2026_04_KC_LV,-3.767,48.233,-4.5,47.5,
2026-09-29 20:58 UTC,2026,4,2026_04_LAC_SEA,6.771,41.487,7.0,42.5,
2026-09-29 20:58 UTC,2026,4,2026_04_DEN_SF,1.626,49.62,3.0,46.5,
2026-09-29 20:58 UTC,2026,4,2026_04_DET_CAR,-2.861,51.244,-3.5,50.5,
2026-09-29 20:58 UTC,2026,4,2026_04_ATL_NO,2.928,46.885,3.0,48.5,
2026-09-29 21:31 UTC,2026,4,2026_04_PIT_CLE,-1.999,40.94,-2.5,38.5,
2026-09-29 21:31 UTC,2026,4,2026_04_IND_WAS,1.666,49.402,-3.5,47.5,WAS +3.5
2026-09-29 21:31 UTC,2026,4,2026_04_TEN_BAL,12.46,46.927,11.5,43.5,
2026-09-29 21:31 UTC,2026,4,2026_04_NE_BUF,5.302,47.171,7.0,48.5,
2026-09-29 21:31 UTC,2026,4,2026_04_NYJ_CHI,5.158,46.355,3.5,42.5,
2026-09-29 21:31 UTC,2026,4,2026_04_JAX_CIN,-1.836,48.938,2.5,51.5,JAX +2.5
2026-09-29 21:31 UTC,2026,4,2026_04_DAL_HOU,3.255,49.508,2.5,48.5,
2026-09-29 21:31 UTC,2026,4,2026_04_ARI_NYG,2.568,44.929,-1.5,44.5,NYG +1.5
2026-09-29 21:31 UTC,2026,4,2026_04_LA_PHI,-1.59,45.442,-3.0,43.5,
2026-09-29 21:31 UTC,2026,4,2026_04_GB_TB,-0.991,42.153,-3.5,39.5,
2026-09-29 21:31 UTC,2026,4,2026_04_MIA_MIN,11.014,43.096,10.5,38.5,
2026-09-29 21:31 UTC,2026,4,2026_04_KC_LV,-3.767,48.233,-4.5,47.5,
2026-09-29 21:31 UTC,2026,4,2026_04_LAC_SEA,6.771,41.487,7.0,42.5,
2026-09-29 21:31 UTC,2026,4,2026_04_DEN_SF,1.626,49.62,3.0,47.5,
2026-09-29 21:31 UTC,2026,4,2026_04_DET_CAR,-2.861,51.244,-3.5,50.5,
2026-09-29 21:31 UTC,2026,4,2026_04_ATL_NO,2.928,46.885,3.0,48.5,
2026-09-29 23:52 UTC,2026,4,2026_04_PIT_CLE,-1.999,40.75,-2.5,38.5,
2026-09-29 23:52 UTC,2026,4,2026_04_IND_WAS,1.666,49.402,-3.5,47.5,WAS +3.5
2026-09-29 23:52 UTC,2026,4,2026_04_TEN_BAL,12.46,46.927,11.5,43.5,
2026-09-29 23:52 UTC,2026,4,2026_04_NE_BUF,5.302,47.171,7.0,48.5,
2026-09-29 23:52 UTC,2026,4,2026_04_NYJ_CHI,5.158,46.355,3.5,42.5,
2026-09-29 23:52 UTC,2026,4,2026_04_JAX_CIN,-1.836,48.938,2.5,51.5,JAX +2.5
2026-09-29 23:52 UTC,2026,4,2026_04_DAL_HOU,3.255,49.508,2.5,48.5,
2026-09-29 23:52 UTC,2026,4,2026_04_ARI_NYG,2.568,44.929,-1.5,44.5,NYG +1.5
2026-09-29 23:52 UTC,2026,4,2026_04_LA_PHI,-1.59,45.442,-3.0,43.5,
2026-09-29 23:52 UTC,2026,4,2026_04_GB_TB,-0.991,42.153,-3.5,39.5,
2026-09-29 23:52 UTC,2026,4,2026_04_MIA_MIN,11.014,43.096,10.5,38.5,
2026-09-29 23:52 UTC,2026,4,2026_04_KC_LV,-3.767,48.233,-4.5,47.5,
2026-09-29 23:52 UTC,2026,4,2026_04_LAC_SEA,6.771,41.487,7.0,42.5,
2026-09-29 23:52 UTC,2026,4,2026_04_DEN_SF,1.626,49.62,3.0,47.5,
2026-09-29 23:52 UTC,2026,4,2026_04_DET_CAR,-2.861,51.244,-3.5,50.5,
2026-09-29 23:52 UTC,2026,4,2026_04_ATL_NO,2.928,46.885,3.0,48.5,
2026-09-30 00:13 UTC,2026,4,2026_04_PIT_CLE,-1.999,40.75,-2.5,38.5,
2026-09-30 00:13 UTC,2026,4,2026_04_IND_WAS,1.666,49.402,-3.5,47.5,WAS +3.5
2026-09-30 00:13 UTC,2026,4,2026_04_TEN_BAL,12.46,46.927,11.5,43.5,
2026-09-30 00:13 UTC,2026,4,2026_04_NE_BUF,5.302,47.171,7.0,48.5,
2026-09-30 00:13 UTC,2026,4,2026_04_NYJ_CHI,5.158,46.355,3.5,42.5,
2026-09-30 00:13 UTC,2026,4,2026_04_JAX_CIN,-1.836,48.938,2.5,51.5,JAX +2.5
2026-09-30 00:13 UTC,2026,4,2026_04_DAL_HOU,3.255,49.508,2.5,48.5,
2026-09-30 00:13 UTC,2026,4,2026_04_ARI_NYG,2.568,44.929,-1.5,44.5,NYG +1.5
2026-09-30 00:13 UTC,2026,4,2026_04_LA_PHI,-1.59,45.442,-3.0,43.5,
2026-09-30 00:13 UTC,2026,4,2026_04_GB_TB,-0.991,42.153,-3.5,39.5,
2026-09-30 00:13 UTC,2026,4,2026_04_MIA_MIN,11.014,43.096,10.5,38.5,
2026-09-30 00:13 UTC,2026,4,2026_04_KC_LV,-3.767,48.233,-4.5,47.5,
2026-09-30 00:13 UTC,2026,4,2026_04_LAC_SEA,6.771,41.487,7.0,42.5,
2026-09-30 00:13 UTC,2026,4,2026_04_DEN_SF,1.626,49.62,3.0,47.5,
2026-09-30 00:13 UTC,2026,4,2026_04_DET_CAR,-2.861,51.244,-3.5,50.5,
2026-09-30 00:13 UTC,2026,4,2026_04_ATL_NO,2.928,46.885,3.0,48.5,
2026-09-30 00:58 UTC,2026,4,2026_04_PIT_CLE,-1.999,40.75,-2.5,38.5,
2026-09-30 00:58 UTC,2026,4,2026_04_IND_WAS,1.666,49.402,-3.5,47.5,WAS +3.5
2026-09-30 00:58 UTC,2026,4,2026_04_TEN_BAL,12.46,46.927,11.5,43.5,
2026-09-30 00:58 UTC,2026,4,2026_04_NE_BUF,5.302,47.171,7.0,48.5,
2026-09-30 00:58 UTC,2026,4,2026_04_NYJ_CHI,5.158,46.355,3.5,43.5,
2026-09-30 00:58 UTC,2026,4,2026_04_JAX_CIN,-1.836,48.938,2.5,51.5,JAX +2.5
2026-09-30 00:58 UTC,2026,4,2026_04_DAL_HOU,3.255,49.508,2.5,48.5,
2026-09-30 00:58 UTC,2026,4,2026_04_ARI_NYG,2.568,44.929,-1.5,44.5,NYG +1.5
2026-09-30 00:58 UTC,2026,4,2026_04_LA_PHI,-1.59,45.442,-3.0,43.5,
2026-09-30 00:58 UTC,2026,4,2026_04_GB_TB,-0.991,42.153,-3.5,39.5,
2026-09-30 00:58 UTC,2026,4,2026_04_MIA_MIN,11.014,43.096,10.5,38.5,
2026-09-30 00:58 UTC,2026,4,2026_04_KC_LV,-3.767,48.233,-4.5,47.5,
2026-09-30 00:58 UTC,2026,4,2026_04_LAC_SEA,6.771,41.487,7.0,42.5,
2026-09-30 00:58 UTC,2026,4,2026_04_DEN_SF,1.626,49.62,3.0,47.5,
2026-09-30 00:58 UTC,2026,4,2026_04_DET_CAR,-2.861,51.244,-3.5,50.5,
2026-09-30 00:58 UTC,2026,4,2026_04_ATL_NO,2.928,46.885,3.0,48.5,
2026-09-30 01:28 UTC,2026,4,2026_04_PIT_CLE,-1.999,40.75,-2.5,38.5,
2026-09-30 01:28 UTC,2026,4,2026_04_IND_WAS,1.666,49.402,-3.5,47.5,WAS +3.5
2026-09-30 01:28 UTC,2026,4,2026_04_TEN_BAL,12.46,46.927,11.5,43.5,
2026-09-30 01:28 UTC,2026,4,2026_04_NE_BUF,5.302,47.171,7.0,48.5,
2026-09-30 01:28 UTC,2026,4,2026_04_NYJ_CHI,5.158,46.355,3.5,43.5,
2026-09-30 01:28 UTC,2026,4,2026_04_JAX_CIN,-1.836,48.938,2.5,51.5,JAX +2.5
2026-09-30 01:28 UTC,2026,4,2026_04_DAL_HOU,3.255,49.508,2.5,48.5,
2026-09-30 01:28 UTC,2026,4,2026_04_ARI_NYG,2.568,44.929,-1.5,44.5,NYG +1.5
2026-09-30 01:28 UTC,2026,4,2026_04_LA_PHI,-1.59,45.442,-3.0,43.5,
2026-09-30 01:28 UTC,2026,4,2026_04_GB_TB,-0.991,42.153,-3.5,39.5,
2026-09-30 01:28 UTC,2026,4,2026_04_MIA_MIN,11.014,43.096,10.5,38.5,
2026-09-30 01:28 UTC,2026,4,2026_04_KC_LV,-3.767,48.233,-4.5,47.5,
2026-09-30 01:28 UTC,2026,4,2026_04_LAC_SEA,6.771,41.487,7.0,42.5,
2026-09-30 01:28 UTC,2026,4,2026_04_DEN_SF,1.626,49.62,3.0,47.5,
2026-09-30 01:28 UTC,2026,4,2026_04_DET_CAR,-2.861,51.244,-3.5,50.5,
2026-09-30 01:28 UTC,2026,4,2026_04_ATL_NO,2.928,46.885,3.0,48.5,
2026-09-30 02:13 UTC,2026,4,2026_04_PIT_CLE,-2.023,40.777,-2.5,38.5,
2026-09-30 02:13 UTC,2026,4,2026_04_IND_WAS,1.676,49.402,-3.5,47.5,WAS +3.5
2026-09-30 02:13 UTC,2026,4,2026_04_TEN_BAL,12.466,46.927,11.5,43.5,
2026-09-30 02:13 UTC,2026,4,2026_04_NE_BUF,5.295,47.171,7.0,48.5,
2026-09-30 02:13 UTC,2026,4,2026_04_NYJ_CHI,5.154,46.355,3.5,43.5,
2026-09-30 02:13 UTC,2026,4,2026_04_JAX_CIN,-1.834,48.938,2.5,51.5,JAX +2.5
2026-09-30 02:13 UTC,2026,4,2026_04_DAL_HOU,3.254,49.508,2.5,48.5,
2026-09-30 02:13 UTC,2026,4,2026_04_ARI_NYG,2.567,44.929,-1.5,44.5,NYG +1.5
2026-09-30 02:13 UTC,2026,4,2026_04_LA_PHI,-1.583,45.442,-3.0,43.5,
2026-09-30 02:13 UTC,2026,4,2026_04_GB_TB,-0.982,42.153,-3.5,39.5,
2026-09-30 02:13 UTC,2026,4,2026_04_MIA_MIN,11.044,43.096,10.5,38.5,
2026-09-30 02:13 UTC,2026,4,2026_04_KC_LV,-3.773,48.233,-4.5,47.5,
2026-09-30 02:13 UTC,2026,4,2026_04_LAC_SEA,6.774,41.487,7.0,42.5,
2026-09-30 02:13 UTC,2026,4,2026_04_DEN_SF,1.612,49.62,3.0,47.5,
2026-09-30 02:13 UTC,2026,4,2026_04_DET_CAR,-2.864,51.244,-3.5,50.5,
2026-09-30 02:13 UTC,2026,4,2026_04_ATL_NO,2.94,46.885,3.0,48.5,
2026-09-30 02:57 UTC,2026,4,2026_04_PIT_CLE,-2.023,40.777,-2.5,38.5,
2026-09-30 02:57 UTC,2026,4,2026_04_IND_WAS,1.676,49.402,-3.5,47.5,WAS +3.5
2026-09-30 02:57 UTC,2026,4,2026_04_TEN_BAL,12.466,46.927,11.5,43.5,
2026-09-30 02:57 UTC,2026,4,2026_04_NE_BUF,5.295,47.171,7.0,48.5,
2026-09-30 02:57 UTC,2026,4,2026_04_NYJ_CHI,5.154,46.355,3.5,43.5,
2026-09-30 02:57 UTC,2026,4,2026_04_JAX_CIN,-1.834,48.938,2.5,51.5,JAX +2.5
2026-09-30 02:57 UTC,2026,4,2026_04_DAL_HOU,3.254,49.508,2.5,48.5,
2026-09-30 02:57 UTC,2026,4,2026_04_ARI_NYG,2.567,44.929,-1.5,44.5,NYG +1.5
2026-09-30 02:57 UTC,2026,4,2026_04_LA_PHI,-1.583,45.442,-3.0,43.5,
2026-09-30 02:57 UTC,2026,4,2026_04_GB_TB,-0.982,42.153,-3.5,39.5,
2026-09-30 02:57 UTC,2026,4,2026_04_MIA_MIN,11.044,43.096,10.5,38.5,
2026-09-30 02:57 UTC,2026,4,2026_04_KC_LV,-3.773,48.233,-4.5,47.5,
2026-09-30 02:57 UTC,2026,4,2026_04_LAC_SEA,6.774,41.487,7.0,42.5,
2026-09-30 02:57 UTC,2026,4,2026_04_DEN_SF,1.612,49.62,3.0,47.5,
2026-09-30 02:57 UTC,2026,4,2026_04_DET_CAR,-2.864,51.244,-3.5,50.5,
2026-09-30 02:57 UTC,2026,4,2026_04_ATL_NO,2.94,46.885,3.0,48.5,
2026-09-30 04:57 UTC,2026,4,2026_04_PIT_CLE,-2.023,40.777,-2.5,38.5,
2026-09-30 04:57 UTC,2026,4,2026_04_IND_WAS,1.676,49.402,-3.5,47.5,WAS +3.5
2026-09-30 04:57 UTC,2026,4,2026_04_TEN_BAL,12.466,46.927,11.5,43.5,
2026-09-30 04:57 UTC,2026,4,2026_04_NE_BUF,5.295,47.171,7.0,48.5,
2026-09-30 04:57 UTC,2026,4,2026_04_NYJ_CHI,5.154,46.355,3.5,43.5,
2026-09-30 04:57 UTC,2026,4,2026_04_JAX_CIN,-1.834,48.938,2.5,51.5,JAX +2.5
2026-09-30 04:57 UTC,2026,4,2026_04_DAL_HOU,3.254,49.508,2.5,48.5,
2026-09-30 04:57 UTC,2026,4,2026_04_ARI_NYG,2.567,44.929,-1.5,44.5,NYG +1.5
2026-09-30 04:57 UTC,2026,4,2026_04_LA_PHI,-1.583,45.442,-3.0,43.5,
2026-09-30 04:57 UTC,2026,4,2026_04_GB_TB,-0.982,42.153,-3.5,39.5,
2026-09-30 04:57 UTC,2026,4,2026_04_MIA_MIN,11.044,43.096,10.5,38.5,
2026-09-30 04:57 UTC,2026,4,2026_04_KC_LV,-3.773,48.233,-4.5,47.5,
2026-09-30 04:57 UTC,2026,4,2026_04_LAC_SEA,6.774,41.487,7.0,42.5,
2026-09-30 04:57 UTC,2026,4,2026_04_DEN_SF,1.612,49.62,3.0,47.5,
2026-09-30 04:57 UTC,2026,4,2026_04_DET_CAR,-2.864,51.244,-3.5,50.5,
2026-09-30 04:57 UTC,2026,4,2026_04_ATL_NO,2.94,46.885,3.0,48.5,
2026-09-30 07:13 UTC,2026,4,2026_04_PIT_CLE,-1.999,40.913,-2.5,38.5,
2026-09-30 07:13 UTC,2026,4,2026_04_IND_WAS,1.688,49.402,-3.5,47.5,WAS +3.5
2026-09-30 07:13 UTC,2026,4,2026_04_TEN_BAL,12.47,46.927,11.5,43.5,
2026-09-30 07:13 UTC,2026,4,2026_04_NE_BUF,5.302,47.171,7.0,48.5,
2026-09-30 07:13 UTC,2026,4,2026_04_NYJ_CHI,5.203,46.355,3.5,43.5,
2026-09-30 07:13 UTC,2026,4,2026_04_JAX_CIN,-1.8,48.938,2.5,51.5,JAX +2.5
2026-09-30 07:13 UTC,2026,4,2026_04_DAL_HOU,3.287,49.508,2.5,48.5,
2026-09-30 07:13 UTC,2026,4,2026_04_ARI_NYG,2.303,44.929,-1.5,44.5,
2026-09-30 07:13 UTC,2026,4,2026_04_LA_PHI,-1.589,45.442,-3.0,43.5,
2026-09-30 07:13 UTC,2026,4,2026_04_GB_TB,-0.991,42.153,-3.5,39.5,
2026-09-30 07:13 UTC,2026,4,2026_04_MIA_MIN,10.94,43.096,10.5,38.5,
2026-09-30 07:13 UTC,2026,4,2026_04_KC_LV,-3.946,48.233,-4.5,47.5,
2026-09-30 07:13 UTC,2026,4,2026_04_LAC_SEA,6.771,41.487,7.0,42.5,
2026-09-30 07:13 UTC,2026,4,2026_04_DEN_SF,1.626,49.62,3.0,47.5,
2026-09-30 07:13 UTC,2026,4,2026_04_DET_CAR,-2.862,51.244,-3.5,50.5,
2026-09-30 07:13 UTC,2026,4,2026_04_ATL_NO,2.928,46.885,3.0,48.5,
2026-09-30 10:26 UTC,2026,4,2026_04_PIT_CLE,-1.999,40.804,-2.5,38.5,
2026-09-30 10:26 UTC,2026,4,2026_04_IND_WAS,1.688,49.402,-3.5,47.5,WAS +3.5
2026-09-30 10:26 UTC,2026,4,2026_04_TEN_BAL,12.47,46.927,11.5,43.5,
2026-09-30 10:26 UTC,2026,4,2026_04_NE_BUF,5.302,47.171,6.5,48.5,
2026-09-30 10:26 UTC,2026,4,2026_04_NYJ_CHI,5.203,46.355,3.5,43.5,
2026-09-30 10:26 UTC,2026,4,2026_04_JAX_CIN,-1.8,48.938,2.5,51.5,JAX +2.5
2026-09-30 10:26 UTC,2026,4,2026_04_DAL_HOU,3.287,49.508,2.5,48.5,
2026-09-30 10:26 UTC,2026,4,2026_04_ARI_NYG,2.303,44.929,-1.5,44.5,
2026-09-30 10:26 UTC,2026,4,2026_04_LA_PHI,-1.589,45.442,-3.0,43.5,
2026-09-30 10:26 UTC,2026,4,2026_04_GB_TB,-0.991,42.153,-3.5,39.5,
2026-09-30 10:26 UTC,2026,4,2026_04_MIA_MIN,10.94,43.096,10.5,38.5,
2026-09-30 10:26 UTC,2026,4,2026_04_KC_LV,-3.946,48.233,-4.5,47.5,
2026-09-30 10:26 UTC,2026,4,2026_04_LAC_SEA,6.771,41.487,7.0,42.5,
2026-09-30 10:26 UTC,2026,4,2026_04_DEN_SF,1.626,49.62,3.0,47.5,
2026-09-30 10:26 UTC,2026,4,2026_04_DET_CAR,-2.862,51.244,-3.5,50.5,
2026-09-30 10:26 UTC,2026,4,2026_04_ATL_NO,2.928,46.885,3.0,48.5,
2026-09-30 10:57 UTC,2026,4,2026_04_PIT_CLE,-1.999,40.804,-2.5,38.5,
2026-09-30 10:57 UTC,2026,4,2026_04_IND_WAS,1.688,49.402,-3.5,47.5,WAS +3.5
2026-09-30 10:57 UTC,2026,4,2026_04_TEN_BAL,12.47,46.927,11.5,43.5,
2026-09-30 10:57 UTC,2026,4,2026_04_NE_BUF,5.302,47.171,6.5,48.5,
2026-09-30 10:57 UTC,2026,4,2026_04_NYJ_CHI,5.203,46.355,3.5,43.5,
2026-09-30 10:57 UTC,2026,4,2026_04_JAX_CIN,-1.8,48.938,2.5,51.5,JAX +2.5
2026-09-30 10:57 UTC,2026,4,2026_04_DAL_HOU,3.287,49.508,2.5,48.5,
2026-09-30 10:57 UTC,2026,4,2026_04_ARI_NYG,2.303,44.929,-1.5,44.5,
2026-09-30 10:57 UTC,2026,4,2026_04_LA_PHI,-1.589,45.442,-3.0,43.5,
2026-09-30 10:57 UTC,2026,4,2026_04_GB_TB,-0.991,42.153,-3.5,39.5,
2026-09-30 10:57 UTC,2026,4,2026_04_MIA_MIN,10.94,43.096,10.5,38.5,
2026-09-30 10:57 UTC,2026,4,2026_04_KC_LV,-3.946,48.233,-4.5,47.5,
2026-09-30 10:57 UTC,2026,4,2026_04_LAC_SEA,6.771,41.487,7.0,42.5,
2026-09-30 10:57 UTC,2026,4,2026_04_DEN_SF,1.626,49.62,3.0,47.5,
2026-09-30 10:57 UTC,2026,4,2026_04_DET_CAR,-2.862,51.244,-3.5,50.5,
2026-09-30 10:57 UTC,2026,4,2026_04_ATL_NO,2.928,46.885,3.0,48.5,
2026-09-30 13:47 UTC,2026,4,2026_04_PIT_CLE,-1.999,40.804,-2.5,38.5,
2026-09-30 13:47 UTC,2026,4,2026_04_IND_WAS,1.574,49.944,-3.5,47.5,WAS +3.5
2026-09-30 13:47 UTC,2026,4,2026_04_TEN_BAL,12.47,46.927,11.5,43.5,
2026-09-30 13:47 UTC,2026,4,2026_04_NE_BUF,5.302,47.171,6.5,48.5,
2026-09-30 13:47 UTC,2026,4,2026_04_NYJ_CHI,5.203,46.355,3.5,43.5,
2026-09-30 13:47 UTC,2026,4,2026_04_JAX_CIN,-1.8,48.938,2.5,51.5,JAX +2.5
2026-09-30 13:47 UTC,2026,4,2026_04_DAL_HOU,3.287,49.508,2.5,48.5,
2026-09-30 13:47 UTC,2026,4,2026_04_ARI_NYG,2.303,44.929,-1.5,44.5,
2026-09-30 13:47 UTC,2026,4,2026_04_LA_PHI,-1.589,45.442,-3.0,43.5,
2026-09-30 13:47 UTC,2026,4,2026_04_GB_TB,-0.991,42.153,-3.5,39.5,
2026-09-30 13:47 UTC,2026,4,2026_04_MIA_MIN,10.94,43.096,10.5,38.5,
2026-09-30 13:47 UTC,2026,4,2026_04_KC_LV,-3.946,48.233,-4.5,47.5,
2026-09-30 13:47 UTC,2026,4,2026_04_LAC_SEA,6.771,41.487,7.0,42.5,
2026-09-30 13:47 UTC,2026,4,2026_04_DEN_SF,1.626,49.62,3.0,47.5,
2026-09-30 13:47 UTC,2026,4,2026_04_DET_CAR,-2.862,51.244,-3.5,50.5,
2026-09-30 13:47 UTC,2026,4,2026_04_ATL_NO,2.928,46.885,3.0,48.5,
2026-09-30 15:20 UTC,2026,4,2026_04_PIT_CLE,-2.023,40.994,-2.5,38.5,
2026-09-30 15:20 UTC,2026,4,2026_04_IND_WAS,1.584,49.944,-3.5,47.5,WAS +3.5
2026-09-30 15:20 UTC,2026,4,2026_04_TEN_BAL,12.476,46.927,11.5,43.5,
2026-09-30 15:20 UTC,2026,4,2026_04_NE_BUF,5.295,47.171,6.5,48.5,
2026-09-30 15:20 UTC,2026,4,2026_04_NYJ_CHI,5.198,46.355,3.5,43.5,
2026-09-30 15:20 UTC,2026,4,2026_04_JAX_CIN,-1.798,48.938,2.5,51.5,JAX +2.5
2026-09-30 15:20 UTC,2026,4,2026_04_DAL_HOU,3.286,49.508,2.5,48.5,
2026-09-30 15:20 UTC,2026,4,2026_04_ARI_NYG,2.302,44.929,-2.5,44.5,NYG +2.5
2026-09-30 15:20 UTC,2026,4,2026_04_LA_PHI,-1.582,45.442,-3.0,43.5,
2026-09-30 15:20 UTC,2026,4,2026_04_GB_TB,-0.982,42.153,-3.5,39.5,
2026-09-30 15:20 UTC,2026,4,2026_04_MIA_MIN,10.97,43.096,10.5,38.5,
2026-09-30 15:20 UTC,2026,4,2026_04_KC_LV,-3.962,48.233,-4.5,47.5,
2026-09-30 15:20 UTC,2026,4,2026_04_LAC_SEA,6.774,41.487,7.0,42.5,
2026-09-30 15:20 UTC,2026,4,2026_04_DEN_SF,1.612,49.62,3.0,47.5,
2026-09-30 15:20 UTC,2026,4,2026_04_DET_CAR,-2.978,51.244,-3.5,51.5,
2026-09-30 15:20 UTC,2026,4,2026_04_ATL_NO,2.94,46.885,3.0,48.5,
2026-09-30 15:59 UTC,2026,4,2026_04_PIT_CLE,-2.023,40.994,-2.5,38.5,
2026-09-30 15:59 UTC,2026,4,2026_04_IND_WAS,1.584,49.944,-3.5,47.5,WAS +3.5
2026-09-30 15:59 UTC,2026,4,2026_04_TEN_BAL,12.476,46.927,11.5,43.5,
2026-09-30 15:59 UTC,2026,4,2026_04_NE_BUF,5.295,47.171,6.5,48.5,
2026-09-30 15:59 UTC,2026,4,2026_04_NYJ_CHI,5.198,46.355,3.5,42.5,
2026-09-30 15:59 UTC,2026,4,2026_04_JAX_CIN,-1.798,48.938,2.5,51.5,JAX +2.5
2026-09-30 15:59 UTC,2026,4,2026_04_DAL_HOU,3.286,49.508,2.5,48.5,
2026-09-30 15:59 UTC,2026,4,2026_04_ARI_NYG,2.302,44.929,-2.5,44.5,NYG +2.5
2026-09-30 15:59 UTC,2026,4,2026_04_LA_PHI,-1.582,45.442,-3.0,43.5,
2026-09-30 15:59 UTC,2026,4,2026_04_GB_TB,-0.982,42.153,-3.5,39.5,
2026-09-30 15:59 UTC,2026,4,2026_04_MIA_MIN,10.97,43.096,10.5,38.5,
2026-09-30 15:59 UTC,2026,4,2026_04_KC_LV,-3.962,48.233,-4.5,47.5,
2026-09-30 15:59 UTC,2026,4,2026_04_LAC_SEA,6.774,41.487,7.0,42.5,
2026-09-30 15:59 UTC,2026,4,2026_04_DEN_SF,1.612,49.62,3.0,47.5,
2026-09-30 15:59 UTC,2026,4,2026_04_DET_CAR,-2.978,51.244,-3.5,51.5,
2026-09-30 15:59 UTC,2026,4,2026_04_ATL_NO,2.94,46.885,3.0,48.5,
2026-09-30 16:38 UTC,2026,4,2026_04_PIT_CLE,-1.999,40.994,-2.5,38.5,
2026-09-30 16:38 UTC,2026,4,2026_04_IND_WAS,1.574,49.944,-3.5,47.5,WAS +3.5
2026-09-30 16:38 UTC,2026,4,2026_04_TEN_BAL,12.47,46.927,11.5,43.5,
2026-09-30 16:38 UTC,2026,4,2026_04_NE_BUF,5.302,47.171,6.5,48.5,
2026-09-30 16:38 UTC,2026,4,2026_04_NYJ_CHI,5.974,46.355,3.5,42.5,
2026-09-30 16:38 UTC,2026,4,2026_04_JAX_CIN,-1.8,48.938,2.5,51.5,JAX +2.5
2026-09-30 16:38 UTC,2026,4,2026_04_DAL_HOU,3.287,49.508,2.5,48.5,
2026-09-30 16:38 UTC,2026,4,2026_04_ARI_NYG,2.303,44.929,-2.5,44.5,NYG +2.5
2026-09-30 16:38 UTC,2026,4,2026_04_LA_PHI,-1.589,45.442,-3.0,43.5,
2026-09-30 16:38 UTC,2026,4,2026_04_GB_TB,-0.991,42.153,-3.5,39.5,
2026-09-30 16:38 UTC,2026,4,2026_04_MIA_MIN,10.94,43.096,10.5,38.5,
2026-09-30 16:38 UTC,2026,4,2026_04_KC_LV,-3.946,48.233,-4.5,47.5,
2026-09-30 16:38 UTC,2026,4,2026_04_LAC_SEA,6.771,41.487,7.0,42.5,
2026-09-30 16:38 UTC,2026,4,2026_04_DEN_SF,1.626,49.62,3.0,47.5,
2026-09-30 16:38 UTC,2026,4,2026_04_DET_CAR,-2.975,51.244,-3.5,51.5,
2026-09-30 16:38 UTC,2026,4,2026_04_ATL_NO,2.928,46.885,2.5,47.5,
2026-09-30 17:21 UTC,2026,4,2026_04_PIT_CLE,-1.999,40.994,-2.5,38.5,
2026-09-30 17:21 UTC,2026,4,2026_04_IND_WAS,1.574,49.944,-3.5,47.5,WAS +3.5
2026-09-30 17:21 UTC,2026,4,2026_04_TEN_BAL,12.405,47.416,11.5,43.5,
2026-09-30 17:21 UTC,2026,4,2026_04_NE_BUF,5.302,47.008,6.5,48.5,
2026-09-30 17:21 UTC,2026,4,2026_04_NYJ_CHI,6.057,46.544,3.5,42.5,
2026-09-30 17:21 UTC,2026,4,2026_04_JAX_CIN,-1.967,49.887,2.5,51.5,JAX +2.5
2026-09-30 17:21 UTC,2026,4,2026_04_DAL_HOU,3.287,49.101,2.5,48.5,
2026-09-30 17:21 UTC,2026,4,2026_04_ARI_NYG,2.387,45.661,-2.5,44.5,NYG +2.5
2026-09-30 17:21 UTC,2026,4,2026_04_LA_PHI,-1.678,46.202,-3.0,43.5,
2026-09-30 17:21 UTC,2026,4,2026_04_GB_TB,-0.991,41.855,-3.5,39.5,
2026-09-30 17:21 UTC,2026,4,2026_04_MIA_MIN,10.94,43.096,10.5,38.5,
2026-09-30 17:21 UTC,2026,4,2026_04_KC_LV,-3.946,48.233,-4.5,47.5,
2026-09-30 17:21 UTC,2026,4,2026_04_LAC_SEA,6.771,41.487,7.0,42.5,
2026-09-30 17:21 UTC,2026,4,2026_04_DEN_SF,1.626,49.62,3.0,47.5,
2026-09-30 17:21 UTC,2026,4,2026_04_DET_CAR,-2.975,51.244,-3.5,51.5,
2026-09-30 17:21 UTC,2026,4,2026_04_ATL_NO,2.928,46.885,2.5,47.5,
2026-09-30 18:46 UTC,2026,4,2026_04_PIT_CLE,-1.999,40.994,-2.5,38.5,
2026-09-30 18:46 UTC,2026,4,2026_04_IND_WAS,1.262,46.293,-3.5,47.5,WAS +3.5
2026-09-30 18:46 UTC,2026,4,2026_04_TEN_BAL,12.424,48.392,11.5,43.5,
2026-09-30 18:46 UTC,2026,4,2026_04_NE_BUF,5.356,46.411,6.5,48.5,
2026-09-30 18:46 UTC,2026,4,2026_04_NYJ_CHI,5.939,47.114,3.5,42.5,
2026-09-30 18:46 UTC,2026,4,2026_04_JAX_CIN,-1.967,49.914,2.5,51.5,JAX +2.5
2026-09-30 18:46 UTC,2026,4,2026_04_DAL_HOU,3.347,48.613,2.5,48.5,
2026-09-30 18:46 UTC,2026,4,2026_04_ARI_NYG,2.303,44.712,-2.5,44.5,NYG +2.5
2026-09-30 18:46 UTC,2026,4,2026_04_LA_PHI,-1.589,45.632,-3.0,43.5,
2026-09-30 18:46 UTC,2026,4,2026_04_GB_TB,-0.933,41.557,-3.5,39.5,
2026-09-30 18:46 UTC,2026,4,2026_04_MIA_MIN,10.94,43.096,10.5,38.5,
2026-09-30 18:46 UTC,2026,4,2026_04_KC_LV,-3.946,48.233,-4.5,47.5,
2026-09-30 18:46 UTC,2026,4,2026_04_LAC_SEA,6.771,41.487,7.0,42.5,
2026-09-30 18:46 UTC,2026,4,2026_04_DEN_SF,1.626,49.62,3.0,47.5,
2026-09-30 18:46 UTC,2026,4,2026_04_DET_CAR,-2.975,51.244,-3.5,51.5,
2026-09-30 18:46 UTC,2026,4,2026_04_ATL_NO,2.928,46.885,2.5,47.5,
2026-09-30 19:18 UTC,2026,4,2026_04_PIT_CLE,-1.999,40.994,-2.5,38.5,
2026-09-30 19:18 UTC,2026,4,2026_04_IND_WAS,1.262,46.293,-3.5,47.5,WAS +3.5
2026-09-30 19:18 UTC,2026,4,2026_04_TEN_BAL,12.424,48.392,11.5,43.5,
2026-09-30 19:18 UTC,2026,4,2026_04_NE_BUF,5.356,46.411,6.5,48.5,
2026-09-30 19:18 UTC,2026,4,2026_04_NYJ_CHI,5.939,47.114,3.5,43.5,
2026-09-30 19:18 UTC,2026,4,2026_04_JAX_CIN,-1.967,49.914,2.5,51.5,JAX +2.5
2026-09-30 19:18 UTC,2026,4,2026_04_DAL_HOU,3.347,48.613,2.5,48.5,
2026-09-30 19:18 UTC,2026,4,2026_04_ARI_NYG,2.303,44.712,-2.5,44.5,NYG +2.5
2026-09-30 19:18 UTC,2026,4,2026_04_LA_PHI,-1.589,45.632,-3.0,43.5,
2026-09-30 19:18 UTC,2026,4,2026_04_GB_TB,-0.933,41.557,-3.5,39.5,
2026-09-30 19:18 UTC,2026,4,2026_04_MIA_MIN,10.94,43.096,10.5,38.5,
2026-09-30 19:18 UTC,2026,4,2026_04_KC_LV,-3.946,48.233,-4.5,47.5,
2026-09-30 19:18 UTC,2026,4,2026_04_LAC_SEA,6.771,41.487,7.0,42.5,
2026-09-30 19:18 UTC,2026,4,2026_04_DEN_SF,1.626,49.62,3.0,47.5,
2026-09-30 19:18 UTC,2026,4,2026_04_DET_CAR,-2.975,51.244,-3.5,51.5,
2026-09-30 19:18 UTC,2026,4,2026_04_ATL_NO,2.928,46.885,2.5,47.5,
2026-09-30 19:51 UTC,2026,4,2026_04_PIT_CLE,-1.999,40.994,-2.5,38.5,
2026-09-30 19:51 UTC,2026,4,2026_04_IND_WAS,1.262,46.293,-3.5,47.5,WAS +3.5
2026-09-30 19:51 UTC,2026,4,2026_04_TEN_BAL,12.424,48.392,11.5,43.5,
2026-09-30 19:51 UTC,2026,4,2026_04_NE_BUF,5.356,46.411,6.5,48.5,
2026-09-30 19:51 UTC,2026,4,2026_04_NYJ_CHI,5.854,47.114,3.5,43.5,
2026-09-30 19:51 UTC,2026,4,2026_04_JAX_CIN,-1.967,49.914,2.5,51.5,JAX +2.5
2026-09-30 19:51 UTC,2026,4,2026_04_DAL_HOU,3.347,48.613,2.5,48.5,
2026-09-30 19:51 UTC,2026,4,2026_04_ARI_NYG,2.303,44.712,-2.5,44.5,NYG +2.5
2026-09-30 19:51 UTC,2026,4,2026_04_LA_PHI,-1.589,45.632,-3.0,43.5,
2026-09-30 19:51 UTC,2026,4,2026_04_GB_TB,-0.933,41.557,-3.5,39.5,
2026-09-30 19:51 UTC,2026,4,2026_04_MIA_MIN,10.94,43.096,10.5,38.5,
2026-09-30 19:51 UTC,2026,4,2026_04_KC_LV,-3.946,48.233,-4.5,47.5,
2026-09-30 19:51 UTC,2026,4,2026_04_LAC_SEA,6.771,41.487,7.0,42.5,
2026-09-30 19:51 UTC,2026,4,2026_04_DEN_SF,1.626,49.62,3.0,47.5,
2026-09-30 19:51 UTC,2026,4,2026_04_DET_CAR,-2.897,51.244,-3.5,51.5,
2026-09-30 19:51 UTC,2026,4,2026_04_ATL_NO,2.928,46.885,2.5,47.5,
2026-09-30 20:32 UTC,2026,4,2026_04_PIT_CLE,-1.999,40.479,-2.5,38.5,
2026-09-30 20:32 UTC,2026,4,2026_04_IND_WAS,1.262,46.293,-3.5,47.5,WAS +3.5
2026-09-30 20:32 UTC,2026,4,2026_04_TEN_BAL,12.424,48.392,11.5,43.5,
2026-09-30 20:32 UTC,2026,4,2026_04_NE_BUF,5.356,46.411,6.5,48.5,
2026-09-30 20:32 UTC,2026,4,2026_04_NYJ_CHI,5.854,47.114,3.5,42.5,
2026-09-30 20:32 UTC,2026,4,2026_04_JAX_CIN,-1.967,49.914,2.5,51.5,JAX +2.5
2026-09-30 20:32 UTC,2026,4,2026_04_DAL_HOU,2.91,48.613,2.5,48.5,
2026-09-30 20:32 UTC,2026,4,2026_04_ARI_NYG,2.303,44.712,-2.5,44.5,NYG +2.5
2026-09-30 20:32 UTC,2026,4,2026_04_LA_PHI,-1.589,45.632,-3.0,43.5,
2026-09-30 20:32 UTC,2026,4,2026_04_GB_TB,-0.933,41.557,-3.5,39.5,
2026-09-30 20:32 UTC,2026,4,2026_04_MIA_MIN,10.94,43.096,10.5,38.5,
2026-09-30 20:32 UTC,2026,4,2026_04_KC_LV,-3.946,48.233,-4.5,47.5,
2026-09-30 20:32 UTC,2026,4,2026_04_LAC_SEA,6.771,41.622,7.0,42.5,
2026-09-30 20:32 UTC,2026,4,2026_04_DEN_SF,1.626,49.62,3.0,47.5,
2026-09-30 20:32 UTC,2026,4,2026_04_DET_CAR,-2.897,51.244,-3.5,51.5,
2026-09-30 20:32 UTC,2026,4,2026_04_ATL_NO,2.928,46.885,2.5,47.5,
2026-09-30 22:16 UTC,2026,4,2026_04_PIT_CLE,-1.999,40.479,-2.5,38.5,
2026-09-30 22:16 UTC,2026,4,2026_04_IND_WAS,1.262,46.293,-3.5,47.5,WAS +3.5
2026-09-30 22:16 UTC,2026,4,2026_04_TEN_BAL,12.424,48.392,11.5,42.5,
2026-09-30 22:16 UTC,2026,4,2026_04_NE_BUF,5.356,46.411,6.5,48.5,
2026-09-30 22:16 UTC,2026,4,2026_04_NYJ_CHI,5.854,47.114,3.5,43.5,
2026-09-30 22:16 UTC,2026,4,2026_04_JAX_CIN,-1.967,49.914,2.5,51.5,JAX +2.5
2026-09-30 22:16 UTC,2026,4,2026_04_DAL_HOU,2.91,48.613,3.0,48.5,
2026-09-30 22:16 UTC,2026,4,2026_04_ARI_NYG,2.303,44.712,-2.5,44.5,NYG +2.5
2026-09-30 22:16 UTC,2026,4,2026_04_LA_PHI,-1.589,45.632,-3.0,43.5,
2026-09-30 22:16 UTC,2026,4,2026_04_GB_TB,-0.933,41.557,-3.5,38.5,
2026-09-30 22:16 UTC,2026,4,2026_04_MIA_MIN,10.94,43.096,10.5,38.5,
2026-09-30 22:16 UTC,2026,4,2026_04_KC_LV,-3.946,48.233,-4.5,47.5,
2026-09-30 22:16 UTC,2026,4,2026_04_LAC_SEA,6.771,41.622,7.0,42.5,
2026-09-30 22:16 UTC,2026,4,2026_04_DEN_SF,1.433,50.054,3.0,47.5,
2026-09-30 22:16 UTC,2026,4,2026_04_DET_CAR,-2.897,51.244,-3.5,51.5,
2026-09-30 22:16 UTC,2026,4,2026_04_ATL_NO,2.928,46.885,2.5,47.5,
2026-09-30 23:08 UTC,2026,4,2026_04_PIT_CLE,-1.999,40.479,-2.5,38.5,
2026-09-30 23:08 UTC,2026,4,2026_04_IND_WAS,1.262,46.293,-3.5,47.5,WAS +3.5
2026-09-30 23:08 UTC,2026,4,2026_04_TEN_BAL,12.424,48.392,11.5,42.5,
2026-09-30 23:08 UTC,2026,4,2026_04_NE_BUF,5.356,46.411,6.5,48.5,
2026-09-30 23:08 UTC,2026,4,2026_04_NYJ_CHI,5.854,47.114,3.5,43.5,
2026-09-30 23:08 UTC,2026,4,2026_04_JAX_CIN,-1.967,49.914,2.5,51.5,JAX +2.5
2026-09-30 23:08 UTC,2026,4,2026_04_DAL_HOU,2.91,48.613,3.0,48.5,
2026-09-30 23:08 UTC,2026,4,2026_04_ARI_NYG,2.303,44.712,-2.5,44.5,NYG +2.5
2026-09-30 23:08 UTC,2026,4,2026_04_LA_PHI,-1.589,45.632,-3.0,43.5,
2026-09-30 23:08 UTC,2026,4,2026_04_GB_TB,-0.933,41.557,-3.5,38.5,
2026-09-30 23:08 UTC,2026,4,2026_04_MIA_MIN,10.94,43.096,10.5,38.5,
2026-09-30 23:08 UTC,2026,4,2026_04_KC_LV,-3.946,48.233,-4.5,47.5,
2026-09-30 23:08 UTC,2026,4,2026_04_LAC_SEA,6.771,41.622,7.0,42.5,
2026-09-30 23:08 UTC,2026,4,2026_04_DEN_SF,1.433,50.054,3.0,47.5,
2026-09-30 23:08 UTC,2026,4,2026_04_DET_CAR,-2.897,51.244,-3.5,51.5,
2026-09-30 23:08 UTC,2026,4,2026_04_ATL_NO,2.928,46.885,2.5,47.5,
2026-10-01 00:31 UTC,2026,4,2026_04_PIT_CLE,-1.999,40.479,-2.5,38.5,
2026-10-01 00:31 UTC,2026,4,2026_04_IND_WAS,1.51,50.242,-3.5,47.5,WAS +3.5
2026-10-01 00:31 UTC,2026,4,2026_04_TEN_BAL,12.47,46.955,11.5,42.5,
2026-10-01 00:31 UTC,2026,4,2026_04_NE_BUF,5.302,46.872,6.5,48.5,
2026-10-01 00:31 UTC,2026,4,2026_04_NYJ_CHI,5.933,46.87,3.5,43.5,
2026-10-01 00:31 UTC,2026,4,2026_04_JAX_CIN,-1.962,49.67,2.5,51.5,JAX +2.5
2026-10-01 00:31 UTC,2026,4,2026_04_DAL_HOU,2.91,48.586,3.0,48.5,
2026-10-01 00:31 UTC,2026,4,2026_04_ARI_NYG,2.303,44.794,-2.5,44.5,NYG +2.5
2026-10-01 00:31 UTC,2026,4,2026_04_LA_PHI,-1.488,44.9,-3.0,43.5,
2026-10-01 00:31 UTC,2026,4,2026_04_GB_TB,-0.991,41.828,-3.5,38.5,
2026-10-01 00:31 UTC,2026,4,2026_04_MIA_MIN,10.94,43.096,10.5,38.5,
2026-10-01 00:31 UTC,2026,4,2026_04_KC_LV,-3.946,48.233,-4.5,47.5,
2026-10-01 00:31 UTC,2026,4,2026_04_LAC_SEA,6.738,41.758,7.0,42.5,
2026-10-01 00:31 UTC,2026,4,2026_04_DEN_SF,1.433,50.434,3.0,47.5,
2026-10-01 00:31 UTC,2026,4,2026_04_DET_CAR,-2.933,47.105,-3.5,51.5,
2026-10-01 00:31 UTC,2026,4,2026_04_ATL_NO,2.928,46.885,2.5,47.5,
2026-10-01 01:11 UTC,2026,4,2026_04_PIT_CLE,-1.999,40.479,-2.5,38.5,
2026-10-01 01:11 UTC,2026,4,2026_04_IND_WAS,1.51,50.242,-3.5,47.5,WAS +3.5
2026-10-01 01:11 UTC,2026,4,2026_04_TEN_BAL,12.47,46.955,11.5,42.5,
2026-10-01 01:11 UTC,2026,4,2026_04_NE_BUF,5.302,46.872,6.5,48.5,
2026-10-01 01:11 UTC,2026,4,2026_04_NYJ_CHI,5.933,46.87,3.5,43.5,
2026-10-01 01:11 UTC,2026,4,2026_04_JAX_CIN,-1.962,49.67,2.5,51.5,JAX +2.5
2026-10-01 01:11 UTC,2026,4,2026_04_DAL_HOU,2.91,48.586,3.0,48.5,
2026-10-01 01:11 UTC,2026,4,2026_04_ARI_NYG,2.303,44.794,-2.5,44.5,NYG +2.5
2026-10-01 01:11 UTC,2026,4,2026_04_LA_PHI,-1.488,44.9,-3.0,43.5,
2026-10-01 01:11 UTC,2026,4,2026_04_GB_TB,-0.991,41.828,-3.5,38.5,
2026-10-01 01:11 UTC,2026,4,2026_04_MIA_MIN,10.94,43.096,10.5,38.5,
2026-10-01 01:11 UTC,2026,4,2026_04_KC_LV,-3.946,48.233,-4.5,47.5,
2026-10-01 01:11 UTC,2026,4,2026_04_LAC_SEA,6.738,41.758,7.0,42.5,
2026-10-01 01:11 UTC,2026,4,2026_04_DEN_SF,1.433,50.434,3.0,47.5,
2026-10-01 01:11 UTC,2026,4,2026_04_DET_CAR,-2.933,47.105,-3.5,51.5,
2026-10-01 01:11 UTC,2026,4,2026_04_ATL_NO,2.928,46.885,2.5,47.5,
2026-10-01 02:02 UTC,2026,4,2026_04_PIT_CLE,-2.021,41.319,-2.5,38.5,
2026-10-01 02:02 UTC,2026,4,2026_04_IND_WAS,1.51,50.242,-3.5,47.5,WAS +3.5
2026-10-01 02:02 UTC,2026,4,2026_04_TEN_BAL,12.47,46.955,11.5,42.5,
2026-10-01 02:02 UTC,2026,4,2026_04_NE_BUF,5.302,46.872,6.5,48.5,
2026-10-01 02:02 UTC,2026,4,2026_04_NYJ_CHI,5.933,46.87,3.5,43.5,
2026-10-01 02:02 UTC,2026,4,2026_04_JAX_CIN,-1.962,49.67,2.5,51.5,JAX +2.5
2026-10-01 02:02 UTC,2026,4,2026_04_DAL_HOU,2.91,48.586,3.0,48.5,
2026-10-01 02:02 UTC,2026,4,2026_04_ARI_NYG,2.303,44.794,-2.5,44.5,NYG +2.5
2026-10-01 02:02 UTC,2026,4,2026_04_LA_PHI,-1.488,44.9,-3.0,43.5,
2026-10-01 02:02 UTC,2026,4,2026_04_GB_TB,-0.991,41.828,-3.5,38.5,
2026-10-01 02:02 UTC,2026,4,2026_04_MIA_MIN,10.94,43.096,10.5,38.5,
2026-10-01 02:02 UTC,2026,4,2026_04_KC_LV,-3.946,48.233,-4.5,47.5,
2026-10-01 02:02 UTC,2026,4,2026_04_LAC_SEA,6.738,41.758,7.0,42.5,
2026-10-01 02:02 UTC,2026,4,2026_04_DEN_SF,1.433,50.434,3.0,47.5,
2026-10-01 02:02 UTC,2026,4,2026_04_DET_CAR,-2.933,47.105,-3.5,51.5,
2026-10-01 02:02 UTC,2026,4,2026_04_ATL_NO,2.928,46.885,2.5,47.5,
2026-10-01 02:32 UTC,2026,4,2026_04_PIT_CLE,-2.021,41.319,-2.5,38.5,
2026-10-01 02:32 UTC,2026,4,2026_04_IND_WAS,1.51,50.242,-3.5,47.5,WAS +3.5
2026-10-01 02:32 UTC,2026,4,2026_04_TEN_BAL,12.47,46.955,11.5,42.5,
2026-10-01 02:32 UTC,2026,4,2026_04_NE_BUF,5.302,46.872,6.5,48.5,
2026-10-01 02:32 UTC,2026,4,2026_04_NYJ_CHI,5.933,46.87,3.5,43.5,
2026-10-01 02:32 UTC,2026,4,2026_04_JAX_CIN,-1.962,49.67,2.5,51.5,JAX +2.5
2026-10-01 02:32 UTC,2026,4,2026_04_DAL_HOU,2.91,48.586,3.0,48.5,
2026-10-01 02:32 UTC,2026,4,2026_04_ARI_NYG,2.303,44.794,-2.5,44.5,NYG +2.5
2026-10-01 02:32 UTC,2026,4,2026_04_LA_PHI,-1.488,44.9,-3.0,43.5,
2026-10-01 02:32 UTC,2026,4,2026_04_GB_TB,-0.991,41.828,-3.5,38.5,
2026-10-01 02:32 UTC,2026,4,2026_04_MIA_MIN,10.94,43.096,10.5,38.5,
2026-10-01 02:32 UTC,2026,4,2026_04_KC_LV,-3.946,48.233,-4.5,47.5,
2026-10-01 02:32 UTC,2026,4,2026_04_LAC_SEA,6.738,41.758,7.0,42.5,
2026-10-01 02:32 UTC,2026,4,2026_04_DEN_SF,1.433,50.434,3.0,47.5,
2026-10-01 02:32 UTC,2026,4,2026_04_DET_CAR,-2.933,47.105,-3.5,51.5,
2026-10-01 02:32 UTC,2026,4,2026_04_ATL_NO,2.928,46.885,2.5,47.5,
2026-10-01 03:25 UTC,2026,4,2026_04_PIT_CLE,-2.021,41.319,-2.5,38.5,
2026-10-01 03:25 UTC,2026,4,2026_04_IND_WAS,1.262,46.211,-3.5,47.5,WAS +3.5
2026-10-01 03:25 UTC,2026,4,2026_04_TEN_BAL,12.624,42.924,11.5,42.5,
2026-10-01 03:25 UTC,2026,4,2026_04_NE_BUF,5.302,46.872,6.5,48.5,
2026-10-01 03:25 UTC,2026,4,2026_04_NYJ_CHI,5.933,46.87,3.5,43.5,
2026-10-01 03:25 UTC,2026,4,2026_04_JAX_CIN,-1.962,49.67,2.5,51.5,JAX +2.5
2026-10-01 03:25 UTC,2026,4,2026_04_DAL_HOU,2.91,48.586,3.0,48.5,
2026-10-01 03:25 UTC,2026,4,2026_04_ARI_NYG,2.303,44.794,-2.5,44.5,NYG +2.5
2026-10-01 03:25 UTC,2026,4,2026_04_LA_PHI,-1.488,44.9,-3.0,43.5,
2026-10-01 03:25 UTC,2026,4,2026_04_GB_TB,-0.991,41.828,-3.5,38.5,
2026-10-01 03:25 UTC,2026,4,2026_04_MIA_MIN,10.94,43.096,10.5,38.5,
2026-10-01 03:25 UTC,2026,4,2026_04_KC_LV,-3.946,48.233,-4.5,47.5,
2026-10-01 03:25 UTC,2026,4,2026_04_LAC_SEA,6.738,41.758,7.0,42.5,
2026-10-01 03:25 UTC,2026,4,2026_04_DEN_SF,1.433,50.434,3.0,47.5,
2026-10-01 03:25 UTC,2026,4,2026_04_DET_CAR,-2.933,47.105,-3.5,51.5,
2026-10-01 03:25 UTC,2026,4,2026_04_ATL_NO,2.928,46.885,2.5,47.5,
2026-10-01 03:56 UTC,2026,4,2026_04_PIT_CLE,-2.021,41.319,-2.5,38.5,
2026-10-01 03:56 UTC,2026,4,2026_04_IND_WAS,1.262,46.211,-3.5,47.5,WAS +3.5
2026-10-01 03:56 UTC,2026,4,2026_04_TEN_BAL,12.624,42.924,11.5,42.5,
2026-10-01 03:56 UTC,2026,4,2026_04_NE_BUF,5.302,46.872,6.5,48.5,
2026-10-01 03:56 UTC,2026,4,2026_04_NYJ_CHI,5.933,46.87,3.5,43.5,
2026-10-01 03:56 UTC,2026,4,2026_04_JAX_CIN,-1.962,49.67,2.5,51.5,JAX +2.5
2026-10-01 03:56 UTC,2026,4,2026_04_DAL_HOU,2.91,48.586,3.0,48.5,
2026-10-01 03:56 UTC,2026,4,2026_04_ARI_NYG,2.303,44.794,-2.5,44.5,NYG +2.5
2026-10-01 03:56 UTC,2026,4,2026_04_LA_PHI,-1.488,44.9,-3.0,43.5,
2026-10-01 03:56 UTC,2026,4,2026_04_GB_TB,-0.991,41.828,-3.5,38.5,
2026-10-01 03:56 UTC,2026,4,2026_04_MIA_MIN,10.94,43.096,10.5,38.5,
2026-10-01 03:56 UTC,2026,4,2026_04_KC_LV,-3.946,48.233,-4.5,47.5,
2026-10-01 03:56 UTC,2026,4,2026_04_LAC_SEA,6.738,41.758,7.0,42.5,
2026-10-01 03:56 UTC,2026,4,2026_04_DEN_SF,1.433,50.434,3.0,47.5,
2026-10-01 03:56 UTC,2026,4,2026_04_DET_CAR,-2.933,47.105,-3.5,51.5,
2026-10-01 03:56 UTC,2026,4,2026_04_ATL_NO,2.928,46.885,2.5,47.5,
2026-10-01 04:29 UTC,2026,4,2026_04_PIT_CLE,-2.021,41.319,-2.5,38.5,
2026-10-01 04:29 UTC,2026,4,2026_04_IND_WAS,1.262,46.211,-3.5,47.5,WAS +3.5
2026-10-01 04:29 UTC,2026,4,2026_04_TEN_BAL,12.624,42.924,11.5,42.5,
2026-10-01 04:29 UTC,2026,4,2026_04_NE_BUF,5.302,46.872,6.5,48.5,
2026-10-01 04:29 UTC,2026,4,2026_04_NYJ_CHI,5.933,46.87,3.5,43.5,
2026-10-01 04:29 UTC,2026,4,2026_04_JAX_CIN,-1.962,49.67,2.5,51.5,JAX +2.5
2026-10-01 04:29 UTC,2026,4,2026_04_DAL_HOU,2.91,48.586,3.0,48.5,
2026-10-01 04:29 UTC,2026,4,2026_04_ARI_NYG,2.303,44.794,-2.5,44.5,NYG +2.5
2026-10-01 04:29 UTC,2026,4,2026_04_LA_PHI,-1.488,44.9,-3.0,43.5,
2026-10-01 04:29 UTC,2026,4,2026_04_GB_TB,-0.991,41.828,-3.5,38.5,
2026-10-01 04:29 UTC,2026,4,2026_04_MIA_MIN,10.94,43.096,10.5,38.5,
2026-10-01 04:29 UTC,2026,4,2026_04_KC_LV,-3.946,48.233,-4.5,47.5,
2026-10-01 04:29 UTC,2026,4,2026_04_LAC_SEA,6.738,41.758,7.0,42.5,
2026-10-01 04:29 UTC,2026,4,2026_04_DEN_SF,1.433,50.434,3.0,47.5,
2026-10-01 04:29 UTC,2026,4,2026_04_DET_CAR,-2.933,47.105,-3.5,51.5,
2026-10-01 04:29 UTC,2026,4,2026_04_ATL_NO,2.928,46.885,2.5,47.5,
2026-10-01 04:57 UTC,2026,4,2026_04_PIT_CLE,-2.021,41.319,-2.5,38.5,
2026-10-01 04:57 UTC,2026,4,2026_04_IND_WAS,1.262,46.211,-3.5,47.5,WAS +3.5
2026-10-01 04:57 UTC,2026,4,2026_04_TEN_BAL,12.624,42.924,11.5,42.5,
2026-10-01 04:57 UTC,2026,4,2026_04_NE_BUF,5.302,46.872,6.5,48.5,
2026-10-01 04:57 UTC,2026,4,2026_04_NYJ_CHI,5.933,46.87,3.5,43.5,
2026-10-01 04:57 UTC,2026,4,2026_04_JAX_CIN,-1.962,49.67,2.5,51.5,JAX +2.5
2026-10-01 04:57 UTC,2026,4,2026_04_DAL_HOU,2.91,48.586,3.0,48.5,
2026-10-01 04:57 UTC,2026,4,2026_04_ARI_NYG,2.303,44.794,-2.5,44.5,NYG +2.5
2026-10-01 04:57 UTC,2026,4,2026_04_LA_PHI,-1.488,44.9,-3.0,43.5,
2026-10-01 04:57 UTC,2026,4,2026_04_GB_TB,-0.991,41.828,-3.5,38.5,
2026-10-01 04:57 UTC,2026,4,2026_04_MIA_MIN,10.94,43.096,10.5,38.5,
2026-10-01 04:57 UTC,2026,4,2026_04_KC_LV,-3.946,48.233,-4.5,47.5,
2026-10-01 04:57 UTC,2026,4,2026_04_LAC_SEA,6.738,41.758,7.0,42.5,
2026-10-01 04:57 UTC,2026,4,2026_04_DEN_SF,1.433,50.434,3.0,47.5,
2026-10-01 04:57 UTC,2026,4,2026_04_DET_CAR,-2.933,47.105,-3.5,51.5,
2026-10-01 04:57 UTC,2026,4,2026_04_ATL_NO,2.928,46.885,2.5,47.5,
2026-10-01 07:10 UTC,2026,4,2026_04_PIT_CLE,-2.021,41.319,-2.5,38.5,
2026-10-01 07:10 UTC,2026,4,2026_04_IND_WAS,1.239,46.998,-3.5,47.5,WAS +3.5
2026-10-01 07:10 UTC,2026,4,2026_04_TEN_BAL,12.771,43.358,11.5,42.5,
2026-10-01 07:10 UTC,2026,4,2026_04_NE_BUF,5.381,46.574,6.5,48.5,
2026-10-01 07:10 UTC,2026,4,2026_04_NYJ_CHI,5.117,46.436,3.5,43.5,
2026-10-01 07:10 UTC,2026,4,2026_04_JAX_CIN,-1.96,49.453,2.5,51.5,JAX +2.5
2026-10-01 07:10 UTC,2026,4,2026_04_DAL_HOU,3.039,49.21,3.0,48.5,
2026-10-01 07:10 UTC,2026,4,2026_04_ARI_NYG,2.303,45.011,-2.5,44.5,NYG +2.5
2026-10-01 07:10 UTC,2026,4,2026_04_LA_PHI,-1.793,45.117,-3.0,43.5,
2026-10-01 07:10 UTC,2026,4,2026_04_GB_TB,0.09,42.834,-3.5,38.5,
2026-10-01 07:10 UTC,2026,4,2026_04_MIA_MIN,10.907,43.096,10.5,38.5,
2026-10-01 07:10 UTC,2026,4,2026_04_KC_LV,-3.946,48.233,-4.5,47.5,
2026-10-01 07:10 UTC,2026,4,2026_04_LAC_SEA,6.69,41.975,7.0,42.5,
2026-10-01 07:10 UTC,2026,4,2026_04_DEN_SF,1.433,50.352,3.0,47.5,
2026-10-01 07:10 UTC,2026,4,2026_04_DET_CAR,-3.361,48.759,-3.5,51.5,
2026-10-01 07:10 UTC,2026,4,2026_04_ATL_NO,2.928,46.885,2.5,47.5,
2026-10-01 09:39 UTC,2026,4,2026_04_PIT_CLE,-2.021,41.319,-2.5,38.5,
2026-10-01 09:39 UTC,2026,4,2026_04_IND_WAS,1.239,46.998,-3.5,47.5,WAS +3.5
2026-10-01 09:39 UTC,2026,4,2026_04_TEN_BAL,12.771,43.358,11.5,42.5,
2026-10-01 09:39 UTC,2026,4,2026_04_NE_BUF,5.381,46.574,6.5,48.5,
2026-10-01 09:39 UTC,2026,4,2026_04_NYJ_CHI,5.117,46.436,3.5,43.5,
2026-10-01 09:39 UTC,2026,4,2026_04_JAX_CIN,-1.96,49.453,2.5,51.5,JAX +2.5
2026-10-01 09:39 UTC,2026,4,2026_04_DAL_HOU,3.039,49.21,3.0,48.5,
2026-10-01 09:39 UTC,2026,4,2026_04_ARI_NYG,2.303,45.011,-2.5,44.5,NYG +2.5
2026-10-01 09:39 UTC,2026,4,2026_04_LA_PHI,-1.793,45.117,-3.0,43.5,
2026-10-01 09:39 UTC,2026,4,2026_04_GB_TB,0.09,42.834,-3.5,38.5,
2026-10-01 09:39 UTC,2026,4,2026_04_MIA_MIN,10.907,43.096,10.5,38.5,
2026-10-01 09:39 UTC,2026,4,2026_04_KC_LV,-3.946,48.233,-4.5,47.5,
2026-10-01 09:39 UTC,2026,4,2026_04_LAC_SEA,6.69,41.975,7.0,42.5,
2026-10-01 09:39 UTC,2026,4,2026_04_DEN_SF,1.433,50.352,3.0,47.5,
2026-10-01 09:39 UTC,2026,4,2026_04_DET_CAR,-3.361,48.759,-3.5,51.5,
2026-10-01 09:39 UTC,2026,4,2026_04_ATL_NO,2.928,46.885,2.5,47.5,
2026-10-01 11:40 UTC,2026,4,2026_04_PIT_CLE,-1.999,40.994,-2.5,38.5,
2026-10-01 11:40 UTC,2026,4,2026_04_IND_WAS,1.326,45.94,-3.5,47.5,WAS +3.5
2026-10-01 11:40 UTC,2026,4,2026_04_TEN_BAL,12.771,43.358,11.5,42.5,
2026-10-01 11:40 UTC,2026,4,2026_04_NE_BUF,5.302,46.845,6.5,48.5,
2026-10-01 11:40 UTC,2026,4,2026_04_NYJ_CHI,5.03,46.626,3.5,43.5,
2026-10-01 11:40 UTC,2026,4,2026_04_JAX_CIN,-1.96,49.697,2.5,51.5,JAX +2.5
2026-10-01 11:40 UTC,2026,4,2026_04_DAL_HOU,3.113,48.938,3.0,48.5,
2026-10-01 11:40 UTC,2026,4,2026_04_ARI_NYG,2.319,44.495,-2.5,44.5,NYG +2.5
2026-10-01 11:40 UTC,2026,4,2026_04_LA_PHI,-1.793,45.551,-3.0,43.5,
2026-10-01 11:40 UTC,2026,4,2026_04_GB_TB,0.09,42.78,-3.5,38.5,
2026-10-01 11:40 UTC,2026,4,2026_04_MIA_MIN,10.907,43.096,10.5,38.5,
2026-10-01 11:40 UTC,2026,4,2026_04_KC_LV,-3.946,48.233,-4.5,47.5,
2026-10-01 11:40 UTC,2026,4,2026_04_LAC_SEA,6.69,41.812,7.0,42.5,
2026-10-01 11:40 UTC,2026,4,2026_04_DEN_SF,1.433,50.407,3.0,47.5,
2026-10-01 11:40 UTC,2026,4,2026_04_DET_CAR,-3.361,48.515,-3.5,51.5,
2026-10-01 11:40 UTC,2026,4,2026_04_ATL_NO,2.928,46.885,2.5,47.5,
2026-10-01 13:42 UTC,2026,4,2026_04_PIT_CLE,-1.999,40.18,-2.5,38.5,
2026-10-01 13:42 UTC,2026,4,2026_04_IND_WAS,1.326,45.94,-3.5,47.5,WAS +3.5
2026-10-01 13:42 UTC,2026,4,2026_04_TEN_BAL,12.771,43.358,11.5,42.5,
2026-10-01 13:42 UTC,2026,4,2026_04_NE_BUF,5.302,46.845,6.5,48.5,
2026-10-01 13:42 UTC,2026,4,2026_04_NYJ_CHI,5.03,46.626,3.5,43.5,
2026-10-01 13:42 UTC,2026,4,2026_04_JAX_CIN,-1.96,49.697,2.5,51.5,JAX +2.5
2026-10-01 13:42 UTC,2026,4,2026_04_DAL_HOU,3.113,48.938,3.0,48.5,
2026-10-01 13:42 UTC,2026,4,2026_04_ARI_NYG,2.319,44.495,-2.5,44.5,NYG +2.5
2026-10-01 13:42 UTC,2026,4,2026_04_LA_PHI,-1.793,45.551,-3.0,43.5,
2026-10-01 13:42 UTC,2026,4,2026_04_GB_TB,0.09,42.78,-3.5,38.5,
2026-10-01 13:42 UTC,2026,4,2026_04_MIA_MIN,10.907,43.096,10.5,38.5,
2026-10-01 13:42 UTC,2026,4,2026_04_KC_LV,-3.946,48.233,-4.5,47.5,
2026-10-01 13:42 UTC,2026,4,2026_04_LAC_SEA,6.69,41.812,7.0,42.5,
2026-10-01 13:42 UTC,2026,4,2026_04_DEN_SF,1.433,50.407,3.0,47.5,
2026-10-01 13:42 UTC,2026,4,2026_04_DET_CAR,-3.361,48.515,-3.5,51.5,
2026-10-01 13:42 UTC,2026,4,2026_04_ATL_NO,2.928,46.885,2.5,47.5,
2026-10-01 16:04 UTC,2026,4,2026_04_PIT_CLE,-2.023,40.669,-2.5,38.5,
2026-10-01 16:04 UTC,2026,4,2026_04_IND_WAS,1.313,45.94,-3.5,47.5,WAS +3.5
2026-10-01 16:04 UTC,2026,4,2026_04_TEN_BAL,12.763,43.358,11.5,42.5,
2026-10-01 16:04 UTC,2026,4,2026_04_NE_BUF,5.295,46.845,6.5,48.5,
2026-10-01 16:04 UTC,2026,4,2026_04_NYJ_CHI,5.111,46.626,3.5,43.5,
2026-10-01 16:04 UTC,2026,4,2026_04_JAX_CIN,-1.958,49.697,2.5,51.5,JAX +2.5
2026-10-01 16:04 UTC,2026,4,2026_04_DAL_HOU,2.992,44.907,3.0,48.5,
2026-10-01 16:04 UTC,2026,4,2026_04_ARI_NYG,2.319,44.495,-2.5,44.5,NYG +2.5
2026-10-01 16:04 UTC,2026,4,2026_04_LA_PHI,-0.947,45.551,-3.0,43.5,
2026-10-01 16:04 UTC,2026,4,2026_04_GB_TB,0.094,42.78,-3.5,38.5,
2026-10-01 16:04 UTC,2026,4,2026_04_MIA_MIN,10.937,43.096,10.5,38.5,
2026-10-01 16:04 UTC,2026,4,2026_04_KC_LV,-3.962,48.233,-4.5,47.5,
2026-10-01 16:04 UTC,2026,4,2026_04_LAC_SEA,6.693,41.812,7.0,42.5,
2026-10-01 16:04 UTC,2026,4,2026_04_DEN_SF,1.419,50.407,3.0,47.5,
2026-10-01 16:04 UTC,2026,4,2026_04_DET_CAR,-3.398,48.515,-3.5,51.5,
2026-10-01 16:04 UTC,2026,4,2026_04_ATL_NO,2.94,46.885,2.5,47.5,
2026-10-01 16:40 UTC,2026,4,2026_04_PIT_CLE,-1.665,40.804,-2.5,38.5,
2026-10-01 16:40 UTC,2026,4,2026_04_IND_WAS,1.326,45.94,-3.5,47.5,WAS +3.5
2026-10-01 16:40 UTC,2026,4,2026_04_TEN_BAL,12.558,43.358,11.5,42.5,
2026-10-01 16:40 UTC,2026,4,2026_04_NE_BUF,5.302,46.845,6.5,48.5,
2026-10-01 16:40 UTC,2026,4,2026_04_NYJ_CHI,5.933,46.626,3.5,43.5,
2026-10-01 16:40 UTC,2026,4,2026_04_JAX_CIN,-1.962,49.697,2.5,51.5,JAX +2.5
2026-10-01 16:40 UTC,2026,4,2026_04_DAL_HOU,2.416,44.907,3.0,48.5,
2026-10-01 16:40 UTC,2026,4,2026_04_ARI_NYG,2.319,44.495,-2.5,44.5,NYG +2.5
2026-10-01 16:40 UTC,2026,4,2026_04_LA_PHI,-1.589,45.551,-3.0,43.5,
2026-10-01 16:40 UTC,2026,4,2026_04_GB_TB,-0.901,41.286,-3.5,38.5,
2026-10-01 16:40 UTC,2026,4,2026_04_MIA_MIN,10.94,43.096,10.5,38.5,
2026-10-01 16:40 UTC,2026,4,2026_04_KC_LV,-3.946,48.233,-4.5,47.5,
2026-10-01 16:40 UTC,2026,4,2026_04_LAC_SEA,6.738,41.812,7.0,42.5,
2026-10-01 16:40 UTC,2026,4,2026_04_DEN_SF,1.433,50.407,3.0,47.5,
2026-10-01 16:40 UTC,2026,4,2026_04_DET_CAR,-3.378,48.515,-3.5,51.5,
2026-10-01 16:40 UTC,2026,4,2026_04_ATL_NO,2.928,46.885,2.5,47.5,
2026-10-01 17:21 UTC,2026,4,2026_04_PIT_CLE,-1.665,40.804,-2.5,38.5,
2026-10-01 17:21 UTC,2026,4,2026_04_IND_WAS,1.326,45.94,-3.5,47.5,WAS +3.5
2026-10-01 17:21 UTC,2026,4,2026_04_TEN_BAL,12.558,43.358,11.5,42.5,
2026-10-01 17:21 UTC,2026,4,2026_04_NE_BUF,5.302,46.845,6.5,48.5,
2026-10-01 17:21 UTC,2026,4,2026_04_NYJ_CHI,5.933,46.626,3.5,43.5,
2026-10-01 17:21 UTC,2026,4,2026_04_JAX_CIN,-1.962,49.697,2.5,51.5,JAX +2.5
2026-10-01 17:21 UTC,2026,4,2026_04_DAL_HOU,2.416,44.907,3.0,48.5,
2026-10-01 17:21 UTC,2026,4,2026_04_ARI_NYG,2.319,44.495,-2.5,44.5,NYG +2.5
2026-10-01 17:21 UTC,2026,4,2026_04_LA_PHI,-1.589,45.551,-3.0,43.5,
2026-10-01 17:21 UTC,2026,4,2026_04_GB_TB,-0.901,41.286,-3.5,38.5,
2026-10-01 17:21 UTC,2026,4,2026_04_MIA_MIN,10.94,43.096,10.5,38.5,
2026-10-01 17:21 UTC,2026,4,2026_04_KC_LV,-3.946,48.233,-4.5,47.5,
2026-10-01 17:21 UTC,2026,4,2026_04_LAC_SEA,6.738,41.812,7.0,42.5,
2026-10-01 17:21 UTC,2026,4,2026_04_DEN_SF,1.433,50.407,3.0,47.5,
2026-10-01 17:21 UTC,2026,4,2026_04_DET_CAR,-3.378,48.515,-3.5,51.5,
2026-10-01 17:21 UTC,2026,4,2026_04_ATL_NO,2.928,46.885,2.5,47.5,
2026-10-01 17:43 UTC,2026,4,2026_04_PIT_CLE,-1.71,38.909,-2.5,38.5,
2026-10-01 17:43 UTC,2026,4,2026_04_IND_WAS,1.326,45.805,-3.5,47.5,WAS +3.5
2026-10-01 17:43 UTC,2026,4,2026_04_TEN_BAL,12.624,43.032,11.5,42.5,
2026-10-01 17:43 UTC,2026,4,2026_04_NE_BUF,5.185,47.686,6.5,48.5,
2026-10-01 17:43 UTC,2026,4,2026_04_NYJ_CHI,5.933,47.006,3.5,43.5,
2026-10-01 17:43 UTC,2026,4,2026_04_JAX_CIN,-1.967,49.914,2.5,51.5,JAX +2.5
2026-10-01 17:43 UTC,2026,4,2026_04_DAL_HOU,2.416,44.826,3.0,48.5,
2026-10-01 17:43 UTC,2026,4,2026_04_ARI_NYG,2.303,44.712,-2.5,44.5,NYG +2.5
2026-10-01 17:43 UTC,2026,4,2026_04_LA_PHI,-1.589,45.47,-3.0,43.5,
2026-10-01 17:43 UTC,2026,4,2026_04_GB_TB,-0.901,41.367,-3.5,38.5,
2026-10-01 17:43 UTC,2026,4,2026_04_MIA_MIN,10.94,43.096,10.5,38.5,
2026-10-01 17:43 UTC,2026,4,2026_04_KC_LV,-3.946,48.233,-4.5,47.5,
2026-10-01 17:43 UTC,2026,4,2026_04_LAC_SEA,6.771,41.704,7.0,42.5,
2026-10-01 17:43 UTC,2026,4,2026_04_DEN_SF,1.433,50.407,3.0,47.5,
2026-10-01 17:43 UTC,2026,4,2026_04_DET_CAR,-3.378,48.244,-3.5,51.5,
2026-10-01 17:43 UTC,2026,4,2026_04_ATL_NO,2.928,46.885,2.5,47.5,
2026-10-01 18:39 UTC,2026,4,2026_04_PIT_CLE,-1.71,38.943,-2.5,38.5,
2026-10-01 18:39 UTC,2026,4,2026_04_IND_WAS,1.326,45.805,-3.5,47.5,WAS +3.5
2026-10-01 18:39 UTC,2026,4,2026_04_TEN_BAL,12.624,43.032,11.5,42.5,
2026-10-01 18:39 UTC,2026,4,2026_04_NE_BUF,5.185,47.686,7.0,48.5,
2026-10-01 18:39 UTC,2026,4,2026_04_NYJ_CHI,5.933,47.006,3.5,43.5,
2026-10-01 18:39 UTC,2026,4,2026_04_JAX_CIN,-1.967,49.914,2.5,51.5,JAX +2.5
2026-10-01 18:39 UTC,2026,4,2026_04_DAL_HOU,2.416,44.826,3.0,48.5,
2026-10-01 18:39 UTC,2026,4,2026_04_ARI_NYG,2.303,44.712,-2.5,44.5,NYG +2.5
2026-10-01 18:39 UTC,2026,4,2026_04_LA_PHI,-1.589,45.47,-3.0,43.5,
2026-10-01 18:39 UTC,2026,4,2026_04_GB_TB,-0.901,41.367,-3.5,38.5,
2026-10-01 18:39 UTC,2026,4,2026_04_MIA_MIN,10.94,43.096,10.5,38.5,
2026-10-01 18:39 UTC,2026,4,2026_04_KC_LV,-3.946,48.233,-4.5,47.5,
2026-10-01 18:39 UTC,2026,4,2026_04_LAC_SEA,6.771,41.704,7.0,42.5,
2026-10-01 18:39 UTC,2026,4,2026_04_DEN_SF,1.433,50.407,3.0,47.5,
2026-10-01 18:39 UTC,2026,4,2026_04_DET_CAR,-3.378,48.244,-3.5,51.5,
2026-10-01 18:39 UTC,2026,4,2026_04_ATL_NO,2.928,46.885,2.5,47.5,
2026-10-01 20:13 UTC,2026,4,2026_04_PIT_CLE,-1.71,38.68,-2.5,38.5,
2026-10-01 20:13 UTC,2026,4,2026_04_IND_WAS,1.326,49.908,-3.5,47.5,WAS +3.5
2026-10-01 20:13 UTC,2026,4,2026_04_TEN_BAL,12.624,47.049,11.5,42.5,
2026-10-01 20:13 UTC,2026,4,2026_04_NE_BUF,5.185,47.798,7.0,48.5,
2026-10-01 20:13 UTC,2026,4,2026_04_NYJ_CHI,5.933,47.02,3.5,42.5,
2026-10-01 20:13 UTC,2026,4,2026_04_JAX_CIN,-1.967,50.015,2.5,51.5,JAX +2.5
2026-10-01 20:13 UTC,2026,4,2026_04_DAL_HOU,2.416,48.884,3.0,48.5,
2026-10-01 20:13 UTC,2026,4,2026_04_ARI_NYG,2.303,44.731,-2.5,44.5,NYG +2.5
2026-10-01 20:13 UTC,2026,4,2026_04_LA_PHI,-1.589,45.536,-3.5,43.5,
2026-10-01 20:13 UTC,2026,4,2026_04_GB_TB,-0.901,41.382,-3.5,38.5,
2026-10-01 20:13 UTC,2026,4,2026_04_MIA_MIN,10.94,43.058,10.5,38.5,
2026-10-01 20:13 UTC,2026,4,2026_04_KC_LV,-3.946,48.166,-4.5,47.5,
2026-10-01 20:13 UTC,2026,4,2026_04_LAC_SEA,6.771,41.726,7.0,42.5,
2026-10-01 20:13 UTC,2026,4,2026_04_DEN_SF,1.433,50.457,3.0,47.5,
2026-10-01 20:13 UTC,2026,4,2026_04_DET_CAR,-3.378,52.329,-3.5,51.5,
2026-10-01 20:13 UTC,2026,4,2026_04_ATL_NO,2.928,46.821,2.5,47.5,
2026-10-01 21:22 UTC,2026,4,2026_04_PIT_CLE,-1.689,38.403,-2.5,38.5,
2026-10-01 21:22 UTC,2026,4,2026_04_IND_WAS,1.313,49.908,-3.5,48.5,WAS +3.5
2026-10-01 21:22 UTC,2026,4,2026_04_TEN_BAL,12.616,47.049,11.5,42.5,
2026-10-01 21:22 UTC,2026,4,2026_04_NE_BUF,5.177,47.798,7.0,48.5,
2026-10-01 21:22 UTC,2026,4,2026_04_NYJ_CHI,5.938,47.02,3.5,43.5,
2026-10-01 21:22 UTC,2026,4,2026_04_JAX_CIN,-1.966,50.015,2.5,51.5,JAX +2.5
2026-10-01 21:22 UTC,2026,4,2026_04_DAL_HOU,2.671,48.884,3.0,48.5,
2026-10-01 21:22 UTC,2026,4,2026_04_ARI_NYG,2.302,44.731,-2.5,44.5,NYG +2.5
2026-10-01 21:22 UTC,2026,4,2026_04_LA_PHI,-1.582,45.536,-3.5,43.5,
2026-10-01 21:22 UTC,2026,4,2026_04_GB_TB,-0.892,41.382,-3.5,38.5,
2026-10-01 21:22 UTC,2026,4,2026_04_MIA_MIN,10.97,43.058,10.5,38.5,
2026-10-01 21:22 UTC,2026,4,2026_04_KC_LV,-3.962,48.166,-4.5,47.5,
2026-10-01 21:22 UTC,2026,4,2026_04_LAC_SEA,6.774,41.726,7.0,42.5,
2026-10-01 21:22 UTC,2026,4,2026_04_DEN_SF,1.419,50.457,3.0,47.5,
2026-10-01 21:22 UTC,2026,4,2026_04_DET_CAR,-3.416,52.329,-3.5,50.5,
2026-10-01 21:22 UTC,2026,4,2026_04_ATL_NO,2.94,46.821,2.5,47.5,
2026-10-01 22:27 UTC,2026,4,2026_04_PIT_CLE,-1.71,38.707,-2.5,38.5,
2026-10-01 22:27 UTC,2026,4,2026_04_IND_WAS,1.326,49.908,-3.5,48.5,WAS +3.5
2026-10-01 22:27 UTC,2026,4,2026_04_TEN_BAL,12.624,47.049,11.5,42.5,
2026-10-01 22:27 UTC,2026,4,2026_04_NE_BUF,5.185,47.798,7.0,48.5,
2026-10-01 22:27 UTC,2026,4,2026_04_NYJ_CHI,5.933,47.02,3.5,43.5,
2026-10-01 22:27 UTC,2026,4,2026_04_JAX_CIN,-1.967,50.015,2.5,51.5,JAX +2.5
2026-10-01 22:27 UTC,2026,4,2026_04_DAL_HOU,2.675,48.884,3.0,48.5,
2026-10-01 22:27 UTC,2026,4,2026_04_ARI_NYG,2.303,44.731,-2.5,44.5,NYG +2.5
2026-10-01 22:27 UTC,2026,4,2026_04_LA_PHI,-1.589,45.536,-3.5,43.5,
2026-10-01 22:27 UTC,2026,4,2026_04_GB_TB,-0.901,41.382,-3.5,38.5,
2026-10-01 22:27 UTC,2026,4,2026_04_MIA_MIN,10.94,43.058,10.5,38.5,
2026-10-01 22:27 UTC,2026,4,2026_04_KC_LV,-3.946,48.166,-4.5,47.5,
2026-10-01 22:27 UTC,2026,4,2026_04_LAC_SEA,6.771,41.726,7.0,42.5,
2026-10-01 22:27 UTC,2026,4,2026_04_DEN_SF,1.433,50.457,3.0,47.5,
2026-10-01 22:27 UTC,2026,4,2026_04_DET_CAR,-3.378,52.329,-3.5,50.5,
2026-10-01 22:27 UTC,2026,4,2026_04_ATL_NO,2.928,46.821,2.5,47.5,
2026-10-01 22:51 UTC,2026,4,2026_04_PIT_CLE,-1.665,38.458,-2.5,38.5,
2026-10-01 22:51 UTC,2026,4,2026_04_IND_WAS,1.326,49.908,-3.5,48.5,WAS +3.5
2026-10-01 22:51 UTC,2026,4,2026_04_TEN_BAL,12.624,47.049,11.5,42.5,
2026-10-01 22:51 UTC,2026,4,2026_04_NE_BUF,5.185,47.798,7.0,48.5,
2026-10-01 22:51 UTC,2026,4,2026_04_NYJ_CHI,5.933,47.02,3.5,43.5,
2026-10-01 22:51 UTC,2026,4,2026_04_JAX_CIN,-1.967,50.015,2.5,51.5,JAX +2.5
2026-10-01 22:51 UTC,2026,4,2026_04_DAL_HOU,2.675,48.884,3.0,48.5,
2026-10-01 22:51 UTC,2026,4,2026_04_ARI_NYG,2.303,44.731,-2.5,44.5,NYG +2.5
2026-10-01 22:51 UTC,2026,4,2026_04_LA_PHI,-1.589,45.536,-3.5,43.5,
2026-10-01 22:51 UTC,2026,4,2026_04_GB_TB,-0.901,41.382,-3.5,38.5,
2026-10-01 22:51 UTC,2026,4,2026_04_MIA_MIN,10.94,43.058,10.5,38.5,
2026-10-01 22:51 UTC,2026,4,2026_04_KC_LV,-3.946,48.166,-4.5,47.5,
2026-10-01 22:51 UTC,2026,4,2026_04_LAC_SEA,6.771,41.726,7.0,42.5,
2026-10-01 22:51 UTC,2026,4,2026_04_DEN_SF,1.433,50.457,3.0,47.5,
2026-10-01 22:51 UTC,2026,4,2026_04_DET_CAR,-3.378,52.329,-3.5,50.5,
2026-10-01 22:51 UTC,2026,4,2026_04_ATL_NO,2.928,46.821,2.5,47.5,
2026-10-01 23:22 UTC,2026,4,2026_04_PIT_CLE,-1.665,38.458,-2.5,38.5,
2026-10-01 23:22 UTC,2026,4,2026_04_IND_WAS,1.326,49.908,-3.5,48.5,WAS +3.5
2026-10-01 23:22 UTC,2026,4,2026_04_TEN_BAL,12.624,47.768,11.5,42.5,
2026-10-01 23:22 UTC,2026,4,2026_04_NE_BUF,5.185,48.518,7.0,48.5,
2026-10-01 23:22 UTC,2026,4,2026_04_NYJ_CHI,5.933,47.739,3.5,43.5,
2026-10-01 23:22 UTC,2026,4,2026_04_JAX_CIN,-1.967,50.734,2.5,51.5,JAX +2.5
2026-10-01 23:22 UTC,2026,4,2026_04_DAL_HOU,2.675,42.426,3.0,48.5,
2026-10-01 23:22 UTC,2026,4,2026_04_ARI_NYG,2.303,45.45,-2.5,44.5,NYG +2.5
2026-10-01 23:22 UTC,2026,4,2026_04_LA_PHI,-1.589,46.255,-3.5,42.5,
2026-10-01 23:22 UTC,2026,4,2026_04_GB_TB,-0.901,42.102,-3.5,38.5,
2026-10-01 23:22 UTC,2026,4,2026_04_MIA_MIN,10.94,43.058,10.5,38.5,
2026-10-01 23:22 UTC,2026,4,2026_04_KC_LV,-3.946,48.166,-4.5,47.5,
2026-10-01 23:22 UTC,2026,4,2026_04_LAC_SEA,6.771,41.726,7.0,42.5,
2026-10-01 23:22 UTC,2026,4,2026_04_DEN_SF,1.433,50.457,3.0,47.5,
2026-10-01 23:22 UTC,2026,4,2026_04_DET_CAR,-3.378,52.329,-3.5,50.5,
2026-10-01 23:22 UTC,2026,4,2026_04_ATL_NO,2.928,46.821,2.5,47.5,
2026-10-02 00:03 UTC,2026,4,2026_04_PIT_CLE,-1.665,38.348,-2.5,38.5,
2026-10-02 00:03 UTC,2026,4,2026_04_IND_WAS,1.257,50.654,-3.5,48.5,WAS +3.5
2026-10-02 00:03 UTC,2026,4,2026_04_TEN_BAL,12.558,48.266,11.5,42.5,
2026-10-02 00:03 UTC,2026,4,2026_04_NE_BUF,5.302,48.075,7.0,48.5,
2026-10-02 00:03 UTC,2026,4,2026_04_NYJ_CHI,5.933,47.573,3.5,43.5,
2026-10-02 00:03 UTC,2026,4,2026_04_JAX_CIN,-1.967,50.734,2.5,51.5,JAX +2.5
2026-10-02 00:03 UTC,2026,4,2026_04_DAL_HOU,2.601,42.841,3.0,48.5,
2026-10-02 00:03 UTC,2026,4,2026_04_ARI_NYG,2.276,44.565,-2.5,44.5,NYG +2.5
2026-10-02 00:03 UTC,2026,4,2026_04_LA_PHI,-1.589,45.868,-3.5,42.5,
2026-10-02 00:03 UTC,2026,4,2026_04_GB_TB,-0.901,42.046,-3.5,38.5,
2026-10-02 00:03 UTC,2026,4,2026_04_MIA_MIN,10.94,43.058,10.5,38.5,
2026-10-02 00:03 UTC,2026,4,2026_04_KC_LV,-3.946,48.166,-4.5,47.5,
2026-10-02 00:03 UTC,2026,4,2026_04_LAC_SEA,6.738,41.836,7.0,42.5,
2026-10-02 00:03 UTC,2026,4,2026_04_DEN_SF,1.433,50.263,3.0,47.5,
2026-10-02 00:03 UTC,2026,4,2026_04_DET_CAR,-3.378,52.302,-3.5,50.5,
2026-10-02 00:03 UTC,2026,4,2026_04_ATL_NO,2.928,46.821,2.5,47.5,
2026-10-02 00:47 UTC,2026,4,2026_04_PIT_CLE,-1.57,38.016,-2.5,38.5,
2026-10-02 00:47 UTC,2026,4,2026_04_IND_WAS,1.283,50.654,-3.5,48.5,WAS +3.5
2026-10-02 00:47 UTC,2026,4,2026_04_TEN_BAL,12.602,48.266,11.5,42.5,
2026-10-02 00:47 UTC,2026,4,2026_04_NE_BUF,5.269,48.075,7.0,48.5,
2026-10-02 00:47 UTC,2026,4,2026_04_NYJ_CHI,5.901,47.573,3.5,43.5,
2026-10-02 00:47 UTC,2026,4,2026_04_JAX_CIN,-1.929,50.734,2.5,51.5,JAX +2.5
2026-10-02 00:47 UTC,2026,4,2026_04_DAL_HOU,2.717,42.841,3.0,48.5,
2026-10-02 00:47 UTC,2026,4,2026_04_ARI_NYG,2.207,44.565,-2.5,44.5,NYG +2.5
2026-10-02 00:47 UTC,2026,4,2026_04_LA_PHI,-1.608,45.868,-3.5,42.5,
2026-10-02 00:47 UTC,2026,4,2026_04_GB_TB,-0.933,42.046,-3.5,38.5,
2026-10-02 00:47 UTC,2026,4,2026_04_MIA_MIN,10.882,43.058,10.5,38.5,
2026-10-02 00:47 UTC,2026,4,2026_04_KC_LV,-3.979,48.166,-4.5,47.5,
2026-10-02 00:47 UTC,2026,4,2026_04_LAC_SEA,6.687,41.836,7.0,42.5,
2026-10-02 00:47 UTC,2026,4,2026_04_DEN_SF,1.446,50.263,3.0,47.5,
2026-10-02 00:47 UTC,2026,4,2026_04_DET_CAR,-3.445,52.302,-3.5,50.5,
2026-10-02 00:47 UTC,2026,4,2026_04_ATL_NO,2.963,46.821,2.5,47.5,
2026-10-02 01:33 UTC,2026,4,2026_04_PIT_CLE,-1.57,38.016,-2.5,38.5,
2026-10-02 01:33 UTC,2026,4,2026_04_IND_WAS,1.283,50.654,-3.5,48.5,WAS +3.5
2026-10-02 01:33 UTC,2026,4,2026_04_TEN_BAL,12.602,48.266,11.5,42.5,
2026-10-02 01:33 UTC,2026,4,2026_04_NE_BUF,5.269,48.075,7.0,48.5,
2026-10-02 01:33 UTC,2026,4,2026_04_NYJ_CHI,5.901,47.573,3.5,43.5,
2026-10-02 01:33 UTC,2026,4,2026_04_JAX_CIN,-1.929,50.734,2.5,51.5,JAX +2.5
2026-10-02 01:33 UTC,2026,4,2026_04_DAL_HOU,2.717,42.841,3.0,48.5,
2026-10-02 01:33 UTC,2026,4,2026_04_ARI_NYG,2.207,44.565,-2.5,44.5,NYG +2.5
2026-10-02 01:33 UTC,2026,4,2026_04_LA_PHI,-1.608,45.868,-3.5,42.5,
2026-10-02 01:33 UTC,2026,4,2026_04_GB_TB,-0.933,42.046,-3.5,38.5,
2026-10-02 01:33 UTC,2026,4,2026_04_MIA_MIN,10.882,43.058,10.5,38.5,
2026-10-02 01:33 UTC,2026,4,2026_04_KC_LV,-3.979,48.166,-4.5,47.5,
2026-10-02 01:33 UTC,2026,4,2026_04_LAC_SEA,6.687,41.836,7.0,42.5,
2026-10-02 01:33 UTC,2026,4,2026_04_DEN_SF,1.446,50.263,3.0,47.5,
2026-10-02 01:33 UTC,2026,4,2026_04_DET_CAR,-3.445,52.302,-3.5,50.5,
2026-10-02 01:33 UTC,2026,4,2026_04_ATL_NO,2.963,46.821,2.5,47.5,
2026-10-02 02:06 UTC,2026,4,2026_04_PIT_CLE,-1.663,38.265,-2.5,38.5,
2026-10-02 02:06 UTC,2026,4,2026_04_IND_WAS,1.283,50.654,-3.5,48.5,WAS +3.5
2026-10-02 02:06 UTC,2026,4,2026_04_TEN_BAL,12.602,48.266,11.5,42.5,
2026-10-02 02:06 UTC,2026,4,2026_04_NE_BUF,5.269,48.075,7.0,48.5,
2026-10-02 02:06 UTC,2026,4,2026_04_NYJ_CHI,5.901,47.573,3.5,43.5,
2026-10-02 02:06 UTC,2026,4,2026_04_JAX_CIN,-1.929,50.734,2.5,51.5,JAX +2.5
2026-10-02 02:06 UTC,2026,4,2026_04_DAL_HOU,2.717,42.841,3.0,48.5,
2026-10-02 02:06 UTC,2026,4,2026_04_ARI_NYG,2.207,44.565,-2.5,44.5,NYG +2.5
2026-10-02 02:06 UTC,2026,4,2026_04_LA_PHI,-1.608,45.868,-3.5,42.5,
2026-10-02 02:06 UTC,2026,4,2026_04_GB_TB,-0.933,42.046,-3.5,38.5,
2026-10-02 02:06 UTC,2026,4,2026_04_MIA_MIN,10.882,43.058,10.5,38.5,
2026-10-02 02:06 UTC,2026,4,2026_04_KC_LV,-3.979,48.166,-4.5,47.5,
2026-10-02 02:06 UTC,2026,4,2026_04_LAC_SEA,6.687,41.836,7.0,42.5,
2026-10-02 02:06 UTC,2026,4,2026_04_DEN_SF,1.446,50.263,3.0,47.5,
2026-10-02 02:06 UTC,2026,4,2026_04_DET_CAR,-3.445,52.302,-3.5,50.5,
2026-10-02 02:06 UTC,2026,4,2026_04_ATL_NO,2.963,46.821,2.5,47.5,
2026-10-02 05:35 UTC,2026,4,2026_04_PIT_CLE,-1.665,38.265,-2.5,38.5,
2026-10-02 05:35 UTC,2026,4,2026_04_IND_WAS,1.257,50.71,-3.5,48.5,WAS +3.5
2026-10-02 05:35 UTC,2026,4,2026_04_TEN_BAL,12.558,43.936,11.5,42.5,
2026-10-02 05:35 UTC,2026,4,2026_04_NE_BUF,5.381,47.549,7.0,48.5,
2026-10-02 05:35 UTC,2026,4,2026_04_NYJ_CHI,5.933,47.601,3.5,43.5,
2026-10-02 05:35 UTC,2026,4,2026_04_JAX_CIN,-1.967,50.817,2.5,51.5,JAX +2.5
2026-10-02 05:35 UTC,2026,4,2026_04_DAL_HOU,2.402,46.397,3.0,48.5,
2026-10-02 05:35 UTC,2026,4,2026_04_ARI_NYG,2.276,40.373,-2.5,44.5,NYG +2.5
2026-10-02 05:35 UTC,2026,4,2026_04_LA_PHI,-1.589,41.593,-3.5,42.5,
2026-10-02 05:35 UTC,2026,4,2026_04_GB_TB,-0.901,41.936,-3.5,38.5,
2026-10-02 05:35 UTC,2026,4,2026_04_MIA_MIN,10.94,43.058,10.5,38.5,
2026-10-02 05:35 UTC,2026,4,2026_04_KC_LV,-3.946,48.166,-4.5,47.5,
2026-10-02 05:35 UTC,2026,4,2026_04_LAC_SEA,6.738,42.749,7.0,42.5,
2026-10-02 05:35 UTC,2026,4,2026_04_DEN_SF,1.433,51.093,3.0,47.5,
2026-10-02 05:35 UTC,2026,4,2026_04_DET_CAR,-3.378,52.551,-3.5,50.5,
2026-10-02 05:35 UTC,2026,4,2026_04_ATL_NO,2.928,46.821,2.5,47.5,
2026-10-02 06:23 UTC,2026,4,2026_04_PIT_CLE,-1.497,38.265,-2.5,38.5,
2026-10-02 06:23 UTC,2026,4,2026_04_IND_WAS,1.326,50.073,-3.5,48.5,WAS +3.5
2026-10-02 06:23 UTC,2026,4,2026_04_TEN_BAL,12.558,43.687,11.5,42.5,
2026-10-02 06:23 UTC,2026,4,2026_04_NE_BUF,5.356,47.052,7.0,48.5,
2026-10-02 06:23 UTC,2026,4,2026_04_NYJ_CHI,5.972,47.131,3.5,43.5,
2026-10-02 06:23 UTC,2026,4,2026_04_JAX_CIN,-1.967,50.789,2.5,51.5,JAX +2.5
2026-10-02 06:23 UTC,2026,4,2026_04_DAL_HOU,2.402,46.48,3.0,48.5,
2026-10-02 06:23 UTC,2026,4,2026_04_ARI_NYG,2.276,40.18,-2.5,44.5,NYG +2.5
2026-10-02 06:23 UTC,2026,4,2026_04_LA_PHI,-1.589,41.953,-3.5,42.5,
2026-10-02 06:23 UTC,2026,4,2026_04_GB_TB,-0.901,41.936,-3.5,38.5,
2026-10-02 06:23 UTC,2026,4,2026_04_MIA_MIN,10.94,43.058,10.5,38.5,
2026-10-02 06:23 UTC,2026,4,2026_04_KC_LV,-3.946,48.166,-4.5,47.5,
2026-10-02 06:23 UTC,2026,4,2026_04_LAC_SEA,6.738,42.777,7.0,42.5,
2026-10-02 06:23 UTC,2026,4,2026_04_DEN_SF,1.428,51.37,3.0,47.5,
2026-10-02 06:23 UTC,2026,4,2026_04_DET_CAR,-3.378,52.523,-3.5,50.5,
2026-10-02 06:23 UTC,2026,4,2026_04_ATL_NO,2.928,46.821,2.5,47.5,
2026-10-02 11:57 UTC,2026,4,2026_04_PIT_CLE,-1.497,38.812,-2.5,38.5,
2026-10-02 11:57 UTC,2026,4,2026_04_IND_WAS,1.458,49.603,-4.0,48.5,WAS +4
2026-10-02 11:57 UTC,2026,4,2026_04_TEN_BAL,12.624,43.521,11.5,42.5,
2026-10-02 11:57 UTC,2026,4,2026_04_NE_BUF,5.356,46.83,7.0,49.0,
2026-10-02 11:57 UTC,2026,4,2026_04_NYJ_CHI,5.972,47.269,3.5,43.0,
2026-10-02 11:57 UTC,2026,4,2026_04_JAX_CIN,-1.967,50.789,2.5,51.5,JAX +3
2026-10-02 11:57 UTC,2026,4,2026_04_DAL_HOU,2.661,46.535,3.0,48.0,
2026-10-02 11:57 UTC,2026,4,2026_04_ARI_NYG,2.276,41.607,-2.5,44.0,NYG +2.5
2026-10-02 11:57 UTC,2026,4,2026_04_LA_PHI,-1.589,41.842,-3.5,43.0,
2026-10-02 11:57 UTC,2026,4,2026_04_GB_TB,-0.901,41.88,-3.5,38.5,
2026-10-02 11:57 UTC,2026,4,2026_04_MIA_MIN,10.94,43.058,10.5,39.0,
2026-10-02 11:57 UTC,2026,4,2026_04_KC_LV,-3.946,48.166,-4.5,47.5,
2026-10-02 11:57 UTC,2026,4,2026_04_LAC_SEA,6.738,42.777,7.0,42.5,
2026-10-02 11:57 UTC,2026,4,2026_04_DEN_SF,1.433,51.01,2.5,48.0,
2026-10-02 11:57 UTC,2026,4,2026_04_DET_CAR,-3.378,49.078,-3.5,51.0,
2026-10-02 11:57 UTC,2026,4,2026_04_ATL_NO,2.928,46.821,2.5,48.0,
2026-10-02 14:36 UTC,2026,4,2026_04_PIT_CLE,-1.497,38.812,-2.5,38.5,
2026-10-02 14:36 UTC,2026,4,2026_04_IND_WAS,0.634,49.334,-3.5,48.5,WAS +3.5
2026-10-02 14:36 UTC,2026,4,2026_04_TEN_BAL,12.624,43.521,11.5,42.5,
2026-10-02 14:36 UTC,2026,4,2026_04_NE_BUF,5.356,46.83,7.0,48.5,
2026-10-02 14:36 UTC,2026,4,2026_04_NYJ_CHI,5.972,47.269,3.5,42.5,
2026-10-02 14:36 UTC,2026,4,2026_04_JAX_CIN,-1.967,50.789,2.5,51.5,JAX +2.5
2026-10-02 14:36 UTC,2026,4,2026_04_DAL_HOU,2.661,46.535,3.0,48.5,
2026-10-02 14:36 UTC,2026,4,2026_04_ARI_NYG,2.276,41.607,-2.5,44.5,NYG +2.5
2026-10-02 14:36 UTC,2026,4,2026_04_LA_PHI,-1.589,41.842,-3.5,42.5,
2026-10-02 14:36 UTC,2026,4,2026_04_GB_TB,-0.901,41.88,-3.5,38.5,
2026-10-02 14:36 UTC,2026,4,2026_04_MIA_MIN,10.94,43.058,10.5,38.5,
2026-10-02 14:36 UTC,2026,4,2026_04_KC_LV,-3.946,48.166,-4.5,47.5,
2026-10-02 14:36 UTC,2026,4,2026_04_LAC_SEA,6.738,42.777,7.0,42.5,
2026-10-02 14:36 UTC,2026,4,2026_04_DEN_SF,1.433,51.01,3.0,47.5,
2026-10-02 14:36 UTC,2026,4,2026_04_DET_CAR,-3.378,49.078,-3.5,50.5,
2026-10-02 14:36 UTC,2026,4,2026_04_ATL_NO,2.318,46.821,2.5,47.5,
2026-10-02 15:08 UTC,2026,4,2026_04_PIT_CLE,-1.522,38.812,-2.5,38.5,
2026-10-02 15:08 UTC,2026,4,2026_04_IND_WAS,-0.185,47.833,-3.5,48.5,
2026-10-02 15:08 UTC,2026,4,2026_04_TEN_BAL,12.616,43.521,11.5,42.5,
2026-10-02 15:08 UTC,2026,4,2026_04_NE_BUF,5.337,46.83,7.0,48.5,
2026-10-02 15:08 UTC,2026,4,2026_04_NYJ_CHI,5.977,47.269,3.5,42.5,
2026-10-02 15:08 UTC,2026,4,2026_04_JAX_CIN,-1.966,50.789,2.5,51.5,JAX +2.5
2026-10-02 15:08 UTC,2026,4,2026_04_DAL_HOU,2.657,46.535,3.0,48.5,
2026-10-02 15:08 UTC,2026,4,2026_04_ARI_NYG,2.287,41.607,-2.5,44.5,NYG +2.5
2026-10-02 15:08 UTC,2026,4,2026_04_LA_PHI,-1.582,41.842,-3.5,42.5,
2026-10-02 15:08 UTC,2026,4,2026_04_GB_TB,-0.892,41.88,-3.5,38.5,
2026-10-02 15:08 UTC,2026,4,2026_04_MIA_MIN,11.007,43.058,10.5,38.5,
2026-10-02 15:08 UTC,2026,4,2026_04_KC_LV,-3.962,48.166,-4.5,47.5,
2026-10-02 15:08 UTC,2026,4,2026_04_LAC_SEA,6.74,42.777,7.0,42.5,
2026-10-02 15:08 UTC,2026,4,2026_04_DEN_SF,1.419,51.01,3.0,47.5,
2026-10-02 15:08 UTC,2026,4,2026_04_DET_CAR,-3.416,49.078,-3.5,50.5,
2026-10-02 15:08 UTC,2026,4,2026_04_ATL_NO,2.338,46.821,2.5,47.5,
2026-10-02 15:39 UTC,2026,4,2026_04_PIT_CLE,-1.544,38.87,-2.5,38.5,
2026-10-02 15:39 UTC,2026,4,2026_04_IND_WAS,-0.064,48.48,-3.5,48.5,
2026-10-02 15:39 UTC,2026,4,2026_04_TEN_BAL,12.653,43.602,11.5,42.5,
2026-10-02 15:39 UTC,2026,4,2026_04_NE_BUF,5.413,46.417,7.0,48.5,
2026-10-02 15:39 UTC,2026,4,2026_04_NYJ_CHI,5.873,47.196,3.5,42.5,
2026-10-02 15:39 UTC,2026,4,2026_04_JAX_CIN,-1.961,50.885,2.5,51.5,JAX +2.5
2026-10-02 15:39 UTC,2026,4,2026_04_DAL_HOU,2.817,46.607,3.0,48.5,
2026-10-02 15:39 UTC,2026,4,2026_04_ARI_NYG,2.384,44.223,-2.5,44.5,NYG +2.5
2026-10-02 15:39 UTC,2026,4,2026_04_LA_PHI,-1.563,41.827,-3.5,42.5,
2026-10-02 15:39 UTC,2026,4,2026_04_GB_TB,-0.949,41.577,-3.5,38.5,
2026-10-02 15:39 UTC,2026,4,2026_04_MIA_MIN,10.964,43.154,10.5,38.5,
2026-10-02 15:39 UTC,2026,4,2026_04_KC_LV,-3.856,48.237,-4.5,47.5,
2026-10-02 15:39 UTC,2026,4,2026_04_LAC_SEA,6.65,42.75,7.0,42.5,
2026-10-02 15:39 UTC,2026,4,2026_04_DEN_SF,1.431,51.035,3.0,47.5,
2026-10-02 15:39 UTC,2026,4,2026_04_DET_CAR,-3.563,49.409,-3.5,50.5,
2026-10-02 15:39 UTC,2026,4,2026_04_ATL_NO,2.414,46.873,2.5,47.5,
2026-10-02 16:24 UTC,2026,4,2026_04_PIT_CLE,-1.544,39.029,-2.5,38.5,
2026-10-02 16:24 UTC,2026,4,2026_04_IND_WAS,0.737,49.723,-3.5,48.5,WAS +3.5
2026-10-02 16:24 UTC,2026,4,2026_04_TEN_BAL,12.653,43.522,11.5,42.5,
2026-10-02 16:24 UTC,2026,4,2026_04_NE_BUF,5.413,46.387,7.0,48.5,
2026-10-02 16:24 UTC,2026,4,2026_04_NYJ_CHI,5.873,47.175,3.5,43.5,
2026-10-02 16:24 UTC,2026,4,2026_04_JAX_CIN,-1.961,50.86,2.5,51.5,JAX +2.5
2026-10-02 16:24 UTC,2026,4,2026_04_DAL_HOU,2.787,47.287,3.0,48.5,
2026-10-02 16:24 UTC,2026,4,2026_04_ARI_NYG,2.384,38.053,-2.5,44.5,NYG +2.5
2026-10-02 16:24 UTC,2026,4,2026_04_LA_PHI,-1.563,41.718,-3.5,42.5,
2026-10-02 16:24 UTC,2026,4,2026_04_GB_TB,-0.949,41.534,-3.5,38.5,
2026-10-02 16:24 UTC,2026,4,2026_04_MIA_MIN,10.964,43.238,10.5,38.5,
2026-10-02 16:24 UTC,2026,4,2026_04_KC_LV,-3.856,48.407,-4.5,47.5,
2026-10-02 16:24 UTC,2026,4,2026_04_LAC_SEA,6.65,42.759,7.0,42.5,
2026-10-02 16:24 UTC,2026,4,2026_04_DEN_SF,1.431,51.062,3.0,47.5,
2026-10-02 16:24 UTC,2026,4,2026_04_DET_CAR,-3.563,49.309,-3.5,50.5,
2026-10-02 16:24 UTC,2026,4,2026_04_ATL_NO,2.414,46.998,2.5,47.5,
2026-10-02 16:50 UTC,2026,4,2026_04_PIT_CLE,-1.544,39.029,-2.5,38.5,
2026-10-02 16:50 UTC,2026,4,2026_04_IND_WAS,0.737,49.723,-3.5,48.5,WAS +3.5
2026-10-02 16:50 UTC,2026,4,2026_04_TEN_BAL,12.653,43.522,11.5,42.5,
2026-10-02 16:50 UTC,2026,4,2026_04_NE_BUF,5.413,46.387,7.0,48.5,
2026-10-02 16:50 UTC,2026,4,2026_04_NYJ_CHI,5.873,47.175,3.5,43.5,
2026-10-02 16:50 UTC,2026,4,2026_04_JAX_CIN,-1.961,50.86,2.5,51.5,JAX +2.5
2026-10-02 16:50 UTC,2026,4,2026_04_DAL_HOU,2.787,47.287,3.0,48.5,
2026-10-02 16:50 UTC,2026,4,2026_04_ARI_NYG,2.384,38.053,-2.5,44.5,NYG +2.5
2026-10-02 16:50 UTC,2026,4,2026_04_LA_PHI,-1.563,41.718,-3.5,42.5,
2026-10-02 16:50 UTC,2026,4,2026_04_GB_TB,-0.97,41.534,-3.5,38.5,
2026-10-02 16:50 UTC,2026,4,2026_04_MIA_MIN,10.964,43.238,10.5,38.5,
2026-10-02 16:50 UTC,2026,4,2026_04_KC_LV,-3.856,48.407,-4.5,47.5,
2026-10-02 16:50 UTC,2026,4,2026_04_LAC_SEA,6.65,42.759,7.0,42.5,
2026-10-02 16:50 UTC,2026,4,2026_04_DEN_SF,1.431,51.062,3.0,47.5,
2026-10-02 16:50 UTC,2026,4,2026_04_DET_CAR,-3.563,49.309,-3.5,50.5,
2026-10-02 16:50 UTC,2026,4,2026_04_ATL_NO,2.414,46.998,2.5,47.5,
